STR_NBR,ITM_ID,SNAP_DT,OH_QTY,ON_ORD_QTY
01042,000000093321,20260701,41.003,36
01042,000000093321,20260702,38.138,0
01042,000000093321,20260703,33.648,0
01042,000000093321,20260704,30.152,0
01042,000000093321,20260705,22.893,0
01042,000000093321,20260706,18.392,0
01042,000000093321,20260707,13.771,0
01042,000000093321,20260708,6.025,0
01042,000000093321,20260709,10.066,12
01042,000000093321,20260710,8.894,0
01042,000000093321,20260711,6.111,0
01042,000000093321,20260712,4.704,36
01042,000000093321,20260713,26.382,24
01042,000000093321,20260714,24.969,0
01042,000000093321,20260715,22.441,0
01042,000000093321,20260716,17.572,0
01042,000000093321,20260717,14.994,0
01042,000000093321,20260718,11.048,0
01042,000000093321,20260719,9.582,0
01042,000000093321,20260720,6.450,0
01042,000000093321,20260721,0.358,36
01042,000000093321,20260722,9.833,12
01042,000000093321,20260723,4.597,24
01042,000000093321,20260724,8.354,12
01042,000000093321,20260725,3.607,36
01042,000000093321,20260726,0.000,24
01042,000000093321,20260727,22.777,24
01042,000000093321,20260728,15.730,0
01042,000000093321,20260729,8.584,0
01042,000000093321,20260730,2.424,36
01042,000000093321,20260731,33.939,36
01042,000000093322,20260701,6.282,0
01042,000000093322,20260702,0.000,12
01042,000000093322,20260703,0.000,12
01042,000000093322,20260704,0.000,24
01042,000000093322,20260705,8.118,12
01042,000000093322,20260706,7.341,0
01042,000000093322,20260707,3.914,12
01042,000000093322,20260708,22.962,24
01042,000000093322,20260709,17.007,0
01042,000000093322,20260710,10.019,0
01042,000000093322,20260711,38.499,36
01042,000000093322,20260712,36.099,0
01042,000000093322,20260713,29.549,0
01042,000000093322,20260714,26.050,0
01042,000000093322,20260715,18.446,0
01042,000000093322,20260716,16.429,0
01042,000000093322,20260717,8.110,0
01042,000000093322,20260718,5.848,36
01042,000000093322,20260719,25.233,24
01042,000000093322,20260720,17.092,0
01042,000000093322,20260721,10.748,0
01042,000000093322,20260722,6.733,0
01042,000000093322,20260723,38.461,36
01042,000000093322,20260724,31.778,0
01042,000000093322,20260725,23.898,0
01042,000000093322,20260726,18.644,0
01042,000000093322,20260727,13.677,0
01042,000000093322,20260728,10.490,0
01042,000000093322,20260729,6.362,0
01042,000000093322,20260730,4.820,12
01042,000000093322,20260731,3.741,24
01042,000000093325,20260701,36.457,36
01042,000000093325,20260702,35.659,0
01042,000000093325,20260703,33.842,0
01042,000000093325,20260704,33.074,0
01042,000000093325,20260705,30.772,0
01042,000000093325,20260706,27.791,0
01042,000000093325,20260707,24.936,0
01042,000000093325,20260708,17.441,0
01042,000000093325,20260709,13.106,0
01042,000000093325,20260710,12.220,0
01042,000000093325,20260711,40.306,36
01042,000000093325,20260712,34.165,0
01042,000000093325,20260713,32.792,0
01042,000000093325,20260714,30.068,0
01042,000000093325,20260715,22.197,0
01042,000000093325,20260716,-3.000,0
01042,000000093325,20260717,14.571,0
01042,000000093325,20260718,7.084,0
01042,000000093325,20260719,4.882,12
01042,000000093325,20260720,27.131,24
01042,000000093325,20260721,24.124,0
01042,000000093325,20260722,17.412,0
01042,000000093325,20260723,16.450,0
01042,000000093325,20260724,15.179,0
01042,000000093325,20260725,11.950,0
01042,000000093325,20260726,3.863,24
01042,000000093325,20260727,22.178,24
01042,000000093325,20260728,15.679,0
01042,000000093325,20260729,9.378,0
01042,000000093325,20260730,13.792,12
01042,000000093325,20260731,11.565,0
01042,000000093401,20260701,6.479,0
01042,000000093401,20260702,15.282,12
01042,000000093401,20260703,10.360,0
01042,000000093401,20260704,8.325,0
01042,000000093401,20260705,5.344,24
01042,000000093401,20260706,22.511,24
01042,000000093401,20260707,19.237,0
01042,000000093401,20260708,13.523,0
01042,000000093401,20260709,11.442,0
01042,000000093401,20260710,5.146,24
01042,000000093401,20260711,39.688,36
01042,000000093401,20260712,36.934,0
01042,000000093401,20260713,33.204,0
01042,000000093401,20260714,29.333,0
01042,000000093401,20260715,27.652,0
01042,000000093401,20260716,25.657,0
01042,000000093401,20260717,24.439,0
01042,000000093401,20260718,16.213,0
01042,000000093401,20260719,11.426,0
01042,000000093401,20260720,4.807,36
01042,000000093401,20260721,15.630,12
01042,000000093401,20260722,12.898,0
01042,000000093401,20260723,16.932,12
01042,000000093401,20260724,14.401,0
01042,000000093401,20260725,11.305,0
01042,000000093401,20260726,9.089,0
01042,000000093401,20260727,0.844,12
01042,000000093401,20260728,0.000,24
01042,000000093401,20260729,18.440,24
01042,000000093401,20260730,12.921,0
01042,000000093401,20260731,11.194,0
01042,000000093402,20260701,24.865,0
01042,000000093402,20260702,19.871,0
01042,000000093402,20260703,13.307,0
01042,000000093402,20260704,8.673,0
01042,000000093402,20260705,6.021,0
01042,000000093402,20260706,2.738,36
01042,000000093402,20260707,1.873,36
01042,000000093402,20260708,18.741,24
01042,000000093402,20260709,11.678,0
01042,000000093402,20260710,4.112,24
01042,000000093402,20260711,10.486,12
01042,000000093402,20260712,6.620,0
01042,000000093402,20260713,24.723,24
01042,000000093402,20260714,23.116,0
01042,000000093402,20260715,21.031,0
01042,000000093402,20260716,15.504,0
01042,000000093402,20260717,13.660,0
01042,000000093402,20260718,6.848,0
01042,000000093402,20260719,5.321,24
01042,000000093402,20260720,4.056,12
01042,000000093402,20260721,10.546,12
01042,000000093402,20260722,8.293,0
01042,000000093402,20260723,3.051,36
01042,000000093402,20260724,11.814,12
01042,000000093402,20260725,7.027,0
01042,000000093402,20260726,6.172,0
01042,000000093402,20260727,0.000,12
01042,000000093402,20260728,29.871,36
01042,000000093402,20260729,25.114,0
01042,000000093402,20260730,22.760,0
01042,000000093402,20260731,19.555,0
01042,000000093410,20260701,38.512,36
01042,000000093410,20260702,34.993,0
01042,000000093410,20260703,29.136,0
01042,000000093410,20260704,21.736,0
01042,000000093410,20260705,13.630,0
01042,000000093410,20260706,9.476,0
01042,000000093410,20260707,5.708,36
01042,000000093410,20260708,1.338,12
01042,000000093410,20260709,0.000,24
01042,000000093410,20260710,18.594,24
01042,000000093410,20260711,13.823,0
01042,000000093410,20260712,12.357,0
01042,000000093410,20260713,10.045,0
01042,000000093410,20260714,8.247,0
01042,000000093410,20260715,6.515,0
01042,000000093410,20260716,5.444,12
01042,000000093410,20260717,38.220,36
01042,000000093410,20260718,32.451,0
01042,000000093410,20260719,27.246,0
01042,000000093410,20260720,26.336,0
01042,000000093410,20260721,24.761,0
01042,000000093410,20260722,22.855,0
01042,000000093410,20260723,14.982,0
01042,000000093410,20260724,14.009,0
01042,000000093410,20260725,10.200,0
01042,000000093410,20260726,8.324,0
01042,000000093410,20260727,40.854,36
01042,000000093410,20260728,34.022,0
01042,000000093410,20260729,30.950,0
01042,000000093410,20260730,29.204,0
01042,000000093410,20260731,23.594,0
01042,000000093501,20260701,15,0
01042,000000093501,20260702,9,0
01042,000000093501,20260703,37,36
01042,000000093501,20260704,33,0
01042,000000093501,20260705,26,0
01042,000000093501,20260706,22,0
01042,000000093501,20260707,17,0
01042,000000093501,20260708,12,0
01042,000000093501,20260709,11,0
01042,000000093501,20260710,6,0
01042,000000093501,20260711,5,24
01042,000000093501,20260712,1,36
01042,000000093501,20260713,0,36
01042,000000093501,20260714,0,36
01042,000000093501,20260715,7,12
01042,000000093501,20260716,12,12
01042,000000093501,20260717,11,0
01042,000000093501,20260718,6,0
01042,000000093501,20260719,3,36
01042,000000093501,20260720,25,24
01042,000000093501,20260721,18,0
01042,000000093501,20260722,17,0
01042,000000093501,20260723,10,0
01042,000000093501,20260724,28,24
01042,000000093501,20260725,22,0
01042,000000093501,20260726,17,0
01042,000000093501,20260727,9,0
01042,000000093501,20260728,2,24
01042,000000093501,20260729,0,24
01042,000000093501,20260730,5,12
01042,000000093501,20260731,0,24
01042,000000093502,20260701,27,24
01042,000000093502,20260702,25,0
01042,000000093502,20260703,24,0
01042,000000093502,20260704,21,0
01042,000000093502,20260705,16,0
01042,000000093502,20260706,12,0
01042,000000093502,20260707,8,0
01042,000000093502,20260708,1,12
01042,000000093502,20260709,36,36
01042,000000093502,20260710,30,0
01042,000000093502,20260711,29,0
01042,000000093502,20260712,27,0
01042,000000093502,20260713,25,0
01042,000000093502,20260714,21,0
01042,000000093502,20260715,20,0
01042,000000093502,20260716,16,0
01042,000000093502,20260717,16,0
01042,000000093502,20260718,11,0
01042,000000093502,20260719,4,36
01042,000000093502,20260720,13,12
01042,000000093502,20260721,6,0
01042,000000093502,20260722,0,36
01042,000000093502,20260723,0,24
01042,000000093502,20260724,22,24
01042,000000093502,20260725,15,0
01042,000000093502,20260726,12,0
01042,000000093502,20260727,8,0
01042,000000093502,20260728,1,24
01042,000000093502,20260729,10,12
01042,000000093502,20260730,6,0
01042,000000093502,20260731,12,12
01042,000000093503,20260701,22,0
01042,000000093503,20260702,17,0
01042,000000093503,20260703,12,0
01042,000000093503,20260704,7,0
01042,000000093503,20260705,26,24
01042,000000093503,20260706,18,0
01042,000000093503,20260707,12,0
01042,000000093503,20260708,6,0
01042,000000093503,20260709,0,36
01042,000000093503,20260710,0,36
01042,000000093503,20260711,0,36
01042,000000093503,20260712,21,24
01042,000000093503,20260713,20,0
01042,000000093503,20260714,12,0
01042,000000093503,20260715,8,0
01042,000000093503,20260716,5,24
01042,000000093503,20260717,4,12
01042,000000093503,20260718,0,24
01042,000000093503,20260719,6,12
01042,000000093503,20260720,36,36
01042,000000093503,20260721,34,0
01042,000000093503,20260722,26,0
01042,000000093503,20260723,22,0
01042,000000093503,20260724,21,0
01042,000000093503,20260725,17,0
01042,000000093503,20260726,10,0
01042,000000093503,20260727,28,24
01042,000000093503,20260728,26,0
01042,000000093503,20260729,23,0
01042,000000093503,20260730,21,0
01042,000000093503,20260731,13,0
01042,000000094101,20260701,15,0
01042,000000094101,20260702,10,0
01042,000000094101,20260703,2,24
01042,000000094101,20260704,0,24
01042,000000094101,20260705,0,24
01042,000000094101,20260706,0,36
01042,000000094101,20260707,30,36
01042,000000094101,20260708,24,0
01042,000000094101,20260709,23,0
01042,000000094101,20260710,20,0
01042,000000094101,20260711,17,0
01042,000000094101,20260712,10,0
01042,000000094101,20260713,9,0
01042,000000094101,20260714,1,36
01042,000000094101,20260715,12,12
01042,000000094101,20260716,7,0
01042,000000094101,20260717,35,36
01042,000000094101,20260718,34,0
01042,000000094101,20260719,28,0
01042,000000094101,20260720,26,0
01042,000000094101,20260721,22,0
01042,000000094101,20260722,16,0
01042,000000094101,20260723,13,0
01042,000000094101,20260724,6,0
01042,000000094101,20260725,38,36
01042,000000094101,20260726,32,0
01042,000000094101,20260727,23,0
01042,000000094101,20260728,17,0
01042,000000094101,20260729,14,0
01042,000000094101,20260730,8,0
01042,000000094101,20260731,24,24
01042,000000094102,20260701,6,0
01042,000000094102,20260702,0,36
01042,000000094102,20260703,31,36
01042,000000094102,20260704,23,0
01042,000000094102,20260705,16,0
01042,000000094102,20260706,9,0
01042,000000094102,20260707,15,12
01042,000000094102,20260708,8,0
01042,000000094102,20260709,14,12
01042,000000094102,20260710,7,0
01042,000000094102,20260711,2,12
01042,000000094102,20260712,0,36
01042,000000094102,20260713,19,24
01042,000000094102,20260714,17,0
01042,000000094102,20260715,-3,0
01042,000000094102,20260716,13,0
01042,000000094102,20260717,9,0
01042,000000094102,20260718,7,0
01042,000000094102,20260719,3,36
01042,000000094102,20260720,19,24
01042,000000094102,20260721,12,0
01042,000000094102,20260722,11,0
01042,000000094102,20260723,8,0
01042,000000094102,20260724,24,24
01042,000000094102,20260725,16,0
01042,000000094102,20260726,11,0
01042,000000094102,20260727,16,12
01042,000000094102,20260728,14,0
01042,000000094102,20260729,9,0
01042,000000094102,20260730,6,0
01042,000000094102,20260731,4,36
01042,000000094103,20260701,11,0
01042,000000094103,20260702,7,0
01042,000000094103,20260703,1,24
01042,000000094103,20260704,0,24
01042,000000094103,20260705,22,24
01042,000000094103,20260706,20,0
01042,000000094103,20260707,15,0
01042,000000094103,20260708,13,0
01042,000000094103,20260709,10,0
01042,000000094103,20260710,9,0
01042,000000094103,20260711,5,12
01042,000000094103,20260712,2,12
01042,000000094103,20260713,0,24
01042,000000094103,20260714,0,24
01042,000000094103,20260715,34,36
01042,000000094103,20260716,33,0
01042,000000094103,20260717,32,0
01042,000000094103,20260718,30,0
01042,000000094103,20260719,21,0
01042,000000094103,20260720,18,0
01042,000000094103,20260721,17,0
01042,000000094103,20260722,12,0
01042,000000094103,20260723,10,0
01042,000000094103,20260724,7,0
01042,000000094103,20260725,12,12
01042,000000094103,20260726,6,24
01042,000000094103,20260727,23,24
01042,000000094103,20260728,15,0
01042,000000094103,20260729,11,0
01042,000000094103,20260730,7,0
01042,000000094103,20260731,25,24
01042,000000094201,20260701,8.574,0
01042,000000094201,20260702,6.198,0
01042,000000094201,20260703,9.990,12
01042,000000094201,20260704,3.383,36
01042,000000094201,20260705,9.760,12
01042,000000094201,20260706,25.641,24
01042,000000094201,20260707,19.892,0
01042,000000094201,20260708,11.852,0
01042,000000094201,20260709,10.341,0
01042,000000094201,20260710,29.769,24
01042,000000094201,20260711,22.902,0
01042,000000094201,20260712,18.465,0
01042,000000094201,20260713,14.610,0
01042,000000094201,20260714,6.749,0
01042,000000094201,20260715,25.414,24
01042,000000094201,20260716,18.399,0
01042,000000094201,20260717,10.135,0
01042,000000094201,20260718,41.198,36
01042,000000094201,20260719,32.826,0
01042,000000094201,20260720,27.077,0
01042,000000094201,20260721,23.311,0
01042,000000094201,20260722,22.581,0
01042,000000094201,20260723,18.954,0
01042,000000094201,20260724,15.355,0
01042,000000094201,20260725,14.323,0
01042,000000094201,20260726,10.483,0
01042,000000094201,20260727,3.751,12
01042,000000094201,20260728,7.602,12
01042,000000094201,20260729,6.694,0
01042,000000094201,20260730,4.921,24
01042,000000094201,20260731,9.387,12
01042,000000094202,20260701,10.457,0
01042,000000094202,20260702,39.955,36
01042,000000094202,20260703,36.894,0
01042,000000094202,20260704,29.568,0
01042,000000094202,20260705,24.684,0
01042,000000094202,20260706,19.858,0
01042,000000094202,20260707,15.403,0
01042,000000094202,20260708,10.834,0
01042,000000094202,20260709,27.848,24
01042,000000094202,20260710,22.264,0
01042,000000094202,20260711,19.180,0
01042,000000094202,20260712,16.301,0
01042,000000094202,20260713,11.971,0
01042,000000094202,20260714,6.693,0
01042,000000094202,20260715,11.099,12
01042,000000094202,20260716,10.375,0
01042,000000094202,20260717,29.472,24
01042,000000094202,20260718,21.760,0
01042,000000094202,20260719,18.192,0
01042,000000094202,20260720,10.642,0
01042,000000094202,20260721,41.682,36
01042,000000094202,20260722,37.802,0
01042,000000094202,20260723,34.698,0
01042,000000094202,20260724,30.244,0
01042,000000094202,20260725,27.696,0
01042,000000094202,20260726,20.426,0
01042,000000094202,20260727,14.975,0
01042,000000094202,20260728,11.212,0
01042,000000094202,20260729,6.702,0
01042,000000094202,20260730,17.449,12
01042,000000094202,20260731,16.133,0
01042,000000094203,20260701,0.000,24
01042,000000094203,20260702,0.000,36
01042,000000094203,20260703,19.525,24
01042,000000094203,20260704,18.106,0
01042,000000094203,20260705,14.383,0
01042,000000094203,20260706,11.341,0
01042,000000094203,20260707,40.580,36
01042,000000094203,20260708,32.633,0
01042,000000094203,20260709,24.551,0
01042,000000094203,20260710,20.057,0
01042,000000094203,20260711,15.682,0
01042,000000094203,20260712,14.542,0
01042,000000094203,20260713,8.281,0
01042,000000094203,20260714,5.121,36
01042,000000094203,20260715,0.000,24
01042,000000094203,20260716,30.476,36
01042,000000094203,20260717,29.429,0
01042,000000094203,20260718,27.200,0
01042,000000094203,20260719,22.937,0
01042,000000094203,20260720,19.263,0
01042,000000094203,20260721,14.193,0
01042,000000094203,20260722,9.066,0
01042,000000094203,20260723,6.446,0
01042,000000094203,20260724,22.047,24
01042,000000094203,20260725,19.921,0
01042,000000094203,20260726,18.466,0
01042,000000094203,20260727,11.510,0
01042,000000094203,20260728,9.253,0
01042,000000094203,20260729,4.540,24
01042,000000094203,20260730,32.286,36
01042,000000094203,20260731,27.382,0
01042,000000094301,20260701,11.874,0
01042,000000094301,20260702,4.538,24
01042,000000094301,20260703,11.374,12
01042,000000094301,20260704,15.590,12
01042,000000094301,20260705,13.488,0
01042,000000094301,20260706,9.744,0
01042,000000094301,20260707,26.157,24
01042,000000094301,20260708,22.808,0
01042,000000094301,20260709,19.848,0
01042,000000094301,20260710,17.499,0
01042,000000094301,20260711,14.343,0
01042,000000094301,20260712,6.847,0
01042,000000094301,20260713,11.492,12
01042,000000094301,20260714,7.919,0
01042,000000094301,20260715,24.225,24
01042,000000094301,20260716,19.987,0
01042,000000094301,20260717,16.578,0
01042,000000094301,20260718,10.781,0
01042,000000094301,20260719,8.275,0
01042,000000094301,20260720,24.922,24
01042,000000094301,20260721,20.765,0
01042,000000094301,20260722,17.074,0
01042,000000094301,20260723,15.213,0
01042,000000094301,20260724,14.127,0
01042,000000094301,20260725,8.338,0
01042,000000094301,20260726,7.050,0
01042,000000094301,20260727,35.539,36
01042,000000094301,20260728,34.480,0
01042,000000094301,20260729,28.610,0
01042,000000094301,20260730,27.639,0
01042,000000094301,20260731,25.399,0
01042,000000094302,20260701,21.887,0
01042,000000094302,20260702,19.273,0
01042,000000094302,20260703,14.799,0
01042,000000094302,20260704,10.612,0
01042,000000094302,20260705,9.902,0
01042,000000094302,20260706,3.596,12
01042,000000094302,20260707,9.710,12
01042,000000094302,20260708,6.560,0
01042,000000094302,20260709,1.802,12
01042,000000094302,20260710,0.000,36
01042,000000094302,20260711,4.214,12
01042,000000094302,20260712,8.840,12
01042,000000094302,20260713,28.449,24
01042,000000094302,20260714,20.361,0
01042,000000094302,20260715,14.779,0
01042,000000094302,20260716,12.102,0
01042,000000094302,20260717,6.313,0
01042,000000094302,20260718,40.923,36
01042,000000094302,20260719,34.852,0
01042,000000094302,20260720,29.937,0
01042,000000094302,20260721,23.594,0
01042,000000094302,20260722,16.180,0
01042,000000094302,20260723,8.571,0
01042,000000094302,20260724,3.741,24
01042,000000094302,20260725,32.214,36
01042,000000094302,20260726,31.359,0
01042,000000094302,20260727,26.106,0
01042,000000094302,20260728,23.444,0
01042,000000094302,20260729,22.370,0
01042,000000094302,20260730,15.664,0
01042,000000094302,20260731,11.395,0
01042,000000020101,20260701,0,24
01042,000000020101,20260702,0,36
01042,000000020101,20260703,5,12
01042,000000020101,20260704,34,36
01042,000000020101,20260705,28,0
01042,000000020101,20260706,26,0
01042,000000020101,20260707,25,0
01042,000000020101,20260708,18,0
01042,000000020101,20260709,13,0
01042,000000020101,20260710,6,36
01042,000000020101,20260711,4,12
01042,000000020101,20260712,23,24
01042,000000020101,20260713,21,0
01042,000000020101,20260714,19,0
01042,000000020101,20260715,15,0
01042,000000020101,20260716,9,0
01042,000000020101,20260717,4,12
01042,000000020101,20260718,0,24
01042,000000020101,20260719,30,36
01042,000000020101,20260720,24,0
01042,000000020101,20260721,17,0
01042,000000020101,20260722,11,0
01042,000000020101,20260723,6,0
01042,000000020101,20260724,2,24
01042,000000020101,20260725,0,24
01042,000000020101,20260726,0,12
01042,000000020101,20260727,35,36
01042,000000020101,20260728,33,0
01042,000000020101,20260729,27,0
01042,000000020101,20260730,18,0
01042,000000020101,20260731,11,0
01042,000000020102,20260701,20,0
01042,000000020102,20260702,14,0
01042,000000020102,20260703,8,0
01042,000000020102,20260704,28,24
01042,000000020102,20260705,20,0
01042,000000020102,20260706,15,0
01042,000000020102,20260707,10,0
01042,000000020102,20260708,3,12
01042,000000020102,20260709,9,12
01042,000000020102,20260710,25,24
01042,000000020102,20260711,18,0
01042,000000020102,20260712,15,0
01042,000000020102,20260713,13,0
01042,000000020102,20260714,8,0
01042,000000020102,20260715,14,12
01042,000000020102,20260716,12,0
01042,000000020102,20260717,11,0
01042,000000020102,20260718,10,0
01042,000000020102,20260719,16,12
01042,000000020102,20260720,15,0
01042,000000020102,20260721,7,0
01042,000000020102,20260722,1,24
01042,000000020102,20260723,7,12
01042,000000020102,20260724,1,24
01042,000000020102,20260725,12,12
01042,000000020102,20260726,42,36
01042,000000020102,20260727,34,0
01042,000000020102,20260728,32,0
01042,000000020102,20260729,24,0
01042,000000020102,20260730,17,0
01042,000000020102,20260731,12,0
01042,000000020103,20260701,13,0
01042,000000020103,20260702,11,0
01042,000000020103,20260703,18,12
01042,000000020103,20260704,11,0
01042,000000020103,20260705,4,36
01042,000000020103,20260706,0,24
01042,000000020103,20260707,29,36
01042,000000020103,20260708,23,0
01042,000000020103,20260709,20,0
01042,000000020103,20260710,14,0
01042,000000020103,20260711,9,0
01042,000000020103,20260712,29,24
01042,000000020103,20260713,23,0
01042,000000020103,20260714,21,0
01042,000000020103,20260715,14,0
01042,000000020103,20260716,13,0
01042,000000020103,20260717,7,0
01042,000000020103,20260718,2,36
01042,000000020103,20260719,23,24
01042,000000020103,20260720,15,0
01042,000000020103,20260721,9,0
01042,000000020103,20260722,16,12
01042,000000020103,20260723,15,0
01042,000000020103,20260724,6,0
01042,000000020103,20260725,40,36
01042,000000020103,20260726,37,0
01042,000000020103,20260727,30,0
01042,000000020103,20260728,24,0
01042,000000020103,20260729,17,0
01042,000000020103,20260730,12,0
01042,000000020103,20260731,8,0
01042,000000020201,20260701,10,0
01042,000000020201,20260702,4,36
01042,000000020201,20260703,11,12
01042,000000020201,20260704,18,12
01042,000000020201,20260705,13,0
01042,000000020201,20260706,10,0
01042,000000020201,20260707,9,0
01042,000000020201,20260708,1,36
01042,000000020201,20260709,30,36
01042,000000020201,20260710,27,0
01042,000000020201,20260711,21,0
01042,000000020201,20260712,19,0
01042,000000020201,20260713,12,0
01042,000000020201,20260714,10,0
01042,000000020201,20260715,26,24
01042,000000020201,20260716,18,0
01042,000000020201,20260717,17,0
01042,000000020201,20260718,15,0
01042,000000020201,20260719,9,0
01042,000000020201,20260720,7,0
01042,000000020201,20260721,38,36
01042,000000020201,20260722,32,0
01042,000000020201,20260723,27,0
01042,000000020201,20260724,19,0
01042,000000020201,20260725,15,0
01042,000000020201,20260726,14,0
01042,000000020201,20260727,11,0
01042,000000020201,20260728,5,36
01042,000000020201,20260729,20,24
01042,000000020201,20260730,18,0
01042,000000020201,20260731,17,0
01042,000000020202,20260701,23,0
01042,000000020202,20260702,16,0
01042,000000020202,20260703,13,0
01042,000000020202,20260704,9,0
01042,000000020202,20260705,1,36
01042,000000020202,20260706,0,24
01042,000000020202,20260707,17,24
01042,000000020202,20260708,9,0
01042,000000020202,20260709,4,12
01042,000000020202,20260710,2,24
01042,000000020202,20260711,0,36
01042,000000020202,20260712,0,36
01042,000000020202,20260713,0,12
01042,000000020202,20260714,10,12
01042,000000020202,20260715,7,0
01042,000000020202,20260716,0,12
01042,000000020202,20260717,17,24
01042,000000020202,20260718,12,0
01042,000000020202,20260719,16,12
01042,000000020202,20260720,11,0
01042,000000020202,20260721,16,12
01042,000000020202,20260722,11,0
01042,000000020202,20260723,6,36
01042,000000020202,20260724,34,36
01042,000000020202,20260725,31,0
01042,000000020202,20260726,30,0
01042,000000020202,20260727,24,0
01042,000000020202,20260728,17,0
01042,000000020202,20260729,12,0
01042,000000020202,20260730,11,0
01042,000000020202,20260731,11,0
01042,000000030101,20260701,9,0
01042,000000030101,20260702,2,24
01042,000000030101,20260703,0,36
01042,000000030101,20260704,0,24
01042,000000030101,20260705,5,12
01042,000000030101,20260706,2,36
01042,000000030101,20260707,1,12
01042,000000030101,20260708,10,12
01042,000000030101,20260709,39,36
01042,000000030101,20260710,34,0
01042,000000030101,20260711,27,0
01042,000000030101,20260712,19,0
01042,000000030101,20260713,15,0
01042,000000030101,20260714,9,0
01042,000000030101,20260715,4,24
01042,000000030101,20260716,39,36
01042,000000030101,20260717,34,0
01042,000000030101,20260718,33,0
01042,000000030101,20260719,25,0
01042,000000030101,20260720,23,0
01042,000000030101,20260721,20,0
01042,000000030101,20260722,17,0
01042,000000030101,20260723,16,0
01042,000000030101,20260724,14,0
01042,000000030101,20260725,11,0
01042,000000030101,20260726,8,0
01042,000000030101,20260727,41,36
01042,000000030101,20260728,33,0
01042,000000030101,20260729,28,0
01042,000000030101,20260730,20,0
01042,000000030101,20260731,16,0
01042,000000030102,20260701,19,0
01042,000000030102,20260702,18,0
01042,000000030102,20260703,15,0
01042,000000030102,20260704,7,0
01042,000000030102,20260705,6,0
01042,000000030102,20260706,39,36
01042,000000030102,20260707,33,0
01042,000000030102,20260708,26,0
01042,000000030102,20260709,21,0
01042,000000030102,20260710,16,0
01042,000000030102,20260711,12,0
01042,000000030102,20260712,10,0
01042,000000030102,20260713,3,12
01042,000000030102,20260714,34,36
01042,000000030102,20260715,31,0
01042,000000030102,20260716,23,0
01042,000000030102,20260717,21,0
01042,000000030102,20260718,16,0
01042,000000030102,20260719,14,0
01042,000000030102,20260720,11,0
01042,000000030102,20260721,6,0
01042,000000030102,20260722,29,24
01042,000000030102,20260723,22,0
01042,000000030102,20260724,15,0
01042,000000030102,20260725,12,0
01042,000000030102,20260726,18,12
01042,000000030102,20260727,15,0
01042,000000030102,20260728,7,0
01042,000000030102,20260729,1,36
01042,000000030102,20260730,32,36
01042,000000030102,20260731,28,0
01042,000000030103,20260701,10,0
01042,000000030103,20260702,9,0
01042,000000030103,20260703,2,24
01042,000000030103,20260704,12,12
01042,000000030103,20260705,9,0
01042,000000030103,20260706,0,36
01042,000000030103,20260707,7,12
01042,000000030103,20260708,18,12
01042,000000030103,20260709,11,0
01042,000000030103,20260710,3,36
01042,000000030103,20260711,26,24
01042,000000030103,20260712,18,0
01042,000000030103,20260713,11,0
01042,000000030103,20260714,9,0
01042,000000030103,20260715,25,24
01042,000000030103,20260716,23,0
01042,000000030103,20260717,15,0
01042,000000030103,20260718,9,0
01042,000000030103,20260719,4,12
01042,000000030103,20260720,35,36
01042,000000030103,20260721,34,0
01042,000000030103,20260722,27,0
01042,000000030103,20260723,24,0
01042,000000030103,20260724,23,0
01042,000000030103,20260725,17,0
01042,000000030103,20260726,9,0
01042,000000030103,20260727,15,12
01042,000000030103,20260728,13,0
01042,000000030103,20260729,12,0
01042,000000030103,20260730,9,0
01042,000000030103,20260731,6,0
01042,000000030201,20260701,9,0
01042,000000030201,20260702,17,12
01042,000000030201,20260703,12,0
01042,000000030201,20260704,3,12
01042,000000030201,20260705,32,36
01042,000000030201,20260706,25,0
01042,000000030201,20260707,23,0
01042,000000030201,20260708,17,0
01042,000000030201,20260709,16,0
01042,000000030201,20260710,11,0
01042,000000030201,20260711,5,36
01042,000000030201,20260712,25,24
01042,000000030201,20260713,22,0
01042,000000030201,20260714,14,0
01042,000000030201,20260715,12,0
01042,000000030201,20260716,42,36
01042,000000030201,20260717,39,0
01042,000000030201,20260718,34,0
01042,000000030201,20260719,28,0
01042,000000030201,20260720,26,0
01042,000000030201,20260721,25,0
01042,000000030201,20260722,17,0
01042,000000030201,20260723,16,0
01042,000000030201,20260724,7,0
01042,000000030201,20260725,2,36
01042,000000030201,20260726,11,12
01042,000000030201,20260727,8,0
01042,000000030201,20260728,28,24
01042,000000030201,20260729,26,0
01042,000000030201,20260730,21,0
01042,000000030201,20260731,14,0
01042,000000030202,20260701,17,0
01042,000000030202,20260702,13,0
01042,000000030202,20260703,7,0
01042,000000030202,20260704,37,36
01042,000000030202,20260705,28,0
01042,000000030202,20260706,23,0
01042,000000030202,20260707,15,0
01042,000000030202,20260708,9,0
01042,000000030202,20260709,40,36
01042,000000030202,20260710,32,0
01042,000000030202,20260711,26,0
01042,000000030202,20260712,21,0
01042,000000030202,20260713,20,0
01042,000000030202,20260714,16,0
01042,000000030202,20260715,15,0
01042,000000030202,20260716,7,0
01042,000000030202,20260717,12,12
01042,000000030202,20260718,9,0
01042,000000030202,20260719,6,12
01042,000000030202,20260720,0,24
01042,000000030202,20260721,0,12
01042,000000030202,20260722,17,24
01042,000000030202,20260723,11,0
01042,000000030202,20260724,7,0
01042,000000030202,20260725,15,12
01042,000000030202,20260726,11,0
01042,000000030202,20260727,30,24
01042,000000030202,20260728,22,0
01042,000000030202,20260729,19,0
01042,000000030202,20260730,16,0
01042,000000030202,20260731,13,0
01042,000000030203,20260701,28,24
01042,000000030203,20260702,25,0
01042,000000030203,20260703,22,0
01042,000000030203,20260704,17,0
01042,000000030203,20260705,12,0
01042,000000030203,20260706,40,36
01042,000000030203,20260707,37,0
01042,000000030203,20260708,35,0
01042,000000030203,20260709,30,0
01042,000000030203,20260710,22,0
01042,000000030203,20260711,18,0
01042,000000030203,20260712,12,0
01042,000000030203,20260713,7,0
01042,000000030203,20260714,6,0
01042,000000030203,20260715,2,12
01042,000000030203,20260716,0,24
01042,000000030203,20260717,0,24
01042,000000030203,20260718,30,36
01042,000000030203,20260719,24,0
01042,000000030203,20260720,23,0
01042,000000030203,20260721,22,0
01042,000000030203,20260722,16,0
01042,000000030203,20260723,14,0
01042,000000030203,20260724,13,0
01042,000000030203,20260725,11,0
01042,000000030203,20260726,7,0
01042,000000030203,20260727,23,24
01042,000000030203,20260728,20,0
01042,000000030203,20260729,17,0
01042,000000030203,20260730,14,0
01042,000000030203,20260731,8,0
01042,000000031101,20260701,9.661,0
01042,000000031101,20260702,7.361,0
01042,000000031101,20260703,6.439,0
01042,000000031101,20260704,5.576,24
01042,000000031101,20260705,38.845,36
01042,000000031101,20260706,32.651,0
01042,000000031101,20260707,28.056,0
01042,000000031101,20260708,23.206,0
01042,000000031101,20260709,18.440,0
01042,000000031101,20260710,11.462,0
01042,000000031101,20260711,9.335,0
01042,000000031101,20260712,38.239,36
01042,000000031101,20260713,30.637,0
01042,000000031101,20260714,29.806,0
01042,000000031101,20260715,26.978,0
01042,000000031101,20260716,20.080,0
01042,000000031101,20260717,17.517,0
01042,000000031101,20260718,14.655,0
01042,000000031101,20260719,12.218,0
01042,000000031101,20260720,10.857,0
01042,000000031101,20260721,4.451,12
01042,000000031101,20260722,26.185,24
01042,000000031101,20260723,22.638,0
01042,000000031101,20260724,15.455,0
01042,000000031101,20260725,11.223,0
01042,000000031101,20260726,5.313,36
01042,000000031101,20260727,1.745,24
01042,000000031101,20260728,24.825,24
01042,000000031101,20260729,20.130,0
01042,000000031101,20260730,17.399,0
01042,000000031101,20260731,15.980,0
01042,000000031102,20260701,41.586,36
01042,000000031102,20260702,35.001,0
01042,000000031102,20260703,33.678,0
01042,000000031102,20260704,27.510,0
01042,000000031102,20260705,22.643,0
01042,000000031102,20260706,18.695,0
01042,000000031102,20260707,15.022,0
01042,000000031102,20260708,7.431,0
01042,000000031102,20260709,24.836,24
01042,000000031102,20260710,22.005,0
01042,000000031102,20260711,13.787,0
01042,000000031102,20260712,8.363,0
01042,000000031102,20260713,13.628,12
01042,000000031102,20260714,10.113,0
01042,000000031102,20260715,7.190,0
01042,000000031102,20260716,1.555,12
01042,000000031102,20260717,22.193,24
01042,000000031102,20260718,18.647,0
01042,000000031102,20260719,16.004,0
01042,000000031102,20260720,14.269,0
01042,000000031102,20260721,6.931,0
01042,000000031102,20260722,1.431,12
01042,000000031102,20260723,5.321,12
01042,000000031102,20260724,10.370,12
01042,000000031102,20260725,7.861,0
01042,000000031102,20260726,4.417,36
01042,000000031102,20260727,13.752,12
01042,000000031102,20260728,12.856,0
01042,000000031102,20260729,9.831,0
01042,000000031102,20260730,14.197,12
01042,000000031102,20260731,7.748,0
01042,000000040101,20260701,8.370,0
01042,000000040101,20260702,1.666,12
01042,000000040101,20260703,6.172,12
01042,000000040101,20260704,0.000,36
01042,000000040101,20260705,0.000,36
01042,000000040101,20260706,0.000,24
01042,000000040101,20260707,8.977,12
01042,000000040101,20260708,28.298,24
01042,000000040101,20260709,20.219,0
01042,000000040101,20260710,12.708,0
01042,000000040101,20260711,5.988,24
01042,000000040101,20260712,0.867,12
01042,000000040101,20260713,23.276,24
01042,000000040101,20260714,22.510,0
01042,000000040101,20260715,15.564,0
01042,000000040101,20260716,8.435,0
01042,000000040101,20260717,40.781,36
01042,000000040101,20260718,37.561,0
01042,000000040101,20260719,30.042,0
01042,000000040101,20260720,23.419,0
01042,000000040101,20260721,18.465,0
01042,000000040101,20260722,15.910,0
01042,000000040101,20260723,9.742,0
01042,000000040101,20260724,8.513,0
01042,000000040101,20260725,6.389,0
01042,000000040101,20260726,35.234,36
01042,000000040101,20260727,33.115,0
01042,000000040101,20260728,27.540,0
01042,000000040101,20260729,19.194,0
01042,000000040101,20260730,16.278,0
01042,000000040101,20260731,12.950,0
01042,000000040102,20260701,0.743,12
01042,000000040102,20260702,32.995,36
01042,000000040102,20260703,25.454,0
01042,000000040102,20260704,22.044,0
01042,000000040102,20260705,13.750,0
01042,000000040102,20260706,7.612,0
01042,000000040102,20260707,36.497,36
01042,000000040102,20260708,30.772,0
01042,000000040102,20260709,23.752,0
01042,000000040102,20260710,18.434,0
01042,000000040102,20260711,10.337,0
01042,000000040102,20260712,5.800,24
01042,000000040102,20260713,0.482,12
01042,000000040102,20260714,0.000,36
01042,000000040102,20260715,0.000,36
01042,000000040102,20260716,0.000,24
01042,000000040102,20260717,31.225,36
01042,000000040102,20260718,25.775,0
01042,000000040102,20260719,25.009,0
01042,000000040102,20260720,20.755,0
01042,000000040102,20260721,16.757,0
01042,000000040102,20260722,14.716,0
01042,000000040102,20260723,8.109,0
01042,000000040102,20260724,0.000,12
01042,000000040102,20260725,23.034,24
01042,000000040102,20260726,18.054,0
01042,000000040102,20260727,12.219,0
01042,000000040102,20260728,10.962,0
01042,000000040102,20260729,10.259,0
01042,000000040102,20260730,4.363,12
01042,000000040102,20260731,0.000,12
01042,000000040201,20260701,3,24
01042,000000040201,20260702,33,36
01042,000000040201,20260703,31,0
01042,000000040201,20260704,29,0
01042,000000040201,20260705,24,0
01042,000000040201,20260706,22,0
01042,000000040201,20260707,17,0
01042,000000040201,20260708,14,0
01042,000000040201,20260709,9,0
01042,000000040201,20260710,17,12
01042,000000040201,20260711,14,0
01042,000000040201,20260712,8,0
01042,000000040201,20260713,25,24
01042,000000040201,20260714,20,0
01042,000000040201,20260715,12,0
01042,000000040201,20260716,4,12
01042,000000040201,20260717,1,12
01042,000000040201,20260718,21,24
01042,000000040201,20260719,17,0
01042,000000040201,20260720,14,0
01042,000000040201,20260721,10,0
01042,000000040201,20260722,5,12
01042,000000040201,20260723,13,12
01042,000000040201,20260724,7,0
01042,000000040201,20260725,42,36
01042,000000040201,20260726,38,0
01042,000000040201,20260727,34,0
01042,000000040201,20260728,30,0
01042,000000040201,20260729,24,0
01042,000000040201,20260730,16,0
01042,000000040201,20260731,10,0
01042,000000040202,20260701,28,0
01042,000000040202,20260702,23,0
01042,000000040202,20260703,19,0
01042,000000040202,20260704,18,0
01042,000000040202,20260705,11,0
01042,000000040202,20260706,8,0
01042,000000040202,20260707,0,36
01042,000000040202,20260708,0,24
01042,000000040202,20260709,10,12
01042,000000040202,20260710,2,24
01042,000000040202,20260711,35,36
01042,000000040202,20260712,28,0
01042,000000040202,20260713,22,0
01042,000000040202,20260714,22,0
01042,000000040202,20260715,18,0
01042,000000040202,20260716,11,0
01042,000000040202,20260717,7,0
01042,000000040202,20260718,12,12
01042,000000040202,20260719,9,0
01042,000000040202,20260720,5,36
01042,000000040202,20260721,4,36
01042,000000040202,20260722,2,24
01042,000000040202,20260723,33,36
01042,000000040202,20260724,27,0
01042,000000040202,20260725,23,0
01042,000000040202,20260726,20,0
01042,000000040202,20260727,19,0
01042,000000040202,20260728,16,0
01042,000000040202,20260729,9,0
01042,000000040202,20260730,6,0
01042,000000040202,20260731,4,12
01042,000000040203,20260701,17,0
01042,000000040203,20260702,16,0
01042,000000040203,20260703,11,0
01042,000000040203,20260704,27,24
01042,000000040203,20260705,22,0
01042,000000040203,20260706,15,0
01042,000000040203,20260707,8,0
01042,000000040203,20260708,7,0
01042,000000040203,20260709,25,24
01042,000000040203,20260710,17,0
01042,000000040203,20260711,14,0
01042,000000040203,20260712,12,0
01042,000000040203,20260713,11,0
01042,000000040203,20260714,8,0
01042,000000040203,20260715,2,24
01042,000000040203,20260716,12,12
01042,000000040203,20260717,5,12
01042,000000040203,20260718,1,24
01042,000000040203,20260719,23,24
01042,000000040203,20260720,21,0
01042,000000040203,20260721,18,0
01042,000000040203,20260722,17,0
01042,000000040203,20260723,12,0
01042,000000040203,20260724,6,36
01042,000000040203,20260725,4,24
01042,000000040203,20260726,34,36
01042,000000040203,20260727,32,0
01042,000000040203,20260728,28,0
01042,000000040203,20260729,27,0
01042,000000040203,20260730,25,0
01042,000000040203,20260731,19,0
01042,000000005012,20260701,14,0
01042,000000005012,20260702,8,0
01042,000000005012,20260703,41,36
01042,000000005012,20260704,37,0
01042,000000005012,20260705,35,0
01042,000000005012,20260706,30,0
01042,000000005012,20260707,23,0
01042,000000005012,20260708,17,0
01042,000000005012,20260709,10,0
01042,000000005012,20260710,5,36
01042,000000005012,20260711,39,36
01042,000000005012,20260712,38,0
01042,000000005012,20260713,34,0
01042,000000005012,20260714,31,0
01042,000000005012,20260715,28,0
01042,000000005012,20260716,26,0
01042,000000005012,20260717,19,0
01042,000000005012,20260718,16,0
01042,000000005012,20260719,11,0
01042,000000005012,20260720,3,36
01042,000000005012,20260721,2,36
01042,000000005012,20260722,0,12
01042,000000005012,20260723,0,24
01042,000000005012,20260724,0,36
01042,000000005012,20260725,0,24
01042,000000005012,20260726,-1,12
01042,000000005012,20260727,10,0
01042,000000005012,20260728,4,24
01042,000000005012,20260729,0,36
01042,000000005012,20260730,31,36
01042,000000005012,20260731,28,0
01042,000000005013,20260701,8,12
01042,000000005013,20260702,14,12
01042,000000005013,20260703,10,0
01042,000000005013,20260704,15,12
01042,000000005013,20260705,11,0
01042,000000005013,20260706,17,12
01042,000000005013,20260707,11,0
01042,000000005013,20260708,7,0
01042,000000005013,20260709,1,36
01042,000000005013,20260710,29,36
01042,000000005013,20260711,28,0
01042,000000005013,20260712,23,0
01042,000000005013,20260713,19,0
01042,000000005013,20260714,12,0
01042,000000005013,20260715,9,0
01042,000000005013,20260716,6,0
01042,000000005013,20260717,4,24
01042,000000005013,20260718,24,24
01042,000000005013,20260719,18,0
01042,000000005013,20260720,15,0
01042,000000005013,20260721,11,0
01042,000000005013,20260722,3,36
01042,000000005013,20260723,0,24
01042,000000005013,20260724,33,36
01042,000000005013,20260725,29,0
01042,000000005013,20260726,21,0
01042,000000005013,20260727,19,0
01042,000000005013,20260728,14,0
01042,000000005013,20260729,9,0
01042,000000005013,20260730,5,36
01042,000000005013,20260731,1,24
01042,000000005020,20260701,30,0
01042,000000005020,20260702,27,0
01042,000000005020,20260703,26,0
01042,000000005020,20260704,23,0
01042,000000005020,20260705,20,0
01042,000000005020,20260706,19,0
01042,000000005020,20260707,15,0
01042,000000005020,20260708,7,0
01042,000000005020,20260709,24,24
01042,000000005020,20260710,19,0
01042,000000005020,20260711,14,0
01042,000000005020,20260712,10,0
01042,000000005020,20260713,5,12
01042,000000005020,20260714,12,12
01042,000000005020,20260715,7,0
01042,000000005020,20260716,12,12
01042,000000005020,20260717,7,0
01042,000000005020,20260718,24,24
01042,000000005020,20260719,20,0
01042,000000005020,20260720,19,0
01042,000000005020,20260721,13,0
01042,000000005020,20260722,10,0
01042,000000005020,20260723,6,0
01042,000000005020,20260724,27,24
01042,000000005020,20260725,24,0
01042,000000005020,20260726,20,0
01042,000000005020,20260727,16,0
01042,000000005020,20260728,9,0
01042,000000005020,20260729,15,12
01042,000000005020,20260730,14,0
01042,000000005020,20260731,7,0
01042,000000005101,20260701,8,0
01042,000000005101,20260702,15,12
01042,000000005101,20260703,12,0
01042,000000005101,20260704,10,0
01042,000000005101,20260705,2,36
01042,000000005101,20260706,25,24
01042,000000005101,20260707,21,0
01042,000000005101,20260708,15,0
01042,000000005101,20260709,10,0
01042,000000005101,20260710,9,0
01042,000000005101,20260711,39,36
01042,000000005101,20260712,35,0
01042,000000005101,20260713,32,0
01042,000000005101,20260714,29,0
01042,000000005101,20260715,22,0
01042,000000005101,20260716,18,0
01042,000000005101,20260717,16,0
01042,000000005101,20260718,9,0
01042,000000005101,20260719,16,12
01042,000000005101,20260720,12,0
01042,000000005101,20260721,6,36
01042,000000005101,20260722,38,36
01042,000000005101,20260723,31,0
01042,000000005101,20260724,27,0
01042,000000005101,20260725,24,0
01042,000000005101,20260726,17,0
01042,000000005101,20260727,11,0
01042,000000005101,20260728,28,24
01042,000000005101,20260729,26,0
01042,000000005101,20260730,18,0
01042,000000005101,20260731,13,0
01042,000000005102,20260701,22,0
01042,000000005102,20260702,20,0
01042,000000005102,20260703,13,0
01042,000000005102,20260704,8,0
01042,000000005102,20260705,6,12
01042,000000005102,20260706,0,36
01042,000000005102,20260707,0,36
01042,000000005102,20260708,0,24
01042,000000005102,20260709,34,36
01042,000000005102,20260710,26,0
01042,000000005102,20260711,18,0
01042,000000005102,20260712,12,0
01042,000000005102,20260713,7,0
01042,000000005102,20260714,40,36
01042,000000005102,20260715,33,0
01042,000000005102,20260716,30,0
01042,000000005102,20260717,29,0
01042,000000005102,20260718,21,0
01042,000000005102,20260719,16,0
01042,000000005102,20260720,15,0
01042,000000005102,20260721,9,0
01042,000000005102,20260722,8,0
01042,000000005102,20260723,12,12
01042,000000005102,20260724,7,0
01042,000000005102,20260725,28,24
01042,000000005102,20260726,26,0
01042,000000005102,20260727,18,0
01042,000000005102,20260728,16,0
01042,000000005102,20260729,14,0
01042,000000005102,20260730,8,0
01042,000000005102,20260731,24,24
01042,000000005103,20260701,18,0
01042,000000005103,20260702,16,0
01042,000000005103,20260703,10,0
01042,000000005103,20260704,4,36
01042,000000005103,20260705,25,24
01042,000000005103,20260706,23,0
01042,000000005103,20260707,16,0
01042,000000005103,20260708,12,0
01042,000000005103,20260709,11,0
01042,000000005103,20260710,6,36
01042,000000005103,20260711,5,12
01042,000000005103,20260712,26,24
01042,000000005103,20260713,19,0
01042,000000005103,20260714,13,0
01042,000000005103,20260715,6,36
01042,000000005103,20260716,27,24
01042,000000005103,20260717,24,0
01042,000000005103,20260718,15,0
01042,000000005103,20260719,9,0
01042,000000005103,20260720,6,0
01042,000000005103,20260721,4,36
01042,000000005103,20260722,1,24
01042,000000005103,20260723,0,12
01042,000000005103,20260724,0,12
01042,000000005103,20260725,17,24
01042,000000005103,20260726,16,0
01042,000000005103,20260727,11,0
01042,000000005103,20260728,7,0
01042,000000005103,20260729,17,12
01042,000000005103,20260730,12,0
01042,000000005103,20260731,10,0
01042,000000005201,20260701,0,24
01042,000000005201,20260702,0,24
01042,000000005201,20260703,29,36
01042,000000005201,20260704,21,0
01042,000000005201,20260705,14,0
01042,000000005201,20260706,11,0
01042,000000005201,20260707,6,0
01042,000000005201,20260708,28,24
01042,000000005201,20260709,25,0
01042,000000005201,20260710,24,0
01042,000000005201,20260711,17,0
01042,000000005201,20260712,9,0
01042,000000005201,20260713,41,36
01042,000000005201,20260714,38,0
01042,000000005201,20260715,35,0
01042,000000005201,20260716,34,0
01042,000000005201,20260717,26,0
01042,000000005201,20260718,18,0
01042,000000005201,20260719,11,0
01042,000000005201,20260720,5,12
01042,000000005201,20260721,9,12
01042,000000005201,20260722,2,12
01042,000000005201,20260723,21,24
01042,000000005201,20260724,13,0
01042,000000005201,20260725,5,36
01042,000000005201,20260726,25,24
01042,000000005201,20260727,22,0
01042,000000005201,20260728,15,0
01042,000000005201,20260729,9,0
01042,000000005201,20260730,7,0
01042,000000005201,20260731,39,36
01042,000000005202,20260701,4,12
01042,000000005202,20260702,0,36
01042,000000005202,20260703,0,12
01042,000000005202,20260704,0,36
01042,000000005202,20260705,0,24
01042,000000005202,20260706,0,36
01042,000000005202,20260707,32,36
01042,000000005202,20260708,29,0
01042,000000005202,20260709,27,0
01042,000000005202,20260710,25,0
01042,000000005202,20260711,23,0
01042,000000005202,20260712,19,0
01042,000000005202,20260713,12,0
01042,000000005202,20260714,5,36
01042,000000005202,20260715,23,24
01042,000000005202,20260716,21,0
01042,000000005202,20260717,20,0
01042,000000005202,20260718,15,0
01042,000000005202,20260719,14,0
01042,000000005202,20260720,12,0
01042,000000005202,20260721,7,0
01042,000000005202,20260722,2,36
01042,000000005202,20260723,0,24
01042,000000005202,20260724,18,24
01042,000000005202,20260725,10,0
01042,000000005202,20260726,8,0
01042,000000005202,20260727,41,36
01042,000000005202,20260728,34,0
01042,000000005202,20260729,27,0
01042,000000005202,20260730,25,0
01042,000000005202,20260731,17,0
01042,000000005301,20260701,36,36
01042,000000005301,20260702,32,0
01042,000000005301,20260703,25,0
01042,000000005301,20260704,17,0
01042,000000005301,20260705,12,0
01042,000000005301,20260706,10,0
01042,000000005301,20260707,28,24
01042,000000005301,20260708,24,0
01042,000000005301,20260709,19,0
01042,000000005301,20260710,11,0
01042,000000005301,20260711,8,0
01042,000000005301,20260712,2,24
01042,000000005301,20260713,18,24
01042,000000005301,20260714,18,0
01042,000000005301,20260715,16,0
01042,000000005301,20260716,14,0
01042,000000005301,20260717,9,0
01042,000000005301,20260718,28,24
01042,000000005301,20260719,21,0
01042,000000005301,20260720,15,0
01042,000000005301,20260721,12,0
01042,000000005301,20260722,7,0
01042,000000005301,20260723,3,36
01042,000000005301,20260724,0,24
01042,000000005301,20260725,0,24
01042,000000005301,20260726,23,24
01042,000000005301,20260727,15,0
01042,000000005301,20260728,12,0
01042,000000005301,20260729,10,0
01042,000000005301,20260730,3,12
01042,000000005301,20260731,21,24
01042,000000005302,20260701,9,0
01042,000000005302,20260702,3,12
01042,000000005302,20260703,14,12
01042,000000005302,20260704,12,0
01042,000000005302,20260705,29,24
01042,000000005302,20260706,23,0
01042,000000005302,20260707,19,0
01042,000000005302,20260708,15,0
01042,000000005302,20260709,11,0
01042,000000005302,20260710,8,0
01042,000000005302,20260711,38,36
01042,000000005302,20260712,32,0
01042,000000005302,20260713,25,0
01042,000000005302,20260714,18,0
01042,000000005302,20260715,14,0
01042,000000005302,20260716,13,0
01042,000000005302,20260717,8,0
01042,000000005302,20260718,41,36
01042,000000005302,20260719,38,0
01042,000000005302,20260720,36,0
01042,000000005302,20260721,35,0
01042,000000005302,20260722,34,0
01042,000000005302,20260723,26,0
01042,000000005302,20260724,21,0
01042,000000005302,20260725,20,0
01042,000000005302,20260726,13,0
01042,000000005302,20260727,30,24
01042,000000005302,20260728,25,0
01042,000000005302,20260729,19,0
01042,000000005302,20260730,18,0
01042,000000005302,20260731,11,0
01042,000004471023,20260701,15,0
01042,000004471023,20260702,10,0
01042,000004471023,20260703,6,0
01042,000004471023,20260704,14,12
01042,000004471023,20260705,11,0
01042,000004471023,20260706,9,0
01042,000004471023,20260707,18,12
01042,000004471023,20260708,13,0
01042,000004471023,20260709,10,0
01042,000004471023,20260710,17,12
01042,000004471023,20260711,14,0
01042,000004471023,20260712,11,0
01042,000004471023,20260713,9,0
01042,000004471023,20260714,9,0
01042,000004471023,20260715,8,0
01042,000004471023,20260716,26,24
01042,000004471023,20260717,22,0
01042,000004471023,20260718,21,0
01042,000004471023,20260719,16,0
01042,000004471023,20260720,15,0
01042,000004471023,20260721,12,0
01042,000004471023,20260722,8,0
01042,000004471023,20260723,42,36
01042,000004471023,20260724,37,0
01042,000004471023,20260725,36,0
01042,000004471023,20260726,30,0
01042,000004471023,20260727,26,0
01042,000004471023,20260728,25,0
01042,000004471023,20260729,22,0
01042,000004471023,20260730,20,0
01042,000004471023,20260731,17,0
01042,000004471030,20260701,19,0
01042,000004471030,20260702,16,0
01042,000004471030,20260703,13,0
01042,000004471030,20260704,7,0
01042,000004471030,20260705,17,12
01042,000004471030,20260706,12,0
01042,000004471030,20260707,7,0
01042,000004471030,20260708,27,24
01042,000004471030,20260709,23,0
01042,000004471030,20260710,22,0
01042,000004471030,20260711,16,0
01042,000004471030,20260712,12,0
01042,000004471030,20260713,9,0
01042,000004471030,20260714,17,12
01042,000004471030,20260715,15,0
01042,000004471030,20260716,11,0
01042,000004471030,20260717,10,0
01042,000004471030,20260718,8,0
01042,000004471030,20260719,7,0
01042,000004471030,20260720,28,24
01042,000004471030,20260721,25,0
01042,000004471030,20260722,21,0
01042,000004471030,20260723,17,0
01042,000004471030,20260724,14,0
01042,000004471030,20260725,10,0
01042,000004471030,20260726,9,0
01042,000004471030,20260727,40,36
01042,000004471030,20260728,38,0
01042,000004471030,20260729,35,0
01042,000004471030,20260730,33,0
01042,000004471030,20260731,29,0
01042,000004471040,20260701,12,12
01042,000004471040,20260702,10,0
01042,000004471040,20260703,17,12
01042,000004471040,20260704,13,0
01042,000004471040,20260705,8,0
01042,000004471040,20260706,38,36
01042,000004471040,20260707,36,0
01042,000004471040,20260708,30,0
01042,000004471040,20260709,25,0
01042,000004471040,20260710,22,0
01042,000004471040,20260711,20,0
01042,000004471040,20260712,18,0
01042,000004471040,20260713,12,0
01042,000004471040,20260714,6,0
01042,000004471040,20260715,29,24
01042,000004471040,20260716,25,0
01042,000004471040,20260717,25,0
01042,000004471040,20260718,23,0
01042,000004471040,20260719,17,0
01042,000004471040,20260720,15,0
01042,000004471040,20260721,12,0
01042,000004471040,20260722,8,0
01042,000004471040,20260723,6,0
01042,000004471040,20260724,5,24
01042,000004471040,20260725,11,12
01042,000004471040,20260726,8,0
01042,000004471040,20260727,39,36
01042,000004471040,20260728,37,0
01042,000004471040,20260729,36,0
01042,000004471040,20260730,31,0
01042,000004471040,20260731,29,0
01042,000004472001,20260701,22,0
01042,000004472001,20260702,16,0
01042,000004472001,20260703,11,0
01042,000004472001,20260704,8,0
01042,000004472001,20260705,7,0
01042,000004472001,20260706,16,12
01042,000004472001,20260707,12,0
01042,000004472001,20260708,7,0
01042,000004472001,20260709,38,36
01042,000004472001,20260710,33,0
01042,000004472001,20260711,29,0
01042,000004472001,20260712,25,0
01042,000004472001,20260713,23,0
01042,000004472001,20260714,20,0
01042,000004472001,20260715,16,0
01042,000004472001,20260716,11,0
01042,000004472001,20260717,9,0
01042,000004472001,20260718,7,0
01042,000004472001,20260719,41,36
01042,000004472001,20260720,36,0
01042,000004472001,20260721,30,0
01042,000004472001,20260722,29,0
01042,000004472001,20260723,27,0
01042,000004472001,20260724,24,0
01042,000004472001,20260725,19,0
01042,000004472001,20260726,16,0
01042,000004472001,20260727,12,0
01042,000004472001,20260728,10,0
01042,000004472001,20260729,9,0
01042,000004472001,20260730,18,12
01042,000004472001,20260731,12,0
01042,000004472002,20260701,18,0
01042,000004472002,20260702,13,0
01042,000004472002,20260703,8,0
01042,000004472002,20260704,3,36
01042,000004472002,20260705,39,36
01042,000004472002,20260706,36,0
01042,000004472002,20260707,31,0
01042,000004472002,20260708,30,0
01042,000004472002,20260709,28,0
01042,000004472002,20260710,24,0
01042,000004472002,20260711,21,0
01042,000004472002,20260712,16,0
01042,000004472002,20260713,11,0
01042,000004472002,20260714,5,36
01042,000004472002,20260715,36,36
01042,000004472002,20260716,31,0
01042,000004472002,20260717,26,0
01042,000004472002,20260718,24,0
01042,000004472002,20260719,20,0
01042,000004472002,20260720,16,0
01042,000004472002,20260721,14,0
01042,000004472002,20260722,9,0
01042,000004472002,20260723,6,0
01042,000004472002,20260724,29,24
01042,000004472002,20260725,26,0
01042,000004472002,20260726,20,0
01042,000004472002,20260727,17,0
01042,000004472002,20260728,14,0
01042,000004472002,20260729,12,0
01042,000004472002,20260730,9,0
01042,000004472002,20260731,8,0
01042,000004472003,20260701,21,0
01042,000004472003,20260702,18,0
01042,000004472003,20260703,17,0
01042,000004472003,20260704,17,0
01042,000004472003,20260705,16,0
01042,000004472003,20260706,10,0
01042,000004472003,20260707,8,0
01042,000004472003,20260708,15,12
01042,000004472003,20260709,11,0
01042,000004472003,20260710,8,0
01042,000004472003,20260711,42,36
01042,000004472003,20260712,36,0
01042,000004472003,20260713,32,0
01042,000004472003,20260714,30,0
01042,000004472003,20260715,26,0
01042,000004472003,20260716,25,0
01042,000004472003,20260717,19,0
01042,000004472003,20260718,19,0
01042,000004472003,20260719,16,0
01042,000004472003,20260720,13,0
01042,000004472003,20260721,8,0
01042,000004472003,20260722,6,0
01042,000004472003,20260723,5,24
01042,000004472003,20260724,36,36
01042,000004472003,20260725,31,0
01042,000004472003,20260726,29,0
01042,000004472003,20260727,28,0
01042,000004472003,20260728,27,0
01042,000004472003,20260729,23,0
01042,000004472003,20260730,22,0
01042,000004472003,20260731,17,0
01042,000004473001,20260701,22,0
01042,000004473001,20260702,16,0
01042,000004473001,20260703,15,0
01042,000004473001,20260704,13,0
01042,000004473001,20260705,13,0
01042,000004473001,20260706,7,0
01042,000004473001,20260707,38,36
01042,000004473001,20260708,32,0
01042,000004473001,20260709,31,0
01042,000004473001,20260710,25,0
01042,000004473001,20260711,24,0
01042,000004473001,20260712,20,0
01042,000004473001,20260713,16,0
01042,000004473001,20260714,15,0
01042,000004473001,20260715,10,0
01042,000004473001,20260716,6,0
01042,000004473001,20260717,16,12
01042,000004473001,20260718,14,0
01042,000004473001,20260719,9,0
01042,000004473001,20260720,7,0
01042,000004473001,20260721,38,36
01042,000004473001,20260722,33,0
01042,000004473001,20260723,29,0
01042,000004473001,20260724,27,0
01042,000004473001,20260725,23,0
01042,000004473001,20260726,21,0
01042,000004473001,20260727,18,0
01042,000004473001,20260728,14,0
01042,000004473001,20260729,13,0
01042,000004473001,20260730,7,0
01042,000004473001,20260731,17,12
01042,000004473002,20260701,21,0
01042,000004473002,20260702,16,0
01042,000004473002,20260703,11,0
01042,000004473002,20260704,10,0
01042,000004473002,20260705,9,0
01042,000004473002,20260706,40,36
01042,000004473002,20260707,39,0
01042,000004473002,20260708,35,0
01042,000004473002,20260709,31,0
01042,000004473002,20260710,30,0
01042,000004473002,20260711,27,0
01042,000004473002,20260712,24,0
01042,000004473002,20260713,20,0
01042,000004473002,20260714,16,0
01042,000004473002,20260715,13,0
01042,000004473002,20260716,8,0
01042,000004473002,20260717,6,0
01042,000004473002,20260718,25,24
01042,000004473002,20260719,23,0
01042,000004473002,20260720,21,0
01042,000004473002,20260721,19,0
01042,000004473002,20260722,15,0
01042,000004473002,20260723,12,0
01042,000004473002,20260724,8,0
01042,000004473002,20260725,15,12
01042,000004473002,20260726,11,0
01042,000004473002,20260727,8,0
01042,000004473002,20260728,27,24
01042,000004473002,20260729,25,0
01042,000004473002,20260730,19,0
01042,000004473002,20260731,14,0
01042,000004473003,20260701,24,0
01042,000004473003,20260702,22,0
01042,000004473003,20260703,18,0
01042,000004473003,20260704,17,0
01042,000004473003,20260705,15,0
01042,000004473003,20260706,13,0
01042,000004473003,20260707,10,0
01042,000004473003,20260708,29,24
01042,000004473003,20260709,24,0
01042,000004473003,20260710,21,0
01042,000004473003,20260711,18,0
01042,000004473003,20260712,16,0
01042,000004473003,20260713,15,0
01042,000004473003,20260714,12,0
01042,000004473003,20260715,8,0
01042,000004473003,20260716,7,0
01042,000004473003,20260717,28,24
01042,000004473003,20260718,26,0
01042,000004473003,20260719,24,0
01042,000004473003,20260720,18,0
01042,000004473003,20260721,16,0
01042,000004473003,20260722,10,0
01042,000004473003,20260723,29,24
01042,000004473003,20260724,24,0
01042,000004473003,20260725,22,0
01042,000004473003,20260726,17,0
01042,000004473003,20260727,16,0
01042,000004473003,20260728,13,0
01042,000004473003,20260729,11,0
01042,000004473003,20260730,9,0
01042,000004473003,20260731,29,24
01042,000004481001,20260701,21,0
01042,000004481001,20260702,16,0
01042,000004481001,20260703,12,0
01042,000004481001,20260704,10,0
01042,000004481001,20260705,6,0
01042,000004481001,20260706,41,36
01042,000004481001,20260707,38,0
01042,000004481001,20260708,38,0
01042,000004481001,20260709,35,0
01042,000004481001,20260710,30,0
01042,000004481001,20260711,28,0
01042,000004481001,20260712,25,0
01042,000004481001,20260713,22,0
01042,000004481001,20260714,21,0
01042,000004481001,20260715,15,0
01042,000004481001,20260716,12,0
01042,000004481001,20260717,9,0
01042,000004481001,20260718,6,36
01042,000004481001,20260719,0,12
01042,000004481001,20260720,18,24
01042,000004481001,20260721,17,0
01042,000004481001,20260722,13,0
01042,000004481001,20260723,9,0
01042,000004481001,20260724,7,0
01042,000004481001,20260725,26,24
01042,000004481001,20260726,23,0
01042,000004481001,20260727,22,0
01042,000004481001,20260728,17,0
01042,000004481001,20260729,12,0
01042,000004481001,20260730,7,0
01042,000004481001,20260731,5,24
01042,000004481003,20260701,16,0
01042,000004481003,20260702,15,0
01042,000004481003,20260703,12,0
01042,000004481003,20260704,9,0
01042,000004481003,20260705,6,0
01042,000004481003,20260706,39,36
01042,000004481003,20260707,36,0
01042,000004481003,20260708,31,0
01042,000004481003,20260709,27,0
01042,000004481003,20260710,24,0
01042,000004481003,20260711,24,0
01042,000004481003,20260712,18,0
01042,000004481003,20260713,17,0
01042,000004481003,20260714,12,0
01042,000004481003,20260715,10,0
01042,000004481003,20260716,8,0
01042,000004481003,20260717,27,24
01042,000004481003,20260718,23,0
01042,000004481003,20260719,19,0
01042,000004481003,20260720,15,0
01042,000004481003,20260721,14,0
01042,000004481003,20260722,8,0
01042,000004481003,20260723,15,12
01042,000004481003,20260724,9,0
01042,000004481003,20260725,4,12
01042,000004481003,20260726,11,12
01042,000004481003,20260727,8,0
01042,000004481003,20260728,6,24
01042,000004481003,20260729,24,24
01042,000004481003,20260730,20,0
01042,000004481003,20260731,16,0
01042,000004482001,20260701,14,0
01042,000004482001,20260702,11,0
01042,000004482001,20260703,6,0
01042,000004482001,20260704,13,12
01042,000004482001,20260705,7,0
01042,000004482001,20260706,39,36
01042,000004482001,20260707,38,0
01042,000004482001,20260708,32,0
01042,000004482001,20260709,27,0
01042,000004482001,20260710,26,0
01042,000004482001,20260711,22,0
01042,000004482001,20260712,19,0
01042,000004482001,20260713,17,0
01042,000004482001,20260714,15,0
01042,000004482001,20260715,13,0
01042,000004482001,20260716,12,0
01042,000004482001,20260717,12,0
01042,000004482001,20260718,7,0
01042,000004482001,20260719,39,36
01042,000004482001,20260720,38,0
01042,000004482001,20260721,37,0
01042,000004482001,20260722,33,0
01042,000004482001,20260723,28,0
01042,000004482001,20260724,25,0
01042,000004482001,20260725,21,0
01042,000004482001,20260726,18,0
01042,000004482001,20260727,17,0
01042,000004482001,20260728,12,0
01042,000004482001,20260729,8,0
01042,000004482001,20260730,8,0
01042,000004482001,20260731,39,36
01042,000004482002,20260701,22,0
01042,000004482002,20260702,18,0
01042,000004482002,20260703,15,0
01042,000004482002,20260704,11,0
01042,000004482002,20260705,7,0
01042,000004482002,20260706,41,36
01042,000004482002,20260707,38,0
01042,000004482002,20260708,33,0
01042,000004482002,20260709,31,0
01042,000004482002,20260710,25,0
01042,000004482002,20260711,22,0
01042,000004482002,20260712,19,0
01042,000004482002,20260713,18,0
01042,000004482002,20260714,15,0
01042,000004482002,20260715,10,0
01042,000004482002,20260716,6,0
01042,000004482002,20260717,42,36
01042,000004482002,20260718,38,0
01042,000004482002,20260719,34,0
01042,000004482002,20260720,32,0
01042,000004482002,20260721,29,0
01042,000004482002,20260722,26,0
01042,000004482002,20260723,25,0
01042,000004482002,20260724,21,0
01042,000004482002,20260725,18,0
01042,000004482002,20260726,17,0
01042,000004482002,20260727,13,0
01042,000004482002,20260728,9,0
01042,000004482002,20260729,8,0
01042,000004482002,20260730,15,12
01042,000004482002,20260731,10,0
01042,000004482003,20260701,31,0
01042,000004482003,20260702,29,0
01042,000004482003,20260703,24,0
01042,000004482003,20260704,23,0
01042,000004482003,20260705,17,0
01042,000004482003,20260706,14,0
01042,000004482003,20260707,9,0
01042,000004482003,20260708,6,0
01042,000004482003,20260709,1,24
01042,000004482003,20260710,9,12
01042,000004482003,20260711,40,36
01042,000004482003,20260712,35,0
01042,000004482003,20260713,31,0
01042,000004482003,20260714,29,0
01042,000004482003,20260715,26,0
01042,000004482003,20260716,22,0
01042,000004482003,20260717,17,0
01042,000004482003,20260718,15,0
01042,000004482003,20260719,13,0
01042,000004482003,20260720,12,0
01042,000004482003,20260721,9,0
01042,000004482003,20260722,40,36
01042,000004482003,20260723,36,0
01042,000004482003,20260724,35,0
01042,000004482003,20260725,30,0
01042,000004482003,20260726,25,0
01042,000004482003,20260727,20,0
01042,000004482003,20260728,19,0
01042,000004482003,20260729,13,0
01042,000004482003,20260730,8,0
01042,000004482003,20260731,17,12
01042,000004483001,20260701,28,0
01042,000004483001,20260702,22,0
01042,000004483001,20260703,19,0
01042,000004483001,20260704,15,0
01042,000004483001,20260705,12,0
01042,000004483001,20260706,8,0
01042,000004483001,20260707,7,0
01042,000004483001,20260708,28,24
01042,000004483001,20260709,25,0
01042,000004483001,20260710,20,0
01042,000004483001,20260711,16,0
01042,000004483001,20260712,16,0
01042,000004483001,20260713,12,0
01042,000004483001,20260714,18,12
01042,000004483001,20260715,15,0
01042,000004483001,20260716,13,0
01042,000004483001,20260717,9,0
01042,000004483001,20260718,8,0
01042,000004483001,20260719,29,24
01042,000004483001,20260720,28,0
01042,000004483001,20260721,27,0
01042,000004483001,20260722,24,0
01042,000004483001,20260723,24,0
01042,000004483001,20260724,18,0
01042,000004483001,20260725,18,0
01042,000004483001,20260726,13,0
01042,000004483001,20260727,9,0
01042,000004483001,20260728,7,0
01042,000004483001,20260729,4,24
01042,000004483001,20260730,37,36
01042,000004483001,20260731,34,0
01042,000004483002,20260701,18,0
01042,000004483002,20260702,17,0
01042,000004483002,20260703,15,0
01042,000004483002,20260704,14,0
01042,000004483002,20260705,13,0
01042,000004483002,20260706,9,0
01042,000004483002,20260707,8,0
01042,000004483002,20260708,3,36
01042,000004483002,20260709,23,24
01042,000004483002,20260710,22,0
01042,000004483002,20260711,16,0
01042,000004483002,20260712,12,0
01042,000004483002,20260713,8,0
01042,000004483002,20260714,18,12
01042,000004483002,20260715,12,0
01042,000004483002,20260716,6,0
01042,000004483002,20260717,41,36
01042,000004483002,20260718,38,0
01042,000004483002,20260719,33,0
01042,000004483002,20260720,29,0
01042,000004483002,20260721,24,0
01042,000004483002,20260722,20,0
01042,000004483002,20260723,18,0
01042,000004483002,20260724,15,0
01042,000004483002,20260725,14,0
01042,000004483002,20260726,13,0
01042,000004483002,20260727,12,0
01042,000004483002,20260728,8,0
01042,000004483002,20260729,5,12
01042,000004483002,20260730,4,36
01042,000004483002,20260731,25,24
01042,000004491001,20260701,13,0
01042,000004491001,20260702,12,0
01042,000004491001,20260703,9,0
01042,000004491001,20260704,6,0
01042,000004491001,20260705,40,36
01042,000004491001,20260706,37,0
01042,000004491001,20260707,32,0
01042,000004491001,20260708,30,0
01042,000004491001,20260709,27,0
01042,000004491001,20260710,22,0
01042,000004491001,20260711,19,0
01042,000004491001,20260712,18,0
01042,000004491001,20260713,15,0
01042,000004491001,20260714,12,0
01042,000004491001,20260715,7,0
01042,000004491001,20260716,14,12
01042,000004491001,20260717,8,0
01042,000004491001,20260718,15,12
01042,000004491001,20260719,11,0
01042,000004491001,20260720,8,0
01042,000004491001,20260721,7,0
01042,000004491001,20260722,17,12
01042,000004491001,20260723,12,0
01042,000004491001,20260724,6,24
01042,000004491001,20260725,37,36
01042,000004491001,20260726,32,0
01042,000004491001,20260727,26,0
01042,000004491001,20260728,20,0
01042,000004491001,20260729,15,0
01042,000004491001,20260730,12,0
01042,000004491001,20260731,6,0
01042,000004491002,20260701,23,0
01042,000004491002,20260702,22,0
01042,000004491002,20260703,20,0
01042,000004491002,20260704,16,0
01042,000004491002,20260705,14,0
01042,000004491002,20260706,9,0
01042,000004491002,20260707,7,0
01042,000004491002,20260708,38,36
01042,000004491002,20260709,34,0
01042,000004491002,20260710,30,0
01042,000004491002,20260711,27,0
01042,000004491002,20260712,21,0
01042,000004491002,20260713,16,0
01042,000004491002,20260714,13,0
01042,000004491002,20260715,7,0
01042,000004491002,20260716,41,36
01042,000004491002,20260717,37,0
01042,000004491002,20260718,31,0
01042,000004491002,20260719,30,0
01042,000004491002,20260720,28,0
01042,000004491002,20260721,26,0
01042,000004491002,20260722,21,0
01042,000004491002,20260723,20,0
01042,000004491002,20260724,19,0
01042,000004491002,20260725,17,0
01042,000004491002,20260726,13,0
01042,000004491002,20260727,11,0
01042,000004491002,20260728,8,0
01042,000004491002,20260729,7,0
01042,000004491002,20260730,26,24
01042,000004491002,20260731,23,0
01042,000004491003,20260701,17,0
01042,000004491003,20260702,15,0
01042,000004491003,20260703,13,0
01042,000004491003,20260704,10,0
01042,000004491003,20260705,41,36
01042,000004491003,20260706,39,0
01042,000004491003,20260707,37,0
01042,000004491003,20260708,32,0
01042,000004491003,20260709,26,0
01042,000004491003,20260710,23,0
01042,000004491003,20260711,21,0
01042,000004491003,20260712,15,0
01042,000004491003,20260713,12,0
01042,000004491003,20260714,9,0
01042,000004491003,20260715,7,0
01042,000004491003,20260716,25,24
01042,000004491003,20260717,24,0
01042,000004491003,20260718,18,0
01042,000004491003,20260719,15,0
01042,000004491003,20260720,12,0
01042,000004491003,20260721,11,0
01042,000004491003,20260722,10,0
01042,000004491003,20260723,9,0
01042,000004491003,20260724,8,0
01042,000004491003,20260725,7,0
01042,000004491003,20260726,5,24
01042,000004491003,20260727,16,12
01042,000004491003,20260728,13,0
01042,000004491003,20260729,12,0
01042,000004491003,20260730,8,0
01042,000004491003,20260731,40,36
01042,000004492001,20260701,10,0
01042,000004492001,20260702,6,0
01042,000004492001,20260703,27,24
01042,000004492001,20260704,22,0
01042,000004492001,20260705,17,0
01042,000004492001,20260706,16,0
01042,000004492001,20260707,12,0
01042,000004492001,20260708,11,0
01042,000004492001,20260709,8,0
01042,000004492001,20260710,7,0
01042,000004492001,20260711,17,12
01042,000004492001,20260712,14,0
01042,000004492001,20260713,12,0
01042,000004492001,20260714,9,0
01042,000004492001,20260715,42,36
01042,000004492001,20260716,40,0
01042,000004492001,20260717,39,0
01042,000004492001,20260718,38,0
01042,000004492001,20260719,37,0
01042,000004492001,20260720,34,0
01042,000004492001,20260721,31,0
01042,000004492001,20260722,28,0
01042,000004492001,20260723,26,0
01042,000004492001,20260724,23,0
01042,000004492001,20260725,20,0
01042,000004492001,20260726,17,0
01042,000004492001,20260727,17,0
01042,000004492001,20260728,15,0
01042,000004492001,20260729,13,0
01042,000004492001,20260730,10,0
01042,000004492001,20260731,8,0
01042,000004492002,20260701,35,0
01042,000004492002,20260702,30,0
01042,000004492002,20260703,25,0
01042,000004492002,20260704,20,0
01042,000004492002,20260705,19,0
01042,000004492002,20260706,14,0
01042,000004492002,20260707,10,0
01042,000004492002,20260708,29,24
01042,000004492002,20260709,28,0
01042,000004492002,20260710,24,0
01042,000004492002,20260711,22,0
01042,000004492002,20260712,21,0
01042,000004492002,20260713,18,0
01042,000004492002,20260714,17,0
01042,000004492002,20260715,16,0
01042,000004492002,20260716,14,0
01042,000004492002,20260717,13,0
01042,000004492002,20260718,7,0
01042,000004492002,20260719,40,36
01042,000004492002,20260720,35,0
01042,000004492002,20260721,31,0
01042,000004492002,20260722,27,0
01042,000004492002,20260723,22,0
01042,000004492002,20260724,20,0
01042,000004492002,20260725,16,0
01042,000004492002,20260726,15,0
01042,000004492002,20260727,12,0
01042,000004492002,20260728,9,0
01042,000004492002,20260729,8,0
01042,000004492002,20260730,7,0
01042,000004492002,20260731,38,36
01042,000004492003,20260701,33,0
01042,000004492003,20260702,28,0
01042,000004492003,20260703,27,0
01042,000004492003,20260704,22,0
01042,000004492003,20260705,16,0
01042,000004492003,20260706,15,0
01042,000004492003,20260707,11,0
01042,000004492003,20260708,29,24
01042,000004492003,20260709,25,0
01042,000004492003,20260710,19,0
01042,000004492003,20260711,17,0
01042,000004492003,20260712,12,0
01042,000004492003,20260713,9,0
01042,000004492003,20260714,39,36
01042,000004492003,20260715,36,0
01042,000004492003,20260716,36,0
01042,000004492003,20260717,31,0
01042,000004492003,20260718,25,0
01042,000004492003,20260719,20,0
01042,000004492003,20260720,19,0
01042,000004492003,20260721,16,0
01042,000004492003,20260722,12,0
01042,000004492003,20260723,12,0
01042,000004492003,20260724,7,0
01042,000004492003,20260725,30,24
01042,000004492003,20260726,25,0
01042,000004492003,20260727,23,0
01042,000004492003,20260728,20,0
01042,000004492003,20260729,19,0
01042,000004492003,20260730,17,0
01042,000004492003,20260731,13,0
01042,000004493001,20260701,23,0
01042,000004493001,20260702,19,0
01042,000004493001,20260703,16,0
01042,000004493001,20260704,16,0
01042,000004493001,20260705,15,0
01042,000004493001,20260706,13,0
01042,000004493001,20260707,9,0
01042,000004493001,20260708,8,0
01042,000004493001,20260709,6,0
01042,000004493001,20260710,2,36
01042,000004493001,20260711,33,36
01042,000004493001,20260712,30,0
01042,000004493001,20260713,29,0
01042,000004493001,20260714,26,0
01042,000004493001,20260715,22,0
01042,000004493001,20260716,17,0
01042,000004493001,20260717,15,0
01042,000004493001,20260718,10,0
01042,000004493001,20260719,7,0
01042,000004493001,20260720,3,24
01042,000004493001,20260721,26,24
01042,000004493001,20260722,22,0
01042,000004493001,20260723,16,0
01042,000004493001,20260724,14,0
01042,000004493001,20260725,10,0
01042,000004493001,20260726,41,36
01042,000004493001,20260727,40,0
01042,000004493001,20260728,38,0
01042,000004493001,20260729,36,0
01042,000004493001,20260730,32,0
01042,000004493001,20260731,27,0
01042,000004493002,20260701,11,0
01042,000004493002,20260702,7,0
01042,000004493002,20260703,2,36
01042,000004493002,20260704,25,24
01042,000004493002,20260705,22,0
01042,000004493002,20260706,19,0
01042,000004493002,20260707,16,0
01042,000004493002,20260708,12,0
01042,000004493002,20260709,11,0
01042,000004493002,20260710,6,0
01042,000004493002,20260711,14,12
01042,000004493002,20260712,11,0
01042,000004493002,20260713,10,0
01042,000004493002,20260714,9,0
01042,000004493002,20260715,30,24
01042,000004493002,20260716,26,0
01042,000004493002,20260717,23,0
01042,000004493002,20260718,20,0
01042,000004493002,20260719,18,0
01042,000004493002,20260720,16,0
01042,000004493002,20260721,13,0
01042,000004493002,20260722,10,0
01042,000004493002,20260723,7,0
01042,000004493002,20260724,17,12
01042,000004493002,20260725,15,0
01042,000004493002,20260726,12,0
01042,000004493002,20260727,9,0
01042,000004493002,20260728,40,36
01042,000004493002,20260729,38,0
01042,000004493002,20260730,35,0
01042,000004493002,20260731,33,0
01042,000000551020,20260701,7,0
01042,000000551020,20260702,39,36
01042,000000551020,20260703,38,0
01042,000000551020,20260704,32,0
01042,000000551020,20260705,30,0
01042,000000551020,20260706,28,0
01042,000000551020,20260707,26,0
01042,000000551020,20260708,21,0
01042,000000551020,20260709,19,0
01042,000000551020,20260710,14,0
01042,000000551020,20260711,11,0
01042,000000551020,20260712,8,0
01042,000000551020,20260713,2,36
01042,000000551020,20260714,13,12
01042,000000551020,20260715,12,0
01042,000000551020,20260716,9,0
01042,000000551020,20260717,27,24
01042,000000551020,20260718,25,0
01042,000000551020,20260719,21,0
01042,000000551020,20260720,18,0
01042,000000551020,20260721,17,0
01042,000000551020,20260722,16,0
01042,000000551020,20260723,13,0
01042,000000551020,20260724,11,0
01042,000000551020,20260725,9,0
01042,000000551020,20260726,9,0
01042,000000551020,20260727,8,0
01042,000000551020,20260728,7,0
01042,000000551020,20260729,16,12
01042,000000551020,20260730,13,0
01042,000000551020,20260731,12,0
01042,000000551021,20260701,12,0
01042,000000551021,20260702,9,0
01042,000000551021,20260703,16,12
01042,000000551021,20260704,14,0
01042,000000551021,20260705,11,0
01042,000000551021,20260706,7,0
01042,000000551021,20260707,14,12
01042,000000551021,20260708,13,0
01042,000000551021,20260709,8,0
01042,000000551021,20260710,18,12
01042,000000551021,20260711,14,0
01042,000000551021,20260712,13,0
01042,000000551021,20260713,9,0
01042,000000551021,20260714,5,24
01042,000000551021,20260715,16,12
01042,000000551021,20260716,14,0
01042,000000551021,20260717,13,0
01042,000000551021,20260718,10,0
01042,000000551021,20260719,8,0
01042,000000551021,20260720,5,12
01042,000000551021,20260721,0,36
01042,000000551021,20260722,0,36
01042,000000551021,20260723,10,12
01042,000000551021,20260724,6,0
01042,000000551021,20260725,4,36
01042,000000551021,20260726,15,12
01042,000000551021,20260727,9,0
01042,000000551021,20260728,7,0
01042,000000551021,20260729,2,24
01042,000000551021,20260730,12,12
01042,000000551021,20260731,10,0
01042,000000552001,20260701,11,0
01042,000000552001,20260702,9,0
01042,000000552001,20260703,4,36
01042,000000552001,20260704,12,12
01042,000000552001,20260705,10,0
01042,000000552001,20260706,4,12
01042,000000552001,20260707,37,36
01042,000000552001,20260708,32,0
01042,000000552001,20260709,31,0
01042,000000552001,20260710,27,0
01042,000000552001,20260711,26,0
01042,000000552001,20260712,25,0
01042,000000552001,20260713,21,0
01042,000000552001,20260714,20,0
01042,000000552001,20260715,18,0
01042,000000552001,20260716,13,0
01042,000000552001,20260717,12,0
01042,000000552001,20260718,7,0
01042,000000552001,20260719,4,24
01042,000000552001,20260720,4,36
01042,000000552001,20260721,37,36
01042,000000552001,20260722,33,0
01042,000000552001,20260723,32,0
01042,000000552001,20260724,30,0
01042,000000552001,20260725,25,0
01042,000000552001,20260726,23,0
01042,000000552001,20260727,18,0
01042,000000552001,20260728,14,0
01042,000000552001,20260729,13,0
01042,000000552001,20260730,8,0
01042,000000552001,20260731,7,0
01042,000000552002,20260701,10,0
01042,000000552002,20260702,17,12
01042,000000552002,20260703,14,0
01042,000000552002,20260704,8,0
01042,000000552002,20260705,18,12
01042,000000552002,20260706,14,0
01042,000000552002,20260707,10,0
01042,000000552002,20260708,40,36
01042,000000552002,20260709,37,0
01042,000000552002,20260710,34,0
01042,000000552002,20260711,28,0
01042,000000552002,20260712,24,0
01042,000000552002,20260713,19,0
01042,000000552002,20260714,18,0
01042,000000552002,20260715,15,0
01042,000000552002,20260716,9,0
01042,000000552002,20260717,41,36
01042,000000552002,20260718,39,0
01042,000000552002,20260719,35,0
01042,000000552002,20260720,30,0
01042,000000552002,20260721,26,0
01042,000000552002,20260722,21,0
01042,000000552002,20260723,20,0
01042,000000552002,20260724,20,0
01042,000000552002,20260725,15,0
01042,000000552002,20260726,9,0
01042,000000552002,20260727,6,0
01042,000000552002,20260728,38,36
01042,000000552002,20260729,33,0
01042,000000552002,20260730,30,0
01042,000000552002,20260731,24,0
01042,000000561001,20260701,14,0
01042,000000561001,20260702,8,0
01042,000000561001,20260703,7,0
01042,000000561001,20260704,38,36
01042,000000561001,20260705,36,0
01042,000000561001,20260706,30,0
01042,000000561001,20260707,27,0
01042,000000561001,20260708,26,0
01042,000000561001,20260709,24,0
01042,000000561001,20260710,23,0
01042,000000561001,20260711,18,0
01042,000000561001,20260712,13,0
01042,000000561001,20260713,8,0
01042,000000561001,20260714,29,24
01042,000000561001,20260715,27,0
01042,000000561001,20260716,22,0
01042,000000561001,20260717,22,0
01042,000000561001,20260718,16,0
01042,000000561001,20260719,12,0
01042,000000561001,20260720,7,0
01042,000000561001,20260721,4,36
01042,000000561001,20260722,23,24
01042,000000561001,20260723,22,0
01042,000000561001,20260724,19,0
01042,000000561001,20260725,18,0
01042,000000561001,20260726,14,0
01042,000000561001,20260727,10,0
01042,000000561001,20260728,41,36
01042,000000561001,20260729,37,0
01042,000000561001,20260730,33,0
01042,000000561001,20260731,28,0
01042,000000561002,20260701,19,0
01042,000000561002,20260702,17,0
01042,000000561002,20260703,13,0
01042,000000561002,20260704,7,0
01042,000000561002,20260705,13,12
01042,000000561002,20260706,8,0
01042,000000561002,20260707,41,36
01042,000000561002,20260708,38,0
01042,000000561002,20260709,36,0
01042,000000561002,20260710,30,0
01042,000000561002,20260711,27,0
01042,000000561002,20260712,23,0
01042,000000561002,20260713,18,0
01042,000000561002,20260714,12,0
01042,000000561002,20260715,10,0
01042,000000561002,20260716,8,0
01042,000000561002,20260717,5,36
01042,000000561002,20260718,38,36
01042,000000561002,20260719,36,0
01042,000000561002,20260720,35,0
01042,000000561002,20260721,35,0
01042,000000561002,20260722,30,0
01042,000000561002,20260723,27,0
01042,000000561002,20260724,24,0
01042,000000561002,20260725,21,0
01042,000000561002,20260726,20,0
01042,000000561002,20260727,16,0
01042,000000561002,20260728,14,0
01042,000000561002,20260729,12,0
01042,000000561002,20260730,9,0
01042,000000561002,20260731,6,0
01042,000000562001,20260701,17,0
01042,000000562001,20260702,14,0
01042,000000562001,20260703,12,0
01042,000000562001,20260704,10,0
01042,000000562001,20260705,8,0
01042,000000562001,20260706,7,0
01042,000000562001,20260707,3,12
01042,000000562001,20260708,15,12
01042,000000562001,20260709,14,0
01042,000000562001,20260710,13,0
01042,000000562001,20260711,10,0
01042,000000562001,20260712,6,0
01042,000000562001,20260713,41,36
01042,000000562001,20260714,37,0
01042,000000562001,20260715,-3,0
01042,000000562001,20260716,33,0
01042,000000562001,20260717,30,0
01042,000000562001,20260718,28,0
01042,000000562001,20260719,22,0
01042,000000562001,20260720,20,0
01042,000000562001,20260721,14,0
01042,000000562001,20260722,9,0
01042,000000562001,20260723,39,36
01042,000000562001,20260724,35,0
01042,000000562001,20260725,30,0
01042,000000562001,20260726,29,0
01042,000000562001,20260727,29,0
01042,000000562001,20260728,25,0
01042,000000562001,20260729,21,0
01042,000000562001,20260730,20,0
01042,000000562001,20260731,15,0
01042,000000562002,20260701,27,0
01042,000000562002,20260702,27,0
01042,000000562002,20260703,22,0
01042,000000562002,20260704,20,0
01042,000000562002,20260705,16,0
01042,000000562002,20260706,14,0
01042,000000562002,20260707,9,0
01042,000000562002,20260708,40,36
01042,000000562002,20260709,38,0
01042,000000562002,20260710,33,0
01042,000000562002,20260711,28,0
01042,000000562002,20260712,24,0
01042,000000562002,20260713,19,0
01042,000000562002,20260714,16,0
01042,000000562002,20260715,12,0
01042,000000562002,20260716,9,0
01042,000000562002,20260717,16,12
01042,000000562002,20260718,10,0
01042,000000562002,20260719,9,0
01042,000000562002,20260720,27,24
01042,000000562002,20260721,25,0
01042,000000562002,20260722,22,0
01042,000000562002,20260723,20,0
01042,000000562002,20260724,19,0
01042,000000562002,20260725,15,0
01042,000000562002,20260726,10,0
01042,000000562002,20260727,29,24
01042,000000562002,20260728,26,0
01042,000000562002,20260729,24,0
01042,000000562002,20260730,23,0
01042,000000562002,20260731,19,0
01107,000000020101,20260701,10,0
01107,000000020101,20260702,4,36
01107,000000020101,20260703,-3,12
01107,000000020101,20260704,17,12
01107,000000020101,20260705,13,0
01107,000000020101,20260706,10,0
01107,000000020101,20260707,8,0
01107,000000020101,20260708,38,36
01107,000000020101,20260709,32,0
01107,000000020101,20260710,26,0
01107,000000020101,20260711,19,0
01107,000000020101,20260712,17,0
01107,000000020101,20260713,11,0
01107,000000020101,20260714,6,0
01107,000000020101,20260715,17,12
01107,000000020101,20260716,10,0
01107,000000020101,20260717,15,12
01107,000000020101,20260718,8,0
01107,000000020101,20260719,4,24
01107,000000020101,20260720,0,36
01107,000000020101,20260721,19,24
01107,000000020101,20260722,17,0
01107,000000020101,20260723,11,0
01107,000000020101,20260724,7,0
01107,000000020101,20260725,40,36
01107,000000020101,20260726,32,0
01107,000000020101,20260727,24,0
01107,000000020101,20260728,16,0
01107,000000020101,20260729,11,0
01107,000000020101,20260730,9,0
01107,000000020101,20260731,7,0
01107,000000020102,20260701,16,0
01107,000000020102,20260702,15,0
01107,000000020102,20260703,7,0
01107,000000020102,20260704,2,36
01107,000000020102,20260705,0,12
01107,000000020102,20260706,18,24
01107,000000020102,20260707,14,0
01107,000000020102,20260708,10,0
01107,000000020102,20260709,7,0
01107,000000020102,20260710,15,12
01107,000000020102,20260711,13,0
01107,000000020102,20260712,6,12
01107,000000020102,20260713,3,12
01107,000000020102,20260714,0,36
01107,000000020102,20260715,0,36
01107,000000020102,20260716,0,12
01107,000000020102,20260717,31,36
01107,000000020102,20260718,29,0
01107,000000020102,20260719,21,0
01107,000000020102,20260720,18,0
01107,000000020102,20260721,16,0
01107,000000020102,20260722,10,0
01107,000000020102,20260723,2,36
01107,000000020102,20260724,0,36
01107,000000020102,20260725,20,24
01107,000000020102,20260726,15,0
01107,000000020102,20260727,11,0
01107,000000020102,20260728,9,0
01107,000000020102,20260729,41,36
01107,000000020102,20260730,38,0
01107,000000020102,20260731,35,0
01107,000000020201,20260701,11,0
01107,000000020201,20260702,41,36
01107,000000020201,20260703,36,0
01107,000000020201,20260704,33,0
01107,000000020201,20260705,26,0
01107,000000020201,20260706,20,0
01107,000000020201,20260707,14,0
01107,000000020201,20260708,12,0
01107,000000020201,20260709,7,0
01107,000000020201,20260710,27,24
01107,000000020201,20260711,19,0
01107,000000020201,20260712,14,0
01107,000000020201,20260713,6,0
01107,000000020201,20260714,15,12
01107,000000020201,20260715,9,0
01107,000000020201,20260716,27,24
01107,000000020201,20260717,26,0
01107,000000020201,20260718,24,0
01107,000000020201,20260719,22,0
01107,000000020201,20260720,20,0
01107,000000020201,20260721,13,0
01107,000000020201,20260722,30,24
01107,000000020201,20260723,22,0
01107,000000020201,20260724,18,0
01107,000000020201,20260725,11,0
01107,000000020201,20260726,41,36
01107,000000020201,20260727,36,0
01107,000000020201,20260728,32,0
01107,000000020201,20260729,32,0
01107,000000020201,20260730,30,0
01107,000000020201,20260731,25,0
01107,000000020202,20260701,11,0
01107,000000020202,20260702,16,12
01107,000000020202,20260703,14,0
01107,000000020202,20260704,9,0
01107,000000020202,20260705,38,36
01107,000000020202,20260706,33,0
01107,000000020202,20260707,29,0
01107,000000020202,20260708,26,0
01107,000000020202,20260709,23,0
01107,000000020202,20260710,18,0
01107,000000020202,20260711,12,0
01107,000000020202,20260712,5,24
01107,000000020202,20260713,21,24
01107,000000020202,20260714,15,0
01107,000000020202,20260715,14,0
01107,000000020202,20260716,9,0
01107,000000020202,20260717,3,12
01107,000000020202,20260718,25,24
01107,000000020202,20260719,19,0
01107,000000020202,20260720,18,0
01107,000000020202,20260721,10,0
01107,000000020202,20260722,8,0
01107,000000020202,20260723,4,36
01107,000000020202,20260724,35,36
01107,000000020202,20260725,28,0
01107,000000020202,20260726,24,0
01107,000000020202,20260727,16,0
01107,000000020202,20260728,14,0
01107,000000020202,20260729,13,0
01107,000000020202,20260730,5,24
01107,000000020202,20260731,3,12
01107,000000030102,20260701,22,0
01107,000000030102,20260702,19,0
01107,000000030102,20260703,18,0
01107,000000030102,20260704,10,0
01107,000000030102,20260705,1,36
01107,000000030102,20260706,12,12
01107,000000030102,20260707,17,12
01107,000000030102,20260708,12,0
01107,000000030102,20260709,10,0
01107,000000030102,20260710,38,36
01107,000000030102,20260711,33,0
01107,000000030102,20260712,29,0
01107,000000030102,20260713,27,0
01107,000000030102,20260714,22,0
01107,000000030102,20260715,19,0
01107,000000030102,20260716,15,0
01107,000000030102,20260717,10,0
01107,000000030102,20260718,40,36
01107,000000030102,20260719,35,0
01107,000000030102,20260720,30,0
01107,000000030102,20260721,22,0
01107,000000030102,20260722,14,0
01107,000000030102,20260723,7,0
01107,000000030102,20260724,6,24
01107,000000030102,20260725,15,12
01107,000000030102,20260726,13,0
01107,000000030102,20260727,11,0
01107,000000030102,20260728,15,12
01107,000000030102,20260729,8,0
01107,000000030102,20260730,38,36
01107,000000030102,20260731,37,0
01107,000000030201,20260701,23,0
01107,000000030201,20260702,18,0
01107,000000030201,20260703,11,0
01107,000000030201,20260704,7,0
01107,000000030201,20260705,29,24
01107,000000030201,20260706,22,0
01107,000000030201,20260707,17,0
01107,000000030201,20260708,12,0
01107,000000030201,20260709,42,36
01107,000000030201,20260710,37,0
01107,000000030201,20260711,33,0
01107,000000030201,20260712,28,0
01107,000000030201,20260713,22,0
01107,000000030201,20260714,15,0
01107,000000030201,20260715,7,0
01107,000000030201,20260716,4,12
01107,000000030201,20260717,38,36
01107,000000030201,20260718,33,0
01107,000000030201,20260719,25,0
01107,000000030201,20260720,19,0
01107,000000030201,20260721,17,0
01107,000000030201,20260722,17,0
01107,000000030201,20260723,9,0
01107,000000030201,20260724,4,24
01107,000000030201,20260725,0,36
01107,000000030201,20260726,0,12
01107,000000030201,20260727,0,24
01107,000000030201,20260728,0,36
01107,000000030201,20260729,0,12
01107,000000030201,20260730,18,24
01107,000000030201,20260731,17,0
01107,000000030202,20260701,22,0
01107,000000030202,20260702,16,0
01107,000000030202,20260703,14,0
01107,000000030202,20260704,12,0
01107,000000030202,20260705,4,24
01107,000000030202,20260706,37,36
01107,000000030202,20260707,35,0
01107,000000030202,20260708,32,0
01107,000000030202,20260709,27,0
01107,000000030202,20260710,20,0
01107,000000030202,20260711,15,0
01107,000000030202,20260712,10,0
01107,000000030202,20260713,39,36
01107,000000030202,20260714,37,0
01107,000000030202,20260715,29,0
01107,000000030202,20260716,27,0
01107,000000030202,20260717,20,0
01107,000000030202,20260718,13,0
01107,000000030202,20260719,11,0
01107,000000030202,20260720,9,0
01107,000000030202,20260721,8,0
01107,000000030202,20260722,13,12
01107,000000030202,20260723,10,0
01107,000000030202,20260724,16,12
01107,000000030202,20260725,14,0
01107,000000030202,20260726,7,0
01107,000000030202,20260727,23,24
01107,000000030202,20260728,19,0
01107,000000030202,20260729,12,0
01107,000000030202,20260730,9,0
01107,000000030202,20260731,1,24
01107,000000030203,20260701,17,0
01107,000000030203,20260702,15,0
01107,000000030203,20260703,11,0
01107,000000030203,20260704,10,0
01107,000000030203,20260705,18,12
01107,000000030203,20260706,15,0
01107,000000030203,20260707,14,0
01107,000000030203,20260708,7,0
01107,000000030203,20260709,0,36
01107,000000030203,20260710,6,12
01107,000000030203,20260711,5,12
01107,000000030203,20260712,13,12
01107,000000030203,20260713,9,0
01107,000000030203,20260714,9,0
01107,000000030203,20260715,14,12
01107,000000030203,20260716,7,0
01107,000000030203,20260717,14,12
01107,000000030203,20260718,17,12
01107,000000030203,20260719,9,0
01107,000000030203,20260720,2,24
01107,000000030203,20260721,0,12
01107,000000030203,20260722,0,36
01107,000000030203,20260723,0,12
01107,000000030203,20260724,0,36
01107,000000030203,20260725,0,36
01107,000000030203,20260726,0,36
01107,000000030203,20260727,20,24
01107,000000030203,20260728,16,0
01107,000000030203,20260729,15,0
01107,000000030203,20260730,10,0
01107,000000030203,20260731,7,0
01107,000000031101,20260701,15.277,12
01107,000000031101,20260702,7.254,0
01107,000000031101,20260703,14.899,12
01107,000000031101,20260704,9.714,0
01107,000000031101,20260705,41.037,36
01107,000000031101,20260706,33.849,0
01107,000000031101,20260707,31.339,0
01107,000000031101,20260708,25.254,0
01107,000000031101,20260709,17.603,0
01107,000000031101,20260710,10.092,0
01107,000000031101,20260711,39.947,36
01107,000000031101,20260712,38.827,0
01107,000000031101,20260713,31.389,0
01107,000000031101,20260714,25.502,0
01107,000000031101,20260715,22.963,0
01107,000000031101,20260716,14.994,0
01107,000000031101,20260717,9.114,0
01107,000000031101,20260718,37.434,36
01107,000000031101,20260719,29.935,0
01107,000000031101,20260720,21.584,0
01107,000000031101,20260721,17.340,0
01107,000000031101,20260722,9.675,0
01107,000000031101,20260723,4.643,12
01107,000000031101,20260724,35.579,36
01107,000000031101,20260725,34.071,0
01107,000000031101,20260726,26.504,0
01107,000000031101,20260727,18.184,0
01107,000000031101,20260728,10.629,0
01107,000000031101,20260729,6.153,0
01107,000000031101,20260730,0.000,12
01107,000000031101,20260731,21.463,24
01107,000000031102,20260701,11.229,0
01107,000000031102,20260702,5.203,12
01107,000000031102,20260703,23.847,24
01107,000000031102,20260704,22.552,0
01107,000000031102,20260705,16.792,0
01107,000000031102,20260706,10.123,0
01107,000000031102,20260707,5.152,24
01107,000000031102,20260708,11.940,12
01107,000000031102,20260709,29.812,24
01107,000000031102,20260710,26.174,0
01107,000000031102,20260711,20.452,0
01107,000000031102,20260712,19.123,0
01107,000000031102,20260713,17.830,0
01107,000000031102,20260714,11.574,0
01107,000000031102,20260715,7.014,0
01107,000000031102,20260716,6.137,0
01107,000000031102,20260717,3.615,36
01107,000000031102,20260718,0.000,12
01107,000000031102,20260719,20.743,24
01107,000000031102,20260720,19.462,0
01107,000000031102,20260721,14.971,0
01107,000000031102,20260722,13.046,0
01107,000000031102,20260723,9.246,0
01107,000000031102,20260724,25.247,24
01107,000000031102,20260725,17.872,0
01107,000000031102,20260726,14.667,0
01107,000000031102,20260727,6.304,0
01107,000000031102,20260728,2.757,12
01107,000000031102,20260729,0.302,36
01107,000000031102,20260730,21.707,24
01107,000000031102,20260731,15.405,0
01107,000000040101,20260701,31.190,0
01107,000000040101,20260702,29.836,0
01107,000000040101,20260703,21.689,0
01107,000000040101,20260704,16.562,0
01107,000000040101,20260705,13.244,0
01107,000000040101,20260706,9.341,0
01107,000000040101,20260707,40.537,36
01107,000000040101,20260708,33.108,0
01107,000000040101,20260709,26.130,0
01107,000000040101,20260710,17.916,0
01107,000000040101,20260711,13.989,0
01107,000000040101,20260712,10.502,0
01107,000000040101,20260713,14.709,12
01107,000000040101,20260714,10.190,0
01107,000000040101,20260715,16.432,12
01107,000000040101,20260716,14.977,0
01107,000000040101,20260717,6.886,0
01107,000000040101,20260718,38.461,36
01107,000000040101,20260719,32.810,0
01107,000000040101,20260720,27.060,0
01107,000000040101,20260721,21.414,0
01107,000000040101,20260722,14.089,0
01107,000000040101,20260723,6.159,0
01107,000000040101,20260724,4.551,12
01107,000000040101,20260725,11.637,12
01107,000000040101,20260726,7.507,0
01107,000000040101,20260727,40.315,36
01107,000000040101,20260728,38.272,0
01107,000000040101,20260729,32.240,0
01107,000000040101,20260730,25.504,0
01107,000000040101,20260731,21.759,0
01107,000000040102,20260701,0.000,36
01107,000000040102,20260702,0.000,12
01107,000000040102,20260703,0.000,24
01107,000000040102,20260704,18.825,24
01107,000000040102,20260705,10.693,0
01107,000000040102,20260706,9.007,0
01107,000000040102,20260707,2.102,12
01107,000000040102,20260708,0.000,36
01107,000000040102,20260709,15.605,24
01107,000000040102,20260710,10.095,0
01107,000000040102,20260711,6.731,0
01107,000000040102,20260712,3.014,36
01107,000000040102,20260713,10.568,12
01107,000000040102,20260714,38.378,36
01107,000000040102,20260715,31.747,0
01107,000000040102,20260716,28.870,0
01107,000000040102,20260717,27.281,0
01107,000000040102,20260718,21.422,0
01107,000000040102,20260719,16.567,0
01107,000000040102,20260720,12.310,0
01107,000000040102,20260721,9.956,0
01107,000000040102,20260722,17.945,12
01107,000000040102,20260723,15.689,0
01107,000000040102,20260724,13.630,0
01107,000000040102,20260725,10.174,0
01107,000000040102,20260726,6.326,0
01107,000000040102,20260727,4.220,24
01107,000000040102,20260728,25.584,24
01107,000000040102,20260729,18.150,0
01107,000000040102,20260730,11.071,0
01107,000000040102,20260731,9.867,0
01107,000000040203,20260701,11,0
01107,000000040203,20260702,10,0
01107,000000040203,20260703,1,36
01107,000000040203,20260704,11,12
01107,000000040203,20260705,7,0
01107,000000040203,20260706,2,24
01107,000000040203,20260707,35,36
01107,000000040203,20260708,32,0
01107,000000040203,20260709,28,0
01107,000000040203,20260710,20,0
01107,000000040203,20260711,16,0
01107,000000040203,20260712,13,0
01107,000000040203,20260713,10,0
01107,000000040203,20260714,18,12
01107,000000040203,20260715,11,0
01107,000000040203,20260716,4,24
01107,000000040203,20260717,14,12
01107,000000040203,20260718,10,0
01107,000000040203,20260719,3,36
01107,000000040203,20260720,0,12
01107,000000040203,20260721,6,12
01107,000000040203,20260722,17,12
01107,000000040203,20260723,14,0
01107,000000040203,20260724,11,0
01107,000000040203,20260725,9,0
01107,000000040203,20260726,39,36
01107,000000040203,20260727,37,0
01107,000000040203,20260728,29,0
01107,000000040203,20260729,27,0
01107,000000040203,20260730,26,0
01107,000000040203,20260731,24,0
01107,000004471023,20260701,7,0
01107,000004471023,20260702,30,24
01107,000004471023,20260703,24,0
01107,000004471023,20260704,19,0
01107,000004471023,20260705,13,0
01107,000004471023,20260706,12,0
01107,000004471023,20260707,10,0
01107,000004471023,20260708,9,0
01107,000004471023,20260709,3,12
01107,000004471023,20260710,12,12
01107,000004471023,20260711,9,0
01107,000004471023,20260712,28,24
01107,000004471023,20260713,26,0
01107,000004471023,20260714,20,0
01107,000004471023,20260715,15,0
01107,000004471023,20260716,11,0
01107,000004471023,20260717,6,0
01107,000004471023,20260718,25,24
01107,000004471023,20260719,23,0
01107,000004471023,20260720,22,0
01107,000004471023,20260721,20,0
01107,000004471023,20260722,18,0
01107,000004471023,20260723,17,0
01107,000004471023,20260724,12,0
01107,000004471023,20260725,12,0
01107,000004471023,20260726,10,0
01107,000004471023,20260727,9,0
01107,000004471023,20260728,8,0
01107,000004471023,20260729,15,12
01107,000004471023,20260730,13,0
01107,000004471023,20260731,8,0
01107,000004471030,20260701,20,0
01107,000004471030,20260702,17,0
01107,000004471030,20260703,16,0
01107,000004471030,20260704,14,0
01107,000004471030,20260705,12,0
01107,000004471030,20260706,8,0
01107,000004471030,20260707,40,36
01107,000004471030,20260708,39,0
01107,000004471030,20260709,36,0
01107,000004471030,20260710,33,0
01107,000004471030,20260711,28,0
01107,000004471030,20260712,23,0
01107,000004471030,20260713,17,0
01107,000004471030,20260714,15,0
01107,000004471030,20260715,10,0
01107,000004471030,20260716,7,0
01107,000004471030,20260717,38,36
01107,000004471030,20260718,37,0
01107,000004471030,20260719,32,0
01107,000004471030,20260720,29,0
01107,000004471030,20260721,23,0
01107,000004471030,20260722,19,0
01107,000004471030,20260723,16,0
01107,000004471030,20260724,15,0
01107,000004471030,20260725,12,0
01107,000004471030,20260726,9,0
01107,000004471030,20260727,17,12
01107,000004471030,20260728,16,0
01107,000004471030,20260729,10,0
01107,000004471030,20260730,8,0
01107,000004471030,20260731,28,24
01107,000004471040,20260701,21,0
01107,000004471040,20260702,20,0
01107,000004471040,20260703,14,0
01107,000004471040,20260704,11,0
01107,000004471040,20260705,9,0
01107,000004471040,20260706,5,36
01107,000004471040,20260707,2,12
01107,000004471040,20260708,9,12
01107,000004471040,20260709,7,0
01107,000004471040,20260710,17,12
01107,000004471040,20260711,13,0
01107,000004471040,20260712,12,0
01107,000004471040,20260713,8,0
01107,000004471040,20260714,39,36
01107,000004471040,20260715,39,0
01107,000004471040,20260716,38,0
01107,000004471040,20260717,33,0
01107,000004471040,20260718,30,0
01107,000004471040,20260719,26,0
01107,000004471040,20260720,25,0
01107,000004471040,20260721,20,0
01107,000004471040,20260722,15,0
01107,000004471040,20260723,13,0
01107,000004471040,20260724,11,0
01107,000004471040,20260725,6,36
01107,000004471040,20260726,17,12
01107,000004471040,20260727,14,0
01107,000004471040,20260728,12,0
01107,000004471040,20260729,10,0
01107,000004471040,20260730,10,0
01107,000004471040,20260731,42,36
01107,000004472003,20260701,11,0
01107,000004472003,20260702,9,0
01107,000004472003,20260703,17,12
01107,000004472003,20260704,15,0
01107,000004472003,20260705,12,0
01107,000004472003,20260706,10,0
01107,000004472003,20260707,8,0
01107,000004472003,20260708,29,24
01107,000004472003,20260709,27,0
01107,000004472003,20260710,22,0
01107,000004472003,20260711,18,0
01107,000004472003,20260712,15,0
01107,000004472003,20260713,10,0
01107,000004472003,20260714,8,0
01107,000004472003,20260715,42,36
01107,000004472003,20260716,38,0
01107,000004472003,20260717,35,0
01107,000004472003,20260718,30,0
01107,000004472003,20260719,24,0
01107,000004472003,20260720,21,0
01107,000004472003,20260721,20,0
01107,000004472003,20260722,19,0
01107,000004472003,20260723,15,0
01107,000004472003,20260724,12,0
01107,000004472003,20260725,9,0
01107,000004472003,20260726,7,0
01107,000004472003,20260727,6,0
01107,000004472003,20260728,37,36
01107,000004472003,20260729,36,0
01107,000004472003,20260730,35,0
01107,000004472003,20260731,32,0
01107,000004473001,20260701,8,0
01107,000004473001,20260702,17,12
01107,000004473001,20260703,13,0
01107,000004473001,20260704,8,0
01107,000004473001,20260705,7,0
01107,000004473001,20260706,37,36
01107,000004473001,20260707,37,0
01107,000004473001,20260708,34,0
01107,000004473001,20260709,31,0
01107,000004473001,20260710,29,0
01107,000004473001,20260711,27,0
01107,000004473001,20260712,21,0
01107,000004473001,20260713,21,0
01107,000004473001,20260714,16,0
01107,000004473001,20260715,12,0
01107,000004473001,20260716,11,0
01107,000004473001,20260717,6,0
01107,000004473001,20260718,29,24
01107,000004473001,20260719,23,0
01107,000004473001,20260720,18,0
01107,000004473001,20260721,15,0
01107,000004473001,20260722,11,0
01107,000004473001,20260723,7,0
01107,000004473001,20260724,17,12
01107,000004473001,20260725,12,0
01107,000004473001,20260726,7,0
01107,000004473001,20260727,6,24
01107,000004473001,20260728,17,12
01107,000004473001,20260729,14,0
01107,000004473001,20260730,9,0
01107,000004473001,20260731,4,24
01107,000004473002,20260701,21,0
01107,000004473002,20260702,18,0
01107,000004473002,20260703,14,0
01107,000004473002,20260704,11,0
01107,000004473002,20260705,7,0
01107,000004473002,20260706,14,12
01107,000004473002,20260707,14,0
01107,000004473002,20260708,10,0
01107,000004473002,20260709,29,24
01107,000004473002,20260710,26,0
01107,000004473002,20260711,21,0
01107,000004473002,20260712,16,0
01107,000004473002,20260713,13,0
01107,000004473002,20260714,8,0
01107,000004473002,20260715,17,12
01107,000004473002,20260716,15,0
01107,000004473002,20260717,10,0
01107,000004473002,20260718,9,0
01107,000004473002,20260719,8,0
01107,000004473002,20260720,40,36
01107,000004473002,20260721,38,0
01107,000004473002,20260722,32,0
01107,000004473002,20260723,30,0
01107,000004473002,20260724,27,0
01107,000004473002,20260725,26,0
01107,000004473002,20260726,21,0
01107,000004473002,20260727,18,0
01107,000004473002,20260728,15,0
01107,000004473002,20260729,12,0
01107,000004473002,20260730,9,0
01107,000004473002,20260731,7,0
01107,000004473003,20260701,41,36
01107,000004473003,20260702,39,0
01107,000004473003,20260703,34,0
01107,000004473003,20260704,32,0
01107,000004473003,20260705,28,0
01107,000004473003,20260706,25,0
01107,000004473003,20260707,21,0
01107,000004473003,20260708,18,0
01107,000004473003,20260709,17,0
01107,000004473003,20260710,12,0
01107,000004473003,20260711,7,0
01107,000004473003,20260712,38,36
01107,000004473003,20260713,35,0
01107,000004473003,20260714,33,0
01107,000004473003,20260715,33,0
01107,000004473003,20260716,27,0
01107,000004473003,20260717,21,0
01107,000004473003,20260718,17,0
01107,000004473003,20260719,16,0
01107,000004473003,20260720,11,0
01107,000004473003,20260721,29,24
01107,000004473003,20260722,27,0
01107,000004473003,20260723,24,0
01107,000004473003,20260724,22,0
01107,000004473003,20260725,20,0
01107,000004473003,20260726,15,0
01107,000004473003,20260727,9,0
01107,000004473003,20260728,16,12
01107,000004473003,20260729,13,0
01107,000004473003,20260730,12,0
01107,000004473003,20260731,10,0
01107,000004482002,20260701,15,0
01107,000004482002,20260702,11,0
01107,000004482002,20260703,17,12
01107,000004482002,20260704,11,0
01107,000004482002,20260705,18,12
01107,000004482002,20260706,15,0
01107,000004482002,20260707,10,0
01107,000004482002,20260708,7,0
01107,000004482002,20260709,4,12
01107,000004482002,20260710,24,24
01107,000004482002,20260711,20,0
01107,000004482002,20260712,16,0
01107,000004482002,20260713,12,0
01107,000004482002,20260714,9,0
01107,000004482002,20260715,5,24
01107,000004482002,20260716,13,12
01107,000004482002,20260717,12,0
01107,000004482002,20260718,7,0
01107,000004482002,20260719,38,36
01107,000004482002,20260720,36,0
01107,000004482002,20260721,34,0
01107,000004482002,20260722,33,0
01107,000004482002,20260723,31,0
01107,000004482002,20260724,25,0
01107,000004482002,20260725,20,0
01107,000004482002,20260726,19,0
01107,000004482002,20260727,15,0
01107,000004482002,20260728,10,0
01107,000004482002,20260729,5,24
01107,000004482002,20260730,2,36
01107,000004482002,20260731,35,36
01107,000004482003,20260701,20,0
01107,000004482003,20260702,15,0
01107,000004482003,20260703,10,0
01107,000004482003,20260704,5,12
01107,000004482003,20260705,14,12
01107,000004482003,20260706,12,0
01107,000004482003,20260707,11,0
01107,000004482003,20260708,7,0
01107,000004482003,20260709,30,24
01107,000004482003,20260710,26,0
01107,000004482003,20260711,22,0
01107,000004482003,20260712,19,0
01107,000004482003,20260713,16,0
01107,000004482003,20260714,15,0
01107,000004482003,20260715,14,0
01107,000004482003,20260716,13,0
01107,000004482003,20260717,10,0
01107,000004482003,20260718,7,0
01107,000004482003,20260719,2,24
01107,000004482003,20260720,25,24
01107,000004482003,20260721,21,0
01107,000004482003,20260722,18,0
01107,000004482003,20260723,16,0
01107,000004482003,20260724,10,0
01107,000004482003,20260725,18,12
01107,000004482003,20260726,13,0
01107,000004482003,20260727,10,0
01107,000004482003,20260728,9,0
01107,000004482003,20260729,28,24
01107,000004482003,20260730,22,0
01107,000004482003,20260731,18,0
01107,000004483001,20260701,38,36
01107,000004483001,20260702,35,0
01107,000004483001,20260703,35,0
01107,000004483001,20260704,31,0
01107,000004483001,20260705,27,0
01107,000004483001,20260706,26,0
01107,000004483001,20260707,24,0
01107,000004483001,20260708,18,0
01107,000004483001,20260709,15,0
01107,000004483001,20260710,12,0
01107,000004483001,20260711,11,0
01107,000004483001,20260712,7,0
01107,000004483001,20260713,7,0
01107,000004483001,20260714,1,12
01107,000004483001,20260715,12,12
01107,000004483001,20260716,6,0
01107,000004483001,20260717,14,12
01107,000004483001,20260718,10,0
01107,000004483001,20260719,7,0
01107,000004483001,20260720,26,24
01107,000004483001,20260721,21,0
01107,000004483001,20260722,17,0
01107,000004483001,20260723,14,0
01107,000004483001,20260724,10,0
01107,000004483001,20260725,18,12
01107,000004483001,20260726,13,0
01107,000004483001,20260727,12,0
01107,000004483001,20260728,9,0
01107,000004483001,20260729,42,36
01107,000004483001,20260730,36,0
01107,000004483001,20260731,35,0
01107,000004491001,20260701,-1,0
01107,000004491001,20260702,8,0
01107,000004491001,20260703,41,36
01107,000004491001,20260704,37,0
01107,000004491001,20260705,32,0
01107,000004491001,20260706,31,0
01107,000004491001,20260707,30,0
01107,000004491001,20260708,28,0
01107,000004491001,20260709,22,0
01107,000004491001,20260710,18,0
01107,000004491001,20260711,13,0
01107,000004491001,20260712,9,0
01107,000004491001,20260713,3,24
01107,000004491001,20260714,10,12
01107,000004491001,20260715,6,0
01107,000004491001,20260716,17,12
01107,000004491001,20260717,11,0
01107,000004491001,20260718,8,0
01107,000004491001,20260719,18,12
01107,000004491001,20260720,16,0
01107,000004491001,20260721,11,0
01107,000004491001,20260722,42,36
01107,000004491001,20260723,38,0
01107,000004491001,20260724,36,0
01107,000004491001,20260725,34,0
01107,000004491001,20260726,29,0
01107,000004491001,20260727,24,0
01107,000004491001,20260728,18,0
01107,000004491001,20260729,14,0
01107,000004491001,20260730,13,0
01107,000004491001,20260731,9,0
01107,000004491002,20260701,10,0
01107,000004491002,20260702,17,12
01107,000004491002,20260703,13,0
01107,000004491002,20260704,11,0
01107,000004491002,20260705,10,0
01107,000004491002,20260706,8,0
01107,000004491002,20260707,15,12
01107,000004491002,20260708,11,0
01107,000004491002,20260709,7,0
01107,000004491002,20260710,28,24
01107,000004491002,20260711,26,0
01107,000004491002,20260712,21,0
01107,000004491002,20260713,17,0
01107,000004491002,20260714,15,0
01107,000004491002,20260715,10,0
01107,000004491002,20260716,18,12
01107,000004491002,20260717,14,0
01107,000004491002,20260718,9,0
01107,000004491002,20260719,8,0
01107,000004491002,20260720,5,24
01107,000004491002,20260721,35,36
01107,000004491002,20260722,29,0
01107,000004491002,20260723,27,0
01107,000004491002,20260724,22,0
01107,000004491002,20260725,18,0
01107,000004491002,20260726,13,0
01107,000004491002,20260727,10,0
01107,000004491002,20260728,18,12
01107,000004491002,20260729,14,0
01107,000004491002,20260730,14,0
01107,000004491002,20260731,8,0
01107,000004491003,20260701,16,0
01107,000004491003,20260702,14,0
01107,000004491003,20260703,10,0
01107,000004491003,20260704,8,0
01107,000004491003,20260705,39,36
01107,000004491003,20260706,34,0
01107,000004491003,20260707,30,0
01107,000004491003,20260708,27,0
01107,000004491003,20260709,25,0
01107,000004491003,20260710,22,0
01107,000004491003,20260711,20,0
01107,000004491003,20260712,14,0
01107,000004491003,20260713,12,0
01107,000004491003,20260714,6,0
01107,000004491003,20260715,3,12
01107,000004491003,20260716,38,36
01107,000004491003,20260717,33,0
01107,000004491003,20260718,30,0
01107,000004491003,20260719,30,0
01107,000004491003,20260720,28,0
01107,000004491003,20260721,26,0
01107,000004491003,20260722,25,0
01107,000004491003,20260723,23,0
01107,000004491003,20260724,20,0
01107,000004491003,20260725,18,0
01107,000004491003,20260726,17,0
01107,000004491003,20260727,15,0
01107,000004491003,20260728,13,0
01107,000004491003,20260729,10,0
01107,000004491003,20260730,6,0
01107,000004491003,20260731,3,12
01107,000004492001,20260701,16,0
01107,000004492001,20260702,16,0
01107,000004492001,20260703,14,0
01107,000004492001,20260704,10,0
01107,000004492001,20260705,16,12
01107,000004492001,20260706,11,0
01107,000004492001,20260707,7,0
01107,000004492001,20260708,30,24
01107,000004492001,20260709,25,0
01107,000004492001,20260710,21,0
01107,000004492001,20260711,16,0
01107,000004492001,20260712,11,0
01107,000004492001,20260713,9,0
01107,000004492001,20260714,7,0
01107,000004492001,20260715,15,12
01107,000004492001,20260716,10,0
01107,000004492001,20260717,8,0
01107,000004492001,20260718,14,12
01107,000004492001,20260719,10,0
01107,000004492001,20260720,41,36
01107,000004492001,20260721,39,0
01107,000004492001,20260722,36,0
01107,000004492001,20260723,34,0
01107,000004492001,20260724,30,0
01107,000004492001,20260725,27,0
01107,000004492001,20260726,24,0
01107,000004492001,20260727,21,0
01107,000004492001,20260728,18,0
01107,000004492001,20260729,17,0
01107,000004492001,20260730,12,0
01107,000004492001,20260731,10,0
01107,000004492002,20260701,21,0
01107,000004492002,20260702,16,0
01107,000004492002,20260703,11,0
01107,000004492002,20260704,9,0
01107,000004492002,20260705,17,12
01107,000004492002,20260706,15,0
01107,000004492002,20260707,10,0
01107,000004492002,20260708,10,0
01107,000004492002,20260709,40,36
01107,000004492002,20260710,38,0
01107,000004492002,20260711,34,0
01107,000004492002,20260712,32,0
01107,000004492002,20260713,27,0
01107,000004492002,20260714,21,0
01107,000004492002,20260715,15,0
01107,000004492002,20260716,15,0
01107,000004492002,20260717,9,0
01107,000004492002,20260718,9,0
01107,000004492002,20260719,27,24
01107,000004492002,20260720,22,0
01107,000004492002,20260721,22,0
01107,000004492002,20260722,16,0
01107,000004492002,20260723,14,0
01107,000004492002,20260724,13,0
01107,000004492002,20260725,8,0
01107,000004492002,20260726,40,36
01107,000004492002,20260727,39,0
01107,000004492002,20260728,34,0
01107,000004492002,20260729,32,0
01107,000004492002,20260730,28,0
01107,000004492002,20260731,23,0
01107,000004492003,20260701,13,0
01107,000004492003,20260702,11,0
01107,000004492003,20260703,17,12
01107,000004492003,20260704,14,0
01107,000004492003,20260705,10,0
01107,000004492003,20260706,16,12
01107,000004492003,20260707,13,0
01107,000004492003,20260708,12,0
01107,000004492003,20260709,7,0
01107,000004492003,20260710,16,12
01107,000004492003,20260711,15,0
01107,000004492003,20260712,9,0
01107,000004492003,20260713,6,0
01107,000004492003,20260714,41,36
01107,000004492003,20260715,40,0
01107,000004492003,20260716,35,0
01107,000004492003,20260717,31,0
01107,000004492003,20260718,28,0
01107,000004492003,20260719,26,0
01107,000004492003,20260720,22,0
01107,000004492003,20260721,20,0
01107,000004492003,20260722,15,0
01107,000004492003,20260723,12,0
01107,000004492003,20260724,6,0
01107,000004492003,20260725,2,36
01107,000004492003,20260726,11,12
01107,000004492003,20260727,11,0
01107,000004492003,20260728,9,0
01107,000004492003,20260729,5,36
01107,000004492003,20260730,27,24
01107,000004492003,20260731,22,0
01107,000004493001,20260701,8,0
01107,000004493001,20260702,17,12
01107,000004493001,20260703,13,0
01107,000004493001,20260704,10,0
01107,000004493001,20260705,7,0
01107,000004493001,20260706,25,24
01107,000004493001,20260707,22,0
01107,000004493001,20260708,16,0
01107,000004493001,20260709,13,0
01107,000004493001,20260710,-1,0
01107,000004493001,20260711,9,0
01107,000004493001,20260712,28,24
01107,000004493001,20260713,27,0
01107,000004493001,20260714,26,0
01107,000004493001,20260715,20,0
01107,000004493001,20260716,15,0
01107,000004493001,20260717,11,0
01107,000004493001,20260718,10,0
01107,000004493001,20260719,10,0
01107,000004493001,20260720,7,0
01107,000004493001,20260721,27,24
01107,000004493001,20260722,24,0
01107,000004493001,20260723,18,0
01107,000004493001,20260724,15,0
01107,000004493001,20260725,14,0
01107,000004493001,20260726,13,0
01107,000004493001,20260727,7,0
01107,000004493001,20260728,37,36
01107,000004493001,20260729,32,0
01107,000004493001,20260730,30,0
01107,000004493001,20260731,28,0
01107,000004493002,20260701,7,0
01107,000004493002,20260702,26,24
01107,000004493002,20260703,25,0
01107,000004493002,20260704,24,0
01107,000004493002,20260705,19,0
01107,000004493002,20260706,16,0
01107,000004493002,20260707,14,0
01107,000004493002,20260708,9,0
01107,000004493002,20260709,40,36
01107,000004493002,20260710,37,0
01107,000004493002,20260711,32,0
01107,000004493002,20260712,26,0
01107,000004493002,20260713,23,0
01107,000004493002,20260714,18,0
01107,000004493002,20260715,14,0
01107,000004493002,20260716,11,0
01107,000004493002,20260717,10,0
01107,000004493002,20260718,8,0
01107,000004493002,20260719,30,24
01107,000004493002,20260720,28,0
01107,000004493002,20260721,23,0
01107,000004493002,20260722,21,0
01107,000004493002,20260723,18,0
01107,000004493002,20260724,16,0
01107,000004493002,20260725,14,0
01107,000004493002,20260726,12,0
01107,000004493002,20260727,10,0
01107,000004493002,20260728,28,24
01107,000004493002,20260729,25,0
01107,000004493002,20260730,24,0
01107,000004493002,20260731,20,0
01107,000000005012,20260701,20,0
01107,000000005012,20260702,18,0
01107,000000005012,20260703,12,0
01107,000000005012,20260704,9,0
01107,000000005012,20260705,17,12
01107,000000005012,20260706,12,0
01107,000000005012,20260707,7,0
01107,000000005012,20260708,13,12
01107,000000005012,20260709,8,0
01107,000000005012,20260710,6,12
01107,000000005012,20260711,17,12
01107,000000005012,20260712,10,0
01107,000000005012,20260713,39,36
01107,000000005012,20260714,37,0
01107,000000005012,20260715,33,0
01107,000000005012,20260716,29,0
01107,000000005012,20260717,21,0
01107,000000005012,20260718,18,0
01107,000000005012,20260719,12,0
01107,000000005012,20260720,7,0
01107,000000005012,20260721,13,12
01107,000000005012,20260722,6,0
01107,000000005012,20260723,2,12
01107,000000005012,20260724,30,36
01107,000000005012,20260725,25,0
01107,000000005012,20260726,21,0
01107,000000005012,20260727,21,0
01107,000000005012,20260728,16,0
01107,000000005012,20260729,8,0
01107,000000005012,20260730,3,24
01107,000000005012,20260731,0,24
01107,000000005013,20260701,9,0
01107,000000005013,20260702,3,36
01107,000000005013,20260703,0,36
01107,000000005013,20260704,31,36
01107,000000005013,20260705,24,0
01107,000000005013,20260706,22,0
01107,000000005013,20260707,21,0
01107,000000005013,20260708,14,0
01107,000000005013,20260709,11,0
01107,000000005013,20260710,17,12
01107,000000005013,20260711,14,0
01107,000000005013,20260712,13,0
01107,000000005013,20260713,9,0
01107,000000005013,20260714,6,0
01107,000000005013,20260715,35,36
01107,000000005013,20260716,26,0
01107,000000005013,20260717,25,0
01107,000000005013,20260718,18,0
01107,000000005013,20260719,14,0
01107,000000005013,20260720,7,0
01107,000000005013,20260721,3,36
01107,000000005013,20260722,32,36
01107,000000005013,20260723,25,0
01107,000000005013,20260724,22,0
01107,000000005013,20260725,20,0
01107,000000005013,20260726,17,0
01107,000000005013,20260727,10,0
01107,000000005013,20260728,29,24
01107,000000005013,20260729,28,0
01107,000000005013,20260730,27,0
01107,000000005013,20260731,26,0
01107,000000005101,20260701,14,12
01107,000000005101,20260702,9,0
01107,000000005101,20260703,7,0
01107,000000005101,20260704,39,36
01107,000000005101,20260705,31,0
01107,000000005101,20260706,28,0
01107,000000005101,20260707,20,0
01107,000000005101,20260708,15,0
01107,000000005101,20260709,12,0
01107,000000005101,20260710,7,0
01107,000000005101,20260711,6,0
01107,000000005101,20260712,0,36
01107,000000005101,20260713,0,36
01107,000000005101,20260714,0,36
01107,000000005101,20260715,0,36
01107,000000005101,20260716,0,24
01107,000000005101,20260717,5,12
01107,000000005101,20260718,0,12
01107,000000005101,20260719,28,36
01107,000000005101,20260720,26,0
01107,000000005101,20260721,21,0
01107,000000005101,20260722,18,0
01107,000000005101,20260723,10,0
01107,000000005101,20260724,5,24
01107,000000005101,20260725,14,12
01107,000000005101,20260726,8,0
01107,000000005101,20260727,29,24
01107,000000005101,20260728,26,0
01107,000000005101,20260729,19,0
01107,000000005101,20260730,12,0
01107,000000005101,20260731,7,0
01107,000000005201,20260701,7,0
01107,000000005201,20260702,3,24
01107,000000005201,20260703,26,24
01107,000000005201,20260704,26,0
01107,000000005201,20260705,21,0
01107,000000005201,20260706,20,0
01107,000000005201,20260707,18,0
01107,000000005201,20260708,10,0
01107,000000005201,20260709,16,12
01107,000000005201,20260710,10,0
01107,000000005201,20260711,7,0
01107,000000005201,20260712,28,24
01107,000000005201,20260713,22,0
01107,000000005201,20260714,19,0
01107,000000005201,20260715,11,0
01107,000000005201,20260716,10,0
01107,000000005201,20260717,5,12
01107,000000005201,20260718,4,36
01107,000000005201,20260719,0,12
01107,000000005201,20260720,0,24
01107,000000005201,20260721,0,24
01107,000000005201,20260722,29,36
01107,000000005201,20260723,27,0
01107,000000005201,20260724,25,0
01107,000000005201,20260725,20,0
01107,000000005201,20260726,17,0
01107,000000005201,20260727,15,0
01107,000000005201,20260728,11,0
01107,000000005201,20260729,10,0
01107,000000005201,20260730,29,24
01107,000000005201,20260731,28,0
01107,000000005301,20260701,2,12
01107,000000005301,20260702,33,36
01107,000000005301,20260703,28,0
01107,000000005301,20260704,26,0
01107,000000005301,20260705,17,0
01107,000000005301,20260706,17,0
01107,000000005301,20260707,11,0
01107,000000005301,20260708,8,0
01107,000000005301,20260709,40,36
01107,000000005301,20260710,34,0
01107,000000005301,20260711,32,0
01107,000000005301,20260712,29,0
01107,000000005301,20260713,24,0
01107,000000005301,20260714,20,0
01107,000000005301,20260715,18,0
01107,000000005301,20260716,14,0
01107,000000005301,20260717,12,0
01107,000000005301,20260718,6,0
01107,000000005301,20260719,25,24
01107,000000005301,20260720,18,0
01107,000000005301,20260721,11,0
01107,000000005301,20260722,10,0
01107,000000005301,20260723,8,0
01107,000000005301,20260724,6,0
01107,000000005301,20260725,39,36
01107,000000005301,20260726,33,0
01107,000000005301,20260727,31,0
01107,000000005301,20260728,27,0
01107,000000005301,20260729,25,0
01107,000000005301,20260730,21,0
01107,000000005301,20260731,13,0
01107,000000552001,20260701,15,12
01107,000000552001,20260702,14,0
01107,000000552001,20260703,10,0
01107,000000552001,20260704,16,12
01107,000000552001,20260705,15,0
01107,000000552001,20260706,11,0
01107,000000552001,20260707,7,0
01107,000000552001,20260708,25,24
01107,000000552001,20260709,22,0
01107,000000552001,20260710,17,0
01107,000000552001,20260711,13,0
01107,000000552001,20260712,11,0
01107,000000552001,20260713,8,0
01107,000000552001,20260714,28,24
01107,000000552001,20260715,26,0
01107,000000552001,20260716,25,0
01107,000000552001,20260717,22,0
01107,000000552001,20260718,21,0
01107,000000552001,20260719,17,0
01107,000000552001,20260720,15,0
01107,000000552001,20260721,11,0
01107,000000552001,20260722,6,0
01107,000000552001,20260723,2,24
01107,000000552001,20260724,34,36
01107,000000552001,20260725,33,0
01107,000000552001,20260726,31,0
01107,000000552001,20260727,26,0
01107,000000552001,20260728,23,0
01107,000000552001,20260729,21,0
01107,000000552001,20260730,17,0
01107,000000552001,20260731,15,0
01107,000000552002,20260701,25,0
01107,000000552002,20260702,23,0
01107,000000552002,20260703,19,0
01107,000000552002,20260704,13,0
01107,000000552002,20260705,13,0
01107,000000552002,20260706,10,0
01107,000000552002,20260707,28,24
01107,000000552002,20260708,24,0
01107,000000552002,20260709,23,0
01107,000000552002,20260710,17,0
01107,000000552002,20260711,12,0
01107,000000552002,20260712,9,0
01107,000000552002,20260713,41,36
01107,000000552002,20260714,36,0
01107,000000552002,20260715,35,0
01107,000000552002,20260716,30,0
01107,000000552002,20260717,29,0
01107,000000552002,20260718,23,0
01107,000000552002,20260719,22,0
01107,000000552002,20260720,17,0
01107,000000552002,20260721,11,0
01107,000000552002,20260722,7,0
01107,000000552002,20260723,26,24
01107,000000552002,20260724,23,0
01107,000000552002,20260725,20,0
01107,000000552002,20260726,15,0
01107,000000552002,20260727,10,0
01107,000000552002,20260728,8,0
01107,000000552002,20260729,27,24
01107,000000552002,20260730,21,0
01107,000000552002,20260731,18,0
01107,000000562001,20260701,7,0
01107,000000562001,20260702,6,0
01107,000000562001,20260703,26,24
01107,000000562001,20260704,21,0
01107,000000562001,20260705,17,0
01107,000000562001,20260706,13,0
01107,000000562001,20260707,11,0
01107,000000562001,20260708,10,0
01107,000000562001,20260709,8,0
01107,000000562001,20260710,7,0
01107,000000562001,20260711,42,36
01107,000000562001,20260712,39,0
01107,000000562001,20260713,37,0
01107,000000562001,20260714,34,0
01107,000000562001,20260715,32,0
01107,000000562001,20260716,31,0
01107,000000562001,20260717,26,0
01107,000000562001,20260718,24,0
01107,000000562001,20260719,22,0
01107,000000562001,20260720,19,0
01107,000000562001,20260721,16,0
01107,000000562001,20260722,11,0
01107,000000562001,20260723,7,0
01107,000000562001,20260724,38,36
01107,000000562001,20260725,33,0
01107,000000562001,20260726,31,0
01107,000000562001,20260727,30,0
01107,000000562001,20260728,28,0
01107,000000562001,20260729,22,0
01107,000000562001,20260730,20,0
01107,000000562001,20260731,18,0
01107,000000562002,20260701,8,0
01107,000000562002,20260702,18,12
01107,000000562002,20260703,16,0
01107,000000562002,20260704,13,0
01107,000000562002,20260705,12,0
01107,000000562002,20260706,8,0
01107,000000562002,20260707,40,36
01107,000000562002,20260708,39,0
01107,000000562002,20260709,33,0
01107,000000562002,20260710,30,0
01107,000000562002,20260711,24,0
01107,000000562002,20260712,23,0
01107,000000562002,20260713,18,0
01107,000000562002,20260714,17,0
01107,000000562002,20260715,16,0
01107,000000562002,20260716,13,0
01107,000000562002,20260717,10,0
01107,000000562002,20260718,8,0
01107,000000562002,20260719,17,12
01107,000000562002,20260720,12,0
01107,000000562002,20260721,7,0
01107,000000562002,20260722,6,0
01107,000000562002,20260723,27,24
01107,000000562002,20260724,25,0
01107,000000562002,20260725,23,0
01107,000000562002,20260726,20,0
01107,000000562002,20260727,17,0
01107,000000562002,20260728,14,0
01107,000000562002,20260729,9,0
01107,000000562002,20260730,7,0
01107,000000562002,20260731,41,36
01107,000000093321,20260701,36.505,0
01107,000000093321,20260702,32.423,0
01107,000000093321,20260703,26.773,0
01107,000000093321,20260704,25.417,0
01107,000000093321,20260705,21.094,0
01107,000000093321,20260706,17.141,0
01107,000000093321,20260707,15.694,0
01107,000000093321,20260708,12.150,0
01107,000000093321,20260709,5.137,12
01107,000000093321,20260710,0.629,24
01107,000000093321,20260711,0.000,12
01107,000000093321,20260712,33.117,36
01107,000000093321,20260713,28.164,0
01107,000000093321,20260714,25.557,0
01107,000000093321,20260715,18.552,0
01107,000000093321,20260716,17.265,0
01107,000000093321,20260717,16.118,0
01107,000000093321,20260718,11.240,0
01107,000000093321,20260719,15.528,12
01107,000000093321,20260720,11.402,0
01107,000000093321,20260721,10.106,0
01107,000000093321,20260722,3.740,12
01107,000000093321,20260723,0.789,12
01107,000000093321,20260724,0.000,36
01107,000000093321,20260725,0.000,24
01107,000000093321,20260726,0.000,24
01107,000000093321,20260727,22.280,24
01107,000000093321,20260728,20.549,0
01107,000000093321,20260729,18.051,0
01107,000000093321,20260730,14.688,0
01107,000000093321,20260731,13.521,0
01107,000000093322,20260701,8.897,12
01107,000000093322,20260702,38.338,36
01107,000000093322,20260703,30.697,0
01107,000000093322,20260704,23.787,0
01107,000000093322,20260705,17.628,0
01107,000000093322,20260706,12.738,0
01107,000000093322,20260707,9.298,0
01107,000000093322,20260708,39.682,36
01107,000000093322,20260709,35.117,0
01107,000000093322,20260710,29.907,0
01107,000000093322,20260711,23.912,0
01107,000000093322,20260712,22.466,0
01107,000000093322,20260713,20.565,0
01107,000000093322,20260714,17.660,0
01107,000000093322,20260715,9.896,0
01107,000000093322,20260716,3.866,36
01107,000000093322,20260717,0.000,36
01107,000000093322,20260718,0.000,12
01107,000000093322,20260719,28.684,36
01107,000000093322,20260720,26.373,0
01107,000000093322,20260721,23.478,0
01107,000000093322,20260722,21.269,0
01107,000000093322,20260723,19.461,0
01107,000000093322,20260724,13.961,0
01107,000000093322,20260725,11.809,0
01107,000000093322,20260726,3.733,12
01107,000000093322,20260727,0.000,12
01107,000000093322,20260728,8.606,12
01107,000000093322,20260729,27.063,24
01107,000000093322,20260730,21.877,0
01107,000000093322,20260731,14.459,0
01107,000000093325,20260701,0.000,24
01107,000000093325,20260702,0.000,36
01107,000000093325,20260703,9.580,12
01107,000000093325,20260704,40.304,36
01107,000000093325,20260705,35.853,0
01107,000000093325,20260706,34.358,0
01107,000000093325,20260707,31.620,0
01107,000000093325,20260708,30.243,0
01107,000000093325,20260709,26.099,0
01107,000000093325,20260710,24.832,0
01107,000000093325,20260711,21.139,0
01107,000000093325,20260712,13.128,0
01107,000000093325,20260713,6.206,0
01107,000000093325,20260714,2.567,24
01107,000000093325,20260715,0.000,24
01107,000000093325,20260716,0.000,12
01107,000000093325,20260717,0.000,24
01107,000000093325,20260718,20.411,24
01107,000000093325,20260719,19.226,0
01107,000000093325,20260720,12.091,0
01107,000000093325,20260721,11.158,0
01107,000000093325,20260722,3.823,36
01107,000000093325,20260723,0.000,36
01107,000000093325,20260724,8.709,12
01107,000000093325,20260725,3.388,12
01107,000000093325,20260726,0.789,12
01107,000000093325,20260727,22.913,24
01107,000000093325,20260728,16.472,0
01107,000000093325,20260729,10.584,0
01107,000000093325,20260730,7.940,0
01107,000000093325,20260731,0.731,36
01107,000000093402,20260701,27.242,0
01107,000000093402,20260702,21.053,0
01107,000000093402,20260703,17.458,0
01107,000000093402,20260704,10.414,0
01107,000000093402,20260705,2.042,36
01107,000000093402,20260706,0.000,24
01107,000000093402,20260707,4.465,12
01107,000000093402,20260708,0.000,12
01107,000000093402,20260709,20.366,24
01107,000000093402,20260710,18.469,0
01107,000000093402,20260711,13.091,0
01107,000000093402,20260712,8.005,0
01107,000000093402,20260713,2.726,24
01107,000000093402,20260714,0.741,12
01107,000000093402,20260715,0.000,12
01107,000000093402,20260716,0.000,12
01107,000000093402,20260717,0.000,36
01107,000000093402,20260718,0.000,24
01107,000000093402,20260719,4.072,12
01107,000000093402,20260720,8.410,12
01107,000000093402,20260721,6.534,0
01107,000000093402,20260722,27.803,24
01107,000000093402,20260723,20.538,0
01107,000000093402,20260724,17.087,0
01107,000000093402,20260725,15.111,0
01107,000000093402,20260726,7.569,0
01107,000000093402,20260727,39.730,36
01107,000000093402,20260728,38.988,0
01107,000000093402,20260729,30.673,0
01107,000000093402,20260730,26.822,0
01107,000000093402,20260731,21.929,0
01107,000000093410,20260701,7.743,0
01107,000000093410,20260702,38.236,36
01107,000000093410,20260703,36.390,0
01107,000000093410,20260704,30.070,0
01107,000000093410,20260705,26.623,0
01107,000000093410,20260706,22.001,0
01107,000000093410,20260707,15.683,0
01107,000000093410,20260708,11.387,0
01107,000000093410,20260709,28.712,24
01107,000000093410,20260710,21.826,0
01107,000000093410,20260711,13.751,0
01107,000000093410,20260712,10.346,0
01107,000000093410,20260713,9.404,0
01107,000000093410,20260714,26.693,24
01107,000000093410,20260715,24.369,0
01107,000000093410,20260716,23.520,0
01107,000000093410,20260717,17.273,0
01107,000000093410,20260718,10.601,0
01107,000000093410,20260719,2.216,12
01107,000000093410,20260720,0.000,24
01107,000000093410,20260721,0.000,24
01107,000000093410,20260722,0.000,36
01107,000000093410,20260723,23.014,24
01107,000000093410,20260724,21.797,0
01107,000000093410,20260725,18.936,0
01107,000000093410,20260726,13.546,0
01107,000000093410,20260727,8.813,0
01107,000000093410,20260728,26.542,24
01107,000000093410,20260729,23.414,0
01107,000000093410,20260730,16.564,0
01107,000000093410,20260731,9.468,0
01107,000000093501,20260701,11,0
01107,000000093501,20260702,5,12
01107,000000093501,20260703,2,12
01107,000000093501,20260704,23,24
01107,000000093501,20260705,21,0
01107,000000093501,20260706,20,0
01107,000000093501,20260707,12,0
01107,000000093501,20260708,7,0
01107,000000093501,20260709,1,36
01107,000000093501,20260710,29,36
01107,000000093501,20260711,25,0
01107,000000093501,20260712,22,0
01107,000000093501,20260713,18,0
01107,000000093501,20260714,15,0
01107,000000093501,20260715,12,0
01107,000000093501,20260716,10,0
01107,000000093501,20260717,28,24
01107,000000093501,20260718,22,0
01107,000000093501,20260719,15,0
01107,000000093501,20260720,9,0
01107,000000093501,20260721,7,0
01107,000000093501,20260722,7,0
01107,000000093501,20260723,5,36
01107,000000093501,20260724,37,36
01107,000000093501,20260725,29,0
01107,000000093501,20260726,27,0
01107,000000093501,20260727,20,0
01107,000000093501,20260728,13,0
01107,000000093501,20260729,12,0
01107,000000093501,20260730,28,24
01107,000000093501,20260731,27,0
01107,000000093502,20260701,0,36
01107,000000093502,20260702,0,12
01107,000000093502,20260703,30,36
01107,000000093502,20260704,28,0
01107,000000093502,20260705,26,0
01107,000000093502,20260706,20,0
01107,000000093502,20260707,15,0
01107,000000093502,20260708,13,0
01107,000000093502,20260709,9,0
01107,000000093502,20260710,3,24
01107,000000093502,20260711,21,24
01107,000000093502,20260712,19,0
01107,000000093502,20260713,12,0
01107,000000093502,20260714,8,0
01107,000000093502,20260715,41,36
01107,000000093502,20260716,35,0
01107,000000093502,20260717,28,0
01107,000000093502,20260718,24,0
01107,000000093502,20260719,19,0
01107,000000093502,20260720,14,0
01107,000000093502,20260721,12,0
01107,000000093502,20260722,11,0
01107,000000093502,20260723,15,12
01107,000000093502,20260724,10,0
01107,000000093502,20260725,26,24
01107,000000093502,20260726,20,0
01107,000000093502,20260727,17,0
01107,000000093502,20260728,12,0
01107,000000093502,20260729,28,24
01107,000000093502,20260730,26,0
01107,000000093502,20260731,18,0
01107,000000093503,20260701,0,24
01107,000000093503,20260702,22,24
01107,000000093503,20260703,20,0
01107,000000093503,20260704,13,0
01107,000000093503,20260705,11,0
01107,000000093503,20260706,41,36
01107,000000093503,20260707,39,0
01107,000000093503,20260708,37,0
01107,000000093503,20260709,36,0
01107,000000093503,20260710,31,0
01107,000000093503,20260711,27,0
01107,000000093503,20260712,19,0
01107,000000093503,20260713,12,0
01107,000000093503,20260714,10,0
01107,000000093503,20260715,28,24
01107,000000093503,20260716,25,0
01107,000000093503,20260717,23,0
01107,000000093503,20260718,22,0
01107,000000093503,20260719,17,0
01107,000000093503,20260720,10,0
01107,000000093503,20260721,6,0
01107,000000093503,20260722,3,12
01107,000000093503,20260723,36,36
01107,000000093503,20260724,31,0
01107,000000093503,20260725,24,0
01107,000000093503,20260726,16,0
01107,000000093503,20260727,11,0
01107,000000093503,20260728,7,0
01107,000000093503,20260729,0,24
01107,000000093503,20260730,35,36
01107,000000093503,20260731,33,0
01107,000000094102,20260701,9,0
01107,000000094102,20260702,25,24
01107,000000094102,20260703,18,0
01107,000000094102,20260704,14,0
01107,000000094102,20260705,7,0
01107,000000094102,20260706,5,36
01107,000000094102,20260707,33,36
01107,000000094102,20260708,31,0
01107,000000094102,20260709,24,0
01107,000000094102,20260710,21,0
01107,000000094102,20260711,19,0
01107,000000094102,20260712,13,0
01107,000000094102,20260713,9,0
01107,000000094102,20260714,7,0
01107,000000094102,20260715,5,24
01107,000000094102,20260716,15,12
01107,000000094102,20260717,12,0
01107,000000094102,20260718,4,36
01107,000000094102,20260719,24,24
01107,000000094102,20260720,16,0
01107,000000094102,20260721,10,0
01107,000000094102,20260722,6,24
01107,000000094102,20260723,2,36
01107,000000094102,20260724,0,12
01107,000000094102,20260725,0,12
01107,000000094102,20260726,28,36
01107,000000094102,20260727,23,0
01107,000000094102,20260728,22,0
01107,000000094102,20260729,14,0
01107,000000094102,20260730,9,0
01107,000000094102,20260731,2,36
01107,000000094103,20260701,21,0
01107,000000094103,20260702,18,0
01107,000000094103,20260703,16,0
01107,000000094103,20260704,12,0
01107,000000094103,20260705,9,0
01107,000000094103,20260706,38,36
01107,000000094103,20260707,34,0
01107,000000094103,20260708,27,0
01107,000000094103,20260709,21,0
01107,000000094103,20260710,16,0
01107,000000094103,20260711,9,0
01107,000000094103,20260712,41,36
01107,000000094103,20260713,38,0
01107,000000094103,20260714,36,0
01107,000000094103,20260715,34,0
01107,000000094103,20260716,33,0
01107,000000094103,20260717,24,0
01107,000000094103,20260718,17,0
01107,000000094103,20260719,10,0
01107,000000094103,20260720,9,0
01107,000000094103,20260721,42,36
01107,000000094103,20260722,37,0
01107,000000094103,20260723,32,0
01107,000000094103,20260724,29,0
01107,000000094103,20260725,24,0
01107,000000094103,20260726,21,0
01107,000000094103,20260727,15,0
01107,000000094103,20260728,9,0
01107,000000094103,20260729,7,0
01107,000000094103,20260730,26,24
01107,000000094103,20260731,19,0
01107,000000094202,20260701,11.335,0
01107,000000094202,20260702,9.717,0
01107,000000094202,20260703,2.034,24
01107,000000094202,20260704,33.424,36
01107,000000094202,20260705,25.898,0
01107,000000094202,20260706,18.360,0
01107,000000094202,20260707,14.595,0
01107,000000094202,20260708,8.306,0
01107,000000094202,20260709,6.307,0
01107,000000094202,20260710,39.361,36
01107,000000094202,20260711,31.735,0
01107,000000094202,20260712,24.672,0
01107,000000094202,20260713,22.616,0
01107,000000094202,20260714,17.887,0
01107,000000094202,20260715,11.621,0
01107,000000094202,20260716,10.916,0
01107,000000094202,20260717,27.864,24
01107,000000094202,20260718,20.422,0
01107,000000094202,20260719,12.443,0
01107,000000094202,20260720,4.392,36
01107,000000094202,20260721,9.238,12
01107,000000094202,20260722,15.983,12
01107,000000094202,20260723,14.830,0
01107,000000094202,20260724,7.277,0
01107,000000094202,20260725,1.299,12
01107,000000094202,20260726,31.222,36
01107,000000094202,20260727,30.520,0
01107,000000094202,20260728,26.733,0
01107,000000094202,20260729,19.604,0
01107,000000094202,20260730,11.689,0
01107,000000094202,20260731,41.321,36
01107,000000094203,20260701,18.898,0
01107,000000094203,20260702,16.398,0
01107,000000094203,20260703,13.586,0
01107,000000094203,20260704,7.007,0
01107,000000094203,20260705,0.944,24
01107,000000094203,20260706,0.202,12
01107,000000094203,20260707,17.296,24
01107,000000094203,20260708,13.252,0
01107,000000094203,20260709,9.202,0
01107,000000094203,20260710,15.978,12
01107,000000094203,20260711,11.407,0
01107,000000094203,20260712,6.588,0
01107,000000094203,20260713,2.138,36
01107,000000094203,20260714,0.000,36
01107,000000094203,20260715,0.000,36
01107,000000094203,20260716,10.483,12
01107,000000094203,20260717,6.705,0
01107,000000094203,20260718,25.920,24
01107,000000094203,20260719,20.915,0
01107,000000094203,20260720,15.887,0
01107,000000094203,20260721,9.247,0
01107,000000094203,20260722,5.377,24
01107,000000094203,20260723,1.679,36
01107,000000094203,20260724,0.000,12
01107,000000094203,20260725,0.000,36
01107,000000094203,20260726,0.000,24
01107,000000094203,20260727,20.426,24
01107,000000094203,20260728,17.507,0
01107,000000094203,20260729,14.483,0
01107,000000094203,20260730,9.337,0
01107,000000094203,20260731,27.505,24
01107,000000094302,20260701,6.677,0
01107,000000094302,20260702,16.255,12
01107,000000094302,20260703,13.846,0
01107,000000094302,20260704,12.487,0
01107,000000094302,20260705,10.676,0
01107,000000094302,20260706,5.625,12
01107,000000094302,20260707,40.658,36
01107,000000094302,20260708,35.778,0
01107,000000094302,20260709,31.715,0
01107,000000094302,20260710,27.180,0
01107,000000094302,20260711,19.031,0
01107,000000094302,20260712,14.486,0
01107,000000094302,20260713,7.888,0
01107,000000094302,20260714,5.316,36
01107,000000094302,20260715,16.038,12
01107,000000094302,20260716,14.754,0
01107,000000094302,20260717,9.488,0
01107,000000094302,20260718,1.592,12
01107,000000094302,20260719,0.378,12
01107,000000094302,20260720,33.507,36
01107,000000094302,20260721,30.118,0
01107,000000094302,20260722,25.619,0
01107,000000094302,20260723,23.822,0
01107,000000094302,20260724,19.168,0
01107,000000094302,20260725,15.959,0
01107,000000094302,20260726,8.561,0
01107,000000094302,20260727,12.260,12
01107,000000094302,20260728,11.099,0
01107,000000094302,20260729,7.926,0
01107,000000094302,20260730,2.019,36
01107,000000094302,20260731,0.000,36
09001,000000093321,20260701,12.935,0
09001,000000093321,20260702,7.733,0
09001,000000093321,20260703,1.494,24
09001,000000093321,20260704,0.000,12
09001,000000093321,20260705,7.598,12
09001,000000093321,20260706,11.635,12
09001,000000093321,20260707,6.381,0
09001,000000093321,20260708,36.709,36
09001,000000093321,20260709,33.052,0
09001,000000093321,20260710,26.171,0
09001,000000093321,20260711,18.549,0
09001,000000093321,20260712,15.618,0
09001,000000093321,20260713,12.301,0
09001,000000093321,20260714,17.292,12
09001,000000093321,20260715,13.877,0
09001,000000093321,20260716,12.676,0
09001,000000093321,20260717,8.804,0
09001,000000093321,20260718,29.635,24
09001,000000093321,20260719,27.788,0
09001,000000093321,20260720,21.568,0
09001,000000093321,20260721,16.991,0
09001,000000093321,20260722,11.998,0
09001,000000093321,20260723,11.079,0
09001,000000093321,20260724,6.836,0
09001,000000093321,20260725,37.686,36
09001,000000093321,20260726,36.493,0
09001,000000093321,20260727,29.630,0
09001,000000093321,20260728,25.460,0
09001,000000093321,20260729,19.718,0
09001,000000093321,20260730,18.388,0
09001,000000093321,20260731,12.305,0
09001,000000093322,20260701,9.118,0
09001,000000093322,20260702,6.551,0
09001,000000093322,20260703,23.416,24
09001,000000093322,20260704,20.722,0
09001,000000093322,20260705,18.478,0
09001,000000093322,20260706,13.007,0
09001,000000093322,20260707,10.492,0
09001,000000093322,20260708,6.162,0
09001,000000093322,20260709,4.744,24
09001,000000093322,20260710,10.908,12
09001,000000093322,20260711,4.311,36
09001,000000093322,20260712,0.000,24
09001,000000093322,20260713,0.000,24
09001,000000093322,20260714,0.000,36
09001,000000093322,20260715,0.000,24
09001,000000093322,20260716,0.000,36
09001,000000093322,20260717,5.606,12
09001,000000093322,20260718,25.859,24
09001,000000093322,20260719,23.326,0
09001,000000093322,20260720,19.178,0
09001,000000093322,20260721,18.164,0
09001,000000093322,20260722,14.536,0
09001,000000093322,20260723,6.584,0
09001,000000093322,20260724,37.127,36
09001,000000093322,20260725,30.691,0
09001,000000093322,20260726,29.384,0
09001,000000093322,20260727,27.586,0
09001,000000093322,20260728,22.361,0
09001,000000093322,20260729,17.099,0
09001,000000093322,20260730,11.235,0
09001,000000093322,20260731,9.227,0
09001,000000093325,20260701,40.091,36
09001,000000093325,20260702,32.126,0
09001,000000093325,20260703,25.734,0
09001,000000093325,20260704,18.030,0
09001,000000093325,20260705,13.379,0
09001,000000093325,20260706,7.470,0
09001,000000093325,20260707,39.615,36
09001,000000093325,20260708,35.096,0
09001,000000093325,20260709,28.452,0
09001,000000093325,20260710,20.902,0
09001,000000093325,20260711,14.252,0
09001,000000093325,20260712,13.072,0
09001,000000093325,20260713,8.677,0
09001,000000093325,20260714,37.674,36
09001,000000093325,20260715,34.704,0
09001,000000093325,20260716,32.963,0
09001,000000093325,20260717,29.289,0
09001,000000093325,20260718,28.079,0
09001,000000093325,20260719,22.412,0
09001,000000093325,20260720,20.000,0
09001,000000093325,20260721,18.119,0
09001,000000093325,20260722,14.801,0
09001,000000093325,20260723,9.229,0
09001,000000093325,20260724,41.748,36
09001,000000093325,20260725,37.500,0
09001,000000093325,20260726,35.141,0
09001,000000093325,20260727,27.651,0
09001,000000093325,20260728,21.548,0
09001,000000093325,20260729,16.893,0
09001,000000093325,20260730,11.485,0
09001,000000093325,20260731,7.160,0
09001,000000093401,20260701,13.445,0
09001,000000093401,20260702,8.948,0
09001,000000093401,20260703,39.538,36
09001,000000093401,20260704,37.666,0
09001,000000093401,20260705,33.495,0
09001,000000093401,20260706,32.188,0
09001,000000093401,20260707,26.766,0
09001,000000093401,20260708,22.001,0
09001,000000093401,20260709,17.791,0
09001,000000093401,20260710,13.266,0
09001,000000093401,20260711,7.714,0
09001,000000093401,20260712,13.736,12
09001,000000093401,20260713,10.345,0
09001,000000093401,20260714,4.027,36
09001,000000093401,20260715,0.000,24
09001,000000093401,20260716,0.000,36
09001,000000093401,20260717,22.120,24
09001,000000093401,20260718,18.909,0
09001,000000093401,20260719,13.342,0
09001,000000093401,20260720,11.638,0
09001,000000093401,20260721,6.304,0
09001,000000093401,20260722,2.462,36
09001,000000093401,20260723,7.508,12
09001,000000093401,20260724,0.000,24
09001,000000093401,20260725,19.322,24
09001,000000093401,20260726,14.332,0
09001,000000093401,20260727,6.620,0
09001,000000093401,20260728,13.963,12
09001,000000093401,20260729,6.918,0
09001,000000093401,20260730,27.405,24
09001,000000093401,20260731,21.766,0
09001,000000093402,20260701,23.297,24
09001,000000093402,20260702,17.661,0
09001,000000093402,20260703,11.060,0
09001,000000093402,20260704,27.670,24
09001,000000093402,20260705,20.957,0
09001,000000093402,20260706,16.516,0
09001,000000093402,20260707,12.052,0
09001,000000093402,20260708,11.066,0
09001,000000093402,20260709,15.256,12
09001,000000093402,20260710,8.164,0
09001,000000093402,20260711,26.149,24
09001,000000093402,20260712,19.949,0
09001,000000093402,20260713,17.910,0
09001,000000093402,20260714,15.576,0
09001,000000093402,20260715,10.992,0
09001,000000093402,20260716,8.824,0
09001,000000093402,20260717,5.859,12
09001,000000093402,20260718,1.707,24
09001,000000093402,20260719,0.000,24
09001,000000093402,20260720,0.000,36
09001,000000093402,20260721,31.529,36
09001,000000093402,20260722,25.167,0
09001,000000093402,20260723,20.706,0
09001,000000093402,20260724,16.813,0
09001,000000093402,20260725,9.631,0
09001,000000093402,20260726,14.608,12
09001,000000093402,20260727,8.049,0
09001,000000093402,20260728,40.689,36
09001,000000093402,20260729,35.941,0
09001,000000093402,20260730,33.473,0
09001,000000093402,20260731,31.725,0
09001,000000093410,20260701,8.830,0
09001,000000093410,20260702,7.946,0
09001,000000093410,20260703,24.118,24
09001,000000093410,20260704,21.265,0
09001,000000093410,20260705,14.611,0
09001,000000093410,20260706,9.222,0
09001,000000093410,20260707,38.380,36
09001,000000093410,20260708,35.307,0
09001,000000093410,20260709,27.440,0
09001,000000093410,20260710,26.474,0
09001,000000093410,20260711,23.069,0
09001,000000093410,20260712,16.050,0
09001,000000093410,20260713,14.497,0
09001,000000093410,20260714,10.833,0
09001,000000093410,20260715,10.008,0
09001,000000093410,20260716,8.472,0
09001,000000093410,20260717,26.799,24
09001,000000093410,20260718,19.501,0
09001,000000093410,20260719,11.125,0
09001,000000093410,20260720,3.115,12
09001,000000093410,20260721,0.000,36
09001,000000093410,20260722,28.868,36
09001,000000093410,20260723,24.785,0
09001,000000093410,20260724,18.943,0
09001,000000093410,20260725,12.491,0
09001,000000093410,20260726,10.798,0
09001,000000093410,20260727,9.372,0
09001,000000093410,20260728,7.178,0
09001,000000093410,20260729,6.433,0
09001,000000093410,20260730,36.090,36
09001,000000093410,20260731,33.846,0
09001,000000093501,20260701,30,0
09001,000000093501,20260702,28,0
09001,000000093501,20260703,20,0
09001,000000093501,20260704,14,0
09001,000000093501,20260705,7,0
09001,000000093501,20260706,0,12
09001,000000093501,20260707,4,12
09001,000000093501,20260708,0,36
09001,000000093501,20260709,0,12
09001,000000093501,20260710,8,12
09001,000000093501,20260711,39,36
09001,000000093501,20260712,33,0
09001,000000093501,20260713,26,0
09001,000000093501,20260714,25,0
09001,000000093501,20260715,21,0
09001,000000093501,20260716,19,0
09001,000000093501,20260717,14,0
09001,000000093501,20260718,12,0
09001,000000093501,20260719,6,12
09001,000000093501,20260720,0,24
09001,000000093501,20260721,21,24
09001,000000093501,20260722,15,0
09001,000000093501,20260723,11,0
09001,000000093501,20260724,8,0
09001,000000093501,20260725,17,12
09001,000000093501,20260726,15,0
09001,000000093501,20260727,9,0
09001,000000093501,20260728,1,12
09001,000000093501,20260729,0,36
09001,000000093501,20260730,0,36
09001,000000093501,20260731,0,36
09001,000000093502,20260701,40,36
09001,000000093502,20260702,33,0
09001,000000093502,20260703,29,0
09001,000000093502,20260704,24,0
09001,000000093502,20260705,21,0
09001,000000093502,20260706,20,0
09001,000000093502,20260707,12,0
09001,000000093502,20260708,5,36
09001,000000093502,20260709,0,36
09001,000000093502,20260710,5,12
09001,000000093502,20260711,35,36
09001,000000093502,20260712,29,0
09001,000000093502,20260713,20,0
09001,000000093502,20260714,13,0
09001,000000093502,20260715,11,0
09001,000000093502,20260716,18,12
09001,000000093502,20260717,16,0
09001,000000093502,20260718,9,0
09001,000000093502,20260719,2,36
09001,000000093502,20260720,0,12
09001,000000093502,20260721,7,12
09001,000000093502,20260722,4,12
09001,000000093502,20260723,14,12
09001,000000093502,20260724,12,0
09001,000000093502,20260725,6,0
09001,000000093502,20260726,5,36
09001,000000093502,20260727,0,24
09001,000000093502,20260728,0,12
09001,000000093502,20260729,8,12
09001,000000093502,20260730,37,36
09001,000000093502,20260731,35,0
09001,000000093503,20260701,27,0
09001,000000093503,20260702,20,0
09001,000000093503,20260703,15,0
09001,000000093503,20260704,9,0
09001,000000093503,20260705,7,0
09001,000000093503,20260706,1,36
09001,000000093503,20260707,0,12
09001,000000093503,20260708,0,36
09001,000000093503,20260709,7,12
09001,000000093503,20260710,36,36
09001,000000093503,20260711,30,0
09001,000000093503,20260712,29,0
09001,000000093503,20260713,25,0
09001,000000093503,20260714,20,0
09001,000000093503,20260715,19,0
09001,000000093503,20260716,17,0
09001,000000093503,20260717,13,0
09001,000000093503,20260718,9,0
09001,000000093503,20260719,5,24
09001,000000093503,20260720,38,36
09001,000000093503,20260721,31,0
09001,000000093503,20260722,23,0
09001,000000093503,20260723,15,0
09001,000000093503,20260724,11,0
09001,000000093503,20260725,9,0
09001,000000093503,20260726,15,12
09001,000000093503,20260727,8,0
09001,000000093503,20260728,13,12
09001,000000093503,20260729,6,0
09001,000000093503,20260730,26,24
09001,000000093503,20260731,18,0
09001,000000094101,20260701,17,0
09001,000000094101,20260702,14,0
09001,000000094101,20260703,11,0
09001,000000094101,20260704,3,12
09001,000000094101,20260705,12,12
09001,000000094101,20260706,7,0
09001,000000094101,20260707,28,24
09001,000000094101,20260708,21,0
09001,000000094101,20260709,16,0
09001,000000094101,20260710,14,0
09001,000000094101,20260711,11,0
09001,000000094101,20260712,8,0
09001,000000094101,20260713,16,12
09001,000000094101,20260714,11,0
09001,000000094101,20260715,7,0
09001,000000094101,20260716,38,36
09001,000000094101,20260717,33,0
09001,000000094101,20260718,29,0
09001,000000094101,20260719,20,0
09001,000000094101,20260720,15,0
09001,000000094101,20260721,7,0
09001,000000094101,20260722,5,36
09001,000000094101,20260723,25,24
09001,000000094101,20260724,24,0
09001,000000094101,20260725,16,0
09001,000000094101,20260726,10,0
09001,000000094101,20260727,7,0
09001,000000094101,20260728,2,36
09001,000000094101,20260729,0,24
09001,000000094101,20260730,20,24
09001,000000094101,20260731,12,0
09001,000000094102,20260701,10,0
09001,000000094102,20260702,16,12
09001,000000094102,20260703,13,0
09001,000000094102,20260704,30,24
09001,000000094102,20260705,27,0
09001,000000094102,20260706,22,0
09001,000000094102,20260707,18,0
09001,000000094102,20260708,17,0
09001,000000094102,20260709,12,0
09001,000000094102,20260710,12,0
09001,000000094102,20260711,8,0
09001,000000094102,20260712,4,36
09001,000000094102,20260713,14,12
09001,000000094102,20260714,13,0
09001,000000094102,20260715,6,0
09001,000000094102,20260716,23,24
09001,000000094102,20260717,18,0
09001,000000094102,20260718,17,0
09001,000000094102,20260719,14,0
09001,000000094102,20260720,11,0
09001,000000094102,20260721,28,24
09001,000000094102,20260722,22,0
09001,000000094102,20260723,19,0
09001,000000094102,20260724,14,0
09001,000000094102,20260725,9,0
09001,000000094102,20260726,4,36
09001,000000094102,20260727,0,24
09001,000000094102,20260728,21,24
09001,000000094102,20260729,18,0
09001,000000094102,20260730,17,0
09001,000000094102,20260731,11,0
09001,000000094103,20260701,29,0
09001,000000094103,20260702,24,0
09001,000000094103,20260703,21,0
09001,000000094103,20260704,16,0
09001,000000094103,20260705,9,0
09001,000000094103,20260706,1,12
09001,000000094103,20260707,34,36
09001,000000094103,20260708,32,0
09001,000000094103,20260709,30,0
09001,000000094103,20260710,28,0
09001,000000094103,20260711,20,0
09001,000000094103,20260712,19,0
09001,000000094103,20260713,17,0
09001,000000094103,20260714,10,0
09001,000000094103,20260715,39,36
09001,000000094103,20260716,31,0
09001,000000094103,20260717,24,0
09001,000000094103,20260718,20,0
09001,000000094103,20260719,16,0
09001,000000094103,20260720,10,0
09001,000000094103,20260721,8,0
09001,000000094103,20260722,1,12
09001,000000094103,20260723,0,24
09001,000000094103,20260724,11,12
09001,000000094103,20260725,5,12
09001,000000094103,20260726,33,36
09001,000000094103,20260727,29,0
09001,000000094103,20260728,22,0
09001,000000094103,20260729,20,0
09001,000000094103,20260730,17,0
09001,000000094103,20260731,12,0
09001,000000094201,20260701,10.465,0
09001,000000094201,20260702,6.929,0
09001,000000094201,20260703,1.837,12
09001,000000094201,20260704,0.000,12
09001,000000094201,20260705,0.000,24
09001,000000094201,20260706,0.000,12
09001,000000094201,20260707,19.431,24
09001,000000094201,20260708,16.232,0
09001,000000094201,20260709,11.816,0
09001,000000094201,20260710,29.246,24
09001,000000094201,20260711,21.434,0
09001,000000094201,20260712,14.560,0
09001,000000094201,20260713,10.490,0
09001,000000094201,20260714,5.062,12
09001,000000094201,20260715,4.260,12
09001,000000094201,20260716,26.179,24
09001,000000094201,20260717,19.582,0
09001,000000094201,20260718,16.344,0
09001,000000094201,20260719,12.040,0
09001,000000094201,20260720,11.011,0
09001,000000094201,20260721,7.945,0
09001,000000094201,20260722,11.910,12
09001,000000094201,20260723,10.253,0
09001,000000094201,20260724,27.065,24
09001,000000094201,20260725,20.108,0
09001,000000094201,20260726,13.249,0
09001,000000094201,20260727,10.239,0
09001,000000094201,20260728,2.777,36
09001,000000094201,20260729,0.000,36
09001,000000094201,20260730,10.187,12
09001,000000094201,20260731,3.531,12
09001,000000094202,20260701,15.571,12
09001,000000094202,20260702,14.636,0
09001,000000094202,20260703,12.206,0
09001,000000094202,20260704,4.962,24
09001,000000094202,20260705,39.026,36
09001,000000094202,20260706,36.455,0
09001,000000094202,20260707,30.934,0
09001,000000094202,20260708,26.249,0
09001,000000094202,20260709,25.172,0
09001,000000094202,20260710,17.854,0
09001,000000094202,20260711,11.229,0
09001,000000094202,20260712,17.687,12
09001,000000094202,20260713,10.885,0
09001,000000094202,20260714,2.861,24
09001,000000094202,20260715,0.000,24
09001,000000094202,20260716,0.000,12
09001,000000094202,20260717,4.143,12
09001,000000094202,20260718,0.000,36
09001,000000094202,20260719,0.000,36
09001,000000094202,20260720,34.245,36
09001,000000094202,20260721,26.143,0
09001,000000094202,20260722,21.594,0
09001,000000094202,20260723,14.652,0
09001,000000094202,20260724,8.101,0
09001,000000094202,20260725,6.363,0
09001,000000094202,20260726,23.258,24
09001,000000094202,20260727,21.293,0
09001,000000094202,20260728,19.569,0
09001,000000094202,20260729,16.650,0
09001,000000094202,20260730,10.165,0
09001,000000094202,20260731,8.034,0
09001,000000094203,20260701,20.036,0
09001,000000094203,20260702,18.190,0
09001,000000094203,20260703,10.646,0
09001,000000094203,20260704,16.002,12
09001,000000094203,20260705,12.823,0
09001,000000094203,20260706,10.476,0
09001,000000094203,20260707,3.067,36
09001,000000094203,20260708,0.000,24
09001,000000094203,20260709,33.325,36
09001,000000094203,20260710,29.057,0
09001,000000094203,20260711,26.369,0
09001,000000094203,20260712,22.799,0
09001,000000094203,20260713,17.479,0
09001,000000094203,20260714,14.381,0
09001,000000094203,20260715,7.913,0
09001,000000094203,20260716,4.044,24
09001,000000094203,20260717,32.526,36
09001,000000094203,20260718,26.182,0
09001,000000094203,20260719,19.244,0
09001,000000094203,20260720,13.814,0
09001,000000094203,20260721,8.920,0
09001,000000094203,20260722,6.898,0
09001,000000094203,20260723,2.074,36
09001,000000094203,20260724,29.949,36
09001,000000094203,20260725,25.675,0
09001,000000094203,20260726,18.022,0
09001,000000094203,20260727,14.487,0
09001,000000094203,20260728,11.549,0
09001,000000094203,20260729,28.901,24
09001,000000094203,20260730,22.411,0
09001,000000094203,20260731,14.512,0
09001,000000094301,20260701,0.000,36
09001,000000094301,20260702,0.000,12
09001,000000094301,20260703,9.232,12
09001,000000094301,20260704,1.021,24
09001,000000094301,20260705,32.863,36
09001,000000094301,20260706,25.238,0
09001,000000094301,20260707,22.341,0
09001,000000094301,20260708,16.416,0
09001,000000094301,20260709,10.498,0
09001,000000094301,20260710,8.906,0
09001,000000094301,20260711,4.586,12
09001,000000094301,20260712,3.206,24
09001,000000094301,20260713,0.000,36
09001,000000094301,20260714,0.000,36
09001,000000094301,20260715,0.000,12
09001,000000094301,20260716,10.894,12
09001,000000094301,20260717,9.854,0
09001,000000094301,20260718,3.794,24
09001,000000094301,20260719,0.000,24
09001,000000094301,20260720,22.637,24
09001,000000094301,20260721,19.720,0
09001,000000094301,20260722,15.494,0
09001,000000094301,20260723,8.450,0
09001,000000094301,20260724,37.320,36
09001,000000094301,20260725,29.349,0
09001,000000094301,20260726,27.333,0
09001,000000094301,20260727,26.181,0
09001,000000094301,20260728,21.090,0
09001,000000094301,20260729,20.059,0
09001,000000094301,20260730,16.692,0
09001,000000094301,20260731,11.522,0
09001,000000094302,20260701,38.850,36
09001,000000094302,20260702,35.692,0
09001,000000094302,20260703,33.237,0
09001,000000094302,20260704,27.924,0
09001,000000094302,20260705,25.187,0
09001,000000094302,20260706,22.478,0
09001,000000094302,20260707,20.741,0
09001,000000094302,20260708,18.959,0
09001,000000094302,20260709,16.612,0
09001,000000094302,20260710,11.221,0
09001,000000094302,20260711,7.109,0
09001,000000094302,20260712,37.309,36
09001,000000094302,20260713,36.147,0
09001,000000094302,20260714,33.373,0
09001,000000094302,20260715,30.866,0
09001,000000094302,20260716,27.273,0
09001,000000094302,20260717,25.004,0
09001,000000094302,20260718,24.157,0
09001,000000094302,20260719,18.955,0
09001,000000094302,20260720,16.979,0
09001,000000094302,20260721,10.517,0
09001,000000094302,20260722,8.727,0
09001,000000094302,20260723,6.927,0
09001,000000094302,20260724,27.807,24
09001,000000094302,20260725,23.534,0
09001,000000094302,20260726,15.154,0
09001,000000094302,20260727,12.022,0
09001,000000094302,20260728,8.303,0
09001,000000094302,20260729,38.848,36
09001,000000094302,20260730,34.121,0
09001,000000094302,20260731,29.654,0
09001,000000020101,20260701,10,0
09001,000000020101,20260702,27,24
09001,000000020101,20260703,21,0
09001,000000020101,20260704,14,0
09001,000000020101,20260705,8,0
09001,000000020101,20260706,7,0
09001,000000020101,20260707,28,24
09001,000000020101,20260708,22,0
09001,000000020101,20260709,15,0
09001,000000020101,20260710,13,0
09001,000000020101,20260711,7,0
09001,000000020101,20260712,26,24
09001,000000020101,20260713,19,0
09001,000000020101,20260714,15,0
09001,000000020101,20260715,7,0
09001,000000020101,20260716,16,12
09001,000000020101,20260717,13,0
09001,000000020101,20260718,11,0
09001,000000020101,20260719,15,12
09001,000000020101,20260720,15,0
09001,000000020101,20260721,9,0
09001,000000020101,20260722,7,0
09001,000000020101,20260723,2,36
09001,000000020101,20260724,0,36
09001,000000020101,20260725,0,36
09001,000000020101,20260726,0,12
09001,000000020101,20260727,11,12
09001,000000020101,20260728,7,0
09001,000000020101,20260729,0,12
09001,000000020101,20260730,0,24
09001,000000020101,20260731,19,24
09001,000000020102,20260701,11,0
09001,000000020102,20260702,10,0
09001,000000020102,20260703,7,0
09001,000000020102,20260704,2,36
09001,000000020102,20260705,37,36
09001,000000020102,20260706,29,0
09001,000000020102,20260707,28,0
09001,000000020102,20260708,20,0
09001,000000020102,20260709,15,0
09001,000000020102,20260710,7,0
09001,000000020102,20260711,1,12
09001,000000020102,20260712,0,12
09001,000000020102,20260713,19,24
09001,000000020102,20260714,15,0
09001,000000020102,20260715,12,0
09001,000000020102,20260716,9,0
09001,000000020102,20260717,16,12
09001,000000020102,20260718,10,0
09001,000000020102,20260719,17,12
09001,000000020102,20260720,10,0
09001,000000020102,20260721,3,36
09001,000000020102,20260722,25,24
09001,000000020102,20260723,23,0
09001,000000020102,20260724,18,0
09001,000000020102,20260725,10,0
09001,000000020102,20260726,7,0
09001,000000020102,20260727,3,24
09001,000000020102,20260728,24,24
09001,000000020102,20260729,17,0
09001,000000020102,20260730,10,0
09001,000000020102,20260731,29,24
09001,000000020103,20260701,26,24
09001,000000020103,20260702,22,0
09001,000000020103,20260703,21,0
09001,000000020103,20260704,13,0
09001,000000020103,20260705,6,0
09001,000000020103,20260706,3,24
09001,000000020103,20260707,31,36
09001,000000020103,20260708,26,0
09001,000000020103,20260709,25,0
09001,000000020103,20260710,22,0
09001,000000020103,20260711,17,0
09001,000000020103,20260712,16,0
09001,000000020103,20260713,15,0
09001,000000020103,20260714,7,0
09001,000000020103,20260715,5,36
09001,000000020103,20260716,26,24
09001,000000020103,20260717,21,0
09001,000000020103,20260718,15,0
09001,000000020103,20260719,10,0
09001,000000020103,20260720,1,12
09001,000000020103,20260721,11,12
09001,000000020103,20260722,6,0
09001,000000020103,20260723,40,36
09001,000000020103,20260724,35,0
09001,000000020103,20260725,32,0
09001,000000020103,20260726,24,0
09001,000000020103,20260727,19,0
09001,000000020103,20260728,13,0
09001,000000020103,20260729,12,0
09001,000000020103,20260730,40,36
09001,000000020103,20260731,35,0
09001,000000020201,20260701,9,0
09001,000000020201,20260702,2,24
09001,000000020201,20260703,0,36
09001,000000020201,20260704,0,24
09001,000000020201,20260705,0,36
09001,000000020201,20260706,0,24
09001,000000020201,20260707,0,12
09001,000000020201,20260708,33,36
09001,000000020201,20260709,28,0
09001,000000020201,20260710,21,0
09001,000000020201,20260711,14,0
09001,000000020201,20260712,13,0
09001,000000020201,20260713,6,24
09001,000000020201,20260714,5,24
09001,000000020201,20260715,3,36
09001,000000020201,20260716,10,12
09001,000000020201,20260717,6,0
09001,000000020201,20260718,0,24
09001,000000020201,20260719,17,24
09001,000000020201,20260720,13,0
09001,000000020201,20260721,41,36
09001,000000020201,20260722,36,0
09001,000000020201,20260723,28,0
09001,000000020201,20260724,22,0
09001,000000020201,20260725,19,0
09001,000000020201,20260726,13,0
09001,000000020201,20260727,12,0
09001,000000020201,20260728,7,0
09001,000000020201,20260729,4,12
09001,000000020201,20260730,0,36
09001,000000020201,20260731,0,36
09001,000000020202,20260701,6,36
09001,000000020202,20260702,25,24
09001,000000020202,20260703,18,0
09001,000000020202,20260704,17,0
09001,000000020202,20260705,12,0
09001,000000020202,20260706,16,12
09001,000000020202,20260707,10,0
09001,000000020202,20260708,7,0
09001,000000020202,20260709,2,24
09001,000000020202,20260710,2,24
09001,000000020202,20260711,0,24
09001,000000020202,20260712,29,36
09001,000000020202,20260713,21,0
09001,000000020202,20260714,20,0
09001,000000020202,20260715,12,0
09001,000000020202,20260716,9,0
09001,000000020202,20260717,16,12
09001,000000020202,20260718,8,0
09001,000000020202,20260719,16,12
09001,000000020202,20260720,15,0
09001,000000020202,20260721,13,0
09001,000000020202,20260722,8,0
09001,000000020202,20260723,5,12
09001,000000020202,20260724,38,36
09001,000000020202,20260725,36,0
09001,000000020202,20260726,31,0
09001,000000020202,20260727,26,0
09001,000000020202,20260728,25,0
09001,000000020202,20260729,20,0
09001,000000020202,20260730,13,0
09001,000000020202,20260731,5,24
09001,000000030101,20260701,15,0
09001,000000030101,20260702,8,0
09001,000000030101,20260703,5,36
09001,000000030101,20260704,3,36
09001,000000030101,20260705,0,24
09001,000000030101,20260706,5,12
09001,000000030101,20260707,9,12
09001,000000030101,20260708,28,24
09001,000000030101,20260709,24,0
09001,000000030101,20260710,22,0
09001,000000030101,20260711,13,0
09001,000000030101,20260712,11,0
09001,000000030101,20260713,10,0
09001,000000030101,20260714,16,12
09001,000000030101,20260715,13,0
09001,000000030101,20260716,8,0
09001,000000030101,20260717,25,24
09001,000000030101,20260718,23,0
09001,000000030101,20260719,21,0
09001,000000030101,20260720,18,0
09001,000000030101,20260721,17,0
09001,000000030101,20260722,9,0
09001,000000030101,20260723,7,0
09001,000000030101,20260724,14,12
09001,000000030101,20260725,12,0
09001,000000030101,20260726,10,0
09001,000000030101,20260727,7,0
09001,000000030101,20260728,7,0
09001,000000030101,20260729,0,24
09001,000000030101,20260730,0,12
09001,000000030101,20260731,21,24
09001,000000030102,20260701,12,0
09001,000000030102,20260702,11,0
09001,000000030102,20260703,8,0
09001,000000030102,20260704,39,36
09001,000000030102,20260705,33,0
09001,000000030102,20260706,31,0
09001,000000030102,20260707,28,0
09001,000000030102,20260708,26,0
09001,000000030102,20260709,20,0
09001,000000030102,20260710,15,0
09001,000000030102,20260711,10,0
09001,000000030102,20260712,9,0
09001,000000030102,20260713,14,12
09001,000000030102,20260714,6,0
09001,000000030102,20260715,41,36
09001,000000030102,20260716,37,0
09001,000000030102,20260717,29,0
09001,000000030102,20260718,22,0
09001,000000030102,20260719,21,0
09001,000000030102,20260720,18,0
09001,000000030102,20260721,12,0
09001,000000030102,20260722,10,0
09001,000000030102,20260723,2,24
09001,000000030102,20260724,31,36
09001,000000030102,20260725,30,0
09001,000000030102,20260726,25,0
09001,000000030102,20260727,20,0
09001,000000030102,20260728,11,0
09001,000000030102,20260729,11,0
09001,000000030102,20260730,9,0
09001,000000030102,20260731,6,0
09001,000000030103,20260701,0,12
09001,000000030103,20260702,0,12
09001,000000030103,20260703,0,36
09001,000000030103,20260704,0,12
09001,000000030103,20260705,5,12
09001,000000030103,20260706,16,12
09001,000000030103,20260707,9,0
09001,000000030103,20260708,6,0
09001,000000030103,20260709,3,12
09001,000000030103,20260710,12,12
09001,000000030103,20260711,10,0
09001,000000030103,20260712,4,36
09001,000000030103,20260713,0,24
09001,000000030103,20260714,0,24
09001,000000030103,20260715,5,12
09001,000000030103,20260716,26,24
09001,000000030103,20260717,20,0
09001,000000030103,20260718,15,0
09001,000000030103,20260719,11,0
09001,000000030103,20260720,7,0
09001,000000030103,20260721,4,36
09001,000000030103,20260722,20,24
09001,000000030103,20260723,12,0
09001,000000030103,20260724,8,0
09001,000000030103,20260725,5,24
09001,000000030103,20260726,22,24
09001,000000030103,20260727,21,0
09001,000000030103,20260728,14,0
09001,000000030103,20260729,12,0
09001,000000030103,20260730,10,0
09001,000000030103,20260731,5,36
09001,000000030201,20260701,21,0
09001,000000030201,20260702,13,0
09001,000000030201,20260703,7,0
09001,000000030201,20260704,3,12
09001,000000030201,20260705,2,24
09001,000000030201,20260706,36,36
09001,000000030201,20260707,33,0
09001,000000030201,20260708,29,0
09001,000000030201,20260709,23,0
09001,000000030201,20260710,16,0
09001,000000030201,20260711,11,0
09001,000000030201,20260712,9,0
09001,000000030201,20260713,6,0
09001,000000030201,20260714,0,12
09001,000000030201,20260715,0,12
09001,000000030201,20260716,0,12
09001,000000030201,20260717,31,36
09001,000000030201,20260718,29,0
09001,000000030201,20260719,22,0
09001,000000030201,20260720,20,0
09001,000000030201,20260721,16,0
09001,000000030201,20260722,9,0
09001,000000030201,20260723,6,0
09001,000000030201,20260724,23,24
09001,000000030201,20260725,16,0
09001,000000030201,20260726,9,0
09001,000000030201,20260727,8,0
09001,000000030201,20260728,28,24
09001,000000030201,20260729,21,0
09001,000000030201,20260730,19,0
09001,000000030201,20260731,12,0
09001,000000030202,20260701,20,0
09001,000000030202,20260702,12,0
09001,000000030202,20260703,8,0
09001,000000030202,20260704,0,12
09001,000000030202,20260705,0,36
09001,000000030202,20260706,4,12
09001,000000030202,20260707,35,36
09001,000000030202,20260708,32,0
09001,000000030202,20260709,29,0
09001,000000030202,20260710,24,0
09001,000000030202,20260711,22,0
09001,000000030202,20260712,20,0
09001,000000030202,20260713,17,0
09001,000000030202,20260714,13,0
09001,000000030202,20260715,7,0
09001,000000030202,20260716,0,36
09001,000000030202,20260717,0,24
09001,000000030202,20260718,29,36
09001,000000030202,20260719,25,0
09001,000000030202,20260720,24,0
09001,000000030202,20260721,17,0
09001,000000030202,20260722,15,0
09001,000000030202,20260723,14,0
09001,000000030202,20260724,12,0
09001,000000030202,20260725,8,0
09001,000000030202,20260726,2,36
09001,000000030202,20260727,0,12
09001,000000030202,20260728,0,12
09001,000000030202,20260729,0,12
09001,000000030202,20260730,0,36
09001,000000030202,20260731,33,36
09001,000000030203,20260701,23,0
09001,000000030203,20260702,16,0
09001,000000030203,20260703,13,0
09001,000000030203,20260704,10,0
09001,000000030203,20260705,8,0
09001,000000030203,20260706,4,24
09001,000000030203,20260707,19,24
09001,000000030203,20260708,16,0
09001,000000030203,20260709,13,0
09001,000000030203,20260710,9,0
09001,000000030203,20260711,15,12
09001,000000030203,20260712,14,0
09001,000000030203,20260713,18,12
09001,000000030203,20260714,10,0
09001,000000030203,20260715,4,12
09001,000000030203,20260716,0,24
09001,000000030203,20260717,0,12
09001,000000030203,20260718,17,24
09001,000000030203,20260719,10,0
09001,000000030203,20260720,6,0
09001,000000030203,20260721,1,24
09001,000000030203,20260722,10,12
09001,000000030203,20260723,9,0
09001,000000030203,20260724,17,12
09001,000000030203,20260725,10,0
09001,000000030203,20260726,7,0
09001,000000030203,20260727,14,12
09001,000000030203,20260728,10,0
09001,000000030203,20260729,7,0
09001,000000030203,20260730,4,36
09001,000000030203,20260731,39,36
09001,000000031101,20260701,29.028,0
09001,000000031101,20260702,21.030,0
09001,000000031101,20260703,16.255,0
09001,000000031101,20260704,11.498,0
09001,000000031101,20260705,3.585,24
09001,000000031101,20260706,25.765,24
09001,000000031101,20260707,18.902,0
09001,000000031101,20260708,11.606,0
09001,000000031101,20260709,7.523,0
09001,000000031101,20260710,11.846,12
09001,000000031101,20260711,4.465,12
09001,000000031101,20260712,38.765,36
09001,000000031101,20260713,37.077,0
09001,000000031101,20260714,32.426,0
09001,000000031101,20260715,27.825,0
09001,000000031101,20260716,26.079,0
09001,000000031101,20260717,23.466,0
09001,000000031101,20260718,21.616,0
09001,000000031101,20260719,14.514,0
09001,000000031101,20260720,7.530,0
09001,000000031101,20260721,41.166,36
09001,000000031101,20260722,34.340,0
09001,000000031101,20260723,30.402,0
09001,000000031101,20260724,26.944,0
09001,000000031101,20260725,23.812,0
09001,000000031101,20260726,16.141,0
09001,000000031101,20260727,12.738,0
09001,000000031101,20260728,7.806,0
09001,000000031101,20260729,26.020,24
09001,000000031101,20260730,19.767,0
09001,000000031101,20260731,13.460,0
09001,000000031102,20260701,15.164,0
09001,000000031102,20260702,8.680,0
09001,000000031102,20260703,40.332,36
09001,000000031102,20260704,32.213,0
09001,000000031102,20260705,26.154,0
09001,000000031102,20260706,22.474,0
09001,000000031102,20260707,20.416,0
09001,000000031102,20260708,13.157,0
09001,000000031102,20260709,7.465,0
09001,000000031102,20260710,1.516,12
09001,000000031102,20260711,9.280,12
09001,000000031102,20260712,6.163,0
09001,000000031102,20260713,3.176,24
09001,000000031102,20260714,24.303,24
09001,000000031102,20260715,20.877,0
09001,000000031102,20260716,16.336,0
09001,000000031102,20260717,13.437,0
09001,000000031102,20260718,6.710,0
09001,000000031102,20260719,0.000,12
09001,000000031102,20260720,0.000,24
09001,000000031102,20260721,0.000,36
09001,000000031102,20260722,0.000,12
09001,000000031102,20260723,4.373,12
09001,000000031102,20260724,1.916,36
09001,000000031102,20260725,20.288,24
09001,000000031102,20260726,13.234,0
09001,000000031102,20260727,11.566,0
09001,000000031102,20260728,5.879,24
09001,000000031102,20260729,0.000,24
09001,000000031102,20260730,0.000,36
09001,000000031102,20260731,0.000,12
09001,000000040101,20260701,22.333,0
09001,000000040101,20260702,19.209,0
09001,000000040101,20260703,11.497,0
09001,000000040101,20260704,7.288,0
09001,000000040101,20260705,27.676,24
09001,000000040101,20260706,25.354,0
09001,000000040101,20260707,18.772,0
09001,000000040101,20260708,14.947,0
09001,000000040101,20260709,11.081,0
09001,000000040101,20260710,8.336,0
09001,000000040101,20260711,6.486,0
09001,000000040101,20260712,0.831,12
09001,000000040101,20260713,9.863,12
09001,000000040101,20260714,16.935,12
09001,000000040101,20260715,13.993,0
09001,000000040101,20260716,13.219,0
09001,000000040101,20260717,6.754,0
09001,000000040101,20260718,5.976,12
09001,000000040101,20260719,0.000,24
09001,000000040101,20260720,15.761,24
09001,000000040101,20260721,11.712,0
09001,000000040101,20260722,10.931,0
09001,000000040101,20260723,10.117,0
09001,000000040101,20260724,3.906,24
09001,000000040101,20260725,8.978,12
09001,000000040101,20260726,39.193,36
09001,000000040101,20260727,32.580,0
09001,000000040101,20260728,31.072,0
09001,000000040101,20260729,27.537,0
09001,000000040101,20260730,21.437,0
09001,000000040101,20260731,14.083,0
09001,000000040102,20260701,35.558,0
09001,000000040102,20260702,33.234,0
09001,000000040102,20260703,30.900,0
09001,000000040102,20260704,27.242,0
09001,000000040102,20260705,22.940,0
09001,000000040102,20260706,21.904,0
09001,000000040102,20260707,15.931,0
09001,000000040102,20260708,11.988,0
09001,000000040102,20260709,7.362,0
09001,000000040102,20260710,3.462,24
09001,000000040102,20260711,20.086,24
09001,000000040102,20260712,12.031,0
09001,000000040102,20260713,5.074,36
09001,000000040102,20260714,0.000,12
09001,000000040102,20260715,0.000,24
09001,000000040102,20260716,27.767,36
09001,000000040102,20260717,21.044,0
09001,000000040102,20260718,14.516,0
09001,000000040102,20260719,10.679,0
09001,000000040102,20260720,4.823,36
09001,000000040102,20260721,1.369,36
09001,000000040102,20260722,18.704,24
09001,000000040102,20260723,14.588,0
09001,000000040102,20260724,10.116,0
09001,000000040102,20260725,9.087,0
09001,000000040102,20260726,14.133,12
09001,000000040102,20260727,12.563,0
09001,000000040102,20260728,11.629,0
09001,000000040102,20260729,10.244,0
09001,000000040102,20260730,5.560,12
09001,000000040102,20260731,35.988,36
09001,000000040201,20260701,18,0
09001,000000040201,20260702,15,0
09001,000000040201,20260703,12,0
09001,000000040201,20260704,11,0
09001,000000040201,20260705,9,0
09001,000000040201,20260706,7,0
09001,000000040201,20260707,41,36
09001,000000040201,20260708,37,0
09001,000000040201,20260709,33,0
09001,000000040201,20260710,26,0
09001,000000040201,20260711,22,0
09001,000000040201,20260712,18,0
09001,000000040201,20260713,11,0
09001,000000040201,20260714,10,0
09001,000000040201,20260715,6,0
09001,000000040201,20260716,38,36
09001,000000040201,20260717,36,0
09001,000000040201,20260718,29,0
09001,000000040201,20260719,26,0
09001,000000040201,20260720,18,0
09001,000000040201,20260721,13,0
09001,000000040201,20260722,12,0
09001,000000040201,20260723,9,0
09001,000000040201,20260724,15,12
09001,000000040201,20260725,8,0
09001,000000040201,20260726,0,36
09001,000000040201,20260727,9,12
09001,000000040201,20260728,3,36
09001,000000040201,20260729,0,36
09001,000000040201,20260730,0,24
09001,000000040201,20260731,0,24
09001,000000040202,20260701,29,0
09001,000000040202,20260702,27,0
09001,000000040202,20260703,19,0
09001,000000040202,20260704,18,0
09001,000000040202,20260705,14,0
09001,000000040202,20260706,12,0
09001,000000040202,20260707,7,0
09001,000000040202,20260708,14,12
09001,000000040202,20260709,9,0
09001,000000040202,20260710,2,24
09001,000000040202,20260711,0,36
09001,000000040202,20260712,0,12
09001,000000040202,20260713,29,36
09001,000000040202,20260714,25,0
09001,000000040202,20260715,18,0
09001,000000040202,20260716,16,0
09001,000000040202,20260717,15,0
09001,000000040202,20260718,12,0
09001,000000040202,20260719,7,0
09001,000000040202,20260720,1,12
09001,000000040202,20260721,0,12
09001,000000040202,20260722,9,12
09001,000000040202,20260723,6,0
09001,000000040202,20260724,0,24
09001,000000040202,20260725,0,36
09001,000000040202,20260726,0,12
09001,000000040202,20260727,0,36
09001,000000040202,20260728,33,36
09001,000000040202,20260729,31,0
09001,000000040202,20260730,26,0
09001,000000040202,20260731,19,0
09001,000000040203,20260701,0,24
09001,000000040203,20260702,0,24
09001,000000040203,20260703,0,24
09001,000000040203,20260704,0,24
09001,000000040203,20260705,34,36
09001,000000040203,20260706,32,0
09001,000000040203,20260707,29,0
09001,000000040203,20260708,25,0
09001,000000040203,20260709,23,0
09001,000000040203,20260710,17,0
09001,000000040203,20260711,14,0
09001,000000040203,20260712,7,0
09001,000000040203,20260713,23,24
09001,000000040203,20260714,15,0
09001,000000040203,20260715,9,0
09001,000000040203,20260716,5,36
09001,000000040203,20260717,35,36
09001,000000040203,20260718,28,0
09001,000000040203,20260719,25,0
09001,000000040203,20260720,22,0
09001,000000040203,20260721,22,0
09001,000000040203,20260722,17,0
09001,000000040203,20260723,11,0
09001,000000040203,20260724,18,12
09001,000000040203,20260725,14,0
09001,000000040203,20260726,8,0
09001,000000040203,20260727,4,36
09001,000000040203,20260728,0,36
09001,000000040203,20260729,31,36
09001,000000040203,20260730,23,0
09001,000000040203,20260731,18,0
09001,000000005012,20260701,16,0
09001,000000005012,20260702,10,0
09001,000000005012,20260703,26,24
09001,000000005012,20260704,21,0
09001,000000005012,20260705,13,0
09001,000000005012,20260706,5,24
09001,000000005012,20260707,4,36
09001,000000005012,20260708,0,12
09001,000000005012,20260709,32,36
09001,000000005012,20260710,28,0
09001,000000005012,20260711,21,0
09001,000000005012,20260712,17,0
09001,000000005012,20260713,14,0
09001,000000005012,20260714,11,0
09001,000000005012,20260715,4,24
09001,000000005012,20260716,0,36
09001,000000005012,20260717,0,12
09001,000000005012,20260718,28,36
09001,000000005012,20260719,22,0
09001,000000005012,20260720,21,0
09001,000000005012,20260721,17,0
09001,000000005012,20260722,13,0
09001,000000005012,20260723,5,36
09001,000000005012,20260724,0,24
09001,000000005012,20260725,0,36
09001,000000005012,20260726,0,36
09001,000000005012,20260727,19,24
09001,000000005012,20260728,17,0
09001,000000005012,20260729,11,0
09001,000000005012,20260730,8,0
09001,000000005012,20260731,3,24
09001,000000005013,20260701,6,36
09001,000000005013,20260702,26,24
09001,000000005013,20260703,23,0
09001,000000005013,20260704,20,0
09001,000000005013,20260705,12,0
09001,000000005013,20260706,5,12
09001,000000005013,20260707,38,36
09001,000000005013,20260708,37,0
09001,000000005013,20260709,29,0
09001,000000005013,20260710,23,0
09001,000000005013,20260711,15,0
09001,000000005013,20260712,10,0
09001,000000005013,20260713,39,36
09001,000000005013,20260714,33,0
09001,000000005013,20260715,26,0
09001,000000005013,20260716,18,0
09001,000000005013,20260717,12,0
09001,000000005013,20260718,9,0
09001,000000005013,20260719,15,12
09001,000000005013,20260720,13,0
09001,000000005013,20260721,11,0
09001,000000005013,20260722,9,0
09001,000000005013,20260723,29,24
09001,000000005013,20260724,20,0
09001,000000005013,20260725,12,0
09001,000000005013,20260726,11,0
09001,000000005013,20260727,7,0
09001,000000005013,20260728,15,12
09001,000000005013,20260729,15,0
09001,000000005013,20260730,14,0
09001,000000005013,20260731,6,24
09001,000000005020,20260701,11,12
09001,000000005020,20260702,9,0
09001,000000005020,20260703,4,24
09001,000000005020,20260704,35,36
09001,000000005020,20260705,28,0
09001,000000005020,20260706,26,0
09001,000000005020,20260707,23,0
09001,000000005020,20260708,22,0
09001,000000005020,20260709,16,0
09001,000000005020,20260710,12,0
09001,000000005020,20260711,11,0
09001,000000005020,20260712,4,24
09001,000000005020,20260713,25,24
09001,000000005020,20260714,18,0
09001,000000005020,20260715,15,0
09001,000000005020,20260716,10,0
09001,000000005020,20260717,5,24
09001,000000005020,20260718,-2,24
09001,000000005020,20260719,0,12
09001,000000005020,20260720,0,36
09001,000000005020,20260721,0,24
09001,000000005020,20260722,0,24
09001,000000005020,20260723,30,36
09001,000000005020,20260724,25,0
09001,000000005020,20260725,18,0
09001,000000005020,20260726,17,0
09001,000000005020,20260727,11,0
09001,000000005020,20260728,4,24
09001,000000005020,20260729,33,36
09001,000000005020,20260730,31,0
09001,000000005020,20260731,23,0
09001,000000005101,20260701,13,0
09001,000000005101,20260702,8,0
09001,000000005101,20260703,16,12
09001,000000005101,20260704,16,0
09001,000000005101,20260705,11,0
09001,000000005101,20260706,9,0
09001,000000005101,20260707,0,24
09001,000000005101,20260708,17,24
09001,000000005101,20260709,13,0
09001,000000005101,20260710,8,0
09001,000000005101,20260711,14,12
09001,000000005101,20260712,7,0
09001,000000005101,20260713,30,24
09001,000000005101,20260714,22,0
09001,000000005101,20260715,13,0
09001,000000005101,20260716,18,12
09001,000000005101,20260717,10,0
09001,000000005101,20260718,16,12
09001,000000005101,20260719,10,0
09001,000000005101,20260720,9,0
09001,000000005101,20260721,2,24
09001,000000005101,20260722,0,24
09001,000000005101,20260723,6,12
09001,000000005101,20260724,2,24
09001,000000005101,20260725,25,24
09001,000000005101,20260726,21,0
09001,000000005101,20260727,17,0
09001,000000005101,20260728,10,0
09001,000000005101,20260729,7,0
09001,000000005101,20260730,27,24
09001,000000005101,20260731,23,0
09001,000000005102,20260701,14,0
09001,000000005102,20260702,7,0
09001,000000005102,20260703,3,24
09001,000000005102,20260704,35,36
09001,000000005102,20260705,28,0
09001,000000005102,20260706,25,0
09001,000000005102,20260707,22,0
09001,000000005102,20260708,16,0
09001,000000005102,20260709,14,0
09001,000000005102,20260710,10,0
09001,000000005102,20260711,5,36
09001,000000005102,20260712,4,12
09001,000000005102,20260713,0,36
09001,000000005102,20260714,0,12
09001,000000005102,20260715,8,12
09001,000000005102,20260716,26,24
09001,000000005102,20260717,20,0
09001,000000005102,20260718,13,0
09001,000000005102,20260719,7,0
09001,000000005102,20260720,12,12
09001,000000005102,20260721,7,0
09001,000000005102,20260722,4,12
09001,000000005102,20260723,0,12
09001,000000005102,20260724,9,12
09001,000000005102,20260725,40,36
09001,000000005102,20260726,37,0
09001,000000005102,20260727,33,0
09001,000000005102,20260728,29,0
09001,000000005102,20260729,28,0
09001,000000005102,20260730,24,0
09001,000000005102,20260731,17,0
09001,000000005103,20260701,19,0
09001,000000005103,20260702,13,0
09001,000000005103,20260703,9,0
09001,000000005103,20260704,40,36
09001,000000005103,20260705,38,0
09001,000000005103,20260706,30,0
09001,000000005103,20260707,25,0
09001,000000005103,20260708,19,0
09001,000000005103,20260709,17,0
09001,000000005103,20260710,9,0
09001,000000005103,20260711,7,0
09001,000000005103,20260712,11,12
09001,000000005103,20260713,5,36
09001,000000005103,20260714,0,24
09001,000000005103,20260715,0,24
09001,000000005103,20260716,31,36
09001,000000005103,20260717,24,0
09001,000000005103,20260718,21,0
09001,000000005103,20260719,18,0
09001,000000005103,20260720,17,0
09001,000000005103,20260721,16,0
09001,000000005103,20260722,13,0
09001,000000005103,20260723,10,0
09001,000000005103,20260724,3,12
09001,000000005103,20260725,0,12
09001,000000005103,20260726,0,24
09001,000000005103,20260727,0,12
09001,000000005103,20260728,19,24
09001,000000005103,20260729,12,0
09001,000000005103,20260730,7,0
09001,000000005103,20260731,17,12
09001,000000005201,20260701,12,0
09001,000000005201,20260702,9,0
09001,000000005201,20260703,5,24
09001,000000005201,20260704,0,24
09001,000000005201,20260705,18,24
09001,000000005201,20260706,11,0
09001,000000005201,20260707,4,36
09001,000000005201,20260708,22,24
09001,000000005201,20260709,16,0
09001,000000005201,20260710,9,0
09001,000000005201,20260711,2,12
09001,000000005201,20260712,32,36
09001,000000005201,20260713,28,0
09001,000000005201,20260714,27,0
09001,000000005201,20260715,26,0
09001,000000005201,20260716,22,0
09001,000000005201,20260717,21,0
09001,000000005201,20260718,17,0
09001,000000005201,20260719,13,0
09001,000000005201,20260720,11,0
09001,000000005201,20260721,10,0
09001,000000005201,20260722,6,0
09001,000000005201,20260723,28,24
09001,000000005201,20260724,20,0
09001,000000005201,20260725,15,0
09001,000000005201,20260726,9,0
09001,000000005201,20260727,38,36
09001,000000005201,20260728,35,0
09001,000000005201,20260729,27,0
09001,000000005201,20260730,21,0
09001,000000005201,20260731,14,0
09001,000000005202,20260701,7,0
09001,000000005202,20260702,25,24
09001,000000005202,20260703,18,0
09001,000000005202,20260704,12,0
09001,000000005202,20260705,11,0
09001,000000005202,20260706,8,0
09001,000000005202,20260707,12,12
09001,000000005202,20260708,10,0
09001,000000005202,20260709,8,0
09001,000000005202,20260710,4,36
09001,000000005202,20260711,0,24
09001,000000005202,20260712,16,24
09001,000000005202,20260713,10,0
09001,000000005202,20260714,27,24
09001,000000005202,20260715,23,0
09001,000000005202,20260716,15,0
09001,000000005202,20260717,8,0
09001,000000005202,20260718,40,36
09001,000000005202,20260719,38,0
09001,000000005202,20260720,34,0
09001,000000005202,20260721,30,0
09001,000000005202,20260722,29,0
09001,000000005202,20260723,27,0
09001,000000005202,20260724,25,0
09001,000000005202,20260725,19,0
09001,000000005202,20260726,11,0
09001,000000005202,20260727,15,12
09001,000000005202,20260728,11,0
09001,000000005202,20260729,3,12
09001,000000005202,20260730,24,24
09001,000000005202,20260731,22,0
09001,000000005301,20260701,5,12
09001,000000005301,20260702,0,12
09001,000000005301,20260703,18,24
09001,000000005301,20260704,17,0
09001,000000005301,20260705,9,0
09001,000000005301,20260706,7,0
09001,000000005301,20260707,36,36
09001,000000005301,20260708,28,0
09001,000000005301,20260709,20,0
09001,000000005301,20260710,19,0
09001,000000005301,20260711,16,0
09001,000000005301,20260712,15,0
09001,000000005301,20260713,14,0
09001,000000005301,20260714,10,0
09001,000000005301,20260715,17,12
09001,000000005301,20260716,12,0
09001,000000005301,20260717,9,0
09001,000000005301,20260718,18,12
09001,000000005301,20260719,9,0
09001,000000005301,20260720,42,36
09001,000000005301,20260721,40,0
09001,000000005301,20260722,38,0
09001,000000005301,20260723,37,0
09001,000000005301,20260724,29,0
09001,000000005301,20260725,26,0
09001,000000005301,20260726,19,0
09001,000000005301,20260727,18,0
09001,000000005301,20260728,13,0
09001,000000005301,20260729,11,0
09001,000000005301,20260730,29,24
09001,000000005301,20260731,21,0
09001,000000005302,20260701,10,0
09001,000000005302,20260702,3,36
09001,000000005302,20260703,21,24
09001,000000005302,20260704,20,0
09001,000000005302,20260705,18,0
09001,000000005302,20260706,11,0
09001,000000005302,20260707,8,0
09001,000000005302,20260708,6,24
09001,000000005302,20260709,3,24
09001,000000005302,20260710,31,36
09001,000000005302,20260711,29,0
09001,000000005302,20260712,24,0
09001,000000005302,20260713,23,0
09001,000000005302,20260714,17,0
09001,000000005302,20260715,9,0
09001,000000005302,20260716,17,12
09001,000000005302,20260717,12,0
09001,000000005302,20260718,5,36
09001,000000005302,20260719,21,24
09001,000000005302,20260720,20,0
09001,000000005302,20260721,16,0
09001,000000005302,20260722,13,0
09001,000000005302,20260723,11,0
09001,000000005302,20260724,8,0
09001,000000005302,20260725,7,0
09001,000000005302,20260726,2,24
09001,000000005302,20260727,13,12
09001,000000005302,20260728,6,12
09001,000000005302,20260729,0,24
09001,000000005302,20260730,8,12
09001,000000005302,20260731,5,36
09001,000004471023,20260701,13,0
09001,000004471023,20260702,8,0
09001,000004471023,20260703,8,0
09001,000004471023,20260704,15,12
09001,000004471023,20260705,12,0
09001,000004471023,20260706,9,0
09001,000004471023,20260707,6,0
09001,000004471023,20260708,30,24
09001,000004471023,20260709,26,0
09001,000004471023,20260710,21,0
09001,000004471023,20260711,19,0
09001,000004471023,20260712,13,0
09001,000004471023,20260713,9,0
09001,000004471023,20260714,41,36
09001,000004471023,20260715,38,0
09001,000004471023,20260716,33,0
09001,000004471023,20260717,30,0
09001,000004471023,20260718,28,0
09001,000004471023,20260719,25,0
09001,000004471023,20260720,24,0
09001,000004471023,20260721,19,0
09001,000004471023,20260722,14,0
09001,000004471023,20260723,10,0
09001,000004471023,20260724,9,0
09001,000004471023,20260725,7,0
09001,000004471023,20260726,28,24
09001,000004471023,20260727,26,0
09001,000004471023,20260728,22,0
09001,000004471023,20260729,21,0
09001,000004471023,20260730,17,0
09001,000004471023,20260731,16,0
09001,000004471030,20260701,18,0
09001,000004471030,20260702,13,0
09001,000004471030,20260703,12,0
09001,000004471030,20260704,8,0
09001,000004471030,20260705,16,12
09001,000004471030,20260706,15,0
09001,000004471030,20260707,12,0
09001,000004471030,20260708,9,0
09001,000004471030,20260709,40,36
09001,000004471030,20260710,35,0
09001,000004471030,20260711,30,0
09001,000004471030,20260712,26,0
09001,000004471030,20260713,25,0
09001,000004471030,20260714,22,0
09001,000004471030,20260715,20,0
09001,000004471030,20260716,16,0
09001,000004471030,20260717,15,0
09001,000004471030,20260718,11,0
09001,000004471030,20260719,9,0
09001,000004471030,20260720,6,0
09001,000004471030,20260721,5,36
09001,000004471030,20260722,35,36
09001,000004471030,20260723,34,0
09001,000004471030,20260724,32,0
09001,000004471030,20260725,30,0
09001,000004471030,20260726,28,0
09001,000004471030,20260727,23,0
09001,000004471030,20260728,20,0
09001,000004471030,20260729,15,0
09001,000004471030,20260730,14,0
09001,000004471030,20260731,11,0
09001,000004471040,20260701,16,0
09001,000004471040,20260702,15,0
09001,000004471040,20260703,12,0
09001,000004471040,20260704,6,0
09001,000004471040,20260705,40,36
09001,000004471040,20260706,38,0
09001,000004471040,20260707,35,0
09001,000004471040,20260708,33,0
09001,000004471040,20260709,31,0
09001,000004471040,20260710,29,0
09001,000004471040,20260711,25,0
09001,000004471040,20260712,20,0
09001,000004471040,20260713,19,0
09001,000004471040,20260714,18,0
09001,000004471040,20260715,13,0
09001,000004471040,20260716,12,0
09001,000004471040,20260717,8,0
09001,000004471040,20260718,5,36
09001,000004471040,20260719,37,36
09001,000004471040,20260720,37,0
09001,000004471040,20260721,31,0
09001,000004471040,20260722,27,0
09001,000004471040,20260723,22,0
09001,000004471040,20260724,21,0
09001,000004471040,20260725,18,0
09001,000004471040,20260726,17,0
09001,000004471040,20260727,12,0
09001,000004471040,20260728,11,0
09001,000004471040,20260729,17,12
09001,000004471040,20260730,15,0
09001,000004471040,20260731,12,0
09001,000004472001,20260701,24,0
09001,000004472001,20260702,21,0
09001,000004472001,20260703,17,0
09001,000004472001,20260704,14,0
09001,000004472001,20260705,11,0
09001,000004472001,20260706,8,0
09001,000004472001,20260707,18,12
09001,000004472001,20260708,17,0
09001,000004472001,20260709,16,0
09001,000004472001,20260710,15,0
09001,000004472001,20260711,11,0
09001,000004472001,20260712,8,0
09001,000004472001,20260713,41,36
09001,000004472001,20260714,35,0
09001,000004472001,20260715,29,0
09001,000004472001,20260716,26,0
09001,000004472001,20260717,22,0
09001,000004472001,20260718,20,0
09001,000004472001,20260719,18,0
09001,000004472001,20260720,16,0
09001,000004472001,20260721,14,0
09001,000004472001,20260722,13,0
09001,000004472001,20260723,11,0
09001,000004472001,20260724,9,0
09001,000004472001,20260725,8,0
09001,000004472001,20260726,40,36
09001,000004472001,20260727,39,0
09001,000004472001,20260728,36,0
09001,000004472001,20260729,35,0
09001,000004472001,20260730,31,0
09001,000004472001,20260731,26,0
09001,000004472002,20260701,2,36
09001,000004472002,20260702,0,36
09001,000004472002,20260703,0,12
09001,000004472002,20260704,0,24
09001,000004472002,20260705,7,12
09001,000004472002,20260706,17,12
09001,000004472002,20260707,14,0
09001,000004472002,20260708,10,0
09001,000004472002,20260709,7,0
09001,000004472002,20260710,16,12
09001,000004472002,20260711,14,0
09001,000004472002,20260712,14,0
09001,000004472002,20260713,13,0
09001,000004472002,20260714,9,0
09001,000004472002,20260715,7,0
09001,000004472002,20260716,29,24
09001,000004472002,20260717,25,0
09001,000004472002,20260718,23,0
09001,000004472002,20260719,22,0
09001,000004472002,20260720,17,0
09001,000004472002,20260721,11,0
09001,000004472002,20260722,9,0
09001,000004472002,20260723,28,24
09001,000004472002,20260724,24,0
09001,000004472002,20260725,22,0
09001,000004472002,20260726,21,0
09001,000004472002,20260727,17,0
09001,000004472002,20260728,13,0
09001,000004472002,20260729,11,0
09001,000004472002,20260730,9,0
09001,000004472002,20260731,29,24
09001,000004472003,20260701,26,0
09001,000004472003,20260702,25,0
09001,000004472003,20260703,21,0
09001,000004472003,20260704,18,0
09001,000004472003,20260705,12,0
09001,000004472003,20260706,7,0
09001,000004472003,20260707,6,0
09001,000004472003,20260708,16,12
09001,000004472003,20260709,10,0
09001,000004472003,20260710,8,0
09001,000004472003,20260711,16,12
09001,000004472003,20260712,11,0
09001,000004472003,20260713,11,0
09001,000004472003,20260714,5,36
09001,000004472003,20260715,3,12
09001,000004472003,20260716,23,24
09001,000004472003,20260717,21,0
09001,000004472003,20260718,19,0
09001,000004472003,20260719,18,0
09001,000004472003,20260720,15,0
09001,000004472003,20260721,11,0
09001,000004472003,20260722,7,0
09001,000004472003,20260723,2,24
09001,000004472003,20260724,23,24
09001,000004472003,20260725,22,0
09001,000004472003,20260726,20,0
09001,000004472003,20260727,16,0
09001,000004472003,20260728,14,0
09001,000004472003,20260729,9,0
09001,000004472003,20260730,8,0
09001,000004472003,20260731,6,0
09001,000004473001,20260701,4,36
09001,000004473001,20260702,3,24
09001,000004473001,20260703,12,12
09001,000004473001,20260704,8,0
09001,000004473001,20260705,17,12
09001,000004473001,20260706,11,0
09001,000004473001,20260707,6,0
09001,000004473001,20260708,28,24
09001,000004473001,20260709,23,0
09001,000004473001,20260710,17,0
09001,000004473001,20260711,14,0
09001,000004473001,20260712,12,0
09001,000004473001,20260713,7,0
09001,000004473001,20260714,29,24
09001,000004473001,20260715,25,0
09001,000004473001,20260716,22,0
09001,000004473001,20260717,16,0
09001,000004473001,20260718,11,0
09001,000004473001,20260719,8,0
09001,000004473001,20260720,6,0
09001,000004473001,20260721,5,24
09001,000004473001,20260722,14,12
09001,000004473001,20260723,11,0
09001,000004473001,20260724,8,0
09001,000004473001,20260725,39,36
09001,000004473001,20260726,38,0
09001,000004473001,20260727,35,0
09001,000004473001,20260728,32,0
09001,000004473001,20260729,29,0
09001,000004473001,20260730,27,0
09001,000004473001,20260731,23,0
09001,000004473002,20260701,17,0
09001,000004473002,20260702,14,0
09001,000004473002,20260703,12,0
09001,000004473002,20260704,9,0
09001,000004473002,20260705,8,0
09001,000004473002,20260706,39,36
09001,000004473002,20260707,37,0
09001,000004473002,20260708,-1,0
09001,000004473002,20260709,30,0
09001,000004473002,20260710,25,0
09001,000004473002,20260711,19,0
09001,000004473002,20260712,15,0
09001,000004473002,20260713,13,0
09001,000004473002,20260714,8,0
09001,000004473002,20260715,7,0
09001,000004473002,20260716,38,36
09001,000004473002,20260717,33,0
09001,000004473002,20260718,29,0
09001,000004473002,20260719,25,0
09001,000004473002,20260720,22,0
09001,000004473002,20260721,21,0
09001,000004473002,20260722,19,0
09001,000004473002,20260723,16,0
09001,000004473002,20260724,14,0
09001,000004473002,20260725,9,0
09001,000004473002,20260726,8,0
09001,000004473002,20260727,7,0
09001,000004473002,20260728,6,0
09001,000004473002,20260729,24,24
09001,000004473002,20260730,19,0
09001,000004473002,20260731,17,0
09001,000004473003,20260701,28,0
09001,000004473003,20260702,22,0
09001,000004473003,20260703,21,0
09001,000004473003,20260704,18,0
09001,000004473003,20260705,14,0
09001,000004473003,20260706,13,0
09001,000004473003,20260707,8,0
09001,000004473003,20260708,2,36
09001,000004473003,20260709,0,12
09001,000004473003,20260710,0,36
09001,000004473003,20260711,33,36
09001,000004473003,20260712,28,0
09001,000004473003,20260713,22,0
09001,000004473003,20260714,20,0
09001,000004473003,20260715,19,0
09001,000004473003,20260716,15,0
09001,000004473003,20260717,11,0
09001,000004473003,20260718,10,0
09001,000004473003,20260719,8,0
09001,000004473003,20260720,41,36
09001,000004473003,20260721,38,0
09001,000004473003,20260722,35,0
09001,000004473003,20260723,34,0
09001,000004473003,20260724,33,0
09001,000004473003,20260725,29,0
09001,000004473003,20260726,27,0
09001,000004473003,20260727,23,0
09001,000004473003,20260728,18,0
09001,000004473003,20260729,13,0
09001,000004473003,20260730,11,0
09001,000004473003,20260731,7,0
09001,000004481001,20260701,11,0
09001,000004481001,20260702,6,0
09001,000004481001,20260703,39,36
09001,000004481001,20260704,37,0
09001,000004481001,20260705,35,0
09001,000004481001,20260706,31,0
09001,000004481001,20260707,27,0
09001,000004481001,20260708,23,0
09001,000004481001,20260709,19,0
09001,000004481001,20260710,14,0
09001,000004481001,20260711,10,0
09001,000004481001,20260712,41,36
09001,000004481001,20260713,37,0
09001,000004481001,20260714,35,0
09001,000004481001,20260715,33,0
09001,000004481001,20260716,30,0
09001,000004481001,20260717,28,0
09001,000004481001,20260718,26,0
09001,000004481001,20260719,23,0
09001,000004481001,20260720,22,0
09001,000004481001,20260721,20,0
09001,000004481001,20260722,17,0
09001,000004481001,20260723,16,0
09001,000004481001,20260724,12,0
09001,000004481001,20260725,7,0
09001,000004481001,20260726,38,36
09001,000004481001,20260727,36,0
09001,000004481001,20260728,31,0
09001,000004481001,20260729,30,0
09001,000004481001,20260730,25,0
09001,000004481001,20260731,24,0
09001,000004481003,20260701,29,0
09001,000004481003,20260702,28,0
09001,000004481003,20260703,26,0
09001,000004481003,20260704,22,0
09001,000004481003,20260705,20,0
09001,000004481003,20260706,18,0
09001,000004481003,20260707,12,0
09001,000004481003,20260708,8,0
09001,000004481003,20260709,6,0
09001,000004481003,20260710,29,24
09001,000004481003,20260711,24,0
09001,000004481003,20260712,20,0
09001,000004481003,20260713,19,0
09001,000004481003,20260714,15,0
09001,000004481003,20260715,14,0
09001,000004481003,20260716,9,0
09001,000004481003,20260717,16,12
09001,000004481003,20260718,10,0
09001,000004481003,20260719,5,24
09001,000004481003,20260720,13,12
09001,000004481003,20260721,10,0
09001,000004481003,20260722,17,12
09001,000004481003,20260723,11,0
09001,000004481003,20260724,10,0
09001,000004481003,20260725,30,24
09001,000004481003,20260726,29,0
09001,000004481003,20260727,23,0
09001,000004481003,20260728,19,0
09001,000004481003,20260729,17,0
09001,000004481003,20260730,15,0
09001,000004481003,20260731,13,0
09001,000004482001,20260701,23,0
09001,000004482001,20260702,18,0
09001,000004482001,20260703,14,0
09001,000004482001,20260704,12,0
09001,000004482001,20260705,8,0
09001,000004482001,20260706,27,24
09001,000004482001,20260707,23,0
09001,000004482001,20260708,18,0
09001,000004482001,20260709,16,0
09001,000004482001,20260710,14,0
09001,000004482001,20260711,10,0
09001,000004482001,20260712,9,0
09001,000004482001,20260713,17,12
09001,000004482001,20260714,11,0
09001,000004482001,20260715,8,0
09001,000004482001,20260716,2,12
09001,000004482001,20260717,13,12
09001,000004482001,20260718,9,0
09001,000004482001,20260719,5,12
09001,000004482001,20260720,37,36
09001,000004482001,20260721,36,0
09001,000004482001,20260722,31,0
09001,000004482001,20260723,30,0
09001,000004482001,20260724,27,0
09001,000004482001,20260725,23,0
09001,000004482001,20260726,23,0
09001,000004482001,20260727,21,0
09001,000004482001,20260728,18,0
09001,000004482001,20260729,18,0
09001,000004482001,20260730,15,0
09001,000004482001,20260731,10,0
09001,000004482002,20260701,7,0
09001,000004482002,20260702,41,36
09001,000004482002,20260703,40,0
09001,000004482002,20260704,37,0
09001,000004482002,20260705,35,0
09001,000004482002,20260706,30,0
09001,000004482002,20260707,27,0
09001,000004482002,20260708,24,0
09001,000004482002,20260709,23,0
09001,000004482002,20260710,22,0
09001,000004482002,20260711,21,0
09001,000004482002,20260712,19,0
09001,000004482002,20260713,13,0
09001,000004482002,20260714,8,0
09001,000004482002,20260715,28,24
09001,000004482002,20260716,26,0
09001,000004482002,20260717,22,0
09001,000004482002,20260718,18,0
09001,000004482002,20260719,13,0
09001,000004482002,20260720,12,0
09001,000004482002,20260721,11,0
09001,000004482002,20260722,9,0
09001,000004482002,20260723,9,0
09001,000004482002,20260724,7,0
09001,000004482002,20260725,42,36
09001,000004482002,20260726,38,0
09001,000004482002,20260727,36,0
09001,000004482002,20260728,30,0
09001,000004482002,20260729,25,0
09001,000004482002,20260730,20,0
09001,000004482002,20260731,15,0
09001,000004482003,20260701,15,12
09001,000004482003,20260702,14,0
09001,000004482003,20260703,11,0
09001,000004482003,20260704,10,0
09001,000004482003,20260705,8,0
09001,000004482003,20260706,41,36
09001,000004482003,20260707,36,0
09001,000004482003,20260708,32,0
09001,000004482003,20260709,28,0
09001,000004482003,20260710,27,0
09001,000004482003,20260711,22,0
09001,000004482003,20260712,18,0
09001,000004482003,20260713,13,0
09001,000004482003,20260714,7,0
09001,000004482003,20260715,17,12
09001,000004482003,20260716,11,0
09001,000004482003,20260717,8,0
09001,000004482003,20260718,26,24
09001,000004482003,20260719,22,0
09001,000004482003,20260720,18,0
09001,000004482003,20260721,14,0
09001,000004482003,20260722,12,0
09001,000004482003,20260723,11,0
09001,000004482003,20260724,10,0
09001,000004482003,20260725,16,12
09001,000004482003,20260726,10,0
09001,000004482003,20260727,6,0
09001,000004482003,20260728,29,24
09001,000004482003,20260729,28,0
09001,000004482003,20260730,23,0
09001,000004482003,20260731,18,0
09001,000004483001,20260701,11,0
09001,000004483001,20260702,10,0
09001,000004483001,20260703,40,36
09001,000004483001,20260704,34,0
09001,000004483001,20260705,30,0
09001,000004483001,20260706,25,0
09001,000004483001,20260707,22,0
09001,000004483001,20260708,21,0
09001,000004483001,20260709,18,0
09001,000004483001,20260710,13,0
09001,000004483001,20260711,9,0
09001,000004483001,20260712,7,0
09001,000004483001,20260713,38,36
09001,000004483001,20260714,38,0
09001,000004483001,20260715,32,0
09001,000004483001,20260716,28,0
09001,000004483001,20260717,25,0
09001,000004483001,20260718,22,0
09001,000004483001,20260719,21,0
09001,000004483001,20260720,17,0
09001,000004483001,20260721,13,0
09001,000004483001,20260722,7,0
09001,000004483001,20260723,16,12
09001,000004483001,20260724,13,0
09001,000004483001,20260725,13,0
09001,000004483001,20260726,12,0
09001,000004483001,20260727,30,24
09001,000004483001,20260728,27,0
09001,000004483001,20260729,25,0
09001,000004483001,20260730,22,0
09001,000004483001,20260731,19,0
09001,000004483002,20260701,32,0
09001,000004483002,20260702,30,0
09001,000004483002,20260703,25,0
09001,000004483002,20260704,24,0
09001,000004483002,20260705,19,0
09001,000004483002,20260706,13,0
09001,000004483002,20260707,8,0
09001,000004483002,20260708,6,0
09001,000004483002,20260709,25,24
09001,000004483002,20260710,23,0
09001,000004483002,20260711,22,0
09001,000004483002,20260712,18,0
09001,000004483002,20260713,16,0
09001,000004483002,20260714,10,0
09001,000004483002,20260715,8,0
09001,000004483002,20260716,42,36
09001,000004483002,20260717,39,0
09001,000004483002,20260718,37,0
09001,000004483002,20260719,32,0
09001,000004483002,20260720,27,0
09001,000004483002,20260721,24,0
09001,000004483002,20260722,19,0
09001,000004483002,20260723,14,0
09001,000004483002,20260724,11,0
09001,000004483002,20260725,8,0
09001,000004483002,20260726,28,24
09001,000004483002,20260727,26,0
09001,000004483002,20260728,22,0
09001,000004483002,20260729,16,0
09001,000004483002,20260730,12,0
09001,000004483002,20260731,11,0
09001,000004491001,20260701,23,0
09001,000004491001,20260702,21,0
09001,000004491001,20260703,20,0
09001,000004491001,20260704,17,0
09001,000004491001,20260705,15,0
09001,000004491001,20260706,10,0
09001,000004491001,20260707,7,0
09001,000004491001,20260708,3,36
09001,000004491001,20260709,33,36
09001,000004491001,20260710,31,0
09001,000004491001,20260711,26,0
09001,000004491001,20260712,24,0
09001,000004491001,20260713,20,0
09001,000004491001,20260714,15,0
09001,000004491001,20260715,10,0
09001,000004491001,20260716,42,36
09001,000004491001,20260717,38,0
09001,000004491001,20260718,37,0
09001,000004491001,20260719,33,0
09001,000004491001,20260720,29,0
09001,000004491001,20260721,26,0
09001,000004491001,20260722,24,0
09001,000004491001,20260723,21,0
09001,000004491001,20260724,17,0
09001,000004491001,20260725,12,0
09001,000004491001,20260726,7,0
09001,000004491001,20260727,26,24
09001,000004491001,20260728,25,0
09001,000004491001,20260729,21,0
09001,000004491001,20260730,18,0
09001,000004491001,20260731,13,0
09001,000004491002,20260701,20,0
09001,000004491002,20260702,17,0
09001,000004491002,20260703,16,0
09001,000004491002,20260704,14,0
09001,000004491002,20260705,8,0
09001,000004491002,20260706,7,0
09001,000004491002,20260707,17,12
09001,000004491002,20260708,12,0
09001,000004491002,20260709,10,0
09001,000004491002,20260710,8,0
09001,000004491002,20260711,7,0
09001,000004491002,20260712,5,24
09001,000004491002,20260713,12,12
09001,000004491002,20260714,7,0
09001,000004491002,20260715,28,24
09001,000004491002,20260716,27,0
09001,000004491002,20260717,26,0
09001,000004491002,20260718,21,0
09001,000004491002,20260719,16,0
09001,000004491002,20260720,15,0
09001,000004491002,20260721,11,0
09001,000004491002,20260722,10,0
09001,000004491002,20260723,42,36
09001,000004491002,20260724,39,0
09001,000004491002,20260725,34,0
09001,000004491002,20260726,34,0
09001,000004491002,20260727,28,0
09001,000004491002,20260728,25,0
09001,000004491002,20260729,22,0
09001,000004491002,20260730,17,0
09001,000004491002,20260731,17,0
09001,000004491003,20260701,21,0
09001,000004491003,20260702,18,0
09001,000004491003,20260703,14,0
09001,000004491003,20260704,10,0
09001,000004491003,20260705,6,0
09001,000004491003,20260706,40,36
09001,000004491003,20260707,37,0
09001,000004491003,20260708,36,0
09001,000004491003,20260709,32,0
09001,000004491003,20260710,31,0
09001,000004491003,20260711,27,0
09001,000004491003,20260712,22,0
09001,000004491003,20260713,18,0
09001,000004491003,20260714,16,0
09001,000004491003,20260715,13,0
09001,000004491003,20260716,10,0
09001,000004491003,20260717,8,0
09001,000004491003,20260718,39,36
09001,000004491003,20260719,36,0
09001,000004491003,20260720,34,0
09001,000004491003,20260721,33,0
09001,000004491003,20260722,32,0
09001,000004491003,20260723,29,0
09001,000004491003,20260724,27,0
09001,000004491003,20260725,22,0
09001,000004491003,20260726,18,0
09001,000004491003,20260727,14,0
09001,000004491003,20260728,10,0
09001,000004491003,20260729,4,12
09001,000004491003,20260730,23,24
09001,000004491003,20260731,17,0
09001,000004492001,20260701,16,0
09001,000004492001,20260702,13,0
09001,000004492001,20260703,9,0
09001,000004492001,20260704,3,24
09001,000004492001,20260705,35,36
09001,000004492001,20260706,33,0
09001,000004492001,20260707,31,0
09001,000004492001,20260708,30,0
09001,000004492001,20260709,26,0
09001,000004492001,20260710,20,0
09001,000004492001,20260711,18,0
09001,000004492001,20260712,16,0
09001,000004492001,20260713,15,0
09001,000004492001,20260714,12,0
09001,000004492001,20260715,8,0
09001,000004492001,20260716,7,0
09001,000004492001,20260717,41,36
09001,000004492001,20260718,40,0
09001,000004492001,20260719,39,0
09001,000004492001,20260720,34,0
09001,000004492001,20260721,30,0
09001,000004492001,20260722,25,0
09001,000004492001,20260723,23,0
09001,000004492001,20260724,21,0
09001,000004492001,20260725,16,0
09001,000004492001,20260726,13,0
09001,000004492001,20260727,10,0
09001,000004492001,20260728,7,0
09001,000004492001,20260729,28,24
09001,000004492001,20260730,22,0
09001,000004492001,20260731,22,0
09001,000004492002,20260701,5,24
09001,000004492002,20260702,2,36
09001,000004492002,20260703,11,12
09001,000004492002,20260704,6,0
09001,000004492002,20260705,26,24
09001,000004492002,20260706,21,0
09001,000004492002,20260707,16,0
09001,000004492002,20260708,15,0
09001,000004492002,20260709,13,0
09001,000004492002,20260710,9,0
09001,000004492002,20260711,41,36
09001,000004492002,20260712,36,0
09001,000004492002,20260713,32,0
09001,000004492002,20260714,30,0
09001,000004492002,20260715,27,0
09001,000004492002,20260716,25,0
09001,000004492002,20260717,24,0
09001,000004492002,20260718,22,0
09001,000004492002,20260719,18,0
09001,000004492002,20260720,17,0
09001,000004492002,20260721,13,0
09001,000004492002,20260722,11,0
09001,000004492002,20260723,10,0
09001,000004492002,20260724,16,12
09001,000004492002,20260725,13,0
09001,000004492002,20260726,12,0
09001,000004492002,20260727,7,0
09001,000004492002,20260728,6,0
09001,000004492002,20260729,17,12
09001,000004492002,20260730,14,0
09001,000004492002,20260731,12,0
09001,000004492003,20260701,15,0
09001,000004492003,20260702,15,0
09001,000004492003,20260703,13,0
09001,000004492003,20260704,8,0
09001,000004492003,20260705,39,36
09001,000004492003,20260706,35,0
09001,000004492003,20260707,34,0
09001,000004492003,20260708,30,0
09001,000004492003,20260709,26,0
09001,000004492003,20260710,20,0
09001,000004492003,20260711,16,0
09001,000004492003,20260712,12,0
09001,000004492003,20260713,11,0
09001,000004492003,20260714,8,0
09001,000004492003,20260715,15,12
09001,000004492003,20260716,10,0
09001,000004492003,20260717,8,0
09001,000004492003,20260718,38,36
09001,000004492003,20260719,37,0
09001,000004492003,20260720,34,0
09001,000004492003,20260721,31,0
09001,000004492003,20260722,27,0
09001,000004492003,20260723,23,0
09001,000004492003,20260724,19,0
09001,000004492003,20260725,13,0
09001,000004492003,20260726,10,0
09001,000004492003,20260727,17,12
09001,000004492003,20260728,16,0
09001,000004492003,20260729,13,0
09001,000004492003,20260730,9,0
09001,000004492003,20260731,7,0
09001,000004493001,20260701,22,0
09001,000004493001,20260702,19,0
09001,000004493001,20260703,14,0
09001,000004493001,20260704,8,0
09001,000004493001,20260705,29,24
09001,000004493001,20260706,23,0
09001,000004493001,20260707,21,0
09001,000004493001,20260708,19,0
09001,000004493001,20260709,16,0
09001,000004493001,20260710,12,0
09001,000004493001,20260711,9,0
09001,000004493001,20260712,8,0
09001,000004493001,20260713,7,0
09001,000004493001,20260714,14,12
09001,000004493001,20260715,10,0
09001,000004493001,20260716,7,0
09001,000004493001,20260717,4,12
09001,000004493001,20260718,38,36
09001,000004493001,20260719,35,0
09001,000004493001,20260720,34,0
09001,000004493001,20260721,30,0
09001,000004493001,20260722,27,0
09001,000004493001,20260723,21,0
09001,000004493001,20260724,19,0
09001,000004493001,20260725,14,0
09001,000004493001,20260726,12,0
09001,000004493001,20260727,6,0
09001,000004493001,20260728,26,24
09001,000004493001,20260729,24,0
09001,000004493001,20260730,19,0
09001,000004493001,20260731,17,0
09001,000004493002,20260701,27,24
09001,000004493002,20260702,21,0
09001,000004493002,20260703,16,0
09001,000004493002,20260704,14,0
09001,000004493002,20260705,14,0
09001,000004493002,20260706,12,0
09001,000004493002,20260707,11,0
09001,000004493002,20260708,41,36
09001,000004493002,20260709,37,0
09001,000004493002,20260710,34,0
09001,000004493002,20260711,32,0
09001,000004493002,20260712,31,0
09001,000004493002,20260713,27,0
09001,000004493002,20260714,23,0
09001,000004493002,20260715,22,0
09001,000004493002,20260716,19,0
09001,000004493002,20260717,16,0
09001,000004493002,20260718,12,0
09001,000004493002,20260719,10,0
09001,000004493002,20260720,40,36
09001,000004493002,20260721,38,0
09001,000004493002,20260722,35,0
09001,000004493002,20260723,35,0
09001,000004493002,20260724,32,0
09001,000004493002,20260725,26,0
09001,000004493002,20260726,24,0
09001,000004493002,20260727,18,0
09001,000004493002,20260728,14,0
09001,000004493002,20260729,10,0
09001,000004493002,20260730,6,0
09001,000004493002,20260731,36,36
09001,000000551020,20260701,12,0
09001,000000551020,20260702,8,0
09001,000000551020,20260703,7,0
09001,000000551020,20260704,27,24
09001,000000551020,20260705,24,0
09001,000000551020,20260706,21,0
09001,000000551020,20260707,17,0
09001,000000551020,20260708,14,0
09001,000000551020,20260709,8,0
09001,000000551020,20260710,7,0
09001,000000551020,20260711,38,36
09001,000000551020,20260712,33,0
09001,000000551020,20260713,27,0
09001,000000551020,20260714,22,0
09001,000000551020,20260715,18,0
09001,000000551020,20260716,15,0
09001,000000551020,20260717,13,0
09001,000000551020,20260718,10,0
09001,000000551020,20260719,7,0
09001,000000551020,20260720,39,36
09001,000000551020,20260721,37,0
09001,000000551020,20260722,31,0
09001,000000551020,20260723,26,0
09001,000000551020,20260724,22,0
09001,000000551020,20260725,20,0
09001,000000551020,20260726,16,0
09001,000000551020,20260727,12,0
09001,000000551020,20260728,11,0
09001,000000551020,20260729,8,0
09001,000000551020,20260730,26,24
09001,000000551020,20260731,21,0
09001,000000551021,20260701,17,0
09001,000000551021,20260702,16,0
09001,000000551021,20260703,10,0
09001,000000551021,20260704,6,0
09001,000000551021,20260705,30,24
09001,000000551021,20260706,25,0
09001,000000551021,20260707,19,0
09001,000000551021,20260708,18,0
09001,000000551021,20260709,12,0
09001,000000551021,20260710,10,0
09001,000000551021,20260711,8,0
09001,000000551021,20260712,29,24
09001,000000551021,20260713,25,0
09001,000000551021,20260714,23,0
09001,000000551021,20260715,17,0
09001,000000551021,20260716,12,0
09001,000000551021,20260717,9,0
09001,000000551021,20260718,39,36
09001,000000551021,20260719,34,0
09001,000000551021,20260720,29,0
09001,000000551021,20260721,24,0
09001,000000551021,20260722,23,0
09001,000000551021,20260723,17,0
09001,000000551021,20260724,16,0
09001,000000551021,20260725,10,0
09001,000000551021,20260726,5,12
09001,000000551021,20260727,35,36
09001,000000551021,20260728,34,0
09001,000000551021,20260729,29,0
09001,000000551021,20260730,26,0
09001,000000551021,20260731,20,0
09001,000000552001,20260701,16,0
09001,000000552001,20260702,13,0
09001,000000552001,20260703,12,0
09001,000000552001,20260704,7,0
09001,000000552001,20260705,7,0
09001,000000552001,20260706,28,24
09001,000000552001,20260707,27,0
09001,000000552001,20260708,25,0
09001,000000552001,20260709,24,0
09001,000000552001,20260710,18,0
09001,000000552001,20260711,12,0
09001,000000552001,20260712,8,0
09001,000000552001,20260713,15,12
09001,000000552001,20260714,13,0
09001,000000552001,20260715,9,0
09001,000000552001,20260716,5,12
09001,000000552001,20260717,36,36
09001,000000552001,20260718,35,0
09001,000000552001,20260719,29,0
09001,000000552001,20260720,25,0
09001,000000552001,20260721,22,0
09001,000000552001,20260722,21,0
09001,000000552001,20260723,18,0
09001,000000552001,20260724,14,0
09001,000000552001,20260725,14,0
09001,000000552001,20260726,8,0
09001,000000552001,20260727,17,12
09001,000000552001,20260728,13,0
09001,000000552001,20260729,8,0
09001,000000552001,20260730,30,24
09001,000000552001,20260731,26,0
09001,000000552002,20260701,17,0
09001,000000552002,20260702,13,0
09001,000000552002,20260703,8,0
09001,000000552002,20260704,6,0
09001,000000552002,20260705,26,24
09001,000000552002,20260706,25,0
09001,000000552002,20260707,20,0
09001,000000552002,20260708,18,0
09001,000000552002,20260709,15,0
09001,000000552002,20260710,13,0
09001,000000552002,20260711,8,0
09001,000000552002,20260712,8,0
09001,000000552002,20260713,3,12
09001,000000552002,20260714,22,24
09001,000000552002,20260715,16,0
09001,000000552002,20260716,13,0
09001,000000552002,20260717,7,0
09001,000000552002,20260718,37,36
09001,000000552002,20260719,36,0
09001,000000552002,20260720,32,0
09001,000000552002,20260721,29,0
09001,000000552002,20260722,25,0
09001,000000552002,20260723,21,0
09001,000000552002,20260724,18,0
09001,000000552002,20260725,17,0
09001,000000552002,20260726,15,0
09001,000000552002,20260727,13,0
09001,000000552002,20260728,7,0
09001,000000552002,20260729,7,0
09001,000000552002,20260730,42,36
09001,000000552002,20260731,39,0
09001,000000561001,20260701,23,0
09001,000000561001,20260702,20,0
09001,000000561001,20260703,19,0
09001,000000561001,20260704,17,0
09001,000000561001,20260705,12,0
09001,000000561001,20260706,8,0
09001,000000561001,20260707,26,24
09001,000000561001,20260708,22,0
09001,000000561001,20260709,17,0
09001,000000561001,20260710,12,0
09001,000000561001,20260711,9,0
09001,000000561001,20260712,9,0
09001,000000561001,20260713,17,12
09001,000000561001,20260714,14,0
09001,000000561001,20260715,11,0
09001,000000561001,20260716,9,0
09001,000000561001,20260717,4,36
09001,000000561001,20260718,13,12
09001,000000561001,20260719,12,0
09001,000000561001,20260720,11,0
09001,000000561001,20260721,6,0
09001,000000561001,20260722,18,12
09001,000000561001,20260723,12,0
09001,000000561001,20260724,9,0
09001,000000561001,20260725,7,0
09001,000000561001,20260726,4,36
09001,000000561001,20260727,23,24
09001,000000561001,20260728,22,0
09001,000000561001,20260729,16,0
09001,000000561001,20260730,14,0
09001,000000561001,20260731,11,0
09001,000000561002,20260701,25,0
09001,000000561002,20260702,22,0
09001,000000561002,20260703,19,0
09001,000000561002,20260704,15,0
09001,000000561002,20260705,12,0
09001,000000561002,20260706,11,0
09001,000000561002,20260707,9,0
09001,000000561002,20260708,3,24
09001,000000561002,20260709,12,12
09001,000000561002,20260710,11,0
09001,000000561002,20260711,9,0
09001,000000561002,20260712,17,12
09001,000000561002,20260713,15,0
09001,000000561002,20260714,13,0
09001,000000561002,20260715,9,0
09001,000000561002,20260716,42,36
09001,000000561002,20260717,38,0
09001,000000561002,20260718,34,0
09001,000000561002,20260719,29,0
09001,000000561002,20260720,26,0
09001,000000561002,20260721,24,0
09001,000000561002,20260722,20,0
09001,000000561002,20260723,16,0
09001,000000561002,20260724,13,0
09001,000000561002,20260725,12,0
09001,000000561002,20260726,8,0
09001,000000561002,20260727,40,36
09001,000000561002,20260728,34,0
09001,000000561002,20260729,30,0
09001,000000561002,20260730,28,0
09001,000000561002,20260731,23,0
09001,000000562001,20260701,6,0
09001,000000562001,20260702,3,24
09001,000000562001,20260703,35,36
09001,000000562001,20260704,35,0
09001,000000562001,20260705,34,0
09001,000000562001,20260706,33,0
09001,000000562001,20260707,28,0
09001,000000562001,20260708,24,0
09001,000000562001,20260709,19,0
09001,000000562001,20260710,14,0
09001,000000562001,20260711,11,0
09001,000000562001,20260712,30,24
09001,000000562001,20260713,27,0
09001,000000562001,20260714,23,0
09001,000000562001,20260715,19,0
09001,000000562001,20260716,18,0
09001,000000562001,20260717,17,0
09001,000000562001,20260718,17,0
09001,000000562001,20260719,12,0
09001,000000562001,20260720,8,0
09001,000000562001,20260721,40,36
09001,000000562001,20260722,37,0
09001,000000562001,20260723,36,0
09001,000000562001,20260724,35,0
09001,000000562001,20260725,30,0
09001,000000562001,20260726,24,0
09001,000000562001,20260727,21,0
09001,000000562001,20260728,20,0
09001,000000562001,20260729,16,0
09001,000000562001,20260730,14,0
09001,000000562001,20260731,8,0
09001,000000562002,20260701,19,0
09001,000000562002,20260702,18,0
09001,000000562002,20260703,17,0
09001,000000562002,20260704,12,0
09001,000000562002,20260705,9,0
09001,000000562002,20260706,8,0
09001,000000562002,20260707,41,36
09001,000000562002,20260708,37,0
09001,000000562002,20260709,34,0
09001,000000562002,20260710,30,0
09001,000000562002,20260711,29,0
09001,000000562002,20260712,25,0
09001,000000562002,20260713,22,0
09001,000000562002,20260714,18,0
09001,000000562002,20260715,15,0
09001,000000562002,20260716,13,0
09001,000000562002,20260717,8,0
09001,000000562002,20260718,7,0
09001,000000562002,20260719,29,24
09001,000000562002,20260720,25,0
09001,000000562002,20260721,20,0
09001,000000562002,20260722,17,0
09001,000000562002,20260723,13,0
09001,000000562002,20260724,9,0
09001,000000562002,20260725,8,0
09001,000000562002,20260726,41,36
09001,000000562002,20260727,41,0
09001,000000562002,20260728,39,0
09001,000000562002,20260729,38,0
09001,000000562002,20260730,36,0
09001,000000562002,20260731,30,0
02210,000000093321,20260701,19.223,0
02210,000000093321,20260702,16.169,0
02210,000000093321,20260703,12.370,0
02210,000000093321,20260704,10.730,0
02210,000000093321,20260705,6.991,0
02210,000000093321,20260706,14.670,12
02210,000000093321,20260707,11.232,0
02210,000000093321,20260708,5.215,12
02210,000000093321,20260709,16.097,12
02210,000000093321,20260710,14.748,0
02210,000000093321,20260711,7.261,0
02210,000000093321,20260712,15.618,12
02210,000000093321,20260713,9.344,0
02210,000000093321,20260714,39.520,36
02210,000000093321,20260715,38.672,0
02210,000000093321,20260716,30.427,0
02210,000000093321,20260717,29.556,0
02210,000000093321,20260718,22.778,0
02210,000000093321,20260719,21.348,0
02210,000000093321,20260720,14.981,0
02210,000000093321,20260721,12.773,0
02210,000000093321,20260722,29.436,24
02210,000000093321,20260723,25.417,0
02210,000000093321,20260724,20.382,0
02210,000000093321,20260725,13.574,0
02210,000000093321,20260726,29.859,24
02210,000000093321,20260727,23.748,0
02210,000000093321,20260728,22.278,0
02210,000000093321,20260729,19.803,0
02210,000000093321,20260730,17.094,0
02210,000000093321,20260731,14.473,0
02210,000000093322,20260701,37.922,0
02210,000000093322,20260702,30.039,0
02210,000000093322,20260703,28.407,0
02210,000000093322,20260704,26.639,0
02210,000000093322,20260705,19.352,0
02210,000000093322,20260706,15.291,0
02210,000000093322,20260707,13.269,0
02210,000000093322,20260708,6.586,0
02210,000000093322,20260709,5.776,36
02210,000000093322,20260710,12.967,12
02210,000000093322,20260711,9.117,0
02210,000000093322,20260712,16.485,12
02210,000000093322,20260713,9.200,0
02210,000000093322,20260714,6.733,0
02210,000000093322,20260715,37.088,36
02210,000000093322,20260716,30.882,0
02210,000000093322,20260717,25.237,0
02210,000000093322,20260718,21.208,0
02210,000000093322,20260719,20.442,0
02210,000000093322,20260720,17.989,0
02210,000000093322,20260721,10.378,0
02210,000000093322,20260722,9.252,0
02210,000000093322,20260723,14.613,12
02210,000000093322,20260724,7.194,0
02210,000000093322,20260725,0.000,24
02210,000000093322,20260726,0.000,36
02210,000000093322,20260727,29.409,36
02210,000000093322,20260728,28.207,0
02210,000000093322,20260729,21.760,0
02210,000000093322,20260730,15.813,0
02210,000000093322,20260731,15.029,0
02210,000000093325,20260701,29.750,0
02210,000000093325,20260702,24.689,0
02210,000000093325,20260703,17.345,0
02210,000000093325,20260704,14.800,0
02210,000000093325,20260705,12.102,0
02210,000000093325,20260706,9.150,0
02210,000000093325,20260707,13.362,12
02210,000000093325,20260708,7.079,0
02210,000000093325,20260709,38.886,36
02210,000000093325,20260710,36.872,0
02210,000000093325,20260711,33.828,0
02210,000000093325,20260712,32.965,0
02210,000000093325,20260713,24.582,0
02210,000000093325,20260714,20.484,0
02210,000000093325,20260715,14.451,0
02210,000000093325,20260716,11.402,0
02210,000000093325,20260717,6.822,0
02210,000000093325,20260718,34.952,36
02210,000000093325,20260719,31.928,0
02210,000000093325,20260720,27.166,0
02210,000000093325,20260721,22.995,0
02210,000000093325,20260722,17.031,0
02210,000000093325,20260723,13.720,0
02210,000000093325,20260724,11.317,0
02210,000000093325,20260725,41.862,36
02210,000000093325,20260726,37.992,0
02210,000000093325,20260727,34.382,0
02210,000000093325,20260728,31.012,0
02210,000000093325,20260729,24.249,0
02210,000000093325,20260730,17.338,0
02210,000000093325,20260731,12.278,0
02210,000000093401,20260701,9.105,0
02210,000000093401,20260702,39.639,36
02210,000000093401,20260703,34.569,0
02210,000000093401,20260704,28.668,0
02210,000000093401,20260705,23.770,0
02210,000000093401,20260706,21.285,0
02210,000000093401,20260707,14.303,0
02210,000000093401,20260708,9.742,0
02210,000000093401,20260709,8.209,0
02210,000000093401,20260710,4.227,12
02210,000000093401,20260711,0.000,36
02210,000000093401,20260712,31.320,36
02210,000000093401,20260713,30.122,0
02210,000000093401,20260714,25.686,0
02210,000000093401,20260715,17.401,0
02210,000000093401,20260716,9.707,0
02210,000000093401,20260717,8.780,0
02210,000000093401,20260718,4.353,12
02210,000000093401,20260719,0.000,24
02210,000000093401,20260720,29.862,36
02210,000000093401,20260721,22.649,0
02210,000000093401,20260722,20.217,0
02210,000000093401,20260723,13.035,0
02210,000000093401,20260724,7.265,0
02210,000000093401,20260725,4.649,12
02210,000000093401,20260726,23.381,24
02210,000000093401,20260727,19.958,0
02210,000000093401,20260728,16.713,0
02210,000000093401,20260729,13.055,0
02210,000000093401,20260730,7.250,0
02210,000000093401,20260731,5.817,24
02210,000000093402,20260701,22.270,0
02210,000000093402,20260702,18.604,0
02210,000000093402,20260703,16.680,0
02210,000000093402,20260704,12.530,0
02210,000000093402,20260705,9.181,0
02210,000000093402,20260706,37.547,36
02210,000000093402,20260707,33.456,0
02210,000000093402,20260708,25.393,0
02210,000000093402,20260709,17.779,0
02210,000000093402,20260710,14.347,0
02210,000000093402,20260711,11.214,0
02210,000000093402,20260712,6.720,0
02210,000000093402,20260713,17.244,12
02210,000000093402,20260714,15.452,0
02210,000000093402,20260715,8.467,0
02210,000000093402,20260716,38.834,36
02210,000000093402,20260717,36.842,0
02210,000000093402,20260718,31.225,0
02210,000000093402,20260719,27.082,0
02210,000000093402,20260720,20.082,0
02210,000000093402,20260721,12.369,0
02210,000000093402,20260722,5.241,12
02210,000000093402,20260723,0.000,24
02210,000000093402,20260724,32.403,36
02210,000000093402,20260725,24.566,0
02210,000000093402,20260726,21.293,0
02210,000000093402,20260727,18.341,0
02210,000000093402,20260728,10.720,0
02210,000000093402,20260729,6.764,0
02210,000000093402,20260730,37.501,36
02210,000000093402,20260731,34.432,0
02210,000000093410,20260701,17.345,0
02210,000000093410,20260702,15.925,0
02210,000000093410,20260703,9.716,0
02210,000000093410,20260704,29.161,24
02210,000000093410,20260705,28.313,0
02210,000000093410,20260706,25.561,0
02210,000000093410,20260707,24.021,0
02210,000000093410,20260708,18.004,0
02210,000000093410,20260709,14.290,0
02210,000000093410,20260710,9.952,0
02210,000000093410,20260711,29.597,24
02210,000000093410,20260712,27.671,0
02210,000000093410,20260713,19.436,0
02210,000000093410,20260714,12.457,0
02210,000000093410,20260715,29.412,24
02210,000000093410,20260716,28.006,0
02210,000000093410,20260717,22.759,0
02210,000000093410,20260718,15.858,0
02210,000000093410,20260719,14.999,0
02210,000000093410,20260720,12.258,0
02210,000000093410,20260721,10.189,0
02210,000000093410,20260722,8.332,0
02210,000000093410,20260723,24.028,24
02210,000000093410,20260724,20.546,0
02210,000000093410,20260725,13.750,0
02210,000000093410,20260726,12.596,0
02210,000000093410,20260727,29.156,24
02210,000000093410,20260728,24.310,0
02210,000000093410,20260729,18.416,0
02210,000000093410,20260730,13.508,0
02210,000000093410,20260731,8.118,0
02210,000000093501,20260701,7,0
02210,000000093501,20260702,1,12
02210,000000093501,20260703,0,36
02210,000000093501,20260704,11,12
02210,000000093501,20260705,5,36
02210,000000093501,20260706,37,36
02210,000000093501,20260707,30,0
02210,000000093501,20260708,23,0
02210,000000093501,20260709,22,0
02210,000000093501,20260710,13,0
02210,000000093501,20260711,9,0
02210,000000093501,20260712,6,24
02210,000000093501,20260713,0,36
02210,000000093501,20260714,0,36
02210,000000093501,20260715,29,36
02210,000000093501,20260716,25,0
02210,000000093501,20260717,21,0
02210,000000093501,20260718,15,0
02210,000000093501,20260719,11,0
02210,000000093501,20260720,6,36
02210,000000093501,20260721,22,24
02210,000000093501,20260722,14,0
02210,000000093501,20260723,9,0
02210,000000093501,20260724,7,0
02210,000000093501,20260725,15,12
02210,000000093501,20260726,12,0
02210,000000093501,20260727,16,12
02210,000000093501,20260728,12,0
02210,000000093501,20260729,4,36
02210,000000093501,20260730,1,36
02210,000000093501,20260731,10,12
02210,000000093502,20260701,9,0
02210,000000093502,20260702,16,12
02210,000000093502,20260703,10,0
02210,000000093502,20260704,40,36
02210,000000093502,20260705,36,0
02210,000000093502,20260706,29,0
02210,000000093502,20260707,24,0
02210,000000093502,20260708,20,0
02210,000000093502,20260709,17,0
02210,000000093502,20260710,16,0
02210,000000093502,20260711,14,0
02210,000000093502,20260712,6,0
02210,000000093502,20260713,17,12
02210,000000093502,20260714,10,0
02210,000000093502,20260715,3,24
02210,000000093502,20260716,36,36
02210,000000093502,20260717,32,0
02210,000000093502,20260718,25,0
02210,000000093502,20260719,17,0
02210,000000093502,20260720,15,0
02210,000000093502,20260721,14,0
02210,000000093502,20260722,7,0
02210,000000093502,20260723,36,36
02210,000000093502,20260724,34,0
02210,000000093502,20260725,31,0
02210,000000093502,20260726,26,0
02210,000000093502,20260727,24,0
02210,000000093502,20260728,23,0
02210,000000093502,20260729,18,0
02210,000000093502,20260730,13,0
02210,000000093502,20260731,8,0
02210,000000093503,20260701,1,12
02210,000000093503,20260702,20,24
02210,000000093503,20260703,11,0
02210,000000093503,20260704,9,0
02210,000000093503,20260705,6,0
02210,000000093503,20260706,5,12
02210,000000093503,20260707,3,24
02210,000000093503,20260708,0,12
02210,000000093503,20260709,7,12
02210,000000093503,20260710,28,24
02210,000000093503,20260711,27,0
02210,000000093503,20260712,25,0
02210,000000093503,20260713,23,0
02210,000000093503,20260714,16,0
02210,000000093503,20260715,12,0
02210,000000093503,20260716,4,24
02210,000000093503,20260717,0,12
02210,000000093503,20260718,0,36
02210,000000093503,20260719,33,36
02210,000000093503,20260720,29,0
02210,000000093503,20260721,21,0
02210,000000093503,20260722,18,0
02210,000000093503,20260723,12,0
02210,000000093503,20260724,41,36
02210,000000093503,20260725,37,0
02210,000000093503,20260726,35,0
02210,000000093503,20260727,29,0
02210,000000093503,20260728,26,0
02210,000000093503,20260729,20,0
02210,000000093503,20260730,16,0
02210,000000093503,20260731,9,0
02210,000000094101,20260701,7,0
02210,000000094101,20260702,0,24
02210,000000094101,20260703,0,36
02210,000000094101,20260704,0,12
02210,000000094101,20260705,0,24
02210,000000094101,20260706,0,24
02210,000000094101,20260707,0,12
02210,000000094101,20260708,5,12
02210,000000094101,20260709,34,36
02210,000000094101,20260710,30,0
02210,000000094101,20260711,26,0
02210,000000094101,20260712,23,0
02210,000000094101,20260713,15,0
02210,000000094101,20260714,8,0
02210,000000094101,20260715,4,24
02210,000000094101,20260716,8,12
02210,000000094101,20260717,24,24
02210,000000094101,20260718,22,0
02210,000000094101,20260719,14,0
02210,000000094101,20260720,12,0
02210,000000094101,20260721,7,0
02210,000000094101,20260722,0,12
02210,000000094101,20260723,4,12
02210,000000094101,20260724,0,36
02210,000000094101,20260725,10,12
02210,000000094101,20260726,7,0
02210,000000094101,20260727,41,36
02210,000000094101,20260728,37,0
02210,000000094101,20260729,31,0
02210,000000094101,20260730,31,0
02210,000000094101,20260731,26,0
02210,000000094102,20260701,31,36
02210,000000094102,20260702,30,0
02210,000000094102,20260703,22,0
02210,000000094102,20260704,20,0
02210,000000094102,20260705,17,0
02210,000000094102,20260706,10,0
02210,000000094102,20260707,7,0
02210,000000094102,20260708,1,36
02210,000000094102,20260709,0,12
02210,000000094102,20260710,5,12
02210,000000094102,20260711,4,24
02210,000000094102,20260712,2,24
02210,000000094102,20260713,0,24
02210,000000094102,20260714,18,24
02210,000000094102,20260715,13,0
02210,000000094102,20260716,9,0
02210,000000094102,20260717,2,24
02210,000000094102,20260718,0,24
02210,000000094102,20260719,0,12
02210,000000094102,20260720,4,12
02210,000000094102,20260721,39,36
02210,000000094102,20260722,37,0
02210,000000094102,20260723,31,0
02210,000000094102,20260724,23,0
02210,000000094102,20260725,17,0
02210,000000094102,20260726,16,0
02210,000000094102,20260727,10,0
02210,000000094102,20260728,7,0
02210,000000094102,20260729,0,24
02210,000000094102,20260730,0,24
02210,000000094102,20260731,32,36
02210,000000094103,20260701,11,12
02210,000000094103,20260702,16,12
02210,000000094103,20260703,10,0
02210,000000094103,20260704,8,0
02210,000000094103,20260705,17,12
02210,000000094103,20260706,16,0
02210,000000094103,20260707,8,0
02210,000000094103,20260708,2,24
02210,000000094103,20260709,25,24
02210,000000094103,20260710,24,0
02210,000000094103,20260711,22,0
02210,000000094103,20260712,15,0
02210,000000094103,20260713,10,0
02210,000000094103,20260714,4,24
02210,000000094103,20260715,10,12
02210,000000094103,20260716,8,0
02210,000000094103,20260717,36,36
02210,000000094103,20260718,28,0
02210,000000094103,20260719,24,0
02210,000000094103,20260720,21,0
02210,000000094103,20260721,19,0
02210,000000094103,20260722,16,0
02210,000000094103,20260723,10,0
02210,000000094103,20260724,27,24
02210,000000094103,20260725,22,0
02210,000000094103,20260726,19,0
02210,000000094103,20260727,13,0
02210,000000094103,20260728,8,0
02210,000000094103,20260729,7,0
02210,000000094103,20260730,0,24
02210,000000094103,20260731,19,24
02210,000000094201,20260701,3.709,36
02210,000000094201,20260702,14.607,12
02210,000000094201,20260703,12.467,0
02210,000000094201,20260704,6.688,0
02210,000000094201,20260705,0.000,12
02210,000000094201,20260706,34.336,36
02210,000000094201,20260707,30.844,0
02210,000000094201,20260708,23.816,0
02210,000000094201,20260709,20.115,0
02210,000000094201,20260710,17.858,0
02210,000000094201,20260711,13.547,0
02210,000000094201,20260712,10.073,0
02210,000000094201,20260713,3.124,12
02210,000000094201,20260714,1.854,24
02210,000000094201,20260715,0.000,12
02210,000000094201,20260716,0.000,36
02210,000000094201,20260717,0.000,24
02210,000000094201,20260718,5.431,12
02210,000000094201,20260719,1.182,12
02210,000000094201,20260720,30.371,36
02210,000000094201,20260721,27.393,0
02210,000000094201,20260722,26.279,0
02210,000000094201,20260723,22.439,0
02210,000000094201,20260724,18.049,0
02210,000000094201,20260725,16.605,0
02210,000000094201,20260726,10.977,0
02210,000000094201,20260727,7.492,0
02210,000000094201,20260728,41.342,36
02210,000000094201,20260729,35.311,0
02210,000000094201,20260730,27.661,0
02210,000000094201,20260731,25.033,0
02210,000000094202,20260701,0.000,12
02210,000000094202,20260702,21.484,24
02210,000000094202,20260703,18.895,0
02210,000000094202,20260704,14.132,0
02210,000000094202,20260705,7.480,0
02210,000000094202,20260706,4.447,36
02210,000000094202,20260707,0.000,12
02210,000000094202,20260708,34.167,36
02210,000000094202,20260709,33.243,0
02210,000000094202,20260710,29.284,0
02210,000000094202,20260711,25.243,0
02210,000000094202,20260712,22.068,0
02210,000000094202,20260713,20.656,0
02210,000000094202,20260714,19.648,0
02210,000000094202,20260715,11.833,0
02210,000000094202,20260716,6.374,0
02210,000000094202,20260717,29.248,24
02210,000000094202,20260718,24.798,0
02210,000000094202,20260719,20.249,0
02210,000000094202,20260720,17.498,0
02210,000000094202,20260721,15.583,0
02210,000000094202,20260722,10.026,0
02210,000000094202,20260723,4.177,12
02210,000000094202,20260724,39.087,36
02210,000000094202,20260725,32.270,0
02210,000000094202,20260726,28.753,0
02210,000000094202,20260727,20.405,0
02210,000000094202,20260728,12.265,0
02210,000000094202,20260729,10.250,0
02210,000000094202,20260730,3.607,24
02210,000000094202,20260731,24.309,24
02210,000000094203,20260701,22.023,0
02210,000000094203,20260702,13.914,0
02210,000000094203,20260703,17.988,12
02210,000000094203,20260704,16.939,0
02210,000000094203,20260705,12.668,0
02210,000000094203,20260706,4.736,36
02210,000000094203,20260707,9.321,12
02210,000000094203,20260708,26.159,24
02210,000000094203,20260709,20.391,0
02210,000000094203,20260710,14.242,0
02210,000000094203,20260711,7.111,0
02210,000000094203,20260712,35.412,36
02210,000000094203,20260713,30.686,0
02210,000000094203,20260714,27.093,0
02210,000000094203,20260715,24.593,0
02210,000000094203,20260716,17.125,0
02210,000000094203,20260717,16.239,0
02210,000000094203,20260718,11.403,0
02210,000000094203,20260719,10.497,0
02210,000000094203,20260720,7.965,0
02210,000000094203,20260721,4.433,12
02210,000000094203,20260722,33.980,36
02210,000000094203,20260723,26.742,0
02210,000000094203,20260724,22.293,0
02210,000000094203,20260725,15.908,0
02210,000000094203,20260726,9.296,0
02210,000000094203,20260727,25.898,24
02210,000000094203,20260728,24.410,0
02210,000000094203,20260729,20.195,0
02210,000000094203,20260730,17.151,0
02210,000000094203,20260731,9.225,0
02210,000000094301,20260701,19.344,24
02210,000000094301,20260702,13.934,0
02210,000000094301,20260703,8.169,0
02210,000000094301,20260704,2.290,36
02210,000000094301,20260705,0.000,12
02210,000000094301,20260706,23.014,24
02210,000000094301,20260707,15.830,0
02210,000000094301,20260708,12.693,0
02210,000000094301,20260709,8.144,0
02210,000000094301,20260710,17.087,12
02210,000000094301,20260711,12.071,0
02210,000000094301,20260712,7.465,0
02210,000000094301,20260713,2.836,12
02210,000000094301,20260714,0.429,12
02210,000000094301,20260715,34.549,36
02210,000000094301,20260716,29.849,0
02210,000000094301,20260717,26.560,0
02210,000000094301,20260718,23.613,0
02210,000000094301,20260719,18.568,0
02210,000000094301,20260720,16.766,0
02210,000000094301,20260721,13.525,0
02210,000000094301,20260722,8.941,0
02210,000000094301,20260723,5.362,12
02210,000000094301,20260724,0.000,12
02210,000000094301,20260725,27.813,36
02210,000000094301,20260726,24.318,0
02210,000000094301,20260727,17.852,0
02210,000000094301,20260728,14.338,0
02210,000000094301,20260729,10.919,0
02210,000000094301,20260730,14.942,12
02210,000000094301,20260731,10.245,0
02210,000000094302,20260701,7.445,0
02210,000000094302,20260702,28.036,24
02210,000000094302,20260703,27.214,0
02210,000000094302,20260704,21.199,0
02210,000000094302,20260705,13.175,0
02210,000000094302,20260706,7.039,0
02210,000000094302,20260707,0.000,12
02210,000000094302,20260708,29.031,36
02210,000000094302,20260709,23.236,0
02210,000000094302,20260710,16.222,0
02210,000000094302,20260711,9.796,0
02210,000000094302,20260712,3.897,12
02210,000000094302,20260713,1.833,24
02210,000000094302,20260714,9.527,12
02210,000000094302,20260715,5.689,36
02210,000000094302,20260716,0.000,36
02210,000000094302,20260717,7.142,12
02210,000000094302,20260718,38.563,36
02210,000000094302,20260719,37.847,0
02210,000000094302,20260720,30.956,0
02210,000000094302,20260721,24.214,0
02210,000000094302,20260722,19.320,0
02210,000000094302,20260723,14.067,0
02210,000000094302,20260724,10.304,0
02210,000000094302,20260725,7.127,0
02210,000000094302,20260726,4.709,12
02210,000000094302,20260727,0.480,36
02210,000000094302,20260728,0.000,12
02210,000000094302,20260729,0.000,36
02210,000000094302,20260730,0.000,24
02210,000000094302,20260731,6.046,12
02210,000000020101,20260701,35,36
02210,000000020101,20260702,27,0
02210,000000020101,20260703,21,0
02210,000000020101,20260704,17,0
02210,000000020101,20260705,15,0
02210,000000020101,20260706,7,0
02210,000000020101,20260707,12,12
02210,000000020101,20260708,7,0
02210,000000020101,20260709,2,36
02210,000000020101,20260710,19,24
02210,000000020101,20260711,17,0
02210,000000020101,20260712,10,0
02210,000000020101,20260713,3,12
02210,000000020101,20260714,0,24
02210,000000020101,20260715,16,24
02210,000000020101,20260716,10,0
02210,000000020101,20260717,2,24
02210,000000020101,20260718,18,24
02210,000000020101,20260719,11,0
02210,000000020101,20260720,8,0
02210,000000020101,20260721,15,12
02210,000000020101,20260722,7,0
02210,000000020101,20260723,28,24
02210,000000020101,20260724,24,0
02210,000000020101,20260725,16,0
02210,000000020101,20260726,10,0
02210,000000020101,20260727,4,12
02210,000000020101,20260728,3,24
02210,000000020101,20260729,0,36
02210,000000020101,20260730,6,12
02210,000000020101,20260731,36,36
02210,000000020102,20260701,21,0
02210,000000020102,20260702,20,0
02210,000000020102,20260703,12,0
02210,000000020102,20260704,6,0
02210,000000020102,20260705,0,24
02210,000000020102,20260706,10,12
02210,000000020102,20260707,41,36
02210,000000020102,20260708,40,0
02210,000000020102,20260709,34,0
02210,000000020102,20260710,32,0
02210,000000020102,20260711,24,0
02210,000000020102,20260712,19,0
02210,000000020102,20260713,14,0
02210,000000020102,20260714,12,0
02210,000000020102,20260715,5,12
02210,000000020102,20260716,0,24
02210,000000020102,20260717,-2,24
02210,000000020102,20260718,15,0
02210,000000020102,20260719,7,0
02210,000000020102,20260720,7,0
02210,000000020102,20260721,28,24
02210,000000020102,20260722,20,0
02210,000000020102,20260723,18,0
02210,000000020102,20260724,13,0
02210,000000020102,20260725,7,0
02210,000000020102,20260726,36,36
02210,000000020102,20260727,34,0
02210,000000020102,20260728,28,0
02210,000000020102,20260729,26,0
02210,000000020102,20260730,21,0
02210,000000020102,20260731,14,0
02210,000000020103,20260701,27,0
02210,000000020103,20260702,19,0
02210,000000020103,20260703,13,0
02210,000000020103,20260704,7,0
02210,000000020103,20260705,23,24
02210,000000020103,20260706,18,0
02210,000000020103,20260707,13,0
02210,000000020103,20260708,10,0
02210,000000020103,20260709,28,24
02210,000000020103,20260710,24,0
02210,000000020103,20260711,22,0
02210,000000020103,20260712,16,0
02210,000000020103,20260713,12,0
02210,000000020103,20260714,7,0
02210,000000020103,20260715,39,36
02210,000000020103,20260716,37,0
02210,000000020103,20260717,34,0
02210,000000020103,20260718,31,0
02210,000000020103,20260719,23,0
02210,000000020103,20260720,22,0
02210,000000020103,20260721,15,0
02210,000000020103,20260722,9,0
02210,000000020103,20260723,26,24
02210,000000020103,20260724,22,0
02210,000000020103,20260725,16,0
02210,000000020103,20260726,15,0
02210,000000020103,20260727,13,0
02210,000000020103,20260728,8,0
02210,000000020103,20260729,28,24
02210,000000020103,20260730,21,0
02210,000000020103,20260731,19,0
02210,000000020201,20260701,11,0
02210,000000020201,20260702,9,0
02210,000000020201,20260703,8,0
02210,000000020201,20260704,39,36
02210,000000020201,20260705,33,0
02210,000000020201,20260706,31,0
02210,000000020201,20260707,28,0
02210,000000020201,20260708,25,0
02210,000000020201,20260709,20,0
02210,000000020201,20260710,19,0
02210,000000020201,20260711,11,0
02210,000000020201,20260712,10,0
02210,000000020201,20260713,9,0
02210,000000020201,20260714,29,24
02210,000000020201,20260715,21,0
02210,000000020201,20260716,17,0
02210,000000020201,20260717,12,0
02210,000000020201,20260718,10,0
02210,000000020201,20260719,41,36
02210,000000020201,20260720,36,0
02210,000000020201,20260721,28,0
02210,000000020201,20260722,23,0
02210,000000020201,20260723,20,0
02210,000000020201,20260724,12,0
02210,000000020201,20260725,5,12
02210,000000020201,20260726,24,24
02210,000000020201,20260727,21,0
02210,000000020201,20260728,16,0
02210,000000020201,20260729,9,0
02210,000000020201,20260730,8,0
02210,000000020201,20260731,0,12
02210,000000020202,20260701,6,12
02210,000000020202,20260702,0,36
02210,000000020202,20260703,30,36
02210,000000020202,20260704,24,0
02210,000000020202,20260705,22,0
02210,000000020202,20260706,18,0
02210,000000020202,20260707,11,0
02210,000000020202,20260708,8,0
02210,000000020202,20260709,0,12
02210,000000020202,20260710,33,36
02210,000000020202,20260711,28,0
02210,000000020202,20260712,22,0
02210,000000020202,20260713,20,0
02210,000000020202,20260714,15,0
02210,000000020202,20260715,9,0
02210,000000020202,20260716,6,0
02210,000000020202,20260717,0,24
02210,000000020202,20260718,0,12
02210,000000020202,20260719,0,36
02210,000000020202,20260720,4,12
02210,000000020202,20260721,39,36
02210,000000020202,20260722,30,0
02210,000000020202,20260723,24,0
02210,000000020202,20260724,22,0
02210,000000020202,20260725,18,0
02210,000000020202,20260726,12,0
02210,000000020202,20260727,8,0
02210,000000020202,20260728,14,12
02210,000000020202,20260729,9,0
02210,000000020202,20260730,28,24
02210,000000020202,20260731,24,0
02210,000000030101,20260701,11,0
02210,000000030101,20260702,27,24
02210,000000030101,20260703,-3,0
02210,000000030101,20260704,19,0
02210,000000030101,20260705,15,0
02210,000000030101,20260706,13,0
02210,000000030101,20260707,6,0
02210,000000030101,20260708,25,24
02210,000000030101,20260709,21,0
02210,000000030101,20260710,18,0
02210,000000030101,20260711,11,0
02210,000000030101,20260712,41,36
02210,000000030101,20260713,37,0
02210,000000030101,20260714,37,0
02210,000000030101,20260715,33,0
02210,000000030101,20260716,32,0
02210,000000030101,20260717,28,0
02210,000000030101,20260718,27,0
02210,000000030101,20260719,20,0
02210,000000030101,20260720,15,0
02210,000000030101,20260721,9,0
02210,000000030101,20260722,2,24
02210,000000030101,20260723,0,36
02210,000000030101,20260724,0,12
02210,000000030101,20260725,17,24
02210,000000030101,20260726,10,0
02210,000000030101,20260727,9,0
02210,000000030101,20260728,1,36
02210,000000030101,20260729,0,24
02210,000000030101,20260730,16,24
02210,000000030101,20260731,14,0
02210,000000030102,20260701,4,12
02210,000000030102,20260702,0,24
02210,000000030102,20260703,5,12
02210,000000030102,20260704,39,36
02210,000000030102,20260705,35,0
02210,000000030102,20260706,31,0
02210,000000030102,20260707,31,0
02210,000000030102,20260708,28,0
02210,000000030102,20260709,22,0
02210,000000030102,20260710,19,0
02210,000000030102,20260711,14,0
02210,000000030102,20260712,9,0
02210,000000030102,20260713,6,0
02210,000000030102,20260714,12,12
02210,000000030102,20260715,28,24
02210,000000030102,20260716,21,0
02210,000000030102,20260717,20,0
02210,000000030102,20260718,17,0
02210,000000030102,20260719,12,0
02210,000000030102,20260720,10,0
02210,000000030102,20260721,39,36
02210,000000030102,20260722,32,0
02210,000000030102,20260723,26,0
02210,000000030102,20260724,24,0
02210,000000030102,20260725,20,0
02210,000000030102,20260726,16,0
02210,000000030102,20260727,14,0
02210,000000030102,20260728,9,0
02210,000000030102,20260729,18,12
02210,000000030102,20260730,12,0
02210,000000030102,20260731,16,12
02210,000000030103,20260701,17,0
02210,000000030103,20260702,13,0
02210,000000030103,20260703,9,0
02210,000000030103,20260704,42,36
02210,000000030103,20260705,33,0
02210,000000030103,20260706,32,0
02210,000000030103,20260707,29,0
02210,000000030103,20260708,23,0
02210,000000030103,20260709,18,0
02210,000000030103,20260710,10,0
02210,000000030103,20260711,41,36
02210,000000030103,20260712,36,0
02210,000000030103,20260713,30,0
02210,000000030103,20260714,25,0
02210,000000030103,20260715,21,0
02210,000000030103,20260716,20,0
02210,000000030103,20260717,13,0
02210,000000030103,20260718,30,24
02210,000000030103,20260719,23,0
02210,000000030103,20260720,20,0
02210,000000030103,20260721,13,0
02210,000000030103,20260722,11,0
02210,000000030103,20260723,9,0
02210,000000030103,20260724,5,36
02210,000000030103,20260725,22,24
02210,000000030103,20260726,20,0
02210,000000030103,20260727,17,0
02210,000000030103,20260728,14,0
02210,000000030103,20260729,8,0
02210,000000030103,20260730,6,0
02210,000000030103,20260731,37,36
02210,000000030201,20260701,1,36
02210,000000030201,20260702,0,24
02210,000000030201,20260703,0,24
02210,000000030201,20260704,0,36
02210,000000030201,20260705,16,24
02210,000000030201,20260706,15,0
02210,000000030201,20260707,11,0
02210,000000030201,20260708,42,36
02210,000000030201,20260709,39,0
02210,000000030201,20260710,31,0
02210,000000030201,20260711,24,0
02210,000000030201,20260712,16,0
02210,000000030201,20260713,12,0
02210,000000030201,20260714,11,0
02210,000000030201,20260715,3,36
02210,000000030201,20260716,38,36
02210,000000030201,20260717,34,0
02210,000000030201,20260718,32,0
02210,000000030201,20260719,25,0
02210,000000030201,20260720,23,0
02210,000000030201,20260721,21,0
02210,000000030201,20260722,19,0
02210,000000030201,20260723,16,0
02210,000000030201,20260724,8,0
02210,000000030201,20260725,15,12
02210,000000030201,20260726,14,0
02210,000000030201,20260727,18,12
02210,000000030201,20260728,14,0
02210,000000030201,20260729,10,0
02210,000000030201,20260730,9,0
02210,000000030201,20260731,29,24
02210,000000030202,20260701,22,0
02210,000000030202,20260702,20,0
02210,000000030202,20260703,17,0
02210,000000030202,20260704,14,0
02210,000000030202,20260705,7,0
02210,000000030202,20260706,5,36
02210,000000030202,20260707,26,24
02210,000000030202,20260708,24,0
02210,000000030202,20260709,20,0
02210,000000030202,20260710,14,0
02210,000000030202,20260711,12,0
02210,000000030202,20260712,8,0
02210,000000030202,20260713,5,12
02210,000000030202,20260714,33,36
02210,000000030202,20260715,26,0
02210,000000030202,20260716,19,0
02210,000000030202,20260717,14,0
02210,000000030202,20260718,8,0
02210,000000030202,20260719,37,36
02210,000000030202,20260720,31,0
02210,000000030202,20260721,24,0
02210,000000030202,20260722,20,0
02210,000000030202,20260723,14,0
02210,000000030202,20260724,6,0
02210,000000030202,20260725,10,12
02210,000000030202,20260726,2,12
02210,000000030202,20260727,11,12
02210,000000030202,20260728,7,0
02210,000000030202,20260729,-2,12
02210,000000030202,20260730,9,0
02210,000000030202,20260731,16,12
02210,000000030203,20260701,14,0
02210,000000030203,20260702,11,0
02210,000000030203,20260703,42,36
02210,000000030203,20260704,40,0
02210,000000030203,20260705,39,0
02210,000000030203,20260706,31,0
02210,000000030203,20260707,27,0
02210,000000030203,20260708,24,0
02210,000000030203,20260709,21,0
02210,000000030203,20260710,16,0
02210,000000030203,20260711,14,0
02210,000000030203,20260712,12,0
02210,000000030203,20260713,8,0
02210,000000030203,20260714,4,36
02210,000000030203,20260715,0,24
02210,000000030203,20260716,9,12
02210,000000030203,20260717,8,0
02210,000000030203,20260718,7,0
02210,000000030203,20260719,0,12
02210,000000030203,20260720,10,12
02210,000000030203,20260721,7,0
02210,000000030203,20260722,26,24
02210,000000030203,20260723,24,0
02210,000000030203,20260724,18,0
02210,000000030203,20260725,16,0
02210,000000030203,20260726,9,0
02210,000000030203,20260727,6,12
02210,000000030203,20260728,14,12
02210,000000030203,20260729,9,0
02210,000000030203,20260730,8,0
02210,000000030203,20260731,7,0
02210,000000031101,20260701,13.724,0
02210,000000031101,20260702,12.552,0
02210,000000031101,20260703,11.413,0
02210,000000031101,20260704,27.607,24
02210,000000031101,20260705,23.817,0
02210,000000031101,20260706,20.530,0
02210,000000031101,20260707,16.135,0
02210,000000031101,20260708,12.026,0
02210,000000031101,20260709,5.117,12
02210,000000031101,20260710,2.298,36
02210,000000031101,20260711,6.395,12
02210,000000031101,20260712,14.390,12
02210,000000031101,20260713,8.559,0
02210,000000031101,20260714,17.616,12
02210,000000031101,20260715,9.859,0
02210,000000031101,20260716,7.657,0
02210,000000031101,20260717,6.270,0
02210,000000031101,20260718,11.111,12
02210,000000031101,20260719,4.565,36
02210,000000031101,20260720,0.000,36
02210,000000031101,20260721,8.988,12
02210,000000031101,20260722,8.193,0
02210,000000031101,20260723,4.537,24
02210,000000031101,20260724,33.573,36
02210,000000031101,20260725,32.392,0
02210,000000031101,20260726,30.350,0
02210,000000031101,20260727,24.160,0
02210,000000031101,20260728,18.005,0
02210,000000031101,20260729,14.632,0
02210,000000031101,20260730,12.991,0
02210,000000031101,20260731,11.871,0
02210,000000031102,20260701,3.827,24
02210,000000031102,20260702,0.466,36
02210,000000031102,20260703,34.757,36
02210,000000031102,20260704,30.367,0
02210,000000031102,20260705,25.476,0
02210,000000031102,20260706,18.550,0
02210,000000031102,20260707,10.926,0
02210,000000031102,20260708,4.377,12
02210,000000031102,20260709,22.604,24
02210,000000031102,20260710,15.971,0
02210,000000031102,20260711,8.839,0
02210,000000031102,20260712,16.139,12
02210,000000031102,20260713,8.100,0
02210,000000031102,20260714,4.078,36
02210,000000031102,20260715,0.737,12
02210,000000031102,20260716,10.493,12
02210,000000031102,20260717,6.035,0
02210,000000031102,20260718,38.262,36
02210,000000031102,20260719,32.407,0
02210,000000031102,20260720,25.259,0
02210,000000031102,20260721,19.432,0
02210,000000031102,20260722,15.565,0
02210,000000031102,20260723,12.749,0
02210,000000031102,20260724,4.395,24
02210,000000031102,20260725,0.000,36
02210,000000031102,20260726,0.000,24
02210,000000031102,20260727,5.978,12
02210,000000031102,20260728,0.000,12
02210,000000031102,20260729,5.645,12
02210,000000031102,20260730,22.114,24
02210,000000031102,20260731,13.863,0
02210,000000040101,20260701,9.424,12
02210,000000040101,20260702,25.977,24
02210,000000040101,20260703,23.430,0
02210,000000040101,20260704,18.945,0
02210,000000040101,20260705,16.698,0
02210,000000040101,20260706,8.806,0
02210,000000040101,20260707,29.483,24
02210,000000040101,20260708,21.274,0
02210,000000040101,20260709,17.504,0
02210,000000040101,20260710,15.908,0
02210,000000040101,20260711,11.338,0
02210,000000040101,20260712,9.740,0
02210,000000040101,20260713,5.549,24
02210,000000040101,20260714,2.215,12
02210,000000040101,20260715,34.174,36
02210,000000040101,20260716,27.496,0
02210,000000040101,20260717,20.901,0
02210,000000040101,20260718,13.001,0
02210,000000040101,20260719,10.000,0
02210,000000040101,20260720,8.321,0
02210,000000040101,20260721,12.611,12
02210,000000040101,20260722,4.828,12
02210,000000040101,20260723,11.348,12
02210,000000040101,20260724,8.738,0
02210,000000040101,20260725,7.997,0
02210,000000040101,20260726,5.848,36
02210,000000040101,20260727,12.488,12
02210,000000040101,20260728,8.010,0
02210,000000040101,20260729,27.269,24
02210,000000040101,20260730,26.469,0
02210,000000040101,20260731,25.388,0
02210,000000040102,20260701,25.660,0
02210,000000040102,20260702,23.425,0
02210,000000040102,20260703,22.445,0
02210,000000040102,20260704,20.348,0
02210,000000040102,20260705,12.977,0
02210,000000040102,20260706,40.649,36
02210,000000040102,20260707,37.177,0
02210,000000040102,20260708,35.956,0
02210,000000040102,20260709,32.356,0
02210,000000040102,20260710,29.005,0
02210,000000040102,20260711,26.914,0
02210,000000040102,20260712,25.398,0
02210,000000040102,20260713,20.567,0
02210,000000040102,20260714,13.627,0
02210,000000040102,20260715,9.655,0
02210,000000040102,20260716,2.550,36
02210,000000040102,20260717,0.000,36
02210,000000040102,20260718,32.424,36
02210,000000040102,20260719,26.923,0
02210,000000040102,20260720,24.642,0
02210,000000040102,20260721,19.632,0
02210,000000040102,20260722,12.909,0
02210,000000040102,20260723,7.815,0
02210,000000040102,20260724,0.960,12
02210,000000040102,20260725,20.940,24
02210,000000040102,20260726,19.555,0
02210,000000040102,20260727,13.930,0
02210,000000040102,20260728,11.598,0
02210,000000040102,20260729,10.319,0
02210,000000040102,20260730,9.018,0
02210,000000040102,20260731,7.170,0
02210,000000040201,20260701,20,0
02210,000000040201,20260702,13,0
02210,000000040201,20260703,7,0
02210,000000040201,20260704,14,12
02210,000000040201,20260705,7,0
02210,000000040201,20260706,41,36
02210,000000040201,20260707,34,0
02210,000000040201,20260708,33,0
02210,000000040201,20260709,32,0
02210,000000040201,20260710,28,0
02210,000000040201,20260711,25,0
02210,000000040201,20260712,22,0
02210,000000040201,20260713,18,0
02210,000000040201,20260714,17,0
02210,000000040201,20260715,10,0
02210,000000040201,20260716,27,24
02210,000000040201,20260717,20,0
02210,000000040201,20260718,14,0
02210,000000040201,20260719,9,0
02210,000000040201,20260720,8,0
02210,000000040201,20260721,37,36
02210,000000040201,20260722,35,0
02210,000000040201,20260723,29,0
02210,000000040201,20260724,24,0
02210,000000040201,20260725,16,0
02210,000000040201,20260726,10,0
02210,000000040201,20260727,7,0
02210,000000040201,20260728,6,0
02210,000000040201,20260729,14,12
02210,000000040201,20260730,12,0
02210,000000040201,20260731,7,0
02210,000000040202,20260701,25,0
02210,000000040202,20260702,21,0
02210,000000040202,20260703,16,0
02210,000000040202,20260704,9,0
02210,000000040202,20260705,28,24
02210,000000040202,20260706,25,0
02210,000000040202,20260707,17,0
02210,000000040202,20260708,16,0
02210,000000040202,20260709,9,0
02210,000000040202,20260710,2,24
02210,000000040202,20260711,0,12
02210,000000040202,20260712,19,24
02210,000000040202,20260713,18,0
02210,000000040202,20260714,13,0
02210,000000040202,20260715,9,0
02210,000000040202,20260716,5,12
02210,000000040202,20260717,0,12
02210,000000040202,20260718,0,12
02210,000000040202,20260719,0,12
02210,000000040202,20260720,0,24
02210,000000040202,20260721,34,36
02210,000000040202,20260722,29,0
02210,000000040202,20260723,27,0
02210,000000040202,20260724,19,0
02210,000000040202,20260725,13,0
02210,000000040202,20260726,8,0
02210,000000040202,20260727,4,12
02210,000000040202,20260728,21,24
02210,000000040202,20260729,20,0
02210,000000040202,20260730,19,0
02210,000000040202,20260731,18,0
02210,000000040203,20260701,33,36
02210,000000040203,20260702,31,0
02210,000000040203,20260703,29,0
02210,000000040203,20260704,22,0
02210,000000040203,20260705,19,0
02210,000000040203,20260706,11,0
02210,000000040203,20260707,7,0
02210,000000040203,20260708,4,36
02210,000000040203,20260709,0,12
02210,000000040203,20260710,22,24
02210,000000040203,20260711,21,0
02210,000000040203,20260712,19,0
02210,000000040203,20260713,13,0
02210,000000040203,20260714,12,0
02210,000000040203,20260715,9,0
02210,000000040203,20260716,28,24
02210,000000040203,20260717,22,0
02210,000000040203,20260718,19,0
02210,000000040203,20260719,13,0
02210,000000040203,20260720,11,0
02210,000000040203,20260721,6,0
02210,000000040203,20260722,39,36
02210,000000040203,20260723,36,0
02210,000000040203,20260724,28,0
02210,000000040203,20260725,23,0
02210,000000040203,20260726,19,0
02210,000000040203,20260727,15,0
02210,000000040203,20260728,14,0
02210,000000040203,20260729,10,0
02210,000000040203,20260730,7,0
02210,000000040203,20260731,15,12
02210,000000005012,20260701,30,0
02210,000000005012,20260702,23,0
02210,000000005012,20260703,19,0
02210,000000005012,20260704,17,0
02210,000000005012,20260705,16,0
02210,000000005012,20260706,8,0
02210,000000005012,20260707,40,36
02210,000000005012,20260708,34,0
02210,000000005012,20260709,32,0
02210,000000005012,20260710,24,0
02210,000000005012,20260711,17,0
02210,000000005012,20260712,14,0
02210,000000005012,20260713,9,0
02210,000000005012,20260714,18,12
02210,000000005012,20260715,15,0
02210,000000005012,20260716,12,0
02210,000000005012,20260717,7,0
02210,000000005012,20260718,5,12
02210,000000005012,20260719,9,12
02210,000000005012,20260720,2,36
02210,000000005012,20260721,8,12
02210,000000005012,20260722,3,12
02210,000000005012,20260723,13,12
02210,000000005012,20260724,7,0
02210,000000005012,20260725,40,36
02210,000000005012,20260726,33,0
02210,000000005012,20260727,27,0
02210,000000005012,20260728,21,0
02210,000000005012,20260729,16,0
02210,000000005012,20260730,14,0
02210,000000005012,20260731,12,0
02210,000000005013,20260701,12,0
02210,000000005013,20260702,6,0
02210,000000005013,20260703,15,12
02210,000000005013,20260704,9,0
02210,000000005013,20260705,2,36
02210,000000005013,20260706,32,36
02210,000000005013,20260707,24,0
02210,000000005013,20260708,18,0
02210,000000005013,20260709,16,0
02210,000000005013,20260710,11,0
02210,000000005013,20260711,6,0
02210,000000005013,20260712,3,12
02210,000000005013,20260713,30,36
02210,000000005013,20260714,30,0
02210,000000005013,20260715,27,0
02210,000000005013,20260716,21,0
02210,000000005013,20260717,13,0
02210,000000005013,20260718,41,36
02210,000000005013,20260719,35,0
02210,000000005013,20260720,33,0
02210,000000005013,20260721,27,0
02210,000000005013,20260722,23,0
02210,000000005013,20260723,19,0
02210,000000005013,20260724,11,0
02210,000000005013,20260725,9,0
02210,000000005013,20260726,29,24
02210,000000005013,20260727,23,0
02210,000000005013,20260728,22,0
02210,000000005013,20260729,19,0
02210,000000005013,20260730,12,0
02210,000000005013,20260731,10,0
02210,000000005020,20260701,16,12
02210,000000005020,20260702,11,0
02210,000000005020,20260703,6,36
02210,000000005020,20260704,0,12
02210,000000005020,20260705,22,24
02210,000000005020,20260706,16,0
02210,000000005020,20260707,9,0
02210,000000005020,20260708,29,24
02210,000000005020,20260709,23,0
02210,000000005020,20260710,19,0
02210,000000005020,20260711,14,0
02210,000000005020,20260712,13,0
02210,000000005020,20260713,6,0
02210,000000005020,20260714,29,24
02210,000000005020,20260715,23,0
02210,000000005020,20260716,20,0
02210,000000005020,20260717,18,0
02210,000000005020,20260718,12,0
02210,000000005020,20260719,9,0
02210,000000005020,20260720,8,0
02210,000000005020,20260721,6,0
02210,000000005020,20260722,35,36
02210,000000005020,20260723,27,0
02210,000000005020,20260724,21,0
02210,000000005020,20260725,18,0
02210,000000005020,20260726,14,0
02210,000000005020,20260727,11,0
02210,000000005020,20260728,7,0
02210,000000005020,20260729,1,36
02210,000000005020,20260730,0,24
02210,000000005020,20260731,30,36
02210,000000005101,20260701,16,12
02210,000000005101,20260702,8,0
02210,000000005101,20260703,36,36
02210,000000005101,20260704,33,0
02210,000000005101,20260705,31,0
02210,000000005101,20260706,23,0
02210,000000005101,20260707,18,0
02210,000000005101,20260708,11,0
02210,000000005101,20260709,7,0
02210,000000005101,20260710,41,36
02210,000000005101,20260711,35,0
02210,000000005101,20260712,28,0
02210,000000005101,20260713,23,0
02210,000000005101,20260714,16,0
02210,000000005101,20260715,9,0
02210,000000005101,20260716,8,0
02210,000000005101,20260717,36,36
02210,000000005101,20260718,33,0
02210,000000005101,20260719,31,0
02210,000000005101,20260720,28,0
02210,000000005101,20260721,24,0
02210,000000005101,20260722,20,0
02210,000000005101,20260723,14,0
02210,000000005101,20260724,9,0
02210,000000005101,20260725,4,36
02210,000000005101,20260726,37,36
02210,000000005101,20260727,30,0
02210,000000005101,20260728,29,0
02210,000000005101,20260729,26,0
02210,000000005101,20260730,25,0
02210,000000005101,20260731,22,0
02210,000000005102,20260701,41,36
02210,000000005102,20260702,38,0
02210,000000005102,20260703,30,0
02210,000000005102,20260704,28,0
02210,000000005102,20260705,24,0
02210,000000005102,20260706,21,0
02210,000000005102,20260707,19,0
02210,000000005102,20260708,12,0
02210,000000005102,20260709,8,0
02210,000000005102,20260710,6,12
02210,000000005102,20260711,13,12
02210,000000005102,20260712,9,0
02210,000000005102,20260713,8,0
02210,000000005102,20260714,30,24
02210,000000005102,20260715,27,0
02210,000000005102,20260716,26,0
02210,000000005102,20260717,18,0
02210,000000005102,20260718,16,0
02210,000000005102,20260719,10,0
02210,000000005102,20260720,7,0
02210,000000005102,20260721,40,36
02210,000000005102,20260722,37,0
02210,000000005102,20260723,34,0
02210,000000005102,20260724,30,0
02210,000000005102,20260725,28,0
02210,000000005102,20260726,23,0
02210,000000005102,20260727,21,0
02210,000000005102,20260728,18,0
02210,000000005102,20260729,11,0
02210,000000005102,20260730,10,0
02210,000000005102,20260731,38,36
02210,000000005103,20260701,17,0
02210,000000005103,20260702,16,0
02210,000000005103,20260703,12,0
02210,000000005103,20260704,11,0
02210,000000005103,20260705,7,0
02210,000000005103,20260706,0,24
02210,000000005103,20260707,32,36
02210,000000005103,20260708,30,0
02210,000000005103,20260709,25,0
02210,000000005103,20260710,22,0
02210,000000005103,20260711,14,0
02210,000000005103,20260712,7,0
02210,000000005103,20260713,25,24
02210,000000005103,20260714,24,0
02210,000000005103,20260715,22,0
02210,000000005103,20260716,20,0
02210,000000005103,20260717,17,0
02210,000000005103,20260718,15,0
02210,000000005103,20260719,12,0
02210,000000005103,20260720,9,0
02210,000000005103,20260721,28,24
02210,000000005103,20260722,23,0
02210,000000005103,20260723,17,0
02210,000000005103,20260724,11,0
02210,000000005103,20260725,17,12
02210,000000005103,20260726,13,0
02210,000000005103,20260727,9,0
02210,000000005103,20260728,8,0
02210,000000005103,20260729,6,0
02210,000000005103,20260730,1,36
02210,000000005103,20260731,35,36
02210,000000005201,20260701,23,0
02210,000000005201,20260702,21,0
02210,000000005201,20260703,18,0
02210,000000005201,20260704,13,0
02210,000000005201,20260705,5,24
02210,000000005201,20260706,33,36
02210,000000005201,20260707,26,0
02210,000000005201,20260708,24,0
02210,000000005201,20260709,22,0
02210,000000005201,20260710,15,0
02210,000000005201,20260711,9,0
02210,000000005201,20260712,8,0
02210,000000005201,20260713,36,36
02210,000000005201,20260714,35,0
02210,000000005201,20260715,31,0
02210,000000005201,20260716,26,0
02210,000000005201,20260717,18,0
02210,000000005201,20260718,17,0
02210,000000005201,20260719,15,0
02210,000000005201,20260720,10,0
02210,000000005201,20260721,30,24
02210,000000005201,20260722,24,0
02210,000000005201,20260723,23,0
02210,000000005201,20260724,18,0
02210,000000005201,20260725,16,0
02210,000000005201,20260726,11,0
02210,000000005201,20260727,7,0
02210,000000005201,20260728,11,12
02210,000000005201,20260729,6,0
02210,000000005201,20260730,1,12
02210,000000005201,20260731,22,24
02210,000000005202,20260701,5,36
02210,000000005202,20260702,37,36
02210,000000005202,20260703,31,0
02210,000000005202,20260704,29,0
02210,000000005202,20260705,25,0
02210,000000005202,20260706,18,0
02210,000000005202,20260707,13,0
02210,000000005202,20260708,11,0
02210,000000005202,20260709,5,24
02210,000000005202,20260710,9,12
02210,000000005202,20260711,7,0
02210,000000005202,20260712,35,36
02210,000000005202,20260713,30,0
02210,000000005202,20260714,24,0
02210,000000005202,20260715,18,0
02210,000000005202,20260716,15,0
02210,000000005202,20260717,10,0
02210,000000005202,20260718,40,36
02210,000000005202,20260719,32,0
02210,000000005202,20260720,29,0
02210,000000005202,20260721,24,0
02210,000000005202,20260722,21,0
02210,000000005202,20260723,18,0
02210,000000005202,20260724,16,0
02210,000000005202,20260725,11,0
02210,000000005202,20260726,27,24
02210,000000005202,20260727,22,0
02210,000000005202,20260728,18,0
02210,000000005202,20260729,13,0
02210,000000005202,20260730,9,0
02210,000000005202,20260731,41,36
02210,000000005301,20260701,19,0
02210,000000005301,20260702,17,0
02210,000000005301,20260703,16,0
02210,000000005301,20260704,11,0
02210,000000005301,20260705,10,0
02210,000000005301,20260706,7,0
02210,000000005301,20260707,26,24
02210,000000005301,20260708,23,0
02210,000000005301,20260709,18,0
02210,000000005301,20260710,12,0
02210,000000005301,20260711,9,0
02210,000000005301,20260712,2,12
02210,000000005301,20260713,0,36
02210,000000005301,20260714,11,12
02210,000000005301,20260715,9,0
02210,000000005301,20260716,39,36
02210,000000005301,20260717,36,0
02210,000000005301,20260718,33,0
02210,000000005301,20260719,32,0
02210,000000005301,20260720,29,0
02210,000000005301,20260721,23,0
02210,000000005301,20260722,22,0
02210,000000005301,20260723,16,0
02210,000000005301,20260724,14,0
02210,000000005301,20260725,6,0
02210,000000005301,20260726,36,36
02210,000000005301,20260727,35,0
02210,000000005301,20260728,27,0
02210,000000005301,20260729,20,0
02210,000000005301,20260730,16,0
02210,000000005301,20260731,11,0
02210,000000005302,20260701,17,0
02210,000000005302,20260702,8,0
02210,000000005302,20260703,25,24
02210,000000005302,20260704,21,0
02210,000000005302,20260705,16,0
02210,000000005302,20260706,12,0
02210,000000005302,20260707,40,36
02210,000000005302,20260708,39,0
02210,000000005302,20260709,31,0
02210,000000005302,20260710,30,0
02210,000000005302,20260711,24,0
02210,000000005302,20260712,20,0
02210,000000005302,20260713,18,0
02210,000000005302,20260714,16,0
02210,000000005302,20260715,12,0
02210,000000005302,20260716,7,0
02210,000000005302,20260717,2,24
02210,000000005302,20260718,0,36
02210,000000005302,20260719,33,36
02210,000000005302,20260720,30,0
02210,000000005302,20260721,23,0
02210,000000005302,20260722,16,0
02210,000000005302,20260723,9,0
02210,000000005302,20260724,39,36
02210,000000005302,20260725,35,0
02210,000000005302,20260726,27,0
02210,000000005302,20260727,20,0
02210,000000005302,20260728,13,0
02210,000000005302,20260729,30,24
02210,000000005302,20260730,22,0
02210,000000005302,20260731,21,0
02210,000004471023,20260701,8,0
02210,000004471023,20260702,2,36
02210,000004471023,20260703,11,12
02210,000004471023,20260704,8,0
02210,000004471023,20260705,7,0
02210,000004471023,20260706,39,36
02210,000004471023,20260707,38,0
02210,000004471023,20260708,38,0
02210,000004471023,20260709,36,0
02210,000004471023,20260710,33,0
02210,000004471023,20260711,30,0
02210,000004471023,20260712,25,0
02210,000004471023,20260713,23,0
02210,000004471023,20260714,18,0
02210,000004471023,20260715,16,0
02210,000004471023,20260716,11,0
02210,000004471023,20260717,6,0
02210,000004471023,20260718,18,12
02210,000004471023,20260719,17,0
02210,000004471023,20260720,13,0
02210,000004471023,20260721,11,0
02210,000004471023,20260722,8,0
02210,000004471023,20260723,17,12
02210,000004471023,20260724,14,0
02210,000004471023,20260725,11,0
02210,000004471023,20260726,8,0
02210,000004471023,20260727,40,36
02210,000004471023,20260728,34,0
02210,000004471023,20260729,33,0
02210,000004471023,20260730,32,0
02210,000004471023,20260731,27,0
02210,000004471030,20260701,13,0
02210,000004471030,20260702,11,0
02210,000004471030,20260703,10,0
02210,000004471030,20260704,7,0
02210,000004471030,20260705,16,12
02210,000004471030,20260706,13,0
02210,000004471030,20260707,9,0
02210,000004471030,20260708,8,0
02210,000004471030,20260709,14,12
02210,000004471030,20260710,9,0
02210,000004471030,20260711,41,36
02210,000004471030,20260712,37,0
02210,000004471030,20260713,35,0
02210,000004471030,20260714,33,0
02210,000004471030,20260715,31,0
02210,000004471030,20260716,25,0
02210,000004471030,20260717,22,0
02210,000004471030,20260718,19,0
02210,000004471030,20260719,18,0
02210,000004471030,20260720,17,0
02210,000004471030,20260721,12,0
02210,000004471030,20260722,8,0
02210,000004471030,20260723,39,36
02210,000004471030,20260724,33,0
02210,000004471030,20260725,31,0
02210,000004471030,20260726,27,0
02210,000004471030,20260727,22,0
02210,000004471030,20260728,20,0
02210,000004471030,20260729,18,0
02210,000004471030,20260730,17,0
02210,000004471030,20260731,14,0
02210,000004471040,20260701,26,0
02210,000004471040,20260702,25,0
02210,000004471040,20260703,20,0
02210,000004471040,20260704,14,0
02210,000004471040,20260705,9,0
02210,000004471040,20260706,6,0
02210,000004471040,20260707,27,24
02210,000004471040,20260708,21,0
02210,000004471040,20260709,20,0
02210,000004471040,20260710,16,0
02210,000004471040,20260711,12,0
02210,000004471040,20260712,8,0
02210,000004471040,20260713,6,0
02210,000004471040,20260714,4,36
02210,000004471040,20260715,2,24
02210,000004471040,20260716,34,36
02210,000004471040,20260717,29,0
02210,000004471040,20260718,27,0
02210,000004471040,20260719,25,0
02210,000004471040,20260720,21,0
02210,000004471040,20260721,19,0
02210,000004471040,20260722,14,0
02210,000004471040,20260723,9,0
02210,000004471040,20260724,8,0
02210,000004471040,20260725,28,24
02210,000004471040,20260726,22,0
02210,000004471040,20260727,17,0
02210,000004471040,20260728,12,0
02210,000004471040,20260729,10,0
02210,000004471040,20260730,7,0
02210,000004471040,20260731,7,0
02210,000004472001,20260701,8,0
02210,000004472001,20260702,16,12
02210,000004472001,20260703,11,0
02210,000004472001,20260704,6,0
02210,000004472001,20260705,1,12
02210,000004472001,20260706,31,36
02210,000004472001,20260707,26,0
02210,000004472001,20260708,25,0
02210,000004472001,20260709,23,0
02210,000004472001,20260710,21,0
02210,000004472001,20260711,19,0
02210,000004472001,20260712,14,0
02210,000004472001,20260713,13,0
02210,000004472001,20260714,9,0
02210,000004472001,20260715,8,0
02210,000004472001,20260716,4,12
02210,000004472001,20260717,13,12
02210,000004472001,20260718,11,0
02210,000004472001,20260719,41,36
02210,000004472001,20260720,40,0
02210,000004472001,20260721,37,0
02210,000004472001,20260722,35,0
02210,000004472001,20260723,32,0
02210,000004472001,20260724,31,0
02210,000004472001,20260725,27,0
02210,000004472001,20260726,25,0
02210,000004472001,20260727,23,0
02210,000004472001,20260728,22,0
02210,000004472001,20260729,18,0
02210,000004472001,20260730,13,0
02210,000004472001,20260731,8,0
02210,000004472002,20260701,18,12
02210,000004472002,20260702,17,0
02210,000004472002,20260703,11,0
02210,000004472002,20260704,9,0
02210,000004472002,20260705,7,0
02210,000004472002,20260706,29,24
02210,000004472002,20260707,28,0
02210,000004472002,20260708,24,0
02210,000004472002,20260709,22,0
02210,000004472002,20260710,17,0
02210,000004472002,20260711,16,0
02210,000004472002,20260712,13,0
02210,000004472002,20260713,8,0
02210,000004472002,20260714,17,12
02210,000004472002,20260715,14,0
02210,000004472002,20260716,10,0
02210,000004472002,20260717,28,24
02210,000004472002,20260718,23,0
02210,000004472002,20260719,18,0
02210,000004472002,20260720,15,0
02210,000004472002,20260721,10,0
02210,000004472002,20260722,7,0
02210,000004472002,20260723,15,12
02210,000004472002,20260724,14,0
02210,000004472002,20260725,11,0
02210,000004472002,20260726,8,0
02210,000004472002,20260727,7,0
02210,000004472002,20260728,29,24
02210,000004472002,20260729,26,0
02210,000004472002,20260730,24,0
02210,000004472002,20260731,20,0
02210,000004472003,20260701,27,0
02210,000004472003,20260702,24,0
02210,000004472003,20260703,21,0
02210,000004472003,20260704,17,0
02210,000004472003,20260705,14,0
02210,000004472003,20260706,12,0
02210,000004472003,20260707,7,0
02210,000004472003,20260708,3,36
02210,000004472003,20260709,34,36
02210,000004472003,20260710,30,0
02210,000004472003,20260711,26,0
02210,000004472003,20260712,21,0
02210,000004472003,20260713,16,0
02210,000004472003,20260714,15,0
02210,000004472003,20260715,9,0
02210,000004472003,20260716,7,0
02210,000004472003,20260717,38,36
02210,000004472003,20260718,34,0
02210,000004472003,20260719,31,0
02210,000004472003,20260720,27,0
02210,000004472003,20260721,23,0
02210,000004472003,20260722,18,0
02210,000004472003,20260723,14,0
02210,000004472003,20260724,12,0
02210,000004472003,20260725,18,12
02210,000004472003,20260726,14,0
02210,000004472003,20260727,11,0
02210,000004472003,20260728,8,0
02210,000004472003,20260729,42,36
02210,000004472003,20260730,38,0
02210,000004472003,20260731,36,0
02210,000004473001,20260701,24,0
02210,000004473001,20260702,20,0
02210,000004473001,20260703,17,0
02210,000004473001,20260704,16,0
02210,000004473001,20260705,12,0
02210,000004473001,20260706,7,0
02210,000004473001,20260707,40,36
02210,000004473001,20260708,39,0
02210,000004473001,20260709,37,0
02210,000004473001,20260710,32,0
02210,000004473001,20260711,29,0
02210,000004473001,20260712,25,0
02210,000004473001,20260713,22,0
02210,000004473001,20260714,18,0
02210,000004473001,20260715,17,0
02210,000004473001,20260716,16,0
02210,000004473001,20260717,14,0
02210,000004473001,20260718,12,0
02210,000004473001,20260719,11,0
02210,000004473001,20260720,18,12
02210,000004473001,20260721,14,0
02210,000004473001,20260722,8,0
02210,000004473001,20260723,16,12
02210,000004473001,20260724,10,0
02210,000004473001,20260725,7,0
02210,000004473001,20260726,2,36
02210,000004473001,20260727,9,12
02210,000004473001,20260728,7,0
02210,000004473001,20260729,37,36
02210,000004473001,20260730,32,0
02210,000004473001,20260731,29,0
02210,000004473002,20260701,16,0
02210,000004473002,20260702,11,0
02210,000004473002,20260703,42,36
02210,000004473002,20260704,36,0
02210,000004473002,20260705,32,0
02210,000004473002,20260706,27,0
02210,000004473002,20260707,26,0
02210,000004473002,20260708,23,0
02210,000004473002,20260709,18,0
02210,000004473002,20260710,13,0
02210,000004473002,20260711,10,0
02210,000004473002,20260712,30,24
02210,000004473002,20260713,28,0
02210,000004473002,20260714,26,0
02210,000004473002,20260715,23,0
02210,000004473002,20260716,20,0
02210,000004473002,20260717,15,0
02210,000004473002,20260718,10,0
02210,000004473002,20260719,7,0
02210,000004473002,20260720,5,36
02210,000004473002,20260721,0,24
02210,000004473002,20260722,20,24
02210,000004473002,20260723,16,0
02210,000004473002,20260724,12,0
02210,000004473002,20260725,7,0
02210,000004473002,20260726,37,36
02210,000004473002,20260727,32,0
02210,000004473002,20260728,28,0
02210,000004473002,20260729,25,0
02210,000004473002,20260730,20,0
02210,000004473002,20260731,16,0
02210,000004473003,20260701,30,24
02210,000004473003,20260702,29,0
02210,000004473003,20260703,24,0
02210,000004473003,20260704,19,0
02210,000004473003,20260705,14,0
02210,000004473003,20260706,9,0
02210,000004473003,20260707,5,12
02210,000004473003,20260708,12,12
02210,000004473003,20260709,7,0
02210,000004473003,20260710,6,0
02210,000004473003,20260711,40,36
02210,000004473003,20260712,35,0
02210,000004473003,20260713,33,0
02210,000004473003,20260714,31,0
02210,000004473003,20260715,28,0
02210,000004473003,20260716,25,0
02210,000004473003,20260717,23,0
02210,000004473003,20260718,-1,0
02210,000004473003,20260719,14,0
02210,000004473003,20260720,8,0
02210,000004473003,20260721,41,36
02210,000004473003,20260722,37,0
02210,000004473003,20260723,33,0
02210,000004473003,20260724,30,0
02210,000004473003,20260725,28,0
02210,000004473003,20260726,23,0
02210,000004473003,20260727,20,0
02210,000004473003,20260728,17,0
02210,000004473003,20260729,11,0
02210,000004473003,20260730,7,0
02210,000004473003,20260731,13,12
02210,000004481001,20260701,21,0
02210,000004481001,20260702,17,0
02210,000004481001,20260703,12,0
02210,000004481001,20260704,6,0
02210,000004481001,20260705,15,12
02210,000004481001,20260706,10,0
02210,000004481001,20260707,6,0
02210,000004481001,20260708,40,36
02210,000004481001,20260709,38,0
02210,000004481001,20260710,36,0
02210,000004481001,20260711,32,0
02210,000004481001,20260712,31,0
02210,000004481001,20260713,29,0
02210,000004481001,20260714,28,0
02210,000004481001,20260715,23,0
02210,000004481001,20260716,21,0
02210,000004481001,20260717,16,0
02210,000004481001,20260718,13,0
02210,000004481001,20260719,10,0
02210,000004481001,20260720,8,0
02210,000004481001,20260721,39,36
02210,000004481001,20260722,38,0
02210,000004481001,20260723,37,0
02210,000004481001,20260724,36,0
02210,000004481001,20260725,30,0
02210,000004481001,20260726,29,0
02210,000004481001,20260727,24,0
02210,000004481001,20260728,23,0
02210,000004481001,20260729,22,0
02210,000004481001,20260730,20,0
02210,000004481001,20260731,15,0
02210,000004481003,20260701,35,0
02210,000004481003,20260702,31,0
02210,000004481003,20260703,27,0
02210,000004481003,20260704,23,0
02210,000004481003,20260705,21,0
02210,000004481003,20260706,17,0
02210,000004481003,20260707,15,0
02210,000004481003,20260708,14,0
02210,000004481003,20260709,9,0
02210,000004481003,20260710,8,0
02210,000004481003,20260711,7,0
02210,000004481003,20260712,28,24
02210,000004481003,20260713,23,0
02210,000004481003,20260714,19,0
02210,000004481003,20260715,15,0
02210,000004481003,20260716,10,0
02210,000004481003,20260717,8,0
02210,000004481003,20260718,27,24
02210,000004481003,20260719,22,0
02210,000004481003,20260720,17,0
02210,000004481003,20260721,16,0
02210,000004481003,20260722,11,0
02210,000004481003,20260723,41,36
02210,000004481003,20260724,38,0
02210,000004481003,20260725,36,0
02210,000004481003,20260726,32,0
02210,000004481003,20260727,26,0
02210,000004481003,20260728,22,0
02210,000004481003,20260729,19,0
02210,000004481003,20260730,14,0
02210,000004481003,20260731,10,0
02210,000004482001,20260701,29,0
02210,000004482001,20260702,28,0
02210,000004482001,20260703,25,0
02210,000004482001,20260704,22,0
02210,000004482001,20260705,20,0
02210,000004482001,20260706,17,0
02210,000004482001,20260707,12,0
02210,000004482001,20260708,8,0
02210,000004482001,20260709,7,0
02210,000004482001,20260710,2,36
02210,000004482001,20260711,34,36
02210,000004482001,20260712,30,0
02210,000004482001,20260713,24,0
02210,000004482001,20260714,21,0
02210,000004482001,20260715,20,0
02210,000004482001,20260716,18,0
02210,000004482001,20260717,14,0
02210,000004482001,20260718,11,0
02210,000004482001,20260719,8,0
02210,000004482001,20260720,29,24
02210,000004482001,20260721,24,0
02210,000004482001,20260722,21,0
02210,000004482001,20260723,16,0
02210,000004482001,20260724,14,0
02210,000004482001,20260725,13,0
02210,000004482001,20260726,12,0
02210,000004482001,20260727,10,0
02210,000004482001,20260728,8,0
02210,000004482001,20260729,38,36
02210,000004482001,20260730,36,0
02210,000004482001,20260731,35,0
02210,000004482002,20260701,19,0
02210,000004482002,20260702,13,0
02210,000004482002,20260703,12,0
02210,000004482002,20260704,10,0
02210,000004482002,20260705,9,0
02210,000004482002,20260706,16,12
02210,000004482002,20260707,11,0
02210,000004482002,20260708,10,0
02210,000004482002,20260709,7,0
02210,000004482002,20260710,16,12
02210,000004482002,20260711,13,0
02210,000004482002,20260712,7,0
02210,000004482002,20260713,26,24
02210,000004482002,20260714,22,0
02210,000004482002,20260715,19,0
02210,000004482002,20260716,15,0
02210,000004482002,20260717,12,0
02210,000004482002,20260718,-2,0
02210,000004482002,20260719,17,12
02210,000004482002,20260720,12,0
02210,000004482002,20260721,10,0
02210,000004482002,20260722,6,0
02210,000004482002,20260723,39,36
02210,000004482002,20260724,37,0
02210,000004482002,20260725,36,0
02210,000004482002,20260726,30,0
02210,000004482002,20260727,25,0
02210,000004482002,20260728,21,0
02210,000004482002,20260729,17,0
02210,000004482002,20260730,13,0
02210,000004482002,20260731,11,0
02210,000004482003,20260701,14,0
02210,000004482003,20260702,10,0
02210,000004482003,20260703,8,0
02210,000004482003,20260704,3,36
02210,000004482003,20260705,36,36
02210,000004482003,20260706,31,0
02210,000004482003,20260707,28,0
02210,000004482003,20260708,25,0
02210,000004482003,20260709,24,0
02210,000004482003,20260710,20,0
02210,000004482003,20260711,15,0
02210,000004482003,20260712,13,0
02210,000004482003,20260713,12,0
02210,000004482003,20260714,8,0
02210,000004482003,20260715,28,24
02210,000004482003,20260716,27,0
02210,000004482003,20260717,24,0
02210,000004482003,20260718,19,0
02210,000004482003,20260719,15,0
02210,000004482003,20260720,13,0
02210,000004482003,20260721,11,0
02210,000004482003,20260722,8,0
02210,000004482003,20260723,6,0
02210,000004482003,20260724,41,36
02210,000004482003,20260725,35,0
02210,000004482003,20260726,31,0
02210,000004482003,20260727,29,0
02210,000004482003,20260728,28,0
02210,000004482003,20260729,23,0
02210,000004482003,20260730,22,0
02210,000004482003,20260731,18,0
02210,000004483001,20260701,16,0
02210,000004483001,20260702,15,0
02210,000004483001,20260703,13,0
02210,000004483001,20260704,7,0
02210,000004483001,20260705,3,12
02210,000004483001,20260706,11,12
02210,000004483001,20260707,10,0
02210,000004483001,20260708,7,0
02210,000004483001,20260709,25,24
02210,000004483001,20260710,21,0
02210,000004483001,20260711,17,0
02210,000004483001,20260712,16,0
02210,000004483001,20260713,15,0
02210,000004483001,20260714,14,0
02210,000004483001,20260715,9,0
02210,000004483001,20260716,18,12
02210,000004483001,20260717,17,0
02210,000004483001,20260718,14,0
02210,000004483001,20260719,10,0
02210,000004483001,20260720,7,0
02210,000004483001,20260721,17,12
02210,000004483001,20260722,12,0
02210,000004483001,20260723,10,0
02210,000004483001,20260724,8,0
02210,000004483001,20260725,28,24
02210,000004483001,20260726,26,0
02210,000004483001,20260727,24,0
02210,000004483001,20260728,21,0
02210,000004483001,20260729,20,0
02210,000004483001,20260730,16,0
02210,000004483001,20260731,15,0
02210,000004483002,20260701,13,0
02210,000004483002,20260702,11,0
02210,000004483002,20260703,9,0
02210,000004483002,20260704,6,0
02210,000004483002,20260705,15,12
02210,000004483002,20260706,13,0
02210,000004483002,20260707,8,0
02210,000004483002,20260708,5,24
02210,000004483002,20260709,26,24
02210,000004483002,20260710,22,0
02210,000004483002,20260711,20,0
02210,000004483002,20260712,14,0
02210,000004483002,20260713,13,0
02210,000004483002,20260714,11,0
02210,000004483002,20260715,8,0
02210,000004483002,20260716,7,0
02210,000004483002,20260717,27,24
02210,000004483002,20260718,26,0
02210,000004483002,20260719,21,0
02210,000004483002,20260720,20,0
02210,000004483002,20260721,18,0
02210,000004483002,20260722,17,0
02210,000004483002,20260723,11,0
02210,000004483002,20260724,18,12
02210,000004483002,20260725,14,0
02210,000004483002,20260726,9,0
02210,000004483002,20260727,8,0
02210,000004483002,20260728,6,24
02210,000004483002,20260729,5,24
02210,000004483002,20260730,36,36
02210,000004483002,20260731,35,0
02210,000004491001,20260701,15,0
02210,000004491001,20260702,14,0
02210,000004491001,20260703,10,0
02210,000004491001,20260704,30,24
02210,000004491001,20260705,28,0
02210,000004491001,20260706,26,0
02210,000004491001,20260707,21,0
02210,000004491001,20260708,20,0
02210,000004491001,20260709,16,0
02210,000004491001,20260710,13,0
02210,000004491001,20260711,10,0
02210,000004491001,20260712,7,0
02210,000004491001,20260713,4,24
02210,000004491001,20260714,11,12
02210,000004491001,20260715,10,0
02210,000004491001,20260716,9,0
02210,000004491001,20260717,6,0
02210,000004491001,20260718,17,12
02210,000004491001,20260719,11,0
02210,000004491001,20260720,8,0
02210,000004491001,20260721,15,12
02210,000004491001,20260722,14,0
02210,000004491001,20260723,10,0
02210,000004491001,20260724,8,0
02210,000004491001,20260725,7,0
02210,000004491001,20260726,28,24
02210,000004491001,20260727,25,0
02210,000004491001,20260728,20,0
02210,000004491001,20260729,14,0
02210,000004491001,20260730,13,0
02210,000004491001,20260731,7,0
02210,000004491002,20260701,15,0
02210,000004491002,20260702,10,0
02210,000004491002,20260703,6,0
02210,000004491002,20260704,25,24
02210,000004491002,20260705,20,0
02210,000004491002,20260706,20,0
02210,000004491002,20260707,18,0
02210,000004491002,20260708,17,0
02210,000004491002,20260709,12,0
02210,000004491002,20260710,10,0
02210,000004491002,20260711,6,0
02210,000004491002,20260712,36,36
02210,000004491002,20260713,34,0
02210,000004491002,20260714,31,0
02210,000004491002,20260715,30,0
02210,000004491002,20260716,25,0
02210,000004491002,20260717,22,0
02210,000004491002,20260718,20,0
02210,000004491002,20260719,15,0
02210,000004491002,20260720,13,0
02210,000004491002,20260721,9,0
02210,000004491002,20260722,30,24
02210,000004491002,20260723,26,0
02210,000004491002,20260724,24,0
02210,000004491002,20260725,21,0
02210,000004491002,20260726,15,0
02210,000004491002,20260727,11,0
02210,000004491002,20260728,7,0
02210,000004491002,20260729,14,12
02210,000004491002,20260730,12,0
02210,000004491002,20260731,7,0
02210,000004491003,20260701,29,0
02210,000004491003,20260702,28,0
02210,000004491003,20260703,25,0
02210,000004491003,20260704,20,0
02210,000004491003,20260705,19,0
02210,000004491003,20260706,14,0
02210,000004491003,20260707,12,0
02210,000004491003,20260708,7,0
02210,000004491003,20260709,38,36
02210,000004491003,20260710,35,0
02210,000004491003,20260711,33,0
02210,000004491003,20260712,32,0
02210,000004491003,20260713,30,0
02210,000004491003,20260714,28,0
02210,000004491003,20260715,24,0
02210,000004491003,20260716,18,0
02210,000004491003,20260717,13,0
02210,000004491003,20260718,10,0
02210,000004491003,20260719,7,0
02210,000004491003,20260720,4,24
02210,000004491003,20260721,23,24
02210,000004491003,20260722,19,0
02210,000004491003,20260723,13,0
02210,000004491003,20260724,10,0
02210,000004491003,20260725,17,12
02210,000004491003,20260726,17,0
02210,000004491003,20260727,12,0
02210,000004491003,20260728,8,0
02210,000004491003,20260729,4,36
02210,000004491003,20260730,37,36
02210,000004491003,20260731,33,0
02210,000004492001,20260701,8,0
02210,000004492001,20260702,41,36
02210,000004492001,20260703,36,0
02210,000004492001,20260704,31,0
02210,000004492001,20260705,28,0
02210,000004492001,20260706,23,0
02210,000004492001,20260707,17,0
02210,000004492001,20260708,17,0
02210,000004492001,20260709,15,0
02210,000004492001,20260710,13,0
02210,000004492001,20260711,9,0
02210,000004492001,20260712,29,24
02210,000004492001,20260713,24,0
02210,000004492001,20260714,19,0
02210,000004492001,20260715,17,0
02210,000004492001,20260716,15,0
02210,000004492001,20260717,12,0
02210,000004492001,20260718,8,0
02210,000004492001,20260719,8,0
02210,000004492001,20260720,3,36
02210,000004492001,20260721,26,24
02210,000004492001,20260722,24,0
02210,000004492001,20260723,20,0
02210,000004492001,20260724,19,0
02210,000004492001,20260725,15,0
02210,000004492001,20260726,12,0
02210,000004492001,20260727,7,0
02210,000004492001,20260728,41,36
02210,000004492001,20260729,40,0
02210,000004492001,20260730,39,0
02210,000004492001,20260731,38,0
02210,000004492002,20260701,9,0
02210,000004492002,20260702,8,0
02210,000004492002,20260703,17,12
02210,000004492002,20260704,15,0
02210,000004492002,20260705,11,0
02210,000004492002,20260706,8,0
02210,000004492002,20260707,7,0
02210,000004492002,20260708,17,12
02210,000004492002,20260709,16,0
02210,000004492002,20260710,11,0
02210,000004492002,20260711,6,0
02210,000004492002,20260712,28,24
02210,000004492002,20260713,23,0
02210,000004492002,20260714,20,0
02210,000004492002,20260715,14,0
02210,000004492002,20260716,11,0
02210,000004492002,20260717,18,12
02210,000004492002,20260718,12,0
02210,000004492002,20260719,8,0
02210,000004492002,20260720,28,24
02210,000004492002,20260721,24,0
02210,000004492002,20260722,19,0
02210,000004492002,20260723,14,0
02210,000004492002,20260724,13,0
02210,000004492002,20260725,9,0
02210,000004492002,20260726,17,12
02210,000004492002,20260727,15,0
02210,000004492002,20260728,14,0
02210,000004492002,20260729,9,0
02210,000004492002,20260730,6,0
02210,000004492002,20260731,41,36
02210,000004492003,20260701,29,24
02210,000004492003,20260702,25,0
02210,000004492003,20260703,20,0
02210,000004492003,20260704,15,0
02210,000004492003,20260705,15,0
02210,000004492003,20260706,9,0
02210,000004492003,20260707,7,0
02210,000004492003,20260708,16,12
02210,000004492003,20260709,14,0
02210,000004492003,20260710,8,0
02210,000004492003,20260711,40,36
02210,000004492003,20260712,39,0
02210,000004492003,20260713,37,0
02210,000004492003,20260714,34,0
02210,000004492003,20260715,29,0
02210,000004492003,20260716,28,0
02210,000004492003,20260717,27,0
02210,000004492003,20260718,25,0
02210,000004492003,20260719,22,0
02210,000004492003,20260720,17,0
02210,000004492003,20260721,16,0
02210,000004492003,20260722,12,0
02210,000004492003,20260723,8,0
02210,000004492003,20260724,6,0
02210,000004492003,20260725,17,12
02210,000004492003,20260726,16,0
02210,000004492003,20260727,12,0
02210,000004492003,20260728,8,0
02210,000004492003,20260729,17,12
02210,000004492003,20260730,16,0
02210,000004492003,20260731,12,0
02210,000004493001,20260701,17,0
02210,000004493001,20260702,13,0
02210,000004493001,20260703,9,0
02210,000004493001,20260704,15,12
02210,000004493001,20260705,13,0
02210,000004493001,20260706,7,0
02210,000004493001,20260707,16,12
02210,000004493001,20260708,13,0
02210,000004493001,20260709,9,0
02210,000004493001,20260710,29,24
02210,000004493001,20260711,25,0
02210,000004493001,20260712,20,0
02210,000004493001,20260713,14,0
02210,000004493001,20260714,13,0
02210,000004493001,20260715,9,0
02210,000004493001,20260716,7,0
02210,000004493001,20260717,18,12
02210,000004493001,20260718,17,0
02210,000004493001,20260719,15,0
02210,000004493001,20260720,11,0
02210,000004493001,20260721,6,24
02210,000004493001,20260722,39,36
02210,000004493001,20260723,36,0
02210,000004493001,20260724,33,0
02210,000004493001,20260725,29,0
02210,000004493001,20260726,25,0
02210,000004493001,20260727,22,0
02210,000004493001,20260728,19,0
02210,000004493001,20260729,19,0
02210,000004493001,20260730,15,0
02210,000004493001,20260731,11,0
02210,000004493002,20260701,24,0
02210,000004493002,20260702,21,0
02210,000004493002,20260703,18,0
02210,000004493002,20260704,13,0
02210,000004493002,20260705,8,0
02210,000004493002,20260706,16,12
02210,000004493002,20260707,11,0
02210,000004493002,20260708,18,12
02210,000004493002,20260709,12,0
02210,000004493002,20260710,11,0
02210,000004493002,20260711,8,0
02210,000004493002,20260712,3,24
02210,000004493002,20260713,9,12
02210,000004493002,20260714,17,12
02210,000004493002,20260715,14,0
02210,000004493002,20260716,12,0
02210,000004493002,20260717,9,0
02210,000004493002,20260718,41,36
02210,000004493002,20260719,37,0
02210,000004493002,20260720,34,0
02210,000004493002,20260721,28,0
02210,000004493002,20260722,27,0
02210,000004493002,20260723,25,0
02210,000004493002,20260724,21,0
02210,000004493002,20260725,20,0
02210,000004493002,20260726,17,0
02210,000004493002,20260727,14,0
02210,000004493002,20260728,14,0
02210,000004493002,20260729,11,0
02210,000004493002,20260730,17,12
02210,000004493002,20260731,15,0
02210,000000551020,20260701,7,0
02210,000000551020,20260702,26,24
02210,000000551020,20260703,22,0
02210,000000551020,20260704,19,0
02210,000000551020,20260705,13,0
02210,000000551020,20260706,12,0
02210,000000551020,20260707,11,0
02210,000000551020,20260708,41,36
02210,000000551020,20260709,38,0
02210,000000551020,20260710,35,0
02210,000000551020,20260711,32,0
02210,000000551020,20260712,30,0
02210,000000551020,20260713,28,0
02210,000000551020,20260714,27,0
02210,000000551020,20260715,23,0
02210,000000551020,20260716,18,0
02210,000000551020,20260717,13,0
02210,000000551020,20260718,8,0
02210,000000551020,20260719,41,36
02210,000000551020,20260720,37,0
02210,000000551020,20260721,31,0
02210,000000551020,20260722,29,0
02210,000000551020,20260723,29,0
02210,000000551020,20260724,24,0
02210,000000551020,20260725,23,0
02210,000000551020,20260726,19,0
02210,000000551020,20260727,17,0
02210,000000551020,20260728,13,0
02210,000000551020,20260729,10,0
02210,000000551020,20260730,7,0
02210,000000551020,20260731,2,36
02210,000000551021,20260701,7,0
02210,000000551021,20260702,39,36
02210,000000551021,20260703,36,0
02210,000000551021,20260704,30,0
02210,000000551021,20260705,25,0
02210,000000551021,20260706,22,0
02210,000000551021,20260707,18,0
02210,000000551021,20260708,14,0
02210,000000551021,20260709,10,0
02210,000000551021,20260710,6,0
02210,000000551021,20260711,28,24
02210,000000551021,20260712,27,0
02210,000000551021,20260713,24,0
02210,000000551021,20260714,20,0
02210,000000551021,20260715,19,0
02210,000000551021,20260716,17,0
02210,000000551021,20260717,16,0
02210,000000551021,20260718,14,0
02210,000000551021,20260719,10,0
02210,000000551021,20260720,6,0
02210,000000551021,20260721,37,36
02210,000000551021,20260722,36,0
02210,000000551021,20260723,31,0
02210,000000551021,20260724,27,0
02210,000000551021,20260725,24,0
02210,000000551021,20260726,20,0
02210,000000551021,20260727,14,0
02210,000000551021,20260728,9,0
02210,000000551021,20260729,8,0
02210,000000551021,20260730,26,24
02210,000000551021,20260731,21,0
02210,000000552001,20260701,13,0
02210,000000552001,20260702,8,0
02210,000000552001,20260703,2,36
02210,000000552001,20260704,35,36
02210,000000552001,20260705,30,0
02210,000000552001,20260706,25,0
02210,000000552001,20260707,21,0
02210,000000552001,20260708,18,0
02210,000000552001,20260709,14,0
02210,000000552001,20260710,13,0
02210,000000552001,20260711,7,0
02210,000000552001,20260712,15,12
02210,000000552001,20260713,9,0
02210,000000552001,20260714,29,24
02210,000000552001,20260715,28,0
02210,000000552001,20260716,23,0
02210,000000552001,20260717,18,0
02210,000000552001,20260718,15,0
02210,000000552001,20260719,13,0
02210,000000552001,20260720,9,0
02210,000000552001,20260721,8,0
02210,000000552001,20260722,16,12
02210,000000552001,20260723,11,0
02210,000000552001,20260724,7,0
02210,000000552001,20260725,39,36
02210,000000552001,20260726,35,0
02210,000000552001,20260727,30,0
02210,000000552001,20260728,28,0
02210,000000552001,20260729,26,0
02210,000000552001,20260730,22,0
02210,000000552001,20260731,19,0
02210,000000552002,20260701,22,0
02210,000000552002,20260702,19,0
02210,000000552002,20260703,13,0
02210,000000552002,20260704,12,0
02210,000000552002,20260705,7,0
02210,000000552002,20260706,6,12
02210,000000552002,20260707,24,24
02210,000000552002,20260708,22,0
02210,000000552002,20260709,18,0
02210,000000552002,20260710,14,0
02210,000000552002,20260711,10,0
02210,000000552002,20260712,30,24
02210,000000552002,20260713,25,0
02210,000000552002,20260714,20,0
02210,000000552002,20260715,14,0
02210,000000552002,20260716,8,0
02210,000000552002,20260717,27,24
02210,000000552002,20260718,21,0
02210,000000552002,20260719,18,0
02210,000000552002,20260720,15,0
02210,000000552002,20260721,9,0
02210,000000552002,20260722,6,12
02210,000000552002,20260723,41,36
02210,000000552002,20260724,38,0
02210,000000552002,20260725,36,0
02210,000000552002,20260726,34,0
02210,000000552002,20260727,30,0
02210,000000552002,20260728,29,0
02210,000000552002,20260729,27,0
02210,000000552002,20260730,26,0
02210,000000552002,20260731,20,0
02210,000000561001,20260701,14,0
02210,000000561001,20260702,9,0
02210,000000561001,20260703,28,24
02210,000000561001,20260704,27,0
02210,000000561001,20260705,22,0
02210,000000561001,20260706,18,0
02210,000000561001,20260707,14,0
02210,000000561001,20260708,10,0
02210,000000561001,20260709,18,12
02210,000000561001,20260710,17,0
02210,000000561001,20260711,13,0
02210,000000561001,20260712,9,0
02210,000000561001,20260713,30,24
02210,000000561001,20260714,25,0
02210,000000561001,20260715,19,0
02210,000000561001,20260716,16,0
02210,000000561001,20260717,14,0
02210,000000561001,20260718,9,0
02210,000000561001,20260719,29,24
02210,000000561001,20260720,25,0
02210,000000561001,20260721,21,0
02210,000000561001,20260722,16,0
02210,000000561001,20260723,11,0
02210,000000561001,20260724,6,0
02210,000000561001,20260725,38,36
02210,000000561001,20260726,36,0
02210,000000561001,20260727,33,0
02210,000000561001,20260728,28,0
02210,000000561001,20260729,26,0
02210,000000561001,20260730,23,0
02210,000000561001,20260731,22,0
02210,000000561002,20260701,13,0
02210,000000561002,20260702,11,0
02210,000000561002,20260703,9,0
02210,000000561002,20260704,41,36
02210,000000561002,20260705,36,0
02210,000000561002,20260706,33,0
02210,000000561002,20260707,28,0
02210,000000561002,20260708,27,0
02210,000000561002,20260709,22,0
02210,000000561002,20260710,18,0
02210,000000561002,20260711,17,0
02210,000000561002,20260712,12,0
02210,000000561002,20260713,11,0
02210,000000561002,20260714,7,0
02210,000000561002,20260715,1,36
02210,000000561002,20260716,10,12
02210,000000561002,20260717,8,0
02210,000000561002,20260718,42,36
02210,000000561002,20260719,38,0
02210,000000561002,20260720,32,0
02210,000000561002,20260721,28,0
02210,000000561002,20260722,27,0
02210,000000561002,20260723,27,0
02210,000000561002,20260724,25,0
02210,000000561002,20260725,23,0
02210,000000561002,20260726,18,0
02210,000000561002,20260727,16,0
02210,000000561002,20260728,14,0
02210,000000561002,20260729,11,0
02210,000000561002,20260730,10,0
02210,000000561002,20260731,7,0
02210,000000562001,20260701,15,0
02210,000000562001,20260702,11,0
02210,000000562001,20260703,41,36
02210,000000562001,20260704,37,0
02210,000000562001,20260705,33,0
02210,000000562001,20260706,29,0
02210,000000562001,20260707,23,0
02210,000000562001,20260708,21,0
02210,000000562001,20260709,19,0
02210,000000562001,20260710,18,0
02210,000000562001,20260711,16,0
02210,000000562001,20260712,10,0
02210,000000562001,20260713,9,0
02210,000000562001,20260714,39,36
02210,000000562001,20260715,38,0
02210,000000562001,20260716,34,0
02210,000000562001,20260717,28,0
02210,000000562001,20260718,25,0
02210,000000562001,20260719,23,0
02210,000000562001,20260720,19,0
02210,000000562001,20260721,15,0
02210,000000562001,20260722,11,0
02210,000000562001,20260723,10,0
02210,000000562001,20260724,42,36
02210,000000562001,20260725,38,0
02210,000000562001,20260726,33,0
02210,000000562001,20260727,33,0
02210,000000562001,20260728,32,0
02210,000000562001,20260729,30,0
02210,000000562001,20260730,-1,0
02210,000000562001,20260731,23,0
02210,000000562002,20260701,29,0
02210,000000562002,20260702,24,0
02210,000000562002,20260703,20,0
02210,000000562002,20260704,19,0
02210,000000562002,20260705,14,0
02210,000000562002,20260706,8,0
02210,000000562002,20260707,17,12
02210,000000562002,20260708,14,0
02210,000000562002,20260709,9,0
02210,000000562002,20260710,9,0
02210,000000562002,20260711,6,24
02210,000000562002,20260712,4,24
02210,000000562002,20260713,36,36
02210,000000562002,20260714,34,0
02210,000000562002,20260715,31,0
02210,000000562002,20260716,26,0
02210,000000562002,20260717,21,0
02210,000000562002,20260718,20,0
02210,000000562002,20260719,17,0
02210,000000562002,20260720,13,0
02210,000000562002,20260721,10,0
02210,000000562002,20260722,8,0
02210,000000562002,20260723,40,36
02210,000000562002,20260724,40,0
02210,000000562002,20260725,35,0
02210,000000562002,20260726,30,0
02210,000000562002,20260727,28,0
02210,000000562002,20260728,24,0
02210,000000562002,20260729,21,0
02210,000000562002,20260730,19,0
02210,000000562002,20260731,13,0
02305,000000093321,20260701,19.858,0
02305,000000093321,20260702,18.983,0
02305,000000093321,20260703,14.085,0
02305,000000093321,20260704,9.447,0
02305,000000093321,20260705,7.443,0
02305,000000093321,20260706,14.199,12
02305,000000093321,20260707,12.116,0
02305,000000093321,20260708,6.701,0
02305,000000093321,20260709,35.951,36
02305,000000093321,20260710,30.611,0
02305,000000093321,20260711,24.204,0
02305,000000093321,20260712,22.925,0
02305,000000093321,20260713,20.249,0
02305,000000093321,20260714,19.402,0
02305,000000093321,20260715,12.631,0
02305,000000093321,20260716,8.979,0
02305,000000093321,20260717,4.736,36
02305,000000093321,20260718,39.592,36
02305,000000093321,20260719,37.270,0
02305,000000093321,20260720,34.029,0
02305,000000093321,20260721,27.439,0
02305,000000093321,20260722,20.390,0
02305,000000093321,20260723,15.421,0
02305,000000093321,20260724,13.647,0
02305,000000093321,20260725,9.760,0
02305,000000093321,20260726,37.887,36
02305,000000093321,20260727,34.968,0
02305,000000093321,20260728,32.637,0
02305,000000093321,20260729,31.063,0
02305,000000093321,20260730,24.845,0
02305,000000093321,20260731,16.664,0
02305,000000093322,20260701,10.547,0
02305,000000093322,20260702,27.846,24
02305,000000093322,20260703,22.409,0
02305,000000093322,20260704,20.725,0
02305,000000093322,20260705,12.394,0
02305,000000093322,20260706,11.328,0
02305,000000093322,20260707,4.635,12
02305,000000093322,20260708,2.139,12
02305,000000093322,20260709,0.884,36
02305,000000093322,20260710,23.594,24
02305,000000093322,20260711,20.356,0
02305,000000093322,20260712,16.695,0
02305,000000093322,20260713,13.820,0
02305,000000093322,20260714,6.648,0
02305,000000093322,20260715,17.091,12
02305,000000093322,20260716,15.634,0
02305,000000093322,20260717,11.544,0
02305,000000093322,20260718,10.421,0
02305,000000093322,20260719,9.205,0
02305,000000093322,20260720,38.278,36
02305,000000093322,20260721,36.200,0
02305,000000093322,20260722,29.329,0
02305,000000093322,20260723,26.786,0
02305,000000093322,20260724,23.128,0
02305,000000093322,20260725,21.942,0
02305,000000093322,20260726,19.640,0
02305,000000093322,20260727,12.845,0
02305,000000093322,20260728,9.429,0
02305,000000093322,20260729,6.527,0
02305,000000093322,20260730,22.205,24
02305,000000093322,20260731,16.118,0
02305,000000093325,20260701,6.429,0
02305,000000093325,20260702,2.951,12
02305,000000093325,20260703,0.000,24
02305,000000093325,20260704,33.222,36
02305,000000093325,20260705,28.912,0
02305,000000093325,20260706,25.676,0
02305,000000093325,20260707,23.184,0
02305,000000093325,20260708,15.790,0
02305,000000093325,20260709,10.154,0
02305,000000093325,20260710,5.651,24
02305,000000093325,20260711,9.540,12
02305,000000093325,20260712,15.616,12
02305,000000093325,20260713,11.007,0
02305,000000093325,20260714,28.698,24
02305,000000093325,20260715,21.148,0
02305,000000093325,20260716,16.986,0
02305,000000093325,20260717,14.530,0
02305,000000093325,20260718,12.245,0
02305,000000093325,20260719,41.266,36
02305,000000093325,20260720,34.025,0
02305,000000093325,20260721,28.999,0
02305,000000093325,20260722,26.533,0
02305,000000093325,20260723,24.959,0
02305,000000093325,20260724,19.190,0
02305,000000093325,20260725,13.994,0
02305,000000093325,20260726,12.326,0
02305,000000093325,20260727,4.987,12
02305,000000093325,20260728,35.645,36
02305,000000093325,20260729,33.896,0
02305,000000093325,20260730,29.044,0
02305,000000093325,20260731,25.803,0
02305,000000093401,20260701,12.090,0
02305,000000093401,20260702,8.020,0
02305,000000093401,20260703,1.768,36
02305,000000093401,20260704,0.000,12
02305,000000093401,20260705,0.000,12
02305,000000093401,20260706,8.107,12
02305,000000093401,20260707,5.649,24
02305,000000093401,20260708,21.890,24
02305,000000093401,20260709,18.081,0
02305,000000093401,20260710,10.350,0
02305,000000093401,20260711,5.733,24
02305,000000093401,20260712,10.874,12
02305,000000093401,20260713,3.013,24
02305,000000093401,20260714,35.025,36
02305,000000093401,20260715,29.440,0
02305,000000093401,20260716,26.273,0
02305,000000093401,20260717,18.930,0
02305,000000093401,20260718,12.044,0
02305,000000093401,20260719,28.614,24
02305,000000093401,20260720,24.299,0
02305,000000093401,20260721,21.859,0
02305,000000093401,20260722,19.318,0
02305,000000093401,20260723,12.984,0
02305,000000093401,20260724,5.671,36
02305,000000093401,20260725,0.000,36
02305,000000093401,20260726,0.000,12
02305,000000093401,20260727,15.727,24
02305,000000093401,20260728,9.440,0
02305,000000093401,20260729,6.410,0
02305,000000093401,20260730,17.281,12
02305,000000093401,20260731,14.985,0
02305,000000093402,20260701,7.456,0
02305,000000093402,20260702,39.470,36
02305,000000093402,20260703,33.616,0
02305,000000093402,20260704,28.198,0
02305,000000093402,20260705,21.224,0
02305,000000093402,20260706,19.969,0
02305,000000093402,20260707,14.565,0
02305,000000093402,20260708,9.069,0
02305,000000093402,20260709,1.589,12
02305,000000093402,20260710,0.867,36
02305,000000093402,20260711,0.000,36
02305,000000093402,20260712,0.000,12
02305,000000093402,20260713,0.000,12
02305,000000093402,20260714,0.000,24
02305,000000093402,20260715,27.909,36
02305,000000093402,20260716,26.536,0
02305,000000093402,20260717,22.160,0
02305,000000093402,20260718,18.345,0
02305,000000093402,20260719,12.991,0
02305,000000093402,20260720,9.998,0
02305,000000093402,20260721,5.913,12
02305,000000093402,20260722,0.000,12
02305,000000093402,20260723,0.000,36
02305,000000093402,20260724,0.000,12
02305,000000093402,20260725,0.000,36
02305,000000093402,20260726,17.539,24
02305,000000093402,20260727,14.992,0
02305,000000093402,20260728,10.859,0
02305,000000093402,20260729,14.984,12
02305,000000093402,20260730,9.065,0
02305,000000093402,20260731,28.180,24
02305,000000093410,20260701,22.597,0
02305,000000093410,20260702,18.518,0
02305,000000093410,20260703,13.993,0
02305,000000093410,20260704,6.314,0
02305,000000093410,20260705,3.936,12
02305,000000093410,20260706,2.788,24
02305,000000093410,20260707,21.046,24
02305,000000093410,20260708,17.390,0
02305,000000093410,20260709,13.095,0
02305,000000093410,20260710,11.391,0
02305,000000093410,20260711,7.347,0
02305,000000093410,20260712,25.475,24
02305,000000093410,20260713,19.468,0
02305,000000093410,20260714,15.683,0
02305,000000093410,20260715,9.017,0
02305,000000093410,20260716,17.791,12
02305,000000093410,20260717,16.965,0
02305,000000093410,20260718,10.884,0
02305,000000093410,20260719,4.528,36
02305,000000093410,20260720,0.000,36
02305,000000093410,20260721,0.000,24
02305,000000093410,20260722,0.000,24
02305,000000093410,20260723,0.000,36
02305,000000093410,20260724,0.000,36
02305,000000093410,20260725,32.256,36
02305,000000093410,20260726,23.960,0
02305,000000093410,20260727,22.917,0
02305,000000093410,20260728,21.466,0
02305,000000093410,20260729,13.981,0
02305,000000093410,20260730,12.163,0
02305,000000093410,20260731,40.242,36
02305,000000093501,20260701,9,0
02305,000000093501,20260702,1,24
02305,000000093501,20260703,35,36
02305,000000093501,20260704,31,0
02305,000000093501,20260705,31,0
02305,000000093501,20260706,27,0
02305,000000093501,20260707,26,0
02305,000000093501,20260708,22,0
02305,000000093501,20260709,15,0
02305,000000093501,20260710,12,0
02305,000000093501,20260711,4,36
02305,000000093501,20260712,2,12
02305,000000093501,20260713,21,24
02305,000000093501,20260714,13,0
02305,000000093501,20260715,7,0
02305,000000093501,20260716,36,36
02305,000000093501,20260717,31,0
02305,000000093501,20260718,25,0
02305,000000093501,20260719,23,0
02305,000000093501,20260720,17,0
02305,000000093501,20260721,15,0
02305,000000093501,20260722,14,0
02305,000000093501,20260723,7,0
02305,000000093501,20260724,41,36
02305,000000093501,20260725,38,0
02305,000000093501,20260726,33,0
02305,000000093501,20260727,27,0
02305,000000093501,20260728,24,0
02305,000000093501,20260729,22,0
02305,000000093501,20260730,16,0
02305,000000093501,20260731,10,0
02305,000000093502,20260701,11,0
02305,000000093502,20260702,6,0
02305,000000093502,20260703,3,24
02305,000000093502,20260704,13,12
02305,000000093502,20260705,6,0
02305,000000093502,20260706,0,12
02305,000000093502,20260707,4,12
02305,000000093502,20260708,11,12
02305,000000093502,20260709,9,0
02305,000000093502,20260710,2,12
02305,000000093502,20260711,23,24
02305,000000093502,20260712,21,0
02305,000000093502,20260713,19,0
02305,000000093502,20260714,13,0
02305,000000093502,20260715,10,0
02305,000000093502,20260716,9,0
02305,000000093502,20260717,6,36
02305,000000093502,20260718,28,24
02305,000000093502,20260719,23,0
02305,000000093502,20260720,21,0
02305,000000093502,20260721,18,0
02305,000000093502,20260722,11,0
02305,000000093502,20260723,9,0
02305,000000093502,20260724,14,12
02305,000000093502,20260725,9,0
02305,000000093502,20260726,1,24
02305,000000093502,20260727,22,24
02305,000000093502,20260728,18,0
02305,000000093502,20260729,10,0
02305,000000093502,20260730,15,12
02305,000000093502,20260731,12,0
02305,000000093503,20260701,16,0
02305,000000093503,20260702,13,0
02305,000000093503,20260703,10,0
02305,000000093503,20260704,6,0
02305,000000093503,20260705,2,36
02305,000000093503,20260706,31,36
02305,000000093503,20260707,29,0
02305,000000093503,20260708,25,0
02305,000000093503,20260709,24,0
02305,000000093503,20260710,22,0
02305,000000093503,20260711,19,0
02305,000000093503,20260712,11,0
02305,000000093503,20260713,6,0
02305,000000093503,20260714,29,24
02305,000000093503,20260715,22,0
02305,000000093503,20260716,17,0
02305,000000093503,20260717,16,0
02305,000000093503,20260718,13,0
02305,000000093503,20260719,18,12
02305,000000093503,20260720,15,0
02305,000000093503,20260721,10,0
02305,000000093503,20260722,9,0
02305,000000093503,20260723,1,36
02305,000000093503,20260724,0,36
02305,000000093503,20260725,8,12
02305,000000093503,20260726,6,0
02305,000000093503,20260727,29,24
02305,000000093503,20260728,22,0
02305,000000093503,20260729,18,0
02305,000000093503,20260730,14,0
02305,000000093503,20260731,11,0
02305,000000094101,20260701,12,0
02305,000000094101,20260702,6,0
02305,000000094101,20260703,35,36
02305,000000094101,20260704,27,0
02305,000000094101,20260705,23,0
02305,000000094101,20260706,18,0
02305,000000094101,20260707,12,0
02305,000000094101,20260708,40,36
02305,000000094101,20260709,37,0
02305,000000094101,20260710,34,0
02305,000000094101,20260711,26,0
02305,000000094101,20260712,18,0
02305,000000094101,20260713,12,0
02305,000000094101,20260714,9,0
02305,000000094101,20260715,15,12
02305,000000094101,20260716,11,0
02305,000000094101,20260717,5,24
02305,000000094101,20260718,0,36
02305,000000094101,20260719,6,12
02305,000000094101,20260720,15,12
02305,000000094101,20260721,14,0
02305,000000094101,20260722,13,0
02305,000000094101,20260723,41,36
02305,000000094101,20260724,35,0
02305,000000094101,20260725,28,0
02305,000000094101,20260726,26,0
02305,000000094101,20260727,19,0
02305,000000094101,20260728,17,0
02305,000000094101,20260729,10,0
02305,000000094101,20260730,6,0
02305,000000094101,20260731,30,24
02305,000000094102,20260701,20,0
02305,000000094102,20260702,16,0
02305,000000094102,20260703,13,0
02305,000000094102,20260704,17,12
02305,000000094102,20260705,14,0
02305,000000094102,20260706,12,0
02305,000000094102,20260707,5,24
02305,000000094102,20260708,40,36
02305,000000094102,20260709,32,0
02305,000000094102,20260710,30,0
02305,000000094102,20260711,29,0
02305,000000094102,20260712,26,0
02305,000000094102,20260713,19,0
02305,000000094102,20260714,14,0
02305,000000094102,20260715,9,0
02305,000000094102,20260716,39,36
02305,000000094102,20260717,32,0
02305,000000094102,20260718,28,0
02305,000000094102,20260719,22,0
02305,000000094102,20260720,17,0
02305,000000094102,20260721,11,0
02305,000000094102,20260722,3,36
02305,000000094102,20260723,1,12
02305,000000094102,20260724,12,12
02305,000000094102,20260725,11,0
02305,000000094102,20260726,6,0
02305,000000094102,20260727,14,12
02305,000000094102,20260728,9,0
02305,000000094102,20260729,7,0
02305,000000094102,20260730,24,24
02305,000000094102,20260731,18,0
02305,000000094103,20260701,19,0
02305,000000094103,20260702,17,0
02305,000000094103,20260703,15,0
02305,000000094103,20260704,9,0
02305,000000094103,20260705,29,24
02305,000000094103,20260706,22,0
02305,000000094103,20260707,20,0
02305,000000094103,20260708,12,0
02305,000000094103,20260709,11,0
02305,000000094103,20260710,8,0
02305,000000094103,20260711,6,0
02305,000000094103,20260712,4,24
02305,000000094103,20260713,13,12
02305,000000094103,20260714,10,0
02305,000000094103,20260715,17,12
02305,000000094103,20260716,14,0
02305,000000094103,20260717,12,0
02305,000000094103,20260718,8,0
02305,000000094103,20260719,41,36
02305,000000094103,20260720,38,0
02305,000000094103,20260721,36,0
02305,000000094103,20260722,29,0
02305,000000094103,20260723,25,0
02305,000000094103,20260724,17,0
02305,000000094103,20260725,12,0
02305,000000094103,20260726,10,0
02305,000000094103,20260727,9,0
02305,000000094103,20260728,7,0
02305,000000094103,20260729,3,24
02305,000000094103,20260730,31,36
02305,000000094103,20260731,29,0
02305,000000094201,20260701,6.767,12
02305,000000094201,20260702,5.130,24
02305,000000094201,20260703,0.000,36
02305,000000094201,20260704,10.044,12
02305,000000094201,20260705,15.616,12
02305,000000094201,20260706,9.864,0
02305,000000094201,20260707,7.617,0
02305,000000094201,20260708,16.953,12
02305,000000094201,20260709,14.473,0
02305,000000094201,20260710,12.407,0
02305,000000094201,20260711,8.083,0
02305,000000094201,20260712,6.094,0
02305,000000094201,20260713,37.737,36
02305,000000094201,20260714,33.656,0
02305,000000094201,20260715,26.325,0
02305,000000094201,20260716,19.693,0
02305,000000094201,20260717,17.116,0
02305,000000094201,20260718,8.933,0
02305,000000094201,20260719,2.766,36
02305,000000094201,20260720,9.308,12
02305,000000094201,20260721,8.234,0
02305,000000094201,20260722,24.747,24
02305,000000094201,20260723,17.051,0
02305,000000094201,20260724,15.751,0
02305,000000094201,20260725,11.573,0
02305,000000094201,20260726,5.157,12
02305,000000094201,20260727,0.000,12
02305,000000094201,20260728,0.000,12
02305,000000094201,20260729,16.458,24
02305,000000094201,20260730,11.649,0
02305,000000094201,20260731,7.444,0
02305,000000094202,20260701,37.351,36
02305,000000094202,20260702,36.053,0
02305,000000094202,20260703,35.319,0
02305,000000094202,20260704,27.924,0
02305,000000094202,20260705,21.601,0
02305,000000094202,20260706,19.287,0
02305,000000094202,20260707,16.545,0
02305,000000094202,20260708,14.411,0
02305,000000094202,20260709,9.928,0
02305,000000094202,20260710,8.963,0
02305,000000094202,20260711,2.567,36
02305,000000094202,20260712,0.000,36
02305,000000094202,20260713,34.758,36
02305,000000094202,20260714,28.888,0
02305,000000094202,20260715,26.043,0
02305,000000094202,20260716,21.633,0
02305,000000094202,20260717,18.453,0
02305,000000094202,20260718,14.829,0
02305,000000094202,20260719,10.553,0
02305,000000094202,20260720,7.352,0
02305,000000094202,20260721,6.107,0
02305,000000094202,20260722,0.000,36
02305,000000094202,20260723,0.000,36
02305,000000094202,20260724,19.746,24
02305,000000094202,20260725,18.034,0
02305,000000094202,20260726,16.259,0
02305,000000094202,20260727,12.371,0
02305,000000094202,20260728,6.367,0
02305,000000094202,20260729,26.264,24
02305,000000094202,20260730,23.314,0
02305,000000094202,20260731,17.135,0
02305,000000094203,20260701,16.041,24
02305,000000094203,20260702,9.363,0
02305,000000094203,20260703,2.544,36
02305,000000094203,20260704,11.149,12
02305,000000094203,20260705,16.214,12
02305,000000094203,20260706,14.302,0
02305,000000094203,20260707,13.249,0
02305,000000094203,20260708,29.912,24
02305,000000094203,20260709,22.512,0
02305,000000094203,20260710,18.940,0
02305,000000094203,20260711,11.330,0
02305,000000094203,20260712,6.837,0
02305,000000094203,20260713,40.276,36
02305,000000094203,20260714,32.739,0
02305,000000094203,20260715,30.301,0
02305,000000094203,20260716,24.850,0
02305,000000094203,20260717,17.997,0
02305,000000094203,20260718,14.340,0
02305,000000094203,20260719,9.425,0
02305,000000094203,20260720,41.508,36
02305,000000094203,20260721,39.001,0
02305,000000094203,20260722,37.356,0
02305,000000094203,20260723,34.216,0
02305,000000094203,20260724,26.012,0
02305,000000094203,20260725,19.628,0
02305,000000094203,20260726,14.629,0
02305,000000094203,20260727,7.225,0
02305,000000094203,20260728,2.506,36
02305,000000094203,20260729,0.555,24
02305,000000094203,20260730,0.000,24
02305,000000094203,20260731,30.476,36
02305,000000094301,20260701,15.777,0
02305,000000094301,20260702,13.262,0
02305,000000094301,20260703,5.824,12
02305,000000094301,20260704,16.101,12
02305,000000094301,20260705,9.159,0
02305,000000094301,20260706,4.680,24
02305,000000094301,20260707,2.960,36
02305,000000094301,20260708,0.000,24
02305,000000094301,20260709,33.317,36
02305,000000094301,20260710,27.193,0
02305,000000094301,20260711,21.764,0
02305,000000094301,20260712,17.905,0
02305,000000094301,20260713,15.323,0
02305,000000094301,20260714,14.480,0
02305,000000094301,20260715,13.420,0
02305,000000094301,20260716,6.161,0
02305,000000094301,20260717,37.760,36
02305,000000094301,20260718,34.339,0
02305,000000094301,20260719,32.891,0
02305,000000094301,20260720,30.419,0
02305,000000094301,20260721,23.534,0
02305,000000094301,20260722,22.026,0
02305,000000094301,20260723,20.552,0
02305,000000094301,20260724,15.764,0
02305,000000094301,20260725,9.507,0
02305,000000094301,20260726,2.546,24
02305,000000094301,20260727,0.000,24
02305,000000094301,20260728,0.000,24
02305,000000094301,20260729,0.000,36
02305,000000094301,20260730,22.667,24
02305,000000094301,20260731,16.577,0
02305,000000094302,20260701,22.628,0
02305,000000094302,20260702,19.594,0
02305,000000094302,20260703,15.275,0
02305,000000094302,20260704,12.741,0
02305,000000094302,20260705,4.734,36
02305,000000094302,20260706,0.752,36
02305,000000094302,20260707,0.000,12
02305,000000094302,20260708,0.000,36
02305,000000094302,20260709,16.542,24
02305,000000094302,20260710,13.167,0
02305,000000094302,20260711,6.896,0
02305,000000094302,20260712,24.293,24
02305,000000094302,20260713,23.071,0
02305,000000094302,20260714,20.785,0
02305,000000094302,20260715,13.487,0
02305,000000094302,20260716,10.468,0
02305,000000094302,20260717,41.161,36
02305,000000094302,20260718,40.418,0
02305,000000094302,20260719,33.927,0
02305,000000094302,20260720,26.758,0
02305,000000094302,20260721,23.998,0
02305,000000094302,20260722,21.980,0
02305,000000094302,20260723,15.975,0
02305,000000094302,20260724,11.245,0
02305,000000094302,20260725,6.042,0
02305,000000094302,20260726,0.940,36
02305,000000094302,20260727,17.283,24
02305,000000094302,20260728,16.055,0
02305,000000094302,20260729,9.626,0
02305,000000094302,20260730,8.610,0
02305,000000094302,20260731,2.831,36
02305,000000020101,20260701,36,36
02305,000000020101,20260702,32,0
02305,000000020101,20260703,29,0
02305,000000020101,20260704,24,0
02305,000000020101,20260705,20,0
02305,000000020101,20260706,13,0
02305,000000020101,20260707,7,0
02305,000000020101,20260708,13,12
02305,000000020101,20260709,9,0
02305,000000020101,20260710,7,0
02305,000000020101,20260711,18,12
02305,000000020101,20260712,15,0
02305,000000020101,20260713,10,0
02305,000000020101,20260714,8,0
02305,000000020101,20260715,2,12
02305,000000020101,20260716,31,36
02305,000000020101,20260717,26,0
02305,000000020101,20260718,22,0
02305,000000020101,20260719,20,0
02305,000000020101,20260720,12,0
02305,000000020101,20260721,6,12
02305,000000020101,20260722,38,36
02305,000000020101,20260723,33,0
02305,000000020101,20260724,28,0
02305,000000020101,20260725,25,0
02305,000000020101,20260726,23,0
02305,000000020101,20260727,15,0
02305,000000020101,20260728,13,0
02305,000000020101,20260729,9,0
02305,000000020101,20260730,1,12
02305,000000020101,20260731,36,36
02305,000000020102,20260701,11,0
02305,000000020102,20260702,5,24
02305,000000020102,20260703,2,12
02305,000000020102,20260704,32,36
02305,000000020102,20260705,28,0
02305,000000020102,20260706,22,0
02305,000000020102,20260707,14,0
02305,000000020102,20260708,6,0
02305,000000020102,20260709,35,36
02305,000000020102,20260710,33,0
02305,000000020102,20260711,25,0
02305,000000020102,20260712,17,0
02305,000000020102,20260713,13,0
02305,000000020102,20260714,7,0
02305,000000020102,20260715,40,36
02305,000000020102,20260716,38,0
02305,000000020102,20260717,35,0
02305,000000020102,20260718,27,0
02305,000000020102,20260719,21,0
02305,000000020102,20260720,19,0
02305,000000020102,20260721,16,0
02305,000000020102,20260722,9,0
02305,000000020102,20260723,8,0
02305,000000020102,20260724,0,36
02305,000000020102,20260725,0,24
02305,000000020102,20260726,33,36
02305,000000020102,20260727,32,0
02305,000000020102,20260728,28,0
02305,000000020102,20260729,26,0
02305,000000020102,20260730,23,0
02305,000000020102,20260731,19,0
02305,000000020103,20260701,10,0
02305,000000020103,20260702,15,12
02305,000000020103,20260703,13,0
02305,000000020103,20260704,10,0
02305,000000020103,20260705,28,24
02305,000000020103,20260706,27,0
02305,000000020103,20260707,26,0
02305,000000020103,20260708,24,0
02305,000000020103,20260709,17,0
02305,000000020103,20260710,10,0
02305,000000020103,20260711,40,36
02305,000000020103,20260712,34,0
02305,000000020103,20260713,32,0
02305,000000020103,20260714,29,0
02305,000000020103,20260715,21,0
02305,000000020103,20260716,16,0
02305,000000020103,20260717,12,0
02305,000000020103,20260718,9,0
02305,000000020103,20260719,18,12
02305,000000020103,20260720,11,0
02305,000000020103,20260721,16,12
02305,000000020103,20260722,14,0
02305,000000020103,20260723,12,0
02305,000000020103,20260724,10,0
02305,000000020103,20260725,5,24
02305,000000020103,20260726,28,24
02305,000000020103,20260727,25,0
02305,000000020103,20260728,24,0
02305,000000020103,20260729,20,0
02305,000000020103,20260730,13,0
02305,000000020103,20260731,41,36
02305,000000020201,20260701,11,0
02305,000000020201,20260702,39,36
02305,000000020201,20260703,36,0
02305,000000020201,20260704,34,0
02305,000000020201,20260705,32,0
02305,000000020201,20260706,24,0
02305,000000020201,20260707,20,0
02305,000000020201,20260708,19,0
02305,000000020201,20260709,13,0
02305,000000020201,20260710,8,0
02305,000000020201,20260711,27,24
02305,000000020201,20260712,24,0
02305,000000020201,20260713,17,0
02305,000000020201,20260714,11,0
02305,000000020201,20260715,39,36
02305,000000020201,20260716,35,0
02305,000000020201,20260717,31,0
02305,000000020201,20260718,23,0
02305,000000020201,20260719,21,0
02305,000000020201,20260720,16,0
02305,000000020201,20260721,12,0
02305,000000020201,20260722,8,0
02305,000000020201,20260723,1,36
02305,000000020201,20260724,24,24
02305,000000020201,20260725,16,0
02305,000000020201,20260726,11,0
02305,000000020201,20260727,7,0
02305,000000020201,20260728,27,24
02305,000000020201,20260729,26,0
02305,000000020201,20260730,21,0
02305,000000020201,20260731,14,0
02305,000000020202,20260701,13,0
02305,000000020202,20260702,12,0
02305,000000020202,20260703,7,0
02305,000000020202,20260704,16,12
02305,000000020202,20260705,11,0
02305,000000020202,20260706,30,24
02305,000000020202,20260707,26,0
02305,000000020202,20260708,22,0
02305,000000020202,20260709,16,0
02305,000000020202,20260710,10,0
02305,000000020202,20260711,39,36
02305,000000020202,20260712,34,0
02305,000000020202,20260713,30,0
02305,000000020202,20260714,27,0
02305,000000020202,20260715,23,0
02305,000000020202,20260716,15,0
02305,000000020202,20260717,13,0
02305,000000020202,20260718,11,0
02305,000000020202,20260719,10,0
02305,000000020202,20260720,7,0
02305,000000020202,20260721,40,36
02305,000000020202,20260722,36,0
02305,000000020202,20260723,34,0
02305,000000020202,20260724,31,0
02305,000000020202,20260725,24,0
02305,000000020202,20260726,19,0
02305,000000020202,20260727,12,0
02305,000000020202,20260728,7,0
02305,000000020202,20260729,28,24
02305,000000020202,20260730,23,0
02305,000000020202,20260731,22,0
02305,000000030101,20260701,5,12
02305,000000030101,20260702,37,36
02305,000000030101,20260703,31,0
02305,000000030101,20260704,24,0
02305,000000030101,20260705,18,0
02305,000000030101,20260706,10,0
02305,000000030101,20260707,40,36
02305,000000030101,20260708,34,0
02305,000000030101,20260709,32,0
02305,000000030101,20260710,29,0
02305,000000030101,20260711,26,0
02305,000000030101,20260712,18,0
02305,000000030101,20260713,13,0
02305,000000030101,20260714,8,0
02305,000000030101,20260715,12,12
02305,000000030101,20260716,9,0
02305,000000030101,20260717,7,0
02305,000000030101,20260718,4,36
02305,000000030101,20260719,26,24
02305,000000030101,20260720,24,0
02305,000000030101,20260721,19,0
02305,000000030101,20260722,14,0
02305,000000030101,20260723,11,0
02305,000000030101,20260724,6,0
02305,000000030101,20260725,39,36
02305,000000030101,20260726,36,0
02305,000000030101,20260727,32,0
02305,000000030101,20260728,26,0
02305,000000030101,20260729,22,0
02305,000000030101,20260730,14,0
02305,000000030101,20260731,12,0
02305,000000030102,20260701,16,0
02305,000000030102,20260702,10,0
02305,000000030102,20260703,9,0
02305,000000030102,20260704,40,36
02305,000000030102,20260705,37,0
02305,000000030102,20260706,35,0
02305,000000030102,20260707,29,0
02305,000000030102,20260708,23,0
02305,000000030102,20260709,22,0
02305,000000030102,20260710,15,0
02305,000000030102,20260711,9,0
02305,000000030102,20260712,4,24
02305,000000030102,20260713,9,12
02305,000000030102,20260714,37,36
02305,000000030102,20260715,35,0
02305,000000030102,20260716,34,0
02305,000000030102,20260717,28,0
02305,000000030102,20260718,25,0
02305,000000030102,20260719,19,0
02305,000000030102,20260720,14,0
02305,000000030102,20260721,7,0
02305,000000030102,20260722,3,24
02305,000000030102,20260723,32,36
02305,000000030102,20260724,29,0
02305,000000030102,20260725,28,0
02305,000000030102,20260726,20,0
02305,000000030102,20260727,14,0
02305,000000030102,20260728,7,0
02305,000000030102,20260729,0,12
02305,000000030102,20260730,0,24
02305,000000030102,20260731,0,24
02305,000000030103,20260701,31,0
02305,000000030103,20260702,30,0
02305,000000030103,20260703,23,0
02305,000000030103,20260704,21,0
02305,000000030103,20260705,19,0
02305,000000030103,20260706,12,0
02305,000000030103,20260707,10,0
02305,000000030103,20260708,5,36
02305,000000030103,20260709,0,12
02305,000000030103,20260710,0,24
02305,000000030103,20260711,9,12
02305,000000030103,20260712,9,0
02305,000000030103,20260713,8,0
02305,000000030103,20260714,27,24
02305,000000030103,20260715,22,0
02305,000000030103,20260716,19,0
02305,000000030103,20260717,17,0
02305,000000030103,20260718,14,0
02305,000000030103,20260719,9,0
02305,000000030103,20260720,8,0
02305,000000030103,20260721,2,24
02305,000000030103,20260722,0,36
02305,000000030103,20260723,19,24
02305,000000030103,20260724,12,0
02305,000000030103,20260725,4,12
02305,000000030103,20260726,1,24
02305,000000030103,20260727,0,12
02305,000000030103,20260728,0,12
02305,000000030103,20260729,34,36
02305,000000030103,20260730,31,0
02305,000000030103,20260731,24,0
02305,000000030201,20260701,17,12
02305,000000030201,20260702,9,0
02305,000000030201,20260703,6,0
02305,000000030201,20260704,2,12
02305,000000030201,20260705,8,12
02305,000000030201,20260706,39,36
02305,000000030201,20260707,36,0
02305,000000030201,20260708,34,0
02305,000000030201,20260709,29,0
02305,000000030201,20260710,26,0
02305,000000030201,20260711,19,0
02305,000000030201,20260712,14,0
02305,000000030201,20260713,13,0
02305,000000030201,20260714,10,0
02305,000000030201,20260715,8,0
02305,000000030201,20260716,12,12
02305,000000030201,20260717,10,0
02305,000000030201,20260718,16,12
02305,000000030201,20260719,11,0
02305,000000030201,20260720,8,0
02305,000000030201,20260721,26,24
02305,000000030201,20260722,20,0
02305,000000030201,20260723,13,0
02305,000000030201,20260724,9,0
02305,000000030201,20260725,1,24
02305,000000030201,20260726,8,12
02305,000000030201,20260727,7,0
02305,000000030201,20260728,15,12
02305,000000030201,20260729,11,0
02305,000000030201,20260730,10,0
02305,000000030201,20260731,7,0
02305,000000030202,20260701,9,0
02305,000000030202,20260702,1,36
02305,000000030202,20260703,9,12
02305,000000030202,20260704,8,0
02305,000000030202,20260705,3,36
02305,000000030202,20260706,20,24
02305,000000030202,20260707,14,0
02305,000000030202,20260708,13,0
02305,000000030202,20260709,6,0
02305,000000030202,20260710,40,36
02305,000000030202,20260711,39,0
02305,000000030202,20260712,33,0
02305,000000030202,20260713,32,0
02305,000000030202,20260714,27,0
02305,000000030202,20260715,22,0
02305,000000030202,20260716,16,0
02305,000000030202,20260717,15,0
02305,000000030202,20260718,9,0
02305,000000030202,20260719,5,36
02305,000000030202,20260720,39,36
02305,000000030202,20260721,38,0
02305,000000030202,20260722,36,0
02305,000000030202,20260723,29,0
02305,000000030202,20260724,25,0
02305,000000030202,20260725,23,0
02305,000000030202,20260726,16,0
02305,000000030202,20260727,10,0
02305,000000030202,20260728,8,0
02305,000000030202,20260729,3,36
02305,000000030202,20260730,0,24
02305,000000030202,20260731,34,36
02305,000000030203,20260701,12,0
02305,000000030203,20260702,6,0
02305,000000030203,20260703,24,24
02305,000000030203,20260704,18,0
02305,000000030203,20260705,12,0
02305,000000030203,20260706,10,0
02305,000000030203,20260707,8,0
02305,000000030203,20260708,2,12
02305,000000030203,20260709,0,24
02305,000000030203,20260710,20,24
02305,000000030203,20260711,17,0
02305,000000030203,20260712,10,0
02305,000000030203,20260713,38,36
02305,000000030203,20260714,33,0
02305,000000030203,20260715,29,0
02305,000000030203,20260716,21,0
02305,000000030203,20260717,20,0
02305,000000030203,20260718,18,0
02305,000000030203,20260719,17,0
02305,000000030203,20260720,15,0
02305,000000030203,20260721,13,0
02305,000000030203,20260722,12,0
02305,000000030203,20260723,29,24
02305,000000030203,20260724,23,0
02305,000000030203,20260725,15,0
02305,000000030203,20260726,14,0
02305,000000030203,20260727,8,0
02305,000000030203,20260728,0,12
02305,000000030203,20260729,0,24
02305,000000030203,20260730,0,24
02305,000000030203,20260731,5,12
02305,000000031101,20260701,9.807,0
02305,000000031101,20260702,40.884,36
02305,000000031101,20260703,34.898,0
02305,000000031101,20260704,26.984,0
02305,000000031101,20260705,23.158,0
02305,000000031101,20260706,17.771,0
02305,000000031101,20260707,13.217,0
02305,000000031101,20260708,9.477,0
02305,000000031101,20260709,29.449,24
02305,000000031101,20260710,24.866,0
02305,000000031101,20260711,21.756,0
02305,000000031101,20260712,15.397,0
02305,000000031101,20260713,7.642,0
02305,000000031101,20260714,6.490,0
02305,000000031101,20260715,1.768,24
02305,000000031101,20260716,24.083,24
02305,000000031101,20260717,22.559,0
02305,000000031101,20260718,16.448,0
02305,000000031101,20260719,11.110,0
02305,000000031101,20260720,26.850,24
02305,000000031101,20260721,25.204,0
02305,000000031101,20260722,22.268,0
02305,000000031101,20260723,14.942,0
02305,000000031101,20260724,6.745,0
02305,000000031101,20260725,3.241,24
02305,000000031101,20260726,11.236,12
02305,000000031101,20260727,7.590,0
02305,000000031101,20260728,12.626,12
02305,000000031101,20260729,10.924,0
02305,000000031101,20260730,6.687,0
02305,000000031101,20260731,4.190,12
02305,000000031102,20260701,39.455,36
02305,000000031102,20260702,31.918,0
02305,000000031102,20260703,29.800,0
02305,000000031102,20260704,22.570,0
02305,000000031102,20260705,17.039,0
02305,000000031102,20260706,9.151,0
02305,000000031102,20260707,25.098,24
02305,000000031102,20260708,18.360,0
02305,000000031102,20260709,12.312,0
02305,000000031102,20260710,9.143,0
02305,000000031102,20260711,16.067,12
02305,000000031102,20260712,15.230,0
02305,000000031102,20260713,8.690,0
02305,000000031102,20260714,2.239,12
02305,000000031102,20260715,0.000,24
02305,000000031102,20260716,31.364,36
02305,000000031102,20260717,26.818,0
02305,000000031102,20260718,23.943,0
02305,000000031102,20260719,18.621,0
02305,000000031102,20260720,10.883,0
02305,000000031102,20260721,9.185,0
02305,000000031102,20260722,2.332,24
02305,000000031102,20260723,0.000,24
02305,000000031102,20260724,0.000,24
02305,000000031102,20260725,19.990,24
02305,000000031102,20260726,16.758,0
02305,000000031102,20260727,8.604,0
02305,000000031102,20260728,39.376,36
02305,000000031102,20260729,37.205,0
02305,000000031102,20260730,33.926,0
02305,000000031102,20260731,27.227,0
02305,000000040101,20260701,13.421,0
02305,000000040101,20260702,9.613,0
02305,000000040101,20260703,7.474,0
02305,000000040101,20260704,13.846,12
02305,000000040101,20260705,9.942,0
02305,000000040101,20260706,8.609,0
02305,000000040101,20260707,36.247,36
02305,000000040101,20260708,34.610,0
02305,000000040101,20260709,31.659,0
02305,000000040101,20260710,30.175,0
02305,000000040101,20260711,25.568,0
02305,000000040101,20260712,18.133,0
02305,000000040101,20260713,15.797,0
02305,000000040101,20260714,12.889,0
02305,000000040101,20260715,17.090,12
02305,000000040101,20260716,13.445,0
02305,000000040101,20260717,6.854,0
02305,000000040101,20260718,2.334,36
02305,000000040101,20260719,1.432,12
02305,000000040101,20260720,0.000,12
02305,000000040101,20260721,0.000,24
02305,000000040101,20260722,5.289,12
02305,000000040101,20260723,10.563,12
02305,000000040101,20260724,8.281,0
02305,000000040101,20260725,0.994,12
02305,000000040101,20260726,35.637,36
02305,000000040101,20260727,29.162,0
02305,000000040101,20260728,26.720,0
02305,000000040101,20260729,24.419,0
02305,000000040101,20260730,18.448,0
02305,000000040101,20260731,15.095,0
02305,000000040102,20260701,4.607,36
02305,000000040102,20260702,2.334,36
02305,000000040102,20260703,0.000,24
02305,000000040102,20260704,21.506,24
02305,000000040102,20260705,15.255,0
02305,000000040102,20260706,11.149,0
02305,000000040102,20260707,3.492,24
02305,000000040102,20260708,0.000,12
02305,000000040102,20260709,19.189,24
02305,000000040102,20260710,13.751,0
02305,000000040102,20260711,10.592,0
02305,000000040102,20260712,38.707,36
02305,000000040102,20260713,36.666,0
02305,000000040102,20260714,31.879,0
02305,000000040102,20260715,25.644,0
02305,000000040102,20260716,18.836,0
02305,000000040102,20260717,14.227,0
02305,000000040102,20260718,12.297,0
02305,000000040102,20260719,8.737,0
02305,000000040102,20260720,6.423,0
02305,000000040102,20260721,25.863,24
02305,000000040102,20260722,23.061,0
02305,000000040102,20260723,16.289,0
02305,000000040102,20260724,9.247,0
02305,000000040102,20260725,2.230,36
02305,000000040102,20260726,35.426,36
02305,000000040102,20260727,28.693,0
02305,000000040102,20260728,23.564,0
02305,000000040102,20260729,22.315,0
02305,000000040102,20260730,18.893,0
02305,000000040102,20260731,12.672,0
02305,000000040201,20260701,17,0
02305,000000040201,20260702,15,0
02305,000000040201,20260703,7,0
02305,000000040201,20260704,6,0
02305,000000040201,20260705,13,12
02305,000000040201,20260706,9,0
02305,000000040201,20260707,3,24
02305,000000040201,20260708,8,12
02305,000000040201,20260709,5,36
02305,000000040201,20260710,4,36
02305,000000040201,20260711,0,24
02305,000000040201,20260712,0,12
02305,000000040201,20260713,29,36
02305,000000040201,20260714,27,0
02305,000000040201,20260715,26,0
02305,000000040201,20260716,19,0
02305,000000040201,20260717,16,0
02305,000000040201,20260718,10,0
02305,000000040201,20260719,42,36
02305,000000040201,20260720,38,0
02305,000000040201,20260721,36,0
02305,000000040201,20260722,30,0
02305,000000040201,20260723,22,0
02305,000000040201,20260724,14,0
02305,000000040201,20260725,12,0
02305,000000040201,20260726,8,0
02305,000000040201,20260727,3,24
02305,000000040201,20260728,0,36
02305,000000040201,20260729,31,36
02305,000000040201,20260730,30,0
02305,000000040201,20260731,26,0
02305,000000040202,20260701,14,0
02305,000000040202,20260702,7,0
02305,000000040202,20260703,40,36
02305,000000040202,20260704,32,0
02305,000000040202,20260705,25,0
02305,000000040202,20260706,18,0
02305,000000040202,20260707,13,0
02305,000000040202,20260708,7,0
02305,000000040202,20260709,3,12
02305,000000040202,20260710,0,36
02305,000000040202,20260711,18,24
02305,000000040202,20260712,15,0
02305,000000040202,20260713,11,0
02305,000000040202,20260714,18,12
02305,000000040202,20260715,15,0
02305,000000040202,20260716,13,0
02305,000000040202,20260717,10,0
02305,000000040202,20260718,29,24
02305,000000040202,20260719,26,0
02305,000000040202,20260720,20,0
02305,000000040202,20260721,13,0
02305,000000040202,20260722,12,0
02305,000000040202,20260723,8,0
02305,000000040202,20260724,13,12
02305,000000040202,20260725,6,0
02305,000000040202,20260726,39,36
02305,000000040202,20260727,35,0
02305,000000040202,20260728,30,0
02305,000000040202,20260729,29,0
02305,000000040202,20260730,26,0
02305,000000040202,20260731,25,0
02305,000000040203,20260701,10,0
02305,000000040203,20260702,8,0
02305,000000040203,20260703,4,36
02305,000000040203,20260704,35,36
02305,000000040203,20260705,30,0
02305,000000040203,20260706,22,0
02305,000000040203,20260707,18,0
02305,000000040203,20260708,12,0
02305,000000040203,20260709,9,0
02305,000000040203,20260710,6,36
02305,000000040203,20260711,4,24
02305,000000040203,20260712,0,36
02305,000000040203,20260713,0,36
02305,000000040203,20260714,9,12
02305,000000040203,20260715,5,36
02305,000000040203,20260716,21,24
02305,000000040203,20260717,20,0
02305,000000040203,20260718,12,0
02305,000000040203,20260719,6,0
02305,000000040203,20260720,1,24
02305,000000040203,20260721,36,36
02305,000000040203,20260722,29,0
02305,000000040203,20260723,23,0
02305,000000040203,20260724,15,0
02305,000000040203,20260725,9,0
02305,000000040203,20260726,41,36
02305,000000040203,20260727,39,0
02305,000000040203,20260728,38,0
02305,000000040203,20260729,34,0
02305,000000040203,20260730,32,0
02305,000000040203,20260731,25,0
02305,000000005012,20260701,13,0
02305,000000005012,20260702,7,0
02305,000000005012,20260703,25,24
02305,000000005012,20260704,19,0
02305,000000005012,20260705,13,0
02305,000000005012,20260706,17,12
02305,000000005012,20260707,14,0
02305,000000005012,20260708,13,0
02305,000000005012,20260709,12,0
02305,000000005012,20260710,9,0
02305,000000005012,20260711,4,36
02305,000000005012,20260712,3,36
02305,000000005012,20260713,0,24
02305,000000005012,20260714,0,24
02305,000000005012,20260715,31,36
02305,000000005012,20260716,25,0
02305,000000005012,20260717,18,0
02305,000000005012,20260718,16,0
02305,000000005012,20260719,10,0
02305,000000005012,20260720,6,12
02305,000000005012,20260721,0,12
02305,000000005012,20260722,7,12
02305,000000005012,20260723,30,24
02305,000000005012,20260724,26,0
02305,000000005012,20260725,26,0
02305,000000005012,20260726,20,0
02305,000000005012,20260727,13,0
02305,000000005012,20260728,7,0
02305,000000005012,20260729,17,12
02305,000000005012,20260730,14,0
02305,000000005012,20260731,13,0
02305,000000005013,20260701,12,0
02305,000000005013,20260702,7,0
02305,000000005013,20260703,2,36
02305,000000005013,20260704,13,12
02305,000000005013,20260705,10,0
02305,000000005013,20260706,17,12
02305,000000005013,20260707,14,0
02305,000000005013,20260708,10,0
02305,000000005013,20260709,4,12
02305,000000005013,20260710,0,12
02305,000000005013,20260711,17,24
02305,000000005013,20260712,16,0
02305,000000005013,20260713,12,0
02305,000000005013,20260714,9,0
02305,000000005013,20260715,42,36
02305,000000005013,20260716,40,0
02305,000000005013,20260717,36,0
02305,000000005013,20260718,33,0
02305,000000005013,20260719,25,0
02305,000000005013,20260720,20,0
02305,000000005013,20260721,12,0
02305,000000005013,20260722,8,0
02305,000000005013,20260723,24,24
02305,000000005013,20260724,20,0
02305,000000005013,20260725,17,0
02305,000000005013,20260726,13,0
02305,000000005013,20260727,41,36
02305,000000005013,20260728,33,0
02305,000000005013,20260729,28,0
02305,000000005013,20260730,22,0
02305,000000005013,20260731,14,0
02305,000000005020,20260701,32,0
02305,000000005020,20260702,29,0
02305,000000005020,20260703,23,0
02305,000000005020,20260704,17,0
02305,000000005020,20260705,15,0
02305,000000005020,20260706,8,0
02305,000000005020,20260707,12,12
02305,000000005020,20260708,29,24
02305,000000005020,20260709,23,0
02305,000000005020,20260710,16,0
02305,000000005020,20260711,11,0
02305,000000005020,20260712,3,12
02305,000000005020,20260713,14,12
02305,000000005020,20260714,13,0
02305,000000005020,20260715,29,24
02305,000000005020,20260716,23,0
02305,000000005020,20260717,17,0
02305,000000005020,20260718,10,0
02305,000000005020,20260719,15,12
02305,000000005020,20260720,12,0
02305,000000005020,20260721,7,0
02305,000000005020,20260722,29,24
02305,000000005020,20260723,26,0
02305,000000005020,20260724,21,0
02305,000000005020,20260725,13,0
02305,000000005020,20260726,8,0
02305,000000005020,20260727,17,12
02305,000000005020,20260728,8,0
02305,000000005020,20260729,1,24
02305,000000005020,20260730,18,24
02305,000000005020,20260731,14,0
02305,000000005101,20260701,20,0
02305,000000005101,20260702,15,0
02305,000000005101,20260703,8,0
02305,000000005101,20260704,14,12
02305,000000005101,20260705,8,0
02305,000000005101,20260706,7,0
02305,000000005101,20260707,5,12
02305,000000005101,20260708,9,12
02305,000000005101,20260709,8,0
02305,000000005101,20260710,6,0
02305,000000005101,20260711,0,36
02305,000000005101,20260712,0,36
02305,000000005101,20260713,0,12
02305,000000005101,20260714,34,36
02305,000000005101,20260715,29,0
02305,000000005101,20260716,28,0
02305,000000005101,20260717,23,0
02305,000000005101,20260718,18,0
02305,000000005101,20260719,12,0
02305,000000005101,20260720,6,24
02305,000000005101,20260721,36,36
02305,000000005101,20260722,31,0
02305,000000005101,20260723,26,0
02305,000000005101,20260724,24,0
02305,000000005101,20260725,23,0
02305,000000005101,20260726,20,0
02305,000000005101,20260727,19,0
02305,000000005101,20260728,12,0
02305,000000005101,20260729,6,0
02305,000000005101,20260730,40,36
02305,000000005101,20260731,39,0
02305,000000005102,20260701,16,0
02305,000000005102,20260702,10,0
02305,000000005102,20260703,39,36
02305,000000005102,20260704,38,0
02305,000000005102,20260705,30,0
02305,000000005102,20260706,26,0
02305,000000005102,20260707,21,0
02305,000000005102,20260708,15,0
02305,000000005102,20260709,11,0
02305,000000005102,20260710,10,0
02305,000000005102,20260711,9,0
02305,000000005102,20260712,7,0
02305,000000005102,20260713,40,36
02305,000000005102,20260714,33,0
02305,000000005102,20260715,30,0
02305,000000005102,20260716,25,0
02305,000000005102,20260717,19,0
02305,000000005102,20260718,14,0
02305,000000005102,20260719,8,0
02305,000000005102,20260720,25,24
02305,000000005102,20260721,23,0
02305,000000005102,20260722,20,0
02305,000000005102,20260723,16,0
02305,000000005102,20260724,13,0
02305,000000005102,20260725,6,0
02305,000000005102,20260726,37,36
02305,000000005102,20260727,30,0
02305,000000005102,20260728,28,0
02305,000000005102,20260729,25,0
02305,000000005102,20260730,24,0
02305,000000005102,20260731,22,0
02305,000000005103,20260701,16,0
02305,000000005103,20260702,8,0
02305,000000005103,20260703,5,24
02305,000000005103,20260704,36,36
02305,000000005103,20260705,34,0
02305,000000005103,20260706,32,0
02305,000000005103,20260707,27,0
02305,000000005103,20260708,20,0
02305,000000005103,20260709,15,0
02305,000000005103,20260710,9,0
02305,000000005103,20260711,7,0
02305,000000005103,20260712,3,36
02305,000000005103,20260713,0,24
02305,000000005103,20260714,35,36
02305,000000005103,20260715,28,0
02305,000000005103,20260716,22,0
02305,000000005103,20260717,17,0
02305,000000005103,20260718,13,0
02305,000000005103,20260719,10,0
02305,000000005103,20260720,9,0
02305,000000005103,20260721,25,24
02305,000000005103,20260722,19,0
02305,000000005103,20260723,13,0
02305,000000005103,20260724,10,0
02305,000000005103,20260725,8,0
02305,000000005103,20260726,8,0
02305,000000005103,20260727,15,12
02305,000000005103,20260728,10,0
02305,000000005103,20260729,39,36
02305,000000005103,20260730,36,0
02305,000000005103,20260731,32,0
02305,000000005201,20260701,19,0
02305,000000005201,20260702,17,0
02305,000000005201,20260703,13,0
02305,000000005201,20260704,9,0
02305,000000005201,20260705,1,24
02305,000000005201,20260706,17,24
02305,000000005201,20260707,-1,0
02305,000000005201,20260708,10,0
02305,000000005201,20260709,28,24
02305,000000005201,20260710,24,0
02305,000000005201,20260711,21,0
02305,000000005201,20260712,17,0
02305,000000005201,20260713,14,0
02305,000000005201,20260714,7,0
02305,000000005201,20260715,6,0
02305,000000005201,20260716,25,24
02305,000000005201,20260717,23,0
02305,000000005201,20260718,15,0
02305,000000005201,20260719,14,0
02305,000000005201,20260720,13,0
02305,000000005201,20260721,42,36
02305,000000005201,20260722,35,0
02305,000000005201,20260723,32,0
02305,000000005201,20260724,27,0
02305,000000005201,20260725,24,0
02305,000000005201,20260726,18,0
02305,000000005201,20260727,13,0
02305,000000005201,20260728,11,0
02305,000000005201,20260729,3,24
02305,000000005201,20260730,21,24
02305,000000005201,20260731,17,0
02305,000000005202,20260701,8,0
02305,000000005202,20260702,1,36
02305,000000005202,20260703,21,24
02305,000000005202,20260704,19,0
02305,000000005202,20260705,18,0
02305,000000005202,20260706,16,0
02305,000000005202,20260707,9,0
02305,000000005202,20260708,4,24
02305,000000005202,20260709,15,12
02305,000000005202,20260710,12,0
02305,000000005202,20260711,17,12
02305,000000005202,20260712,10,0
02305,000000005202,20260713,7,0
02305,000000005202,20260714,17,12
02305,000000005202,20260715,13,0
02305,000000005202,20260716,42,36
02305,000000005202,20260717,40,0
02305,000000005202,20260718,35,0
02305,000000005202,20260719,27,0
02305,000000005202,20260720,25,0
02305,000000005202,20260721,19,0
02305,000000005202,20260722,12,0
02305,000000005202,20260723,7,0
02305,000000005202,20260724,23,24
02305,000000005202,20260725,22,0
02305,000000005202,20260726,17,0
02305,000000005202,20260727,10,0
02305,000000005202,20260728,3,24
02305,000000005202,20260729,0,24
02305,000000005202,20260730,35,36
02305,000000005202,20260731,32,0
02305,000000005301,20260701,9,0
02305,000000005301,20260702,6,0
02305,000000005301,20260703,22,24
02305,000000005301,20260704,20,0
02305,000000005301,20260705,18,0
02305,000000005301,20260706,13,0
02305,000000005301,20260707,12,0
02305,000000005301,20260708,8,0
02305,000000005301,20260709,38,36
02305,000000005301,20260710,33,0
02305,000000005301,20260711,26,0
02305,000000005301,20260712,25,0
02305,000000005301,20260713,19,0
02305,000000005301,20260714,17,0
02305,000000005301,20260715,9,0
02305,000000005301,20260716,6,12
02305,000000005301,20260717,25,24
02305,000000005301,20260718,17,0
02305,000000005301,20260719,16,0
02305,000000005301,20260720,8,0
02305,000000005301,20260721,3,24
02305,000000005301,20260722,0,36
02305,000000005301,20260723,0,12
02305,000000005301,20260724,31,36
02305,000000005301,20260725,24,0
02305,000000005301,20260726,17,0
02305,000000005301,20260727,15,0
02305,000000005301,20260728,7,0
02305,000000005301,20260729,16,12
02305,000000005301,20260730,15,0
02305,000000005301,20260731,7,0
02305,000000005302,20260701,14,0
02305,000000005302,20260702,13,0
02305,000000005302,20260703,41,36
02305,000000005302,20260704,40,0
02305,000000005302,20260705,40,0
02305,000000005302,20260706,33,0
02305,000000005302,20260707,32,0
02305,000000005302,20260708,26,0
02305,000000005302,20260709,22,0
02305,000000005302,20260710,18,0
02305,000000005302,20260711,16,0
02305,000000005302,20260712,9,0
02305,000000005302,20260713,42,36
02305,000000005302,20260714,34,0
02305,000000005302,20260715,29,0
02305,000000005302,20260716,20,0
02305,000000005302,20260717,14,0
02305,000000005302,20260718,9,0
02305,000000005302,20260719,16,12
02305,000000005302,20260720,8,0
02305,000000005302,20260721,7,0
02305,000000005302,20260722,13,12
02305,000000005302,20260723,30,24
02305,000000005302,20260724,25,0
02305,000000005302,20260725,20,0
02305,000000005302,20260726,13,0
02305,000000005302,20260727,12,0
02305,000000005302,20260728,6,24
02305,000000005302,20260729,4,24
02305,000000005302,20260730,33,36
02305,000000005302,20260731,32,0
02305,000004471023,20260701,17,0
02305,000004471023,20260702,16,0
02305,000004471023,20260703,13,0
02305,000004471023,20260704,9,0
02305,000004471023,20260705,7,0
02305,000004471023,20260706,3,36
02305,000004471023,20260707,14,12
02305,000004471023,20260708,9,0
02305,000004471023,20260709,8,0
02305,000004471023,20260710,18,12
02305,000004471023,20260711,12,0
02305,000004471023,20260712,8,0
02305,000004471023,20260713,41,36
02305,000004471023,20260714,38,0
02305,000004471023,20260715,35,0
02305,000004471023,20260716,32,0
02305,000004471023,20260717,28,0
02305,000004471023,20260718,25,0
02305,000004471023,20260719,20,0
02305,000004471023,20260720,16,0
02305,000004471023,20260721,15,0
02305,000004471023,20260722,14,0
02305,000004471023,20260723,13,0
02305,000004471023,20260724,10,0
02305,000004471023,20260725,6,0
02305,000004471023,20260726,37,36
02305,000004471023,20260727,33,0
02305,000004471023,20260728,30,0
02305,000004471023,20260729,25,0
02305,000004471023,20260730,24,0
02305,000004471023,20260731,23,0
02305,000004471030,20260701,11,12
02305,000004471030,20260702,8,0
02305,000004471030,20260703,4,12
02305,000004471030,20260704,11,12
02305,000004471030,20260705,17,12
02305,000004471030,20260706,13,0
02305,000004471030,20260707,8,0
02305,000004471030,20260708,5,24
02305,000004471030,20260709,2,36
02305,000004471030,20260710,1,12
02305,000004471030,20260711,24,24
02305,000004471030,20260712,22,0
02305,000004471030,20260713,17,0
02305,000004471030,20260714,12,0
02305,000004471030,20260715,11,0
02305,000004471030,20260716,7,0
02305,000004471030,20260717,6,0
02305,000004471030,20260718,15,12
02305,000004471030,20260719,11,0
02305,000004471030,20260720,7,0
02305,000004471030,20260721,25,24
02305,000004471030,20260722,23,0
02305,000004471030,20260723,20,0
02305,000004471030,20260724,17,0
02305,000004471030,20260725,11,0
02305,000004471030,20260726,10,0
02305,000004471030,20260727,18,12
02305,000004471030,20260728,17,0
02305,000004471030,20260729,12,0
02305,000004471030,20260730,8,0
02305,000004471030,20260731,6,0
02305,000004471040,20260701,8,0
02305,000004471040,20260702,27,24
02305,000004471040,20260703,25,0
02305,000004471040,20260704,21,0
02305,000004471040,20260705,18,0
02305,000004471040,20260706,15,0
02305,000004471040,20260707,14,0
02305,000004471040,20260708,12,0
02305,000004471040,20260709,7,0
02305,000004471040,20260710,39,36
02305,000004471040,20260711,36,0
02305,000004471040,20260712,31,0
02305,000004471040,20260713,30,0
02305,000004471040,20260714,-2,0
02305,000004471040,20260715,24,0
02305,000004471040,20260716,21,0
02305,000004471040,20260717,16,0
02305,000004471040,20260718,10,0
02305,000004471040,20260719,6,0
02305,000004471040,20260720,28,24
02305,000004471040,20260721,22,0
02305,000004471040,20260722,19,0
02305,000004471040,20260723,17,0
02305,000004471040,20260724,15,0
02305,000004471040,20260725,9,0
02305,000004471040,20260726,7,0
02305,000004471040,20260727,28,24
02305,000004471040,20260728,27,0
02305,000004471040,20260729,23,0
02305,000004471040,20260730,18,0
02305,000004471040,20260731,14,0
02305,000004472001,20260701,13,12
02305,000004472001,20260702,8,0
02305,000004472001,20260703,38,36
02305,000004472001,20260704,37,0
02305,000004472001,20260705,31,0
02305,000004472001,20260706,28,0
02305,000004472001,20260707,23,0
02305,000004472001,20260708,17,0
02305,000004472001,20260709,11,0
02305,000004472001,20260710,8,0
02305,000004472001,20260711,5,24
02305,000004472001,20260712,23,24
02305,000004472001,20260713,20,0
02305,000004472001,20260714,19,0
02305,000004472001,20260715,14,0
02305,000004472001,20260716,12,0
02305,000004472001,20260717,10,0
02305,000004472001,20260718,8,0
02305,000004472001,20260719,5,36
02305,000004472001,20260720,36,36
02305,000004472001,20260721,32,0
02305,000004472001,20260722,31,0
02305,000004472001,20260723,30,0
02305,000004472001,20260724,24,0
02305,000004472001,20260725,23,0
02305,000004472001,20260726,17,0
02305,000004472001,20260727,15,0
02305,000004472001,20260728,13,0
02305,000004472001,20260729,9,0
02305,000004472001,20260730,27,24
02305,000004472001,20260731,25,0
02305,000004472002,20260701,35,0
02305,000004472002,20260702,34,0
02305,000004472002,20260703,33,0
02305,000004472002,20260704,29,0
02305,000004472002,20260705,27,0
02305,000004472002,20260706,27,0
02305,000004472002,20260707,22,0
02305,000004472002,20260708,16,0
02305,000004472002,20260709,16,0
02305,000004472002,20260710,12,0
02305,000004472002,20260711,8,0
02305,000004472002,20260712,6,0
02305,000004472002,20260713,17,12
02305,000004472002,20260714,12,0
02305,000004472002,20260715,8,0
02305,000004472002,20260716,42,36
02305,000004472002,20260717,37,0
02305,000004472002,20260718,33,0
02305,000004472002,20260719,31,0
02305,000004472002,20260720,26,0
02305,000004472002,20260721,23,0
02305,000004472002,20260722,17,0
02305,000004472002,20260723,15,0
02305,000004472002,20260724,12,0
02305,000004472002,20260725,7,0
02305,000004472002,20260726,38,36
02305,000004472002,20260727,36,0
02305,000004472002,20260728,35,0
02305,000004472002,20260729,34,0
02305,000004472002,20260730,28,0
02305,000004472002,20260731,24,0
02305,000004472003,20260701,21,0
02305,000004472003,20260702,16,0
02305,000004472003,20260703,15,0
02305,000004472003,20260704,9,0
02305,000004472003,20260705,29,24
02305,000004472003,20260706,23,0
02305,000004472003,20260707,20,0
02305,000004472003,20260708,19,0
02305,000004472003,20260709,16,0
02305,000004472003,20260710,15,0
02305,000004472003,20260711,11,0
02305,000004472003,20260712,30,24
02305,000004472003,20260713,27,0
02305,000004472003,20260714,23,0
02305,000004472003,20260715,20,0
02305,000004472003,20260716,14,0
02305,000004472003,20260717,12,0
02305,000004472003,20260718,9,0
02305,000004472003,20260719,7,0
02305,000004472003,20260720,15,12
02305,000004472003,20260721,12,0
02305,000004472003,20260722,8,0
02305,000004472003,20260723,18,12
02305,000004472003,20260724,13,0
02305,000004472003,20260725,11,0
02305,000004472003,20260726,8,0
02305,000004472003,20260727,40,36
02305,000004472003,20260728,38,0
02305,000004472003,20260729,37,0
02305,000004472003,20260730,35,0
02305,000004472003,20260731,32,0
02305,000004473001,20260701,11,12
02305,000004473001,20260702,6,0
02305,000004473001,20260703,37,36
02305,000004473001,20260704,32,0
02305,000004473001,20260705,27,0
02305,000004473001,20260706,26,0
02305,000004473001,20260707,23,0
02305,000004473001,20260708,18,0
02305,000004473001,20260709,16,0
02305,000004473001,20260710,13,0
02305,000004473001,20260711,11,0
02305,000004473001,20260712,8,0
02305,000004473001,20260713,3,12
02305,000004473001,20260714,13,12
02305,000004473001,20260715,8,0
02305,000004473001,20260716,4,12
02305,000004473001,20260717,36,36
02305,000004473001,20260718,33,0
02305,000004473001,20260719,30,0
02305,000004473001,20260720,29,0
02305,000004473001,20260721,27,0
02305,000004473001,20260722,25,0
02305,000004473001,20260723,24,0
02305,000004473001,20260724,20,0
02305,000004473001,20260725,17,0
02305,000004473001,20260726,12,0
02305,000004473001,20260727,7,0
02305,000004473001,20260728,4,24
02305,000004473001,20260729,25,24
02305,000004473001,20260730,22,0
02305,000004473001,20260731,20,0
02305,000004473002,20260701,6,0
02305,000004473002,20260702,39,36
02305,000004473002,20260703,35,0
02305,000004473002,20260704,33,0
02305,000004473002,20260705,28,0
02305,000004473002,20260706,27,0
02305,000004473002,20260707,25,0
02305,000004473002,20260708,23,0
02305,000004473002,20260709,21,0
02305,000004473002,20260710,20,0
02305,000004473002,20260711,19,0
02305,000004473002,20260712,16,0
02305,000004473002,20260713,11,0
02305,000004473002,20260714,8,0
02305,000004473002,20260715,7,0
02305,000004473002,20260716,28,24
02305,000004473002,20260717,25,0
02305,000004473002,20260718,20,0
02305,000004473002,20260719,18,0
02305,000004473002,20260720,17,0
02305,000004473002,20260721,16,0
02305,000004473002,20260722,14,0
02305,000004473002,20260723,12,0
02305,000004473002,20260724,8,0
02305,000004473002,20260725,29,24
02305,000004473002,20260726,23,0
02305,000004473002,20260727,19,0
02305,000004473002,20260728,16,0
02305,000004473002,20260729,13,0
02305,000004473002,20260730,12,0
02305,000004473002,20260731,7,0
02305,000004473003,20260701,9,0
02305,000004473003,20260702,16,12
02305,000004473003,20260703,13,0
02305,000004473003,20260704,8,0
02305,000004473003,20260705,8,0
02305,000004473003,20260706,16,12
02305,000004473003,20260707,13,0
02305,000004473003,20260708,12,0
02305,000004473003,20260709,8,0
02305,000004473003,20260710,30,24
02305,000004473003,20260711,25,0
02305,000004473003,20260712,22,0
02305,000004473003,20260713,22,0
02305,000004473003,20260714,19,0
02305,000004473003,20260715,17,0
02305,000004473003,20260716,12,0
02305,000004473003,20260717,7,0
02305,000004473003,20260718,28,24
02305,000004473003,20260719,24,0
02305,000004473003,20260720,19,0
02305,000004473003,20260721,14,0
02305,000004473003,20260722,11,0
02305,000004473003,20260723,6,0
02305,000004473003,20260724,39,36
02305,000004473003,20260725,38,0
02305,000004473003,20260726,36,0
02305,000004473003,20260727,30,0
02305,000004473003,20260728,29,0
02305,000004473003,20260729,24,0
02305,000004473003,20260730,19,0
02305,000004473003,20260731,14,0
02305,000004481001,20260701,40,36
02305,000004481001,20260702,38,0
02305,000004481001,20260703,32,0
02305,000004481001,20260704,31,0
02305,000004481001,20260705,28,0
02305,000004481001,20260706,24,0
02305,000004481001,20260707,23,0
02305,000004481001,20260708,19,0
02305,000004481001,20260709,16,0
02305,000004481001,20260710,15,0
02305,000004481001,20260711,12,0
02305,000004481001,20260712,10,0
02305,000004481001,20260713,41,36
02305,000004481001,20260714,36,0
02305,000004481001,20260715,36,0
02305,000004481001,20260716,34,0
02305,000004481001,20260717,29,0
02305,000004481001,20260718,26,0
02305,000004481001,20260719,24,0
02305,000004481001,20260720,18,0
02305,000004481001,20260721,14,0
02305,000004481001,20260722,8,0
02305,000004481001,20260723,16,12
02305,000004481001,20260724,14,0
02305,000004481001,20260725,10,0
02305,000004481001,20260726,7,0
02305,000004481001,20260727,42,36
02305,000004481001,20260728,38,0
02305,000004481001,20260729,34,0
02305,000004481001,20260730,32,0
02305,000004481001,20260731,28,0
02305,000004481003,20260701,17,0
02305,000004481003,20260702,15,0
02305,000004481003,20260703,12,0
02305,000004481003,20260704,12,0
02305,000004481003,20260705,11,0
02305,000004481003,20260706,8,0
02305,000004481003,20260707,14,12
02305,000004481003,20260708,10,0
02305,000004481003,20260709,17,12
02305,000004481003,20260710,12,0
02305,000004481003,20260711,10,0
02305,000004481003,20260712,7,0
02305,000004481003,20260713,29,24
02305,000004481003,20260714,27,0
02305,000004481003,20260715,22,0
02305,000004481003,20260716,21,0
02305,000004481003,20260717,16,0
02305,000004481003,20260718,15,0
02305,000004481003,20260719,12,0
02305,000004481003,20260720,7,0
02305,000004481003,20260721,14,12
02305,000004481003,20260722,9,0
02305,000004481003,20260723,18,12
02305,000004481003,20260724,12,0
02305,000004481003,20260725,11,0
02305,000004481003,20260726,10,0
02305,000004481003,20260727,5,12
02305,000004481003,20260728,36,36
02305,000004481003,20260729,35,0
02305,000004481003,20260730,31,0
02305,000004481003,20260731,27,0
02305,000004482001,20260701,39,36
02305,000004482001,20260702,35,0
02305,000004482001,20260703,32,0
02305,000004482001,20260704,28,0
02305,000004482001,20260705,27,0
02305,000004482001,20260706,22,0
02305,000004482001,20260707,19,0
02305,000004482001,20260708,19,0
02305,000004482001,20260709,14,0
02305,000004482001,20260710,9,0
02305,000004482001,20260711,4,12
02305,000004482001,20260712,38,36
02305,000004482001,20260713,33,0
02305,000004482001,20260714,28,0
02305,000004482001,20260715,25,0
02305,000004482001,20260716,21,0
02305,000004482001,20260717,18,0
02305,000004482001,20260718,13,0
02305,000004482001,20260719,12,0
02305,000004482001,20260720,8,0
02305,000004482001,20260721,26,24
02305,000004482001,20260722,24,0
02305,000004482001,20260723,20,0
02305,000004482001,20260724,20,0
02305,000004482001,20260725,17,0
02305,000004482001,20260726,16,0
02305,000004482001,20260727,16,0
02305,000004482001,20260728,14,0
02305,000004482001,20260729,13,0
02305,000004482001,20260730,12,0
02305,000004482001,20260731,11,0
02305,000004482002,20260701,22,0
02305,000004482002,20260702,22,0
02305,000004482002,20260703,21,0
02305,000004482002,20260704,17,0
02305,000004482002,20260705,14,0
02305,000004482002,20260706,10,0
02305,000004482002,20260707,7,0
02305,000004482002,20260708,6,0
02305,000004482002,20260709,1,24
02305,000004482002,20260710,37,36
02305,000004482002,20260711,33,0
02305,000004482002,20260712,28,0
02305,000004482002,20260713,23,0
02305,000004482002,20260714,21,0
02305,000004482002,20260715,17,0
02305,000004482002,20260716,12,0
02305,000004482002,20260717,11,0
02305,000004482002,20260718,8,0
02305,000004482002,20260719,15,12
02305,000004482002,20260720,13,0
02305,000004482002,20260721,8,0
02305,000004482002,20260722,8,0
02305,000004482002,20260723,16,12
02305,000004482002,20260724,11,0
02305,000004482002,20260725,29,24
02305,000004482002,20260726,26,0
02305,000004482002,20260727,23,0
02305,000004482002,20260728,20,0
02305,000004482002,20260729,17,0
02305,000004482002,20260730,12,0
02305,000004482002,20260731,11,0
02305,000004482003,20260701,22,0
02305,000004482003,20260702,20,0
02305,000004482003,20260703,14,0
02305,000004482003,20260704,9,0
02305,000004482003,20260705,6,0
02305,000004482003,20260706,37,36
02305,000004482003,20260707,32,0
02305,000004482003,20260708,30,0
02305,000004482003,20260709,25,0
02305,000004482003,20260710,22,0
02305,000004482003,20260711,22,0
02305,000004482003,20260712,16,0
02305,000004482003,20260713,12,0
02305,000004482003,20260714,10,0
02305,000004482003,20260715,8,0
02305,000004482003,20260716,41,36
02305,000004482003,20260717,35,0
02305,000004482003,20260718,30,0
02305,000004482003,20260719,29,0
02305,000004482003,20260720,29,0
02305,000004482003,20260721,24,0
02305,000004482003,20260722,19,0
02305,000004482003,20260723,15,0
02305,000004482003,20260724,10,0
02305,000004482003,20260725,29,24
02305,000004482003,20260726,27,0
02305,000004482003,20260727,22,0
02305,000004482003,20260728,19,0
02305,000004482003,20260729,17,0
02305,000004482003,20260730,13,0
02305,000004482003,20260731,11,0
02305,000004483001,20260701,17,0
02305,000004483001,20260702,13,0
02305,000004483001,20260703,11,0
02305,000004483001,20260704,8,0
02305,000004483001,20260705,6,0
02305,000004483001,20260706,1,24
02305,000004483001,20260707,36,36
02305,000004483001,20260708,34,0
02305,000004483001,20260709,28,0
02305,000004483001,20260710,23,0
02305,000004483001,20260711,-3,0
02305,000004483001,20260712,19,0
02305,000004483001,20260713,17,0
02305,000004483001,20260714,15,0
02305,000004483001,20260715,11,0
02305,000004483001,20260716,6,0
02305,000004483001,20260717,37,36
02305,000004483001,20260718,35,0
02305,000004483001,20260719,30,0
02305,000004483001,20260720,25,0
02305,000004483001,20260721,22,0
02305,000004483001,20260722,18,0
02305,000004483001,20260723,14,0
02305,000004483001,20260724,9,0
02305,000004483001,20260725,41,36
02305,000004483001,20260726,38,0
02305,000004483001,20260727,36,0
02305,000004483001,20260728,33,0
02305,000004483001,20260729,29,0
02305,000004483001,20260730,23,0
02305,000004483001,20260731,18,0
02305,000004483002,20260701,22,0
02305,000004483002,20260702,21,0
02305,000004483002,20260703,15,0
02305,000004483002,20260704,10,0
02305,000004483002,20260705,8,0
02305,000004483002,20260706,7,0
02305,000004483002,20260707,16,12
02305,000004483002,20260708,15,0
02305,000004483002,20260709,12,0
02305,000004483002,20260710,6,0
02305,000004483002,20260711,40,36
02305,000004483002,20260712,36,0
02305,000004483002,20260713,33,0
02305,000004483002,20260714,30,0
02305,000004483002,20260715,25,0
02305,000004483002,20260716,21,0
02305,000004483002,20260717,19,0
02305,000004483002,20260718,18,0
02305,000004483002,20260719,15,0
02305,000004483002,20260720,14,0
02305,000004483002,20260721,13,0
02305,000004483002,20260722,12,0
02305,000004483002,20260723,9,0
02305,000004483002,20260724,8,0
02305,000004483002,20260725,7,0
02305,000004483002,20260726,41,36
02305,000004483002,20260727,36,0
02305,000004483002,20260728,31,0
02305,000004483002,20260729,26,0
02305,000004483002,20260730,23,0
02305,000004483002,20260731,18,0
02305,000004491001,20260701,14,0
02305,000004491001,20260702,12,0
02305,000004491001,20260703,6,0
02305,000004491001,20260704,28,24
02305,000004491001,20260705,26,0
02305,000004491001,20260706,23,0
02305,000004491001,20260707,22,0
02305,000004491001,20260708,19,0
02305,000004491001,20260709,14,0
02305,000004491001,20260710,11,0
02305,000004491001,20260711,8,0
02305,000004491001,20260712,16,12
02305,000004491001,20260713,12,0
02305,000004491001,20260714,8,0
02305,000004491001,20260715,29,24
02305,000004491001,20260716,25,0
02305,000004491001,20260717,23,0
02305,000004491001,20260718,17,0
02305,000004491001,20260719,13,0
02305,000004491001,20260720,8,0
02305,000004491001,20260721,3,12
02305,000004491001,20260722,23,24
02305,000004491001,20260723,18,0
02305,000004491001,20260724,17,0
02305,000004491001,20260725,14,0
02305,000004491001,20260726,11,0
02305,000004491001,20260727,8,0
02305,000004491001,20260728,15,12
02305,000004491001,20260729,13,0
02305,000004491001,20260730,11,0
02305,000004491001,20260731,8,0
02305,000004491002,20260701,23,0
02305,000004491002,20260702,18,0
02305,000004491002,20260703,13,0
02305,000004491002,20260704,8,0
02305,000004491002,20260705,16,12
02305,000004491002,20260706,11,0
02305,000004491002,20260707,6,0
02305,000004491002,20260708,25,24
02305,000004491002,20260709,21,0
02305,000004491002,20260710,20,0
02305,000004491002,20260711,16,0
02305,000004491002,20260712,13,0
02305,000004491002,20260713,11,0
02305,000004491002,20260714,8,0
02305,000004491002,20260715,29,24
02305,000004491002,20260716,28,0
02305,000004491002,20260717,24,0
02305,000004491002,20260718,22,0
02305,000004491002,20260719,18,0
02305,000004491002,20260720,12,0
02305,000004491002,20260721,7,0
02305,000004491002,20260722,16,12
02305,000004491002,20260723,15,0
02305,000004491002,20260724,13,0
02305,000004491002,20260725,7,0
02305,000004491002,20260726,41,36
02305,000004491002,20260727,37,0
02305,000004491002,20260728,34,0
02305,000004491002,20260729,32,0
02305,000004491002,20260730,31,0
02305,000004491002,20260731,27,0
02305,000004491003,20260701,23,0
02305,000004491003,20260702,18,0
02305,000004491003,20260703,16,0
02305,000004491003,20260704,14,0
02305,000004491003,20260705,9,0
02305,000004491003,20260706,6,0
02305,000004491003,20260707,14,12
02305,000004491003,20260708,11,0
02305,000004491003,20260709,10,0
02305,000004491003,20260710,4,12
02305,000004491003,20260711,36,36
02305,000004491003,20260712,31,0
02305,000004491003,20260713,28,0
02305,000004491003,20260714,26,0
02305,000004491003,20260715,20,0
02305,000004491003,20260716,17,0
02305,000004491003,20260717,15,0
02305,000004491003,20260718,12,0
02305,000004491003,20260719,8,0
02305,000004491003,20260720,41,36
02305,000004491003,20260721,38,0
02305,000004491003,20260722,35,0
02305,000004491003,20260723,31,0
02305,000004491003,20260724,26,0
02305,000004491003,20260725,24,0
02305,000004491003,20260726,23,0
02305,000004491003,20260727,20,0
02305,000004491003,20260728,19,0
02305,000004491003,20260729,18,0
02305,000004491003,20260730,15,0
02305,000004491003,20260731,11,0
02305,000004492001,20260701,18,0
02305,000004492001,20260702,13,0
02305,000004492001,20260703,9,0
02305,000004492001,20260704,7,0
02305,000004492001,20260705,41,36
02305,000004492001,20260706,38,0
02305,000004492001,20260707,34,0
02305,000004492001,20260708,29,0
02305,000004492001,20260709,28,0
02305,000004492001,20260710,23,0
02305,000004492001,20260711,20,0
02305,000004492001,20260712,14,0
02305,000004492001,20260713,14,0
02305,000004492001,20260714,10,0
02305,000004492001,20260715,7,0
02305,000004492001,20260716,40,36
02305,000004492001,20260717,38,0
02305,000004492001,20260718,37,0
02305,000004492001,20260719,36,0
02305,000004492001,20260720,34,0
02305,000004492001,20260721,32,0
02305,000004492001,20260722,28,0
02305,000004492001,20260723,24,0
02305,000004492001,20260724,23,0
02305,000004492001,20260725,17,0
02305,000004492001,20260726,15,0
02305,000004492001,20260727,13,0
02305,000004492001,20260728,9,0
02305,000004492001,20260729,5,36
02305,000004492001,20260730,1,24
02305,000004492001,20260731,0,36
02305,000004492002,20260701,34,0
02305,000004492002,20260702,33,0
02305,000004492002,20260703,28,0
02305,000004492002,20260704,24,0
02305,000004492002,20260705,23,0
02305,000004492002,20260706,20,0
02305,000004492002,20260707,17,0
02305,000004492002,20260708,16,0
02305,000004492002,20260709,14,0
02305,000004492002,20260710,10,0
02305,000004492002,20260711,8,0
02305,000004492002,20260712,7,0
02305,000004492002,20260713,4,12
02305,000004492002,20260714,26,24
02305,000004492002,20260715,21,0
02305,000004492002,20260716,18,0
02305,000004492002,20260717,16,0
02305,000004492002,20260718,14,0
02305,000004492002,20260719,10,0
02305,000004492002,20260720,9,0
02305,000004492002,20260721,4,24
02305,000004492002,20260722,35,36
02305,000004492002,20260723,35,0
02305,000004492002,20260724,33,0
02305,000004492002,20260725,27,0
02305,000004492002,20260726,24,0
02305,000004492002,20260727,21,0
02305,000004492002,20260728,15,0
02305,000004492002,20260729,11,0
02305,000004492002,20260730,7,0
02305,000004492002,20260731,26,24
02305,000004492003,20260701,7,0
02305,000004492003,20260702,40,36
02305,000004492003,20260703,36,0
02305,000004492003,20260704,34,0
02305,000004492003,20260705,32,0
02305,000004492003,20260706,30,0
02305,000004492003,20260707,29,0
02305,000004492003,20260708,23,0
02305,000004492003,20260709,22,0
02305,000004492003,20260710,19,0
02305,000004492003,20260711,16,0
02305,000004492003,20260712,11,0
02305,000004492003,20260713,42,36
02305,000004492003,20260714,41,0
02305,000004492003,20260715,40,0
02305,000004492003,20260716,38,0
02305,000004492003,20260717,36,0
02305,000004492003,20260718,32,0
02305,000004492003,20260719,30,0
02305,000004492003,20260720,29,0
02305,000004492003,20260721,24,0
02305,000004492003,20260722,-2,0
02305,000004492003,20260723,18,0
02305,000004492003,20260724,14,0
02305,000004492003,20260725,10,0
02305,000004492003,20260726,17,12
02305,000004492003,20260727,16,0
02305,000004492003,20260728,15,0
02305,000004492003,20260729,9,0
02305,000004492003,20260730,18,12
02305,000004492003,20260731,14,0
02305,000004493001,20260701,23,0
02305,000004493001,20260702,18,0
02305,000004493001,20260703,16,0
02305,000004493001,20260704,14,0
02305,000004493001,20260705,12,0
02305,000004493001,20260706,6,0
02305,000004493001,20260707,5,12
02305,000004493001,20260708,1,24
02305,000004493001,20260709,20,24
02305,000004493001,20260710,14,0
02305,000004493001,20260711,11,0
02305,000004493001,20260712,9,0
02305,000004493001,20260713,8,0
02305,000004493001,20260714,5,12
02305,000004493001,20260715,0,36
02305,000004493001,20260716,19,24
02305,000004493001,20260717,13,0
02305,000004493001,20260718,10,0
02305,000004493001,20260719,6,0
02305,000004493001,20260720,40,36
02305,000004493001,20260721,39,0
02305,000004493001,20260722,36,0
02305,000004493001,20260723,34,0
02305,000004493001,20260724,28,0
02305,000004493001,20260725,25,0
02305,000004493001,20260726,24,0
02305,000004493001,20260727,19,0
02305,000004493001,20260728,14,0
02305,000004493001,20260729,12,0
02305,000004493001,20260730,11,0
02305,000004493001,20260731,8,0
02305,000004493002,20260701,25,0
02305,000004493002,20260702,21,0
02305,000004493002,20260703,18,0
02305,000004493002,20260704,17,0
02305,000004493002,20260705,15,0
02305,000004493002,20260706,10,0
02305,000004493002,20260707,28,24
02305,000004493002,20260708,24,0
02305,000004493002,20260709,21,0
02305,000004493002,20260710,16,0
02305,000004493002,20260711,12,0
02305,000004493002,20260712,8,0
02305,000004493002,20260713,15,12
02305,000004493002,20260714,11,0
02305,000004493002,20260715,11,0
02305,000004493002,20260716,7,0
02305,000004493002,20260717,40,36
02305,000004493002,20260718,34,0
02305,000004493002,20260719,31,0
02305,000004493002,20260720,29,0
02305,000004493002,20260721,27,0
02305,000004493002,20260722,25,0
02305,000004493002,20260723,19,0
02305,000004493002,20260724,16,0
02305,000004493002,20260725,13,0
02305,000004493002,20260726,8,0
02305,000004493002,20260727,42,36
02305,000004493002,20260728,38,0
02305,000004493002,20260729,35,0
02305,000004493002,20260730,31,0
02305,000004493002,20260731,30,0
02305,000000551020,20260701,23,0
02305,000000551020,20260702,20,0
02305,000000551020,20260703,17,0
02305,000000551020,20260704,14,0
02305,000000551020,20260705,12,0
02305,000000551020,20260706,10,0
02305,000000551020,20260707,7,0
02305,000000551020,20260708,25,24
02305,000000551020,20260709,21,0
02305,000000551020,20260710,16,0
02305,000000551020,20260711,10,0
02305,000000551020,20260712,40,36
02305,000000551020,20260713,36,0
02305,000000551020,20260714,34,0
02305,000000551020,20260715,28,0
02305,000000551020,20260716,24,0
02305,000000551020,20260717,20,0
02305,000000551020,20260718,18,0
02305,000000551020,20260719,14,0
02305,000000551020,20260720,11,0
02305,000000551020,20260721,8,0
02305,000000551020,20260722,39,36
02305,000000551020,20260723,38,0
02305,000000551020,20260724,34,0
02305,000000551020,20260725,31,0
02305,000000551020,20260726,27,0
02305,000000551020,20260727,22,0
02305,000000551020,20260728,18,0
02305,000000551020,20260729,15,0
02305,000000551020,20260730,13,0
02305,000000551020,20260731,9,0
02305,000000551021,20260701,15,0
02305,000000551021,20260702,12,0
02305,000000551021,20260703,10,0
02305,000000551021,20260704,28,24
02305,000000551021,20260705,26,0
02305,000000551021,20260706,25,0
02305,000000551021,20260707,23,0
02305,000000551021,20260708,17,0
02305,000000551021,20260709,14,0
02305,000000551021,20260710,8,0
02305,000000551021,20260711,7,0
02305,000000551021,20260712,28,24
02305,000000551021,20260713,27,0
02305,000000551021,20260714,26,0
02305,000000551021,20260715,25,0
02305,000000551021,20260716,23,0
02305,000000551021,20260717,17,0
02305,000000551021,20260718,12,0
02305,000000551021,20260719,18,12
02305,000000551021,20260720,16,0
02305,000000551021,20260721,12,0
02305,000000551021,20260722,9,0
02305,000000551021,20260723,4,36
02305,000000551021,20260724,1,24
02305,000000551021,20260725,24,24
02305,000000551021,20260726,18,0
02305,000000551021,20260727,16,0
02305,000000551021,20260728,14,0
02305,000000551021,20260729,13,0
02305,000000551021,20260730,9,0
02305,000000551021,20260731,30,24
02305,000000552001,20260701,15,0
02305,000000552001,20260702,9,0
02305,000000552001,20260703,39,36
02305,000000552001,20260704,37,0
02305,000000552001,20260705,33,0
02305,000000552001,20260706,32,0
02305,000000552001,20260707,27,0
02305,000000552001,20260708,24,0
02305,000000552001,20260709,23,0
02305,000000552001,20260710,18,0
02305,000000552001,20260711,13,0
02305,000000552001,20260712,13,0
02305,000000552001,20260713,9,0
02305,000000552001,20260714,8,0
02305,000000552001,20260715,6,0
02305,000000552001,20260716,15,12
02305,000000552001,20260717,11,0
02305,000000552001,20260718,7,0
02305,000000552001,20260719,18,12
02305,000000552001,20260720,16,0
02305,000000552001,20260721,12,0
02305,000000552001,20260722,9,0
02305,000000552001,20260723,8,0
02305,000000552001,20260724,39,36
02305,000000552001,20260725,38,0
02305,000000552001,20260726,32,0
02305,000000552001,20260727,31,0
02305,000000552001,20260728,26,0
02305,000000552001,20260729,24,0
02305,000000552001,20260730,18,0
02305,000000552001,20260731,12,0
02305,000000552002,20260701,42,36
02305,000000552002,20260702,39,0
02305,000000552002,20260703,37,0
02305,000000552002,20260704,36,0
02305,000000552002,20260705,33,0
02305,000000552002,20260706,29,0
02305,000000552002,20260707,27,0
02305,000000552002,20260708,24,0
02305,000000552002,20260709,22,0
02305,000000552002,20260710,20,0
02305,000000552002,20260711,14,0
02305,000000552002,20260712,12,0
02305,000000552002,20260713,8,0
02305,000000552002,20260714,7,0
02305,000000552002,20260715,14,12
02305,000000552002,20260716,11,0
02305,000000552002,20260717,9,0
02305,000000552002,20260718,28,24
02305,000000552002,20260719,23,0
02305,000000552002,20260720,18,0
02305,000000552002,20260721,15,0
02305,000000552002,20260722,10,0
02305,000000552002,20260723,8,0
02305,000000552002,20260724,40,36
02305,000000552002,20260725,36,0
02305,000000552002,20260726,33,0
02305,000000552002,20260727,27,0
02305,000000552002,20260728,22,0
02305,000000552002,20260729,20,0
02305,000000552002,20260730,17,0
02305,000000552002,20260731,15,0
02305,000000561001,20260701,14,0
02305,000000561001,20260702,11,0
02305,000000561001,20260703,6,24
02305,000000561001,20260704,37,36
02305,000000561001,20260705,31,0
02305,000000561001,20260706,29,0
02305,000000561001,20260707,26,0
02305,000000561001,20260708,26,0
02305,000000561001,20260709,20,0
02305,000000561001,20260710,17,0
02305,000000561001,20260711,15,0
02305,000000561001,20260712,12,0
02305,000000561001,20260713,9,0
02305,000000561001,20260714,7,0
02305,000000561001,20260715,27,24
02305,000000561001,20260716,25,0
02305,000000561001,20260717,23,0
02305,000000561001,20260718,18,0
02305,000000561001,20260719,13,0
02305,000000561001,20260720,9,0
02305,000000561001,20260721,6,0
02305,000000561001,20260722,14,12
02305,000000561001,20260723,10,0
02305,000000561001,20260724,8,0
02305,000000561001,20260725,41,36
02305,000000561001,20260726,39,0
02305,000000561001,20260727,37,0
02305,000000561001,20260728,36,0
02305,000000561001,20260729,35,0
02305,000000561001,20260730,29,0
02305,000000561001,20260731,24,0
02305,000000561002,20260701,12,12
02305,000000561002,20260702,10,0
02305,000000561002,20260703,8,0
02305,000000561002,20260704,7,0
02305,000000561002,20260705,15,12
02305,000000561002,20260706,13,0
02305,000000561002,20260707,12,0
02305,000000561002,20260708,11,0
02305,000000561002,20260709,9,0
02305,000000561002,20260710,15,12
02305,000000561002,20260711,10,0
02305,000000561002,20260712,41,36
02305,000000561002,20260713,41,0
02305,000000561002,20260714,35,0
02305,000000561002,20260715,34,0
02305,000000561002,20260716,28,0
02305,000000561002,20260717,28,0
02305,000000561002,20260718,25,0
02305,000000561002,20260719,23,0
02305,000000561002,20260720,22,0
02305,000000561002,20260721,21,0
02305,000000561002,20260722,18,0
02305,000000561002,20260723,17,0
02305,000000561002,20260724,12,0
02305,000000561002,20260725,11,0
02305,000000561002,20260726,17,12
02305,000000561002,20260727,14,0
02305,000000561002,20260728,13,0
02305,000000561002,20260729,12,0
02305,000000561002,20260730,8,0
02305,000000561002,20260731,41,36
02305,000000562001,20260701,39,0
02305,000000562001,20260702,38,0
02305,000000562001,20260703,34,0
02305,000000562001,20260704,34,0
02305,000000562001,20260705,28,0
02305,000000562001,20260706,26,0
02305,000000562001,20260707,22,0
02305,000000562001,20260708,21,0
02305,000000562001,20260709,17,0
02305,000000562001,20260710,15,0
02305,000000562001,20260711,13,0
02305,000000562001,20260712,11,0
02305,000000562001,20260713,9,0
02305,000000562001,20260714,6,0
02305,000000562001,20260715,39,36
02305,000000562001,20260716,34,0
02305,000000562001,20260717,32,0
02305,000000562001,20260718,26,0
02305,000000562001,20260719,24,0
02305,000000562001,20260720,19,0
02305,000000562001,20260721,13,0
02305,000000562001,20260722,11,0
02305,000000562001,20260723,7,0
02305,000000562001,20260724,15,12
02305,000000562001,20260725,12,0
02305,000000562001,20260726,8,0
02305,000000562001,20260727,41,36
02305,000000562001,20260728,38,0
02305,000000562001,20260729,35,0
02305,000000562001,20260730,35,0
02305,000000562001,20260731,30,0
02305,000000562002,20260701,31,0
02305,000000562002,20260702,26,0
02305,000000562002,20260703,24,0
02305,000000562002,20260704,19,0
02305,000000562002,20260705,14,0
02305,000000562002,20260706,13,0
02305,000000562002,20260707,11,0
02305,000000562002,20260708,7,0
02305,000000562002,20260709,1,24
02305,000000562002,20260710,0,24
02305,000000562002,20260711,0,12
02305,000000562002,20260712,8,12
02305,000000562002,20260713,29,24
02305,000000562002,20260714,27,0
02305,000000562002,20260715,25,0
02305,000000562002,20260716,20,0
02305,000000562002,20260717,19,0
02305,000000562002,20260718,14,0
02305,000000562002,20260719,11,0
02305,000000562002,20260720,9,0
02305,000000562002,20260721,4,24
02305,000000562002,20260722,11,12
02305,000000562002,20260723,9,0
02305,000000562002,20260724,6,0
02305,000000562002,20260725,1,12
02305,000000562002,20260726,23,24
02305,000000562002,20260727,22,0
02305,000000562002,20260728,21,0
02305,000000562002,20260729,16,0
02305,000000562002,20260730,14,0
02305,000000562002,20260731,9,0
03050,000000093321,20260701,15.916,0
03050,000000093321,20260702,10.438,0
03050,000000093321,20260703,28.688,24
03050,000000093321,20260704,21.350,0
03050,000000093321,20260705,20.168,0
03050,000000093321,20260706,11.835,0
03050,000000093321,20260707,7.798,0
03050,000000093321,20260708,37.789,36
03050,000000093321,20260709,33.110,0
03050,000000093321,20260710,30.202,0
03050,000000093321,20260711,25.415,0
03050,000000093321,20260712,19.635,0
03050,000000093321,20260713,13.635,0
03050,000000093321,20260714,12.733,0
03050,000000093321,20260715,8.269,0
03050,000000093321,20260716,12.495,12
03050,000000093321,20260717,11.737,0
03050,000000093321,20260718,9.680,0
03050,000000093321,20260719,27.198,24
03050,000000093321,20260720,20.495,0
03050,000000093321,20260721,19.643,0
03050,000000093321,20260722,15.870,0
03050,000000093321,20260723,10.667,0
03050,000000093321,20260724,7.997,0
03050,000000093321,20260725,0.009,24
03050,000000093321,20260726,0.000,36
03050,000000093321,20260727,16.814,24
03050,000000093321,20260728,14.239,0
03050,000000093321,20260729,8.626,0
03050,000000093321,20260730,38.430,36
03050,000000093321,20260731,36.463,0
03050,000000093322,20260701,13.471,0
03050,000000093322,20260702,12.003,0
03050,000000093322,20260703,10.028,0
03050,000000093322,20260704,28.630,24
03050,000000093322,20260705,23.743,0
03050,000000093322,20260706,18.592,0
03050,000000093322,20260707,11.681,0
03050,000000093322,20260708,6.743,0
03050,000000093322,20260709,24.761,24
03050,000000093322,20260710,16.401,0
03050,000000093322,20260711,11.592,0
03050,000000093322,20260712,7.380,0
03050,000000093322,20260713,38.546,36
03050,000000093322,20260714,36.056,0
03050,000000093322,20260715,31.844,0
03050,000000093322,20260716,29.732,0
03050,000000093322,20260717,27.421,0
03050,000000093322,20260718,25.911,0
03050,000000093322,20260719,18.530,0
03050,000000093322,20260720,11.207,0
03050,000000093322,20260721,7.678,0
03050,000000093322,20260722,2.262,12
03050,000000093322,20260723,0.000,12
03050,000000093322,20260724,0.000,12
03050,000000093322,20260725,35.112,36
03050,000000093322,20260726,28.413,0
03050,000000093322,20260727,25.419,0
03050,000000093322,20260728,18.760,0
03050,000000093322,20260729,13.409,0
03050,000000093322,20260730,17.645,12
03050,000000093322,20260731,12.303,0
03050,000000093325,20260701,38.847,36
03050,000000093325,20260702,33.841,0
03050,000000093325,20260703,27.429,0
03050,000000093325,20260704,21.319,0
03050,000000093325,20260705,14.631,0
03050,000000093325,20260706,12.358,0
03050,000000093325,20260707,11.012,0
03050,000000093325,20260708,3.571,24
03050,000000093325,20260709,19.322,24
03050,000000093325,20260710,17.777,0
03050,000000093325,20260711,15.579,0
03050,000000093325,20260712,10.735,0
03050,000000093325,20260713,40.932,36
03050,000000093325,20260714,36.693,0
03050,000000093325,20260715,29.844,0
03050,000000093325,20260716,24.472,0
03050,000000093325,20260717,17.164,0
03050,000000093325,20260718,14.803,0
03050,000000093325,20260719,9.829,0
03050,000000093325,20260720,26.784,24
03050,000000093325,20260721,21.875,0
03050,000000093325,20260722,14.098,0
03050,000000093325,20260723,10.924,0
03050,000000093325,20260724,8.091,0
03050,000000093325,20260725,7.301,0
03050,000000093325,20260726,26.949,24
03050,000000093325,20260727,19.041,0
03050,000000093325,20260728,18.095,0
03050,000000093325,20260729,10.891,0
03050,000000093325,20260730,10.017,0
03050,000000093325,20260731,6.504,0
03050,000000093401,20260701,13.959,0
03050,000000093401,20260702,13.038,0
03050,000000093401,20260703,29.054,24
03050,000000093401,20260704,28.127,0
03050,000000093401,20260705,21.887,0
03050,000000093401,20260706,14.289,0
03050,000000093401,20260707,10.946,0
03050,000000093401,20260708,41.446,36
03050,000000093401,20260709,35.316,0
03050,000000093401,20260710,30.199,0
03050,000000093401,20260711,23.804,0
03050,000000093401,20260712,20.572,0
03050,000000093401,20260713,15.634,0
03050,000000093401,20260714,11.817,0
03050,000000093401,20260715,8.730,0
03050,000000093401,20260716,15.067,12
03050,000000093401,20260717,10.877,0
03050,000000093401,20260718,4.432,12
03050,000000093401,20260719,24.443,24
03050,000000093401,20260720,16.638,0
03050,000000093401,20260721,8.293,0
03050,000000093401,20260722,25.525,24
03050,000000093401,20260723,23.638,0
03050,000000093401,20260724,17.681,0
03050,000000093401,20260725,10.054,0
03050,000000093401,20260726,7.815,0
03050,000000093401,20260727,6.859,0
03050,000000093401,20260728,17.075,12
03050,000000093401,20260729,15.369,0
03050,000000093401,20260730,7.198,0
03050,000000093401,20260731,27.766,24
03050,000000093402,20260701,11.352,0
03050,000000093402,20260702,5.062,12
03050,000000093402,20260703,10.016,12
03050,000000093402,20260704,4.938,36
03050,000000093402,20260705,24.763,24
03050,000000093402,20260706,21.231,0
03050,000000093402,20260707,15.333,0
03050,000000093402,20260708,14.339,0
03050,000000093402,20260709,7.854,0
03050,000000093402,20260710,2.471,24
03050,000000093402,20260711,0.000,36
03050,000000093402,20260712,0.000,36
03050,000000093402,20260713,5.169,12
03050,000000093402,20260714,33.601,36
03050,000000093402,20260715,29.180,0
03050,000000093402,20260716,28.222,0
03050,000000093402,20260717,20.843,0
03050,000000093402,20260718,14.079,0
03050,000000093402,20260719,9.230,0
03050,000000093402,20260720,3.619,12
03050,000000093402,20260721,0.000,36
03050,000000093402,20260722,0.000,24
03050,000000093402,20260723,0.000,24
03050,000000093402,20260724,7.876,12
03050,000000093402,20260725,28.682,24
03050,000000093402,20260726,25.095,0
03050,000000093402,20260727,20.817,0
03050,000000093402,20260728,17.546,0
03050,000000093402,20260729,9.459,0
03050,000000093402,20260730,4.086,12
03050,000000093402,20260731,25.468,24
03050,000000093410,20260701,12.488,0
03050,000000093410,20260702,6.623,0
03050,000000093410,20260703,15.932,12
03050,000000093410,20260704,11.585,0
03050,000000093410,20260705,5.002,36
03050,000000093410,20260706,0.000,36
03050,000000093410,20260707,30.961,36
03050,000000093410,20260708,28.938,0
03050,000000093410,20260709,25.053,0
03050,000000093410,20260710,17.584,0
03050,000000093410,20260711,12.861,0
03050,000000093410,20260712,7.750,0
03050,000000093410,20260713,28.136,24
03050,000000093410,20260714,20.000,0
03050,000000093410,20260715,15.578,0
03050,000000093410,20260716,12.388,0
03050,000000093410,20260717,41.262,36
03050,000000093410,20260718,33.375,0
03050,000000093410,20260719,27.915,0
03050,000000093410,20260720,20.658,0
03050,000000093410,20260721,12.640,0
03050,000000093410,20260722,6.731,0
03050,000000093410,20260723,23.388,24
03050,000000093410,20260724,16.374,0
03050,000000093410,20260725,14.544,0
03050,000000093410,20260726,13.807,0
03050,000000093410,20260727,7.840,0
03050,000000093410,20260728,14.157,12
03050,000000093410,20260729,6.569,0
03050,000000093410,20260730,24.003,24
03050,000000093410,20260731,16.292,0
03050,000000093501,20260701,8,0
03050,000000093501,20260702,15,12
03050,000000093501,20260703,10,0
03050,000000093501,20260704,4,24
03050,000000093501,20260705,37,36
03050,000000093501,20260706,35,0
03050,000000093501,20260707,33,0
03050,000000093501,20260708,30,0
03050,000000093501,20260709,25,0
03050,000000093501,20260710,19,0
03050,000000093501,20260711,15,0
03050,000000093501,20260712,14,0
03050,000000093501,20260713,7,0
03050,000000093501,20260714,0,36
03050,000000093501,20260715,9,12
03050,000000093501,20260716,16,12
03050,000000093501,20260717,9,0
03050,000000093501,20260718,4,36
03050,000000093501,20260719,33,36
03050,000000093501,20260720,31,0
03050,000000093501,20260721,30,0
03050,000000093501,20260722,22,0
03050,000000093501,20260723,18,0
03050,000000093501,20260724,11,0
03050,000000093501,20260725,30,24
03050,000000093501,20260726,25,0
03050,000000093501,20260727,21,0
03050,000000093501,20260728,16,0
03050,000000093501,20260729,10,0
03050,000000093501,20260730,9,0
03050,000000093501,20260731,40,36
03050,000000093502,20260701,4,36
03050,000000093502,20260702,37,36
03050,000000093502,20260703,31,0
03050,000000093502,20260704,25,0
03050,000000093502,20260705,22,0
03050,000000093502,20260706,15,0
03050,000000093502,20260707,9,0
03050,000000093502,20260708,17,12
03050,000000093502,20260709,11,0
03050,000000093502,20260710,7,0
03050,000000093502,20260711,1,24
03050,000000093502,20260712,0,36
03050,000000093502,20260713,0,36
03050,000000093502,20260714,8,12
03050,000000093502,20260715,0,24
03050,000000093502,20260716,11,12
03050,000000093502,20260717,10,0
03050,000000093502,20260718,27,24
03050,000000093502,20260719,24,0
03050,000000093502,20260720,18,0
03050,000000093502,20260721,11,0
03050,000000093502,20260722,2,36
03050,000000093502,20260723,21,24
03050,000000093502,20260724,20,0
03050,000000093502,20260725,13,0
03050,000000093502,20260726,7,0
03050,000000093502,20260727,5,24
03050,000000093502,20260728,1,24
03050,000000093502,20260729,0,24
03050,000000093502,20260730,0,12
03050,000000093502,20260731,31,36
03050,000000093503,20260701,21,0
03050,000000093503,20260702,14,0
03050,000000093503,20260703,10,0
03050,000000093503,20260704,8,0
03050,000000093503,20260705,6,0
03050,000000093503,20260706,2,12
03050,000000093503,20260707,0,24
03050,000000093503,20260708,0,24
03050,000000093503,20260709,0,24
03050,000000093503,20260710,30,36
03050,000000093503,20260711,28,0
03050,000000093503,20260712,23,0
03050,000000093503,20260713,21,0
03050,000000093503,20260714,15,0
03050,000000093503,20260715,10,0
03050,000000093503,20260716,15,12
03050,000000093503,20260717,8,0
03050,000000093503,20260718,4,24
03050,000000093503,20260719,35,36
03050,000000093503,20260720,27,0
03050,000000093503,20260721,22,0
03050,000000093503,20260722,17,0
03050,000000093503,20260723,12,0
03050,000000093503,20260724,9,0
03050,000000093503,20260725,24,24
03050,000000093503,20260726,20,0
03050,000000093503,20260727,14,0
03050,000000093503,20260728,9,0
03050,000000093503,20260729,8,0
03050,000000093503,20260730,6,0
03050,000000093503,20260731,2,36
03050,000000094101,20260701,25,0
03050,000000094101,20260702,21,0
03050,000000094101,20260703,19,0
03050,000000094101,20260704,14,0
03050,000000094101,20260705,10,0
03050,000000094101,20260706,3,36
03050,000000094101,20260707,1,24
03050,000000094101,20260708,0,36
03050,000000094101,20260709,0,24
03050,000000094101,20260710,31,36
03050,000000094101,20260711,24,0
03050,000000094101,20260712,17,0
03050,000000094101,20260713,16,0
03050,000000094101,20260714,14,0
03050,000000094101,20260715,6,0
03050,000000094101,20260716,1,36
03050,000000094101,20260717,6,12
03050,000000094101,20260718,3,24
03050,000000094101,20260719,22,24
03050,000000094101,20260720,20,0
03050,000000094101,20260721,16,0
03050,000000094101,20260722,8,0
03050,000000094101,20260723,6,0
03050,000000094101,20260724,0,24
03050,000000094101,20260725,0,24
03050,000000094101,20260726,7,12
03050,000000094101,20260727,41,36
03050,000000094101,20260728,39,0
03050,000000094101,20260729,33,0
03050,000000094101,20260730,30,0
03050,000000094101,20260731,26,0
03050,000000094102,20260701,15,0
03050,000000094102,20260702,7,0
03050,000000094102,20260703,3,36
03050,000000094102,20260704,0,12
03050,000000094102,20260705,0,12
03050,000000094102,20260706,9,12
03050,000000094102,20260707,2,36
03050,000000094102,20260708,0,36
03050,000000094102,20260709,21,24
03050,000000094102,20260710,16,0
03050,000000094102,20260711,14,0
03050,000000094102,20260712,13,0
03050,000000094102,20260713,8,0
03050,000000094102,20260714,27,24
03050,000000094102,20260715,24,0
03050,000000094102,20260716,22,0
03050,000000094102,20260717,21,0
03050,000000094102,20260718,16,0
03050,000000094102,20260719,15,0
03050,000000094102,20260720,9,0
03050,000000094102,20260721,7,0
03050,000000094102,20260722,27,24
03050,000000094102,20260723,19,0
03050,000000094102,20260724,15,0
03050,000000094102,20260725,11,0
03050,000000094102,20260726,6,24
03050,000000094102,20260727,12,12
03050,000000094102,20260728,9,0
03050,000000094102,20260729,1,36
03050,000000094102,20260730,0,36
03050,000000094102,20260731,0,36
03050,000000094103,20260701,10,0
03050,000000094103,20260702,2,24
03050,000000094103,20260703,34,36
03050,000000094103,20260704,32,0
03050,000000094103,20260705,24,0
03050,000000094103,20260706,16,0
03050,000000094103,20260707,11,0
03050,000000094103,20260708,27,24
03050,000000094103,20260709,25,0
03050,000000094103,20260710,17,0
03050,000000094103,20260711,15,0
03050,000000094103,20260712,9,0
03050,000000094103,20260713,6,0
03050,000000094103,20260714,4,36
03050,000000094103,20260715,3,12
03050,000000094103,20260716,0,24
03050,000000094103,20260717,22,24
03050,000000094103,20260718,18,0
03050,000000094103,20260719,17,0
03050,000000094103,20260720,9,0
03050,000000094103,20260721,40,36
03050,000000094103,20260722,36,0
03050,000000094103,20260723,31,0
03050,000000094103,20260724,23,0
03050,000000094103,20260725,20,0
03050,000000094103,20260726,16,0
03050,000000094103,20260727,10,0
03050,000000094103,20260728,7,0
03050,000000094103,20260729,42,36
03050,000000094103,20260730,36,0
03050,000000094103,20260731,29,0
03050,000000094201,20260701,33.499,0
03050,000000094201,20260702,31.989,0
03050,000000094201,20260703,30.964,0
03050,000000094201,20260704,24.237,0
03050,000000094201,20260705,16.964,0
03050,000000094201,20260706,10.057,0
03050,000000094201,20260707,17.590,12
03050,000000094201,20260708,15.679,0
03050,000000094201,20260709,8.481,0
03050,000000094201,20260710,4.428,36
03050,000000094201,20260711,1.792,24
03050,000000094201,20260712,5.542,12
03050,000000094201,20260713,0.000,24
03050,000000094201,20260714,21.229,24
03050,000000094201,20260715,17.475,0
03050,000000094201,20260716,12.268,0
03050,000000094201,20260717,9.835,0
03050,000000094201,20260718,2.814,24
03050,000000094201,20260719,10.421,12
03050,000000094201,20260720,7.789,0
03050,000000094201,20260721,0.401,24
03050,000000094201,20260722,0.000,24
03050,000000094201,20260723,0.000,36
03050,000000094201,20260724,0.000,24
03050,000000094201,20260725,31.542,36
03050,000000094201,20260726,30.496,0
03050,000000094201,20260727,27.817,0
03050,000000094201,20260728,20.730,0
03050,000000094201,20260729,13.423,0
03050,000000094201,20260730,10.222,0
03050,000000094201,20260731,5.613,24
03050,000000094202,20260701,7.736,0
03050,000000094202,20260702,27.753,24
03050,000000094202,20260703,22.465,0
03050,000000094202,20260704,14.733,0
03050,000000094202,20260705,8.444,0
03050,000000094202,20260706,4.887,12
03050,000000094202,20260707,0.576,12
03050,000000094202,20260708,0.000,36
03050,000000094202,20260709,0.000,24
03050,000000094202,20260710,28.714,36
03050,000000094202,20260711,23.012,0
03050,000000094202,20260712,22.079,0
03050,000000094202,20260713,20.621,0
03050,000000094202,20260714,17.253,0
03050,000000094202,20260715,15.961,0
03050,000000094202,20260716,10.504,0
03050,000000094202,20260717,3.549,24
03050,000000094202,20260718,0.000,12
03050,000000094202,20260719,32.407,36
03050,000000094202,20260720,26.014,0
03050,000000094202,20260721,18.176,0
03050,000000094202,20260722,12.036,0
03050,000000094202,20260723,16.371,12
03050,000000094202,20260724,14.495,0
03050,000000094202,20260725,9.549,0
03050,000000094202,20260726,6.483,0
03050,000000094202,20260727,4.783,12
03050,000000094202,20260728,2.500,12
03050,000000094202,20260729,31.011,36
03050,000000094202,20260730,24.121,0
03050,000000094202,20260731,20.100,0
03050,000000094203,20260701,10.023,0
03050,000000094203,20260702,3.619,24
03050,000000094203,20260703,12.537,12
03050,000000094203,20260704,8.346,0
03050,000000094203,20260705,6.075,0
03050,000000094203,20260706,17.276,12
03050,000000094203,20260707,16.354,0
03050,000000094203,20260708,11.334,0
03050,000000094203,20260709,3.670,12
03050,000000094203,20260710,0.000,12
03050,000000094203,20260711,0.000,36
03050,000000094203,20260712,0.000,12
03050,000000094203,20260713,5.677,12
03050,000000094203,20260714,12.600,12
03050,000000094203,20260715,29.162,24
03050,000000094203,20260716,22.973,0
03050,000000094203,20260717,15.394,0
03050,000000094203,20260718,9.947,0
03050,000000094203,20260719,6.689,0
03050,000000094203,20260720,0.000,24
03050,000000094203,20260721,29.543,36
03050,000000094203,20260722,24.906,0
03050,000000094203,20260723,21.504,0
03050,000000094203,20260724,16.869,0
03050,000000094203,20260725,15.676,0
03050,000000094203,20260726,8.596,0
03050,000000094203,20260727,12.303,12
03050,000000094203,20260728,7.281,0
03050,000000094203,20260729,5.835,24
03050,000000094203,20260730,28.740,24
03050,000000094203,20260731,27.950,0
03050,000000094301,20260701,12.659,0
03050,000000094301,20260702,6.038,0
03050,000000094301,20260703,0.000,12
03050,000000094301,20260704,6.011,12
03050,000000094301,20260705,38.475,36
03050,000000094301,20260706,30.574,0
03050,000000094301,20260707,23.216,0
03050,000000094301,20260708,16.741,0
03050,000000094301,20260709,9.422,0
03050,000000094301,20260710,25.430,24
03050,000000094301,20260711,18.566,0
03050,000000094301,20260712,15.437,0
03050,000000094301,20260713,13.875,0
03050,000000094301,20260714,12.907,0
03050,000000094301,20260715,8.057,0
03050,000000094301,20260716,2.203,24
03050,000000094301,20260717,0.000,24
03050,000000094301,20260718,0.000,36
03050,000000094301,20260719,28.713,36
03050,000000094301,20260720,26.113,0
03050,000000094301,20260721,19.458,0
03050,000000094301,20260722,17.002,0
03050,000000094301,20260723,10.575,0
03050,000000094301,20260724,6.408,0
03050,000000094301,20260725,5.231,24
03050,000000094301,20260726,1.571,24
03050,000000094301,20260727,0.000,24
03050,000000094301,20260728,0.000,24
03050,000000094301,20260729,10.406,12
03050,000000094301,20260730,3.473,24
03050,000000094301,20260731,0.000,36
03050,000000094302,20260701,31.815,0
03050,000000094302,20260702,23.970,0
03050,000000094302,20260703,18.991,0
03050,000000094302,20260704,14.752,0
03050,000000094302,20260705,9.740,0
03050,000000094302,20260706,7.105,0
03050,000000094302,20260707,0.000,36
03050,000000094302,20260708,28.051,36
03050,000000094302,20260709,24.657,0
03050,000000094302,20260710,20.359,0
03050,000000094302,20260711,16.404,0
03050,000000094302,20260712,14.648,0
03050,000000094302,20260713,10.219,0
03050,000000094302,20260714,39.048,36
03050,000000094302,20260715,34.603,0
03050,000000094302,20260716,31.758,0
03050,000000094302,20260717,29.751,0
03050,000000094302,20260718,28.800,0
03050,000000094302,20260719,26.507,0
03050,000000094302,20260720,25.314,0
03050,000000094302,20260721,17.588,0
03050,000000094302,20260722,11.049,0
03050,000000094302,20260723,8.468,0
03050,000000094302,20260724,26.554,24
03050,000000094302,20260725,22.052,0
03050,000000094302,20260726,17.942,0
03050,000000094302,20260727,16.507,0
03050,000000094302,20260728,15.567,0
03050,000000094302,20260729,12.191,0
03050,000000094302,20260730,8.977,0
03050,000000094302,20260731,1.347,24
03050,000000020101,20260701,14,12
03050,000000020101,20260702,9,0
03050,000000020101,20260703,8,0
03050,000000020101,20260704,3,12
03050,000000020101,20260705,8,12
03050,000000020101,20260706,17,12
03050,000000020101,20260707,10,0
03050,000000020101,20260708,6,36
03050,000000020101,20260709,4,12
03050,000000020101,20260710,36,36
03050,000000020101,20260711,29,0
03050,000000020101,20260712,25,0
03050,000000020101,20260713,18,0
03050,000000020101,20260714,16,0
03050,000000020101,20260715,14,0
03050,000000020101,20260716,6,0
03050,000000020101,20260717,24,24
03050,000000020101,20260718,23,0
03050,000000020101,20260719,16,0
03050,000000020101,20260720,15,0
03050,000000020101,20260721,8,0
03050,000000020101,20260722,42,36
03050,000000020101,20260723,36,0
03050,000000020101,20260724,33,0
03050,000000020101,20260725,25,0
03050,000000020101,20260726,22,0
03050,000000020101,20260727,19,0
03050,000000020101,20260728,13,0
03050,000000020101,20260729,12,0
03050,000000020101,20260730,9,0
03050,000000020101,20260731,3,36
03050,000000020102,20260701,17,0
03050,000000020102,20260702,11,0
03050,000000020102,20260703,3,36
03050,000000020102,20260704,21,24
03050,000000020102,20260705,19,0
03050,000000020102,20260706,15,0
03050,000000020102,20260707,10,0
03050,000000020102,20260708,3,24
03050,000000020102,20260709,0,36
03050,000000020102,20260710,0,36
03050,000000020102,20260711,0,12
03050,000000020102,20260712,0,24
03050,000000020102,20260713,28,36
03050,000000020102,20260714,22,0
03050,000000020102,20260715,19,0
03050,000000020102,20260716,11,0
03050,000000020102,20260717,6,0
03050,000000020102,20260718,37,36
03050,000000020102,20260719,34,0
03050,000000020102,20260720,28,0
03050,000000020102,20260721,22,0
03050,000000020102,20260722,18,0
03050,000000020102,20260723,15,0
03050,000000020102,20260724,8,0
03050,000000020102,20260725,41,36
03050,000000020102,20260726,39,0
03050,000000020102,20260727,35,0
03050,000000020102,20260728,27,0
03050,000000020102,20260729,23,0
03050,000000020102,20260730,16,0
03050,000000020102,20260731,8,0
03050,000000020103,20260701,26,0
03050,000000020103,20260702,19,0
03050,000000020103,20260703,12,0
03050,000000020103,20260704,6,0
03050,000000020103,20260705,27,24
03050,000000020103,20260706,26,0
03050,000000020103,20260707,24,0
03050,000000020103,20260708,17,0
03050,000000020103,20260709,14,0
03050,000000020103,20260710,13,0
03050,000000020103,20260711,30,24
03050,000000020103,20260712,27,0
03050,000000020103,20260713,19,0
03050,000000020103,20260714,18,0
03050,000000020103,20260715,13,0
03050,000000020103,20260716,9,0
03050,000000020103,20260717,7,0
03050,000000020103,20260718,40,36
03050,000000020103,20260719,34,0
03050,000000020103,20260720,32,0
03050,000000020103,20260721,26,0
03050,000000020103,20260722,21,0
03050,000000020103,20260723,20,0
03050,000000020103,20260724,17,0
03050,000000020103,20260725,15,0
03050,000000020103,20260726,11,0
03050,000000020103,20260727,9,0
03050,000000020103,20260728,7,0
03050,000000020103,20260729,27,24
03050,000000020103,20260730,22,0
03050,000000020103,20260731,21,0
03050,000000020201,20260701,8,0
03050,000000020201,20260702,40,36
03050,000000020201,20260703,39,0
03050,000000020201,20260704,32,0
03050,000000020201,20260705,31,0
03050,000000020201,20260706,30,0
03050,000000020201,20260707,25,0
03050,000000020201,20260708,22,0
03050,000000020201,20260709,19,0
03050,000000020201,20260710,13,0
03050,000000020201,20260711,6,0
03050,000000020201,20260712,0,36
03050,000000020201,20260713,0,12
03050,000000020201,20260714,0,24
03050,000000020201,20260715,30,36
03050,000000020201,20260716,29,0
03050,000000020201,20260717,26,0
03050,000000020201,20260718,23,0
03050,000000020201,20260719,17,0
03050,000000020201,20260720,14,0
03050,000000020201,20260721,11,0
03050,000000020201,20260722,29,24
03050,000000020201,20260723,27,0
03050,000000020201,20260724,25,0
03050,000000020201,20260725,23,0
03050,000000020201,20260726,18,0
03050,000000020201,20260727,17,0
03050,000000020201,20260728,11,0
03050,000000020201,20260729,10,0
03050,000000020201,20260730,8,0
03050,000000020201,20260731,38,36
03050,000000020202,20260701,1,36
03050,000000020202,20260702,29,36
03050,000000020202,20260703,22,0
03050,000000020202,20260704,16,0
03050,000000020202,20260705,10,0
03050,000000020202,20260706,4,24
03050,000000020202,20260707,3,12
03050,000000020202,20260708,0,12
03050,000000020202,20260709,11,12
03050,000000020202,20260710,10,0
03050,000000020202,20260711,15,12
03050,000000020202,20260712,7,0
03050,000000020202,20260713,0,36
03050,000000020202,20260714,0,36
03050,000000020202,20260715,32,36
03050,000000020202,20260716,30,0
03050,000000020202,20260717,24,0
03050,000000020202,20260718,16,0
03050,000000020202,20260719,15,0
03050,000000020202,20260720,10,0
03050,000000020202,20260721,6,12
03050,000000020202,20260722,0,24
03050,000000020202,20260723,30,36
03050,000000020202,20260724,25,0
03050,000000020202,20260725,23,0
03050,000000020202,20260726,19,0
03050,000000020202,20260727,12,0
03050,000000020202,20260728,30,24
03050,000000020202,20260729,25,0
03050,000000020202,20260730,17,0
03050,000000020202,20260731,16,0
03050,000000030101,20260701,42,36
03050,000000030101,20260702,41,0
03050,000000030101,20260703,34,0
03050,000000030101,20260704,30,0
03050,000000030101,20260705,28,0
03050,000000030101,20260706,26,0
03050,000000030101,20260707,25,0
03050,000000030101,20260708,21,0
03050,000000030101,20260709,18,0
03050,000000030101,20260710,11,0
03050,000000030101,20260711,4,24
03050,000000030101,20260712,0,36
03050,000000030101,20260713,0,36
03050,000000030101,20260714,0,24
03050,000000030101,20260715,0,12
03050,000000030101,20260716,16,24
03050,000000030101,20260717,15,0
03050,000000030101,20260718,13,0
03050,000000030101,20260719,9,0
03050,000000030101,20260720,1,12
03050,000000030101,20260721,23,24
03050,000000030101,20260722,22,0
03050,000000030101,20260723,19,0
03050,000000030101,20260724,15,0
03050,000000030101,20260725,7,0
03050,000000030101,20260726,5,12
03050,000000030101,20260727,0,12
03050,000000030101,20260728,5,12
03050,000000030101,20260729,40,36
03050,000000030101,20260730,35,0
03050,000000030101,20260731,33,0
03050,000000030102,20260701,11,12
03050,000000030102,20260702,41,36
03050,000000030102,20260703,38,0
03050,000000030102,20260704,32,0
03050,000000030102,20260705,29,0
03050,000000030102,20260706,24,0
03050,000000030102,20260707,16,0
03050,000000030102,20260708,15,0
03050,000000030102,20260709,9,0
03050,000000030102,20260710,30,24
03050,000000030102,20260711,24,0
03050,000000030102,20260712,22,0
03050,000000030102,20260713,21,0
03050,000000030102,20260714,12,0
03050,000000030102,20260715,18,12
03050,000000030102,20260716,13,0
03050,000000030102,20260717,30,24
03050,000000030102,20260718,27,0
03050,000000030102,20260719,24,0
03050,000000030102,20260720,15,0
03050,000000030102,20260721,9,0
03050,000000030102,20260722,26,24
03050,000000030102,20260723,21,0
03050,000000030102,20260724,17,0
03050,000000030102,20260725,14,0
03050,000000030102,20260726,9,0
03050,000000030102,20260727,15,12
03050,000000030102,20260728,8,0
03050,000000030102,20260729,5,36
03050,000000030102,20260730,14,12
03050,000000030102,20260731,10,0
03050,000000030103,20260701,21,0
03050,000000030103,20260702,17,0
03050,000000030103,20260703,15,0
03050,000000030103,20260704,11,0
03050,000000030103,20260705,8,0
03050,000000030103,20260706,36,36
03050,000000030103,20260707,29,0
03050,000000030103,20260708,21,0
03050,000000030103,20260709,13,0
03050,000000030103,20260710,7,0
03050,000000030103,20260711,41,36
03050,000000030103,20260712,39,0
03050,000000030103,20260713,32,0
03050,000000030103,20260714,28,0
03050,000000030103,20260715,24,0
03050,000000030103,20260716,23,0
03050,000000030103,20260717,19,0
03050,000000030103,20260718,11,0
03050,000000030103,20260719,10,0
03050,000000030103,20260720,17,12
03050,000000030103,20260721,9,0
03050,000000030103,20260722,2,12
03050,000000030103,20260723,20,24
03050,000000030103,20260724,16,0
03050,000000030103,20260725,15,0
03050,000000030103,20260726,9,0
03050,000000030103,20260727,3,24
03050,000000030103,20260728,22,24
03050,000000030103,20260729,16,0
03050,000000030103,20260730,11,0
03050,000000030103,20260731,4,12
03050,000000030201,20260701,0,12
03050,000000030201,20260702,0,24
03050,000000030201,20260703,0,12
03050,000000030201,20260704,29,36
03050,000000030201,20260705,21,0
03050,000000030201,20260706,18,0
03050,000000030201,20260707,12,0
03050,000000030201,20260708,4,36
03050,000000030201,20260709,0,36
03050,000000030201,20260710,0,24
03050,000000030201,20260711,0,36
03050,000000030201,20260712,30,36
03050,000000030201,20260713,24,0
03050,000000030201,20260714,19,0
03050,000000030201,20260715,16,0
03050,000000030201,20260716,9,0
03050,000000030201,20260717,4,24
03050,000000030201,20260718,35,36
03050,000000030201,20260719,33,0
03050,000000030201,20260720,29,0
03050,000000030201,20260721,27,0
03050,000000030201,20260722,19,0
03050,000000030201,20260723,17,0
03050,000000030201,20260724,12,0
03050,000000030201,20260725,4,36
03050,000000030201,20260726,36,36
03050,000000030201,20260727,34,0
03050,000000030201,20260728,30,0
03050,000000030201,20260729,22,0
03050,000000030201,20260730,17,0
03050,000000030201,20260731,15,0
03050,000000030202,20260701,9,0
03050,000000030202,20260702,3,24
03050,000000030202,20260703,2,12
03050,000000030202,20260704,0,36
03050,000000030202,20260705,34,36
03050,000000030202,20260706,30,0
03050,000000030202,20260707,24,0
03050,000000030202,20260708,16,0
03050,000000030202,20260709,14,0
03050,000000030202,20260710,6,0
03050,000000030202,20260711,22,24
03050,000000030202,20260712,18,0
03050,000000030202,20260713,13,0
03050,000000030202,20260714,6,36
03050,000000030202,20260715,29,24
03050,000000030202,20260716,21,0
03050,000000030202,20260717,16,0
03050,000000030202,20260718,13,0
03050,000000030202,20260719,10,0
03050,000000030202,20260720,29,24
03050,000000030202,20260721,26,0
03050,000000030202,20260722,19,0
03050,000000030202,20260723,14,0
03050,000000030202,20260724,10,0
03050,000000030202,20260725,4,36
03050,000000030202,20260726,3,12
03050,000000030202,20260727,23,24
03050,000000030202,20260728,20,0
03050,000000030202,20260729,15,0
03050,000000030202,20260730,13,0
03050,000000030202,20260731,10,0
03050,000000030203,20260701,0,24
03050,000000030203,20260702,34,36
03050,000000030203,20260703,29,0
03050,000000030203,20260704,25,0
03050,000000030203,20260705,23,0
03050,000000030203,20260706,17,0
03050,000000030203,20260707,9,0
03050,000000030203,20260708,25,24
03050,000000030203,20260709,21,0
03050,000000030203,20260710,14,0
03050,000000030203,20260711,8,0
03050,000000030203,20260712,2,36
03050,000000030203,20260713,37,36
03050,000000030203,20260714,33,0
03050,000000030203,20260715,25,0
03050,000000030203,20260716,20,0
03050,000000030203,20260717,14,0
03050,000000030203,20260718,9,0
03050,000000030203,20260719,6,0
03050,000000030203,20260720,30,24
03050,000000030203,20260721,25,0
03050,000000030203,20260722,22,0
03050,000000030203,20260723,17,0
03050,000000030203,20260724,13,0
03050,000000030203,20260725,10,0
03050,000000030203,20260726,5,36
03050,000000030203,20260727,0,36
03050,000000030203,20260728,28,36
03050,000000030203,20260729,23,0
03050,000000030203,20260730,18,0
03050,000000030203,20260731,12,0
03050,000000031101,20260701,12.290,0
03050,000000031101,20260702,10.075,0
03050,000000031101,20260703,40.600,36
03050,000000031101,20260704,34.832,0
03050,000000031101,20260705,32.331,0
03050,000000031101,20260706,28.203,0
03050,000000031101,20260707,24.647,0
03050,000000031101,20260708,17.279,0
03050,000000031101,20260709,10.005,0
03050,000000031101,20260710,7.344,0
03050,000000031101,20260711,5.114,36
03050,000000031101,20260712,4.272,36
03050,000000031101,20260713,33.913,36
03050,000000031101,20260714,30.535,0
03050,000000031101,20260715,25.277,0
03050,000000031101,20260716,21.645,0
03050,000000031101,20260717,16.445,0
03050,000000031101,20260718,13.537,0
03050,000000031101,20260719,11.835,0
03050,000000031101,20260720,8.347,0
03050,000000031101,20260721,36.805,36
03050,000000031101,20260722,35.628,0
03050,000000031101,20260723,29.657,0
03050,000000031101,20260724,22.822,0
03050,000000031101,20260725,15.312,0
03050,000000031101,20260726,12.645,0
03050,000000031101,20260727,8.517,0
03050,000000031101,20260728,6.379,0
03050,000000031101,20260729,0.000,36
03050,000000031101,20260730,0.000,36
03050,000000031101,20260731,31.983,36
03050,000000031102,20260701,22.824,0
03050,000000031102,20260702,19.891,0
03050,000000031102,20260703,13.176,0
03050,000000031102,20260704,11.540,0
03050,000000031102,20260705,17.294,12
03050,000000031102,20260706,15.869,0
03050,000000031102,20260707,10.124,0
03050,000000031102,20260708,7.691,0
03050,000000031102,20260709,3.872,24
03050,000000031102,20260710,0.000,36
03050,000000031102,20260711,6.212,12
03050,000000031102,20260712,28.019,24
03050,000000031102,20260713,24.898,0
03050,000000031102,20260714,22.201,0
03050,000000031102,20260715,18.224,0
03050,000000031102,20260716,15.775,0
03050,000000031102,20260717,8.042,0
03050,000000031102,20260718,6.911,0
03050,000000031102,20260719,23.898,24
03050,000000031102,20260720,17.053,0
03050,000000031102,20260721,9.007,0
03050,000000031102,20260722,5.529,24
03050,000000031102,20260723,27.061,24
03050,000000031102,20260724,23.215,0
03050,000000031102,20260725,15.287,0
03050,000000031102,20260726,7.685,0
03050,000000031102,20260727,4.199,36
03050,000000031102,20260728,0.000,12
03050,000000031102,20260729,16.606,24
03050,000000031102,20260730,12.902,0
03050,000000031102,20260731,9.161,0
03050,000000040101,20260701,12.638,0
03050,000000040101,20260702,7.494,0
03050,000000040101,20260703,16.328,12
03050,000000040101,20260704,9.490,0
03050,000000040101,20260705,3.338,36
03050,000000040101,20260706,21.373,24
03050,000000040101,20260707,14.084,0
03050,000000040101,20260708,9.851,0
03050,000000040101,20260709,6.208,0
03050,000000040101,20260710,2.854,24
03050,000000040101,20260711,19.949,24
03050,000000040101,20260712,16.034,0
03050,000000040101,20260713,15.153,0
03050,000000040101,20260714,14.166,0
03050,000000040101,20260715,9.656,0
03050,000000040101,20260716,3.204,24
03050,000000040101,20260717,19.294,24
03050,000000040101,20260718,12.237,0
03050,000000040101,20260719,11.040,0
03050,000000040101,20260720,8.993,0
03050,000000040101,20260721,2.857,12
03050,000000040101,20260722,21.040,24
03050,000000040101,20260723,15.954,0
03050,000000040101,20260724,11.552,0
03050,000000040101,20260725,5.187,36
03050,000000040101,20260726,13.694,12
03050,000000040101,20260727,10.716,0
03050,000000040101,20260728,40.563,36
03050,000000040101,20260729,39.803,0
03050,000000040101,20260730,34.616,0
03050,000000040101,20260731,27.856,0
03050,000000040102,20260701,11.671,0
03050,000000040102,20260702,6.330,0
03050,000000040102,20260703,3.825,36
03050,000000040102,20260704,33.203,36
03050,000000040102,20260705,28.052,0
03050,000000040102,20260706,25.593,0
03050,000000040102,20260707,22.363,0
03050,000000040102,20260708,19.284,0
03050,000000040102,20260709,12.413,0
03050,000000040102,20260710,9.552,0
03050,000000040102,20260711,4.453,12
03050,000000040102,20260712,10.959,12
03050,000000040102,20260713,7.790,0
03050,000000040102,20260714,4.062,36
03050,000000040102,20260715,1.634,24
03050,000000040102,20260716,20.821,24
03050,000000040102,20260717,12.877,0
03050,000000040102,20260718,41.583,36
03050,000000040102,20260719,34.617,0
03050,000000040102,20260720,29.887,0
03050,000000040102,20260721,22.748,0
03050,000000040102,20260722,15.851,0
03050,000000040102,20260723,14.678,0
03050,000000040102,20260724,8.869,0
03050,000000040102,20260725,15.208,12
03050,000000040102,20260726,12.908,0
03050,000000040102,20260727,28.697,24
03050,000000040102,20260728,22.213,0
03050,000000040102,20260729,14.048,0
03050,000000040102,20260730,6.634,0
03050,000000040102,20260731,1.235,36
03050,000000040201,20260701,9,0
03050,000000040201,20260702,17,12
03050,000000040201,20260703,10,0
03050,000000040201,20260704,8,0
03050,000000040201,20260705,3,36
03050,000000040201,20260706,24,24
03050,000000040201,20260707,21,0
03050,000000040201,20260708,19,0
03050,000000040201,20260709,13,0
03050,000000040201,20260710,7,0
03050,000000040201,20260711,4,36
03050,000000040201,20260712,37,36
03050,000000040201,20260713,36,0
03050,000000040201,20260714,31,0
03050,000000040201,20260715,29,0
03050,000000040201,20260716,25,0
03050,000000040201,20260717,22,0
03050,000000040201,20260718,14,0
03050,000000040201,20260719,12,0
03050,000000040201,20260720,10,0
03050,000000040201,20260721,3,36
03050,000000040201,20260722,0,24
03050,000000040201,20260723,0,24
03050,000000040201,20260724,0,24
03050,000000040201,20260725,28,36
03050,000000040201,20260726,28,0
03050,000000040201,20260727,19,0
03050,000000040201,20260728,18,0
03050,000000040201,20260729,15,0
03050,000000040201,20260730,10,0
03050,000000040201,20260731,7,0
03050,000000040202,20260701,7,0
03050,000000040202,20260702,26,24
03050,000000040202,20260703,25,0
03050,000000040202,20260704,23,0
03050,000000040202,20260705,18,0
03050,000000040202,20260706,12,0
03050,000000040202,20260707,4,12
03050,000000040202,20260708,11,12
03050,000000040202,20260709,16,12
03050,000000040202,20260710,13,0
03050,000000040202,20260711,11,0
03050,000000040202,20260712,39,36
03050,000000040202,20260713,31,0
03050,000000040202,20260714,25,0
03050,000000040202,20260715,19,0
03050,000000040202,20260716,18,0
03050,000000040202,20260717,10,0
03050,000000040202,20260718,26,24
03050,000000040202,20260719,23,0
03050,000000040202,20260720,17,0
03050,000000040202,20260721,16,0
03050,000000040202,20260722,8,0
03050,000000040202,20260723,28,24
03050,000000040202,20260724,26,0
03050,000000040202,20260725,20,0
03050,000000040202,20260726,17,0
03050,000000040202,20260727,9,0
03050,000000040202,20260728,1,12
03050,000000040202,20260729,33,36
03050,000000040202,20260730,28,0
03050,000000040202,20260731,25,0
03050,000000040203,20260701,35,0
03050,000000040203,20260702,28,0
03050,000000040203,20260703,27,0
03050,000000040203,20260704,20,0
03050,000000040203,20260705,16,0
03050,000000040203,20260706,15,0
03050,000000040203,20260707,14,0
03050,000000040203,20260708,10,0
03050,000000040203,20260709,9,0
03050,000000040203,20260710,16,12
03050,000000040203,20260711,15,0
03050,000000040203,20260712,12,0
03050,000000040203,20260713,9,0
03050,000000040203,20260714,1,12
03050,000000040203,20260715,0,36
03050,000000040203,20260716,0,24
03050,000000040203,20260717,0,12
03050,000000040203,20260718,7,12
03050,000000040203,20260719,39,36
03050,000000040203,20260720,31,0
03050,000000040203,20260721,28,0
03050,000000040203,20260722,24,0
03050,000000040203,20260723,16,0
03050,000000040203,20260724,12,0
03050,000000040203,20260725,8,0
03050,000000040203,20260726,38,36
03050,000000040203,20260727,32,0
03050,000000040203,20260728,30,0
03050,000000040203,20260729,23,0
03050,000000040203,20260730,17,0
03050,000000040203,20260731,10,0
03050,000000005012,20260701,11,0
03050,000000005012,20260702,16,12
03050,000000005012,20260703,11,0
03050,000000005012,20260704,29,24
03050,000000005012,20260705,22,0
03050,000000005012,20260706,15,0
03050,000000005012,20260707,13,0
03050,000000005012,20260708,7,0
03050,000000005012,20260709,2,12
03050,000000005012,20260710,37,36
03050,000000005012,20260711,36,0
03050,000000005012,20260712,32,0
03050,000000005012,20260713,31,0
03050,000000005012,20260714,30,0
03050,000000005012,20260715,23,0
03050,000000005012,20260716,16,0
03050,000000005012,20260717,8,0
03050,000000005012,20260718,25,24
03050,000000005012,20260719,23,0
03050,000000005012,20260720,18,0
03050,000000005012,20260721,16,0
03050,000000005012,20260722,15,0
03050,000000005012,20260723,8,0
03050,000000005012,20260724,7,0
03050,000000005012,20260725,35,36
03050,000000005012,20260726,34,0
03050,000000005012,20260727,30,0
03050,000000005012,20260728,26,0
03050,000000005012,20260729,23,0
03050,000000005012,20260730,19,0
03050,000000005012,20260731,14,0
03050,000000005013,20260701,9,0
03050,000000005013,20260702,2,36
03050,000000005013,20260703,0,24
03050,000000005013,20260704,0,36
03050,000000005013,20260705,20,24
03050,000000005013,20260706,15,0
03050,000000005013,20260707,11,0
03050,000000005013,20260708,41,36
03050,000000005013,20260709,39,0
03050,000000005013,20260710,33,0
03050,000000005013,20260711,27,0
03050,000000005013,20260712,23,0
03050,000000005013,20260713,16,0
03050,000000005013,20260714,10,0
03050,000000005013,20260715,6,0
03050,000000005013,20260716,2,12
03050,000000005013,20260717,0,36
03050,000000005013,20260718,0,24
03050,000000005013,20260719,8,12
03050,000000005013,20260720,42,36
03050,000000005013,20260721,36,0
03050,000000005013,20260722,31,0
03050,000000005013,20260723,24,0
03050,000000005013,20260724,22,0
03050,000000005013,20260725,16,0
03050,000000005013,20260726,12,0
03050,000000005013,20260727,3,24
03050,000000005013,20260728,36,36
03050,000000005013,20260729,30,0
03050,000000005013,20260730,28,0
03050,000000005013,20260731,22,0
03050,000000005020,20260701,15,0
03050,000000005020,20260702,14,0
03050,000000005020,20260703,9,0
03050,000000005020,20260704,7,0
03050,000000005020,20260705,29,24
03050,000000005020,20260706,27,0
03050,000000005020,20260707,19,0
03050,000000005020,20260708,15,0
03050,000000005020,20260709,13,0
03050,000000005020,20260710,28,24
03050,000000005020,20260711,24,0
03050,000000005020,20260712,19,0
03050,000000005020,20260713,12,0
03050,000000005020,20260714,16,12
03050,000000005020,20260715,10,0
03050,000000005020,20260716,40,36
03050,000000005020,20260717,32,0
03050,000000005020,20260718,27,0
03050,000000005020,20260719,26,0
03050,000000005020,20260720,21,0
03050,000000005020,20260721,20,0
03050,000000005020,20260722,16,0
03050,000000005020,20260723,9,0
03050,000000005020,20260724,16,12
03050,000000005020,20260725,14,0
03050,000000005020,20260726,11,0
03050,000000005020,20260727,9,0
03050,000000005020,20260728,38,36
03050,000000005020,20260729,30,0
03050,000000005020,20260730,26,0
03050,000000005020,20260731,22,0
03050,000000005101,20260701,40,36
03050,000000005101,20260702,37,0
03050,000000005101,20260703,33,0
03050,000000005101,20260704,31,0
03050,000000005101,20260705,29,0
03050,000000005101,20260706,23,0
03050,000000005101,20260707,19,0
03050,000000005101,20260708,16,0
03050,000000005101,20260709,14,0
03050,000000005101,20260710,12,0
03050,000000005101,20260711,4,24
03050,000000005101,20260712,37,36
03050,000000005101,20260713,37,0
03050,000000005101,20260714,29,0
03050,000000005101,20260715,23,0
03050,000000005101,20260716,21,0
03050,000000005101,20260717,19,0
03050,000000005101,20260718,12,0
03050,000000005101,20260719,10,0
03050,000000005101,20260720,5,12
03050,000000005101,20260721,38,36
03050,000000005101,20260722,36,0
03050,000000005101,20260723,30,0
03050,000000005101,20260724,22,0
03050,000000005101,20260725,18,0
03050,000000005101,20260726,10,0
03050,000000005101,20260727,30,24
03050,000000005101,20260728,26,0
03050,000000005101,20260729,18,0
03050,000000005101,20260730,15,0
03050,000000005101,20260731,14,0
03050,000000005102,20260701,36,0
03050,000000005102,20260702,35,0
03050,000000005102,20260703,29,0
03050,000000005102,20260704,21,0
03050,000000005102,20260705,19,0
03050,000000005102,20260706,13,0
03050,000000005102,20260707,9,0
03050,000000005102,20260708,28,24
03050,000000005102,20260709,22,0
03050,000000005102,20260710,17,0
03050,000000005102,20260711,9,0
03050,000000005102,20260712,26,24
03050,000000005102,20260713,21,0
03050,000000005102,20260714,17,0
03050,000000005102,20260715,12,0
03050,000000005102,20260716,6,0
03050,000000005102,20260717,12,12
03050,000000005102,20260718,4,24
03050,000000005102,20260719,0,24
03050,000000005102,20260720,8,12
03050,000000005102,20260721,15,12
03050,000000005102,20260722,13,0
03050,000000005102,20260723,8,0
03050,000000005102,20260724,5,24
03050,000000005102,20260725,1,24
03050,000000005102,20260726,0,12
03050,000000005102,20260727,0,24
03050,000000005102,20260728,6,12
03050,000000005102,20260729,29,24
03050,000000005102,20260730,25,0
03050,000000005102,20260731,17,0
03050,000000005103,20260701,22,0
03050,000000005103,20260702,17,0
03050,000000005103,20260703,12,0
03050,000000005103,20260704,6,0
03050,000000005103,20260705,5,12
03050,000000005103,20260706,0,36
03050,000000005103,20260707,24,24
03050,000000005103,20260708,22,0
03050,000000005103,20260709,19,0
03050,000000005103,20260710,14,0
03050,000000005103,20260711,12,0
03050,000000005103,20260712,8,0
03050,000000005103,20260713,5,12
03050,000000005103,20260714,12,12
03050,000000005103,20260715,7,0
03050,000000005103,20260716,2,12
03050,000000005103,20260717,0,24
03050,000000005103,20260718,0,36
03050,000000005103,20260719,16,24
03050,000000005103,20260720,10,0
03050,000000005103,20260721,17,12
03050,000000005103,20260722,9,0
03050,000000005103,20260723,7,0
03050,000000005103,20260724,27,24
03050,000000005103,20260725,20,0
03050,000000005103,20260726,17,0
03050,000000005103,20260727,12,0
03050,000000005103,20260728,29,24
03050,000000005103,20260729,23,0
03050,000000005103,20260730,17,0
03050,000000005103,20260731,16,0
03050,000000005201,20260701,10,0
03050,000000005201,20260702,28,24
03050,000000005201,20260703,26,0
03050,000000005201,20260704,20,0
03050,000000005201,20260705,13,0
03050,000000005201,20260706,8,0
03050,000000005201,20260707,15,12
03050,000000005201,20260708,7,0
03050,000000005201,20260709,0,36
03050,000000005201,20260710,19,24
03050,000000005201,20260711,12,0
03050,000000005201,20260712,30,24
03050,000000005201,20260713,24,0
03050,000000005201,20260714,21,0
03050,000000005201,20260715,17,0
03050,000000005201,20260716,15,0
03050,000000005201,20260717,12,0
03050,000000005201,20260718,7,0
03050,000000005201,20260719,2,24
03050,000000005201,20260720,0,12
03050,000000005201,20260721,31,36
03050,000000005201,20260722,27,0
03050,000000005201,20260723,19,0
03050,000000005201,20260724,13,0
03050,000000005201,20260725,9,0
03050,000000005201,20260726,4,12
03050,000000005201,20260727,1,24
03050,000000005201,20260728,0,12
03050,000000005201,20260729,0,36
03050,000000005201,20260730,0,36
03050,000000005201,20260731,17,24
03050,000000005202,20260701,22,24
03050,000000005202,20260702,19,0
03050,000000005202,20260703,17,0
03050,000000005202,20260704,15,0
03050,000000005202,20260705,8,0
03050,000000005202,20260706,6,24
03050,000000005202,20260707,4,24
03050,000000005202,20260708,22,24
03050,000000005202,20260709,19,0
03050,000000005202,20260710,11,0
03050,000000005202,20260711,7,0
03050,000000005202,20260712,2,24
03050,000000005202,20260713,7,12
03050,000000005202,20260714,5,24
03050,000000005202,20260715,9,12
03050,000000005202,20260716,8,0
03050,000000005202,20260717,12,12
03050,000000005202,20260718,9,0
03050,000000005202,20260719,6,0
03050,000000005202,20260720,4,12
03050,000000005202,20260721,34,36
03050,000000005202,20260722,26,0
03050,000000005202,20260723,23,0
03050,000000005202,20260724,20,0
03050,000000005202,20260725,19,0
03050,000000005202,20260726,16,0
03050,000000005202,20260727,11,0
03050,000000005202,20260728,16,12
03050,000000005202,20260729,12,0
03050,000000005202,20260730,6,0
03050,000000005202,20260731,23,24
03050,000000005301,20260701,14,0
03050,000000005301,20260702,6,0
03050,000000005301,20260703,1,12
03050,000000005301,20260704,0,36
03050,000000005301,20260705,30,36
03050,000000005301,20260706,29,0
03050,000000005301,20260707,27,0
03050,000000005301,20260708,21,0
03050,000000005301,20260709,16,0
03050,000000005301,20260710,14,0
03050,000000005301,20260711,8,0
03050,000000005301,20260712,12,12
03050,000000005301,20260713,40,36
03050,000000005301,20260714,35,0
03050,000000005301,20260715,32,0
03050,000000005301,20260716,28,0
03050,000000005301,20260717,20,0
03050,000000005301,20260718,18,0
03050,000000005301,20260719,14,0
03050,000000005301,20260720,9,0
03050,000000005301,20260721,17,12
03050,000000005301,20260722,15,0
03050,000000005301,20260723,9,0
03050,000000005301,20260724,39,36
03050,000000005301,20260725,35,0
03050,000000005301,20260726,28,0
03050,000000005301,20260727,24,0
03050,000000005301,20260728,17,0
03050,000000005301,20260729,12,0
03050,000000005301,20260730,7,0
03050,000000005301,20260731,0,12
03050,000000005302,20260701,13,0
03050,000000005302,20260702,8,0
03050,000000005302,20260703,7,0
03050,000000005302,20260704,2,36
03050,000000005302,20260705,0,24
03050,000000005302,20260706,29,36
03050,000000005302,20260707,27,0
03050,000000005302,20260708,20,0
03050,000000005302,20260709,14,0
03050,000000005302,20260710,8,0
03050,000000005302,20260711,0,12
03050,000000005302,20260712,9,12
03050,000000005302,20260713,14,12
03050,000000005302,20260714,9,0
03050,000000005302,20260715,25,24
03050,000000005302,20260716,22,0
03050,000000005302,20260717,20,0
03050,000000005302,20260718,17,0
03050,000000005302,20260719,9,0
03050,000000005302,20260720,6,0
03050,000000005302,20260721,34,36
03050,000000005302,20260722,27,0
03050,000000005302,20260723,20,0
03050,000000005302,20260724,14,0
03050,000000005302,20260725,6,0
03050,000000005302,20260726,4,36
03050,000000005302,20260727,2,24
03050,000000005302,20260728,12,12
03050,000000005302,20260729,8,0
03050,000000005302,20260730,3,36
03050,000000005302,20260731,31,36
03050,000004471023,20260701,20,0
03050,000004471023,20260702,19,0
03050,000004471023,20260703,17,0
03050,000004471023,20260704,13,0
03050,000004471023,20260705,11,0
03050,000004471023,20260706,9,0
03050,000004471023,20260707,41,36
03050,000004471023,20260708,39,0
03050,000004471023,20260709,38,0
03050,000004471023,20260710,36,0
03050,000004471023,20260711,34,0
03050,000004471023,20260712,29,0
03050,000004471023,20260713,28,0
03050,000004471023,20260714,25,0
03050,000004471023,20260715,19,0
03050,000004471023,20260716,14,0
03050,000004471023,20260717,12,0
03050,000004471023,20260718,6,0
03050,000004471023,20260719,4,24
03050,000004471023,20260720,14,12
03050,000004471023,20260721,13,0
03050,000004471023,20260722,12,0
03050,000004471023,20260723,10,0
03050,000004471023,20260724,7,0
03050,000004471023,20260725,39,36
03050,000004471023,20260726,35,0
03050,000004471023,20260727,34,0
03050,000004471023,20260728,29,0
03050,000004471023,20260729,27,0
03050,000004471023,20260730,26,0
03050,000004471023,20260731,23,0
03050,000004471030,20260701,23,0
03050,000004471030,20260702,18,0
03050,000004471030,20260703,15,0
03050,000004471030,20260704,13,0
03050,000004471030,20260705,7,0
03050,000004471030,20260706,39,36
03050,000004471030,20260707,35,0
03050,000004471030,20260708,34,0
03050,000004471030,20260709,34,0
03050,000004471030,20260710,30,0
03050,000004471030,20260711,27,0
03050,000004471030,20260712,21,0
03050,000004471030,20260713,17,0
03050,000004471030,20260714,15,0
03050,000004471030,20260715,12,0
03050,000004471030,20260716,7,0
03050,000004471030,20260717,2,12
03050,000004471030,20260718,0,12
03050,000004471030,20260719,33,36
03050,000004471030,20260720,29,0
03050,000004471030,20260721,28,0
03050,000004471030,20260722,23,0
03050,000004471030,20260723,21,0
03050,000004471030,20260724,19,0
03050,000004471030,20260725,15,0
03050,000004471030,20260726,12,0
03050,000004471030,20260727,10,0
03050,000004471030,20260728,41,36
03050,000004471030,20260729,36,0
03050,000004471030,20260730,33,0
03050,000004471030,20260731,30,0
03050,000004471040,20260701,16,0
03050,000004471040,20260702,16,0
03050,000004471040,20260703,13,0
03050,000004471040,20260704,13,0
03050,000004471040,20260705,10,0
03050,000004471040,20260706,9,0
03050,000004471040,20260707,17,12
03050,000004471040,20260708,15,0
03050,000004471040,20260709,9,0
03050,000004471040,20260710,5,36
03050,000004471040,20260711,27,24
03050,000004471040,20260712,22,0
03050,000004471040,20260713,17,0
03050,000004471040,20260714,14,0
03050,000004471040,20260715,13,0
03050,000004471040,20260716,10,0
03050,000004471040,20260717,18,12
03050,000004471040,20260718,13,0
03050,000004471040,20260719,10,0
03050,000004471040,20260720,7,0
03050,000004471040,20260721,4,24
03050,000004471040,20260722,37,36
03050,000004471040,20260723,35,0
03050,000004471040,20260724,31,0
03050,000004471040,20260725,29,0
03050,000004471040,20260726,27,0
03050,000004471040,20260727,22,0
03050,000004471040,20260728,17,0
03050,000004471040,20260729,12,0
03050,000004471040,20260730,11,0
03050,000004471040,20260731,10,0
03050,000004472001,20260701,10,0
03050,000004472001,20260702,9,0
03050,000004472001,20260703,29,24
03050,000004472001,20260704,24,0
03050,000004472001,20260705,22,0
03050,000004472001,20260706,17,0
03050,000004472001,20260707,12,0
03050,000004472001,20260708,11,0
03050,000004472001,20260709,9,0
03050,000004472001,20260710,7,0
03050,000004472001,20260711,14,12
03050,000004472001,20260712,12,0
03050,000004472001,20260713,10,0
03050,000004472001,20260714,28,24
03050,000004472001,20260715,23,0
03050,000004472001,20260716,18,0
03050,000004472001,20260717,15,0
03050,000004472001,20260718,14,0
03050,000004472001,20260719,-1,0
03050,000004472001,20260720,41,36
03050,000004472001,20260721,39,0
03050,000004472001,20260722,33,0
03050,000004472001,20260723,30,0
03050,000004472001,20260724,29,0
03050,000004472001,20260725,28,0
03050,000004472001,20260726,25,0
03050,000004472001,20260727,23,0
03050,000004472001,20260728,21,0
03050,000004472001,20260729,20,0
03050,000004472001,20260730,14,0
03050,000004472001,20260731,10,0
03050,000004472002,20260701,11,0
03050,000004472002,20260702,10,0
03050,000004472002,20260703,7,0
03050,000004472002,20260704,3,12
03050,000004472002,20260705,10,12
03050,000004472002,20260706,9,0
03050,000004472002,20260707,8,0
03050,000004472002,20260708,17,12
03050,000004472002,20260709,12,0
03050,000004472002,20260710,8,0
03050,000004472002,20260711,39,36
03050,000004472002,20260712,34,0
03050,000004472002,20260713,29,0
03050,000004472002,20260714,28,0
03050,000004472002,20260715,23,0
03050,000004472002,20260716,17,0
03050,000004472002,20260717,13,0
03050,000004472002,20260718,10,0
03050,000004472002,20260719,18,12
03050,000004472002,20260720,14,0
03050,000004472002,20260721,9,0
03050,000004472002,20260722,8,0
03050,000004472002,20260723,7,0
03050,000004472002,20260724,27,24
03050,000004472002,20260725,26,0
03050,000004472002,20260726,23,0
03050,000004472002,20260727,21,0
03050,000004472002,20260728,17,0
03050,000004472002,20260729,15,0
03050,000004472002,20260730,9,0
03050,000004472002,20260731,8,0
03050,000004472003,20260701,14,0
03050,000004472003,20260702,12,0
03050,000004472003,20260703,10,0
03050,000004472003,20260704,10,0
03050,000004472003,20260705,8,0
03050,000004472003,20260706,17,12
03050,000004472003,20260707,15,0
03050,000004472003,20260708,10,0
03050,000004472003,20260709,17,12
03050,000004472003,20260710,13,0
03050,000004472003,20260711,10,0
03050,000004472003,20260712,17,12
03050,000004472003,20260713,16,0
03050,000004472003,20260714,14,0
03050,000004472003,20260715,10,0
03050,000004472003,20260716,17,12
03050,000004472003,20260717,11,0
03050,000004472003,20260718,9,0
03050,000004472003,20260719,30,24
03050,000004472003,20260720,26,0
03050,000004472003,20260721,21,0
03050,000004472003,20260722,19,0
03050,000004472003,20260723,17,0
03050,000004472003,20260724,15,0
03050,000004472003,20260725,10,0
03050,000004472003,20260726,9,0
03050,000004472003,20260727,6,24
03050,000004472003,20260728,16,12
03050,000004472003,20260729,15,0
03050,000004472003,20260730,12,0
03050,000004472003,20260731,8,0
03050,000004473001,20260701,12,0
03050,000004473001,20260702,11,0
03050,000004473001,20260703,6,36
03050,000004473001,20260704,12,12
03050,000004473001,20260705,11,0
03050,000004473001,20260706,9,0
03050,000004473001,20260707,28,24
03050,000004473001,20260708,24,0
03050,000004473001,20260709,22,0
03050,000004473001,20260710,17,0
03050,000004473001,20260711,14,0
03050,000004473001,20260712,13,0
03050,000004473001,20260713,11,0
03050,000004473001,20260714,30,24
03050,000004473001,20260715,28,0
03050,000004473001,20260716,26,0
03050,000004473001,20260717,22,0
03050,000004473001,20260718,16,0
03050,000004473001,20260719,15,0
03050,000004473001,20260720,12,0
03050,000004473001,20260721,8,0
03050,000004473001,20260722,15,12
03050,000004473001,20260723,11,0
03050,000004473001,20260724,6,0
03050,000004473001,20260725,5,24
03050,000004473001,20260726,24,24
03050,000004473001,20260727,18,0
03050,000004473001,20260728,14,0
03050,000004473001,20260729,13,0
03050,000004473001,20260730,7,0
03050,000004473001,20260731,14,12
03050,000004473002,20260701,37,0
03050,000004473002,20260702,33,0
03050,000004473002,20260703,31,0
03050,000004473002,20260704,30,0
03050,000004473002,20260705,25,0
03050,000004473002,20260706,23,0
03050,000004473002,20260707,18,0
03050,000004473002,20260708,12,0
03050,000004473002,20260709,6,0
03050,000004473002,20260710,24,24
03050,000004473002,20260711,24,0
03050,000004473002,20260712,20,0
03050,000004473002,20260713,14,0
03050,000004473002,20260714,9,0
03050,000004473002,20260715,8,0
03050,000004473002,20260716,17,12
03050,000004473002,20260717,12,0
03050,000004473002,20260718,8,0
03050,000004473002,20260719,6,0
03050,000004473002,20260720,13,12
03050,000004473002,20260721,11,0
03050,000004473002,20260722,6,0
03050,000004473002,20260723,29,24
03050,000004473002,20260724,28,0
03050,000004473002,20260725,25,0
03050,000004473002,20260726,21,0
03050,000004473002,20260727,16,0
03050,000004473002,20260728,14,0
03050,000004473002,20260729,9,0
03050,000004473002,20260730,27,24
03050,000004473002,20260731,25,0
03050,000004473003,20260701,15,0
03050,000004473003,20260702,12,0
03050,000004473003,20260703,11,0
03050,000004473003,20260704,18,12
03050,000004473003,20260705,15,0
03050,000004473003,20260706,10,0
03050,000004473003,20260707,7,0
03050,000004473003,20260708,28,24
03050,000004473003,20260709,23,0
03050,000004473003,20260710,20,0
03050,000004473003,20260711,19,0
03050,000004473003,20260712,14,0
03050,000004473003,20260713,9,0
03050,000004473003,20260714,29,24
03050,000004473003,20260715,28,0
03050,000004473003,20260716,27,0
03050,000004473003,20260717,21,0
03050,000004473003,20260718,17,0
03050,000004473003,20260719,14,0
03050,000004473003,20260720,12,0
03050,000004473003,20260721,8,0
03050,000004473003,20260722,17,12
03050,000004473003,20260723,13,0
03050,000004473003,20260724,8,0
03050,000004473003,20260725,29,24
03050,000004473003,20260726,24,0
03050,000004473003,20260727,19,0
03050,000004473003,20260728,14,0
03050,000004473003,20260729,12,0
03050,000004473003,20260730,11,0
03050,000004473003,20260731,6,0
03050,000004481001,20260701,13,0
03050,000004481001,20260702,12,0
03050,000004481001,20260703,10,0
03050,000004481001,20260704,5,24
03050,000004481001,20260705,28,24
03050,000004481001,20260706,23,0
03050,000004481001,20260707,17,0
03050,000004481001,20260708,15,0
03050,000004481001,20260709,13,0
03050,000004481001,20260710,12,0
03050,000004481001,20260711,30,24
03050,000004481001,20260712,25,0
03050,000004481001,20260713,24,0
03050,000004481001,20260714,21,0
03050,000004481001,20260715,19,0
03050,000004481001,20260716,16,0
03050,000004481001,20260717,12,0
03050,000004481001,20260718,10,0
03050,000004481001,20260719,7,0
03050,000004481001,20260720,30,24
03050,000004481001,20260721,25,0
03050,000004481001,20260722,23,0
03050,000004481001,20260723,19,0
03050,000004481001,20260724,15,0
03050,000004481001,20260725,14,0
03050,000004481001,20260726,12,0
03050,000004481001,20260727,6,0
03050,000004481001,20260728,15,12
03050,000004481001,20260729,14,0
03050,000004481001,20260730,12,0
03050,000004481001,20260731,8,0
03050,000004481003,20260701,20,0
03050,000004481003,20260702,19,0
03050,000004481003,20260703,17,0
03050,000004481003,20260704,17,0
03050,000004481003,20260705,13,0
03050,000004481003,20260706,11,0
03050,000004481003,20260707,7,0
03050,000004481003,20260708,6,0
03050,000004481003,20260709,18,12
03050,000004481003,20260710,17,0
03050,000004481003,20260711,12,0
03050,000004481003,20260712,10,0
03050,000004481003,20260713,6,0
03050,000004481003,20260714,28,24
03050,000004481003,20260715,27,0
03050,000004481003,20260716,26,0
03050,000004481003,20260717,22,0
03050,000004481003,20260718,17,0
03050,000004481003,20260719,12,0
03050,000004481003,20260720,8,0
03050,000004481003,20260721,15,12
03050,000004481003,20260722,12,0
03050,000004481003,20260723,10,0
03050,000004481003,20260724,6,0
03050,000004481003,20260725,39,36
03050,000004481003,20260726,36,0
03050,000004481003,20260727,34,0
03050,000004481003,20260728,31,0
03050,000004481003,20260729,27,0
03050,000004481003,20260730,24,0
03050,000004481003,20260731,23,0
03050,000004482001,20260701,12,0
03050,000004482001,20260702,11,0
03050,000004482001,20260703,7,0
03050,000004482001,20260704,17,12
03050,000004482001,20260705,12,0
03050,000004482001,20260706,9,0
03050,000004482001,20260707,8,0
03050,000004482001,20260708,15,12
03050,000004482001,20260709,12,0
03050,000004482001,20260710,8,0
03050,000004482001,20260711,6,0
03050,000004482001,20260712,12,12
03050,000004482001,20260713,7,0
03050,000004482001,20260714,27,24
03050,000004482001,20260715,25,0
03050,000004482001,20260716,24,0
03050,000004482001,20260717,22,0
03050,000004482001,20260718,19,0
03050,000004482001,20260719,18,0
03050,000004482001,20260720,13,0
03050,000004482001,20260721,8,0
03050,000004482001,20260722,7,0
03050,000004482001,20260723,14,12
03050,000004482001,20260724,10,0
03050,000004482001,20260725,8,0
03050,000004482001,20260726,15,12
03050,000004482001,20260727,10,0
03050,000004482001,20260728,17,12
03050,000004482001,20260729,14,0
03050,000004482001,20260730,12,0
03050,000004482001,20260731,11,0
03050,000004482002,20260701,13,0
03050,000004482002,20260702,9,0
03050,000004482002,20260703,40,36
03050,000004482002,20260704,38,0
03050,000004482002,20260705,34,0
03050,000004482002,20260706,33,0
03050,000004482002,20260707,27,0
03050,000004482002,20260708,24,0
03050,000004482002,20260709,23,0
03050,000004482002,20260710,19,0
03050,000004482002,20260711,14,0
03050,000004482002,20260712,9,0
03050,000004482002,20260713,6,24
03050,000004482002,20260714,17,12
03050,000004482002,20260715,12,0
03050,000004482002,20260716,10,0
03050,000004482002,20260717,9,0
03050,000004482002,20260718,18,12
03050,000004482002,20260719,16,0
03050,000004482002,20260720,12,0
03050,000004482002,20260721,9,0
03050,000004482002,20260722,9,0
03050,000004482002,20260723,7,0
03050,000004482002,20260724,5,24
03050,000004482002,20260725,24,24
03050,000004482002,20260726,22,0
03050,000004482002,20260727,19,0
03050,000004482002,20260728,16,0
03050,000004482002,20260729,11,0
03050,000004482002,20260730,41,36
03050,000004482002,20260731,41,0
03050,000004482003,20260701,7,0
03050,000004482003,20260702,27,24
03050,000004482003,20260703,21,0
03050,000004482003,20260704,17,0
03050,000004482003,20260705,16,0
03050,000004482003,20260706,10,0
03050,000004482003,20260707,16,12
03050,000004482003,20260708,14,0
03050,000004482003,20260709,9,0
03050,000004482003,20260710,18,12
03050,000004482003,20260711,13,0
03050,000004482003,20260712,11,0
03050,000004482003,20260713,7,0
03050,000004482003,20260714,17,12
03050,000004482003,20260715,16,0
03050,000004482003,20260716,11,0
03050,000004482003,20260717,8,0
03050,000004482003,20260718,6,0
03050,000004482003,20260719,17,12
03050,000004482003,20260720,13,0
03050,000004482003,20260721,9,0
03050,000004482003,20260722,7,0
03050,000004482003,20260723,38,36
03050,000004482003,20260724,32,0
03050,000004482003,20260725,32,0
03050,000004482003,20260726,31,0
03050,000004482003,20260727,27,0
03050,000004482003,20260728,26,0
03050,000004482003,20260729,21,0
03050,000004482003,20260730,17,0
03050,000004482003,20260731,11,0
03050,000004483001,20260701,9,0
03050,000004483001,20260702,29,24
03050,000004483001,20260703,28,0
03050,000004483001,20260704,25,0
03050,000004483001,20260705,20,0
03050,000004483001,20260706,15,0
03050,000004483001,20260707,13,0
03050,000004483001,20260708,9,0
03050,000004483001,20260709,15,12
03050,000004483001,20260710,10,0
03050,000004483001,20260711,9,0
03050,000004483001,20260712,6,0
03050,000004483001,20260713,26,24
03050,000004483001,20260714,24,0
03050,000004483001,20260715,21,0
03050,000004483001,20260716,17,0
03050,000004483001,20260717,16,0
03050,000004483001,20260718,15,0
03050,000004483001,20260719,13,0
03050,000004483001,20260720,8,0
03050,000004483001,20260721,28,24
03050,000004483001,20260722,25,0
03050,000004483001,20260723,23,0
03050,000004483001,20260724,17,0
03050,000004483001,20260725,13,0
03050,000004483001,20260726,12,0
03050,000004483001,20260727,7,0
03050,000004483001,20260728,14,12
03050,000004483001,20260729,9,0
03050,000004483001,20260730,7,0
03050,000004483001,20260731,14,12
03050,000004483002,20260701,18,0
03050,000004483002,20260702,16,0
03050,000004483002,20260703,15,0
03050,000004483002,20260704,15,0
03050,000004483002,20260705,12,0
03050,000004483002,20260706,9,0
03050,000004483002,20260707,17,12
03050,000004483002,20260708,14,0
03050,000004483002,20260709,9,0
03050,000004483002,20260710,41,36
03050,000004483002,20260711,39,0
03050,000004483002,20260712,35,0
03050,000004483002,20260713,33,0
03050,000004483002,20260714,28,0
03050,000004483002,20260715,24,0
03050,000004483002,20260716,19,0
03050,000004483002,20260717,16,0
03050,000004483002,20260718,13,0
03050,000004483002,20260719,10,0
03050,000004483002,20260720,7,0
03050,000004483002,20260721,25,24
03050,000004483002,20260722,21,0
03050,000004483002,20260723,18,0
03050,000004483002,20260724,15,0
03050,000004483002,20260725,11,0
03050,000004483002,20260726,9,0
03050,000004483002,20260727,39,36
03050,000004483002,20260728,37,0
03050,000004483002,20260729,33,0
03050,000004483002,20260730,30,0
03050,000004483002,20260731,29,0
03050,000004491001,20260701,20,0
03050,000004491001,20260702,19,0
03050,000004491001,20260703,15,0
03050,000004491001,20260704,12,0
03050,000004491001,20260705,11,0
03050,000004491001,20260706,10,0
03050,000004491001,20260707,7,0
03050,000004491001,20260708,29,24
03050,000004491001,20260709,26,0
03050,000004491001,20260710,21,0
03050,000004491001,20260711,20,0
03050,000004491001,20260712,19,0
03050,000004491001,20260713,15,0
03050,000004491001,20260714,12,0
03050,000004491001,20260715,7,0
03050,000004491001,20260716,6,0
03050,000004491001,20260717,13,12
03050,000004491001,20260718,12,0
03050,000004491001,20260719,9,0
03050,000004491001,20260720,6,0
03050,000004491001,20260721,14,12
03050,000004491001,20260722,9,0
03050,000004491001,20260723,4,12
03050,000004491001,20260724,3,36
03050,000004491001,20260725,0,36
03050,000004491001,20260726,8,12
03050,000004491001,20260727,26,24
03050,000004491001,20260728,25,0
03050,000004491001,20260729,21,0
03050,000004491001,20260730,20,0
03050,000004491001,20260731,16,0
03050,000004491002,20260701,25,0
03050,000004491002,20260702,20,0
03050,000004491002,20260703,17,0
03050,000004491002,20260704,13,0
03050,000004491002,20260705,10,0
03050,000004491002,20260706,16,12
03050,000004491002,20260707,13,0
03050,000004491002,20260708,8,0
03050,000004491002,20260709,15,12
03050,000004491002,20260710,14,0
03050,000004491002,20260711,12,0
03050,000004491002,20260712,11,0
03050,000004491002,20260713,9,0
03050,000004491002,20260714,17,12
03050,000004491002,20260715,15,0
03050,000004491002,20260716,12,0
03050,000004491002,20260717,8,0
03050,000004491002,20260718,6,24
03050,000004491002,20260719,0,36
03050,000004491002,20260720,11,12
03050,000004491002,20260721,9,0
03050,000004491002,20260722,8,0
03050,000004491002,20260723,41,36
03050,000004491002,20260724,39,0
03050,000004491002,20260725,35,0
03050,000004491002,20260726,29,0
03050,000004491002,20260727,25,0
03050,000004491002,20260728,24,0
03050,000004491002,20260729,21,0
03050,000004491002,20260730,20,0
03050,000004491002,20260731,19,0
03050,000004491003,20260701,29,24
03050,000004491003,20260702,25,0
03050,000004491003,20260703,24,0
03050,000004491003,20260704,18,0
03050,000004491003,20260705,14,0
03050,000004491003,20260706,8,0
03050,000004491003,20260707,38,36
03050,000004491003,20260708,33,0
03050,000004491003,20260709,32,0
03050,000004491003,20260710,29,0
03050,000004491003,20260711,24,0
03050,000004491003,20260712,23,0
03050,000004491003,20260713,17,0
03050,000004491003,20260714,15,0
03050,000004491003,20260715,13,0
03050,000004491003,20260716,10,0
03050,000004491003,20260717,8,0
03050,000004491003,20260718,7,0
03050,000004491003,20260719,39,36
03050,000004491003,20260720,35,0
03050,000004491003,20260721,31,0
03050,000004491003,20260722,26,0
03050,000004491003,20260723,22,0
03050,000004491003,20260724,20,0
03050,000004491003,20260725,15,0
03050,000004491003,20260726,13,0
03050,000004491003,20260727,10,0
03050,000004491003,20260728,17,12
03050,000004491003,20260729,13,0
03050,000004491003,20260730,11,0
03050,000004491003,20260731,7,0
03050,000004492001,20260701,29,24
03050,000004492001,20260702,24,0
03050,000004492001,20260703,21,0
03050,000004492001,20260704,21,0
03050,000004492001,20260705,15,0
03050,000004492001,20260706,11,0
03050,000004492001,20260707,9,0
03050,000004492001,20260708,18,12
03050,000004492001,20260709,17,0
03050,000004492001,20260710,12,0
03050,000004492001,20260711,7,0
03050,000004492001,20260712,26,24
03050,000004492001,20260713,20,0
03050,000004492001,20260714,20,0
03050,000004492001,20260715,15,0
03050,000004492001,20260716,9,0
03050,000004492001,20260717,29,24
03050,000004492001,20260718,23,0
03050,000004492001,20260719,19,0
03050,000004492001,20260720,17,0
03050,000004492001,20260721,15,0
03050,000004492001,20260722,12,0
03050,000004492001,20260723,10,0
03050,000004492001,20260724,18,12
03050,000004492001,20260725,17,0
03050,000004492001,20260726,14,0
03050,000004492001,20260727,12,0
03050,000004492001,20260728,7,0
03050,000004492001,20260729,14,12
03050,000004492001,20260730,10,0
03050,000004492001,20260731,7,0
03050,000004492002,20260701,33,0
03050,000004492002,20260702,27,0
03050,000004492002,20260703,22,0
03050,000004492002,20260704,20,0
03050,000004492002,20260705,19,0
03050,000004492002,20260706,14,0
03050,000004492002,20260707,9,0
03050,000004492002,20260708,40,36
03050,000004492002,20260709,35,0
03050,000004492002,20260710,30,0
03050,000004492002,20260711,25,0
03050,000004492002,20260712,20,0
03050,000004492002,20260713,16,0
03050,000004492002,20260714,13,0
03050,000004492002,20260715,12,0
03050,000004492002,20260716,11,0
03050,000004492002,20260717,7,0
03050,000004492002,20260718,27,24
03050,000004492002,20260719,24,0
03050,000004492002,20260720,23,0
03050,000004492002,20260721,19,0
03050,000004492002,20260722,18,0
03050,000004492002,20260723,14,0
03050,000004492002,20260724,12,0
03050,000004492002,20260725,7,0
03050,000004492002,20260726,27,24
03050,000004492002,20260727,27,0
03050,000004492002,20260728,23,0
03050,000004492002,20260729,19,0
03050,000004492002,20260730,15,0
03050,000004492002,20260731,14,0
03050,000004492003,20260701,25,0
03050,000004492003,20260702,20,0
03050,000004492003,20260703,16,0
03050,000004492003,20260704,15,0
03050,000004492003,20260705,14,0
03050,000004492003,20260706,9,0
03050,000004492003,20260707,18,12
03050,000004492003,20260708,13,0
03050,000004492003,20260709,12,0
03050,000004492003,20260710,7,0
03050,000004492003,20260711,26,24
03050,000004492003,20260712,20,0
03050,000004492003,20260713,14,0
03050,000004492003,20260714,10,0
03050,000004492003,20260715,41,36
03050,000004492003,20260716,37,0
03050,000004492003,20260717,31,0
03050,000004492003,20260718,-1,0
03050,000004492003,20260719,22,0
03050,000004492003,20260720,20,0
03050,000004492003,20260721,17,0
03050,000004492003,20260722,13,0
03050,000004492003,20260723,8,0
03050,000004492003,20260724,39,36
03050,000004492003,20260725,38,0
03050,000004492003,20260726,37,0
03050,000004492003,20260727,34,0
03050,000004492003,20260728,33,0
03050,000004492003,20260729,31,0
03050,000004492003,20260730,28,0
03050,000004492003,20260731,27,0
03050,000004493001,20260701,17,0
03050,000004493001,20260702,11,0
03050,000004493001,20260703,8,0
03050,000004493001,20260704,38,36
03050,000004493001,20260705,33,0
03050,000004493001,20260706,31,0
03050,000004493001,20260707,28,0
03050,000004493001,20260708,27,0
03050,000004493001,20260709,24,0
03050,000004493001,20260710,23,0
03050,000004493001,20260711,19,0
03050,000004493001,20260712,14,0
03050,000004493001,20260713,12,0
03050,000004493001,20260714,7,0
03050,000004493001,20260715,2,24
03050,000004493001,20260716,1,36
03050,000004493001,20260717,35,36
03050,000004493001,20260718,34,0
03050,000004493001,20260719,30,0
03050,000004493001,20260720,27,0
03050,000004493001,20260721,22,0
03050,000004493001,20260722,-1,0
03050,000004493001,20260723,11,0
03050,000004493001,20260724,10,0
03050,000004493001,20260725,7,0
03050,000004493001,20260726,17,12
03050,000004493001,20260727,16,0
03050,000004493001,20260728,14,0
03050,000004493001,20260729,10,0
03050,000004493001,20260730,8,0
03050,000004493001,20260731,6,0
03050,000004493002,20260701,7,0
03050,000004493002,20260702,6,0
03050,000004493002,20260703,41,36
03050,000004493002,20260704,38,0
03050,000004493002,20260705,34,0
03050,000004493002,20260706,30,0
03050,000004493002,20260707,24,0
03050,000004493002,20260708,24,0
03050,000004493002,20260709,20,0
03050,000004493002,20260710,19,0
03050,000004493002,20260711,17,0
03050,000004493002,20260712,15,0
03050,000004493002,20260713,13,0
03050,000004493002,20260714,9,0
03050,000004493002,20260715,3,36
03050,000004493002,20260716,12,12
03050,000004493002,20260717,9,0
03050,000004493002,20260718,17,12
03050,000004493002,20260719,14,0
03050,000004493002,20260720,9,0
03050,000004493002,20260721,8,0
03050,000004493002,20260722,7,0
03050,000004493002,20260723,14,12
03050,000004493002,20260724,12,0
03050,000004493002,20260725,7,0
03050,000004493002,20260726,3,24
03050,000004493002,20260727,24,24
03050,000004493002,20260728,20,0
03050,000004493002,20260729,15,0
03050,000004493002,20260730,11,0
03050,000004493002,20260731,10,0
03050,000000551020,20260701,20,0
03050,000000551020,20260702,16,0
03050,000000551020,20260703,10,0
03050,000000551020,20260704,5,24
03050,000000551020,20260705,36,36
03050,000000551020,20260706,35,0
03050,000000551020,20260707,33,0
03050,000000551020,20260708,31,0
03050,000000551020,20260709,28,0
03050,000000551020,20260710,28,0
03050,000000551020,20260711,23,0
03050,000000551020,20260712,19,0
03050,000000551020,20260713,17,0
03050,000000551020,20260714,12,0
03050,000000551020,20260715,8,0
03050,000000551020,20260716,40,36
03050,000000551020,20260717,39,0
03050,000000551020,20260718,38,0
03050,000000551020,20260719,37,0
03050,000000551020,20260720,34,0
03050,000000551020,20260721,30,0
03050,000000551020,20260722,26,0
03050,000000551020,20260723,24,0
03050,000000551020,20260724,19,0
03050,000000551020,20260725,18,0
03050,000000551020,20260726,16,0
03050,000000551020,20260727,14,0
03050,000000551020,20260728,13,0
03050,000000551020,20260729,8,0
03050,000000551020,20260730,14,12
03050,000000551020,20260731,10,0
03050,000000551021,20260701,21,0
03050,000000551021,20260702,16,0
03050,000000551021,20260703,13,0
03050,000000551021,20260704,9,0
03050,000000551021,20260705,7,0
03050,000000551021,20260706,14,12
03050,000000551021,20260707,9,0
03050,000000551021,20260708,30,24
03050,000000551021,20260709,27,0
03050,000000551021,20260710,25,0
03050,000000551021,20260711,20,0
03050,000000551021,20260712,15,0
03050,000000551021,20260713,9,0
03050,000000551021,20260714,8,0
03050,000000551021,20260715,2,24
03050,000000551021,20260716,34,36
03050,000000551021,20260717,33,0
03050,000000551021,20260718,32,0
03050,000000551021,20260719,29,0
03050,000000551021,20260720,25,0
03050,000000551021,20260721,20,0
03050,000000551021,20260722,17,0
03050,000000551021,20260723,12,0
03050,000000551021,20260724,11,0
03050,000000551021,20260725,7,0
03050,000000551021,20260726,30,24
03050,000000551021,20260727,25,0
03050,000000551021,20260728,22,0
03050,000000551021,20260729,20,0
03050,000000551021,20260730,14,0
03050,000000551021,20260731,12,0
03050,000000552001,20260701,17,12
03050,000000552001,20260702,12,0
03050,000000552001,20260703,10,0
03050,000000552001,20260704,9,0
03050,000000552001,20260705,8,0
03050,000000552001,20260706,41,36
03050,000000552001,20260707,38,0
03050,000000552001,20260708,33,0
03050,000000552001,20260709,30,0
03050,000000552001,20260710,27,0
03050,000000552001,20260711,25,0
03050,000000552001,20260712,22,0
03050,000000552001,20260713,18,0
03050,000000552001,20260714,12,0
03050,000000552001,20260715,10,0
03050,000000552001,20260716,9,0
03050,000000552001,20260717,7,0
03050,000000552001,20260718,26,24
03050,000000552001,20260719,20,0
03050,000000552001,20260720,18,0
03050,000000552001,20260721,16,0
03050,000000552001,20260722,12,0
03050,000000552001,20260723,7,0
03050,000000552001,20260724,5,24
03050,000000552001,20260725,37,36
03050,000000552001,20260726,35,0
03050,000000552001,20260727,31,0
03050,000000552001,20260728,30,0
03050,000000552001,20260729,26,0
03050,000000552001,20260730,26,0
03050,000000552001,20260731,25,0
03050,000000552002,20260701,22,0
03050,000000552002,20260702,17,0
03050,000000552002,20260703,12,0
03050,000000552002,20260704,7,0
03050,000000552002,20260705,16,12
03050,000000552002,20260706,14,0
03050,000000552002,20260707,9,0
03050,000000552002,20260708,7,0
03050,000000552002,20260709,37,36
03050,000000552002,20260710,32,0
03050,000000552002,20260711,28,0
03050,000000552002,20260712,25,0
03050,000000552002,20260713,22,0
03050,000000552002,20260714,20,0
03050,000000552002,20260715,18,0
03050,000000552002,20260716,15,0
03050,000000552002,20260717,12,0
03050,000000552002,20260718,8,0
03050,000000552002,20260719,6,0
03050,000000552002,20260720,3,36
03050,000000552002,20260721,22,24
03050,000000552002,20260722,21,0
03050,000000552002,20260723,17,0
03050,000000552002,20260724,12,0
03050,000000552002,20260725,11,0
03050,000000552002,20260726,18,12
03050,000000552002,20260727,15,0
03050,000000552002,20260728,13,0
03050,000000552002,20260729,8,0
03050,000000552002,20260730,6,0
03050,000000552002,20260731,1,36
03050,000000561001,20260701,6,0
03050,000000561001,20260702,41,36
03050,000000561001,20260703,39,0
03050,000000561001,20260704,36,0
03050,000000561001,20260705,30,0
03050,000000561001,20260706,25,0
03050,000000561001,20260707,22,0
03050,000000561001,20260708,17,0
03050,000000561001,20260709,12,0
03050,000000561001,20260710,7,0
03050,000000561001,20260711,4,36
03050,000000561001,20260712,35,36
03050,000000561001,20260713,31,0
03050,000000561001,20260714,27,0
03050,000000561001,20260715,24,0
03050,000000561001,20260716,20,0
03050,000000561001,20260717,18,0
03050,000000561001,20260718,16,0
03050,000000561001,20260719,12,0
03050,000000561001,20260720,9,0
03050,000000561001,20260721,6,0
03050,000000561001,20260722,24,24
03050,000000561001,20260723,19,0
03050,000000561001,20260724,15,0
03050,000000561001,20260725,14,0
03050,000000561001,20260726,9,0
03050,000000561001,20260727,39,36
03050,000000561001,20260728,34,0
03050,000000561001,20260729,30,0
03050,000000561001,20260730,26,0
03050,000000561001,20260731,25,0
03050,000000561002,20260701,10,0
03050,000000561002,20260702,7,0
03050,000000561002,20260703,27,24
03050,000000561002,20260704,23,0
03050,000000561002,20260705,22,0
03050,000000561002,20260706,16,0
03050,000000561002,20260707,14,0
03050,000000561002,20260708,11,0
03050,000000561002,20260709,7,0
03050,000000561002,20260710,29,24
03050,000000561002,20260711,26,0
03050,000000561002,20260712,24,0
03050,000000561002,20260713,20,0
03050,000000561002,20260714,17,0
03050,000000561002,20260715,15,0
03050,000000561002,20260716,13,0
03050,000000561002,20260717,10,0
03050,000000561002,20260718,28,24
03050,000000561002,20260719,26,0
03050,000000561002,20260720,24,0
03050,000000561002,20260721,20,0
03050,000000561002,20260722,17,0
03050,000000561002,20260723,16,0
03050,000000561002,20260724,12,0
03050,000000561002,20260725,7,0
03050,000000561002,20260726,13,12
03050,000000561002,20260727,12,0
03050,000000561002,20260728,8,0
03050,000000561002,20260729,7,0
03050,000000561002,20260730,4,24
03050,000000561002,20260731,0,36
03050,000000562001,20260701,27,0
03050,000000562001,20260702,26,0
03050,000000562001,20260703,24,0
03050,000000562001,20260704,21,0
03050,000000562001,20260705,19,0
03050,000000562001,20260706,15,0
03050,000000562001,20260707,10,0
03050,000000562001,20260708,7,0
03050,000000562001,20260709,26,24
03050,000000562001,20260710,24,0
03050,000000562001,20260711,22,0
03050,000000562001,20260712,16,0
03050,000000562001,20260713,15,0
03050,000000562001,20260714,14,0
03050,000000562001,20260715,10,0
03050,000000562001,20260716,6,36
03050,000000562001,20260717,0,12
03050,000000562001,20260718,33,36
03050,000000562001,20260719,27,0
03050,000000562001,20260720,26,0
03050,000000562001,20260721,21,0
03050,000000562001,20260722,16,0
03050,000000562001,20260723,13,0
03050,000000562001,20260724,10,0
03050,000000562001,20260725,8,0
03050,000000562001,20260726,7,0
03050,000000562001,20260727,38,36
03050,000000562001,20260728,34,0
03050,000000562001,20260729,31,0
03050,000000562001,20260730,29,0
03050,000000562001,20260731,25,0
03050,000000562002,20260701,28,0
03050,000000562002,20260702,26,0
03050,000000562002,20260703,21,0
03050,000000562002,20260704,18,0
03050,000000562002,20260705,15,0
03050,000000562002,20260706,13,0
03050,000000562002,20260707,11,0
03050,000000562002,20260708,8,0
03050,000000562002,20260709,42,36
03050,000000562002,20260710,36,0
03050,000000562002,20260711,31,0
03050,000000562002,20260712,29,0
03050,000000562002,20260713,26,0
03050,000000562002,20260714,25,0
03050,000000562002,20260715,22,0
03050,000000562002,20260716,18,0
03050,000000562002,20260717,14,0
03050,000000562002,20260718,8,0
03050,000000562002,20260719,40,36
03050,000000562002,20260720,35,0
03050,000000562002,20260721,34,0
03050,000000562002,20260722,31,0
03050,000000562002,20260723,26,0
03050,000000562002,20260724,23,0
03050,000000562002,20260725,18,0
03050,000000562002,20260726,14,0
03050,000000562002,20260727,9,0
03050,000000562002,20260728,8,0
03050,000000562002,20260729,3,24
03050,000000562002,20260730,2,36
03050,000000562002,20260731,22,24
00317,000000093321,20260701,22.745,24
00317,000000093321,20260702,14.979,0
00317,000000093321,20260703,9.547,0
00317,000000093321,20260704,5.784,36
00317,000000093321,20260705,28.754,24
00317,000000093321,20260706,22.320,0
00317,000000093321,20260707,17.650,0
00317,000000093321,20260708,14.932,0
00317,000000093321,20260709,9.770,0
00317,000000093321,20260710,7.489,0
00317,000000093321,20260711,1.708,12
00317,000000093321,20260712,0.000,12
00317,000000093321,20260713,0.000,24
00317,000000093321,20260714,0.000,24
00317,000000093321,20260715,22.450,24
00317,000000093321,20260716,20.140,0
00317,000000093321,20260717,19.261,0
00317,000000093321,20260718,18.217,0
00317,000000093321,20260719,15.610,0
00317,000000093321,20260720,10.642,0
00317,000000093321,20260721,7.935,0
00317,000000093321,20260722,15.334,12
00317,000000093321,20260723,10.171,0
00317,000000093321,20260724,9.071,0
00317,000000093321,20260725,4.588,24
00317,000000093321,20260726,2.048,12
00317,000000093321,20260727,31.805,36
00317,000000093321,20260728,24.807,0
00317,000000093321,20260729,18.389,0
00317,000000093321,20260730,10.321,0
00317,000000093321,20260731,16.349,12
00317,000000093322,20260701,13.422,0
00317,000000093322,20260702,7.670,0
00317,000000093322,20260703,4.079,24
00317,000000093322,20260704,10.154,12
00317,000000093322,20260705,2.846,12
00317,000000093322,20260706,0.626,36
00317,000000093322,20260707,0.000,24
00317,000000093322,20260708,10.235,12
00317,000000093322,20260709,14.356,12
00317,000000093322,20260710,7.761,0
00317,000000093322,20260711,27.755,24
00317,000000093322,20260712,25.411,0
00317,000000093322,20260713,24.208,0
00317,000000093322,20260714,19.403,0
00317,000000093322,20260715,15.309,0
00317,000000093322,20260716,8.488,0
00317,000000093322,20260717,0.796,36
00317,000000093322,20260718,21.173,24
00317,000000093322,20260719,15.920,0
00317,000000093322,20260720,8.670,0
00317,000000093322,20260721,7.209,0
00317,000000093322,20260722,41.186,36
00317,000000093322,20260723,35.696,0
00317,000000093322,20260724,30.102,0
00317,000000093322,20260725,23.173,0
00317,000000093322,20260726,16.197,0
00317,000000093322,20260727,8.187,0
00317,000000093322,20260728,15.025,12
00317,000000093322,20260729,10.062,0
00317,000000093322,20260730,7.598,0
00317,000000093322,20260731,6.265,0
00317,000000093325,20260701,24.338,0
00317,000000093325,20260702,18.158,0
00317,000000093325,20260703,14.391,0
00317,000000093325,20260704,10.293,0
00317,000000093325,20260705,41.000,36
00317,000000093325,20260706,40.268,0
00317,000000093325,20260707,33.774,0
00317,000000093325,20260708,27.543,0
00317,000000093325,20260709,23.547,0
00317,000000093325,20260710,17.552,0
00317,000000093325,20260711,16.842,0
00317,000000093325,20260712,12.492,0
00317,000000093325,20260713,40.743,36
00317,000000093325,20260714,37.567,0
00317,000000093325,20260715,31.112,0
00317,000000093325,20260716,28.024,0
00317,000000093325,20260717,22.029,0
00317,000000093325,20260718,17.899,0
00317,000000093325,20260719,13.493,0
00317,000000093325,20260720,10.374,0
00317,000000093325,20260721,8.086,0
00317,000000093325,20260722,38.846,36
00317,000000093325,20260723,31.026,0
00317,000000093325,20260724,26.637,0
00317,000000093325,20260725,24.619,0
00317,000000093325,20260726,23.652,0
00317,000000093325,20260727,15.931,0
00317,000000093325,20260728,14.910,0
00317,000000093325,20260729,8.939,0
00317,000000093325,20260730,1.527,24
00317,000000093325,20260731,0.000,36
00317,000000093401,20260701,36.511,0
00317,000000093401,20260702,29.926,0
00317,000000093401,20260703,29.041,0
00317,000000093401,20260704,23.756,0
00317,000000093401,20260705,21.633,0
00317,000000093401,20260706,18.931,0
00317,000000093401,20260707,14.086,0
00317,000000093401,20260708,8.964,0
00317,000000093401,20260709,4.166,12
00317,000000093401,20260710,32.540,36
00317,000000093401,20260711,26.212,0
00317,000000093401,20260712,20.994,0
00317,000000093401,20260713,15.606,0
00317,000000093401,20260714,10.307,0
00317,000000093401,20260715,5.215,12
00317,000000093401,20260716,0.323,36
00317,000000093401,20260717,0.000,12
00317,000000093401,20260718,30.893,36
00317,000000093401,20260719,23.318,0
00317,000000093401,20260720,17.160,0
00317,000000093401,20260721,9.022,0
00317,000000093401,20260722,15.817,12
00317,000000093401,20260723,9.069,0
00317,000000093401,20260724,7.476,0
00317,000000093401,20260725,3.685,36
00317,000000093401,20260726,0.000,24
00317,000000093401,20260727,0.000,12
00317,000000093401,20260728,0.000,24
00317,000000093401,20260729,21.054,24
00317,000000093401,20260730,14.426,0
00317,000000093401,20260731,9.958,0
00317,000000093402,20260701,0.000,24
00317,000000093402,20260702,3.915,12
00317,000000093402,20260703,22.666,24
00317,000000093402,20260704,15.247,0
00317,000000093402,20260705,7.107,0
00317,000000093402,20260706,1.083,12
00317,000000093402,20260707,0.000,12
00317,000000093402,20260708,0.000,24
00317,000000093402,20260709,28.031,36
00317,000000093402,20260710,25.465,0
00317,000000093402,20260711,21.143,0
00317,000000093402,20260712,17.559,0
00317,000000093402,20260713,11.463,0
00317,000000093402,20260714,6.714,0
00317,000000093402,20260715,23.064,24
00317,000000093402,20260716,17.557,0
00317,000000093402,20260717,10.807,0
00317,000000093402,20260718,28.694,24
00317,000000093402,20260719,23.365,0
00317,000000093402,20260720,15.652,0
00317,000000093402,20260721,13.192,0
00317,000000093402,20260722,7.975,0
00317,000000093402,20260723,3.784,12
00317,000000093402,20260724,0.000,12
00317,000000093402,20260725,10.507,12
00317,000000093402,20260726,8.875,0
00317,000000093402,20260727,4.248,36
00317,000000093402,20260728,0.000,24
00317,000000093402,20260729,22.426,24
00317,000000093402,20260730,17.732,0
00317,000000093402,20260731,12.797,0
00317,000000093410,20260701,28.504,0
00317,000000093410,20260702,23.276,0
00317,000000093410,20260703,19.600,0
00317,000000093410,20260704,12.203,0
00317,000000093410,20260705,29.756,24
00317,000000093410,20260706,28.219,0
00317,000000093410,20260707,23.913,0
00317,000000093410,20260708,18.261,0
00317,000000093410,20260709,10.292,0
00317,000000093410,20260710,7.591,0
00317,000000093410,20260711,1.577,24
00317,000000093410,20260712,0.000,36
00317,000000093410,20260713,18.588,24
00317,000000093410,20260714,10.400,0
00317,000000093410,20260715,17.056,12
00317,000000093410,20260716,12.990,0
00317,000000093410,20260717,11.194,0
00317,000000093410,20260718,9.097,0
00317,000000093410,20260719,8.169,0
00317,000000093410,20260720,7.364,0
00317,000000093410,20260721,15.832,12
00317,000000093410,20260722,12.224,0
00317,000000093410,20260723,5.272,24
00317,000000093410,20260724,0.000,36
00317,000000093410,20260725,30.282,36
00317,000000093410,20260726,26.620,0
00317,000000093410,20260727,22.308,0
00317,000000093410,20260728,17.224,0
00317,000000093410,20260729,8.923,0
00317,000000093410,20260730,17.502,12
00317,000000093410,20260731,11.563,0
00317,000000093501,20260701,12,0
00317,000000093501,20260702,7,0
00317,000000093501,20260703,40,36
00317,000000093501,20260704,38,0
00317,000000093501,20260705,31,0
00317,000000093501,20260706,23,0
00317,000000093501,20260707,17,0
00317,000000093501,20260708,16,0
00317,000000093501,20260709,13,0
00317,000000093501,20260710,10,0
00317,000000093501,20260711,8,0
00317,000000093501,20260712,38,36
00317,000000093501,20260713,36,0
00317,000000093501,20260714,32,0
00317,000000093501,20260715,31,0
00317,000000093501,20260716,26,0
00317,000000093501,20260717,20,0
00317,000000093501,20260718,17,0
00317,000000093501,20260719,9,0
00317,000000093501,20260720,15,12
00317,000000093501,20260721,12,0
00317,000000093501,20260722,9,0
00317,000000093501,20260723,5,12
00317,000000093501,20260724,0,12
00317,000000093501,20260725,18,24
00317,000000093501,20260726,17,0
00317,000000093501,20260727,15,0
00317,000000093501,20260728,7,0
00317,000000093501,20260729,29,24
00317,000000093501,20260730,27,0
00317,000000093501,20260731,24,0
00317,000000093502,20260701,10,0
00317,000000093502,20260702,9,0
00317,000000093502,20260703,28,24
00317,000000093502,20260704,24,0
00317,000000093502,20260705,17,0
00317,000000093502,20260706,14,0
00317,000000093502,20260707,13,0
00317,000000093502,20260708,11,0
00317,000000093502,20260709,8,0
00317,000000093502,20260710,1,24
00317,000000093502,20260711,0,24
00317,000000093502,20260712,5,12
00317,000000093502,20260713,9,12
00317,000000093502,20260714,26,24
00317,000000093502,20260715,19,0
00317,000000093502,20260716,12,0
00317,000000093502,20260717,16,12
00317,000000093502,20260718,13,0
00317,000000093502,20260719,10,0
00317,000000093502,20260720,6,0
00317,000000093502,20260721,2,24
00317,000000093502,20260722,18,24
00317,000000093502,20260723,15,0
00317,000000093502,20260724,11,0
00317,000000093502,20260725,10,0
00317,000000093502,20260726,26,24
00317,000000093502,20260727,21,0
00317,000000093502,20260728,16,0
00317,000000093502,20260729,14,0
00317,000000093502,20260730,13,0
00317,000000093502,20260731,10,0
00317,000000093503,20260701,31,0
00317,000000093503,20260702,27,0
00317,000000093503,20260703,22,0
00317,000000093503,20260704,19,0
00317,000000093503,20260705,18,0
00317,000000093503,20260706,11,0
00317,000000093503,20260707,8,0
00317,000000093503,20260708,42,36
00317,000000093503,20260709,37,0
00317,000000093503,20260710,35,0
00317,000000093503,20260711,32,0
00317,000000093503,20260712,30,0
00317,000000093503,20260713,24,0
00317,000000093503,20260714,22,0
00317,000000093503,20260715,16,0
00317,000000093503,20260716,14,0
00317,000000093503,20260717,7,0
00317,000000093503,20260718,35,36
00317,000000093503,20260719,28,0
00317,000000093503,20260720,20,0
00317,000000093503,20260721,15,0
00317,000000093503,20260722,8,0
00317,000000093503,20260723,13,12
00317,000000093503,20260724,10,0
00317,000000093503,20260725,18,12
00317,000000093503,20260726,16,0
00317,000000093503,20260727,12,0
00317,000000093503,20260728,18,12
00317,000000093503,20260729,10,0
00317,000000093503,20260730,8,0
00317,000000093503,20260731,26,24
00317,000000094101,20260701,8,0
00317,000000094101,20260702,5,24
00317,000000094101,20260703,26,24
00317,000000094101,20260704,18,0
00317,000000094101,20260705,16,0
00317,000000094101,20260706,15,0
00317,000000094101,20260707,13,0
00317,000000094101,20260708,8,0
00317,000000094101,20260709,16,12
00317,000000094101,20260710,11,0
00317,000000094101,20260711,8,0
00317,000000094101,20260712,3,36
00317,000000094101,20260713,37,36
00317,000000094101,20260714,31,0
00317,000000094101,20260715,25,0
00317,000000094101,20260716,18,0
00317,000000094101,20260717,12,0
00317,000000094101,20260718,4,12
00317,000000094101,20260719,2,12
00317,000000094101,20260720,7,12
00317,000000094101,20260721,6,36
00317,000000094101,20260722,12,12
00317,000000094101,20260723,8,0
00317,000000094101,20260724,2,24
00317,000000094101,20260725,0,24
00317,000000094101,20260726,20,24
00317,000000094101,20260727,13,0
00317,000000094101,20260728,41,36
00317,000000094101,20260729,33,0
00317,000000094101,20260730,28,0
00317,000000094101,20260731,21,0
00317,000000094102,20260701,16,0
00317,000000094102,20260702,15,0
00317,000000094102,20260703,11,0
00317,000000094102,20260704,3,24
00317,000000094102,20260705,0,12
00317,000000094102,20260706,0,36
00317,000000094102,20260707,0,36
00317,000000094102,20260708,34,36
00317,000000094102,20260709,32,0
00317,000000094102,20260710,27,0
00317,000000094102,20260711,21,0
00317,000000094102,20260712,15,0
00317,000000094102,20260713,13,0
00317,000000094102,20260714,9,0
00317,000000094102,20260715,14,12
00317,000000094102,20260716,13,0
00317,000000094102,20260717,9,0
00317,000000094102,20260718,7,0
00317,000000094102,20260719,30,24
00317,000000094102,20260720,22,0
00317,000000094102,20260721,15,0
00317,000000094102,20260722,13,0
00317,000000094102,20260723,7,0
00317,000000094102,20260724,6,36
00317,000000094102,20260725,16,12
00317,000000094102,20260726,14,0
00317,000000094102,20260727,7,0
00317,000000094102,20260728,6,0
00317,000000094102,20260729,4,24
00317,000000094102,20260730,15,12
00317,000000094102,20260731,10,0
00317,000000094103,20260701,3,12
00317,000000094103,20260702,1,12
00317,000000094103,20260703,0,12
00317,000000094103,20260704,33,36
00317,000000094103,20260705,27,0
00317,000000094103,20260706,23,0
00317,000000094103,20260707,18,0
00317,000000094103,20260708,13,0
00317,000000094103,20260709,30,24
00317,000000094103,20260710,28,0
00317,000000094103,20260711,23,0
00317,000000094103,20260712,21,0
00317,000000094103,20260713,19,0
00317,000000094103,20260714,18,0
00317,000000094103,20260715,13,0
00317,000000094103,20260716,5,36
00317,000000094103,20260717,9,12
00317,000000094103,20260718,16,12
00317,000000094103,20260719,14,0
00317,000000094103,20260720,11,0
00317,000000094103,20260721,4,24
00317,000000094103,20260722,0,36
00317,000000094103,20260723,11,12
00317,000000094103,20260724,10,0
00317,000000094103,20260725,17,12
00317,000000094103,20260726,10,0
00317,000000094103,20260727,9,0
00317,000000094103,20260728,41,36
00317,000000094103,20260729,38,0
00317,000000094103,20260730,32,0
00317,000000094103,20260731,29,0
00317,000000094201,20260701,33.778,0
00317,000000094201,20260702,30.307,0
00317,000000094201,20260703,28.115,0
00317,000000094201,20260704,19.830,0
00317,000000094201,20260705,12.640,0
00317,000000094201,20260706,7.161,0
00317,000000094201,20260707,5.203,24
00317,000000094201,20260708,2.834,36
00317,000000094201,20260709,1.150,12
00317,000000094201,20260710,17.810,24
00317,000000094201,20260711,14.721,0
00317,000000094201,20260712,12.892,0
00317,000000094201,20260713,10.079,0
00317,000000094201,20260714,8.992,0
00317,000000094201,20260715,8.017,0
00317,000000094201,20260716,3.326,36
00317,000000094201,20260717,26.187,24
00317,000000094201,20260718,24.326,0
00317,000000094201,20260719,20.256,0
00317,000000094201,20260720,17.214,0
00317,000000094201,20260721,13.839,0
00317,000000094201,20260722,8.482,0
00317,000000094201,20260723,2.121,24
00317,000000094201,20260724,0.000,36
00317,000000094201,20260725,0.000,36
00317,000000094201,20260726,28.690,36
00317,000000094201,20260727,20.727,0
00317,000000094201,20260728,19.586,0
00317,000000094201,20260729,15.754,0
00317,000000094201,20260730,11.912,0
00317,000000094201,20260731,7.828,0
00317,000000094202,20260701,29.263,0
00317,000000094202,20260702,27.054,0
00317,000000094202,20260703,19.777,0
00317,000000094202,20260704,15.991,0
00317,000000094202,20260705,12.840,0
00317,000000094202,20260706,6.595,0
00317,000000094202,20260707,25.902,24
00317,000000094202,20260708,21.567,0
00317,000000094202,20260709,15.458,0
00317,000000094202,20260710,9.754,0
00317,000000094202,20260711,1.514,12
00317,000000094202,20260712,0.000,12
00317,000000094202,20260713,18.278,24
00317,000000094202,20260714,13.860,0
00317,000000094202,20260715,6.626,0
00317,000000094202,20260716,0.000,24
00317,000000094202,20260717,11.171,12
00317,000000094202,20260718,28.408,24
00317,000000094202,20260719,22.641,0
00317,000000094202,20260720,19.146,0
00317,000000094202,20260721,15.716,0
00317,000000094202,20260722,12.902,0
00317,000000094202,20260723,16.842,12
00317,000000094202,20260724,12.923,0
00317,000000094202,20260725,12.163,0
00317,000000094202,20260726,7.220,0
00317,000000094202,20260727,14.320,12
00317,000000094202,20260728,12.359,0
00317,000000094202,20260729,11.146,0
00317,000000094202,20260730,8.604,0
00317,000000094202,20260731,6.614,0
00317,000000094203,20260701,16.903,0
00317,000000094203,20260702,12.625,0
00317,000000094203,20260703,10.511,0
00317,000000094203,20260704,8.537,0
00317,000000094203,20260705,37.726,36
00317,000000094203,20260706,35.820,0
00317,000000094203,20260707,31.884,0
00317,000000094203,20260708,28.560,0
00317,000000094203,20260709,22.238,0
00317,000000094203,20260710,14.597,0
00317,000000094203,20260711,8.863,0
00317,000000094203,20260712,16.985,12
00317,000000094203,20260713,13.531,0
00317,000000094203,20260714,11.383,0
00317,000000094203,20260715,9.593,0
00317,000000094203,20260716,7.765,0
00317,000000094203,20260717,4.212,24
00317,000000094203,20260718,0.000,12
00317,000000094203,20260719,19.760,24
00317,000000094203,20260720,16.072,0
00317,000000094203,20260721,13.018,0
00317,000000094203,20260722,11.315,0
00317,000000094203,20260723,39.836,36
00317,000000094203,20260724,37.168,0
00317,000000094203,20260725,33.926,0
00317,000000094203,20260726,28.792,0
00317,000000094203,20260727,22.196,0
00317,000000094203,20260728,20.736,0
00317,000000094203,20260729,13.769,0
00317,000000094203,20260730,12.315,0
00317,000000094203,20260731,40.645,36
00317,000000094301,20260701,13.240,0
00317,000000094301,20260702,11.089,0
00317,000000094301,20260703,16.287,12
00317,000000094301,20260704,8.939,0
00317,000000094301,20260705,5.629,36
00317,000000094301,20260706,39.558,36
00317,000000094301,20260707,32.059,0
00317,000000094301,20260708,25.671,0
00317,000000094301,20260709,19.117,0
00317,000000094301,20260710,15.210,0
00317,000000094301,20260711,10.309,0
00317,000000094301,20260712,15.253,12
00317,000000094301,20260713,12.913,0
00317,000000094301,20260714,8.987,0
00317,000000094301,20260715,40.395,36
00317,000000094301,20260716,37.431,0
00317,000000094301,20260717,34.157,0
00317,000000094301,20260718,29.366,0
00317,000000094301,20260719,21.683,0
00317,000000094301,20260720,19.335,0
00317,000000094301,20260721,14.090,0
00317,000000094301,20260722,10.714,0
00317,000000094301,20260723,16.816,12
00317,000000094301,20260724,13.619,0
00317,000000094301,20260725,41.260,36
00317,000000094301,20260726,40.295,0
00317,000000094301,20260727,35.327,0
00317,000000094301,20260728,30.939,0
00317,000000094301,20260729,23.473,0
00317,000000094301,20260730,18.854,0
00317,000000094301,20260731,15.216,0
00317,000000094302,20260701,20.304,0
00317,000000094302,20260702,18.625,0
00317,000000094302,20260703,11.420,0
00317,000000094302,20260704,9.006,0
00317,000000094302,20260705,6.062,0
00317,000000094302,20260706,3.787,12
00317,000000094302,20260707,0.000,24
00317,000000094302,20260708,16.073,24
00317,000000094302,20260709,12.392,0
00317,000000094302,20260710,17.838,12
00317,000000094302,20260711,15.923,0
00317,000000094302,20260712,13.792,0
00317,000000094302,20260713,12.666,0
00317,000000094302,20260714,8.689,0
00317,000000094302,20260715,41.358,36
00317,000000094302,20260716,36.318,0
00317,000000094302,20260717,33.866,0
00317,000000094302,20260718,31.454,0
00317,000000094302,20260719,27.643,0
00317,000000094302,20260720,24.316,0
00317,000000094302,20260721,16.673,0
00317,000000094302,20260722,13.573,0
00317,000000094302,20260723,6.059,0
00317,000000094302,20260724,0.281,36
00317,000000094302,20260725,0.000,24
00317,000000094302,20260726,0.000,12
00317,000000094302,20260727,16.739,24
00317,000000094302,20260728,15.147,0
00317,000000094302,20260729,9.027,0
00317,000000094302,20260730,7.919,0
00317,000000094302,20260731,13.436,12
00317,000000020101,20260701,20,0
00317,000000020101,20260702,19,0
00317,000000020101,20260703,12,0
00317,000000020101,20260704,7,0
00317,000000020101,20260705,41,36
00317,000000020101,20260706,37,0
00317,000000020101,20260707,29,0
00317,000000020101,20260708,28,0
00317,000000020101,20260709,22,0
00317,000000020101,20260710,15,0
00317,000000020101,20260711,13,0
00317,000000020101,20260712,11,0
00317,000000020101,20260713,7,0
00317,000000020101,20260714,28,24
00317,000000020101,20260715,27,0
00317,000000020101,20260716,25,0
00317,000000020101,20260717,20,0
00317,000000020101,20260718,13,0
00317,000000020101,20260719,7,0
00317,000000020101,20260720,30,24
00317,000000020101,20260721,28,0
00317,000000020101,20260722,24,0
00317,000000020101,20260723,17,0
00317,000000020101,20260724,15,0
00317,000000020101,20260725,9,0
00317,000000020101,20260726,2,24
00317,000000020101,20260727,36,36
00317,000000020101,20260728,35,0
00317,000000020101,20260729,32,0
00317,000000020101,20260730,30,0
00317,000000020101,20260731,27,0
00317,000000020102,20260701,11,0
00317,000000020102,20260702,16,12
00317,000000020102,20260703,12,0
00317,000000020102,20260704,9,0
00317,000000020102,20260705,15,12
00317,000000020102,20260706,14,0
00317,000000020102,20260707,6,0
00317,000000020102,20260708,4,24
00317,000000020102,20260709,36,36
00317,000000020102,20260710,30,0
00317,000000020102,20260711,23,0
00317,000000020102,20260712,15,0
00317,000000020102,20260713,11,0
00317,000000020102,20260714,29,24
00317,000000020102,20260715,28,0
00317,000000020102,20260716,24,0
00317,000000020102,20260717,21,0
00317,000000020102,20260718,13,0
00317,000000020102,20260719,12,0
00317,000000020102,20260720,11,0
00317,000000020102,20260721,9,0
00317,000000020102,20260722,7,0
00317,000000020102,20260723,0,24
00317,000000020102,20260724,0,36
00317,000000020102,20260725,0,24
00317,000000020102,20260726,4,12
00317,000000020102,20260727,35,36
00317,000000020102,20260728,30,0
00317,000000020102,20260729,30,0
00317,000000020102,20260730,25,0
00317,000000020102,20260731,23,0
00317,000000020103,20260701,14,0
00317,000000020103,20260702,12,0
00317,000000020103,20260703,7,0
00317,000000020103,20260704,16,12
00317,000000020103,20260705,11,0
00317,000000020103,20260706,27,24
00317,000000020103,20260707,24,0
00317,000000020103,20260708,19,0
00317,000000020103,20260709,17,0
00317,000000020103,20260710,10,0
00317,000000020103,20260711,3,36
00317,000000020103,20260712,0,12
00317,000000020103,20260713,18,24
00317,000000020103,20260714,14,0
00317,000000020103,20260715,10,0
00317,000000020103,20260716,27,24
00317,000000020103,20260717,23,0
00317,000000020103,20260718,17,0
00317,000000020103,20260719,14,0
00317,000000020103,20260720,8,0
00317,000000020103,20260721,2,24
00317,000000020103,20260722,33,36
00317,000000020103,20260723,30,0
00317,000000020103,20260724,26,0
00317,000000020103,20260725,19,0
00317,000000020103,20260726,16,0
00317,000000020103,20260727,11,0
00317,000000020103,20260728,3,36
00317,000000020103,20260729,10,12
00317,000000020103,20260730,8,0
00317,000000020103,20260731,7,0
00317,000000020201,20260701,7,0
00317,000000020201,20260702,24,24
00317,000000020201,20260703,22,0
00317,000000020201,20260704,20,0
00317,000000020201,20260705,12,0
00317,000000020201,20260706,9,0
00317,000000020201,20260707,6,0
00317,000000020201,20260708,1,12
00317,000000020201,20260709,8,12
00317,000000020201,20260710,24,24
00317,000000020201,20260711,20,0
00317,000000020201,20260712,19,0
00317,000000020201,20260713,17,0
00317,000000020201,20260714,10,0
00317,000000020201,20260715,16,12
00317,000000020201,20260716,11,0
00317,000000020201,20260717,7,0
00317,000000020201,20260718,1,12
00317,000000020201,20260719,0,24
00317,000000020201,20260720,0,12
00317,000000020201,20260721,0,24
00317,000000020201,20260722,6,12
00317,000000020201,20260723,4,36
00317,000000020201,20260724,27,24
00317,000000020201,20260725,21,0
00317,000000020201,20260726,18,0
00317,000000020201,20260727,11,0
00317,000000020201,20260728,9,0
00317,000000020201,20260729,1,12
00317,000000020201,20260730,5,12
00317,000000020201,20260731,22,24
00317,000000020202,20260701,24,0
00317,000000020202,20260702,19,0
00317,000000020202,20260703,16,0
00317,000000020202,20260704,15,0
00317,000000020202,20260705,11,0
00317,000000020202,20260706,16,12
00317,000000020202,20260707,11,0
00317,000000020202,20260708,10,0
00317,000000020202,20260709,5,36
00317,000000020202,20260710,10,12
00317,000000020202,20260711,7,0
00317,000000020202,20260712,0,12
00317,000000020202,20260713,0,24
00317,000000020202,20260714,23,24
00317,000000020202,20260715,19,0
00317,000000020202,20260716,16,0
00317,000000020202,20260717,14,0
00317,000000020202,20260718,6,0
00317,000000020202,20260719,0,12
00317,000000020202,20260720,0,24
00317,000000020202,20260721,8,12
00317,000000020202,20260722,4,12
00317,000000020202,20260723,0,36
00317,000000020202,20260724,22,24
00317,000000020202,20260725,14,0
00317,000000020202,20260726,9,0
00317,000000020202,20260727,6,0
00317,000000020202,20260728,0,12
00317,000000020202,20260729,30,36
00317,000000020202,20260730,21,0
00317,000000020202,20260731,19,0
00317,000000030101,20260701,19,24
00317,000000030101,20260702,18,0
00317,000000030101,20260703,11,0
00317,000000030101,20260704,27,24
00317,000000030101,20260705,26,0
00317,000000030101,20260706,18,0
00317,000000030101,20260707,10,0
00317,000000030101,20260708,6,0
00317,000000030101,20260709,3,36
00317,000000030101,20260710,33,36
00317,000000030101,20260711,30,0
00317,000000030101,20260712,25,0
00317,000000030101,20260713,21,0
00317,000000030101,20260714,20,0
00317,000000030101,20260715,14,0
00317,000000030101,20260716,8,0
00317,000000030101,20260717,0,24
00317,000000030101,20260718,34,36
00317,000000030101,20260719,33,0
00317,000000030101,20260720,27,0
00317,000000030101,20260721,26,0
00317,000000030101,20260722,18,0
00317,000000030101,20260723,10,0
00317,000000030101,20260724,39,36
00317,000000030101,20260725,37,0
00317,000000030101,20260726,31,0
00317,000000030101,20260727,28,0
00317,000000030101,20260728,23,0
00317,000000030101,20260729,20,0
00317,000000030101,20260730,13,0
00317,000000030101,20260731,11,0
00317,000000030102,20260701,15,0
00317,000000030102,20260702,13,0
00317,000000030102,20260703,13,0
00317,000000030102,20260704,6,0
00317,000000030102,20260705,40,36
00317,000000030102,20260706,32,0
00317,000000030102,20260707,31,0
00317,000000030102,20260708,25,0
00317,000000030102,20260709,21,0
00317,000000030102,20260710,18,0
00317,000000030102,20260711,16,0
00317,000000030102,20260712,10,0
00317,000000030102,20260713,8,0
00317,000000030102,20260714,39,36
00317,000000030102,20260715,38,0
00317,000000030102,20260716,30,0
00317,000000030102,20260717,25,0
00317,000000030102,20260718,22,0
00317,000000030102,20260719,15,0
00317,000000030102,20260720,9,0
00317,000000030102,20260721,2,12
00317,000000030102,20260722,0,12
00317,000000030102,20260723,0,36
00317,000000030102,20260724,4,12
00317,000000030102,20260725,1,36
00317,000000030102,20260726,22,24
00317,000000030102,20260727,20,0
00317,000000030102,20260728,15,0
00317,000000030102,20260729,10,0
00317,000000030102,20260730,16,12
00317,000000030102,20260731,13,0
00317,000000030103,20260701,27,0
00317,000000030103,20260702,27,0
00317,000000030103,20260703,19,0
00317,000000030103,20260704,17,0
00317,000000030103,20260705,16,0
00317,000000030103,20260706,12,0
00317,000000030103,20260707,17,12
00317,000000030103,20260708,11,0
00317,000000030103,20260709,8,0
00317,000000030103,20260710,14,12
00317,000000030103,20260711,11,0
00317,000000030103,20260712,4,36
00317,000000030103,20260713,1,24
00317,000000030103,20260714,36,36
00317,000000030103,20260715,33,0
00317,000000030103,20260716,25,0
00317,000000030103,20260717,18,0
00317,000000030103,20260718,17,0
00317,000000030103,20260719,13,0
00317,000000030103,20260720,6,0
00317,000000030103,20260721,0,12
00317,000000030103,20260722,16,24
00317,000000030103,20260723,14,0
00317,000000030103,20260724,5,36
00317,000000030103,20260725,22,24
00317,000000030103,20260726,16,0
00317,000000030103,20260727,11,0
00317,000000030103,20260728,8,0
00317,000000030103,20260729,17,12
00317,000000030103,20260730,13,0
00317,000000030103,20260731,7,0
00317,000000030201,20260701,12,0
00317,000000030201,20260702,10,0
00317,000000030201,20260703,4,24
00317,000000030201,20260704,0,12
00317,000000030201,20260705,0,24
00317,000000030201,20260706,29,36
00317,000000030201,20260707,24,0
00317,000000030201,20260708,21,0
00317,000000030201,20260709,13,0
00317,000000030201,20260710,6,0
00317,000000030201,20260711,16,12
00317,000000030201,20260712,10,0
00317,000000030201,20260713,7,0
00317,000000030201,20260714,0,36
00317,000000030201,20260715,0,12
00317,000000030201,20260716,0,24
00317,000000030201,20260717,6,12
00317,000000030201,20260718,28,24
00317,000000030201,20260719,25,0
00317,000000030201,20260720,19,0
00317,000000030201,20260721,12,0
00317,000000030201,20260722,9,0
00317,000000030201,20260723,18,12
00317,000000030201,20260724,12,0
00317,000000030201,20260725,6,0
00317,000000030201,20260726,39,36
00317,000000030201,20260727,35,0
00317,000000030201,20260728,31,0
00317,000000030201,20260729,23,0
00317,000000030201,20260730,22,0
00317,000000030201,20260731,15,0
00317,000000030202,20260701,25,24
00317,000000030202,20260702,17,0
00317,000000030202,20260703,14,0
00317,000000030202,20260704,7,0
00317,000000030202,20260705,12,12
00317,000000030202,20260706,7,0
00317,000000030202,20260707,37,36
00317,000000030202,20260708,33,0
00317,000000030202,20260709,29,0
00317,000000030202,20260710,24,0
00317,000000030202,20260711,21,0
00317,000000030202,20260712,14,0
00317,000000030202,20260713,9,0
00317,000000030202,20260714,4,36
00317,000000030202,20260715,0,36
00317,000000030202,20260716,0,12
00317,000000030202,20260717,31,36
00317,000000030202,20260718,23,0
00317,000000030202,20260719,21,0
00317,000000030202,20260720,20,0
00317,000000030202,20260721,19,0
00317,000000030202,20260722,16,0
00317,000000030202,20260723,10,0
00317,000000030202,20260724,39,36
00317,000000030202,20260725,34,0
00317,000000030202,20260726,26,0
00317,000000030202,20260727,25,0
00317,000000030202,20260728,19,0
00317,000000030202,20260729,18,0
00317,000000030202,20260730,14,0
00317,000000030202,20260731,11,0
00317,000000030203,20260701,20,0
00317,000000030203,20260702,14,0
00317,000000030203,20260703,12,0
00317,000000030203,20260704,7,0
00317,000000030203,20260705,1,24
00317,000000030203,20260706,0,24
00317,000000030203,20260707,20,24
00317,000000030203,20260708,14,0
00317,000000030203,20260709,8,0
00317,000000030203,20260710,13,12
00317,000000030203,20260711,18,12
00317,000000030203,20260712,14,0
00317,000000030203,20260713,8,0
00317,000000030203,20260714,12,12
00317,000000030203,20260715,29,24
00317,000000030203,20260716,22,0
00317,000000030203,20260717,21,0
00317,000000030203,20260718,15,0
00317,000000030203,20260719,9,0
00317,000000030203,20260720,8,0
00317,000000030203,20260721,6,0
00317,000000030203,20260722,28,24
00317,000000030203,20260723,27,0
00317,000000030203,20260724,23,0
00317,000000030203,20260725,22,0
00317,000000030203,20260726,20,0
00317,000000030203,20260727,19,0
00317,000000030203,20260728,14,0
00317,000000030203,20260729,11,0
00317,000000030203,20260730,42,36
00317,000000030203,20260731,40,0
00317,000000031101,20260701,15.035,0
00317,000000031101,20260702,11.973,0
00317,000000031101,20260703,29.503,24
00317,000000031101,20260704,27.644,0
00317,000000031101,20260705,25.320,0
00317,000000031101,20260706,19.192,0
00317,000000031101,20260707,14.611,0
00317,000000031101,20260708,8.951,0
00317,000000031101,20260709,7.567,0
00317,000000031101,20260710,29.111,24
00317,000000031101,20260711,24.613,0
00317,000000031101,20260712,20.798,0
00317,000000031101,20260713,13.562,0
00317,000000031101,20260714,10.202,0
00317,000000031101,20260715,8.694,0
00317,000000031101,20260716,6.438,0
00317,000000031101,20260717,0.000,36
00317,000000031101,20260718,0.000,24
00317,000000031101,20260719,0.000,12
00317,000000031101,20260720,27.743,36
00317,000000031101,20260721,26.223,0
00317,000000031101,20260722,24.940,0
00317,000000031101,20260723,16.542,0
00317,000000031101,20260724,12.355,0
00317,000000031101,20260725,5.400,12
00317,000000031101,20260726,9.140,12
00317,000000031101,20260727,16.337,12
00317,000000031101,20260728,12.088,0
00317,000000031101,20260729,41.876,36
00317,000000031101,20260730,39.456,0
00317,000000031101,20260731,34.509,0
00317,000000031102,20260701,27.004,0
00317,000000031102,20260702,23.985,0
00317,000000031102,20260703,18.092,0
00317,000000031102,20260704,16.791,0
00317,000000031102,20260705,13.080,0
00317,000000031102,20260706,9.729,0
00317,000000031102,20260707,2.648,36
00317,000000031102,20260708,30.959,36
00317,000000031102,20260709,25.308,0
00317,000000031102,20260710,22.253,0
00317,000000031102,20260711,16.340,0
00317,000000031102,20260712,10.035,0
00317,000000031102,20260713,6.086,0
00317,000000031102,20260714,16.830,12
00317,000000031102,20260715,15.441,0
00317,000000031102,20260716,13.636,0
00317,000000031102,20260717,10.963,0
00317,000000031102,20260718,7.990,0
00317,000000031102,20260719,24.659,24
00317,000000031102,20260720,19.346,0
00317,000000031102,20260721,13.264,0
00317,000000031102,20260722,12.337,0
00317,000000031102,20260723,7.587,0
00317,000000031102,20260724,4.695,24
00317,000000031102,20260725,35.521,36
00317,000000031102,20260726,29.879,0
00317,000000031102,20260727,23.075,0
00317,000000031102,20260728,21.253,0
00317,000000031102,20260729,19.333,0
00317,000000031102,20260730,16.438,0
00317,000000031102,20260731,9.690,0
00317,000000040101,20260701,30.030,0
00317,000000040101,20260702,23.968,0
00317,000000040101,20260703,20.468,0
00317,000000040101,20260704,19.444,0
00317,000000040101,20260705,16.396,0
00317,000000040101,20260706,13.851,0
00317,000000040101,20260707,6.168,0
00317,000000040101,20260708,39.531,36
00317,000000040101,20260709,34.650,0
00317,000000040101,20260710,29.290,0
00317,000000040101,20260711,28.464,0
00317,000000040101,20260712,26.870,0
00317,000000040101,20260713,20.222,0
00317,000000040101,20260714,17.661,0
00317,000000040101,20260715,14.558,0
00317,000000040101,20260716,8.517,0
00317,000000040101,20260717,6.685,0
00317,000000040101,20260718,29.503,24
00317,000000040101,20260719,24.166,0
00317,000000040101,20260720,17.703,0
00317,000000040101,20260721,14.677,0
00317,000000040101,20260722,12.103,0
00317,000000040101,20260723,16.132,12
00317,000000040101,20260724,8.775,0
00317,000000040101,20260725,27.361,24
00317,000000040101,20260726,24.735,0
00317,000000040101,20260727,20.461,0
00317,000000040101,20260728,18.498,0
00317,000000040101,20260729,13.088,0
00317,000000040101,20260730,5.188,36
00317,000000040101,20260731,39.964,36
00317,000000040102,20260701,0.000,12
00317,000000040102,20260702,10.218,12
00317,000000040102,20260703,6.164,0
00317,000000040102,20260704,0.000,12
00317,000000040102,20260705,20.498,24
00317,000000040102,20260706,19.651,0
00317,000000040102,20260707,15.752,0
00317,000000040102,20260708,11.129,0
00317,000000040102,20260709,4.930,24
00317,000000040102,20260710,11.309,12
00317,000000040102,20260711,8.608,0
00317,000000040102,20260712,29.693,24
00317,000000040102,20260713,21.835,0
00317,000000040102,20260714,14.366,0
00317,000000040102,20260715,11.302,0
00317,000000040102,20260716,7.259,0
00317,000000040102,20260717,0.000,36
00317,000000040102,20260718,0.000,24
00317,000000040102,20260719,23.118,24
00317,000000040102,20260720,14.951,0
00317,000000040102,20260721,13.053,0
00317,000000040102,20260722,7.260,0
00317,000000040102,20260723,4.077,12
00317,000000040102,20260724,0.000,36
00317,000000040102,20260725,6.658,12
00317,000000040102,20260726,15.497,12
00317,000000040102,20260727,11.882,0
00317,000000040102,20260728,41.684,36
00317,000000040102,20260729,36.320,0
00317,000000040102,20260730,30.668,0
00317,000000040102,20260731,28.289,0
00317,000000040201,20260701,16,0
00317,000000040201,20260702,13,0
00317,000000040201,20260703,7,0
00317,000000040201,20260704,23,24
00317,000000040201,20260705,17,0
00317,000000040201,20260706,12,0
00317,000000040201,20260707,10,0
00317,000000040201,20260708,8,0
00317,000000040201,20260709,29,24
00317,000000040201,20260710,24,0
00317,000000040201,20260711,23,0
00317,000000040201,20260712,18,0
00317,000000040201,20260713,12,0
00317,000000040201,20260714,4,24
00317,000000040201,20260715,32,36
00317,000000040201,20260716,31,0
00317,000000040201,20260717,30,0
00317,000000040201,20260718,27,0
00317,000000040201,20260719,23,0
00317,000000040201,20260720,18,0
00317,000000040201,20260721,11,0
00317,000000040201,20260722,10,0
00317,000000040201,20260723,8,0
00317,000000040201,20260724,7,0
00317,000000040201,20260725,2,36
00317,000000040201,20260726,33,36
00317,000000040201,20260727,30,0
00317,000000040201,20260728,26,0
00317,000000040201,20260729,23,0
00317,000000040201,20260730,16,0
00317,000000040201,20260731,12,0
00317,000000040202,20260701,15,0
00317,000000040202,20260702,14,0
00317,000000040202,20260703,7,0
00317,000000040202,20260704,38,36
00317,000000040202,20260705,36,0
00317,000000040202,20260706,31,0
00317,000000040202,20260707,24,0
00317,000000040202,20260708,17,0
00317,000000040202,20260709,12,0
00317,000000040202,20260710,7,0
00317,000000040202,20260711,41,36
00317,000000040202,20260712,40,0
00317,000000040202,20260713,33,0
00317,000000040202,20260714,32,0
00317,000000040202,20260715,24,0
00317,000000040202,20260716,21,0
00317,000000040202,20260717,16,0
00317,000000040202,20260718,9,0
00317,000000040202,20260719,16,12
00317,000000040202,20260720,14,0
00317,000000040202,20260721,6,0
00317,000000040202,20260722,1,24
00317,000000040202,20260723,0,12
00317,000000040202,20260724,0,36
00317,000000040202,20260725,0,24
00317,000000040202,20260726,0,24
00317,000000040202,20260727,19,24
00317,000000040202,20260728,11,0
00317,000000040202,20260729,7,0
00317,000000040202,20260730,40,36
00317,000000040202,20260731,32,0
00317,000000040203,20260701,23,0
00317,000000040203,20260702,19,0
00317,000000040203,20260703,14,0
00317,000000040203,20260704,9,0
00317,000000040203,20260705,4,12
00317,000000040203,20260706,24,24
00317,000000040203,20260707,18,0
00317,000000040203,20260708,12,0
00317,000000040203,20260709,10,0
00317,000000040203,20260710,5,36
00317,000000040203,20260711,0,36
00317,000000040203,20260712,0,36
00317,000000040203,20260713,0,36
00317,000000040203,20260714,0,36
00317,000000040203,20260715,0,12
00317,000000040203,20260716,0,24
00317,000000040203,20260717,0,36
00317,000000040203,20260718,0,12
00317,000000040203,20260719,0,36
00317,000000040203,20260720,21,24
00317,000000040203,20260721,19,0
00317,000000040203,20260722,11,0
00317,000000040203,20260723,5,24
00317,000000040203,20260724,3,24
00317,000000040203,20260725,24,24
00317,000000040203,20260726,20,0
00317,000000040203,20260727,16,0
00317,000000040203,20260728,10,0
00317,000000040203,20260729,40,36
00317,000000040203,20260730,34,0
00317,000000040203,20260731,26,0
00317,000000005012,20260701,24,0
00317,000000005012,20260702,20,0
00317,000000005012,20260703,19,0
00317,000000005012,20260704,16,0
00317,000000005012,20260705,12,0
00317,000000005012,20260706,40,36
00317,000000005012,20260707,37,0
00317,000000005012,20260708,34,0
00317,000000005012,20260709,32,0
00317,000000005012,20260710,29,0
00317,000000005012,20260711,28,0
00317,000000005012,20260712,19,0
00317,000000005012,20260713,13,0
00317,000000005012,20260714,12,0
00317,000000005012,20260715,11,0
00317,000000005012,20260716,4,24
00317,000000005012,20260717,25,24
00317,000000005012,20260718,21,0
00317,000000005012,20260719,16,0
00317,000000005012,20260720,14,0
00317,000000005012,20260721,8,0
00317,000000005012,20260722,4,36
00317,000000005012,20260723,22,24
00317,000000005012,20260724,17,0
00317,000000005012,20260725,12,0
00317,000000005012,20260726,7,0
00317,000000005012,20260727,37,36
00317,000000005012,20260728,33,0
00317,000000005012,20260729,26,0
00317,000000005012,20260730,23,0
00317,000000005012,20260731,17,0
00317,000000005013,20260701,33,36
00317,000000005013,20260702,28,0
00317,000000005013,20260703,21,0
00317,000000005013,20260704,16,0
00317,000000005013,20260705,13,0
00317,000000005013,20260706,10,0
00317,000000005013,20260707,39,36
00317,000000005013,20260708,37,0
00317,000000005013,20260709,30,0
00317,000000005013,20260710,28,0
00317,000000005013,20260711,27,0
00317,000000005013,20260712,21,0
00317,000000005013,20260713,14,0
00317,000000005013,20260714,11,0
00317,000000005013,20260715,5,24
00317,000000005013,20260716,1,12
00317,000000005013,20260717,0,24
00317,000000005013,20260718,0,12
00317,000000005013,20260719,0,24
00317,000000005013,20260720,0,24
00317,000000005013,20260721,10,12
00317,000000005013,20260722,29,24
00317,000000005013,20260723,25,0
00317,000000005013,20260724,22,0
00317,000000005013,20260725,17,0
00317,000000005013,20260726,13,0
00317,000000005013,20260727,6,0
00317,000000005013,20260728,2,12
00317,000000005013,20260729,31,36
00317,000000005013,20260730,29,0
00317,000000005013,20260731,23,0
00317,000000005020,20260701,24,0
00317,000000005020,20260702,18,0
00317,000000005020,20260703,15,0
00317,000000005020,20260704,7,0
00317,000000005020,20260705,17,12
00317,000000005020,20260706,13,0
00317,000000005020,20260707,41,36
00317,000000005020,20260708,34,0
00317,000000005020,20260709,31,0
00317,000000005020,20260710,28,0
00317,000000005020,20260711,27,0
00317,000000005020,20260712,20,0
00317,000000005020,20260713,16,0
00317,000000005020,20260714,13,0
00317,000000005020,20260715,11,0
00317,000000005020,20260716,9,0
00317,000000005020,20260717,40,36
00317,000000005020,20260718,39,0
00317,000000005020,20260719,38,0
00317,000000005020,20260720,30,0
00317,000000005020,20260721,29,0
00317,000000005020,20260722,26,0
00317,000000005020,20260723,20,0
00317,000000005020,20260724,19,0
00317,000000005020,20260725,14,0
00317,000000005020,20260726,12,0
00317,000000005020,20260727,10,0
00317,000000005020,20260728,7,0
00317,000000005020,20260729,40,36
00317,000000005020,20260730,37,0
00317,000000005020,20260731,36,0
00317,000000005101,20260701,5,36
00317,000000005101,20260702,16,12
00317,000000005101,20260703,8,0
00317,000000005101,20260704,0,12
00317,000000005101,20260705,21,24
00317,000000005101,20260706,16,0
00317,000000005101,20260707,9,0
00317,000000005101,20260708,40,36
00317,000000005101,20260709,32,0
00317,000000005101,20260710,25,0
00317,000000005101,20260711,19,0
00317,000000005101,20260712,14,0
00317,000000005101,20260713,10,0
00317,000000005101,20260714,9,0
00317,000000005101,20260715,1,24
00317,000000005101,20260716,0,24
00317,000000005101,20260717,6,12
00317,000000005101,20260718,41,36
00317,000000005101,20260719,39,0
00317,000000005101,20260720,37,0
00317,000000005101,20260721,35,0
00317,000000005101,20260722,28,0
00317,000000005101,20260723,27,0
00317,000000005101,20260724,19,0
00317,000000005101,20260725,17,0
00317,000000005101,20260726,10,0
00317,000000005101,20260727,18,12
00317,000000005101,20260728,11,0
00317,000000005101,20260729,15,12
00317,000000005101,20260730,10,0
00317,000000005101,20260731,6,0
00317,000000005102,20260701,22,24
00317,000000005102,20260702,16,0
00317,000000005102,20260703,9,0
00317,000000005102,20260704,6,0
00317,000000005102,20260705,0,12
00317,000000005102,20260706,0,36
00317,000000005102,20260707,0,24
00317,000000005102,20260708,7,12
00317,000000005102,20260709,36,36
00317,000000005102,20260710,34,0
00317,000000005102,20260711,28,0
00317,000000005102,20260712,21,0
00317,000000005102,20260713,17,0
00317,000000005102,20260714,9,0
00317,000000005102,20260715,1,12
00317,000000005102,20260716,0,24
00317,000000005102,20260717,6,12
00317,000000005102,20260718,12,12
00317,000000005102,20260719,4,12
00317,000000005102,20260720,0,12
00317,000000005102,20260721,0,24
00317,000000005102,20260722,32,36
00317,000000005102,20260723,28,0
00317,000000005102,20260724,24,0
00317,000000005102,20260725,18,0
00317,000000005102,20260726,15,0
00317,000000005102,20260727,7,0
00317,000000005102,20260728,2,36
00317,000000005102,20260729,23,24
00317,000000005102,20260730,19,0
00317,000000005102,20260731,12,0
00317,000000005103,20260701,24,0
00317,000000005103,20260702,22,0
00317,000000005103,20260703,17,0
00317,000000005103,20260704,15,0
00317,000000005103,20260705,13,0
00317,000000005103,20260706,11,0
00317,000000005103,20260707,28,24
00317,000000005103,20260708,23,0
00317,000000005103,20260709,17,0
00317,000000005103,20260710,10,0
00317,000000005103,20260711,28,24
00317,000000005103,20260712,20,0
00317,000000005103,20260713,16,0
00317,000000005103,20260714,13,0
00317,000000005103,20260715,10,0
00317,000000005103,20260716,38,36
00317,000000005103,20260717,32,0
00317,000000005103,20260718,26,0
00317,000000005103,20260719,23,0
00317,000000005103,20260720,16,0
00317,000000005103,20260721,8,0
00317,000000005103,20260722,7,0
00317,000000005103,20260723,5,24
00317,000000005103,20260724,3,12
00317,000000005103,20260725,0,12
00317,000000005103,20260726,0,36
00317,000000005103,20260727,16,24
00317,000000005103,20260728,11,0
00317,000000005103,20260729,29,24
00317,000000005103,20260730,23,0
00317,000000005103,20260731,18,0
00317,000000005201,20260701,3,24
00317,000000005201,20260702,32,36
00317,000000005201,20260703,26,0
00317,000000005201,20260704,23,0
00317,000000005201,20260705,18,0
00317,000000005201,20260706,17,0
00317,000000005201,20260707,12,0
00317,000000005201,20260708,17,12
00317,000000005201,20260709,12,0
00317,000000005201,20260710,6,24
00317,000000005201,20260711,12,12
00317,000000005201,20260712,9,0
00317,000000005201,20260713,39,36
00317,000000005201,20260714,34,0
00317,000000005201,20260715,29,0
00317,000000005201,20260716,22,0
00317,000000005201,20260717,14,0
00317,000000005201,20260718,9,0
00317,000000005201,20260719,28,24
00317,000000005201,20260720,27,0
00317,000000005201,20260721,19,0
00317,000000005201,20260722,18,0
00317,000000005201,20260723,11,0
00317,000000005201,20260724,8,0
00317,000000005201,20260725,30,24
00317,000000005201,20260726,22,0
00317,000000005201,20260727,16,0
00317,000000005201,20260728,10,0
00317,000000005201,20260729,6,0
00317,000000005201,20260730,3,12
00317,000000005201,20260731,34,36
00317,000000005202,20260701,11,0
00317,000000005202,20260702,7,0
00317,000000005202,20260703,1,12
00317,000000005202,20260704,30,36
00317,000000005202,20260705,28,0
00317,000000005202,20260706,23,0
00317,000000005202,20260707,16,0
00317,000000005202,20260708,8,0
00317,000000005202,20260709,25,24
00317,000000005202,20260710,24,0
00317,000000005202,20260711,16,0
00317,000000005202,20260712,12,0
00317,000000005202,20260713,17,12
00317,000000005202,20260714,14,0
00317,000000005202,20260715,12,0
00317,000000005202,20260716,8,0
00317,000000005202,20260717,0,36
00317,000000005202,20260718,21,24
00317,000000005202,20260719,19,0
00317,000000005202,20260720,15,0
00317,000000005202,20260721,12,0
00317,000000005202,20260722,10,0
00317,000000005202,20260723,16,12
00317,000000005202,20260724,13,0
00317,000000005202,20260725,10,0
00317,000000005202,20260726,2,36
00317,000000005202,20260727,0,36
00317,000000005202,20260728,22,24
00317,000000005202,20260729,20,0
00317,000000005202,20260730,19,0
00317,000000005202,20260731,11,0
00317,000000005301,20260701,7,0
00317,000000005301,20260702,13,12
00317,000000005301,20260703,6,0
00317,000000005301,20260704,11,12
00317,000000005301,20260705,6,0
00317,000000005301,20260706,40,36
00317,000000005301,20260707,36,0
00317,000000005301,20260708,32,0
00317,000000005301,20260709,24,0
00317,000000005301,20260710,21,0
00317,000000005301,20260711,18,0
00317,000000005301,20260712,14,0
00317,000000005301,20260713,10,0
00317,000000005301,20260714,-3,0
00317,000000005301,20260715,41,36
00317,000000005301,20260716,37,0
00317,000000005301,20260717,35,0
00317,000000005301,20260718,31,0
00317,000000005301,20260719,22,0
00317,000000005301,20260720,16,0
00317,000000005301,20260721,8,0
00317,000000005301,20260722,0,24
00317,000000005301,20260723,5,12
00317,000000005301,20260724,33,36
00317,000000005301,20260725,30,0
00317,000000005301,20260726,25,0
00317,000000005301,20260727,22,0
00317,000000005301,20260728,18,0
00317,000000005301,20260729,13,0
00317,000000005301,20260730,29,24
00317,000000005301,20260731,27,0
00317,000000005302,20260701,28,24
00317,000000005302,20260702,25,0
00317,000000005302,20260703,19,0
00317,000000005302,20260704,17,0
00317,000000005302,20260705,14,0
00317,000000005302,20260706,10,0
00317,000000005302,20260707,7,0
00317,000000005302,20260708,28,24
00317,000000005302,20260709,24,0
00317,000000005302,20260710,20,0
00317,000000005302,20260711,16,0
00317,000000005302,20260712,10,0
00317,000000005302,20260713,4,36
00317,000000005302,20260714,0,24
00317,000000005302,20260715,11,12
00317,000000005302,20260716,8,0
00317,000000005302,20260717,3,12
00317,000000005302,20260718,7,12
00317,000000005302,20260719,18,12
00317,000000005302,20260720,15,0
00317,000000005302,20260721,14,0
00317,000000005302,20260722,11,0
00317,000000005302,20260723,29,24
00317,000000005302,20260724,21,0
00317,000000005302,20260725,20,0
00317,000000005302,20260726,16,0
00317,000000005302,20260727,13,0
00317,000000005302,20260728,41,36
00317,000000005302,20260729,37,0
00317,000000005302,20260730,32,0
00317,000000005302,20260731,23,0
00317,000004471023,20260701,9,0
00317,000004471023,20260702,29,24
00317,000004471023,20260703,28,0
00317,000004471023,20260704,26,0
00317,000004471023,20260705,20,0
00317,000004471023,20260706,19,0
00317,000004471023,20260707,18,0
00317,000004471023,20260708,13,0
00317,000004471023,20260709,7,0
00317,000004471023,20260710,38,36
00317,000004471023,20260711,37,0
00317,000004471023,20260712,35,0
00317,000004471023,20260713,34,0
00317,000004471023,20260714,32,0
00317,000004471023,20260715,30,0
00317,000004471023,20260716,28,0
00317,000004471023,20260717,24,0
00317,000004471023,20260718,22,0
00317,000004471023,20260719,20,0
00317,000004471023,20260720,16,0
00317,000004471023,20260721,11,0
00317,000004471023,20260722,42,36
00317,000004471023,20260723,36,0
00317,000004471023,20260724,31,0
00317,000004471023,20260725,30,0
00317,000004471023,20260726,26,0
00317,000004471023,20260727,24,0
00317,000004471023,20260728,20,0
00317,000004471023,20260729,15,0
00317,000004471023,20260730,14,0
00317,000004471023,20260731,10,0
00317,000004471030,20260701,22,0
00317,000004471030,20260702,20,0
00317,000004471030,20260703,19,0
00317,000004471030,20260704,18,0
00317,000004471030,20260705,14,0
00317,000004471030,20260706,11,0
00317,000004471030,20260707,18,12
00317,000004471030,20260708,14,0
00317,000004471030,20260709,12,0
00317,000004471030,20260710,8,0
00317,000004471030,20260711,41,36
00317,000004471030,20260712,38,0
00317,000004471030,20260713,36,0
00317,000004471030,20260714,35,0
00317,000004471030,20260715,33,0
00317,000004471030,20260716,32,0
00317,000004471030,20260717,31,0
00317,000004471030,20260718,27,0
00317,000004471030,20260719,23,0
00317,000004471030,20260720,18,0
00317,000004471030,20260721,15,0
00317,000004471030,20260722,13,0
00317,000004471030,20260723,10,0
00317,000004471030,20260724,5,24
00317,000004471030,20260725,12,12
00317,000004471030,20260726,10,0
00317,000004471030,20260727,8,0
00317,000004471030,20260728,6,0
00317,000004471030,20260729,39,36
00317,000004471030,20260730,37,0
00317,000004471030,20260731,33,0
00317,000004471040,20260701,7,0
00317,000004471040,20260702,27,24
00317,000004471040,20260703,24,0
00317,000004471040,20260704,19,0
00317,000004471040,20260705,18,0
00317,000004471040,20260706,16,0
00317,000004471040,20260707,15,0
00317,000004471040,20260708,13,0
00317,000004471040,20260709,9,0
00317,000004471040,20260710,8,0
00317,000004471040,20260711,14,12
00317,000004471040,20260712,10,0
00317,000004471040,20260713,41,36
00317,000004471040,20260714,38,0
00317,000004471040,20260715,35,0
00317,000004471040,20260716,30,0
00317,000004471040,20260717,25,0
00317,000004471040,20260718,23,0
00317,000004471040,20260719,17,0
00317,000004471040,20260720,13,0
00317,000004471040,20260721,10,0
00317,000004471040,20260722,9,0
00317,000004471040,20260723,16,12
00317,000004471040,20260724,12,0
00317,000004471040,20260725,9,0
00317,000004471040,20260726,18,12
00317,000004471040,20260727,14,0
00317,000004471040,20260728,13,0
00317,000004471040,20260729,13,0
00317,000004471040,20260730,10,0
00317,000004471040,20260731,8,0
00317,000004472001,20260701,15,0
00317,000004472001,20260702,11,0
00317,000004472001,20260703,17,12
00317,000004472001,20260704,13,0
00317,000004472001,20260705,7,0
00317,000004472001,20260706,28,24
00317,000004472001,20260707,27,0
00317,000004472001,20260708,22,0
00317,000004472001,20260709,19,0
00317,000004472001,20260710,14,0
00317,000004472001,20260711,13,0
00317,000004472001,20260712,11,0
00317,000004472001,20260713,8,0
00317,000004472001,20260714,15,12
00317,000004472001,20260715,13,0
00317,000004472001,20260716,8,0
00317,000004472001,20260717,3,12
00317,000004472001,20260718,37,36
00317,000004472001,20260719,35,0
00317,000004472001,20260720,32,0
00317,000004472001,20260721,28,0
00317,000004472001,20260722,28,0
00317,000004472001,20260723,25,0
00317,000004472001,20260724,20,0
00317,000004472001,20260725,15,0
00317,000004472001,20260726,10,0
00317,000004472001,20260727,30,24
00317,000004472001,20260728,24,0
00317,000004472001,20260729,20,0
00317,000004472001,20260730,17,0
00317,000004472001,20260731,15,0
00317,000004472002,20260701,7,0
00317,000004472002,20260702,17,12
00317,000004472002,20260703,14,0
00317,000004472002,20260704,9,0
00317,000004472002,20260705,29,24
00317,000004472002,20260706,25,0
00317,000004472002,20260707,21,0
00317,000004472002,20260708,18,0
00317,000004472002,20260709,17,0
00317,000004472002,20260710,14,0
00317,000004472002,20260711,11,0
00317,000004472002,20260712,8,0
00317,000004472002,20260713,4,12
00317,000004472002,20260714,13,12
00317,000004472002,20260715,8,0
00317,000004472002,20260716,6,0
00317,000004472002,20260717,39,36
00317,000004472002,20260718,38,0
00317,000004472002,20260719,35,0
00317,000004472002,20260720,33,0
00317,000004472002,20260721,30,0
00317,000004472002,20260722,28,0
00317,000004472002,20260723,26,0
00317,000004472002,20260724,21,0
00317,000004472002,20260725,20,0
00317,000004472002,20260726,18,0
00317,000004472002,20260727,17,0
00317,000004472002,20260728,15,0
00317,000004472002,20260729,12,0
00317,000004472002,20260730,10,0
00317,000004472002,20260731,8,0
00317,000004472003,20260701,27,0
00317,000004472003,20260702,21,0
00317,000004472003,20260703,17,0
00317,000004472003,20260704,12,0
00317,000004472003,20260705,7,0
00317,000004472003,20260706,30,24
00317,000004472003,20260707,26,0
00317,000004472003,20260708,23,0
00317,000004472003,20260709,21,0
00317,000004472003,20260710,18,0
00317,000004472003,20260711,13,0
00317,000004472003,20260712,8,0
00317,000004472003,20260713,6,0
00317,000004472003,20260714,41,36
00317,000004472003,20260715,39,0
00317,000004472003,20260716,36,0
00317,000004472003,20260717,36,0
00317,000004472003,20260718,34,0
00317,000004472003,20260719,30,0
00317,000004472003,20260720,28,0
00317,000004472003,20260721,24,0
00317,000004472003,20260722,21,0
00317,000004472003,20260723,16,0
00317,000004472003,20260724,13,0
00317,000004472003,20260725,9,0
00317,000004472003,20260726,4,12
00317,000004472003,20260727,37,36
00317,000004472003,20260728,36,0
00317,000004472003,20260729,33,0
00317,000004472003,20260730,27,0
00317,000004472003,20260731,26,0
00317,000004473001,20260701,19,0
00317,000004473001,20260702,14,0
00317,000004473001,20260703,9,0
00317,000004473001,20260704,4,12
00317,000004473001,20260705,25,24
00317,000004473001,20260706,22,0
00317,000004473001,20260707,17,0
00317,000004473001,20260708,16,0
00317,000004473001,20260709,11,0
00317,000004473001,20260710,8,0
00317,000004473001,20260711,7,0
00317,000004473001,20260712,28,24
00317,000004473001,20260713,26,0
00317,000004473001,20260714,25,0
00317,000004473001,20260715,24,0
00317,000004473001,20260716,23,0
00317,000004473001,20260717,18,0
00317,000004473001,20260718,16,0
00317,000004473001,20260719,11,0
00317,000004473001,20260720,9,0
00317,000004473001,20260721,28,24
00317,000004473001,20260722,28,0
00317,000004473001,20260723,26,0
00317,000004473001,20260724,25,0
00317,000004473001,20260725,19,0
00317,000004473001,20260726,19,0
00317,000004473001,20260727,15,0
00317,000004473001,20260728,14,0
00317,000004473001,20260729,8,0
00317,000004473001,20260730,27,24
00317,000004473001,20260731,21,0
00317,000004473002,20260701,32,0
00317,000004473002,20260702,26,0
00317,000004473002,20260703,24,0
00317,000004473002,20260704,22,0
00317,000004473002,20260705,19,0
00317,000004473002,20260706,18,0
00317,000004473002,20260707,15,0
00317,000004473002,20260708,11,0
00317,000004473002,20260709,8,0
00317,000004473002,20260710,5,36
00317,000004473002,20260711,14,12
00317,000004473002,20260712,9,0
00317,000004473002,20260713,30,24
00317,000004473002,20260714,27,0
00317,000004473002,20260715,26,0
00317,000004473002,20260716,21,0
00317,000004473002,20260717,19,0
00317,000004473002,20260718,17,0
00317,000004473002,20260719,11,0
00317,000004473002,20260720,9,0
00317,000004473002,20260721,7,0
00317,000004473002,20260722,5,24
00317,000004473002,20260723,28,24
00317,000004473002,20260724,22,0
00317,000004473002,20260725,22,0
00317,000004473002,20260726,19,0
00317,000004473002,20260727,18,0
00317,000004473002,20260728,17,0
00317,000004473002,20260729,15,0
00317,000004473002,20260730,10,0
00317,000004473002,20260731,8,0
00317,000004473003,20260701,18,12
00317,000004473003,20260702,14,0
00317,000004473003,20260703,10,0
00317,000004473003,20260704,41,36
00317,000004473003,20260705,39,0
00317,000004473003,20260706,35,0
00317,000004473003,20260707,33,0
00317,000004473003,20260708,29,0
00317,000004473003,20260709,27,0
00317,000004473003,20260710,21,0
00317,000004473003,20260711,17,0
00317,000004473003,20260712,14,0
00317,000004473003,20260713,9,0
00317,000004473003,20260714,8,0
00317,000004473003,20260715,5,12
00317,000004473003,20260716,40,36
00317,000004473003,20260717,38,0
00317,000004473003,20260718,38,0
00317,000004473003,20260719,37,0
00317,000004473003,20260720,31,0
00317,000004473003,20260721,26,0
00317,000004473003,20260722,24,0
00317,000004473003,20260723,20,0
00317,000004473003,20260724,17,0
00317,000004473003,20260725,16,0
00317,000004473003,20260726,13,0
00317,000004473003,20260727,11,0
00317,000004473003,20260728,8,0
00317,000004473003,20260729,26,24
00317,000004473003,20260730,25,0
00317,000004473003,20260731,24,0
00317,000004481001,20260701,23,0
00317,000004481001,20260702,19,0
00317,000004481001,20260703,18,0
00317,000004481001,20260704,13,0
00317,000004481001,20260705,10,0
00317,000004481001,20260706,8,0
00317,000004481001,20260707,7,0
00317,000004481001,20260708,27,24
00317,000004481001,20260709,23,0
00317,000004481001,20260710,23,0
00317,000004481001,20260711,22,0
00317,000004481001,20260712,17,0
00317,000004481001,20260713,16,0
00317,000004481001,20260714,14,0
00317,000004481001,20260715,12,0
00317,000004481001,20260716,10,0
00317,000004481001,20260717,7,0
00317,000004481001,20260718,6,0
00317,000004481001,20260719,28,24
00317,000004481001,20260720,25,0
00317,000004481001,20260721,23,0
00317,000004481001,20260722,19,0
00317,000004481001,20260723,15,0
00317,000004481001,20260724,13,0
00317,000004481001,20260725,12,0
00317,000004481001,20260726,6,0
00317,000004481001,20260727,29,24
00317,000004481001,20260728,27,0
00317,000004481001,20260729,24,0
00317,000004481001,20260730,20,0
00317,000004481001,20260731,14,0
00317,000004481003,20260701,7,0
00317,000004481003,20260702,15,12
00317,000004481003,20260703,10,0
00317,000004481003,20260704,8,0
00317,000004481003,20260705,15,12
00317,000004481003,20260706,10,0
00317,000004481003,20260707,6,0
00317,000004481003,20260708,1,36
00317,000004481003,20260709,35,36
00317,000004481003,20260710,30,0
00317,000004481003,20260711,27,0
00317,000004481003,20260712,26,0
00317,000004481003,20260713,21,0
00317,000004481003,20260714,20,0
00317,000004481003,20260715,18,0
00317,000004481003,20260716,13,0
00317,000004481003,20260717,11,0
00317,000004481003,20260718,9,0
00317,000004481003,20260719,7,0
00317,000004481003,20260720,27,24
00317,000004481003,20260721,21,0
00317,000004481003,20260722,19,0
00317,000004481003,20260723,16,0
00317,000004481003,20260724,13,0
00317,000004481003,20260725,10,0
00317,000004481003,20260726,17,12
00317,000004481003,20260727,11,0
00317,000004481003,20260728,8,0
00317,000004481003,20260729,17,12
00317,000004481003,20260730,16,0
00317,000004481003,20260731,10,0
00317,000004482001,20260701,5,12
00317,000004482001,20260702,36,36
00317,000004482001,20260703,34,0
00317,000004482001,20260704,32,0
00317,000004482001,20260705,31,0
00317,000004482001,20260706,30,0
00317,000004482001,20260707,29,0
00317,000004482001,20260708,26,0
00317,000004482001,20260709,25,0
00317,000004482001,20260710,19,0
00317,000004482001,20260711,13,0
00317,000004482001,20260712,11,0
00317,000004482001,20260713,42,36
00317,000004482001,20260714,37,0
00317,000004482001,20260715,35,0
00317,000004482001,20260716,30,0
00317,000004482001,20260717,26,0
00317,000004482001,20260718,22,0
00317,000004482001,20260719,20,0
00317,000004482001,20260720,18,0
00317,000004482001,20260721,14,0
00317,000004482001,20260722,12,0
00317,000004482001,20260723,7,0
00317,000004482001,20260724,26,24
00317,000004482001,20260725,22,0
00317,000004482001,20260726,19,0
00317,000004482001,20260727,13,0
00317,000004482001,20260728,11,0
00317,000004482001,20260729,8,0
00317,000004482001,20260730,7,0
00317,000004482001,20260731,5,36
00317,000004482002,20260701,15,0
00317,000004482002,20260702,11,0
00317,000004482002,20260703,29,24
00317,000004482002,20260704,26,0
00317,000004482002,20260705,21,0
00317,000004482002,20260706,18,0
00317,000004482002,20260707,14,0
00317,000004482002,20260708,11,0
00317,000004482002,20260709,7,0
00317,000004482002,20260710,16,12
00317,000004482002,20260711,15,0
00317,000004482002,20260712,13,0
00317,000004482002,20260713,7,0
00317,000004482002,20260714,42,36
00317,000004482002,20260715,39,0
00317,000004482002,20260716,34,0
00317,000004482002,20260717,29,0
00317,000004482002,20260718,25,0
00317,000004482002,20260719,23,0
00317,000004482002,20260720,18,0
00317,000004482002,20260721,15,0
00317,000004482002,20260722,13,0
00317,000004482002,20260723,8,0
00317,000004482002,20260724,17,12
00317,000004482002,20260725,13,0
00317,000004482002,20260726,12,0
00317,000004482002,20260727,7,0
00317,000004482002,20260728,2,12
00317,000004482002,20260729,37,36
00317,000004482002,20260730,36,0
00317,000004482002,20260731,33,0
00317,000004482003,20260701,13,0
00317,000004482003,20260702,8,0
00317,000004482003,20260703,39,36
00317,000004482003,20260704,36,0
00317,000004482003,20260705,30,0
00317,000004482003,20260706,26,0
00317,000004482003,20260707,25,0
00317,000004482003,20260708,21,0
00317,000004482003,20260709,17,0
00317,000004482003,20260710,15,0
00317,000004482003,20260711,11,0
00317,000004482003,20260712,6,36
00317,000004482003,20260713,16,12
00317,000004482003,20260714,11,0
00317,000004482003,20260715,9,0
00317,000004482003,20260716,40,36
00317,000004482003,20260717,37,0
00317,000004482003,20260718,34,0
00317,000004482003,20260719,31,0
00317,000004482003,20260720,27,0
00317,000004482003,20260721,22,0
00317,000004482003,20260722,20,0
00317,000004482003,20260723,18,0
00317,000004482003,20260724,14,0
00317,000004482003,20260725,10,0
00317,000004482003,20260726,16,12
00317,000004482003,20260727,12,0
00317,000004482003,20260728,6,0
00317,000004482003,20260729,26,24
00317,000004482003,20260730,25,0
00317,000004482003,20260731,23,0
00317,000004483001,20260701,8,0
00317,000004483001,20260702,5,36
00317,000004483001,20260703,12,12
00317,000004483001,20260704,8,0
00317,000004483001,20260705,5,24
00317,000004483001,20260706,39,36
00317,000004483001,20260707,36,0
00317,000004483001,20260708,30,0
00317,000004483001,20260709,29,0
00317,000004483001,20260710,28,0
00317,000004483001,20260711,23,0
00317,000004483001,20260712,22,0
00317,000004483001,20260713,16,0
00317,000004483001,20260714,14,0
00317,000004483001,20260715,13,0
00317,000004483001,20260716,9,0
00317,000004483001,20260717,4,12
00317,000004483001,20260718,10,12
00317,000004483001,20260719,7,0
00317,000004483001,20260720,3,36
00317,000004483001,20260721,11,12
00317,000004483001,20260722,7,0
00317,000004483001,20260723,15,12
00317,000004483001,20260724,14,0
00317,000004483001,20260725,9,0
00317,000004483001,20260726,9,0
00317,000004483001,20260727,41,36
00317,000004483001,20260728,39,0
00317,000004483001,20260729,34,0
00317,000004483001,20260730,29,0
00317,000004483001,20260731,25,0
00317,000004483002,20260701,29,0
00317,000004483002,20260702,23,0
00317,000004483002,20260703,23,0
00317,000004483002,20260704,19,0
00317,000004483002,20260705,17,0
00317,000004483002,20260706,12,0
00317,000004483002,20260707,6,0
00317,000004483002,20260708,15,12
00317,000004483002,20260709,9,0
00317,000004483002,20260710,39,36
00317,000004483002,20260711,36,0
00317,000004483002,20260712,32,0
00317,000004483002,20260713,28,0
00317,000004483002,20260714,22,0
00317,000004483002,20260715,16,0
00317,000004483002,20260716,10,0
00317,000004483002,20260717,17,12
00317,000004483002,20260718,15,0
00317,000004483002,20260719,12,0
00317,000004483002,20260720,11,0
00317,000004483002,20260721,7,0
00317,000004483002,20260722,42,36
00317,000004483002,20260723,41,0
00317,000004483002,20260724,36,0
00317,000004483002,20260725,32,0
00317,000004483002,20260726,29,0
00317,000004483002,20260727,24,0
00317,000004483002,20260728,22,0
00317,000004483002,20260729,18,0
00317,000004483002,20260730,16,0
00317,000004483002,20260731,13,0
00317,000004491001,20260701,21,0
00317,000004491001,20260702,17,0
00317,000004491001,20260703,14,0
00317,000004491001,20260704,10,0
00317,000004491001,20260705,9,0
00317,000004491001,20260706,4,24
00317,000004491001,20260707,23,24
00317,000004491001,20260708,22,0
00317,000004491001,20260709,19,0
00317,000004491001,20260710,16,0
00317,000004491001,20260711,11,0
00317,000004491001,20260712,18,12
00317,000004491001,20260713,17,0
00317,000004491001,20260714,15,0
00317,000004491001,20260715,13,0
00317,000004491001,20260716,8,0
00317,000004491001,20260717,15,12
00317,000004491001,20260718,11,0
00317,000004491001,20260719,41,36
00317,000004491001,20260720,39,0
00317,000004491001,20260721,34,0
00317,000004491001,20260722,33,0
00317,000004491001,20260723,30,0
00317,000004491001,20260724,30,0
00317,000004491001,20260725,26,0
00317,000004491001,20260726,21,0
00317,000004491001,20260727,17,0
00317,000004491001,20260728,15,0
00317,000004491001,20260729,10,0
00317,000004491001,20260730,7,0
00317,000004491001,20260731,15,12
00317,000004491002,20260701,34,0
00317,000004491002,20260702,33,0
00317,000004491002,20260703,29,0
00317,000004491002,20260704,23,0
00317,000004491002,20260705,22,0
00317,000004491002,20260706,21,0
00317,000004491002,20260707,17,0
00317,000004491002,20260708,15,0
00317,000004491002,20260709,9,0
00317,000004491002,20260710,41,36
00317,000004491002,20260711,36,0
00317,000004491002,20260712,35,0
00317,000004491002,20260713,33,0
00317,000004491002,20260714,29,0
00317,000004491002,20260715,25,0
00317,000004491002,20260716,21,0
00317,000004491002,20260717,16,0
00317,000004491002,20260718,11,0
00317,000004491002,20260719,6,0
00317,000004491002,20260720,39,36
00317,000004491002,20260721,35,0
00317,000004491002,20260722,30,0
00317,000004491002,20260723,27,0
00317,000004491002,20260724,21,0
00317,000004491002,20260725,17,0
00317,000004491002,20260726,12,0
00317,000004491002,20260727,11,0
00317,000004491002,20260728,7,0
00317,000004491002,20260729,27,24
00317,000004491002,20260730,22,0
00317,000004491002,20260731,19,0
00317,000004491003,20260701,8,0
00317,000004491003,20260702,7,0
00317,000004491003,20260703,6,36
00317,000004491003,20260704,36,36
00317,000004491003,20260705,33,0
00317,000004491003,20260706,27,0
00317,000004491003,20260707,25,0
00317,000004491003,20260708,23,0
00317,000004491003,20260709,21,0
00317,000004491003,20260710,16,0
00317,000004491003,20260711,15,0
00317,000004491003,20260712,9,0
00317,000004491003,20260713,7,0
00317,000004491003,20260714,27,24
00317,000004491003,20260715,22,0
00317,000004491003,20260716,20,0
00317,000004491003,20260717,20,0
00317,000004491003,20260718,17,0
00317,000004491003,20260719,13,0
00317,000004491003,20260720,10,0
00317,000004491003,20260721,9,0
00317,000004491003,20260722,8,0
00317,000004491003,20260723,28,24
00317,000004491003,20260724,24,0
00317,000004491003,20260725,23,0
00317,000004491003,20260726,18,0
00317,000004491003,20260727,17,0
00317,000004491003,20260728,14,0
00317,000004491003,20260729,12,0
00317,000004491003,20260730,7,0
00317,000004491003,20260731,16,12
00317,000004492001,20260701,15,0
00317,000004492001,20260702,11,0
00317,000004492001,20260703,8,0
00317,000004492001,20260704,15,12
00317,000004492001,20260705,13,0
00317,000004492001,20260706,11,0
00317,000004492001,20260707,10,0
00317,000004492001,20260708,9,0
00317,000004492001,20260709,16,12
00317,000004492001,20260710,14,0
00317,000004492001,20260711,10,0
00317,000004492001,20260712,6,0
00317,000004492001,20260713,28,24
00317,000004492001,20260714,24,0
00317,000004492001,20260715,22,0
00317,000004492001,20260716,20,0
00317,000004492001,20260717,19,0
00317,000004492001,20260718,16,0
00317,000004492001,20260719,13,0
00317,000004492001,20260720,9,0
00317,000004492001,20260721,18,12
00317,000004492001,20260722,14,0
00317,000004492001,20260723,13,0
00317,000004492001,20260724,8,0
00317,000004492001,20260725,27,24
00317,000004492001,20260726,22,0
00317,000004492001,20260727,16,0
00317,000004492001,20260728,13,0
00317,000004492001,20260729,10,0
00317,000004492001,20260730,10,0
00317,000004492001,20260731,8,0
00317,000004492002,20260701,9,0
00317,000004492002,20260702,30,24
00317,000004492002,20260703,26,0
00317,000004492002,20260704,23,0
00317,000004492002,20260705,19,0
00317,000004492002,20260706,17,0
00317,000004492002,20260707,12,0
00317,000004492002,20260708,10,0
00317,000004492002,20260709,9,0
00317,000004492002,20260710,17,12
00317,000004492002,20260711,16,0
00317,000004492002,20260712,13,0
00317,000004492002,20260713,10,0
00317,000004492002,20260714,8,0
00317,000004492002,20260715,29,24
00317,000004492002,20260716,27,0
00317,000004492002,20260717,23,0
00317,000004492002,20260718,18,0
00317,000004492002,20260719,17,0
00317,000004492002,20260720,16,0
00317,000004492002,20260721,15,0
00317,000004492002,20260722,10,0
00317,000004492002,20260723,9,0
00317,000004492002,20260724,4,12
00317,000004492002,20260725,1,24
00317,000004492002,20260726,7,12
00317,000004492002,20260727,6,12
00317,000004492002,20260728,40,36
00317,000004492002,20260729,34,0
00317,000004492002,20260730,28,0
00317,000004492002,20260731,25,0
00317,000004492003,20260701,30,0
00317,000004492003,20260702,29,0
00317,000004492003,20260703,27,0
00317,000004492003,20260704,21,0
00317,000004492003,20260705,21,0
00317,000004492003,20260706,18,0
00317,000004492003,20260707,14,0
00317,000004492003,20260708,13,0
00317,000004492003,20260709,11,0
00317,000004492003,20260710,9,0
00317,000004492003,20260711,17,12
00317,000004492003,20260712,14,0
00317,000004492003,20260713,11,0
00317,000004492003,20260714,10,0
00317,000004492003,20260715,41,36
00317,000004492003,20260716,36,0
00317,000004492003,20260717,31,0
00317,000004492003,20260718,29,0
00317,000004492003,20260719,24,0
00317,000004492003,20260720,23,0
00317,000004492003,20260721,20,0
00317,000004492003,20260722,17,0
00317,000004492003,20260723,12,0
00317,000004492003,20260724,11,0
00317,000004492003,20260725,9,0
00317,000004492003,20260726,16,12
00317,000004492003,20260727,10,0
00317,000004492003,20260728,41,36
00317,000004492003,20260729,37,0
00317,000004492003,20260730,34,0
00317,000004492003,20260731,31,0
00317,000004493001,20260701,19,0
00317,000004493001,20260702,18,0
00317,000004493001,20260703,13,0
00317,000004493001,20260704,10,0
00317,000004493001,20260705,7,0
00317,000004493001,20260706,2,36
00317,000004493001,20260707,0,24
00317,000004493001,20260708,22,24
00317,000004493001,20260709,18,0
00317,000004493001,20260710,18,0
00317,000004493001,20260711,15,0
00317,000004493001,20260712,11,0
00317,000004493001,20260713,8,0
00317,000004493001,20260714,2,24
00317,000004493001,20260715,13,12
00317,000004493001,20260716,10,0
00317,000004493001,20260717,28,24
00317,000004493001,20260718,25,0
00317,000004493001,20260719,24,0
00317,000004493001,20260720,23,0
00317,000004493001,20260721,19,0
00317,000004493001,20260722,14,0
00317,000004493001,20260723,10,0
00317,000004493001,20260724,30,24
00317,000004493001,20260725,27,0
00317,000004493001,20260726,26,0
00317,000004493001,20260727,24,0
00317,000004493001,20260728,19,0
00317,000004493001,20260729,14,0
00317,000004493001,20260730,13,0
00317,000004493001,20260731,10,0
00317,000004493002,20260701,8,0
00317,000004493002,20260702,29,24
00317,000004493002,20260703,26,0
00317,000004493002,20260704,24,0
00317,000004493002,20260705,20,0
00317,000004493002,20260706,15,0
00317,000004493002,20260707,12,0
00317,000004493002,20260708,8,0
00317,000004493002,20260709,15,12
00317,000004493002,20260710,11,0
00317,000004493002,20260711,8,0
00317,000004493002,20260712,26,24
00317,000004493002,20260713,21,0
00317,000004493002,20260714,17,0
00317,000004493002,20260715,14,0
00317,000004493002,20260716,12,0
00317,000004493002,20260717,8,0
00317,000004493002,20260718,28,24
00317,000004493002,20260719,25,0
00317,000004493002,20260720,21,0
00317,000004493002,20260721,20,0
00317,000004493002,20260722,19,0
00317,000004493002,20260723,14,0
00317,000004493002,20260724,12,0
00317,000004493002,20260725,11,0
00317,000004493002,20260726,7,0
00317,000004493002,20260727,29,24
00317,000004493002,20260728,25,0
00317,000004493002,20260729,23,0
00317,000004493002,20260730,20,0
00317,000004493002,20260731,16,0
00317,000000551020,20260701,11,0
00317,000000551020,20260702,10,0
00317,000000551020,20260703,8,0
00317,000000551020,20260704,30,24
00317,000000551020,20260705,25,0
00317,000000551020,20260706,19,0
00317,000000551020,20260707,15,0
00317,000000551020,20260708,14,0
00317,000000551020,20260709,12,0
00317,000000551020,20260710,8,0
00317,000000551020,20260711,16,12
00317,000000551020,20260712,13,0
00317,000000551020,20260713,9,0
00317,000000551020,20260714,17,12
00317,000000551020,20260715,15,0
00317,000000551020,20260716,14,0
00317,000000551020,20260717,12,0
00317,000000551020,20260718,9,0
00317,000000551020,20260719,8,0
00317,000000551020,20260720,28,24
00317,000000551020,20260721,26,0
00317,000000551020,20260722,22,0
00317,000000551020,20260723,19,0
00317,000000551020,20260724,18,0
00317,000000551020,20260725,14,0
00317,000000551020,20260726,12,0
00317,000000551020,20260727,8,0
00317,000000551020,20260728,28,24
00317,000000551020,20260729,28,0
00317,000000551020,20260730,27,0
00317,000000551020,20260731,26,0
00317,000000551021,20260701,9,0
00317,000000551021,20260702,15,12
00317,000000551021,20260703,13,0
00317,000000551021,20260704,11,0
00317,000000551021,20260705,41,36
00317,000000551021,20260706,36,0
00317,000000551021,20260707,35,0
00317,000000551021,20260708,31,0
00317,000000551021,20260709,25,0
00317,000000551021,20260710,23,0
00317,000000551021,20260711,22,0
00317,000000551021,20260712,22,0
00317,000000551021,20260713,20,0
00317,000000551021,20260714,18,0
00317,000000551021,20260715,17,0
00317,000000551021,20260716,14,0
00317,000000551021,20260717,8,0
00317,000000551021,20260718,29,24
00317,000000551021,20260719,24,0
00317,000000551021,20260720,21,0
00317,000000551021,20260721,20,0
00317,000000551021,20260722,14,0
00317,000000551021,20260723,11,0
00317,000000551021,20260724,41,36
00317,000000551021,20260725,39,0
00317,000000551021,20260726,36,0
00317,000000551021,20260727,30,0
00317,000000551021,20260728,25,0
00317,000000551021,20260729,23,0
00317,000000551021,20260730,22,0
00317,000000551021,20260731,18,0
00317,000000552001,20260701,7,0
00317,000000552001,20260702,41,36
00317,000000552001,20260703,38,0
00317,000000552001,20260704,37,0
00317,000000552001,20260705,34,0
00317,000000552001,20260706,32,0
00317,000000552001,20260707,28,0
00317,000000552001,20260708,25,0
00317,000000552001,20260709,25,0
00317,000000552001,20260710,23,0
00317,000000552001,20260711,17,0
00317,000000552001,20260712,16,0
00317,000000552001,20260713,15,0
00317,000000552001,20260714,10,0
00317,000000552001,20260715,7,0
00317,000000552001,20260716,15,12
00317,000000552001,20260717,14,0
00317,000000552001,20260718,8,0
00317,000000552001,20260719,15,12
00317,000000552001,20260720,9,0
00317,000000552001,20260721,7,0
00317,000000552001,20260722,41,36
00317,000000552001,20260723,38,0
00317,000000552001,20260724,37,0
00317,000000552001,20260725,35,0
00317,000000552001,20260726,31,0
00317,000000552001,20260727,27,0
00317,000000552001,20260728,24,0
00317,000000552001,20260729,20,0
00317,000000552001,20260730,15,0
00317,000000552001,20260731,13,0
00317,000000552002,20260701,19,0
00317,000000552002,20260702,17,0
00317,000000552002,20260703,14,0
00317,000000552002,20260704,11,0
00317,000000552002,20260705,10,0
00317,000000552002,20260706,8,0
00317,000000552002,20260707,41,36
00317,000000552002,20260708,36,0
00317,000000552002,20260709,31,0
00317,000000552002,20260710,30,0
00317,000000552002,20260711,27,0
00317,000000552002,20260712,22,0
00317,000000552002,20260713,19,0
00317,000000552002,20260714,17,0
00317,000000552002,20260715,16,0
00317,000000552002,20260716,12,0
00317,000000552002,20260717,6,0
00317,000000552002,20260718,27,24
00317,000000552002,20260719,22,0
00317,000000552002,20260720,19,0
00317,000000552002,20260721,15,0
00317,000000552002,20260722,14,0
00317,000000552002,20260723,11,0
00317,000000552002,20260724,9,0
00317,000000552002,20260725,6,0
00317,000000552002,20260726,42,36
00317,000000552002,20260727,40,0
00317,000000552002,20260728,38,0
00317,000000552002,20260729,34,0
00317,000000552002,20260730,30,0
00317,000000552002,20260731,28,0
00317,000000561001,20260701,11,0
00317,000000561001,20260702,11,0
00317,000000561001,20260703,7,0
00317,000000561001,20260704,6,0
00317,000000561001,20260705,24,24
00317,000000561001,20260706,24,0
00317,000000561001,20260707,20,0
00317,000000561001,20260708,14,0
00317,000000561001,20260709,10,0
00317,000000561001,20260710,10,0
00317,000000561001,20260711,7,0
00317,000000561001,20260712,40,36
00317,000000561001,20260713,37,0
00317,000000561001,20260714,34,0
00317,000000561001,20260715,29,0
00317,000000561001,20260716,28,0
00317,000000561001,20260717,22,0
00317,000000561001,20260718,22,0
00317,000000561001,20260719,16,0
00317,000000561001,20260720,14,0
00317,000000561001,20260721,10,0
00317,000000561001,20260722,5,24
00317,000000561001,20260723,15,12
00317,000000561001,20260724,13,0
00317,000000561001,20260725,8,0
00317,000000561001,20260726,39,36
00317,000000561001,20260727,35,0
00317,000000561001,20260728,34,0
00317,000000561001,20260729,33,0
00317,000000561001,20260730,32,0
00317,000000561001,20260731,30,0
00317,000000561002,20260701,6,0
00317,000000561002,20260702,12,12
00317,000000561002,20260703,6,0
00317,000000561002,20260704,29,24
00317,000000561002,20260705,27,0
00317,000000561002,20260706,25,0
00317,000000561002,20260707,22,0
00317,000000561002,20260708,21,0
00317,000000561002,20260709,20,0
00317,000000561002,20260710,18,0
00317,000000561002,20260711,17,0
00317,000000561002,20260712,15,0
00317,000000561002,20260713,10,0
00317,000000561002,20260714,8,0
00317,000000561002,20260715,6,0
00317,000000561002,20260716,4,36
00317,000000561002,20260717,24,24
00317,000000561002,20260718,21,0
00317,000000561002,20260719,18,0
00317,000000561002,20260720,13,0
00317,000000561002,20260721,10,0
00317,000000561002,20260722,6,24
00317,000000561002,20260723,5,36
00317,000000561002,20260724,26,24
00317,000000561002,20260725,22,0
00317,000000561002,20260726,18,0
00317,000000561002,20260727,16,0
00317,000000561002,20260728,15,0
00317,000000561002,20260729,12,0
00317,000000561002,20260730,7,0
00317,000000561002,20260731,28,24
00317,000000562001,20260701,16,0
00317,000000562001,20260702,15,0
00317,000000562001,20260703,11,0
00317,000000562001,20260704,7,0
00317,000000562001,20260705,40,36
00317,000000562001,20260706,38,0
00317,000000562001,20260707,35,0
00317,000000562001,20260708,33,0
00317,000000562001,20260709,29,0
00317,000000562001,20260710,27,0
00317,000000562001,20260711,23,0
00317,000000562001,20260712,18,0
00317,000000562001,20260713,16,0
00317,000000562001,20260714,13,0
00317,000000562001,20260715,10,0
00317,000000562001,20260716,7,0
00317,000000562001,20260717,14,12
00317,000000562001,20260718,11,0
00317,000000562001,20260719,11,0
00317,000000562001,20260720,6,36
00317,000000562001,20260721,3,36
00317,000000562001,20260722,0,24
00317,000000562001,20260723,0,12
00317,000000562001,20260724,30,36
00317,000000562001,20260725,27,0
00317,000000562001,20260726,26,0
00317,000000562001,20260727,24,0
00317,000000562001,20260728,18,0
00317,000000562001,20260729,15,0
00317,000000562001,20260730,11,0
00317,000000562001,20260731,18,12
00317,000000562002,20260701,14,0
00317,000000562002,20260702,11,0
00317,000000562002,20260703,9,0
00317,000000562002,20260704,5,36
00317,000000562002,20260705,1,12
00317,000000562002,20260706,8,12
00317,000000562002,20260707,5,36
00317,000000562002,20260708,24,24
00317,000000562002,20260709,19,0
00317,000000562002,20260710,18,0
00317,000000562002,20260711,13,0
00317,000000562002,20260712,8,0
00317,000000562002,20260713,29,24
00317,000000562002,20260714,26,0
00317,000000562002,20260715,24,0
00317,000000562002,20260716,22,0
00317,000000562002,20260717,18,0
00317,000000562002,20260718,16,0
00317,000000562002,20260719,12,0
00317,000000562002,20260720,7,0
00317,000000562002,20260721,41,36
00317,000000562002,20260722,38,0
00317,000000562002,20260723,32,0
00317,000000562002,20260724,31,0
00317,000000562002,20260725,25,0
00317,000000562002,20260726,22,0
00317,000000562002,20260727,17,0
00317,000000562002,20260728,17,0
00317,000000562002,20260729,13,0
00317,000000562002,20260730,10,0
00317,000000562002,20260731,7,0
00317,000004492050,20260701,4,12
00317,000004492050,20260702,26,24
00317,000004492050,20260703,20,0
00317,000004492050,20260704,19,0
00317,000004492050,20260705,17,0
00317,000004492050,20260706,12,0
00317,000004492050,20260707,9,0
00317,000004492050,20260708,41,36
00317,000004492050,20260709,36,0
00317,000004492050,20260710,33,0
00317,000004492050,20260711,29,0
00317,000004492050,20260712,26,0
00317,000004492050,20260713,25,0
00317,000004492050,20260714,22,0
00317,000004492050,20260715,18,0
00317,000004492050,20260716,13,0
00317,000004492050,20260717,7,0
00317,000004492050,20260718,28,24
00317,000004492050,20260719,23,0
00317,000004492050,20260720,18,0
00317,000004492050,20260721,13,0
00317,000004492050,20260722,8,0
00317,000004492050,20260723,7,0
00317,000004492050,20260724,28,24
00317,000004492050,20260725,25,0
00317,000004492050,20260726,19,0
00317,000004492050,20260727,16,0
00317,000004492050,20260728,15,0
00317,000004492050,20260729,10,0
00317,000004492050,20260730,7,0
00317,000004492050,20260731,5,24
00317,000004472050,20260701,32,0
00317,000004472050,20260702,30,0
00317,000004472050,20260703,25,0
00317,000004472050,20260704,21,0
00317,000004472050,20260705,20,0
00317,000004472050,20260706,15,0
00317,000004472050,20260707,11,0
00317,000004472050,20260708,8,0
00317,000004472050,20260709,4,36
00317,000004472050,20260710,13,12
00317,000004472050,20260711,8,0
00317,000004472050,20260712,5,24
00317,000004472050,20260713,2,24
00317,000004472050,20260714,0,36
00317,000004472050,20260715,19,24
00317,000004472050,20260716,16,0
00317,000004472050,20260717,11,0
00317,000004472050,20260718,10,0
00317,000004472050,20260719,9,0
00317,000004472050,20260720,7,0
00317,000004472050,20260721,27,24
00317,000004472050,20260722,26,0
00317,000004472050,20260723,22,0
00317,000004472050,20260724,20,0
00317,000004472050,20260725,17,0
00317,000004472050,20260726,12,0
00317,000004472050,20260727,7,0
00317,000004472050,20260728,40,36
00317,000004472050,20260729,39,0
00317,000004472050,20260730,36,0
00317,000004472050,20260731,35,0
00322,000000020101,20260701,1,36
00322,000000020101,20260702,20,24
00322,000000020101,20260703,14,0
00322,000000020101,20260704,13,0
00322,000000020101,20260705,9,0
00322,000000020101,20260706,39,36
00322,000000020101,20260707,32,0
00322,000000020101,20260708,26,0
00322,000000020101,20260709,21,0
00322,000000020101,20260710,14,0
00322,000000020101,20260711,6,0
00322,000000020101,20260712,2,12
00322,000000020101,20260713,0,36
00322,000000020101,20260714,34,36
00322,000000020101,20260715,28,0
00322,000000020101,20260716,24,0
00322,000000020101,20260717,20,0
00322,000000020101,20260718,16,0
00322,000000020101,20260719,8,0
00322,000000020101,20260720,39,36
00322,000000020101,20260721,38,0
00322,000000020101,20260722,33,0
00322,000000020101,20260723,27,0
00322,000000020101,20260724,21,0
00322,000000020101,20260725,14,0
00322,000000020101,20260726,13,0
00322,000000020101,20260727,10,0
00322,000000020101,20260728,27,24
00322,000000020101,20260729,23,0
00322,000000020101,20260730,21,0
00322,000000020101,20260731,14,0
00322,000000020201,20260701,15,0
00322,000000020201,20260702,9,0
00322,000000020201,20260703,40,36
00322,000000020201,20260704,32,0
00322,000000020201,20260705,29,0
00322,000000020201,20260706,23,0
00322,000000020201,20260707,19,0
00322,000000020201,20260708,17,0
00322,000000020201,20260709,11,0
00322,000000020201,20260710,7,0
00322,000000020201,20260711,6,0
00322,000000020201,20260712,0,24
00322,000000020201,20260713,0,36
00322,000000020201,20260714,6,12
00322,000000020201,20260715,0,36
00322,000000020201,20260716,5,12
00322,000000020201,20260717,37,36
00322,000000020201,20260718,30,0
00322,000000020201,20260719,22,0
00322,000000020201,20260720,16,0
00322,000000020201,20260721,11,0
00322,000000020201,20260722,9,0
00322,000000020201,20260723,4,24
00322,000000020201,20260724,0,24
00322,000000020201,20260725,34,36
00322,000000020201,20260726,26,0
00322,000000020201,20260727,20,0
00322,000000020201,20260728,16,0
00322,000000020201,20260729,10,0
00322,000000020201,20260730,7,0
00322,000000020201,20260731,15,12
00322,000000020202,20260701,0,24
00322,000000020202,20260702,0,12
00322,000000020202,20260703,0,24
00322,000000020202,20260704,0,36
00322,000000020202,20260705,0,24
00322,000000020202,20260706,4,12
00322,000000020202,20260707,1,24
00322,000000020202,20260708,0,36
00322,000000020202,20260709,0,36
00322,000000020202,20260710,0,36
00322,000000020202,20260711,0,24
00322,000000020202,20260712,0,12
00322,000000020202,20260713,7,12
00322,000000020202,20260714,28,24
00322,000000020202,20260715,25,0
00322,000000020202,20260716,18,0
00322,000000020202,20260717,12,0
00322,000000020202,20260718,7,0
00322,000000020202,20260719,1,24
00322,000000020202,20260720,0,12
00322,000000020202,20260721,0,24
00322,000000020202,20260722,32,36
00322,000000020202,20260723,29,0
00322,000000020202,20260724,22,0
00322,000000020202,20260725,15,0
00322,000000020202,20260726,8,0
00322,000000020202,20260727,3,36
00322,000000020202,20260728,31,36
00322,000000020202,20260729,26,0
00322,000000020202,20260730,20,0
00322,000000020202,20260731,12,0
00322,000000030102,20260701,3,24
00322,000000030102,20260702,36,36
00322,000000030102,20260703,30,0
00322,000000030102,20260704,24,0
00322,000000030102,20260705,18,0
00322,000000030102,20260706,12,0
00322,000000030102,20260707,16,12
00322,000000030102,20260708,13,0
00322,000000030102,20260709,10,0
00322,000000030102,20260710,6,0
00322,000000030102,20260711,1,24
00322,000000030102,20260712,0,12
00322,000000030102,20260713,11,12
00322,000000030102,20260714,9,0
00322,000000030102,20260715,26,24
00322,000000030102,20260716,18,0
00322,000000030102,20260717,16,0
00322,000000030102,20260718,15,0
00322,000000030102,20260719,13,0
00322,000000030102,20260720,9,0
00322,000000030102,20260721,40,36
00322,000000030102,20260722,35,0
00322,000000030102,20260723,34,0
00322,000000030102,20260724,31,0
00322,000000030102,20260725,26,0
00322,000000030102,20260726,23,0
00322,000000030102,20260727,19,0
00322,000000030102,20260728,18,0
00322,000000030102,20260729,11,0
00322,000000030102,20260730,3,12
00322,000000030102,20260731,26,24
00322,000000030201,20260701,14,0
00322,000000030201,20260702,11,0
00322,000000030201,20260703,4,12
00322,000000030201,20260704,10,12
00322,000000030201,20260705,27,24
00322,000000030201,20260706,21,0
00322,000000030201,20260707,14,0
00322,000000030201,20260708,12,0
00322,000000030201,20260709,10,0
00322,000000030201,20260710,9,0
00322,000000030201,20260711,16,12
00322,000000030201,20260712,13,0
00322,000000030201,20260713,6,0
00322,000000030201,20260714,0,24
00322,000000030201,20260715,0,12
00322,000000030201,20260716,5,12
00322,000000030201,20260717,0,12
00322,000000030201,20260718,22,24
00322,000000030201,20260719,14,0
00322,000000030201,20260720,13,0
00322,000000030201,20260721,7,0
00322,000000030201,20260722,5,24
00322,000000030201,20260723,23,24
00322,000000030201,20260724,20,0
00322,000000030201,20260725,12,0
00322,000000030201,20260726,42,36
00322,000000030201,20260727,36,0
00322,000000030201,20260728,33,0
00322,000000030201,20260729,31,0
00322,000000030201,20260730,26,0
00322,000000030201,20260731,19,0
00322,000000030202,20260701,19,0
00322,000000030202,20260702,18,0
00322,000000030202,20260703,16,0
00322,000000030202,20260704,15,0
00322,000000030202,20260705,9,0
00322,000000030202,20260706,14,12
00322,000000030202,20260707,8,0
00322,000000030202,20260708,7,0
00322,000000030202,20260709,0,36
00322,000000030202,20260710,0,36
00322,000000030202,20260711,0,36
00322,000000030202,20260712,17,24
00322,000000030202,20260713,15,0
00322,000000030202,20260714,9,0
00322,000000030202,20260715,41,36
00322,000000030202,20260716,39,0
00322,000000030202,20260717,35,0
00322,000000030202,20260718,31,0
00322,000000030202,20260719,26,0
00322,000000030202,20260720,21,0
00322,000000030202,20260721,16,0
00322,000000030202,20260722,15,0
00322,000000030202,20260723,9,0
00322,000000030202,20260724,3,24
00322,000000030202,20260725,2,12
00322,000000030202,20260726,0,12
00322,000000030202,20260727,16,24
00322,000000030202,20260728,12,0
00322,000000030202,20260729,10,0
00322,000000030202,20260730,26,24
00322,000000030202,20260731,21,0
00322,000000030203,20260701,11,12
00322,000000030203,20260702,3,36
00322,000000030203,20260703,0,24
00322,000000030203,20260704,0,12
00322,000000030203,20260705,0,12
00322,000000030203,20260706,19,24
00322,000000030203,20260707,16,0
00322,000000030203,20260708,13,0
00322,000000030203,20260709,12,0
00322,000000030203,20260710,8,0
00322,000000030203,20260711,1,24
00322,000000030203,20260712,0,12
00322,000000030203,20260713,0,24
00322,000000030203,20260714,0,12
00322,000000030203,20260715,23,24
00322,000000030203,20260716,17,0
00322,000000030203,20260717,11,0
00322,000000030203,20260718,6,0
00322,000000030203,20260719,24,24
00322,000000030203,20260720,16,0
00322,000000030203,20260721,9,0
00322,000000030203,20260722,6,0
00322,000000030203,20260723,27,24
00322,000000030203,20260724,21,0
00322,000000030203,20260725,18,0
00322,000000030203,20260726,14,0
00322,000000030203,20260727,8,0
00322,000000030203,20260728,18,12
00322,000000030203,20260729,10,0
00322,000000030203,20260730,8,0
00322,000000030203,20260731,2,12
00322,000000040201,20260701,16,0
00322,000000040201,20260702,13,0
00322,000000040201,20260703,29,24
00322,000000040201,20260704,24,0
00322,000000040201,20260705,21,0
00322,000000040201,20260706,14,0
00322,000000040201,20260707,11,0
00322,000000040201,20260708,8,0
00322,000000040201,20260709,24,24
00322,000000040201,20260710,16,0
00322,000000040201,20260711,8,0
00322,000000040201,20260712,7,0
00322,000000040201,20260713,5,24
00322,000000040201,20260714,0,36
00322,000000040201,20260715,0,24
00322,000000040201,20260716,0,24
00322,000000040201,20260717,32,36
00322,000000040201,20260718,24,0
00322,000000040201,20260719,16,0
00322,000000040201,20260720,9,0
00322,000000040201,20260721,4,24
00322,000000040201,20260722,32,36
00322,000000040201,20260723,27,0
00322,000000040201,20260724,22,0
00322,000000040201,20260725,20,0
00322,000000040201,20260726,12,0
00322,000000040201,20260727,9,0
00322,000000040201,20260728,25,24
00322,000000040201,20260729,18,0
00322,000000040201,20260730,15,0
00322,000000040201,20260731,8,0
00322,000000040202,20260701,10,0
00322,000000040202,20260702,40,36
00322,000000040202,20260703,32,0
00322,000000040202,20260704,24,0
00322,000000040202,20260705,17,0
00322,000000040202,20260706,14,0
00322,000000040202,20260707,10,0
00322,000000040202,20260708,9,0
00322,000000040202,20260709,4,12
00322,000000040202,20260710,14,12
00322,000000040202,20260711,7,0
00322,000000040202,20260712,16,12
00322,000000040202,20260713,14,0
00322,000000040202,20260714,10,0
00322,000000040202,20260715,16,12
00322,000000040202,20260716,15,0
00322,000000040202,20260717,8,0
00322,000000040202,20260718,3,36
00322,000000040202,20260719,0,24
00322,000000040202,20260720,31,36
00322,000000040202,20260721,26,0
00322,000000040202,20260722,19,0
00322,000000040202,20260723,17,0
00322,000000040202,20260724,13,0
00322,000000040202,20260725,12,0
00322,000000040202,20260726,40,36
00322,000000040202,20260727,38,0
00322,000000040202,20260728,36,0
00322,000000040202,20260729,33,0
00322,000000040202,20260730,27,0
00322,000000040202,20260731,26,0
00322,000000040203,20260701,26,0
00322,000000040203,20260702,24,0
00322,000000040203,20260703,21,0
00322,000000040203,20260704,16,0
00322,000000040203,20260705,8,0
00322,000000040203,20260706,2,36
00322,000000040203,20260707,1,24
00322,000000040203,20260708,24,24
00322,000000040203,20260709,19,0
00322,000000040203,20260710,13,0
00322,000000040203,20260711,29,24
00322,000000040203,20260712,27,0
00322,000000040203,20260713,23,0
00322,000000040203,20260714,21,0
00322,000000040203,20260715,18,0
00322,000000040203,20260716,16,0
00322,000000040203,20260717,13,0
00322,000000040203,20260718,7,0
00322,000000040203,20260719,1,12
00322,000000040203,20260720,29,36
00322,000000040203,20260721,24,0
00322,000000040203,20260722,19,0
00322,000000040203,20260723,14,0
00322,000000040203,20260724,6,0
00322,000000040203,20260725,5,12
00322,000000040203,20260726,1,24
00322,000000040203,20260727,34,36
00322,000000040203,20260728,28,0
00322,000000040203,20260729,20,0
00322,000000040203,20260730,16,0
00322,000000040203,20260731,9,0
00322,000004471023,20260701,40,0
00322,000004471023,20260702,34,0
00322,000004471023,20260703,30,0
00322,000004471023,20260704,26,0
00322,000004471023,20260705,22,0
00322,000004471023,20260706,19,0
00322,000004471023,20260707,15,0
00322,000004471023,20260708,14,0
00322,000004471023,20260709,10,0
00322,000004471023,20260710,8,0
00322,000004471023,20260711,42,36
00322,000004471023,20260712,39,0
00322,000004471023,20260713,33,0
00322,000004471023,20260714,30,0
00322,000004471023,20260715,28,0
00322,000004471023,20260716,24,0
00322,000004471023,20260717,23,0
00322,000004471023,20260718,19,0
00322,000004471023,20260719,17,0
00322,000004471023,20260720,15,0
00322,000004471023,20260721,15,0
00322,000004471023,20260722,11,0
00322,000004471023,20260723,7,0
00322,000004471023,20260724,6,0
00322,000004471023,20260725,39,36
00322,000004471023,20260726,35,0
00322,000004471023,20260727,30,0
00322,000004471023,20260728,29,0
00322,000004471023,20260729,25,0
00322,000004471023,20260730,23,0
00322,000004471023,20260731,20,0
00322,000004471030,20260701,19,0
00322,000004471030,20260702,18,0
00322,000004471030,20260703,13,0
00322,000004471030,20260704,8,0
00322,000004471030,20260705,30,24
00322,000004471030,20260706,28,0
00322,000004471030,20260707,25,0
00322,000004471030,20260708,24,0
00322,000004471030,20260709,23,0
00322,000004471030,20260710,18,0
00322,000004471030,20260711,12,0
00322,000004471030,20260712,11,0
00322,000004471030,20260713,7,0
00322,000004471030,20260714,14,12
00322,000004471030,20260715,12,0
00322,000004471030,20260716,7,0
00322,000004471030,20260717,38,36
00322,000004471030,20260718,35,0
00322,000004471030,20260719,33,0
00322,000004471030,20260720,33,0
00322,000004471030,20260721,27,0
00322,000004471030,20260722,25,0
00322,000004471030,20260723,20,0
00322,000004471030,20260724,17,0
00322,000004471030,20260725,13,0
00322,000004471030,20260726,7,0
00322,000004471030,20260727,41,36
00322,000004471030,20260728,40,0
00322,000004471030,20260729,34,0
00322,000004471030,20260730,32,0
00322,000004471030,20260731,32,0
00322,000004471040,20260701,23,0
00322,000004471040,20260702,19,0
00322,000004471040,20260703,13,0
00322,000004471040,20260704,11,0
00322,000004471040,20260705,6,0
00322,000004471040,20260706,4,36
00322,000004471040,20260707,0,24
00322,000004471040,20260708,0,36
00322,000004471040,20260709,0,24
00322,000004471040,20260710,22,24
00322,000004471040,20260711,17,0
00322,000004471040,20260712,13,0
00322,000004471040,20260713,7,0
00322,000004471040,20260714,42,36
00322,000004471040,20260715,39,0
00322,000004471040,20260716,35,0
00322,000004471040,20260717,31,0
00322,000004471040,20260718,26,0
00322,000004471040,20260719,25,0
00322,000004471040,20260720,23,0
00322,000004471040,20260721,18,0
00322,000004471040,20260722,12,0
00322,000004471040,20260723,10,0
00322,000004471040,20260724,8,0
00322,000004471040,20260725,6,0
00322,000004471040,20260726,4,12
00322,000004471040,20260727,15,12
00322,000004471040,20260728,10,0
00322,000004471040,20260729,9,0
00322,000004471040,20260730,7,0
00322,000004471040,20260731,14,12
00322,000004472001,20260701,6,0
00322,000004472001,20260702,16,12
00322,000004472001,20260703,12,0
00322,000004472001,20260704,11,0
00322,000004472001,20260705,6,0
00322,000004472001,20260706,38,36
00322,000004472001,20260707,35,0
00322,000004472001,20260708,32,0
00322,000004472001,20260709,31,0
00322,000004472001,20260710,29,0
00322,000004472001,20260711,26,0
00322,000004472001,20260712,24,0
00322,000004472001,20260713,20,0
00322,000004472001,20260714,17,0
00322,000004472001,20260715,13,0
00322,000004472001,20260716,11,0
00322,000004472001,20260717,9,0
00322,000004472001,20260718,41,36
00322,000004472001,20260719,38,0
00322,000004472001,20260720,34,0
00322,000004472001,20260721,30,0
00322,000004472001,20260722,27,0
00322,000004472001,20260723,23,0
00322,000004472001,20260724,21,0
00322,000004472001,20260725,16,0
00322,000004472001,20260726,14,0
00322,000004472001,20260727,8,0
00322,000004472001,20260728,15,12
00322,000004472001,20260729,14,0
00322,000004472001,20260730,10,0
00322,000004472001,20260731,8,0
00322,000004472002,20260701,19,0
00322,000004472002,20260702,17,0
00322,000004472002,20260703,14,0
00322,000004472002,20260704,11,0
00322,000004472002,20260705,41,36
00322,000004472002,20260706,39,0
00322,000004472002,20260707,34,0
00322,000004472002,20260708,31,0
00322,000004472002,20260709,27,0
00322,000004472002,20260710,21,0
00322,000004472002,20260711,19,0
00322,000004472002,20260712,17,0
00322,000004472002,20260713,11,0
00322,000004472002,20260714,8,0
00322,000004472002,20260715,16,12
00322,000004472002,20260716,13,0
00322,000004472002,20260717,10,0
00322,000004472002,20260718,9,0
00322,000004472002,20260719,8,0
00322,000004472002,20260720,39,36
00322,000004472002,20260721,34,0
00322,000004472002,20260722,29,0
00322,000004472002,20260723,27,0
00322,000004472002,20260724,25,0
00322,000004472002,20260725,24,0
00322,000004472002,20260726,21,0
00322,000004472002,20260727,19,0
00322,000004472002,20260728,18,0
00322,000004472002,20260729,16,0
00322,000004472002,20260730,12,0
00322,000004472002,20260731,10,0
00322,000004473001,20260701,18,0
00322,000004473001,20260702,16,0
00322,000004473001,20260703,13,0
00322,000004473001,20260704,8,0
00322,000004473001,20260705,27,24
00322,000004473001,20260706,24,0
00322,000004473001,20260707,21,0
00322,000004473001,20260708,18,0
00322,000004473001,20260709,13,0
00322,000004473001,20260710,12,0
00322,000004473001,20260711,7,0
00322,000004473001,20260712,26,24
00322,000004473001,20260713,23,0
00322,000004473001,20260714,18,0
00322,000004473001,20260715,13,0
00322,000004473001,20260716,7,0
00322,000004473001,20260717,26,24
00322,000004473001,20260718,23,0
00322,000004473001,20260719,18,0
00322,000004473001,20260720,13,0
00322,000004473001,20260721,8,0
00322,000004473001,20260722,16,12
00322,000004473001,20260723,12,0
00322,000004473001,20260724,7,0
00322,000004473001,20260725,7,0
00322,000004473001,20260726,27,24
00322,000004473001,20260727,26,0
00322,000004473001,20260728,23,0
00322,000004473001,20260729,20,0
00322,000004473001,20260730,18,0
00322,000004473001,20260731,17,0
00322,000004473002,20260701,18,0
00322,000004473002,20260702,15,0
00322,000004473002,20260703,9,0
00322,000004473002,20260704,7,0
00322,000004473002,20260705,7,0
00322,000004473002,20260706,41,36
00322,000004473002,20260707,38,0
00322,000004473002,20260708,34,0
00322,000004473002,20260709,32,0
00322,000004473002,20260710,31,0
00322,000004473002,20260711,27,0
00322,000004473002,20260712,24,0
00322,000004473002,20260713,24,0
00322,000004473002,20260714,19,0
00322,000004473002,20260715,16,0
00322,000004473002,20260716,12,0
00322,000004473002,20260717,11,0
00322,000004473002,20260718,8,0
00322,000004473002,20260719,3,36
00322,000004473002,20260720,34,36
00322,000004473002,20260721,29,0
00322,000004473002,20260722,28,0
00322,000004473002,20260723,22,0
00322,000004473002,20260724,21,0
00322,000004473002,20260725,18,0
00322,000004473002,20260726,15,0
00322,000004473002,20260727,10,0
00322,000004473002,20260728,9,0
00322,000004473002,20260729,5,24
00322,000004473002,20260730,16,12
00322,000004473002,20260731,13,0
00322,000004481001,20260701,8,0
00322,000004481001,20260702,30,24
00322,000004481001,20260703,28,0
00322,000004481001,20260704,25,0
00322,000004481001,20260705,22,0
00322,000004481001,20260706,17,0
00322,000004481001,20260707,13,0
00322,000004481001,20260708,11,0
00322,000004481001,20260709,6,0
00322,000004481001,20260710,17,12
00322,000004481001,20260711,15,0
00322,000004481001,20260712,14,0
00322,000004481001,20260713,9,0
00322,000004481001,20260714,15,12
00322,000004481001,20260715,14,0
00322,000004481001,20260716,12,0
00322,000004481001,20260717,10,0
00322,000004481001,20260718,10,0
00322,000004481001,20260719,4,24
00322,000004481001,20260720,24,24
00322,000004481001,20260721,21,0
00322,000004481001,20260722,17,0
00322,000004481001,20260723,12,0
00322,000004481001,20260724,6,0
00322,000004481001,20260725,18,12
00322,000004481001,20260726,13,0
00322,000004481001,20260727,11,0
00322,000004481001,20260728,9,0
00322,000004481001,20260729,7,0
00322,000004481001,20260730,28,24
00322,000004481001,20260731,24,0
00322,000004481003,20260701,17,0
00322,000004481003,20260702,16,0
00322,000004481003,20260703,15,0
00322,000004481003,20260704,14,0
00322,000004481003,20260705,13,0
00322,000004481003,20260706,8,0
00322,000004481003,20260707,39,36
00322,000004481003,20260708,37,0
00322,000004481003,20260709,35,0
00322,000004481003,20260710,32,0
00322,000004481003,20260711,27,0
00322,000004481003,20260712,24,0
00322,000004481003,20260713,24,0
00322,000004481003,20260714,19,0
00322,000004481003,20260715,17,0
00322,000004481003,20260716,16,0
00322,000004481003,20260717,10,0
00322,000004481003,20260718,9,0
00322,000004481003,20260719,40,36
00322,000004481003,20260720,34,0
00322,000004481003,20260721,33,0
00322,000004481003,20260722,28,0
00322,000004481003,20260723,26,0
00322,000004481003,20260724,24,0
00322,000004481003,20260725,21,0
00322,000004481003,20260726,18,0
00322,000004481003,20260727,13,0
00322,000004481003,20260728,13,0
00322,000004481003,20260729,9,0
00322,000004481003,20260730,7,0
00322,000004481003,20260731,15,12
00322,000004482001,20260701,21,0
00322,000004482001,20260702,19,0
00322,000004482001,20260703,14,0
00322,000004482001,20260704,10,0
00322,000004482001,20260705,7,0
00322,000004482001,20260706,16,12
00322,000004482001,20260707,12,0
00322,000004482001,20260708,10,0
00322,000004482001,20260709,9,0
00322,000004482001,20260710,18,12
00322,000004482001,20260711,14,0
00322,000004482001,20260712,13,0
00322,000004482001,20260713,8,0
00322,000004482001,20260714,7,0
00322,000004482001,20260715,30,24
00322,000004482001,20260716,26,0
00322,000004482001,20260717,21,0
00322,000004482001,20260718,21,0
00322,000004482001,20260719,20,0
00322,000004482001,20260720,19,0
00322,000004482001,20260721,19,0
00322,000004482001,20260722,13,0
00322,000004482001,20260723,11,0
00322,000004482001,20260724,6,24
00322,000004482001,20260725,39,36
00322,000004482001,20260726,37,0
00322,000004482001,20260727,32,0
00322,000004482001,20260728,31,0
00322,000004482001,20260729,30,0
00322,000004482001,20260730,26,0
00322,000004482001,20260731,23,0
00322,000004482002,20260701,12,0
00322,000004482002,20260702,11,0
00322,000004482002,20260703,29,24
00322,000004482002,20260704,29,0
00322,000004482002,20260705,26,0
00322,000004482002,20260706,26,0
00322,000004482002,20260707,24,0
00322,000004482002,20260708,19,0
00322,000004482002,20260709,14,0
00322,000004482002,20260710,8,0
00322,000004482002,20260711,27,24
00322,000004482002,20260712,25,0
00322,000004482002,20260713,19,0
00322,000004482002,20260714,13,0
00322,000004482002,20260715,8,0
00322,000004482002,20260716,7,0
00322,000004482002,20260717,5,36
00322,000004482002,20260718,37,36
00322,000004482002,20260719,36,0
00322,000004482002,20260720,34,0
00322,000004482002,20260721,30,0
00322,000004482002,20260722,24,0
00322,000004482002,20260723,19,0
00322,000004482002,20260724,16,0
00322,000004482002,20260725,13,0
00322,000004482002,20260726,8,0
00322,000004482002,20260727,7,0
00322,000004482002,20260728,41,36
00322,000004482002,20260729,38,0
00322,000004482002,20260730,35,0
00322,000004482002,20260731,33,0
00322,000004482003,20260701,17,12
00322,000004482003,20260702,11,0
00322,000004482003,20260703,41,36
00322,000004482003,20260704,38,0
00322,000004482003,20260705,32,0
00322,000004482003,20260706,31,0
00322,000004482003,20260707,26,0
00322,000004482003,20260708,23,0
00322,000004482003,20260709,18,0
00322,000004482003,20260710,18,0
00322,000004482003,20260711,16,0
00322,000004482003,20260712,15,0
00322,000004482003,20260713,13,0
00322,000004482003,20260714,8,0
00322,000004482003,20260715,29,24
00322,000004482003,20260716,25,0
00322,000004482003,20260717,20,0
00322,000004482003,20260718,17,0
00322,000004482003,20260719,13,0
00322,000004482003,20260720,11,0
00322,000004482003,20260721,10,0
00322,000004482003,20260722,8,0
00322,000004482003,20260723,38,36
00322,000004482003,20260724,33,0
00322,000004482003,20260725,29,0
00322,000004482003,20260726,27,0
00322,000004482003,20260727,26,0
00322,000004482003,20260728,21,0
00322,000004482003,20260729,19,0
00322,000004482003,20260730,17,0
00322,000004482003,20260731,12,0
00322,000004483002,20260701,17,0
00322,000004483002,20260702,16,0
00322,000004483002,20260703,13,0
00322,000004483002,20260704,8,0
00322,000004483002,20260705,8,0
00322,000004483002,20260706,6,36
00322,000004483002,20260707,3,12
00322,000004483002,20260708,36,36
00322,000004483002,20260709,35,0
00322,000004483002,20260710,29,0
00322,000004483002,20260711,25,0
00322,000004483002,20260712,24,0
00322,000004483002,20260713,19,0
00322,000004483002,20260714,16,0
00322,000004483002,20260715,14,0
00322,000004483002,20260716,12,0
00322,000004483002,20260717,8,0
00322,000004483002,20260718,28,24
00322,000004483002,20260719,24,0
00322,000004483002,20260720,19,0
00322,000004483002,20260721,19,0
00322,000004483002,20260722,15,0
00322,000004483002,20260723,10,0
00322,000004483002,20260724,6,0
00322,000004483002,20260725,2,24
00322,000004483002,20260726,25,24
00322,000004483002,20260727,22,0
00322,000004483002,20260728,20,0
00322,000004483002,20260729,18,0
00322,000004483002,20260730,13,0
00322,000004483002,20260731,-3,0
00322,000004491001,20260701,35,0
00322,000004491001,20260702,33,0
00322,000004491001,20260703,30,0
00322,000004491001,20260704,28,0
00322,000004491001,20260705,23,0
00322,000004491001,20260706,22,0
00322,000004491001,20260707,22,0
00322,000004491001,20260708,19,0
00322,000004491001,20260709,13,0
00322,000004491001,20260710,13,0
00322,000004491001,20260711,7,0
00322,000004491001,20260712,39,36
00322,000004491001,20260713,36,0
00322,000004491001,20260714,32,0
00322,000004491001,20260715,31,0
00322,000004491001,20260716,26,0
00322,000004491001,20260717,22,0
00322,000004491001,20260718,18,0
00322,000004491001,20260719,17,0
00322,000004491001,20260720,15,0
00322,000004491001,20260721,10,0
00322,000004491001,20260722,8,0
00322,000004491001,20260723,38,36
00322,000004491001,20260724,35,0
00322,000004491001,20260725,34,0
00322,000004491001,20260726,30,0
00322,000004491001,20260727,29,0
00322,000004491001,20260728,28,0
00322,000004491001,20260729,25,0
00322,000004491001,20260730,21,0
00322,000004491001,20260731,17,0
00322,000004491003,20260701,21,0
00322,000004491003,20260702,17,0
00322,000004491003,20260703,11,0
00322,000004491003,20260704,11,0
00322,000004491003,20260705,9,0
00322,000004491003,20260706,6,0
00322,000004491003,20260707,41,36
00322,000004491003,20260708,38,0
00322,000004491003,20260709,33,0
00322,000004491003,20260710,30,0
00322,000004491003,20260711,29,0
00322,000004491003,20260712,28,0
00322,000004491003,20260713,25,0
00322,000004491003,20260714,24,0
00322,000004491003,20260715,20,0
00322,000004491003,20260716,16,0
00322,000004491003,20260717,10,0
00322,000004491003,20260718,9,0
00322,000004491003,20260719,30,24
00322,000004491003,20260720,24,0
00322,000004491003,20260721,22,0
00322,000004491003,20260722,16,0
00322,000004491003,20260723,13,0
00322,000004491003,20260724,12,0
00322,000004491003,20260725,18,12
00322,000004491003,20260726,17,0
00322,000004491003,20260727,12,0
00322,000004491003,20260728,7,0
00322,000004491003,20260729,30,24
00322,000004491003,20260730,26,0
00322,000004491003,20260731,25,0
00322,000004492001,20260701,9,0
00322,000004492001,20260702,5,24
00322,000004492001,20260703,16,12
00322,000004492001,20260704,12,0
00322,000004492001,20260705,9,0
00322,000004492001,20260706,7,0
00322,000004492001,20260707,17,12
00322,000004492001,20260708,15,0
00322,000004492001,20260709,12,0
00322,000004492001,20260710,12,0
00322,000004492001,20260711,9,0
00322,000004492001,20260712,3,12
00322,000004492001,20260713,12,12
00322,000004492001,20260714,7,0
00322,000004492001,20260715,17,12
00322,000004492001,20260716,16,0
00322,000004492001,20260717,11,0
00322,000004492001,20260718,9,0
00322,000004492001,20260719,30,24
00322,000004492001,20260720,29,0
00322,000004492001,20260721,28,0
00322,000004492001,20260722,24,0
00322,000004492001,20260723,21,0
00322,000004492001,20260724,17,0
00322,000004492001,20260725,13,0
00322,000004492001,20260726,12,0
00322,000004492001,20260727,10,0
00322,000004492001,20260728,8,0
00322,000004492001,20260729,26,24
00322,000004492001,20260730,21,0
00322,000004492001,20260731,17,0
00322,000004492002,20260701,13,0
00322,000004492002,20260702,7,0
00322,000004492002,20260703,40,36
00322,000004492002,20260704,35,0
00322,000004492002,20260705,31,0
00322,000004492002,20260706,26,0
00322,000004492002,20260707,24,0
00322,000004492002,20260708,19,0
00322,000004492002,20260709,13,0
00322,000004492002,20260710,10,0
00322,000004492002,20260711,4,24
00322,000004492002,20260712,13,12
00322,000004492002,20260713,9,0
00322,000004492002,20260714,5,12
00322,000004492002,20260715,36,36
00322,000004492002,20260716,34,0
00322,000004492002,20260717,30,0
00322,000004492002,20260718,24,0
00322,000004492002,20260719,23,0
00322,000004492002,20260720,21,0
00322,000004492002,20260721,20,0
00322,000004492002,20260722,19,0
00322,000004492002,20260723,13,0
00322,000004492002,20260724,10,0
00322,000004492002,20260725,42,36
00322,000004492002,20260726,40,0
00322,000004492002,20260727,38,0
00322,000004492002,20260728,35,0
00322,000004492002,20260729,33,0
00322,000004492002,20260730,31,0
00322,000004492002,20260731,26,0
00322,000004492003,20260701,18,0
00322,000004492003,20260702,16,0
00322,000004492003,20260703,13,0
00322,000004492003,20260704,9,0
00322,000004492003,20260705,41,36
00322,000004492003,20260706,36,0
00322,000004492003,20260707,31,0
00322,000004492003,20260708,25,0
00322,000004492003,20260709,22,0
00322,000004492003,20260710,19,0
00322,000004492003,20260711,13,0
00322,000004492003,20260712,9,0
00322,000004492003,20260713,8,0
00322,000004492003,20260714,3,24
00322,000004492003,20260715,25,24
00322,000004492003,20260716,22,0
00322,000004492003,20260717,19,0
00322,000004492003,20260718,16,0
00322,000004492003,20260719,10,0
00322,000004492003,20260720,9,0
00322,000004492003,20260721,6,0
00322,000004492003,20260722,40,36
00322,000004492003,20260723,35,0
00322,000004492003,20260724,32,0
00322,000004492003,20260725,30,0
00322,000004492003,20260726,27,0
00322,000004492003,20260727,22,0
00322,000004492003,20260728,20,0
00322,000004492003,20260729,20,0
00322,000004492003,20260730,15,0
00322,000004492003,20260731,10,0
00322,000004493001,20260701,14,0
00322,000004493001,20260702,12,0
00322,000004493001,20260703,9,0
00322,000004493001,20260704,6,24
00322,000004493001,20260705,14,12
00322,000004493001,20260706,10,0
00322,000004493001,20260707,28,24
00322,000004493001,20260708,25,0
00322,000004493001,20260709,20,0
00322,000004493001,20260710,18,0
00322,000004493001,20260711,16,0
00322,000004493001,20260712,11,0
00322,000004493001,20260713,6,0
00322,000004493001,20260714,5,36
00322,000004493001,20260715,12,12
00322,000004493001,20260716,9,0
00322,000004493001,20260717,29,24
00322,000004493001,20260718,24,0
00322,000004493001,20260719,22,0
00322,000004493001,20260720,16,0
00322,000004493001,20260721,14,0
00322,000004493001,20260722,12,0
00322,000004493001,20260723,11,0
00322,000004493001,20260724,10,0
00322,000004493001,20260725,6,0
00322,000004493001,20260726,27,24
00322,000004493001,20260727,25,0
00322,000004493001,20260728,19,0
00322,000004493001,20260729,17,0
00322,000004493001,20260730,12,0
00322,000004493001,20260731,8,0
00322,000000005012,20260701,2,12
00322,000000005012,20260702,1,12
00322,000000005012,20260703,9,12
00322,000000005012,20260704,5,12
00322,000000005012,20260705,22,24
00322,000000005012,20260706,17,0
00322,000000005012,20260707,14,0
00322,000000005012,20260708,7,0
00322,000000005012,20260709,6,12
00322,000000005012,20260710,29,24
00322,000000005012,20260711,26,0
00322,000000005012,20260712,21,0
00322,000000005012,20260713,17,0
00322,000000005012,20260714,11,0
00322,000000005012,20260715,11,0
00322,000000005012,20260716,42,36
00322,000000005012,20260717,33,0
00322,000000005012,20260718,-1,0
00322,000000005012,20260719,18,0
00322,000000005012,20260720,10,0
00322,000000005012,20260721,4,12
00322,000000005012,20260722,3,24
00322,000000005012,20260723,36,36
00322,000000005012,20260724,31,0
00322,000000005012,20260725,24,0
00322,000000005012,20260726,17,0
00322,000000005012,20260727,12,0
00322,000000005012,20260728,7,0
00322,000000005012,20260729,5,36
00322,000000005012,20260730,0,12
00322,000000005012,20260731,34,36
00322,000000005013,20260701,21,0
00322,000000005013,20260702,15,0
00322,000000005013,20260703,11,0
00322,000000005013,20260704,6,0
00322,000000005013,20260705,15,12
00322,000000005013,20260706,8,0
00322,000000005013,20260707,7,0
00322,000000005013,20260708,17,12
00322,000000005013,20260709,15,0
00322,000000005013,20260710,10,0
00322,000000005013,20260711,3,12
00322,000000005013,20260712,35,36
00322,000000005013,20260713,30,0
00322,000000005013,20260714,28,0
00322,000000005013,20260715,23,0
00322,000000005013,20260716,22,0
00322,000000005013,20260717,15,0
00322,000000005013,20260718,14,0
00322,000000005013,20260719,6,0
00322,000000005013,20260720,36,36
00322,000000005013,20260721,34,0
00322,000000005013,20260722,26,0
00322,000000005013,20260723,22,0
00322,000000005013,20260724,21,0
00322,000000005013,20260725,17,0
00322,000000005013,20260726,13,0
00322,000000005013,20260727,7,0
00322,000000005013,20260728,28,24
00322,000000005013,20260729,24,0
00322,000000005013,20260730,22,0
00322,000000005013,20260731,15,0
00322,000000005101,20260701,13,0
00322,000000005101,20260702,7,0
00322,000000005101,20260703,1,12
00322,000000005101,20260704,0,36
00322,000000005101,20260705,28,36
00322,000000005101,20260706,23,0
00322,000000005101,20260707,21,0
00322,000000005101,20260708,20,0
00322,000000005101,20260709,12,0
00322,000000005101,20260710,10,0
00322,000000005101,20260711,8,0
00322,000000005101,20260712,1,12
00322,000000005101,20260713,6,12
00322,000000005101,20260714,22,24
00322,000000005101,20260715,17,0
00322,000000005101,20260716,15,0
00322,000000005101,20260717,9,0
00322,000000005101,20260718,42,36
00322,000000005101,20260719,39,0
00322,000000005101,20260720,34,0
00322,000000005101,20260721,31,0
00322,000000005101,20260722,24,0
00322,000000005101,20260723,21,0
00322,000000005101,20260724,13,0
00322,000000005101,20260725,9,0
00322,000000005101,20260726,2,24
00322,000000005101,20260727,13,12
00322,000000005101,20260728,7,0
00322,000000005101,20260729,1,24
00322,000000005101,20260730,0,36
00322,000000005101,20260731,0,36
00322,000000005102,20260701,17,0
00322,000000005102,20260702,15,0
00322,000000005102,20260703,-3,0
00322,000000005102,20260704,9,0
00322,000000005102,20260705,7,0
00322,000000005102,20260706,39,36
00322,000000005102,20260707,32,0
00322,000000005102,20260708,25,0
00322,000000005102,20260709,24,0
00322,000000005102,20260710,23,0
00322,000000005102,20260711,18,0
00322,000000005102,20260712,12,0
00322,000000005102,20260713,7,0
00322,000000005102,20260714,13,12
00322,000000005102,20260715,5,36
00322,000000005102,20260716,4,12
00322,000000005102,20260717,-3,12
00322,000000005102,20260718,5,12
00322,000000005102,20260719,11,12
00322,000000005102,20260720,16,12
00322,000000005102,20260721,10,0
00322,000000005102,20260722,6,0
00322,000000005102,20260723,1,12
00322,000000005102,20260724,0,24
00322,000000005102,20260725,22,24
00322,000000005102,20260726,19,0
00322,000000005102,20260727,18,0
00322,000000005102,20260728,10,0
00322,000000005102,20260729,5,36
00322,000000005102,20260730,34,36
00322,000000005102,20260731,31,0
00322,000000005103,20260701,22,0
00322,000000005103,20260702,21,0
00322,000000005103,20260703,20,0
00322,000000005103,20260704,15,0
00322,000000005103,20260705,9,0
00322,000000005103,20260706,6,0
00322,000000005103,20260707,26,24
00322,000000005103,20260708,26,0
00322,000000005103,20260709,20,0
00322,000000005103,20260710,16,0
00322,000000005103,20260711,11,0
00322,000000005103,20260712,7,0
00322,000000005103,20260713,0,36
00322,000000005103,20260714,0,24
00322,000000005103,20260715,16,24
00322,000000005103,20260716,9,0
00322,000000005103,20260717,8,0
00322,000000005103,20260718,39,36
00322,000000005103,20260719,36,0
00322,000000005103,20260720,31,0
00322,000000005103,20260721,26,0
00322,000000005103,20260722,19,0
00322,000000005103,20260723,18,0
00322,000000005103,20260724,12,0
00322,000000005103,20260725,11,0
00322,000000005103,20260726,5,12
00322,000000005103,20260727,25,24
00322,000000005103,20260728,16,0
00322,000000005103,20260729,13,0
00322,000000005103,20260730,6,36
00322,000000005103,20260731,28,24
00322,000000005201,20260701,13,0
00322,000000005201,20260702,11,0
00322,000000005201,20260703,27,24
00322,000000005201,20260704,23,0
00322,000000005201,20260705,18,0
00322,000000005201,20260706,12,0
00322,000000005201,20260707,4,36
00322,000000005201,20260708,9,12
00322,000000005201,20260709,16,12
00322,000000005201,20260710,13,0
00322,000000005201,20260711,10,0
00322,000000005201,20260712,6,0
00322,000000005201,20260713,17,12
00322,000000005201,20260714,11,0
00322,000000005201,20260715,16,12
00322,000000005201,20260716,8,0
00322,000000005201,20260717,41,36
00322,000000005201,20260718,39,0
00322,000000005201,20260719,37,0
00322,000000005201,20260720,28,0
00322,000000005201,20260721,23,0
00322,000000005201,20260722,17,0
00322,000000005201,20260723,13,0
00322,000000005201,20260724,11,0
00322,000000005201,20260725,10,0
00322,000000005201,20260726,27,24
00322,000000005201,20260727,25,0
00322,000000005201,20260728,17,0
00322,000000005201,20260729,15,0
00322,000000005201,20260730,12,0
00322,000000005201,20260731,6,0
00322,000000005202,20260701,8,0
00322,000000005202,20260702,24,24
00322,000000005202,20260703,19,0
00322,000000005202,20260704,14,0
00322,000000005202,20260705,12,0
00322,000000005202,20260706,8,0
00322,000000005202,20260707,26,24
00322,000000005202,20260708,23,0
00322,000000005202,20260709,20,0
00322,000000005202,20260710,14,0
00322,000000005202,20260711,8,0
00322,000000005202,20260712,13,12
00322,000000005202,20260713,41,36
00322,000000005202,20260714,41,0
00322,000000005202,20260715,36,0
00322,000000005202,20260716,33,0
00322,000000005202,20260717,25,0
00322,000000005202,20260718,19,0
00322,000000005202,20260719,11,0
00322,000000005202,20260720,11,0
00322,000000005202,20260721,29,24
00322,000000005202,20260722,23,0
00322,000000005202,20260723,20,0
00322,000000005202,20260724,16,0
00322,000000005202,20260725,11,0
00322,000000005202,20260726,5,36
00322,000000005202,20260727,38,36
00322,000000005202,20260728,35,0
00322,000000005202,20260729,30,0
00322,000000005202,20260730,24,0
00322,000000005202,20260731,22,0
00322,000000005301,20260701,16,0
00322,000000005301,20260702,9,0
00322,000000005301,20260703,6,0
00322,000000005301,20260704,10,12
00322,000000005301,20260705,9,0
00322,000000005301,20260706,4,36
00322,000000005301,20260707,2,12
00322,000000005301,20260708,0,36
00322,000000005301,20260709,0,36
00322,000000005301,20260710,0,24
00322,000000005301,20260711,0,36
00322,000000005301,20260712,0,24
00322,000000005301,20260713,0,24
00322,000000005301,20260714,32,36
00322,000000005301,20260715,31,0
00322,000000005301,20260716,26,0
00322,000000005301,20260717,18,0
00322,000000005301,20260718,15,0
00322,000000005301,20260719,12,0
00322,000000005301,20260720,8,0
00322,000000005301,20260721,2,12
00322,000000005301,20260722,0,24
00322,000000005301,20260723,0,36
00322,000000005301,20260724,0,12
00322,000000005301,20260725,34,36
00322,000000005301,20260726,28,0
00322,000000005301,20260727,26,0
00322,000000005301,20260728,18,0
00322,000000005301,20260729,12,0
00322,000000005301,20260730,7,0
00322,000000005301,20260731,34,36
00322,000000005302,20260701,26,0
00322,000000005302,20260702,21,0
00322,000000005302,20260703,20,0
00322,000000005302,20260704,11,0
00322,000000005302,20260705,39,36
00322,000000005302,20260706,33,0
00322,000000005302,20260707,30,0
00322,000000005302,20260708,28,0
00322,000000005302,20260709,23,0
00322,000000005302,20260710,14,0
00322,000000005302,20260711,13,0
00322,000000005302,20260712,11,0
00322,000000005302,20260713,6,0
00322,000000005302,20260714,28,24
00322,000000005302,20260715,22,0
00322,000000005302,20260716,17,0
00322,000000005302,20260717,15,0
00322,000000005302,20260718,12,0
00322,000000005302,20260719,17,12
00322,000000005302,20260720,16,0
00322,000000005302,20260721,9,0
00322,000000005302,20260722,7,0
00322,000000005302,20260723,2,36
00322,000000005302,20260724,1,12
00322,000000005302,20260725,28,36
00322,000000005302,20260726,23,0
00322,000000005302,20260727,18,0
00322,000000005302,20260728,15,0
00322,000000005302,20260729,14,0
00322,000000005302,20260730,7,0
00322,000000005302,20260731,1,12
00322,000000551021,20260701,21,0
00322,000000551021,20260702,16,0
00322,000000551021,20260703,12,0
00322,000000551021,20260704,10,0
00322,000000551021,20260705,7,0
00322,000000551021,20260706,2,12
00322,000000551021,20260707,10,12
00322,000000551021,20260708,9,0
00322,000000551021,20260709,8,0
00322,000000551021,20260710,27,24
00322,000000551021,20260711,24,0
00322,000000551021,20260712,23,0
00322,000000551021,20260713,20,0
00322,000000551021,20260714,18,0
00322,000000551021,20260715,15,0
00322,000000551021,20260716,10,0
00322,000000551021,20260717,41,36
00322,000000551021,20260718,37,0
00322,000000551021,20260719,33,0
00322,000000551021,20260720,29,0
00322,000000551021,20260721,26,0
00322,000000551021,20260722,21,0
00322,000000551021,20260723,20,0
00322,000000551021,20260724,17,0
00322,000000551021,20260725,14,0
00322,000000551021,20260726,10,0
00322,000000551021,20260727,28,24
00322,000000551021,20260728,24,0
00322,000000551021,20260729,23,0
00322,000000551021,20260730,19,0
00322,000000551021,20260731,14,0
00322,000000552002,20260701,25,0
00322,000000552002,20260702,22,0
00322,000000552002,20260703,18,0
00322,000000552002,20260704,16,0
00322,000000552002,20260705,13,0
00322,000000552002,20260706,12,0
00322,000000552002,20260707,6,0
00322,000000552002,20260708,29,24
00322,000000552002,20260709,28,0
00322,000000552002,20260710,27,0
00322,000000552002,20260711,22,0
00322,000000552002,20260712,20,0
00322,000000552002,20260713,17,0
00322,000000552002,20260714,15,0
00322,000000552002,20260715,13,0
00322,000000552002,20260716,11,0
00322,000000552002,20260717,9,0
00322,000000552002,20260718,7,0
00322,000000552002,20260719,13,12
00322,000000552002,20260720,11,0
00322,000000552002,20260721,18,12
00322,000000552002,20260722,13,0
00322,000000552002,20260723,11,0
00322,000000552002,20260724,9,0
00322,000000552002,20260725,17,12
00322,000000552002,20260726,14,0
00322,000000552002,20260727,9,0
00322,000000552002,20260728,8,0
00322,000000552002,20260729,8,0
00322,000000552002,20260730,2,24
00322,000000552002,20260731,35,36
00322,000000561001,20260701,12,0
00322,000000561001,20260702,8,0
00322,000000561001,20260703,3,36
00322,000000561001,20260704,0,12
00322,000000561001,20260705,7,12
00322,000000561001,20260706,1,36
00322,000000561001,20260707,0,12
00322,000000561001,20260708,0,12
00322,000000561001,20260709,0,36
00322,000000561001,20260710,19,24
00322,000000561001,20260711,16,0
00322,000000561001,20260712,11,0
00322,000000561001,20260713,8,0
00322,000000561001,20260714,28,24
00322,000000561001,20260715,23,0
00322,000000561001,20260716,20,0
00322,000000561001,20260717,19,0
00322,000000561001,20260718,15,0
00322,000000561001,20260719,11,0
00322,000000561001,20260720,8,0
00322,000000561001,20260721,39,36
00322,000000561001,20260722,33,0
00322,000000561001,20260723,30,0
00322,000000561001,20260724,26,0
00322,000000561001,20260725,22,0
00322,000000561001,20260726,18,0
00322,000000561001,20260727,16,0
00322,000000561001,20260728,11,0
00322,000000561001,20260729,10,0
00322,000000561001,20260730,8,0
00322,000000561001,20260731,39,36
00322,000000561002,20260701,28,24
00322,000000561002,20260702,23,0
00322,000000561002,20260703,19,0
00322,000000561002,20260704,16,0
00322,000000561002,20260705,15,0
00322,000000561002,20260706,12,0
00322,000000561002,20260707,9,0
00322,000000561002,20260708,8,0
00322,000000561002,20260709,7,0
00322,000000561002,20260710,16,12
00322,000000561002,20260711,13,0
00322,000000561002,20260712,8,0
00322,000000561002,20260713,27,24
00322,000000561002,20260714,21,0
00322,000000561002,20260715,19,0
00322,000000561002,20260716,18,0
00322,000000561002,20260717,17,0
00322,000000561002,20260718,14,0
00322,000000561002,20260719,9,0
00322,000000561002,20260720,6,0
00322,000000561002,20260721,28,24
00322,000000561002,20260722,28,0
00322,000000561002,20260723,23,0
00322,000000561002,20260724,21,0
00322,000000561002,20260725,18,0
00322,000000561002,20260726,14,0
00322,000000561002,20260727,12,0
00322,000000561002,20260728,7,0
00322,000000561002,20260729,15,12
00322,000000561002,20260730,14,0
00322,000000561002,20260731,13,0
00322,000000562001,20260701,22,24
00322,000000562001,20260702,17,0
00322,000000562001,20260703,16,0
00322,000000562001,20260704,14,0
00322,000000562001,20260705,9,0
00322,000000562001,20260706,7,0
00322,000000562001,20260707,40,36
00322,000000562001,20260708,37,0
00322,000000562001,20260709,33,0
00322,000000562001,20260710,32,0
00322,000000562001,20260711,27,0
00322,000000562001,20260712,23,0
00322,000000562001,20260713,20,0
00322,000000562001,20260714,15,0
00322,000000562001,20260715,14,0
00322,000000562001,20260716,12,0
00322,000000562001,20260717,10,0
00322,000000562001,20260718,29,24
00322,000000562001,20260719,23,0
00322,000000562001,20260720,22,0
00322,000000562001,20260721,21,0
00322,000000562001,20260722,18,0
00322,000000562001,20260723,14,0
00322,000000562001,20260724,11,0
00322,000000562001,20260725,7,0
00322,000000562001,20260726,37,36
00322,000000562001,20260727,35,0
00322,000000562001,20260728,31,0
00322,000000562001,20260729,30,0
00322,000000562001,20260730,25,0
00322,000000562001,20260731,24,0
00322,000000562002,20260701,30,0
00322,000000562002,20260702,29,0
00322,000000562002,20260703,24,0
00322,000000562002,20260704,20,0
00322,000000562002,20260705,18,0
00322,000000562002,20260706,17,0
00322,000000562002,20260707,16,0
00322,000000562002,20260708,15,0
00322,000000562002,20260709,13,0
00322,000000562002,20260710,8,0
00322,000000562002,20260711,15,12
00322,000000562002,20260712,11,0
00322,000000562002,20260713,10,0
00322,000000562002,20260714,6,0
00322,000000562002,20260715,27,24
00322,000000562002,20260716,22,0
00322,000000562002,20260717,17,0
00322,000000562002,20260718,15,0
00322,000000562002,20260719,10,0
00322,000000562002,20260720,7,0
00322,000000562002,20260721,30,24
00322,000000562002,20260722,26,0
00322,000000562002,20260723,21,0
00322,000000562002,20260724,20,0
00322,000000562002,20260725,15,0
00322,000000562002,20260726,10,0
00322,000000562002,20260727,29,24
00322,000000562002,20260728,26,0
00322,000000562002,20260729,21,0
00322,000000562002,20260730,15,0
00322,000000562002,20260731,10,0
00322,000000093322,20260701,20.181,0
00322,000000093322,20260702,17.183,0
00322,000000093322,20260703,14.006,0
00322,000000093322,20260704,8.292,0
00322,000000093322,20260705,0.942,24
00322,000000093322,20260706,33.328,36
00322,000000093322,20260707,27.424,0
00322,000000093322,20260708,23.042,0
00322,000000093322,20260709,20.625,0
00322,000000093322,20260710,15.303,0
00322,000000093322,20260711,7.606,0
00322,000000093322,20260712,2.118,12
00322,000000093322,20260713,19.809,24
00322,000000093322,20260714,15.562,0
00322,000000093322,20260715,10.794,0
00322,000000093322,20260716,7.359,0
00322,000000093322,20260717,26.740,24
00322,000000093322,20260718,24.059,0
00322,000000093322,20260719,17.401,0
00322,000000093322,20260720,12.626,0
00322,000000093322,20260721,9.511,0
00322,000000093322,20260722,6.451,0
00322,000000093322,20260723,5.611,12
00322,000000093322,20260724,36.208,36
00322,000000093322,20260725,31.097,0
00322,000000093322,20260726,29.417,0
00322,000000093322,20260727,22.338,0
00322,000000093322,20260728,14.703,0
00322,000000093322,20260729,12.754,0
00322,000000093322,20260730,6.541,0
00322,000000093322,20260731,5.525,24
00322,000000093325,20260701,6.935,0
00322,000000093325,20260702,5.955,24
00322,000000093325,20260703,4.306,36
00322,000000093325,20260704,0.000,24
00322,000000093325,20260705,6.648,12
00322,000000093325,20260706,14.922,12
00322,000000093325,20260707,11.580,0
00322,000000093325,20260708,15.697,12
00322,000000093325,20260709,7.952,0
00322,000000093325,20260710,2.788,36
00322,000000093325,20260711,23.122,24
00322,000000093325,20260712,21.048,0
00322,000000093325,20260713,17.986,0
00322,000000093325,20260714,15.546,0
00322,000000093325,20260715,13.214,0
00322,000000093325,20260716,9.753,0
00322,000000093325,20260717,6.329,0
00322,000000093325,20260718,13.094,12
00322,000000093325,20260719,12.191,0
00322,000000093325,20260720,8.786,0
00322,000000093325,20260721,0.517,24
00322,000000093325,20260722,7.304,12
00322,000000093325,20260723,38.565,36
00322,000000093325,20260724,34.860,0
00322,000000093325,20260725,32.348,0
00322,000000093325,20260726,24.400,0
00322,000000093325,20260727,20.875,0
00322,000000093325,20260728,16.893,0
00322,000000093325,20260729,14.724,0
00322,000000093325,20260730,13.678,0
00322,000000093325,20260731,7.252,0
00322,000000093401,20260701,31.928,36
00322,000000093401,20260702,29.851,0
00322,000000093401,20260703,25.349,0
00322,000000093401,20260704,23.491,0
00322,000000093401,20260705,20.921,0
00322,000000093401,20260706,14.919,0
00322,000000093401,20260707,11.435,0
00322,000000093401,20260708,9.607,0
00322,000000093401,20260709,5.062,36
00322,000000093401,20260710,0.000,12
00322,000000093401,20260711,5.655,12
00322,000000093401,20260712,3.957,12
00322,000000093401,20260713,0.000,24
00322,000000093401,20260714,0.000,24
00322,000000093401,20260715,16.280,24
00322,000000093401,20260716,13.643,0
00322,000000093401,20260717,7.799,0
00322,000000093401,20260718,28.042,24
00322,000000093401,20260719,27.255,0
00322,000000093401,20260720,22.472,0
00322,000000093401,20260721,20.937,0
00322,000000093401,20260722,19.008,0
00322,000000093401,20260723,11.998,0
00322,000000093401,20260724,10.594,0
00322,000000093401,20260725,3.724,24
00322,000000093401,20260726,24.005,24
00322,000000093401,20260727,23.176,0
00322,000000093401,20260728,14.930,0
00322,000000093401,20260729,13.345,0
00322,000000093401,20260730,6.044,0
00322,000000093401,20260731,3.567,24
00322,000000093402,20260701,18.694,0
00322,000000093402,20260702,15.848,0
00322,000000093402,20260703,8.213,0
00322,000000093402,20260704,6.051,0
00322,000000093402,20260705,1.566,24
00322,000000093402,20260706,7.483,12
00322,000000093402,20260707,5.948,36
00322,000000093402,20260708,38.901,36
00322,000000093402,20260709,31.836,0
00322,000000093402,20260710,27.359,0
00322,000000093402,20260711,21.031,0
00322,000000093402,20260712,13.465,0
00322,000000093402,20260713,6.429,0
00322,000000093402,20260714,15.973,12
00322,000000093402,20260715,11.767,0
00322,000000093402,20260716,6.802,0
00322,000000093402,20260717,28.215,24
00322,000000093402,20260718,24.846,0
00322,000000093402,20260719,19.470,0
00322,000000093402,20260720,12.384,0
00322,000000093402,20260721,7.437,0
00322,000000093402,20260722,24.311,24
00322,000000093402,20260723,17.280,0
00322,000000093402,20260724,13.060,0
00322,000000093402,20260725,41.644,36
00322,000000093402,20260726,40.708,0
00322,000000093402,20260727,34.242,0
00322,000000093402,20260728,33.177,0
00322,000000093402,20260729,26.106,0
00322,000000093402,20260730,24.111,0
00322,000000093402,20260731,17.346,0
00322,000000093501,20260701,29,0
00322,000000093501,20260702,22,0
00322,000000093501,20260703,16,0
00322,000000093501,20260704,13,0
00322,000000093501,20260705,12,0
00322,000000093501,20260706,11,0
00322,000000093501,20260707,15,12
00322,000000093501,20260708,9,0
00322,000000093501,20260709,1,24
00322,000000093501,20260710,11,12
00322,000000093501,20260711,7,0
00322,000000093501,20260712,27,24
00322,000000093501,20260713,19,0
00322,000000093501,20260714,12,0
00322,000000093501,20260715,10,0
00322,000000093501,20260716,3,36
00322,000000093501,20260717,0,12
00322,000000093501,20260718,4,12
00322,000000093501,20260719,8,12
00322,000000093501,20260720,41,36
00322,000000093501,20260721,34,0
00322,000000093501,20260722,28,0
00322,000000093501,20260723,23,0
00322,000000093501,20260724,15,0
00322,000000093501,20260725,10,0
00322,000000093501,20260726,27,24
00322,000000093501,20260727,20,0
00322,000000093501,20260728,14,0
00322,000000093501,20260729,12,0
00322,000000093501,20260730,7,0
00322,000000093501,20260731,36,36
00322,000000093502,20260701,32,36
00322,000000093502,20260702,27,0
00322,000000093502,20260703,19,0
00322,000000093502,20260704,14,0
00322,000000093502,20260705,12,0
00322,000000093502,20260706,10,0
00322,000000093502,20260707,6,0
00322,000000093502,20260708,39,36
00322,000000093502,20260709,32,0
00322,000000093502,20260710,27,0
00322,000000093502,20260711,23,0
00322,000000093502,20260712,18,0
00322,000000093502,20260713,17,0
00322,000000093502,20260714,9,0
00322,000000093502,20260715,8,0
00322,000000093502,20260716,12,12
00322,000000093502,20260717,4,12
00322,000000093502,20260718,25,24
00322,000000093502,20260719,22,0
00322,000000093502,20260720,20,0
00322,000000093502,20260721,14,0
00322,000000093502,20260722,11,0
00322,000000093502,20260723,28,24
00322,000000093502,20260724,25,0
00322,000000093502,20260725,17,0
00322,000000093502,20260726,15,0
00322,000000093502,20260727,9,0
00322,000000093502,20260728,38,36
00322,000000093502,20260729,34,0
00322,000000093502,20260730,30,0
00322,000000093502,20260731,23,0
00322,000000093503,20260701,17,0
00322,000000093503,20260702,15,0
00322,000000093503,20260703,10,0
00322,000000093503,20260704,30,24
00322,000000093503,20260705,23,0
00322,000000093503,20260706,21,0
00322,000000093503,20260707,16,0
00322,000000093503,20260708,15,0
00322,000000093503,20260709,11,0
00322,000000093503,20260710,15,12
00322,000000093503,20260711,9,0
00322,000000093503,20260712,8,0
00322,000000093503,20260713,39,36
00322,000000093503,20260714,35,0
00322,000000093503,20260715,27,0
00322,000000093503,20260716,22,0
00322,000000093503,20260717,18,0
00322,000000093503,20260718,12,0
00322,000000093503,20260719,7,0
00322,000000093503,20260720,29,24
00322,000000093503,20260721,23,0
00322,000000093503,20260722,22,0
00322,000000093503,20260723,15,0
00322,000000093503,20260724,11,0
00322,000000093503,20260725,3,36
00322,000000093503,20260726,0,36
00322,000000093503,20260727,0,36
00322,000000093503,20260728,20,24
00322,000000093503,20260729,17,0
00322,000000093503,20260730,9,0
00322,000000093503,20260731,2,36
00322,000000094102,20260701,24,0
00322,000000094102,20260702,16,0
00322,000000094102,20260703,11,0
00322,000000094102,20260704,8,0
00322,000000094102,20260705,25,24
00322,000000094102,20260706,18,0
00322,000000094102,20260707,17,0
00322,000000094102,20260708,13,0
00322,000000094102,20260709,7,0
00322,000000094102,20260710,2,12
00322,000000094102,20260711,32,36
00322,000000094102,20260712,31,0
00322,000000094102,20260713,30,0
00322,000000094102,20260714,28,0
00322,000000094102,20260715,23,0
00322,000000094102,20260716,16,0
00322,000000094102,20260717,14,0
00322,000000094102,20260718,10,0
00322,000000094102,20260719,26,24
00322,000000094102,20260720,19,0
00322,000000094102,20260721,16,0
00322,000000094102,20260722,13,0
00322,000000094102,20260723,10,0
00322,000000094102,20260724,28,24
00322,000000094102,20260725,27,0
00322,000000094102,20260726,19,0
00322,000000094102,20260727,17,0
00322,000000094102,20260728,14,0
00322,000000094102,20260729,8,0
00322,000000094102,20260730,7,0
00322,000000094102,20260731,23,24
00322,000000094103,20260701,6,24
00322,000000094103,20260702,23,24
00322,000000094103,20260703,18,0
00322,000000094103,20260704,12,0
00322,000000094103,20260705,10,0
00322,000000094103,20260706,9,0
00322,000000094103,20260707,16,12
00322,000000094103,20260708,9,0
00322,000000094103,20260709,2,12
00322,000000094103,20260710,0,36
00322,000000094103,20260711,10,12
00322,000000094103,20260712,5,24
00322,000000094103,20260713,0,24
00322,000000094103,20260714,0,12
00322,000000094103,20260715,0,36
00322,000000094103,20260716,28,36
00322,000000094103,20260717,24,0
00322,000000094103,20260718,17,0
00322,000000094103,20260719,10,0
00322,000000094103,20260720,17,12
00322,000000094103,20260721,15,0
00322,000000094103,20260722,14,0
00322,000000094103,20260723,12,0
00322,000000094103,20260724,8,0
00322,000000094103,20260725,7,0
00322,000000094103,20260726,2,12
00322,000000094103,20260727,0,12
00322,000000094103,20260728,33,36
00322,000000094103,20260729,29,0
00322,000000094103,20260730,26,0
00322,000000094103,20260731,22,0
00322,000000094202,20260701,27.386,0
00322,000000094202,20260702,26.481,0
00322,000000094202,20260703,21.461,0
00322,000000094202,20260704,17.400,0
00322,000000094202,20260705,12.374,0
00322,000000094202,20260706,7.937,0
00322,000000094202,20260707,25.498,24
00322,000000094202,20260708,21.191,0
00322,000000094202,20260709,16.768,0
00322,000000094202,20260710,13.555,0
00322,000000094202,20260711,5.189,24
00322,000000094202,20260712,1.377,36
00322,000000094202,20260713,31.544,36
00322,000000094202,20260714,27.401,0
00322,000000094202,20260715,23.577,0
00322,000000094202,20260716,20.936,0
00322,000000094202,20260717,15.518,0
00322,000000094202,20260718,13.112,0
00322,000000094202,20260719,9.535,0
00322,000000094202,20260720,7.279,0
00322,000000094202,20260721,16.313,12
00322,000000094202,20260722,15.492,0
00322,000000094202,20260723,13.610,0
00322,000000094202,20260724,11.930,0
00322,000000094202,20260725,6.361,0
00322,000000094202,20260726,40.568,36
00322,000000094202,20260727,33.454,0
00322,000000094202,20260728,28.022,0
00322,000000094202,20260729,22.783,0
00322,000000094202,20260730,19.401,0
00322,000000094202,20260731,11.204,0
00322,000000094203,20260701,12.414,12
00322,000000094203,20260702,10.640,0
00322,000000094203,20260703,7.219,0
00322,000000094203,20260704,24.352,24
00322,000000094203,20260705,20.535,0
00322,000000094203,20260706,14.928,0
00322,000000094203,20260707,10.447,0
00322,000000094203,20260708,8.516,0
00322,000000094203,20260709,6.821,0
00322,000000094203,20260710,0.000,36
00322,000000094203,20260711,10.945,12
00322,000000094203,20260712,3.855,12
00322,000000094203,20260713,0.000,12
00322,000000094203,20260714,0.000,24
00322,000000094203,20260715,0.000,12
00322,000000094203,20260716,0.000,36
00322,000000094203,20260717,10.187,12
00322,000000094203,20260718,8.748,0
00322,000000094203,20260719,4.911,12
00322,000000094203,20260720,0.655,12
00322,000000094203,20260721,0.000,24
00322,000000094203,20260722,9.882,12
00322,000000094203,20260723,8.845,0
00322,000000094203,20260724,39.323,36
00322,000000094203,20260725,38.324,0
00322,000000094203,20260726,34.686,0
00322,000000094203,20260727,26.420,0
00322,000000094203,20260728,23.452,0
00322,000000094203,20260729,16.971,0
00322,000000094203,20260730,12.112,0
00322,000000094203,20260731,10.695,0
