customer_id,loyalty_tier,enrollment_date,age_band,home_store_id,extract_date
82c516260a051699d7e64cf70978abc11cb6d13b91ecfaf17f4764c6bdd9e90d,Silver,2018-05-18,55-64,1107,2026-09-06
c29c4c13f93f8db3489e95a3e2bd3736754aaa5fab6fca48c11942be701070ee,Silver,2017-04-05,35-44,322,2026-09-06
643513ecd69152ed2d7b0cda16cc12d246d549863ef2fb8818728a9acc06a870,Bronze,2025-03-28,65+,317,2026-09-06
38d57f26751ec338e9075c5e501197b7d14840a2d643c143f633ca033f5e9d5e,Bronze,2017-02-20,25-34,2211,2026-09-06
4b98c2b1e6200d96cba3fcdfb928e17e12526513c67f9b8375b690390bcb3516,Bronze,2019-01-06,65+,317,2026-09-06
f013a3d6019300a8191bfc39fc6b3c0a7ab138ee494814d9a221666edb75baff,Bronze,2025-03-11,25-34,2210,2026-09-06
bf414743699f3d12a1dad4a79def8682fff7f233671e7514f052c8dc8ceeecb6,Bronze,2018-11-25,35-44,3050,2026-09-06
091011225bf109000bfaec66afb53691692cf7fcbf160305552a86ca726d1b86,Gold,2020-10-31,25-34,1042,2026-09-06
6be7df1537b73b4188bb8ce97bb028cf24a6dfe91757674e8d7237a5156013d8,Gold,2023-01-05,25-34,2210,2026-09-06
5df78e4cfb89b20d817aa9fd090b4faee3907e10d155d505425a527e4fbd4fa7,Gold,2024-08-28,55-64,1107,2026-09-06
4dd0eb28b321660dca0b574bac789b86fa9234067517cbb80781f7661c363365,Bronze,2019-05-11,18-24,3050,2026-09-06
d19106059c8d353b83ac7f85446dc6ab447a4b34d7fd665499ae9af23ee452a4,Bronze,2017-11-13,25-34,1042,2026-09-06
e7afa2adf1a605cd7b05daeb76361222f90909b054ea5b8a9010df918d2db752,Silver,2018-07-14,35-44,2210,2026-09-06
5903059bb178281eeb0eb11a3b369d474898629ed77272db1966790d9457e8c8,Bronze,2022-11-19,55-64,2305,2026-09-06
41e5ff1b1a01b3a83087305e1e3b4da0e605ab1b6e59c6ae64e9fbedf0c8a21f,Gold,2026-07-20,65+,2211,2026-09-06
b0b83cc57c4007180b98348f1bb06eb2623283c6600e1657b05a58a6a2a3b9ab,Silver,2018-10-29,55-64,2210,2026-09-06
533e1d8243b17b279563e07e5637b4fd3719cf68242dd3d638a8b156877ebffb,Silver,2018-10-23,45-54,2210,2026-09-06
7c79a8b612aee8dc4f701028f99d11c13546073d06bf3ec05cdbb7e0ce35f579,Bronze,2019-11-27,18-24,1042,2026-09-06
3141536d88b215259483779a6f2b759cf0f3391dcbcfe3e507cabd2979888069,Bronze,2019-09-16,65+,317,2026-09-06
e956ee5bcef227a57f5e1bfff3dd55b66dcee391eaf041a366aa66f489cb2f23,Bronze,2021-03-19,25-34,2211,2026-09-06
ade9711e120bcf64db9905cd9db9a7616936de5aca817c6243a3e8b11e607148,Gold,2015-12-16,35-44,317,2026-09-06
47cea62faa4058b0df0d9bc91d3fa16179205137ca8231ca09a2662b63d344d1,Bronze,2025-09-13,65+,1107,2026-09-06
7ea246dddae14c581de2b36a6d626ab2ee5c840e81b703b8199cce090c084d44,Silver,2017-10-25,65+,2211,2026-09-06
964887c04c77550ae907cde7dbd7c3b9902d3e4d6f8fcac7e9603d95e33faec9,Silver,2020-08-29,35-44,2305,2026-09-06
ec35545d4b99ff50346ac8bdd0bd35ab2be0d5bc3144e1bc82e21244968bc5d8,Gold,2015-01-10,55-64,317,2026-09-06
52711a3d9d191915c7538eec22b599bf42210a482844048ffc384c2fda4a93e5,Gold,2017-04-23,65+,322,2026-09-06
bcd2eccac96c2362d269e2714ba81db893a2f639253037def791d9e2c95a2211,Bronze,2015-06-02,45-54,2211,2026-09-06
ecd834bf4ed80d02c47ac7ffd8efb57a9c4ba6095749db7753a104fc2c51b84d,Bronze,2023-03-05,35-44,2305,2026-09-06
0ce771b44e75457479f2e932efff0509d955078fecb67bed0143988cb6a02604,Silver,2015-12-11,65+,322,2026-09-06
fee6c2ca1afdc27d88807f5a062396b8577e53fa589876ee8a6bbff56a02f24d,Bronze,2024-01-12,35-44,2305,2026-09-06
0adcfda1827ce327e3cdb0a0f1017933e0e0547100fab94d879a8420a8671c9a,Silver,2019-08-02,65+,322,2026-09-06
9ea238b7c71fdb543591158e975ed1f82e704dd832c3aa7e92bec079d6619cc9,Gold,2025-10-01,45-54,322,2026-09-06
5dccc12384c1c7da2f030bfab6f9a0203317b59ab7b81a2a016afd3ea5a364d0,Bronze,2017-02-28,65+,322,2026-09-06
d949bd92bdf3bd5263433c6e5ebbc63f0ccaa9cd1b188918366cce8f88dd5a4c,Gold,2023-10-06,35-44,1042,2026-09-06
a0bb41028fbb6bb15ceb6c3e1e6a05a51788a7dfad3f615cded233df85a83853,Silver,2018-08-28,65+,2211,2026-09-06
c734cae3e1de39410ac1304d926eb7c4c6a895b7b6360a4e8567fe2f5a4a2432,Silver,2022-03-11,55-64,2305,2026-09-06
c127c805db3d9fc99dade22de14ff4de91c2a132166ad14ac838a57f07fa3345,Silver,2021-10-09,35-44,2210,2026-09-06
e5839b78fd02ccf462c288e085650f490a3d0341ecb89ffff3a119711892c4e1,Bronze,2020-11-22,65+,2211,2026-09-06
fb902a86ec90e6c293ca85904dbd7e52be6f8de37dd7dea50927456df2738a0a,Bronze,2024-09-05,35-44,1042,2026-09-06
e5e9145ceac6fdc7762e406ca0b9edfb89ebe57fc7eebbe59268219da54e561c,Bronze,2023-04-06,35-44,1107,2026-09-06
cffefeb2c21fbee748381e66fa9bc0a16b51190a3c5efd06e3008c3c9c615f79,Silver,2019-07-26,25-34,1042,2026-09-06
7997da5f9682251464b19f5f0cf80ba8c1bd5b8dba207b17bdd83e978b3007b1,Gold,2025-11-07,65+,1107,2026-09-06
45262415eb551a66cae9247f4d84822a57c5c4b493bfd1453c1a042c6632813e,Silver,2015-03-31,45-54,2211,2026-09-06
c7e7db6250fc974340bc2d809631e3499e8dca7b7561f0efcfc5ce5c19085403,Silver,2022-11-05,45-54,2305,2026-09-06
4863bbc3bc14e5ede3c127adc71514dfd9d5fbb46b3497f6f5a7122de7735c7a,Bronze,2015-05-15,18-24,2211,2026-09-06
e660e24282cbb165dc85bb70a2b80a85f6ac7dd317cd341a876c594d0546f1a5,Silver,2018-02-01,25-34,317,2026-09-06
b11c603888833a496281a13cd4471aa160dbcf88fd82815954804362ddef9d58,Bronze,2024-04-30,45-54,1042,2026-09-06
50364d37698c340e207ee2566afeeb9f9017b36790a42befe7df978a02b46b5f,Bronze,2021-01-23,45-54,2305,2026-09-06
9382f59de25396c5c7bf0fe24152aa4c652426af176243b0e9583c6321617a1c,Gold,2017-02-21,25-34,317,2026-09-06
eb2218ee7c40315ca1dba65df256a8f49013d13ec933a99537f5bfce7668cf7f,Bronze,2017-10-13,35-44,3050,2026-09-06
d3aa042b84f1539d3c06e215d713e88168f8ff8f946810fc02e21a221b744b30,Bronze,2020-05-23,25-34,317,2026-09-06
712d9a93bce4294583e02387f7bd16d4eea71248256edccb01ad729f6f8cb9fe,Silver,2022-06-10,18-24,2210,2026-09-06
dd6575c263c28e779689f8c997dcad5d38c72489dd65cc60a0477a2cee187c20,Silver,2024-05-13,65+,2305,2026-09-06
cbe22d19d7333115560be671e3209655479372769a31e7e40f6cfadb0a9299a3,Bronze,2021-10-04,35-44,2211,2026-09-06
30078310d801d9ce281cb426e5ca85fd20acf81eb8ff2af87b435a6ad4d29c16,Gold,2026-04-15,55-64,317,2026-09-06
78b66054c35472b53a0d8083b19712dd8853a49e45b63b9463ed33d9abfa5025,Bronze,2020-07-16,45-54,2210,2026-09-06
b8b68a31c649a79589fb1ec0b97604a83f74c98a75741828143a63b3f647cc4a,Bronze,2016-09-18,65+,317,2026-09-06
aba96da29f38b875da89e63cbcb1aade4e22edb44502142533931dc495bf78b1,Bronze,2026-07-24,35-44,322,2026-09-06
beffff91de8ee68ef74bf598675a4874f9fc723c58130d8d2844c65f5039791b,Silver,2017-06-29,45-54,1107,2026-09-06
df3148616e02776df52d41d68d78c750b585e9c01b95620e3266c6504f3e1572,Bronze,2022-10-27,65+,317,2026-09-06
72e5625d63b8f518009b427eedcc3e58bdfbf21d48ac8e8bbbd9e7033338bde8,Gold,2025-04-11,65+,2210,2026-09-06
616af14078b4ccf5baa6fe7052af0cb4d4ff91d9e3a6ece67e6ac37ad8d2ef95,Bronze,2026-05-27,25-34,3050,2026-09-06
2ae89f7db93ce035fdfe678811b665d35791fc72c3bf8ac311d17b064feb887b,Bronze,2026-05-18,35-44,2305,2026-09-06
6c44a6f33ce5409de0887c43b490492269376501ec0d36831e9a0d91263014ec,Gold,2017-05-30,35-44,2305,2026-09-06
159ea661c1b4ad55cbee745e2abb1df8ffe75e51da944eb800c80163eabc9734,Silver,2021-10-31,25-34,1107,2026-09-06
d945b44d4aac5896713fe2f8e7dd4b673cd8316c883670979ec7380d973902c4,Silver,2019-05-27,45-54,2211,2026-09-06
9e2629f95a697bd4b52e590e8f2625dab9b77645ef6ab22ed9e4689e0dd94afc,Gold,2020-03-20,25-34,2305,2026-09-06
f1e8accdc431c917420ca5218b2e18c9fd1fbde27ff6390329ad3493350513b2,Bronze,2015-03-14,45-54,2210,2026-09-06
428c3abea6b599111d33220e96b49da5db50bc12bb00ce96745606806233f545,Silver,2017-05-27,65+,2210,2026-09-06
e9f0664772900843b0c0d6e4a12eff2c7be14e92b3860f496f4162e1bfb7dfa3,Bronze,2025-10-20,55-64,3050,2026-09-06
8617af85e03d4c75626ac981984b08ba902025a98d4d22984660cd407fd3c8dd,Bronze,2023-10-15,45-54,2210,2026-09-06
c2937c9dc5aeb3e96829ca726801fadc433ac826c8e1a10abdc113f16b23e7f8,Bronze,2025-05-28,45-54,322,2026-09-06
aa0688f8ef319378dac55981f373dba86bfd9620e3b3a299bb995d4f04c686ae,Bronze,2018-01-05,45-54,322,2026-09-06
46089467bf3b2c651d802ff1e84dfc6bb126fac672c9157ab1e9682cf9576391,Bronze,2017-02-16,65+,1042,2026-09-06
a4e498fc3f9114e9319ccbceca48c80e1f8996111335d07a5f67339a08de6340,Silver,2016-01-11,55-64,317,2026-09-06
bae2dbbc06b5a140c9f0aa917b613a8734b2d3b88a48331263f33c6e9173b518,Silver,2021-12-29,55-64,1107,2026-09-06
f223e3e41ca774bf7f9236f6dc0bca4829bb4bebcebdb9b4814f66aa3d833a37,Silver,2024-06-26,45-54,2210,2026-09-06
19464f808c7271bcf65e79f2c4ca461ca7b645bb21b7be3276752f7ea056d728,Silver,2021-04-30,65+,317,2026-09-06
63e9c05a77e7212cc98693350ed53bda58e947c3575d7cbd9b9c527988eb1c86,Gold,2022-09-21,45-54,317,2026-09-06
d9eebc52c21883e0dc8d4e360106e654bba7ef00a6ddfacf0ab26d4af9362702,Bronze,2021-03-17,25-34,317,2026-09-06
82f3a69031909f810838e7894b4ff03630fc19542504ef5e08dc1007c545bb5c,Silver,2015-06-09,55-64,2305,2026-09-06
b7aa61b704e4b25d6f69f7c45b77400312a13718597cdc7df3acc3da0269e566,Silver,2018-07-09,25-34,3050,2026-09-06
faae49909eaf42a3ac7a52dc35e0213b89790bc69c9758d9faf553968aa565e9,Bronze,2023-04-27,35-44,322,2026-09-06
b2c036a6a61e4b2ed9a6b4c4c61a97d248bbd4e8a231859329a403cf8d318626,Silver,2018-07-30,35-44,2211,2026-09-06
1a1446a488f320d7a357517b44bab1e8a47d160885fa5c90532c47591f4d7452,Silver,2015-05-15,35-44,2305,2026-09-06
6a8b8c0c37e892c93616c63daddf58a285cd67f835dec69097146372bcbbe545,Silver,2018-12-08,55-64,3050,2026-09-06
7d4ffa71ac70d683fa899d40865b3f67481580eb3163150c1535ae8006f93979,Bronze,2018-12-21,35-44,3050,2026-09-06
e6e365b92e46f45ba6d58c35bb83e4ccbf2700a0b3f8902e9a95d0566d6dc4d3,Bronze,2019-04-28,35-44,322,2026-09-06
2fa3b1c8e60e8e2c353686b784afa6937b67ecc0640b4c9ead6d8bd05694ae92,Gold,2019-10-15,35-44,2211,2026-09-06
a20308ab5867ee8cdef703ff9515f8ab9eea28015b337ad4df5b3509d9be7865,Bronze,2025-11-10,25-34,2210,2026-09-06
ef92b96c63320e92c65b7c5bf403e4945899c4daffbb318a43931125d354a3a9,Gold,2016-02-15,55-64,2305,2026-09-06
310d73b6e4d55a49e51c40c9a54afe26546b5a5761bfbfd466bd79cbc716b206,Bronze,2021-10-05,18-24,1107,2026-09-06
855cea4ddfed831ab3d337e94cd79674e9878472eb0855ec1be442cd22dcfa76,Gold,2024-07-22,35-44,317,2026-09-06
11e373186c361eaadec4f5b1053ef5143a7dd366e8179c26a025181c6a3580b8,Gold,2024-05-18,35-44,1107,2026-09-06
83411c34574c1c24d38de195c4ae1c1a47fa717756929105f641f7e4d6fd4f5a,Silver,2015-03-11,55-64,2210,2026-09-06
ac17004f3d808be707d677f9095b7b8b2f5968f9e4a290f311694cbc331f6a71,Bronze,2023-04-03,55-64,1107,2026-09-06
52fb3e489f9a9c65e41e9dee5c91547e443834c69e606ab7dbe6d29736ce85c3,Gold,2024-12-23,25-34,322,2026-09-06
4a6f6cec00303d2f1d03d72f727a5ad01014d8011234f636e027031b7a4cdea5,Bronze,2021-05-13,35-44,322,2026-09-06
e050984c4c5bc02b8eb860850af30a51560ba7e5d2dadee36f3dc59c2f0109e2,Bronze,2022-05-25,35-44,322,2026-09-06
f1e42ddbaac463c24301acb008cf8eefa9977c353ea44b3023046140fec62589,Bronze,2023-03-23,18-24,2305,2026-09-06
21e78db91dfb834f5a2ee398c34e7e6c2ab72fcd66dac10c40e8eae64dcd94b8,Silver,2020-08-21,65+,2305,2026-09-06
90bb927fb0923dc9ce743ab6dafca35e5a85a5fc1dc5558dc3af8813b5bdbba5,Gold,2024-03-27,45-54,2211,2026-09-06
257e8a561d786dd55c6c75990129e3f4994be853fa728d59ae2b8b6eaf3b26f2,Bronze,2017-08-07,18-24,322,2026-09-06
b4441b321e0f5f6a01f8cc364a6eb587c5e0a59afc19dd070496c309474f82b4,Bronze,2016-04-21,35-44,317,2026-09-06
6f2728d063a29c897e054dbb0a6141e9849c4f90659323d1a796992a2708f75d,Silver,2020-07-23,55-64,1042,2026-09-06
97a6c52fa559966b512fcca0cec602c7d112e25821222f3d25684ac7f22a885f,Silver,2025-09-23,65+,322,2026-09-06
ffcd7ffbf5ddf19d711042bbd50ba077c870a7500324958638d356953eb8176e,Silver,2020-09-06,45-54,1107,2026-09-06
daabcb767d316a678b3c9f9fbdb9aa1293a56cd1327462906ccadaffed9801b0,Silver,2015-08-26,55-64,2211,2026-09-06
c06a225b1899fa03506ff26d9718f32a772ece0875fd9c37d2b747513c743fb3,Bronze,2016-03-09,45-54,2211,2026-09-06
661fbdfa9befee55352138cc231a30b7aef5b2dc04ebec6991cad0c8aca0c502,Bronze,2022-03-16,45-54,1107,2026-09-06
9d021322b8d60594228d42fc3c36d8dcab7b52316abf8f299a08bea1809182a5,Silver,2016-01-02,18-24,1107,2026-09-06
11b141bcabeb9615494c61a3c8c437d0c73b07ce6c4d00ded07348b9a92876e3,Bronze,2021-01-24,65+,2211,2026-09-06
6e45836b8af2a2edf2d7abdb8dc69c1da734ac495c0632492276a82a0ee0e60f,Bronze,2025-04-18,35-44,322,2026-09-06
17867563e6536ccdab409b12adeb6c6d7a97710fbefc5e8f87a2cff0fac49b24,Silver,2025-01-07,45-54,1042,2026-09-06
35bbca6214f28e021d5385b901fffc1f53621adcb8365b25a9f84a9ae0ff07a7,Bronze,2023-10-21,55-64,2305,2026-09-06
058efd549c5c3ef0e3b0b29175b3065840c38ddfde4943494c5e231f261e53c1,Silver,2015-12-01,45-54,1107,2026-09-06
f3aed843ebba805128c3f52775920c16b93926142703c66a2598c7fa9b9c422a,Silver,2024-07-15,35-44,1042,2026-09-06
dcbacb57c8d45b5c57de7f4b424ab63098a66e95b174301a5d56c61c2d9f2a0b,Silver,2016-11-18,45-54,1107,2026-09-06
118db520586513b07b1556cb3be4138192c04dddeb92b5c1f218c85d90c5e30b,Bronze,2021-04-03,35-44,317,2026-09-06
41404cce48d22708febe640012036e455a3baa314f4aa24484cfd2ff3f7dfd4d,Silver,2021-08-25,55-64,1107,2026-09-06
ec236433bc0f2a0511dc96874ebf1017ffc09f7c71830e3e9f3417eb63883516,Gold,2017-03-11,35-44,322,2026-09-06
a0a0a50132296b86fc7f29447f947dc8d4b74819a54a9ede8bc495aef39a52bf,Bronze,2023-10-09,65+,2305,2026-09-06
0ec89baed243b7d32d7cc22e208b3533088ce59611f4646869e77230c7372eec,Silver,2019-04-10,45-54,322,2026-09-06
99b75acd4075ed9a06b40e5c2cad4a7f905ef209336345f26ad1ecd2466fdd7c,Gold,2024-07-28,25-34,322,2026-09-06
6ab82f4604c58f2fa0e4b6435367655946e79121c4b355de7cc156ea9906c88b,Silver,2022-01-13,25-34,1107,2026-09-06
ae0ffcda0639fee15b9a75f0a2668c073fe9ed5d507c51b3537c3a922ebf4d3d,Bronze,2022-10-30,55-64,2210,2026-09-06
865bcbc0531e05c3c1f9b68301ec79ee9c7de7176d6ff5b136eee221a87caee9,Silver,2023-12-05,25-34,317,2026-09-06
505a7a5511fc1b263d46fc3e7d18dcda57f5a0c98b10893502e104d0ebd2ef3a,Silver,2015-12-25,65+,1107,2026-09-06
9f1826e92e7ccf7217a1512adbdea376d355fe92babd037f29b9ae91f9933fda,Bronze,2023-07-30,65+,2210,2026-09-06
779e85d91931f9e3593788f8c2638265eb93f2c1ace21d28b43dd25007f96b6f,Bronze,2018-02-15,35-44,322,2026-09-06
6b8487a0e504c3940b7ac01a3e5600c8c60aabaf4deaba0f59a4f6a4e5a2827e,Bronze,2024-08-11,18-24,322,2026-09-06
9c69dd58d85e9c0aadfa423919dbb38fc3dac90a5c2032e86adca92785945f88,Silver,2025-02-20,55-64,2305,2026-09-06
0090d51f170223a9865ca8ec6097282098c2722df41bbe819f0fe0b8a5f80cd5,Bronze,2020-07-17,65+,2305,2026-09-06
6c73a36b70385fc449708aeb6238c8da4698eca6a735e4f8eed91a98e11a08c7,Gold,2025-09-29,65+,317,2026-09-06
6571ca7c10283928fdd701e7e9dce6948d64bccafd85fe3724d01af349821e40,Silver,2021-01-06,65+,3050,2026-09-06
be3d30621ee59a36c9ba2a0f4dc633b82433323f212e641895f1525247638c10,Bronze,2025-09-07,45-54,2211,2026-09-06
43471695928d32b291ac9554fd6c66f6f0671be2ec7cd1674cf0eb40cbcb22cb,Bronze,2016-11-19,25-34,1107,2026-09-06
97c7318873a2e90c7e12aeba757477a34c30d505e6bb176d87d02dc5b4358642,Bronze,2018-10-02,65+,1107,2026-09-06
bad28717cb126ce600fabe0b8d29d664599badf36fdd6e3c143f49bb7ce7bb13,Bronze,2024-10-09,18-24,2211,2026-09-06
66eb0dd6c2698976fc47c8bb765dfd425311d7916171c9430ed275d27087524c,Silver,2017-09-14,45-54,317,2026-09-06
499ea0c62f7e17ea92d65ed0adaec31ed0b226a5b9ab633cd74b65618d30719c,Silver,2025-01-02,55-64,1107,2026-09-06
42a6d51bc58a60403827de8547c3234d6719e948084482ff8e0608134244adc2,Silver,2017-02-27,55-64,1042,2026-09-06
d5f1f71ae35218b83c028e4db2f9f82f5e0076a6ae52f4ee3762d0f272cf1b21,Bronze,2021-01-20,55-64,322,2026-09-06
325d726052cebba4bb8c1c161864535a9857fc1f73710c75bb61f7b1a51b4586,Gold,2023-08-18,35-44,2211,2026-09-06
4e6a41dd59d818dc15972cb7839f96aff0dd749a3f068384ab5770853fd7787f,Gold,2023-05-31,25-34,317,2026-09-06
d337e140c6d09d7f7d85c08fbf26a57d4b0b3e4c99fdda8763d9b9ff6e5062d9,Bronze,2025-03-18,25-34,2305,2026-09-06
f68827315f69baf9f10ccfb53b96199700b4d2e4c75de01c86b1852fb4e5d770,Silver,2020-08-08,55-64,2305,2026-09-06
0b81959197ecf9853c61ec21af8fabdc8532af3c5061543d083b26f1b76ccb59,Bronze,2020-03-27,45-54,322,2026-09-06
76dd0fa71e3465d919c83ff8dab2e8a7a5e21b5819b38275eac4a2b6a576b223,Bronze,2024-03-21,55-64,1042,2026-09-06
2f7a60b819969e8080adc58194d690bb3ae7e5da7eaeab824e0de91a4523f8fe,Bronze,2015-09-06,25-34,2305,2026-09-06
20015ba6c95782ccc956206e3ab8b1da248d78b14cdadde00fb24d9f60387f79,Bronze,2015-09-26,25-34,322,2026-09-06
5d1941279ea59bbdc2ef1586a6adc62b47ba1d39740fc254dcd573b9662ed994,Silver,2017-10-29,25-34,317,2026-09-06
2588c47394b25661ebb212bc738a34962233121e3aa4852b480ce83211e6baae,Gold,2020-06-15,65+,2210,2026-09-06
eb9882846dd3aacc58d1553000b5a7d391b622a45ad9a729fc39204aff994e51,Silver,2020-09-24,65+,317,2026-09-06
1e70d82fdf4b646cc0943e5a36020323e2dde6da7be1762b335b96c7062d80da,Bronze,2023-05-24,45-54,2211,2026-09-06
97cd611cb20c288d416d601001be49b5b5d4e823f764905b391e310b8bcdc486,Bronze,2024-09-30,55-64,2210,2026-09-06
3e0abd56ad13fe6e52a8e5e55345e4a68bddac54b6f241036ce3f912201d1638,Gold,2024-04-05,45-54,2211,2026-09-06
2670db8a9634a2fc7e434857aabdfc23686d14019992a49a16c0a9cc5b20be8d,Bronze,2017-03-26,65+,322,2026-09-06
b87d3de6d3115f435d10fbd63ec85f3f3981a93d97c912952411155f39e2cf13,Bronze,2018-03-16,65+,1042,2026-09-06
bc0b685de8e041e38b14754f32db4f2a0b612ab9f1923b859df7ffea9d590e40,Gold,2019-08-26,25-34,1042,2026-09-06
5058f7f0911ce5782f45f6747e8dd7f1aa8c98aa830ba0229f794017ac7545f2,Bronze,2025-06-23,35-44,1107,2026-09-06
0befef1115d2f3e1e4fd7bd85c0b11279b1b4de5607e582f9013dbb47f969ae8,Bronze,2021-11-28,65+,322,2026-09-06
ddf6f396c0d763def9f5047256ebbfbb111b5a9432c26d52f4d54d99b756ee20,Bronze,2017-04-09,55-64,322,2026-09-06
c9382a137dd92aa0edc93c3fa350fa0d35637acd31213d20b12ad44585b9c9f1,Gold,2025-11-02,25-34,317,2026-09-06
826256679bf3e1e27aa7ea767a466714ed1dec8d0a6867fdb12a9c5b0934f470,Bronze,2026-07-20,25-34,317,2026-09-06
1c0152ecc623499d8e7bcf19dfa43ec187bcd461b47a48806bd07065b4735e7b,Bronze,2016-03-20,55-64,1107,2026-09-06
97d96dbd6147b0af58cc31223362e424befbc359c589299c42bfd63386745849,Silver,2024-05-31,25-34,2305,2026-09-06
5fe4042de6be07cd096a8b9356c69deebffd26d1d2925fac323e42d95ca67260,Silver,2020-03-06,25-34,1042,2026-09-06
1e9788094e6616bd535d88dda08ab7623fd870d13bf48b85ad6257beb6163a06,Bronze,2026-02-16,45-54,317,2026-09-06
2294eaab90a2114cc55069c74c242e69ce78b3e63a4b9b285860ea4bc5ee11d7,Silver,2025-09-26,18-24,3050,2026-09-06
15997e3d0617b967bcda136343ab242cc2543c4668c15a7b47b1d4206badf277,Bronze,2026-02-28,25-34,1042,2026-09-06
4b90b72ae0f5d333c2660d20118119cadf950ddbe378653762fdb49fa5ea99af,Bronze,2025-02-15,35-44,2210,2026-09-06
7a54e447efb495e7db42257a0fa72f8e08ddbf5007f667665dfb5b6c7ba86802,Bronze,2024-07-25,55-64,3050,2026-09-06
d7946d303357b57ed84941695b70e3e2c993525a1944cb78ac990b1d8b16219e,Bronze,2019-12-24,35-44,1042,2026-09-06
249915b10d95acd59ab09277277c0a4bc8f5fff8b21eace2af2d20cc3b449677,Bronze,2017-01-17,55-64,317,2026-09-06
1fd0e7ac0260047a993b36481fa6cb4fab0999e529bebffc00e8c43b3ce65ea6,Bronze,2017-07-26,65+,1107,2026-09-06
750ba5763beaf390dfab94fcaf81edaffa06488ef8b80763977ca16dbbfe623e,Silver,2023-07-05,35-44,1042,2026-09-06
b0978d61a7f0493018f76447d561a6508867911c5a177c2add48cb11f632661a,Gold,2019-12-22,45-54,1042,2026-09-06
ff1ad36c992b23d9b2e6ac10c0121e836b37242b90be808d3302c5c4cd547bb4,Silver,2024-07-07,65+,317,2026-09-06
70c68eccb16fa1592daa75e91f591dc619b4848837ef868e3dd341ab28ea1dbe,Bronze,2026-05-19,65+,322,2026-09-06
b7fab4505044c3980c20d6f88ce90899e50849de2dd6ae11e0e7281a4ba4721a,Bronze,2017-09-07,55-64,1042,2026-09-06
099f0c09a9decf488a44492e0f3c67a2919170308847fc0faa9cae4cc93815aa,Silver,2024-10-06,65+,2210,2026-09-06
23172941f02eb494ed023a8ac15c650500bd550aaeb9b832e5652e9de0ae1b6a,Bronze,2021-06-15,18-24,317,2026-09-06
6a19abf456b65de23948faae0e6e1d4d9dbac4f4210cae3040f8e0376c86a6b0,Bronze,2024-11-05,65+,2211,2026-09-06
dd14d59f180bd465623a66cae7f387e3ae0834a3135789c24a35b029da94895c,Silver,2026-05-26,35-44,317,2026-09-06
c303cd9a96768f9ca766fc1ffaa763016056f9aa3d2b4b876bf6628404b96f51,Bronze,2021-09-19,45-54,2211,2026-09-06
c3b40db06d464c7e9bda9324d29e54c730ed3ce7f69bc3d9a9be00c792468fbd,Bronze,2021-09-13,65+,1042,2026-09-06
b859bbb84a242eabcc6face50f7fee72c22610ea0913568584b0cf542e70c629,Gold,2025-06-05,65+,1107,2026-09-06
94a62016d765f7b6469c19f5a680893af2b7bf3875b526f873d2c71b683b50eb,Silver,2022-10-18,45-54,1107,2026-09-06
3600aa787e3bbb2775066758213db49bae456cfeffd58fcf1138e824e19a118a,Bronze,2015-07-31,65+,3050,2026-09-06
5bb36a262cc82ad837e24c72bb23b4eec589f1c163832b84fe051802703be2c5,Silver,2021-06-07,25-34,2305,2026-09-06
a5ea4b2da380e48f425adbf60d5ed1d1d6e9b577c79d357f37bbe777da6c9846,Bronze,2017-05-29,55-64,317,2026-09-06
69ac6aa680087e88aff95f0fed56d91decda68b48e3a086dd5f2a4a6879c996c,Bronze,2025-03-03,65+,322,2026-09-06
d9f3e14df7b6384c648e1ba6b81f8b01eed25fbd51b1067cbf89ec2b9c9a14fa,Bronze,2017-09-20,25-34,322,2026-09-06
0debdf3bd6ebaff9d475d9a4fa3203a0c55caeaef14e9ad07b315ce7c9897837,Bronze,2019-08-10,25-34,2210,2026-09-06
13ead97c2fb9fd0a9040a1fa134820cb7bffb85a2f7a1d78ec2b56b557f353c3,Silver,2025-11-10,65+,2211,2026-09-06
7ab9a0858d169f579ba9d12f17240d29c0ee241e7add36b17bd3af64ca256f95,Bronze,2019-12-19,55-64,2305,2026-09-06
e39912198a4528b57221f57c01c0170dc55472a3a5ef3155cef4349b085fb4dd,Silver,2022-05-22,65+,3050,2026-09-06
a73e5be9c0ff5e02495e9bd97f90587dc80f8145cd6d016bbde6d898ab1689fc,Silver,2023-05-30,55-64,2305,2026-09-06
866a235cd77a0456e1b2cd719c66206e7e9082d4db86fcb894b9a0b75aeced77,Bronze,2020-10-26,18-24,2211,2026-09-06
57b65dca8875d3b74f6ef0bd1e4573be95f07cde99072152fc37773eb4a3c97e,Bronze,2017-09-21,65+,1107,2026-09-06
9211cd72bb72e181d91fe99a0d914779771e6a4488c5ddc1beaae4b272b9a9ab,Silver,2018-03-07,55-64,2211,2026-09-06
9ad4a6663853db3f62f5310694fed4ac1d1ed8b7b65ce02a249b6002e012dde2,Silver,2022-11-26,55-64,1042,2026-09-06
2c9e62e641118ec2fcae50b013374e8df1f15e6483c0d0b4eeaea96cfc9051eb,Bronze,2021-03-20,25-34,1107,2026-09-06
8faf82a29f13898095eb52dea4959715dadf7306ec6abc8079e0abfce8e0f154,Bronze,2019-10-15,45-54,317,2026-09-06
f43b7932e0b2cc2abe082612ea2a56c4bea19b22a3538d41fd8689d9d794a81f,Bronze,2018-09-22,65+,322,2026-09-06
3f361b45d0ca3f208de165915008103c8ac766d96a1e3b214ad82ecea13bb6dd,Gold,2018-08-27,25-34,1042,2026-09-06
09fc30ae27701c08dc01cef2724daa1a20544d1f09b247488c10866c13240aa1,Bronze,2021-10-15,45-54,2305,2026-09-06
9401734a96c7ec133f6e2a3da6bf461b430762519f646ecaa819588fd585e1ed,Bronze,2025-10-04,25-34,1107,2026-09-06
93c0e29dcfcba1225bafc6de443e18dbf1f297e6f742f96fcf23eaa432e52184,Bronze,2022-06-06,35-44,2305,2026-09-06
1a472eb6946010aed8458ec790cd312fd077c42c911a0b87b2dd7b28764a98fb,Bronze,2025-04-02,55-64,1107,2026-09-06
3d783b33b1b8326c19449f7ad62f14373b0debc102e631b0eeb0652aadd98833,Bronze,2019-04-22,35-44,2210,2026-09-06
a98b9630d2e846d40c2b58c04616d3a597197ce15e8c27fed3e902d47c8b52be,Bronze,2017-08-31,65+,2211,2026-09-06
c2a260b828867725f60388b4ab0bb4e286c8a2516ddcfd8a92e32068c3e37f4f,Bronze,2018-12-08,65+,1107,2026-09-06
709d05b45ced1b9a07c8c7611c6c194046121c7174dc6196ac53a7d05d92f977,Bronze,2021-01-07,65+,317,2026-09-06
f7402e18967e74c72bd3653b774efd9cd0ad16de5575ce3b9b528c750608fe35,Silver,2015-03-19,65+,1042,2026-09-06
78d44497aa2c35d03cf812411b7cfffbd16f96b17db5fb8e44e05a92d0990e04,Bronze,2018-05-09,65+,2211,2026-09-06
727ac0466bf0a117c3215a3fbc4b578fcad2c973ebfc0a007884b8bf7166788b,Bronze,2021-02-12,25-34,2211,2026-09-06
e01980fa879d65d9b3870448ac543f8ba1923bf2c1ca3c5dc270afb2bf1f60ec,Bronze,2020-08-12,65+,1107,2026-09-06
77f157f85dd9d51fdef5f1922581ac88228e879022b0a043ff638700fe1ffbb4,Bronze,2015-04-16,25-34,3050,2026-09-06
7fccec75603b0ea9678fca45460a690f67d08ce7365587ecf397101dac87e721,Bronze,2020-03-22,35-44,2305,2026-09-06
d4c1f721549f5cc7979b9b423ad046b943b11b755d04f2bd778ab9f0e9fc82d0,Bronze,2015-02-02,65+,1042,2026-09-06
e7095f156491305687f92aaf3e2cc662fc206c0e795ace590402a553f5e5b4df,Bronze,2018-05-13,25-34,1042,2026-09-06
1d1630ab95ba1514465c58deb055d769b4a388c41e915a2da3f8308503194713,Bronze,2018-03-16,65+,317,2026-09-06
b8bb1f6a2fa91d472a9201e56899e71d8321d64f73deb1614bd9c9c3c1dcd4b8,Bronze,2018-07-21,25-34,1107,2026-09-06
5351fa4150f137b9fe72ed44639537cbecb599621a89ef453325663abc54ba60,Silver,2015-02-10,65+,1042,2026-09-06
f605ff0f30ecb7e4d4f30570183fe5b93fc55926bedadc53cbcb4a17dab90d5d,Silver,2017-10-04,55-64,2305,2026-09-06
f16a9ed3abf4829a1bcc018bfc2e701960c5a233a48c9c8a70ce993d6d0113fe,Bronze,2020-10-11,35-44,1107,2026-09-06
bd33981585f2597ba3c02ca75e61551238dc65bf309788b92f3487c976d76f3d,Silver,2017-09-22,55-64,1107,2026-09-06
ac26d6383a90eafe3abdffe35aa1a5f2aa52343289ee4f07f00a5a4a421b195a,Bronze,2017-05-15,25-34,2305,2026-09-06
4208f904ecc131c7f13a753eed00ff80fabfd86f4fea97accaeb2f9974cc291f,Bronze,2022-07-07,35-44,3050,2026-09-06
368b7326fab12e32aafc1075094a68abe949af36b8c58c4cc0a79dd04535854c,Silver,2019-01-28,25-34,317,2026-09-06
5d25ffd2074807c78161742f13bd7da61d217dbf1723f006c9a00d128d81e5d7,Gold,2026-04-26,65+,1107,2026-09-06
76b5f5cd37fc99cea73c8745da0ad5f53f1827fea8347e3f6b54fdad17849102,Bronze,2019-08-24,65+,3050,2026-09-06
d486dd110be320f50848c044491fb96455e52d98daa645792b56bb7896c5c203,Bronze,2023-12-26,25-34,2210,2026-09-06
a7f627be85d10eea86c6fa4b525d7a9487164413510056a506018e031495e648,Silver,2018-11-07,35-44,317,2026-09-06
45c842b3a448b8f79dce7e152246462e189a9b0371973cb10a121eff83898ef8,Gold,2022-07-06,65+,1107,2026-09-06
27848f9251d1216e08609961196c0f2acbddb05210ed7c625bcf8bb098a8b38e,Bronze,2025-04-11,65+,317,2026-09-06
99498e52ff350a9fa840c38b254566935733956f3d42f9451cef1538c0c29280,Silver,2021-09-22,35-44,2210,2026-09-06
d2f2b40beccd7e81b6521a5247cdeb64e29d7ee184be378e4788678aabe78f46,Silver,2020-09-27,65+,1107,2026-09-06
e59b8096b381e9c206dff6481976ed3e4fee4a3a3d697c50ee26c53e196810d7,Silver,2020-05-07,25-34,2305,2026-09-06
91c762b45dbce8b4bd3f178ceb822b835dbcafa5ca0312c6863eabca4f424bf9,Bronze,2023-09-21,35-44,1107,2026-09-06
751adaeef418f27a83751a210ed72ebd512d9ee3f2147fd2b9ced33d0cf7cdaa,Silver,2021-04-22,45-54,2305,2026-09-06
63c295c97409980e85bfc51f8cb1a1427d7ff356c827b0b8c0c3183dfe9c8708,Gold,2015-03-29,55-64,2210,2026-09-06
c6ff23aff37e1980d0197ed035fca23896de1e3d1fc82d17974ce0e6786a5844,Gold,2026-08-08,45-54,322,2026-09-06
69dd26b97e4a5ed5ea429ba1fa63f5ae2a79b044ce05a341c72ecc38255fa2e1,Gold,2023-01-21,55-64,2305,2026-09-06
1a77408f1bb427630e3562dd667fd02ccb638068fcde3708b673b6ac5da56f69,Gold,2024-01-18,35-44,1042,2026-09-06
80c67e07c637ccf56993b99f653475d7b5b822d1243eaa31ad4256e000e7a2c7,Bronze,2017-04-12,65+,1042,2026-09-06
ed644d049cc021d2ea44ef4b451482934e393b1236e08094252361ac03edb8db,Bronze,2023-08-01,65+,1107,2026-09-06
4faf191eb159f3ec0ccdef708c9ade5e22200c75db9ae9bc9d1cb4c9429ff968,Bronze,2015-04-14,65+,2210,2026-09-06
888a9d007531efcbd2ece8f52d4614b2f4be5cbcf3056052bfbbf3d2b691378d,Silver,2022-07-26,35-44,2210,2026-09-06
5061078a2316bdfad88c17d96829d5796d236b8b49b5e612101b18fe85114cf8,Silver,2024-04-10,45-54,2210,2026-09-06
d330d5cee2a003762034a5f2e0dadd5d58a9cd4eed0ff510f81ae967b047aa5d,Silver,2023-05-08,25-34,1042,2026-09-06
80783acb60340383f4b2a60a9ceb1f20c4cc3cd6c357b665271c0fc884587e29,Silver,2016-10-18,45-54,2305,2026-09-06
60e6c1810eafbba8248864cabd9888b180afd03e917d4438a441c993c3b68494,Silver,2023-02-26,25-34,1042,2026-09-06
b5814aa80e374f58d9f9ce7f0f4e1fa18bf8f16d8b9a6055328f2c36f26b40ff,Bronze,2022-09-10,65+,317,2026-09-06
51c20b5b0135e3f7082288f1839082bad666f9ed41575a71d0422e69c262acd4,Bronze,2020-01-28,18-24,322,2026-09-06
4ca01bf9110469dd408ea1cf9bc8a235c333642c8830a9870dc0ed08b829e7bd,Gold,2025-02-15,45-54,1107,2026-09-06
308e6a09f12f7dee17bbf05d4e1808d88b9e220caa290d03458466fdceefec8a,Silver,2022-04-22,25-34,317,2026-09-06
0d3e740cefba5d87e30ff6f7e5f5701ad7a54f4f0d3e26202d87427b2fbe967a,Silver,2017-03-04,65+,317,2026-09-06
f1edfae9dc163106d2c2b4e0bf76ee041bda2892aa15f0c1eb8fb8b46ac8ca75,Bronze,2015-12-02,35-44,2305,2026-09-06
889d93520a7dc16576e169a99e9c3a52b83b6865141a89195646e3c409074af4,Bronze,2023-01-24,35-44,1107,2026-09-06
d197afcc3622ddf79b9cbee3ea8579341600fe3fa0d47afc8ff13e3e39fd7849,Bronze,2016-12-19,25-34,2211,2026-09-06
6e7ccc29d6a7b6c54b60ae9d441cee22be683079d955c805ec64e700beec7a48,Bronze,2017-01-11,55-64,1042,2026-09-06
31067c01e2eb2f2358b28b8daca61f15d28fa9813850d70344ce1d98554d111e,Gold,2020-11-24,35-44,2210,2026-09-06
462e0441ace378f2e8f1bea16c03d39e86552d1bf9ab0dfeee899d01ef4c412e,Silver,2022-11-23,55-64,2305,2026-09-06
8202790b0cdddc4bdee82d1512af1a10e5030aac158f50896dbf488c057797c4,Bronze,2021-12-21,65+,2211,2026-09-06
0f450580b2e3315b86550575f39eb61cc24b57f461b00199478a5f6ba77f58b7,Gold,2020-05-05,55-64,1042,2026-09-06
f425e26c3908b1ecb83be575e7785eaf8dad2f5af36b44e274e0d525822d481a,Bronze,2018-11-17,25-34,1107,2026-09-06
daf264b198e9c6cb2839ba8c40d775a201315743eb6f7b3efa2dd3937a6540b0,Silver,2017-03-10,35-44,317,2026-09-06
f3fcc22bc0dadfc3d66a5b1b27b284b6f2ec073e3d36a6ffffa11755d64539c3,Bronze,2019-06-16,55-64,2211,2026-09-06
c3696b623248e504932ae89d53104eba6fbfeed1d895cb4fb9b02db678872d5e,Bronze,2020-11-08,45-54,317,2026-09-06
75c82fa49d291570118af48280cb5664dcc6d54091ab41bb375db3ac65e76897,Bronze,2022-08-24,45-54,2211,2026-09-06
cb1241814a99f511815678838608142f91bb501d7e2cdb8b3fac67f1612f201a,Gold,2015-06-22,35-44,3050,2026-09-06
46cbd18fd225ef5ec7f84cfe2e0cfb53d60c52eb5dd74ab3d32d008f6a7c8815,Silver,2022-11-01,35-44,2210,2026-09-06
2d8508b4e67a417be647981dbc10605a00e1ad39f869b97e9fc88ee354652ef1,Silver,2019-04-15,65+,317,2026-09-06
d5a73152145c865881709fb88104700a8e6241881c689f92e501d13ad747f8b2,Silver,2022-07-28,25-34,2305,2026-09-06
06963ea9d4ac5ab826cb69d3d0a8725cfefdc179032925fc6424fce32d79a265,Bronze,2015-06-13,65+,1107,2026-09-06
98e85a33832f68a7d8c491eebe6d1f2216078b03707ac8f1b9e6347f70db1b1e,Gold,2025-10-09,55-64,2211,2026-09-06
7e15ae6b972e3f35878440f538b9bc58ecd6d43df7190ba63b4fe6ba5dceeae4,Silver,2019-04-14,35-44,1042,2026-09-06
e57b50f44eae80edf9e71af8e3cdc4ee2db3e4ea10c503bea713ec64e11e741b,Gold,2019-02-02,65+,322,2026-09-06
8626f2aa9e2411f595f2db2f54adcfc6107b331e2b6153bf21116c16064d9062,Gold,2025-03-16,35-44,2305,2026-09-06
a2b4d15bc245459b1070b8779a967076ce0f4777e8855fce1390a71ddf244713,Bronze,2020-10-13,45-54,1107,2026-09-06
734a1d35c3c5591585fa6816323c659a5779c264614571549aaa3c463e626472,Silver,2023-09-09,35-44,322,2026-09-06
e5218a94228515ecdb78af7c715d296afb28d7ab9332234e6534761ff49053ee,Bronze,2018-04-26,65+,1107,2026-09-06
8c2cf2851e83ddeb44031d8ba66de48cacee3958fe8f7fa2566926a7b4d7f538,Silver,2023-09-30,65+,317,2026-09-06
7d837d1077668b4603d490c56e0049837824af75a689fd5f810f547de79d2d25,Bronze,2024-09-24,45-54,2305,2026-09-06
7de20715913329a0212b2b510d4860920ea4b7b536ddfa236a2e3837ca8b3866,Bronze,2017-06-11,35-44,2210,2026-09-06
4a7759414ae0067bbfdb380c19ede46f908757e50c9c4f49b7924f9b7a6ec20a,Bronze,2024-11-01,55-64,2305,2026-09-06
fc6d3ea66f0aeae6017055d64974d36d1fa9c7694f9a856b7c8bfabe0c930458,Silver,2026-01-05,65+,322,2026-09-06
c4314a0474833663ff92d93e9111300806f6939b471f650c1cceb5841356ef97,Gold,2024-02-25,65+,3050,2026-09-06
23960414ea164a6888766e53f2f90c30aa0d809b1d94b1679b2e7b0c116e8b55,Gold,2019-06-29,25-34,1107,2026-09-06
77c80d5891f0bef5bc3a38b91c7132f895f78b4fb2e56c7d9b61af4fe32f0175,Bronze,2024-12-11,55-64,2210,2026-09-06
d61067b11511421dbb7d65b3e9532ceb2808e3ef73f25e223e29240585ef301b,Bronze,2022-01-10,65+,322,2026-09-06
8668e6ba5a8ac663bf8ce8f420f13cb109635515bc6d3ec0a47be6af9c15cd2e,Gold,2024-06-16,55-64,1042,2026-09-06
bf962115657dd2cc25051d6f680964173873c60326e271d150d07e49309ace94,Bronze,2023-07-08,45-54,2210,2026-09-06
63b5d97446d302fd00cd0c5fbe278e9e9b3767ca579e283a9cd08cee4e954fd6,Bronze,2020-03-01,35-44,2211,2026-09-06
f0d5b1d8af2a3e89f503378d4d9a29585a8cf8551d23b9e51099b50458a591cd,Silver,2022-01-18,45-54,2211,2026-09-06
91c313608aa41b2100b1572ad6dc2c06c76c4fefe05f9df93a82bf169fce55c2,Bronze,2020-07-22,45-54,2211,2026-09-06
d99479ed4b9616663de0fe1aee86dd94f563387b2ac875ca5e18c981e24b7176,Gold,2017-06-01,35-44,1107,2026-09-06
e4975ed7591633646e418133eef8cdb6196cb9a0ffe30357e69be1a85b6c4644,Silver,2019-04-02,18-24,317,2026-09-06
184d4cfef0e3070c7db88b61b684218ce9ecffa82054503a9b3182836c744c3e,Gold,2023-10-07,55-64,1042,2026-09-06
d23657493de5bcb3a082b4e38b1206292df102958dd89702430b1102eb3962ef,Silver,2022-02-19,18-24,1107,2026-09-06
e647ebaf6979453b91415276198e5599ad258f89a98856e96e546a4e4402c6fb,Bronze,2022-01-18,65+,2305,2026-09-06
a61d837cdab8f07b1ad060d590c1680d2e2fdc0bdb32165b259ffc0d49b6b7f5,Bronze,2021-12-15,55-64,317,2026-09-06
7d944e381f496edba6ce54402f31690c194086af7f3f03e92fb05469c237faee,Bronze,2025-07-13,45-54,2211,2026-09-06
763b2777725483157309597bea592eb39d2b44b4b4187f53714af42ec1da5255,Bronze,2020-04-13,35-44,3050,2026-09-06
d07c24f2fba1b62006b50fae38ceabd7eb304d33fb5e90f5cbc6a52ef0b321f1,Bronze,2019-05-26,25-34,2211,2026-09-06
b8178b92ef6460b84bba48436974a3a1ed077c68f269a7d804a26d3189e5242a,Silver,2025-01-11,55-64,3050,2026-09-06
1d291dab3c6e527c717deca5d055c3ea53a141bef0eaaee21871379c2b977cab,Bronze,2018-09-11,55-64,317,2026-09-06
8a9eec13342b8b59589c6f81e82c2249c5c27f555de3ba24ab5c3cfee93cb04b,Bronze,2021-02-08,25-34,1042,2026-09-06
144421db79de1890565d9c2a570488e8e108ee442374c0722b0801a8342785e6,Silver,2017-08-25,55-64,1042,2026-09-06
30fa81813ca157015541c9a0e1f72717470c7dd756f9b468fcc4ac5f8efcbb7d,Silver,2019-09-30,25-34,1042,2026-09-06
ef71af661ae6111765c6c3062dd5c88dfa206b6ed365311e0257dde059ef462e,Bronze,2018-01-28,35-44,1107,2026-09-06
ccaf08079e1e19b05c6ce001d0aa22df9fdde58ccac35a2308d1f7f36f8409ca,Silver,2020-08-08,55-64,2305,2026-09-06
f83210dbaa487ab14ba6a9792d7b4b813af0a7e10abadf13f0aaa3ce2564b90c,Bronze,2019-04-14,55-64,3050,2026-09-06
eaa3b887cd4558d5fef389f6de277848d3d956257933309bcce4bff054aa0cd9,Bronze,2026-01-02,25-34,2210,2026-09-06
fd89131c1fc8965ddf7385f5f326ba158d19e553263258ece0b7936bca5ba5f7,Bronze,2018-11-30,18-24,2210,2026-09-06
d22a2955b092493b4e7d3a00715debac8dee625523d65c109a4eb625b8b355f6,Bronze,2019-12-29,55-64,1107,2026-09-06
a338c25e970395ff0488361c323c78f85aa312cf1712681906391523421c0865,Bronze,2024-12-07,55-64,1042,2026-09-06
1176886e8b2bf3bd7560f213e9048d337acd1bab8ab96087dfe0c6ef4077e4cf,Gold,2023-06-06,65+,2305,2026-09-06
ccecfb59071912596a3e914f54124c825083174233517aa8945e83380598f302,Bronze,2025-10-19,55-64,3050,2026-09-06
ce22e5f1824111a30160323b6452cba0963632c2cf13bb76f21a31e8e1f08dc3,Silver,2024-04-27,35-44,1107,2026-09-06
3cc2502a7a5fbbaea10f4bad41a6adcadfeef0d87dfd12dcd82aae97c66d92bd,Silver,2016-09-24,35-44,317,2026-09-06
d27ebb44455fea28e5f180cf123d897683e2a4e94a57758680b3dfdd27a6980c,Gold,2021-12-20,45-54,322,2026-09-06
df73aff15d49043736f41dfbc5a5c5d823037b52a53553068380398569fe87fa,Bronze,2015-10-17,45-54,317,2026-09-06
e99f8667aa45e44a04d7b0e396af29665d0e9fecaf56c0ea0a32a69d57654f1c,Gold,2025-07-10,25-34,322,2026-09-06
30709b273ae105b8017101c3a9c9fe97aef11d4dc8f083bf8d4a08314bbb74d3,Bronze,2026-02-17,65+,1042,2026-09-06
2392c77c83e114b80420af1ea94a64b57a5dfda76f1b3d156f6af9396627db6d,Bronze,2015-01-09,25-34,322,2026-09-06
1a6ba0b0babdc4b2cfe7fedc6f2fda7f219490a5078822abfebc54c299d6d249,Gold,2025-12-20,45-54,317,2026-09-06
d9f8313661e37b374e81547176d1840feb0e78696b087c9b4ebc4a5eca8673d0,Silver,2026-03-20,45-54,1042,2026-09-06
5ee768958429a5d73cfd8c05d942cccf1b2173a8fe4296d71e7ec9b9f8d104d6,Silver,2016-12-31,65+,322,2026-09-06
42c31dee34c4625c9755cabff5a418badeb8ee5b0b4c59821ab3a7f68c5e922a,Bronze,2017-09-12,25-34,3050,2026-09-06
52ee981017de40babe08d1f95275659395866d3702f07aa90b60fbb4e4753346,Silver,2017-11-29,45-54,3050,2026-09-06
ba52e9b82ba89864e8c61c10c3a2e19e122fc7d9ca7e3885e8e0169237f7f91c,Bronze,2020-12-31,18-24,1042,2026-09-06
7975e3d734d91f0a3cc0b5b8634213eef87034a1e85364b563a72cdd6ab24ee7,Bronze,2024-05-05,55-64,1107,2026-09-06
2cebce2561df183b0d233cf4ab80128f54bae2e2c61e98df8ff30521b64c0d2a,Bronze,2020-11-12,65+,317,2026-09-06
546993ca0cda021ce0850a49a08cadfa9149e8bea3959f0ebf63e78f7b550408,Silver,2019-06-20,55-64,2211,2026-09-06
148975599809d09819b24330ae0c5d351a2043cedfbda94447bb6ed3ece529b0,Bronze,2022-02-13,65+,1107,2026-09-06
cd5808da2474607f859e57518685ff59e6ddf807abc3125f52c4c8d1b8beacc0,Bronze,2020-09-02,25-34,1042,2026-09-06
b6c9ae15469517a3e26030ebb23b639cd98b7e1f499bb07afcdee8647be4d36d,Silver,2024-01-20,18-24,2305,2026-09-06
c4ebe14eea7d3c246ed61012304d8b46a59c0a6eec1fee04738d1b704c5bd93e,Silver,2015-04-15,35-44,1042,2026-09-06
06af0086f8e2b38da5e4ef08291ddd708b1ce333d31675c5ea62e78d817fcc57,Silver,2024-12-08,45-54,2211,2026-09-06
3bb7cf057dae808cf0755e7f3d4e06b10c17a83650c7e02051b938bc5f53d49e,Gold,2020-08-26,25-34,2305,2026-09-06
437a283d4a8a20ac08dda57472d5f9a538764afa12bc7d3c6be2c0b389ed7597,Bronze,2025-01-25,35-44,2211,2026-09-06
01855cad390703a4acf1fa620c1ddefd9455838023e005db79d110ed5cc2f9ca,Silver,2020-02-07,35-44,2210,2026-09-06
71c752f19385dd988dceecb835e33e3b283a5805e88e3bab17fbceaa00b08a07,Silver,2024-11-11,35-44,2305,2026-09-06
ba3c39f4d5919dbfeb2f71acf28415db5a4ba5416521ee7b3dae1ce24f5c5198,Silver,2018-08-20,45-54,3050,2026-09-06
4b0da49a5433add170144d43009f6a6cf2d092e5bf7402b55ee44d6a5046602b,Silver,2019-08-18,65+,317,2026-09-06
592e7652687eda930f1a4cd3339f53063063ea4ebc4186c19d1b8c3fa52f903d,Gold,2021-07-18,25-34,2210,2026-09-06
d5f7cafdf9eaee747ac2b6a7c25e004339fa79b9f45275f97d18b2a88f5d16df,Silver,2015-03-07,35-44,2305,2026-09-06
d2bdb8e6847347b318d9ac16cedbdd1408efa53db7112ef9ec590d3c2ab038c8,Silver,2019-05-27,65+,2210,2026-09-06
671aa64e991a4517edbdba0bb824d128df74a3a2421a51e913a7a86e8a579b5e,Bronze,2022-09-21,35-44,1107,2026-09-06
567deb9cf4b807018c0cc944b10d3b9b9b2dc9afc832b8df5c19f6954badebd5,Silver,2025-10-19,35-44,2210,2026-09-06
a15af5f68da2501f2d3965d703b32ef9447d48bd22269c06d8d7b85ba4345ef8,Silver,2023-02-07,35-44,1107,2026-09-06
81c0a5b92ee043a629dc484644db2a0bb60f1b86ce084aba03058b67d34e46d4,Bronze,2022-03-23,55-64,317,2026-09-06
5de902802b112a168b389120d31e5eda892150c049b7b2b8f89becd265ff0eb0,Silver,2026-08-29,45-54,2305,2026-09-06
8249ae6033462633f200265f058b9b6e0b0c2fafcd2307901ad0e3af5afdd948,Bronze,2016-03-24,45-54,1107,2026-09-06
043595a3b603d34a07d6d57ecf2d1dd93a6918942234938631bcdc4a74e69011,Bronze,2023-04-17,45-54,317,2026-09-06
dfd0d8715bfecfce4ddb907d9ae42e301e3ef251334fa9f1c966d59966f7b3a9,Bronze,2020-03-07,65+,2210,2026-09-06
5d10942202f79f991d30cc484e110bdf64be3f72fa40f0ce6fc7af6e110252dc,Silver,2018-02-05,25-34,3050,2026-09-06
06d698b3f1e17623f00c224b8a0dcb4e68244a92218e99a9f3dd82ee75dc25a3,Bronze,2023-01-20,35-44,322,2026-09-06
0798678008fab942909186a4fc110020e53ad413bc173ca178df8a223ad2b474,Gold,2019-07-15,45-54,1042,2026-09-06
6b3fd640eda50c05a84319316e37cc5a094fb89d028dbd44a637525fa1206602,Bronze,2024-12-22,45-54,1107,2026-09-06
d5a28d122d120a9bcbc51107ad45bb9db6ea60eceef1a3c4b77e36d367c54859,Bronze,2015-10-17,65+,1107,2026-09-06
1e591a59e201758b769dc8df4b15bf3ee1c66711e380b58cf5d7b2852b80f496,Gold,2024-08-19,35-44,2211,2026-09-06
e9cee5ef81610e3355dc529dbed634b97dae4b998710565f290667edf585dd05,Gold,2019-01-11,65+,3050,2026-09-06
0d2fc602839b64327f7f08481062687f4808fcc02de587a4cc84a6d0f2dfee58,Bronze,2020-04-14,35-44,322,2026-09-06
5ab1845b6f18f3ea588cda6b004764636ab760dff7d7da6c5d13ee061a5551bb,Silver,2018-09-10,55-64,2211,2026-09-06
60e9460428deb5c2c0b154fd320441dd9ba0fef87cfa0fcf3138346d52747d31,Silver,2019-11-23,35-44,3050,2026-09-06
9f7f9bd69676b75d5d6cbcf0be0f01fe57f56ff5d5a38d36090d1bfdf115f0c2,Bronze,2018-06-30,35-44,2211,2026-09-06
c80fac1fa14ceacbdd40adad7941ab1634f35352ae9e1ef4fd18531c9f06f2eb,Bronze,2021-07-06,45-54,2210,2026-09-06
d5d330054cf7aecb0a10b1502bcc362542d796549317b45aa6b2893ccd6d73d8,Gold,2021-02-27,65+,317,2026-09-06
0f7c2d2706f15e267620e40362e243440c53ac42ac23ee85799a82824f90c243,Silver,2025-11-18,35-44,2210,2026-09-06
0d4256cf3369eba4fba50124ec7b600eb7e30e61af6ae00c6ccda4fe64ed95b1,Bronze,2026-01-01,25-34,322,2026-09-06
d1bfe17e3f33753aa0bc7b06308770bcc7e0d58afdce761f776aa098672da5e1,Bronze,2024-01-14,65+,1107,2026-09-06
7176e58afd3a1641236e3f83e0d0319356baa903615b89e104781062032d6a97,Bronze,2015-03-28,55-64,2210,2026-09-06
68031509c1b442a1da8a99971e877cbd5eb66def6cec67941250a88124afb458,Bronze,2024-01-30,65+,317,2026-09-06
e05051d1c7c72533f7efc007599ad5381c1fda7f641ea2c31184cade15ff0c77,Bronze,2024-04-01,65+,2211,2026-09-06
8a9fb1e2ca821fabda95a8a275ecf11e20fe19d59fcd3f6f039e3a560ca6e5d4,Bronze,2022-10-16,35-44,1042,2026-09-06
21c5c31db3b13db6d09b83a16ac9a60033de6fad25002ff4dbcb61e5af47d0fe,Gold,2020-02-06,55-64,1042,2026-09-06
38a3fe97dc80dcbd3690aea72fc3f5ba6f50da28346420e865a7a13b2ee334d2,Bronze,2023-10-28,45-54,322,2026-09-06
8cfb2c958cecae5670449a4d033909ada08413440480192ec10031dce0b8ff9b,Bronze,2015-09-13,25-34,2211,2026-09-06
4f2ab41278d703e6073c435f94abd57efb739090c618348496ef3dea5c479b9d,Bronze,2023-04-06,55-64,2305,2026-09-06
c0eca484714000cf67bf61b6d3c0d48c6ed0b80706516323e18285f1e9f3c641,Gold,2025-09-14,35-44,1042,2026-09-06
f4a7e511ed04bcad7af188d9b2a3a176badf3ee155e6bf6ca8dc7b423333c308,Bronze,2024-06-28,35-44,1042,2026-09-06
cab0a922947c886ff372af26ba42f81313eef2a80607f70b500874f6a6c3ccad,Bronze,2022-09-07,55-64,322,2026-09-06
b4c52046512d5540202c9c0fa87168fff4369cbe084e509e99b74c9e771abb48,Silver,2016-12-25,55-64,1107,2026-09-06
62d178645de1b9b7ae37fcb3c28ebef4ba43658631a9323023abb7221887b43f,Silver,2021-04-29,25-34,1107,2026-09-06
a36096fbdb62d3a9aa020ddedd0c7171eeb686a58390182e26e8a2acff0f785c,Silver,2023-04-16,25-34,2210,2026-09-06
c60be4ded92333d8331f7ff8d17671d5339355186dd45b229e859da1bbf62e93,Silver,2020-05-08,65+,317,2026-09-06
5f36b2a579f4330eded152c364650d0af020ffe999b016643e56390dba9b8637,Silver,2016-06-13,45-54,317,2026-09-06
e54f6fbcc8543123b28a046c38756dce17cdd22f8663fef8b702635d2760b5f4,Silver,2016-04-17,25-34,317,2026-09-06
a790935f40b6501fea67b0638822b8c3f4c8be8c0b5a2a868120a5b99fe3b1a3,Silver,2017-03-30,25-34,2305,2026-09-06
4ba51f101842c6a03ef0268be0c97a8d6b65fd8e7416d775eb19121b3fdbacda,Bronze,2020-06-11,35-44,2210,2026-09-06
52ae439f118e51bb7f9ee4188a76cd27348313f76b2ddca4c2990f83a45bdc96,Bronze,2021-03-21,18-24,322,2026-09-06
f1dfad7ccc7061ebae4d7c83a54e3ccc2ee6cc8cf1b9762225d7a74ecf7b0fac,Bronze,2016-06-15,55-64,3050,2026-09-06
e82e91edefe76c4897abf003c8b5fc80a66c4a05f9321e49623ad2caa6400d0b,Bronze,2017-02-04,35-44,1042,2026-09-06
318455007d3558dd2a9ac6b9c5e6257c4c097a6dba7a9cb5bad55a64f66041fe,Bronze,2015-11-17,65+,2210,2026-09-06
47e08566e66e6dfd4988e574995be6981cfb2f185ff09fdec009c3b9f7f313f4,Bronze,2016-07-30,55-64,322,2026-09-06
45336e1f0e5e5d79215be1de3ea95d31a6fbc09e7581fbfa009dfcad4daf0df6,Bronze,2025-11-13,55-64,2305,2026-09-06
704d7a953da42c78767305b69ee4cac1974c15fb2a27a3e058aceb783859c44d,Bronze,2015-02-08,65+,3050,2026-09-06
04703a0f63e4568fbdbdb5270bb06cf8f820f27b136ae1f478427758cad5302e,Gold,2016-12-15,25-34,3050,2026-09-06
20fedbb6d4855dd21f569f4c711260d527dfc4035d422f217caad2426db498a4,Bronze,2024-06-19,65+,2305,2026-09-06
86c5ed38d6920a89667df1235bd1a947a83b00fe117323de7d1ef48889c9363d,Bronze,2016-02-08,35-44,3050,2026-09-06
b67580dc0a7f34ff918aaa38fd7bca3da16658b84dac595e98c0b5249c724f27,Bronze,2024-02-10,25-34,2210,2026-09-06
14e18724e4eb6b62efb3cffef7e43e991209d6facf168319217228428ea6cc01,Gold,2019-06-12,25-34,322,2026-09-06
a8396fb02e5a5cdce040f8d7a0db7703fca11f0f072a0f13a401a92f616ee766,Gold,2017-09-24,65+,2210,2026-09-06
eac903e58b1e7e425057c0a60b48d2cf7211d06da563d818766f8be8322304f0,Bronze,2019-11-30,35-44,2210,2026-09-06
e13074f88d8cbc6a65fd835c2c1338f5d3bf3c348e20de4fc8443c84d8f93634,Silver,2024-06-19,65+,2305,2026-09-06
98bc2602069dec3ec3eaa61b16bc3c16a6ccb21dd9223f1589c300b7e59478d9,Silver,2025-08-06,25-34,3050,2026-09-06
12f77c9919fa53dbcaaae47ee10d365645b010dae457f59e3f413458aee92d4e,Silver,2023-10-16,55-64,1042,2026-09-06
7e14d11ce233ded62473e6fbb419d9b914d01a6453fd1b5691724502d23d80a2,Bronze,2015-12-27,25-34,3050,2026-09-06
a7d8da71d29784d7afcd7396ce27a6b38b701a31d323c8bc008aa6e6de2cfb28,Bronze,2016-06-04,45-54,317,2026-09-06
0316970d22b8ee12805c938cac606ca80f971155142ced27f2e23176000ee28d,Gold,2022-05-29,35-44,2210,2026-09-06
5a8e15a821325aa20a2d47464e1b5bd9610b6af6f440bf7a6d1675dcea6a9085,Silver,2021-03-20,45-54,2211,2026-09-06
ae57c3a22ccc18ba4fe618203eee7657fcace77ed7168c4d4fce51f1c3f43c44,Bronze,2023-06-01,55-64,1042,2026-09-06
473b125e1c7ac8f6330ffde33b261a8482dadb6ad2337dc68e1ebfe5e9a1f97d,Bronze,2020-08-21,35-44,1107,2026-09-06
81ddbfc0915e67b0376bbe3c4269596e2e74118706823f1fa6abf4289e2ab1c3,Silver,2015-10-23,45-54,1042,2026-09-06
66638da8cdf60fe7813e889437ccee809b6c6e09c92c8c7bbb838180d232cc4b,Bronze,2016-06-01,55-64,1107,2026-09-06
ad295c68cfdaee1cceb6faebb0845fc3cbdeb7b1d0b640a963aacd075880cbd8,Silver,2025-07-02,35-44,1107,2026-09-06
bb32fc45d4554f8febf5fc013bbcf4f9d27442ce3202b4766bfe92c843a4ca97,Bronze,2024-07-24,65+,1107,2026-09-06
e12e5bf81c25373878621a6153d82a329c86935aa517ab53ea748034d57b0659,Bronze,2020-05-09,65+,2305,2026-09-06
8df7f8268fb2cb3e5349f0ebcdfc1f2747d791cc4700cdac53d3d7f47861dc5e,Silver,2023-02-07,35-44,322,2026-09-06
629946ed6566a1b2a291d9abba1419fe665baf393a9d11da7f535102fedd6916,Silver,2024-04-11,35-44,2211,2026-09-06
7feb2770d53253b800e2835853804845ba184a1b9f0476459a798e1b1a0cd0ca,Bronze,2015-02-14,65+,1107,2026-09-06
8675203dc4fe9f421db8782e4e3d3f9cde40590dc5ea8cc252b4323a8cdb1bd7,Silver,2022-07-12,18-24,3050,2026-09-06
a04a904b11624c9570d10f3a76be34e804c34f3cd467ca2ce555474774502d2d,Bronze,2021-03-06,45-54,2210,2026-09-06
56358f9b8d00b60bbdbdca3823a175b357a827b7d6bf7326d9f7ba74e6803f95,Gold,2025-07-08,35-44,2211,2026-09-06
b8c7b9cb1c822ede1705130f2eaf576dc4e16ea4fa86cf2000cbc29cc1ffafcf,Bronze,2015-07-11,65+,2305,2026-09-06
56d5af4b1307f04b9ae076ea9bfb43b8158e499a1bcab2408afa43c8029c10e7,Bronze,2025-07-19,35-44,2211,2026-09-06
3c2d035e4ccd61ed7e6f456c2e175e8bf0d7b2f291fa375ea7a96f2b2063026c,Bronze,2015-04-02,45-54,2305,2026-09-06
e39467bc936aa233151d995f77d8d458738457df82b392c99bd7dc2fe02b1081,Gold,2018-10-30,25-34,1107,2026-09-06
70b6dc52b05d4b1af5545ad3c2e2f3d459794700edd074e69ce9f046bc8c6d50,Silver,2018-03-20,55-64,1042,2026-09-06
63ad0bf6e1fc854f7cc440a813f5d88d9eed208d32be4208565b0f96cd111817,Bronze,2021-09-12,55-64,2305,2026-09-06
f98104f7161a0aaa655d7a79d11533234314c687d7df1487ff11eb52d006900d,Gold,2023-09-02,35-44,2305,2026-09-06
f1d4c3ce53b795ede3d3360d51ecfb7eaed6119205ff4f406cdc8e27cf850bbf,Silver,2016-08-25,55-64,3050,2026-09-06
a552e87d478251c981c36bcb2b44629d8911e158c02a79477a6d96c67563630b,Bronze,2019-02-18,25-34,3050,2026-09-06
34dc20fdadad0056d82b2cf75eeb14c4720bbca7c6da62cea283d6719c666f0b,Bronze,2016-11-06,45-54,2210,2026-09-06
b4924935bd0b3ce8a1143ad701f0f09f6533458121f27a3525a80d04b0d90041,Gold,2024-03-23,25-34,3050,2026-09-06
a9b2e25d24018b28fe1d0b6e0ade1088ef107cd685b5d3ca43c0ab0ea4260249,Bronze,2017-01-16,25-34,2305,2026-09-06
30ebcee313ac4832c20373516a43c0614a8ee32a72b8e262b7a10119c783c9b9,Bronze,2020-06-28,35-44,1107,2026-09-06
53abd4acd627bd8508fee1d26bd79fa985fd6a60fdacf04cfdf0c83403823690,Bronze,2017-05-24,18-24,322,2026-09-06
a8b1934f996f03a90990c90f97f522bbeaf1307c2fa42f2c1d6910af377d8802,Bronze,2016-02-03,55-64,317,2026-09-06
b20dbba8db387aaa22592836c637dd2b6c665f0678a66bfd2614a59250344982,Bronze,2023-08-28,35-44,2210,2026-09-06
990f7046a4fc6973d702a425825c44a07af6a96264bf1859010ca8458bc38893,Silver,2015-08-04,35-44,1107,2026-09-06
708f27cb6908ac46f41f36fa332f94f9b0115fcd4ba979031d47175e98ec31ff,Gold,2018-04-24,45-54,1107,2026-09-06
2cc1f8c91de642847b9eb312e5153754f5e95d85bf061591b7125a57abeb46f5,Bronze,2015-02-11,35-44,1042,2026-09-06
dd2efafccbf7d512ebf633d56f6a02c28159ffe824a46d3785bb0b567f32df2a,Silver,2015-02-10,35-44,1107,2026-09-06
47c4bd942116a86015c125fe46221f4d18c38ceb94c07ab84cb2e34a415855f5,Gold,2020-04-29,65+,322,2026-09-06
0a423e137760f1dddb458e7b4f429883f07da8753c3b4b35c49b4d9bddaaf36c,Bronze,2021-03-23,65+,1107,2026-09-06
539de5f377e6f721deb16d0e943450e651d97ae5bab3925474f21b463b3f00e6,Silver,2024-04-03,35-44,3050,2026-09-06
90f9c436513c779cd99adead4fd2e997cbc85026475e3738acb67d36feccc023,Silver,2015-06-20,18-24,322,2026-09-06
31bdd72c75ad1b5a2886a670a378753d5ae6f9506ec4b309021add68672dad80,Bronze,2025-05-07,45-54,3050,2026-09-06
3ddbbd1f04a51e94431e4ae5c42300a4466c7f74ea0f5fa46cf184decad696c4,Silver,2019-09-09,65+,317,2026-09-06
f4fc36289f8a4fe858619039564af18b78224e3069ea69c3350d44e19582c40e,Bronze,2023-04-04,25-34,2210,2026-09-06
e0935c398a1fe9d1b32841bc0738346c397b32e397679508b471c5dfc1da2ee1,Bronze,2025-12-31,45-54,3050,2026-09-06
71f6e2e99597137c77eb9cd9bb4d0a74c98cd40699279b9be3f6fd922747df4e,Gold,2019-04-02,45-54,1042,2026-09-06
a7d55c87ef5fce4dbe0fca8b5570534783b3e861f01f3ebe0a24cf12cb06247d,Silver,2022-04-24,55-64,2305,2026-09-06
953d5c12601f1df6cec15a3aeb8c35830362c80880f68eaab3e667efbcc741e6,Silver,2017-11-09,25-34,1107,2026-09-06
b2a967457113d1f37c60c471101a6f0300fb9a7ff9e50d14f404dbba6f3ea5bd,Gold,2020-07-30,65+,1042,2026-09-06
ab14dfe18b1980d2fbf994712ba855c9b6b1ae68f8a348149ca79b8427e62e77,Bronze,2016-05-14,25-34,2210,2026-09-06
4db37a2d450c471f4823a6876fff177a81ef6a9e655f774762a3004501ec3c2a,Silver,2026-01-26,25-34,1042,2026-09-06
c1d518aef0fb555708cf534e345ccb25e308f4882f5826f77d367b5f61aa4d6d,Silver,2019-04-02,25-34,1042,2026-09-06
b2604c5271d8e6918947e21e1d1c867c4842b066ae6bd16da21dac1654d143ce,Silver,2021-07-29,65+,2305,2026-09-06
95545027bef30138edbdb65ee355d8d1d1f62f26b2381584504f73404472426d,Gold,2026-05-20,45-54,1107,2026-09-06
33c3701bd64c50d8fc01092994e7ee39a5375903300fc42b1dcf7cba8998983f,Gold,2017-09-04,35-44,2305,2026-09-06
62f0ae42df76324dc8d18fba3949761d18e4ef667682c80915fa47cfd3e8ba9d,Bronze,2024-09-25,25-34,2211,2026-09-06
943e240be798a5ae5c695ba9987273827f40e1583374943eac7b2ec6d4d1c8d6,Silver,2025-12-19,45-54,2305,2026-09-06
71d880591de5a7a838f287c42c0e450680f01f6ede6d050d1dc0cbecf05e9578,Silver,2018-05-28,55-64,2305,2026-09-06
871b6ac649bf897d16858ed1af3875403ab17c8246c01527b4aeef5f8a313e0d,Silver,2018-06-17,45-54,2210,2026-09-06
b5be1a065ad54a6b0516c06a90dda64d3d67d4c784eea62f89e6d13d6efd9745,Bronze,2015-05-13,45-54,1107,2026-09-06
aff94ab22f8bd45ae6b487ac122ee93f70d2f77bd273c0776e757c33aebdb8e6,Bronze,2023-05-13,65+,1042,2026-09-06
20a2d274a5659bc85c137bc8de1a48281d73c58d486ab9c221fb462bbeea65b3,Silver,2019-03-20,65+,2210,2026-09-06
a6647161b78623559ac386e949461c58df73a6ed327f98f35feb6a4e5dbd2a4d,Silver,2021-06-15,25-34,3050,2026-09-06
3ffd7893195abf7985b311877ce3e7176debf772ee38ecf9032105ca41fd4c3b,Bronze,2018-06-02,25-34,3050,2026-09-06
f97fdd1a2362fc11bfd2be51ba2e64e47c094555ebcffd00530b82484b84433b,Silver,2020-10-16,55-64,1042,2026-09-06
353cf18bb300286481baa874176b6b50b7d7b13bce9641cb5932419f45752ac8,Bronze,2017-12-07,45-54,1107,2026-09-06
74ac34d652e2d3ac93a6b2bd5555a4084ce6fe5893d49d7ae55f6cfe872726d4,Silver,2022-02-04,35-44,2211,2026-09-06
2b6b91f50abcbe590fff98145971c6d711fc6b7aa9b0f8da97c8ec4c6d32e715,Bronze,2024-05-07,65+,2305,2026-09-06
9bbc6da2ba5b477032b2fe9277bb47e1c7407ba57f56efa63e3e3e30a2585a2e,Bronze,2016-05-29,18-24,1042,2026-09-06
7ca25c339f5b24e7ee87492b582eb11d8d03b6319f6069996ab4400e00b7e20a,Gold,2020-06-25,65+,2211,2026-09-06
ffa54a8afd202de88a5b60398bfa09e0db1e1adf99fdd826a9f79dbaa0cb7818,Silver,2024-11-09,35-44,1042,2026-09-06
14219e2e66d8b58fd8fb75e23da0af437230679543f01a1647f93a526bdfce05,Bronze,2019-03-26,25-34,2210,2026-09-06
6aabf25b4cd4ea12ffc7b2df69823ac57830672f704941b927f63660e98bb16a,Bronze,2017-12-05,25-34,3050,2026-09-06
13aa671a55d21338233f5db760a881a5fb08506e4ceed92ef5326db87ba5df45,Silver,2024-10-23,65+,317,2026-09-06
ef1b424231973f121443630cfb03203417756f1b56bda09fba0d3c0fda405ed7,Bronze,2017-09-07,35-44,2211,2026-09-06
4b3f6c633365aa1c60da627056902d63ef995a63ac6421dffd7d559b8034efee,Bronze,2023-05-28,65+,2210,2026-09-06
be086d63dfc6812c015720874734731b0857b958220a752f7376a8ee3393273f,Bronze,2018-03-22,65+,2210,2026-09-06
b3d4a9f62ec690a91a56b0e3b4a512beba59c7a160a386cd4aa0e2656b0e79ef,Gold,2016-09-19,65+,2210,2026-09-06
5561c553ab5f95c2763e7d1ec1251fcb254fc993c275e2bfd851a900a6ac058d,Gold,2016-06-25,65+,2305,2026-09-06
4e74acae8b461cfe6d2c808341b8c25694c5c543d306307abd30f1f5c51119f5,Bronze,2022-03-31,55-64,1042,2026-09-06
8f60a8980ad145866ddcc5fec6db71ed24743759f555f4d4f36cd8840de61cab,Gold,2016-07-03,35-44,2305,2026-09-06
aea40b29ecf0c82f83db466b56cec5243c9eee64428d4cd53d9fa56058342cb5,Silver,2016-03-02,55-64,1042,2026-09-06
72e5ce348be2a881b754b25c364896b1f1ba48e93de440978dc25a8f8e6827c3,Gold,2019-03-01,55-64,2210,2026-09-06
a935c8d1a191be7a341ea45de40cea777c7f8fda43af561629fcbff0c3a210ec,Bronze,2019-07-18,45-54,317,2026-09-06
6dfbc2f56a8d9486afbfb9aeb2431237fd598adbf80d0e7b3955c90487988436,Bronze,2017-06-06,65+,322,2026-09-06
05bab35253da08dfd46defa443e4286c8d738e4ef4f3a2730d0168541a5f5fad,Bronze,2016-10-14,45-54,1107,2026-09-06
8e33c7e01b8ccc4d99f919d928ae75bbd3df4635cf117d2dbe14a0b46180b91a,Bronze,2024-05-27,18-24,1042,2026-09-06
5286bbca8768c89cb4e5fc896084eded45fd2d8471d6903d85bdbfdde3e24aba,Bronze,2022-05-14,65+,2305,2026-09-06
b35ad6f58355130a66cdff98f57609b1a4e43159293fc5b2df5d2d4f1e314bee,Silver,2026-04-26,18-24,317,2026-09-06
eb71d977ced288b1f61235150a892e419a5364acc13ec0b70ee53d2ad8390698,Bronze,2021-01-01,45-54,1107,2026-09-06
7db855fe1d2281af4d6745a63e6fb2c3ec9521bc5825b4ff52c4319e132a44a3,Silver,2020-08-23,25-34,2305,2026-09-06
32c92ec29ae480dd96a10d826425ded49d396b1b93d6ef2f4442bfccbccb801f,Silver,2015-12-10,65+,1042,2026-09-06
c616c1da8f8ee670bb8815d7613b65190f5025583fed65128fad133e25308fc8,Silver,2016-05-29,25-34,1042,2026-09-06
10e398a10c43bacfa2a286f30c9406aad3629a2a41cb3733d0b50f726058fd29,Silver,2016-11-12,25-34,2210,2026-09-06
208d5be069f4d29c86491524962e27033c71043c269b4f94197b613ac5723f5e,Bronze,2018-03-05,35-44,2305,2026-09-06
140906b4d3e11c075923f4dc25ea4a16eeec12c947c9b395e053112d9ea779eb,Silver,2020-06-29,35-44,2211,2026-09-06
9757392c56bc23289780edff7feab50cb2df5ce1d102e19891802c7e364cad75,Bronze,2025-05-13,55-64,2210,2026-09-06
573a77ac827a065243f2ab39e0305cb0dda157216f2d159b84869c55c70018ee,Silver,2021-09-30,18-24,1042,2026-09-06
53ab82ba2b91cae820cffa9486281a431fb35f83256f5a3e74e4ec0726e49fb6,Bronze,2022-10-08,65+,1042,2026-09-06
569213e1a984f37127ac502e5a253543bfa0dd50343693d576ab570d0bb42fd2,Bronze,2017-01-28,35-44,322,2026-09-06
64b88ad3f1df336d7d49b264dde0be8ed0616592fae793ffbf7a1e672aad0a69,Bronze,2022-10-10,35-44,322,2026-09-06
f30d74f9dabb2ed2d83172c35f4f0ea8de016b20249a76e6d81dd520d2cc7cb0,Bronze,2016-03-02,55-64,2305,2026-09-06
0897a8c0427fec8dba041cfa317377f04326a0af419496a59235c0006fefb2c3,Silver,2018-04-13,65+,2211,2026-09-06
33de983bbf1b89dcebd70ee48f0db95208fe00260e720c1dbe859fafd66c60d2,Bronze,2018-04-29,65+,1042,2026-09-06
a8d9ed5bf85c1d834fc0dcbf8a0855169f5ab36cab5b68a5ce145ef303bdc934,Silver,2024-12-26,35-44,2210,2026-09-06
15c1a856ccc822c00a057fbadd43e1317965da7b34f3c794c5556529ba9e95df,Gold,2020-06-28,55-64,3050,2026-09-06
51532e6f282166ba515c9d0ed1c9e0fcf40e10fca60f25e4fa2b751a8af60998,Bronze,2018-07-23,45-54,317,2026-09-06
4211e77ffb1d9a7403b210f61bd440f7b63693c9abcd19723462013aad7da875,Silver,2016-02-08,55-64,317,2026-09-06
4f38910afdeea5bf86265cff731eb14eb390f12a94c6994a474fd871ebeda9a8,Gold,2025-04-30,65+,2210,2026-09-06
9d748b78c9bcecd2248165f4b0e16e52226f2d1e02ef3b49291e7fc0d14b1c04,Bronze,2026-07-31,65+,317,2026-09-06
3d5b02c439ea9e42232e70e9a682e474e2849f94c2b75a294009e11a0847eb6c,Bronze,2022-02-28,25-34,3050,2026-09-06
21d3ed1df57eb6d80f4530b8ed2d14efab45c0aa16aca54cb6ce219e0eb8a459,Gold,2019-11-07,45-54,2211,2026-09-06
ff620a4df30982b8aaa3efc84ddd2b6305a7cf199671148d6c75a1fc1e0ab69a,Bronze,2016-07-30,25-34,322,2026-09-06
5ceff2a5bb20ceabb8df145fedf691a0e276075f1cbfc4a1ecae413383176144,Silver,2022-04-11,35-44,322,2026-09-06
5514d585f494cf93c1cf7af364094e99fca731bfde073644210e964873fbabdf,Bronze,2015-01-14,18-24,317,2026-09-06
a7f02437eb03c2e6ac9275df8ca3b870ed7e66dbcbb970d3636454d61e258b50,Bronze,2017-04-20,25-34,2305,2026-09-06
04fd19c7277cc2b883325309761b631235a9bb8790ae1759af9aedbb5bc09277,Bronze,2022-03-15,55-64,2210,2026-09-06
a8a19be2cf22738355acf30e4b32d5674e6a51e9acd9d66c4bf1bfb34d9255eb,Bronze,2021-01-31,45-54,1042,2026-09-06
946c54e193b1edf4d75c80a08f7406e8e21c6cd62e747bf770e4514ee99e214e,Bronze,2019-03-23,65+,1107,2026-09-06
dc3015d17a3f3be988b8523ad65cd89e18b8814033f5d7da3cb364de95df81cf,Bronze,2019-08-20,55-64,3050,2026-09-06
f7c679e9b77c559f5075d653ce0c31a917dfc233cf4986ad91746f70369e9791,Bronze,2022-02-18,45-54,1042,2026-09-06
e40b47bd2ceb76cf3cab63e945521b699b90ab16375059b41e425f5118965d94,Bronze,2019-10-06,65+,2305,2026-09-06
21f67ae32882851f9ca3a7ea0f62f11c43dc8070a45c06d207e5f7b8275e3086,Silver,2026-02-08,55-64,2211,2026-09-06
6dcda3a3d545c58a571d45e9f06d8aae98caff4d4be4c3eeecfcf41e2eecd956,Bronze,2015-09-27,55-64,3050,2026-09-06
098e0eff1bc71d6ad28bc64cf904239b24d7d90cf6896dca1727d8c0688d4886,Bronze,2025-09-03,25-34,1107,2026-09-06
572bea7734bb8bd82bc2c58b2f4deb0e6274ac85b763de4617e24070e1b8ac8f,Bronze,2023-08-28,55-64,2305,2026-09-06
e7d1cd1521bc68b49ae274c2307a258298119bebe53b0b8429ed762ffe36c1ab,Bronze,2018-05-27,65+,3050,2026-09-06
ad4feaca1877ec0b15d07c8decfd8c5df77d91f1df95bd9d26297813a157e1eb,Gold,2023-10-05,25-34,2210,2026-09-06
46799977e920b4031a1c52b97251fc33e0a7f18fffdc5fab39c45b56a6c63ec1,Silver,2017-10-16,45-54,317,2026-09-06
c7e53a5405f8c1f7d0f6415e9d1e62f809fb6620153613f0980d731abc9464c2,Bronze,2016-08-04,25-34,1042,2026-09-06
53a3fe865b82ece9fd2fdb5e59ce1d3810b3ca0da7256b6a811e3a6601a02088,Silver,2020-02-21,65+,322,2026-09-06
114412e1ecc76e887061d1d5bd6c15b9111a8855b78daddd8f9b2977dd370c4f,Bronze,2026-06-20,25-34,2210,2026-09-06
9d5247455dbdebd763d93cc824bf6b3e423e10bc2e33921d72b4daca5e0c4fbf,Bronze,2024-10-06,25-34,322,2026-09-06
c2f7e52242e567c07bf78e3a6d27bed755127adcc7945666a44eb4f87a8ef099,Bronze,2023-06-03,55-64,1107,2026-09-06
d0c619fcdde4e0bcd11c4d535f024bd24f5fe9b5303a685cd0c1e6160e5bcdfb,Bronze,2023-10-06,45-54,1107,2026-09-06
e7dffc92cfda329f3b4069cd065fa93d4a750a04e06ada4be233dbe9433e9058,Bronze,2023-12-03,35-44,1107,2026-09-06
8838aec186c1b28f3b8124a216671b98af104ba607ace16c531805b673b87230,Gold,2023-09-05,45-54,2210,2026-09-06
c0794b4aeb95576d5afff9b4e51ca52786d34acd7c0cb16c1668bdb841d55b47,Silver,2024-01-18,25-34,1042,2026-09-06
a955ca256bb3d483701004eaf3e5b3cfd280f4d1ae06d2aab31c21045da9c0f2,Bronze,2023-10-03,45-54,322,2026-09-06
b65756c2cb24a3674cc388b85a3457e8e351dc1d9c675936ad09ea358bd7f82c,Silver,2026-07-08,65+,317,2026-09-06
5d8dd9d7ac733ad0205b888dc897593ecad9de3f8bed17e0cdd79e6b25649412,Silver,2017-05-12,45-54,317,2026-09-06
b90acb279f7fc6eff3aabb86a184eb34e25c376147fb2b669edc4013990b30c8,Gold,2023-12-01,35-44,322,2026-09-06
239fce884fb6d5510ae64016f480be326b0d4ffe6ae0870964dec4fd7322237a,Bronze,2025-01-07,35-44,1107,2026-09-06
60d7673d0e7dda1c6bdc9e4b6d32e8d0cd9800c138529be22dc4000bcf39f2ed,Bronze,2021-07-01,18-24,2210,2026-09-06
029a4a2e29ebd86d04f7954b028ec47b6ea3820a6150b95ebb274b91f9967ac1,Bronze,2025-07-16,65+,317,2026-09-06
24e3d5891f8ea9102c55f1447434e6cbb6cd3d700ecc6e8f4c3f2ea133581e9b,Bronze,2018-01-25,45-54,1107,2026-09-06
43c14d8776e2e07b8bb82207fb591ae221243499563f268bcf5c1a2cea32c97b,Gold,2017-10-02,65+,2305,2026-09-06
f65d8de4990ee7c6b7a66590052d4b05f9ca1727307d084e92eb30cbf2652711,Bronze,2017-09-01,35-44,317,2026-09-06
3c2cce7971ea0d6f66afebb89f3ed34c83891a670cd4e2f5bf9cb5a947d4043f,Silver,2019-09-23,65+,2210,2026-09-06
8ec4dfe649e911ae4a3e71250cda932129f35f6683f7acc4db1dbf977a66eae1,Silver,2016-04-11,35-44,317,2026-09-06
2aba79e1c9110ae54041782ca4434df5b13396c660d030569c843850cc28244d,Silver,2020-04-05,65+,1107,2026-09-06
e6092bdc02f78a923bd85506d4c523f5a0be9429738d31c1a499113481417aaa,Silver,2017-07-21,45-54,1042,2026-09-06
ddd8a7ef4814be728d903365282464b4fd0c23c5f1973731281914b1d89dbd87,Silver,2020-05-20,65+,1042,2026-09-06
a627b9383f6ee9a152ca433f895439936909c9fd4243fef58afa626fcc973700,Bronze,2025-05-03,35-44,317,2026-09-06
ad8674c35804e611df8dabde7ec387a2b1aacebccdfa49dbb84fd5227f38f684,Bronze,2026-07-13,25-34,2211,2026-09-06
7ab5bc9d7b2192011178e5cce548fb9e384561a98500d23fc934ba1f6d6ccbc8,Silver,2015-08-25,65+,322,2026-09-06
c3ff8e2a91ddf99782fc79173b6db70e98d1b9cb884290dcbff99680c2e6b4f3,Silver,2017-01-01,55-64,2305,2026-09-06
32080f44dae5b20cd2858c3779ddf1fcafc84d102ba5e771fe5555ad7b343827,Silver,2017-05-26,45-54,2210,2026-09-06
c6f00930485d433a95bb52cf1f2707198c85140a2840ffff958af5de3a5906c2,Silver,2015-07-15,45-54,1042,2026-09-06
d4d12509844b177a1b488260683093c0a336e7c6f33e72bb992d2503169d09e5,Silver,2021-07-07,65+,1107,2026-09-06
6d5424f6fb8ceb30423303c813c4c516c821ddb7a0652bfbce25cf501928836d,Bronze,2015-11-22,25-34,2211,2026-09-06
543edd4363a009f6930145435dc82bb7c9b699ec56cbb064065405dc5724dfe3,Gold,2025-06-08,25-34,2305,2026-09-06
0a5157ea6f01735d46c4dcde304876f16cca8c971b29a4d5767bde158cff342f,Bronze,2019-12-07,45-54,2210,2026-09-06
6eaf6f696927170117bbbdb12e0f82277afb84647f41ef76da7802474c1f9bbd,Bronze,2018-02-27,55-64,3050,2026-09-06
640b69697c8ca56b2508e0d4ac9404861fd0679c89dba9b36728658faf8cce31,Bronze,2023-06-29,65+,1107,2026-09-06
606731ef617f06b537b9b0240e3a19261dfe9b520d50eaf659153167df5dd40d,Bronze,2019-03-23,45-54,2210,2026-09-06
79a6b942d4bf468ab86c047dfc35020d251cfe6020fb6c09f11523ad83232ea4,Silver,2018-04-30,45-54,2210,2026-09-06
a9cee61bb8ae864b2927f89ccb2f19255bbab340b8b82ba2e78dcb5b3a10c46c,Bronze,2015-09-22,45-54,1107,2026-09-06
264776af9873497ea6ece094279864d82d44594463e88f4334174767fb6b3c76,Bronze,2018-12-13,55-64,1042,2026-09-06
dd04ac5da84ea4c4105c8518a94506b2a06c9cffca05c8290d5ed92f44e91e69,Bronze,2017-04-28,45-54,1107,2026-09-06
8bd92ff255b5b10b43f7db03ea182d92dceab0cd298fb98c7822b1b9d32d9b0c,Bronze,2023-12-28,25-34,317,2026-09-06
bbde21ba79488f6856d091b4a515d7a4007796426b5b64adfee0924c8d4ec68e,Silver,2026-01-26,55-64,2305,2026-09-06
eb963ba5b56177054de33e70e972b7fd3813ae89315f05965527fa6a5e95f966,Gold,2019-01-01,25-34,317,2026-09-06
32fa1d622181494a0d116aeb3450471bb0f629d00d0506492b21aa31fd1c6f1e,Bronze,2019-11-06,35-44,1107,2026-09-06
0317bc654e45a8b933174913386a6aa95f2ac120ac550850184b40b685ae0b79,Bronze,2025-03-28,25-34,317,2026-09-06
0fa7842663e4fbc878f7cdd1ed727cd406d852f4924b6a8f6d201b1cd1013ac6,Silver,2020-09-05,65+,3050,2026-09-06
f73a491dc091e6c8a0472d14381672908c4c7d6fe18cd1c0cc8b35f4a2c5e1e4,Bronze,2019-03-13,45-54,2211,2026-09-06
ef16bbb09f0a2f2d6e8c12e7650814059bd98f2595167b33265b935adf6179cc,Gold,2016-11-27,55-64,322,2026-09-06
70640b7774fef254e3f76e8f6d317a6648085a21d3d7bcab756996ee9c4809c9,Gold,2023-01-06,55-64,3050,2026-09-06
835c4df5b9431cf54b534edf616eb3f05fd8b5e50436813f855f61543caac247,Silver,2023-03-31,55-64,317,2026-09-06
2956ea55453a39d1eddae84fbe50df846d7369e8ac0c152c45c8c000f018519e,Bronze,2021-04-11,45-54,1042,2026-09-06
8ed5bfd4110dea2ce0a6f585fa72a16918ce100d9210f65ce9e2996dd1ebf3df,Silver,2020-07-15,25-34,322,2026-09-06
307f808f7c206463dacbd0014dacb6e928fee4a3ed09dac55e7fe03144040b01,Bronze,2015-10-18,35-44,322,2026-09-06
e7f23dc60f3c3f8e658c28fade15436a4e89b6acaeb72b39cc2882079493757a,Bronze,2024-09-20,35-44,3050,2026-09-06
a7ce7e6c6d7a8c1b88402b459ee2b6389f05de8bcb01f1bbfcab3155305c7113,Gold,2019-09-09,55-64,322,2026-09-06
c06287c4b54124130174e8bec4d3f6a061b46feb975d56117de4da61403f7a31,Gold,2023-05-14,45-54,322,2026-09-06
ae9914a0be26666deb72b98b4c5be0522c01109cd65f97deb986765e014ab118,Silver,2016-10-18,25-34,317,2026-09-06
494828600b570a6e5d769e47cb7e3dd7c2fab1edb76af902364ff55d7e206b73,Bronze,2017-05-23,65+,322,2026-09-06
b1c432c8ebf21be9dc04cff8ecc04e679e8fde52f1af35736935aada97856c6a,Gold,2018-10-29,65+,3050,2026-09-06
ad4272a5df9cfd08366fac009c6851e958c29b2422672c25440bde6ed00d0627,Silver,2021-12-20,25-34,1042,2026-09-06
21f4b9e03e8b9aeda2b3ef7a2a8c6263506ea14b073f984ffb0dd6d5bc20ffbf,Gold,2025-10-15,45-54,1107,2026-09-06
ec62086b94055a611f413bc21add65bde86be31693ff6a793c9cedc3d686af68,Bronze,2015-05-11,65+,1042,2026-09-06
c59db1319fabe767c3523194ff336dbe4f88bf7e5b979dfe05ced2b86f3c51a3,Bronze,2016-06-13,35-44,1042,2026-09-06
05bb3a17c43a855b8c51c532edfa7e3446421f7123847adee81cdba02a3db5ff,Silver,2016-03-19,45-54,2210,2026-09-06
eceb65543e57191ea47e0e7425c59acd455cd120707de190246277019453b4e9,Silver,2022-12-15,25-34,2210,2026-09-06
85ddad56a12a81a26a04245ab1002010a75578ce5236118fe36b0ccc57569520,Bronze,2023-08-15,35-44,1107,2026-09-06
911a0ca53cf12c3309c1ae40800d5efd5d70fd22698bd990af15a2d534a524ca,Silver,2025-03-11,45-54,2211,2026-09-06
73f8bb06cbced522e6e1ace0298d3e17939fee717d7cd5a01dde0c92f32809ef,Silver,2017-07-02,18-24,2210,2026-09-06
46ab38e4fd84dcade428b41d98d722abcede51b0ac4efae2850ddd969cee888c,Bronze,2026-07-01,65+,2211,2026-09-06
f3fd5515a7f44b031d449f428e986ac39789675c1eaa2b9711e88005518a8bc0,Silver,2023-01-29,45-54,1107,2026-09-06
5b5e51381bdf5fa2046e60fe817d29a60b2b50d3a1c822f6b544643fe64bd4a9,Silver,2026-08-06,65+,322,2026-09-06
d7156ce6788a361f426db341761049268c28fe0367ccc61fcd3d2cc149019097,Bronze,2017-10-01,65+,322,2026-09-06
5eff96c31743da3c8b45fa339457fdb6218b8a1d39123d272725044b312c61e8,Bronze,2023-02-26,45-54,322,2026-09-06
b96b6ef35058433738a262d8c5b30d3949b4ecd5171380ebeeb722a0d5ea203a,Bronze,2019-02-28,65+,3050,2026-09-06
ac1e99f1de751c411a51c1c3b8c52501e1f57aaa32150e6fb90e490ab02db738,Bronze,2018-09-18,35-44,317,2026-09-06
a9f46d63aa7c46cc807c174b5fa41021ddb5dd5d84d83e2d5000e2b81944abbc,Bronze,2022-11-05,45-54,317,2026-09-06
36ef1ee49fad372e05d08a8f4052346574b0782bbcd184ef4b60df7d1e5c3427,Silver,2023-01-24,35-44,322,2026-09-06
f365a0af9c8b534601a48f5faf0bfe11b684a64a459d9b1b1990ad1182b4838a,Silver,2023-12-12,55-64,317,2026-09-06
e33c9e897cfa96db028fefa23b1bf4d1e6b253ef9eeb8020dd1dbc8359aeb4db,Bronze,2019-06-22,55-64,322,2026-09-06
265a2c6e98f9433570d84148d2d92dd7ee96818035e3f1e6159dc23591db4c89,Bronze,2015-01-02,55-64,317,2026-09-06
5a40e1defc7d87a40ee1dc31989ff7bc7951a2325cd112450807b1cd8533ba82,Gold,2024-10-04,35-44,1042,2026-09-06
804006ed4e42ad08131bdb9737c621b3884fafd1f6c7ba89e82811a4a389dd6d,Bronze,2023-01-04,65+,2210,2026-09-06
c519f556c6fefd2509008db88c5c0201fbd3d5a13f11586415751de3a110fc22,Bronze,2021-06-05,35-44,2210,2026-09-06
de1bea992f334f4275e5e659ae886788a8905df24bb46d77af0cc752c972ad80,Bronze,2017-10-01,25-34,2305,2026-09-06
af2d27bc53facf90365b3a1bc223f29f63df2085230d353a08ac3c63ecd8c74c,Bronze,2022-01-08,35-44,3050,2026-09-06
62a5e99cbdbfd7e273360f924e06351d5db96860086afb34cd465093511d5994,Silver,2020-09-07,45-54,3050,2026-09-06
ff78c5137ec71c50bb88f523e4d02915e2a5c369785685fc16354610ec642d9c,Bronze,2019-08-09,65+,2211,2026-09-06
ba81ce82c9d941e2b06f93b223e9f06fa7985d4eb3ef9b620f55e2a1cdcb0109,Bronze,2022-09-20,55-64,3050,2026-09-06
4e3038ddc209a4cae4cb05ca18bf60f1f50d6966c775e3ad54bc64e1ef346914,Bronze,2015-06-19,65+,2211,2026-09-06
bd9910418aa42fac9f0f16a9948ff62e40af4825b5131af6aff5fe71f3d26cc6,Silver,2023-02-28,65+,2305,2026-09-06
c0bd60dcf35f728048ad2fb7346545a2f6555797699de9e770757b7ac043d381,Bronze,2018-06-10,45-54,3050,2026-09-06
67a85ae8a5ae8da70170de7048b64a653827290da39d18121d3459692d6cbdbb,Silver,2016-12-22,55-64,322,2026-09-06
4403b73600120cc456a8952312065b268cb793c6ac8e4e88c2b073893b57d5bc,Bronze,2021-10-11,25-34,317,2026-09-06
e317d582c76b2a3bae886d3dc7e8d4a399e0349d8b17745b989982531f4f0d4c,Bronze,2022-05-24,65+,317,2026-09-06
4ff5ccfe1e31c7da388362412cdcb0ba4d64a0b328bcbe596c30c3fbf4cc0f5a,Bronze,2019-07-21,25-34,322,2026-09-06
595e4b278608d31c45f137c5059062c44cbc5c19363e861ee30a8640cfad82cb,Bronze,2025-06-04,45-54,3050,2026-09-06
38a2aed12de0fbdeb27c31c34e93b782926229b668d97f3f0bc5899e7e5cadb5,Silver,2015-06-25,45-54,1042,2026-09-06
40957b92ef22bb5e4cf090d4102a818ef39a3bf78ea9145c34f6e15da04d0a25,Bronze,2022-06-29,35-44,1107,2026-09-06
49d9c1d4aeeb9fbeb94a36019e81ec9e0d1e37c510f94116b9ce842bc802412a,Bronze,2019-12-18,25-34,2211,2026-09-06
66b4564c213e4012da69caf6dc54880b890668ebb8252848e15cbf825e36e867,Silver,2018-07-18,35-44,322,2026-09-06
6a7e7cfcb5609f7267a3d712dba79a646ec00c560e9732ec7062aefc433e5ca3,Bronze,2019-11-16,45-54,1107,2026-09-06
41404effedadfd7a2602cf3b38b1eb9337656decde5932409eff7d24973ff149,Bronze,2015-11-21,45-54,317,2026-09-06
a49a5762285422d79c8340940885cf49741ba9d392b3f3c86f2ab0997557dfc4,Bronze,2019-07-28,25-34,2305,2026-09-06
0fd6390bdf8462250b1e2445f100024d9f99d649a12a4c90650c02c41570c805,Bronze,2020-01-10,65+,2210,2026-09-06
4cc3551e85c5ed94c00bf2011c9ddd7cbb3be49b12583ae72f59611363a47915,Silver,2015-12-14,45-54,1042,2026-09-06
aac388eaf6052b3f799158a710355e730fbf3861d9da1ae75299542b1bda5f74,Bronze,2018-11-08,45-54,317,2026-09-06
bb5c2fa22c0788348027a7ce119ed8552c1bc7266ad979e71d743794b69b1eb5,Bronze,2023-05-17,25-34,317,2026-09-06
4806e5a7ca7d835a15ccfdab994d851cb5b7896031a7c543dcf4184506fd8ab4,Bronze,2024-11-13,65+,2210,2026-09-06
3d30cbb5d3d2719fab901ffcf1bdb6108750149960aa8e2fa40e0e42c0dbb632,Silver,2020-05-30,45-54,2211,2026-09-06
95494f54e6b6bc7e8b5d2de1253a0fd865c23fecbfbb5727f2afcf5da052d18d,Bronze,2021-06-30,65+,322,2026-09-06
9b14a0d929cb8fac233394813f8c70dbdc322a5136217a8ce19cc5faa1b39065,Bronze,2024-01-09,55-64,322,2026-09-06
10aba85d255ca1ae1928667f023a57a399f2cd8672c592d49d099c22312626c6,Gold,2021-02-19,65+,1107,2026-09-06
889684f729ca2d6e85f757058505303dd60e5d82d419b99bb583d700781b6f3b,Bronze,2020-02-19,25-34,2211,2026-09-06
a7eb91dd6a49e740019a67445b843b6570dedbffd7ab335e71b0a493e668581c,Bronze,2019-08-22,65+,3050,2026-09-06
e8706a4c4537a12788a8df0dbb7e9851d38bd132ff709855d79b77238036ef28,Bronze,2019-07-27,35-44,322,2026-09-06
85786912974902e44bfff7ed5fa105edced0afacfbeb943b13d16693228c6d91,Silver,2020-05-27,55-64,1107,2026-09-06
84161e7edf8b19d6fa9c11446765f15a270ad8550b7d18f8ccde67c924f4200a,Silver,2017-10-08,65+,2211,2026-09-06
dcfe9a37e7dbc4697eb010672c180c2829226e41937f6dd5954f390dcbb2d97c,Bronze,2018-07-13,25-34,2211,2026-09-06
8bf470c141ea5cf5387be897efc3a0287fcf9268713c9a4a8bb3e75d5c7a821c,Bronze,2025-11-28,65+,1042,2026-09-06
9421a28ed17a2989133e99831bb5b3c842e84f1a360fc2c0ce41d67ac818e307,Silver,2024-03-23,65+,1107,2026-09-06
a728d17317bdb09e9230ed5a3d77cf2ec523702189b19d8ad9b8906230790238,Silver,2015-05-16,35-44,1042,2026-09-06
fac1871184d352157609144adeeb1c5d563f67b08bcecf42643319812921f1e7,Silver,2018-08-26,65+,3050,2026-09-06
91570716de48a47938ccddfaa2185f1c9041933910a8e9e4666cb20cda4ebac1,Bronze,2025-12-24,35-44,322,2026-09-06
53647eec14e38ff3b87dec3f8470e35689d68b8825dd9487b54525450c25f06f,Bronze,2016-04-12,65+,2305,2026-09-06
5e09d27349d16128e9227022d6fd04b3d4202347ee1204196c0a738161308b17,Silver,2022-05-10,65+,1107,2026-09-06
1e18715433de32fc1689309630f6f376ea199f35a62ed8da7b8b3c3cf03ec12f,Bronze,2023-11-21,55-64,2305,2026-09-06
1dd7b68b01f39a865e399d270bafe3af3fbb09eaa19a3697eed01e43762db513,Bronze,2026-06-13,35-44,2305,2026-09-06
0abe593c00e78af611da7a6d06ca0954f441432243263ee3b0a0ab71b396fac3,Silver,2015-01-21,55-64,322,2026-09-06
9809a6342398ddc42a1b3f4fe8e6637645de0fe07fb77452e170dcbdf7e927c4,Bronze,2018-07-07,35-44,317,2026-09-06
e3e7a47ab817bb80c07b016388d7c986772ad9cedbc92cfbd598000978d6b488,Silver,2022-07-27,55-64,1042,2026-09-06
bba64c0fdfcca7b220dbc44ced37903228ca3e65eb02ea5d5d2708acf1e1ee1d,Silver,2017-02-15,18-24,317,2026-09-06
13094e581365e3f65c91d1683adbca01ce33ee134dd22d5278d00ef90daea322,Bronze,2015-07-01,55-64,2305,2026-09-06
faedb68868dc3adc69f3af5bf4531eda8566dabbf9fd33832d6b2c28e1ba90f1,Silver,2022-09-10,45-54,1042,2026-09-06
4f98991530c574a1ab79876034093ae8c94f40cc3de68c9531fc3cf48936024c,Bronze,2021-03-12,55-64,2210,2026-09-06
5b9ee3e4420f6a73309009a532fe3ae06e247450059f87c6faa0fd07d44084a9,Silver,2017-08-26,35-44,317,2026-09-06
c201bbb1f6c9d33e6752d23de3b298a5a571f7b6154297e2ba0b56fdd23d4fcb,Bronze,2019-03-07,35-44,1107,2026-09-06
e1e577e22db60d849b939fb41213b71991c555a428b4bf47f1a5714315415211,Gold,2023-01-29,65+,2305,2026-09-06
eb4a18aee1edbe0b059d47ec133be3d2772cbb6c69f76db58756cc08941dcea3,Bronze,2022-03-26,55-64,1107,2026-09-06
60111e425d2d2f8162c55dff4fd4b9f6d70c8d3f85352534c2c3c6c7b1ebbf01,Bronze,2018-07-21,25-34,1107,2026-09-06
9c9691c3bdb026eb81fbc7b31726cbc49558f1c71a435e73233e9be9f4dbd04e,Silver,2015-08-09,18-24,1107,2026-09-06
6acdef28c9c6c8ffef1b4c98e7ef735d9094ada223c690c9328ad5b8f160b568,Bronze,2018-08-08,25-34,2211,2026-09-06
4f0d557fd4ff70b5377b45c9599574fd1572889506ad62945eb0e3ee00960d04,Bronze,2025-07-26,55-64,2305,2026-09-06
88b0524a893768e843b627ea1fd425a97fb3571d06e3978c29cc74eece7b27ac,Gold,2026-08-19,55-64,322,2026-09-06
c28f8a1090378381b6049e7b2d137515002da6a46cff6fa513e5546ac6add4f9,Gold,2019-09-05,35-44,322,2026-09-06
035273b904210676ea4bb73529d4ef0e2bf5e0c37a732e515f0b4eecafd09c8a,Bronze,2024-02-12,55-64,1042,2026-09-06
6adee49f9631015014bedecde01dcfa8b638519af4aadb73d57f676530eda44a,Bronze,2023-03-28,18-24,2305,2026-09-06
104a1f5ffaff64585cdbc163d0cd5dbcb12caafa1158fe7e9384a031867890a3,Bronze,2016-01-15,25-34,1107,2026-09-06
0578589d9681cb4f5b553e097a1eec9784d9a4ee283dd5c16316e97be607cb24,Silver,2026-01-22,55-64,1042,2026-09-06
e3c4983b8023b0e0206236c4217a18de0174246accc2b11429842003de0964e3,Bronze,2015-10-19,18-24,2211,2026-09-06
a4d2af17da6dd0b715e541d61343960ad0583219dab360349ccd1fe06470fe91,Bronze,2017-06-10,35-44,322,2026-09-06
c4dac1f13642aa35c09b0d93512c870bae2e1b5ac8fb56ade1f622a6537c28b7,Silver,2019-12-19,25-34,2305,2026-09-06
f8eda2e732e58a6270184cceebc25acc987fcc4341b51603e149a7d07e5e4d9d,Bronze,2022-05-03,45-54,1107,2026-09-06
1332e911f5de914236017ddf31b7ecf284dafa4867bf7dbb1fbc0a3846de44ff,Bronze,2018-09-21,25-34,2210,2026-09-06
b4599cd5067977ebec73d0865214eb88a41cc9e9e8a5ce98ab36c27354211154,Bronze,2021-03-11,35-44,1107,2026-09-06
9accb049475fc07ee00190be53f15b7256a9cd9dae4a2053c0f342f49270c387,Silver,2020-04-18,35-44,2210,2026-09-06
139b97439b7d480a6af27ae85d0264a00fa3d2a26de4351d4e6da66068abc91f,Bronze,2019-06-06,65+,2211,2026-09-06
f656a0adaadcc820ef1d044fccce0bb92381df7e0946e7e01fe56b8c87104d50,Silver,2022-07-21,65+,3050,2026-09-06
25983369cf3a117ae228b4ab78d5c0f7244a5e63800e859ebf1fbc811972ef62,Silver,2016-05-24,25-34,317,2026-09-06
d27a6f42b20e5914c49fe6148f97c7adf49dc8347ce7567462218894cc051c80,Bronze,2015-07-23,35-44,2211,2026-09-06
1c437bc2a1a7cc814eebe9bea1af4a3651a2c597122ca3b4809a0d78ffb297c1,Silver,2019-02-16,35-44,2210,2026-09-06
ab04828f1818a95dfdec710539944d4eb6ffc66035b9e6940f9674773f45183c,Gold,2020-09-24,45-54,2211,2026-09-06
bff647641afc87f5ca63e7886104e3d09127b0e27c2e342ba026dc4c6f5ed612,Bronze,2023-07-15,65+,3050,2026-09-06
e29bfde6ea10c4f6c30d72198cf35da736706b4babae82ae4c3984526e6d3d8d,Bronze,2019-03-01,65+,1107,2026-09-06
1f89a8d259999bd41bb679628f3ab15030c09ae12a17ec0403ee8ab5df0808ac,Silver,2018-05-22,55-64,3050,2026-09-06
0295802e744eddbff114ead350067718b3ffe49edc94bc21d83a474c370b0d3f,Bronze,2021-07-02,25-34,322,2026-09-06
e2785ad36f1e483a70e31ed7db622cdd3e7c2bf448d776eb97ac6f90cea06066,Silver,2022-01-19,65+,2210,2026-09-06
e608527307b14672f1419cbac69ba3ca2ef51d66f2cde4b00df614e95fe38c7d,Gold,2025-01-22,18-24,1107,2026-09-06
019213786078051742e92be0c1d61b79bf32527eb4ce75f31de452e8f69901ff,Bronze,2021-12-18,25-34,2305,2026-09-06
255fd536bd4877d594763c5e50ec57fa4f36d25bb7d430510610ccbaaa9a0faf,Silver,2017-07-22,18-24,2211,2026-09-06
3d3e01ca59a82a28fa16625f73dde4bd01580b4f63dfcb24a82f0c03dfe71a9a,Bronze,2025-10-10,25-34,317,2026-09-06
aaded2e5055cfcb2a0b9eb9d9314d5f0515602f7ee7d63a315515f31993c0322,Bronze,2025-04-19,55-64,322,2026-09-06
8c5cc7dc912c247f8fe814b18253530ea7faaf8b0b0813e9848bf7f115afa51c,Bronze,2021-05-10,65+,1042,2026-09-06
92f631b0d46ecbbba5f865498b4d5bc995db479d45890e3a7884429a2ff2e898,Bronze,2015-07-14,55-64,3050,2026-09-06
1d96a8cf09167f938dbb66c04286dcd379dae22a5d21417bd136e120b1d7101f,Silver,2024-07-16,25-34,317,2026-09-06
239819d201b36d649dd9a0f81dc2ee6b3c12346d1ed3eef5b07b50c5b42033f3,Bronze,2017-06-27,25-34,1107,2026-09-06
69d6f8db8728031e126908c17f842b511989916c0d4c31533d74f0ffa58b4d84,Bronze,2022-07-20,25-34,1107,2026-09-06
82ec24c8725e4e4f01fa1b63ba85bec8c1330ced42484804ec3e3faf87786170,Bronze,2020-08-02,18-24,1107,2026-09-06
32abc54a73dd245079910dba8a0cebb2b7ec6ebfcf2b1bfc3c68c10f0b5c93de,Silver,2023-12-26,45-54,2210,2026-09-06
484036e0988f56a36358d3e11d3324e2700ee0e2271543339f05906b432a10d5,Bronze,2026-04-19,25-34,322,2026-09-06
3d1ccb548f35f9e6cd5c8ec9b0e2a6930a1a3bde2873aaf3045617a7d073a57e,Silver,2023-08-10,35-44,2210,2026-09-06
f8879b3d64c0f0e7c7ef3a8cbfeab1b45f0eb3acc701f0094694565300936ea9,Silver,2026-03-26,45-54,2210,2026-09-06
2065473d6a137c409a0c74639078cbb35b2575835edb8ae5dd27874e6216c454,Bronze,2023-06-27,45-54,2305,2026-09-06
5349562b5eff3bdbafa8e68f36df9abc44bca90ce27c4132f391d0049086d6d5,Bronze,2023-10-28,65+,317,2026-09-06
ae1504fc4d4ed7ced43c7f6196918447ae700d5d41090cfd6842fa81934b344e,Silver,2021-03-24,55-64,322,2026-09-06
d7cf16195bb81228bb1916ed1360ac02ec60f85f870ea885b8bc3953c3b1f733,Bronze,2021-02-21,65+,2210,2026-09-06
270e3b9b6cd3014b638a2278cfde974483544f037110395684bd4f23f5329ca3,Silver,2023-07-23,25-34,322,2026-09-06
c8bdc3ba5fb5a591c8828f6daf786d218f2d1bf2e2dee640c56b32e7bd20c189,Silver,2017-09-06,55-64,322,2026-09-06
dabec9dcbaa0b8ff2b69c778b5e7b3d8dc8cd9b0447f633c8e3df47f2e23eb02,Bronze,2019-12-01,25-34,2211,2026-09-06
8104c42f7db4df570c4af8735c6e16d8f8e57e2f7aed50922183a725f602caf6,Silver,2023-11-07,65+,3050,2026-09-06
d7c6132d2d6d2bf2f8a4a979a3da02404061712c3aeaf26759c215191083459e,Bronze,2016-03-25,45-54,2210,2026-09-06
163af0ffc9829b48f5c32367ef498e07445c9e540bb40ab29012010e71e4850a,Gold,2015-12-07,45-54,322,2026-09-06
bf3423d753c5ad41fdb33d7d80e74e78f54bd8e8e127bf63bc3965dd46f3d5c6,Bronze,2018-02-03,25-34,1042,2026-09-06
5f71f4c60880bd5ee0ea662e8d09e1a770ed2f0cd390e927a6b915ebf284766c,Bronze,2021-12-20,55-64,3050,2026-09-06
8e0cf55ffca15ddf0593615439b396862fd23287fd6ffc0f951792d8faf8aee2,Silver,2015-08-04,25-34,2211,2026-09-06
f65b52d597de3e7065dcd0af3cd0a4775f879cfc49c78a56d91aaf2eac028387,Silver,2017-03-04,65+,317,2026-09-06
39def83ba3ef5a6a55adeafa58b9aa68b33ed10fcadc55010d7e95f6583621ac,Silver,2019-10-21,65+,1107,2026-09-06
16ea0601513107c682797f1efa1411cbd4c450bcba3da722ffcd082a80e4e1cd,Silver,2018-09-15,25-34,2305,2026-09-06
0ebbff8f4723893d46ed9ad8ebf8e2a79cc97453e39d75851b402a5c54881696,Bronze,2019-12-23,65+,1107,2026-09-06
a5788be9ee4fab1f94266fff4a385b566cc844315ee7b82bd10c715d07a51da1,Bronze,2022-01-12,65+,2211,2026-09-06
7230162a5ad2fcfcbf8031250e2437afdd4f2032a60343fe0dac908f9c7edd20,Silver,2026-08-11,35-44,317,2026-09-06
7ccbdeb928c46de6eb9e03d81d2ef88c3689ee531a91328752b865265e6929a2,Gold,2018-06-15,25-34,2210,2026-09-06
646204ebd19da68dedefb605a732b08343af82ee1d48670edee0f3535024ed45,Silver,2024-05-15,55-64,2305,2026-09-06
e168a0c9d41b053e5825c50a590792e4294b3c757c0bfa71a745c615b3e75457,Gold,2018-01-31,55-64,1107,2026-09-06
90c22286f96f96dbe6f996fce2f9d8b0471e8aea51b3b50609281dde9dc001d0,Bronze,2015-08-30,25-34,2211,2026-09-06
4c224990d876b5c120997057aa54efffef7832f3bf9bed45beed6e8c3f4ba494,Bronze,2022-03-14,55-64,322,2026-09-06
a787502a3446eaa1090c43a028ea1b2cf05fe57bb733376be6d9f8c012d3c7ab,Bronze,2016-10-21,35-44,2305,2026-09-06
e82a76559339f3365626508b0b7bd63504117f9323148646f94acf4fc6546cd2,Bronze,2016-09-13,45-54,2305,2026-09-06
dfe632542d22fca6791514cb7a773a82dccde22c6f9124e3c769769e91eef835,Bronze,2020-04-21,25-34,317,2026-09-06
cab4dbce75c0b98cde31f28aeb48453a790439c44438afae06c6aafc31b556e6,Bronze,2022-05-03,45-54,322,2026-09-06
7a03577b998f20c0361696147f3d3ab3b54b37d3e53e27910c1de9f464e090aa,Bronze,2024-02-18,35-44,3050,2026-09-06
51f88b46dca8089a72b5c2ebd3c529a4f06245ba84ab81e95dadbb481af37969,Silver,2023-08-19,45-54,2305,2026-09-06
09cf725df5a5ab0c1ece4042cf0e491148dff0100d07d9309f812be96d63a852,Bronze,2025-09-10,45-54,2211,2026-09-06
85100735e5b5bcf49c0aa848dac6c3ae24007dbe27a624f5c5fd35548f732ffe,Bronze,2025-01-03,55-64,322,2026-09-06
2dd1d8fa89d5f2bbfc3b06375d064fe137c6c636c2c3e23051d1f4ffa2d74395,Silver,2017-10-03,25-34,2211,2026-09-06
37fdc24d6d83a8d960af5327b4e4306a9f9009e7398fdef7f2a8268a716dbe50,Silver,2020-03-11,65+,1107,2026-09-06
7e79c90ecd95a7e93d76b8f66a0904e3f81bd5b62b921c65050c60a0f9052de7,Silver,2020-01-19,35-44,322,2026-09-06
9da00dbf35578512448118ab584eb7f74680c76c3021f8b4ce3cd475eabe5e56,Bronze,2018-11-16,35-44,1107,2026-09-06
e2d98078c4b137ea675023bca7e54c5dbabcbb7fbca9bee32ecbabeaf71ec4ff,Bronze,2021-01-29,55-64,2211,2026-09-06
3db0940dad51952002420fd7311ef542f7c24e64cdfc8bea53a5e6d0186748bd,Bronze,2022-06-06,45-54,3050,2026-09-06
e1b8e82cc9de1d737304abb5777531c5827a4473514e68b40d7597c938482fc7,Gold,2023-09-28,35-44,2305,2026-09-06
607a7203f1f0e6df5abe1dfbe828737dd0b6f056608f895bb1194ded922489fa,Bronze,2015-03-14,65+,322,2026-09-06
9604dd2af4ac189fcdbffa0b265c23b1c0f3bb85b95075a503851e3ca05f1dd0,Bronze,2019-11-13,55-64,3050,2026-09-06
54d7351b4f0c2c778a721935c55a0929f13a5343eea3be09cd20e44797801b1f,Gold,2025-07-23,65+,2305,2026-09-06
4ba1dfb4e7d23b2acdf009e3f91f6d543d126a670098c8e526e499f787304ea0,Silver,2025-05-02,45-54,2305,2026-09-06
586d67bf844acc5cee885892a9cbb01826847530dccfd29a4ab22ba766d21e47,Gold,2017-06-11,55-64,322,2026-09-06
942046d26327cb51530fd9544d2d3c8f1246182eae08de5b147b8db57ea124a6,Bronze,2020-05-25,25-34,317,2026-09-06
bad7c29133955adf243a3a8f323331fc55b44a20445830ab5dbe99b2d0d185a4,Gold,2024-12-01,18-24,1042,2026-09-06
b88708c066c3339daaab7b1db53b6988f31fcbbb2515e1d0f7bdb4d6ee7b52d8,Silver,2026-08-28,25-34,1042,2026-09-06
08513dcd9e27d5a1c7c68a669f26c5076a2fb8c27a3c95ef3ca0535a79407b71,Bronze,2024-06-09,18-24,3050,2026-09-06
d3c6e69cca5c019ae8cc1c2840accbfb9facb1053535372c55a5c331ddb5423c,Bronze,2015-03-10,65+,2211,2026-09-06
20388db47a2c6b2602596b5e9fc77e2a58293d4afeef146ff9d163133af3a41f,Bronze,2015-05-09,65+,322,2026-09-06
2569dbbd3d55e6c6f717af852729577114bb4075d9a89f5fdcf05cbdd9f04232,Bronze,2023-05-06,65+,1107,2026-09-06
4e6bb96b8a43ce4a5225874b4415b1f9e4eb0a7e8eb3a52fa81be8ec7976a85c,Gold,2015-11-19,25-34,2210,2026-09-06
7e7b92a8e90114a2d7e0f97c3b40e5b3210444e2380ed5198f84783845624b82,Bronze,2023-09-30,65+,2305,2026-09-06
6e986466d6b54bed4d739c44180a1401e0b3e75754aef4fe239b6eeee8c04b2b,Gold,2017-02-19,25-34,3050,2026-09-06
6123df0dbd53b46f3212f94dac3ac03da54e0fb68c5f4ef3e0b2ec1b9ad2d248,Silver,2025-10-12,45-54,1042,2026-09-06
e1cd151d23a390ae590ceca8bbca7f8f3e752b4571e40d9d5841cf8e3241f5f3,Bronze,2026-02-16,35-44,1042,2026-09-06
4bc3def425fcf27ce2d0dbd542f6337327728c1b7a449cd340d07aec31dd7ee7,Bronze,2019-05-14,45-54,1107,2026-09-06
4f806d6c69c379fef4e11dc1208da228ac3fb7e01001e71a7dd3583478dcdfe3,Bronze,2017-11-29,55-64,2211,2026-09-06
a2dcb3d53fbb562002c61d024e1e236909b5036fd2e681b885251d15a5c7874a,Silver,2018-02-04,35-44,317,2026-09-06
265bf9546582d66756255f39333914d1ae6037ca25b6a1f9e93fae67deb4073a,Silver,2025-08-26,65+,317,2026-09-06
5cc6cdd5e3a94c3e42244fb13d2cfd68153c190a0ee31fc72b5cbd169b2e7490,Bronze,2019-05-27,25-34,317,2026-09-06
d2da9294c64787f6b7301187b270f08f0148ac552691a8073a18e8bcaebeb55e,Bronze,2023-07-28,35-44,1042,2026-09-06
f126e4f18c53a1568885e42ceecc4c602851b5c31da4cb043c6d6d195502b8cf,Bronze,2023-05-06,35-44,2210,2026-09-06
7b04fc6f7819183a9d544e1000a844ca494b7ffc80c44b52f9f7f8724a94b437,Bronze,2018-07-14,35-44,322,2026-09-06
be3e5fa28678facf6170527b85b27f1c87dcccec8916d6953571a678ff068273,Bronze,2025-12-08,45-54,2210,2026-09-06
9daf53730de15a038b88ccb240f35f60186dbdc972a1e625943ff30ddc4ccc8d,Silver,2026-09-05,65+,1042,2026-09-06
0db04dad77916f33466234053f169fb66f689a6ecf832ca9c838899877ab57d5,Gold,2015-07-15,45-54,2210,2026-09-06
2c0d18dfb62ee82699c28b6af1383a0769e299902c8ce4f7c7a3cabc24c4d3f3,Bronze,2025-07-04,65+,317,2026-09-06
ce3c260300c8f17c295cd7c207e3fdd77f54b3980575c984a074ce1716198a61,Bronze,2022-10-24,35-44,322,2026-09-06
8ff66575630ad2aa8ccd5eec089e84df2bff19ebb384a8579237c2c0eb9a6bb7,Silver,2023-08-11,45-54,1042,2026-09-06
4d75308964f1a6b8106fbc5fa342fd0359e0066536dad554787c3d6c7aed7077,Bronze,2024-01-01,45-54,2210,2026-09-06
d4a9c281147e0984934c21382c9beb790e707d4eff3176ee4af123dcd60a76c4,Gold,2021-02-03,65+,2211,2026-09-06
b36798e5d89f8e6263438705ac228ff59c5d1ca2354c59bc7f891d94b189ded2,Silver,2018-04-27,25-34,2211,2026-09-06
d1ec80ff2a039150f82576371729aef3b4b9794bd0f876439642f9b6795b72de,Bronze,2020-05-17,55-64,2305,2026-09-06
1ac28b366a09abbf57bee99c9bea30b31b9afcda7c09be240fcb3426310a7dde,Silver,2018-11-10,45-54,2210,2026-09-06
92f1c787008cb5f24d7589e63fdc9171e48e9642cf5ef9bb89faa6d8bea0190d,Gold,2017-11-09,25-34,1107,2026-09-06
b9e932991ee2f65da79b72fa662e32f8a2f1b323f31f96a04b09eae5296dce66,Bronze,2023-01-13,65+,317,2026-09-06
c37ec5119d5cce4e42b2f7e4a217f926138ba7f92e4a1d4a3deac3087297c732,Silver,2024-10-25,65+,2305,2026-09-06
60e585911f362a9c92f3400b6dadc8dfc49c9e5a84c5fe3edb53428c2c2482da,Bronze,2018-12-21,25-34,317,2026-09-06
441ec7e2d9e8ed7c4835bd5b4e0068a9ed221f6e3fb2a1acd080d5216cd7c41f,Bronze,2024-01-28,25-34,322,2026-09-06
879083d2cf40a01fc0c6f527247ae5df87e49fc84ab24f85d5570e74acf39ae8,Silver,2017-10-23,25-34,317,2026-09-06
e24d7ca116b1cf25d6f2bc7c4204184723d919927b636293289dba75a732608d,Bronze,2022-03-24,65+,1042,2026-09-06
e809bd2db92f38fe76857fba4f520d5c8f6b6c87ef8a616b5a981be8c3034070,Silver,2022-05-10,35-44,2210,2026-09-06
61bf360fabc85e5f6bcaf4ae2d578f409cbd154be2142e8257a7fbc823d8bd27,Bronze,2019-06-14,55-64,317,2026-09-06
a519262f31fcbe83f2e7248b37b9ff17c02cc0b279071558885fd208151349c2,Bronze,2024-04-09,55-64,2210,2026-09-06
8dfaa6d8594932a6c8cdaf04164ea3d46822ea2f255a5f075eaccf69bcba36e5,Silver,2017-10-31,65+,3050,2026-09-06
0ecedc396f86797f0b6bc6343fb244c93f2a18c41d6940b4367d5b21efe1d9f8,Bronze,2017-03-29,18-24,2210,2026-09-06
81917e4594b988a0ec3056afa1af4e6319c8ae6c5f8fff8d2371bd4d91c94b54,Silver,2020-01-28,65+,2305,2026-09-06
19593e4b0e155fcd9f7e5b7f8fc736612ba794f9f198ed167253a07d6ecf0648,Bronze,2015-08-04,45-54,3050,2026-09-06
67236664f9e0982d102e94546caea5419f9575060233caa84a19bbe2a6e3977a,Gold,2025-01-05,25-34,1042,2026-09-06
e941533de0e8ef467e1a594dc72e81258b447c23efe66946fd6b2d00bab75506,Bronze,2024-10-27,25-34,1107,2026-09-06
1f3736c9d03368be8e2d459defcd7ceb30cf50a6b57a49263242953aa11779c1,Silver,2017-10-22,18-24,1107,2026-09-06
8c43f375b0c7aeaa1ff411261f3defee869622cee80892f2b6e411686e2dacd2,Bronze,2020-10-11,65+,2211,2026-09-06
fed2316135d5123cd82fd4fc25817254e58156545607d910f6c79075a92fd1ac,Bronze,2025-05-12,65+,2305,2026-09-06
f5a011493a1e315a26523e779f50ed558cd4e0154368f43aaa44608d73b8c014,Silver,2019-04-30,25-34,1107,2026-09-06
3709ed7b8b0344f6d900f52a7a80b5f2448c08efb84aa292301d8cabcadf25b4,Bronze,2017-06-14,25-34,1107,2026-09-06
09840d002ddfdec909f123808c3c9c1c335094cd1ecdb42110971d47167cfad5,Silver,2018-02-15,45-54,317,2026-09-06
d90409f5b67b686f893e8fc84fad2b9f8b5a5e7141551c351ddd3bc779755ff2,Gold,2023-12-13,45-54,2210,2026-09-06
83453c61a4a3f3d4fe086fb37c8dd3ca50f3b5a0bc6e9dd5e99145e84146ae24,Silver,2022-06-08,55-64,2210,2026-09-06
81fea34d118008cadda9c1d44b0766ac5cc194d32b6eef64dfb594d9d0c8f958,Bronze,2021-06-25,25-34,3050,2026-09-06
5bab2ec86a47cbc66b8b3a36cc56bfb1672a28255f0a8d66d052faf21f9e50e7,Gold,2022-10-03,35-44,1042,2026-09-06
60b22f17de14df5fcf548e63180458e493f958bb356fa19f1d367e13e6ff3d60,Silver,2015-09-25,65+,1107,2026-09-06
bddc4f186d5efad81ebe5cc6faa825981754d06765b28ebf9c0b4874de1b4004,Silver,2016-01-25,25-34,1107,2026-09-06
ad6033a4c85fedf5881e37ebee728f4db152f3e599c9caba456fd854eb121066,Silver,2018-08-13,55-64,2210,2026-09-06
ebc8656dff9255c55bfcdcfa12ba3098d3f6648c6bd8e3507ddd65effbdfe215,Bronze,2017-09-21,25-34,1042,2026-09-06
dbc6c7ce5a34eacde64423de743e2e7524cfb305db4f033c75258d12a1ee4ac5,Bronze,2022-12-01,45-54,1107,2026-09-06
76c7fba5939529d3596447b5bfedd59f832daa9e10e657683e315ad3473da11e,Gold,2018-02-25,55-64,1107,2026-09-06
c98b82b78fa92b5029a7222dfad389e7cb2d595a5009be4832c3a259ee3771fa,Bronze,2025-08-29,35-44,2210,2026-09-06
e5de04c6abcc08f2ea8fbf464ca9d68cf55e37a00b012997aa536fb750c7c078,Silver,2016-07-12,35-44,322,2026-09-06
475230edbd74af45c620669d5773bc96a2da429079921a9a222e497cc686c157,Gold,2021-07-01,45-54,2210,2026-09-06
db59a86d341e565070370dfa4f1e71572ec7e847129f3a4edb477e70f024b9b8,Silver,2023-02-07,35-44,1042,2026-09-06
4c496aa0012dc0f51403929f71c1bbd8cd89015f8a642ba41a5448e1c70c4a8b,Gold,2019-09-26,55-64,2305,2026-09-06
ac37df3ae1ae520683670e9ed476083ff5fa713919312db70da2d17687d08c2e,Bronze,2021-08-18,65+,2211,2026-09-06
5922c1abcbc8f3a7c1b7b7ec681e92dd1845d42cecadebb0c5e2032732cec981,Silver,2022-02-25,25-34,2305,2026-09-06
86fc9bfdf5ac24f198a5c4fb7d6529249842f7f504bc37ce9dc928c13217ee9c,Silver,2021-12-06,55-64,1107,2026-09-06
de1e0c7c118a0e4e658f22cebe61a8b22504ee64300c6fc92b81832b608cce34,Gold,2024-09-26,55-64,3050,2026-09-06
5504efaf55dcd7fd23ec672b01899943dad0e7f4e39f411b59074c230555baed,Silver,2025-02-07,25-34,317,2026-09-06
1a22930e042d36aa8529c2b95b0b709ff238d6df08620b0d9c4ce47537bd43ab,Gold,2017-03-31,45-54,2305,2026-09-06
146435d997bca6cc24f13b7ff38efb4ef2a417d3d8780a8a218d842c14c1f90e,Gold,2018-11-14,35-44,2211,2026-09-06
8732b48085308a62298b142aa75c491e529c66c3dc0c9b87be1dcc4dd8b220c6,Bronze,2024-06-25,25-34,2305,2026-09-06
d519914667a2c3f3db780b64ca592937913355c8bcf1c32ad55427091331976e,Bronze,2018-01-08,18-24,2210,2026-09-06
b3f849c3a373d69eb1ff5721aa51457f49962a543cf7570b19be956587ebe5b6,Bronze,2020-02-17,35-44,1107,2026-09-06
99dbc8b332831735be2bb6ea3a4cda39a98495696f6ff6baf67fd37a27a82456,Silver,2025-06-19,25-34,1042,2026-09-06
eed254ad89187f03dd53143828bf24fe981417635e91071d384cb7f440397445,Gold,2023-05-30,55-64,1107,2026-09-06
56c993409e9afb8baba7e021f0a22c17f8d120902e785c84aa7583d595c40e81,Gold,2018-07-25,25-34,3050,2026-09-06
f63e20694e8137753783bb51d6bdd8c78b857b111f20f0083485975b5a99cef3,Silver,2015-12-31,45-54,317,2026-09-06
cc9394d6079c01203e3d3ca671edfd3600d02037364ff85d1cb3e2bebf1db2d0,Silver,2016-07-10,65+,1042,2026-09-06
00df0cf838cc635329073ab173315276ede16750ec4fa4f7f9acb054f1454922,Gold,2018-01-07,25-34,1042,2026-09-06
0bf0a133eff24790daf74325c2960aae67f713a6a4fce3916c168c87e575f6fa,Bronze,2020-06-23,25-34,1042,2026-09-06
b7b80146613abc1c3f0eea32911bd67928586e6f16198f1c1de0a32a4fed164c,Silver,2025-01-02,65+,317,2026-09-06
6c2fefbf08167e0464e1fdab7486c27d725feb9c49742e65729f0876f2cce7e9,Silver,2025-02-02,45-54,3050,2026-09-06
35233972b0a3aaf13b8de6828ffc9ab53f04386fc6377200bdc0ec9f63c477c9,Bronze,2015-02-16,35-44,2210,2026-09-06
5bd9de73ad20b97387a8245f1431b4a95c28a0ccf470f82dffbdb8d002591701,Bronze,2015-05-03,35-44,1042,2026-09-06
28ec8da3228976b8f2f2296f4511c3039087b46851e8a2b4d6b7987ee8a8b41d,Bronze,2021-11-20,55-64,2210,2026-09-06
3e66574818ccc5b18c87bb0d00d5bda8d9e578002826088bf8657d2851b7be3f,Bronze,2025-06-28,25-34,3050,2026-09-06
83f07eb711afd70be2b79588b4e19b5abccde2571cd9ccf8976911685810e9c7,Silver,2026-05-13,55-64,322,2026-09-06
36bbc0ce8f0bd0d402ee6f18e2ca7fed7ec5153329279090dd8e5a9f71121049,Silver,2015-10-22,65+,2305,2026-09-06
40eeb1d07b26479abad0ef83166d971e6960dd80b25f614ddc52e75965d86023,Gold,2017-09-10,65+,322,2026-09-06
3b34fdee8d878f94472fb225e8171afc090c4b2f7372dfe5d58e153fc232075f,Bronze,2018-04-26,18-24,322,2026-09-06
3790cec9daed9cc8ae81a858e74ed0a582b37f5156b4910985425c6de5e4db58,Gold,2020-04-10,45-54,1042,2026-09-06
e3133c1403ccc67196c1d91ef8527cd8781d0610354eacc7a064d994da389259,Silver,2024-09-20,35-44,2305,2026-09-06
b8eecfbe7522d57b2e05556f44b1b6bb7ef035e80d77ffd7525c9e4140b3e617,Bronze,2023-01-23,65+,3050,2026-09-06
65cddc11c427f8187425f465d6e94ff2c0ce5e77048d3ea798f3f50b0efdf109,Silver,2017-05-05,65+,3050,2026-09-06
77618a5e08701884cea1488ee9bf3bdbddf87ea2506540a121d2b264e63db71b,Bronze,2019-01-12,35-44,322,2026-09-06
c3f8365be585f094640d1e6d1e1f398a08aa7761ff53a0bec98e9bb84de039e3,Bronze,2023-05-27,65+,317,2026-09-06
e7d8b7d3b2583373d040254ee80b7d38ab4125f0aca42e44b80dca568f4b309e,Gold,2023-09-22,55-64,2211,2026-09-06
53668746086ffaa4d23c272ff7a0b6d515e46f6680edee57bab5ef570f5e0eb4,Bronze,2023-03-28,25-34,322,2026-09-06
9f3de2e0a2016e0591bf1871fb96e09bd8ac3f2e93054405679e2e98b600b708,Gold,2023-12-15,55-64,317,2026-09-06
9a771e16f91bd678eaac3f141f777e22b1cbba3d0e4d46322f6d366269e4467b,Silver,2024-06-16,55-64,1107,2026-09-06
8ac1c6de101a4d06bd43550cfed7c8e0622e41acd1fa135348a773b2537cc27a,Bronze,2025-02-22,35-44,322,2026-09-06
2688ae7983dd34f3812c590aa26eed7f8f13a6527a5c0726af26be37001abcb5,Silver,2018-10-21,65+,2305,2026-09-06
482f1354b41317101c219cbfe539f24342b0fb2c190089da08dbfe0f213ee5f4,Silver,2020-02-20,45-54,2210,2026-09-06
82543f43e8c034610fda7efaa7cbbc62c3a71ccf2faa5d08844beff3fc0eea11,Silver,2015-06-06,55-64,2210,2026-09-06
8b4cb9eaf024f7d955db62da31c1afbadf3885c3ebe5f83d01d382eaa81aff3c,Silver,2024-05-19,55-64,2210,2026-09-06
ecdc1808ca8965d6d2c6dafccead75878ff6cd131ec69c280372e2236cff4dc3,Silver,2022-09-26,45-54,322,2026-09-06
41e9ab89a5f3fe75103aa9c27401278d55f9a8bb2aa4d082f9e7f3d3e6c0ae2d,Bronze,2019-07-28,65+,2305,2026-09-06
80c619a70ff25611ce13ec84391d51ccb64a1b2505eaa6a7b8a3dd43bd9322a3,Bronze,2022-10-20,65+,3050,2026-09-06
682644d05e93195634850aa5c43f500f987121d8ee93386fde25d64c776aa01c,Bronze,2022-05-02,35-44,2210,2026-09-06
4629f891aa4beb33c6f1d6c45d5c3feb646744dc9b69f21f0cd03cde9b2e17d4,Bronze,2021-07-11,45-54,317,2026-09-06
f8066f3fb1ed5aeed4a89771cbf5049cdc3a359119c563846e50ba4754b9be66,Bronze,2023-07-25,45-54,1042,2026-09-06
d42721f6fd52a09e0b22fae4b9a9ff2437273ccf5d1c3d19fb81de70e733b7b2,Bronze,2026-01-14,18-24,317,2026-09-06
75c3d9f18d0e9d6d6b6e91c57eba90ace81894160f5606fed3fb0e3d2b8c5f2d,Silver,2016-08-25,65+,317,2026-09-06
0955a59cb0d8a1e1f07118a8147fed89aa1a2e35cdb7d75f92033b60659edaf7,Silver,2025-10-05,45-54,322,2026-09-06
cc6a2d8ef4b41e63e30056111cedd444795fef5424305a796889ab49d7bffbbf,Silver,2024-06-20,18-24,2305,2026-09-06
71e9a3de00a78b6a24b47f27210fae77fee0450d9575a203ff81205896ee0397,Silver,2023-05-25,25-34,2211,2026-09-06
1ffe87dd2c6840f605a8cbcfcafb284a3a4b255493f40b136ed17e4d46f59363,Bronze,2017-02-21,35-44,1042,2026-09-06
6d8dd64b87f8983603b1b885f340f5f53900a8c80d047a10949a134a7f3d3f4a,Bronze,2020-10-12,65+,1042,2026-09-06
a4ed64129fdbe35feeada3e1f1720456a368734a8d1ec93a031c5e0f1e76a3fd,Bronze,2026-05-13,25-34,1107,2026-09-06
949af76a548bae0e44d69c8379bf2c590d15c3766cefacd5751f5d442794a302,Silver,2020-11-10,18-24,2210,2026-09-06
be34a1706bf2ba3bee21fcccdbce55360c6aff80db16f9721480bfa527b6089b,Gold,2016-03-21,35-44,322,2026-09-06
7cadb2701300dd40f035d171829a5575724377b33e3d6d52ec43699f689405ef,Bronze,2015-12-26,65+,317,2026-09-06
b1642a8f143f8344859c0ab771a6430d15267e5ac879e30b97129f01c5487d0b,Bronze,2025-06-13,65+,322,2026-09-06
5344cf703c9ed92a910274b84762cdd78ac8965dd2962d7e9155a5f0e0c81d86,Silver,2023-01-22,45-54,322,2026-09-06
84ae7b1fd463d000b0c3666508803a1bd6e128f427f9e6f661f0657fbc8053de,Bronze,2016-05-05,65+,1107,2026-09-06
79111bc9d8fc73fd0f4a37c46c13096e0a79b59a8721b06a709bf82b233e2100,Gold,2024-02-16,18-24,2211,2026-09-06
4ec035297928439798ec77412cdf6360ba9ed1f605c9360808f9bfd84918a36b,Silver,2015-12-15,35-44,2211,2026-09-06
b10f9ee371f74fb54d3ad74fefbcb6569b985b8311bbc5365180b18fec6b3828,Bronze,2022-01-09,25-34,317,2026-09-06
2197f566defd3b8b3120d5c6cd038285d79755da4188c36207ea9180987924cb,Silver,2018-09-21,65+,2211,2026-09-06
ea8a7745829d4db4849f78e7d7a15510d1d8389e68a41863b847fb963224dac1,Silver,2024-02-13,65+,2211,2026-09-06
4daf711851ac7aba36134694657dbe0e96b27a51f2d9744ab6d650f4fff438c2,Silver,2020-07-13,18-24,2211,2026-09-06
0b28a884e5f2d71ea60784d1819d5a812a47e723546f0bbc28c4d803672207bb,Silver,2019-07-11,55-64,2211,2026-09-06
e2ef764dd2208031f656189fbb1537c2a3a34de7943097f0ee8e1275bbafa965,Bronze,2019-02-23,35-44,1042,2026-09-06
bc9c231602c5daa88f9d5e6e3cc75348a3e583c49dae87f1572112ccf2dd6e12,Bronze,2018-02-09,25-34,2211,2026-09-06
6b5d7caeb857ca5ffaf95dc0e473554e226b108cb73bb14989732458f0b88a9a,Bronze,2019-04-16,55-64,2210,2026-09-06
58ca39b5e870674faab516b0925325f7e81cf339e93d1d70c518049b6af7fbc6,Silver,2026-07-15,55-64,322,2026-09-06
a92fde7a181f1ddecea5fc984b76131173bb069164d82b030bb0c421695360d0,Bronze,2020-06-14,65+,322,2026-09-06
64501826e0f9accda67761235daf39349e31bcd3134bec434f9a340c8c75fe98,Silver,2019-05-07,18-24,1107,2026-09-06
8f21adb19ff8d2217c3a449ec5d48bfee5357d1a679665ece4a10d18bb72833b,Silver,2021-06-09,35-44,2210,2026-09-06
62a0eb6b7d07914566a5f2f19ae2d5779fbeda33dc904121c39c996090033151,Bronze,2021-08-11,25-34,2211,2026-09-06
000f6eb16179a3384302e691a8a6dd4890445cd05954d0b7663fea2d87bd1e48,Bronze,2026-03-04,55-64,2305,2026-09-06
3061a9f39a5aa7f911e1cad94c1d231608ad7c89f3246fd6e4734bd58bf25f0a,Bronze,2017-04-29,25-34,3050,2026-09-06
7a0a9edff8df005699c0ae12aa758be6a03ade1921d53f77cdd740976d8bf387,Bronze,2023-09-19,45-54,2305,2026-09-06
363a5598e227eb94ae286c976b84727466fe5a3aa47630449add814e2faa3388,Bronze,2022-10-12,25-34,1042,2026-09-06
2dbf257f29663b097ce4036e838a49c8561348b2b04c9903819305d0d6b19b2c,Silver,2016-01-19,45-54,1107,2026-09-06
f0f9a1247a779fd227a1dcb33f7c87eca1dad5085a2fd77893a82723504e0e7f,Bronze,2025-07-21,65+,1107,2026-09-06
0902f1e2e7eec065b3294415514f23b55a9fe92ff309c30a904b5decefdcc71d,Bronze,2020-04-06,45-54,1107,2026-09-06
d95de1a7d7a13c51bdeb091b1dc8c6d0b46e4fc6e52e6158aff95b697ead9962,Gold,2017-12-25,45-54,317,2026-09-06
23deda469f1122cfcafb5f25b3fb8a88397e7b3f73d98fbc2531c7abe10cbfd7,Silver,2025-10-30,65+,2210,2026-09-06
40942c8ef8f84442504fa53ff38008d4d1623b500474d14a6a62214cc17bf9a3,Silver,2023-11-30,55-64,322,2026-09-06
943a83066d92cc40b7b603e50d68290c5c511b7461a5ea8b61eab8942072d43e,Bronze,2016-08-03,65+,2305,2026-09-06
477850c9c914ddeef709bcefb22496d0cebedb997433fee4a195410e25cfdaea,Bronze,2016-09-29,25-34,3050,2026-09-06
3585cf3f30278f4e069ff05f30303d7ba7a06e8823e9ffdf011807e537a1db3d,Silver,2025-11-20,45-54,322,2026-09-06
09a041fdd85d2c53168cb6d6d82cf6e802e773fe700c7da6dc5f058fe745039a,Gold,2021-05-10,35-44,317,2026-09-06
6badc2e652927544e9fd489729907e480702e8b9bfa0b06bd94c74d9e08b0bc2,Bronze,2025-11-04,25-34,1107,2026-09-06
798ef145f88ebf9bc1c34505244e43ba22536b055b726b0963e7dbbb29ed4cef,Gold,2016-11-15,45-54,2211,2026-09-06
08e64612876b52941d7b06913669fea1d4b66adda8fd0727a420eb803820a87e,Bronze,2022-04-02,35-44,2210,2026-09-06
a4a458e340e412c1f5e9bf266928077f2ec0b19d6d93e58280fd0bc0dd466d8e,Bronze,2025-11-27,55-64,322,2026-09-06
f3e1828413ee123f7894d2288919d0975ffdc665219dbbf5acbe8bd99ef3913a,Silver,2019-12-25,65+,322,2026-09-06
599599b1bb00420e476ec3b4c4770e2779fe7c01965a3b07367c86111f721241,Silver,2021-06-23,35-44,3050,2026-09-06
4767e3976a6f742794b982c8945ffd30f8ca0dba66e133137552082845289c49,Silver,2025-12-07,35-44,322,2026-09-06
8e82a35f522fce77a4ea221a5b90d617cbc750b17df5f9b63661d377f4893ebd,Gold,2026-02-01,35-44,2305,2026-09-06
67b1d49d8a12dfbda1d79c93747193df621909349e6af06b61ba9e984780d1dc,Silver,2019-03-14,45-54,2210,2026-09-06
9887795fc33e5d1f27d77a37218b3754dd1e3c31c11dc861a683c2c5827307b9,Gold,2023-12-31,45-54,2211,2026-09-06
208ad4054fbcbef872e1d098faa9a78368dda60b26dc1a7c1d4fa78499c4b6a0,Bronze,2021-04-19,45-54,2211,2026-09-06
76d1c3e55b466551f12772ffbe5f063abc0d46097ba2e7fd244890c71c61b88a,Silver,2017-08-23,45-54,2305,2026-09-06
973991dbb53486deb0219c0d4cf6939b9e7e92bb237d54cbf53b754fa7f14f55,Silver,2020-01-22,55-64,1042,2026-09-06
b97e1693ceda29a2ab01df9d90b1e4e8ad17929e139f8a2f829cf843ffcc849c,Bronze,2021-02-03,55-64,322,2026-09-06
0b9d9d428b3f2015fccd82fce91324bf85ca84754df7be28bd1104b7ca3dae0c,Silver,2024-02-13,55-64,2305,2026-09-06
dc7eadf840f5c5559d8b1222d4fbae7043efcc523317a98b849c8ed1732cee8d,Silver,2015-03-11,55-64,2305,2026-09-06
e95f9f2dea6b5f5f02e747f7868e0422c861a92858a97c727368d9a56135fb62,Silver,2020-12-04,25-34,2305,2026-09-06
8faa87514df723363068455affe180913148a40cd2aa84801c481c01aa97de44,Gold,2016-08-22,45-54,317,2026-09-06
d2fd9799d418afab71ae454df60cfc43cd2540ae3f222eb2e18e1f04848d944c,Silver,2015-11-27,65+,1042,2026-09-06
2fb30776419d920095ae67aa44af3a30bd967b2990d9946eb009730e12ef8fed,Gold,2023-02-07,35-44,317,2026-09-06
8c0e0a6560168d836f1c1dbb8a37138600863cf8ad267696855770d5ad15fb9b,Bronze,2023-09-13,35-44,3050,2026-09-06
5e16880460de16d4e6e87ec12332d3f8a6399d4b0b6be2382760b0cd272a4a54,Gold,2024-05-03,35-44,317,2026-09-06
cdfadcea5292f98fc28ae7b716d86af96438fffd5d095b29b4ec721788735ed4,Bronze,2020-02-26,25-34,1107,2026-09-06
8a34644aba8f4cc72a30cc07e56d63f71f5fc1e4d81f6060aa022fa59aadaee2,Bronze,2025-01-07,25-34,1107,2026-09-06
dc5864af15b523215232321306e140deac44ff5f0787d277bd8eb9d9a6cb8595,Silver,2017-11-20,65+,3050,2026-09-06
7cee82db28e91179b8f6a7928873ccc43e736eb6a815551b84e27a8f1abfe50d,Bronze,2017-10-13,55-64,1107,2026-09-06
7aa3ce0402054040d85abd82a00ac39a7f3962e5a9960e017d6ebeca3858a06f,Bronze,2023-12-18,18-24,317,2026-09-06
54c25f53388980ed0c733d63b58b100e138aba477ffdcabb2673d90a9b4bafe2,Bronze,2023-04-08,65+,1107,2026-09-06
14270d5a5d3ce3b2b89e74857738eb58967ef28883a62a6a7a5f1d1014907136,Silver,2016-08-15,25-34,1107,2026-09-06
dd0ba1294adbe9e1ff0ce8b0fc4ecbef9266636b2160093c86b37889cf8a00fc,Silver,2020-11-23,55-64,3050,2026-09-06
dd989ee670e6fd01a0d334c3b1f6bfdf83b347b451757cf0c784cb30ab559043,Bronze,2016-09-12,35-44,2305,2026-09-06
061bcca06b390560a6d61edf682801c79358c8b453be6ca08d5a6ce5de01615c,Bronze,2025-12-16,45-54,317,2026-09-06
a8881613b63f9d02f7dfa2994f91d88d8f1b3c3b7695cdc819a520e7fd5f62ec,Bronze,2023-05-20,65+,322,2026-09-06
a5681649c74c5d919ae43a9b9588e03e1da13fde3882e0de3f6624e483d07ee6,Silver,2022-05-10,45-54,317,2026-09-06
6df89ace2c162cba798a890f8e74337064f0ca4af7fcd5278c97334fdb36d8a3,Silver,2018-09-12,45-54,3050,2026-09-06
b8252a8a0ba60188167de570a75a846678ed342caaf8472252ac85a3ab2210ed,Bronze,2020-02-08,65+,2210,2026-09-06
9a3bce28e3abf6231bd7f219b225a638d02003983dff04865fae160c32a417ff,Silver,2021-04-10,55-64,1042,2026-09-06
8763d10edf963fc2b956be4e15ba28bca0e90f301264e3adf88d46cf8d449d0f,Gold,2024-12-27,35-44,2305,2026-09-06
c5d6a2b898a23ef5736dbd5f88b0e209aa7931bd68982ee1b253fefb15b3c27d,Bronze,2020-01-11,65+,1107,2026-09-06
ec01c689c3c0a2d70806203f9fb95e94899f1671cabf8b8e8e74fec0474a0155,Silver,2025-08-10,55-64,1107,2026-09-06
5056f822b9fed82bca34d226e74c75bb2f4cbd5eaed6351d9a4af46358d2b5c0,Bronze,2019-07-04,55-64,2305,2026-09-06
3e75193a672fea4c571dbd38f8a17b37184cc62a565d4bd4780738679f8feb1d,Silver,2019-06-28,18-24,1107,2026-09-06
812fc5ff906faa281ad6106be09c6f14515ccd2a6e66832e7e84be3319e5c871,Silver,2019-09-16,45-54,2305,2026-09-06
ad58f1e15b3e3e83bbe7250e4d97447960182eec7804bb4e712052acd656d632,Silver,2022-01-30,35-44,1042,2026-09-06
37e284228b115d0b359cf696b2084f4f9c678a1a1ae69240838c59f2179af904,Bronze,2016-06-21,35-44,1107,2026-09-06
9b769cd7d98b83f4bb4bf74d83e78883af52ccc9657e5aef829a37eef294be11,Silver,2025-04-26,18-24,1042,2026-09-06
29a4f96b2dff7debcc7dedbc6e309f84b34505b77df0eb47ab225f5b0720e698,Bronze,2025-01-25,55-64,2305,2026-09-06
710a33ab5e4b6aebfec14cbb84b913111523ebb99da21972fdaed7405e3079ec,Gold,2019-11-20,35-44,1107,2026-09-06
d490b80babd961f3f01d227ffd5d297fbec0ad74e944aaf61b2538e4a39789b5,Bronze,2020-04-09,65+,3050,2026-09-06
46f913f73340fd22016ce4551d1caef30db3f0281addb141a6959f2296706e82,Bronze,2018-09-18,55-64,2305,2026-09-06
f5ada2e785caccee06d3162eaafda9d7c872aed69a535e6f6cd62736921969ef,Bronze,2020-10-15,25-34,3050,2026-09-06
9db3ec1d82215fde5bf6521d1d494c832e539e835bc4d7a306eef13c84f9fd82,Silver,2023-07-10,45-54,317,2026-09-06
e1abd60c6ac81948f7fb01d2290e39fb438ba41004caef6dc8c72c63b3f4b404,Gold,2021-05-19,65+,2305,2026-09-06
0ef44a539bdec603bca18c044882b0e073d17a8e001aeba9ba944ce9a3b53ec5,Bronze,2017-11-20,25-34,322,2026-09-06
2a20509fcd07774cd8b70e92e038fb27cae1f2c5b439a1f0eedd325e83767669,Bronze,2021-11-10,65+,1107,2026-09-06
6b66af344416d368b016bae47dd8c652c74cc562c8e29f125b5fc6e951770cee,Silver,2020-01-09,25-34,2305,2026-09-06
ad3f2965ccce648a6c0511402b4424374b0bcb30ef69e6b56534bb33569aec58,Silver,2020-06-13,65+,1107,2026-09-06
ac727a39fa0bed4b4825c4cb90bb7f464b907897a50b9efab64df555230fdb24,Bronze,2026-02-28,45-54,1042,2026-09-06
4844361e8051bdedfcf3d4e495f4fb2a6b329c13dd8ee87702f95caa28330720,Bronze,2015-06-29,55-64,2210,2026-09-06
d0ed8d76d7555161dbaf67bc5601e7b16d8ab05e7f91d5be90319e7f8c5d1d04,Bronze,2020-08-05,45-54,2305,2026-09-06
49322daecc67d127c6b2ffa6eca50876a8f744e2cda211b878fbec26dd8c1097,Bronze,2016-11-26,65+,1042,2026-09-06
9ce7292f27283dacea0036030cc1052ef13441cbb63bb3788166532439203355,Bronze,2016-01-10,25-34,2210,2026-09-06
ec3a5d2db7341e34d78636c0111d8f322eb9f4fd8dcdb97374e1603471fbb656,Bronze,2018-08-14,45-54,322,2026-09-06
5bcb6fffb9e6e53f137ae7cad34da990f4c26ddb051b3b231366b9d4c058f1ef,Bronze,2024-01-07,55-64,1107,2026-09-06
4a4cdec18e0a395826b8901d4db729911712b3297d7e78d4f4cc140d5d1c066c,Bronze,2024-04-09,65+,2210,2026-09-06
afc3ddc37a5e91b41ea99daaa0d56c0a6e5d848c61cd21643aa2133e6736523c,Gold,2022-11-25,35-44,2210,2026-09-06
c6b97c3d93d68b6c3d4e81576038076fb6644a66f00feff39e34122680cb398e,Gold,2017-03-02,55-64,1042,2026-09-06
1f9cb1271134a7f54daa1ef6d9115f28673dc36a6d7c17a4d5e071727acf4019,Gold,2023-07-22,18-24,3050,2026-09-06
a368d8de83ff03d32a0c53325bdd8a384c236f5d25127f68dcd9e4b1e5b82eb0,Silver,2024-03-08,45-54,1107,2026-09-06
3a09ede56c5c9984155b6202a348df499076a5b5b8e76cae29af3af4bd12573b,Silver,2016-12-27,45-54,2305,2026-09-06
762bb8a539d861e97ea68689a6eef1dc9b37cac827aaaf759df5c24c9e6d1354,Silver,2023-09-11,55-64,1107,2026-09-06
9b90c92e28e729b4dd29f20c5159a89ff891a3fba0a7ce9930fca1cce4dac51b,Bronze,2024-06-04,25-34,317,2026-09-06
966bbdc47e3848c87fa3dde65fb8059402e54d572602dad66357f3dcdc350994,Gold,2020-02-27,55-64,2305,2026-09-06
1183b5522fa3e01dfb48d65898615972f135bd26bd67b3d9a7153e8e04712430,Bronze,2017-02-01,35-44,2305,2026-09-06
642d513b6af0820b20ace9c43a493e2d360b085c055a27d25439b7e4d1fb3493,Gold,2015-06-24,45-54,1042,2026-09-06
d77ae0ab7906e0d49b837f4af9d52a35cee71888bc9f4af22f7025dc3762c704,Bronze,2015-10-12,65+,322,2026-09-06
57dde051ae884c3357efa573975755db3f0b90f9f22121974d993dbcc8bc47ce,Bronze,2018-04-12,45-54,322,2026-09-06
b6250a593f4c8181fc83a1de55a67be6bc6b25df72da8f57f8a78948372c4a20,Silver,2020-06-27,55-64,322,2026-09-06
3495ee0ca32984b636ea5317575e71c597679311b9795f29fe5520dd9bcc58ec,Bronze,2019-12-12,35-44,1042,2026-09-06
c4854ea4bff7c77df51e6aefdd2f84f38a25d935b1822bd3e3d8280f143e8009,Bronze,2022-09-15,25-34,1042,2026-09-06
172fcabdef86454ffc6286a75866623902081f70ae697add3281dae72abf4985,Silver,2016-04-04,45-54,3050,2026-09-06
6c379263a9ce42afff944cef78aac879d587946a01418a77c6d1ea4cf4ce5953,Bronze,2025-09-28,55-64,2211,2026-09-06
7a47de58abc7bcd6ef1836e7a5b8a48e0b9196670354f89c0e3c7308481afaf0,Silver,2026-04-12,25-34,2210,2026-09-06
abb9e158bc26bdffa573a526cb7eb2117b91bbf0eb5dfa62d2e0c6b3a75bc375,Gold,2016-03-18,65+,2211,2026-09-06
a301ea2d7eaa93aca27d7c4ca9f198bfb187dfde25011dfecaf3a8a0460f7e39,Bronze,2020-08-30,25-34,3050,2026-09-06
e0e0df9f6153ec633a25dc0d2c13f1ccff4150d5d52303c3e303da9a329b09df,Silver,2020-04-02,25-34,3050,2026-09-06
57c7676a7ad86702132633a58e4ec99e669556fd32bf472a0d174216e7a6d3bd,Silver,2025-09-01,45-54,322,2026-09-06
1dbdf00be152678cc7726d5776083f79ea4ebb0352b1ac09cf7ce083605f05f0,Silver,2023-05-19,55-64,317,2026-09-06
196710aa5789d5beb23fcd762304ae3605e4838022ac3ff0bfd6da7f448d9dcd,Bronze,2018-05-28,65+,2211,2026-09-06
b5c678155512bcc07a748a0c8ab18b32af19dbdb43d9f7e934091f452cb8ecdc,Gold,2021-08-17,25-34,1107,2026-09-06
c9cfd1654b6fe2eafe1e3bc542aa69f6f456f8d7f4f3f38acf0605420b9895f9,Gold,2022-07-26,65+,1107,2026-09-06
3729dc6675d26c6ef4f868840ded90bb6d10a2caa5dcd6567be5263a0379f849,Bronze,2026-07-24,18-24,1042,2026-09-06
bf9cb4a6481353558c3f13edb52551bac1b616c0768fe0c98a4636a03f6f3c78,Bronze,2016-11-09,45-54,2211,2026-09-06
d570cbab192df410c2ae2ed6b814a242d81693a4503f5814e9343cf6e5c3b53b,Bronze,2020-05-26,55-64,1042,2026-09-06
704a1a95e72cfc0326a6c5b59d421f874831d73a7d48ce2e9e46f24076e94dac,Silver,2025-05-23,65+,1042,2026-09-06
c5d16ffab5eafee53304c3ab52aa52adee4c3b9955f6d3873fa6a3cd7c3cc672,Silver,2023-07-09,45-54,322,2026-09-06
3ade8c90a2d6392abb4033e41d1d1f3b5038d468b4f2fca78d22ba44600144c7,Bronze,2024-06-02,35-44,1107,2026-09-06
ec919006cf27b406100b8d39af61b3a2bd1732e9945e62bea13c0539528f9178,Gold,2018-05-14,25-34,2211,2026-09-06
2a790347eefada234cc2f5c98662be24a43802fdbddbf67360e520f3a971c93f,Gold,2022-04-15,25-34,1042,2026-09-06
70c15736cafd63d4f213cbff9d93289035225dd3abf6dcaf26123af7b870e1df,Silver,2020-03-30,45-54,2210,2026-09-06
3ca931b16fc47a304e17b36da8d1f96ef21dc9f7080332f6ad969fd65b1b67dc,Silver,2019-12-25,45-54,1107,2026-09-06
4aa1a93df0818369f2dc823c0a4df3cfcb959b26caddf1117d0b1e54f7bec52d,Bronze,2020-07-02,35-44,1042,2026-09-06
64a7f1d94f789532d90c80f519b026a505e5877ed49a543fdf8ea8aa8e463598,Bronze,2015-09-29,45-54,2210,2026-09-06
30182720eb7325b6b64299480181bccd50f113dd9d8f461f209eb6f631dc45cd,Silver,2026-03-11,55-64,2211,2026-09-06
6e2adac323879df7affc9f47c7062df5b93cdf51c2189f7c7aa63e0c57d6ab16,Silver,2021-11-30,35-44,1107,2026-09-06
cda36f7c2bf6e292afd5b1dbd6741ffb41cb5be0b284d8046554282637c7d237,Silver,2015-03-23,65+,1107,2026-09-06
f7dc8642d45085e0d9107ac8efc389aaf00082ea6e595aba941520174bd2e67b,Gold,2015-08-05,35-44,2210,2026-09-06
d27a0ec08d26dae70ba27b5a03a6816aa0ff2908c5df510bd2ed2ad1a071b164,Gold,2015-07-21,35-44,317,2026-09-06
39e0e02a337042769f342dd3273886e404eaf629ce9ff76370d98b717e52c75b,Silver,2020-07-21,65+,2210,2026-09-06
e6c50cefae82cb1ee145b358587f323311b56097d6304bb8c6b6413e5f80c01c,Gold,2020-12-23,35-44,322,2026-09-06
280120acb90c31f76ab6cffa53273609188676b5f1b6feee86a28c2f0f273ac1,Silver,2021-11-21,25-34,322,2026-09-06
d1efe82849f29f443b5af74e7f1c677c96dd051c1e2eb64d9d93a98970614fc1,Silver,2021-12-08,45-54,322,2026-09-06
7858ec9990add9563bcf5656feb8d7db46e78f8c76a55bbf9fde880b48fa1c54,Bronze,2021-01-10,65+,1042,2026-09-06
72e71c2164f3ac29c0aaf7f35725e3231c43b572d3d23fd94a4adacc92390ad7,Bronze,2017-07-23,65+,2211,2026-09-06
48d7892c8acfdbbdc79937261d402ec5a27e74149a03b076b6d8fdf500105e95,Bronze,2023-06-21,65+,2211,2026-09-06
3056a5b30af083ae0731d972721eaf00772ed4800b31c193dd247d86e1e64b80,Bronze,2020-02-12,25-34,3050,2026-09-06
74e7c93b94a538db117d7cea6dc768a278cbc0efac862e35fd36ca92662f5c02,Bronze,2015-06-03,55-64,3050,2026-09-06
5693a250673c2792204482fe4cfe97d4b3188040b3c59b3db59bdc515e5522db,Bronze,2025-08-15,55-64,1042,2026-09-06
13a17804e695aac194b128b2ec2f0f38884af684634a89593dc23266f5f94b0a,Bronze,2022-07-27,55-64,322,2026-09-06
c2ae721d443593b5198743869c453c027648977a60a9258a47a00f73c4c905ae,Bronze,2022-09-04,25-34,2210,2026-09-06
0e86c91da8855beb4d4301e087a6543f486d6ceadb37e10d9d884230ab2a80ce,Silver,2019-10-21,65+,2305,2026-09-06
758472a78b25c6dfa4de80c5bbfb60003fa6948fbef6e72e8e3faea00da16abf,Gold,2025-04-13,65+,3050,2026-09-06
473ba1a59006f86b53f49856da8c8959fcc77642ca21c047df2332508e40adcb,Bronze,2015-09-15,65+,1042,2026-09-06
8cd93485482e52ba2b0b316ecd6af8b8f7d1eb0c8d4b6eede66226f719d1cd26,Bronze,2020-12-24,65+,1107,2026-09-06
4575ca4a9e45f5f33bdcf25caa5784b06a1b7da102971e12697795a9367e1471,Silver,2024-10-10,35-44,317,2026-09-06
9a2f487ccc377221d2e2055bd363adb69a1237638bc1fb020ddf91637e0b2fa1,Gold,2021-05-23,45-54,1107,2026-09-06
998f0a585f0c894e944419a1d9f9e0cce173130c0005239b029bf13b91d0eaf5,Bronze,2025-10-24,65+,3050,2026-09-06
b8894ac4d4df5cb4e2c41aca58d2a4260a1d1c20843d5c456823ad3261602799,Bronze,2016-08-06,35-44,1107,2026-09-06
2c507a6d70915a46e653376861d7e8054868f869a1236ca8a13dfc13859abef7,Bronze,2015-08-01,35-44,2211,2026-09-06
d0eb69da7bdabd25679ad91751558d26441b08fba1fe1a7b6cbbd06cb067cc63,Bronze,2023-07-22,35-44,2305,2026-09-06
1774efde2b4b4b6709edf76593a941b943811ff3030b9246cd91e6045e214688,Bronze,2019-04-12,35-44,3050,2026-09-06
53c46ac9f14be624d05ad777f8bfdf7f801916979259d5783becd3cba43a1b5e,Bronze,2026-02-24,25-34,2211,2026-09-06
f3a743fce5c0bd145f05407d625d3aa92107193aff8d91cad818641da83bd5a8,Bronze,2026-06-22,18-24,317,2026-09-06
d8f61e7c5249579b8a3fe6d3845322ddd262efa1d231a6ff532004c656a1f882,Silver,2023-10-15,65+,1107,2026-09-06
b3b241b216777a6c222ac4fdd0202fd5418e59d594c298615ef6a0ecace8b811,Gold,2015-12-10,25-34,1107,2026-09-06
a7e2028fa200f3c538f92de7ec905029b30e70a37b6250aac06cb2a6e477597e,Bronze,2022-01-18,65+,2211,2026-09-06
9aa062dbac03715b3b9974952a2a3d2d2bfd4bcbdeaa65d28b4cb5fd6d33a521,Silver,2019-09-13,35-44,322,2026-09-06
d21ac882e792a2f301b8c0dca1f169023c7bb07f800eff31dfb3b940b536afef,Bronze,2023-09-08,55-64,3050,2026-09-06
bce87f49b4cee4e1654da9ed8f6cc4b5372d5426f277358bb992fb9f94e15227,Bronze,2022-09-11,65+,2210,2026-09-06
fa82173b4efd273ac8ba0f5463c8a4b9194b45915d67a3d72728f0dc83d7c48f,Bronze,2021-12-27,55-64,1107,2026-09-06
51624663db9173b5bf65c6a12c6ac7b3880ba87088b1eb09a3aac2ce7af9bba3,Bronze,2016-07-05,55-64,317,2026-09-06
1e14f28ef4d3dc42f4c14694520c6d011745d8db627065e4253c74f79f56d32b,Silver,2021-12-26,35-44,2305,2026-09-06
5b6811a55040dae336ccb33238f0186ca5c2718b1f1f98d9542a8b7e49e48bc3,Gold,2018-12-10,18-24,2305,2026-09-06
7cdab595f8dec07a8929082a74d41452f942799c532865c384b3031e404d9347,Bronze,2022-08-30,25-34,2210,2026-09-06
6ac334ab2a10dc71bcd53281ab0cb1436db20df4e3a742058d422595b33cda56,Bronze,2021-09-02,35-44,2210,2026-09-06
4e4c0900bbf15110d4eeb12894c071f0b19cc44b70f71fd7b5231cbc3c67a91c,Silver,2025-02-23,25-34,1042,2026-09-06
3b76ce08a76aa4d2f1aaae44d479baf78ed0f15b393ea4df755d6bb3bb28df5c,Bronze,2023-06-22,18-24,2305,2026-09-06
27c6f74e437bfb7bb50a6c7cd438f94cf533b939d01f682ae1b65e2364a0aff0,Silver,2025-09-26,25-34,317,2026-09-06
0a0448a7e7facf9ba2d301509af0f03c966e1982ef958ed604bc400dc19eb007,Bronze,2018-07-08,45-54,317,2026-09-06
52e93cf0c065fb231f7ee88cc5056059e8e7e114f811e545bd48fd9818295284,Silver,2016-07-24,65+,317,2026-09-06
8f67acc890f46f497ef5e532b80a3f890513959b3a57dbbe28fc36abefee9be8,Silver,2021-07-18,45-54,322,2026-09-06
2f7f45007dc78be471dcda28da072669a4f2bd5fdec960d2ed806341dbef2085,Bronze,2020-07-11,45-54,2210,2026-09-06
a71817418e3a70807dd6efb429cce45ddb63c12bc63bf034c1a6ba7e1736e65d,Gold,2022-11-25,55-64,322,2026-09-06
bf24ebef2b3b8f4ae9d735078b6619358a1119ccadb9c6e5e8f179adadb5a1a4,Silver,2017-07-24,45-54,322,2026-09-06
34009a77120e051da1e8cc34b1eaf724a804ae2ddbe610aedb527dd954cee2b6,Gold,2017-02-23,35-44,2210,2026-09-06
bd57c46ad1f7a5c6de4324d98ab3dcb423c13258b79feaa4800b7bfffcc7f3d3,Bronze,2022-12-12,55-64,2211,2026-09-06
f2939d03efba73a4352bba4f3ecc01510488814a03df914412a3b5a2978413c7,Bronze,2025-07-19,65+,322,2026-09-06
67b808f7214c6ee1395ae470e501809d45fb587e543fe46825af9c79e118aae3,Gold,2015-12-17,35-44,322,2026-09-06
ab48a3b7f80edc265d298874e185ec7d8af14b57eb6427bf1782fad1c956b5a4,Silver,2026-02-05,35-44,317,2026-09-06
dfc5be205dc54bfcfa66965454dd720c43a0b5fd1b27e035d97a2c9a692b3585,Silver,2022-02-22,55-64,2305,2026-09-06
4563db25ababadff894770f3d5334afe51e5f302d2fd0ac93ea9a01845969e54,Silver,2022-12-13,35-44,317,2026-09-06
80d6798ecf4f6f17e6ed856da01a56b34ee6d654bc705884d785a646ab92dd99,Silver,2025-06-19,25-34,317,2026-09-06
28c70ac47c873960e8e8e375628557452b393f0ef749ac7c40656495d7dbfe27,Gold,2019-03-23,35-44,317,2026-09-06
cab26284ceb41632c84c8db88769ee276fa16134657686d2f9fc8909c6b43c74,Silver,2025-03-13,25-34,2211,2026-09-06
f5e30cc9e44d1507ab727e7cb2ef0e63744eaaaacf276d4013e476d5503aefe8,Bronze,2020-05-10,55-64,2211,2026-09-06
bfcefcc38194c1aedfc7cdd31d5fb01e3f27e12fad8cabeac00896701a79a7b1,Bronze,2019-12-11,55-64,317,2026-09-06
f9be91fc22011e28ce0bd517d33c2c5422859365b3d9c60ef54a2f21f1d3ffc5,Gold,2020-04-14,55-64,1107,2026-09-06
3f698b523cc6cdd4296d28594a12d051c4e38d8432457d34799dbc7fc1644bde,Bronze,2017-08-02,55-64,1042,2026-09-06
08b12df1075ee3ecffef48a937455ea491512416d73a5abb628cb31062072989,Gold,2017-09-18,25-34,2211,2026-09-06
143cf6b840f77ba766d70dd5b739282248181b2074952477be6d6d0d5063cb65,Silver,2024-02-03,35-44,322,2026-09-06
d9baf1dc1ab07cc969a763f7ba2e9c81eae6278b28a6a4cff74574bcc4eb06a3,Silver,2017-07-21,25-34,2210,2026-09-06
e462ff3266d394b3d03386f4e505d005a32c5ec00dcb0f2d3b70851e8c2aab9d,Gold,2017-10-09,65+,322,2026-09-06
99e8ca4f3a4dcaac92b49fe37fffbaf1ba3d42c2d9b78791f80c1d4083281a2d,Bronze,2018-03-18,45-54,1042,2026-09-06
eeca5aeda6b5259c6b03513b4adb42c57f5bc20fa15301992514f020f1273e90,Bronze,2020-08-17,35-44,2211,2026-09-06
a98b0135c70fbefaa9dded14bb1b8900ad5f4c7122a774ee4bcbf1b12ffb07f4,Gold,2023-01-29,55-64,2210,2026-09-06
a2954dfde3e1bee73aaba62e023e6dc54ea8c74b79c0ef8938cf8d1b41d93f9c,Bronze,2022-12-08,65+,322,2026-09-06
5cf47b2e473317c446810e1495828b461a01a24512818056589052c32b65ee52,Bronze,2017-12-23,65+,322,2026-09-06
0e8fa3b65a8ea47a8841f73ccd525b4d6b1b06d8bd26835651a424f21c8e5810,Silver,2018-04-30,18-24,322,2026-09-06
0ce46cd6c689d09c5155f27bf618cafb5fea6b8f1de3c404e352472e342fcb40,Bronze,2017-11-11,45-54,3050,2026-09-06
3c7fea8a1d06fd3d837e7a5ba73b6eba9e4473c48529dc658506885c505a5842,Bronze,2018-03-15,25-34,2210,2026-09-06
d5ea37ee391ce6d7df392c45001142647594889f2f65900f81614d13867c15ba,Bronze,2019-01-20,65+,3050,2026-09-06
6b5668d96f907d7b368700e5a4058514e740074f0897118ddecea92fc2f8c04c,Silver,2017-06-21,45-54,2211,2026-09-06
af6d651b0d3ed1a0c052e4f785c0311a44f20f016cf667c8ef6c5b80196f77af,Gold,2023-10-28,55-64,3050,2026-09-06
eb11677d8111e0885a78a773e51d7b1a2c9fb0df2a78b2fe374730425f4a9750,Bronze,2023-04-01,25-34,2211,2026-09-06
56a4620731a189a50196ad1d8efefbf36e84d7aef490f2ce47f5b5c3229bfb54,Bronze,2018-06-26,65+,317,2026-09-06
19a0cb62358e14927f00848d17883133b480e4ea5f29a5e00076fd174a11be45,Bronze,2016-11-13,35-44,2305,2026-09-06
4ce61595e0a4d21c33c540d71623192464f1fd412ac325508b6e2b836559e756,Silver,2022-07-07,45-54,1107,2026-09-06
69c26f251b783ac6d37d8e6082817635237a5c780d4590f619b67313d59fc0f9,Bronze,2018-11-21,45-54,1042,2026-09-06
d8d941e5b56d7415c41ebb6e791100d5e1a8547d7bc5242ef1a61c80cf7f31a1,Silver,2020-08-08,65+,2210,2026-09-06
7f356b5bfca7b86dc8054a36b5fe2454138c38e92b9bbc2c43a834ced3e1356a,Silver,2015-02-08,45-54,1042,2026-09-06
a09258bc90f97a84f82e8e3be1f0ada713ccb84e377fb78dc7be68d427dd998b,Bronze,2022-12-18,55-64,1042,2026-09-06
ba5a1ef7e34eab5baa4032b9a3389bd8f80dd9a8bf3ac21b3134655bf68f7e23,Bronze,2018-06-21,35-44,2305,2026-09-06
6dd2c18fbe13b31ed666668ff22e6a23893ecc1ba69a7782d77755624159b02d,Bronze,2023-09-04,55-64,1042,2026-09-06
7b941c3c7960fa682eb2b3d3e69f8242f1a8b7361fc1a5e7a23e82c656ef3670,Bronze,2026-03-14,65+,2211,2026-09-06
4cd188f358faf311f2f839a239717b9b0f83ff9977f466f051b901e0ce7a98d2,Bronze,2021-12-05,25-34,1107,2026-09-06
77f23a2b6c61efb7eb01f59755839cfd0648247f530cddec3a063e19294c56f4,Silver,2026-04-12,65+,2305,2026-09-06
6737428e9fbd4afd8960844d9302163c6529447adb87ab6e23c4e4dfe4666089,Silver,2015-12-26,55-64,1042,2026-09-06
30461ebf912179d0ef7f135e6369162d6b89cbf8626aff47c257bc5ba86e3df0,Gold,2024-07-04,35-44,1107,2026-09-06
fc807611ac48b27ef2dc86be9f242e6ec5fff3d1bd694db2cf0a1d75eeda039f,Bronze,2015-08-22,55-64,2305,2026-09-06
b87481ee221176f692c5cc2773b869df68284b648a94ac050db04fecc6394fdd,Bronze,2023-07-10,65+,1107,2026-09-06
516a9b407414639ee81dcc17ece88372b7ca0c5b69f2a61bba22fddbd3db44b3,Gold,2021-07-15,65+,1107,2026-09-06
a58cf75806ce423d85cb35918d607f1a56ed89d2720c3420790668e5b3c979a4,Silver,2017-01-23,45-54,2211,2026-09-06
f65127c73b88292389b79b56666a2a7eb86f803474440029a7e19e8a9ed3c584,Silver,2021-10-05,65+,2211,2026-09-06
3803fb8e3c138413542f90456fa66cad3c89a340165f8a59f3d63a7396a2068d,Gold,2019-07-28,65+,317,2026-09-06
626a56f9ef8fc712690e6b1bd59ed43c5798527d31b769004cdf0bc45e161e84,Silver,2024-06-14,55-64,1042,2026-09-06
e0c32699baffefcbbbffb6982303d3a9e2d0bc14c959855ad20f10db0e72c090,Bronze,2024-04-12,35-44,2211,2026-09-06
5afa87a99d4b10d05cad839a26a15f5b8eabc4524e57b0712f8458935e36972b,Bronze,2016-11-24,25-34,317,2026-09-06
faf9cf29f4bbfcd0913f3065b7d493796fdf33f95ebb826fc98314b010e3de23,Bronze,2025-06-25,45-54,317,2026-09-06
f085d873991d1924fe42077b329ed7d8c66451f26c2fefa6e5f8fb23807fe630,Silver,2016-07-23,35-44,2211,2026-09-06
5e8c34473c309b2603f481f3ef9b7db5f2ec9f4713fc7a9b43e9903d09f5d8ef,Bronze,2019-02-03,65+,2305,2026-09-06
5346fb4b1f9c4f6eb8bb9aa60984c1d0e9e9bebe8ec8c315fe9d7450c810ed0a,Silver,2024-07-06,25-34,2211,2026-09-06
d0c566da540e87067919ef94443d0d8693378b5f74d7b0b404e0cd4711d8f5d9,Gold,2020-12-29,35-44,317,2026-09-06
6113e136969666cb85bef1039ced69ec53a5f00524932ce9fed3cc1f9a61b56e,Bronze,2018-03-19,65+,2210,2026-09-06
9e35ef8b6664b164c449f7e833782d01878d88f330935e235d40942309c77a44,Bronze,2022-01-10,25-34,3050,2026-09-06
fe134eea68438845c418f78aaed4ca6beb68ae4074f484ab27d84e1d790cd386,Bronze,2019-06-16,45-54,2210,2026-09-06
56297160a0611d6655241856bb112762cde5f731f7e0d9af63b222e7ed4c3963,Gold,2025-11-04,45-54,322,2026-09-06
9d74a03c4981cd1c9764594ea46ab069ddc1aee61550f7d5ed53e3b888bb14ba,Bronze,2016-03-15,45-54,322,2026-09-06
1f4e1e05641efeb11314355ad960b2c0cec79042fbb89b53fa5a600dc0a3e288,Bronze,2015-06-06,35-44,1042,2026-09-06
2954eb5c023638cbba6532012d55accb9d707ee9ae3271517fe70635b3ca3ae9,Gold,2022-07-28,25-34,1042,2026-09-06
5cc9bad4f896f3b146b2876884f53d644e4ed0fbd60afaf346467b22e3942f41,Bronze,2016-08-19,55-64,2211,2026-09-06
bdfab100bbb264b182ea5a8b90f4bda8f3f6b5aaeff6ac604434c238d78e1d37,Silver,2017-02-13,25-34,322,2026-09-06
900c681c7e412370eefcb6105456f1e23771e792e0750d00f4f324564a4baa57,Silver,2015-08-27,45-54,322,2026-09-06
c9288b83ce90a90eba5f11641d3e7077c44f591b37f54dfb92ab7112c252fa43,Silver,2026-04-27,65+,2305,2026-09-06
160c9c2bdd71976d2eed14730aed0b6f66793964ed852b183264f3ae57304f34,Silver,2019-09-15,55-64,2305,2026-09-06
e0eebfd972cb0b24bc3e55f35c2b873024d97de6882d950dec8dcbad4b939c15,Silver,2024-07-03,25-34,1042,2026-09-06
e2db14be7039e5d4e97e5a6c27e530685bff4739970ae78e17f278397070515f,Bronze,2023-10-06,25-34,2211,2026-09-06
cd92a348cec247028f9244469eecf99aa0f1a1dae10842218df6c3dfb49be9ba,Bronze,2023-06-02,65+,1042,2026-09-06
142ff5967cdb9125071c1563e85f905b10279a5749a1dbb048e9d36badb96f65,Silver,2023-08-02,25-34,317,2026-09-06
0ebbcee370ab76fb23cfd7e3e60a249f1b1b7a2ad8feb11b4e98b192aafe3444,Silver,2017-12-30,35-44,3050,2026-09-06
30061c78b8bfd6d1317eea1b79764bdbf8c2cc2b643e27c76db7b39b30b87319,Gold,2025-06-17,55-64,3050,2026-09-06
50b7592e667c511d812ae8328630e178fed5bb40657b6f7d634ba3658bcb3ce0,Gold,2018-03-04,65+,317,2026-09-06
65a2589fbcb4e3b1819323e8c5aef2457cb36db349c722ce4e371bb5fc71a7d6,Bronze,2022-01-20,65+,1042,2026-09-06
a796b3cab007789cc79f60ecab7eb4b5bd33b3ea33623456814607d25f2a05a2,Gold,2021-05-19,25-34,2210,2026-09-06
154660e407233ddb4a4a5b7a226f0e6ff1b2fe59daf89b17a6d91d8bb9488e3f,Bronze,2018-04-05,65+,2211,2026-09-06
ff2301900076bb9a5f794773a387ef5a5c879bdfe25ac681b6a09eeee616f175,Silver,2020-08-10,55-64,2305,2026-09-06
fdb81be7823f54570bd8fc8e860a98fc43ac3f74094756987539fe886e52467e,Bronze,2025-11-05,55-64,322,2026-09-06
0b8e0da037957e5cd784ea043db6c7c2da588460cf480f34f2d20609aa3455a5,Bronze,2020-12-30,25-34,1107,2026-09-06
b742b43f30013a823b6eec0b2f162473fb6a57b72cec027f322763ca9afb9756,Bronze,2026-01-13,45-54,1107,2026-09-06
1084d58fb1eb11b0a4cc54b9de4e84e6c2675164e9250678bcad8fbbccb9e7a2,Bronze,2015-06-16,35-44,1042,2026-09-06
0ff19ce048e6b84cf5c1c827621aa180a60ba7f70caad675b1b3cdae7d1073e9,Gold,2015-11-26,65+,3050,2026-09-06
2f09f8e225f49cb1fcb430523f8cccf1725f75f520441e7979fed1480dd46f1b,Bronze,2022-05-17,55-64,1042,2026-09-06
1b7df1708822a597b625efa5b4b36719d2480db9732caa82c06fa8ab6b484d9d,Silver,2017-03-11,35-44,1107,2026-09-06
c976ee40a086ce56b79618b915b823e579b367f24cb2e7a7a10c2e3a38c4e09c,Gold,2022-01-29,65+,2211,2026-09-06
401a9da94d2a8d2122d815f668e23277deb02c68314362db2945e947ec478213,Silver,2025-08-11,65+,317,2026-09-06
a6d267ed004c9d7aedf57031a6a123bb55463352041406063b73fde483fd7e0d,Bronze,2019-03-05,25-34,1107,2026-09-06
90454aff629922f3902fff4d8b2dbda0ed87174a2eda20a480879e3c25c06d0c,Gold,2025-11-08,35-44,1107,2026-09-06
21813666026e5f944a13c79d8a8e83dfcca4f1cb7eb7c3672170f671d44bfaa8,Bronze,2024-07-05,25-34,1107,2026-09-06
2bf837a76fdce4c8788bad03436b4a921b737f915e022f41c6fc958f6c526804,Silver,2017-08-22,45-54,1107,2026-09-06
bb53943568bc985e02c1d13a80cc1d88d7850297834b6aa4590a11426916b77b,Bronze,2024-10-27,55-64,2211,2026-09-06
d7b9416853a14ea58282c185618400d09162514f0061771c330bc51d9a05eb1a,Silver,2017-07-01,65+,2211,2026-09-06
f5a66efe7e704e397effb7419b0a64cd0b8b2e44c5805d0562f46e8b6234a3f6,Bronze,2024-04-24,65+,3050,2026-09-06
b578e0f6686d84deed8e5db52a45626d87d80205ac06bbae715a19e0ad3c4ecb,Bronze,2025-11-27,25-34,1107,2026-09-06
4e8923789bc36e74977b5fba01516b5bb8b1180a2364369c2030c6f830f34e35,Bronze,2021-08-06,35-44,2210,2026-09-06
ed78115896bfdc1de46e8f322e340d947034b9e620f1abe8901f169bc4da3878,Silver,2018-08-03,25-34,1042,2026-09-06
3345ef00f13808ad5a050e9248fc6d5d3abad17b95afc8d25f41e457584086a0,Silver,2020-11-10,55-64,3050,2026-09-06
57efbc89c7a6415b1c212045c62e0707ea297e6baff8a6d1b5a591f4c69354ae,Bronze,2017-03-12,65+,317,2026-09-06
4b4191ff9028b1b634077062c0d6816dfa8c5f61b1b551e912039ae0511d54ae,Bronze,2016-10-08,35-44,1042,2026-09-06
67d40d524749d802cb1ea81dd7667b3b23b3fe3013e5c5ac33139703a7d8cf0a,Silver,2017-11-17,65+,3050,2026-09-06
7ea7d472cfb9f1dce6e3e1159a65623c37b47212d4877fb28f04add8db704301,Silver,2025-09-18,65+,1107,2026-09-06
dcee19f26ef8c3fe5b8154c527de47a2dd24751bbf369f931ef32f134d4efddd,Gold,2023-08-09,65+,317,2026-09-06
223369a6dbbf78a4925bb5560f9ec2fa3c5f331fb48999941a9d9dd931c158a0,Bronze,2020-09-22,45-54,322,2026-09-06
df939ab4362b98bf18af6df00393377373edba7501d7fe4a3ae6b0f47b3f0eb9,Bronze,2024-07-26,65+,2210,2026-09-06
66b9dabf77e9b6f7c9f834638cbe750b6ce8d2eeb92d972098dc5aa7a54e63f8,Bronze,2023-09-15,25-34,1042,2026-09-06
4819c6c896818ab50fbef1b2cc4365bf2a47d3ea65ce0f421f8e6ec0cb30b781,Bronze,2026-06-22,65+,3050,2026-09-06
3a724460434c3f969878eb0fb53d73f654987681e64294c76585416c5e91ae0b,Bronze,2017-06-17,65+,2210,2026-09-06
4e1f9bdee0865bf127f61052f2e65fd3c9236c2ad142102f40f042cb6cb6cc60,Gold,2018-01-23,35-44,2211,2026-09-06
7c0f79845cc05b2306ae3889125a7aee3d969869f153a5c24df79b5ca7b15aaa,Gold,2020-10-08,55-64,3050,2026-09-06
167839f319e515dc1219b3f211eac710f9fe83c0b4240b431962b1236c58f26c,Silver,2018-07-05,65+,2211,2026-09-06
dae1b876551e5954625de8911cc7c20ce9e86d51264e76e2eb59527225aa2efa,Silver,2020-03-13,65+,1042,2026-09-06
8899ce1b1644e1c5b39256abe9d6c2cd24fdb2c2a12b640892c78552114a9f43,Silver,2018-01-29,35-44,322,2026-09-06
7bbe9fd5ab345cc98903d4f81246b2c707dac83a0b04d89ffe30a89cfda58874,Bronze,2023-07-21,35-44,2211,2026-09-06
2e1cf7e928411500f1dcbd82ba481cdb18d7389df760a7f0301102140d97b58e,Gold,2015-01-13,65+,1107,2026-09-06
5cb2c62010fa9a0d0474b2867c69cdb133e94d5193f7747bdf1c38fb43767c12,Bronze,2025-10-31,25-34,1107,2026-09-06
6d44bb39eedc03cd3169999572d7f7cc85cfe5975cf8638f8490a544a13a0c3a,Gold,2021-01-08,25-34,2211,2026-09-06
9ac8ac7fe9cc1dc937c9ba4a0302b3dfc1367cc67e949faf15c753bd9cb8f08b,Silver,2015-12-23,55-64,2305,2026-09-06
1625fb17930d01d98f773d6f8aa70645d60d0cbbcfc72ccdcef85637c8d7dc1e,Bronze,2026-03-07,55-64,317,2026-09-06
a5806e1beb7ea7d5e2c07a9438dae5a18510a93aca841d8a60f3d3d9c62a55f8,Bronze,2015-01-10,35-44,3050,2026-09-06
255cfdaaab735cab6076274b27cd9d8e72ba5b6ca0bce02c4cda973f74c6e363,Silver,2026-06-30,65+,2211,2026-09-06
b56cd77ff572ab62547f8910587ea55f4534325c2ca6a8ad9a6d4b4e62ac3a98,Bronze,2016-03-02,55-64,2211,2026-09-06
651017b8d485a276caafc03a3eed3f09d939b5c7a6b9fcc246aef13ff7466d5a,Bronze,2015-12-07,35-44,317,2026-09-06
e7602a4d8291e8fc6c5f0384f3b98255e14f230147cabd090ef2ae1747c2d459,Silver,2016-10-23,45-54,322,2026-09-06
e69a45570fa1014112d5846e6e7e743a0b43b59866981c26c8e46a0c0794ebed,Silver,2024-01-05,45-54,3050,2026-09-06
48e5b27d64761a691a32c2ade8a6a862104ad58b73d826936b34e465cf8aecff,Bronze,2016-10-09,35-44,1107,2026-09-06
c38c08f8312dd3d2def91c3fae678c15c451e269dd0e65c27919bb2486eb42be,Bronze,2017-01-11,25-34,317,2026-09-06
62e7ec3c885d19ad85edf128471bb82258a8457080b8f8bc7b38ff5f0c8c8a77,Silver,2021-04-12,55-64,1107,2026-09-06
6f2864d4259ef7657a26db116b8ccd72b6d354395b1a2e67ad79e221d9e1304d,Gold,2020-11-08,55-64,1042,2026-09-06
9bb85f384dc299c87302e37f714444eda5c472c74dfe8f7106dc8430442c3782,Bronze,2019-06-18,25-34,2210,2026-09-06
ed405386bc9c6afd2ba32723aa2c821b31696ce7f2a0f580362ce76118033afc,Silver,2024-11-28,45-54,2305,2026-09-06
198f283817f9f84d2ee1d6751bff4b35c8603a62e55b4446d3bfce7ebef27b28,Silver,2020-06-22,45-54,3050,2026-09-06
0e282dfa17735cbbf252dfa693468587ebcb4eb85e8028aa11241f34eff150d8,Silver,2023-06-14,55-64,2210,2026-09-06
87accc0f5bb7e88235a8ccb1226faaf53ae5e55d82cc74141f6254fa3fa38091,Silver,2020-07-24,55-64,2210,2026-09-06
74d41efec3a19e2b3618174e49e45e0b2d0159107bcae7ac89caf70eac6e2cdc,Gold,2016-08-07,45-54,2211,2026-09-06
709947cb20ccc8a7d09d6c003fa3f33b473b2df750e30ac0a4789398bcd06903,Bronze,2020-04-20,35-44,1107,2026-09-06
b271f172c53574c5e59899e13b5da0e8bbf9dc0bd7b36d9804512bc80da42798,Silver,2019-04-19,45-54,1042,2026-09-06
2d11f983848389c93d51f25f91f8aaeb927ee8d4b20f36a62ed76b2aeb27fea2,Bronze,2019-06-25,55-64,2211,2026-09-06
01e10f3eb39b57d46824f5695f5fb8b46c64e5112182636ff23c273a366d016a,Silver,2024-12-01,55-64,2211,2026-09-06
4aff40eaa971709a2f5d01d1703ddc433f283e4b8621825b978c0e4ec89c4b1a,Silver,2024-06-19,45-54,2211,2026-09-06
74ca2cb5690b3fa3ecbb6f913ae35cb945e460fd380d5723c31a63ad1fcd617a,Bronze,2025-03-23,25-34,3050,2026-09-06
c8cece30a4f7239c877ccb3d913e4c749d33927067e9c9653188ee036267c497,Bronze,2025-07-07,35-44,322,2026-09-06
aa60c5554afbfbed60dcc5cf17334110da5fe21288faebfc0526354829b0df5c,Silver,2019-04-12,65+,317,2026-09-06
a671882cb2885ae5bef0d89cb7123203b08ba656726af546a408a0f0c5ad447a,Bronze,2022-08-10,25-34,2305,2026-09-06
490061ae965fdd0736c648270c8297c9a8615dc92d654211949f338cb33cbd9a,Silver,2017-09-28,45-54,317,2026-09-06
d67e702095dc0e806d40a7fec23d9318f41de274b9882ccdcea71abf2c922447,Bronze,2015-11-30,45-54,317,2026-09-06
9b993dd4a433468d05900516a70d2a0f812c142582b207d90a1633a801147f46,Bronze,2018-11-17,55-64,2211,2026-09-06
80dc4c5385fec8ad7074ceb4fdfc55e46fca71b2cb1b1690dba9256f8986e700,Silver,2018-05-06,65+,317,2026-09-06
b61dd5c85fe74b0e9a88f88483753301193c7efc398a1a2f64a059d1c0d03df5,Bronze,2026-08-12,18-24,317,2026-09-06
427dfe7f3b707b056d7899d828e183f7eab31a6c201fed349c3e875829ac74d3,Bronze,2023-07-13,65+,322,2026-09-06
6a9fa071579112eceeb82ce328aef46b751eb6b2b3d526b8dd40bba71891d6b5,Bronze,2026-08-31,45-54,322,2026-09-06
be5d6c32e7d4ff820093ab62641abf92446a5a2ceb5e1a57c1f8c3c349f4ff65,Gold,2020-02-07,25-34,317,2026-09-06
fd33f7132333ba558a3a6539009627f7b570507a004969344965a983a45ed160,Silver,2023-10-08,35-44,317,2026-09-06
c57ab2251b93da7946aa899f602b92dab27bcee30ba83abd702538d41419aff1,Silver,2019-11-26,45-54,317,2026-09-06
39ffbe2cd896b28ad30f7e36cb97a439f423f05690e01d05fe2e519e2575c223,Bronze,2021-06-22,55-64,322,2026-09-06
dfc568931d2c9142a11da494836fd1a5fa7071fef3b2c772b580dd9824c3b0c2,Bronze,2015-10-22,45-54,3050,2026-09-06
bdc3c96c2d1e0a74c5307af14c63d15649c4e763267b1b350b66404c3b82c1db,Silver,2015-10-07,55-64,3050,2026-09-06
d82fd54d088649cd647afa93b2f63fd069d3470bdf3492899b212fd9c143ee60,Silver,2015-07-17,25-34,2305,2026-09-06
3c0008bd64e48916b24e8085225682ea1f7f70e64616bc7f931a38a17768c594,Silver,2025-06-27,35-44,322,2026-09-06
17254f8ea2740aaec86e569bda21254a7b2cb43d1fd82dab3f9cb77bbd9782d1,Bronze,2017-08-07,55-64,317,2026-09-06
f7dbb24fcc273d68e05518494cb1904c81148e608a9cffb18f1d7973bdddc534,Silver,2017-05-01,65+,2210,2026-09-06
a2399b4d8577c343d232c5e7379d986335038ac23cf395f373243b4919d52f11,Bronze,2026-01-16,25-34,322,2026-09-06
0a35e6c87f09624e13c108ef1bd1ff765a13187862c9eeac0ff18b50d1645b29,Silver,2026-07-17,45-54,2210,2026-09-06
b1c7b8c42410242c8fb4f63eb3e56392d3481bb78b003100879dd48ddee287e8,Bronze,2017-03-20,45-54,2305,2026-09-06
4313f5535e5de7e0cee25d08cb0e2f3649701eff77bbf0068483b6d645ad4261,Silver,2015-04-27,65+,2305,2026-09-06
4ac4be1d9281f4ba22aa7a90f01cd63c98c8fe18de9707c8718c252bc184649b,Bronze,2018-05-17,45-54,317,2026-09-06
f0108b44e8c83266a74885ba45f837558ded025d2d97f6f8c0e760c9102c8c9a,Bronze,2015-01-25,55-64,1042,2026-09-06
31567953c2042c00887b5537a6bbe5ce292b5e7c01a5735a090bb759254790e6,Bronze,2026-03-04,65+,1042,2026-09-06
dd9fa6b24746e743a5d7fabae99d118c8ac704bdd3b0ef39764a72b9380d90f6,Bronze,2016-08-20,45-54,2210,2026-09-06
03be96a58c36210d81c4e762eddce5dcd9edee13041b8e6402d6da07c3755ac4,Gold,2020-05-08,35-44,2305,2026-09-06
59f02b9f087f6cfaa3c8611f3ef2c18f5c6b5bfa77ae36098d593f776a8e9d37,Bronze,2021-05-04,45-54,322,2026-09-06
90ab0984dacaa27b9a9337866cfbd6466e101cfa95f427af84b1633a7ff2a393,Silver,2018-05-12,55-64,322,2026-09-06
52223c60e72f7d57f41aad295ed3eed6696803ecfbce34662b8d21a006b979aa,Bronze,2016-09-05,25-34,2305,2026-09-06
2c0a3264f5d6c368999a8f8d1316e15634b6a678e7c1bd2ec53936f59be4fbd9,Silver,2023-10-31,65+,322,2026-09-06
f8079d1c50c85263da283eacdfb6008a046ce9e2ef3dd143d81af734a2695ac7,Bronze,2022-09-23,65+,2210,2026-09-06
c0a14dbdab83067846bcde6378d13d8d7ec7e779d7488eec3904783e06bbc524,Gold,2016-08-14,35-44,2211,2026-09-06
7181add88b4b55b15d95e6ef34a7baf4d37141292f5d33dcba79eceef39915ac,Silver,2026-02-23,55-64,2305,2026-09-06
9d8d352b65f40b9c2a352981d6577cf9f7d5ee735c7bd7818ce7bcda85ccf2c0,Bronze,2018-10-18,55-64,322,2026-09-06
7e63e816892f9eeed90e6d1088dd6c8108b1185715609403bb622be7e3be8b50,Silver,2018-07-04,25-34,317,2026-09-06
6622c4097eb531c04c863e5c32d36549ec1ab3bffa935ae77dddaed82d9afa81,Gold,2016-11-19,25-34,2210,2026-09-06
4fd00ecbda89b2e620370952a393b39df75a58f1d7cbdddfecd988f297a2416a,Silver,2022-01-25,25-34,2305,2026-09-06
f9068db3126bc819e4ec5747cc3eacbd6db0c5be5753f1b683982ca213cd8a9d,Silver,2018-03-03,65+,1042,2026-09-06
054c829d8b8c5b611ddff07787d390cbff7720cda53d52bae079a8c6d47f14ff,Silver,2022-11-30,45-54,322,2026-09-06
a774c6446024a022a59c4822d1f0d32db1ec5b7683974559578736e44a7839d6,Bronze,2017-11-15,45-54,322,2026-09-06
1b5f460721b10c7b8b73185f2ff28b8f00b859bbe7d185ce82db315241f0058c,Silver,2025-08-29,35-44,1107,2026-09-06
17aef4f7b2a17a951eff2d12dc4f1eae5da6780ee22957c2d2f7a60c918c461d,Bronze,2025-07-21,55-64,2210,2026-09-06
d9bb7f2d00b24b649b37d2863acde52728ec98aa34db18ac18bf1ba99a3144f9,Silver,2021-12-10,35-44,2210,2026-09-06
45706cbf2918c6ce07ef940363ee65c77538dba41151001daccc5a639595523f,Gold,2021-10-02,45-54,322,2026-09-06
f282c02ed8b0d02330a0b86ed301d09d9d57c4ac395aa8d8dedd8fdbfb7df4e7,Gold,2015-12-10,25-34,1042,2026-09-06
76999ad0b9837b4db8ab882c09ebd49e0643a56d90c98123b0da2a2d266a2670,Bronze,2018-12-26,35-44,2305,2026-09-06
5d88bd04a033f6d8e0ff780c8a110aa514933f0a9559f213850b806b2531c788,Silver,2017-08-23,55-64,2210,2026-09-06
40db54d757a6664c7ecbf5d36ee7e35e0a368637c6b0f439f3d4b65afc1d0640,Gold,2022-08-04,18-24,3050,2026-09-06
d14196f55557ebe77931863a3e57dfbd8b2aa68b6512fb4c095c05a8862b68b3,Bronze,2021-08-14,35-44,2211,2026-09-06
be0adc7f0e4f6dc8c29de5e6bc54a4f1cf869734b725dc7a0bbea3555dfafaf5,Silver,2020-02-17,55-64,2305,2026-09-06
67a47f68e873d345a0402f02caacd390b4346b64a21d57743b3db7051ed7a024,Bronze,2017-05-01,45-54,3050,2026-09-06
ec19cfce3e703b9b5556ee4e6a37475ba6caa49e6bbc49126abd8ddab84b948d,Bronze,2015-10-12,45-54,2210,2026-09-06
2b280f53b7fc1f55b6ce3ae6c911c8b896210a05704fa2e6728140ad932bc794,Gold,2026-05-21,65+,2211,2026-09-06
7e353e6b6c6ff9e7ba5c58812c01838aaa53382816891854eb814f863e9c9184,Gold,2024-12-03,55-64,1107,2026-09-06
35c82e8eda806be2fd128593d536cdd924629c5de71a44069522015f3b2ca277,Bronze,2019-09-24,25-34,3050,2026-09-06
22d7a1ff1ecb6dc3ee70e4571f939290cb545a0e1a9be80f95254bd890ea66d6,Silver,2019-05-22,65+,1107,2026-09-06
a2b5d6f0f509e971d64baaca8b19ea85e45ffd8015cf225b3540f42d1b5433bf,Gold,2020-05-02,65+,3050,2026-09-06
4bb015a1a030261fec67b1f7137f99ba088f20b0a41d1363fe30ce137bf6371f,Bronze,2017-02-24,25-34,2210,2026-09-06
57ae9f30b8ea8e604bb52d77f3d20a1cd23b8b2485274f271940146f474b58be,Bronze,2018-08-06,65+,322,2026-09-06
20684fb89653d9617e089ebebf864b86edea3a9a155ffcd2d38a4f4d37a44ef7,Gold,2025-11-15,65+,1107,2026-09-06
163f216c3465f18618a356375b030f35ea85a531dbd35af38b98118a3ff8307f,Silver,2016-10-29,35-44,2210,2026-09-06
a8fb353f4aefc8644c77f52212ea6277faaf3814e6ed7b8164e4fa56efab5557,Bronze,2022-10-22,25-34,317,2026-09-06
ba6e4b03a4711878636db061e18abc451c4aac9510354d252dc47e6fc705ef30,Silver,2025-05-16,55-64,2210,2026-09-06
5cb00f3a60999e1cfea9f88f38aaf94f4415ba207de8a0b63dd7fc6dfbada1e2,Bronze,2024-01-11,65+,2210,2026-09-06
5bd45b092841086e013d705dbbfb0418924a43b6431dd43203c47a2be5fe7fe6,Bronze,2020-03-19,65+,2305,2026-09-06
5967699bcc1cae60114733475253c745460ca3354d4def9a060273e936e9e123,Bronze,2019-05-26,65+,2210,2026-09-06
94b1ae2e8f6d3e195c20d8c1c5dee01f7d40e1c7f5a14f5ebf03ee0717743de9,Silver,2016-02-05,35-44,317,2026-09-06
99aa9d2244610b79c3de5d59a92ff3bf6d077bd611b23050f265e0c91d207d22,Silver,2022-02-04,65+,1107,2026-09-06
41e566b2be085b200f4424e8148c4ca8a3457ad6202598d7d35b9447a7e04992,Silver,2026-02-27,25-34,2305,2026-09-06
45b44db9f610b892144639df00df91763f37b9ad49863cb39a7d8d950468a97e,Bronze,2023-07-10,35-44,2211,2026-09-06
d07bd95801c0e325c6146d7642c767cee76b6bce17357720c209f97adcfd0126,Bronze,2023-09-18,55-64,2305,2026-09-06
4b352ce1d39c0b80cb4c8bcf4639e4e991d2adef17145da0e9562a4769cebce8,Silver,2023-11-27,25-34,2305,2026-09-06
e9e31ce72f25f78fde4e6a4209b33938bd2cd9701f87bc04b699360adf8017f6,Bronze,2016-09-04,25-34,317,2026-09-06
bdcd84231b589d525fb36f37f6a878dbc30efb51dc65548cd408153dc3264036,Bronze,2018-09-07,65+,1042,2026-09-06
ced5ce74b9432b23b5fa0936d38e7f0a0d543e62e41c149d2f976aa6ff6c5148,Silver,2022-10-21,35-44,1107,2026-09-06
3113701b573b4c36eac59bcc85873f048269e28aa5291070d81a6e6f3ca9d2db,Gold,2025-05-06,25-34,1107,2026-09-06
d7924d3b8d89a26ce881c7c9caefee84eb73905ec513cc71ff1e60993bac1e4f,Bronze,2021-07-31,65+,317,2026-09-06
7b7771f229832b5a2898fa7a1917fb47c79dfe5005cf51da23389a74e1e4f9cd,Gold,2021-05-26,35-44,317,2026-09-06
f33560788a13aee36e9ee6053f7b731497bc73a50878e5a9d0744688892e37db,Gold,2025-12-07,65+,1107,2026-09-06
5d24ac6991717efd9ac3f223ffde486f14772a41122c394a5cff80938d81ec10,Silver,2021-09-25,25-34,2211,2026-09-06
b51fa914956ea0da2fcb8877a223fbc4a2a5660dd62b6a9d334b4b02bdf00f46,Gold,2026-08-26,65+,2211,2026-09-06
d29b245550427314b218262c8b7b7b5cdc7fb770bc269896dc911f8b94eb6aa7,Gold,2018-03-28,35-44,317,2026-09-06
e29fee04640e44f9342dcf4b4f0c258359b574fce70143f96f949f73164fa2ee,Silver,2017-02-13,35-44,1042,2026-09-06
9881fe0d3670fa6a78371bddb526e5e88ae8ef37db9e119c7cdc6b5c511a07d3,Gold,2025-05-24,65+,1107,2026-09-06
62ea29d105309071b1a5c9fe5cfc269cbdaa64206b94357cca990168f569b9c3,Bronze,2024-07-12,55-64,2305,2026-09-06
9e146d87f7c7ff53f841ebd1d63d2aaabdc4c4bd9b4b9fd7ad4e71e25c2bf9fc,Bronze,2015-01-26,45-54,1107,2026-09-06
a749d500f6903de9ef4304cccb95ef9985af6e6b357ddedaa62d53dfbd3f0973,Silver,2019-11-03,25-34,317,2026-09-06
40011c069191e490e1834de2738621c5106255a79d84cda71549e19f695aef3e,Silver,2021-10-26,25-34,322,2026-09-06
56eb20ebfa39ee46314972b7b4606a1f4b5c938aa696dcd51f04072bd9d6191f,Silver,2026-01-11,25-34,3050,2026-09-06
c931f62f8c1d7b6fa417729995bc4a97f6dd927a857c0267534c77463b4155d9,Silver,2022-08-22,45-54,322,2026-09-06
8a7cf730c24f0e48bbd1a55ba56a7ee44c41a19be39ebc200c68598988212bb5,Gold,2016-03-10,55-64,2210,2026-09-06
78626b84905aedead2dbe04f3c7d8d518712c06602cefbb2591c836d86e6ce55,Silver,2025-08-26,65+,1107,2026-09-06
6b0b8d9141ac60fdde10069c1b920b096f94b4d62d1605640475337f58ec5ea0,Silver,2022-05-28,65+,322,2026-09-06
841ac22d0dec01ca9b65b36896f1d3cb176475c6ee5b44fabbd3f7548d414e51,Bronze,2017-09-06,45-54,1042,2026-09-06
a0c20c1fc3f6f474bfce82244f5f09be0872b429e2fe8aa2594ef97b84215151,Bronze,2024-08-11,25-34,2210,2026-09-06
12212f1999a4639c2fd9cb544d3f0e53a0b197e5e05c502e3bfecff0eb50ba7a,Bronze,2023-02-09,18-24,1107,2026-09-06
237b739321a711cf7c027972d6994bb2089a9df4201e65c63c4021d4714c19c1,Bronze,2021-09-26,65+,317,2026-09-06
f48b5250ff8d82aa123bd05718d9e403a845845153877f2f2f9e38acfe8080f5,Bronze,2025-07-18,35-44,322,2026-09-06
fd1bbf0b78c2a8b92dbd1fd33a4618fe28a96712f01edf20a1c3d3312ac777a7,Silver,2023-11-24,25-34,2210,2026-09-06
e573aafb2f6efeb956f0562aad2944fa8b6fb7f17265005ce7053b3024e384ea,Silver,2025-09-29,65+,322,2026-09-06
291e0a4a1adec7a53b8c2b1305d1004b32fa3ccace7e4a5e151582fbd2ec97fb,Bronze,2018-07-29,25-34,322,2026-09-06
f6033b39eb82ebb85b7062cd79e58f7c629332ee162a6ac31239c6e626035093,Silver,2023-08-21,45-54,317,2026-09-06
b07145d512f2cf4e3db8d62b733ddd6cd5fd012bc8c1e20b7b84006d308b92a2,Silver,2024-05-21,35-44,1042,2026-09-06
b6b2569ff2253376e2a3da3f3153864548c7ae565702b5e0d29819d10353bf7d,Bronze,2019-12-24,25-34,2211,2026-09-06
b56bc889aa0f308be1de09bb2f6e3c1bb606b15ff7e3f2b575b520a8195b0289,Bronze,2021-06-07,45-54,2211,2026-09-06
9cda9f15c8aacfe0358f52bf43202568a531bf54babf7732cfb1a76d32d9a483,Silver,2020-05-14,55-64,2211,2026-09-06
93c8d193647e87558abb42b98c0a8c1c80f56b5b9a98907381efe79a0395f49c,Bronze,2021-08-08,65+,2305,2026-09-06
534cbabe445bc0c7375680fba9e21685353783b11738bba6d3cd6ab0a8b33511,Gold,2023-10-23,25-34,1107,2026-09-06
b43eae53f38844e92321bc6e160d5443b3c7294f2639bf93fb63267e92ec7b78,Bronze,2022-02-13,25-34,1042,2026-09-06
5c68ac2498d772ace0c6a06f4579b65defaaee97c349369264c6167e58797cdd,Silver,2016-01-21,65+,2305,2026-09-06
bc02b49f8d1fdf073e158acb9897c720f029e407ac195806b953a5b425a62668,Silver,2017-12-28,25-34,1042,2026-09-06
f5c68c0e6caa58a800c3e6a05fcfd0984ac966720bdce258e971c20d2e81e290,Bronze,2024-05-22,55-64,322,2026-09-06
ee1aea3f24cc3330a1cc5ed4c429449031f089060b6827cd874202246fb5b970,Bronze,2024-11-28,65+,1042,2026-09-06
2f07532f52e82356e143b11ae3d0124e31ce7e1317d1ceaa47c036907173046f,Bronze,2024-12-05,55-64,322,2026-09-06
60938dc5c4d46532991e12a3811caadaead5ba1043d976c7b7fa10f52a1e505d,Gold,2016-12-18,65+,2211,2026-09-06
1a94935c85d99a5a7494b6b506fc085aa3b6ef28f2f9a33237cd6209bede4ca5,Bronze,2020-08-30,65+,317,2026-09-06
4d2da8beed37d5b89b584382fbd8350376b4611809a8a71914871e389858c67b,Bronze,2023-09-04,35-44,2211,2026-09-06
3dda0caf250fe4ef0b9ab09650b77a26c3939294f9072f25ac97b3f323761d47,Silver,2017-09-29,35-44,1107,2026-09-06
49506bc74d7cfaeedcfc022bac85a21e09e502a6272af4d63d651d8b2821fc8a,Bronze,2017-01-24,35-44,1107,2026-09-06
81797bf37931870b7bd00170d42a0ad855980863341c1de1aec5c0f480a2936b,Gold,2021-01-07,25-34,2210,2026-09-06
9a0d625a6a4c9c5753460ee20c99e83f36871fa1416b514d6dd91d32367aac6f,Silver,2021-11-10,35-44,322,2026-09-06
3298f1819d9521e930e1fb7294e82382e8d4e70c1fce114057446595d2cc43c0,Silver,2025-08-14,35-44,317,2026-09-06
ec21bb18f99988d17c9cbaf768b561f05ff784f6760e3b7d936a6618f6f40280,Silver,2016-01-20,35-44,3050,2026-09-06
d557d3bada9064179be5403a1dd6991da934f0af8fe30bd0e54d1bd1001e8b3a,Bronze,2017-01-10,45-54,2210,2026-09-06
562e160ea8b9df114f4bedb60ae332e6436a56911808968dc3bca87736f6abd9,Silver,2021-09-28,65+,1107,2026-09-06
d66edc69ce8b2fd21627548383067562a359a3197c27c3389d4872a719635ce3,Silver,2016-07-17,55-64,2210,2026-09-06
0b247a9c48bc70c0ce8e04cc4d6108a952c1c77f09b5a604a80b01c89689c032,Silver,2018-09-28,45-54,2210,2026-09-06
ab7a3bc4493a94cc549dc1dccb9e2a3358269b951fd6ea92fcaacb47282b3e81,Bronze,2022-08-23,65+,1042,2026-09-06
b77fd1ba8415b00c1d1c493ca5a55eb13a60f765f75d99f739ba46a2d580ecfb,Silver,2019-03-21,65+,2211,2026-09-06
8a19d9c78b849a36e97d54b8f6f8d4128ceb5e929479051f27502456a243a435,Bronze,2024-11-14,25-34,317,2026-09-06
681f0beb78746c0e0fc24187235dc5bf877c1995a9887a5346f3cdb9932afcb7,Bronze,2023-08-13,65+,2210,2026-09-06
e6f1faf8ba414256444cc91b15cd91ca4590683dd0d6764ebf33a8e23b9e8f53,Bronze,2015-09-12,55-64,317,2026-09-06
1d3595f9f8c34718d7ab75ffad2d4abb1728d79861a4903ba430b65aa29e59b3,Silver,2023-04-23,18-24,1042,2026-09-06
e1c39716f86ae4133535d1704e5a8c97514e2d92d527db7ceeb11bed09b06a1a,Silver,2017-05-02,65+,2211,2026-09-06
c5f215bf251ad631ab6eaf666bdbba36b1dff9c2a4be3dba036d7366257bb483,Bronze,2021-08-08,65+,317,2026-09-06
6c85691f4ef38c7a2565b29709e9c2d532d546ab6b2373753c02f81a891c9ab7,Bronze,2026-05-18,45-54,2210,2026-09-06
66c84586b265e28d4c30b5e9adbf45fb9fc2a1957e95f27994ebbc087e3f5ca1,Silver,2025-11-13,25-34,322,2026-09-06
5540de05394b698f7e6c0ac9c1d2d159a42a4db4ee0e52a1b582e8cf406b852b,Silver,2019-01-29,25-34,3050,2026-09-06
e80317d38921f14a2aa7ed14988cd075db324f3764bcdb093cd2fb2e850825b3,Bronze,2025-08-01,65+,1042,2026-09-06
27f75beb5c95d772ccb7b9ebf0f8688f4c0a7954d115c13d17eedf3129a59deb,Silver,2017-01-04,25-34,3050,2026-09-06
