TRX_ID,STR_NBR,REG_NBR,LN_NBR,TRX_DT,TRX_TM,ITM_ID,QTY,UNIT_PRC,EXT_AMT,DISC_AMT,TAX_AMT,TRX_TYP,LYL_CARD_NBR,PROMO_CD,CRNCY_CD,TNDR_CD
70000001,01042,05,1,20250202,195912,000000094301,1.503,4.39,6.60,0.00,0.00,S,6067066253,,USD,CC
70000001,01042,05,2,20250202,195912,000000093410,1.993,3.99,7.95,0.00,0.00,S,6067066253,,USD,CC
70000002,01042,05,1,20250202,200933,000004481001,1,7.99,7.99,0.00,0.50,S,6020575639,,USD,CC
70000002,01042,05,2,20250202,200933,000000094103,2,3.79,7.58,3.79,0.00,S,6020575639,BG25W01,USD,CC
70000002,01042,05,3,20250202,200933,000004473003,1,3.49,3.49,0.00,0.22,S,6020575639,,USD,CC
70000002,01042,05,4,20250202,200933,000004493001,1,5.49,5.49,0.00,0.34,S,6020575639,,USD,CC
70000003,01042,05,1,20250202,81044,000000561001,1,9.99,9.99,0.00,0.62,S,6015093771,,USD,CC
70000004,01042,03,1,20250202,91635,000000005201,2,3.99,7.98,0.00,0.00,S,6077220054,,USD,CS
70000004,01042,03,2,20250202,91635,000000093410,1.185,3.99,4.73,0.00,0.00,S,6077220054,,USD,CS
70000004,01042,03,3,20250202,91635,000000561002,1,7.49,7.49,0.00,0.47,S,6077220054,,USD,CS
70000005,01042,04,1,20250202,80915,000000020201,3,5.49,16.47,0.00,0.00,S,6021667467,,USD,CC
70000005,01042,04,2,20250202,80915,000004472001,2,3.99,7.98,0.00,0.50,S,6021667467,,USD,CC
70000005,01042,04,3,20250202,80915,000000020102,1,3.49,3.49,0.00,0.00,S,6021667467,,USD,CC
70000005,01042,04,4,20250202,80915,000000005102,1,5.49,5.49,0.00,0.00,S,6021667467,,USD,CC
70000005,01042,04,5,20250202,80915,000000093402,2.041,3.29,6.71,0.00,0.00,S,6021667467,,USD,CC
70000005,01042,04,6,20250202,80915,000000030202,1,11.49,11.49,0.00,0.00,S,6021667467,,USD,CC
70000006,01042,06,1,20250202,100051,000000093501,1,4.49,4.49,0.00,0.00,S,6058319971,,USD,GC
70000007,01107,03,1,20250202,212022,000004492003,2,2.29,4.58,0.00,0.29,S,,,USD,GC
70000007,01107,03,2,20250202,212022,000000094102,1,3.49,3.49,0.00,0.00,S,,,USD,GC
70000007,01107,03,3,20250202,212022,000004482002,1,17.99,17.99,0.00,1.12,S,,,USD,GC
70000008,01107,05,1,20250202,201647,000000040201,3,8.99,26.97,0.00,0.00,S,6052683415,,USD,DB
70000009,01107,03,1,20250202,141055,000004491003,1,1.99,1.99,0.00,0.12,S,,,USD,CS
70000009,01107,03,2,20250202,141055,000000552001,1,4.49,4.49,0.00,0.28,S,,,USD,CS
70000009,01107,03,3,20250202,141055,000000005302,1,3.49,3.49,0.00,0.00,S,,,USD,CS
70000010,02210,03,1,20250202,124229,000004483002,1,3.49,3.49,0.00,0.22,S,,,USD,CC
70000010,02210,03,2,20250202,124229,000004481003,1,4.99,4.99,0.00,0.31,S,,,USD,CC
70000010,02210,03,3,20250202,124229,000004473003,1,3.49,3.49,0.00,0.22,S,,,USD,CC
70000011,02210,01,1,20250202,144127,000004482002,1,17.99,17.99,0.00,1.12,S,,,USD,CC
70000011,02210,01,2,20250202,144127,000000005020,3,4.49,13.47,0.00,0.00,S,,,USD,CC
70000011,02210,01,3,20250202,144127,000004471030,1,3.99,3.99,0.00,0.25,S,,,USD,CC
70000012,02210,05,1,20250202,155018,000000031102,0.738,19.99,14.75,0.00,0.00,S,6041903106,,USD,DB
70000012,02210,05,2,20250202,155018,000000094301,2.197,4.39,9.64,0.00,0.00,S,6041903106,,USD,DB
70000012,02210,05,3,20250202,155018,000004473001,2,2.99,5.98,0.00,0.37,S,6041903106,,USD,DB
70000012,02210,05,4,20250202,155018,000004482003,1,5.49,5.49,0.00,0.34,S,6041903106,,USD,DB
70000013,02210,03,1,20250202,114619,000004473002,2,2.79,5.58,0.00,0.35,S,6090333736,,USD,CS
70000013,02210,03,2,20250202,114619,000000005202,1,5.99,5.99,0.00,0.00,S,6090333736,,USD,CS
70000014,02210,02,1,20250202,161308,000004472003,1,3.29,3.29,0.00,0.21,S,,,USD,CC
70000014,02210,02,2,20250202,161308,000000040101,1.485,18.99,28.20,0.00,0.00,S,,,USD,CC
70000015,02210,03,1,20250202,75911,000000094301,1.080,4.39,4.74,0.00,0.00,S,6011145768,,USD,CC
70000015,02210,03,2,20250202,75911,000004471040,1,2.49,2.49,0.00,0.16,S,6011145768,,USD,CC
70000015,02210,03,3,20250202,75911,000000094202,1.131,1.99,2.25,0.00,0.00,S,6011145768,,USD,CC
70000015,02210,03,4,20250202,75911,000000552002,1,3.99,3.99,0.00,0.25,S,6011145768,,USD,CC
70000015,02210,03,5,20250202,75911,000000030102,1,14.99,14.99,0.00,0.00,S,6011145768,,USD,CC
70000015,02210,03,6,20250202,75911,000000093321,0.404,1.49,0.60,0.00,0.00,S,6011145768,,USD,CC
70000016,02210,01,1,20250202,160948,000000040101,1.733,18.99,32.91,0.00,0.00,S,,,USD,CS
70000016,02210,01,2,20250202,160948,000000551020,2,13.99,27.98,13.99,0.87,S,,BG25W01,USD,CS
70000016,02210,01,3,20250202,160948,000000040202,3,14.99,44.97,0.00,0.00,S,,,USD,CS
70000017,02210,01,1,20250202,175028,000000094202,1.120,1.99,2.23,0.00,0.00,S,,,USD,CS
70000017,02210,01,2,20250202,175028,000000552001,1,4.49,4.49,0.00,0.28,S,,,USD,CS
70000017,02210,01,3,20250202,175028,000000094202,0.398,1.99,0.79,0.00,0.00,S,,,USD,CS
70000017,02210,01,4,20250202,175028,000004492003,1,2.29,2.29,0.00,0.14,S,,,USD,CS
70000018,02210,02,1,20250202,154253,000000094102,3,3.49,10.47,0.00,0.00,S,6033970519,,USD,DB
70000018,02210,02,2,20250202,154253,000004473003,1,3.49,3.49,0.00,0.22,S,6033970519,,USD,DB
70000018,02210,02,3,20250202,154253,000000005101,1,7.99,7.99,0.00,0.00,S,6033970519,,USD,DB
70000018,02210,02,4,20250202,154253,000000005202,1,5.99,5.99,0.00,0.00,S,6033970519,,USD,DB
70000019,02211,03,1,20250202,115306,000004473002,1,2.79,2.79,0.00,0.17,S,6060138241,,USD,CS
70000019,02211,03,2,20250202,115306,000000031102,0.467,19.99,9.34,0.00,0.00,S,6060138241,,USD,CS
70000020,02211,02,1,20250202,150844,000000552001,2,4.49,8.98,0.00,0.56,S,6098107964,,USD,DB
70000020,02211,02,2,20250202,150844,000000005020,1,4.49,4.49,0.00,0.00,S,6098107964,,USD,DB
70000020,02211,02,3,20250202,150844,000004483002,1,3.49,3.49,0.00,0.22,S,6098107964,,USD,DB
70000020,02211,02,4,20250202,150844,000000020101,2,2.49,4.98,2.49,0.00,S,6098107964,BG25W01,USD,DB
70000021,02211,01,1,20250202,132615,000000094202,2.127,1.99,4.23,0.00,0.00,S,,,USD,DB
70000021,02211,01,2,20250202,132615,000004472003,1,3.29,3.29,0.00,0.21,S,,,USD,DB
70000021,02211,01,3,20250202,132615,000000030201,3,9.99,29.97,0.00,0.00,S,,,USD,DB
70000021,02211,01,4,20250202,132615,000000551021,1,11.99,11.99,0.00,0.75,S,,,USD,DB
70000022,02211,03,1,20250202,111036,000004483001,1,4.99,4.99,0.00,0.31,S,6008222694,,USD,CC
70000022,02211,03,2,20250202,111036,000000094203,1.109,1.49,1.65,0.00,0.00,S,6008222694,,USD,CC
70000022,02211,03,3,20250202,111036,000000005103,1,6.99,6.99,0.00,0.00,S,6008222694,,USD,CC
70000022,02211,03,4,20250202,111036,000000005302,1,3.49,3.49,0.00,0.00,S,6008222694,,USD,CC
70000022,02211,03,5,20250202,111036,000000040202,1,14.99,14.99,0.00,0.00,S,6008222694,,USD,CC
70000022,02211,03,6,20250202,111036,000000040101,1.287,18.99,24.44,0.00,0.00,S,6008222694,,USD,CC
70000023,02305,04,1,20250202,105730,000004492003,1,2.29,2.29,0.00,0.14,S,,,USD,CC
70000023,02305,04,2,20250202,105730,000000030203,1,8.49,8.49,0.00,0.00,S,,,USD,CC
70000023,02305,04,3,20250202,105730,000000005302,1,3.49,3.49,0.00,0.00,S,,,USD,CC
70000024,02305,05,1,20250202,213804,000000005013,2,3.89,7.78,0.00,0.00,S,,,USD,CC
70000024,02305,05,2,20250202,213804,000004471024,3,3.49,10.47,0.00,0.65,S,,,USD,CC
70000024,02305,05,3,20250202,213804,000000030202,1,11.49,11.49,0.00,0.00,S,,,USD,CC
70000025,02305,03,1,20250202,192351,000000005302,1,3.49,3.49,0.00,0.00,S,6078729825,,USD,CC
70000025,02305,03,2,20250202,192351,000000093325,0.647,3.99,2.58,0.00,0.00,S,6078729825,,USD,CC
70000025,02305,03,3,20250202,192351,000000005020,1,4.49,4.49,0.00,0.00,S,6078729825,,USD,CC
70000025,02305,03,4,20250202,192351,000000005020,2,4.49,8.98,0.00,0.00,S,6078729825,,USD,CC
70000025,02305,03,5,20250202,192351,000000093325,1.510,3.99,6.02,0.00,0.00,S,6078729825,,USD,CC
70000025,02305,03,6,20250202,192351,000000005012,2,3.99,7.98,0.00,0.00,S,6078729825,,USD,CC
70000026,02305,05,1,20250202,100818,000000005020,1,4.49,4.49,0.00,0.00,S,,,USD,CC
70000026,02305,05,2,20250202,100818,000000093325,0.611,3.99,2.44,0.00,0.00,S,,,USD,CC
70000026,02305,05,3,20250202,100818,000000093321,0.373,1.49,0.56,0.00,0.00,S,,,USD,CC
70000026,02305,05,4,20250202,100818,000000005102,1,5.49,5.49,0.00,0.00,S,,,USD,CC
70000027,02305,01,1,20250202,182938,000004471040,1,2.49,2.49,0.00,0.16,S,,,USD,CC
70000027,02305,01,2,20250202,182938,000004472001,1,3.99,3.99,0.00,0.25,S,,,USD,CC
70000027,02305,01,3,20250202,182938,000000093322,1.663,1.99,3.31,0.00,0.00,S,,,USD,CC
70000027,02305,01,4,20250202,182938,000004473001,1,2.99,2.99,0.00,0.19,S,,,USD,CC
70000028,02305,01,1,20250202,204447,000000031101,1.398,24.99,34.94,0.00,0.00,S,6050344694,,USD,CC
70000029,02305,01,1,20250202,103652,000000551020,2,13.99,27.98,13.99,0.87,S,,BG25W01,USD,CC
70000029,02305,01,2,20250202,103652,000000030203,1,8.49,8.49,0.00,0.00,S,,,USD,CC
70000029,02305,01,3,20250202,103652,000004473002,2,2.79,5.58,0.00,0.35,S,,,USD,CC
70000029,02305,01,4,20250202,103652,000000093503,2,4.29,8.58,0.00,0.00,S,,,USD,CC
70000030,02305,03,1,20250202,71414,000000093322,1.889,1.99,3.76,0.00,0.00,S,,,USD,GC
70000030,02305,03,2,20250202,71414,000000551020,1,13.99,13.99,0.00,0.87,S,,,USD,GC
70000031,02305,01,1,20250202,215324,000000094103,2,3.79,7.58,3.79,0.00,S,,BG25W01,USD,CC
70000031,02305,01,2,20250202,215324,000000020102,1,3.49,3.49,0.00,0.00,S,,,USD,CC
70000031,02305,01,3,20250202,215324,000000005101,1,7.99,7.99,0.00,0.00,S,,,USD,CC
70000032,02305,04,1,20250202,180255,000000005103,1,6.99,6.99,0.00,0.00,S,,,USD,CC
70000032,02305,04,2,20250202,180255,000000094102,1,3.49,3.49,0.00,0.00,S,,,USD,CC
70000032,02305,04,3,20250202,180255,000004491003,1,1.99,1.99,0.00,0.12,S,,,USD,CC
70000033,02305,05,1,20250202,133630,000000094103,1,3.79,3.79,0.00,0.00,S,,,USD,CC
70000033,02305,05,2,20250202,133630,000000094203,1.740,1.49,2.59,0.00,0.00,S,,,USD,CC
70000033,02305,05,3,20250202,133630,000000040203,1,11.99,11.99,0.00,0.00,S,,,USD,CC
70000033,02305,05,4,20250202,133630,000004492001,1,1.79,1.79,0.00,0.11,S,,,USD,CC
70000033,02305,05,5,20250202,133630,000000094302,1.329,5.49,7.30,0.00,0.00,S,,,USD,CC
70000033,02305,05,6,20250202,133630,000000094302,1.329,5.49,7.30,0.00,0.00,V,,,USD,CC
70000034,02305,03,1,20250202,81933,000000552002,1,3.99,3.99,0.00,0.25,S,,,USD,CS
70000034,02305,03,2,20250202,81933,000004483002,1,3.49,3.49,0.00,0.22,S,,,USD,CS
70000035,02305,05,1,20250202,82130,000004481001,1,7.99,7.99,0.00,0.50,S,6089813881,,USD,CC
70000036,02305,02,1,20250202,154135,000000551021,1,11.99,11.99,0.00,0.75,S,6090833506,,USD,CC
70000036,02305,02,2,20250202,154135,000000030102,2,14.99,29.98,0.00,0.00,S,6090833506,,USD,CC
70000036,02305,02,3,20250202,154135,000000030103,1,8.99,8.99,0.00,0.00,S,6090833506,,USD,CC
70000036,02305,02,4,20250202,154135,000004473002,1,2.79,2.79,0.00,0.17,S,6090833506,,USD,CC
70000036,02305,02,5,20250202,154135,000000094202,0.526,1.99,1.05,0.00,0.00,S,6090833506,,USD,CC
70000037,02305,03,1,20250202,70003,000004472002,1,4.49,4.49,0.00,0.28,S,,,USD,CC
70000038,03050,03,1,20250202,152144,000000561001,2,9.99,19.98,0.00,1.25,S,,,USD,GC
70000038,03050,03,2,20250202,152144,000004473001,1,2.99,2.99,0.00,0.19,S,,,USD,GC
70000038,03050,03,3,20250202,152144,000000005201,2,3.99,7.98,0.00,0.00,S,,,USD,GC
70000039,03050,02,1,20250202,200314,000000040203,2,11.99,23.98,0.00,0.00,S,,,USD,CC
70000039,03050,02,2,20250202,200314,000004473003,1,3.49,3.49,0.00,0.22,S,,,USD,CC
70000040,03050,03,1,20250202,184040,000000561001,2,9.99,19.98,0.00,1.25,S,,,USD,CC
70000040,03050,03,2,20250202,184040,000004471030,2,3.99,7.98,0.00,0.50,S,,,USD,CC
70000040,03050,03,3,20250202,184040,000000093401,0.408,5.49,2.24,0.00,0.00,S,,,USD,CC
70000041,03050,06,1,20250202,215219,000000020101,2,2.49,4.98,2.49,0.00,S,,BG25W01,USD,GC
70000041,03050,06,2,20250202,215219,000000030101,3,6.99,20.97,0.00,0.00,S,,,USD,GC
70000041,03050,06,3,20250202,215219,000000020201,3,5.49,16.47,0.00,0.00,S,,,USD,GC
70000042,03050,05,1,20250202,124104,000004491003,1,1.99,1.99,0.00,0.12,S,,,USD,CS
70000042,03050,05,2,20250202,124104,000000040201,1,8.99,8.99,0.00,0.00,S,,,USD,CS
70000043,00317,03,1,20250202,205639,000000094101,2,5.39,10.78,0.00,0.00,S,6001372151,,CAD,CC
70000043,00317,03,2,20250202,205639,000004471030,2,5.39,10.78,0.00,0.67,S,6001372151,,CAD,CC
70000043,00317,03,3,20250202,205639,000004471024,1,4.69,4.69,0.00,0.29,S,6001372151,,CAD,CC
70000044,00317,03,1,20250202,190515,000004472002,2,6.09,12.18,0.00,0.76,S,,,CAD,DB
70000045,00317,03,1,20250202,163222,000000005012,2,5.39,10.78,0.00,0.00,S,,,CAD,DB
70000045,00317,03,2,20250202,163222,000000552001,1,6.09,6.09,0.00,0.38,S,,,CAD,DB
70000045,00317,03,3,20250202,163222,000000005103,1,9.49,9.49,0.00,0.00,S,,,CAD,DB
70000045,00317,03,4,20250202,163222,000004473001,1,4.09,4.09,0.00,0.26,S,,,CAD,DB
70000045,00317,03,5,20250202,163222,000000005013,1,5.29,5.29,0.00,0.00,S,,,CAD,DB
70000046,00317,02,1,20250202,213124,000000093501,1,6.09,6.09,0.00,0.00,S,,,CAD,CS
70000047,00317,03,1,20250202,140946,000000020101,2,3.39,6.78,3.39,0.00,S,6026153473,BG25W01,CAD,CC
70000047,00317,03,2,20250202,140946,000000005101,1,10.89,10.89,0.00,0.00,S,6026153473,,CAD,CC
70000048,00317,04,1,20250202,123801,000000020203,3,8.79,26.37,0.00,0.00,S,,,CAD,DB
70000049,00317,05,1,20250202,84329,000000031102,1.580,27.19,42.96,0.00,0.00,S,,,CAD,DB
70000049,00317,05,2,20250202,84329,000000094201,0.578,2.29,1.32,0.00,0.00,S,,,CAD,DB
70000050,00317,06,1,20250202,111522,000000562002,1,11.49,11.49,0.00,0.72,S,6015134228,,CAD,DB
70000050,00317,06,2,20250202,111522,000000020203,2,8.79,17.58,0.00,0.00,S,6015134228,,CAD,DB
70000050,00317,06,3,20250202,111522,000000552001,3,6.09,18.27,0.00,1.14,S,6015134228,,CAD,DB
70000050,00317,06,4,20250202,111522,000000094203,1.731,1.99,3.44,0.00,0.00,S,6015134228,,CAD,DB
70000051,01042,01,1,20250203,90114,000004472003,1,3.29,3.29,0.00,0.21,S,6051728975,,USD,CS
70000051,01042,01,2,20250203,90114,000004471023,1,3.49,3.49,0.00,0.22,S,6051728975,,USD,CS
70000051,01042,01,3,20250203,90114,000000552002,1,3.99,3.99,0.00,0.25,S,6051728975,,USD,CS
70000052,01042,02,1,20250203,170133,000000020202,1,5.99,5.99,0.00,0.00,S,6087182749,,USD,DB
70000052,01042,02,2,20250203,170133,000000020202,1,5.99,5.99,0.00,0.00,V,6087182749,,USD,DB
70000053,01042,03,1,20250203,181926,000000093501,2,4.49,8.98,0.00,0.00,S,,,USD,DB
70000053,01042,03,2,20250203,181926,000004481002,1,7.99,7.99,0.00,0.50,S,,,USD,DB
70000053,01042,03,3,20250203,181926,000004491002,1,6.99,6.99,0.00,0.44,S,,,USD,DB
70000054,01042,06,1,20250203,84226,000004493001,1,5.49,5.49,0.00,0.34,S,,,USD,DB
70000054,01042,06,2,20250203,84226,000004472003,1,3.29,3.29,0.00,0.21,S,,,USD,DB
70000054,01042,06,3,20250203,84226,000000005013,1,3.89,3.89,0.00,0.00,S,,,USD,DB
70000055,01042,01,1,20250203,155149,000000005302,2,3.49,6.98,0.00,0.00,S,,,USD,CC
70000056,01042,01,1,20250203,200317,000000094203,0.675,1.49,1.01,0.00,0.00,S,6089119083,,USD,GC
70000056,01042,01,2,20250203,200317,000000020202,1,5.99,5.99,0.00,0.00,S,6089119083,,USD,GC
70000056,01042,01,3,20250203,200317,000004493002,2,3.99,7.98,0.00,0.50,S,6089119083,,USD,GC
70000056,01042,01,4,20250203,200317,000000093502,1,3.99,3.99,0.00,0.00,S,6089119083,,USD,GC
70000057,01042,02,1,20250203,70847,000000030102,1,14.99,14.99,0.00,0.00,S,,,USD,CC
70000057,01042,02,2,20250203,70847,000000030201,1,9.99,9.99,0.00,0.00,S,,,USD,CC
70000057,01042,02,3,20250203,70847,000000005201,1,3.99,3.99,0.00,0.00,S,,,USD,CC
70000057,01042,02,4,20250203,70847,000000005202,1,5.99,5.99,0.00,0.00,S,,,USD,CC
70000057,01042,02,5,20250203,70847,000000020102,1,3.49,3.49,0.00,0.00,S,,,USD,CC
70000057,01042,02,6,20250203,70847,000000094202,1.364,1.99,2.71,0.00,0.00,S,,,USD,CC
70000058,01042,04,1,20250203,75040,000000020101,2,2.49,4.98,2.49,0.00,S,6034606664,BG25W01,USD,CC
70000058,01042,04,2,20250203,75040,000000040102,0.515,16.99,8.75,0.00,0.00,S,6034606664,,USD,CC
70000058,01042,04,3,20250203,75040,000000551021,1,11.99,11.99,0.00,0.75,S,6034606664,,USD,CC
70000059,01042,04,1,20250203,171428,000004471030,1,3.99,3.99,0.00,0.25,S,,,USD,CC
70000059,01042,04,2,20250203,171428,000004481002,1,7.99,7.99,0.00,0.50,S,,,USD,CC
70000059,01042,04,3,20250203,171428,000000094302,0.719,5.49,3.95,0.00,0.00,S,,,USD,CC
70000059,01042,04,4,20250203,171428,000004492002,2,1.49,2.98,0.00,0.19,S,,,USD,CC
70000059,01042,04,5,20250203,171428,000004471040,1,2.49,2.49,0.00,0.16,S,,,USD,CC
70000060,01107,04,1,20250203,193901,000004492001,1,1.79,1.79,0.00,0.11,S,,,USD,CC
70000061,01107,01,1,20250203,145115,000004472001,1,3.99,3.99,0.00,0.25,S,,,USD,DB
70000061,01107,01,2,20250203,145115,000004491003,1,1.99,1.99,0.00,0.12,S,,,USD,DB
70000061,01107,01,3,20250203,145115,000004491001,1,2.49,2.49,0.00,0.16,S,,,USD,DB
70000061,01107,01,4,20250203,145115,000004481002,1,7.99,7.99,0.00,0.50,S,,,USD,DB
70000062,01107,02,1,20250203,130258,000004481003,3,4.99,14.97,0.00,0.94,S,,,USD,CC
70000062,01107,02,2,20250203,130258,000000020201,1,5.49,5.49,0.00,0.00,S,,,USD,CC
70000062,01107,02,3,20250203,130258,000000005202,1,5.99,5.99,0.00,0.00,S,,,USD,CC
70000062,01107,02,4,20250203,130258,000004492003,1,2.29,2.29,0.00,0.14,S,,,USD,CC
70000062,01107,02,5,20250203,130258,000004491001,2,2.49,4.98,0.00,0.31,S,,,USD,CC
70000063,01107,04,1,20250203,94850,000000005101,2,7.99,15.98,0.00,0.00,S,,,USD,CC
70000064,01107,06,1,20250203,162119,000000020101,1,2.49,2.49,0.00,0.00,R,6035339055,,USD,DB
70000065,02210,03,1,20250203,182257,000000093322,0.794,1.99,1.58,0.00,0.00,S,,,USD,DB
70000065,02210,03,2,20250203,182257,000000561001,1,9.99,9.99,0.00,0.62,S,,,USD,DB
70000065,02210,03,3,20250203,182257,000000562001,1,10.99,10.99,0.00,0.69,S,,,USD,DB
70000065,02210,03,4,20250203,182257,000000094302,2.115,5.49,11.61,0.00,0.00,S,,,USD,DB
70000065,02210,03,5,20250203,182257,000000005202,1,5.99,5.99,0.00,0.00,S,,,USD,DB
70000065,02210,03,6,20250203,182257,000004491002,1,6.99,6.99,0.00,0.44,S,,,USD,DB
70000066,02210,06,1,20250203,75523,000000005101,2,7.99,15.98,0.00,0.00,S,6093143866,,USD,DB
70000067,02210,01,1,20250203,200405,000000093402,0.634,3.29,2.09,0.00,0.00,S,6012075011,,USD,CC
70000067,02210,01,2,20250203,200405,000004492001,1,1.79,1.79,0.00,0.11,S,6012075011,,USD,CC
70000068,02210,02,1,20250203,150033,000004472002,1,4.49,4.49,0.00,0.28,S,,,USD,CS
70000068,02210,02,2,20250203,150033,000004483001,3,4.99,14.97,0.00,0.94,S,,,USD,CS
70000068,02210,02,3,20250203,150033,000000094201,1.835,1.69,3.10,0.00,0.00,S,,,USD,CS
70000069,02210,01,1,20250203,135300,000004482001,1,13.99,13.99,0.00,0.87,S,,,USD,CC
70000070,02210,03,1,20250203,203019,000000094103,2,3.79,7.58,3.79,0.00,S,,BG25W01,USD,CS
70000070,02210,03,2,20250203,203019,000000094101,1,3.99,3.99,0.00,0.00,S,,,USD,CS
70000071,02210,05,1,20250203,143613,000004473003,1,3.49,3.49,0.00,0.22,S,,,USD,GC
70000071,02210,05,2,20250203,143613,000000551020,2,13.99,27.98,13.99,0.87,S,,BG25W01,USD,GC
70000071,02210,05,3,20250203,143613,000000040102,0.810,16.99,13.76,0.00,0.00,S,,,USD,GC
70000071,02210,05,4,20250203,143613,000004472003,1,3.29,3.29,0.00,0.21,S,,,USD,GC
70000072,02305,06,1,20250203,210116,000004473003,1,3.49,3.49,0.00,0.22,R,6093126978,,USD,CS
70000073,02305,04,1,20250203,100431,000000020102,1,3.49,3.49,0.00,0.00,S,6008488725,,USD,CC
70000074,02305,03,1,20250203,170559,000000005103,2,6.99,13.98,0.00,0.00,S,,,USD,CS
70000075,02305,06,1,20250203,174856,000000040202,1,14.99,14.99,0.00,0.00,S,,,USD,CC
70000075,02305,06,2,20250203,174856,000000561002,1,7.49,7.49,0.00,0.47,S,,,USD,CC
70000075,02305,06,3,20250203,174856,000004473003,1,3.49,3.49,0.00,0.22,S,,,USD,CC
70000076,02305,02,1,20250203,200636,000000020102,1,3.49,3.49,0.00,0.00,S,,,USD,CS
70000076,02305,02,2,20250203,200636,000000005020,1,4.49,4.49,0.00,0.00,S,,,USD,CS
70000076,02305,02,3,20250203,200636,000000020202,2,5.99,11.98,0.00,0.00,S,,,USD,CS
70000076,02305,02,4,20250203,200636,000000020101,2,2.49,4.98,2.49,0.00,S,,BG25W01,USD,CS
70000076,02305,02,5,20250203,200636,000000005102,1,5.49,5.49,0.00,0.00,S,,,USD,CS
70000076,02305,02,6,20250203,200636,000004473003,1,3.49,3.49,0.00,0.22,S,,,USD,CS
70000077,02305,06,1,20250203,115320,000004493002,1,3.99,3.99,0.00,0.25,S,,,USD,GC
70000077,02305,06,2,20250203,115320,000000562002,1,8.49,8.49,0.00,0.53,S,,,USD,GC
70000077,02305,06,3,20250203,115320,000000020203,1,6.49,6.49,0.00,0.00,S,,,USD,GC
70000077,02305,06,4,20250203,115320,000000005302,1,3.49,3.49,0.00,0.00,S,,,USD,GC
70000078,02305,06,1,20250203,160910,000000093410,0.293,3.99,1.17,0.00,0.00,S,6099187240,,USD,DB
70000079,02305,01,1,20250203,181522,000000020102,1,3.49,3.49,0.00,0.00,S,,,USD,CS
70000079,02305,01,2,20250203,181522,000004473003,1,3.49,3.49,0.00,0.22,S,,,USD,CS
70000079,02305,01,3,20250203,181522,000000030201,1,9.99,9.99,0.00,0.00,S,,,USD,CS
70000079,02305,01,4,20250203,181522,000000551020,2,13.99,27.98,13.99,0.87,S,,BG25W01,USD,CS
70000079,02305,01,5,20250203,181522,000000020202,1,5.99,5.99,0.00,0.00,S,,,USD,CS
70000080,02305,02,1,20250203,214842,000004472001,1,3.99,3.99,0.00,0.25,S,,,USD,DB
70000081,02305,03,1,20250203,105311,000004481002,1,7.99,7.99,0.00,0.50,S,,,USD,CC
70000081,02305,03,2,20250203,105311,000000562002,1,8.49,8.49,0.00,0.53,S,,,USD,CC
70000082,02305,06,1,20250203,163948,000000040201,1,8.99,8.99,0.00,0.00,S,,,USD,DB
70000083,02305,03,1,20250203,104824,000000562001,1,10.99,10.99,0.00,0.69,S,6052280156,,USD,DB
70000083,02305,03,2,20250203,104824,000004483001,1,4.99,4.99,0.00,0.31,S,6052280156,,USD,DB
70000084,03050,02,1,20250203,215108,000004492001,1,1.79,1.79,0.00,0.11,S,,,USD,DB
70000084,03050,02,2,20250203,215108,000000005102,1,5.49,5.49,0.00,0.00,S,,,USD,DB
70000084,03050,02,3,20250203,215108,000000040102,0.617,16.99,10.48,0.00,0.00,S,,,USD,DB
70000084,03050,02,4,20250203,215108,000000005013,2,3.89,7.78,0.00,0.00,S,,,USD,DB
70000085,03050,01,1,20250203,182721,000000094301,0.967,4.39,4.25,0.00,0.00,S,,,USD,DB
70000085,03050,01,2,20250203,182721,000004483002,1,3.49,3.49,0.00,0.22,S,,,USD,DB
70000085,03050,01,3,20250203,182721,000000093325,1.920,3.99,7.66,0.00,0.00,S,,,USD,DB
70000085,03050,01,4,20250203,182721,000000093325,0.853,3.99,3.40,0.00,0.00,S,,,USD,DB
70000085,03050,01,5,20250203,182721,000000030203,2,8.49,16.98,0.00,0.00,S,,,USD,DB
70000085,03050,01,6,20250203,182721,000000093321,0.837,1.49,1.25,0.00,0.00,S,,,USD,DB
70000086,00317,06,1,20250203,210012,000000094302,2.021,7.49,15.14,0.00,0.00,S,,,CAD,GC
70000086,00317,06,2,20250203,210012,000000020101,2,3.39,6.78,3.39,0.00,S,,BG25W01,CAD,GC
70000086,00317,06,3,20250203,210012,000000094202,0.593,2.69,1.60,0.00,0.00,S,,,CAD,GC
70000087,00317,05,1,20250203,172843,000004472050,1,5.39,5.39,0.00,0.34,S,,,CAD,GC
70000087,00317,05,2,20250203,172843,000004491001,1,3.39,3.39,0.00,0.21,S,,,CAD,GC
70000088,00317,02,1,20250203,193711,000004483001,1,6.79,6.79,0.00,0.42,S,,,CAD,GC
70000088,00317,02,2,20250203,193711,000000031101,1.598,33.99,54.32,0.00,0.00,S,,,CAD,GC
70000088,00317,02,3,20250203,193711,000004492001,1,2.39,2.39,0.00,0.15,S,,,CAD,GC
70000089,00317,02,1,20250203,144612,000000005102,1,7.49,7.49,0.00,0.00,S,,,CAD,GC
70000089,00317,02,2,20250203,144612,000000040201,3,12.19,36.57,0.00,0.00,S,,,CAD,GC
70000089,00317,02,3,20250203,144612,000004492002,2,1.99,3.98,0.00,0.25,S,,,CAD,GC
70000089,00317,02,4,20250203,144612,000000020101,2,3.39,6.78,3.39,0.00,S,,BG25W01,CAD,GC
70000089,00317,02,5,20250203,144612,000000040102,1.898,23.09,43.82,0.00,0.00,S,,,CAD,GC
70000090,00317,05,1,20250203,170947,000000552002,2,5.39,10.78,0.00,0.67,S,,,CAD,DB
70000090,00317,05,2,20250203,170947,000004493002,1,5.39,5.39,0.00,0.34,S,,,CAD,DB
70000090,00317,05,3,20250203,170947,000000005020,1,6.09,6.09,0.00,0.00,S,,,CAD,DB
70000090,00317,05,4,20250203,170947,000000020102,1,4.69,4.69,0.00,0.00,S,,,CAD,DB
70000091,00317,02,1,20250203,94651,000004473001,1,4.09,4.09,0.00,0.26,S,6007779462,,CAD,CC
70000092,00317,06,1,20250203,171818,000000040102,1.851,23.09,42.74,0.00,0.00,S,,,CAD,DB
70000092,00317,06,2,20250203,171818,000004472050,1,5.39,5.39,0.00,0.34,S,,,CAD,DB
70000092,00317,06,3,20250203,171818,000004493002,1,5.39,5.39,0.00,0.34,S,,,CAD,DB
70000092,00317,06,4,20250203,171818,000004492002,1,1.99,1.99,0.00,0.12,S,,,CAD,DB
70000092,00317,06,5,20250203,171818,000004471024,1,4.69,4.69,0.00,0.29,S,,,CAD,DB
70000092,00317,06,6,20250203,171818,000000005020,1,6.09,6.09,0.00,0.00,S,,,CAD,DB
70000093,00317,01,1,20250203,70653,000000030101,1,9.49,9.49,0.00,0.00,S,,,CAD,CS
70000093,00317,01,2,20250203,70653,000000094203,0.390,1.99,0.78,0.00,0.00,S,,,CAD,CS
70000093,00317,01,3,20250203,70653,000004472001,1,5.39,5.39,0.00,0.34,S,,,CAD,CS
70000094,01042,05,1,20250204,153713,000004471024,1,3.49,3.49,0.00,0.22,S,,,USD,GC
70000094,01042,05,2,20250204,153713,000000005202,2,5.99,11.98,0.00,0.00,S,,,USD,GC
70000094,01042,05,3,20250204,153713,000004473003,1,3.49,3.49,0.00,0.22,S,,,USD,GC
70000094,01042,05,4,20250204,153713,000004471024,1,3.49,3.49,0.00,0.22,S,,,USD,GC
70000095,01042,03,1,20250204,115640,000000020102,1,3.49,3.49,0.00,0.00,S,6059929378,,USD,CC
70000095,01042,03,2,20250204,115640,000000040101,1.180,18.99,22.41,0.00,0.00,S,6059929378,,USD,CC
70000095,01042,03,3,20250204,115640,000000093325,0.745,3.99,2.97,0.00,0.00,S,6059929378,,USD,CC
70000096,01042,02,1,20250204,81740,000004471040,1,2.49,2.49,0.00,0.16,S,,,USD,DB
70000097,01042,02,1,20250204,144940,000004481001,1,7.99,7.99,0.00,0.50,S,,,USD,CC
70000097,01042,02,2,20250204,144940,000000005020,1,4.49,4.49,0.00,0.00,S,,,USD,CC
70000097,01042,02,3,20250204,144940,000000005102,1,5.49,5.49,0.00,0.00,S,,,USD,CC
70000098,01042,02,1,20250204,185211,000000005102,1,5.49,5.49,0.00,0.00,S,6020575639,,USD,CS
70000098,01042,02,2,20250204,185211,000000040203,2,11.99,23.98,0.00,0.00,S,6020575639,,USD,CS
70000098,01042,02,3,20250204,185211,000000561002,2,7.49,14.98,0.00,0.94,S,6020575639,,USD,CS
70000098,01042,02,4,20250204,185211,000004473002,1,2.79,2.79,0.00,0.17,S,6020575639,,USD,CS
70000098,01042,02,5,20250204,185211,000000094202,0.891,1.99,1.77,0.00,0.00,S,6020575639,,USD,CS
70000098,01042,02,6,20250204,185211,000000094302,1.561,5.49,8.57,0.00,0.00,S,6020575639,,USD,CS
70000099,01107,06,1,20250204,111441,000004481003,1,4.99,4.99,0.00,0.31,S,6064138367,,USD,CC
70000099,01107,06,2,20250204,111441,000000552002,1,3.99,3.99,0.00,0.25,S,6064138367,,USD,CC
70000099,01107,06,3,20250204,111441,000004481003,1,4.99,4.99,0.00,0.31,S,6064138367,,USD,CC
70000099,01107,06,4,20250204,111441,000000093503,1,4.29,4.29,0.00,0.00,S,6064138367,,USD,CC
70000099,01107,06,5,20250204,111441,000000005101,1,7.99,7.99,0.00,0.00,S,6064138367,,USD,CC
70000100,01107,04,1,20250204,150908,000004481001,1,7.99,7.99,0.00,0.50,S,,,USD,CS
70000101,01107,01,1,20250204,130107,000000094202,2.151,1.99,4.28,0.00,0.00,S,6077119918,,USD,CS
70000101,01107,01,2,20250204,130107,000004483001,3,4.99,14.97,0.00,0.94,S,6077119918,,USD,CS
70000101,01107,01,3,20250204,130107,000000005013,1,3.89,3.89,0.00,0.00,S,6077119918,,USD,CS
70000102,01107,02,1,20250204,135513,000000020102,1,3.49,3.49,0.00,0.00,S,6026573275,,USD,CS
70000102,01107,02,2,20250204,135513,000000020102,1,3.49,3.49,0.00,0.00,S,6026573275,,USD,CS
70000102,01107,02,3,20250204,135513,000000040203,2,11.99,23.98,0.00,0.00,S,6026573275,,USD,CS
70000102,01107,02,4,20250204,135513,000004492003,1,2.29,2.29,0.00,0.14,S,6026573275,,USD,CS
70000103,01107,05,1,20250204,180809,000000040102,2.007,16.99,34.10,0.00,0.00,S,6025703965,,USD,DB
70000103,01107,05,2,20250204,180809,000004491002,1,6.99,6.99,0.00,0.44,S,6025703965,,USD,DB
70000104,02210,05,1,20250204,172155,000004493001,1,5.49,5.49,0.00,0.34,S,,,USD,CC
70000104,02210,05,2,20250204,172155,000000005020,1,4.49,4.49,0.00,0.00,S,,,USD,CC
70000104,02210,05,3,20250204,172155,000000020102,1,3.49,3.49,0.00,0.00,S,,,USD,CC
70000105,02210,06,1,20250204,100708,000000005302,3,3.49,10.47,0.00,0.00,S,6063370502,,USD,CC
70000105,02210,06,2,20250204,100708,000004482001,1,13.99,13.99,0.00,0.87,S,6063370502,,USD,CC
70000105,02210,06,3,20250204,100708,000000005301,1,5.49,5.49,0.00,0.00,S,6063370502,,USD,CC
70000106,02210,01,1,20250204,205023,000004491002,1,6.99,6.99,0.00,0.44,S,,,USD,DB
70000107,02210,05,1,20250204,121333,000000005301,1,5.49,5.49,0.00,0.00,S,,,USD,GC
70000107,02210,05,2,20250204,121333,000000020101,2,2.49,4.98,2.49,0.00,S,,BG25W01,USD,GC
70000107,02210,05,3,20250204,121333,000000031102,0.539,19.99,10.77,0.00,0.00,S,,,USD,GC
70000108,02210,05,1,20250204,72954,000004481002,2,7.99,15.98,0.00,1.00,S,6005097545,,USD,CC
70000109,02210,05,1,20250204,140744,000000005102,2,5.49,10.98,0.00,0.00,S,6030120471,,USD,DB
70000109,02210,05,2,20250204,140744,000000561001,2,9.99,19.98,0.00,1.25,S,6030120471,,USD,DB
70000109,02210,05,3,20250204,140744,000000020102,1,3.49,3.49,0.00,0.00,S,6030120471,,USD,DB
70000109,02210,05,4,20250204,140744,000000020102,1,3.49,3.49,0.00,0.00,S,6030120471,,USD,DB
70000109,02210,05,5,20250204,140744,000000093402,1.307,3.29,4.30,0.00,0.00,S,6030120471,,USD,DB
70000109,02210,05,6,20250204,140744,000000040203,1,11.99,11.99,0.00,0.00,S,6030120471,,USD,DB
70000110,02210,04,1,20250204,191238,000000005013,1,3.89,3.89,0.00,0.00,S,,,USD,CC
70000111,02210,01,1,20250204,190429,000004483002,2,3.49,6.98,0.00,0.44,S,,,USD,CC
70000111,02210,01,2,20250204,190429,000000005012,1,3.99,3.99,0.00,0.00,S,,,USD,CC
70000111,02210,01,3,20250204,190429,000004493001,1,5.49,5.49,0.00,0.34,S,,,USD,CC
70000111,02210,01,4,20250204,190429,000004471040,2,2.49,4.98,0.00,0.31,S,,,USD,CC
70000112,02210,05,1,20250204,94706,000000005301,1,5.49,5.49,0.00,0.00,S,,,USD,DB
70000112,02210,05,2,20250204,94706,000000020203,1,6.49,6.49,0.00,0.00,S,,,USD,DB
70000112,02210,05,3,20250204,94706,000004471024,1,3.49,3.49,0.00,0.22,S,,,USD,DB
70000112,02210,05,4,20250204,94706,000004492001,2,1.79,3.58,0.00,0.22,S,,,USD,DB
70000113,02210,05,1,20250204,120611,000004472002,1,4.49,4.49,0.00,0.28,S,6041328348,,USD,CS
70000113,02210,05,2,20250204,120611,000000561001,1,9.99,9.99,0.00,0.62,S,6041328348,,USD,CS
70000113,02210,05,3,20250204,120611,000000093325,1.032,3.99,4.12,0.00,0.00,S,6041328348,,USD,CS
70000113,02210,05,4,20250204,120611,000000551020,2,13.99,27.98,13.99,0.87,S,6041328348,BG25W01,USD,CS
70000114,02211,03,1,20250204,150139,000000005102,1,5.49,5.49,0.00,0.00,S,6060138241,,USD,GC
70000114,02211,03,2,20250204,150139,000004473003,2,3.49,6.98,0.00,0.44,S,6060138241,,USD,GC
70000114,02211,03,3,20250204,150139,000000040202,1,14.99,14.99,0.00,0.00,S,6060138241,,USD,GC
70000114,02211,03,4,20250204,150139,000004472002,1,4.49,4.49,0.00,0.28,S,6060138241,,USD,GC
70000114,02211,03,5,20250204,150139,000004492003,1,2.29,2.29,0.00,0.14,S,6060138241,,USD,GC
70000115,02211,03,1,20250204,100622,000000094302,1.384,5.49,7.60,0.00,0.00,S,6002428699,,USD,CC
70000115,02211,03,2,20250204,100622,000004493002,1,3.99,3.99,0.00,0.25,S,6002428699,,USD,CC
70000116,02211,06,1,20250204,95829,000000094202,1.658,1.99,3.30,0.00,0.00,S,,,USD,DB
70000116,02211,06,2,20250204,95829,000004472003,2,3.29,6.58,0.00,0.41,S,,,USD,DB
70000116,02211,06,3,20250204,95829,000000005202,1,5.99,5.99,0.00,0.00,S,,,USD,DB
70000116,02211,06,4,20250204,95829,000004483001,1,4.99,4.99,0.00,0.31,S,,,USD,DB
70000116,02211,06,5,20250204,95829,000000040102,0.456,16.99,7.75,0.00,0.00,S,,,USD,DB
70000117,02211,05,1,20250204,101945,000000040203,1,11.99,11.99,0.00,0.00,S,,,USD,CC
70000117,02211,05,2,20250204,101945,000004481003,1,4.99,4.99,0.00,0.31,S,,,USD,CC
70000117,02211,05,3,20250204,101945,000000005302,1,3.49,3.49,0.00,0.00,S,,,USD,CC
70000118,02211,01,1,20250204,173854,000000040102,1.239,16.99,21.05,0.00,0.00,S,,,USD,CS
70000118,02211,01,2,20250204,173854,000004493001,1,5.49,5.49,0.00,0.34,S,,,USD,CS
70000118,02211,01,3,20250204,173854,000004481002,1,7.99,7.99,0.00,0.50,S,,,USD,CS
70000118,02211,01,4,20250204,173854,000000093401,0.503,5.49,2.76,0.00,0.00,S,,,USD,CS
70000119,02305,05,1,20250204,194111,000004492003,1,2.29,2.29,0.00,0.14,S,6093126978,,USD,DB
70000119,02305,05,2,20250204,194111,000000094202,0.818,1.99,1.63,0.00,0.00,S,6093126978,,USD,DB
70000119,02305,05,3,20250204,194111,000000094103,2,3.79,7.58,3.79,0.00,S,6093126978,BG25W01,USD,DB
70000119,02305,05,4,20250204,194111,000000094302,1.454,5.49,7.98,0.00,0.00,S,6093126978,,USD,DB
70000120,02305,02,1,20250204,202303,000000094101,1,3.99,3.99,0.00,0.00,S,,,USD,CC
70000121,02305,02,1,20250204,101833,000000040102,1.831,16.99,31.11,0.00,0.00,S,6054602734,,USD,DB
70000121,02305,02,2,20250204,101833,000004483001,2,4.99,9.98,0.00,0.62,S,6054602734,,USD,DB
70000122,02305,02,1,20250204,70138,000000031102,1.875,19.99,37.48,0.00,0.00,S,,,USD,DB
70000122,02305,02,2,20250204,70138,000000031101,1.223,24.99,30.56,0.00,0.00,S,,,USD,DB
70000123,02305,03,1,20250204,152729,000004471024,1,3.49,3.49,0.00,0.22,S,6031310094,,USD,CC
70000123,02305,03,2,20250204,152729,000000031101,1.124,24.99,28.09,0.00,0.00,S,6031310094,,USD,CC
70000123,02305,03,3,20250204,152729,000000020201,1,5.49,5.49,0.00,0.00,S,6031310094,,USD,CC
70000123,02305,03,4,20250204,152729,000000005201,1,3.99,3.99,0.00,0.00,S,6031310094,,USD,CC
70000124,02305,06,1,20250204,111441,000000561001,1,9.99,9.99,0.00,0.62,S,6018972154,,USD,GC
70000125,02305,04,1,20250204,83126,000000094103,2,3.79,7.58,3.79,0.00,S,6010943969,BG25W01,USD,DB
70000125,02305,04,2,20250204,83126,000004493001,1,5.49,5.49,0.00,0.34,S,6010943969,,USD,DB
70000125,02305,04,3,20250204,83126,000000094103,2,3.79,7.58,3.79,0.00,S,6010943969,BG25W01,USD,DB
70000125,02305,04,4,20250204,83126,000004472003,1,3.29,3.29,0.00,0.21,S,6010943969,,USD,DB
70000126,02305,02,1,20250204,100815,000000093503,1,4.29,4.29,0.00,0.00,S,,,USD,DB
70000126,02305,02,2,20250204,100815,000004483001,1,4.99,4.99,0.00,0.31,S,,,USD,DB
70000126,02305,02,3,20250204,100815,000004473002,1,2.79,2.79,0.00,0.17,S,,,USD,DB
70000126,02305,02,4,20250204,100815,000004472002,1,4.49,4.49,0.00,0.28,S,,,USD,DB
70000127,02305,01,1,20250204,164344,000004471030,2,3.99,7.98,0.00,0.50,S,,,USD,DB
70000128,02305,02,1,20250204,134626,000004482001,2,13.99,27.98,0.00,1.75,S,,,USD,CC
70000128,02305,02,2,20250204,134626,000000005103,3,6.99,20.97,0.00,0.00,S,,,USD,CC
70000128,02305,02,3,20250204,134626,000000030101,1,6.99,6.99,0.00,0.00,S,,,USD,CC
70000128,02305,02,4,20250204,134626,000000093501,1,4.49,4.49,0.00,0.00,S,,,USD,CC
70000128,02305,02,5,20250204,134626,000000093501,1,4.49,4.49,0.00,0.00,S,,,USD,CC
70000129,02305,99,1,20250204,212755,000000020102,1,3.49,3.49,0.00,0.00,S,6037660144,,USD,GC
70000129,02305,99,2,20250204,212755,000004481001,1,7.99,7.99,0.00,0.50,S,6037660144,,USD,GC
70000129,02305,99,3,20250204,212755,000000552001,1,4.49,4.49,0.00,0.28,S,6037660144,,USD,GC
70000130,02305,05,1,20250204,92113,000004472001,1,3.99,3.99,0.00,0.25,S,,,USD,CC
70000130,02305,05,2,20250204,92113,000000094201,0.339,1.69,0.57,0.00,0.00,S,,,USD,CC
70000130,02305,05,3,20250204,92113,000000093402,0.673,3.29,2.21,0.00,0.00,S,,,USD,CC
70000130,02305,05,4,20250204,92113,000000551021,1,11.99,11.99,0.00,0.75,S,,,USD,CC
70000130,02305,05,5,20250204,92113,000000005301,1,5.49,5.49,0.00,0.00,S,,,USD,CC
70000130,02305,05,6,20250204,92113,000004471030,1,3.99,3.99,0.00,0.25,S,,,USD,CC
70000131,03050,02,1,20250204,142344,000004471030,1,3.99,3.99,0.00,0.25,S,,,USD,CC
70000131,03050,02,2,20250204,142344,000004471030,1,3.99,3.99,0.00,0.25,S,,,USD,CC
70000132,03050,04,1,20250204,72252,000000094301,1.709,4.39,7.50,0.00,0.00,S,,,USD,DB
70000133,03050,02,1,20250204,102556,000004473001,2,2.99,5.98,0.00,0.37,S,,,USD,CC
70000134,03050,05,1,20250204,132803,000004483002,1,3.49,3.49,0.00,0.22,S,,,USD,DB
70000134,03050,05,2,20250204,132803,000004471024,1,3.49,3.49,0.00,0.22,S,,,USD,DB
70000134,03050,05,3,20250204,132803,000004472001,1,3.99,3.99,0.00,0.25,S,,,USD,DB
70000134,03050,05,4,20250204,132803,000000005020,1,4.49,4.49,0.00,0.00,S,,,USD,DB
70000134,03050,05,5,20250204,132803,000004493002,1,3.99,3.99,0.00,0.25,S,,,USD,DB
70000135,03050,05,1,20250204,191517,000004471030,1,3.99,3.99,0.00,0.25,S,,,USD,DB
70000135,03050,05,2,20250204,191517,000000094103,1,3.79,3.79,0.00,0.00,S,,,USD,DB
70000135,03050,05,3,20250204,191517,000004481001,1,7.99,7.99,0.00,0.50,S,,,USD,DB
70000136,03050,04,1,20250204,210839,000000020101,2,2.49,4.98,2.49,0.00,S,6049998279,BG25W01,USD,DB
70000136,03050,04,2,20250204,210839,000000005103,3,6.99,20.97,0.00,0.00,S,6049998279,,USD,DB
70000136,03050,04,3,20250204,210839,000000030102,1,14.99,14.99,0.00,0.00,S,6049998279,,USD,DB
70000136,03050,04,4,20250204,210839,000004471024,1,3.49,3.49,0.00,0.22,S,6049998279,,USD,DB
70000137,03050,06,1,20250204,72136,000004491001,2,2.49,4.98,0.00,0.31,S,,,USD,GC
70000138,00317,05,1,20250204,185432,000000005102,1,7.49,7.49,0.00,0.00,S,,,CAD,DB
70000138,00317,05,2,20250204,185432,000000005103,1,9.49,9.49,0.00,0.00,S,,,CAD,DB
70000138,00317,05,3,20250204,185432,000000552001,2,6.09,12.18,0.00,0.76,S,,,CAD,DB
70000139,00317,05,1,20250204,132213,000004491003,1,2.69,2.69,0.00,0.17,S,,,CAD,DB
70000140,00317,06,1,20250204,141605,000004471040,1,3.39,3.39,0.00,0.21,S,,,CAD,DB
70000140,00317,06,2,20250204,141605,000000030202,1,15.59,15.59,0.00,0.00,S,,,CAD,DB
70000141,00317,03,1,20250204,175755,000004483001,1,6.79,6.79,0.00,0.42,S,6022821781,,CAD,CC
70000141,00317,03,2,20250204,175755,000000005201,1,5.39,5.39,0.00,0.00,S,6022821781,,CAD,CC
70000141,00317,03,3,20250204,175755,000004481002,3,10.89,32.67,0.00,2.04,S,6022821781,,CAD,CC
70000141,00317,03,4,20250204,175755,000000031101,1.369,33.99,46.53,0.00,0.00,S,6022821781,,CAD,CC
70000142,01042,01,1,20250205,170417,000000020102,1,3.49,3.49,0.00,0.00,S,,,USD,GC
70000142,01042,01,2,20250205,170417,000000005102,1,5.49,5.49,0.00,0.00,S,,,USD,GC
70000142,01042,01,3,20250205,170417,000000005301,2,5.49,10.98,0.00,0.00,S,,,USD,GC
70000142,01042,01,4,20250205,170417,000004471030,1,3.99,3.99,0.00,0.25,S,,,USD,GC
70000143,01042,04,1,20250205,182802,000000040202,1,14.99,14.99,0.00,0.00,S,6092361618,,USD,CC
70000144,01107,02,1,20250205,162215,000004493002,1,3.99,3.99,0.00,0.25,S,,,USD,CC
70000145,01107,04,1,20250205,141708,000004472003,1,3.29,3.29,0.00,0.21,S,,,USD,CC
70000146,02210,01,1,20250205,164924,000000030103,2,8.99,17.98,0.00,0.00,S,,,USD,DB
70000146,02210,01,2,20250205,164924,000000005201,1,3.99,3.99,0.00,0.00,S,,,USD,DB
70000146,02210,01,3,20250205,164924,000000020202,3,5.99,17.97,0.00,0.00,S,,,USD,DB
70000146,02210,01,4,20250205,164924,000000005102,2,5.49,10.98,0.00,0.00,S,,,USD,DB
70000147,02210,04,1,20250205,71353,000000040201,2,8.99,17.98,0.00,0.00,S,6031538882,,USD,CS
70000147,02210,04,2,20250205,71353,000004483001,1,4.99,4.99,0.00,0.31,S,6031538882,,USD,CS
70000147,02210,04,3,20250205,71353,000000552001,1,4.49,4.49,0.00,0.28,S,6031538882,,USD,CS
70000147,02210,04,4,20250205,71353,000000005202,1,5.99,5.99,0.00,0.00,S,6031538882,,USD,CS
70000148,02210,05,1,20250205,122120,000004482001,1,13.99,13.99,0.00,0.87,S,,,USD,GC
70000148,02210,05,2,20250205,122120,000004491003,1,1.99,1.99,0.00,0.12,S,,,USD,GC
70000148,02210,05,3,20250205,122120,000004472002,1,4.49,4.49,0.00,0.28,S,,,USD,GC
70000148,02210,05,4,20250205,122120,000004471024,1,3.49,3.49,0.00,0.22,S,,,USD,GC
70000148,02210,05,5,20250205,122120,000000031102,0.742,19.99,14.83,0.00,0.00,S,,,USD,GC
70000149,02210,01,1,20250205,115933,000004473003,1,3.49,3.49,0.00,0.22,S,,,USD,GC
70000149,02210,01,2,20250205,115933,000000093325,1.767,3.99,7.05,0.00,0.00,S,,,USD,GC
70000149,02210,01,3,20250205,115933,000000094301,1.442,4.39,6.33,0.00,0.00,S,,,USD,GC
70000149,02210,01,4,20250205,115933,000000005102,1,5.49,5.49,0.00,0.00,S,,,USD,GC
70000149,02210,01,5,20250205,115933,000000005013,2,3.89,7.78,0.00,0.00,S,,,USD,GC
70000149,02210,01,6,20250205,115933,000000094103,2,3.79,7.58,3.79,0.00,S,,BG25W01,USD,GC
70000150,02210,06,1,20250205,212618,000004473003,1,3.49,3.49,0.00,0.22,S,6098392250,,USD,GC
70000150,02210,06,2,20250205,212618,000000005013,2,3.89,7.78,0.00,0.00,S,6098392250,,USD,GC
70000151,02210,05,1,20250205,70640,000004472002,1,4.49,4.49,0.00,0.28,S,,,USD,CC
70000151,02210,05,2,20250205,70640,000004492003,1,2.29,2.29,0.00,0.14,S,,,USD,CC
70000152,02210,04,1,20250205,102153,000000020202,1,5.99,5.99,0.00,0.00,S,,,USD,CC
70000152,02210,04,2,20250205,102153,000000552002,1,3.99,3.99,0.00,0.25,S,,,USD,CC
70000152,02210,04,3,20250205,102153,000000030203,1,8.49,8.49,0.00,0.00,S,,,USD,CC
70000152,02210,04,4,20250205,102153,000004482002,1,17.99,17.99,0.00,1.12,S,,,USD,CC
70000153,02210,03,1,20250205,173822,000004473002,1,2.79,2.79,0.00,0.17,S,,,USD,DB
70000153,02210,03,2,20250205,173822,000000551021,1,11.99,11.99,0.00,0.75,S,,,USD,DB
70000154,02210,01,1,20250205,75702,000000093503,1,4.29,4.29,0.00,0.00,S,,,USD,DB
70000154,02210,01,2,20250205,75702,000000005202,1,5.99,5.99,0.00,0.00,S,,,USD,DB
70000155,02210,02,1,20250205,163743,000004471040,1,2.49,2.49,0.00,0.16,S,,,USD,DB
70000155,02210,02,2,20250205,163743,000004493002,1,3.99,3.99,0.00,0.25,S,,,USD,DB
70000155,02210,02,3,20250205,163743,000000020202,1,5.99,5.99,0.00,0.00,S,,,USD,DB
70000155,02210,02,4,20250205,163743,000000093402,1.246,3.29,4.10,0.00,0.00,S,,,USD,DB
70000155,02210,02,5,20250205,163743,000000093401,1.283,5.49,7.04,0.00,0.00,S,,,USD,DB
70000156,02211,02,1,20250205,184345,000000094101,1,3.99,3.99,0.00,0.00,S,,,USD,CC
70000156,02211,02,2,20250205,184345,000000020203,1,6.49,6.49,0.00,0.00,S,,,USD,CC
70000157,02211,04,1,20250205,103424,000000020103,1,4.99,4.99,0.00,0.00,S,6041328348,,USD,DB
70000158,02211,06,1,20250205,125738,000000094101,2,3.99,7.98,0.00,0.00,S,,,USD,GC
70000158,02211,06,2,20250205,125738,000000005201,1,3.99,3.99,0.00,0.00,S,,,USD,GC
70000158,02211,06,3,20250205,125738,000000040102,0.421,16.99,7.15,0.00,0.00,S,,,USD,GC
70000158,02211,06,4,20250205,125738,000000005202,2,5.99,11.98,0.00,0.00,S,,,USD,GC
70000159,02211,04,1,20250205,81119,000004482002,2,17.99,35.98,0.00,2.25,S,,,USD,DB
70000159,02211,04,2,20250205,81119,000004481002,3,7.99,23.97,0.00,1.50,S,,,USD,DB
70000160,02305,05,1,20250205,173953,000004473002,1,2.79,2.79,0.00,0.17,S,,,USD,DB
70000161,02305,02,1,20250205,192650,000004483002,1,3.49,3.49,0.00,0.22,S,,,USD,DB
70000162,02305,06,1,20250205,120229,000004492003,1,2.29,2.29,0.00,0.14,S,,,USD,CC
70000162,02305,06,2,20250205,120229,000004482003,1,5.49,5.49,0.00,0.34,S,,,USD,CC
70000163,02305,03,1,20250205,155530,000000094103,2,3.79,7.58,3.79,0.00,S,6012146147,BG25W01,USD,CC
70000163,02305,03,2,20250205,155530,000004481003,1,4.99,4.99,0.00,0.31,S,6012146147,,USD,CC
70000163,02305,03,3,20250205,155530,000004483002,1,3.49,3.49,0.00,0.22,S,6012146147,,USD,CC
70000164,02305,02,1,20250205,165018,000004482001,2,13.99,27.98,0.00,1.75,S,6090833506,,USD,CC
70000164,02305,02,2,20250205,165018,000000030103,1,8.99,8.99,0.00,0.00,S,6090833506,,USD,CC
70000164,02305,02,3,20250205,165018,000000031102,1.080,19.99,21.59,0.00,0.00,S,6090833506,,USD,CC
70000164,02305,02,4,20250205,165018,000004472001,3,3.99,11.97,0.00,0.75,S,6090833506,,USD,CC
70000164,02305,02,5,20250205,165018,000000551020,2,13.99,27.98,13.99,0.87,S,6090833506,BG25W01,USD,CC
70000164,02305,02,6,20250205,165018,000000094102,1,3.49,3.49,0.00,0.00,S,6090833506,,USD,CC
70000165,02305,05,1,20250205,82928,000000005020,2,4.49,8.98,0.00,0.00,S,,,USD,CC
70000165,02305,05,2,20250205,82928,000004492003,1,2.29,2.29,0.00,0.14,S,,,USD,CC
70000165,02305,05,3,20250205,82928,000004483002,2,3.49,6.98,0.00,0.44,S,,,USD,CC
70000166,02305,05,1,20250205,100219,000000030202,1,11.49,11.49,0.00,0.00,S,,,USD,GC
70000167,02305,02,1,20250205,212208,000000094201,2.124,1.69,3.59,0.00,0.00,S,6038164321,,USD,CS
70000167,02305,02,2,20250205,212208,000000094202,0.871,1.99,1.73,0.00,0.00,S,6038164321,,USD,CS
70000167,02305,02,3,20250205,212208,000000093502,1,3.99,3.99,0.00,0.00,S,6038164321,,USD,CS
70000168,03050,01,1,20250205,164146,000000030102,1,14.99,14.99,0.00,0.00,S,6003911142,,USD,CS
70000168,03050,01,2,20250205,164146,000000005201,1,3.99,3.99,0.00,0.00,S,6003911142,,USD,CS
70000168,03050,01,3,20250205,164146,000000005013,1,3.89,3.89,0.00,0.00,S,6003911142,,USD,CS
70000168,03050,01,4,20250205,164146,000000093410,0.369,3.99,1.47,0.00,0.00,S,6003911142,,USD,CS
70000168,03050,01,5,20250205,164146,000000093402,1.149,3.29,3.78,0.00,0.00,S,6003911142,,USD,CS
70000169,03050,03,1,20250205,212826,000000093503,1,4.29,4.29,0.00,0.00,S,,,USD,GC
70000169,03050,03,2,20250205,212826,000000030203,1,8.49,8.49,0.00,0.00,S,,,USD,GC
70000169,03050,03,3,20250205,212826,000000020102,2,3.49,6.98,0.00,0.00,S,,,USD,GC
70000169,03050,03,4,20250205,212826,000000093321,0.901,1.49,1.34,0.00,0.00,S,,,USD,GC
70000170,00317,04,1,20250205,183115,000000030201,1,13.59,13.59,0.00,0.00,S,,,CAD,GC
70000171,00317,05,1,20250205,131842,000000040202,1,20.39,20.39,0.00,0.00,S,,,CAD,CC
70000171,00317,05,2,20250205,131842,000000094101,1,5.39,5.39,0.00,0.00,S,,,CAD,CC
70000172,00317,04,1,20250205,95301,000000040102,0.736,23.09,16.99,0.00,0.00,S,,,CAD,GC
70000172,00317,04,2,20250205,95301,000000093322,1.824,2.69,4.91,0.00,0.00,S,,,CAD,GC
70000172,00317,04,3,20250205,95301,000000020202,1,8.09,8.09,0.00,0.00,S,,,CAD,GC
70000173,00317,01,1,20250205,194050,000000005301,2,7.49,14.98,0.00,0.00,S,,,CAD,CS
70000174,00317,03,1,20250205,134744,000000094101,1,5.39,5.39,0.00,0.00,S,,,CAD,CC
70000174,00317,03,2,20250205,134744,000000030201,1,13.59,13.59,0.00,0.00,S,,,CAD,CC
70000174,00317,03,3,20250205,134744,000000094203,1.951,1.99,3.88,0.00,0.00,S,,,CAD,CC
70000175,00317,03,1,20250205,151506,000000093502,2,5.39,10.78,0.00,0.00,S,6005800851,,CAD,CC
70000176,01042,06,1,20250206,182431,000000005301,2,5.49,10.98,0.00,0.00,S,,,USD,CC
70000177,01042,03,1,20250206,204400,000004473002,1,2.79,2.79,0.00,0.17,S,,,USD,CC
70000177,01042,03,2,20250206,204400,000000005301,1,5.49,5.49,0.00,0.00,S,,,USD,CC
70000178,01042,02,1,20250206,144400,000004492001,2,1.79,3.58,0.00,0.22,S,,,USD,CC
70000178,01042,02,2,20250206,144400,000004491002,1,6.99,6.99,0.00,0.44,S,,,USD,CC
70000178,01042,02,3,20250206,144400,000000030102,1,14.99,14.99,0.00,0.00,S,,,USD,CC
70000178,01042,02,4,20250206,144400,000000005012,1,3.99,3.99,0.00,0.00,S,,,USD,CC
70000179,01107,04,1,20250206,133216,000000040201,1,8.99,8.99,0.00,0.00,S,,,USD,DB
70000180,01107,02,1,20250206,180052,000000005012,1,3.99,3.99,0.00,0.00,S,,,USD,DB
70000180,01107,02,2,20250206,180052,000000005101,2,7.99,15.98,0.00,0.00,S,,,USD,DB
70000180,01107,02,3,20250206,180052,000000562002,1,8.49,8.49,0.00,0.53,S,,,USD,DB
70000181,01107,02,1,20250206,180736,000000040101,1.629,18.99,30.93,0.00,0.00,S,6009166010,,USD,GC
70000181,01107,02,2,20250206,180736,000000005103,1,6.99,6.99,0.00,0.00,S,6009166010,,USD,GC
70000182,01107,02,1,20250206,134529,000000094101,1,3.99,3.99,0.00,0.00,S,,,USD,DB
70000182,01107,02,2,20250206,134529,000000020201,1,5.49,5.49,0.00,0.00,S,,,USD,DB
70000182,01107,02,3,20250206,134529,000004482002,1,17.99,17.99,0.00,1.12,S,,,USD,DB
70000183,01107,06,1,20250206,94457,000000030102,1,14.99,14.99,0.00,0.00,S,,,USD,CS
70000183,01107,06,2,20250206,94457,000000005020,1,4.49,4.49,0.00,0.00,S,,,USD,CS
70000183,01107,06,3,20250206,94457,000000040102,1.986,16.99,33.74,0.00,0.00,S,,,USD,CS
70000184,02210,01,1,20250206,181914,000000020103,1,4.99,4.99,0.00,0.00,S,6038105955,,USD,CC
70000184,02210,01,2,20250206,181914,000000040202,1,14.99,14.99,0.00,0.00,S,6038105955,,USD,CC
70000184,02210,01,3,20250206,181914,000000551020,2,13.99,27.98,13.99,0.87,S,6038105955,BG25W01,USD,CC
70000184,02210,01,4,20250206,181914,000004472003,2,3.29,6.58,0.00,0.41,S,6038105955,,USD,CC
70000185,02210,02,1,20250206,133338,000000005201,1,3.99,3.99,0.00,0.00,R,6042786561,,USD,CC
70000186,02210,01,1,20250206,160035,000004471030,1,3.99,3.99,0.00,0.25,S,6025730662,,USD,CC
70000186,02210,01,2,20250206,160035,000000093503,1,4.29,4.29,0.00,0.00,S,6025730662,,USD,CC
70000186,02210,01,3,20250206,160035,000000094102,1,3.49,3.49,0.00,0.00,S,6025730662,,USD,CC
70000187,02210,05,1,20250206,82232,000004472003,2,3.29,6.58,0.00,0.41,S,,,USD,GC
70000188,02210,03,1,20250206,212527,000000094202,1.137,1.99,2.26,0.00,0.00,S,6001168809,,USD,DB
70000188,02210,03,2,20250206,212527,000000030201,3,9.99,29.97,0.00,0.00,S,6001168809,,USD,DB
70000188,02210,03,3,20250206,212527,000000093402,0.838,3.29,2.76,0.00,0.00,S,6001168809,,USD,DB
70000188,02210,03,4,20250206,212527,000004493001,1,5.49,5.49,0.00,0.34,S,6001168809,,USD,DB
70000188,02210,03,5,20250206,212527,000000040101,1.025,18.99,19.46,0.00,0.00,S,6001168809,,USD,DB
70000188,02210,03,6,20250206,212527,000000093401,2.027,5.49,11.13,0.00,0.00,S,6001168809,,USD,DB
70000189,02210,01,1,20250206,202009,000000031101,1.806,24.99,45.13,0.00,0.00,S,,,USD,DB
70000189,02210,01,2,20250206,202009,000000005013,1,3.89,3.89,0.00,0.00,S,,,USD,DB
70000189,02210,01,3,20250206,202009,000000020101,2,2.49,4.98,2.49,0.00,S,,BG25W01,USD,DB
70000190,02210,02,1,20250206,82610,000000094302,0.511,5.49,2.81,0.00,0.00,S,,,USD,CC
70000190,02210,02,2,20250206,82610,000000562001,1,10.99,10.99,0.00,0.69,S,,,USD,CC
70000190,02210,02,3,20250206,82610,000000005013,1,3.89,3.89,0.00,0.00,S,,,USD,CC
70000190,02210,02,4,20250206,82610,000000094103,1,3.79,3.79,0.00,0.00,S,,,USD,CC
70000191,02211,01,1,20250206,144931,000004491003,2,1.99,3.98,0.00,0.25,S,,,USD,GC
70000191,02211,01,2,20250206,144931,000000040201,2,8.99,17.98,0.00,0.00,S,,,USD,GC
70000191,02211,01,3,20250206,144931,000004482001,1,13.99,13.99,0.00,0.87,S,,,USD,GC
70000191,02211,01,4,20250206,144931,000000040102,0.365,16.99,6.20,0.00,0.00,S,,,USD,GC
70000191,02211,01,5,20250206,144931,000004482001,1,13.99,13.99,0.00,0.87,V,,,USD,GC
70000192,02211,03,1,20250206,72548,000000562002,1,8.49,8.49,0.00,0.53,S,,,USD,DB
70000192,02211,03,2,20250206,72548,000000093410,1.900,3.99,7.58,0.00,0.00,S,,,USD,DB
70000192,02211,03,3,20250206,72548,000000020102,1,3.49,3.49,0.00,0.00,S,,,USD,DB
70000193,02211,06,1,20250206,163754,000004492001,2,1.79,3.58,0.00,0.22,S,,,USD,DB
70000193,02211,06,2,20250206,163754,000000551021,1,11.99,11.99,0.00,0.75,S,,,USD,DB
70000193,02211,06,3,20250206,163754,000000005102,3,5.49,16.47,0.00,0.00,S,,,USD,DB
70000193,02211,06,4,20250206,163754,000000005013,1,3.89,3.89,0.00,0.00,S,,,USD,DB
70000193,02211,06,5,20250206,163754,000004473002,1,2.79,2.79,0.00,0.17,S,,,USD,DB
70000193,02211,06,6,20250206,163754,000000020202,1,5.99,5.99,0.00,0.00,S,,,USD,DB
70000194,02211,02,1,20250206,155701,000004471023,1,3.49,3.49,0.00,0.22,S,,,USD,DB
70000195,02211,01,1,20250206,165909,000000552001,1,4.49,4.49,0.00,0.28,S,,,USD,DB
70000195,02211,01,2,20250206,165909,000004471023,1,3.49,3.49,0.00,0.22,S,,,USD,DB
70000195,02211,01,3,20250206,165909,000004482002,1,17.99,17.99,0.00,1.12,S,,,USD,DB
70000195,02211,01,4,20250206,165909,000000040201,1,8.99,8.99,0.00,0.00,S,,,USD,DB
70000196,02211,01,1,20250206,204226,000000005302,1,3.49,3.49,0.00,0.00,S,,,USD,DB
70000197,02305,06,1,20250206,200227,000004473002,1,2.79,2.79,0.00,0.17,R,,,USD,GC
70000198,02305,05,1,20250206,82947,000000040101,0.295,18.99,5.60,0.00,0.00,S,,,USD,CC
70000198,02305,05,2,20250206,82947,000004492001,1,1.79,1.79,0.00,0.11,S,,,USD,CC
70000198,02305,05,3,20250206,82947,000000030102,1,14.99,14.99,0.00,0.00,S,,,USD,CC
70000198,02305,05,4,20250206,82947,000004491001,1,2.49,2.49,0.00,0.16,S,,,USD,CC
70000198,02305,05,5,20250206,82947,000000005302,1,3.49,3.49,0.00,0.00,S,,,USD,CC
70000198,02305,05,6,20250206,82947,000000093322,1.428,1.99,2.84,0.00,0.00,S,,,USD,CC
70000199,02305,06,1,20250206,160729,000000020202,1,5.99,5.99,0.00,0.00,S,6029839542,,USD,DB
70000200,02305,03,1,20250206,120321,000000020103,1,4.99,4.99,0.00,0.00,S,6067625153,,USD,GC
70000200,02305,03,2,20250206,120321,000004481002,1,7.99,7.99,0.00,0.50,S,6067625153,,USD,GC
70000200,02305,03,3,20250206,120321,000000093322,0.519,1.99,1.03,0.00,0.00,S,6067625153,,USD,GC
70000201,03050,06,1,20250206,93207,000000093325,0.684,3.99,2.73,0.00,0.00,S,,,USD,CC
70000201,03050,06,2,20250206,93207,000000005302,1,3.49,3.49,0.00,0.00,S,,,USD,CC
70000201,03050,06,3,20250206,93207,000000094302,1.013,5.49,5.56,0.00,0.00,S,,,USD,CC
70000201,03050,06,4,20250206,93207,000000093501,2,4.49,8.98,0.00,0.00,S,,,USD,CC
70000202,03050,06,1,20250206,92829,000000031102,0.683,19.99,13.65,0.00,0.00,S,,,USD,CS
70000203,03050,01,1,20250206,83514,000000093503,1,4.29,4.29,0.00,0.00,S,6025699611,,USD,CC
70000204,03050,06,1,20250206,131752,000000093321,1.156,1.49,1.72,0.00,0.00,S,,,USD,CS
70000204,03050,06,2,20250206,131752,000000093322,1.082,1.99,2.15,0.00,0.00,S,,,USD,CS
70000204,03050,06,3,20250206,131752,000000093322,1.345,1.99,2.68,0.00,0.00,S,,,USD,CS
70000204,03050,06,4,20250206,131752,000000005102,1,5.49,5.49,0.00,0.00,S,,,USD,CS
70000204,03050,06,5,20250206,131752,000004491002,1,6.99,6.99,0.00,0.44,S,,,USD,CS
70000205,03050,02,1,20250206,182500,000000005101,1,7.99,7.99,0.00,0.00,S,6088117298,,USD,CC
70000205,03050,02,2,20250206,182500,000000005202,1,5.99,5.99,0.00,0.00,S,6088117298,,USD,CC
70000206,03050,06,1,20250206,204328,000000552001,1,4.49,4.49,0.00,0.28,S,6026368970,,USD,CS
70000206,03050,06,2,20250206,204328,000004473003,3,3.49,10.47,0.00,0.65,S,6026368970,,USD,CS
70000206,03050,06,3,20250206,204328,000000093322,0.711,1.99,1.41,0.00,0.00,S,6026368970,,USD,CS
70000206,03050,06,4,20250206,204328,000000040202,2,14.99,29.98,0.00,0.00,S,6026368970,,USD,CS
70000206,03050,06,5,20250206,204328,000000562002,1,8.49,8.49,0.00,0.53,S,6026368970,,USD,CS
70000207,00317,04,1,20250206,142738,000004471040,1,3.39,3.39,0.00,0.21,S,,,CAD,DB
70000207,00317,04,2,20250206,142738,000000552001,3,6.09,18.27,0.00,1.14,S,,,CAD,DB
70000207,00317,04,3,20250206,142738,000000005301,1,7.49,7.49,0.00,0.00,S,,,CAD,DB
70000207,00317,04,4,20250206,142738,000000040102,1.613,23.09,37.24,0.00,0.00,S,,,CAD,DB
70000208,00317,02,1,20250206,120131,000000040201,1,12.19,12.19,0.00,0.00,S,,,CAD,CC
70000208,00317,02,2,20250206,120131,000004492002,1,1.99,1.99,0.00,0.12,S,,,CAD,CC
70000208,00317,02,3,20250206,120131,000000005012,1,5.39,5.39,0.00,0.00,S,,,CAD,CC
70000208,00317,02,4,20250206,120131,000000093402,0.279,4.49,1.25,0.00,0.00,S,,,CAD,CC
70000208,00317,02,5,20250206,120131,000000005302,2,4.69,9.38,0.00,0.00,S,,,CAD,CC
70000209,00317,05,1,20250206,122908,000004473002,1,3.79,3.79,0.00,0.24,S,,,CAD,DB
70000209,00317,05,2,20250206,122908,000000005202,1,8.09,8.09,0.00,0.00,S,,,CAD,DB
70000209,00317,05,3,20250206,122908,000000093325,0.419,5.39,2.26,0.00,0.00,S,,,CAD,DB
70000209,00317,05,4,20250206,122908,000004481003,1,6.79,6.79,0.00,0.42,S,,,CAD,DB
70000209,00317,05,5,20250206,122908,000004473003,1,4.69,4.69,0.00,0.29,S,,,CAD,DB
70000210,00317,02,1,20250206,141632,000000093325,1.558,5.39,8.40,0.00,0.00,S,,,CAD,CS
70000210,00317,02,2,20250206,141632,000004492001,1,2.39,2.39,0.00,0.15,S,,,CAD,CS
70000210,00317,02,3,20250206,141632,000000093325,0.736,5.39,3.97,0.00,0.00,S,,,CAD,CS
70000211,00317,04,1,20250206,110608,000000093322,1.258,2.69,3.38,0.00,0.00,S,6010326642,,CAD,CC
70000211,00317,04,2,20250206,110608,000004481002,1,10.89,10.89,0.00,0.68,S,6010326642,,CAD,CC
70000211,00317,04,3,20250206,110608,000000040102,1.760,23.09,40.64,0.00,0.00,S,6010326642,,CAD,CC
70000212,00317,01,1,20250206,74746,000000094201,0.732,2.29,1.68,0.00,0.00,S,6048170580,,CAD,CS
70000212,00317,01,2,20250206,74746,000000094201,0.349,2.29,0.80,0.00,0.00,S,6048170580,,CAD,CS
70000212,00317,01,3,20250206,74746,000004492050,1,2.99,2.99,0.00,0.19,S,6048170580,,CAD,CS
70000212,00317,01,4,20250206,74746,000004472003,1,4.49,4.49,0.00,0.28,S,6048170580,,CAD,CS
70000213,00317,06,1,20250206,140034,000004482003,1,7.49,7.49,0.00,0.47,S,6046657437,,CAD,CC
70000214,00317,01,1,20250206,214206,000000093325,1.595,5.39,8.60,0.00,0.00,S,6004102767,,CAD,CS
70000214,00317,01,2,20250206,214206,000004483001,1,6.79,6.79,0.00,0.42,S,6004102767,,CAD,CS
70000214,00317,01,3,20250206,214206,000004481002,2,10.89,21.78,0.00,1.36,S,6004102767,,CAD,CS
70000215,00317,06,1,20250206,94956,000004471024,1,4.69,4.69,0.00,0.29,S,,,CAD,CS
70000215,00317,06,2,20250206,94956,000000094103,2,5.19,10.38,5.19,0.00,S,,BG25W01,CAD,CS
70000215,00317,06,3,20250206,94956,000004473003,1,4.69,4.69,0.00,0.29,S,,,CAD,CS
70000215,00317,06,4,20250206,94956,000004471024,1,4.69,4.69,0.00,0.29,V,,,CAD,CS
70000216,01042,01,1,20250207,145755,000000094102,2,3.49,6.98,0.00,0.00,S,6055904259,,USD,DB
70000216,01042,01,2,20250207,145755,000000005202,1,5.99,5.99,0.00,0.00,S,6055904259,,USD,DB
70000216,01042,01,3,20250207,145755,000004482003,1,5.49,5.49,0.00,0.34,S,6055904259,,USD,DB
70000217,01042,01,1,20250207,85532,000004471040,1,2.49,2.49,0.00,0.16,S,6084539862,,USD,CC
70000217,01042,01,2,20250207,85532,000004491002,1,6.99,6.99,0.00,0.44,S,6084539862,,USD,CC
70000217,01042,01,3,20250207,85532,000000040201,1,8.99,8.99,0.00,0.00,S,6084539862,,USD,CC
70000218,01042,04,1,20250207,110736,000004482002,1,17.99,17.99,0.00,1.12,S,6071581021,,USD,CC
70000219,01042,03,1,20250207,152828,000000020203,1,6.49,6.49,0.00,0.00,S,,,USD,CC
70000220,01042,02,1,20250207,102324,000004491002,1,6.99,6.99,0.00,0.44,S,6076528928,,USD,CC
70000220,01042,02,2,20250207,102324,000004472003,1,3.29,3.29,0.00,0.21,S,6076528928,,USD,CC
70000220,01042,02,3,20250207,102324,000000094202,1.580,1.99,3.14,0.00,0.00,S,6076528928,,USD,CC
70000220,01042,02,4,20250207,102324,000000040201,1,8.99,8.99,0.00,0.00,S,6076528928,,USD,CC
70000220,01042,02,5,20250207,102324,000000020202,2,5.99,11.98,0.00,0.00,S,6076528928,,USD,CC
70000220,01042,02,6,20250207,102324,000000040202,2,14.99,29.98,0.00,0.00,S,6076528928,,USD,CC
70000221,01042,03,1,20250207,90605,000000094301,0.674,4.39,2.96,0.00,0.00,S,,,USD,CS
70000221,01042,03,2,20250207,90605,000000040203,3,11.99,35.97,0.00,0.00,S,,,USD,CS
70000222,01042,03,1,20250207,95059,000000005020,2,4.49,8.98,0.00,0.00,S,6095026480,,USD,CC
70000222,01042,03,2,20250207,95059,000000005020,1,4.49,4.49,0.00,0.00,S,6095026480,,USD,CC
70000222,01042,03,3,20250207,95059,000000561002,1,7.49,7.49,0.00,0.47,S,6095026480,,USD,CC
70000222,01042,03,4,20250207,95059,000004492001,1,1.79,1.79,0.00,0.11,S,6095026480,,USD,CC
70000222,01042,03,5,20250207,95059,000000020101,2,2.49,4.98,2.49,0.00,S,6095026480,BG25W01,USD,CC
70000223,01042,03,1,20250207,200012,000004472003,2,3.29,6.58,0.00,0.41,S,,,USD,GC
70000223,01042,03,2,20250207,200012,000004473002,1,2.79,2.79,0.00,0.17,S,,,USD,GC
70000224,01042,01,1,20250207,215551,000000005301,1,5.49,5.49,0.00,0.00,S,6022946430,,USD,GC
70000224,01042,01,2,20250207,215551,000000005302,1,3.49,3.49,0.00,0.00,S,6022946430,,USD,GC
70000224,01042,01,3,20250207,215551,000000020102,1,3.49,3.49,0.00,0.00,S,6022946430,,USD,GC
70000224,01042,01,4,20250207,215551,000000551020,2,13.99,27.98,13.99,0.87,S,6022946430,BG25W01,USD,GC
70000224,01042,01,5,20250207,215551,000000005102,2,5.49,10.98,0.00,0.00,S,6022946430,,USD,GC
70000224,01042,01,6,20250207,215551,000000094103,2,3.79,7.58,3.79,0.00,S,6022946430,BG25W01,USD,GC
70000225,01042,03,1,20250207,135106,000004472001,1,3.99,3.99,0.00,0.25,S,,,USD,DB
70000225,01042,03,2,20250207,135106,000000093410,0.821,3.99,3.28,0.00,0.00,S,,,USD,DB
70000225,01042,03,3,20250207,135106,000004492001,1,1.79,1.79,0.00,0.11,S,,,USD,DB
70000225,01042,03,4,20250207,135106,000000031101,1.164,24.99,29.09,0.00,0.00,S,,,USD,DB
70000226,01107,04,1,20250207,160610,000004482001,1,13.99,13.99,0.00,0.87,S,,,USD,CS
70000226,01107,04,2,20250207,160610,000000040202,1,14.99,14.99,0.00,0.00,S,,,USD,CS
70000227,01107,03,1,20250207,110919,000000093410,1.901,3.99,7.58,0.00,0.00,S,,,USD,DB
70000227,01107,03,2,20250207,110919,000004483002,1,3.49,3.49,0.00,0.22,S,,,USD,DB
70000228,01107,02,1,20250207,210140,000004472001,1,3.99,3.99,0.00,0.25,S,,,USD,DB
70000228,01107,02,2,20250207,210140,000000040101,1.062,18.99,20.17,0.00,0.00,S,,,USD,DB
70000228,01107,02,3,20250207,210140,000000040101,1.523,18.99,28.92,0.00,0.00,S,,,USD,DB
70000228,01107,02,4,20250207,210140,000000005020,1,4.49,4.49,0.00,0.00,S,,,USD,DB
70000228,01107,02,5,20250207,210140,000000094202,0.653,1.99,1.30,0.00,0.00,S,,,USD,DB
70000228,01107,02,6,20250207,210140,000000040202,3,14.99,44.97,0.00,0.00,S,,,USD,DB
70000229,01107,04,1,20250207,133110,000000005102,1,5.49,5.49,0.00,0.00,S,,,USD,DB
70000229,01107,04,2,20250207,133110,000004491001,2,2.49,4.98,0.00,0.31,S,,,USD,DB
70000230,01107,05,1,20250207,174552,000000005020,1,4.49,4.49,0.00,0.00,S,,,USD,DB
70000230,01107,05,2,20250207,174552,000004483002,2,3.49,6.98,0.00,0.44,S,,,USD,DB
70000231,02210,02,1,20250207,173100,000000020101,2,2.49,4.98,2.49,0.00,S,6017656360,BG25W01,USD,CC
70000231,02210,02,2,20250207,173100,000000030201,1,9.99,9.99,0.00,0.00,S,6017656360,,USD,CC
70000232,02210,04,1,20250207,131016,000004482001,1,13.99,13.99,0.00,0.87,S,6017990421,,USD,CC
70000233,02210,02,1,20250207,203844,000004472001,1,3.99,3.99,0.00,0.25,S,,,USD,GC
70000234,02210,01,1,20250207,152740,000000094101,1,3.99,3.99,0.00,0.00,S,,,USD,DB
70000234,02210,01,2,20250207,152740,000000093410,1.453,3.99,5.80,0.00,0.00,S,,,USD,DB
70000235,02210,01,1,20250207,170327,000000005103,1,6.99,6.99,0.00,0.00,S,,,USD,CS
70000236,02210,02,1,20250207,101648,000000562001,1,10.99,10.99,0.00,0.69,S,,,USD,CC
70000237,02210,04,1,20250207,80608,000000093402,2.196,3.29,7.22,0.00,0.00,S,6032424154,,USD,GC
70000237,02210,04,2,20250207,80608,000000040101,1.980,18.99,37.60,0.00,0.00,S,6032424154,,USD,GC
70000237,02210,04,3,20250207,80608,000000093501,1,4.49,4.49,0.00,0.00,S,6032424154,,USD,GC
70000237,02210,04,4,20250207,80608,000000094103,2,3.79,7.58,3.79,0.00,S,6032424154,BG25W01,USD,GC
70000237,02210,04,5,20250207,80608,000000005020,1,4.49,4.49,0.00,0.00,S,6032424154,,USD,GC
70000238,02210,01,1,20250207,150113,000000093402,1.348,3.29,4.43,0.00,0.00,S,6036890030,,USD,GC
70000238,02210,01,2,20250207,150113,000004491002,1,6.99,6.99,0.00,0.44,S,6036890030,,USD,GC
70000238,02210,01,3,20250207,150113,000000094203,1.451,1.49,2.16,0.00,0.00,S,6036890030,,USD,GC
70000238,02210,01,4,20250207,150113,000004493002,1,3.99,3.99,0.00,0.25,S,6036890030,,USD,GC
70000238,02210,01,5,20250207,150113,000004472002,1,4.49,4.49,0.00,0.28,S,6036890030,,USD,GC
70000239,02211,04,1,20250207,83502,000000552002,1,3.99,3.99,0.00,0.25,S,6074902504,,USD,DB
70000240,02211,04,1,20250207,151419,000000040203,1,11.99,11.99,0.00,0.00,S,6064957823,,USD,GC
70000240,02211,04,2,20250207,151419,000000040202,1,14.99,14.99,0.00,0.00,S,6064957823,,USD,GC
70000240,02211,04,3,20250207,151419,000000094201,1.236,1.69,2.09,0.00,0.00,S,6064957823,,USD,GC
70000241,02305,03,1,20250207,143719,000000093321,0.270,1.49,0.40,0.00,0.00,S,,,USD,CS
70000241,02305,03,2,20250207,143719,000004471030,3,3.99,11.97,0.00,0.75,S,,,USD,CS
70000241,02305,03,3,20250207,143719,000004482003,1,5.49,5.49,0.00,0.34,S,,,USD,CS
70000241,02305,03,4,20250207,143719,000004492003,1,2.29,2.29,0.00,0.14,S,,,USD,CS
70000241,02305,03,5,20250207,143719,000000562001,1,10.99,10.99,0.00,0.69,S,,,USD,CS
70000242,03050,01,1,20250207,100920,000000094302,0.727,5.49,3.99,0.00,0.00,S,,,USD,CS
70000242,03050,01,2,20250207,100920,000000093325,0.980,3.99,3.91,0.00,0.00,S,,,USD,CS
70000243,03050,03,1,20250207,80451,000004471023,2,3.49,6.98,0.00,0.44,S,,,USD,CS
70000243,03050,03,2,20250207,80451,000000005301,2,5.49,10.98,0.00,0.00,S,,,USD,CS
70000243,03050,03,3,20250207,80451,000000031101,1.466,24.99,36.64,0.00,0.00,S,,,USD,CS
70000243,03050,03,4,20250207,80451,000004472003,2,3.29,6.58,0.00,0.41,S,,,USD,CS
70000244,03050,02,1,20250207,95816,000000005101,1,7.99,7.99,0.00,0.00,R,,,USD,DB
70000245,03050,06,1,20250207,184437,000000094202,1.715,1.99,3.41,0.00,0.00,S,6014181861,,USD,CS
70000245,03050,06,2,20250207,184437,000000040203,1,11.99,11.99,0.00,0.00,S,6014181861,,USD,CS
70000245,03050,06,3,20250207,184437,000004493001,1,5.49,5.49,0.00,0.34,S,6014181861,,USD,CS
70000245,03050,06,4,20250207,184437,000000020103,1,4.99,4.99,0.00,0.00,S,6014181861,,USD,CS
70000245,03050,06,5,20250207,184437,000000005101,1,7.99,7.99,0.00,0.00,S,6014181861,,USD,CS
70000246,03050,01,1,20250207,175013,000004473002,3,2.79,8.37,0.00,0.52,S,,,USD,CS
70000246,03050,01,2,20250207,175013,000000093325,1.021,3.99,4.07,0.00,0.00,S,,,USD,CS
70000246,03050,01,3,20250207,175013,000000093402,1.189,3.29,3.91,0.00,0.00,S,,,USD,CS
70000247,03050,04,1,20250207,144237,000004483001,1,4.99,4.99,0.00,0.31,S,,,USD,CS
70000248,03050,02,1,20250207,181805,000004483002,1,3.49,3.49,0.00,0.22,R,6077251996,,USD,CC
70000249,00317,05,1,20250207,124430,000000093501,1,6.09,6.09,0.00,0.00,S,,,CAD,CS
70000250,00317,01,1,20250207,115554,000004471024,2,4.69,9.38,0.00,0.59,S,6026042232,,CAD,CC
70000250,00317,01,2,20250207,115554,000000005103,1,9.49,9.49,0.00,0.00,S,6026042232,,CAD,CC
70000251,00317,05,1,20250207,134854,000000094102,1,4.69,4.69,0.00,0.00,S,,,CAD,CS
70000252,00317,06,1,20250207,164929,000000094202,1.192,2.69,3.21,0.00,0.00,S,,,CAD,CC
70000252,00317,06,2,20250207,164929,000000094101,1,5.39,5.39,0.00,0.00,S,,,CAD,CC
70000252,00317,06,3,20250207,164929,000004492050,2,2.99,5.98,0.00,0.37,S,,,CAD,CC
70000252,00317,06,4,20250207,164929,000004483001,3,6.79,20.37,0.00,1.27,S,,,CAD,CC
70000252,00317,06,5,20250207,164929,000000005012,2,5.39,10.78,0.00,0.00,S,,,CAD,CC
70000252,00317,06,6,20250207,164929,000000551020,2,18.99,37.98,18.99,1.19,S,,BG25W01,CAD,CC
70000253,00317,04,1,20250207,162743,000004472001,1,5.39,5.39,0.00,0.34,S,,,CAD,DB
70000254,00317,06,1,20250207,92725,000004472001,1,5.39,5.39,0.00,0.34,S,,,CAD,CS
70000255,00317,06,1,20250207,202507,000004471023,1,4.69,4.69,0.00,0.29,S,6028715399,,CAD,DB
70000256,00317,06,1,20250207,183416,000004473001,1,4.09,4.09,0.00,0.26,S,,,CAD,GC
70000256,00317,06,2,20250207,183416,000000094203,0.581,1.99,1.16,0.00,0.00,S,,,CAD,GC
70000257,00317,03,1,20250207,172217,000000094201,0.801,2.29,1.83,0.00,0.00,R,,,CAD,CC
70000258,00317,02,1,20250207,150417,000004471024,1,4.69,4.69,0.00,0.29,S,,,CAD,CS
70000258,00317,02,2,20250207,150417,000000005013,1,5.29,5.29,0.00,0.00,S,,,CAD,CS
70000258,00317,02,3,20250207,150417,000000030101,1,9.49,9.49,0.00,0.00,S,,,CAD,CS
70000258,00317,02,4,20250207,150417,000004471024,1,4.69,4.69,0.00,0.29,S,,,CAD,CS
70000258,00317,02,5,20250207,150417,000004472003,1,4.49,4.49,0.00,0.28,S,,,CAD,CS
70000259,00317,02,1,20250207,122521,000000040101,0.341,25.79,8.79,0.00,0.00,S,,,CAD,CC
70000259,00317,02,2,20250207,122521,000000562002,1,11.49,11.49,0.00,0.72,S,,,CAD,CC
70000259,00317,02,3,20250207,122521,000000005012,1,5.39,5.39,0.00,0.00,S,,,CAD,CC
70000260,00317,06,1,20250207,75957,000000020103,2,6.79,13.58,0.00,0.00,S,,,CAD,GC
70000260,00317,06,2,20250207,75957,000000094103,2,5.19,10.38,5.19,0.00,S,,BG25W01,CAD,GC
70000261,00317,01,1,20250207,144452,000004472002,1,6.09,6.09,0.00,0.38,S,,,CAD,DB
70000262,00317,05,1,20250207,195817,000000031101,0.477,33.99,16.21,0.00,0.00,S,6001372151,,CAD,DB
70000262,00317,05,2,20250207,195817,000004481003,1,6.79,6.79,0.00,0.42,S,6001372151,,CAD,DB
70000263,00317,04,1,20250207,154035,000004483001,1,6.79,6.79,0.00,0.42,S,,,CAD,CC
70000263,00317,04,2,20250207,154035,000000562001,2,14.89,29.78,0.00,1.86,S,,,CAD,CC
70000263,00317,04,3,20250207,154035,000004482001,2,18.99,37.98,0.00,2.37,S,,,CAD,CC
70000263,00317,04,4,20250207,154035,000000094102,1,4.69,4.69,0.00,0.00,S,,,CAD,CC
70000264,01042,05,1,20250208,122726,000000020102,1,3.49,3.49,0.00,0.00,S,,,USD,CC
70000264,01042,05,2,20250208,122726,000000094101,1,3.99,3.99,0.00,0.00,S,,,USD,CC
70000265,01042,03,1,20250208,160712,000000551020,2,13.99,27.98,13.99,0.87,S,,BG25W01,USD,CC
70000265,01042,03,2,20250208,160712,000000040102,1.892,16.99,32.15,0.00,0.00,S,,,USD,CC
70000265,01042,03,3,20250208,160712,000000094102,1,3.49,3.49,0.00,0.00,S,,,USD,CC
70000266,01042,02,1,20250208,145354,000000561001,1,9.99,9.99,0.00,0.62,S,,,USD,CS
70000267,01042,06,1,20250208,154609,000000030103,1,8.99,8.99,0.00,0.00,S,,,USD,CS
70000267,01042,06,2,20250208,154609,000000094202,1.384,1.99,2.75,0.00,0.00,S,,,USD,CS
70000268,01042,05,1,20250208,191357,000000020103,2,4.99,9.98,0.00,0.00,S,6094065578,,USD,DB
70000269,01042,02,1,20250208,141244,000004492002,2,1.49,2.98,0.00,0.19,S,,,USD,CC
70000269,01042,02,2,20250208,141244,000000020102,1,3.49,3.49,0.00,0.00,S,,,USD,CC
70000270,01042,04,1,20250208,142125,000004482001,2,13.99,27.98,0.00,1.75,S,,,USD,CC
70000270,01042,04,2,20250208,142125,000004482002,2,17.99,35.98,0.00,2.25,S,,,USD,CC
70000271,01042,04,1,20250208,100220,000000005101,1,7.99,7.99,0.00,0.00,R,,,USD,CC
70000272,01042,06,1,20250208,171357,000000094301,0.694,4.39,3.05,0.00,0.00,S,6095979647,,USD,CS
70000272,01042,06,2,20250208,171357,000000020101,2,2.49,4.98,2.49,0.00,S,6095979647,BG25W01,USD,CS
70000272,01042,06,3,20250208,171357,000000020102,1,3.49,3.49,0.00,0.00,S,6095979647,,USD,CS
70000272,01042,06,4,20250208,171357,000004471023,1,3.49,3.49,0.00,0.22,S,6095979647,,USD,CS
70000272,01042,06,5,20250208,171357,000004492003,1,2.29,2.29,0.00,0.14,S,6095979647,,USD,CS
70000273,01042,02,1,20250208,143926,000000094101,1,3.99,3.99,0.00,0.00,S,6028137214,,USD,DB
70000274,01042,03,1,20250208,205002,000000040102,1.836,16.99,31.19,0.00,0.00,S,6037524310,,USD,GC
70000275,01107,06,1,20250208,161011,000004483001,2,4.99,9.98,0.00,0.62,S,,,USD,GC
70000275,01107,06,2,20250208,161011,000004483001,1,4.99,4.99,0.00,0.31,S,,,USD,GC
70000275,01107,06,3,20250208,161011,000000020101,2,2.49,4.98,2.49,0.00,S,,BG25W01,USD,GC
70000275,01107,06,4,20250208,161011,000004481001,1,7.99,7.99,0.00,0.50,S,,,USD,GC
70000275,01107,06,5,20250208,161011,000000094203,1.581,1.49,2.36,0.00,0.00,S,,,USD,GC
70000276,01107,04,1,20250208,102403,000004483002,2,3.49,6.98,0.00,0.44,S,,,USD,CC
70000277,02210,02,1,20250208,161555,000000005013,1,3.89,3.89,0.00,0.00,S,,,USD,CC
70000277,02210,02,2,20250208,161555,000000094201,2.133,1.69,3.60,0.00,0.00,S,,,USD,CC
70000277,02210,02,3,20250208,161555,000004491003,1,1.99,1.99,0.00,0.12,S,,,USD,CC
70000278,02210,06,1,20250208,70638,000000005013,1,3.89,3.89,0.00,0.00,S,,,USD,CS
70000279,02210,05,1,20250208,190612,000000561001,1,9.99,9.99,0.00,0.62,S,6043468239,,USD,DB
70000279,02210,05,2,20250208,190612,000000031101,1.440,24.99,35.99,0.00,0.00,S,6043468239,,USD,DB
70000280,02210,01,1,20250208,175403,000000552002,3,3.99,11.97,0.00,0.75,S,6087158415,,USD,GC
70000280,02210,01,2,20250208,175403,000000030202,1,11.49,11.49,0.00,0.00,S,6087158415,,USD,GC
70000281,02210,06,1,20250208,214637,000000094101,2,3.99,7.98,0.00,0.00,S,6031538882,,USD,DB
70000281,02210,06,2,20250208,214637,000000094103,2,3.79,7.58,3.79,0.00,S,6031538882,BG25W01,USD,DB
70000281,02210,06,3,20250208,214637,000000020101,2,2.49,4.98,2.49,0.00,S,6031538882,BG25W01,USD,DB
70000281,02210,06,4,20250208,214637,000004491002,2,6.99,13.98,0.00,0.87,S,6031538882,,USD,DB
70000282,02210,06,1,20250208,210339,000004471030,1,3.99,3.99,0.00,0.25,S,,,USD,DB
70000282,02210,06,2,20250208,210339,000000561002,1,7.49,7.49,0.00,0.47,S,,,USD,DB
70000282,02210,06,3,20250208,210339,000000094103,2,3.79,7.58,3.79,0.00,S,,BG25W01,USD,DB
70000282,02210,06,4,20250208,210339,000000094203,0.647,1.49,0.96,0.00,0.00,S,,,USD,DB
70000282,02210,06,5,20250208,210339,000000005103,1,6.99,6.99,0.00,0.00,S,,,USD,DB
70000283,02210,01,1,20250208,141912,000000030103,1,8.99,8.99,0.00,0.00,S,6053988547,,USD,CC
70000283,02210,01,2,20250208,141912,000004471023,2,3.49,6.98,0.00,0.44,S,6053988547,,USD,CC
70000283,02210,01,3,20250208,141912,000000005103,1,6.99,6.99,0.00,0.00,S,6053988547,,USD,CC
70000283,02210,01,4,20250208,141912,000000562002,1,8.49,8.49,0.00,0.53,S,6053988547,,USD,CC
70000283,02210,01,5,20250208,141912,000004483001,1,4.99,4.99,0.00,0.31,S,6053988547,,USD,CC
70000284,02210,01,1,20250208,174659,000004472001,1,3.99,3.99,0.00,0.25,S,,,USD,DB
70000284,02210,01,2,20250208,174659,000000040101,0.315,18.99,5.98,0.00,0.00,S,,,USD,DB
70000284,02210,01,3,20250208,174659,000000093321,1.469,1.49,2.19,0.00,0.00,S,,,USD,DB
70000284,02210,01,4,20250208,174659,000000005201,2,3.99,7.98,0.00,0.00,S,,,USD,DB
70000284,02210,01,5,20250208,174659,000000552001,1,4.49,4.49,0.00,0.28,S,,,USD,DB
70000285,02210,03,1,20250208,125608,000000020203,1,6.49,6.49,0.00,0.00,S,,,USD,GC
70000286,02210,01,1,20250208,71157,000000093401,1.960,5.49,10.76,0.00,0.00,S,,,USD,CS
70000286,02210,01,2,20250208,71157,000000020201,1,5.49,5.49,0.00,0.00,S,,,USD,CS
70000286,02210,01,3,20250208,71157,000000551020,2,13.99,27.98,13.99,0.87,S,,BG25W01,USD,CS
70000286,02210,01,4,20250208,71157,000000094102,1,3.49,3.49,0.00,0.00,S,,,USD,CS
70000286,02210,01,5,20250208,71157,000000005301,2,5.49,10.98,0.00,0.00,S,,,USD,CS
70000286,02210,01,6,20250208,71157,000000094103,2,3.79,7.58,3.79,0.00,S,,BG25W01,USD,CS
70000287,02210,03,1,20250208,124736,000004481002,1,7.99,7.99,0.00,0.50,S,6036820506,,USD,CS
70000287,02210,03,2,20250208,124736,000000094102,1,3.49,3.49,0.00,0.00,S,6036820506,,USD,CS
70000288,02210,03,1,20250208,112529,000000005013,1,3.89,3.89,0.00,0.00,S,,,USD,DB
70000288,02210,03,2,20250208,112529,000004481002,1,7.99,7.99,0.00,0.50,S,,,USD,DB
70000288,02210,03,3,20250208,112529,000000005020,1,4.49,4.49,0.00,0.00,S,,,USD,DB
70000288,02210,03,4,20250208,112529,000000040203,3,11.99,35.97,0.00,0.00,S,,,USD,DB
70000288,02210,03,5,20250208,112529,000000020101,2,2.49,4.98,2.49,0.00,S,,BG25W01,USD,DB
70000289,02211,05,1,20250208,173918,000004483002,1,3.49,3.49,0.00,0.22,S,6096727578,,USD,CC
70000289,02211,05,2,20250208,173918,000004493001,1,5.49,5.49,0.00,0.34,S,6096727578,,USD,CC
70000289,02211,05,3,20250208,173918,000004472001,3,3.99,11.97,0.00,0.75,S,6096727578,,USD,CC
70000289,02211,05,4,20250208,173918,000004471040,1,2.49,2.49,0.00,0.16,S,6096727578,,USD,CC
70000289,02211,05,5,20250208,173918,000000005302,2,3.49,6.98,0.00,0.00,S,6096727578,,USD,CC
70000289,02211,05,6,20250208,173918,000004481001,1,7.99,7.99,0.00,0.50,S,6096727578,,USD,CC
70000290,02211,05,1,20250208,175615,000004491002,1,6.99,6.99,0.00,0.44,S,,,USD,DB
70000290,02211,05,2,20250208,175615,000000040201,1,8.99,8.99,0.00,0.00,S,,,USD,DB
70000290,02211,05,3,20250208,175615,000000552002,1,3.99,3.99,0.00,0.25,S,,,USD,DB
70000290,02211,05,4,20250208,175615,000000005201,1,3.99,3.99,0.00,0.00,S,,,USD,DB
70000291,02211,01,1,20250208,112951,000000020101,2,2.49,4.98,2.49,0.00,S,6048595325,BG25W01,USD,CS
70000291,02211,01,2,20250208,112951,000004471030,3,3.99,11.97,0.00,0.75,S,6048595325,,USD,CS
70000291,02211,01,3,20250208,112951,000000005012,2,3.99,7.98,0.00,0.00,S,6048595325,,USD,CS
70000291,02211,01,4,20250208,112951,000000040101,2.159,18.99,41.00,0.00,0.00,S,6048595325,,USD,CS
70000291,02211,01,5,20250208,112951,000004493001,1,5.49,5.49,0.00,0.34,S,6048595325,,USD,CS
70000292,02211,06,1,20250208,212531,000004472002,1,4.49,4.49,0.00,0.28,S,6079420074,,USD,CC
70000292,02211,06,2,20250208,212531,000000031101,1.217,24.99,30.41,0.00,0.00,S,6079420074,,USD,CC
70000292,02211,06,3,20250208,212531,000000020201,1,5.49,5.49,0.00,0.00,S,6079420074,,USD,CC
70000292,02211,06,4,20250208,212531,000000020201,1,5.49,5.49,0.00,0.00,S,6079420074,,USD,CC
70000293,02305,02,1,20250208,190840,000004491001,1,2.49,2.49,0.00,0.16,S,,,USD,DB
70000294,02305,02,1,20250208,111332,000004472003,2,3.29,6.58,0.00,0.41,S,6075902517,,USD,GC
70000294,02305,02,2,20250208,111332,000000040203,1,11.99,11.99,0.00,0.00,S,6075902517,,USD,GC
70000294,02305,02,3,20250208,111332,000000561002,2,7.49,14.98,0.00,0.94,S,6075902517,,USD,GC
70000294,02305,02,4,20250208,111332,000000551020,2,13.99,27.98,13.99,0.87,S,6075902517,BG25W01,USD,GC
70000295,02305,01,1,20250208,185940,000000552001,1,4.49,4.49,0.00,0.28,S,,,USD,GC
70000295,02305,01,2,20250208,185940,000000005202,1,5.99,5.99,0.00,0.00,S,,,USD,GC
70000296,02305,03,1,20250208,70720,000000031102,1.530,19.99,30.58,0.00,0.00,S,6008656756,,USD,GC
70000296,02305,03,2,20250208,70720,000000005201,2,3.99,7.98,0.00,0.00,S,6008656756,,USD,GC
70000296,02305,03,3,20250208,70720,000000093322,1.206,1.99,2.40,0.00,0.00,S,6008656756,,USD,GC
70000296,02305,03,4,20250208,70720,000000020101,1,2.49,2.49,0.00,0.00,S,6008656756,,USD,GC
70000297,02305,04,1,20250208,172842,000000030202,2,11.49,22.98,0.00,0.00,S,,,USD,DB
70000298,02305,01,1,20250208,162312,000004492001,2,1.79,3.58,0.00,0.22,S,,,USD,DB
70000299,02305,04,1,20250208,180507,000000005013,1,3.89,3.89,0.00,0.00,S,6020962893,,USD,CC
70000299,02305,04,2,20250208,180507,000000562002,2,8.49,16.98,0.00,1.06,S,6020962893,,USD,CC
70000299,02305,04,3,20250208,180507,000004481003,1,4.99,4.99,0.00,0.31,S,6020962893,,USD,CC
70000299,02305,04,4,20250208,180507,000004482003,2,5.49,10.98,0.00,0.69,S,6020962893,,USD,CC
70000299,02305,04,5,20250208,180507,000004493002,1,3.99,3.99,0.00,0.25,S,6020962893,,USD,CC
70000299,02305,04,6,20250208,180507,000004493002,1,3.99,3.99,0.00,0.25,S,6020962893,,USD,CC
70000300,02305,06,1,20250208,164752,000000551020,2,13.99,27.98,13.99,0.87,S,,BG25W01,USD,CC
70000300,02305,06,2,20250208,164752,000000040101,0.925,18.99,17.57,0.00,0.00,S,,,USD,CC
70000301,02305,06,1,20250208,84414,000004472003,1,3.29,3.29,0.00,0.21,S,6070027206,,USD,CS
70000301,02305,06,2,20250208,84414,000000551020,2,13.99,27.98,13.99,0.87,S,6070027206,BG25W01,USD,CS
70000301,02305,06,3,20250208,84414,000000093321,0.729,1.49,1.09,0.00,0.00,S,6070027206,,USD,CS
70000302,02305,01,1,20250208,124821,000000551021,2,11.99,23.98,0.00,1.50,S,,,USD,CC
70000302,02305,01,2,20250208,124821,000004471040,1,2.49,2.49,0.00,0.16,S,,,USD,CC
70000302,02305,01,3,20250208,124821,000000005201,1,3.99,3.99,0.00,0.00,S,,,USD,CC
70000302,02305,01,4,20250208,124821,000000040101,2.083,18.99,39.56,0.00,0.00,S,,,USD,CC
70000302,02305,01,5,20250208,124821,000004472003,1,3.29,3.29,0.00,0.21,S,,,USD,CC
70000302,02305,01,6,20250208,124821,000004482002,1,17.99,17.99,0.00,1.12,S,,,USD,CC
70000303,02305,06,1,20250208,190058,000000031102,0.995,19.99,19.89,0.00,0.00,S,6010752245,,USD,GC
70000303,02305,06,2,20250208,190058,000004491001,1,2.49,2.49,0.00,0.16,S,6010752245,,USD,GC
70000303,02305,06,3,20250208,190058,000000020101,2,2.49,4.98,2.49,0.00,S,6010752245,BG25W01,USD,GC
70000304,02305,02,1,20250208,153138,000004481003,1,4.99,4.99,0.00,0.31,S,6075823133,,USD,CC
70000304,02305,02,2,20250208,153138,000000552002,3,3.99,11.97,0.00,0.75,S,6075823133,,USD,CC
70000304,02305,02,3,20250208,153138,000000093401,2.159,5.49,11.85,0.00,0.00,S,6075823133,,USD,CC
70000304,02305,02,4,20250208,153138,000004482003,1,5.49,5.49,0.00,0.34,S,6075823133,,USD,CC
70000305,02305,06,1,20250208,182715,000000020202,1,5.99,5.99,0.00,0.00,S,,,USD,CS
70000306,02305,01,1,20250208,164640,000000020101,2,2.49,4.98,2.49,0.00,S,6092459375,BG25W01,USD,CS
70000306,02305,01,2,20250208,164640,000000030201,1,9.99,9.99,0.00,0.00,S,6092459375,,USD,CS
70000307,03050,02,1,20250208,110643,000000552001,1,4.49,4.49,0.00,0.28,S,,,USD,GC
70000307,03050,02,2,20250208,110643,000000005201,2,3.99,7.98,0.00,0.00,S,,,USD,GC
70000307,03050,02,3,20250208,110643,000004483002,1,3.49,3.49,0.00,0.22,S,,,USD,GC
70000308,03050,06,1,20250208,82718,000000030102,1,14.99,14.99,0.00,0.00,S,6079806603,,USD,DB
70000308,03050,06,2,20250208,82718,000004481003,1,4.99,4.99,0.00,0.31,S,6079806603,,USD,DB
70000308,03050,06,3,20250208,82718,000000040203,1,11.99,11.99,0.00,0.00,S,6079806603,,USD,DB
70000309,03050,05,1,20250208,70301,000000030102,1,14.99,14.99,0.00,0.00,S,6031453038,,USD,DB
70000309,03050,05,2,20250208,70301,000000005102,1,5.49,5.49,0.00,0.00,S,6031453038,,USD,DB
70000309,03050,05,3,20250208,70301,000000040201,1,8.99,8.99,0.00,0.00,S,6031453038,,USD,DB
70000309,03050,05,4,20250208,70301,000004481001,1,7.99,7.99,0.00,0.50,S,6031453038,,USD,DB
70000310,03050,04,1,20250208,134511,000000094102,1,3.49,3.49,0.00,0.00,S,6054691373,,USD,DB
70000310,03050,04,2,20250208,134511,000004482003,1,5.49,5.49,0.00,0.34,S,6054691373,,USD,DB
70000311,03050,01,1,20250208,111908,000000020101,1,2.49,2.49,0.00,0.00,S,,,USD,DB
70000312,03050,05,1,20250208,175234,000000094103,2,3.79,7.58,3.79,0.00,S,6028137214,BG25W01,USD,DB
70000312,03050,05,2,20250208,175234,000004481003,2,4.99,9.98,0.00,0.62,S,6028137214,,USD,DB
70000312,03050,05,3,20250208,175234,000000562002,1,8.49,8.49,0.00,0.53,S,6028137214,,USD,DB
70000312,03050,05,4,20250208,175234,000000020101,1,2.49,2.49,0.00,0.00,S,6028137214,,USD,DB
70000312,03050,05,5,20250208,175234,000000093410,1.336,3.99,5.33,0.00,0.00,S,6028137214,,USD,DB
70000312,03050,05,6,20250208,175234,000004491001,2,2.49,4.98,0.00,0.31,S,6028137214,,USD,DB
70000313,00317,06,1,20250208,200438,000000020203,2,8.79,17.58,0.00,0.00,S,,,CAD,GC
70000313,00317,06,2,20250208,200438,000004481002,1,10.89,10.89,0.00,0.68,S,,,CAD,GC
70000314,00317,05,1,20250208,134513,000000094302,1.046,7.49,7.83,0.00,0.00,S,6023850371,,CAD,CC
70000314,00317,05,2,20250208,134513,000004492003,1,3.09,3.09,0.00,0.19,S,6023850371,,CAD,CC
70000315,00317,04,1,20250208,151019,000000040101,0.939,25.79,24.22,0.00,0.00,S,,,CAD,DB
70000315,00317,04,2,20250208,151019,000000552001,1,6.09,6.09,0.00,0.38,S,,,CAD,DB
70000315,00317,04,3,20250208,151019,000000094302,1.578,7.49,11.82,0.00,0.00,S,,,CAD,DB
70000315,00317,04,4,20250208,151019,000000093402,1.665,4.49,7.48,0.00,0.00,S,,,CAD,DB
70000315,00317,04,5,20250208,151019,000000552001,2,6.09,12.18,0.00,0.76,S,,,CAD,DB
70000316,00317,01,1,20250208,150038,000000093402,0.886,4.49,3.98,0.00,0.00,S,,,CAD,CS
70000316,00317,01,2,20250208,150038,000000005020,1,6.09,6.09,0.00,0.00,S,,,CAD,CS
70000317,00317,06,1,20250208,105331,000000094301,0.406,5.99,2.43,0.00,0.00,S,6024268774,,CAD,CC
70000317,00317,06,2,20250208,105331,000004482002,1,24.49,24.49,0.00,1.53,S,6024268774,,CAD,CC
70000317,00317,06,3,20250208,105331,000000040203,2,16.29,32.58,0.00,0.00,S,6024268774,,CAD,CC
70000317,00317,06,4,20250208,105331,000004481002,1,10.89,10.89,0.00,0.68,S,6024268774,,CAD,CC
70000318,00317,01,1,20250208,103246,000004481003,1,6.79,6.79,0.00,0.42,S,,,CAD,DB
70000318,00317,01,2,20250208,103246,000000094201,0.346,2.29,0.79,0.00,0.00,S,,,CAD,DB
70000319,00317,02,1,20250208,193806,000000031101,1.821,33.99,61.90,0.00,0.00,S,,,CAD,GC
70000320,00317,02,1,20250208,175909,000004491002,1,9.49,9.49,0.00,0.59,S,6038860868,,CAD,DB
70000321,00317,02,1,20250208,142213,000004492050,2,2.99,5.98,0.00,0.37,S,,,CAD,DB
70000321,00317,02,2,20250208,142213,000000005201,1,5.39,5.39,0.00,0.00,S,,,CAD,DB
70000321,00317,02,3,20250208,142213,000000020101,2,3.39,6.78,3.39,0.00,S,,BG25W01,CAD,DB
70000321,00317,02,4,20250208,142213,000000551020,1,18.99,18.99,0.00,1.19,S,,,CAD,DB
70000322,00317,01,1,20250208,192918,000004472003,2,4.49,8.98,0.00,0.56,S,6013875927,,CAD,DB
70000323,00317,03,1,20250208,122419,000004471023,1,4.69,4.69,0.00,0.29,S,,,CAD,CC
70000323,00317,03,2,20250208,122419,000000030103,1,12.19,12.19,0.00,0.00,S,,,CAD,CC
70000323,00317,03,3,20250208,122419,000004491002,1,9.49,9.49,0.00,0.59,S,,,CAD,CC
70000324,00317,04,1,20250208,172050,000000020101,2,3.39,6.78,3.39,0.00,S,,BG25W01,CAD,CC
70000324,00317,04,2,20250208,172050,000000030102,1,20.39,20.39,0.00,0.00,S,,,CAD,CC
70000324,00317,04,3,20250208,172050,000000020202,3,8.09,24.27,0.00,0.00,S,,,CAD,CC
70000325,00317,02,1,20250208,155813,000004471023,1,4.69,4.69,0.00,0.29,S,6055855665,,CAD,CC
70000325,00317,02,2,20250208,155813,000000561002,1,10.19,10.19,0.00,0.64,S,6055855665,,CAD,CC
70000325,00317,02,3,20250208,155813,000004471023,1,4.69,4.69,0.00,0.29,S,6055855665,,CAD,CC
70000325,00317,02,4,20250208,155813,000000093502,1,5.39,5.39,0.00,0.00,S,6055855665,,CAD,CC
70000326,00317,02,1,20250208,212936,000004473002,1,3.79,3.79,0.00,0.24,S,6071240659,,CAD,DB
70000326,00317,02,2,20250208,212936,000004473001,1,4.09,4.09,0.00,0.26,S,6071240659,,CAD,DB
70000326,00317,02,3,20250208,212936,000004482001,1,18.99,18.99,0.00,1.19,S,6071240659,,CAD,DB
70000327,00317,04,1,20250208,93025,000004472002,1,6.09,6.09,0.00,0.38,S,6081974005,,CAD,DB
70000328,00317,06,1,20250208,214416,000000030201,1,13.59,13.59,0.00,0.00,S,,,CAD,CS
70000328,00317,06,2,20250208,214416,000000005103,1,9.49,9.49,0.00,0.00,S,,,CAD,CS
70000328,00317,06,3,20250208,214416,000000562002,1,11.49,11.49,0.00,0.72,S,,,CAD,CS
70000328,00317,06,4,20250208,214416,000004482001,1,18.99,18.99,0.00,1.19,S,,,CAD,CS
70000329,01042,03,1,20250209,175320,000000005103,1,6.99,6.99,0.00,0.00,S,,,USD,CS
70000329,01042,03,2,20250209,175320,000000030103,2,8.99,17.98,0.00,0.00,S,,,USD,CS
70000329,01042,03,3,20250209,175320,000004492001,1,1.79,1.79,0.00,0.11,S,,,USD,CS
70000329,01042,03,4,20250209,175320,000004481002,1,7.99,7.99,0.00,0.50,S,,,USD,CS
70000330,01042,02,1,20250209,114059,000000005202,2,5.99,11.98,0.00,0.00,S,,,USD,CC
70000331,01042,01,1,20250209,85357,000000094103,1,3.79,3.79,0.00,0.00,S,6015093771,,USD,DB
70000332,01042,02,1,20250209,103055,000000005013,2,3.89,7.78,0.00,0.00,S,,,USD,CC
70000332,01042,02,2,20250209,103055,000004473003,1,3.49,3.49,0.00,0.22,S,,,USD,CC
70000333,01042,06,1,20250209,162045,000000020201,1,5.49,5.49,0.00,0.00,S,,,USD,CC
70000333,01042,06,2,20250209,162045,000000005101,1,7.99,7.99,0.00,0.00,S,,,USD,CC
70000333,01042,06,3,20250209,162045,000004471024,1,3.49,3.49,0.00,0.22,S,,,USD,CC
70000333,01042,06,4,20250209,162045,000000040101,1.676,18.99,31.83,0.00,0.00,S,,,USD,CC
70000333,01042,06,5,20250209,162045,000004472003,1,3.29,3.29,0.00,0.21,S,,,USD,CC
70000333,01042,06,6,20250209,162045,000000040201,3,8.99,26.97,0.00,0.00,S,,,USD,CC
70000334,01042,03,1,20250209,204231,000000020202,1,5.99,5.99,0.00,0.00,S,,,USD,CC
70000334,01042,03,2,20250209,204231,000004482002,3,17.99,53.97,0.00,3.37,S,,,USD,CC
70000335,01042,04,1,20250209,141124,000004481002,1,7.99,7.99,0.00,0.50,S,,,USD,CC
70000336,01042,01,1,20250209,132912,000000552001,2,4.49,8.98,4.49,0.28,S,,BG25W02,USD,DB
70000336,01042,01,2,20250209,132912,000000040102,1.729,16.99,29.38,0.00,0.00,S,,,USD,DB
70000336,01042,01,3,20250209,132912,000004473003,3,3.49,10.47,0.00,0.65,S,,,USD,DB
70000337,01042,04,1,20250209,70614,000004492002,1,1.49,1.49,0.00,0.09,S,6008545667,,USD,CS
70000337,01042,04,2,20250209,70614,000000093322,0.996,1.99,1.98,0.00,0.00,S,6008545667,,USD,CS
70000337,01042,04,3,20250209,70614,000000020101,1,2.49,2.49,0.00,0.00,S,6008545667,,USD,CS
70000337,01042,04,4,20250209,70614,000000020102,1,3.49,3.49,0.00,0.00,S,6008545667,,USD,CS
70000338,01042,05,1,20250209,122325,000000551020,1,13.99,13.99,0.00,0.87,S,6019196570,,USD,DB
70000338,01042,05,2,20250209,122325,000004492001,2,1.79,3.58,1.79,0.11,S,6019196570,BG25W02,USD,DB
70000338,01042,05,3,20250209,122325,000000005302,1,3.49,3.49,0.00,0.00,S,6019196570,,USD,DB
70000338,01042,05,4,20250209,122325,000000094102,2,3.49,6.98,0.00,0.00,S,6019196570,,USD,DB
70000338,01042,05,5,20250209,122325,000000020203,1,6.49,6.49,0.00,0.00,S,6019196570,,USD,DB
70000339,01107,03,1,20250209,165025,000004473001,1,2.99,2.99,0.00,0.19,S,,,USD,CC
70000339,01107,03,2,20250209,165025,000000040201,1,8.99,8.99,0.00,0.00,S,,,USD,CC
70000339,01107,03,3,20250209,165025,000000005012,1,3.99,3.99,0.00,0.00,S,,,USD,CC
70000339,01107,03,4,20250209,165025,000004492002,2,1.49,2.98,0.00,0.19,S,,,USD,CC
70000339,01107,03,5,20250209,165025,000004492002,1,1.49,1.49,0.00,0.09,S,,,USD,CC
70000339,01107,03,6,20250209,165025,000000040203,1,11.99,11.99,0.00,0.00,S,,,USD,CC
70000340,01107,03,1,20250209,115514,000000031101,0.986,24.99,24.64,0.00,0.00,S,,,USD,CS
70000341,01107,03,1,20250209,71528,000004491001,2,2.49,4.98,0.00,0.31,S,,,USD,GC
70000341,01107,03,2,20250209,71528,000004483002,1,3.49,3.49,0.00,0.22,S,,,USD,GC
70000341,01107,03,3,20250209,71528,000000020203,1,6.49,6.49,0.00,0.00,S,,,USD,GC
70000341,01107,03,4,20250209,71528,000004472003,1,3.29,3.29,0.00,0.21,S,,,USD,GC
70000341,01107,03,5,20250209,71528,000004492002,2,1.49,2.98,0.00,0.19,S,,,USD,GC
70000341,01107,03,6,20250209,71528,000000552001,1,4.49,4.49,0.00,0.28,S,,,USD,GC
70000342,01107,05,1,20250209,71910,000004481002,1,7.99,7.99,0.00,0.50,S,,,USD,CS
70000342,01107,05,2,20250209,71910,000000040201,1,8.99,8.99,0.00,0.00,S,,,USD,CS
70000343,01107,01,1,20250209,81250,000004491002,1,6.99,6.99,0.00,0.44,S,,,USD,GC
70000343,01107,01,2,20250209,81250,000000005202,1,5.99,5.99,0.00,0.00,S,,,USD,GC
70000343,01107,01,3,20250209,81250,000004492001,2,1.79,3.58,1.79,0.11,S,,BG25W02,USD,GC
70000343,01107,01,4,20250209,81250,000000005302,1,3.49,3.49,0.00,0.00,S,,,USD,GC
70000343,01107,01,5,20250209,81250,000000005020,1,4.49,4.49,0.00,0.00,S,,,USD,GC
70000343,01107,01,6,20250209,81250,000000020203,1,6.49,6.49,0.00,0.00,S,,,USD,GC
70000344,01107,06,1,20250209,200232,000000005302,1,3.49,3.49,0.00,0.00,S,,,USD,CS
70000344,01107,06,2,20250209,200232,000004481003,1,4.99,4.99,0.00,0.31,S,,,USD,CS
70000345,02210,02,1,20250209,105320,000000094202,2.050,1.99,4.08,0.00,0.00,S,,,USD,DB
70000346,02210,01,1,20250209,160650,000000040201,2,8.99,17.98,0.00,0.00,S,6038105955,,USD,CS
70000346,02210,01,2,20250209,160650,000000562002,1,8.49,8.49,0.00,0.53,S,6038105955,,USD,CS
70000346,02210,01,3,20250209,160650,000000005013,1,3.89,3.89,0.00,0.00,S,6038105955,,USD,CS
70000347,02210,05,1,20250209,173243,000000094103,2,3.79,7.58,0.00,0.00,S,,,USD,DB
70000347,02210,05,2,20250209,173243,000000552001,1,4.49,4.49,0.00,0.28,S,,,USD,DB
70000347,02210,05,3,20250209,173243,000000005201,1,3.99,3.99,0.00,0.00,S,,,USD,DB
70000347,02210,05,4,20250209,173243,000004473001,1,2.99,2.99,0.00,0.19,S,,,USD,DB
70000347,02210,05,5,20250209,173243,000000005101,1,7.99,7.99,0.00,0.00,S,,,USD,DB
70000348,02210,04,1,20250209,124255,000004491003,1,1.99,1.99,0.00,0.12,S,6017990421,,USD,CC
70000348,02210,04,2,20250209,124255,000000094101,1,3.99,3.99,0.00,0.00,S,6017990421,,USD,CC
70000348,02210,04,3,20250209,124255,000004482003,1,5.49,5.49,0.00,0.34,S,6017990421,,USD,CC
70000348,02210,04,4,20250209,124255,000000005201,1,3.99,3.99,0.00,0.00,S,6017990421,,USD,CC
70000349,02210,04,1,20250209,104928,000000005301,3,5.49,16.47,0.00,0.00,S,,,USD,CC
70000349,02210,04,2,20250209,104928,000004481001,1,7.99,7.99,0.00,0.50,S,,,USD,CC
70000350,02210,06,1,20250209,90504,000000030101,2,6.99,13.98,0.00,0.00,S,,,USD,DB
70000350,02210,06,2,20250209,90504,000000005013,1,3.89,3.89,0.00,0.00,S,,,USD,DB
70000350,02210,06,3,20250209,90504,000004482002,1,17.99,17.99,0.00,1.12,S,,,USD,DB
70000351,02210,01,1,20250209,92609,000000552001,1,4.49,4.49,0.00,0.28,S,,,USD,CC
70000351,02210,01,2,20250209,92609,000000093325,1.137,3.99,4.54,0.00,0.00,S,,,USD,CC
70000351,02210,01,3,20250209,92609,000000093502,1,3.99,3.99,0.00,0.00,S,,,USD,CC
70000352,02210,04,1,20250209,111216,000000031102,2.047,19.99,40.92,0.00,0.00,S,6034210890,,USD,DB
70000352,02210,04,2,20250209,111216,000000020102,1,3.49,3.49,0.00,0.00,S,6034210890,,USD,DB
70000353,02210,05,1,20250209,162624,000000040201,2,8.99,17.98,0.00,0.00,S,,,USD,DB
70000354,02210,06,1,20250209,100634,000000030103,1,8.99,8.99,0.00,0.00,S,,,USD,DB
70000355,02210,03,1,20250209,73545,000004482002,1,17.99,17.99,0.00,1.12,S,6000934596,,USD,GC
70000355,02210,03,2,20250209,73545,000000030101,1,6.99,6.99,0.00,0.00,S,6000934596,,USD,GC
70000355,02210,03,3,20250209,73545,000000005020,3,4.49,13.47,0.00,0.00,S,6000934596,,USD,GC
70000355,02210,03,4,20250209,73545,000000030103,1,8.99,8.99,0.00,0.00,S,6000934596,,USD,GC
70000356,02210,06,1,20250209,94626,000000020201,1,5.49,5.49,0.00,0.00,S,,,USD,DB
70000356,02210,06,2,20250209,94626,000000031101,1.847,24.99,46.16,0.00,0.00,S,,,USD,DB
70000356,02210,06,3,20250209,94626,000004483001,1,4.99,4.99,0.00,0.31,S,,,USD,DB
70000356,02210,06,4,20250209,94626,000000005102,2,5.49,10.98,0.00,0.00,S,,,USD,DB
70000356,02210,06,5,20250209,94626,000004482002,2,17.99,35.98,0.00,2.25,S,,,USD,DB
70000357,02211,06,1,20250209,144541,000004471023,1,3.49,3.49,0.00,0.22,S,,,USD,CS
70000357,02211,06,2,20250209,144541,000000040202,1,14.99,14.99,0.00,0.00,S,,,USD,CS
70000357,02211,06,3,20250209,144541,000000005020,1,4.49,4.49,0.00,0.00,S,,,USD,CS
70000358,02211,02,1,20250209,154401,000000005202,1,5.99,5.99,0.00,0.00,S,6015134228,,USD,CC
70000358,02211,02,2,20250209,154401,000004491001,1,2.49,2.49,0.00,0.16,S,6015134228,,USD,CC
70000358,02211,02,3,20250209,154401,000000040201,3,8.99,26.97,0.00,0.00,S,6015134228,,USD,CC
70000358,02211,02,4,20250209,154401,000004472002,1,4.49,4.49,0.00,0.28,S,6015134228,,USD,CC
70000358,02211,02,5,20250209,154401,000004471030,1,3.99,3.99,0.00,0.25,S,6015134228,,USD,CC
70000358,02211,02,6,20250209,154401,000004491001,1,2.49,2.49,0.00,0.16,S,6015134228,,USD,CC
70000359,02211,02,1,20250209,122746,000000040102,1.094,16.99,18.59,0.00,0.00,S,6062543617,,USD,CC
70000359,02211,02,2,20250209,122746,000000005302,2,3.49,6.98,0.00,0.00,S,6062543617,,USD,CC
70000359,02211,02,3,20250209,122746,000000040202,2,14.99,29.98,0.00,0.00,S,6062543617,,USD,CC
70000360,02305,04,1,20250209,91337,000004473001,2,2.99,5.98,0.00,0.37,S,6041209117,,USD,CC
70000361,02305,01,1,20250209,150243,000000040201,1,8.99,8.99,0.00,0.00,S,6087920698,,USD,DB
70000361,02305,01,2,20250209,150243,000000562001,1,10.99,10.99,0.00,0.69,S,6087920698,,USD,DB
70000361,02305,01,3,20250209,150243,000004473002,1,2.79,2.79,0.00,0.17,S,6087920698,,USD,DB
70000361,02305,01,4,20250209,150243,000000005201,1,3.99,3.99,0.00,0.00,S,6087920698,,USD,DB
70000362,02305,05,1,20250209,155146,000004491002,1,6.99,6.99,0.00,0.44,S,,,USD,CS
70000362,02305,05,2,20250209,155146,000000040202,3,14.99,44.97,0.00,0.00,S,,,USD,CS
70000362,02305,05,3,20250209,155146,000000561002,1,7.49,7.49,0.00,0.47,S,,,USD,CS
70000362,02305,05,4,20250209,155146,000000094302,1.487,5.49,8.16,0.00,0.00,S,,,USD,CS
70000362,02305,05,5,20250209,155146,000000561002,1,7.49,7.49,0.00,0.47,S,,,USD,CS
70000362,02305,05,6,20250209,155146,000004481001,2,7.99,15.98,0.00,1.00,S,,,USD,CS
70000363,02305,02,1,20250209,151409,000000005302,1,3.49,3.49,0.00,0.00,S,,,USD,CC
70000363,02305,02,2,20250209,151409,000000561002,2,7.49,14.98,0.00,0.94,S,,,USD,CC
70000363,02305,02,3,20250209,151409,000000031101,2.047,24.99,51.15,0.00,0.00,S,,,USD,CC
70000363,02305,02,4,20250209,151409,000000094203,0.500,1.49,0.74,0.00,0.00,S,,,USD,CC
70000363,02305,02,5,20250209,151409,000004493002,1,3.99,3.99,0.00,0.25,S,,,USD,CC
70000363,02305,02,6,20250209,151409,000004471024,2,3.49,6.98,0.00,0.44,S,,,USD,CC
70000364,02305,04,1,20250209,170449,000004483001,1,4.99,4.99,0.00,0.31,S,6041209117,,USD,CC
70000365,02305,03,1,20250209,91123,000000093402,1.021,3.29,3.36,0.00,0.00,S,6049998279,,USD,DB
70000365,02305,03,2,20250209,91123,000000040203,1,11.99,11.99,0.00,0.00,S,6049998279,,USD,DB
70000365,02305,03,3,20250209,91123,000004492001,2,1.79,3.58,1.79,0.11,S,6049998279,BG25W02,USD,DB
70000365,02305,03,4,20250209,91123,000000005013,1,3.89,3.89,0.00,0.00,S,6049998279,,USD,DB
70000365,02305,03,5,20250209,91123,000000005202,1,5.99,5.99,0.00,0.00,S,6049998279,,USD,DB
70000366,02305,04,1,20250209,183210,000000040203,2,11.99,23.98,0.00,0.00,S,6047705383,,USD,DB
70000366,02305,04,2,20250209,183210,000000030101,1,6.99,6.99,0.00,0.00,S,6047705383,,USD,DB
70000366,02305,04,3,20250209,183210,000004492001,2,1.79,3.58,1.79,0.11,S,6047705383,BG25W02,USD,DB
70000366,02305,04,4,20250209,183210,000000561002,1,7.49,7.49,0.00,0.47,S,6047705383,,USD,DB
70000367,02305,06,1,20250209,211355,000000005102,1,5.49,5.49,0.00,0.00,S,,,USD,CS
70000367,02305,06,2,20250209,211355,000000552001,2,4.49,8.98,4.49,0.28,S,,BG25W02,USD,CS
70000368,02305,02,1,20250209,133431,000004472001,1,3.99,3.99,0.00,0.25,S,6014060293,,USD,CS
70000368,02305,02,2,20250209,133431,000000031101,1.143,24.99,28.56,0.00,0.00,S,6014060293,,USD,CS
70000369,03050,01,1,20250209,193142,000000005012,1,3.99,3.99,0.00,0.00,S,6082661287,,USD,CS
70000369,03050,01,2,20250209,193142,000004492001,2,1.79,3.58,1.79,0.11,S,6082661287,BG25W02,USD,CS
70000369,03050,01,3,20250209,193142,000004482002,3,17.99,53.97,0.00,3.37,S,6082661287,,USD,CS
70000370,03050,02,1,20250209,125431,000004493001,1,5.49,5.49,0.00,0.34,S,6077251996,,USD,GC
70000370,03050,02,2,20250209,125431,000004471030,1,3.99,3.99,0.00,0.25,S,6077251996,,USD,GC
70000371,03050,06,1,20250209,163253,000000005301,1,5.49,5.49,0.00,0.00,S,6032290310,,USD,GC
70000371,03050,06,2,20250209,163253,000000005103,1,6.99,6.99,0.00,0.00,S,6032290310,,USD,GC
70000372,03050,06,1,20250209,114734,000000094302,1.092,5.49,6.00,0.00,0.00,S,,,USD,GC
70000373,03050,06,1,20250209,130603,000000093402,0.436,3.29,1.43,0.00,0.00,S,,,USD,CC
70000373,03050,06,2,20250209,130603,000000030102,1,14.99,14.99,0.00,0.00,S,,,USD,CC
70000373,03050,06,3,20250209,130603,000000005013,1,3.89,3.89,0.00,0.00,S,,,USD,CC
70000373,03050,06,4,20250209,130603,000000030202,1,11.49,11.49,0.00,0.00,S,,,USD,CC
70000373,03050,06,5,20250209,130603,000000094203,1.078,1.49,1.61,0.00,0.00,S,,,USD,CC
70000374,03050,06,1,20250209,92036,000000551021,1,11.99,11.99,0.00,0.75,S,6068784991,,USD,CC
70000374,03050,06,2,20250209,92036,000000093410,1.527,3.99,6.09,0.00,0.00,S,6068784991,,USD,CC
70000375,00317,06,1,20250209,204724,000004472002,1,6.09,6.09,0.00,0.38,S,6062251790,,CAD,CS
70000376,00317,05,1,20250209,90730,000000031101,1.575,33.99,53.53,0.00,0.00,S,,,CAD,DB
70000376,00317,05,2,20250209,90730,000000030102,1,20.39,20.39,0.00,0.00,S,,,CAD,DB
70000376,00317,05,3,20250209,90730,000000040202,1,20.39,20.39,0.00,0.00,S,,,CAD,DB
70000377,00317,01,1,20250209,173730,000000094202,2.104,2.69,5.66,0.00,0.00,S,,,CAD,GC
70000378,00317,04,1,20250209,153714,000004481001,1,10.89,10.89,0.00,0.68,S,,,CAD,DB
70000378,00317,04,2,20250209,153714,000004481001,2,10.89,21.78,0.00,1.36,S,,,CAD,DB
70000378,00317,04,3,20250209,153714,000000094103,3,5.19,15.57,0.00,0.00,S,,,CAD,DB
70000379,00317,04,1,20250209,130311,000000040101,1.786,25.79,46.06,0.00,0.00,S,,,CAD,CC
70000379,00317,04,2,20250209,130311,000004482003,1,7.49,7.49,0.00,0.47,S,,,CAD,CC
70000379,00317,04,3,20250209,130311,000000005101,1,10.89,10.89,0.00,0.00,S,,,CAD,CC
70000379,00317,04,4,20250209,130311,000004481002,1,10.89,10.89,0.00,0.68,S,,,CAD,CC
70000380,00317,06,1,20250209,121509,000004491003,1,2.69,2.69,0.00,0.17,S,,,CAD,CS
70000380,00317,06,2,20250209,121509,000000005201,1,5.39,5.39,0.00,0.00,S,,,CAD,CS
70000381,00317,06,1,20250209,172947,000000020203,1,8.79,8.79,0.00,0.00,S,,,CAD,CS
70000382,00317,05,1,20250209,85247,000000005013,1,5.29,5.29,0.00,0.00,S,6097852491,,CAD,GC
70000382,00317,05,2,20250209,85247,000000552001,2,6.09,12.18,6.09,0.38,S,6097852491,BG25W02,CAD,GC
70000382,00317,05,3,20250209,85247,000000005101,1,10.89,10.89,0.00,0.00,S,6097852491,,CAD,GC
70000382,00317,05,4,20250209,85247,000000020201,1,7.49,7.49,0.00,0.00,S,6097852491,,CAD,GC
70000383,00317,06,1,20250209,122320,000004492001,2,2.39,4.78,2.39,0.15,S,,BG25W02,CAD,CC
70000383,00317,06,2,20250209,122320,000000094203,1.564,1.99,3.11,0.00,0.00,S,,,CAD,CC
70000383,00317,06,3,20250209,122320,000000005013,2,5.29,10.58,0.00,0.00,S,,,CAD,CC
70000384,01042,01,1,20250210,160258,000004492001,1,1.79,1.79,0.00,0.11,S,,,USD,GC
70000385,01042,05,1,20250210,154626,000000040102,0.656,16.99,11.15,0.00,0.00,S,,,USD,DB
70000385,01042,05,2,20250210,154626,000000093325,0.807,3.99,3.22,0.00,0.00,S,,,USD,DB
70000385,01042,05,3,20250210,154626,000004483001,1,4.99,4.99,0.00,0.31,S,,,USD,DB
70000385,01042,05,4,20250210,154626,000004481001,1,7.99,7.99,0.00,0.50,S,,,USD,DB
70000385,01042,05,5,20250210,154626,000000030102,1,14.99,14.99,0.00,0.00,S,,,USD,DB
70000386,01042,02,1,20250210,194721,000004482003,2,5.49,10.98,0.00,0.69,S,6082931027,,USD,DB
70000386,01042,02,2,20250210,194721,000004473002,1,2.79,2.79,0.00,0.17,S,6082931027,,USD,DB
70000386,01042,02,3,20250210,194721,000004473001,2,2.99,5.98,0.00,0.37,S,6082931027,,USD,DB
70000387,01042,06,1,20250210,184116,000000005201,1,3.99,3.99,0.00,0.00,S,6011182422,,USD,CC
70000387,01042,06,2,20250210,184116,000004472003,1,3.29,3.29,0.00,0.21,S,6011182422,,USD,CC
70000387,01042,06,3,20250210,184116,000004471023,3,3.49,10.47,0.00,0.65,S,6011182422,,USD,CC
70000388,01042,03,1,20250210,172355,000000094201,0.630,1.69,1.06,0.00,0.00,S,6036321234,,USD,CC
70000388,01042,03,2,20250210,172355,000000020203,1,6.49,6.49,0.00,0.00,S,6036321234,,USD,CC
70000388,01042,03,3,20250210,172355,000000552001,1,4.49,4.49,0.00,0.28,S,6036321234,,USD,CC
70000388,01042,03,4,20250210,172355,000000552001,2,4.49,8.98,4.49,0.28,S,6036321234,BG25W02,USD,CC
70000389,01042,05,1,20250210,114946,000000093401,1.312,5.49,7.20,0.00,0.00,S,6035365419,,USD,GC
70000390,01042,01,1,20250210,173142,000000094203,1.530,1.49,2.28,0.00,0.00,S,,,USD,CC
70000391,01107,01,1,20250210,171339,000000005103,1,6.99,6.99,0.00,0.00,S,,,USD,GC
70000391,01107,01,2,20250210,171339,000000562001,1,10.99,10.99,0.00,0.69,S,,,USD,GC
70000391,01107,01,3,20250210,171339,000000040101,2.112,18.99,40.11,0.00,0.00,S,,,USD,GC
70000391,01107,01,4,20250210,171339,000004473001,2,2.99,5.98,0.00,0.37,S,,,USD,GC
70000391,01107,01,5,20250210,171339,000004473002,1,2.79,2.79,0.00,0.17,S,,,USD,GC
70000391,01107,01,6,20250210,171339,000000020101,1,2.49,2.49,0.00,0.00,S,,,USD,GC
70000392,01107,01,1,20250210,171738,000004472002,1,4.49,4.49,0.00,0.28,S,,,USD,CC
70000392,01107,01,2,20250210,171738,000000093402,1.187,3.29,3.91,0.00,0.00,S,,,USD,CC
70000392,01107,01,3,20250210,171738,000004492002,2,1.49,2.98,0.00,0.19,S,,,USD,CC
70000392,01107,01,4,20250210,171738,000000020203,2,6.49,12.98,0.00,0.00,S,,,USD,CC
70000392,01107,01,5,20250210,171738,000000020202,2,5.99,11.98,0.00,0.00,S,,,USD,CC
70000392,01107,01,6,20250210,171738,000004493002,1,3.99,3.99,0.00,0.25,S,,,USD,CC
70000393,01107,01,1,20250210,162848,000000020201,2,5.49,10.98,0.00,0.00,S,,,USD,DB
70000394,01107,02,1,20250210,194131,000000005020,1,4.49,4.49,0.00,0.00,S,6065421406,,USD,GC
70000394,01107,02,2,20250210,194131,000004472003,2,3.29,6.58,0.00,0.41,S,6065421406,,USD,GC
70000394,01107,02,3,20250210,194131,000000094301,1.224,4.39,5.37,0.00,0.00,S,6065421406,,USD,GC
70000395,01107,01,1,20250210,135354,000000005301,1,5.49,5.49,0.00,0.00,S,6075150939,,USD,DB
70000396,02210,01,1,20250210,190440,000000030102,1,14.99,14.99,0.00,0.00,S,6005673030,,USD,CC
70000396,02210,01,2,20250210,190440,000004482001,1,13.99,13.99,0.00,0.87,S,6005673030,,USD,CC
70000397,02210,02,1,20250210,120906,000000005202,1,5.99,5.99,0.00,0.00,S,,,USD,CC
70000397,02210,02,2,20250210,120906,000000005302,1,3.49,3.49,0.00,0.00,S,,,USD,CC
70000397,02210,02,3,20250210,120906,000004482001,3,13.99,41.97,0.00,2.62,S,,,USD,CC
70000398,02210,01,1,20250210,85544,000000005302,2,3.49,6.98,0.00,0.00,S,,,USD,DB
70000398,02210,01,2,20250210,85544,000000020103,1,4.99,4.99,0.00,0.00,S,,,USD,DB
70000399,02210,02,1,20250210,201114,000000040102,1.954,16.99,33.20,0.00,0.00,S,6009209819,,USD,DB
70000399,02210,02,2,20250210,201114,000000005201,1,3.99,3.99,0.00,0.00,S,6009209819,,USD,DB
70000400,02210,06,1,20250210,90129,000004493001,2,5.49,10.98,0.00,0.69,S,,,USD,CC
70000400,02210,06,2,20250210,90129,000000020202,1,5.99,5.99,0.00,0.00,S,,,USD,CC
70000401,02210,01,1,20250210,70344,000004493002,2,3.99,7.98,0.00,0.50,S,,,USD,GC
70000401,02210,01,2,20250210,70344,000000093325,0.524,3.99,2.09,0.00,0.00,S,,,USD,GC
70000401,02210,01,3,20250210,70344,000000005013,1,3.89,3.89,0.00,0.00,S,,,USD,GC
70000402,02210,03,1,20250210,190027,000000030202,1,11.49,11.49,0.00,0.00,S,6045465535,,USD,DB
70000402,02210,03,2,20250210,190027,000004482002,1,17.99,17.99,0.00,1.12,S,6045465535,,USD,DB
70000402,02210,03,3,20250210,190027,000004483001,1,4.99,4.99,0.00,0.31,S,6045465535,,USD,DB
70000403,02211,01,1,20250210,170522,000004493001,1,5.49,5.49,0.00,0.34,S,6080043973,,USD,DB
70000403,02211,01,2,20250210,170522,000000094203,1.760,1.49,2.62,0.00,0.00,S,6080043973,,USD,DB
70000403,02211,01,3,20250210,170522,000000031102,2.090,19.99,41.78,0.00,0.00,S,6080043973,,USD,DB
70000403,02211,01,4,20250210,170522,000004472001,1,3.99,3.99,0.00,0.25,S,6080043973,,USD,DB
70000404,02211,01,1,20250210,145658,000004482002,1,17.99,17.99,0.00,1.12,S,6038497916,,USD,GC
70000405,02211,01,1,20250210,72555,000004473002,1,2.79,2.79,0.00,0.17,S,,,USD,CC
70000405,02211,01,2,20250210,72555,000004492002,1,1.49,1.49,0.00,0.09,S,,,USD,CC
70000405,02211,01,3,20250210,72555,000004491003,1,1.99,1.99,0.00,0.12,S,,,USD,CC
70000405,02211,01,4,20250210,72555,000004473001,1,2.99,2.99,0.00,0.19,S,,,USD,CC
70000405,02211,01,5,20250210,72555,000004473001,2,2.99,5.98,0.00,0.37,S,,,USD,CC
70000406,02305,05,1,20250210,180632,000004471023,3,3.49,10.47,0.00,0.65,S,6062543617,,USD,GC
70000406,02305,05,2,20250210,180632,000000005103,1,6.99,6.99,0.00,0.00,S,6062543617,,USD,GC
70000406,02305,05,3,20250210,180632,000000093401,1.538,5.49,8.44,0.00,0.00,S,6062543617,,USD,GC
70000407,02305,06,1,20250210,112139,000004482003,3,5.49,16.47,0.00,1.03,S,,,USD,GC
70000408,02305,03,1,20250210,123418,000004491003,2,1.99,3.98,0.00,0.25,S,,,USD,CC
70000408,02305,03,2,20250210,123418,000004481002,1,7.99,7.99,0.00,0.50,S,,,USD,CC
70000409,02305,03,1,20250210,162747,000004481001,1,7.99,7.99,0.00,0.50,S,,,USD,CC
70000409,02305,03,2,20250210,162747,000000020103,1,4.99,4.99,0.00,0.00,S,,,USD,CC
70000410,02305,01,1,20250210,124743,000004482003,1,5.49,5.49,0.00,0.34,S,6054801571,,USD,GC
70000411,02305,01,1,20250210,103223,000004481001,1,7.99,7.99,0.00,0.50,S,,,USD,GC
70000412,02305,04,1,20250210,101659,000004492003,1,2.29,2.29,0.00,0.14,S,,,USD,CC
70000413,02305,01,1,20250210,115910,000000552001,2,4.49,8.98,4.49,0.28,S,6008656756,BG25W02,USD,CC
70000413,02305,01,2,20250210,115910,000000030103,3,8.99,26.97,0.00,0.00,S,6008656756,,USD,CC
70000414,02305,04,1,20250210,160501,000000040101,2.194,18.99,41.66,0.00,0.00,S,,,USD,GC
70000414,02305,04,2,20250210,160501,000000020201,1,5.49,5.49,0.00,0.00,S,,,USD,GC
70000415,02305,05,1,20250210,101800,000004482002,1,17.99,17.99,0.00,1.12,S,,,USD,CC
70000415,02305,05,2,20250210,101800,000000031102,0.523,19.99,10.45,0.00,0.00,S,,,USD,CC
70000415,02305,05,3,20250210,101800,000000005013,2,3.89,7.78,0.00,0.00,S,,,USD,CC
70000416,03050,01,1,20250210,84821,000000093322,1.155,1.99,2.30,0.00,0.00,S,,,USD,DB
70000416,03050,01,2,20250210,84821,000000551021,1,11.99,11.99,0.00,0.75,S,,,USD,DB
70000416,03050,01,3,20250210,84821,000004483001,2,4.99,9.98,0.00,0.62,S,,,USD,DB
70000416,03050,01,4,20250210,84821,000000040102,1.924,16.99,32.69,0.00,0.00,S,,,USD,DB
70000416,03050,01,5,20250210,84821,000004481001,3,7.99,23.97,0.00,1.50,S,,,USD,DB
70000417,03050,01,1,20250210,91217,000000005302,1,3.49,3.49,0.00,0.00,S,,,USD,CC
70000418,03050,01,1,20250210,191322,000000020201,1,5.49,5.49,0.00,0.00,S,,,USD,CC
70000418,03050,01,2,20250210,191322,000000005201,1,3.99,3.99,0.00,0.00,S,,,USD,CC
70000418,03050,01,3,20250210,191322,000004472001,1,3.99,3.99,0.00,0.25,S,,,USD,CC
70000419,03050,01,1,20250210,102112,000004471024,1,3.49,3.49,0.00,0.22,S,,,USD,GC
70000419,03050,01,2,20250210,102112,000000040201,1,8.99,8.99,0.00,0.00,S,,,USD,GC
70000419,03050,01,3,20250210,102112,000000005302,2,3.49,6.98,0.00,0.00,S,,,USD,GC
70000419,03050,01,4,20250210,102112,000000093321,1.798,1.49,2.68,0.00,0.00,S,,,USD,GC
70000420,03050,02,1,20250210,111557,000000093402,0.815,3.29,2.68,0.00,0.00,S,6039994853,,USD,GC
70000420,03050,02,2,20250210,111557,000004492001,1,1.79,1.79,0.00,0.11,S,6039994853,,USD,GC
70000420,03050,02,3,20250210,111557,000000093402,1.726,3.29,5.68,0.00,0.00,S,6039994853,,USD,GC
70000421,03050,05,1,20250210,85402,000000561002,1,7.49,7.49,0.00,0.47,S,,,USD,DB
70000421,03050,05,2,20250210,85402,000000030203,1,8.49,8.49,0.00,0.00,S,,,USD,DB
70000421,03050,05,3,20250210,85402,000004471024,1,3.49,3.49,0.00,0.22,S,,,USD,DB
70000422,00317,06,1,20250210,165757,000000093325,1.183,5.39,6.38,0.00,0.00,S,6037312552,,CAD,CC
70000423,00317,04,1,20250210,182715,000000093401,1.198,7.49,8.97,0.00,0.00,S,,,CAD,DB
70000423,00317,04,2,20250210,182715,000000005103,1,9.49,9.49,0.00,0.00,S,,,CAD,DB
70000424,00317,06,1,20250210,121043,000000093402,0.547,4.49,2.46,0.00,0.00,S,,,CAD,CS
70000424,00317,06,2,20250210,121043,000000030101,1,9.49,9.49,0.00,0.00,S,,,CAD,CS
70000424,00317,06,3,20250210,121043,000004482001,1,18.99,18.99,0.00,1.19,S,,,CAD,CS
70000424,00317,06,4,20250210,121043,000000561001,1,13.59,13.59,0.00,0.85,S,,,CAD,CS
70000424,00317,06,5,20250210,121043,000000551021,1,16.29,16.29,0.00,1.02,S,,,CAD,CS
70000425,01042,02,1,20250211,145742,000000561002,1,7.49,7.49,0.00,0.47,S,,,USD,GC
70000426,01042,04,1,20250211,104018,000004473003,1,3.49,3.49,0.00,0.22,S,,,USD,GC
70000426,01042,04,2,20250211,104018,000000005012,1,3.99,3.99,0.00,0.00,S,,,USD,GC
70000426,01042,04,3,20250211,104018,000000031101,1.838,24.99,45.93,0.00,0.00,S,,,USD,GC
70000427,01042,02,1,20250211,140910,000000093401,2.089,5.49,11.47,0.00,0.00,S,6099077262,,USD,CS
70000428,01042,02,1,20250211,133908,000000005102,1,5.49,5.49,0.00,0.00,S,,,USD,CS
70000428,01042,02,2,20250211,133908,000000005103,1,6.99,6.99,0.00,0.00,S,,,USD,CS
70000429,01107,03,1,20250211,72340,000000552001,1,4.49,4.49,0.00,0.28,S,,,USD,CC
70000429,01107,03,2,20250211,72340,000004471040,1,2.49,2.49,0.00,0.16,S,,,USD,CC
70000429,01107,03,3,20250211,72340,000004491003,1,1.99,1.99,0.00,0.12,S,,,USD,CC
70000430,01107,06,1,20250211,175223,000000005202,1,5.99,5.99,0.00,0.00,S,,,USD,DB
70000431,01107,02,1,20250211,172837,000000020102,2,3.49,6.98,0.00,0.00,S,6050000001,,USD,DB
70000432,01107,06,1,20250211,194345,000004493002,1,3.99,3.99,0.00,0.25,R,,,USD,DB
70000433,02210,06,1,20250211,92934,000000020201,1,5.49,5.49,0.00,0.00,S,6082043397,,USD,DB
70000433,02210,06,2,20250211,92934,000000093502,1,3.99,3.99,0.00,0.00,S,6082043397,,USD,DB
70000434,02210,02,1,20250211,103052,000004473002,1,2.79,2.79,0.00,0.17,S,6088450615,,USD,DB
70000434,02210,02,2,20250211,103052,000000040201,1,8.99,8.99,0.00,0.00,S,6088450615,,USD,DB
70000434,02210,02,3,20250211,103052,000000093401,1.479,5.49,8.12,0.00,0.00,S,6088450615,,USD,DB
70000435,02210,05,1,20250211,70444,000004491002,1,6.99,6.99,0.00,0.44,S,,,USD,CC
70000435,02210,05,2,20250211,70444,000000005020,1,4.49,4.49,0.00,0.00,S,,,USD,CC
70000435,02210,05,3,20250211,70444,000000020203,1,6.49,6.49,0.00,0.00,S,,,USD,CC
70000435,02210,05,4,20250211,70444,000000020202,1,5.99,5.99,0.00,0.00,S,,,USD,CC
70000435,02210,05,5,20250211,70444,000000005103,1,6.99,6.99,0.00,0.00,S,,,USD,CC
70000436,02210,02,1,20250211,193507,000000093401,0.267,5.49,1.47,0.00,0.00,S,,,USD,GC
70000436,02210,02,2,20250211,193507,000000030203,1,8.49,8.49,0.00,0.00,S,,,USD,GC
70000436,02210,02,3,20250211,193507,000000030201,2,9.99,19.98,0.00,0.00,S,,,USD,GC
70000436,02210,02,4,20250211,193507,000000094101,1,3.99,3.99,0.00,0.00,S,,,USD,GC
70000437,02305,01,1,20250211,93900,000004493002,2,3.99,7.98,0.00,0.50,S,6041724825,,USD,CC
70000437,02305,01,2,20250211,93900,000000094301,0.819,4.39,3.60,0.00,0.00,S,6041724825,,USD,CC
70000438,02305,03,1,20250211,163933,000000094302,1.681,5.49,9.23,0.00,0.00,S,,,USD,DB
70000438,02305,03,2,20250211,163933,000004491003,1,1.99,1.99,0.00,0.12,S,,,USD,DB
70000438,02305,03,3,20250211,163933,000000030203,1,8.49,8.49,0.00,0.00,S,,,USD,DB
70000439,02305,02,1,20250211,142305,000000005201,1,3.99,3.99,0.00,0.00,S,6016229991,,USD,DB
70000439,02305,02,2,20250211,142305,000004481003,1,4.99,4.99,0.00,0.31,S,6016229991,,USD,DB
70000440,02305,01,1,20250211,182204,000000030103,1,8.99,8.99,0.00,0.00,S,,,USD,CC
70000440,02305,01,2,20250211,182204,000004481003,1,4.99,4.99,0.00,0.31,S,,,USD,CC
70000440,02305,01,3,20250211,182204,000000094301,0.323,4.39,1.42,0.00,0.00,S,,,USD,CC
70000441,02305,06,1,20250211,180215,000004481002,1,7.99,7.99,0.00,0.50,S,,,USD,CC
70000442,02305,04,1,20250211,213232,000000005301,1,5.49,5.49,0.00,0.00,S,,,USD,GC
70000442,02305,04,2,20250211,213232,000004491002,1,6.99,6.99,0.00,0.44,S,,,USD,GC
70000442,02305,04,3,20250211,213232,000000020103,1,4.99,4.99,0.00,0.00,S,,,USD,GC
70000443,03050,05,1,20250211,102705,000004482002,1,17.99,17.99,0.00,1.12,S,6021267888,,USD,CC
70000443,03050,05,2,20250211,102705,000000562002,1,8.49,8.49,0.00,0.53,S,6021267888,,USD,CC
70000444,03050,05,1,20250211,95354,000000030101,1,6.99,6.99,0.00,0.00,S,,,USD,GC
70000444,03050,05,2,20250211,95354,000000005020,1,4.49,4.49,0.00,0.00,S,,,USD,GC
70000444,03050,05,3,20250211,95354,000000005201,1,3.99,3.99,0.00,0.00,S,,,USD,GC
70000444,03050,05,4,20250211,95354,000004492001,1,1.79,1.79,0.00,0.11,S,,,USD,GC
70000445,03050,02,1,20250211,152439,000000020101,1,2.49,2.49,0.00,0.00,S,6006157276,,USD,CC
70000445,03050,02,2,20250211,152439,000004471024,1,3.49,3.49,0.00,0.22,S,6006157276,,USD,CC
70000445,03050,02,3,20250211,152439,000004481001,1,7.99,7.99,0.00,0.50,S,6006157276,,USD,CC
70000446,03050,02,1,20250211,165435,000000562002,1,8.49,8.49,0.00,0.53,S,,,USD,DB
70000447,03050,01,1,20250211,205609,000000562001,1,10.99,10.99,0.00,0.69,S,,,USD,CC
70000447,03050,01,2,20250211,205609,000000562002,1,8.49,8.49,0.00,0.53,S,,,USD,CC
70000447,03050,01,3,20250211,205609,000004482001,1,13.99,13.99,0.00,0.87,S,,,USD,CC
70000447,03050,01,4,20250211,205609,000000094201,1.522,1.69,2.57,0.00,0.00,S,,,USD,CC
70000447,03050,01,5,20250211,205609,000000551021,2,11.99,23.98,0.00,1.50,S,,,USD,CC
70000448,00317,04,1,20250211,93956,000000005301,3,7.49,22.47,0.00,0.00,S,,,CAD,DB
70000448,00317,04,2,20250211,93956,000000030203,2,11.49,22.98,0.00,0.00,S,,,CAD,DB
70000448,00317,04,3,20250211,93956,000004482001,1,18.99,18.99,0.00,1.19,S,,,CAD,DB
70000448,00317,04,4,20250211,93956,000004493001,2,7.49,14.98,0.00,0.94,S,,,CAD,DB
70000449,00317,01,1,20250211,173618,000000005202,1,8.09,8.09,0.00,0.00,S,,,CAD,CC
70000449,00317,01,2,20250211,173618,000000005020,1,6.09,6.09,0.00,0.00,S,,,CAD,CC
70000449,00317,01,3,20250211,173618,000004481002,2,10.89,21.78,0.00,1.36,S,,,CAD,CC
70000449,00317,01,4,20250211,173618,000000020202,1,8.09,8.09,0.00,0.00,S,,,CAD,CC
70000450,00317,03,1,20250211,120731,000000020103,1,6.79,6.79,0.00,0.00,S,,,CAD,DB
70000450,00317,03,2,20250211,120731,000004471040,1,3.39,3.39,0.00,0.21,S,,,CAD,DB
70000450,00317,03,3,20250211,120731,000000093401,2.169,7.49,16.25,0.00,0.00,S,,,CAD,DB
70000450,00317,03,4,20250211,120731,000004482001,1,18.99,18.99,0.00,1.19,S,,,CAD,DB
70000451,00317,06,1,20250211,75441,000000094301,0.891,5.99,5.34,0.00,0.00,S,,,CAD,CS
70000451,00317,06,2,20250211,75441,000004471030,1,5.39,5.39,0.00,0.34,S,,,CAD,CS
70000451,00317,06,3,20250211,75441,000004492050,2,2.99,5.98,2.99,0.19,S,,BG25W02,CAD,CS
70000452,00317,04,1,20250211,172434,000000030201,1,13.59,13.59,0.00,0.00,S,,,CAD,DB
70000452,00317,04,2,20250211,172434,000004472003,1,4.49,4.49,0.00,0.28,S,,,CAD,DB
70000452,00317,04,3,20250211,172434,000000005020,1,6.09,6.09,0.00,0.00,S,,,CAD,DB
70000453,00317,02,1,20250211,172305,000000005102,1,7.49,7.49,0.00,0.00,S,6013875927,,CAD,GC
70000453,00317,02,2,20250211,172305,000004491003,1,2.69,2.69,0.00,0.17,S,6013875927,,CAD,GC
70000453,00317,02,3,20250211,172305,000000094203,0.429,1.99,0.85,0.00,0.00,S,6013875927,,CAD,GC
70000453,00317,02,4,20250211,172305,000000552002,1,5.39,5.39,0.00,0.34,S,6013875927,,CAD,GC
70000453,00317,02,5,20250211,172305,000004481003,1,6.79,6.79,0.00,0.42,S,6013875927,,CAD,GC
70000454,00317,03,1,20250211,130348,000000094202,1.594,2.69,4.29,0.00,0.00,S,6065240778,,CAD,DB
70000455,00317,06,1,20250211,165629,000000030202,1,15.59,15.59,0.00,0.00,S,6056532863,,CAD,DB
70000455,00317,06,2,20250211,165629,000000030102,1,20.39,20.39,0.00,0.00,S,6056532863,,CAD,DB
70000455,00317,06,3,20250211,165629,000004481003,1,6.79,6.79,0.00,0.42,S,6056532863,,CAD,DB
70000455,00317,06,4,20250211,165629,000004493002,1,5.39,5.39,0.00,0.34,S,6056532863,,CAD,DB
70000456,00317,02,1,20250211,143938,000004472003,1,4.49,4.49,0.00,0.28,S,,,CAD,DB
70000456,00317,02,2,20250211,143938,000000551020,1,18.99,18.99,0.00,1.19,S,,,CAD,DB
70000456,00317,02,3,20250211,143938,000000094202,1.398,2.69,3.76,0.00,0.00,S,,,CAD,DB
70000456,00317,02,4,20250211,143938,000000093501,1,6.09,6.09,0.00,0.00,S,,,CAD,DB
70000456,00317,02,5,20250211,143938,000000094202,1.398,2.69,3.76,0.00,0.00,V,,,CAD,DB
70000457,01042,01,1,20250212,184305,000000093503,2,4.29,8.58,0.00,0.00,S,,,USD,DB
70000457,01042,01,2,20250212,184305,000004483001,1,4.99,4.99,0.00,0.31,S,,,USD,DB
70000457,01042,01,3,20250212,184305,000004471024,1,3.49,3.49,0.00,0.22,S,,,USD,DB
70000457,01042,01,4,20250212,184305,000000020103,1,4.99,4.99,0.00,0.00,S,,,USD,DB
70000457,01042,01,5,20250212,184305,000000020103,1,4.99,4.99,0.00,0.00,S,,,USD,DB
70000457,01042,01,6,20250212,184305,000000551020,2,13.99,27.98,0.00,1.75,S,,,USD,DB
70000458,01042,02,1,20250212,144840,000000005202,2,5.99,11.98,0.00,0.00,S,,,USD,CS
70000458,01042,02,2,20250212,144840,000000561002,2,7.49,14.98,0.00,0.94,S,,,USD,CS
70000458,01042,02,3,20250212,144840,000004492003,1,2.29,2.29,0.00,0.14,S,,,USD,CS
70000458,01042,02,4,20250212,144840,000000562001,1,10.99,10.99,0.00,0.69,S,,,USD,CS
70000458,01042,02,5,20250212,144840,000000561002,2,7.49,14.98,0.00,0.94,S,,,USD,CS
70000459,01042,06,1,20250212,180925,000000093503,3,4.29,12.87,0.00,0.00,S,6021962633,,USD,GC
70000459,01042,06,2,20250212,180925,000004471040,1,2.49,2.49,0.00,0.16,S,6021962633,,USD,GC
70000460,01042,04,1,20250212,132849,000000005201,1,3.99,3.99,0.00,0.00,S,,,USD,DB
70000460,01042,04,2,20250212,132849,000000005101,2,7.99,15.98,0.00,0.00,S,,,USD,DB
70000460,01042,04,3,20250212,132849,000004482002,3,17.99,53.97,0.00,3.37,S,,,USD,DB
70000460,01042,04,4,20250212,132849,000000040102,1.312,16.99,22.29,0.00,0.00,S,,,USD,DB
70000460,01042,04,5,20250212,132849,000004491001,1,2.49,2.49,0.00,0.16,S,,,USD,DB
70000461,01042,04,1,20250212,211429,000000093501,1,4.49,4.49,0.00,0.00,S,,,USD,GC
70000462,01042,06,1,20250212,172227,000000562002,1,8.49,8.49,0.00,0.53,S,,,USD,DB
70000462,01042,06,2,20250212,172227,000000094301,1.424,4.39,6.25,0.00,0.00,S,,,USD,DB
70000463,01042,05,1,20250212,70044,000000005013,1,3.89,3.89,0.00,0.00,S,,,USD,CC
70000463,01042,05,2,20250212,70044,000004482001,1,13.99,13.99,0.00,0.87,S,,,USD,CC
70000463,01042,05,3,20250212,70044,000000030202,1,11.49,11.49,0.00,0.00,S,,,USD,CC
70000463,01042,05,4,20250212,70044,000000030202,1,11.49,11.49,0.00,0.00,S,,,USD,CC
70000464,01042,06,1,20250212,124620,000000552001,2,4.49,8.98,4.49,0.28,S,6036133254,BG25W02,USD,CC
70000465,01107,02,1,20250212,132500,000000005201,2,3.99,7.98,0.00,0.00,S,,,USD,CS
70000465,01107,02,2,20250212,132500,000000040201,1,8.99,8.99,0.00,0.00,S,,,USD,CS
70000465,01107,02,3,20250212,132500,000004492001,2,1.79,3.58,1.79,0.11,S,,BG25W02,USD,CS
70000466,01107,05,1,20250212,101738,000000005102,1,5.49,5.49,0.00,0.00,S,,,USD,GC
70000466,01107,05,2,20250212,101738,000000040101,0.526,18.99,9.99,0.00,0.00,S,,,USD,GC
70000466,01107,05,3,20250212,101738,000000030101,1,6.99,6.99,0.00,0.00,S,,,USD,GC
70000466,01107,05,4,20250212,101738,000000020201,1,5.49,5.49,0.00,0.00,S,,,USD,GC
70000466,01107,05,5,20250212,101738,000000005301,1,5.49,5.49,0.00,0.00,S,,,USD,GC
70000467,02211,04,1,20250212,175609,000000040101,1.344,18.99,25.52,0.00,0.00,S,6049735020,,USD,DB
70000467,02211,04,2,20250212,175609,000000005301,1,5.49,5.49,0.00,0.00,S,6049735020,,USD,DB
70000468,02305,02,1,20250212,211758,000000005020,2,4.49,8.98,0.00,0.00,S,6037583094,,USD,DB
70000468,02305,02,2,20250212,211758,000004473001,1,2.99,2.99,0.00,0.19,S,6037583094,,USD,DB
70000468,02305,02,3,20250212,211758,000004482001,2,13.99,27.98,0.00,1.75,S,6037583094,,USD,DB
70000468,02305,02,4,20250212,211758,000000094102,1,3.49,3.49,0.00,0.00,S,6037583094,,USD,DB
70000469,02305,06,1,20250212,134123,000000093410,2.011,3.99,8.02,0.00,0.00,S,,,USD,DB
70000469,02305,06,2,20250212,134123,000004473003,1,3.49,3.49,0.00,0.22,S,,,USD,DB
70000469,02305,06,3,20250212,134123,000000552001,2,4.49,8.98,4.49,0.28,S,,BG25W02,USD,DB
70000470,02305,04,1,20250212,164557,000000020202,1,5.99,5.99,0.00,0.00,S,,,USD,GC
70000470,02305,04,2,20250212,164557,000000020102,1,3.49,3.49,0.00,0.00,S,,,USD,GC
70000470,02305,04,3,20250212,164557,000000020203,1,6.49,6.49,0.00,0.00,S,,,USD,GC
70000470,02305,04,4,20250212,164557,000000005102,1,5.49,5.49,0.00,0.00,S,,,USD,GC
70000470,02305,04,5,20250212,164557,000000005102,1,5.49,5.49,0.00,0.00,S,,,USD,GC
70000471,02305,03,1,20250212,112230,000000562002,1,8.49,8.49,0.00,0.53,S,6064520599,,USD,GC
70000471,02305,03,2,20250212,112230,000000094203,1.047,1.49,1.56,0.00,0.00,S,6064520599,,USD,GC
70000471,02305,03,3,20250212,112230,000004482003,1,5.49,5.49,0.00,0.34,S,6064520599,,USD,GC
70000472,02305,03,1,20250212,201602,000004473002,2,2.79,5.58,0.00,0.35,S,6071639282,,USD,CC
70000473,02305,06,1,20250212,101100,000000093502,1,3.99,3.99,0.00,0.00,S,,,USD,GC
70000473,02305,06,2,20250212,101100,000000561002,1,7.49,7.49,0.00,0.47,S,,,USD,GC
70000473,02305,06,3,20250212,101100,000000005201,1,3.99,3.99,0.00,0.00,S,,,USD,GC
70000473,02305,06,4,20250212,101100,000000552002,1,3.99,3.99,0.00,0.25,S,,,USD,GC
70000474,02305,03,1,20250212,212113,000000020203,1,6.49,6.49,0.00,0.00,S,,,USD,DB
70000474,02305,03,2,20250212,212113,000000093503,1,4.29,4.29,0.00,0.00,S,,,USD,DB
70000474,02305,03,3,20250212,212113,000000040202,1,14.99,14.99,0.00,0.00,S,,,USD,DB
70000474,02305,03,4,20250212,212113,000004473002,1,2.79,2.79,0.00,0.17,S,,,USD,DB
70000475,02305,05,1,20250212,104904,000004491001,2,2.49,4.98,0.00,0.31,S,,,USD,GC
70000475,02305,05,2,20250212,104904,000004483001,2,4.99,9.98,0.00,0.62,S,,,USD,GC
70000475,02305,05,3,20250212,104904,000000030101,1,6.99,6.99,0.00,0.00,S,,,USD,GC
70000475,02305,05,4,20250212,104904,000000551021,1,11.99,11.99,0.00,0.75,S,,,USD,GC
70000476,03050,01,1,20250212,100215,000004492003,2,2.29,4.58,0.00,0.29,S,6053460605,,USD,CS
70000476,03050,01,2,20250212,100215,000000030203,1,8.49,8.49,0.00,0.00,S,6053460605,,USD,CS
70000477,03050,05,1,20250212,200052,000000020202,3,5.99,17.97,0.00,0.00,S,,,USD,CS
70000477,03050,05,2,20250212,200052,000004492001,2,1.79,3.58,1.79,0.11,S,,BG25W02,USD,CS
70000477,03050,05,3,20250212,200052,000000030101,1,6.99,6.99,0.00,0.00,S,,,USD,CS
70000477,03050,05,4,20250212,200052,000000552001,1,4.49,4.49,0.00,0.28,S,,,USD,CS
70000477,03050,05,5,20250212,200052,000000020103,1,4.99,4.99,0.00,0.00,S,,,USD,CS
70000477,03050,05,6,20250212,200052,000004471040,1,2.49,2.49,0.00,0.16,S,,,USD,CS
70000478,03050,04,1,20250212,113016,000000040201,1,8.99,8.99,0.00,0.00,S,6025699611,,USD,CC
70000478,03050,04,2,20250212,113016,000004472001,1,3.99,3.99,0.00,0.25,S,6025699611,,USD,CC
70000478,03050,04,3,20250212,113016,000004472001,1,3.99,3.99,0.00,0.25,S,6025699611,,USD,CC
70000478,03050,04,4,20250212,113016,000000005103,1,6.99,6.99,0.00,0.00,S,6025699611,,USD,CC
70000478,03050,04,5,20250212,113016,000004481003,1,4.99,4.99,0.00,0.31,S,6025699611,,USD,CC
70000479,03050,01,1,20250212,111538,000004473003,1,3.49,3.49,0.00,0.22,S,,,USD,CC
70000479,03050,01,2,20250212,111538,000004493001,1,5.49,5.49,0.00,0.34,S,,,USD,CC
70000480,03050,03,1,20250212,215718,000004491002,1,6.99,6.99,0.00,0.44,S,,,USD,DB
70000481,03050,01,1,20250212,205045,000000093402,0.547,3.29,1.80,0.00,0.00,S,6068784991,,USD,CS
70000481,03050,01,2,20250212,205045,000000094101,1,3.99,3.99,0.00,0.00,S,6068784991,,USD,CS
70000481,03050,01,3,20250212,205045,000000030101,1,6.99,6.99,0.00,0.00,S,6068784991,,USD,CS
70000481,03050,01,4,20250212,205045,000000005202,1,5.99,5.99,0.00,0.00,S,6068784991,,USD,CS
70000481,03050,01,5,20250212,205045,000000020101,1,2.49,2.49,0.00,0.00,S,6068784991,,USD,CS
70000482,00317,05,1,20250212,200436,000000005202,1,8.09,8.09,0.00,0.00,S,6010326642,,CAD,DB
70000482,00317,05,2,20250212,200436,000000020203,1,8.79,8.79,0.00,0.00,S,6010326642,,CAD,DB
70000482,00317,05,3,20250212,200436,000000551020,1,18.99,18.99,0.00,1.19,S,6010326642,,CAD,DB
70000482,00317,05,4,20250212,200436,000004472001,3,5.39,16.17,0.00,1.01,S,6010326642,,CAD,DB
70000482,00317,05,5,20250212,200436,000000005013,1,5.29,5.29,0.00,0.00,S,6010326642,,CAD,DB
70000483,00317,04,1,20250212,173828,000000562001,2,14.89,29.78,0.00,1.86,S,6064455618,,CAD,CC
70000483,00317,04,2,20250212,173828,000000020101,1,3.39,3.39,0.00,0.00,S,6064455618,,CAD,CC
70000483,00317,04,3,20250212,173828,000000005201,1,5.39,5.39,0.00,0.00,S,6064455618,,CAD,CC
70000483,00317,04,4,20250212,173828,000000093502,1,5.39,5.39,0.00,0.00,S,6064455618,,CAD,CC
70000483,00317,04,5,20250212,173828,000004472001,1,5.39,5.39,0.00,0.34,S,6064455618,,CAD,CC
70000484,00317,05,1,20250212,211926,000000093325,1.252,5.39,6.75,0.00,0.00,S,6081964825,,CAD,GC
70000485,00317,01,1,20250212,121857,000000093401,0.350,7.49,2.62,0.00,0.00,S,6099070755,,CAD,DB
70000485,00317,01,2,20250212,121857,000004472002,1,6.09,6.09,0.00,0.38,S,6099070755,,CAD,DB
70000485,00317,01,3,20250212,121857,000004492001,2,2.39,4.78,2.39,0.15,S,6099070755,BG25W02,CAD,DB
70000485,00317,01,4,20250212,121857,000000005012,1,5.39,5.39,0.00,0.00,S,6099070755,,CAD,DB
70000485,00317,01,5,20250212,121857,000000561001,2,13.59,27.18,0.00,1.70,S,6099070755,,CAD,DB
70000486,00317,03,1,20250212,151420,000000030202,1,15.59,15.59,0.00,0.00,S,,,CAD,CC
70000486,00317,03,2,20250212,151420,000000020103,1,6.79,6.79,0.00,0.00,S,,,CAD,CC
70000486,00317,03,3,20250212,151420,000004473003,1,4.69,4.69,0.00,0.29,S,,,CAD,CC
70000486,00317,03,4,20250212,151420,000004472001,2,5.39,10.78,0.00,0.67,S,,,CAD,CC
70000487,00317,01,1,20250212,112603,000000094201,0.445,2.29,1.02,0.00,0.00,S,,,CAD,DB
70000488,00317,04,1,20250212,165549,000000040102,0.311,23.09,7.18,0.00,0.00,S,6026042232,,CAD,DB
70000488,00317,04,2,20250212,165549,000000005013,1,5.29,5.29,0.00,0.00,S,6026042232,,CAD,DB
70000488,00317,04,3,20250212,165549,000004491003,1,2.69,2.69,0.00,0.17,S,6026042232,,CAD,DB
70000489,01042,06,1,20250213,143339,000004483002,1,3.49,3.49,0.00,0.22,S,,,USD,DB
70000489,01042,06,2,20250213,143339,000000561002,1,7.49,7.49,0.00,0.47,S,,,USD,DB
70000489,01042,06,3,20250213,143339,000000005103,1,6.99,6.99,0.00,0.00,S,,,USD,DB
70000489,01042,06,4,20250213,143339,000004481002,1,7.99,7.99,0.00,0.50,S,,,USD,DB
70000490,01042,03,1,20250213,114041,000000552002,1,3.99,3.99,0.00,0.25,S,,,USD,CC
70000490,01042,03,2,20250213,114041,000000020103,2,4.99,9.98,0.00,0.00,S,,,USD,CC
70000490,01042,03,3,20250213,114041,000004491001,2,2.49,4.98,0.00,0.31,S,,,USD,CC
70000490,01042,03,4,20250213,114041,000000030102,1,14.99,14.99,0.00,0.00,S,,,USD,CC
70000490,01042,03,5,20250213,114041,000000005012,1,3.99,3.99,0.00,0.00,S,,,USD,CC
70000490,01042,03,6,20250213,114041,000004491003,1,1.99,1.99,0.00,0.12,S,,,USD,CC
70000491,01042,03,1,20250213,133653,000000093401,1.084,5.49,5.95,0.00,0.00,S,6001284008,,USD,GC
70000491,01042,03,2,20250213,133653,000000093501,1,4.49,4.49,0.00,0.00,S,6001284008,,USD,GC
70000492,01042,06,1,20250213,160715,000000040101,1.697,18.99,32.23,0.00,0.00,S,,,USD,DB
70000492,01042,06,2,20250213,160715,000004481001,1,7.99,7.99,0.00,0.50,S,,,USD,DB
70000493,01042,01,1,20250213,160002,000000551021,1,11.99,11.99,0.00,0.75,S,6013060906,,USD,CC
70000493,01042,01,2,20250213,160002,000004493001,1,5.49,5.49,0.00,0.34,S,6013060906,,USD,CC
70000494,01042,04,1,20250213,122947,000000020102,1,3.49,3.49,0.00,0.00,S,6024572308,,USD,DB
70000495,01042,04,1,20250213,84541,000000093503,1,4.29,4.29,0.00,0.00,S,,,USD,DB
70000496,01042,05,1,20250213,104619,000000020102,1,3.49,3.49,0.00,0.00,S,,,USD,GC
70000497,02210,01,1,20250213,170203,000000030102,1,14.99,14.99,0.00,0.00,R,,,USD,DB
70000498,02210,06,1,20250213,183948,000000094302,1.770,5.49,9.72,0.00,0.00,S,6036820506,,USD,CC
70000498,02210,06,2,20250213,183948,000004493001,1,5.49,5.49,0.00,0.34,S,6036820506,,USD,CC
70000498,02210,06,3,20250213,183948,000004482001,1,13.99,13.99,0.00,0.87,S,6036820506,,USD,CC
70000499,02210,02,1,20250213,74742,000000093322,1.309,1.99,2.60,0.00,0.00,S,,,USD,CC
70000499,02210,02,2,20250213,74742,000000093503,1,4.29,4.29,0.00,0.00,S,,,USD,CC
70000499,02210,02,3,20250213,74742,000000093401,0.421,5.49,2.31,0.00,0.00,S,,,USD,CC
70000499,02210,02,4,20250213,74742,000000094103,1,3.79,3.79,0.00,0.00,S,,,USD,CC
70000499,02210,02,5,20250213,74742,000000561001,2,9.99,19.98,0.00,1.25,S,,,USD,CC
70000499,02210,02,6,20250213,74742,000000005201,1,3.99,3.99,0.00,0.00,S,,,USD,CC
70000500,02211,03,1,20250213,154104,000000093325,1.943,3.99,7.75,0.00,0.00,S,,,USD,CC
70000500,02211,03,2,20250213,154104,000000020101,1,2.49,2.49,0.00,0.00,S,,,USD,CC
70000500,02211,03,3,20250213,154104,000004492001,2,1.79,3.58,1.79,0.11,S,,BG25W02,USD,CC
70000501,02211,05,1,20250213,190404,000004492002,2,1.49,2.98,0.00,0.19,S,,,USD,GC
70000502,02211,02,1,20250213,142534,000000005301,1,5.49,5.49,0.00,0.00,S,6048889957,,USD,GC
70000502,02211,02,2,20250213,142534,000004471030,1,3.99,3.99,0.00,0.25,S,6048889957,,USD,GC
70000503,02211,02,1,20250213,171216,000004491001,1,2.49,2.49,0.00,0.16,S,,,USD,CC
70000503,02211,02,2,20250213,171216,000004482003,1,5.49,5.49,0.00,0.34,S,,,USD,CC
70000503,02211,02,3,20250213,171216,000000551021,1,11.99,11.99,0.00,0.75,S,,,USD,CC
70000503,02211,02,4,20250213,171216,000004483002,1,3.49,3.49,0.00,0.22,S,,,USD,CC
70000503,02211,02,5,20250213,171216,000000094302,0.929,5.49,5.10,0.00,0.00,S,,,USD,CC
70000504,02211,06,1,20250213,140454,000000040201,2,8.99,17.98,0.00,0.00,S,,,USD,GC
70000504,02211,06,2,20250213,140454,000000040201,1,8.99,8.99,0.00,0.00,S,,,USD,GC
70000504,02211,06,3,20250213,140454,000000094103,2,3.79,7.58,0.00,0.00,S,,,USD,GC
70000504,02211,06,4,20250213,140454,000000040202,1,14.99,14.99,0.00,0.00,S,,,USD,GC
70000505,02305,03,1,20250213,130337,000004472003,1,3.29,3.29,0.00,0.21,S,,,USD,CS
70000505,02305,03,2,20250213,130337,000004491003,1,1.99,1.99,0.00,0.12,S,,,USD,CS
70000505,02305,03,3,20250213,130337,000000005020,1,4.49,4.49,0.00,0.00,S,,,USD,CS
70000505,02305,03,4,20250213,130337,000004472001,2,3.99,7.98,0.00,0.50,S,,,USD,CS
70000505,02305,03,5,20250213,130337,000004492003,1,2.29,2.29,0.00,0.14,S,,,USD,CS
70000506,02305,01,1,20250213,194512,000004492001,2,1.79,3.58,1.79,0.11,S,,BG25W02,USD,CS
70000506,02305,01,2,20250213,194512,000004492002,2,1.49,2.98,0.00,0.19,S,,,USD,CS
70000506,02305,01,3,20250213,194512,000000551020,1,13.99,13.99,0.00,0.87,S,,,USD,CS
70000506,02305,01,4,20250213,194512,000000020102,2,3.49,6.98,0.00,0.00,S,,,USD,CS
70000506,02305,01,5,20250213,194512,000000093503,1,4.29,4.29,0.00,0.00,S,,,USD,CS
70000507,02305,03,1,20250213,104705,000000030102,1,14.99,14.99,0.00,0.00,S,,,USD,CC
70000507,02305,03,2,20250213,104705,000000020203,2,6.49,12.98,0.00,0.00,S,,,USD,CC
70000508,02305,05,1,20250213,130849,000004473002,2,2.79,5.58,0.00,0.35,S,,,USD,CC
70000508,02305,05,2,20250213,130849,000004481003,1,4.99,4.99,0.00,0.31,S,,,USD,CC
70000508,02305,05,3,20250213,130849,000000551020,3,13.99,41.97,0.00,2.62,S,,,USD,CC
70000509,02305,02,1,20250213,152325,000000552001,2,4.49,8.98,4.49,0.28,S,,BG25W02,USD,DB
70000509,02305,02,2,20250213,152325,000000020203,1,6.49,6.49,0.00,0.00,S,,,USD,DB
70000509,02305,02,3,20250213,152325,000000552001,2,4.49,8.98,4.49,0.28,S,,BG25W02,USD,DB
70000509,02305,02,4,20250213,152325,000000005020,1,4.49,4.49,0.00,0.00,S,,,USD,DB
70000509,02305,02,5,20250213,152325,000000094301,0.846,4.39,3.71,0.00,0.00,S,,,USD,DB
70000509,02305,02,6,20250213,152325,000004483002,1,3.49,3.49,0.00,0.22,S,,,USD,DB
70000510,02305,01,1,20250213,163340,000000005302,1,3.49,3.49,0.00,0.00,S,,,USD,DB
70000510,02305,01,2,20250213,163340,000000020102,2,3.49,6.98,0.00,0.00,S,,,USD,DB
70000510,02305,01,3,20250213,163340,000000093503,1,4.29,4.29,0.00,0.00,S,,,USD,DB
70000510,02305,01,4,20250213,163340,000000030103,1,8.99,8.99,0.00,0.00,S,,,USD,DB
70000511,03050,06,1,20250213,73339,000000040202,2,14.99,29.98,0.00,0.00,S,6045886792,,USD,CC
70000511,03050,06,2,20250213,73339,000000094201,1.080,1.69,1.83,0.00,0.00,S,6045886792,,USD,CC
70000512,03050,03,1,20250213,115914,000004483001,1,4.99,4.99,0.00,0.31,S,,,USD,CC
70000512,03050,03,2,20250213,115914,000000020101,1,2.49,2.49,0.00,0.00,S,,,USD,CC
70000513,03050,03,1,20250213,84157,000000094203,1.551,1.49,2.31,0.00,0.00,S,,,USD,CC
70000513,03050,03,2,20250213,84157,000004471024,1,3.49,3.49,0.00,0.22,S,,,USD,CC
70000513,03050,03,3,20250213,84157,000000030103,1,8.99,8.99,0.00,0.00,S,,,USD,CC
70000513,03050,03,4,20250213,84157,000004483001,1,4.99,4.99,0.00,0.31,S,,,USD,CC
70000513,03050,03,5,20250213,84157,000004472001,1,3.99,3.99,0.00,0.25,S,,,USD,CC
70000514,03050,04,1,20250213,144229,000000005012,1,3.99,3.99,0.00,0.00,S,,,USD,DB
70000514,03050,04,2,20250213,144229,000004483002,1,3.49,3.49,0.00,0.22,S,,,USD,DB
70000515,03050,05,1,20250213,181825,000004473001,1,2.99,2.99,0.00,0.19,S,,,USD,CS
70000515,03050,05,2,20250213,181825,000004482001,1,13.99,13.99,0.00,0.87,S,,,USD,CS
70000515,03050,05,3,20250213,181825,000000040102,0.835,16.99,14.19,0.00,0.00,S,,,USD,CS
70000516,03050,05,1,20250213,112006,000004491002,1,6.99,6.99,0.00,0.44,S,6086978292,,USD,DB
70000516,03050,05,2,20250213,112006,000004473003,1,3.49,3.49,0.00,0.22,S,6086978292,,USD,DB
70000517,03050,06,1,20250213,135907,000000005020,2,4.49,8.98,0.00,0.00,S,,,USD,DB
70000517,03050,06,2,20250213,135907,000000094203,0.568,1.49,0.85,0.00,0.00,S,,,USD,DB
70000518,03050,05,1,20250213,163119,000000562001,2,10.99,21.98,0.00,1.37,S,,,USD,CS
70000518,03050,05,2,20250213,163119,000000020103,2,4.99,9.98,0.00,0.00,S,,,USD,CS
70000518,03050,05,3,20250213,163119,000004481002,1,7.99,7.99,0.00,0.50,S,,,USD,CS
70000518,03050,05,4,20250213,163119,000000030101,2,6.99,13.98,0.00,0.00,S,,,USD,CS
70000518,03050,05,5,20250213,163119,000000040101,1.143,18.99,21.71,0.00,0.00,S,,,USD,CS
70000519,00317,05,1,20250213,74106,000000005102,2,7.49,14.98,0.00,0.00,S,,,CAD,CC
70000520,00317,06,1,20250213,184434,000004482001,1,18.99,18.99,0.00,1.19,S,6047472197,,CAD,GC
70000520,00317,06,2,20250213,184434,000000094103,2,5.19,10.38,0.00,0.00,S,6047472197,,CAD,GC
70000520,00317,06,3,20250213,184434,000000094203,1.917,1.99,3.81,0.00,0.00,S,6047472197,,CAD,GC
70000521,00317,01,1,20250213,181832,000000561002,2,10.19,20.38,0.00,1.27,S,6069284511,,CAD,DB
70000521,00317,01,2,20250213,181832,000000093410,1.867,5.39,10.06,0.00,0.00,S,6069284511,,CAD,DB
70000522,00317,06,1,20250213,185250,000000040202,1,20.39,20.39,0.00,0.00,S,6057937639,,CAD,GC
70000522,00317,06,2,20250213,185250,000004491003,1,2.69,2.69,0.00,0.17,S,6057937639,,CAD,GC
70000522,00317,06,3,20250213,185250,000004472050,1,5.39,5.39,0.00,0.34,S,6057937639,,CAD,GC
70000522,00317,06,4,20250213,185250,000004472050,1,5.39,5.39,0.00,0.34,S,6057937639,,CAD,GC
70000523,00317,03,1,20250213,71810,000004472003,1,4.49,4.49,0.00,0.28,S,,,CAD,GC
70000523,00317,03,2,20250213,71810,000000094202,1.711,2.69,4.60,0.00,0.00,S,,,CAD,GC
70000523,00317,03,3,20250213,71810,000000030102,1,20.39,20.39,0.00,0.00,S,,,CAD,GC
70000523,00317,03,4,20250213,71810,000000094202,1.297,2.69,3.49,0.00,0.00,S,,,CAD,GC
70000524,00317,03,1,20250213,91550,000004483001,2,6.79,13.58,0.00,0.85,S,6019906234,,CAD,CS
70000524,00317,03,2,20250213,91550,000000552001,2,6.09,12.18,6.09,0.38,S,6019906234,BG25W02,CAD,CS
70000524,00317,03,3,20250213,91550,000004482003,2,7.49,14.98,0.00,0.94,S,6019906234,,CAD,CS
70000524,00317,03,4,20250213,91550,000004492001,2,2.39,4.78,2.39,0.15,S,6019906234,BG25W02,CAD,CS
70000524,00317,03,5,20250213,91550,000004492001,2,2.39,4.78,2.39,0.15,S,6019906234,BG25W02,CAD,CS
70000525,00317,04,1,20250213,161924,000000093503,1,5.79,5.79,0.00,0.00,S,6071240659,,CAD,CC
70000525,00317,04,2,20250213,161924,000000031102,1.440,27.19,39.15,0.00,0.00,S,6071240659,,CAD,CC
70000525,00317,04,3,20250213,161924,000000020202,1,8.09,8.09,0.00,0.00,S,6071240659,,CAD,CC
70000525,00317,04,4,20250213,161924,000000005101,2,10.89,21.78,0.00,0.00,S,6071240659,,CAD,CC
70000525,00317,04,5,20250213,161924,000000552002,1,5.39,5.39,0.00,0.34,S,6071240659,,CAD,CC
70000526,01042,04,1,20250214,94012,000000020201,1,5.49,5.49,0.00,0.00,S,6025122572,,USD,DB
70000526,01042,04,2,20250214,94012,000004481001,1,7.99,7.99,0.00,0.50,S,6025122572,,USD,DB
70000526,01042,04,3,20250214,94012,000000020101,1,2.49,2.49,0.00,0.00,S,6025122572,,USD,DB
70000526,01042,04,4,20250214,94012,000000551021,1,11.99,11.99,0.00,0.75,S,6025122572,,USD,DB
70000527,01042,01,1,20250214,203119,000004473002,2,2.79,5.58,0.00,0.35,S,,,USD,GC
70000527,01042,01,2,20250214,203119,000000005301,1,5.49,5.49,0.00,0.00,S,,,USD,GC
70000527,01042,01,3,20250214,203119,000000040101,0.728,18.99,13.82,0.00,0.00,S,,,USD,GC
70000527,01042,01,4,20250214,203119,000000040201,1,8.99,8.99,0.00,0.00,S,,,USD,GC
70000527,01042,01,5,20250214,203119,000000005302,1,3.49,3.49,0.00,0.00,S,,,USD,GC
70000528,01107,04,1,20250214,114924,000004493001,2,5.49,10.98,0.00,0.69,S,,,USD,CS
70000528,01107,04,2,20250214,114924,000004471040,1,2.49,2.49,0.00,0.16,S,,,USD,CS
70000528,01107,04,3,20250214,114924,000000030203,2,8.49,16.98,0.00,0.00,S,,,USD,CS
70000528,01107,04,4,20250214,114924,000004492002,3,1.49,4.47,0.00,0.28,S,,,USD,CS
70000529,01107,04,1,20250214,143838,000000094203,1.071,1.49,1.60,0.00,0.00,S,,,USD,CS
70000529,01107,04,2,20250214,143838,000000005101,1,7.99,7.99,0.00,0.00,S,,,USD,CS
70000529,01107,04,3,20250214,143838,000000030101,1,6.99,6.99,0.00,0.00,S,,,USD,CS
70000529,01107,04,4,20250214,143838,000000005020,1,4.49,4.49,0.00,0.00,S,,,USD,CS
70000529,01107,04,5,20250214,143838,000000094101,2,3.99,7.98,0.00,0.00,S,,,USD,CS
70000530,01107,01,1,20250214,120323,000000005020,1,4.49,4.49,0.00,0.00,S,,,USD,GC
70000530,01107,01,2,20250214,120323,000000040102,2.167,16.99,36.82,0.00,0.00,S,,,USD,GC
70000531,01107,06,1,20250214,133910,000000561001,2,9.99,19.98,0.00,1.25,S,6058148769,,USD,DB
70000531,01107,06,2,20250214,133910,000004471023,3,3.49,10.47,0.00,0.65,S,6058148769,,USD,DB
70000532,01107,01,1,20250214,172316,000000040203,1,11.99,11.99,0.00,0.00,S,,,USD,CC
70000532,01107,01,2,20250214,172316,000004471030,1,3.99,3.99,0.00,0.25,S,,,USD,CC
70000533,02210,04,1,20250214,82745,000004473001,1,2.99,2.99,0.00,0.19,S,6036637780,,USD,CC
70000533,02210,04,2,20250214,82745,000000030103,1,8.99,8.99,0.00,0.00,S,6036637780,,USD,CC
70000533,02210,04,3,20250214,82745,000000552002,1,3.99,3.99,0.00,0.25,S,6036637780,,USD,CC
70000533,02210,04,4,20250214,82745,000000040201,1,8.99,8.99,0.00,0.00,S,6036637780,,USD,CC
70000533,02210,04,5,20250214,82745,000004491002,1,6.99,6.99,0.00,0.44,S,6036637780,,USD,CC
70000533,02210,04,6,20250214,82745,000004492002,2,1.49,2.98,0.00,0.19,S,6036637780,,USD,CC
70000534,02210,02,1,20250214,71716,000000561001,1,9.99,9.99,0.00,0.62,S,,,USD,DB
70000534,02210,02,2,20250214,71716,000004471024,1,3.49,3.49,0.00,0.22,S,,,USD,DB
70000535,02210,06,1,20250214,201720,000000031101,1.577,24.99,39.41,0.00,0.00,S,6002916815,,USD,GC
70000535,02210,06,2,20250214,201720,000004481002,2,7.99,15.98,0.00,1.00,S,6002916815,,USD,GC
70000535,02210,06,3,20250214,201720,000000093321,0.381,1.49,0.57,0.00,0.00,S,6002916815,,USD,GC
70000535,02210,06,4,20250214,201720,000004482002,1,17.99,17.99,0.00,1.12,S,6002916815,,USD,GC
70000535,02210,06,5,20250214,201720,000000030103,2,8.99,17.98,0.00,0.00,S,6002916815,,USD,GC
70000536,02210,05,1,20250214,113642,000000005301,2,5.49,10.98,0.00,0.00,S,,,USD,DB
70000536,02210,05,2,20250214,113642,000000005301,2,5.49,10.98,0.00,0.00,V,,,USD,DB
70000537,02211,05,1,20250214,85237,000000005201,2,3.99,7.98,0.00,0.00,S,6076072348,,USD,DB
70000537,02211,05,2,20250214,85237,000000552002,1,3.99,3.99,0.00,0.25,S,6076072348,,USD,DB
70000538,02211,04,1,20250214,160244,000004471030,1,3.99,3.99,0.00,0.25,S,,,USD,CC
70000538,02211,04,2,20250214,160244,000000093410,0.979,3.99,3.91,0.00,0.00,S,,,USD,CC
70000538,02211,04,3,20250214,160244,000000040203,1,11.99,11.99,0.00,0.00,S,,,USD,CC
70000538,02211,04,4,20250214,160244,000000040203,1,11.99,11.99,0.00,0.00,S,,,USD,CC
70000538,02211,04,5,20250214,160244,000000562002,1,8.49,8.49,0.00,0.53,S,,,USD,CC
70000538,02211,04,6,20250214,160244,000000005013,1,3.89,3.89,0.00,0.00,S,,,USD,CC
70000539,02211,03,1,20250214,182003,000004491001,3,2.49,7.47,0.00,0.47,S,,,USD,CC
70000539,02211,03,2,20250214,182003,000004493002,1,3.99,3.99,0.00,0.25,S,,,USD,CC
70000539,02211,03,3,20250214,182003,000000005101,1,7.99,7.99,0.00,0.00,S,,,USD,CC
70000540,02211,01,1,20250214,131700,000004482003,1,5.49,5.49,0.00,0.34,S,,,USD,DB
70000541,02305,06,1,20250214,201954,000000020101,1,2.49,2.49,0.00,0.00,S,6038480752,,USD,CC
70000541,02305,06,2,20250214,201954,000004473002,1,2.79,2.79,0.00,0.17,S,6038480752,,USD,CC
70000541,02305,06,3,20250214,201954,000004492002,1,1.49,1.49,0.00,0.09,S,6038480752,,USD,CC
70000541,02305,06,4,20250214,201954,000004472003,1,3.29,3.29,0.00,0.21,S,6038480752,,USD,CC
70000541,02305,06,5,20250214,201954,000000094101,2,3.99,7.98,0.00,0.00,S,6038480752,,USD,CC
70000542,02305,05,1,20250214,153544,000004471030,1,3.99,3.99,0.00,0.25,S,,,USD,CS
70000543,02305,06,1,20250214,103350,000000093402,0.270,3.29,0.89,0.00,0.00,S,,,USD,CC
70000544,02305,01,1,20250214,84901,000000040201,1,8.99,8.99,0.00,0.00,S,,,USD,CC
70000544,02305,01,2,20250214,84901,000000030201,1,9.99,9.99,0.00,0.00,S,,,USD,CC
70000544,02305,01,3,20250214,84901,000004472003,2,3.29,6.58,0.00,0.41,S,,,USD,CC
70000544,02305,01,4,20250214,84901,000000031102,0.483,19.99,9.66,0.00,0.00,S,,,USD,CC
70000545,02305,02,1,20250214,84720,000000030101,1,6.99,6.99,0.00,0.00,S,,,USD,CS
70000546,02305,01,1,20250214,85417,000004471030,1,3.99,3.99,0.00,0.25,S,,,USD,DB
70000546,02305,01,2,20250214,85417,000004492001,2,1.79,3.58,1.79,0.11,S,,BG25W02,USD,DB
70000546,02305,01,3,20250214,85417,000000094102,1,3.49,3.49,0.00,0.00,S,,,USD,DB
70000547,02305,04,1,20250214,143554,000004473003,1,3.49,3.49,0.00,0.22,S,,,USD,DB
70000548,03050,04,1,20250214,172055,000000030202,2,11.49,22.98,0.00,0.00,S,,,USD,DB
70000549,03050,01,1,20250214,172110,000004471024,1,3.49,3.49,0.00,0.22,S,6024268774,,USD,GC
70000550,03050,01,1,20250214,190159,000004472003,1,3.29,3.29,0.00,0.21,S,,,USD,CS
70000550,03050,01,2,20250214,190159,000000005013,1,3.89,3.89,0.00,0.00,S,,,USD,CS
70000550,03050,01,3,20250214,190159,000000093402,2.007,3.29,6.60,0.00,0.00,S,,,USD,CS
70000551,03050,03,1,20250214,161856,000000562002,1,8.49,8.49,0.00,0.53,S,,,USD,DB
70000551,03050,03,2,20250214,161856,000004471024,1,3.49,3.49,0.00,0.22,S,,,USD,DB
70000551,03050,03,3,20250214,161856,000000094301,0.605,4.39,2.66,0.00,0.00,S,,,USD,DB
70000551,03050,03,4,20250214,161856,000000094202,1.902,1.99,3.78,0.00,0.00,S,,,USD,DB
70000551,03050,03,5,20250214,161856,000004473001,3,2.99,8.97,0.00,0.56,S,,,USD,DB
70000551,03050,03,6,20250214,161856,000000040203,3,11.99,35.97,0.00,0.00,S,,,USD,DB
70000552,03050,05,1,20250214,83107,000000040202,1,14.99,14.99,0.00,0.00,S,,,USD,DB
70000552,03050,05,2,20250214,83107,000000093410,1.473,3.99,5.88,0.00,0.00,S,,,USD,DB
70000553,03050,02,1,20250214,171025,000004473003,1,3.49,3.49,0.00,0.22,S,,,USD,CC
70000553,03050,02,2,20250214,171025,000000561001,2,9.99,19.98,0.00,1.25,S,,,USD,CC
70000554,00317,04,1,20250214,93047,000004493002,1,5.39,5.39,0.00,0.34,S,,,CAD,CC
70000554,00317,04,2,20250214,93047,000000093401,1.870,7.49,14.01,0.00,0.00,S,,,CAD,CC
70000554,00317,04,3,20250214,93047,000000031101,2.010,33.99,68.32,0.00,0.00,S,,,CAD,CC
70000554,00317,04,4,20250214,93047,000000094101,1,5.39,5.39,0.00,0.00,S,,,CAD,CC
70000554,00317,04,5,20250214,93047,000000005020,1,6.09,6.09,0.00,0.00,S,,,CAD,CC
70000554,00317,04,6,20250214,93047,000004473001,3,4.09,12.27,0.00,0.77,S,,,CAD,CC
70000555,00317,03,1,20250214,171147,000000093502,1,5.39,5.39,0.00,0.00,S,6016800610,,CAD,CS
70000555,00317,03,2,20250214,171147,000000093410,0.850,5.39,4.58,0.00,0.00,S,6016800610,,CAD,CS
70000555,00317,03,3,20250214,171147,000000093401,0.949,7.49,7.11,0.00,0.00,S,6016800610,,CAD,CS
70000555,00317,03,4,20250214,171147,000000094201,1.175,2.29,2.69,0.00,0.00,S,6016800610,,CAD,CS
70000556,00317,05,1,20250214,110127,000000005103,2,9.49,18.98,0.00,0.00,S,6023850371,,CAD,CC
70000556,00317,05,2,20250214,110127,000000005202,2,8.09,16.18,0.00,0.00,S,6023850371,,CAD,CC
70000557,00317,06,1,20250214,174742,000000005013,2,5.29,10.58,0.00,0.00,S,,,CAD,CS
70000557,00317,06,2,20250214,174742,000000005013,1,5.29,5.29,0.00,0.00,S,,,CAD,CS
70000557,00317,06,3,20250214,174742,000000094201,1.278,2.29,2.93,0.00,0.00,S,,,CAD,CS
70000557,00317,06,4,20250214,174742,000000093410,0.331,5.39,1.78,0.00,0.00,S,,,CAD,CS
70000557,00317,06,5,20250214,174742,000004482003,1,7.49,7.49,0.00,0.47,S,,,CAD,CS
70000557,00317,06,6,20250214,174742,000004491003,2,2.69,5.38,0.00,0.34,S,,,CAD,CS
70000558,01042,04,1,20250215,160844,000000561002,1,7.49,7.49,0.00,0.47,S,,,USD,CS
70000559,01042,04,1,20250215,82640,000004473002,1,2.79,2.79,0.00,0.17,S,6007859321,,USD,GC
70000559,01042,04,2,20250215,82640,000000561002,1,7.49,7.49,0.00,0.47,S,6007859321,,USD,GC
70000560,01042,04,1,20250215,83500,000000005201,3,3.99,11.97,0.00,0.00,S,,,USD,CC
70000560,01042,04,2,20250215,83500,000000093501,1,4.49,4.49,0.00,0.00,S,,,USD,CC
70000561,01042,06,1,20250215,181402,000004473003,1,3.49,3.49,0.00,0.22,S,,,USD,GC
70000561,01042,06,2,20250215,181402,000004492001,1,1.79,1.79,0.00,0.11,S,,,USD,GC
70000562,01042,04,1,20250215,144608,000000005013,2,3.89,7.78,0.00,0.00,S,6080589113,,USD,CC
70000562,01042,04,2,20250215,144608,000000040101,0.323,18.99,6.13,0.00,0.00,S,6080589113,,USD,CC
70000563,01042,03,1,20250215,185223,000000005202,2,5.99,11.98,0.00,0.00,S,,,USD,DB
70000564,01042,06,1,20250215,154350,000004471024,1,3.49,3.49,0.00,0.22,S,6014743974,,USD,DB
70000564,01042,06,2,20250215,154350,000004482001,1,13.99,13.99,0.00,0.87,S,6014743974,,USD,DB
70000564,01042,06,3,20250215,154350,000004471024,1,3.49,3.49,0.00,0.22,V,6014743974,,USD,DB
70000565,01042,02,1,20250215,170437,000004482002,1,17.99,17.99,0.00,1.12,S,6011952436,,USD,DB
70000565,01042,02,2,20250215,170437,000004471030,1,3.99,3.99,0.00,0.25,S,6011952436,,USD,DB
70000566,01042,04,1,20250215,131653,000004493001,2,5.49,10.98,0.00,0.69,S,6056818209,,USD,CC
70000566,01042,04,2,20250215,131653,000000040202,1,14.99,14.99,0.00,0.00,S,6056818209,,USD,CC
70000567,01042,03,1,20250215,141132,000004472001,1,3.99,3.99,0.00,0.25,S,,,USD,CS
70000568,01042,04,1,20250215,182420,000000094302,1.965,5.49,10.79,0.00,0.00,S,,,USD,DB
70000568,01042,04,2,20250215,182420,000000562002,1,8.49,8.49,0.00,0.53,S,,,USD,DB
70000569,01042,06,1,20250215,105734,000004482002,1,17.99,17.99,0.00,1.12,S,,,USD,CC
70000569,01042,06,2,20250215,105734,000000093401,0.757,5.49,4.16,0.00,0.00,S,,,USD,CC
70000570,01042,03,1,20250215,184031,000000005202,1,5.99,5.99,0.00,0.00,S,,,USD,CS
70000571,01107,05,1,20250215,84917,000000094101,1,3.99,3.99,0.00,0.00,S,,,USD,CC
70000571,01107,05,2,20250215,84917,000000040202,1,14.99,14.99,0.00,0.00,S,,,USD,CC
70000572,01107,02,1,20250215,144904,000004472003,2,3.29,6.58,0.00,0.41,S,,,USD,CC
70000572,01107,02,2,20250215,144904,000000040201,1,8.99,8.99,0.00,0.00,S,,,USD,CC
70000572,01107,02,3,20250215,144904,000000005101,2,7.99,15.98,0.00,0.00,S,,,USD,CC
70000573,01107,01,1,20250215,133500,000004472003,1,3.29,3.29,0.00,0.21,S,,,USD,DB
70000574,02210,06,1,20250215,130718,000000094101,1,3.99,3.99,0.00,0.00,S,,,USD,CC
70000575,02210,01,1,20250215,193757,000000093321,0.343,1.49,0.51,0.00,0.00,S,6061764750,,USD,DB
70000575,02210,01,2,20250215,193757,000000093402,0.742,3.29,2.44,0.00,0.00,S,6061764750,,USD,DB
70000575,02210,01,3,20250215,193757,000000005020,1,4.49,4.49,0.00,0.00,S,6061764750,,USD,DB
70000576,02210,02,1,20250215,215410,000000094301,1.163,4.39,5.11,0.00,0.00,S,,,USD,CS
70000576,02210,02,2,20250215,215410,000000005102,1,5.49,5.49,0.00,0.00,S,,,USD,CS
70000576,02210,02,3,20250215,215410,000000030203,1,8.49,8.49,0.00,0.00,S,,,USD,CS
70000577,02210,01,1,20250215,125908,000000030102,1,14.99,14.99,0.00,0.00,S,,,USD,CS
70000577,02210,01,2,20250215,125908,000000040102,1.328,16.99,22.56,0.00,0.00,S,,,USD,CS
70000577,02210,01,3,20250215,125908,000004491001,1,2.49,2.49,0.00,0.16,S,,,USD,CS
70000578,02210,03,1,20250215,175257,000000094301,1.285,4.39,5.64,0.00,0.00,S,,,USD,CC
70000578,02210,03,2,20250215,175257,000004483002,1,3.49,3.49,0.00,0.22,S,,,USD,CC
70000579,02210,02,1,20250215,203005,000000093322,1.031,1.99,2.05,0.00,0.00,S,,,USD,DB
70000580,02210,04,1,20250215,84452,000004472003,1,3.29,3.29,0.00,0.21,S,6044920749,,USD,CC
70000580,02210,04,2,20250215,84452,000000005202,1,5.99,5.99,0.00,0.00,S,6044920749,,USD,CC
70000580,02210,04,3,20250215,84452,000000552002,1,3.99,3.99,0.00,0.25,S,6044920749,,USD,CC
70000580,02210,04,4,20250215,84452,000000552001,2,4.49,8.98,4.49,0.28,S,6044920749,BG25W02,USD,CC
70000581,02210,02,1,20250215,140407,000000093322,1.712,1.99,3.41,0.00,0.00,S,6096263013,,USD,CC
70000581,02210,02,2,20250215,140407,000000552002,2,3.99,7.98,0.00,0.50,S,6096263013,,USD,CC
70000581,02210,02,3,20250215,140407,000000020101,1,2.49,2.49,0.00,0.00,S,6096263013,,USD,CC
70000582,02210,02,1,20250215,124126,000004472003,1,3.29,3.29,0.00,0.21,S,6088450615,,USD,CC
70000582,02210,02,2,20250215,124126,000004482003,1,5.49,5.49,0.00,0.34,S,6088450615,,USD,CC
70000583,02210,03,1,20250215,212331,000004471024,1,3.49,3.49,0.00,0.22,S,6038105955,,USD,DB
70000583,02210,03,2,20250215,212331,000000093503,1,4.29,4.29,0.00,0.00,S,6038105955,,USD,DB
70000583,02210,03,3,20250215,212331,000004493002,1,3.99,3.99,0.00,0.25,S,6038105955,,USD,DB
70000583,02210,03,4,20250215,212331,000000030101,1,6.99,6.99,0.00,0.00,S,6038105955,,USD,DB
70000583,02210,03,5,20250215,212331,000004493002,1,3.99,3.99,0.00,0.25,V,6038105955,,USD,DB
70000584,02210,02,1,20250215,153117,000000552001,2,4.49,8.98,4.49,0.28,S,,BG25W02,USD,CS
70000584,02210,02,2,20250215,153117,000000020103,1,4.99,4.99,0.00,0.00,S,,,USD,CS
70000584,02210,02,3,20250215,153117,000000005102,2,5.49,10.98,0.00,0.00,S,,,USD,CS
70000585,02210,06,1,20250215,72424,000004472003,1,3.29,3.29,0.00,0.21,S,6011231261,,USD,CC
70000585,02210,06,2,20250215,72424,000004492001,2,1.79,3.58,1.79,0.11,S,6011231261,BG25W02,USD,CC
70000585,02210,06,3,20250215,72424,000004482001,3,13.99,41.97,0.00,2.62,S,6011231261,,USD,CC
70000585,02210,06,4,20250215,72424,000000031102,1.555,19.99,31.08,0.00,0.00,S,6011231261,,USD,CC
70000585,02210,06,5,20250215,72424,000000020202,2,5.99,11.98,0.00,0.00,S,6011231261,,USD,CC
70000586,02211,02,1,20250215,205402,000004491001,3,2.49,7.47,0.00,0.47,S,,,USD,GC
70000587,02211,02,1,20250215,182426,000000020101,1,2.49,2.49,0.00,0.00,S,,,USD,CS
70000587,02211,02,2,20250215,182426,000004482003,3,5.49,16.47,0.00,1.03,S,,,USD,CS
70000587,02211,02,3,20250215,182426,000004492001,2,1.79,3.58,1.79,0.11,S,,BG25W02,USD,CS
70000587,02211,02,4,20250215,182426,000004473002,3,2.79,8.37,0.00,0.52,S,,,USD,CS
70000588,02211,03,1,20250215,134639,000000040203,1,11.99,11.99,0.00,0.00,S,,,USD,DB
70000588,02211,03,2,20250215,134639,000000020202,1,5.99,5.99,0.00,0.00,S,,,USD,DB
70000588,02211,03,3,20250215,134639,000004492003,1,2.29,2.29,0.00,0.14,S,,,USD,DB
70000588,02211,03,4,20250215,134639,000000040203,1,11.99,11.99,0.00,0.00,S,,,USD,DB
70000588,02211,03,5,20250215,134639,000000561002,1,7.49,7.49,0.00,0.47,S,,,USD,DB
70000589,02211,06,1,20250215,84931,000000005101,1,7.99,7.99,0.00,0.00,S,,,USD,DB
70000589,02211,06,2,20250215,84931,000004473001,1,2.99,2.99,0.00,0.19,S,,,USD,DB
70000589,02211,06,3,20250215,84931,000000020103,1,4.99,4.99,0.00,0.00,S,,,USD,DB
70000589,02211,06,4,20250215,84931,000000093322,1.541,1.99,3.07,0.00,0.00,S,,,USD,DB
70000589,02211,06,5,20250215,84931,000000040102,0.771,16.99,13.10,0.00,0.00,S,,,USD,DB
70000589,02211,06,6,20250215,84931,000000093322,0.610,1.99,1.21,0.00,0.00,S,,,USD,DB
70000590,02305,02,1,20250215,71228,000004471023,1,3.49,3.49,0.00,0.22,S,6049305966,,USD,CS
70000590,02305,02,2,20250215,71228,000004481002,3,7.99,23.97,0.00,1.50,S,6049305966,,USD,CS
70000590,02305,02,3,20250215,71228,000000020103,1,4.99,4.99,0.00,0.00,S,6049305966,,USD,CS
70000591,02305,01,1,20250215,185434,000000093325,0.800,3.99,3.19,0.00,0.00,S,,,USD,CC
70000592,02305,05,1,20250215,75352,000000020102,2,3.49,6.98,0.00,0.00,S,,,USD,CC
70000592,02305,05,2,20250215,75352,000000094203,1.526,1.49,2.27,0.00,0.00,S,,,USD,CC
70000592,02305,05,3,20250215,75352,000004472003,1,3.29,3.29,0.00,0.21,S,,,USD,CC
70000592,02305,05,4,20250215,75352,000000030202,1,11.49,11.49,0.00,0.00,S,,,USD,CC
70000592,02305,05,5,20250215,75352,000000094103,1,3.79,3.79,0.00,0.00,S,,,USD,CC
70000593,02305,06,1,20250215,211701,000004482001,1,13.99,13.99,0.00,0.87,S,,,USD,CC
70000593,02305,06,2,20250215,211701,000000030103,1,8.99,8.99,0.00,0.00,S,,,USD,CC
70000593,02305,06,3,20250215,211701,000000094302,1.129,5.49,6.20,0.00,0.00,S,,,USD,CC
70000594,02305,05,1,20250215,134814,000000093410,2.111,3.99,8.42,0.00,0.00,S,,,USD,CC
70000594,02305,05,2,20250215,134814,000000005013,3,3.89,11.67,0.00,0.00,S,,,USD,CC
70000594,02305,05,3,20250215,134814,000000551020,1,13.99,13.99,0.00,0.87,S,,,USD,CC
70000594,02305,05,4,20250215,134814,000000561002,2,7.49,14.98,0.00,0.94,S,,,USD,CC
70000594,02305,05,5,20250215,134814,000000030102,2,14.99,29.98,0.00,0.00,S,,,USD,CC
70000594,02305,05,6,20250215,134814,000000093325,1.364,3.99,5.44,0.00,0.00,S,,,USD,CC
70000595,02305,01,1,20250215,161706,000004483001,1,4.99,4.99,0.00,0.31,S,,,USD,CS
70000596,03050,03,1,20250215,181854,000004473002,1,2.79,2.79,0.00,0.17,S,,,USD,CC
70000596,03050,03,2,20250215,181854,000000031102,0.986,19.99,19.71,0.00,0.00,S,,,USD,CC
70000597,03050,06,1,20250215,91323,000000094301,0.727,4.39,3.19,0.00,0.00,S,6059970629,,USD,CS
70000597,03050,06,2,20250215,91323,000000093402,1.251,3.29,4.12,0.00,0.00,S,6059970629,,USD,CS
70000597,03050,06,3,20250215,91323,000004491002,1,6.99,6.99,0.00,0.44,S,6059970629,,USD,CS
70000597,03050,06,4,20250215,91323,000000093401,1.826,5.49,10.02,0.00,0.00,S,6059970629,,USD,CS
70000598,03050,04,1,20250215,155825,000000005012,1,3.99,3.99,0.00,0.00,S,6065405153,,USD,DB
70000598,03050,04,2,20250215,155825,000000093401,2.069,5.49,11.36,0.00,0.00,S,6065405153,,USD,DB
70000599,03050,03,1,20250215,140820,000000020103,1,4.99,4.99,0.00,0.00,S,6060045212,,USD,DB
70000599,03050,03,2,20250215,140820,000004481003,2,4.99,9.98,0.00,0.62,S,6060045212,,USD,DB
70000600,00317,06,1,20250215,80614,000004483002,1,4.69,4.69,0.00,0.29,S,6068315893,,CAD,CS
70000600,00317,06,2,20250215,80614,000004491003,1,2.69,2.69,0.00,0.17,S,6068315893,,CAD,CS
70000600,00317,06,3,20250215,80614,000000094201,1.733,2.29,3.97,0.00,0.00,S,6068315893,,CAD,CS
70000601,00317,02,1,20250215,173340,000000031101,1.225,33.99,41.64,0.00,0.00,S,,,CAD,DB
70000601,00317,02,2,20250215,173340,000000562002,1,11.49,11.49,0.00,0.72,S,,,CAD,DB
70000601,00317,02,3,20250215,173340,000004473003,1,4.69,4.69,0.00,0.29,S,,,CAD,DB
70000601,00317,02,4,20250215,173340,000000005012,1,5.39,5.39,0.00,0.00,S,,,CAD,DB
70000602,00317,04,1,20250215,105715,000000093410,0.815,5.39,4.39,0.00,0.00,S,,,CAD,CC
70000602,00317,04,2,20250215,105715,000000005102,1,7.49,7.49,0.00,0.00,S,,,CAD,CC
70000603,00317,03,1,20250215,200422,000000093502,3,5.39,16.17,0.00,0.00,S,,,CAD,GC
70000604,00317,03,1,20250215,133527,000004472001,1,5.39,5.39,0.00,0.34,S,6058721055,,CAD,CS
70000604,00317,03,2,20250215,133527,000004473002,1,3.79,3.79,0.00,0.24,S,6058721055,,CAD,CS
70000604,00317,03,3,20250215,133527,000000561002,1,10.19,10.19,0.00,0.64,S,6058721055,,CAD,CS
70000605,00317,05,1,20250215,192830,000004491001,2,3.39,6.78,0.00,0.42,S,6088214236,,CAD,CC
70000605,00317,05,2,20250215,192830,000000561002,1,10.19,10.19,0.00,0.64,S,6088214236,,CAD,CC
70000606,00317,02,1,20250215,211355,000004493002,1,5.39,5.39,0.00,0.34,S,,,CAD,CC
70000606,00317,02,2,20250215,211355,000000040101,1.526,25.79,39.36,0.00,0.00,S,,,CAD,CC
70000606,00317,02,3,20250215,211355,000000005301,1,7.49,7.49,0.00,0.00,S,,,CAD,CC
70000606,00317,02,4,20250215,211355,000000040201,1,12.19,12.19,0.00,0.00,S,,,CAD,CC
70000606,00317,02,5,20250215,211355,000004492003,2,3.09,6.18,0.00,0.39,S,,,CAD,CC
70000607,00317,01,1,20250215,145811,000000005013,2,5.29,10.58,0.00,0.00,S,,,CAD,CS
70000607,00317,01,2,20250215,145811,000000040203,1,16.29,16.29,0.00,0.00,S,,,CAD,CS
70000607,00317,01,3,20250215,145811,000000093401,0.702,7.49,5.26,0.00,0.00,S,,,CAD,CS
70000608,00317,02,1,20250215,93618,000000040202,1,20.39,20.39,0.00,0.00,S,6005800851,,CAD,CS
70000609,00317,04,1,20250215,114226,000000030102,1,20.39,20.39,0.00,0.00,S,,,CAD,DB
70000609,00317,04,2,20250215,114226,000000005101,1,10.89,10.89,0.00,0.00,S,,,CAD,DB
70000610,00317,01,1,20250215,131520,000000030202,2,15.59,31.18,0.00,0.00,S,6065676618,,CAD,CC
70000610,00317,01,2,20250215,131520,000000030202,1,15.59,15.59,0.00,0.00,S,6065676618,,CAD,CC
70000610,00317,01,3,20250215,131520,000000030101,3,9.49,28.47,0.00,0.00,S,6065676618,,CAD,CC
70000610,00317,01,4,20250215,131520,000004492002,1,1.99,1.99,0.00,0.12,S,6065676618,,CAD,CC
70000610,00317,01,5,20250215,131520,000000093401,0.933,7.49,6.99,0.00,0.00,S,6065676618,,CAD,CC
70000611,01042,03,1,20250216,150502,000000005302,1,3.49,3.49,0.00,0.00,S,6091476607,,USD,CS
70000612,01042,04,1,20250216,72956,000000093322,1.981,1.99,3.94,0.00,0.00,S,,,USD,CC
70000612,01042,04,2,20250216,72956,000000551020,2,13.99,27.98,0.00,1.75,S,,,USD,CC
70000612,01042,04,3,20250216,72956,000004491001,1,2.49,2.49,0.00,0.16,S,,,USD,CC
70000613,01042,04,1,20250216,174628,000000005301,1,5.49,5.49,0.00,0.00,S,,,USD,DB
70000613,01042,04,2,20250216,174628,000000005301,3,5.49,16.47,5.49,0.00,S,,MB25W03B,USD,DB
70000613,01042,04,3,20250216,174628,000000093402,0.956,3.29,3.15,0.00,0.00,S,,,USD,DB
70000613,01042,04,4,20250216,174628,000000040201,1,8.99,8.99,0.00,0.00,S,,,USD,DB
70000613,01042,04,5,20250216,174628,000000561002,1,7.49,7.49,0.00,0.47,S,,,USD,DB
70000614,01042,01,1,20250216,205023,000000030203,1,8.49,8.49,0.00,0.00,R,,,USD,GC
70000615,01042,02,1,20250216,124101,000004471023,1,3.49,3.49,0.00,0.22,S,6029148652,,USD,DB
70000615,01042,02,2,20250216,124101,000000005020,2,4.49,8.98,0.00,0.00,S,6029148652,,USD,DB
70000615,01042,02,3,20250216,124101,000000093402,1.222,3.29,4.02,0.00,0.00,S,6029148652,,USD,DB
70000615,01042,02,4,20250216,124101,000000094203,0.383,1.49,0.57,0.00,0.00,S,6029148652,,USD,DB
70000616,01042,03,1,20250216,92345,000000093325,1.578,3.99,6.30,0.00,0.00,S,,,USD,CS
70000617,01042,03,1,20250216,75529,000000030202,2,11.49,22.98,0.00,0.00,S,6040376137,,USD,GC
70000617,01042,03,2,20250216,75529,000000093321,2.137,1.49,3.18,0.00,0.00,S,6040376137,,USD,GC
70000617,01042,03,3,20250216,75529,000000005102,2,5.49,10.98,0.00,0.00,S,6040376137,,USD,GC
70000617,01042,03,4,20250216,75529,000004472002,1,4.49,4.49,0.00,0.28,S,6040376137,,USD,GC
70000618,01042,04,1,20250216,83602,000000020103,1,4.99,4.99,0.00,0.00,S,,,USD,CS
70000618,01042,04,2,20250216,83602,000000005103,1,6.99,6.99,0.00,0.00,S,,,USD,CS
70000618,01042,04,3,20250216,83602,000004471023,1,3.49,3.49,0.00,0.22,S,,,USD,CS
70000619,01042,05,1,20250216,180531,000000093321,0.505,1.49,0.75,0.00,0.00,S,,,USD,GC
70000620,01042,05,1,20250216,201036,000000561001,1,9.99,9.99,0.00,0.62,S,,,USD,DB
70000620,01042,05,2,20250216,201036,000000020201,1,5.49,5.49,0.00,0.00,S,,,USD,DB
70000620,01042,05,3,20250216,201036,000000005101,1,7.99,7.99,0.00,0.00,S,,,USD,DB
70000620,01042,05,4,20250216,201036,000004473003,3,3.49,10.47,0.00,0.65,S,,,USD,DB
70000621,01042,03,1,20250216,214520,000004493002,2,3.99,7.98,0.00,0.50,S,6033569392,,USD,CC
70000622,01107,04,1,20250216,90054,000004492001,1,1.79,1.79,0.00,0.11,S,,,USD,CS
70000622,01107,04,2,20250216,90054,000000020101,1,2.49,2.49,0.00,0.00,S,,,USD,CS
70000623,01107,05,1,20250216,81633,000004481002,2,7.99,15.98,0.00,1.00,S,6053849516,,USD,GC
70000623,01107,05,2,20250216,81633,000000005301,3,5.49,16.47,5.49,0.00,S,6053849516,MB25W03B,USD,GC
70000624,01107,06,1,20250216,123222,000000552002,1,3.99,3.99,0.00,0.25,S,,,USD,GC
70000625,01107,04,1,20250216,123544,000004471024,2,3.49,6.98,0.00,0.44,S,6042585626,,USD,DB
70000626,01107,05,1,20250216,183949,000004482002,3,17.99,53.97,17.99,2.25,S,6006728728,MB25W03,USD,GC
70000626,01107,05,2,20250216,183949,000004482001,1,13.99,13.99,0.00,0.87,S,6006728728,,USD,GC
70000626,01107,05,3,20250216,183949,000000020203,1,6.49,6.49,0.00,0.00,S,6006728728,,USD,GC
70000627,01107,06,1,20250216,91730,000000094202,1.650,1.99,3.28,0.00,0.00,S,6004328986,,USD,DB
70000627,01107,06,2,20250216,91730,000000040203,3,11.99,35.97,0.00,0.00,S,6004328986,,USD,DB
70000627,01107,06,3,20250216,91730,000004483002,1,3.49,3.49,0.00,0.22,S,6004328986,,USD,DB
70000628,01107,06,1,20250216,152234,000000040201,2,8.99,17.98,0.00,0.00,S,6071834404,,USD,CC
70000628,01107,06,2,20250216,152234,000004483001,1,4.99,4.99,0.00,0.31,S,6071834404,,USD,CC
70000628,01107,06,3,20250216,152234,000000020201,1,5.49,5.49,0.00,0.00,S,6071834404,,USD,CC
70000628,01107,06,4,20250216,152234,000000561002,3,7.49,22.47,0.00,1.40,S,6071834404,,USD,CC
70000628,01107,06,5,20250216,152234,000000040203,1,11.99,11.99,0.00,0.00,S,6071834404,,USD,CC
70000628,01107,06,6,20250216,152234,000004483001,2,4.99,9.98,0.00,0.62,S,6071834404,,USD,CC
70000629,02210,04,1,20250216,193731,000000040203,1,11.99,11.99,0.00,0.00,S,,,USD,GC
70000630,02210,04,1,20250216,95836,000000030101,1,6.99,6.99,0.00,0.00,S,,,USD,GC
70000630,02210,04,2,20250216,95836,000004471023,1,3.49,3.49,0.00,0.22,S,,,USD,GC
70000631,02210,01,1,20250216,151506,000000005301,3,5.49,16.47,5.49,0.00,S,,MB25W03B,USD,CS
70000631,02210,01,2,20250216,151506,000004471024,2,3.49,6.98,0.00,0.44,S,,,USD,CS
70000632,02210,02,1,20250216,181622,000004481003,1,4.99,4.99,0.00,0.31,S,,,USD,DB
70000632,02210,02,2,20250216,181622,000004493001,1,5.49,5.49,0.00,0.34,S,,,USD,DB
70000632,02210,02,3,20250216,181622,000000020203,1,6.49,6.49,0.00,0.00,S,,,USD,DB
70000632,02210,02,4,20250216,181622,000000040101,0.873,18.99,16.58,0.00,0.00,S,,,USD,DB
70000633,02210,06,1,20250216,102007,000000005013,1,3.89,3.89,0.00,0.00,S,,,USD,DB
70000633,02210,06,2,20250216,102007,000000020202,1,5.99,5.99,0.00,0.00,S,,,USD,DB
70000633,02210,06,3,20250216,102007,000004472003,2,3.29,6.58,0.00,0.41,S,,,USD,DB
70000634,02210,03,1,20250216,192152,000000094202,2.070,1.99,4.12,0.00,0.00,S,6053092511,,USD,GC
70000634,02210,03,2,20250216,192152,000000094101,1,3.99,3.99,0.00,0.00,S,6053092511,,USD,GC
70000634,02210,03,3,20250216,192152,000004481003,1,4.99,4.99,0.00,0.31,S,6053092511,,USD,GC
70000634,02210,03,4,20250216,192152,000000020101,2,2.49,4.98,0.00,0.00,S,6053092511,,USD,GC
70000634,02210,03,5,20250216,192152,000000040101,1.852,18.99,35.17,0.00,0.00,S,6053092511,,USD,GC
70000635,02211,01,1,20250216,83803,000000561002,1,7.49,7.49,0.00,0.47,S,6014604014,,USD,GC
70000635,02211,01,2,20250216,83803,000000040101,1.513,18.99,28.73,0.00,0.00,S,6014604014,,USD,GC
70000635,02211,01,3,20250216,83803,000004473002,1,2.79,2.79,0.00,0.17,S,6014604014,,USD,GC
70000636,02211,01,1,20250216,95041,000004493001,1,5.49,5.49,0.00,0.34,S,6008214862,,USD,DB
70000636,02211,01,2,20250216,95041,000000093321,0.736,1.49,1.10,0.00,0.00,S,6008214862,,USD,DB
70000636,02211,01,3,20250216,95041,000000562002,1,8.49,8.49,0.00,0.53,S,6008214862,,USD,DB
70000637,02211,06,1,20250216,201630,000000561002,2,7.49,14.98,0.00,0.94,S,,,USD,CC
70000637,02211,06,2,20250216,201630,000000020201,2,5.49,10.98,0.00,0.00,S,,,USD,CC
70000637,02211,06,3,20250216,201630,000000040201,1,8.99,8.99,0.00,0.00,S,,,USD,CC
70000637,02211,06,4,20250216,201630,000004481002,1,7.99,7.99,0.00,0.50,S,,,USD,CC
70000637,02211,06,5,20250216,201630,000000561002,1,7.49,7.49,0.00,0.47,S,,,USD,CC
70000637,02211,06,6,20250216,201630,000000040102,1.888,16.99,32.08,0.00,0.00,S,,,USD,CC
70000638,02305,01,1,20250216,164556,000000094202,1.143,1.99,2.27,0.00,0.00,S,,,USD,DB
70000638,02305,01,2,20250216,164556,000000552001,1,4.49,4.49,0.00,0.28,S,,,USD,DB
70000639,02305,05,1,20250216,140058,000000005301,1,5.49,5.49,0.00,0.00,S,,,USD,CS
70000639,02305,05,2,20250216,140058,000004481002,2,7.99,15.98,0.00,1.00,S,,,USD,CS
70000640,02305,06,1,20250216,74126,000004482003,1,5.49,5.49,0.00,0.34,S,6017537030,,USD,GC
70000640,02305,06,2,20250216,74126,000000005103,1,6.99,6.99,0.00,0.00,S,6017537030,,USD,GC
70000640,02305,06,3,20250216,74126,000004471024,2,3.49,6.98,0.00,0.44,S,6017537030,,USD,GC
70000640,02305,06,4,20250216,74126,000004483001,1,4.99,4.99,0.00,0.31,S,6017537030,,USD,GC
70000640,02305,06,5,20250216,74126,000000020103,1,4.99,4.99,0.00,0.00,S,6017537030,,USD,GC
70000641,02305,06,1,20250216,163606,000000093410,0.319,3.99,1.27,0.00,0.00,S,,,USD,CS
70000641,02305,06,2,20250216,163606,000004473003,1,3.49,3.49,0.00,0.22,S,,,USD,CS
70000641,02305,06,3,20250216,163606,000000005301,3,5.49,16.47,5.49,0.00,S,,MB25W03B,USD,CS
70000641,02305,06,4,20250216,163606,000000093503,1,4.29,4.29,0.00,0.00,S,,,USD,CS
70000641,02305,06,5,20250216,163606,000000005301,1,5.49,5.49,0.00,0.00,S,,,USD,CS
70000641,02305,06,6,20250216,163606,000000094103,2,3.79,7.58,0.00,0.00,S,,,USD,CS
70000642,02305,06,1,20250216,105013,000004493001,1,5.49,5.49,0.00,0.34,S,,,USD,CC
70000642,02305,06,2,20250216,105013,000004482003,3,5.49,16.47,0.00,1.03,S,,,USD,CC
70000642,02305,06,3,20250216,105013,000000005201,1,3.99,3.99,0.00,0.00,S,,,USD,CC
70000642,02305,06,4,20250216,105013,000000005012,1,3.99,3.99,0.00,0.00,S,,,USD,CC
70000643,02305,02,1,20250216,82645,000000005101,1,7.99,7.99,0.00,0.00,S,6032638902,,USD,CC
70000643,02305,02,2,20250216,82645,000004473003,1,3.49,3.49,0.00,0.22,S,6032638902,,USD,CC
70000644,02305,04,1,20250216,145053,000000551020,1,13.99,13.99,0.00,0.87,S,6061994237,,USD,GC
70000644,02305,04,2,20250216,145053,000004481002,1,7.99,7.99,0.00,0.50,S,6061994237,,USD,GC
70000645,02305,06,1,20250216,132144,000000020202,1,5.99,5.99,0.00,0.00,S,,,USD,CS
70000645,02305,06,2,20250216,132144,000000005013,1,3.89,3.89,0.00,0.00,S,,,USD,CS
70000645,02305,06,3,20250216,132144,000000093503,1,4.29,4.29,0.00,0.00,S,,,USD,CS
70000645,02305,06,4,20250216,132144,000000094202,1.887,1.99,3.76,0.00,0.00,S,,,USD,CS
70000646,02305,03,1,20250216,191525,000000040203,1,11.99,11.99,0.00,0.00,S,6031498643,,USD,CS
70000647,02305,01,1,20250216,122304,000000094101,2,3.99,7.98,0.00,0.00,S,,,USD,CC
70000647,02305,01,2,20250216,122304,000004482002,1,17.99,17.99,0.00,1.12,S,,,USD,CC
70000647,02305,01,3,20250216,122304,000000020103,3,4.99,14.97,4.99,0.00,S,,MB25W03B,USD,CC
70000647,02305,01,4,20250216,122304,000000040101,1.807,18.99,34.31,0.00,0.00,S,,,USD,CC
70000648,02305,02,1,20250216,210343,000000020102,1,3.49,3.49,0.00,0.00,S,,,USD,CC
70000649,03050,01,1,20250216,195944,000000040201,1,8.99,8.99,0.00,0.00,S,6055562833,,USD,CS
70000649,03050,01,2,20250216,195944,000000020101,1,2.49,2.49,0.00,0.00,S,6055562833,,USD,CS
70000650,03050,02,1,20250216,151404,000000093321,0.688,1.49,1.03,0.00,0.00,S,,,USD,DB
70000651,03050,01,1,20250216,203209,000000040201,1,8.99,8.99,0.00,0.00,S,,,USD,CC
70000652,03050,05,1,20250216,100119,000000093501,1,4.49,4.49,0.00,0.00,S,,,USD,CC
70000653,03050,01,1,20250216,105734,000000030203,1,8.49,8.49,0.00,0.00,S,,,USD,GC
70000653,03050,01,2,20250216,105734,000004481002,1,7.99,7.99,0.00,0.50,S,,,USD,GC
70000654,03050,05,1,20250216,170233,000000094202,0.756,1.99,1.50,0.00,0.00,S,,,USD,CS
70000655,00317,04,1,20250216,81700,000000562001,2,14.89,29.78,0.00,1.86,S,6093831849,,CAD,CC
70000656,00317,02,1,20250216,135546,000004473001,1,4.09,4.09,0.00,0.26,S,,,CAD,CC
70000656,00317,02,2,20250216,135546,000000093321,0.764,1.99,1.52,0.00,0.00,S,,,CAD,CC
70000656,00317,02,3,20250216,135546,000000562001,2,14.89,29.78,0.00,1.86,S,,,CAD,CC
70000656,00317,02,4,20250216,135546,000004493001,2,7.49,14.98,0.00,0.94,S,,,CAD,CC
70000657,00317,05,1,20250216,124425,000000093402,1.198,4.49,5.38,0.00,0.00,S,,,CAD,GC
70000657,00317,05,2,20250216,124425,000000005202,1,8.09,8.09,0.00,0.00,S,,,CAD,GC
70000657,00317,05,3,20250216,124425,000000093321,0.761,1.99,1.51,0.00,0.00,S,,,CAD,GC
70000657,00317,05,4,20250216,124425,000000030102,1,20.39,20.39,0.00,0.00,S,,,CAD,GC
70000658,00317,05,1,20250216,124050,000004482001,1,18.99,18.99,0.00,1.19,S,6055743132,,CAD,DB
70000658,00317,05,2,20250216,124050,000004482001,1,18.99,18.99,0.00,1.19,V,6055743132,,CAD,DB
70000659,00317,04,1,20250216,133428,000000005020,2,6.09,12.18,0.00,0.00,S,6042954316,,CAD,CC
70000659,00317,04,2,20250216,133428,000000005013,1,5.29,5.29,0.00,0.00,S,6042954316,,CAD,CC
70000659,00317,04,3,20250216,133428,000000094202,0.940,2.69,2.53,0.00,0.00,S,6042954316,,CAD,CC
70000659,00317,04,4,20250216,133428,000000552001,1,6.09,6.09,0.00,0.38,S,6042954316,,CAD,CC
70000659,00317,04,5,20250216,133428,000000551021,1,16.29,16.29,0.00,1.02,S,6042954316,,CAD,CC
70000660,00317,05,1,20250216,75941,000000561001,1,13.59,13.59,0.00,0.85,S,,,CAD,CS
70000661,00317,05,1,20250216,163343,000000040203,1,16.29,16.29,0.00,0.00,S,6005800851,,CAD,DB
70000661,00317,05,2,20250216,163343,000000094202,1.039,2.69,2.79,0.00,0.00,S,6005800851,,CAD,DB
70000661,00317,05,3,20250216,163343,000000030101,1,9.49,9.49,0.00,0.00,S,6005800851,,CAD,DB
70000661,00317,05,4,20250216,163343,000000020103,3,6.79,20.37,6.79,0.00,S,6005800851,MB25W03B,CAD,DB
70000662,00317,06,1,20250216,74940,000000094302,1.425,7.49,10.67,0.00,0.00,S,6013665722,,CAD,DB
70000662,00317,06,2,20250216,74940,000004473002,2,3.79,7.58,0.00,0.47,S,6013665722,,CAD,DB
70000662,00317,06,3,20250216,74940,000000093401,0.323,7.49,2.42,0.00,0.00,S,6013665722,,CAD,DB
70000662,00317,06,4,20250216,74940,000000551020,1,18.99,18.99,0.00,1.19,S,6013665722,,CAD,DB
70000662,00317,06,5,20250216,74940,000000030202,1,15.59,15.59,0.00,0.00,S,6013665722,,CAD,DB
70000663,00317,05,1,20250216,183413,000000005102,2,7.49,14.98,0.00,0.00,S,,,CAD,CC
70000663,00317,05,2,20250216,183413,000000020202,1,8.09,8.09,0.00,0.00,S,,,CAD,CC
70000663,00317,05,3,20250216,183413,000000094203,1.806,1.99,3.59,0.00,0.00,S,,,CAD,CC
70000663,00317,05,4,20250216,183413,000000005102,2,7.49,14.98,0.00,0.00,V,,,CAD,CC
70000664,00317,04,1,20250216,205549,000000030102,1,20.39,20.39,0.00,0.00,S,,,CAD,DB
70000664,00317,04,2,20250216,205549,000000551020,1,18.99,18.99,0.00,1.19,S,,,CAD,DB
70000664,00317,04,3,20250216,205549,000000094203,1.113,1.99,2.21,0.00,0.00,S,,,CAD,DB
70000665,00317,04,1,20250216,73952,000000552002,2,5.39,10.78,0.00,0.67,S,6075679825,,CAD,CS
70000666,01042,03,1,20250217,111449,000000040202,1,14.99,14.99,0.00,0.00,S,,,USD,CC
70000666,01042,03,2,20250217,111449,000000552001,3,4.49,13.47,0.00,0.84,S,,,USD,CC
70000666,01042,03,3,20250217,111449,000000005202,2,5.99,11.98,0.00,0.00,S,,,USD,CC
70000667,01042,03,1,20250217,70122,000000005013,1,3.89,3.89,0.00,0.00,S,,,USD,CC
70000667,01042,03,2,20250217,70122,000000551021,1,11.99,11.99,0.00,0.75,S,,,USD,CC
70000667,01042,03,3,20250217,70122,000000094202,1.181,1.99,2.35,0.00,0.00,S,,,USD,CC
70000667,01042,03,4,20250217,70122,000004472003,3,3.29,9.87,0.00,0.62,S,,,USD,CC
70000668,01042,05,1,20250217,205346,000000551021,1,11.99,11.99,0.00,0.75,S,6080172260,,USD,CC
70000668,01042,05,2,20250217,205346,000000005101,1,7.99,7.99,0.00,0.00,S,6080172260,,USD,CC
70000668,01042,05,3,20250217,205346,000004493002,1,3.99,3.99,0.00,0.25,S,6080172260,,USD,CC
70000668,01042,05,4,20250217,205346,000004492002,1,1.49,1.49,0.00,0.09,S,6080172260,,USD,CC
70000669,01042,04,1,20250217,114450,000000094202,2.039,1.99,4.06,0.00,0.00,S,,,USD,DB
70000670,01042,01,1,20250217,133859,000000094203,0.487,1.49,0.73,0.00,0.00,S,6065469681,,USD,DB
70000670,01042,01,2,20250217,133859,000000093321,1.610,1.49,2.40,0.00,0.00,S,6065469681,,USD,DB
70000670,01042,01,3,20250217,133859,000000005201,2,3.99,7.98,0.00,0.00,S,6065469681,,USD,DB
70000671,01042,03,1,20250217,141736,000000031102,1.509,19.99,30.16,0.00,0.00,S,6095026480,,USD,CC
70000672,01042,01,1,20250217,111204,000004493002,1,3.99,3.99,0.00,0.25,S,,,USD,DB
70000673,01042,04,1,20250217,173700,000004471024,1,3.49,3.49,0.00,0.22,S,,,USD,CS
70000673,01042,04,2,20250217,173700,000000552002,1,3.99,3.99,0.00,0.25,S,,,USD,CS
70000673,01042,04,3,20250217,173700,000000093321,2.119,1.49,3.16,0.00,0.00,S,,,USD,CS
70000674,01042,06,1,20250217,80029,000000020102,1,3.49,3.49,0.00,0.00,S,6035365419,,USD,GC
70000674,01042,06,2,20250217,80029,000004482003,1,5.49,5.49,0.00,0.34,S,6035365419,,USD,GC
70000674,01042,06,3,20250217,80029,000000093321,0.700,1.49,1.04,0.00,0.00,S,6035365419,,USD,GC
70000675,01107,06,1,20250217,163950,000004491002,1,6.99,6.99,0.00,0.44,S,,,USD,DB
70000675,01107,06,2,20250217,163950,000004491001,1,2.49,2.49,0.00,0.16,S,,,USD,DB
70000675,01107,06,3,20250217,163950,000000005012,3,3.99,11.97,3.99,0.00,S,,MB25W03,USD,DB
70000675,01107,06,4,20250217,163950,000000094103,1,3.79,3.79,0.00,0.00,S,,,USD,DB
70000675,01107,06,5,20250217,163950,000000005301,3,5.49,16.47,5.49,0.00,S,,MB25W03B,USD,DB
70000676,01107,04,1,20250217,133616,000000020101,3,2.49,7.47,0.00,0.00,S,,,USD,DB
70000676,01107,04,2,20250217,133616,000004492002,1,1.49,1.49,0.00,0.09,S,,,USD,DB
70000676,01107,04,3,20250217,133616,000000040101,1.668,18.99,31.68,0.00,0.00,S,,,USD,DB
70000677,01107,03,1,20250217,135952,000000005301,3,5.49,16.47,5.49,0.00,S,6039561372,MB25W03B,USD,DB
70000678,02210,05,1,20250217,182324,000000031101,0.537,24.99,13.42,0.00,0.00,S,,,USD,CC
70000678,02210,05,2,20250217,182324,000004483001,1,4.99,4.99,0.00,0.31,S,,,USD,CC
70000678,02210,05,3,20250217,182324,000004483001,3,4.99,14.97,0.00,0.94,S,,,USD,CC
70000679,02210,05,1,20250217,183339,000004472003,1,3.29,3.29,0.00,0.21,S,,,USD,GC
70000680,02210,05,1,20250217,100040,000004473001,1,2.99,2.99,0.00,0.19,S,,,USD,CS
70000680,02210,05,2,20250217,100040,000000031102,1.813,19.99,36.24,0.00,0.00,S,,,USD,CS
70000680,02210,05,3,20250217,100040,000004481002,1,7.99,7.99,0.00,0.50,S,,,USD,CS
70000681,02305,01,1,20250217,211524,000004482002,3,17.99,53.97,17.99,2.25,S,,MB25W03,USD,DB
70000681,02305,01,2,20250217,211524,000000093410,1.620,3.99,6.46,0.00,0.00,S,,,USD,DB
70000682,02305,06,1,20250217,80056,000000005102,1,5.49,5.49,0.00,0.00,S,,,USD,GC
70000683,02305,03,1,20250217,193135,000000093325,1.663,3.99,6.64,0.00,0.00,S,,,USD,GC
70000683,02305,03,2,20250217,193135,000000040202,1,14.99,14.99,0.00,0.00,S,,,USD,GC
70000683,02305,03,3,20250217,193135,000000020103,1,4.99,4.99,0.00,0.00,S,,,USD,GC
70000684,02305,03,1,20250217,181621,000000005301,1,5.49,5.49,0.00,0.00,S,,,USD,GC
70000684,02305,03,2,20250217,181621,000000040201,1,8.99,8.99,0.00,0.00,S,,,USD,GC
70000685,02305,01,1,20250217,184252,000000093321,1.567,1.49,2.33,0.00,0.00,S,,,USD,CS
70000685,02305,01,2,20250217,184252,000000562002,1,8.49,8.49,0.00,0.53,S,,,USD,CS
70000686,02305,05,1,20250217,132754,000000005202,1,5.99,5.99,0.00,0.00,S,6020962893,,USD,CC
70000686,02305,05,2,20250217,132754,000000020202,1,5.99,5.99,0.00,0.00,S,6020962893,,USD,CC
70000687,02305,02,1,20250217,161503,000000561002,1,7.49,7.49,0.00,0.47,S,,,USD,CC
70000687,02305,02,2,20250217,161503,000000020203,2,6.49,12.98,0.00,0.00,S,,,USD,CC
70000687,02305,02,3,20250217,161503,000004471024,1,3.49,3.49,0.00,0.22,S,,,USD,CC
70000688,02305,05,1,20250217,100736,000004473001,1,2.99,2.99,0.00,0.19,S,,,USD,DB
70000688,02305,05,2,20250217,100736,000000020103,1,4.99,4.99,0.00,0.00,S,,,USD,DB
70000688,02305,05,3,20250217,100736,000004482002,3,17.99,53.97,17.99,2.25,S,,MB25W03,USD,DB
70000688,02305,05,4,20250217,100736,000004471024,1,3.49,3.49,0.00,0.22,S,,,USD,DB
70000688,02305,05,5,20250217,100736,000000094102,1,3.49,3.49,0.00,0.00,S,,,USD,DB
70000688,02305,05,6,20250217,100736,000004482003,1,5.49,5.49,0.00,0.34,S,,,USD,DB
70000689,03050,03,1,20250217,195449,000004491002,1,6.99,6.99,0.00,0.44,S,,,USD,CC
70000689,03050,03,2,20250217,195449,000000094203,0.656,1.49,0.98,0.00,0.00,S,,,USD,CC
70000689,03050,03,3,20250217,195449,000000093325,0.271,3.99,1.08,0.00,0.00,S,,,USD,CC
70000690,03050,02,1,20250217,74149,000000030102,2,14.99,29.98,0.00,0.00,S,6079723200,,USD,CC
70000691,03050,04,1,20250217,104335,000000551020,1,13.99,13.99,0.00,0.87,S,,,USD,GC
70000692,03050,06,1,20250217,91524,000004473002,1,2.79,2.79,0.00,0.17,S,6075902517,,USD,CC
70000692,03050,06,2,20250217,91524,000004472003,1,3.29,3.29,0.00,0.21,S,6075902517,,USD,CC
70000692,03050,06,3,20250217,91524,000000020203,1,6.49,6.49,0.00,0.00,S,6075902517,,USD,CC
70000693,03050,03,1,20250217,70440,000000030203,3,8.49,25.47,8.49,0.00,S,6042271133,MB25W03B,USD,DB
70000694,03050,04,1,20250217,100538,000000040102,0.285,16.99,4.84,0.00,0.00,S,,,USD,CC
70000695,00317,04,1,20250217,195008,000000030102,1,20.39,20.39,0.00,0.00,S,6080068114,,CAD,CC
70000696,00317,06,1,20250217,170340,000000561002,1,10.19,10.19,0.00,0.64,S,,,CAD,CS
70000696,00317,06,2,20250217,170340,000000020203,1,8.79,8.79,0.00,0.00,S,,,CAD,CS
70000696,00317,06,3,20250217,170340,000000562001,1,14.89,14.89,0.00,0.93,S,,,CAD,CS
70000697,00317,03,1,20250217,191846,000000093410,1.238,5.39,6.67,0.00,0.00,S,,,CAD,CC
70000697,00317,03,2,20250217,191846,000000005013,1,5.29,5.29,0.00,0.00,S,,,CAD,CC
70000698,00317,05,1,20250217,74406,000000094301,0.950,5.99,5.69,0.00,0.00,S,6077079334,,CAD,CC
70000698,00317,05,2,20250217,74406,000000562001,1,14.89,14.89,0.00,0.93,S,6077079334,,CAD,CC
70000698,00317,05,3,20250217,74406,000004471040,1,3.39,3.39,0.00,0.21,S,6077079334,,CAD,CC
70000698,00317,05,4,20250217,74406,000000094203,1.895,1.99,3.77,0.00,0.00,S,6077079334,,CAD,CC
70000698,00317,05,5,20250217,74406,000004471040,1,3.39,3.39,0.00,0.21,S,6077079334,,CAD,CC
70000698,00317,05,6,20250217,74406,000004481002,1,10.89,10.89,0.00,0.68,S,6077079334,,CAD,CC
70000699,00317,03,1,20250217,133805,000000040201,1,12.19,12.19,0.00,0.00,S,,,CAD,DB
70000699,00317,03,2,20250217,133805,000000005201,2,5.39,10.78,0.00,0.00,S,,,CAD,DB
70000699,00317,03,3,20250217,133805,000000093325,1.126,5.39,6.07,0.00,0.00,S,,,CAD,DB
70000699,00317,03,4,20250217,133805,000004482003,1,7.49,7.49,0.00,0.47,S,,,CAD,DB
70000700,00317,03,1,20250217,93558,000000005302,2,4.69,9.38,0.00,0.00,S,6089982780,,CAD,CC
70000700,00317,03,2,20250217,93558,000000561002,2,10.19,20.38,0.00,1.27,S,6089982780,,CAD,CC
70000701,01042,06,1,20250218,100322,000000040101,1.252,18.99,23.78,0.00,0.00,S,6049673938,,USD,GC
70000701,01042,06,2,20250218,100322,000000030201,1,9.99,9.99,0.00,0.00,S,6049673938,,USD,GC
70000701,01042,06,3,20250218,100322,000000093503,1,4.29,4.29,0.00,0.00,S,6049673938,,USD,GC
70000702,01042,05,1,20250218,70740,000004491002,1,6.99,6.99,0.00,0.44,S,,,USD,GC
70000702,01042,05,2,20250218,70740,000000005301,1,5.49,5.49,0.00,0.00,S,,,USD,GC
70000702,01042,05,3,20250218,70740,000004471040,1,2.49,2.49,0.00,0.16,S,,,USD,GC
70000702,01042,05,4,20250218,70740,000004473002,1,2.79,2.79,0.00,0.17,S,,,USD,GC
70000702,01042,05,5,20250218,70740,000000094202,1.905,1.99,3.79,0.00,0.00,S,,,USD,GC
70000703,01042,06,1,20250218,165055,000000005202,3,5.99,17.97,0.00,0.00,S,,,USD,DB
70000703,01042,06,2,20250218,165055,000000005201,1,3.99,3.99,0.00,0.00,S,,,USD,DB
70000703,01042,06,3,20250218,165055,000004482002,1,17.99,17.99,0.00,1.12,S,,,USD,DB
70000703,01042,06,4,20250218,165055,000000561001,1,9.99,9.99,0.00,0.62,S,,,USD,DB
70000703,01042,06,5,20250218,165055,000000094301,1.359,4.39,5.97,0.00,0.00,S,,,USD,DB
70000704,01042,04,1,20250218,174134,000000030202,2,11.49,22.98,0.00,0.00,S,,,USD,DB
70000704,01042,04,2,20250218,174134,000004492002,1,1.49,1.49,0.00,0.09,S,,,USD,DB
70000705,01042,01,1,20250218,173511,000004492003,1,2.29,2.29,0.00,0.14,S,,,USD,DB
70000706,01042,04,1,20250218,172027,000000005302,1,3.49,3.49,0.00,0.00,S,,,USD,DB
70000706,01042,04,2,20250218,172027,000000561002,2,7.49,14.98,0.00,0.94,S,,,USD,DB
70000706,01042,04,3,20250218,172027,000004481003,1,4.99,4.99,0.00,0.31,S,,,USD,DB
70000707,02210,03,1,20250218,204606,000000093503,1,4.29,4.29,0.00,0.00,S,6063370502,,USD,GC
70000707,02210,03,2,20250218,204606,000004493002,1,3.99,3.99,0.00,0.25,S,6063370502,,USD,GC
70000707,02210,03,3,20250218,204606,000000005302,1,3.49,3.49,0.00,0.00,S,6063370502,,USD,GC
70000707,02210,03,4,20250218,204606,000000561002,1,7.49,7.49,0.00,0.47,S,6063370502,,USD,GC
70000708,02210,04,1,20250218,140343,000004482001,1,13.99,13.99,0.00,0.87,S,6091073228,,USD,DB
70000709,02210,02,1,20250218,103534,000004481002,1,7.99,7.99,0.00,0.50,S,,,USD,CC
70000710,02210,05,1,20250218,205629,000000040101,1.144,18.99,21.72,0.00,0.00,S,6003930870,,USD,DB
70000710,02210,05,2,20250218,205629,000000030203,3,8.49,25.47,8.49,0.00,S,6003930870,MB25W03B,USD,DB
70000710,02210,05,3,20250218,205629,000004472001,1,3.99,3.99,0.00,0.25,S,6003930870,,USD,DB
70000710,02210,05,4,20250218,205629,000000093322,0.500,1.99,0.99,0.00,0.00,S,6003930870,,USD,DB
70000711,02210,04,1,20250218,144259,000004473002,1,2.79,2.79,0.00,0.17,S,,,USD,CS
70000711,02210,04,2,20250218,144259,000000005302,2,3.49,6.98,0.00,0.00,S,,,USD,CS
70000711,02210,04,3,20250218,144259,000000093321,0.471,1.49,0.70,0.00,0.00,S,,,USD,CS
70000712,02210,02,1,20250218,123741,000000040202,1,14.99,14.99,0.00,0.00,S,6071639282,,USD,CC
70000712,02210,02,2,20250218,123741,000000005302,1,3.49,3.49,0.00,0.00,S,6071639282,,USD,CC
70000712,02210,02,3,20250218,123741,000000551021,1,11.99,11.99,0.00,0.75,S,6071639282,,USD,CC
70000713,02210,01,1,20250218,125454,000000561002,1,7.49,7.49,0.00,0.47,S,6062575326,,USD,DB
70000714,02210,03,1,20250218,120925,000000020103,1,4.99,4.99,0.00,0.00,R,6038569557,,USD,DB
70000715,02211,03,1,20250218,75545,000000005301,1,5.49,5.49,0.00,0.00,R,,,USD,GC
70000716,02211,05,1,20250218,124021,000000005302,1,3.49,3.49,0.00,0.00,S,,,USD,DB
70000717,02211,03,1,20250218,142859,000000562001,3,10.99,32.97,10.99,1.37,S,6024739500,MB25W03,USD,GC
70000717,02211,03,2,20250218,142859,000004471023,2,3.49,6.98,0.00,0.44,S,6024739500,,USD,GC
70000717,02211,03,3,20250218,142859,000000020101,1,2.49,2.49,0.00,0.00,S,6024739500,,USD,GC
70000717,02211,03,4,20250218,142859,000004483002,1,3.49,3.49,0.00,0.22,S,6024739500,,USD,GC
70000718,02305,04,1,20250218,200751,000004472003,1,3.29,3.29,0.00,0.21,S,6039930561,,USD,DB
70000719,02305,05,1,20250218,95841,000004483002,1,3.49,3.49,0.00,0.22,S,,,USD,GC
70000720,02305,05,1,20250218,81915,000004471040,1,2.49,2.49,0.00,0.16,S,,,USD,DB
70000720,02305,05,2,20250218,81915,000000030101,1,6.99,6.99,0.00,0.00,S,,,USD,DB
70000721,02305,04,1,20250218,80047,000004481003,1,4.99,4.99,0.00,0.31,S,,,USD,DB
70000721,02305,04,2,20250218,80047,000000005012,1,3.99,3.99,0.00,0.00,S,,,USD,DB
70000721,02305,04,3,20250218,80047,000000005103,2,6.99,13.98,0.00,0.00,S,,,USD,DB
70000722,02305,05,1,20250218,80752,000000093321,2.194,1.49,3.27,0.00,0.00,S,,,USD,CC
70000722,02305,05,2,20250218,80752,000000005103,1,6.99,6.99,0.00,0.00,S,,,USD,CC
70000722,02305,05,3,20250218,80752,000000030201,1,9.99,9.99,0.00,0.00,S,,,USD,CC
70000722,02305,05,4,20250218,80752,000000005020,1,4.49,4.49,0.00,0.00,S,,,USD,CC
70000723,02305,04,1,20250218,172015,000000030102,1,14.99,14.99,0.00,0.00,S,,,USD,DB
70000723,02305,04,2,20250218,172015,000000562002,1,8.49,8.49,0.00,0.53,S,,,USD,DB
70000723,02305,04,3,20250218,172015,000000005102,1,5.49,5.49,0.00,0.00,S,,,USD,DB
70000723,02305,04,4,20250218,172015,000000020103,3,4.99,14.97,4.99,0.00,S,,MB25W03B,USD,DB
70000723,02305,04,5,20250218,172015,000000005301,3,5.49,16.47,5.49,0.00,S,,MB25W03B,USD,DB
70000724,03050,04,1,20250218,75744,000000005102,2,5.49,10.98,0.00,0.00,S,,,USD,CC
70000724,03050,04,2,20250218,75744,000000005012,1,3.99,3.99,0.00,0.00,S,,,USD,CC
70000724,03050,04,3,20250218,75744,000000094202,0.536,1.99,1.07,0.00,0.00,S,,,USD,CC
70000725,03050,06,1,20250218,184318,000000031101,0.395,24.99,9.87,0.00,0.00,S,,,USD,CS
70000726,03050,04,1,20250218,140255,000000020201,3,5.49,16.47,0.00,0.00,S,,,USD,GC
70000727,03050,03,1,20250218,173029,000000005301,2,5.49,10.98,0.00,0.00,S,,,USD,DB
70000727,03050,03,2,20250218,173029,000000551021,1,11.99,11.99,0.00,0.75,S,,,USD,DB
70000727,03050,03,3,20250218,173029,000000020103,3,4.99,14.97,4.99,0.00,S,,MB25W03B,USD,DB
70000728,00317,01,1,20250218,170742,000000551021,1,16.29,16.29,0.00,1.02,S,,,CAD,CC
70000728,00317,01,2,20250218,170742,000000005202,1,8.09,8.09,0.00,0.00,S,,,CAD,CC
70000729,00317,01,1,20250218,74302,000000005020,1,6.09,6.09,0.00,0.00,S,,,CAD,DB
70000729,00317,01,2,20250218,74302,000000020203,1,8.79,8.79,0.00,0.00,S,,,CAD,DB
70000729,00317,01,3,20250218,74302,000004483001,1,6.79,6.79,0.00,0.42,S,,,CAD,DB
70000729,00317,01,4,20250218,74302,000000094301,1.054,5.99,6.31,0.00,0.00,S,,,CAD,DB
70000729,00317,01,5,20250218,74302,000004473003,1,4.69,4.69,0.00,0.29,S,,,CAD,DB
70000729,00317,01,6,20250218,74302,000000094202,2.054,2.69,5.53,0.00,0.00,S,,,CAD,DB
70000730,00317,04,1,20250218,85555,000000093321,0.929,1.99,1.85,0.00,0.00,S,,,CAD,DB
70000730,00317,04,2,20250218,85555,000000030202,1,15.59,15.59,0.00,0.00,S,,,CAD,DB
70000730,00317,04,3,20250218,85555,000000552001,1,6.09,6.09,0.00,0.38,S,,,CAD,DB
70000730,00317,04,4,20250218,85555,000000093321,2.180,1.99,4.34,0.00,0.00,S,,,CAD,DB
70000731,00317,04,1,20250218,182158,000004491001,2,3.39,6.78,0.00,0.42,S,,,CAD,GC
70000731,00317,04,2,20250218,182158,000004493002,1,5.39,5.39,0.00,0.34,S,,,CAD,GC
70000731,00317,04,3,20250218,182158,000004492001,1,2.39,2.39,0.00,0.15,S,,,CAD,GC
70000732,00317,02,1,20250218,135858,000004472002,1,6.09,6.09,0.00,0.38,S,,,CAD,DB
70000732,00317,02,2,20250218,135858,000000040101,1.768,25.79,45.60,0.00,0.00,S,,,CAD,DB
70000732,00317,02,3,20250218,135858,000000020103,2,6.79,13.58,0.00,0.00,S,,,CAD,DB
70000732,00317,02,4,20250218,135858,000004471030,2,5.39,10.78,0.00,0.67,S,,,CAD,DB
70000733,00317,04,1,20250218,180907,000000040201,2,12.19,24.38,0.00,0.00,S,,,CAD,GC
70000733,00317,04,2,20250218,180907,000004481002,1,10.89,10.89,0.00,0.68,S,,,CAD,GC
70000733,00317,04,3,20250218,180907,000004481002,2,10.89,21.78,0.00,1.36,S,,,CAD,GC
70000733,00317,04,4,20250218,180907,000004473003,1,4.69,4.69,0.00,0.29,S,,,CAD,GC
70000734,00317,04,1,20250218,185756,000000093402,1.444,4.49,6.48,0.00,0.00,S,,,CAD,CC
70000734,00317,04,2,20250218,185756,000000005013,2,5.29,10.58,0.00,0.00,S,,,CAD,CC
70000734,00317,04,3,20250218,185756,000000030201,1,13.59,13.59,0.00,0.00,S,,,CAD,CC
70000735,00317,03,1,20250218,115001,000000040102,0.533,23.09,12.31,0.00,0.00,S,6088269131,,CAD,CC
70000736,00317,05,1,20250218,90718,000000552001,1,6.09,6.09,0.00,0.38,S,6023116491,,CAD,CS
70000736,00317,05,2,20250218,90718,000004483002,1,4.69,4.69,0.00,0.29,S,6023116491,,CAD,CS
70000736,00317,05,3,20250218,90718,000004483001,2,6.79,13.58,0.00,0.85,S,6023116491,,CAD,CS
70000736,00317,05,4,20250218,90718,000000093410,1.375,5.39,7.41,0.00,0.00,S,6023116491,,CAD,CS
70000736,00317,05,5,20250218,90718,000000094103,1,5.19,5.19,0.00,0.00,S,6023116491,,CAD,CS
70000737,00317,06,1,20250218,185053,000000094103,1,5.19,5.19,0.00,0.00,S,6053703824,,CAD,CC
70000738,00317,05,1,20250218,160102,000004473003,1,4.69,4.69,0.00,0.29,R,,,CAD,DB
70000739,00317,02,1,20250218,162444,000000094102,3,4.69,14.07,0.00,0.00,S,,,CAD,GC
70000739,00317,02,2,20250218,162444,000004492003,1,3.09,3.09,0.00,0.19,S,,,CAD,GC
70000739,00317,02,3,20250218,162444,000004483002,1,4.69,4.69,0.00,0.29,S,,,CAD,GC
70000740,01042,04,1,20250219,101036,000000005013,1,3.89,3.89,0.00,0.00,S,,,USD,GC
70000740,01042,04,2,20250219,101036,000004472001,1,3.99,3.99,0.00,0.25,S,,,USD,GC
70000740,01042,04,3,20250219,101036,000000093325,0.905,3.99,3.61,0.00,0.00,S,,,USD,GC
70000741,01042,03,1,20250219,93720,000004482003,1,5.49,5.49,0.00,0.34,S,,,USD,DB
70000741,01042,03,2,20250219,93720,000004481003,3,4.99,14.97,0.00,0.94,S,,,USD,DB
70000741,01042,03,3,20250219,93720,000000005302,1,3.49,3.49,0.00,0.00,S,,,USD,DB
70000741,01042,03,4,20250219,93720,000000030202,2,11.49,22.98,0.00,0.00,S,,,USD,DB
70000741,01042,03,5,20250219,93720,000004493002,1,3.99,3.99,0.00,0.25,S,,,USD,DB
70000741,01042,03,6,20250219,93720,000004493002,1,3.99,3.99,0.00,0.25,V,,,USD,DB
70000742,01042,02,1,20250219,173452,000000093410,1.424,3.99,5.68,0.00,0.00,S,,,USD,DB
70000742,01042,02,2,20250219,173452,000000093502,1,3.99,3.99,0.00,0.00,S,,,USD,DB
70000742,01042,02,3,20250219,173452,000000094201,0.657,1.69,1.11,0.00,0.00,S,,,USD,DB
70000742,01042,02,4,20250219,173452,000000040102,1.425,16.99,24.21,0.00,0.00,S,,,USD,DB
70000742,01042,02,5,20250219,173452,000000094202,1.891,1.99,3.76,0.00,0.00,S,,,USD,DB
70000743,01042,03,1,20250219,112446,000000552002,2,3.99,7.98,0.00,0.50,S,6052437729,,USD,GC
70000743,01042,03,2,20250219,112446,000000093322,2.047,1.99,4.07,0.00,0.00,S,6052437729,,USD,GC
70000743,01042,03,3,20250219,112446,000004471024,2,3.49,6.98,0.00,0.44,S,6052437729,,USD,GC
70000743,01042,03,4,20250219,112446,000000005201,1,3.99,3.99,0.00,0.00,S,6052437729,,USD,GC
70000743,01042,03,5,20250219,112446,000000020101,1,2.49,2.49,0.00,0.00,S,6052437729,,USD,GC
70000744,01042,04,1,20250219,195144,000000005202,2,5.99,11.98,0.00,0.00,S,6058319971,,USD,DB
70000745,01042,06,1,20250219,155727,000004481002,2,7.99,15.98,0.00,1.00,S,6087692082,,USD,DB
70000745,01042,06,2,20250219,155727,000004471030,1,3.99,3.99,0.00,0.25,S,6087692082,,USD,DB
70000746,01107,02,1,20250219,155319,000000040203,1,11.99,11.99,0.00,0.00,S,,,USD,CC
70000746,01107,02,2,20250219,155319,000004473003,1,3.49,3.49,0.00,0.22,S,,,USD,CC
70000747,01107,04,1,20250219,122348,000000020102,2,3.49,6.98,0.00,0.00,S,6092513271,,USD,DB
70000747,01107,04,2,20250219,122348,000004482002,3,17.99,53.97,17.99,2.25,S,6092513271,MB25W03,USD,DB
70000747,01107,04,3,20250219,122348,000000094301,1.877,4.39,8.24,0.00,0.00,S,6092513271,,USD,DB
70000747,01107,04,4,20250219,122348,000004481001,2,7.99,15.98,0.00,1.00,S,6092513271,,USD,DB
70000748,01107,03,1,20250219,160746,000000005012,3,3.99,11.97,3.99,0.00,S,,MB25W03,USD,DB
70000748,01107,03,2,20250219,160746,000004492001,1,1.79,1.79,0.00,0.11,S,,,USD,DB
70000748,01107,03,3,20250219,160746,000004482002,3,17.99,53.97,17.99,2.25,S,,MB25W03,USD,DB
70000748,01107,03,4,20250219,160746,000004492002,1,1.49,1.49,0.00,0.09,S,,,USD,DB
70000748,01107,03,5,20250219,160746,000000020101,2,2.49,4.98,0.00,0.00,S,,,USD,DB
70000748,01107,03,6,20250219,160746,000004482002,3,17.99,53.97,17.99,2.25,S,,MB25W03,USD,DB
70000749,02210,06,1,20250219,140506,000000005101,1,7.99,7.99,0.00,0.00,S,6000915618,,USD,CS
70000750,02210,01,1,20250219,154741,000000093325,1.297,3.99,5.18,0.00,0.00,S,6014014011,,USD,GC
70000750,02210,01,2,20250219,154741,000004473001,1,2.99,2.99,0.00,0.19,S,6014014011,,USD,GC
70000750,02210,01,3,20250219,154741,000004491002,3,6.99,20.97,0.00,1.31,S,6014014011,,USD,GC
70000750,02210,01,4,20250219,154741,000004481001,1,7.99,7.99,0.00,0.50,S,6014014011,,USD,GC
70000750,02210,01,5,20250219,154741,000004472001,3,3.99,11.97,0.00,0.75,S,6014014011,,USD,GC
70000750,02210,01,6,20250219,154741,000000094202,1.886,1.99,3.75,0.00,0.00,S,6014014011,,USD,GC
70000751,02210,06,1,20250219,80105,000000093322,1.151,1.99,2.29,0.00,0.00,S,6025859177,,USD,CS
70000751,02210,06,2,20250219,80105,000004483002,1,3.49,3.49,0.00,0.22,S,6025859177,,USD,CS
70000751,02210,06,3,20250219,80105,000000005301,2,5.49,10.98,0.00,0.00,S,6025859177,,USD,CS
70000752,02211,01,1,20250219,94627,000004493002,2,3.99,7.98,0.00,0.50,S,6064520599,,USD,CC
70000752,02211,01,2,20250219,94627,000004493002,1,3.99,3.99,0.00,0.25,S,6064520599,,USD,CC
70000752,02211,01,3,20250219,94627,000000040101,1.180,18.99,22.41,0.00,0.00,S,6064520599,,USD,CC
70000752,02211,01,4,20250219,94627,000004492002,1,1.49,1.49,0.00,0.09,S,6064520599,,USD,CC
70000753,02211,04,1,20250219,121149,000004481001,1,7.99,7.99,0.00,0.50,S,6076769915,,USD,CC
70000753,02211,04,2,20250219,121149,000000552001,1,4.49,4.49,0.00,0.28,S,6076769915,,USD,CC
70000753,02211,04,3,20250219,121149,000004491002,1,6.99,6.99,0.00,0.44,S,6076769915,,USD,CC
70000753,02211,04,4,20250219,121149,000004472002,1,4.49,4.49,0.00,0.28,S,6076769915,,USD,CC
70000754,02211,01,1,20250219,95804,000000094103,1,3.79,3.79,0.00,0.00,S,6045897148,,USD,CC
70000754,02211,01,2,20250219,95804,000000020201,1,5.49,5.49,0.00,0.00,S,6045897148,,USD,CC
70000754,02211,01,3,20250219,95804,000000040203,1,11.99,11.99,0.00,0.00,S,6045897148,,USD,CC
70000754,02211,01,4,20250219,95804,000000040101,0.785,18.99,14.91,0.00,0.00,S,6045897148,,USD,CC
70000755,02305,01,1,20250219,174930,000000020103,3,4.99,14.97,4.99,0.00,S,,MB25W03B,USD,DB
70000755,02305,01,2,20250219,174930,000000561001,2,9.99,19.98,0.00,1.25,S,,,USD,DB
70000755,02305,01,3,20250219,174930,000000040201,1,8.99,8.99,0.00,0.00,S,,,USD,DB
70000755,02305,01,4,20250219,174930,000000005201,1,3.99,3.99,0.00,0.00,S,,,USD,DB
70000755,02305,01,5,20250219,174930,000004491002,1,6.99,6.99,0.00,0.44,S,,,USD,DB
70000756,02305,01,1,20250219,133944,000000020103,1,4.99,4.99,0.00,0.00,S,,,USD,DB
70000756,02305,01,2,20250219,133944,000000005012,3,3.99,11.97,3.99,0.00,S,,MB25W03,USD,DB
70000756,02305,01,3,20250219,133944,000000030201,1,9.99,9.99,0.00,0.00,S,,,USD,DB
70000756,02305,01,4,20250219,133944,000004481001,1,7.99,7.99,0.00,0.50,S,,,USD,DB
70000756,02305,01,5,20250219,133944,000004492003,1,2.29,2.29,0.00,0.14,S,,,USD,DB
70000757,02305,05,1,20250219,172238,000004471040,1,2.49,2.49,0.00,0.16,S,6091093371,,USD,CS
70000757,02305,05,2,20250219,172238,000000093322,1.252,1.99,2.49,0.00,0.00,S,6091093371,,USD,CS
70000758,02305,03,1,20250219,171044,000004473003,2,3.49,6.98,0.00,0.44,S,6087920698,,USD,DB
70000758,02305,03,2,20250219,171044,000000093502,1,3.99,3.99,0.00,0.00,S,6087920698,,USD,DB
70000758,02305,03,3,20250219,171044,000000005302,1,3.49,3.49,0.00,0.00,S,6087920698,,USD,DB
70000758,02305,03,4,20250219,171044,000004481001,1,7.99,7.99,0.00,0.50,S,6087920698,,USD,DB
70000759,03050,01,1,20250219,134847,000004471024,2,3.49,6.98,0.00,0.44,S,,,USD,DB
70000760,03050,06,1,20250219,182026,000004471040,3,2.49,7.47,0.00,0.47,S,,,USD,GC
70000760,03050,06,2,20250219,182026,000000094201,1.582,1.69,2.67,0.00,0.00,S,,,USD,GC
70000760,03050,06,3,20250219,182026,000000020202,1,5.99,5.99,0.00,0.00,S,,,USD,GC
70000761,03050,03,1,20250219,121205,000004471023,1,3.49,3.49,0.00,0.22,S,6016580464,,USD,GC
70000761,03050,03,2,20250219,121205,000000094201,1.854,1.69,3.13,0.00,0.00,S,6016580464,,USD,GC
70000761,03050,03,3,20250219,121205,000004473003,2,3.49,6.98,0.00,0.44,S,6016580464,,USD,GC
70000762,00317,04,1,20250219,173647,000000005301,1,7.49,7.49,0.00,0.00,S,,,CAD,DB
70000762,00317,04,2,20250219,173647,000004492050,1,2.99,2.99,0.00,0.19,S,,,CAD,DB
70000762,00317,04,3,20250219,173647,000000040101,2.005,25.79,51.71,0.00,0.00,S,,,CAD,DB
70000762,00317,04,4,20250219,173647,000000094302,0.472,7.49,3.54,0.00,0.00,S,,,CAD,DB
70000762,00317,04,5,20250219,173647,000004492001,1,2.39,2.39,0.00,0.15,S,,,CAD,DB
70000762,00317,04,6,20250219,173647,000000020202,1,8.09,8.09,0.00,0.00,S,,,CAD,DB
70000763,00317,02,1,20250219,205755,000000005101,1,10.89,10.89,0.00,0.00,S,,,CAD,GC
70000763,00317,02,2,20250219,205755,000000020202,1,8.09,8.09,0.00,0.00,S,,,CAD,GC
70000763,00317,02,3,20250219,205755,000000093321,0.573,1.99,1.14,0.00,0.00,S,,,CAD,GC
70000763,00317,02,4,20250219,205755,000000094201,0.647,2.29,1.48,0.00,0.00,S,,,CAD,GC
70000763,00317,02,5,20250219,205755,000000093401,0.430,7.49,3.22,0.00,0.00,S,,,CAD,GC
70000764,00317,03,1,20250219,95746,000000005012,3,5.39,16.17,5.39,0.00,S,,MB25W03,CAD,CC
70000764,00317,03,2,20250219,95746,000004472001,1,5.39,5.39,0.00,0.34,S,,,CAD,CC
70000764,00317,03,3,20250219,95746,000004491002,2,9.49,18.98,0.00,1.19,S,,,CAD,CC
70000765,00317,02,1,20250219,105658,000000005012,1,5.39,5.39,0.00,0.00,S,,,CAD,DB
70000766,00317,04,1,20250219,122806,000000551020,2,18.99,37.98,0.00,2.37,S,,,CAD,DB
70000766,00317,04,2,20250219,122806,000000020103,1,6.79,6.79,0.00,0.00,S,,,CAD,DB
70000766,00317,04,3,20250219,122806,000004492002,1,1.99,1.99,0.00,0.12,S,,,CAD,DB
70000766,00317,04,4,20250219,122806,000000094202,0.309,2.69,0.83,0.00,0.00,S,,,CAD,DB
70000766,00317,04,5,20250219,122806,000000020102,1,4.69,4.69,0.00,0.00,S,,,CAD,DB
70000766,00317,04,6,20250219,122806,000004472050,1,5.39,5.39,0.00,0.34,S,,,CAD,DB
70000767,00317,04,1,20250219,155835,000000005101,1,10.89,10.89,0.00,0.00,S,6018272795,,CAD,GC
70000767,00317,04,2,20250219,155835,000000040203,1,16.29,16.29,0.00,0.00,S,6018272795,,CAD,GC
70000767,00317,04,3,20250219,155835,000000020202,1,8.09,8.09,0.00,0.00,S,6018272795,,CAD,GC
70000767,00317,04,4,20250219,155835,000000020103,2,6.79,13.58,0.00,0.00,S,6018272795,,CAD,GC
70000767,00317,04,5,20250219,155835,000000561001,1,13.59,13.59,0.00,0.85,S,6018272795,,CAD,GC
70000768,01042,01,1,20250220,193341,000000005101,1,7.99,7.99,0.00,0.00,S,,,USD,CC
70000768,01042,01,2,20250220,193341,000000093501,1,4.49,4.49,0.00,0.00,S,,,USD,CC
70000768,01042,01,3,20250220,193341,000000094102,1,3.49,3.49,0.00,0.00,S,,,USD,CC
70000768,01042,01,4,20250220,193341,000000562001,3,10.99,32.97,10.99,1.37,S,,MB25W03,USD,CC
70000769,01042,06,1,20250220,205631,000000031101,1.774,24.99,44.33,0.00,0.00,S,6075884252,,USD,CC
70000769,01042,06,2,20250220,205631,000000005301,1,5.49,5.49,0.00,0.00,S,6075884252,,USD,CC
70000769,01042,06,3,20250220,205631,000000005013,1,3.89,3.89,0.00,0.00,S,6075884252,,USD,CC
70000769,01042,06,4,20250220,205631,000000031101,1.808,24.99,45.18,0.00,0.00,S,6075884252,,USD,CC
70000770,01042,05,1,20250220,122012,000004472003,1,3.29,3.29,0.00,0.21,S,6095026480,,USD,CC
70000770,01042,05,2,20250220,122012,000004492001,1,1.79,1.79,0.00,0.11,S,6095026480,,USD,CC
70000770,01042,05,3,20250220,122012,000000094203,0.884,1.49,1.32,0.00,0.00,S,6095026480,,USD,CC
70000771,01042,06,1,20250220,134819,000000551021,1,11.99,11.99,0.00,0.75,S,,,USD,CS
70000771,01042,06,2,20250220,134819,000000094101,1,3.99,3.99,0.00,0.00,S,,,USD,CS
70000772,01042,02,1,20250220,162718,000004482002,3,17.99,53.97,17.99,2.25,S,,MB25W03,USD,DB
70000772,01042,02,2,20250220,162718,000000005201,1,3.99,3.99,0.00,0.00,S,,,USD,DB
70000772,01042,02,3,20250220,162718,000000020101,1,2.49,2.49,0.00,0.00,S,,,USD,DB
70000773,01042,03,1,20250220,162645,000004471030,1,3.99,3.99,0.00,0.25,S,6080715695,,USD,CC
70000773,01042,03,2,20250220,162645,000004471040,1,2.49,2.49,0.00,0.16,S,6080715695,,USD,CC
70000773,01042,03,3,20250220,162645,000000093410,1.986,3.99,7.92,0.00,0.00,S,6080715695,,USD,CC
70000774,01042,04,1,20250220,91304,000000020202,1,5.99,5.99,0.00,0.00,S,,,USD,CC
70000774,01042,04,2,20250220,91304,000000093321,0.858,1.49,1.28,0.00,0.00,S,,,USD,CC
70000774,01042,04,3,20250220,91304,000000020103,3,4.99,14.97,4.99,0.00,S,,MB25W03B,USD,CC
70000774,01042,04,4,20250220,91304,000000040101,1.004,18.99,19.07,0.00,0.00,S,,,USD,CC
70000775,01042,02,1,20250220,82309,000000030203,1,8.49,8.49,0.00,0.00,S,6075233438,,USD,DB
70000775,01042,02,2,20250220,82309,000004472001,1,3.99,3.99,0.00,0.25,S,6075233438,,USD,DB
70000775,01042,02,3,20250220,82309,000000552002,1,3.99,3.99,0.00,0.25,S,6075233438,,USD,DB
70000775,01042,02,4,20250220,82309,000000562002,3,8.49,25.47,0.00,1.59,S,6075233438,,USD,DB
70000776,01042,04,1,20250220,115132,000000030203,3,8.49,25.47,8.49,0.00,S,,MB25W03B,USD,DB
70000776,01042,04,2,20250220,115132,000000005202,2,5.99,11.98,0.00,0.00,S,,,USD,DB
70000776,01042,04,3,20250220,115132,000000093401,0.264,5.49,1.45,0.00,0.00,S,,,USD,DB
70000776,01042,04,4,20250220,115132,000000094102,1,3.49,3.49,0.00,0.00,S,,,USD,DB
70000777,01107,02,1,20250220,94339,000004483002,1,3.49,3.49,0.00,0.22,S,,,USD,CC
70000777,01107,02,2,20250220,94339,000004491001,1,2.49,2.49,0.00,0.16,S,,,USD,CC
70000777,01107,02,3,20250220,94339,000004491003,1,1.99,1.99,0.00,0.12,S,,,USD,CC
70000778,02210,01,1,20250220,125448,000000005020,2,4.49,8.98,0.00,0.00,S,,,USD,DB
70000778,02210,01,2,20250220,125448,000004471030,1,3.99,3.99,0.00,0.25,S,,,USD,DB
70000778,02210,01,3,20250220,125448,000004471023,1,3.49,3.49,0.00,0.22,S,,,USD,DB
70000778,02210,01,4,20250220,125448,000000094202,1.792,1.99,3.57,0.00,0.00,S,,,USD,DB
70000778,02210,01,5,20250220,125448,000004491002,2,6.99,13.98,0.00,0.87,S,,,USD,DB
70000778,02210,01,6,20250220,125448,000000020202,1,5.99,5.99,0.00,0.00,S,,,USD,DB
70000779,02210,02,1,20250220,153734,000004493001,1,5.49,5.49,0.00,0.34,S,,,USD,CC
70000779,02210,02,2,20250220,153734,000004473003,1,3.49,3.49,0.00,0.22,S,,,USD,CC
70000780,02210,02,1,20250220,132811,000004493002,1,3.99,3.99,0.00,0.25,S,6005673030,,USD,GC
70000780,02210,02,2,20250220,132811,000000005202,3,5.99,17.97,0.00,0.00,S,6005673030,,USD,GC
70000781,02211,02,1,20250220,100406,000004493002,2,3.99,7.98,0.00,0.50,S,,,USD,CC
70000781,02211,02,2,20250220,100406,000004483001,1,4.99,4.99,0.00,0.31,S,,,USD,CC
70000781,02211,02,3,20250220,100406,000000040201,1,8.99,8.99,0.00,0.00,S,,,USD,CC
70000781,02211,02,4,20250220,100406,000000040202,1,14.99,14.99,0.00,0.00,S,,,USD,CC
70000781,02211,02,5,20250220,100406,000000040202,2,14.99,29.98,0.00,0.00,S,,,USD,CC
70000781,02211,02,6,20250220,100406,000004482002,3,17.99,53.97,17.99,2.25,S,,MB25W03,USD,CC
70000782,02211,05,1,20250220,200443,000004493001,1,5.49,5.49,0.00,0.34,S,6037524310,,USD,CC
70000783,02211,03,1,20250220,130900,000004493001,1,5.49,5.49,0.00,0.34,S,6092855445,,USD,CC
70000783,02211,03,2,20250220,130900,000000040202,2,14.99,29.98,0.00,0.00,S,6092855445,,USD,CC
70000783,02211,03,3,20250220,130900,000000020201,1,5.49,5.49,0.00,0.00,S,6092855445,,USD,CC
70000783,02211,03,4,20250220,130900,000004472003,1,3.29,3.29,0.00,0.21,S,6092855445,,USD,CC
70000783,02211,03,5,20250220,130900,000004491003,2,1.99,3.98,0.00,0.25,S,6092855445,,USD,CC
70000784,02305,02,1,20250220,214423,000004482002,3,17.99,53.97,17.99,2.25,S,,MB25W03,USD,CS
70000784,02305,02,2,20250220,214423,000000094203,0.988,1.49,1.47,0.00,0.00,S,,,USD,CS
70000784,02305,02,3,20250220,214423,000004493001,1,5.49,5.49,0.00,0.34,S,,,USD,CS
70000785,02305,03,1,20250220,92152,000004493001,3,5.49,16.47,0.00,1.03,S,,,USD,DB
70000785,02305,03,2,20250220,92152,000004482002,3,17.99,53.97,17.99,2.25,S,,MB25W03,USD,DB
70000785,02305,03,3,20250220,92152,000004471023,1,3.49,3.49,0.00,0.22,S,,,USD,DB
70000785,02305,03,4,20250220,92152,000000094302,0.483,5.49,2.65,0.00,0.00,S,,,USD,DB
70000785,02305,03,5,20250220,92152,000000030201,1,9.99,9.99,0.00,0.00,S,,,USD,DB
70000786,02305,01,1,20250220,173616,000000040102,1.676,16.99,28.48,0.00,0.00,S,,,USD,DB
70000786,02305,01,2,20250220,173616,000000031102,0.665,19.99,13.29,0.00,0.00,S,,,USD,DB
70000786,02305,01,3,20250220,173616,000004491002,1,6.99,6.99,0.00,0.44,S,,,USD,DB
70000787,02305,06,1,20250220,195559,000004491001,1,2.49,2.49,0.00,0.16,S,6096932591,,USD,GC
70000787,02305,06,2,20250220,195559,000000094101,2,3.99,7.98,0.00,0.00,S,6096932591,,USD,GC
70000787,02305,06,3,20250220,195559,000004473003,1,3.49,3.49,0.00,0.22,S,6096932591,,USD,GC
70000788,02305,02,1,20250220,184945,000000093325,1.192,3.99,4.76,0.00,0.00,S,,,USD,CC
70000788,02305,02,2,20250220,184945,000000551020,1,13.99,13.99,0.00,0.87,S,,,USD,CC
70000788,02305,02,3,20250220,184945,000000040202,1,14.99,14.99,0.00,0.00,S,,,USD,CC
70000789,02305,06,1,20250220,165959,000000093402,1.728,3.29,5.69,0.00,0.00,S,,,USD,CC
70000789,02305,06,2,20250220,165959,000004471040,1,2.49,2.49,0.00,0.16,S,,,USD,CC
70000790,02305,01,1,20250220,203345,000000005301,1,5.49,5.49,0.00,0.00,S,,,USD,DB
70000790,02305,01,2,20250220,203345,000000005103,1,6.99,6.99,0.00,0.00,S,,,USD,DB
70000790,02305,01,3,20250220,203345,000000562001,1,10.99,10.99,0.00,0.69,S,,,USD,DB
70000790,02305,01,4,20250220,203345,000004472001,1,3.99,3.99,0.00,0.25,S,,,USD,DB
70000790,02305,01,5,20250220,203345,000004491002,1,6.99,6.99,0.00,0.44,S,,,USD,DB
70000790,02305,01,6,20250220,203345,000000562001,1,10.99,10.99,0.00,0.69,S,,,USD,DB
70000791,02305,06,1,20250220,145520,000000551021,1,11.99,11.99,0.00,0.75,S,,,USD,CS
70000791,02305,06,2,20250220,145520,000000093503,1,4.29,4.29,0.00,0.00,S,,,USD,CS
70000791,02305,06,3,20250220,145520,000004491003,1,1.99,1.99,0.00,0.12,S,,,USD,CS
70000791,02305,06,4,20250220,145520,000000005102,1,5.49,5.49,0.00,0.00,S,,,USD,CS
70000791,02305,06,5,20250220,145520,000004471030,1,3.99,3.99,0.00,0.25,S,,,USD,CS
70000792,02305,01,1,20250220,174002,000000020103,3,4.99,14.97,4.99,0.00,S,6012146147,MB25W03B,USD,CC
70000792,02305,01,2,20250220,174002,000000020203,1,6.49,6.49,0.00,0.00,S,6012146147,,USD,CC
70000792,02305,01,3,20250220,174002,000000552001,1,4.49,4.49,0.00,0.28,S,6012146147,,USD,CC
70000792,02305,01,4,20250220,174002,000004481001,3,7.99,23.97,0.00,1.50,S,6012146147,,USD,CC
70000793,02305,02,1,20250220,134528,000004471023,3,3.49,10.47,0.00,0.65,S,,,USD,DB
70000793,02305,02,2,20250220,134528,000004492001,1,1.79,1.79,0.00,0.11,S,,,USD,DB
70000793,02305,02,3,20250220,134528,000000093501,1,4.49,4.49,0.00,0.00,S,,,USD,DB
70000794,03050,03,1,20250220,94211,000000005102,1,5.49,5.49,0.00,0.00,S,6048628720,,USD,CS
70000794,03050,03,2,20250220,94211,000004471023,1,3.49,3.49,0.00,0.22,S,6048628720,,USD,CS
70000795,03050,02,1,20250220,205750,000000551021,1,11.99,11.99,0.00,0.75,S,6051240568,,USD,DB
70000795,03050,02,2,20250220,205750,000000040201,1,8.99,8.99,0.00,0.00,S,6051240568,,USD,DB
70000796,03050,02,1,20250220,211905,000000030203,3,8.49,25.47,8.49,0.00,S,,MB25W03B,USD,DB
70000797,03050,04,1,20250220,202100,000004473002,1,2.79,2.79,0.00,0.17,R,,,USD,CC
70000798,03050,06,1,20250220,73710,000000020101,1,2.49,2.49,0.00,0.00,S,6014181861,,USD,DB
70000798,03050,06,2,20250220,73710,000004482001,1,13.99,13.99,0.00,0.87,S,6014181861,,USD,DB
70000798,03050,06,3,20250220,73710,000000040202,3,14.99,44.97,0.00,0.00,S,6014181861,,USD,DB
70000798,03050,06,4,20250220,73710,000000094103,2,3.79,7.58,0.00,0.00,S,6014181861,,USD,DB
70000798,03050,06,5,20250220,73710,000004471023,1,3.49,3.49,0.00,0.22,S,6014181861,,USD,DB
70000799,03050,05,1,20250220,195627,000000094302,1.364,5.49,7.49,0.00,0.00,S,,,USD,CS
70000799,03050,05,2,20250220,195627,000000040101,2.156,18.99,40.94,0.00,0.00,S,,,USD,CS
70000799,03050,05,3,20250220,195627,000004473002,2,2.79,5.58,0.00,0.35,S,,,USD,CS
70000799,03050,05,4,20250220,195627,000000040102,1.872,16.99,31.81,0.00,0.00,S,,,USD,CS
70000800,03050,03,1,20250220,194100,000000005012,3,3.99,11.97,3.99,0.00,S,,MB25W03,USD,DB
70000800,03050,03,2,20250220,194100,000004472002,3,4.49,13.47,0.00,0.84,S,,,USD,DB
70000800,03050,03,3,20250220,194100,000000552002,1,3.99,3.99,0.00,0.25,S,,,USD,DB
70000800,03050,03,4,20250220,194100,000004473001,3,2.99,8.97,0.00,0.56,S,,,USD,DB
70000801,03050,05,1,20250220,213651,000004492003,1,2.29,2.29,0.00,0.14,S,,,USD,DB
70000801,03050,05,2,20250220,213651,000000005013,1,3.89,3.89,0.00,0.00,S,,,USD,DB
70000801,03050,05,3,20250220,213651,000004471023,1,3.49,3.49,0.00,0.22,S,,,USD,DB
70000802,00317,06,1,20250220,131719,000000093321,1.100,1.99,2.19,0.00,0.00,S,,,CAD,CC
70000802,00317,06,2,20250220,131719,000004492001,1,2.39,2.39,0.00,0.15,S,,,CAD,CC
70000802,00317,06,3,20250220,131719,000004492002,1,1.99,1.99,0.00,0.12,S,,,CAD,CC
70000802,00317,06,4,20250220,131719,000000005302,1,4.69,4.69,0.00,0.00,S,,,CAD,CC
70000803,00317,03,1,20250220,173014,000000040202,2,20.39,40.78,0.00,0.00,S,,,CAD,GC
70000803,00317,03,2,20250220,173014,000000094101,1,5.39,5.39,0.00,0.00,S,,,CAD,GC
70000803,00317,03,3,20250220,173014,000000093502,1,5.39,5.39,0.00,0.00,S,,,CAD,GC
70000804,00317,03,1,20250220,141723,000000020201,1,7.49,7.49,0.00,0.00,S,6030806958,,CAD,DB
70000804,00317,03,2,20250220,141723,000000552001,1,6.09,6.09,0.00,0.38,S,6030806958,,CAD,DB
70000804,00317,03,3,20250220,141723,000000005020,1,6.09,6.09,0.00,0.00,S,6030806958,,CAD,DB
70000804,00317,03,4,20250220,141723,000000005102,1,7.49,7.49,0.00,0.00,S,6030806958,,CAD,DB
70000804,00317,03,5,20250220,141723,000000040101,0.364,25.79,9.39,0.00,0.00,S,6030806958,,CAD,DB
70000804,00317,03,6,20250220,141723,000000005012,1,5.39,5.39,0.00,0.00,S,6030806958,,CAD,DB
70000805,00317,02,1,20250220,153053,000004472002,1,6.09,6.09,0.00,0.38,S,,,CAD,GC
70000805,00317,02,2,20250220,153053,000004482002,1,24.49,24.49,0.00,1.53,S,,,CAD,GC
70000806,00317,06,1,20250220,161135,000000005101,2,10.89,21.78,0.00,0.00,S,,,CAD,CC
70000806,00317,06,2,20250220,161135,000004471024,1,4.69,4.69,0.00,0.29,S,,,CAD,CC
70000806,00317,06,3,20250220,161135,000000005102,1,7.49,7.49,0.00,0.00,S,,,CAD,CC
70000806,00317,06,4,20250220,161135,000004492001,1,2.39,2.39,0.00,0.15,S,,,CAD,CC
70000806,00317,06,5,20250220,161135,000004472001,1,5.39,5.39,0.00,0.34,S,,,CAD,CC
70000806,00317,06,6,20250220,161135,000000561001,1,13.59,13.59,0.00,0.85,S,,,CAD,CC
70000807,00317,06,1,20250220,190546,000000030202,1,15.59,15.59,0.00,0.00,S,,,CAD,CS
70000807,00317,06,2,20250220,190546,000000094202,1.558,2.69,4.19,0.00,0.00,S,,,CAD,CS
70000807,00317,06,3,20250220,190546,000004482002,3,24.49,73.47,24.49,3.06,S,,MB25W03,CAD,CS
70000808,01042,06,1,20250221,133929,000004491003,1,1.99,1.99,0.00,0.12,S,,,USD,CC
70000808,01042,06,2,20250221,133929,000000040203,2,11.99,23.98,0.00,0.00,S,,,USD,CC
70000809,01042,04,1,20250221,193212,000004491002,2,6.99,13.98,0.00,0.87,S,,,USD,DB
70000809,01042,04,2,20250221,193212,000000552001,1,4.49,4.49,0.00,0.28,S,,,USD,DB
70000809,01042,04,3,20250221,193212,000000005201,1,3.99,3.99,0.00,0.00,S,,,USD,DB
70000809,01042,04,4,20250221,193212,000000031102,1.329,19.99,26.57,0.00,0.00,S,,,USD,DB
70000810,01042,03,1,20250221,150322,000000020102,1,3.49,3.49,0.00,0.00,S,6034606664,,USD,CC
70000810,01042,03,2,20250221,150322,000004482001,1,13.99,13.99,0.00,0.87,S,6034606664,,USD,CC
70000811,01042,04,1,20250221,125312,000000040102,1.436,16.99,24.40,0.00,0.00,S,6014607455,,USD,CC
70000811,01042,04,2,20250221,125312,000004473001,1,2.99,2.99,0.00,0.19,S,6014607455,,USD,CC
70000811,01042,04,3,20250221,125312,000004472003,1,3.29,3.29,0.00,0.21,S,6014607455,,USD,CC
70000811,01042,04,4,20250221,125312,000000040102,2.194,16.99,37.28,0.00,0.00,S,6014607455,,USD,CC
70000811,01042,04,5,20250221,125312,000000093321,0.944,1.49,1.41,0.00,0.00,S,6014607455,,USD,CC
70000812,01042,02,1,20250221,80921,000000030201,2,9.99,19.98,0.00,0.00,S,6026527354,,USD,CS
70000812,01042,02,2,20250221,80921,000000005012,3,3.99,11.97,3.99,0.00,S,6026527354,MB25W03,USD,CS
70000813,01042,04,1,20250221,173636,000004471024,1,3.49,3.49,0.00,0.22,S,6007859321,,USD,GC
70000814,01042,06,1,20250221,124153,000004483002,1,3.49,3.49,0.00,0.22,S,,,USD,CC
70000814,01042,06,2,20250221,124153,000004471024,2,3.49,6.98,0.00,0.44,S,,,USD,CC
70000814,01042,06,3,20250221,124153,000000030103,1,8.99,8.99,0.00,0.00,S,,,USD,CC
70000814,01042,06,4,20250221,124153,000000020103,3,4.99,14.97,4.99,0.00,S,,MB25W03B,USD,CC
70000815,01042,99,1,20250221,215006,000004472002,1,4.49,4.49,0.00,0.28,S,6034118822,,USD,CC
70000815,01042,99,2,20250221,215006,000000094203,0.311,1.49,0.46,0.00,0.00,S,6034118822,,USD,CC
70000816,01042,03,1,20250221,152839,000004471030,1,3.99,3.99,0.00,0.25,S,6086694320,,USD,CC
70000816,01042,03,2,20250221,152839,000000005103,1,6.99,6.99,0.00,0.00,S,6086694320,,USD,CC
70000816,01042,03,3,20250221,152839,000000040202,1,14.99,14.99,0.00,0.00,S,6086694320,,USD,CC
70000816,01042,03,4,20250221,152839,000004473003,1,3.49,3.49,0.00,0.22,S,6086694320,,USD,CC
70000817,01042,06,1,20250221,110309,000000005301,3,5.49,16.47,5.49,0.00,S,,MB25W03B,USD,CC
70000817,01042,06,2,20250221,110309,000000005201,1,3.99,3.99,0.00,0.00,S,,,USD,CC
70000818,01107,05,1,20250221,211330,000004482003,1,5.49,5.49,0.00,0.34,S,,,USD,CS
70000818,01107,05,2,20250221,211330,000000552001,2,4.49,8.98,0.00,0.56,S,,,USD,CS
70000818,01107,05,3,20250221,211330,000000093325,1.374,3.99,5.48,0.00,0.00,S,,,USD,CS
70000818,01107,05,4,20250221,211330,000000020101,1,2.49,2.49,0.00,0.00,S,,,USD,CS
70000818,01107,05,5,20250221,211330,000004491002,1,6.99,6.99,0.00,0.44,S,,,USD,CS
70000819,01107,02,1,20250221,191836,000000020103,3,4.99,14.97,4.99,0.00,S,6057494902,MB25W03B,USD,CS
70000819,01107,02,2,20250221,191836,000000020201,2,5.49,10.98,0.00,0.00,S,6057494902,,USD,CS
70000820,01107,04,1,20250221,202859,000004493001,1,5.49,5.49,0.00,0.34,S,6024826292,,USD,CC
70000820,01107,04,2,20250221,202859,000000005012,1,3.99,3.99,0.00,0.00,S,6024826292,,USD,CC
70000820,01107,04,3,20250221,202859,000000094103,1,3.79,3.79,0.00,0.00,S,6024826292,,USD,CC
70000821,01107,06,1,20250221,190949,000004472003,1,3.29,3.29,0.00,0.21,S,,,USD,DB
70000821,01107,06,2,20250221,190949,000000040201,1,8.99,8.99,0.00,0.00,S,,,USD,DB
70000821,01107,06,3,20250221,190949,000004482002,3,17.99,53.97,17.99,2.25,S,,MB25W03,USD,DB
70000822,01107,02,1,20250221,121044,000004483002,3,3.49,10.47,0.00,0.65,S,,,USD,CS
70000822,01107,02,2,20250221,121044,000004492001,2,1.79,3.58,0.00,0.22,S,,,USD,CS
70000822,01107,02,3,20250221,121044,000004483001,1,4.99,4.99,0.00,0.31,S,,,USD,CS
70000823,01107,05,1,20250221,121447,000000040201,1,8.99,8.99,0.00,0.00,S,6085621850,,USD,CC
70000824,02210,03,1,20250221,193236,000004492001,2,1.79,3.58,0.00,0.22,S,,,USD,CC
70000824,02210,03,2,20250221,193236,000004483002,1,3.49,3.49,0.00,0.22,S,,,USD,CC
70000824,02210,03,3,20250221,193236,000000093321,1.760,1.49,2.62,0.00,0.00,S,,,USD,CC
70000824,02210,03,4,20250221,193236,000004473001,1,2.99,2.99,0.00,0.19,S,,,USD,CC
70000825,02210,05,1,20250221,73235,000004492001,2,1.79,3.58,0.00,0.22,S,,,USD,CC
70000825,02210,05,2,20250221,73235,000000094202,1.600,1.99,3.18,0.00,0.00,S,,,USD,CC
70000825,02210,05,3,20250221,73235,000000005101,1,7.99,7.99,0.00,0.00,S,,,USD,CC
70000825,02210,05,4,20250221,73235,000000005202,1,5.99,5.99,0.00,0.00,S,,,USD,CC
70000825,02210,05,5,20250221,73235,000000552002,1,3.99,3.99,0.00,0.25,S,,,USD,CC
70000826,02210,02,1,20250221,115928,000000005301,1,5.49,5.49,0.00,0.00,S,6040679176,,USD,DB
70000826,02210,02,2,20250221,115928,000000094203,1.565,1.49,2.33,0.00,0.00,S,6040679176,,USD,DB
70000826,02210,02,3,20250221,115928,000004473001,1,2.99,2.99,0.00,0.19,S,6040679176,,USD,DB
70000827,02210,01,1,20250221,214049,000004471040,3,2.49,7.47,0.00,0.47,S,6020165423,,USD,CS
70000827,02210,01,2,20250221,214049,000004481001,1,7.99,7.99,0.00,0.50,S,6020165423,,USD,CS
70000827,02210,01,3,20250221,214049,000000005012,3,3.99,11.97,3.99,0.00,S,6020165423,MB25W03,USD,CS
70000828,02211,04,1,20250221,204832,000000040201,1,8.99,8.99,0.00,0.00,S,6001347789,,USD,GC
70000828,02211,04,2,20250221,204832,000004492002,1,1.49,1.49,0.00,0.09,S,6001347789,,USD,GC
70000828,02211,04,3,20250221,204832,000004491003,1,1.99,1.99,0.00,0.12,S,6001347789,,USD,GC
70000828,02211,04,4,20250221,204832,000004471040,1,2.49,2.49,0.00,0.16,S,6001347789,,USD,GC
70000829,02211,04,1,20250221,215719,000004482001,1,13.99,13.99,0.00,0.87,S,,,USD,CC
70000829,02211,04,2,20250221,215719,000000020203,1,6.49,6.49,0.00,0.00,S,,,USD,CC
70000829,02211,04,3,20250221,215719,000000040203,1,11.99,11.99,0.00,0.00,S,,,USD,CC
70000829,02211,04,4,20250221,215719,000000005301,3,5.49,16.47,5.49,0.00,S,,MB25W03B,USD,CC
70000829,02211,04,5,20250221,215719,000000040203,2,11.99,23.98,0.00,0.00,S,,,USD,CC
70000830,02305,04,1,20250221,151422,000000040202,1,14.99,14.99,0.00,0.00,S,6072946671,,USD,CS
70000831,02305,01,1,20250221,91000,000004492001,1,1.79,1.79,0.00,0.11,S,,,USD,CS
70000832,02305,02,1,20250221,201233,000000093322,1.354,1.99,2.69,0.00,0.00,R,,,USD,CC
70000833,02305,03,1,20250221,203249,000004491003,1,1.99,1.99,0.00,0.12,S,6031884852,,USD,DB
70000834,02305,05,1,20250221,193845,000004482001,1,13.99,13.99,0.00,0.87,S,,,USD,DB
70000834,02305,05,2,20250221,193845,000000094203,0.338,1.49,0.50,0.00,0.00,S,,,USD,DB
70000834,02305,05,3,20250221,193845,000000094301,1.083,4.39,4.75,0.00,0.00,S,,,USD,DB
70000835,02305,02,1,20250221,155729,000000005103,1,6.99,6.99,0.00,0.00,S,,,USD,CC
70000835,02305,02,2,20250221,155729,000000562001,3,10.99,32.97,10.99,1.37,S,,MB25W03,USD,CC
70000835,02305,02,3,20250221,155729,000000031102,0.920,19.99,18.39,0.00,0.00,S,,,USD,CC
70000835,02305,02,4,20250221,155729,000000005301,3,5.49,16.47,5.49,0.00,S,,MB25W03B,USD,CC
70000835,02305,02,5,20250221,155729,000000020103,3,4.99,14.97,4.99,0.00,S,,MB25W03B,USD,CC
70000836,02305,03,1,20250221,143529,000004493002,2,3.99,7.98,0.00,0.50,S,6037660144,,USD,CC
70000837,02305,03,1,20250221,102248,000000005103,1,6.99,6.99,0.00,0.00,S,6002437654,,USD,CC
70000837,02305,03,2,20250221,102248,000000093321,0.737,1.49,1.10,0.00,0.00,S,6002437654,,USD,CC
70000837,02305,03,3,20250221,102248,000000030103,1,8.99,8.99,0.00,0.00,S,6002437654,,USD,CC
70000838,03050,03,1,20250221,153626,000000005020,1,4.49,4.49,0.00,0.00,S,6090874064,,USD,CC
70000838,03050,03,2,20250221,153626,000000005012,3,3.99,11.97,3.99,0.00,S,6090874064,MB25W03,USD,CC
70000838,03050,03,3,20250221,153626,000000005013,1,3.89,3.89,0.00,0.00,S,6090874064,,USD,CC
70000839,03050,06,1,20250221,170641,000004471023,2,3.49,6.98,0.00,0.44,S,6073499601,,USD,DB
70000840,03050,01,1,20250221,114737,000000552002,1,3.99,3.99,0.00,0.25,S,6000518449,,USD,CC
70000841,03050,04,1,20250221,132503,000000094202,1.908,1.99,3.80,0.00,0.00,S,,,USD,CS
70000842,03050,01,1,20250221,133551,000000005201,1,3.99,3.99,0.00,0.00,S,,,USD,CC
70000843,03050,01,1,20250221,212452,000000005202,1,5.99,5.99,0.00,0.00,S,,,USD,DB
70000843,03050,01,2,20250221,212452,000000040201,1,8.99,8.99,0.00,0.00,S,,,USD,DB
70000843,03050,01,3,20250221,212452,000000094101,1,3.99,3.99,0.00,0.00,S,,,USD,DB
70000844,03050,04,1,20250221,75838,000000094102,1,3.49,3.49,0.00,0.00,S,,,USD,DB
70000844,03050,04,2,20250221,75838,000000005301,3,5.49,16.47,5.49,0.00,S,,MB25W03B,USD,DB
70000844,03050,04,3,20250221,75838,000000031101,2.108,24.99,52.68,0.00,0.00,S,,,USD,DB
70000845,03050,01,1,20250221,102323,000000093502,1,3.99,3.99,0.00,0.00,S,,,USD,CC
70000845,03050,01,2,20250221,102323,000000562001,2,10.99,21.98,0.00,1.37,S,,,USD,CC
70000845,03050,01,3,20250221,102323,000000005301,3,5.49,16.47,5.49,0.00,S,,MB25W03B,USD,CC
70000845,03050,01,4,20250221,102323,000000005301,3,5.49,16.47,5.49,0.00,S,,MB25W03B,USD,CC
70000845,03050,01,5,20250221,102323,000000020103,2,4.99,9.98,0.00,0.00,S,,,USD,CC
70000846,03050,01,1,20250221,151044,000000562001,3,10.99,32.97,10.99,1.37,S,6080038457,MB25W03,USD,CC
70000847,00317,02,1,20250221,160953,000000005102,1,7.49,7.49,0.00,0.00,S,6065024916,,CAD,GC
70000847,00317,02,2,20250221,160953,000000020102,2,4.69,9.38,0.00,0.00,S,6065024916,,CAD,GC
70000848,00317,06,1,20250221,184315,000000093501,1,6.09,6.09,0.00,0.00,S,,,CAD,GC
70000848,00317,06,2,20250221,184315,000000040203,1,16.29,16.29,0.00,0.00,S,,,CAD,GC
70000848,00317,06,3,20250221,184315,000000551020,1,18.99,18.99,0.00,1.19,S,,,CAD,GC
70000848,00317,06,4,20250221,184315,000004473002,3,3.79,11.37,0.00,0.71,S,,,CAD,GC
70000849,00317,06,1,20250221,171418,000000040101,0.760,25.79,19.60,0.00,0.00,S,6038164321,,CAD,CS
70000849,00317,06,2,20250221,171418,000000094203,1.711,1.99,3.40,0.00,0.00,S,6038164321,,CAD,CS
70000849,00317,06,3,20250221,171418,000000005202,1,8.09,8.09,0.00,0.00,S,6038164321,,CAD,CS
70000849,00317,06,4,20250221,171418,000004473003,1,4.69,4.69,0.00,0.29,S,6038164321,,CAD,CS
70000850,00317,04,1,20250221,163750,000000561002,1,10.19,10.19,0.00,0.64,S,6020952004,,CAD,CC
70000850,00317,04,2,20250221,163750,000000040203,1,16.29,16.29,0.00,0.00,S,6020952004,,CAD,CC
70000851,00317,04,1,20250221,103532,000000552002,1,5.39,5.39,0.00,0.34,S,,,CAD,DB
70000851,00317,04,2,20250221,103532,000000093501,1,6.09,6.09,0.00,0.00,S,,,CAD,DB
70000852,00317,04,1,20250221,104856,000000005302,1,4.69,4.69,0.00,0.00,S,6003926142,,CAD,DB
70000852,00317,04,2,20250221,104856,000000030203,3,11.49,34.47,11.49,0.00,S,6003926142,MB25W03B,CAD,DB
70000853,00317,05,1,20250221,101541,000004482002,3,24.49,73.47,24.49,3.06,S,6019906234,MB25W03,CAD,DB
70000853,00317,05,2,20250221,101541,000000093321,0.410,1.99,0.82,0.00,0.00,S,6019906234,,CAD,DB
70000853,00317,05,3,20250221,101541,000004481001,1,10.89,10.89,0.00,0.68,S,6019906234,,CAD,DB
70000853,00317,05,4,20250221,101541,000000093321,0.410,1.99,0.82,0.00,0.00,V,6019906234,,CAD,DB
70000854,00317,02,1,20250221,143046,000000030203,3,11.49,34.47,11.49,0.00,S,,MB25W03B,CAD,GC
70000854,00317,02,2,20250221,143046,000004472050,1,5.39,5.39,0.00,0.34,S,,,CAD,GC
70000854,00317,02,3,20250221,143046,000004492050,1,2.99,2.99,0.00,0.19,S,,,CAD,GC
70000854,00317,02,4,20250221,143046,000000005201,1,5.39,5.39,0.00,0.00,S,,,CAD,GC
70000855,00317,06,1,20250221,83749,000000005302,1,4.69,4.69,0.00,0.00,S,6042177625,,CAD,CC
70000856,00317,04,1,20250221,73956,000004482001,1,18.99,18.99,0.00,1.19,S,,,CAD,GC
70000856,00317,04,2,20250221,73956,000000020102,1,4.69,4.69,0.00,0.00,S,,,CAD,GC
70000856,00317,04,3,20250221,73956,000004483001,1,6.79,6.79,0.00,0.42,S,,,CAD,GC
70000856,00317,04,4,20250221,73956,000000093401,0.958,7.49,7.18,0.00,0.00,S,,,CAD,GC
70000857,01042,06,1,20250222,192457,000000093410,1.113,3.99,4.44,0.00,0.00,R,,,USD,GC
70000858,01042,01,1,20250222,152935,000004481002,2,7.99,15.98,0.00,1.00,S,,,USD,DB
70000859,01042,05,1,20250222,161517,000000005012,2,3.99,7.98,0.00,0.00,S,,,USD,CC
70000859,01042,05,2,20250222,161517,000004481003,2,4.99,9.98,0.00,0.62,S,,,USD,CC
70000859,01042,05,3,20250222,161517,000000005302,1,3.49,3.49,0.00,0.00,S,,,USD,CC
70000859,01042,05,4,20250222,161517,000004492003,1,2.29,2.29,0.00,0.14,S,,,USD,CC
70000860,01042,06,1,20250222,142837,000000040201,1,8.99,8.99,0.00,0.00,S,6071753556,,USD,DB
70000861,01042,03,1,20250222,214304,000004481001,1,7.99,7.99,0.00,0.50,S,,,USD,CS
70000861,01042,03,2,20250222,214304,000004483001,3,4.99,14.97,0.00,0.94,S,,,USD,CS
70000861,01042,03,3,20250222,214304,000004473003,2,3.49,6.98,0.00,0.44,S,,,USD,CS
70000862,01042,02,1,20250222,150415,000000093321,0.961,1.49,1.43,0.00,0.00,S,,,USD,CS
70000862,01042,02,2,20250222,150415,000000005012,1,3.99,3.99,0.00,0.00,S,,,USD,CS
70000862,01042,02,3,20250222,150415,000000031101,1.272,24.99,31.79,0.00,0.00,S,,,USD,CS
70000862,01042,02,4,20250222,150415,000000040203,1,11.99,11.99,0.00,0.00,S,,,USD,CS
70000863,01042,01,1,20250222,213858,000004482001,1,13.99,13.99,0.00,0.87,S,,,USD,CS
70000863,01042,01,2,20250222,213858,000000020102,1,3.49,3.49,0.00,0.00,S,,,USD,CS
70000863,01042,01,3,20250222,213858,000000040201,1,8.99,8.99,0.00,0.00,S,,,USD,CS
70000863,01042,01,4,20250222,213858,000004471040,1,2.49,2.49,0.00,0.16,S,,,USD,CS
70000863,01042,01,5,20250222,213858,000000040203,1,11.99,11.99,0.00,0.00,S,,,USD,CS
70000863,01042,01,6,20250222,213858,000004473001,2,2.99,5.98,0.00,0.37,S,,,USD,CS
70000864,01042,04,1,20250222,213700,000000040101,2.179,18.99,41.38,0.00,0.00,S,,,USD,CC
70000864,01042,04,2,20250222,213700,000000020101,1,2.49,2.49,0.00,0.00,S,,,USD,CC
70000864,01042,04,3,20250222,213700,000004492002,1,1.49,1.49,0.00,0.09,S,,,USD,CC
70000864,01042,04,4,20250222,213700,000000005301,1,5.49,5.49,0.00,0.00,S,,,USD,CC
70000865,01042,03,1,20250222,153023,000000020202,3,5.99,17.97,0.00,0.00,S,6095026480,,USD,GC
70000865,01042,03,2,20250222,153023,000004472002,2,4.49,8.98,0.00,0.56,S,6095026480,,USD,GC
70000865,01042,03,3,20250222,153023,000004473001,1,2.99,2.99,0.00,0.19,S,6095026480,,USD,GC
70000865,01042,03,4,20250222,153023,000000093321,2.112,1.49,3.15,0.00,0.00,S,6095026480,,USD,GC
70000866,01042,01,1,20250222,83658,000004482003,1,5.49,5.49,0.00,0.34,S,,,USD,CC
70000866,01042,01,2,20250222,83658,000000030202,1,11.49,11.49,0.00,0.00,S,,,USD,CC
70000866,01042,01,3,20250222,83658,000000005103,1,6.99,6.99,0.00,0.00,S,,,USD,CC
70000867,01042,02,1,20250222,72343,000000020203,1,6.49,6.49,0.00,0.00,S,,,USD,CS
70000867,01042,02,2,20250222,72343,000000020103,2,4.99,9.98,0.00,0.00,S,,,USD,CS
70000867,01042,02,3,20250222,72343,000004491002,1,6.99,6.99,0.00,0.44,S,,,USD,CS
70000868,01042,02,1,20250222,73140,000000005102,1,5.49,5.49,0.00,0.00,S,,,USD,CC
70000868,01042,02,2,20250222,73140,000000561001,2,9.99,19.98,0.00,1.25,S,,,USD,CC
70000869,01042,05,1,20250222,200505,000000005101,1,7.99,7.99,0.00,0.00,S,,,USD,CC
70000870,01107,03,1,20250222,85154,000000005103,1,6.99,6.99,0.00,0.00,S,,,USD,DB
70000870,01107,03,2,20250222,85154,000004482001,3,13.99,41.97,0.00,2.62,S,,,USD,DB
70000871,01107,01,1,20250222,182554,000004492001,1,1.79,1.79,0.00,0.11,S,,,USD,GC
70000871,01107,01,2,20250222,182554,000000005302,1,3.49,3.49,0.00,0.00,S,,,USD,GC
70000872,01107,06,1,20250222,150205,000000093401,1.891,5.49,10.38,0.00,0.00,S,,,USD,CS
70000873,01107,02,1,20250222,125852,000004482003,1,5.49,5.49,0.00,0.34,S,,,USD,DB
70000873,01107,02,2,20250222,125852,000000005201,1,3.99,3.99,0.00,0.00,S,,,USD,DB
70000873,01107,02,3,20250222,125852,000004482002,3,17.99,53.97,17.99,2.25,S,,MB25W03,USD,DB
70000873,01107,02,4,20250222,125852,000004481001,3,7.99,23.97,0.00,1.50,S,,,USD,DB
70000873,01107,02,5,20250222,125852,000000040203,1,11.99,11.99,0.00,0.00,S,,,USD,DB
70000874,01107,03,1,20250222,160856,000004483001,2,4.99,9.98,0.00,0.62,S,,,USD,CS
70000874,01107,03,2,20250222,160856,000000561002,1,7.49,7.49,0.00,0.47,S,,,USD,CS
70000874,01107,03,3,20250222,160856,000000562002,1,8.49,8.49,0.00,0.53,S,,,USD,CS
70000874,01107,03,4,20250222,160856,000004481001,1,7.99,7.99,0.00,0.50,S,,,USD,CS
70000874,01107,03,5,20250222,160856,000004473003,1,3.49,3.49,0.00,0.22,S,,,USD,CS
70000875,01107,01,1,20250222,133458,000004482003,1,5.49,5.49,0.00,0.34,S,6011231261,,USD,CC
70000875,01107,01,2,20250222,133458,000000040203,2,11.99,23.98,0.00,0.00,S,6011231261,,USD,CC
70000875,01107,01,3,20250222,133458,000000020102,2,3.49,6.98,0.00,0.00,S,6011231261,,USD,CC
70000876,01107,03,1,20250222,112724,000004471024,1,3.49,3.49,0.00,0.22,S,6051028767,,USD,CC
70000876,01107,03,2,20250222,112724,000000005302,1,3.49,3.49,0.00,0.00,S,6051028767,,USD,CC
70000877,01107,06,1,20250222,105450,000000094301,0.523,4.39,2.30,0.00,0.00,S,6089030914,,USD,CC
70000878,02210,05,1,20250222,80035,000004473003,1,3.49,3.49,0.00,0.22,S,6056506098,,USD,CC
70000878,02210,05,2,20250222,80035,000004472002,1,4.49,4.49,0.00,0.28,S,6056506098,,USD,CC
70000878,02210,05,3,20250222,80035,000000005301,1,5.49,5.49,0.00,0.00,S,6056506098,,USD,CC
70000878,02210,05,4,20250222,80035,000000005103,1,6.99,6.99,0.00,0.00,S,6056506098,,USD,CC
70000878,02210,05,5,20250222,80035,000000030203,3,8.49,25.47,8.49,0.00,S,6056506098,MB25W03B,USD,CC
70000878,02210,05,6,20250222,80035,000000005012,2,3.99,7.98,0.00,0.00,S,6056506098,,USD,CC
70000879,02210,06,1,20250222,162245,000000005301,3,5.49,16.47,5.49,0.00,S,,MB25W03B,USD,GC
70000879,02210,06,2,20250222,162245,000004473003,1,3.49,3.49,0.00,0.22,S,,,USD,GC
70000879,02210,06,3,20250222,162245,000000040201,1,8.99,8.99,0.00,0.00,S,,,USD,GC
70000879,02210,06,4,20250222,162245,000004473003,1,3.49,3.49,0.00,0.22,S,,,USD,GC
70000879,02210,06,5,20250222,162245,000000093321,1.251,1.49,1.86,0.00,0.00,S,,,USD,GC
70000880,02210,06,1,20250222,181750,000000031101,1.736,24.99,43.38,0.00,0.00,S,,,USD,GC
70000880,02210,06,2,20250222,181750,000000005020,1,4.49,4.49,0.00,0.00,S,,,USD,GC
70000880,02210,06,3,20250222,181750,000004492001,1,1.79,1.79,0.00,0.11,S,,,USD,GC
70000880,02210,06,4,20250222,181750,000000005012,3,3.99,11.97,3.99,0.00,S,,MB25W03,USD,GC
70000881,02210,02,1,20250222,72913,000004491002,1,6.99,6.99,0.00,0.44,S,6067932798,,USD,CS
70000881,02210,02,2,20250222,72913,000004482001,1,13.99,13.99,0.00,0.87,S,6067932798,,USD,CS
70000882,02210,06,1,20250222,94637,000000005102,1,5.49,5.49,0.00,0.00,S,,,USD,GC
70000882,02210,06,2,20250222,94637,000004481001,2,7.99,15.98,0.00,1.00,S,,,USD,GC
70000883,02210,02,1,20250222,94204,000000005102,1,5.49,5.49,0.00,0.00,S,,,USD,DB
70000883,02210,02,2,20250222,94204,000000005202,2,5.99,11.98,0.00,0.00,S,,,USD,DB
70000883,02210,02,3,20250222,94204,000004482003,1,5.49,5.49,0.00,0.34,S,,,USD,DB
70000883,02210,02,4,20250222,94204,000004482002,3,17.99,53.97,17.99,2.25,S,,MB25W03,USD,DB
70000883,02210,02,5,20250222,94204,000000020201,2,5.49,10.98,0.00,0.00,S,,,USD,DB
70000884,02210,02,1,20250222,171538,000000020203,2,6.49,12.98,0.00,0.00,S,6013273034,,USD,CC
70000884,02210,02,2,20250222,171538,000004481002,1,7.99,7.99,0.00,0.50,S,6013273034,,USD,CC
70000885,02210,01,1,20250222,91521,000000040101,0.372,18.99,7.06,0.00,0.00,S,,,USD,DB
70000885,02210,01,2,20250222,91521,000000030201,1,9.99,9.99,0.00,0.00,S,,,USD,DB
70000885,02210,01,3,20250222,91521,000004473001,1,2.99,2.99,0.00,0.19,S,,,USD,DB
70000885,02210,01,4,20250222,91521,000000562001,3,10.99,32.97,10.99,1.37,S,,MB25W03,USD,DB
70000886,02210,05,1,20250222,121631,000000552002,1,3.99,3.99,0.00,0.25,S,6037281793,,USD,CS
70000886,02210,05,2,20250222,121631,000000551021,1,11.99,11.99,0.00,0.75,S,6037281793,,USD,CS
70000886,02210,05,3,20250222,121631,000000562001,1,10.99,10.99,0.00,0.69,S,6037281793,,USD,CS
70000886,02210,05,4,20250222,121631,000000040201,1,8.99,8.99,0.00,0.00,S,6037281793,,USD,CS
70000887,02210,03,1,20250222,122920,000000040202,1,14.99,14.99,0.00,0.00,S,,,USD,DB
70000888,02210,01,1,20250222,130002,000004482002,3,17.99,53.97,17.99,2.25,S,,MB25W03,USD,CC
70000889,02210,01,1,20250222,181254,000000005103,3,6.99,20.97,0.00,0.00,S,,,USD,DB
70000889,02210,01,2,20250222,181254,000004493002,1,3.99,3.99,0.00,0.25,S,,,USD,DB
70000889,02210,01,3,20250222,181254,000004471023,1,3.49,3.49,0.00,0.22,S,,,USD,DB
70000889,02210,01,4,20250222,181254,000000040202,1,14.99,14.99,0.00,0.00,S,,,USD,DB
70000890,02210,01,1,20250222,104329,000004491001,1,2.49,2.49,0.00,0.16,S,6012382965,,USD,CC
70000890,02210,01,2,20250222,104329,000000552002,1,3.99,3.99,0.00,0.25,S,6012382965,,USD,CC
70000890,02210,01,3,20250222,104329,000000094301,1.548,4.39,6.80,0.00,0.00,S,6012382965,,USD,CC
70000890,02210,01,4,20250222,104329,000004482002,1,17.99,17.99,0.00,1.12,S,6012382965,,USD,CC
70000891,02210,01,1,20250222,181140,000004481002,1,7.99,7.99,0.00,0.50,S,6049851724,,USD,CC
70000891,02210,01,2,20250222,181140,000004492002,2,1.49,2.98,0.00,0.19,S,6049851724,,USD,CC
70000891,02210,01,3,20250222,181140,000004482002,1,17.99,17.99,0.00,1.12,S,6049851724,,USD,CC
70000891,02210,01,4,20250222,181140,000000093325,1.744,3.99,6.96,0.00,0.00,S,6049851724,,USD,CC
70000892,02211,04,1,20250222,201505,000000005103,1,6.99,6.99,0.00,0.00,S,,,USD,CS
70000893,02211,04,1,20250222,145408,000000005301,1,5.49,5.49,0.00,0.00,S,,,USD,CC
70000893,02211,04,2,20250222,145408,000000020103,3,4.99,14.97,4.99,0.00,S,,MB25W03B,USD,CC
70000893,02211,04,3,20250222,145408,000004472003,2,3.29,6.58,0.00,0.41,S,,,USD,CC
70000893,02211,04,4,20250222,145408,000000040202,1,14.99,14.99,0.00,0.00,S,,,USD,CC
70000894,02211,01,1,20250222,130045,000004471023,1,3.49,3.49,0.00,0.22,S,,,USD,GC
70000895,02211,05,1,20250222,170646,000000005101,3,7.99,23.97,0.00,0.00,S,,,USD,GC
70000895,02211,05,2,20250222,170646,000000005302,1,3.49,3.49,0.00,0.00,S,,,USD,GC
70000895,02211,05,3,20250222,170646,000000551021,1,11.99,11.99,0.00,0.75,S,,,USD,GC
70000895,02211,05,4,20250222,170646,000004471040,1,2.49,2.49,0.00,0.16,S,,,USD,GC
70000895,02211,05,5,20250222,170646,000004493002,1,3.99,3.99,0.00,0.25,S,,,USD,GC
70000895,02211,05,6,20250222,170646,000000040201,1,8.99,8.99,0.00,0.00,S,,,USD,GC
70000896,02211,02,1,20250222,111139,000000005202,1,5.99,5.99,0.00,0.00,S,,,USD,CC
70000897,02305,05,1,20250222,160130,000000030201,2,9.99,19.98,0.00,0.00,S,,,USD,CC
70000897,02305,05,2,20250222,160130,000004483002,1,3.49,3.49,0.00,0.22,S,,,USD,CC
70000897,02305,05,3,20250222,160130,000000040203,2,11.99,23.98,0.00,0.00,S,,,USD,CC
70000897,02305,05,4,20250222,160130,000000562001,3,10.99,32.97,10.99,1.37,S,,MB25W03,USD,CC
70000898,02305,01,1,20250222,130826,000000030103,1,8.99,8.99,0.00,0.00,S,6049305966,,USD,DB
70000898,02305,01,2,20250222,130826,000000020103,3,4.99,14.97,4.99,0.00,S,6049305966,MB25W03B,USD,DB
70000898,02305,01,3,20250222,130826,000000040101,2.126,18.99,40.37,0.00,0.00,S,6049305966,,USD,DB
70000899,02305,03,1,20250222,101357,000000005012,3,3.99,11.97,3.99,0.00,S,6068007229,MB25W03,USD,DB
70000899,02305,03,2,20250222,101357,000000030203,1,8.49,8.49,0.00,0.00,S,6068007229,,USD,DB
70000900,02305,06,1,20250222,131143,000000030202,1,11.49,11.49,0.00,0.00,S,6078280647,,USD,DB
70000900,02305,06,2,20250222,131143,000000562002,2,8.49,16.98,0.00,1.06,S,6078280647,,USD,DB
70000900,02305,06,3,20250222,131143,000004482001,2,13.99,27.98,0.00,1.75,S,6078280647,,USD,DB
70000900,02305,06,4,20250222,131143,000004481002,3,7.99,23.97,0.00,1.50,S,6078280647,,USD,DB
70000900,02305,06,5,20250222,131143,000000020103,1,4.99,4.99,0.00,0.00,S,6078280647,,USD,DB
70000901,02305,02,1,20250222,165831,000000005012,1,3.99,3.99,0.00,0.00,S,6051017397,,USD,CC
70000901,02305,02,2,20250222,165831,000000005101,2,7.99,15.98,0.00,0.00,S,6051017397,,USD,CC
70000901,02305,02,3,20250222,165831,000004492001,1,1.79,1.79,0.00,0.11,S,6051017397,,USD,CC
70000901,02305,02,4,20250222,165831,000004481002,1,7.99,7.99,0.00,0.50,S,6051017397,,USD,CC
70000902,02305,02,1,20250222,194810,000000020203,1,6.49,6.49,0.00,0.00,S,6022161070,,USD,CC
70000902,02305,02,2,20250222,194810,000000020103,2,4.99,9.98,0.00,0.00,S,6022161070,,USD,CC
70000902,02305,02,3,20250222,194810,000000005301,3,5.49,16.47,5.49,0.00,S,6022161070,MB25W03B,USD,CC
70000902,02305,02,4,20250222,194810,000000093321,1.411,1.49,2.10,0.00,0.00,S,6022161070,,USD,CC
70000903,02305,02,1,20250222,170029,000004471030,3,3.99,11.97,0.00,0.75,S,,,USD,CS
70000903,02305,02,2,20250222,170029,000000020202,1,5.99,5.99,0.00,0.00,S,,,USD,CS
70000903,02305,02,3,20250222,170029,000000020201,1,5.49,5.49,0.00,0.00,S,,,USD,CS
70000903,02305,02,4,20250222,170029,000000020101,1,2.49,2.49,0.00,0.00,S,,,USD,CS
70000903,02305,02,5,20250222,170029,000000005101,1,7.99,7.99,0.00,0.00,S,,,USD,CS
70000903,02305,02,6,20250222,170029,000000020103,2,4.99,9.98,0.00,0.00,S,,,USD,CS
70000904,02305,01,1,20250222,93858,000004483002,1,3.49,3.49,0.00,0.22,S,6071639282,,USD,DB
70000904,02305,01,2,20250222,93858,000004491002,1,6.99,6.99,0.00,0.44,S,6071639282,,USD,DB
70000904,02305,01,3,20250222,93858,000004471040,1,2.49,2.49,0.00,0.16,S,6071639282,,USD,DB
70000904,02305,01,4,20250222,93858,000000562002,2,8.49,16.98,0.00,1.06,S,6071639282,,USD,DB
70000904,02305,01,5,20250222,93858,000000562002,1,8.49,8.49,0.00,0.53,S,6071639282,,USD,DB
70000904,02305,01,6,20250222,93858,000000094102,1,3.49,3.49,0.00,0.00,S,6071639282,,USD,DB
70000905,02305,01,1,20250222,83054,000004472002,1,4.49,4.49,0.00,0.28,S,,,USD,CC
70000905,02305,01,2,20250222,83054,000000020202,1,5.99,5.99,0.00,0.00,S,,,USD,CC
70000906,02305,06,1,20250222,71814,000004473002,1,2.79,2.79,0.00,0.17,S,,,USD,CS
70000906,02305,06,2,20250222,71814,000004473002,2,2.79,5.58,0.00,0.35,S,,,USD,CS
70000907,02305,05,1,20250222,93841,000000030201,1,9.99,9.99,0.00,0.00,S,,,USD,DB
70000908,02305,03,1,20250222,192713,000004483001,1,4.99,4.99,0.00,0.31,S,6039240758,,USD,DB
70000908,02305,03,2,20250222,192713,000004482002,3,17.99,53.97,17.99,2.25,S,6039240758,MB25W03,USD,DB
70000909,02305,02,1,20250222,140727,000000020102,1,3.49,3.49,0.00,0.00,S,,,USD,DB
70000909,02305,02,2,20250222,140727,000004481001,1,7.99,7.99,0.00,0.50,S,,,USD,DB
70000909,02305,02,3,20250222,140727,000000005301,1,5.49,5.49,0.00,0.00,S,,,USD,DB
70000909,02305,02,4,20250222,140727,000004471040,1,2.49,2.49,0.00,0.16,S,,,USD,DB
70000909,02305,02,5,20250222,140727,000000030202,1,11.49,11.49,0.00,0.00,S,,,USD,DB
70000909,02305,02,6,20250222,140727,000004471040,2,2.49,4.98,0.00,0.31,S,,,USD,DB
70000910,02305,06,1,20250222,80709,000004492002,2,1.49,2.98,0.00,0.19,S,6060045212,,USD,DB
70000910,02305,06,2,20250222,80709,000004482002,3,17.99,53.97,17.99,2.25,S,6060045212,MB25W03,USD,DB
70000910,02305,06,3,20250222,80709,000004482002,3,17.99,53.97,17.99,2.25,S,6060045212,MB25W03,USD,DB
70000910,02305,06,4,20250222,80709,000000040201,1,8.99,8.99,0.00,0.00,S,6060045212,,USD,DB
70000911,02305,04,1,20250222,111835,000000093321,0.927,1.49,1.38,0.00,0.00,S,,,USD,CC
70000911,02305,04,2,20250222,111835,000000040203,1,11.99,11.99,0.00,0.00,S,,,USD,CC
70000911,02305,04,3,20250222,111835,000000040202,1,14.99,14.99,0.00,0.00,S,,,USD,CC
70000911,02305,04,4,20250222,111835,000004471030,1,3.99,3.99,0.00,0.25,S,,,USD,CC
70000912,02305,04,1,20250222,160539,000004491003,1,1.99,1.99,0.00,0.12,S,6059779452,,USD,DB
70000912,02305,04,2,20250222,160539,000000552002,1,3.99,3.99,0.00,0.25,S,6059779452,,USD,DB
70000913,02305,05,1,20250222,134237,000000040102,1.374,16.99,23.34,0.00,0.00,S,,,USD,DB
70000913,02305,05,2,20250222,134237,000000040203,1,11.99,11.99,0.00,0.00,S,,,USD,DB
70000913,02305,05,3,20250222,134237,000004473002,1,2.79,2.79,0.00,0.17,S,,,USD,DB
70000913,02305,05,4,20250222,134237,000000551021,1,11.99,11.99,0.00,0.75,S,,,USD,DB
70000913,02305,05,5,20250222,134237,000004472001,1,3.99,3.99,0.00,0.25,S,,,USD,DB
70000913,02305,05,6,20250222,134237,000000094301,1.482,4.39,6.51,0.00,0.00,S,,,USD,DB
70000914,03050,06,1,20250222,81050,000004491003,1,1.99,1.99,0.00,0.12,S,,,USD,DB
70000914,03050,06,2,20250222,81050,000000094103,1,3.79,3.79,0.00,0.00,S,,,USD,DB
70000914,03050,06,3,20250222,81050,000004471023,1,3.49,3.49,0.00,0.22,S,,,USD,DB
70000914,03050,06,4,20250222,81050,000004471024,2,3.49,6.98,0.00,0.44,S,,,USD,DB
70000914,03050,06,5,20250222,81050,000000561001,1,9.99,9.99,0.00,0.62,S,,,USD,DB
70000914,03050,06,6,20250222,81050,000000093321,2.062,1.49,3.07,0.00,0.00,S,,,USD,DB
70000915,03050,06,1,20250222,152426,000000094103,1,3.79,3.79,0.00,0.00,S,,,USD,GC
70000915,03050,06,2,20250222,152426,000004482001,2,13.99,27.98,0.00,1.75,S,,,USD,GC
70000915,03050,06,3,20250222,152426,000000094101,1,3.99,3.99,0.00,0.00,S,,,USD,GC
70000915,03050,06,4,20250222,152426,000004491001,2,2.49,4.98,0.00,0.31,S,,,USD,GC
70000916,03050,01,1,20250222,151104,000000094102,1,3.49,3.49,0.00,0.00,S,,,USD,GC
70000916,03050,01,2,20250222,151104,000000094203,2.008,1.49,2.99,0.00,0.00,S,,,USD,GC
70000916,03050,01,3,20250222,151104,000000093325,1.032,3.99,4.12,0.00,0.00,S,,,USD,GC
70000917,03050,06,1,20250222,202640,000004473003,1,3.49,3.49,0.00,0.22,S,,,USD,CS
70000917,03050,06,2,20250222,202640,000000040201,1,8.99,8.99,0.00,0.00,S,,,USD,CS
70000917,03050,06,3,20250222,202640,000004491001,1,2.49,2.49,0.00,0.16,S,,,USD,CS
70000917,03050,06,4,20250222,202640,000000005101,1,7.99,7.99,0.00,0.00,S,,,USD,CS
70000918,03050,01,1,20250222,160227,000004482003,1,5.49,5.49,0.00,0.34,S,6092624945,,USD,GC
70000918,03050,01,2,20250222,160227,000004473003,1,3.49,3.49,0.00,0.22,S,6092624945,,USD,GC
70000919,03050,02,1,20250222,180010,000000093321,0.406,1.49,0.60,0.00,0.00,S,,,USD,GC
70000920,00317,04,1,20250222,91426,000004472002,1,6.09,6.09,0.00,0.38,S,,,CAD,CC
70000920,00317,04,2,20250222,91426,000004472003,1,4.49,4.49,0.00,0.28,S,,,CAD,CC
70000921,00317,04,1,20250222,74315,000000005013,1,5.29,5.29,0.00,0.00,S,6019906234,,CAD,CC
70000921,00317,04,2,20250222,74315,000000030201,1,13.59,13.59,0.00,0.00,S,6019906234,,CAD,CC
70000921,00317,04,3,20250222,74315,000000094103,1,5.19,5.19,0.00,0.00,S,6019906234,,CAD,CC
70000921,00317,04,4,20250222,74315,000000552001,1,6.09,6.09,0.00,0.38,S,6019906234,,CAD,CC
70000922,00317,05,1,20250222,174524,000000093401,2.148,7.49,16.09,0.00,0.00,S,,,CAD,CC
70000922,00317,05,2,20250222,174524,000004472001,1,5.39,5.39,0.00,0.34,S,,,CAD,CC
70000922,00317,05,3,20250222,174524,000000005102,1,7.49,7.49,0.00,0.00,S,,,CAD,CC
70000922,00317,05,4,20250222,174524,000000551020,1,18.99,18.99,0.00,1.19,S,,,CAD,CC
70000923,00317,06,1,20250222,145955,000004482002,1,24.49,24.49,0.00,1.53,S,6015001418,,CAD,CC
70000923,00317,06,2,20250222,145955,000000093402,0.395,4.49,1.77,0.00,0.00,S,6015001418,,CAD,CC
70000923,00317,06,3,20250222,145955,000000093402,0.839,4.49,3.77,0.00,0.00,S,6015001418,,CAD,CC
70000923,00317,06,4,20250222,145955,000000030201,1,13.59,13.59,0.00,0.00,S,6015001418,,CAD,CC
70000923,00317,06,5,20250222,145955,000004471030,1,5.39,5.39,0.00,0.34,S,6015001418,,CAD,CC
70000923,00317,06,6,20250222,145955,000000040203,1,16.29,16.29,0.00,0.00,S,6015001418,,CAD,CC
70000924,00317,02,1,20250222,115644,000004481002,1,10.89,10.89,0.00,0.68,S,,,CAD,DB
70000924,00317,02,2,20250222,115644,000000551021,1,16.29,16.29,0.00,1.02,S,,,CAD,DB
70000925,00317,05,1,20250222,164516,000000030201,1,13.59,13.59,0.00,0.00,S,6064520599,,CAD,CC
70000925,00317,05,2,20250222,164516,000000020203,1,8.79,8.79,0.00,0.00,S,6064520599,,CAD,CC
70000925,00317,05,3,20250222,164516,000000031101,0.368,33.99,12.51,0.00,0.00,S,6064520599,,CAD,CC
70000926,00317,01,1,20250222,155141,000000031101,0.543,33.99,18.46,0.00,0.00,S,,,CAD,CC
70000926,00317,01,2,20250222,155141,000000551020,2,18.99,37.98,0.00,2.37,S,,,CAD,CC
70000926,00317,01,3,20250222,155141,000004482002,2,24.49,48.98,0.00,3.06,S,,,CAD,CC
70000927,00317,05,1,20250222,105353,000000552001,1,6.09,6.09,0.00,0.38,S,,,CAD,DB
70000927,00317,05,2,20250222,105353,000004493002,1,5.39,5.39,0.00,0.34,S,,,CAD,DB
70000928,00317,06,1,20250222,102603,000000005301,3,7.49,22.47,7.49,0.00,S,6033119079,MB25W03B,CAD,DB
70000928,00317,06,2,20250222,102603,000000020202,1,8.09,8.09,0.00,0.00,S,6033119079,,CAD,DB
70000928,00317,06,3,20250222,102603,000000030201,1,13.59,13.59,0.00,0.00,S,6033119079,,CAD,DB
70000928,00317,06,4,20250222,102603,000000562002,2,11.49,22.98,0.00,1.44,S,6033119079,,CAD,DB
70000928,00317,06,5,20250222,102603,000000030103,1,12.19,12.19,0.00,0.00,S,6033119079,,CAD,DB
70000928,00317,06,6,20250222,102603,000004472002,1,6.09,6.09,0.00,0.38,S,6033119079,,CAD,DB
70000929,00317,01,1,20250222,83103,000000040203,2,16.29,32.58,0.00,0.00,S,,,CAD,DB
70000929,00317,01,2,20250222,83103,000004492050,2,2.99,5.98,0.00,0.37,S,,,CAD,DB
70000930,01042,06,1,20250223,190304,000000094101,1,3.99,3.99,0.00,0.00,S,6036321234,,USD,CC
70000930,01042,06,2,20250223,190304,000000093325,0.510,3.99,2.03,0.00,0.00,S,6036321234,,USD,CC
70000930,01042,06,3,20250223,190304,000000020202,1,5.99,5.99,0.00,0.00,S,6036321234,,USD,CC
70000930,01042,06,4,20250223,190304,000000094301,0.573,4.39,2.52,0.00,0.00,S,6036321234,,USD,CC
70000930,01042,06,5,20250223,190304,000004482001,1,13.99,13.99,0.00,0.87,S,6036321234,,USD,CC
70000930,01042,06,6,20250223,190304,000000040101,1.434,18.99,27.23,0.00,0.00,S,6036321234,,USD,CC
70000931,01042,06,1,20250223,163734,000004481003,1,4.99,4.99,0.00,0.31,S,,,USD,CS
70000932,01107,05,1,20250223,81333,000004483001,1,4.99,4.99,0.00,0.31,S,,,USD,CS
70000932,01107,05,2,20250223,81333,000004482003,2,5.49,10.98,5.49,0.34,S,,BG25W04,USD,CS
70000933,01107,05,1,20250223,83332,000000040201,2,8.99,17.98,0.00,0.00,S,,,USD,CC
70000934,01107,01,1,20250223,121028,000000005103,1,6.99,6.99,0.00,0.00,S,6008761238,,USD,CC
70000934,01107,01,2,20250223,121028,000000020203,1,6.49,6.49,0.00,0.00,S,6008761238,,USD,CC
70000934,01107,01,3,20250223,121028,000000020203,2,6.49,12.98,0.00,0.00,S,6008761238,,USD,CC
70000934,01107,01,4,20250223,121028,000004471023,1,3.49,3.49,0.00,0.22,S,6008761238,,USD,CC
70000935,01107,02,1,20250223,161247,000000005302,1,3.49,3.49,0.00,0.00,S,,,USD,DB
70000935,01107,02,2,20250223,161247,000000005020,1,4.49,4.49,0.00,0.00,S,,,USD,DB
70000935,01107,02,3,20250223,161247,000004482001,2,13.99,27.98,0.00,1.75,S,,,USD,DB
70000936,01107,02,1,20250223,151914,000004473002,1,2.79,2.79,0.00,0.17,S,,,USD,CS
70000936,01107,02,2,20250223,151914,000004471040,2,2.49,4.98,0.00,0.31,S,,,USD,CS
70000936,01107,02,3,20250223,151914,000000040202,1,14.99,14.99,0.00,0.00,S,,,USD,CS
70000936,01107,02,4,20250223,151914,000004471023,1,3.49,3.49,0.00,0.22,S,,,USD,CS
70000936,01107,02,5,20250223,151914,000000030202,2,11.49,22.98,0.00,0.00,S,,,USD,CS
70000936,01107,02,6,20250223,151914,000000040102,1.866,16.99,31.70,0.00,0.00,S,,,USD,CS
70000937,01107,02,1,20250223,111734,000004491002,1,6.99,6.99,0.00,0.44,S,6039561372,,USD,CC
70000938,02210,04,1,20250223,82912,000000093402,1.302,3.29,4.28,0.00,0.00,R,,,USD,DB
70000939,02210,03,1,20250223,164626,000000094301,0.636,4.39,2.79,0.00,0.00,S,6041328348,,USD,GC
70000939,02210,03,2,20250223,164626,000000562002,1,8.49,8.49,0.00,0.53,S,6041328348,,USD,GC
70000940,02210,04,1,20250223,144558,000004492003,1,2.29,2.29,0.00,0.14,S,,,USD,GC
70000940,02210,04,2,20250223,144558,000004471030,1,3.99,3.99,0.00,0.25,S,,,USD,GC
70000940,02210,04,3,20250223,144558,000000031102,1.894,19.99,37.86,0.00,0.00,S,,,USD,GC
70000940,02210,04,4,20250223,144558,000000093402,0.676,3.29,2.22,0.00,0.00,S,,,USD,GC
70000940,02210,04,5,20250223,144558,000000094202,1.916,1.99,3.81,0.00,0.00,S,,,USD,GC
70000940,02210,04,6,20250223,144558,000000094103,2,3.79,7.58,0.00,0.00,S,,,USD,GC
70000941,02210,04,1,20250223,93759,000000030101,1,6.99,6.99,0.00,0.00,S,6098425799,,USD,CS
70000941,02210,04,2,20250223,93759,000004482002,1,17.99,17.99,0.00,1.12,S,6098425799,,USD,CS
70000942,02210,04,1,20250223,204257,000000093503,2,4.29,8.58,4.29,0.00,S,,BG25W04B,USD,DB
70000942,02210,04,2,20250223,204257,000004482002,3,17.99,53.97,17.99,2.25,S,,MB25W03,USD,DB
70000943,02210,06,1,20250223,210845,000000005302,2,3.49,6.98,0.00,0.00,S,,,USD,CC
70000943,02210,06,2,20250223,210845,000000030203,1,8.49,8.49,0.00,0.00,S,,,USD,CC
70000943,02210,06,3,20250223,210845,000004481003,1,4.99,4.99,0.00,0.31,S,,,USD,CC
70000944,02210,05,1,20250223,173213,000000093325,0.736,3.99,2.94,0.00,0.00,S,6075902517,,USD,DB
70000945,02210,06,1,20250223,70728,000000005012,1,3.99,3.99,0.00,0.00,R,,,USD,DB
70000946,02210,05,1,20250223,210546,000004493001,1,5.49,5.49,0.00,0.34,S,,,USD,CC
70000946,02210,05,2,20250223,210546,000000030103,1,8.99,8.99,0.00,0.00,S,,,USD,CC
70000946,02210,05,3,20250223,210546,000000093321,1.316,1.49,1.96,0.00,0.00,S,,,USD,CC
70000947,02210,03,1,20250223,133128,000004472001,2,3.99,7.98,3.99,0.25,S,6092745238,BG25W04,USD,CC
70000947,02210,03,2,20250223,133128,000000094203,1.858,1.49,2.77,0.00,0.00,S,6092745238,,USD,CC
70000948,02211,03,1,20250223,173531,000004471023,1,3.49,3.49,0.00,0.22,S,6045897148,,USD,CC
70000948,02211,03,2,20250223,173531,000000040101,0.699,18.99,13.27,0.00,0.00,S,6045897148,,USD,CC
70000948,02211,03,3,20250223,173531,000004493002,1,3.99,3.99,0.00,0.25,S,6045897148,,USD,CC
70000948,02211,03,4,20250223,173531,000004471023,2,3.49,6.98,0.00,0.44,S,6045897148,,USD,CC
70000949,02211,03,1,20250223,111915,000000005201,2,3.99,7.98,0.00,0.00,S,,,USD,DB
70000949,02211,03,2,20250223,111915,000004482001,3,13.99,41.97,0.00,2.62,S,,,USD,DB
70000950,02211,06,1,20250223,192101,000000094202,1.276,1.99,2.54,0.00,0.00,S,6030900159,,USD,CC
70000951,02211,06,1,20250223,111117,000000040101,1.851,18.99,35.15,0.00,0.00,S,6043468239,,USD,GC
70000951,02211,06,2,20250223,111117,000000093325,1.711,3.99,6.83,0.00,0.00,S,6043468239,,USD,GC
70000951,02211,06,3,20250223,111117,000004481002,1,7.99,7.99,0.00,0.50,S,6043468239,,USD,GC
70000951,02211,06,4,20250223,111117,000000005202,1,5.99,5.99,0.00,0.00,S,6043468239,,USD,GC
70000951,02211,06,5,20250223,111117,000000040203,1,11.99,11.99,0.00,0.00,S,6043468239,,USD,GC
70000952,02305,01,1,20250223,164424,000000005202,2,5.99,11.98,0.00,0.00,S,,,USD,DB
70000953,02305,03,1,20250223,72846,000004473001,3,2.99,8.97,0.00,0.56,S,6033732043,,USD,CC
70000954,02305,06,1,20250223,74838,000000093321,1.260,1.49,1.88,0.00,0.00,S,6034679121,,USD,CC
70000955,02305,01,1,20250223,170054,000000020101,1,2.49,2.49,0.00,0.00,S,,,USD,GC
70000955,02305,01,2,20250223,170054,000004492002,2,1.49,2.98,0.00,0.19,S,,,USD,GC
70000955,02305,01,3,20250223,170054,000000020101,1,2.49,2.49,0.00,0.00,S,,,USD,GC
70000956,02305,03,1,20250223,113924,000000093321,0.291,1.49,0.43,0.00,0.00,S,6008656756,,USD,DB
70000956,02305,03,2,20250223,113924,000004471023,1,3.49,3.49,0.00,0.22,S,6008656756,,USD,DB
70000957,02305,02,1,20250223,130715,000000005302,1,3.49,3.49,0.00,0.00,S,6019952980,,USD,CC
70000958,03050,03,1,20250223,193620,000004491001,2,2.49,4.98,0.00,0.31,S,,,USD,DB
70000958,03050,03,2,20250223,193620,000004491002,2,6.99,13.98,0.00,0.87,S,,,USD,DB
70000959,03050,06,1,20250223,215907,000000040101,1.225,18.99,23.26,0.00,0.00,S,,,USD,GC
70000959,03050,06,2,20250223,215907,000000005012,2,3.99,7.98,0.00,0.00,S,,,USD,GC
70000960,03050,05,1,20250223,151835,000000020102,1,3.49,3.49,0.00,0.00,S,,,USD,DB
70000960,03050,05,2,20250223,151835,000000020103,1,4.99,4.99,0.00,0.00,S,,,USD,DB
70000960,03050,05,3,20250223,151835,000000562001,1,10.99,10.99,0.00,0.69,S,,,USD,DB
70000961,03050,06,1,20250223,90356,000000005101,1,7.99,7.99,0.00,0.00,S,,,USD,DB
70000961,03050,06,2,20250223,90356,000004472003,1,3.29,3.29,0.00,0.21,S,,,USD,DB
70000961,03050,06,3,20250223,90356,000000094301,1.819,4.39,7.99,0.00,0.00,S,,,USD,DB
70000961,03050,06,4,20250223,90356,000000005103,2,6.99,13.98,0.00,0.00,S,,,USD,DB
70000961,03050,06,5,20250223,90356,000000094302,1.493,5.49,8.20,0.00,0.00,S,,,USD,DB
70000961,03050,06,6,20250223,90356,000000020103,1,4.99,4.99,0.00,0.00,S,,,USD,DB
70000962,03050,03,1,20250223,175623,000000020203,1,6.49,6.49,0.00,0.00,S,6038585424,,USD,GC
70000962,03050,03,2,20250223,175623,000000030201,1,9.99,9.99,0.00,0.00,S,6038585424,,USD,GC
70000962,03050,03,3,20250223,175623,000000093321,1.163,1.49,1.73,0.00,0.00,S,6038585424,,USD,GC
70000963,03050,03,1,20250223,171029,000000040202,1,14.99,14.99,0.00,0.00,S,,,USD,DB
70000963,03050,03,2,20250223,171029,000004483002,1,3.49,3.49,0.00,0.22,S,,,USD,DB
70000963,03050,03,3,20250223,171029,000000562001,1,10.99,10.99,0.00,0.69,S,,,USD,DB
70000963,03050,03,4,20250223,171029,000000005103,1,6.99,6.99,0.00,0.00,S,,,USD,DB
70000963,03050,03,5,20250223,171029,000000005302,2,3.49,6.98,0.00,0.00,S,,,USD,DB
70000964,00317,05,1,20250223,95956,000000094301,1.694,5.99,10.15,0.00,0.00,S,,,CAD,DB
70000964,00317,05,2,20250223,95956,000000005012,1,5.39,5.39,0.00,0.00,S,,,CAD,DB
70000964,00317,05,3,20250223,95956,000000094201,0.855,2.29,1.96,0.00,0.00,S,,,CAD,DB
70000964,00317,05,4,20250223,95956,000004471030,1,5.39,5.39,0.00,0.34,S,,,CAD,DB
70000964,00317,05,5,20250223,95956,000000093501,1,6.09,6.09,0.00,0.00,S,,,CAD,DB
70000964,00317,05,6,20250223,95956,000000040201,1,12.19,12.19,0.00,0.00,S,,,CAD,DB
70000965,00317,03,1,20250223,72506,000000093501,3,6.09,18.27,0.00,0.00,S,,,CAD,CS
70000965,00317,03,2,20250223,72506,000000093502,1,5.39,5.39,0.00,0.00,S,,,CAD,CS
70000966,00317,04,1,20250223,114238,000000093322,1.153,2.69,3.10,0.00,0.00,S,,,CAD,GC
70000967,00317,02,1,20250223,125624,000000020202,1,8.09,8.09,0.00,0.00,S,,,CAD,CC
70000967,00317,02,2,20250223,125624,000000094203,1.536,1.99,3.06,0.00,0.00,S,,,CAD,CC
70000967,00317,02,3,20250223,125624,000004482003,2,7.49,14.98,7.49,0.47,S,,BG25W04,CAD,CC
70000968,00317,05,1,20250223,192159,000000562001,1,14.89,14.89,0.00,0.93,S,6068705685,,CAD,CS
70000968,00317,05,2,20250223,192159,000004493002,2,5.39,10.78,5.39,0.34,S,6068705685,BG25W04,CAD,CS
70000969,00317,02,1,20250223,72423,000000005302,1,4.69,4.69,0.00,0.00,S,6057759017,,CAD,DB
70000970,00317,03,1,20250223,193256,000000094203,0.361,1.99,0.72,0.00,0.00,S,,,CAD,CC
70000970,00317,03,2,20250223,193256,000000020102,1,4.69,4.69,0.00,0.00,S,,,CAD,CC
70000971,01042,04,1,20250224,153216,000004483002,1,3.49,3.49,0.00,0.22,S,6015273230,,USD,DB
70000971,01042,04,2,20250224,153216,000000093410,0.463,3.99,1.85,0.00,0.00,S,6015273230,,USD,DB
70000972,01042,05,1,20250224,72930,000000020103,1,4.99,4.99,0.00,0.00,S,,,USD,CC
70000972,01042,05,2,20250224,72930,000000093321,1.949,1.49,2.90,0.00,0.00,S,,,USD,CC
70000972,01042,05,3,20250224,72930,000000094302,0.853,5.49,4.68,0.00,0.00,S,,,USD,CC
70000973,01042,04,1,20250224,145807,000000020102,1,3.49,3.49,0.00,0.00,S,,,USD,DB
70000973,01042,04,2,20250224,145807,000004471040,2,2.49,4.98,0.00,0.31,S,,,USD,DB
70000974,01042,06,1,20250224,205458,000000094202,0.416,1.99,0.83,0.00,0.00,S,,,USD,DB
70000974,01042,06,2,20250224,205458,000000031102,0.863,19.99,17.25,0.00,0.00,S,,,USD,DB
70000975,01042,03,1,20250224,94827,000000020201,2,5.49,10.98,0.00,0.00,S,,,USD,CC
70000975,01042,03,2,20250224,94827,000004493002,2,3.99,7.98,3.99,0.25,S,,BG25W04,USD,CC
70000975,01042,03,3,20250224,94827,000000020201,1,5.49,5.49,0.00,0.00,S,,,USD,CC
70000976,01042,05,1,20250224,104517,000004482002,3,17.99,53.97,17.99,2.25,S,,MB25W03,USD,DB
70000976,01042,05,2,20250224,104517,000004473002,2,2.79,5.58,0.00,0.35,S,,,USD,DB
70000977,01107,05,1,20250224,192925,000000005202,2,5.99,11.98,0.00,0.00,S,,,USD,DB
70000977,01107,05,2,20250224,192925,000004473003,1,3.49,3.49,0.00,0.22,S,,,USD,DB
70000977,01107,05,3,20250224,192925,000004482001,1,13.99,13.99,0.00,0.87,S,,,USD,DB
70000977,01107,05,4,20250224,192925,000000040203,1,11.99,11.99,0.00,0.00,S,,,USD,DB
70000978,01107,05,1,20250224,123421,000004492003,1,2.29,2.29,0.00,0.14,R,6028733427,,USD,GC
70000979,02210,05,1,20250224,203009,000000005103,2,6.99,13.98,0.00,0.00,S,,,USD,CS
70000979,02210,05,2,20250224,203009,000004482002,2,17.99,35.98,0.00,2.25,S,,,USD,CS
70000979,02210,05,3,20250224,203009,000004481001,1,7.99,7.99,0.00,0.50,S,,,USD,CS
70000979,02210,05,4,20250224,203009,000000093321,1.901,1.49,2.83,0.00,0.00,S,,,USD,CS
70000980,02210,02,1,20250224,113639,000000094201,0.368,1.69,0.62,0.00,0.00,S,,,USD,CS
70000980,02210,02,2,20250224,113639,000004482003,2,5.49,10.98,5.49,0.34,S,,BG25W04,USD,CS
70000980,02210,02,3,20250224,113639,000004491002,1,6.99,6.99,0.00,0.44,S,,,USD,CS
70000981,02210,02,1,20250224,92837,000004491003,1,1.99,1.99,0.00,0.12,S,6003070534,,USD,DB
70000982,02210,06,1,20250224,203840,000004482003,2,5.49,10.98,5.49,0.34,S,,BG25W04,USD,DB
70000982,02210,06,2,20250224,203840,000000020101,1,2.49,2.49,0.00,0.00,S,,,USD,DB
70000983,02210,06,1,20250224,144648,000000031102,1.429,19.99,28.57,0.00,0.00,S,6008581670,,USD,CS
70000983,02210,06,2,20250224,144648,000004473003,1,3.49,3.49,0.00,0.22,S,6008581670,,USD,CS
70000983,02210,06,3,20250224,144648,000004491001,2,2.49,4.98,0.00,0.31,S,6008581670,,USD,CS
70000983,02210,06,4,20250224,144648,000000094201,1.665,1.69,2.81,0.00,0.00,S,6008581670,,USD,CS
70000984,02210,03,1,20250224,185931,000000093322,1.581,1.99,3.15,0.00,0.00,S,,,USD,GC
70000984,02210,03,2,20250224,185931,000004472001,2,3.99,7.98,3.99,0.25,S,,BG25W04,USD,GC
70000984,02210,03,3,20250224,185931,000004493001,1,5.49,5.49,0.00,0.34,S,,,USD,GC
70000985,02210,04,1,20250224,115535,000004481001,1,7.99,7.99,0.00,0.50,S,,,USD,DB
70000986,02210,02,1,20250224,111245,000000562001,2,10.99,21.98,0.00,1.37,S,,,USD,CC
70000986,02210,02,2,20250224,111245,000004471024,1,3.49,3.49,0.00,0.22,S,,,USD,CC
70000987,02211,06,1,20250224,132924,000004481002,1,7.99,7.99,0.00,0.50,S,6037660144,,USD,DB
70000987,02211,06,2,20250224,132924,000000040102,0.660,16.99,11.21,0.00,0.00,S,6037660144,,USD,DB
70000988,02211,02,1,20250224,111023,000004482002,3,17.99,53.97,17.99,2.25,S,,MB25W03,USD,GC
70000988,02211,02,2,20250224,111023,000004472001,2,3.99,7.98,3.99,0.25,S,,BG25W04,USD,GC
70000988,02211,02,3,20250224,111023,000000093322,0.253,1.99,0.50,0.00,0.00,S,,,USD,GC
70000988,02211,02,4,20250224,111023,000000005012,1,3.99,3.99,0.00,0.00,S,,,USD,GC
70000989,02211,06,1,20250224,172146,000000005301,1,5.49,5.49,0.00,0.00,S,,,USD,GC
70000989,02211,06,2,20250224,172146,000004482001,1,13.99,13.99,0.00,0.87,S,,,USD,GC
70000989,02211,06,3,20250224,172146,000000093325,1.343,3.99,5.36,0.00,0.00,S,,,USD,GC
70000989,02211,06,4,20250224,172146,000004471030,1,3.99,3.99,0.00,0.25,S,,,USD,GC
70000989,02211,06,5,20250224,172146,000000094203,2.177,1.49,3.24,0.00,0.00,S,,,USD,GC
70000989,02211,06,6,20250224,172146,000000094101,2,3.99,7.98,0.00,0.00,S,,,USD,GC
70000990,02305,01,1,20250224,180847,000000093410,0.913,3.99,3.64,0.00,0.00,S,,,USD,DB
70000990,02305,01,2,20250224,180847,000004491003,1,1.99,1.99,0.00,0.12,S,,,USD,DB
70000991,02305,03,1,20250224,194100,000000005012,1,3.99,3.99,0.00,0.00,S,6053765769,,USD,DB
70000991,02305,03,2,20250224,194100,000000093325,1.719,3.99,6.86,0.00,0.00,S,6053765769,,USD,DB
70000991,02305,03,3,20250224,194100,000000005301,3,5.49,16.47,0.00,0.00,S,6053765769,,USD,DB
70000992,02305,02,1,20250224,184231,000000020101,1,2.49,2.49,0.00,0.00,S,,,USD,CC
70000993,02305,05,1,20250224,152725,000004472001,1,3.99,3.99,0.00,0.25,S,,,USD,CC
70000993,02305,05,2,20250224,152725,000000005102,2,5.49,10.98,0.00,0.00,S,,,USD,CC
70000994,02305,05,1,20250224,81313,000000031102,2.069,19.99,41.36,0.00,0.00,S,,,USD,CC
70000994,02305,05,2,20250224,81313,000000093503,2,4.29,8.58,4.29,0.00,S,,BG25W04B,USD,CC
70000994,02305,05,3,20250224,81313,000000031101,1.195,24.99,29.86,0.00,0.00,S,,,USD,CC
70000994,02305,05,4,20250224,81313,000000030202,2,11.49,22.98,0.00,0.00,S,,,USD,CC
70000994,02305,05,5,20250224,81313,000000031101,1.195,24.99,29.86,0.00,0.00,V,,,USD,CC
70000995,02305,05,1,20250224,123140,000004483002,1,3.49,3.49,0.00,0.22,S,,,USD,DB
70000995,02305,05,2,20250224,123140,000000093501,1,4.49,4.49,0.00,0.00,S,,,USD,DB
70000996,02305,01,1,20250224,193326,000000030101,3,6.99,20.97,0.00,0.00,S,6054801571,,USD,DB
70000996,02305,01,2,20250224,193326,000000020103,1,4.99,4.99,0.00,0.00,S,6054801571,,USD,DB
70000996,02305,01,3,20250224,193326,000004472003,1,3.29,3.29,0.00,0.21,S,6054801571,,USD,DB
70000996,02305,01,4,20250224,193326,000000031102,1.924,19.99,38.46,0.00,0.00,S,6054801571,,USD,DB
70000997,02305,01,1,20250224,200049,000000005301,1,5.49,5.49,0.00,0.00,S,,,USD,GC
70000997,02305,01,2,20250224,200049,000004481002,1,7.99,7.99,0.00,0.50,S,,,USD,GC
70000997,02305,01,3,20250224,200049,000004493002,2,3.99,7.98,3.99,0.25,S,,BG25W04,USD,GC
70000997,02305,01,4,20250224,200049,000000005101,1,7.99,7.99,0.00,0.00,S,,,USD,GC
70000997,02305,01,5,20250224,200049,000000551020,1,13.99,13.99,0.00,0.87,S,,,USD,GC
70000997,02305,01,6,20250224,200049,000004481003,1,4.99,4.99,0.00,0.31,S,,,USD,GC
70000998,02305,03,1,20250224,161030,000000020103,1,4.99,4.99,0.00,0.00,S,6037213290,,USD,GC
70000998,02305,03,2,20250224,161030,000000093503,2,4.29,8.58,4.29,0.00,S,6037213290,BG25W04B,USD,GC
70000998,02305,03,3,20250224,161030,000004473003,1,3.49,3.49,0.00,0.22,S,6037213290,,USD,GC
70000998,02305,03,4,20250224,161030,000000005012,2,3.99,7.98,0.00,0.00,S,6037213290,,USD,GC
70000998,02305,03,5,20250224,161030,000000561001,2,9.99,19.98,9.99,0.62,S,6037213290,BG25W04B,USD,GC
70000999,02305,04,1,20250224,103926,000000093502,1,3.99,3.99,0.00,0.00,S,6052250139,,USD,GC
70000999,02305,04,2,20250224,103926,000004491002,2,6.99,13.98,0.00,0.87,S,6052250139,,USD,GC
70000999,02305,04,3,20250224,103926,000004493002,1,3.99,3.99,0.00,0.25,S,6052250139,,USD,GC
70000999,02305,04,4,20250224,103926,000004482001,1,13.99,13.99,0.00,0.87,S,6052250139,,USD,GC
70001000,02305,04,1,20250224,133748,000000094202,1.143,1.99,2.27,0.00,0.00,S,,,USD,CC
70001000,02305,04,2,20250224,133748,000000005103,2,6.99,13.98,0.00,0.00,S,,,USD,CC
70001001,02305,02,1,20250224,123304,000000005201,1,3.99,3.99,0.00,0.00,R,6007406500,,USD,CC
70001002,03050,01,1,20250224,130425,000000094301,0.310,4.39,1.36,0.00,0.00,S,,,USD,CC
70001002,03050,01,2,20250224,130425,000004473001,2,2.99,5.98,0.00,0.37,S,,,USD,CC
70001002,03050,01,3,20250224,130425,000000562001,1,10.99,10.99,0.00,0.69,S,,,USD,CC
70001003,03050,05,1,20250224,201950,000000561001,2,9.99,19.98,9.99,0.62,S,,BG25W04B,USD,CS
70001003,03050,05,2,20250224,201950,000000562001,3,10.99,32.97,10.99,1.37,S,,MB25W03,USD,CS
70001003,03050,05,3,20250224,201950,000000093402,0.986,3.29,3.24,0.00,0.00,S,,,USD,CS
70001003,03050,05,4,20250224,201950,000004491003,1,1.99,1.99,0.00,0.12,S,,,USD,CS
70001004,00317,06,1,20250224,201653,000000030103,2,12.19,24.38,12.19,0.00,S,,BG25W04B,CAD,GC
70001004,00317,06,2,20250224,201653,000004493001,1,7.49,7.49,0.00,0.47,S,,,CAD,GC
70001004,00317,06,3,20250224,201653,000000005201,1,5.39,5.39,0.00,0.00,S,,,CAD,GC
70001004,00317,06,4,20250224,201653,000004493002,2,5.39,10.78,5.39,0.34,S,,BG25W04,CAD,GC
70001004,00317,06,5,20250224,201653,000004492003,1,3.09,3.09,0.00,0.19,S,,,CAD,GC
70001005,00317,03,1,20250224,145727,000000030201,1,13.59,13.59,0.00,0.00,S,6016800610,,CAD,CC
70001005,00317,03,2,20250224,145727,000000020101,1,3.39,3.39,0.00,0.00,S,6016800610,,CAD,CC
70001006,00317,05,1,20250224,100905,000000094103,1,5.19,5.19,0.00,0.00,S,6018723335,,CAD,CC
70001006,00317,05,2,20250224,100905,000004492002,2,1.99,3.98,0.00,0.25,S,6018723335,,CAD,CC
70001006,00317,05,3,20250224,100905,000004472001,1,5.39,5.39,0.00,0.34,S,6018723335,,CAD,CC
70001007,00317,06,1,20250224,105108,000004492050,1,2.99,2.99,0.00,0.19,S,,,CAD,DB
70001008,00317,04,1,20250224,212825,000000094301,1.517,5.99,9.09,0.00,0.00,S,,,CAD,CS
70001008,00317,04,2,20250224,212825,000000040101,0.866,25.79,22.33,0.00,0.00,S,,,CAD,CS
70001008,00317,04,3,20250224,212825,000000005301,1,7.49,7.49,0.00,0.00,S,,,CAD,CS
70001008,00317,04,4,20250224,212825,000004481002,2,10.89,21.78,0.00,1.36,S,,,CAD,CS
70001009,00317,04,1,20250224,155654,000000040102,1.174,23.09,27.11,0.00,0.00,S,,,CAD,DB
70001009,00317,04,2,20250224,155654,000000005101,1,10.89,10.89,0.00,0.00,S,,,CAD,DB
70001009,00317,04,3,20250224,155654,000000551020,1,18.99,18.99,0.00,1.19,S,,,CAD,DB
70001009,00317,04,4,20250224,155654,000000094103,2,5.19,10.38,0.00,0.00,S,,,CAD,DB
70001010,00317,02,1,20250224,123931,000004482003,2,7.49,14.98,7.49,0.47,S,6084245088,BG25W04,CAD,CC
70001011,00317,04,1,20250224,153112,000000094103,1,5.19,5.19,0.00,0.00,R,,,CAD,DB
70001012,00317,03,1,20250224,143222,000004472003,1,4.49,4.49,0.00,0.28,S,,,CAD,DB
70001012,00317,03,2,20250224,143222,000004473001,1,4.09,4.09,0.00,0.26,S,,,CAD,DB
70001012,00317,03,3,20250224,143222,000004472001,1,5.39,5.39,0.00,0.34,S,,,CAD,DB
70001013,00317,01,1,20250224,213355,000000005012,1,5.39,5.39,0.00,0.00,S,,,CAD,CS
70001014,00317,01,1,20250224,85830,000000040201,1,12.19,12.19,0.00,0.00,S,,,CAD,CC
70001015,00317,03,1,20250224,194047,000000005101,1,10.89,10.89,0.00,0.00,S,6028715399,,CAD,CC
70001015,00317,03,2,20250224,194047,000000005302,1,4.69,4.69,0.00,0.00,S,6028715399,,CAD,CC
70001016,00317,04,1,20250224,165636,000000562002,2,11.49,22.98,0.00,1.44,S,6007779462,,CAD,CC
70001016,00317,04,2,20250224,165636,000000005301,1,7.49,7.49,0.00,0.00,S,6007779462,,CAD,CC
70001017,01042,05,1,20250225,172814,000004493001,1,5.49,5.49,0.00,0.34,S,6025214526,,USD,GC
70001018,01042,01,1,20250225,175521,000000561001,2,9.99,19.98,9.99,0.62,S,,BG25W04B,USD,CC
70001018,01042,01,2,20250225,175521,000004482003,1,5.49,5.49,0.00,0.34,S,,,USD,CC
70001018,01042,01,3,20250225,175521,000004481001,2,7.99,15.98,0.00,1.00,S,,,USD,CC
70001018,01042,01,4,20250225,175521,000000552001,1,4.49,4.49,0.00,0.28,S,,,USD,CC
70001019,01042,01,1,20250225,174416,000004493002,1,3.99,3.99,0.00,0.25,S,,,USD,GC
70001019,01042,01,2,20250225,174416,000000094302,1.843,5.49,10.12,0.00,0.00,S,,,USD,GC
70001019,01042,01,3,20250225,174416,000000005012,1,3.99,3.99,0.00,0.00,S,,,USD,GC
70001019,01042,01,4,20250225,174416,000000552002,1,3.99,3.99,0.00,0.25,S,,,USD,GC
70001020,01042,02,1,20250225,102512,000000094202,1.813,1.99,3.61,0.00,0.00,S,,,USD,DB
70001021,01042,05,1,20250225,115917,000000031102,0.778,19.99,15.55,0.00,0.00,S,,,USD,DB
70001022,01042,02,1,20250225,140644,000000040201,1,8.99,8.99,0.00,0.00,S,6098819277,,USD,DB
70001022,01042,02,2,20250225,140644,000004481001,1,7.99,7.99,0.00,0.50,S,6098819277,,USD,DB
70001022,01042,02,3,20250225,140644,000004471030,1,3.99,3.99,0.00,0.25,S,6098819277,,USD,DB
70001022,01042,02,4,20250225,140644,000000020201,1,5.49,5.49,0.00,0.00,S,6098819277,,USD,DB
70001022,01042,02,5,20250225,140644,000000561001,2,9.99,19.98,9.99,0.62,S,6098819277,BG25W04B,USD,DB
70001022,01042,02,6,20250225,140644,000004492003,1,2.29,2.29,0.00,0.14,S,6098819277,,USD,DB
70001023,01107,03,1,20250225,120551,000004482002,2,17.99,35.98,0.00,2.25,S,6022010912,,USD,CC
70001023,01107,03,2,20250225,120551,000004482003,2,5.49,10.98,5.49,0.34,S,6022010912,BG25W04,USD,CC
70001023,01107,03,3,20250225,120551,000000040102,1.786,16.99,30.34,0.00,0.00,S,6022010912,,USD,CC
70001023,01107,03,4,20250225,120551,000000020203,1,6.49,6.49,0.00,0.00,S,6022010912,,USD,CC
70001023,01107,03,5,20250225,120551,000000005201,1,3.99,3.99,0.00,0.00,S,6022010912,,USD,CC
70001024,01107,06,1,20250225,92108,000000005020,1,4.49,4.49,0.00,0.00,S,,,USD,GC
70001024,01107,06,2,20250225,92108,000000005101,1,7.99,7.99,0.00,0.00,S,,,USD,GC
70001024,01107,06,3,20250225,92108,000000005013,1,3.89,3.89,0.00,0.00,S,,,USD,GC
70001025,02210,01,1,20250225,84618,000000005202,1,5.99,5.99,0.00,0.00,S,6075676670,,USD,CC
70001025,02210,01,2,20250225,84618,000004482003,1,5.49,5.49,0.00,0.34,S,6075676670,,USD,CC
70001025,02210,01,3,20250225,84618,000004493002,1,3.99,3.99,0.00,0.25,S,6075676670,,USD,CC
70001025,02210,01,4,20250225,84618,000000094301,1.869,4.39,8.20,0.00,0.00,S,6075676670,,USD,CC
70001026,02210,02,1,20250225,145657,000000093410,1.121,3.99,4.47,0.00,0.00,S,6082683230,,USD,CC
70001026,02210,02,2,20250225,145657,000000094103,2,3.79,7.58,0.00,0.00,S,6082683230,,USD,CC
70001027,02210,02,1,20250225,175922,000004472001,2,3.99,7.98,3.99,0.25,S,,BG25W04,USD,DB
70001028,02210,03,1,20250225,190935,000004481002,1,7.99,7.99,0.00,0.50,S,,,USD,CS
70001029,02210,01,1,20250225,195121,000004492002,1,1.49,1.49,0.00,0.09,S,6062554026,,USD,CS
70001030,02211,03,1,20250225,95509,000000020101,1,2.49,2.49,0.00,0.00,S,,,USD,CC
70001030,02211,03,2,20250225,95509,000000562001,3,10.99,32.97,10.99,1.37,S,,MB25W03,USD,CC
70001031,02211,04,1,20250225,160622,000004481003,1,4.99,4.99,0.00,0.31,S,,,USD,CC
70001031,02211,04,2,20250225,160622,000004471040,1,2.49,2.49,0.00,0.16,S,,,USD,CC
70001031,02211,04,3,20250225,160622,000000040201,1,8.99,8.99,0.00,0.00,S,,,USD,CC
70001032,02211,01,1,20250225,80531,000000005301,1,5.49,5.49,0.00,0.00,S,,,USD,DB
70001033,02211,04,1,20250225,120951,000000561002,1,7.49,7.49,0.00,0.47,S,6081826886,,USD,GC
70001033,02211,04,2,20250225,120951,000000040201,1,8.99,8.99,0.00,0.00,S,6081826886,,USD,GC
70001033,02211,04,3,20250225,120951,000000020102,1,3.49,3.49,0.00,0.00,S,6081826886,,USD,GC
70001034,02305,06,1,20250225,163706,000000020101,1,2.49,2.49,0.00,0.00,S,,,USD,CS
70001034,02305,06,2,20250225,163706,000000020203,1,6.49,6.49,0.00,0.00,S,,,USD,CS
70001035,02305,05,1,20250225,212016,000000040203,1,11.99,11.99,0.00,0.00,S,,,USD,GC
70001035,02305,05,2,20250225,212016,000004473002,1,2.79,2.79,0.00,0.17,S,,,USD,GC
70001035,02305,05,3,20250225,212016,000000094301,2.047,4.39,8.99,0.00,0.00,S,,,USD,GC
70001035,02305,05,4,20250225,212016,000000552001,1,4.49,4.49,0.00,0.28,S,,,USD,GC
70001036,02305,02,1,20250225,141137,000000093325,2.143,3.99,8.55,0.00,0.00,S,,,USD,CC
70001037,02305,01,1,20250225,130944,000004472002,1,4.49,4.49,0.00,0.28,S,6046245618,,USD,CS
70001038,02305,01,1,20250225,144917,000004472001,2,3.99,7.98,3.99,0.25,S,6046245618,BG25W04,USD,GC
70001039,02305,02,1,20250225,204704,000004471024,1,3.49,3.49,0.00,0.22,S,6099323123,,USD,DB
70001040,02305,03,1,20250225,92521,000004482003,2,5.49,10.98,5.49,0.34,S,,BG25W04,USD,CC
70001040,02305,03,2,20250225,92521,000000561001,2,9.99,19.98,9.99,0.62,S,,BG25W04B,USD,CC
70001041,02305,04,1,20250225,193025,000000093410,1.090,3.99,4.35,0.00,0.00,S,,,USD,CC
70001041,02305,04,2,20250225,193025,000000040202,1,14.99,14.99,0.00,0.00,S,,,USD,CC
70001042,02305,06,1,20250225,192244,000000005301,1,5.49,5.49,0.00,0.00,S,,,USD,DB
70001042,02305,06,2,20250225,192244,000000551020,1,13.99,13.99,0.00,0.87,S,,,USD,DB
70001042,02305,06,3,20250225,192244,000004473003,1,3.49,3.49,0.00,0.22,S,,,USD,DB
70001043,02305,04,1,20250225,135147,000000031101,0.560,24.99,13.99,0.00,0.00,S,,,USD,DB
70001043,02305,04,2,20250225,135147,000000020203,1,6.49,6.49,0.00,0.00,S,,,USD,DB
70001043,02305,04,3,20250225,135147,000004493001,2,5.49,10.98,0.00,0.69,S,,,USD,DB
70001043,02305,04,4,20250225,135147,000004472001,3,3.99,11.97,3.99,0.50,S,,BG25W04,USD,DB
70001044,03050,06,1,20250225,183654,000000094302,1.419,5.49,7.79,0.00,0.00,S,6023850371,,USD,GC
70001045,03050,01,1,20250225,135320,000000040202,1,14.99,14.99,0.00,0.00,S,,,USD,GC
70001045,03050,01,2,20250225,135320,000000005102,3,5.49,16.47,0.00,0.00,S,,,USD,GC
70001045,03050,01,3,20250225,135320,000000552001,1,4.49,4.49,0.00,0.28,S,,,USD,GC
70001045,03050,01,4,20250225,135320,000004472003,1,3.29,3.29,0.00,0.21,S,,,USD,GC
70001045,03050,01,5,20250225,135320,000000020203,1,6.49,6.49,0.00,0.00,S,,,USD,GC
70001046,03050,05,1,20250225,162807,000000094102,1,3.49,3.49,0.00,0.00,S,,,USD,CC
70001046,03050,05,2,20250225,162807,000004493002,2,3.99,7.98,3.99,0.25,S,,BG25W04,USD,CC
70001047,03050,05,1,20250225,73012,000004483001,2,4.99,9.98,0.00,0.62,S,6092766372,,USD,CS
70001047,03050,05,2,20250225,73012,000000020203,1,6.49,6.49,0.00,0.00,S,6092766372,,USD,CS
70001047,03050,05,3,20250225,73012,000004482003,1,5.49,5.49,0.00,0.34,S,6092766372,,USD,CS
70001048,03050,06,1,20250225,95442,000000005020,1,4.49,4.49,0.00,0.00,S,,,USD,CC
70001049,03050,02,1,20250225,133722,000004472002,1,4.49,4.49,0.00,0.28,S,6066742860,,USD,DB
70001049,03050,02,2,20250225,133722,000004482003,2,5.49,10.98,5.49,0.34,S,6066742860,BG25W04,USD,DB
70001050,03050,02,1,20250225,174941,000000093410,0.285,3.99,1.14,0.00,0.00,S,,,USD,GC
70001050,03050,02,2,20250225,174941,000004472003,1,3.29,3.29,0.00,0.21,S,,,USD,GC
70001050,03050,02,3,20250225,174941,000000005103,1,6.99,6.99,0.00,0.00,S,,,USD,GC
70001050,03050,02,4,20250225,174941,000000005201,1,3.99,3.99,0.00,0.00,S,,,USD,GC
70001050,03050,02,5,20250225,174941,000000093322,1.385,1.99,2.76,0.00,0.00,S,,,USD,GC
70001051,03050,06,1,20250225,152537,000000005013,1,3.89,3.89,0.00,0.00,S,6042902572,,USD,DB
70001051,03050,06,2,20250225,152537,000004493001,1,5.49,5.49,0.00,0.34,S,6042902572,,USD,DB
70001051,03050,06,3,20250225,152537,000000040101,0.805,18.99,15.29,0.00,0.00,S,6042902572,,USD,DB
70001051,03050,06,4,20250225,152537,000000005101,1,7.99,7.99,0.00,0.00,S,6042902572,,USD,DB
70001051,03050,06,5,20250225,152537,000000005103,2,6.99,13.98,0.00,0.00,S,6042902572,,USD,DB
70001052,00317,04,1,20250225,154709,000004491003,1,2.69,2.69,0.00,0.17,S,6068784991,,CAD,CS
70001052,00317,04,2,20250225,154709,000004482003,2,7.49,14.98,7.49,0.47,S,6068784991,BG25W04,CAD,CS
70001052,00317,04,3,20250225,154709,000004483002,1,4.69,4.69,0.00,0.29,S,6068784991,,CAD,CS
70001053,00317,01,1,20250225,192407,000000093401,1.582,7.49,11.85,0.00,0.00,S,6051651768,,CAD,DB
70001053,00317,01,2,20250225,192407,000004472001,2,5.39,10.78,5.39,0.34,S,6051651768,BG25W04,CAD,DB
70001054,00317,01,1,20250225,83624,000000005301,1,7.49,7.49,0.00,0.00,S,6064455618,,CAD,CC
70001054,00317,01,2,20250225,83624,000004482002,1,24.49,24.49,0.00,1.53,S,6064455618,,CAD,CC
70001055,00317,04,1,20250225,90321,000000005012,3,5.39,16.17,5.39,0.00,S,,MB25W03,CAD,GC
70001055,00317,04,2,20250225,90321,000000093325,1.024,5.39,5.52,0.00,0.00,S,,,CAD,GC
70001055,00317,04,3,20250225,90321,000000020102,1,4.69,4.69,0.00,0.00,S,,,CAD,GC
70001055,00317,04,4,20250225,90321,000004472001,2,5.39,10.78,5.39,0.34,S,,BG25W04,CAD,GC
70001056,00317,06,1,20250225,130911,000004471030,1,5.39,5.39,0.00,0.34,R,,,CAD,DB
70001057,00317,05,1,20250225,82106,000000020102,1,4.69,4.69,0.00,0.00,S,6072791033,,CAD,CS
70001058,00317,04,1,20250225,111409,000000005202,1,8.09,8.09,0.00,0.00,S,,,CAD,CC
70001058,00317,04,2,20250225,111409,000004472050,1,5.39,5.39,0.00,0.34,S,,,CAD,CC
70001059,00317,06,1,20250225,74403,000000005012,1,5.39,5.39,0.00,0.00,S,6015454470,,CAD,CS
70001060,00317,02,1,20250225,93014,000000005013,1,5.29,5.29,0.00,0.00,S,,,CAD,CC
70001060,00317,02,2,20250225,93014,000000094201,0.373,2.29,0.85,0.00,0.00,S,,,CAD,CC
70001060,00317,02,3,20250225,93014,000000020101,2,3.39,6.78,0.00,0.00,S,,,CAD,CC
70001060,00317,02,4,20250225,93014,000004482003,2,7.49,14.98,7.49,0.47,S,,BG25W04,CAD,CC
70001060,00317,02,5,20250225,93014,000000093321,0.841,1.99,1.67,0.00,0.00,S,,,CAD,CC
70001061,00317,01,1,20250225,153220,000000093321,0.346,1.99,0.69,0.00,0.00,S,,,CAD,CS
70001061,00317,01,2,20250225,153220,000000040201,2,12.19,24.38,0.00,0.00,S,,,CAD,CS
70001061,00317,01,3,20250225,153220,000004482003,2,7.49,14.98,7.49,0.47,S,,BG25W04,CAD,CS
70001062,00317,06,1,20250225,95836,000004471023,1,4.69,4.69,0.00,0.29,S,,,CAD,CS
70001062,00317,06,2,20250225,95836,000000005012,1,5.39,5.39,0.00,0.00,S,,,CAD,CS
70001063,00317,05,1,20250225,91545,000004482002,3,24.49,73.47,24.49,3.06,S,6042954316,MB25W03,CAD,CS
70001063,00317,05,2,20250225,91545,000004472001,1,5.39,5.39,0.00,0.34,S,6042954316,,CAD,CS
70001063,00317,05,3,20250225,91545,000000093321,0.549,1.99,1.09,0.00,0.00,S,6042954316,,CAD,CS
70001064,00317,04,1,20250225,82201,000004472001,2,5.39,10.78,5.39,0.34,S,,BG25W04,CAD,GC
70001064,00317,04,2,20250225,82201,000000094103,1,5.19,5.19,0.00,0.00,S,,,CAD,GC
70001064,00317,04,3,20250225,82201,000000020103,2,6.79,13.58,0.00,0.00,S,,,CAD,GC
70001065,01042,02,1,20250226,80447,000000093402,1.350,3.29,4.44,0.00,0.00,S,,,USD,CS
70001065,01042,02,2,20250226,80447,000000005013,1,3.89,3.89,0.00,0.00,S,,,USD,CS
70001065,01042,02,3,20250226,80447,000000005302,3,3.49,10.47,0.00,0.00,S,,,USD,CS
70001066,01042,02,1,20250226,201137,000000020203,1,6.49,6.49,0.00,0.00,S,6002730086,,USD,DB
70001066,01042,02,2,20250226,201137,000000005101,1,7.99,7.99,0.00,0.00,S,6002730086,,USD,DB
70001066,01042,02,3,20250226,201137,000004492001,1,1.79,1.79,0.00,0.11,S,6002730086,,USD,DB
70001066,01042,02,4,20250226,201137,000000040201,1,8.99,8.99,0.00,0.00,S,6002730086,,USD,DB
70001067,01042,02,1,20250226,111358,000000094201,1.062,1.69,1.79,0.00,0.00,S,6068293844,,USD,CS
70001067,01042,02,2,20250226,111358,000000005012,3,3.99,11.97,3.99,0.00,S,6068293844,MB25W03,USD,CS
70001068,01042,02,1,20250226,124030,000000093501,1,4.49,4.49,0.00,0.00,S,,,USD,GC
70001069,01042,01,1,20250226,92528,000000094301,0.663,4.39,2.91,0.00,0.00,S,6019196570,,USD,CS
70001069,01042,01,2,20250226,92528,000000094301,1.335,4.39,5.86,0.00,0.00,S,6019196570,,USD,CS
70001069,01042,01,3,20250226,92528,000000093401,0.961,5.49,5.28,0.00,0.00,S,6019196570,,USD,CS
70001069,01042,01,4,20250226,92528,000000093402,0.959,3.29,3.16,0.00,0.00,S,6019196570,,USD,CS
70001069,01042,01,5,20250226,92528,000004471040,2,2.49,4.98,0.00,0.31,S,6019196570,,USD,CS
70001069,01042,01,6,20250226,92528,000004473002,1,2.79,2.79,0.00,0.17,S,6019196570,,USD,CS
70001070,01107,02,1,20250226,85457,000000552002,1,3.99,3.99,0.00,0.25,S,,,USD,CS
70001070,01107,02,2,20250226,85457,000000020202,1,5.99,5.99,0.00,0.00,S,,,USD,CS
70001071,01107,03,1,20250226,182310,000000005012,1,3.99,3.99,0.00,0.00,S,,,USD,GC
70001072,02210,02,1,20250226,190134,000000005013,1,3.89,3.89,0.00,0.00,S,6077820582,,USD,CC
70001073,02210,05,1,20250226,160135,000000005202,1,5.99,5.99,0.00,0.00,S,6027881658,,USD,CS
70001074,02210,06,1,20250226,163750,000000094302,1.835,5.49,10.07,0.00,0.00,S,6001168809,,USD,DB
70001074,02210,06,2,20250226,163750,000000005013,1,3.89,3.89,0.00,0.00,S,6001168809,,USD,DB
70001074,02210,06,3,20250226,163750,000000551020,1,13.99,13.99,0.00,0.87,S,6001168809,,USD,DB
70001074,02210,06,4,20250226,163750,000000093501,1,4.49,4.49,0.00,0.00,S,6001168809,,USD,DB
70001074,02210,06,5,20250226,163750,000000562001,1,10.99,10.99,0.00,0.69,S,6001168809,,USD,DB
70001075,02210,02,1,20250226,203329,000000005202,1,5.99,5.99,0.00,0.00,S,6084982544,,USD,CS
70001076,02210,04,1,20250226,174949,000004492003,1,2.29,2.29,0.00,0.14,S,,,USD,DB
70001076,02210,04,2,20250226,174949,000004471024,2,3.49,6.98,0.00,0.44,S,,,USD,DB
70001076,02210,04,3,20250226,174949,000004483002,1,3.49,3.49,0.00,0.22,S,,,USD,DB
70001076,02210,04,4,20250226,174949,000000030201,2,9.99,19.98,0.00,0.00,S,,,USD,DB
70001076,02210,04,5,20250226,174949,000000020101,1,2.49,2.49,0.00,0.00,S,,,USD,DB
70001077,02210,02,1,20250226,93135,000004491002,1,6.99,6.99,0.00,0.44,S,,,USD,DB
70001078,02211,02,1,20250226,214612,000000005013,1,3.89,3.89,0.00,0.00,S,,,USD,GC
70001078,02211,02,2,20250226,214612,000004471024,1,3.49,3.49,0.00,0.22,S,,,USD,GC
70001078,02211,02,3,20250226,214612,000000094201,1.453,1.69,2.46,0.00,0.00,S,,,USD,GC
70001078,02211,02,4,20250226,214612,000000040102,1.908,16.99,32.42,0.00,0.00,S,,,USD,GC
70001078,02211,02,5,20250226,214612,000004491002,1,6.99,6.99,0.00,0.44,S,,,USD,GC
70001078,02211,02,6,20250226,214612,000004491002,1,6.99,6.99,0.00,0.44,S,,,USD,GC
70001079,02305,06,1,20250226,83235,000004472001,2,3.99,7.98,3.99,0.25,S,6059779452,BG25W04,USD,GC
70001079,02305,06,2,20250226,83235,000000005201,1,3.99,3.99,0.00,0.00,S,6059779452,,USD,GC
70001079,02305,06,3,20250226,83235,000000040201,2,8.99,17.98,0.00,0.00,S,6059779452,,USD,GC
70001080,02305,05,1,20250226,175456,000004482001,1,13.99,13.99,0.00,0.87,S,6043017646,,USD,GC
70001081,02305,05,1,20250226,131123,000004472002,1,4.49,4.49,0.00,0.28,S,6055416431,,USD,DB
70001081,02305,05,2,20250226,131123,000000093410,1.470,3.99,5.87,0.00,0.00,S,6055416431,,USD,DB
70001081,02305,05,3,20250226,131123,000000094101,1,3.99,3.99,0.00,0.00,S,6055416431,,USD,DB
70001082,02305,05,1,20250226,70451,000000031102,1.697,19.99,33.92,0.00,0.00,S,,,USD,DB
70001082,02305,05,2,20250226,70451,000004482002,1,17.99,17.99,0.00,1.12,S,,,USD,DB
70001082,02305,05,3,20250226,70451,000004493002,2,3.99,7.98,3.99,0.25,S,,BG25W04,USD,DB
70001082,02305,05,4,20250226,70451,000004472002,1,4.49,4.49,0.00,0.28,S,,,USD,DB
70001082,02305,05,5,20250226,70451,000000005302,1,3.49,3.49,0.00,0.00,S,,,USD,DB
70001082,02305,05,6,20250226,70451,000000005301,2,5.49,10.98,0.00,0.00,S,,,USD,DB
70001083,02305,01,1,20250226,92128,000000093321,1.781,1.49,2.65,0.00,0.00,S,6007406500,,USD,CS
70001083,02305,01,2,20250226,92128,000004473003,1,3.49,3.49,0.00,0.22,S,6007406500,,USD,CS
70001084,02305,05,1,20250226,125119,000000005201,1,3.99,3.99,0.00,0.00,S,6047705383,,USD,CS
70001084,02305,05,2,20250226,125119,000000093502,2,3.99,7.98,0.00,0.00,S,6047705383,,USD,CS
70001084,02305,05,3,20250226,125119,000000562002,1,8.49,8.49,0.00,0.53,S,6047705383,,USD,CS
70001085,02305,02,1,20250226,113515,000000551021,1,11.99,11.99,0.00,0.75,S,,,USD,DB
70001085,02305,02,2,20250226,113515,000000093410,1.845,3.99,7.36,0.00,0.00,S,,,USD,DB
70001086,02305,03,1,20250226,212617,000004491003,2,1.99,3.98,0.00,0.25,S,,,USD,DB
70001086,02305,03,2,20250226,212617,000004482003,2,5.49,10.98,5.49,0.34,S,,BG25W04,USD,DB
70001086,02305,03,3,20250226,212617,000000030203,2,8.49,16.98,0.00,0.00,S,,,USD,DB
70001087,02305,02,1,20250226,182145,000004483001,1,4.99,4.99,0.00,0.31,S,6032145057,,USD,CC
70001088,02305,01,1,20250226,114625,000000093322,1.350,1.99,2.69,0.00,0.00,S,,,USD,CS
70001089,02305,03,1,20250226,193849,000000562001,3,10.99,32.97,10.99,1.37,S,,MB25W03,USD,CC
70001090,02305,03,1,20250226,124106,000000093501,1,4.49,4.49,0.00,0.00,S,6049998279,,USD,CC
70001090,02305,03,2,20250226,124106,000000030201,1,9.99,9.99,0.00,0.00,S,6049998279,,USD,CC
70001090,02305,03,3,20250226,124106,000004482002,3,17.99,53.97,17.99,2.25,S,6049998279,MB25W03,USD,CC
70001091,03050,04,1,20250226,175853,000000093322,2.111,1.99,4.20,0.00,0.00,S,,,USD,DB
70001091,03050,04,2,20250226,175853,000000093321,1.974,1.49,2.94,0.00,0.00,S,,,USD,DB
70001091,03050,04,3,20250226,175853,000000040203,1,11.99,11.99,0.00,0.00,S,,,USD,DB
70001091,03050,04,4,20250226,175853,000004492001,1,1.79,1.79,0.00,0.11,S,,,USD,DB
70001092,03050,03,1,20250226,83450,000004471024,1,3.49,3.49,0.00,0.22,S,,,USD,CS
70001092,03050,03,2,20250226,83450,000000094101,1,3.99,3.99,0.00,0.00,S,,,USD,CS
70001092,03050,03,3,20250226,83450,000000020203,1,6.49,6.49,0.00,0.00,S,,,USD,CS
70001093,03050,06,1,20250226,73418,000000561001,2,9.99,19.98,9.99,0.62,S,,BG25W04B,USD,GC
70001093,03050,06,2,20250226,73418,000000020103,1,4.99,4.99,0.00,0.00,S,,,USD,GC
70001093,03050,06,3,20250226,73418,000000005020,1,4.49,4.49,0.00,0.00,S,,,USD,GC
70001093,03050,06,4,20250226,73418,000000031102,0.656,19.99,13.11,0.00,0.00,S,,,USD,GC
70001093,03050,06,5,20250226,73418,000004482002,1,17.99,17.99,0.00,1.12,S,,,USD,GC
70001093,03050,06,6,20250226,73418,000004472002,1,4.49,4.49,0.00,0.28,S,,,USD,GC
70001094,03050,01,1,20250226,93236,000000005201,1,3.99,3.99,0.00,0.00,S,6043098591,,USD,CS
70001094,03050,01,2,20250226,93236,000004472001,2,3.99,7.98,3.99,0.25,S,6043098591,BG25W04,USD,CS
70001094,03050,01,3,20250226,93236,000000040202,1,14.99,14.99,0.00,0.00,S,6043098591,,USD,CS
70001094,03050,01,4,20250226,93236,000000561001,1,9.99,9.99,0.00,0.62,S,6043098591,,USD,CS
70001094,03050,01,5,20250226,93236,000000005012,3,3.99,11.97,3.99,0.00,S,6043098591,MB25W03,USD,CS
70001095,03050,04,1,20250226,150036,000000005101,1,7.99,7.99,0.00,0.00,S,6000518449,,USD,DB
70001095,03050,04,2,20250226,150036,000000562002,3,8.49,25.47,0.00,1.59,S,6000518449,,USD,DB
70001096,03050,02,1,20250226,113830,000000005013,1,3.89,3.89,0.00,0.00,S,,,USD,GC
70001096,03050,02,2,20250226,113830,000000030201,1,9.99,9.99,0.00,0.00,S,,,USD,GC
70001096,03050,02,3,20250226,113830,000000005012,3,3.99,11.97,3.99,0.00,S,,MB25W03,USD,GC
70001096,03050,02,4,20250226,113830,000000020202,3,5.99,17.97,0.00,0.00,S,,,USD,GC
70001096,03050,02,5,20250226,113830,000000005013,1,3.89,3.89,0.00,0.00,S,,,USD,GC
70001097,03050,03,1,20250226,164633,000004491001,3,2.49,7.47,0.00,0.47,S,6058665254,,USD,CC
70001097,03050,03,2,20250226,164633,000000030203,3,8.49,25.47,0.00,0.00,S,6058665254,,USD,CC
70001097,03050,03,3,20250226,164633,000000040202,1,14.99,14.99,0.00,0.00,S,6058665254,,USD,CC
70001098,03050,06,1,20250226,120147,000004472001,2,3.99,7.98,3.99,0.25,S,6098221040,BG25W04,USD,CS
70001098,03050,06,2,20250226,120147,000000020203,1,6.49,6.49,0.00,0.00,S,6098221040,,USD,CS
70001099,03050,06,1,20250226,160114,000004482002,3,17.99,53.97,17.99,2.25,S,,MB25W03,USD,CS
70001099,03050,06,2,20250226,160114,000004491002,1,6.99,6.99,0.00,0.44,S,,,USD,CS
70001099,03050,06,3,20250226,160114,000004481001,2,7.99,15.98,0.00,1.00,S,,,USD,CS
70001099,03050,06,4,20250226,160114,000004482003,2,5.49,10.98,5.49,0.34,S,,BG25W04,USD,CS
70001099,03050,06,5,20250226,160114,000000094102,1,3.49,3.49,0.00,0.00,S,,,USD,CS
70001100,03050,02,1,20250226,194203,000004492001,1,1.79,1.79,0.00,0.11,S,6045775847,,USD,DB
70001100,03050,02,2,20250226,194203,000000020203,1,6.49,6.49,0.00,0.00,S,6045775847,,USD,DB
70001100,03050,02,3,20250226,194203,000000020103,1,4.99,4.99,0.00,0.00,S,6045775847,,USD,DB
70001101,03050,06,1,20250226,181506,000000030102,1,14.99,14.99,0.00,0.00,S,6054691373,,USD,GC
70001101,03050,06,2,20250226,181506,000004491001,1,2.49,2.49,0.00,0.16,S,6054691373,,USD,GC
70001102,00317,05,1,20250226,155505,000000040101,2.019,25.79,52.07,0.00,0.00,S,,,CAD,CC
70001103,00317,05,1,20250226,133139,000000005101,2,10.89,21.78,0.00,0.00,S,,,CAD,CC
70001103,00317,05,2,20250226,133139,000000005302,2,4.69,9.38,0.00,0.00,S,,,CAD,CC
70001104,00317,05,1,20250226,203507,000000031101,0.477,33.99,16.21,0.00,0.00,S,,,CAD,CC
70001104,00317,05,2,20250226,203507,000000552001,1,6.09,6.09,0.00,0.38,S,,,CAD,CC
70001104,00317,05,3,20250226,203507,000000005012,1,5.39,5.39,0.00,0.00,S,,,CAD,CC
70001104,00317,05,4,20250226,203507,000000561001,2,13.59,27.18,13.59,0.85,S,,BG25W04B,CAD,CC
70001104,00317,05,5,20250226,203507,000000093322,2.100,2.69,5.65,0.00,0.00,S,,,CAD,CC
70001105,00317,04,1,20250226,151239,000004482003,2,7.49,14.98,7.49,0.47,S,,BG25W04,CAD,CS
70001105,00317,04,2,20250226,151239,000004492003,1,3.09,3.09,0.00,0.19,S,,,CAD,CS
70001105,00317,04,3,20250226,151239,000000562001,3,14.89,44.67,14.89,1.86,S,,MB25W03,CAD,CS
70001105,00317,04,4,20250226,151239,000000020103,1,6.79,6.79,0.00,0.00,S,,,CAD,CS
70001106,00317,06,1,20250226,172321,000000005012,3,5.39,16.17,5.39,0.00,S,,MB25W03,CAD,DB
70001106,00317,06,2,20250226,172321,000000551021,1,16.29,16.29,0.00,1.02,S,,,CAD,DB
70001107,00317,06,1,20250226,90048,000000094203,1.931,1.99,3.84,0.00,0.00,S,,,CAD,DB
70001107,00317,06,2,20250226,90048,000000020203,1,8.79,8.79,0.00,0.00,S,,,CAD,DB
70001107,00317,06,3,20250226,90048,000004481001,1,10.89,10.89,0.00,0.68,S,,,CAD,DB
70001107,00317,06,4,20250226,90048,000004471023,2,4.69,9.38,0.00,0.59,S,,,CAD,DB
70001108,00317,01,1,20250226,132026,000004472001,2,5.39,10.78,5.39,0.34,S,6026153473,BG25W04,CAD,GC
70001108,00317,01,2,20250226,132026,000000094202,1.966,2.69,5.29,0.00,0.00,S,6026153473,,CAD,GC
70001109,00317,06,1,20250226,203311,000004473002,1,3.79,3.79,0.00,0.24,S,6038860868,,CAD,DB
70001109,00317,06,2,20250226,203311,000000040202,1,20.39,20.39,0.00,0.00,S,6038860868,,CAD,DB
70001109,00317,06,3,20250226,203311,000004472003,1,4.49,4.49,0.00,0.28,S,6038860868,,CAD,DB
70001110,00317,01,1,20250226,193412,000000005201,1,5.39,5.39,0.00,0.00,S,,,CAD,CC
70001110,00317,01,2,20250226,193412,000004491002,1,9.49,9.49,0.00,0.59,S,,,CAD,CC
70001110,00317,01,3,20250226,193412,000000005302,3,4.69,14.07,0.00,0.00,S,,,CAD,CC
70001110,00317,01,4,20250226,193412,000004482003,2,7.49,14.98,7.49,0.47,S,,BG25W04,CAD,CC
70001110,00317,01,5,20250226,193412,000004471030,1,5.39,5.39,0.00,0.34,S,,,CAD,CC
70001111,01042,02,1,20250227,82551,000004481002,1,7.99,7.99,0.00,0.50,S,,,USD,CC
70001111,01042,02,2,20250227,82551,000000040202,1,14.99,14.99,0.00,0.00,S,,,USD,CC
70001111,01042,02,3,20250227,82551,000000005102,1,5.49,5.49,0.00,0.00,S,,,USD,CC
70001111,01042,02,4,20250227,82551,000000094301,0.886,4.39,3.89,0.00,0.00,S,,,USD,CC
70001111,01042,02,5,20250227,82551,000000005020,1,4.49,4.49,0.00,0.00,S,,,USD,CC
70001111,01042,02,6,20250227,82551,000000561001,2,9.99,19.98,9.99,0.62,S,,BG25W04B,USD,CC
70001112,01042,03,1,20250227,73342,000004483001,1,4.99,4.99,0.00,0.31,S,,,USD,GC
70001112,01042,03,2,20250227,73342,000000020202,1,5.99,5.99,0.00,0.00,S,,,USD,GC
70001113,01042,06,1,20250227,193212,000004491003,1,1.99,1.99,0.00,0.12,S,6096520744,,USD,CC
70001114,01042,05,1,20250227,80716,000000040101,1.906,18.99,36.19,0.00,0.00,S,,,USD,CC
70001114,01042,05,2,20250227,80716,000004491003,1,1.99,1.99,0.00,0.12,S,,,USD,CC
70001114,01042,05,3,20250227,80716,000000005012,1,3.99,3.99,0.00,0.00,S,,,USD,CC
70001114,01042,05,4,20250227,80716,000000020201,1,5.49,5.49,0.00,0.00,S,,,USD,CC
70001114,01042,05,5,20250227,80716,000000094103,1,3.79,3.79,0.00,0.00,S,,,USD,CC
70001115,01042,04,1,20250227,143149,000000005301,1,5.49,5.49,0.00,0.00,S,6075233438,,USD,DB
70001115,01042,04,2,20250227,143149,000004472001,1,3.99,3.99,0.00,0.25,S,6075233438,,USD,DB
70001115,01042,04,3,20250227,143149,000004471040,1,2.49,2.49,0.00,0.16,S,6075233438,,USD,DB
70001115,01042,04,4,20250227,143149,000000030103,2,8.99,17.98,8.99,0.00,S,6075233438,BG25W04B,USD,DB
70001115,01042,04,5,20250227,143149,000000094301,0.506,4.39,2.22,0.00,0.00,S,6075233438,,USD,DB
70001116,01042,03,1,20250227,122351,000004493002,2,3.99,7.98,3.99,0.25,S,6020448207,BG25W04,USD,DB
70001116,01042,03,2,20250227,122351,000004493001,1,5.49,5.49,0.00,0.34,S,6020448207,,USD,DB
70001117,01042,06,1,20250227,210837,000000093410,0.926,3.99,3.69,0.00,0.00,S,,,USD,CC
70001117,01042,06,2,20250227,210837,000000040201,1,8.99,8.99,0.00,0.00,S,,,USD,CC
70001117,01042,06,3,20250227,210837,000000561001,1,9.99,9.99,0.00,0.62,S,,,USD,CC
70001118,01042,05,1,20250227,135901,000000093502,1,3.99,3.99,0.00,0.00,S,,,USD,CC
70001118,01042,05,2,20250227,135901,000000094202,1.559,1.99,3.10,0.00,0.00,S,,,USD,CC
70001119,01107,01,1,20250227,145847,000004482002,3,17.99,53.97,17.99,2.25,S,6052204727,MB25W03,USD,DB
70001119,01107,01,2,20250227,145847,000004482003,1,5.49,5.49,0.00,0.34,S,6052204727,,USD,DB
70001119,01107,01,3,20250227,145847,000000005013,1,3.89,3.89,0.00,0.00,S,6052204727,,USD,DB
70001119,01107,01,4,20250227,145847,000000094102,1,3.49,3.49,0.00,0.00,S,6052204727,,USD,DB
70001120,01107,05,1,20250227,134957,000000093501,2,4.49,8.98,0.00,0.00,S,6033302126,,USD,DB
70001120,01107,05,2,20250227,134957,000000005020,2,4.49,8.98,0.00,0.00,S,6033302126,,USD,DB
70001120,01107,05,3,20250227,134957,000000030201,1,9.99,9.99,0.00,0.00,S,6033302126,,USD,DB
70001121,01107,04,1,20250227,103947,000000094301,2.189,4.39,9.61,0.00,0.00,S,,,USD,CC
70001121,01107,04,2,20250227,103947,000000040201,1,8.99,8.99,0.00,0.00,S,,,USD,CC
70001121,01107,04,3,20250227,103947,000004491002,1,6.99,6.99,0.00,0.44,S,,,USD,CC
70001121,01107,04,4,20250227,103947,000004491002,1,6.99,6.99,0.00,0.44,S,,,USD,CC
70001122,02210,05,1,20250227,95540,000004471040,1,2.49,2.49,0.00,0.16,S,6008488725,,USD,CC
70001122,02210,05,2,20250227,95540,000000005102,1,5.49,5.49,0.00,0.00,S,6008488725,,USD,CC
70001123,02210,03,1,20250227,123404,000004491003,1,1.99,1.99,0.00,0.12,S,,,USD,GC
70001123,02210,03,2,20250227,123404,000000094301,1.559,4.39,6.84,0.00,0.00,S,,,USD,GC
70001124,02210,01,1,20250227,162656,000004472002,1,4.49,4.49,0.00,0.28,S,,,USD,CS
70001124,02210,01,2,20250227,162656,000000005013,1,3.89,3.89,0.00,0.00,S,,,USD,CS
70001125,02210,05,1,20250227,73525,000000005302,1,3.49,3.49,0.00,0.00,S,,,USD,CS
70001126,02211,01,1,20250227,91727,000004473003,1,3.49,3.49,0.00,0.22,S,,,USD,CC
70001126,02211,01,2,20250227,91727,000000020203,1,6.49,6.49,0.00,0.00,S,,,USD,CC
70001126,02211,01,3,20250227,91727,000000030103,1,8.99,8.99,0.00,0.00,S,,,USD,CC
70001127,02211,02,1,20250227,120846,000004491001,1,2.49,2.49,0.00,0.16,S,6058476094,,USD,GC
70001127,02211,02,2,20250227,120846,000004472003,1,3.29,3.29,0.00,0.21,S,6058476094,,USD,GC
70001127,02211,02,3,20250227,120846,000000005101,1,7.99,7.99,0.00,0.00,S,6058476094,,USD,GC
70001127,02211,02,4,20250227,120846,000004471024,1,3.49,3.49,0.00,0.22,S,6058476094,,USD,GC
70001128,02211,06,1,20250227,124943,000004471023,1,3.49,3.49,0.00,0.22,S,,,USD,CC
70001128,02211,06,2,20250227,124943,000004493002,2,3.99,7.98,3.99,0.25,S,,BG25W04,USD,CC
70001128,02211,06,3,20250227,124943,000000040202,1,14.99,14.99,0.00,0.00,S,,,USD,CC
70001128,02211,06,4,20250227,124943,000000093321,0.633,1.49,0.94,0.00,0.00,S,,,USD,CC
70001129,02211,06,1,20250227,190549,000000005101,1,7.99,7.99,0.00,0.00,R,6011249125,,USD,DB
70001130,02305,05,1,20250227,70449,000000005012,1,3.99,3.99,0.00,0.00,S,,,USD,CS
70001130,02305,05,2,20250227,70449,000000093502,1,3.99,3.99,0.00,0.00,S,,,USD,CS
70001130,02305,05,3,20250227,70449,000000031102,1.042,19.99,20.83,0.00,0.00,S,,,USD,CS
70001131,02305,01,1,20250227,194919,000004492003,1,2.29,2.29,0.00,0.14,S,,,USD,DB
70001131,02305,01,2,20250227,194919,000000094302,2.182,5.49,11.98,0.00,0.00,S,,,USD,DB
70001131,02305,01,3,20250227,194919,000000030201,1,9.99,9.99,0.00,0.00,S,,,USD,DB
70001132,02305,02,1,20250227,71407,000004472001,2,3.99,7.98,3.99,0.25,S,,BG25W04,USD,GC
70001133,02305,04,1,20250227,203954,000004481002,2,7.99,15.98,0.00,1.00,S,,,USD,CC
70001133,02305,04,2,20250227,203954,000004471030,1,3.99,3.99,0.00,0.25,S,,,USD,CC
70001134,02305,04,1,20250227,101405,000000005302,1,3.49,3.49,0.00,0.00,S,6076896270,,USD,DB
70001134,02305,04,2,20250227,101405,000004483001,2,4.99,9.98,0.00,0.62,S,6076896270,,USD,DB
70001134,02305,04,3,20250227,101405,000004471024,1,3.49,3.49,0.00,0.22,S,6076896270,,USD,DB
70001134,02305,04,4,20250227,101405,000000005302,1,3.49,3.49,0.00,0.00,S,6076896270,,USD,DB
70001134,02305,04,5,20250227,101405,000000093322,1.685,1.99,3.35,0.00,0.00,S,6076896270,,USD,DB
70001135,02305,02,1,20250227,165335,000004482002,3,17.99,53.97,17.99,2.25,S,,MB25W03,USD,CC
70001135,02305,02,2,20250227,165335,000004491002,2,6.99,13.98,0.00,0.87,S,,,USD,CC
70001136,02305,05,1,20250227,161030,000000005201,1,3.99,3.99,0.00,0.00,S,,,USD,CC
70001136,02305,05,2,20250227,161030,000000005102,1,5.49,5.49,0.00,0.00,S,,,USD,CC
70001137,02305,06,1,20250227,203420,000000020201,1,5.49,5.49,0.00,0.00,S,,,USD,GC
70001137,02305,06,2,20250227,203420,000000031102,0.951,19.99,19.01,0.00,0.00,S,,,USD,GC
70001138,02305,03,1,20250227,131016,000000551021,1,11.99,11.99,0.00,0.75,S,6055107620,,USD,DB
70001138,02305,03,2,20250227,131016,000000005301,1,5.49,5.49,0.00,0.00,S,6055107620,,USD,DB
70001138,02305,03,3,20250227,131016,000000093402,1.571,3.29,5.17,0.00,0.00,S,6055107620,,USD,DB
70001139,02305,02,1,20250227,135222,000004493001,1,5.49,5.49,0.00,0.34,S,6096932591,,USD,GC
70001139,02305,02,2,20250227,135222,000000562002,1,8.49,8.49,0.00,0.53,S,6096932591,,USD,GC
70001139,02305,02,3,20250227,135222,000000005202,3,5.99,17.97,0.00,0.00,S,6096932591,,USD,GC
70001139,02305,02,4,20250227,135222,000000561002,1,7.49,7.49,0.00,0.47,S,6096932591,,USD,GC
70001140,02305,03,1,20250227,120451,000000005012,3,3.99,11.97,3.99,0.00,S,,MB25W03,USD,GC
70001140,02305,03,2,20250227,120451,000000094101,1,3.99,3.99,0.00,0.00,S,,,USD,GC
70001140,02305,03,3,20250227,120451,000004473001,1,2.99,2.99,0.00,0.19,S,,,USD,GC
70001140,02305,03,4,20250227,120451,000004472001,2,3.99,7.98,3.99,0.25,S,,BG25W04,USD,GC
70001141,03050,04,1,20250227,112251,000000005013,1,3.89,3.89,0.00,0.00,S,,,USD,CS
70001142,03050,05,1,20250227,124739,000000094202,0.350,1.99,0.70,0.00,0.00,S,,,USD,CC
70001142,03050,05,2,20250227,124739,000000020103,1,4.99,4.99,0.00,0.00,S,,,USD,CC
70001142,03050,05,3,20250227,124739,000004472001,2,3.99,7.98,3.99,0.25,S,,BG25W04,USD,CC
70001142,03050,05,4,20250227,124739,000000030103,2,8.99,17.98,8.99,0.00,S,,BG25W04B,USD,CC
70001142,03050,05,5,20250227,124739,000000005202,1,5.99,5.99,0.00,0.00,S,,,USD,CC
70001143,03050,04,1,20250227,212623,000000020202,2,5.99,11.98,0.00,0.00,S,,,USD,DB
70001144,03050,04,1,20250227,164942,000000005012,1,3.99,3.99,0.00,0.00,S,,,USD,CS
70001145,03050,02,1,20250227,172949,000004481001,2,7.99,15.98,0.00,1.00,S,6076921053,,USD,DB
70001145,03050,02,2,20250227,172949,000004481001,1,7.99,7.99,0.00,0.50,S,6076921053,,USD,DB
70001145,03050,02,3,20250227,172949,000000020101,1,2.49,2.49,0.00,0.00,S,6076921053,,USD,DB
70001145,03050,02,4,20250227,172949,000000040101,0.558,18.99,10.60,0.00,0.00,S,6076921053,,USD,DB
70001146,00317,02,1,20250227,71535,000004492002,1,1.99,1.99,0.00,0.12,S,,,CAD,CS
70001146,00317,02,2,20250227,71535,000000030101,1,9.49,9.49,0.00,0.00,S,,,CAD,CS
70001146,00317,02,3,20250227,71535,000004472003,2,4.49,8.98,0.00,0.56,S,,,CAD,CS
70001147,00317,06,1,20250227,84347,000000005302,3,4.69,14.07,0.00,0.00,S,,,CAD,GC
70001147,00317,06,2,20250227,84347,000000005020,1,6.09,6.09,0.00,0.00,S,,,CAD,GC
70001147,00317,06,3,20250227,84347,000000094201,1.290,2.29,2.95,0.00,0.00,S,,,CAD,GC
70001147,00317,06,4,20250227,84347,000000030203,2,11.49,22.98,0.00,0.00,S,,,CAD,GC
70001148,00317,02,1,20250227,172759,000000030201,1,13.59,13.59,0.00,0.00,R,6057759017,,CAD,DB
70001149,01042,04,1,20250228,202801,000000093501,1,4.49,4.49,0.00,0.00,S,,,USD,CC
70001149,01042,04,2,20250228,202801,000000093402,1.537,3.29,5.06,0.00,0.00,S,,,USD,CC
70001150,01042,06,1,20250228,215844,000000561001,2,9.99,19.98,9.99,0.62,S,,BG25W04B,USD,DB
70001150,01042,06,2,20250228,215844,000000031102,1.954,19.99,39.06,0.00,0.00,S,,,USD,DB
70001151,01042,02,1,20250228,145018,000000005012,3,3.99,11.97,3.99,0.00,S,6036820506,MB25W03,USD,CS
70001152,01042,04,1,20250228,81354,000004481001,1,7.99,7.99,0.00,0.50,S,,,USD,CC
70001152,01042,04,2,20250228,81354,000004471023,1,3.49,3.49,0.00,0.22,S,,,USD,CC
70001152,01042,04,3,20250228,81354,000000551020,1,13.99,13.99,0.00,0.87,S,,,USD,CC
70001152,01042,04,4,20250228,81354,000000005013,1,3.89,3.89,0.00,0.00,S,,,USD,CC
70001153,01042,06,1,20250228,91319,000000030103,2,8.99,17.98,8.99,0.00,S,,BG25W04B,USD,CC
70001153,01042,06,2,20250228,91319,000000562001,3,10.99,32.97,10.99,1.37,S,,MB25W03,USD,CC
70001153,01042,06,3,20250228,91319,000004472001,1,3.99,3.99,0.00,0.25,S,,,USD,CC
70001154,01042,06,1,20250228,81853,000000040101,1.109,18.99,21.06,0.00,0.00,S,6080589113,,USD,CC
70001154,01042,06,2,20250228,81853,000000040101,2.146,18.99,40.75,0.00,0.00,S,6080589113,,USD,CC
70001154,01042,06,3,20250228,81853,000000094101,1,3.99,3.99,0.00,0.00,S,6080589113,,USD,CC
70001154,01042,06,4,20250228,81853,000000562001,3,10.99,32.97,10.99,1.37,S,6080589113,MB25W03,USD,CC
70001154,01042,06,5,20250228,81853,000000020202,1,5.99,5.99,0.00,0.00,S,6080589113,,USD,CC
70001154,01042,06,6,20250228,81853,000000551020,2,13.99,27.98,0.00,1.75,S,6080589113,,USD,CC
70001155,01042,01,1,20250228,193128,000000005103,2,6.99,13.98,0.00,0.00,S,,,USD,CS
70001155,01042,01,2,20250228,193128,000004472003,1,3.29,3.29,0.00,0.21,S,,,USD,CS
70001155,01042,01,3,20250228,193128,000000552002,1,3.99,3.99,0.00,0.25,S,,,USD,CS
70001155,01042,01,4,20250228,193128,000000562002,1,8.49,8.49,0.00,0.53,S,,,USD,CS
70001156,01042,06,1,20250228,114035,000000040201,1,8.99,8.99,0.00,0.00,S,6083258238,,USD,DB
70001156,01042,06,2,20250228,114035,000000561001,1,9.99,9.99,0.00,0.62,S,6083258238,,USD,DB
70001156,01042,06,3,20250228,114035,000000030201,1,9.99,9.99,0.00,0.00,S,6083258238,,USD,DB
70001157,01042,06,1,20250228,124847,000000030203,2,8.49,16.98,0.00,0.00,S,,,USD,CS
70001157,01042,06,2,20250228,124847,000004473003,1,3.49,3.49,0.00,0.22,S,,,USD,CS
70001157,01042,06,3,20250228,124847,000000030202,2,11.49,22.98,0.00,0.00,S,,,USD,CS
70001157,01042,06,4,20250228,124847,000000005012,3,3.99,11.97,3.99,0.00,S,,MB25W03,USD,CS
70001158,01042,03,1,20250228,193437,000004471023,1,3.49,3.49,0.00,0.22,S,6035365419,,USD,GC
70001158,01042,03,2,20250228,193437,000000020103,1,4.99,4.99,0.00,0.00,S,6035365419,,USD,GC
70001158,01042,03,3,20250228,193437,000000005013,2,3.89,7.78,0.00,0.00,S,6035365419,,USD,GC
70001158,01042,03,4,20250228,193437,000000040202,1,14.99,14.99,0.00,0.00,S,6035365419,,USD,GC
70001158,01042,03,5,20250228,193437,000000020102,1,3.49,3.49,0.00,0.00,S,6035365419,,USD,GC
70001158,01042,03,6,20250228,193437,000000040102,0.260,16.99,4.42,0.00,0.00,S,6035365419,,USD,GC
70001159,01042,04,1,20250228,80324,000000005102,1,5.49,5.49,0.00,0.00,S,,,USD,GC
70001160,01042,02,1,20250228,94802,000000093401,0.732,5.49,4.02,0.00,0.00,S,6045465535,,USD,DB
70001160,01042,02,2,20250228,94802,000000040201,1,8.99,8.99,0.00,0.00,S,6045465535,,USD,DB
70001160,01042,02,3,20250228,94802,000004491001,1,2.49,2.49,0.00,0.16,S,6045465535,,USD,DB
70001161,01107,02,1,20250228,145017,000000005101,1,7.99,7.99,0.00,0.00,S,6041176741,,USD,CC
70001161,01107,02,2,20250228,145017,000000005012,2,3.99,7.98,0.00,0.00,S,6041176741,,USD,CC
70001161,01107,02,3,20250228,145017,000000040102,1.002,16.99,17.02,0.00,0.00,S,6041176741,,USD,CC
70001161,01107,02,4,20250228,145017,000000040202,2,14.99,29.98,0.00,0.00,S,6041176741,,USD,CC
70001162,01107,05,1,20250228,104829,000004492003,1,2.29,2.29,0.00,0.14,S,,,USD,CS
70001162,01107,05,2,20250228,104829,000004482002,3,17.99,53.97,17.99,2.25,S,,MB25W03,USD,CS
70001163,01107,04,1,20250228,121703,000004482001,1,13.99,13.99,0.00,0.87,S,,,USD,CC
70001163,01107,04,2,20250228,121703,000000005020,1,4.49,4.49,0.00,0.00,S,,,USD,CC
70001164,01107,06,1,20250228,152557,000004482003,1,5.49,5.49,0.00,0.34,S,6047226408,,USD,CC
70001164,01107,06,2,20250228,152557,000000552002,1,3.99,3.99,0.00,0.25,S,6047226408,,USD,CC
70001165,01107,05,1,20250228,211144,000000093502,2,3.99,7.98,0.00,0.00,S,,,USD,DB
70001165,01107,05,2,20250228,211144,000000005301,1,5.49,5.49,0.00,0.00,S,,,USD,DB
70001165,01107,05,3,20250228,211144,000000020101,2,2.49,4.98,0.00,0.00,S,,,USD,DB
70001165,01107,05,4,20250228,211144,000000094203,1.626,1.49,2.42,0.00,0.00,S,,,USD,DB
70001166,02210,06,1,20250228,105422,000004481003,1,4.99,4.99,0.00,0.31,S,6048463122,,USD,CC
70001166,02210,06,2,20250228,105422,000000094201,2.108,1.69,3.56,0.00,0.00,S,6048463122,,USD,CC
70001166,02210,06,3,20250228,105422,000000005012,3,3.99,11.97,3.99,0.00,S,6048463122,MB25W03,USD,CC
70001167,02210,02,1,20250228,81636,000000040203,1,11.99,11.99,0.00,0.00,S,6063370502,,USD,GC
70001167,02210,02,2,20250228,81636,000000093410,1.180,3.99,4.71,0.00,0.00,S,6063370502,,USD,GC
70001167,02210,02,3,20250228,81636,000000094203,1.329,1.49,1.98,0.00,0.00,S,6063370502,,USD,GC
70001167,02210,02,4,20250228,81636,000000094202,1.888,1.99,3.76,0.00,0.00,S,6063370502,,USD,GC
70001167,02210,02,5,20250228,81636,000000093503,2,4.29,8.58,4.29,0.00,S,6063370502,BG25W04B,USD,GC
70001168,02210,03,1,20250228,95947,000004473001,1,2.99,2.99,0.00,0.19,S,,,USD,CC
70001168,02210,03,2,20250228,95947,000000031102,1.768,19.99,35.34,0.00,0.00,S,,,USD,CC
70001169,02210,02,1,20250228,110750,000000005020,1,4.49,4.49,0.00,0.00,S,6044294440,,USD,GC
70001170,02210,04,1,20250228,145521,000004473001,1,2.99,2.99,0.00,0.19,S,,,USD,CS
70001170,02210,04,2,20250228,145521,000000094201,0.780,1.69,1.32,0.00,0.00,S,,,USD,CS
70001170,02210,04,3,20250228,145521,000004481001,1,7.99,7.99,0.00,0.50,S,,,USD,CS
70001170,02210,04,4,20250228,145521,000000020203,1,6.49,6.49,0.00,0.00,S,,,USD,CS
70001171,02210,03,1,20250228,74404,000000094201,1.231,1.69,2.08,0.00,0.00,S,6005973642,,USD,DB
70001171,02210,03,2,20250228,74404,000004491002,1,6.99,6.99,0.00,0.44,S,6005973642,,USD,DB
70001171,02210,03,3,20250228,74404,000000005013,1,3.89,3.89,0.00,0.00,S,6005973642,,USD,DB
70001172,02210,06,1,20250228,215845,000004483001,1,4.99,4.99,0.00,0.31,S,,,USD,DB
70001172,02210,06,2,20250228,215845,000004492001,1,1.79,1.79,0.00,0.11,S,,,USD,DB
70001173,02210,03,1,20250228,150626,000004491001,2,2.49,4.98,0.00,0.31,S,,,USD,CS
70001173,02210,03,2,20250228,150626,000000552001,1,4.49,4.49,0.00,0.28,S,,,USD,CS
70001173,02210,03,3,20250228,150626,000004493001,2,5.49,10.98,0.00,0.69,S,,,USD,CS
70001173,02210,03,4,20250228,150626,000000031102,1.702,19.99,34.02,0.00,0.00,S,,,USD,CS
70001173,02210,03,5,20250228,150626,000000094102,1,3.49,3.49,0.00,0.00,S,,,USD,CS
70001174,02210,06,1,20250228,152159,000000030103,2,8.99,17.98,8.99,0.00,S,6026265826,BG25W04B,USD,CC
70001175,02211,03,1,20250228,212627,000000005020,1,4.49,4.49,0.00,0.00,S,6013578529,,USD,CC
70001175,02211,03,2,20250228,212627,000000561001,3,9.99,29.97,9.99,1.25,S,6013578529,BG25W04B,USD,CC
70001176,02211,06,1,20250228,153157,000000040203,1,11.99,11.99,0.00,0.00,S,,,USD,CC
70001176,02211,06,2,20250228,153157,000004482003,2,5.49,10.98,5.49,0.34,S,,BG25W04,USD,CC
70001176,02211,06,3,20250228,153157,000000005103,1,6.99,6.99,0.00,0.00,S,,,USD,CC
70001176,02211,06,4,20250228,153157,000004482001,1,13.99,13.99,0.00,0.87,S,,,USD,CC
70001177,02211,04,1,20250228,202621,000004473002,1,2.79,2.79,0.00,0.17,S,6021965652,,USD,GC
70001177,02211,04,2,20250228,202621,000000005301,1,5.49,5.49,0.00,0.00,S,6021965652,,USD,GC
70001177,02211,04,3,20250228,202621,000000005301,1,5.49,5.49,0.00,0.00,S,6021965652,,USD,GC
70001177,02211,04,4,20250228,202621,000000005301,1,5.49,5.49,0.00,0.00,S,6021965652,,USD,GC
70001177,02211,04,5,20250228,202621,000004483002,1,3.49,3.49,0.00,0.22,S,6021965652,,USD,GC
70001177,02211,04,6,20250228,202621,000000094103,1,3.79,3.79,0.00,0.00,S,6021965652,,USD,GC
70001178,02305,02,1,20250228,81038,000000094202,0.358,1.99,0.71,0.00,0.00,S,6060045212,,USD,GC
70001178,02305,02,2,20250228,81038,000004481003,1,4.99,4.99,0.00,0.31,S,6060045212,,USD,GC
70001178,02305,02,3,20250228,81038,000000040102,1.529,16.99,25.98,0.00,0.00,S,6060045212,,USD,GC
70001178,02305,02,4,20250228,81038,000000031101,0.599,24.99,14.97,0.00,0.00,S,6060045212,,USD,GC
70001178,02305,02,5,20250228,81038,000000094302,0.472,5.49,2.59,0.00,0.00,S,6060045212,,USD,GC
70001179,02305,05,1,20250228,130550,000000005012,3,3.99,11.97,3.99,0.00,S,6037660144,MB25W03,USD,DB
70001180,02305,05,1,20250228,130338,000004492002,1,1.49,1.49,0.00,0.09,S,,,USD,DB
70001180,02305,05,2,20250228,130338,000000561001,2,9.99,19.98,9.99,0.62,S,,BG25W04B,USD,DB
70001181,02305,04,1,20250228,91008,000000040203,1,11.99,11.99,0.00,0.00,S,6012146147,,USD,DB
70001181,02305,04,2,20250228,91008,000000040201,1,8.99,8.99,0.00,0.00,S,6012146147,,USD,DB
70001181,02305,04,3,20250228,91008,000004473001,1,2.99,2.99,0.00,0.19,S,6012146147,,USD,DB
70001182,02305,03,1,20250228,174048,000000094301,1.345,4.39,5.90,0.00,0.00,S,,,USD,DB
70001182,02305,03,2,20250228,174048,000004492003,1,2.29,2.29,0.00,0.14,S,,,USD,DB
70001183,02305,01,1,20250228,102420,000004491002,1,6.99,6.99,0.00,0.44,S,6061994237,,USD,CC
70001183,02305,01,2,20250228,102420,000000040203,1,11.99,11.99,0.00,0.00,S,6061994237,,USD,CC
70001183,02305,01,3,20250228,102420,000004472003,1,3.29,3.29,0.00,0.21,S,6061994237,,USD,CC
70001183,02305,01,4,20250228,102420,000000094302,1.136,5.49,6.24,0.00,0.00,S,6061994237,,USD,CC
70001184,02305,03,1,20250228,130504,000000005201,1,3.99,3.99,0.00,0.00,S,,,USD,CC
70001184,02305,03,2,20250228,130504,000000561001,2,9.99,19.98,9.99,0.62,S,,BG25W04B,USD,CC
70001184,02305,03,3,20250228,130504,000000040102,2.080,16.99,35.34,0.00,0.00,S,,,USD,CC
70001185,02305,04,1,20250228,113110,000000094103,1,3.79,3.79,0.00,0.00,S,6028397620,,USD,CS
70001185,02305,04,2,20250228,113110,000000551021,1,11.99,11.99,0.00,0.75,S,6028397620,,USD,CS
70001185,02305,04,3,20250228,113110,000000094101,1,3.99,3.99,0.00,0.00,S,6028397620,,USD,CS
70001185,02305,04,4,20250228,113110,000004482002,1,17.99,17.99,0.00,1.12,S,6028397620,,USD,CS
70001186,02305,06,1,20250228,150843,000004491001,1,2.49,2.49,0.00,0.16,S,,,USD,CS
70001186,02305,06,2,20250228,150843,000000093322,1.034,1.99,2.06,0.00,0.00,S,,,USD,CS
70001186,02305,06,3,20250228,150843,000000094201,1.423,1.69,2.40,0.00,0.00,S,,,USD,CS
70001186,02305,06,4,20250228,150843,000000093321,1.911,1.49,2.85,0.00,0.00,S,,,USD,CS
70001187,02305,05,1,20250228,180407,000000005102,1,5.49,5.49,0.00,0.00,S,,,USD,CS
70001187,02305,05,2,20250228,180407,000000020102,2,3.49,6.98,0.00,0.00,S,,,USD,CS
70001187,02305,05,3,20250228,180407,000000030101,2,6.99,13.98,0.00,0.00,S,,,USD,CS
70001187,02305,05,4,20250228,180407,000000094201,0.344,1.69,0.58,0.00,0.00,S,,,USD,CS
70001187,02305,05,5,20250228,180407,000000040203,1,11.99,11.99,0.00,0.00,S,,,USD,CS
70001188,03050,05,1,20250228,185756,000004493002,1,3.99,3.99,0.00,0.25,S,6061213773,,USD,CC
70001188,03050,05,2,20250228,185756,000000005101,2,7.99,15.98,0.00,0.00,S,6061213773,,USD,CC
70001188,03050,05,3,20250228,185756,000000551020,2,13.99,27.98,0.00,1.75,S,6061213773,,USD,CC
70001188,03050,05,4,20250228,185756,000004493001,3,5.49,16.47,0.00,1.03,S,6061213773,,USD,CC
70001188,03050,05,5,20250228,185756,000004491003,1,1.99,1.99,0.00,0.12,S,6061213773,,USD,CC
70001188,03050,05,6,20250228,185756,000000094103,1,3.79,3.79,0.00,0.00,S,6061213773,,USD,CC
70001189,03050,05,1,20250228,141307,000004492001,2,1.79,3.58,0.00,0.22,S,,,USD,CC
70001189,03050,05,2,20250228,141307,000000020203,1,6.49,6.49,0.00,0.00,S,,,USD,CC
70001189,03050,05,3,20250228,141307,000004492002,1,1.49,1.49,0.00,0.09,S,,,USD,CC
70001189,03050,05,4,20250228,141307,000004472001,2,3.99,7.98,3.99,0.25,S,,BG25W04,USD,CC
70001190,03050,06,1,20250228,143545,000000093501,1,4.49,4.49,0.00,0.00,S,,,USD,CS
70001190,03050,06,2,20250228,143545,000004493001,1,5.49,5.49,0.00,0.34,S,,,USD,CS
70001190,03050,06,3,20250228,143545,000000020102,1,3.49,3.49,0.00,0.00,S,,,USD,CS
70001190,03050,06,4,20250228,143545,000000030101,1,6.99,6.99,0.00,0.00,S,,,USD,CS
70001190,03050,06,5,20250228,143545,000000005201,1,3.99,3.99,0.00,0.00,S,,,USD,CS
70001191,03050,04,1,20250228,74306,000000005020,2,4.49,8.98,0.00,0.00,S,,,USD,DB
70001191,03050,04,2,20250228,74306,000000093322,0.691,1.99,1.38,0.00,0.00,S,,,USD,DB
70001191,03050,04,3,20250228,74306,000000005012,1,3.99,3.99,0.00,0.00,S,,,USD,DB
70001191,03050,04,4,20250228,74306,000000562002,1,8.49,8.49,0.00,0.53,S,,,USD,DB
70001192,03050,02,1,20250228,105738,000004482001,1,13.99,13.99,0.00,0.87,S,,,USD,CC
70001192,03050,02,2,20250228,105738,000000040201,1,8.99,8.99,0.00,0.00,S,,,USD,CC
70001192,03050,02,3,20250228,105738,000000030202,1,11.49,11.49,0.00,0.00,S,,,USD,CC
70001192,03050,02,4,20250228,105738,000000031102,1.260,19.99,25.19,0.00,0.00,S,,,USD,CC
70001192,03050,02,5,20250228,105738,000000040202,2,14.99,29.98,0.00,0.00,S,,,USD,CC
70001193,03050,06,1,20250228,162228,000000005012,3,3.99,11.97,3.99,0.00,S,,MB25W03,USD,CC
70001193,03050,06,2,20250228,162228,000004472001,2,3.99,7.98,3.99,0.25,S,,BG25W04,USD,CC
70001193,03050,06,3,20250228,162228,000004493002,2,3.99,7.98,3.99,0.25,S,,BG25W04,USD,CC
70001194,03050,05,1,20250228,214035,000004491002,1,6.99,6.99,0.00,0.44,S,6015273230,,USD,CC
70001194,03050,05,2,20250228,214035,000000031102,1.878,19.99,37.54,0.00,0.00,S,6015273230,,USD,CC
70001194,03050,05,3,20250228,214035,000004491003,1,1.99,1.99,0.00,0.12,S,6015273230,,USD,CC
70001195,00317,02,1,20250228,71923,000000005020,2,6.09,12.18,0.00,0.00,S,6062961943,,CAD,DB
70001195,00317,02,2,20250228,71923,000000093501,1,6.09,6.09,0.00,0.00,S,6062961943,,CAD,DB
70001196,00317,04,1,20250228,133824,000004491002,1,9.49,9.49,0.00,0.59,S,,,CAD,CS
70001196,00317,04,2,20250228,133824,000000093401,2.102,7.49,15.74,0.00,0.00,S,,,CAD,CS
70001196,00317,04,3,20250228,133824,000004472001,1,5.39,5.39,0.00,0.34,S,,,CAD,CS
70001196,00317,04,4,20250228,133824,000004492050,2,2.99,5.98,0.00,0.37,S,,,CAD,CS
70001196,00317,04,5,20250228,133824,000004493002,2,5.39,10.78,5.39,0.34,S,,BG25W04,CAD,CS
70001197,00317,04,1,20250228,183318,000000093401,0.738,7.49,5.53,0.00,0.00,S,6088191485,,CAD,CC
70001198,00317,05,1,20250228,71929,000000005103,1,9.49,9.49,0.00,0.00,S,,,CAD,DB
70001198,00317,05,2,20250228,71929,000000020203,1,8.79,8.79,0.00,0.00,S,,,CAD,DB
70001198,00317,05,3,20250228,71929,000000030102,1,20.39,20.39,0.00,0.00,S,,,CAD,DB
70001199,00317,05,1,20250228,114800,000000005020,1,6.09,6.09,0.00,0.00,S,6096883275,,CAD,GC
70001200,00317,01,1,20250228,162915,000000561001,2,13.59,27.18,13.59,0.85,S,,BG25W04B,CAD,CS
70001201,00317,02,1,20250228,173610,000004493002,1,5.39,5.39,0.00,0.34,S,,,CAD,DB
70001201,00317,02,2,20250228,173610,000004492002,1,1.99,1.99,0.00,0.12,S,,,CAD,DB
70001201,00317,02,3,20250228,173610,000000030203,1,11.49,11.49,0.00,0.00,S,,,CAD,DB
70001202,00317,05,1,20250228,190435,000000093410,1.618,5.39,8.72,0.00,0.00,S,,,CAD,CC
70001202,00317,05,2,20250228,190435,000004472003,1,4.49,4.49,0.00,0.28,S,,,CAD,CC
70001202,00317,05,3,20250228,190435,000000005013,1,5.29,5.29,0.00,0.00,S,,,CAD,CC
70001202,00317,05,4,20250228,190435,000000094302,2.071,7.49,15.51,0.00,0.00,S,,,CAD,CC
70001203,00317,01,1,20250228,195826,000000005302,1,4.69,4.69,0.00,0.00,S,,,CAD,DB
70001203,00317,01,2,20250228,195826,000000005202,1,8.09,8.09,0.00,0.00,S,,,CAD,DB
70001203,00317,01,3,20250228,195826,000004482002,1,24.49,24.49,0.00,1.53,S,,,CAD,DB
70001203,00317,01,4,20250228,195826,000004471030,1,5.39,5.39,0.00,0.34,S,,,CAD,DB
70001203,00317,01,5,20250228,195826,000004483001,1,6.79,6.79,0.00,0.42,S,,,CAD,DB
70001203,00317,01,6,20250228,195826,000004472050,1,5.39,5.39,0.00,0.34,S,,,CAD,DB
70001204,00317,01,1,20250228,171158,000000093402,0.667,4.49,2.99,0.00,0.00,S,6005800851,,CAD,DB
70001204,00317,01,2,20250228,171158,000000005101,1,10.89,10.89,0.00,0.00,S,6005800851,,CAD,DB
70001204,00317,01,3,20250228,171158,000000020203,1,8.79,8.79,0.00,0.00,S,6005800851,,CAD,DB
70001205,00317,03,1,20250228,171438,000004482003,1,7.49,7.49,0.00,0.47,S,,,CAD,GC
70001205,00317,03,2,20250228,171438,000004471023,1,4.69,4.69,0.00,0.29,S,,,CAD,GC
70001205,00317,03,3,20250228,171438,000004471023,1,4.69,4.69,0.00,0.29,S,,,CAD,GC
70001206,00317,02,1,20250228,142525,000000093503,2,5.79,11.58,5.79,0.00,S,,BG25W04B,CAD,CC
