TRX_ID,STR_NBR,REG_NBR,LN_NBR,TRX_DT,TRX_TM,ITM_ID,QTY,UNIT_PRC,EXT_AMT,DISC_AMT,TAX_AMT,TRX_TYP,LYL_CARD_NBR,PROMO_CD,CRNCY_CD,TNDR_CD
70026833,01042,04,1,20260601,181335,000000562002,1,8.49,8.49,0.00,0.53,S,,,USD,GC
70026833,01042,04,2,20260601,181335,000000005020,1,4.49,4.49,0.00,0.00,S,,,USD,GC
70026834,01042,01,1,20260601,133102,000004493002,1,3.99,3.99,0.00,0.25,S,,,USD,CC
70026835,01042,06,1,20260601,75217,000000094201,1.062,1.69,1.79,0.00,0.00,S,6037183764,,USD,DB
70026836,01042,05,1,20260601,170352,000000005302,1,3.49,3.49,0.00,0.00,S,6080589113,,USD,DB
70026836,01042,05,2,20260601,170352,000000020201,1,5.49,5.49,0.00,0.00,S,6080589113,,USD,DB
70026836,01042,05,3,20260601,170352,000000040201,1,8.99,8.99,0.00,0.00,S,6080589113,,USD,DB
70026836,01042,05,4,20260601,170352,000000093503,1,4.29,4.29,0.00,0.00,S,6080589113,,USD,DB
70026837,01042,01,1,20260601,195005,000000030102,1,14.99,14.99,0.00,0.00,S,6076504715,,USD,DB
70026837,01042,01,2,20260601,195005,000004483002,1,3.49,3.49,0.52,0.19,S,6076504715,LY26W18,USD,DB
70026837,01042,01,3,20260601,195005,000000094203,1.221,1.49,1.82,0.00,0.00,S,6076504715,,USD,DB
70026837,01042,01,4,20260601,195005,000004493002,2,3.99,7.98,0.00,0.50,S,6076504715,,USD,DB
70026837,01042,01,5,20260601,195005,000000005013,2,3.89,7.78,0.00,0.00,S,6076504715,,USD,DB
70026837,01042,01,6,20260601,195005,000000040201,1,8.99,8.99,0.00,0.00,S,6076504715,,USD,DB
70026838,01042,02,1,20260601,141056,000000020103,1,4.99,4.99,0.00,0.00,S,6026620157,,USD,DB
70026838,01042,02,2,20260601,141056,000000030102,2,14.99,29.98,0.00,0.00,S,6026620157,,USD,DB
70026839,01042,06,1,20260601,135923,000000020201,1,5.49,5.49,0.00,0.00,S,,,USD,GC
70026839,01042,06,2,20260601,135923,000000551021,1,11.99,11.99,0.00,0.75,S,,,USD,GC
70026840,01042,06,1,20260601,142706,000000552002,1,3.99,3.99,0.00,0.25,S,6043553795,,USD,GC
70026840,01042,06,2,20260601,142706,000004472002,1,4.49,4.49,0.00,0.28,S,6043553795,,USD,GC
70026840,01042,06,3,20260601,142706,000000551020,1,13.99,13.99,0.00,0.87,S,6043553795,,USD,GC
70026840,01042,06,4,20260601,142706,000000005103,1,6.99,6.99,1.05,0.00,S,6043553795,LY26W18,USD,GC
70026840,01042,06,5,20260601,142706,000004482001,1,13.99,13.99,0.00,0.87,S,6043553795,,USD,GC
70026840,01042,06,6,20260601,142706,000000005103,1,6.99,6.99,1.05,0.00,S,6043553795,LY26W18,USD,GC
70026841,01107,01,1,20260601,211836,000000040101,1.470,18.99,27.92,0.00,0.00,S,,,USD,CC
70026841,01107,01,2,20260601,211836,000000005013,2,3.89,7.78,0.00,0.00,S,,,USD,CC
70026841,01107,01,3,20260601,211836,000004493002,1,3.99,3.99,0.00,0.25,S,,,USD,CC
70026841,01107,01,4,20260601,211836,000000093501,2,4.49,8.98,0.00,0.00,S,,,USD,CC
70026842,01107,06,1,20260601,92707,000000020202,3,5.99,17.97,0.00,0.00,S,6033613285,,USD,DB
70026842,01107,06,2,20260601,92707,000000551021,1,11.99,11.99,0.00,0.75,S,6033613285,,USD,DB
70026843,01107,06,1,20260601,155932,000004491001,2,2.49,4.98,0.00,0.31,S,,,USD,GC
70026843,01107,06,2,20260601,155932,000004481003,1,4.99,4.99,0.00,0.31,S,,,USD,GC
70026843,01107,06,3,20260601,155932,000004491001,1,2.49,2.49,0.00,0.16,S,,,USD,GC
70026843,01107,06,4,20260601,155932,000004483002,1,3.49,3.49,0.00,0.22,S,,,USD,GC
70026843,01107,06,5,20260601,155932,000000093325,2.088,3.99,8.33,0.00,0.00,S,,,USD,GC
70026844,01107,01,1,20260601,124018,000000005101,1,7.99,7.99,0.00,0.00,S,,,USD,GC
70026845,01107,06,1,20260601,200514,000004492003,1,2.29,2.29,0.00,0.14,S,6089899217,,USD,GC
70026845,01107,06,2,20260601,200514,000000094103,3,3.79,11.37,0.00,0.00,S,6089899217,,USD,GC
70026845,01107,06,3,20260601,200514,000000005012,1,3.99,3.99,0.00,0.00,S,6089899217,,USD,GC
70026846,01107,05,1,20260601,174104,000004472003,3,3.29,9.87,0.00,0.62,S,,,USD,CC
70026846,01107,05,2,20260601,174104,000000040101,0.929,18.99,17.64,0.00,0.00,S,,,USD,CC
70026846,01107,05,3,20260601,174104,000004492002,1,1.49,1.49,0.00,0.09,S,,,USD,CC
70026846,01107,05,4,20260601,174104,000000040101,1.204,18.99,22.86,0.00,0.00,S,,,USD,CC
70026846,01107,05,5,20260601,174104,000004482001,1,13.99,13.99,0.00,0.87,S,,,USD,CC
70026847,01107,03,1,20260601,185516,000004492002,2,1.49,2.98,0.00,0.19,S,,,USD,CS
70026847,01107,03,2,20260601,185516,000000005013,1,3.89,3.89,0.00,0.00,S,,,USD,CS
70026848,02210,01,1,20260601,204042,000000020102,1,3.49,3.49,0.00,0.00,S,6011231261,,USD,CC
70026848,02210,01,2,20260601,204042,000000094203,0.814,1.49,1.21,0.00,0.00,S,6011231261,,USD,CC
70026848,02210,01,3,20260601,204042,000004473002,2,2.79,5.58,0.84,0.30,S,6011231261,LY26W18,USD,CC
70026848,02210,01,4,20260601,204042,000000093402,0.920,3.29,3.03,0.00,0.00,S,6011231261,,USD,CC
70026848,02210,01,5,20260601,204042,000000031102,0.571,19.99,11.41,1.71,0.00,S,6011231261,LY26W18,USD,CC
70026849,02210,02,1,20260601,210401,000004471030,1,3.99,3.99,0.00,0.25,S,,,USD,DB
70026849,02210,02,2,20260601,210401,000000094203,0.516,1.49,0.77,0.00,0.00,S,,,USD,DB
70026850,02210,03,1,20260601,75241,000004491002,1,6.99,6.99,0.00,0.44,S,,,USD,DB
70026850,02210,03,2,20260601,75241,000000094301,0.933,4.39,4.10,0.00,0.00,S,,,USD,DB
70026850,02210,03,3,20260601,75241,000000561001,3,9.99,29.97,0.00,1.87,S,,,USD,DB
70026850,02210,03,4,20260601,75241,000000005020,1,4.49,4.49,0.00,0.00,S,,,USD,DB
70026850,02210,03,5,20260601,75241,000000005012,1,3.99,3.99,0.00,0.00,S,,,USD,DB
70026851,02210,01,1,20260601,193836,000000005103,1,6.99,6.99,0.00,0.00,R,6060302992,,USD,DB
70026852,02210,01,1,20260601,194014,000000005020,2,4.49,8.98,0.00,0.00,S,,,USD,DB
70026852,02210,01,2,20260601,194014,000000551020,3,13.99,41.97,0.00,2.62,S,,,USD,DB
70026852,02210,01,3,20260601,194014,000004483002,2,3.49,6.98,0.00,0.44,S,,,USD,DB
70026852,02210,01,4,20260601,194014,000000562001,1,10.99,10.99,0.00,0.69,S,,,USD,DB
70026853,02210,06,1,20260601,182315,000000005102,1,5.49,5.49,0.00,0.00,S,,,USD,DB
70026854,02210,03,1,20260601,83254,000000005301,2,5.49,10.98,0.00,0.00,S,,,USD,DB
70026854,02210,03,2,20260601,83254,000000020102,1,3.49,3.49,0.00,0.00,S,,,USD,DB
70026855,02210,06,1,20260601,95201,000000094101,1,3.99,3.99,0.00,0.00,S,6005673030,,USD,GC
70026855,02210,06,2,20260601,95201,000000040102,2.195,16.99,37.29,0.00,0.00,S,6005673030,,USD,GC
70026855,02210,06,3,20260601,95201,000004491002,1,6.99,6.99,0.00,0.44,S,6005673030,,USD,GC
70026855,02210,06,4,20260601,95201,000004491003,1,1.99,1.99,0.00,0.12,S,6005673030,,USD,GC
70026855,02210,06,5,20260601,95201,000004482001,1,13.99,13.99,0.00,0.87,S,6005673030,,USD,GC
70026856,02305,03,1,20260601,131111,000004481003,1,4.99,4.99,0.00,0.31,S,,,USD,GC
70026857,02305,06,1,20260601,133336,000000093502,1,3.99,3.99,0.00,0.00,S,,,USD,CC
70026857,02305,06,2,20260601,133336,000004491001,1,2.49,2.49,0.00,0.16,S,,,USD,CC
70026858,02305,02,1,20260601,192429,000000030201,1,9.99,9.99,0.00,0.00,S,6003579727,,USD,DB
70026858,02305,02,2,20260601,192429,000004491003,1,1.99,1.99,0.00,0.12,S,6003579727,,USD,DB
70026858,02305,02,3,20260601,192429,000004472002,1,4.49,4.49,0.00,0.28,S,6003579727,,USD,DB
70026858,02305,02,4,20260601,192429,000004491001,1,2.49,2.49,0.00,0.16,S,6003579727,,USD,DB
70026858,02305,02,5,20260601,192429,000000040203,3,11.99,35.97,0.00,0.00,S,6003579727,,USD,DB
70026859,02305,03,1,20260601,201421,000000094301,1.523,4.39,6.69,0.00,0.00,S,,,USD,GC
70026859,02305,03,2,20260601,201421,000000093322,1.043,1.99,2.08,0.00,0.00,S,,,USD,GC
70026859,02305,03,3,20260601,201421,000004472001,3,3.99,11.97,0.00,0.75,S,,,USD,GC
70026860,02305,02,1,20260601,200645,000000561001,2,9.99,19.98,0.00,1.25,S,,,USD,DB
70026860,02305,02,2,20260601,200645,000000005013,1,3.89,3.89,0.00,0.00,S,,,USD,DB
70026860,02305,02,3,20260601,200645,000004471030,3,3.99,11.97,0.00,0.75,S,,,USD,DB
70026861,02305,03,1,20260601,201513,000000005103,1,6.99,6.99,0.00,0.00,S,,,USD,DB
70026861,02305,03,2,20260601,201513,000004472001,2,3.99,7.98,0.00,0.50,S,,,USD,DB
70026861,02305,03,3,20260601,201513,000000093410,1.729,3.99,6.90,0.00,0.00,S,,,USD,DB
70026861,02305,03,4,20260601,201513,000004482003,1,5.49,5.49,0.00,0.34,S,,,USD,DB
70026862,03050,01,1,20260601,102633,000000020103,1,4.99,4.99,0.00,0.00,S,6053666144,,USD,DB
70026862,03050,01,2,20260601,102633,000000562001,1,10.99,10.99,0.00,0.69,S,6053666144,,USD,DB
70026862,03050,01,3,20260601,102633,000004473002,1,2.79,2.79,0.42,0.15,S,6053666144,LY26W18,USD,DB
70026862,03050,01,4,20260601,102633,000004482002,2,17.99,35.98,0.00,2.25,S,6053666144,,USD,DB
70026862,03050,01,5,20260601,102633,000004492003,2,2.29,4.58,0.00,0.29,S,6053666144,,USD,DB
70026862,03050,01,6,20260601,102633,000000020101,1,2.49,2.49,0.00,0.00,S,6053666144,,USD,DB
70026863,03050,05,1,20260601,90301,000004473002,1,2.79,2.79,0.42,0.15,S,6034084872,LY26W18,USD,GC
70026863,03050,05,2,20260601,90301,000004482002,1,17.99,17.99,0.00,1.12,S,6034084872,,USD,GC
70026863,03050,05,3,20260601,90301,000000040202,2,14.99,29.98,0.00,0.00,S,6034084872,,USD,GC
70026864,03050,04,1,20260601,171549,000000005102,1,5.49,5.49,0.00,0.00,S,,,USD,CS
70026864,03050,04,2,20260601,171549,000000040202,1,14.99,14.99,0.00,0.00,S,,,USD,CS
70026865,03050,04,1,20260601,172057,000004482001,1,13.99,13.99,0.00,0.87,S,,,USD,DB
70026865,03050,04,2,20260601,172057,000004473001,1,2.99,2.99,0.00,0.19,S,,,USD,DB
70026865,03050,04,3,20260601,172057,000004472003,1,3.29,3.29,0.00,0.21,S,,,USD,DB
70026866,03050,01,1,20260601,215455,000000005101,1,7.99,7.99,0.00,0.00,S,6023179556,,USD,GC
70026866,03050,01,2,20260601,215455,000004471030,1,3.99,3.99,0.00,0.25,S,6023179556,,USD,GC
70026866,03050,01,3,20260601,215455,000000005302,2,3.49,6.98,0.00,0.00,S,6023179556,,USD,GC
70026867,03050,04,1,20260601,205210,000000040203,1,11.99,11.99,0.00,0.00,S,,,USD,DB
70026867,03050,04,2,20260601,205210,000004473001,1,2.99,2.99,0.00,0.19,S,,,USD,DB
70026867,03050,04,3,20260601,205210,000000552001,1,4.49,4.49,0.00,0.28,S,,,USD,DB
70026867,03050,04,4,20260601,205210,000004492003,3,2.29,6.87,0.00,0.43,S,,,USD,DB
70026868,00317,01,1,20260601,103801,000000551020,2,18.99,37.98,0.00,2.37,S,6045018961,,CAD,GC
70026868,00317,01,2,20260601,103801,000004491002,1,9.49,9.49,0.00,0.59,S,6045018961,,CAD,GC
70026868,00317,01,3,20260601,103801,000000093410,1.909,5.39,10.29,1.54,0.00,S,6045018961,LY26W18,CAD,GC
70026868,00317,01,4,20260601,103801,000000020202,2,8.09,16.18,0.00,0.00,S,6045018961,,CAD,GC
70026868,00317,01,5,20260601,103801,000004482003,2,7.49,14.98,0.00,0.94,S,6045018961,,CAD,GC
70026869,00317,01,1,20260601,120621,000000093502,1,5.39,5.39,0.00,0.00,S,6074573144,,CAD,DB
70026869,00317,01,2,20260601,120621,000000040203,1,16.29,16.29,0.00,0.00,S,6074573144,,CAD,DB
70026869,00317,01,3,20260601,120621,000000561001,3,13.59,40.77,0.00,2.55,S,6074573144,,CAD,DB
70026869,00317,01,4,20260601,120621,000000005012,1,5.39,5.39,0.00,0.00,S,6074573144,,CAD,DB
70026870,00317,05,1,20260601,191229,000004472050,3,5.39,16.17,0.00,1.01,S,6060798487,,CAD,DB
70026870,00317,05,2,20260601,191229,000004471030,1,5.39,5.39,0.00,0.34,S,6060798487,,CAD,DB
70026871,00317,02,1,20260601,70937,000004492002,1,1.99,1.99,0.00,0.12,S,,,CAD,GC
70026871,00317,02,2,20260601,70937,000004492050,2,2.99,5.98,0.00,0.37,S,,,CAD,GC
70026872,00317,04,1,20260601,183936,000000094203,0.815,1.99,1.62,0.00,0.00,S,6014708272,,CAD,DB
70026872,00317,04,2,20260601,183936,000000005101,2,10.89,21.78,0.00,0.00,S,6014708272,,CAD,DB
70026872,00317,04,3,20260601,183936,000000562001,2,14.89,29.78,0.00,1.86,S,6014708272,,CAD,DB
70026873,00317,05,1,20260601,72355,000004492002,1,1.99,1.99,0.00,0.12,S,6005830033,,CAD,GC
70026873,00317,05,2,20260601,72355,000000030203,1,11.49,11.49,0.00,0.00,S,6005830033,,CAD,GC
70026873,00317,05,3,20260601,72355,000004472001,2,5.39,10.78,1.62,0.57,S,6005830033,LY26W18,CAD,GC
70026873,00317,05,4,20260601,72355,000000093321,1.354,1.99,2.69,0.00,0.00,S,6005830033,,CAD,GC
70026873,00317,05,5,20260601,72355,000000552002,1,5.39,5.39,0.00,0.34,S,6005830033,,CAD,GC
70026873,00317,05,6,20260601,72355,000000040101,1.230,25.79,31.72,0.00,0.00,S,6005830033,,CAD,GC
70026874,00317,06,1,20260601,195008,000000094301,0.935,5.99,5.60,0.00,0.00,S,6012490352,,CAD,DB
70026874,00317,06,2,20260601,195008,000000552002,1,5.39,5.39,0.00,0.34,S,6012490352,,CAD,DB
70026874,00317,06,3,20260601,195008,000000094103,2,5.19,10.38,0.00,0.00,S,6012490352,,CAD,DB
70026875,00317,02,1,20260601,95701,000004482002,1,24.49,24.49,0.00,1.53,S,6071240659,,CAD,GC
70026876,00322,05,1,20260601,144229,000004472050,2,5.39,10.78,0.00,0.67,S,,,CAD,GC
70026876,00322,05,2,20260601,144229,000004472003,1,4.49,4.49,0.00,0.28,S,,,CAD,GC
70026876,00322,05,3,20260601,144229,000004492001,1,2.39,2.39,0.00,0.15,S,,,CAD,GC
70026876,00322,05,4,20260601,144229,000004473002,2,3.79,7.58,0.00,0.47,S,,,CAD,GC
70026876,00322,05,5,20260601,144229,000004472001,1,5.39,5.39,0.00,0.34,S,,,CAD,GC
70026877,00322,03,1,20260601,202100,000000040102,1.879,23.09,43.39,0.00,0.00,S,6023478519,,CAD,DB
70026877,00322,03,2,20260601,202100,000004473002,1,3.79,3.79,0.57,0.20,S,6023478519,LY26W18,CAD,DB
70026878,00322,04,1,20260601,172628,000000005101,2,10.89,21.78,0.00,0.00,S,6007053496,,CAD,GC
70026879,00322,06,1,20260601,121226,000000030202,3,15.59,46.77,0.00,0.00,S,,,CAD,GC
70026880,00322,04,1,20260601,94551,000004491002,1,9.49,9.49,0.00,0.59,S,,,CAD,CS
70026880,00322,04,2,20260601,94551,000000040202,1,20.39,20.39,0.00,0.00,S,,,CAD,CS
70026880,00322,04,3,20260601,94551,000004483001,3,6.79,20.37,0.00,1.27,S,,,CAD,CS
70026880,00322,04,4,20260601,94551,000004471030,1,5.39,5.39,0.00,0.34,S,,,CAD,CS
70026881,00322,03,1,20260601,174816,000000020102,2,4.69,9.38,0.00,0.00,S,,,CAD,DB
70026881,00322,03,2,20260601,174816,000004492003,1,3.09,3.09,0.00,0.19,S,,,CAD,DB
70026882,00322,02,1,20260601,140909,000000005103,1,9.49,9.49,0.00,0.00,S,,,CAD,GC
70026883,01042,01,1,20260602,205854,000000005202,2,5.99,11.98,0.00,0.00,S,,,USD,CC
70026883,01042,01,2,20260602,205854,000000093322,0.478,1.99,0.95,0.00,0.00,S,,,USD,CC
70026884,01042,02,1,20260602,155005,000004472003,2,3.29,6.58,0.00,0.41,S,6035365419,,USD,CC
70026884,01042,02,2,20260602,155005,000004473001,1,2.99,2.99,0.00,0.19,S,6035365419,,USD,CC
70026884,01042,02,3,20260602,155005,000000005301,1,5.49,5.49,0.00,0.00,S,6035365419,,USD,CC
70026884,01042,02,4,20260602,155005,000000005202,1,5.99,5.99,0.00,0.00,S,6035365419,,USD,CC
70026884,01042,02,5,20260602,155005,000000562002,1,8.49,8.49,0.00,0.53,S,6035365419,,USD,CC
70026885,01042,05,1,20260602,84701,000000040201,1,8.99,8.99,0.00,0.00,S,,,USD,DB
70026885,01042,05,2,20260602,84701,000000094101,1,3.99,3.99,0.00,0.00,S,,,USD,DB
70026885,01042,05,3,20260602,84701,000000005202,1,5.99,5.99,0.00,0.00,S,,,USD,DB
70026885,01042,05,4,20260602,84701,000000005103,1,6.99,6.99,0.00,0.00,S,,,USD,DB
70026885,01042,05,5,20260602,84701,000000031102,1.333,19.99,26.65,0.00,0.00,S,,,USD,DB
70026885,01042,05,6,20260602,84701,000000093322,0.904,1.99,1.80,0.00,0.00,S,,,USD,DB
70026886,01042,04,1,20260602,90239,000004491003,1,1.99,1.99,0.00,0.12,S,6097490961,,USD,DB
70026886,01042,04,2,20260602,90239,000000005202,3,5.99,17.97,0.00,0.00,S,6097490961,,USD,DB
70026887,01042,01,1,20260602,103613,000000562001,2,10.99,21.98,0.00,1.37,S,,,USD,DB
70026887,01042,01,2,20260602,103613,000004471030,2,3.99,7.98,0.00,0.50,S,,,USD,DB
70026887,01042,01,3,20260602,103613,000000093402,0.449,3.29,1.48,0.00,0.00,S,,,USD,DB
70026887,01042,01,4,20260602,103613,000000005202,1,5.99,5.99,0.00,0.00,S,,,USD,DB
70026887,01042,01,5,20260602,103613,000000551021,1,11.99,11.99,0.00,0.75,S,,,USD,DB
70026888,01042,03,1,20260602,111543,000000005020,1,4.49,4.49,0.00,0.00,S,,,USD,CS
70026888,01042,03,2,20260602,111543,000000005012,1,3.99,3.99,0.00,0.00,S,,,USD,CS
70026888,01042,03,3,20260602,111543,000000005103,1,6.99,6.99,0.00,0.00,S,,,USD,CS
70026889,01042,06,1,20260602,163458,000004482001,2,13.99,27.98,0.00,1.75,S,,,USD,DB
70026889,01042,06,2,20260602,163458,000004482001,1,13.99,13.99,0.00,0.87,S,,,USD,DB
70026889,01042,06,3,20260602,163458,000000031102,1.050,19.99,20.99,0.00,0.00,S,,,USD,DB
70026890,01042,02,1,20260602,102840,000004491001,1,2.49,2.49,0.00,0.16,S,6097339776,,USD,GC
70026891,01042,04,1,20260602,94032,000000040102,0.966,16.99,16.41,0.00,0.00,S,6058298493,,USD,CS
70026891,01042,04,2,20260602,94032,000000562002,1,8.49,8.49,0.00,0.53,S,6058298493,,USD,CS
70026891,01042,04,3,20260602,94032,000000093322,0.672,1.99,1.34,0.00,0.00,S,6058298493,,USD,CS
70026891,01042,04,4,20260602,94032,000000005201,1,3.99,3.99,0.00,0.00,S,6058298493,,USD,CS
70026892,01042,02,1,20260602,74527,000000093402,1.156,3.29,3.80,0.00,0.00,S,,,USD,CS
70026892,01042,02,2,20260602,74527,000000094202,0.865,1.99,1.72,0.00,0.00,S,,,USD,CS
70026893,01042,01,1,20260602,112755,000000040203,1,11.99,11.99,0.00,0.00,S,6007859321,,USD,CS
70026893,01042,01,2,20260602,112755,000000030201,2,9.99,19.98,0.00,0.00,S,6007859321,,USD,CS
70026893,01042,01,3,20260602,112755,000000005012,2,3.99,7.98,0.00,0.00,S,6007859321,,USD,CS
70026894,01107,05,1,20260602,193405,000000005103,1,6.99,6.99,1.05,0.00,S,6094096105,LY26W18,USD,DB
70026895,01107,04,1,20260602,164131,000000005012,1,3.99,3.99,0.00,0.00,S,6008304405,,USD,DB
70026895,01107,04,2,20260602,164131,000000005012,1,3.99,3.99,0.00,0.00,S,6008304405,,USD,DB
70026895,01107,04,3,20260602,164131,000000040102,1.420,16.99,24.13,0.00,0.00,S,6008304405,,USD,DB
70026896,01107,06,1,20260602,75956,000004481003,1,4.99,4.99,0.00,0.31,S,,,USD,GC
70026896,01107,06,2,20260602,75956,000004482003,1,5.49,5.49,0.00,0.34,S,,,USD,GC
70026896,01107,06,3,20260602,75956,000000031102,0.507,19.99,10.13,0.00,0.00,S,,,USD,GC
70026896,01107,06,4,20260602,75956,000000005020,1,4.49,4.49,0.00,0.00,S,,,USD,GC
70026896,01107,06,5,20260602,75956,000000005301,2,5.49,10.98,0.00,0.00,S,,,USD,GC
70026897,02210,01,1,20260602,82012,000000005102,1,5.49,5.49,0.00,0.00,S,6066270511,,USD,GC
70026898,02210,06,1,20260602,173922,000000562002,1,8.49,8.49,0.00,0.53,S,6075676670,,USD,DB
70026898,02210,06,2,20260602,173922,000000040203,1,11.99,11.99,0.00,0.00,S,6075676670,,USD,DB
70026898,02210,06,3,20260602,173922,000000561002,1,7.49,7.49,0.00,0.47,S,6075676670,,USD,DB
70026898,02210,06,4,20260602,173922,000000040202,2,14.99,29.98,0.00,0.00,S,6075676670,,USD,DB
70026899,02210,04,1,20260602,212803,000000094203,1.843,1.49,2.75,0.00,0.00,S,6014014011,,USD,CC
70026899,02210,04,2,20260602,212803,000000093503,1,4.29,4.29,0.00,0.00,S,6014014011,,USD,CC
70026900,02210,06,1,20260602,214401,000000005302,3,3.49,10.47,0.00,0.00,S,6033970519,,USD,DB
70026900,02210,06,2,20260602,214401,000000040201,1,8.99,8.99,0.00,0.00,S,6033970519,,USD,DB
70026900,02210,06,3,20260602,214401,000004482003,1,5.49,5.49,0.00,0.34,S,6033970519,,USD,DB
70026901,02210,01,1,20260602,150727,000000020101,2,2.49,4.98,0.00,0.00,S,6033154100,,USD,DB
70026902,02210,03,1,20260602,164404,000000551020,1,13.99,13.99,0.00,0.87,S,6084577600,,USD,CS
70026902,02210,03,2,20260602,164404,000004491003,1,1.99,1.99,0.00,0.12,S,6084577600,,USD,CS
70026902,02210,03,3,20260602,164404,000004482002,1,17.99,17.99,0.00,1.12,S,6084577600,,USD,CS
70026902,02210,03,4,20260602,164404,000000005101,1,7.99,7.99,0.00,0.00,S,6084577600,,USD,CS
70026902,02210,03,5,20260602,164404,000000094302,1.668,5.49,9.16,0.00,0.00,S,6084577600,,USD,CS
70026903,02305,03,1,20260602,172545,000004472002,3,4.49,13.47,0.00,0.84,S,,,USD,CC
70026903,02305,03,2,20260602,172545,000004471030,1,3.99,3.99,0.00,0.25,S,,,USD,CC
70026904,02305,05,1,20260602,162224,000000094101,1,3.99,3.99,0.00,0.00,S,6083206799,,USD,CC
70026904,02305,05,2,20260602,162224,000000093401,0.490,5.49,2.69,0.00,0.00,S,6083206799,,USD,CC
70026904,02305,05,3,20260602,162224,000000020101,1,2.49,2.49,0.00,0.00,S,6083206799,,USD,CC
70026904,02305,05,4,20260602,162224,000004471030,1,3.99,3.99,0.00,0.25,S,6083206799,,USD,CC
70026904,02305,05,5,20260602,162224,000000562002,1,8.49,8.49,0.00,0.53,S,6083206799,,USD,CC
70026905,02305,06,1,20260602,151851,000000094102,1,3.49,3.49,0.00,0.00,S,,,USD,CS
70026905,02305,06,2,20260602,151851,000000093410,1.300,3.99,5.19,0.00,0.00,S,,,USD,CS
70026905,02305,06,3,20260602,151851,000000094103,1,3.79,3.79,0.00,0.00,S,,,USD,CS
70026905,02305,06,4,20260602,151851,000000005103,1,6.99,6.99,0.00,0.00,S,,,USD,CS
70026906,02305,01,1,20260602,150323,000004472003,1,3.29,3.29,0.00,0.21,S,,,USD,CC
70026906,02305,01,2,20260602,150323,000004471023,1,3.49,3.49,0.00,0.22,S,,,USD,CC
70026906,02305,01,3,20260602,150323,000004493002,1,3.99,3.99,0.00,0.25,S,,,USD,CC
70026906,02305,01,4,20260602,150323,000004492003,3,2.29,6.87,0.00,0.43,S,,,USD,CC
70026906,02305,01,5,20260602,150323,000004483002,3,3.49,10.47,0.00,0.65,S,,,USD,CC
70026906,02305,01,6,20260602,150323,000000020202,2,5.99,11.98,0.00,0.00,S,,,USD,CC
70026907,02305,04,1,20260602,103715,000000093501,1,4.49,4.49,0.00,0.00,S,,,USD,DB
70026907,02305,04,2,20260602,103715,000004482003,1,5.49,5.49,0.00,0.34,S,,,USD,DB
70026907,02305,04,3,20260602,103715,000004483002,1,3.49,3.49,0.00,0.22,S,,,USD,DB
70026908,02305,06,1,20260602,211342,000000005301,1,5.49,5.49,0.00,0.00,S,,,USD,DB
70026908,02305,06,2,20260602,211342,000000093502,2,3.99,7.98,0.00,0.00,S,,,USD,DB
70026908,02305,06,3,20260602,211342,000000005102,1,5.49,5.49,0.00,0.00,S,,,USD,DB
70026908,02305,06,4,20260602,211342,000004483002,3,3.49,10.47,0.00,0.65,S,,,USD,DB
70026908,02305,06,5,20260602,211342,000000030203,2,8.49,16.98,0.00,0.00,S,,,USD,DB
70026908,02305,06,6,20260602,211342,000000031101,2.195,24.99,54.85,0.00,0.00,S,,,USD,DB
70026909,02305,04,1,20260602,105417,000004493001,1,5.49,5.49,0.00,0.34,S,6054602734,,USD,CC
70026909,02305,04,2,20260602,105417,000004472001,1,3.99,3.99,0.60,0.21,S,6054602734,LY26W18,USD,CC
70026909,02305,04,3,20260602,105417,000004481001,1,7.99,7.99,0.00,0.50,S,6054602734,,USD,CC
70026909,02305,04,4,20260602,105417,000004492001,3,1.79,5.37,0.00,0.34,S,6054602734,,USD,CC
70026909,02305,04,5,20260602,105417,000000020103,2,4.99,9.98,0.00,0.00,S,6054602734,,USD,CC
70026910,02305,05,1,20260602,102147,000004472001,1,3.99,3.99,0.00,0.25,S,,,USD,DB
70026911,02305,03,1,20260602,204318,000004473002,1,2.79,2.79,0.42,0.15,S,6015848266,LY26W18,USD,CC
70026911,02305,03,2,20260602,204318,000000094202,0.492,1.99,0.98,0.00,0.00,S,6015848266,,USD,CC
70026911,02305,03,3,20260602,204318,000004472001,1,3.99,3.99,0.60,0.21,S,6015848266,LY26W18,USD,CC
70026911,02305,03,4,20260602,204318,000000561002,1,7.49,7.49,0.00,0.47,S,6015848266,,USD,CC
70026912,02305,05,1,20260602,104515,000000093410,1.314,3.99,5.24,0.00,0.00,S,,,USD,CC
70026912,02305,05,2,20260602,104515,000000005103,1,6.99,6.99,0.00,0.00,S,,,USD,CC
70026913,02305,05,1,20260602,170316,000004492003,1,2.29,2.29,0.00,0.14,S,,,USD,CC
70026913,02305,05,2,20260602,170316,000000551020,1,13.99,13.99,0.00,0.87,S,,,USD,CC
70026913,02305,05,3,20260602,170316,000000020202,1,5.99,5.99,0.00,0.00,S,,,USD,CC
70026913,02305,05,4,20260602,170316,000004491003,1,1.99,1.99,0.00,0.12,S,,,USD,CC
70026914,02305,01,1,20260602,184401,000004472001,1,3.99,3.99,0.60,0.21,S,6006229231,LY26W18,USD,CS
70026915,02305,05,1,20260602,83443,000004472001,1,3.99,3.99,0.00,0.25,S,,,USD,CC
70026915,02305,05,2,20260602,83443,000004473002,2,2.79,5.58,0.00,0.35,S,,,USD,CC
70026915,02305,05,3,20260602,83443,000004483002,2,3.49,6.98,0.00,0.44,S,,,USD,CC
70026916,03050,04,1,20260602,203224,000000005103,1,6.99,6.99,0.00,0.00,S,,,USD,CS
70026916,03050,04,2,20260602,203224,000004472003,2,3.29,6.58,0.00,0.41,S,,,USD,CS
70026916,03050,04,3,20260602,203224,000000005302,1,3.49,3.49,0.00,0.00,S,,,USD,CS
70026917,03050,03,1,20260602,84517,000000020102,1,3.49,3.49,0.00,0.00,S,6003911142,,USD,CS
70026917,03050,03,2,20260602,84517,000004472003,1,3.29,3.29,0.00,0.21,S,6003911142,,USD,CS
70026917,03050,03,3,20260602,84517,000000094201,1.466,1.69,2.48,0.00,0.00,S,6003911142,,USD,CS
70026917,03050,03,4,20260602,84517,000000040101,0.292,18.99,5.55,0.00,0.00,S,6003911142,,USD,CS
70026918,00317,06,1,20260602,74622,000004483002,1,4.69,4.69,0.00,0.29,S,,,CAD,CC
70026918,00317,06,2,20260602,74622,000004492001,1,2.39,2.39,0.00,0.15,S,,,CAD,CC
70026918,00317,06,3,20260602,74622,000000020202,1,8.09,8.09,0.00,0.00,S,,,CAD,CC
70026919,00317,06,1,20260602,182741,000004482003,1,7.49,7.49,0.00,0.47,S,,,CAD,CC
70026919,00317,06,2,20260602,182741,000000093501,3,6.09,18.27,0.00,0.00,S,,,CAD,CC
70026919,00317,06,3,20260602,182741,000000030202,1,15.59,15.59,0.00,0.00,S,,,CAD,CC
70026920,00317,04,1,20260602,82340,000000093410,1.387,5.39,7.48,0.00,0.00,S,,,CAD,CC
70026920,00317,04,2,20260602,82340,000000093502,1,5.39,5.39,0.00,0.00,S,,,CAD,CC
70026921,00317,01,1,20260602,215302,000004473001,1,4.09,4.09,0.00,0.26,S,,,CAD,CS
70026921,00317,01,2,20260602,215302,000000031102,0.562,27.19,15.28,0.00,0.00,S,,,CAD,CS
70026922,00317,04,1,20260602,123351,000004483001,2,6.79,13.58,0.00,0.85,S,6004432701,,CAD,DB
70026922,00317,04,2,20260602,123351,000004472001,2,5.39,10.78,1.62,0.57,S,6004432701,LY26W18,CAD,DB
70026922,00317,04,3,20260602,123351,000000094202,0.813,2.69,2.19,0.00,0.00,S,6004432701,,CAD,DB
70026922,00317,04,4,20260602,123351,000000093503,1,5.79,5.79,0.00,0.00,S,6004432701,,CAD,DB
70026923,00317,05,1,20260602,173851,000000552002,1,5.39,5.39,0.00,0.34,S,,,CAD,DB
70026924,00317,01,1,20260602,190603,000000552002,1,5.39,5.39,0.00,0.34,S,,,CAD,CS
70026924,00317,01,2,20260602,190603,000000094203,0.891,1.99,1.77,0.00,0.00,S,,,CAD,CS
70026925,00317,03,1,20260602,100052,000004473002,1,3.79,3.79,0.57,0.20,S,6019906234,LY26W18,CAD,CS
70026926,00317,03,1,20260602,73039,000004491003,1,2.69,2.69,0.00,0.17,S,6068094149,,CAD,DB
70026926,00317,03,2,20260602,73039,000000020101,1,3.39,3.39,0.00,0.00,S,6068094149,,CAD,DB
70026926,00317,03,3,20260602,73039,000000040202,1,20.39,20.39,0.00,0.00,S,6068094149,,CAD,DB
70026926,00317,03,4,20260602,73039,000004493002,1,5.39,5.39,0.00,0.34,S,6068094149,,CAD,DB
70026926,00317,03,5,20260602,73039,000000005202,1,8.09,8.09,0.00,0.00,S,6068094149,,CAD,DB
70026927,00317,04,1,20260602,162541,000000093402,1.548,4.49,6.95,0.00,0.00,S,,,CAD,CC
70026927,00317,04,2,20260602,162541,000000040202,1,20.39,20.39,0.00,0.00,S,,,CAD,CC
70026927,00317,04,3,20260602,162541,000004491003,1,2.69,2.69,0.00,0.17,S,,,CAD,CC
70026928,00317,05,1,20260602,201004,000000040102,1.732,23.09,39.99,0.00,0.00,S,6089623091,,CAD,CC
70026929,00317,06,1,20260602,145016,000004472001,2,5.39,10.78,1.62,0.57,S,6085646799,LY26W18,CAD,CS
70026929,00317,06,2,20260602,145016,000004492001,1,2.39,2.39,0.00,0.15,S,6085646799,,CAD,CS
70026929,00317,06,3,20260602,145016,000000031102,1.272,27.19,34.59,5.19,0.00,S,6085646799,LY26W18,CAD,CS
70026929,00317,06,4,20260602,145016,000000020101,3,3.39,10.17,0.00,0.00,S,6085646799,,CAD,CS
70026930,00317,06,1,20260602,170636,000000552002,2,5.39,10.78,0.00,0.67,S,,,CAD,GC
70026930,00317,06,2,20260602,170636,000004473003,1,4.69,4.69,0.00,0.29,S,,,CAD,GC
70026931,00322,04,1,20260602,153359,000004493002,1,5.39,5.39,0.00,0.34,S,,,CAD,CC
70026931,00322,04,2,20260602,153359,000000093410,2.066,5.39,11.14,0.00,0.00,S,,,CAD,CC
70026931,00322,04,3,20260602,153359,000004473002,1,3.79,3.79,0.00,0.24,S,,,CAD,CC
70026932,00322,01,1,20260602,103157,000004471040,1,3.39,3.39,0.00,0.21,S,6040971231,,CAD,DB
70026932,00322,01,2,20260602,103157,000004492050,2,2.99,5.98,0.00,0.37,S,6040971231,,CAD,DB
70026933,00322,05,1,20260602,194401,000000040202,1,20.39,20.39,0.00,0.00,S,6033732043,,CAD,CS
70026933,00322,05,2,20260602,194401,000004491002,1,9.49,9.49,0.00,0.59,S,6033732043,,CAD,CS
70026933,00322,05,3,20260602,194401,000000020103,1,6.79,6.79,0.00,0.00,S,6033732043,,CAD,CS
70026934,00322,04,1,20260602,75555,000004493001,2,7.49,14.98,0.00,0.94,S,6078596969,,CAD,CC
70026934,00322,04,2,20260602,75555,000004473001,1,4.09,4.09,0.00,0.26,S,6078596969,,CAD,CC
70026935,00322,03,1,20260602,203608,000004491003,2,2.69,5.38,0.00,0.34,S,,,CAD,CC
70026935,00322,03,2,20260602,203608,000000562002,1,11.49,11.49,0.00,0.72,S,,,CAD,CC
70026935,00322,03,3,20260602,203608,000000005302,2,4.69,9.38,0.00,0.00,S,,,CAD,CC
70026935,00322,03,4,20260602,203608,000004472001,1,5.39,5.39,0.00,0.34,S,,,CAD,CC
70026936,00322,05,1,20260602,103435,000000031101,1.010,33.99,34.33,0.00,0.00,S,,,CAD,CC
70026936,00322,05,2,20260602,103435,000000005202,2,8.09,16.18,0.00,0.00,S,,,CAD,CC
70026937,01042,04,1,20260603,105443,000000562002,1,8.49,8.49,0.00,0.53,S,6028403339,,USD,CC
70026937,01042,04,2,20260603,105443,000000562001,1,10.99,10.99,0.00,0.69,S,6028403339,,USD,CC
70026938,01042,06,1,20260603,160412,000000094302,0.282,5.49,1.55,0.00,0.00,S,6088117298,,USD,CC
70026938,01042,06,2,20260603,160412,000000562002,1,8.49,8.49,0.00,0.53,S,6088117298,,USD,CC
70026939,01042,01,1,20260603,111408,000000040202,1,14.99,14.99,0.00,0.00,S,6031537795,,USD,DB
70026939,01042,01,2,20260603,111408,000004472003,1,3.29,3.29,0.00,0.21,S,6031537795,,USD,DB
70026939,01042,01,3,20260603,111408,000000094201,1.318,1.69,2.23,0.00,0.00,S,6031537795,,USD,DB
70026939,01042,01,4,20260603,111408,000000093503,1,4.29,4.29,0.00,0.00,S,6031537795,,USD,DB
70026939,01042,01,5,20260603,111408,000000005302,1,3.49,3.49,0.00,0.00,S,6031537795,,USD,DB
70026940,01042,05,1,20260603,182939,000004492002,1,1.49,1.49,0.00,0.09,S,,,USD,GC
70026940,01042,05,2,20260603,182939,000000040101,2.144,18.99,40.71,0.00,0.00,S,,,USD,GC
70026941,01042,02,1,20260603,205034,000000005013,1,3.89,3.89,0.00,0.00,S,,,USD,GC
70026942,01042,05,1,20260603,130201,000000551021,1,11.99,11.99,0.00,0.75,S,6060930685,,USD,CC
70026942,01042,05,2,20260603,130201,000000551021,2,11.99,23.98,0.00,1.50,S,6060930685,,USD,CC
70026942,01042,05,3,20260603,130201,000004473003,1,3.49,3.49,0.00,0.22,S,6060930685,,USD,CC
70026942,01042,05,4,20260603,130201,000000552001,1,4.49,4.49,0.00,0.28,S,6060930685,,USD,CC
70026943,01042,05,1,20260603,112602,000000005202,1,5.99,5.99,0.00,0.00,S,6010388629,,USD,CC
70026943,01042,05,2,20260603,112602,000000094202,1.778,1.99,3.54,0.00,0.00,S,6010388629,,USD,CC
70026943,01042,05,3,20260603,112602,000004493001,1,5.49,5.49,0.00,0.34,S,6010388629,,USD,CC
70026943,01042,05,4,20260603,112602,000004473002,1,2.79,2.79,0.42,0.15,S,6010388629,LY26W18,USD,CC
70026944,01042,02,1,20260603,80554,000000040202,1,14.99,14.99,0.00,0.00,S,,,USD,CC
70026945,01042,04,1,20260603,152616,000000005302,2,3.49,6.98,0.00,0.00,S,6079956353,,USD,CC
70026945,01042,04,2,20260603,152616,000004472003,1,3.29,3.29,0.00,0.21,S,6079956353,,USD,CC
70026945,01042,04,3,20260603,152616,000000552002,1,3.99,3.99,0.00,0.25,S,6079956353,,USD,CC
70026945,01042,04,4,20260603,152616,000000031102,1.161,19.99,23.21,3.48,0.00,S,6079956353,LY26W18,USD,CC
70026945,01042,04,5,20260603,152616,000000093410,1.443,3.99,5.76,0.86,0.00,S,6079956353,LY26W18,USD,CC
70026946,01107,05,1,20260603,170619,000004492001,1,1.79,1.79,0.00,0.11,S,,,USD,DB
70026947,01107,01,1,20260603,105140,000000093325,2.021,3.99,8.06,0.00,0.00,S,6080172260,,USD,DB
70026947,01107,01,2,20260603,105140,000000020202,1,5.99,5.99,0.00,0.00,S,6080172260,,USD,DB
70026947,01107,01,3,20260603,105140,000000040102,1.417,16.99,24.07,0.00,0.00,S,6080172260,,USD,DB
70026947,01107,01,4,20260603,105140,000000094201,0.642,1.69,1.08,0.00,0.00,S,6080172260,,USD,DB
70026948,01107,02,1,20260603,171815,000004473002,1,2.79,2.79,0.42,0.15,S,6012075011,LY26W18,USD,GC
70026949,02210,06,1,20260603,154211,000000005102,1,5.49,5.49,0.00,0.00,S,6077514010,,USD,CC
70026950,02210,04,1,20260603,201008,000000551020,1,13.99,13.99,0.00,0.87,S,6064970169,,USD,DB
70026950,02210,04,2,20260603,201008,000000551021,2,11.99,23.98,0.00,1.50,S,6064970169,,USD,DB
70026951,02210,02,1,20260603,114434,000000031102,1.796,19.99,35.90,0.00,0.00,S,,,USD,CC
70026951,02210,02,2,20260603,114434,000000093502,1,3.99,3.99,0.00,0.00,S,,,USD,CC
70026951,02210,02,3,20260603,114434,000004473002,1,2.79,2.79,0.00,0.17,S,,,USD,CC
70026951,02210,02,4,20260603,114434,000004492001,1,1.79,1.79,0.00,0.11,S,,,USD,CC
70026951,02210,02,5,20260603,114434,000000093325,1.518,3.99,6.06,0.00,0.00,S,,,USD,CC
70026951,02210,02,6,20260603,114434,000000093501,1,4.49,4.49,0.00,0.00,S,,,USD,CC
70026952,02210,02,1,20260603,85403,000000093410,1.474,3.99,5.88,0.88,0.00,S,6065729341,LY26W18,USD,CS
70026952,02210,02,2,20260603,85403,000000093322,1.874,1.99,3.73,0.00,0.00,S,6065729341,,USD,CS
70026953,02210,06,1,20260603,121629,000004473003,1,3.49,3.49,0.00,0.22,S,,,USD,GC
70026953,02210,06,2,20260603,121629,000004473002,1,2.79,2.79,0.00,0.17,S,,,USD,GC
70026954,02210,06,1,20260603,172119,000004481001,1,7.99,7.99,0.00,0.50,S,6058870715,,USD,DB
70026954,02210,06,2,20260603,172119,000004473003,1,3.49,3.49,0.00,0.22,S,6058870715,,USD,DB
70026954,02210,06,3,20260603,172119,000004483002,1,3.49,3.49,0.52,0.19,S,6058870715,LY26W18,USD,DB
70026954,02210,06,4,20260603,172119,000000093402,1.278,3.29,4.20,0.00,0.00,S,6058870715,,USD,DB
70026955,02210,06,1,20260603,185628,000000040102,0.307,16.99,5.22,0.00,0.00,S,,,USD,CS
70026956,02210,06,1,20260603,184603,000000094103,1,3.79,3.79,0.00,0.00,S,,,USD,CC
70026957,02305,01,1,20260603,150305,000000561001,1,9.99,9.99,0.00,0.62,S,,,USD,DB
70026957,02305,01,2,20260603,150305,000000005020,1,4.49,4.49,0.00,0.00,S,,,USD,DB
70026957,02305,01,3,20260603,150305,000000094302,1.684,5.49,9.25,0.00,0.00,S,,,USD,DB
70026957,02305,01,4,20260603,150305,000000561001,1,9.99,9.99,0.00,0.62,S,,,USD,DB
70026957,02305,01,5,20260603,150305,000004492002,1,1.49,1.49,0.00,0.09,S,,,USD,DB
70026957,02305,01,6,20260603,150305,000000020201,1,5.49,5.49,0.00,0.00,S,,,USD,DB
70026958,02305,03,1,20260603,92454,000000562002,1,8.49,8.49,0.00,0.53,S,6030347786,,USD,DB
70026958,02305,03,2,20260603,92454,000004473003,1,3.49,3.49,0.00,0.22,S,6030347786,,USD,DB
70026958,02305,03,3,20260603,92454,000000005103,1,6.99,6.99,1.05,0.00,S,6030347786,LY26W18,USD,DB
70026958,02305,03,4,20260603,92454,000004471030,1,3.99,3.99,0.00,0.25,S,6030347786,,USD,DB
70026958,02305,03,5,20260603,92454,000000093502,1,3.99,3.99,0.00,0.00,S,6030347786,,USD,DB
70026959,02305,03,1,20260603,73926,000000031101,1.656,24.99,41.38,0.00,0.00,S,6061994237,,USD,DB
70026959,02305,03,2,20260603,73926,000004483002,2,3.49,6.98,1.05,0.37,S,6061994237,LY26W18,USD,DB
70026959,02305,03,3,20260603,73926,000000562001,2,10.99,21.98,0.00,1.37,S,6061994237,,USD,DB
70026960,02305,06,1,20260603,80105,000004492003,1,2.29,2.29,0.00,0.14,S,6060229394,,USD,GC
70026961,02305,06,1,20260603,122538,000000093410,1.261,3.99,5.03,0.75,0.00,S,6078513854,LY26W18,USD,DB
70026961,02305,06,2,20260603,122538,000000040203,1,11.99,11.99,0.00,0.00,S,6078513854,,USD,DB
70026962,02305,03,1,20260603,112330,000004473003,2,3.49,6.98,0.00,0.44,S,6069556076,,USD,DB
70026962,02305,03,2,20260603,112330,000004471023,1,3.49,3.49,0.00,0.22,S,6069556076,,USD,DB
70026962,02305,03,3,20260603,112330,000000093401,0.331,5.49,1.82,0.00,0.00,S,6069556076,,USD,DB
70026962,02305,03,4,20260603,112330,000000093410,1.878,3.99,7.49,1.12,0.00,S,6069556076,LY26W18,USD,DB
70026963,02305,06,1,20260603,101905,000004492003,2,2.29,4.58,0.00,0.29,S,,,USD,CC
70026963,02305,06,2,20260603,101905,000004472003,1,3.29,3.29,0.00,0.21,S,,,USD,CC
70026964,02305,02,1,20260603,171706,000000093501,1,4.49,4.49,0.00,0.00,S,6034843443,,USD,GC
70026964,02305,02,2,20260603,171706,000000005202,1,5.99,5.99,0.00,0.00,S,6034843443,,USD,GC
70026965,02305,03,1,20260603,94003,000004493002,1,3.99,3.99,0.00,0.25,S,6039930561,,USD,CC
70026965,02305,03,2,20260603,94003,000000005202,1,5.99,5.99,0.00,0.00,S,6039930561,,USD,CC
70026965,02305,03,3,20260603,94003,000004473001,1,2.99,2.99,0.00,0.19,S,6039930561,,USD,CC
70026965,02305,03,4,20260603,94003,000004491003,1,1.99,1.99,0.00,0.12,S,6039930561,,USD,CC
70026966,02305,06,1,20260603,192024,000000040202,3,14.99,44.97,0.00,0.00,S,6071240659,,USD,CC
70026966,02305,06,2,20260603,192024,000000030203,1,8.49,8.49,0.00,0.00,S,6071240659,,USD,CC
70026967,02305,06,1,20260603,210414,000000552002,1,3.99,3.99,0.00,0.25,S,6004797480,,USD,CS
70026967,02305,06,2,20260603,210414,000000005102,1,5.49,5.49,0.00,0.00,S,6004797480,,USD,CS
70026967,02305,06,3,20260603,210414,000000094103,2,3.79,7.58,0.00,0.00,S,6004797480,,USD,CS
70026967,02305,06,4,20260603,210414,000000005301,1,5.49,5.49,0.00,0.00,S,6004797480,,USD,CS
70026967,02305,06,5,20260603,210414,000000561001,1,9.99,9.99,0.00,0.62,S,6004797480,,USD,CS
70026968,02305,02,1,20260603,121016,000000031102,0.463,19.99,9.26,0.00,0.00,S,,,USD,GC
70026968,02305,02,2,20260603,121016,000000551021,2,11.99,23.98,0.00,1.50,S,,,USD,GC
70026968,02305,02,3,20260603,121016,000000093502,1,3.99,3.99,0.00,0.00,S,,,USD,GC
70026968,02305,02,4,20260603,121016,000000552001,1,4.49,4.49,0.00,0.28,S,,,USD,GC
70026968,02305,02,5,20260603,121016,000000030102,1,14.99,14.99,0.00,0.00,S,,,USD,GC
70026969,03050,02,1,20260603,202729,000000551020,1,13.99,13.99,0.00,0.87,S,,,USD,GC
70026969,03050,02,2,20260603,202729,000000020201,1,5.49,5.49,0.00,0.00,S,,,USD,GC
70026969,03050,02,3,20260603,202729,000000020103,3,4.99,14.97,0.00,0.00,S,,,USD,GC
70026969,03050,02,4,20260603,202729,000000040102,1.335,16.99,22.68,0.00,0.00,S,,,USD,GC
70026969,03050,02,5,20260603,202729,000000093321,0.762,1.49,1.14,0.00,0.00,S,,,USD,GC
70026969,03050,02,6,20260603,202729,000000005101,1,7.99,7.99,0.00,0.00,S,,,USD,GC
70026970,03050,01,1,20260603,143132,000000005302,1,3.49,3.49,0.00,0.00,S,,,USD,DB
70026970,03050,01,2,20260603,143132,000000093501,1,4.49,4.49,0.00,0.00,S,,,USD,DB
70026970,03050,01,3,20260603,143132,000004493001,1,5.49,5.49,0.00,0.34,S,,,USD,DB
70026971,03050,01,1,20260603,110516,000000020103,1,4.99,4.99,0.00,0.00,S,6079806603,,USD,GC
70026971,03050,01,2,20260603,110516,000004483002,2,3.49,6.98,1.05,0.37,S,6079806603,LY26W18,USD,GC
70026972,03050,05,1,20260603,113627,000000020201,1,5.49,5.49,0.00,0.00,S,,,USD,CC
70026972,03050,05,2,20260603,113627,000004482001,1,13.99,13.99,0.00,0.87,S,,,USD,CC
70026972,03050,05,3,20260603,113627,000000093325,1.943,3.99,7.75,0.00,0.00,S,,,USD,CC
70026973,03050,01,1,20260603,184238,000000093321,1.222,1.49,1.82,0.00,0.00,S,6071175957,,USD,CS
70026973,03050,01,2,20260603,184238,000000005301,2,5.49,10.98,0.00,0.00,S,6071175957,,USD,CS
70026974,03050,01,1,20260603,191301,000000093410,0.506,3.99,2.02,0.30,0.00,S,6042786561,LY26W18,USD,CC
70026974,03050,01,2,20260603,191301,000000094202,1.548,1.99,3.08,0.00,0.00,S,6042786561,,USD,CC
70026974,03050,01,3,20260603,191301,000000040202,1,14.99,14.99,0.00,0.00,S,6042786561,,USD,CC
70026974,03050,01,4,20260603,191301,000000005201,1,3.99,3.99,0.00,0.00,S,6042786561,,USD,CC
70026974,03050,01,5,20260603,191301,000004483002,1,3.49,3.49,0.52,0.19,S,6042786561,LY26W18,USD,CC
70026975,03050,06,1,20260603,72706,000004483002,1,3.49,3.49,0.52,0.19,S,6006314035,LY26W18,USD,GC
70026975,03050,06,2,20260603,72706,000004471040,2,2.49,4.98,0.00,0.31,S,6006314035,,USD,GC
70026976,00317,04,1,20260603,114818,000004473002,1,3.79,3.79,0.00,0.24,S,,,CAD,CC
70026976,00317,04,2,20260603,114818,000000093402,0.941,4.49,4.23,0.00,0.00,S,,,CAD,CC
70026977,00317,06,1,20260603,95835,000000005302,2,4.69,9.38,0.00,0.00,S,6068094149,,CAD,DB
70026977,00317,06,2,20260603,95835,000004491001,1,3.39,3.39,0.00,0.21,S,6068094149,,CAD,DB
70026977,00317,06,3,20260603,95835,000000093502,1,5.39,5.39,0.00,0.00,S,6068094149,,CAD,DB
70026977,00317,06,4,20260603,95835,000000094102,2,4.69,9.38,0.00,0.00,S,6068094149,,CAD,DB
70026978,00317,01,1,20260603,154606,000000030102,1,20.39,20.39,0.00,0.00,S,6049251583,,CAD,CS
70026978,00317,01,2,20260603,154606,000000030101,1,9.49,9.49,0.00,0.00,S,6049251583,,CAD,CS
70026978,00317,01,3,20260603,154606,000000030102,1,20.39,20.39,0.00,0.00,S,6049251583,,CAD,CS
70026979,00317,05,1,20260603,184904,000000040102,0.714,23.09,16.49,0.00,0.00,S,,,CAD,GC
70026979,00317,05,2,20260603,184904,000000093410,0.326,5.39,1.76,0.00,0.00,S,,,CAD,GC
70026979,00317,05,3,20260603,184904,000000005201,2,5.39,10.78,0.00,0.00,S,,,CAD,GC
70026980,00317,04,1,20260603,135149,000000020103,1,6.79,6.79,0.00,0.00,S,,,CAD,DB
70026980,00317,04,2,20260603,135149,000000040102,1.166,23.09,26.92,0.00,0.00,S,,,CAD,DB
70026980,00317,04,3,20260603,135149,000004491003,1,2.69,2.69,0.00,0.17,S,,,CAD,DB
70026981,00317,04,1,20260603,134318,000000005012,1,5.39,5.39,0.00,0.00,S,,,CAD,CC
70026981,00317,04,2,20260603,134318,000000030201,1,13.59,13.59,0.00,0.00,S,,,CAD,CC
70026981,00317,04,3,20260603,134318,000000552001,1,6.09,6.09,0.00,0.38,S,,,CAD,CC
70026982,00317,03,1,20260603,202312,000000005101,1,10.89,10.89,0.00,0.00,S,,,CAD,GC
70026982,00317,03,2,20260603,202312,000000005101,1,10.89,10.89,0.00,0.00,S,,,CAD,GC
70026982,00317,03,3,20260603,202312,000000030202,1,15.59,15.59,0.00,0.00,S,,,CAD,GC
70026983,00317,06,1,20260603,124311,000000020101,1,3.39,3.39,0.00,0.00,S,,,CAD,GC
70026983,00317,06,2,20260603,124311,000000020103,1,6.79,6.79,0.00,0.00,S,,,CAD,GC
70026983,00317,06,3,20260603,124311,000000094203,0.478,1.99,0.95,0.00,0.00,S,,,CAD,GC
70026984,00317,03,1,20260603,131118,000000005302,3,4.69,14.07,0.00,0.00,S,,,CAD,DB
70026985,00317,01,1,20260603,142041,000000005020,1,6.09,6.09,0.00,0.00,S,,,CAD,GC
70026986,00317,05,1,20260603,150408,000000005301,1,7.49,7.49,0.00,0.00,S,6022068155,,CAD,CC
70026986,00317,05,2,20260603,150408,000000005012,1,5.39,5.39,0.00,0.00,S,6022068155,,CAD,CC
70026986,00317,05,3,20260603,150408,000000040102,1.071,23.09,24.73,0.00,0.00,S,6022068155,,CAD,CC
70026986,00317,05,4,20260603,150408,000004482001,1,18.99,18.99,0.00,1.19,S,6022068155,,CAD,CC
70026986,00317,05,5,20260603,150408,000000020202,2,8.09,16.18,0.00,0.00,S,6022068155,,CAD,CC
70026987,00317,03,1,20260603,75556,000004473001,1,4.09,4.09,0.00,0.26,R,,,CAD,DB
70026988,00322,03,1,20260603,103921,000004472003,1,4.49,4.49,0.00,0.28,S,6007100219,,CAD,CC
70026988,00322,03,2,20260603,103921,000000561002,1,10.19,10.19,0.00,0.64,S,6007100219,,CAD,CC
70026989,00322,04,1,20260603,71939,000004472050,1,5.39,5.39,0.00,0.34,S,6006330165,,CAD,DB
70026989,00322,04,2,20260603,71939,000000005201,1,5.39,5.39,0.00,0.00,S,6006330165,,CAD,DB
70026989,00322,04,3,20260603,71939,000004473002,1,3.79,3.79,0.57,0.20,S,6006330165,LY26W18,CAD,DB
70026989,00322,04,4,20260603,71939,000004472003,1,4.49,4.49,0.00,0.28,S,6006330165,,CAD,DB
70026990,01042,01,1,20260604,143924,000000562002,1,8.49,8.49,0.00,0.53,S,,,USD,CC
70026990,01042,01,2,20260604,143924,000000040201,2,8.99,17.98,0.00,0.00,S,,,USD,CC
70026990,01042,01,3,20260604,143924,000000030103,1,8.99,8.99,0.00,0.00,S,,,USD,CC
70026990,01042,01,4,20260604,143924,000000005202,1,5.99,5.99,0.00,0.00,S,,,USD,CC
70026990,01042,01,5,20260604,143924,000000551021,1,11.99,11.99,0.00,0.75,S,,,USD,CC
70026990,01042,01,6,20260604,143924,000000562001,2,10.99,21.98,0.00,1.37,S,,,USD,CC
70026991,01042,06,1,20260604,75808,000000561002,1,7.49,7.49,0.00,0.47,R,6032484137,,USD,DB
70026992,01042,04,1,20260604,135712,000004481001,3,7.99,23.97,0.00,1.50,S,,,USD,DB
70026992,01042,04,2,20260604,135712,000004473002,1,2.79,2.79,0.00,0.17,S,,,USD,DB
70026992,01042,04,3,20260604,135712,000000030203,1,8.49,8.49,0.00,0.00,S,,,USD,DB
70026992,01042,04,4,20260604,135712,000000020102,1,3.49,3.49,0.00,0.00,S,,,USD,DB
70026993,01042,04,1,20260604,93132,000004471023,1,3.49,3.49,0.00,0.22,S,,,USD,CS
70026993,01042,04,2,20260604,93132,000000005103,1,6.99,6.99,0.00,0.00,S,,,USD,CS
70026993,01042,04,3,20260604,93132,000000552002,1,3.99,3.99,0.00,0.25,S,,,USD,CS
70026994,01042,01,1,20260604,84054,000000005302,2,3.49,6.98,0.00,0.00,S,6097499564,,USD,CC
70026994,01042,01,2,20260604,84054,000000093410,0.602,3.99,2.40,0.36,0.00,S,6097499564,LY26W18,USD,CC
70026994,01042,01,3,20260604,84054,000000031102,0.936,19.99,18.71,2.81,0.00,S,6097499564,LY26W18,USD,CC
70026994,01042,01,4,20260604,84054,000000551020,1,13.99,13.99,0.00,0.87,S,6097499564,,USD,CC
70026994,01042,01,5,20260604,84054,000000005302,1,3.49,3.49,0.00,0.00,S,6097499564,,USD,CC
70026995,01042,01,1,20260604,212240,000000552001,1,4.49,4.49,0.00,0.28,S,6014607455,,USD,CS
70026995,01042,01,2,20260604,212240,000004491001,2,2.49,4.98,0.00,0.31,S,6014607455,,USD,CS
70026995,01042,01,3,20260604,212240,000000093410,1.498,3.99,5.98,0.90,0.00,S,6014607455,LY26W18,USD,CS
70026996,01042,02,1,20260604,195043,000004481001,1,7.99,7.99,0.00,0.50,S,,,USD,CS
70026997,01042,03,1,20260604,180916,000000552002,2,3.99,7.98,0.00,0.50,S,6053544439,,USD,CC
70026997,01042,03,2,20260604,180916,000000005202,1,5.99,5.99,0.00,0.00,S,6053544439,,USD,CC
70026997,01042,03,3,20260604,180916,000004493002,1,3.99,3.99,0.00,0.25,S,6053544439,,USD,CC
70026998,01042,05,1,20260604,75037,000000040203,1,11.99,11.99,0.00,0.00,S,,,USD,CC
70026998,01042,05,2,20260604,75037,000004493001,1,5.49,5.49,0.00,0.34,S,,,USD,CC
70026998,01042,05,3,20260604,75037,000000030203,1,8.49,8.49,0.00,0.00,S,,,USD,CC
70026999,01042,04,1,20260604,204202,000000040203,1,11.99,11.99,0.00,0.00,S,6015848266,,USD,DB
70026999,01042,04,2,20260604,204202,000000094202,0.485,1.99,0.97,0.00,0.00,S,6015848266,,USD,DB
70026999,01042,04,3,20260604,204202,000000551020,2,13.99,27.98,0.00,1.75,S,6015848266,,USD,DB
70026999,01042,04,4,20260604,204202,000000561002,1,7.49,7.49,0.00,0.47,S,6015848266,,USD,DB
70026999,01042,04,5,20260604,204202,000004473002,1,2.79,2.79,0.42,0.15,S,6015848266,LY26W18,USD,DB
70026999,01042,04,6,20260604,204202,000004483002,1,3.49,3.49,0.52,0.19,S,6015848266,LY26W18,USD,DB
70027000,01042,02,1,20260604,142431,000004482001,2,13.99,27.98,0.00,1.75,S,6056818209,,USD,CC
70027001,01042,02,1,20260604,71838,000000005102,2,5.49,10.98,0.00,0.00,S,6096520744,,USD,DB
70027002,01042,03,1,20260604,164117,000000040203,2,11.99,23.98,0.00,0.00,S,,,USD,DB
70027002,01042,03,2,20260604,164117,000000020103,2,4.99,9.98,0.00,0.00,S,,,USD,DB
70027002,01042,03,3,20260604,164117,000000093401,0.644,5.49,3.54,0.00,0.00,S,,,USD,DB
70027003,01107,03,1,20260604,105425,000004493002,2,3.99,7.98,0.00,0.50,S,,,USD,CS
70027003,01107,03,2,20260604,105425,000000551020,2,13.99,27.98,0.00,1.75,S,,,USD,CS
70027003,01107,03,3,20260604,105425,000004472001,1,3.99,3.99,0.00,0.25,S,,,USD,CS
70027004,01107,04,1,20260604,163327,000000040101,0.383,18.99,7.27,0.00,0.00,S,6010032365,,USD,DB
70027004,01107,04,2,20260604,163327,000004473002,1,2.79,2.79,0.42,0.15,S,6010032365,LY26W18,USD,DB
70027005,01107,03,1,20260604,110311,000004473001,2,2.99,5.98,0.00,0.37,S,6065549471,,USD,CC
70027005,01107,03,2,20260604,110311,000004491001,1,2.49,2.49,0.00,0.16,S,6065549471,,USD,CC
70027005,01107,03,3,20260604,110311,000000551021,2,11.99,23.98,0.00,1.50,S,6065549471,,USD,CC
70027006,01107,04,1,20260604,80432,000004481003,1,4.99,4.99,0.00,0.31,S,6033521103,,USD,DB
70027006,01107,04,2,20260604,80432,000004471040,2,2.49,4.98,0.00,0.31,S,6033521103,,USD,DB
70027006,01107,04,3,20260604,80432,000004483002,1,3.49,3.49,0.52,0.19,S,6033521103,LY26W18,USD,DB
70027006,01107,04,4,20260604,80432,000004473001,1,2.99,2.99,0.00,0.19,S,6033521103,,USD,DB
70027007,02210,01,1,20260604,110557,000000005103,1,6.99,6.99,1.05,0.00,S,6052203684,LY26W18,USD,GC
70027007,02210,01,2,20260604,110557,000000562002,2,8.49,16.98,0.00,1.06,S,6052203684,,USD,GC
70027007,02210,01,3,20260604,110557,000000005020,1,4.49,4.49,0.00,0.00,S,6052203684,,USD,GC
70027008,02210,04,1,20260604,81316,000004473003,1,3.49,3.49,0.00,0.22,S,6025730662,,USD,CS
70027008,02210,04,2,20260604,81316,000004492003,1,2.29,2.29,0.00,0.14,S,6025730662,,USD,CS
70027009,02210,02,1,20260604,211645,000004482003,2,5.49,10.98,0.00,0.69,S,,,USD,DB
70027009,02210,02,2,20260604,211645,000000005020,1,4.49,4.49,0.00,0.00,S,,,USD,DB
70027009,02210,02,3,20260604,211645,000004491001,2,2.49,4.98,0.00,0.31,S,,,USD,DB
70027009,02210,02,4,20260604,211645,000000093325,0.271,3.99,1.08,0.00,0.00,S,,,USD,DB
70027010,02210,03,1,20260604,164811,000000005301,3,5.49,16.47,0.00,0.00,S,,,USD,DB
70027010,02210,03,2,20260604,164811,000004472001,1,3.99,3.99,0.00,0.25,S,,,USD,DB
70027010,02210,03,3,20260604,164811,000004481001,2,7.99,15.98,0.00,1.00,S,,,USD,DB
70027011,02210,03,1,20260604,160705,000000094101,1,3.99,3.99,0.00,0.00,S,,,USD,DB
70027011,02210,03,2,20260604,160705,000000005013,1,3.89,3.89,0.00,0.00,S,,,USD,DB
70027011,02210,03,3,20260604,160705,000000031102,0.251,19.99,5.02,0.00,0.00,S,,,USD,DB
70027011,02210,03,4,20260604,160705,000000093501,3,4.49,13.47,0.00,0.00,S,,,USD,DB
70027011,02210,03,5,20260604,160705,000004482002,1,17.99,17.99,0.00,1.12,S,,,USD,DB
70027011,02210,03,6,20260604,160705,000000562001,1,10.99,10.99,0.00,0.69,S,,,USD,DB
70027012,02210,06,1,20260604,174906,000000040201,1,8.99,8.99,0.00,0.00,S,,,USD,CC
70027012,02210,06,2,20260604,174906,000000040201,1,8.99,8.99,0.00,0.00,S,,,USD,CC
70027012,02210,06,3,20260604,174906,000000551021,1,11.99,11.99,0.00,0.75,S,,,USD,CC
70027013,02210,05,1,20260604,143629,000000094301,2.196,4.39,9.64,0.00,0.00,S,,,USD,GC
70027013,02210,05,2,20260604,143629,000004491002,1,6.99,6.99,0.00,0.44,S,,,USD,GC
70027013,02210,05,3,20260604,143629,000000005013,1,3.89,3.89,0.00,0.00,S,,,USD,GC
70027014,02210,05,1,20260604,81857,000000093503,2,4.29,8.58,0.00,0.00,S,,,USD,CS
70027014,02210,05,2,20260604,81857,000004473002,1,2.79,2.79,0.00,0.17,S,,,USD,CS
70027014,02210,05,3,20260604,81857,000000094103,1,3.79,3.79,0.00,0.00,S,,,USD,CS
70027014,02210,05,4,20260604,81857,000000040203,1,11.99,11.99,0.00,0.00,S,,,USD,CS
70027014,02210,05,5,20260604,81857,000000005013,1,3.89,3.89,0.00,0.00,S,,,USD,CS
70027015,02305,01,1,20260604,174111,000000020101,1,2.49,2.49,0.00,0.00,S,6031260432,,USD,GC
70027015,02305,01,2,20260604,174111,000004482003,1,5.49,5.49,0.00,0.34,S,6031260432,,USD,GC
70027015,02305,01,3,20260604,174111,000004471030,1,3.99,3.99,0.00,0.25,S,6031260432,,USD,GC
70027015,02305,01,4,20260604,174111,000000561002,1,7.49,7.49,0.00,0.47,S,6031260432,,USD,GC
70027016,02305,06,1,20260604,100820,000000020103,1,4.99,4.99,0.00,0.00,S,6032106133,,USD,GC
70027016,02305,06,2,20260604,100820,000004473003,1,3.49,3.49,0.00,0.22,S,6032106133,,USD,GC
70027017,02305,02,1,20260604,71205,000000040102,1.257,16.99,21.36,0.00,0.00,S,,,USD,CC
70027018,02305,01,1,20260604,102354,000000031102,1.032,19.99,20.63,0.00,0.00,R,,,USD,CC
70027019,02305,01,1,20260604,70141,000000020103,1,4.99,4.99,0.00,0.00,S,6065421406,,USD,DB
70027019,02305,01,2,20260604,70141,000000020202,3,5.99,17.97,0.00,0.00,S,6065421406,,USD,DB
70027020,02305,03,1,20260604,181842,000004471040,2,2.49,4.98,0.00,0.31,S,6063266341,,USD,CC
70027020,02305,03,2,20260604,181842,000004491002,1,6.99,6.99,0.00,0.44,S,6063266341,,USD,CC
70027021,02305,06,1,20260604,164725,000000005103,2,6.99,13.98,0.00,0.00,S,,,USD,CS
70027021,02305,06,2,20260604,164725,000004471040,2,2.49,4.98,0.00,0.31,S,,,USD,CS
70027021,02305,06,3,20260604,164725,000004472001,1,3.99,3.99,0.00,0.25,S,,,USD,CS
70027021,02305,06,4,20260604,164725,000004472001,2,3.99,7.98,0.00,0.50,S,,,USD,CS
70027022,02305,06,1,20260604,152015,000000005103,1,6.99,6.99,1.05,0.00,S,6037052635,LY26W18,USD,CC
70027022,02305,06,2,20260604,152015,000000030102,1,14.99,14.99,0.00,0.00,S,6037052635,,USD,CC
70027022,02305,06,3,20260604,152015,000004491002,1,6.99,6.99,0.00,0.44,S,6037052635,,USD,CC
70027023,02305,02,1,20260604,105931,000004482002,1,17.99,17.99,0.00,1.12,S,,,USD,DB
70027023,02305,02,2,20260604,105931,000004472002,2,4.49,8.98,0.00,0.56,S,,,USD,DB
70027024,02305,02,1,20260604,134435,000004473001,1,2.99,2.99,0.00,0.19,S,,,USD,DB
70027024,02305,02,2,20260604,134435,000000093322,0.991,1.99,1.97,0.00,0.00,S,,,USD,DB
70027024,02305,02,3,20260604,134435,000000030103,2,8.99,17.98,0.00,0.00,S,,,USD,DB
70027024,02305,02,4,20260604,134435,000000030103,1,8.99,8.99,0.00,0.00,S,,,USD,DB
70027025,02305,06,1,20260604,160525,000000030203,1,8.49,8.49,0.00,0.00,S,6057473384,,USD,CC
70027025,02305,06,2,20260604,160525,000000020202,2,5.99,11.98,0.00,0.00,S,6057473384,,USD,CC
70027025,02305,06,3,20260604,160525,000000094302,2.065,5.49,11.34,0.00,0.00,S,6057473384,,USD,CC
70027025,02305,06,4,20260604,160525,000004481001,1,7.99,7.99,0.00,0.50,S,6057473384,,USD,CC
70027025,02305,06,5,20260604,160525,000000005202,1,5.99,5.99,0.00,0.00,S,6057473384,,USD,CC
70027026,03050,06,1,20260604,140836,000004471030,1,3.99,3.99,0.00,0.25,S,,,USD,CC
70027026,03050,06,2,20260604,140836,000000005302,1,3.49,3.49,0.00,0.00,S,,,USD,CC
70027026,03050,06,3,20260604,140836,000000561002,1,7.49,7.49,0.00,0.47,S,,,USD,CC
70027026,03050,06,4,20260604,140836,000000005012,1,3.99,3.99,0.00,0.00,S,,,USD,CC
70027027,03050,03,1,20260604,124216,000000030101,3,6.99,20.97,0.00,0.00,S,,,USD,DB
70027027,03050,03,2,20260604,124216,000004483002,1,3.49,3.49,0.00,0.22,S,,,USD,DB
70027027,03050,03,3,20260604,124216,000000040102,0.536,16.99,9.11,0.00,0.00,S,,,USD,DB
70027027,03050,03,4,20260604,124216,000000561002,1,7.49,7.49,0.00,0.47,S,,,USD,DB
70027027,03050,03,5,20260604,124216,000000040201,1,8.99,8.99,0.00,0.00,S,,,USD,DB
70027028,03050,01,1,20260604,211901,000004472001,1,3.99,3.99,0.60,0.21,S,6065405153,LY26W18,USD,CC
70027028,03050,01,2,20260604,211901,000004483001,1,4.99,4.99,0.00,0.31,S,6065405153,,USD,CC
70027028,03050,01,3,20260604,211901,000004472001,1,3.99,3.99,0.60,0.21,S,6065405153,LY26W18,USD,CC
70027029,03050,05,1,20260604,105412,000000005020,2,4.49,8.98,0.00,0.00,S,6051502675,,USD,DB
70027030,00317,03,1,20260604,183009,000000094101,3,5.39,16.17,0.00,0.00,S,,,CAD,GC
70027030,00317,03,2,20260604,183009,000000005301,1,7.49,7.49,0.00,0.00,S,,,CAD,GC
70027030,00317,03,3,20260604,183009,000004492003,1,3.09,3.09,0.00,0.19,S,,,CAD,GC
70027031,00317,03,1,20260604,184011,000000031102,2.124,27.19,57.75,0.00,0.00,S,,,CAD,CC
70027031,00317,03,2,20260604,184011,000004471023,1,4.69,4.69,0.00,0.29,S,,,CAD,CC
70027031,00317,03,3,20260604,184011,000000552001,2,6.09,12.18,0.00,0.76,S,,,CAD,CC
70027032,00317,02,1,20260604,163757,000000561002,2,10.19,20.38,0.00,1.27,S,,,CAD,CC
70027032,00317,02,2,20260604,163757,000004472003,1,4.49,4.49,0.00,0.28,S,,,CAD,CC
70027033,00317,01,1,20260604,133803,000000093410,0.666,5.39,3.59,0.54,0.00,S,6078291146,LY26W18,CAD,CC
70027033,00317,01,2,20260604,133803,000000552001,1,6.09,6.09,0.00,0.38,S,6078291146,,CAD,CC
70027033,00317,01,3,20260604,133803,000004482003,1,7.49,7.49,0.00,0.47,S,6078291146,,CAD,CC
70027034,00317,06,1,20260604,203649,000000005202,1,8.09,8.09,0.00,0.00,S,,,CAD,CC
70027034,00317,06,2,20260604,203649,000004493002,1,5.39,5.39,0.00,0.34,S,,,CAD,CC
70027034,00317,06,3,20260604,203649,000000040101,0.334,25.79,8.61,0.00,0.00,S,,,CAD,CC
70027034,00317,06,4,20260604,203649,000000094203,1.185,1.99,2.36,0.00,0.00,S,,,CAD,CC
70027034,00317,06,5,20260604,203649,000000562002,1,11.49,11.49,0.00,0.72,S,,,CAD,CC
70027034,00317,06,6,20260604,203649,000000094101,1,5.39,5.39,0.00,0.00,S,,,CAD,CC
70027035,00317,03,1,20260604,163752,000000040203,1,16.29,16.29,0.00,0.00,S,,,CAD,GC
70027035,00317,03,2,20260604,163752,000000094202,0.877,2.69,2.36,0.00,0.00,S,,,CAD,GC
70027035,00317,03,3,20260604,163752,000000040102,0.758,23.09,17.50,0.00,0.00,S,,,CAD,GC
70027035,00317,03,4,20260604,163752,000000031102,1.042,27.19,28.33,0.00,0.00,S,,,CAD,GC
70027035,00317,03,5,20260604,163752,000000005103,2,9.49,18.98,0.00,0.00,S,,,CAD,GC
70027036,00317,02,1,20260604,143506,000004473002,1,3.79,3.79,0.57,0.20,S,6058721055,LY26W18,CAD,CC
70027036,00317,02,2,20260604,143506,000000031102,1.742,27.19,47.36,7.10,0.00,S,6058721055,LY26W18,CAD,CC
70027036,00317,02,3,20260604,143506,000000552001,1,6.09,6.09,0.00,0.38,S,6058721055,,CAD,CC
70027037,00317,06,1,20260604,145800,000000020103,1,6.79,6.79,0.00,0.00,S,6028569146,,CAD,CC
70027037,00317,06,2,20260604,145800,000000005013,1,5.29,5.29,0.00,0.00,S,6028569146,,CAD,CC
70027037,00317,06,3,20260604,145800,000004492003,1,3.09,3.09,0.00,0.19,S,6028569146,,CAD,CC
70027038,00317,03,1,20260604,95158,000004493001,1,7.49,7.49,0.00,0.47,S,,,CAD,DB
70027038,00317,03,2,20260604,95158,000000093325,0.851,5.39,4.59,0.00,0.00,S,,,CAD,DB
70027038,00317,03,3,20260604,95158,000004491002,1,9.49,9.49,0.00,0.59,S,,,CAD,DB
70027038,00317,03,4,20260604,95158,000004473002,1,3.79,3.79,0.00,0.24,S,,,CAD,DB
70027039,00317,02,1,20260604,160239,000004482003,1,7.49,7.49,0.00,0.47,S,,,CAD,GC
70027039,00317,02,2,20260604,160239,000000561002,1,10.19,10.19,0.00,0.64,S,,,CAD,GC
70027039,00317,02,3,20260604,160239,000000005013,1,5.29,5.29,0.00,0.00,S,,,CAD,GC
70027039,00317,02,4,20260604,160239,000000040202,2,20.39,40.78,0.00,0.00,S,,,CAD,GC
70027039,00317,02,5,20260604,160239,000004492002,1,1.99,1.99,0.00,0.12,S,,,CAD,GC
70027040,00317,03,1,20260604,74418,000000020102,2,4.69,9.38,0.00,0.00,S,6093289634,,CAD,GC
70027041,00317,03,1,20260604,202707,000000031101,0.659,33.99,22.40,0.00,0.00,S,,,CAD,DB
70027041,00317,03,2,20260604,202707,000004492002,1,1.99,1.99,0.00,0.12,S,,,CAD,DB
70027041,00317,03,3,20260604,202707,000000551021,1,16.29,16.29,0.00,1.02,S,,,CAD,DB
70027042,00317,06,1,20260604,120848,000000094301,0.999,5.99,5.98,0.00,0.00,S,,,CAD,CC
70027042,00317,06,2,20260604,120848,000004473002,1,3.79,3.79,0.00,0.24,S,,,CAD,CC
70027042,00317,06,3,20260604,120848,000004482002,2,24.49,48.98,0.00,3.06,S,,,CAD,CC
70027042,00317,06,4,20260604,120848,000000005201,2,5.39,10.78,0.00,0.00,S,,,CAD,CC
70027043,00322,01,1,20260604,81443,000000552001,2,6.09,12.18,0.00,0.76,S,,,CAD,GC
70027043,00322,01,2,20260604,81443,000000094201,1.669,2.29,3.82,0.00,0.00,S,,,CAD,GC
70027043,00322,01,3,20260604,81443,000004472002,1,6.09,6.09,0.00,0.38,S,,,CAD,GC
70027044,00322,06,1,20260604,94108,000004483002,2,4.69,9.38,0.00,0.59,S,,,CAD,DB
70027044,00322,06,2,20260604,94108,000004472002,2,6.09,12.18,0.00,0.76,S,,,CAD,DB
70027044,00322,06,3,20260604,94108,000004472001,1,5.39,5.39,0.00,0.34,S,,,CAD,DB
70027044,00322,06,4,20260604,94108,000000040201,1,12.19,12.19,0.00,0.00,S,,,CAD,DB
70027044,00322,06,5,20260604,94108,000004491002,1,9.49,9.49,0.00,0.59,S,,,CAD,DB
70027045,00322,01,1,20260604,165624,000000093410,0.718,5.39,3.87,0.58,0.00,S,6045056658,LY26W18,CAD,CC
70027045,00322,01,2,20260604,165624,000004472002,1,6.09,6.09,0.00,0.38,S,6045056658,,CAD,CC
70027045,00322,01,3,20260604,165624,000000561002,3,10.19,30.57,0.00,1.91,S,6045056658,,CAD,CC
70027045,00322,01,4,20260604,165624,000000005012,1,5.39,5.39,0.00,0.00,S,6045056658,,CAD,CC
70027046,01042,05,1,20260605,203959,000000020201,1,5.49,5.49,0.00,0.00,S,6049021666,,USD,GC
70027046,01042,05,2,20260605,203959,000004471040,3,2.49,7.47,0.00,0.47,S,6049021666,,USD,GC
70027046,01042,05,3,20260605,203959,000000040203,1,11.99,11.99,0.00,0.00,S,6049021666,,USD,GC
70027046,01042,05,4,20260605,203959,000004483001,1,4.99,4.99,0.00,0.31,S,6049021666,,USD,GC
70027047,01042,03,1,20260605,133413,000004483002,2,3.49,6.98,1.05,0.37,S,6086694320,LY26W18,USD,CS
70027047,01042,03,2,20260605,133413,000000093410,1.790,3.99,7.14,1.07,0.00,S,6086694320,LY26W18,USD,CS
70027047,01042,03,3,20260605,133413,000000020103,1,4.99,4.99,0.00,0.00,S,6086694320,,USD,CS
70027047,01042,03,4,20260605,133413,000000005101,1,7.99,7.99,0.00,0.00,S,6086694320,,USD,CS
70027047,01042,03,5,20260605,133413,000000020201,1,5.49,5.49,0.00,0.00,S,6086694320,,USD,CS
70027048,01042,02,1,20260605,183611,000004492003,1,2.29,2.29,0.00,0.14,S,6022946430,,USD,GC
70027049,01042,05,1,20260605,134932,000000093321,1.762,1.49,2.63,0.00,0.00,S,,,USD,CC
70027049,01042,05,2,20260605,134932,000004492001,1,1.79,1.79,0.00,0.11,S,,,USD,CC
70027049,01042,05,3,20260605,134932,000000561001,1,9.99,9.99,0.00,0.62,S,,,USD,CC
70027049,01042,05,4,20260605,134932,000000093502,1,3.99,3.99,0.00,0.00,S,,,USD,CC
70027049,01042,05,5,20260605,134932,000004473001,1,2.99,2.99,0.00,0.19,S,,,USD,CC
70027050,01042,06,1,20260605,140727,000000030103,1,8.99,8.99,0.00,0.00,S,,,USD,CC
70027051,01042,06,1,20260605,93738,000000093503,1,4.29,4.29,0.00,0.00,S,,,USD,CC
70027051,01042,06,2,20260605,93738,000000005103,1,6.99,6.99,0.00,0.00,S,,,USD,CC
70027051,01042,06,3,20260605,93738,000000020103,1,4.99,4.99,0.00,0.00,S,,,USD,CC
70027052,01042,05,1,20260605,200708,000004482002,1,17.99,17.99,0.00,1.12,S,,,USD,DB
70027052,01042,05,2,20260605,200708,000000094301,1.744,4.39,7.66,0.00,0.00,S,,,USD,DB
70027052,01042,05,3,20260605,200708,000000030103,1,8.99,8.99,0.00,0.00,S,,,USD,DB
70027053,01042,05,1,20260605,165816,000000020101,1,2.49,2.49,0.00,0.00,S,,,USD,CC
70027053,01042,05,2,20260605,165816,000000030103,2,8.99,17.98,0.00,0.00,S,,,USD,CC
70027053,01042,05,3,20260605,165816,000000040102,1.626,16.99,27.63,0.00,0.00,S,,,USD,CC
70027053,01042,05,4,20260605,165816,000000020202,1,5.99,5.99,0.00,0.00,S,,,USD,CC
70027053,01042,05,5,20260605,165816,000000030203,1,8.49,8.49,0.00,0.00,S,,,USD,CC
70027054,01042,02,1,20260605,94414,000004483002,1,3.49,3.49,0.00,0.22,S,,,USD,GC
70027054,01042,02,2,20260605,94414,000000030203,1,8.49,8.49,0.00,0.00,S,,,USD,GC
70027054,01042,02,3,20260605,94414,000004493001,1,5.49,5.49,0.00,0.34,S,,,USD,GC
70027054,01042,02,4,20260605,94414,000000094301,0.927,4.39,4.07,0.00,0.00,S,,,USD,GC
70027055,01042,02,1,20260605,162735,000000093501,1,4.49,4.49,0.00,0.00,S,,,USD,CC
70027055,01042,02,2,20260605,162735,000000031102,0.485,19.99,9.70,0.00,0.00,S,,,USD,CC
70027055,01042,02,3,20260605,162735,000000030203,2,8.49,16.98,0.00,0.00,S,,,USD,CC
70027056,01042,04,1,20260605,180207,000004481003,3,4.99,14.97,0.00,0.94,S,,,USD,GC
70027056,01042,04,2,20260605,180207,000000005012,2,3.99,7.98,0.00,0.00,S,,,USD,GC
70027057,01042,05,1,20260605,195255,000000094101,1,3.99,3.99,0.00,0.00,S,6015632135,,USD,CC
70027057,01042,05,2,20260605,195255,000004473003,1,3.49,3.49,0.00,0.22,S,6015632135,,USD,CC
70027057,01042,05,3,20260605,195255,000004473002,1,2.79,2.79,0.42,0.15,S,6015632135,LY26W18,USD,CC
70027057,01042,05,4,20260605,195255,000000031102,1.444,19.99,28.87,4.33,0.00,S,6015632135,LY26W18,USD,CC
70027057,01042,05,5,20260605,195255,000000562001,1,10.99,10.99,0.00,0.69,S,6015632135,,USD,CC
70027058,01042,06,1,20260605,134711,000000005103,1,6.99,6.99,0.00,0.00,S,,,USD,DB
70027058,01042,06,2,20260605,134711,000000030201,1,9.99,9.99,0.00,0.00,S,,,USD,DB
70027058,01042,06,3,20260605,134711,000000031102,1.297,19.99,25.93,0.00,0.00,S,,,USD,DB
70027058,01042,06,4,20260605,134711,000004493002,1,3.99,3.99,0.00,0.25,S,,,USD,DB
70027058,01042,06,5,20260605,134711,000000093325,1.772,3.99,7.07,0.00,0.00,S,,,USD,DB
70027059,01042,04,1,20260605,74747,000000020103,1,4.99,4.99,0.00,0.00,S,6067658617,,USD,CC
70027059,01042,04,2,20260605,74747,000000551020,2,13.99,27.98,0.00,1.75,S,6067658617,,USD,CC
70027059,01042,04,3,20260605,74747,000000552001,1,4.49,4.49,0.00,0.28,S,6067658617,,USD,CC
70027059,01042,04,4,20260605,74747,000000552001,1,4.49,4.49,0.00,0.28,V,6067658617,,USD,CC
70027060,01042,03,1,20260605,95249,000000040201,1,8.99,8.99,0.00,0.00,S,6010388629,,USD,GC
70027060,01042,03,2,20260605,95249,000000005020,2,4.49,8.98,0.00,0.00,S,6010388629,,USD,GC
70027060,01042,03,3,20260605,95249,000000031102,1.675,19.99,33.48,5.02,0.00,S,6010388629,LY26W18,USD,GC
70027060,01042,03,4,20260605,95249,000004472003,1,3.29,3.29,0.00,0.21,S,6010388629,,USD,GC
70027061,01107,02,1,20260605,172615,000000040102,0.894,16.99,15.19,0.00,0.00,S,,,USD,DB
70027061,01107,02,2,20260605,172615,000000005201,1,3.99,3.99,0.00,0.00,S,,,USD,DB
70027061,01107,02,3,20260605,172615,000004481003,1,4.99,4.99,0.00,0.31,S,,,USD,DB
70027061,01107,02,4,20260605,172615,000004481001,1,7.99,7.99,0.00,0.50,S,,,USD,DB
70027061,01107,02,5,20260605,172615,000000020202,1,5.99,5.99,0.00,0.00,S,,,USD,DB
70027062,01107,01,1,20260605,131947,000000020201,1,5.49,5.49,0.00,0.00,S,6026573275,,USD,CS
70027062,01107,01,2,20260605,131947,000004473002,1,2.79,2.79,0.42,0.15,S,6026573275,LY26W18,USD,CS
70027062,01107,01,3,20260605,131947,000000093321,1.324,1.49,1.97,0.00,0.00,S,6026573275,,USD,CS
70027062,01107,01,4,20260605,131947,000004482002,1,17.99,17.99,0.00,1.12,S,6026573275,,USD,CS
70027062,01107,01,5,20260605,131947,000000005201,1,3.99,3.99,0.00,0.00,S,6026573275,,USD,CS
70027062,01107,01,6,20260605,131947,000004473003,1,3.49,3.49,0.00,0.22,S,6026573275,,USD,CS
70027063,01107,04,1,20260605,162718,000004493002,1,3.99,3.99,0.00,0.25,S,,,USD,GC
70027063,01107,04,2,20260605,162718,000004482003,1,5.49,5.49,0.00,0.34,S,,,USD,GC
70027063,01107,04,3,20260605,162718,000004471023,1,3.49,3.49,0.00,0.22,S,,,USD,GC
70027063,01107,04,4,20260605,162718,000000562002,1,8.49,8.49,0.00,0.53,S,,,USD,GC
70027063,01107,04,5,20260605,162718,000004492001,1,1.79,1.79,0.00,0.11,S,,,USD,GC
70027063,01107,04,6,20260605,162718,000004472002,1,4.49,4.49,0.00,0.28,S,,,USD,GC
70027064,01107,03,1,20260605,123703,000000005103,1,6.99,6.99,1.05,0.00,S,6016162028,LY26W18,USD,DB
70027064,01107,03,2,20260605,123703,000000020103,2,4.99,9.98,0.00,0.00,S,6016162028,,USD,DB
70027064,01107,03,3,20260605,123703,000000040201,2,8.99,17.98,0.00,0.00,S,6016162028,,USD,DB
70027064,01107,03,4,20260605,123703,000000005201,1,3.99,3.99,0.00,0.00,S,6016162028,,USD,DB
70027065,01107,04,1,20260605,100417,000000020102,1,3.49,3.49,0.00,0.00,S,6016025643,,USD,CC
70027065,01107,04,2,20260605,100417,000000005020,1,4.49,4.49,0.00,0.00,S,6016025643,,USD,CC
70027065,01107,04,3,20260605,100417,000000005201,1,3.99,3.99,0.00,0.00,S,6016025643,,USD,CC
70027066,02210,04,1,20260605,200146,000000030202,1,11.49,11.49,0.00,0.00,S,,,USD,CC
70027066,02210,04,2,20260605,200146,000000020103,1,4.99,4.99,0.00,0.00,S,,,USD,CC
70027066,02210,04,3,20260605,200146,000004492001,2,1.79,3.58,0.00,0.22,S,,,USD,CC
70027066,02210,04,4,20260605,200146,000000094103,1,3.79,3.79,0.00,0.00,S,,,USD,CC
70027067,02210,02,1,20260605,190708,000000093502,1,3.99,3.99,0.00,0.00,S,6032424154,,USD,DB
70027067,02210,02,2,20260605,190708,000000040201,1,8.99,8.99,0.00,0.00,S,6032424154,,USD,DB
70027067,02210,02,3,20260605,190708,000004483002,1,3.49,3.49,0.52,0.19,S,6032424154,LY26W18,USD,DB
70027068,02210,06,1,20260605,100114,000000552002,2,3.99,7.98,0.00,0.50,S,6033154100,,USD,DB
70027068,02210,06,2,20260605,100114,000004472003,1,3.29,3.29,0.00,0.21,S,6033154100,,USD,DB
70027068,02210,06,3,20260605,100114,000000005302,2,3.49,6.98,0.00,0.00,S,6033154100,,USD,DB
70027069,02210,03,1,20260605,104019,000000005020,3,4.49,13.47,0.00,0.00,S,,,USD,CC
70027069,02210,03,2,20260605,104019,000000040101,1.451,18.99,27.55,0.00,0.00,S,,,USD,CC
70027070,02210,05,1,20260605,174237,000000005301,1,5.49,5.49,0.00,0.00,S,6009209819,,USD,DB
70027070,02210,05,2,20260605,174237,000000005103,2,6.99,13.98,2.10,0.00,S,6009209819,LY26W18,USD,DB
70027071,02210,04,1,20260605,132127,000000005102,1,5.49,5.49,0.00,0.00,S,,,USD,CC
70027071,02210,04,2,20260605,132127,000000005103,3,6.99,20.97,0.00,0.00,S,,,USD,CC
70027071,02210,04,3,20260605,132127,000000552002,2,3.99,7.98,0.00,0.50,S,,,USD,CC
70027072,02210,02,1,20260605,112853,000000093325,2.018,3.99,8.05,0.00,0.00,S,6065180170,,USD,CC
70027072,02210,02,2,20260605,112853,000004491002,1,6.99,6.99,0.00,0.44,S,6065180170,,USD,CC
70027072,02210,02,3,20260605,112853,000000005020,1,4.49,4.49,0.00,0.00,S,6065180170,,USD,CC
70027072,02210,02,4,20260605,112853,000000552001,1,4.49,4.49,0.00,0.28,S,6065180170,,USD,CC
70027072,02210,02,5,20260605,112853,000000005103,1,6.99,6.99,1.05,0.00,S,6065180170,LY26W18,USD,CC
70027073,02305,04,1,20260605,191009,000004481003,1,4.99,4.99,0.00,0.31,S,,,USD,CS
70027074,02305,01,1,20260605,133126,000000005103,1,6.99,6.99,0.00,0.00,S,,,USD,CS
70027074,02305,01,2,20260605,133126,000000005013,2,3.89,7.78,0.00,0.00,S,,,USD,CS
70027075,02305,05,1,20260605,180518,000000005012,1,3.99,3.99,0.00,0.00,R,,,USD,CC
70027076,02305,04,1,20260605,182913,000004472001,1,3.99,3.99,0.00,0.25,S,,,USD,DB
70027077,02305,06,1,20260605,74106,000004472001,1,3.99,3.99,0.00,0.25,S,,,USD,CC
70027078,02305,02,1,20260605,191510,000000005013,1,3.89,3.89,0.00,0.00,S,,,USD,CS
70027079,02305,02,1,20260605,173609,000000020201,1,5.49,5.49,0.00,0.00,S,6067345957,,USD,DB
70027079,02305,02,2,20260605,173609,000004473002,1,2.79,2.79,0.42,0.15,S,6067345957,LY26W18,USD,DB
70027079,02305,02,3,20260605,173609,000000020101,1,2.49,2.49,0.00,0.00,S,6067345957,,USD,DB
70027079,02305,02,4,20260605,173609,000000005103,1,6.99,6.99,1.05,0.00,S,6067345957,LY26W18,USD,DB
70027079,02305,02,5,20260605,173609,000000020201,1,5.49,5.49,0.00,0.00,V,6067345957,,USD,DB
70027080,02305,05,1,20260605,81950,000000020103,1,4.99,4.99,0.00,0.00,S,6065326909,,USD,CC
70027080,02305,05,2,20260605,81950,000000020101,3,2.49,7.47,0.00,0.00,S,6065326909,,USD,CC
70027081,03050,05,1,20260605,83956,000004472001,1,3.99,3.99,0.00,0.25,S,,,USD,CC
70027081,03050,05,2,20260605,83956,000000030103,1,8.99,8.99,0.00,0.00,S,,,USD,CC
70027082,03050,04,1,20260605,143046,000004483002,1,3.49,3.49,0.52,0.19,S,6014181861,LY26W18,USD,CC
70027083,03050,03,1,20260605,72036,000000093503,2,4.29,8.58,0.00,0.00,S,,,USD,DB
70027083,03050,03,2,20260605,72036,000004493002,1,3.99,3.99,0.00,0.25,S,,,USD,DB
70027083,03050,03,3,20260605,72036,000000551021,2,11.99,23.98,0.00,1.50,S,,,USD,DB
70027084,03050,06,1,20260605,112831,000004471040,1,2.49,2.49,0.00,0.16,S,6056481491,,USD,CS
70027085,03050,05,1,20260605,84749,000000005102,2,5.49,10.98,0.00,0.00,S,,,USD,DB
70027085,03050,05,2,20260605,84749,000004492001,1,1.79,1.79,0.00,0.11,S,,,USD,DB
70027085,03050,05,3,20260605,84749,000004493001,1,5.49,5.49,0.00,0.34,S,,,USD,DB
70027085,03050,05,4,20260605,84749,000000031102,1.344,19.99,26.87,0.00,0.00,S,,,USD,DB
70027085,03050,05,5,20260605,84749,000004492002,1,1.49,1.49,0.00,0.09,S,,,USD,DB
70027086,03050,05,1,20260605,72950,000000005103,1,6.99,6.99,1.05,0.00,S,6078498436,LY26W18,USD,DB
70027086,03050,05,2,20260605,72950,000000020102,1,3.49,3.49,0.00,0.00,S,6078498436,,USD,DB
70027086,03050,05,3,20260605,72950,000000005103,1,6.99,6.99,0.00,0.00,V,6078498436,,USD,DB
70027087,03050,04,1,20260605,145035,000000561001,1,9.99,9.99,0.00,0.62,S,6095799270,,USD,CC
70027087,03050,04,2,20260605,145035,000004473003,1,3.49,3.49,0.00,0.22,S,6095799270,,USD,CC
70027087,03050,04,3,20260605,145035,000000094202,0.421,1.99,0.84,0.00,0.00,S,6095799270,,USD,CC
70027088,00317,03,1,20260605,171229,000000020103,1,6.79,6.79,0.00,0.00,S,,,CAD,CS
70027088,00317,03,2,20260605,171229,000000094201,1.368,2.29,3.13,0.00,0.00,S,,,CAD,CS
70027088,00317,03,3,20260605,171229,000000005013,1,5.29,5.29,0.00,0.00,S,,,CAD,CS
70027088,00317,03,4,20260605,171229,000004491001,1,3.39,3.39,0.00,0.21,S,,,CAD,CS
70027089,00317,02,1,20260605,133045,000004493001,1,7.49,7.49,0.00,0.47,S,6042717396,,CAD,DB
70027090,00317,03,1,20260605,144600,000000093410,1.087,5.39,5.86,0.00,0.00,S,,,CAD,CS
70027090,00317,03,2,20260605,144600,000000093322,2.081,2.69,5.60,0.00,0.00,S,,,CAD,CS
70027090,00317,03,3,20260605,144600,000000093325,1.602,5.39,8.63,0.00,0.00,S,,,CAD,CS
70027090,00317,03,4,20260605,144600,000004483002,1,4.69,4.69,0.00,0.29,S,,,CAD,CS
70027090,00317,03,5,20260605,144600,000004473002,1,3.79,3.79,0.00,0.24,S,,,CAD,CS
70027090,00317,03,6,20260605,144600,000004471040,1,3.39,3.39,0.00,0.21,S,,,CAD,CS
70027091,00317,01,1,20260605,154201,000000005102,1,7.49,7.49,0.00,0.00,S,6096180332,,CAD,GC
70027091,00317,01,2,20260605,154201,000000031101,1.557,33.99,52.92,0.00,0.00,S,6096180332,,CAD,GC
70027091,00317,01,3,20260605,154201,000000093501,1,6.09,6.09,0.00,0.00,S,6096180332,,CAD,GC
70027092,00317,01,1,20260605,100442,000004472002,1,6.09,6.09,0.00,0.38,S,,,CAD,CC
70027093,00317,01,1,20260605,201608,000000005103,1,9.49,9.49,1.42,0.00,S,6029311005,LY26W18,CAD,DB
70027093,00317,01,2,20260605,201608,000000552001,1,6.09,6.09,0.00,0.38,S,6029311005,,CAD,DB
70027093,00317,01,3,20260605,201608,000004472003,1,4.49,4.49,0.00,0.28,S,6029311005,,CAD,DB
70027093,00317,01,4,20260605,201608,000000005020,1,6.09,6.09,0.00,0.00,S,6029311005,,CAD,DB
70027094,00317,01,1,20260605,123543,000004481001,1,10.89,10.89,0.00,0.68,S,,,CAD,DB
70027095,00317,03,1,20260605,171633,000000552001,1,6.09,6.09,0.00,0.38,S,,,CAD,CC
70027095,00317,03,2,20260605,171633,000000093325,1.462,5.39,7.88,0.00,0.00,S,,,CAD,CC
70027096,00322,02,1,20260605,85459,000004473003,2,4.69,9.38,0.00,0.59,S,6073864631,,CAD,CC
70027096,00322,02,2,20260605,85459,000000040201,1,12.19,12.19,0.00,0.00,S,6073864631,,CAD,CC
70027096,00322,02,3,20260605,85459,000000030202,1,15.59,15.59,0.00,0.00,S,6073864631,,CAD,CC
70027096,00322,02,4,20260605,85459,000000005201,1,5.39,5.39,0.00,0.00,S,6073864631,,CAD,CC
70027096,00322,02,5,20260605,85459,000004483002,1,4.69,4.69,0.70,0.25,S,6073864631,LY26W18,CAD,CC
70027097,00322,02,1,20260605,162412,000000005013,1,5.29,5.29,0.00,0.00,S,,,CAD,CS
70027097,00322,02,2,20260605,162412,000000005301,1,7.49,7.49,0.00,0.00,S,,,CAD,CS
70027097,00322,02,3,20260605,162412,000000020202,2,8.09,16.18,0.00,0.00,S,,,CAD,CS
70027098,00322,06,1,20260605,171935,000000093502,1,5.39,5.39,0.00,0.00,R,,,CAD,DB
70027099,00322,04,1,20260605,75036,000000005201,1,5.39,5.39,0.00,0.00,S,,,CAD,CS
70027099,00322,04,2,20260605,75036,000004482002,1,24.49,24.49,0.00,1.53,S,,,CAD,CS
70027099,00322,04,3,20260605,75036,000000040101,0.796,25.79,20.53,0.00,0.00,S,,,CAD,CS
70027100,00322,06,1,20260605,173449,000000005301,2,7.49,14.98,0.00,0.00,S,,,CAD,CC
70027100,00322,06,2,20260605,173449,000004491001,2,3.39,6.78,0.00,0.42,S,,,CAD,CC
70027100,00322,06,3,20260605,173449,000000093410,0.683,5.39,3.68,0.00,0.00,S,,,CAD,CC
70027100,00322,06,4,20260605,173449,000004472001,1,5.39,5.39,0.00,0.34,S,,,CAD,CC
70027100,00322,06,5,20260605,173449,000004473003,1,4.69,4.69,0.00,0.29,S,,,CAD,CC
70027101,00322,03,1,20260605,71122,000000005202,1,8.09,8.09,0.00,0.00,S,6040433700,,CAD,DB
70027102,00322,05,1,20260605,123217,000000040203,1,16.29,16.29,0.00,0.00,S,,,CAD,GC
70027102,00322,05,2,20260605,123217,000000005101,1,10.89,10.89,0.00,0.00,S,,,CAD,GC
70027102,00322,05,3,20260605,123217,000000020101,1,3.39,3.39,0.00,0.00,S,,,CAD,GC
70027103,00322,05,1,20260605,211054,000004471023,2,4.69,9.38,0.00,0.59,S,6027624671,,CAD,DB
70027103,00322,05,2,20260605,211054,000004492002,1,1.99,1.99,0.00,0.12,S,6027624671,,CAD,DB
70027103,00322,05,3,20260605,211054,000004483001,1,6.79,6.79,0.00,0.42,S,6027624671,,CAD,DB
70027103,00322,05,4,20260605,211054,000004473002,1,3.79,3.79,0.57,0.20,S,6027624671,LY26W18,CAD,DB
70027103,00322,05,5,20260605,211054,000000020103,2,6.79,13.58,0.00,0.00,S,6027624671,,CAD,DB
70027103,00322,05,6,20260605,211054,000000005013,1,5.29,5.29,0.00,0.00,S,6027624671,,CAD,DB
70027104,00322,03,1,20260605,160036,000004473001,2,4.09,8.18,0.00,0.51,S,,,CAD,CC
70027105,01042,02,1,20260606,93358,000000552002,1,3.99,3.99,0.00,0.25,S,,,USD,DB
70027105,01042,02,2,20260606,93358,000000562002,1,8.49,8.49,0.00,0.53,S,,,USD,DB
70027105,01042,02,3,20260606,93358,000000020201,1,5.49,5.49,0.00,0.00,S,,,USD,DB
70027106,01042,04,1,20260606,102209,000000094202,1.483,1.99,2.95,0.00,0.00,S,,,USD,CS
70027107,01042,06,1,20260606,75155,000000552001,1,4.49,4.49,0.00,0.28,S,6036374545,,USD,CC
70027107,01042,06,2,20260606,75155,000004483002,1,3.49,3.49,0.52,0.19,S,6036374545,LY26W18,USD,CC
70027107,01042,06,3,20260606,75155,000004472001,1,3.99,3.99,0.60,0.21,S,6036374545,LY26W18,USD,CC
70027108,01042,05,1,20260606,153131,000000093401,0.993,5.49,5.45,0.00,0.00,S,6088436604,,USD,DB
70027109,01042,01,1,20260606,111011,000000005102,1,5.49,5.49,0.00,0.00,S,6075884252,,USD,CC
70027109,01042,01,2,20260606,111011,000000005102,2,5.49,10.98,0.00,0.00,S,6075884252,,USD,CC
70027109,01042,01,3,20260606,111011,000000040203,1,11.99,11.99,0.00,0.00,S,6075884252,,USD,CC
70027109,01042,01,4,20260606,111011,000000030103,3,8.99,26.97,0.00,0.00,S,6075884252,,USD,CC
70027110,01042,05,1,20260606,160125,000004472001,1,3.99,3.99,0.60,0.21,S,6002877217,LY26W18,USD,CS
70027111,01042,01,1,20260606,82338,000000094202,2.107,1.99,4.19,0.00,0.00,S,,,USD,CC
70027111,01042,01,2,20260606,82338,000000040202,1,14.99,14.99,0.00,0.00,S,,,USD,CC
70027111,01042,01,3,20260606,82338,000000005103,1,6.99,6.99,0.00,0.00,S,,,USD,CC
70027111,01042,01,4,20260606,82338,000000031101,0.427,24.99,10.67,0.00,0.00,S,,,USD,CC
70027112,01042,06,1,20260606,215949,000000552002,1,3.99,3.99,0.00,0.25,S,,,USD,DB
70027112,01042,06,2,20260606,215949,000000020201,1,5.49,5.49,0.00,0.00,S,,,USD,DB
70027112,01042,06,3,20260606,215949,000004491003,1,1.99,1.99,0.00,0.12,S,,,USD,DB
70027112,01042,06,4,20260606,215949,000000005103,1,6.99,6.99,0.00,0.00,S,,,USD,DB
70027113,01042,01,1,20260606,103036,000000562001,1,10.99,10.99,0.00,0.69,S,,,USD,CC
70027113,01042,01,2,20260606,103036,000000094101,2,3.99,7.98,0.00,0.00,S,,,USD,CC
70027113,01042,01,3,20260606,103036,000000005201,1,3.99,3.99,0.00,0.00,S,,,USD,CC
70027113,01042,01,4,20260606,103036,000000020202,2,5.99,11.98,0.00,0.00,S,,,USD,CC
70027113,01042,01,5,20260606,103036,000004472003,1,3.29,3.29,0.00,0.21,S,,,USD,CC
70027113,01042,01,6,20260606,103036,000000094101,2,3.99,7.98,0.00,0.00,S,,,USD,CC
70027114,01042,03,1,20260606,161753,000004492002,2,1.49,2.98,0.00,0.19,S,,,USD,CS
70027114,01042,03,2,20260606,161753,000000093502,1,3.99,3.99,0.00,0.00,S,,,USD,CS
70027114,01042,03,3,20260606,161753,000000005102,1,5.49,5.49,0.00,0.00,S,,,USD,CS
70027114,01042,03,4,20260606,161753,000004472001,1,3.99,3.99,0.00,0.25,S,,,USD,CS
70027115,01042,05,1,20260606,110729,000004493002,1,3.99,3.99,0.00,0.25,S,6021667467,,USD,CC
70027115,01042,05,2,20260606,110729,000000005013,1,3.89,3.89,0.00,0.00,S,6021667467,,USD,CC
70027115,01042,05,3,20260606,110729,000000005012,1,3.99,3.99,0.00,0.00,S,6021667467,,USD,CC
70027115,01042,05,4,20260606,110729,000000020201,1,5.49,5.49,0.00,0.00,S,6021667467,,USD,CC
70027115,01042,05,5,20260606,110729,000000005103,1,6.99,6.99,1.05,0.00,S,6021667467,LY26W18,USD,CC
70027116,01107,02,1,20260606,185407,000000005201,3,3.99,11.97,0.00,0.00,S,,,USD,CC
70027116,01107,02,2,20260606,185407,000000040203,1,11.99,11.99,0.00,0.00,S,,,USD,CC
70027116,01107,02,3,20260606,185407,000004492003,1,2.29,2.29,0.00,0.14,S,,,USD,CC
70027116,01107,02,4,20260606,185407,000000005103,1,6.99,6.99,0.00,0.00,S,,,USD,CC
70027117,01107,05,1,20260606,125139,000004483002,1,3.49,3.49,0.00,0.22,S,,,USD,CS
70027118,01107,04,1,20260606,83313,000000020202,1,5.99,5.99,0.00,0.00,S,6056506098,,USD,DB
70027118,01107,04,2,20260606,83313,000000020102,1,3.49,3.49,0.00,0.00,S,6056506098,,USD,DB
70027118,01107,04,3,20260606,83313,000000093501,1,4.49,4.49,0.00,0.00,S,6056506098,,USD,DB
70027118,01107,04,4,20260606,83313,000004471040,1,2.49,2.49,0.00,0.16,S,6056506098,,USD,DB
70027119,01107,01,1,20260606,74720,000000005202,1,5.99,5.99,0.00,0.00,S,,,USD,CS
70027119,01107,01,2,20260606,74720,000000005101,1,7.99,7.99,0.00,0.00,S,,,USD,CS
70027119,01107,01,3,20260606,74720,000004472001,1,3.99,3.99,0.00,0.25,S,,,USD,CS
70027119,01107,01,4,20260606,74720,000004482003,1,5.49,5.49,0.00,0.34,S,,,USD,CS
70027120,02210,01,1,20260606,115655,000000551021,1,11.99,11.99,0.00,0.75,S,6018129826,,USD,CS
70027121,02210,02,1,20260606,214240,000004473003,2,3.49,6.98,0.00,0.44,S,6014014011,,USD,CC
70027121,02210,02,2,20260606,214240,000004472001,1,3.99,3.99,0.60,0.21,S,6014014011,LY26W18,USD,CC
70027121,02210,02,3,20260606,214240,000000552001,1,4.49,4.49,0.00,0.28,S,6014014011,,USD,CC
70027122,02210,05,1,20260606,181831,000000005012,3,3.99,11.97,0.00,0.00,S,,,USD,GC
70027123,02210,06,1,20260606,181206,000000030201,1,9.99,9.99,0.00,0.00,S,6025621689,,USD,GC
70027124,02210,04,1,20260606,173319,000000094301,0.348,4.39,1.53,0.00,0.00,S,,,USD,DB
70027124,02210,04,2,20260606,173319,000000094202,1.107,1.99,2.20,0.00,0.00,S,,,USD,DB
70027124,02210,04,3,20260606,173319,000000040202,1,14.99,14.99,0.00,0.00,S,,,USD,DB
70027124,02210,04,4,20260606,173319,000000020102,1,3.49,3.49,0.00,0.00,S,,,USD,DB
70027124,02210,04,5,20260606,173319,000000562002,1,8.49,8.49,0.00,0.53,S,,,USD,DB
70027125,02210,02,1,20260606,71023,000004481001,1,7.99,7.99,0.00,0.50,S,,,USD,DB
70027125,02210,02,2,20260606,71023,000000020101,1,2.49,2.49,0.00,0.00,S,,,USD,DB
70027125,02210,02,3,20260606,71023,000004472003,1,3.29,3.29,0.00,0.21,S,,,USD,DB
70027126,02210,06,1,20260606,75041,000000005012,1,3.99,3.99,0.00,0.00,S,6075243728,,USD,DB
70027126,02210,06,2,20260606,75041,000000020103,2,4.99,9.98,0.00,0.00,S,6075243728,,USD,DB
70027126,02210,06,3,20260606,75041,000000005201,1,3.99,3.99,0.00,0.00,S,6075243728,,USD,DB
70027126,02210,06,4,20260606,75041,000004473003,1,3.49,3.49,0.00,0.22,S,6075243728,,USD,DB
70027126,02210,06,5,20260606,75041,000004473003,1,3.49,3.49,0.00,0.22,V,6075243728,,USD,DB
70027127,02210,06,1,20260606,161129,000000040202,1,14.99,14.99,0.00,0.00,S,6098262244,,USD,CC
70027127,02210,06,2,20260606,161129,000004483002,1,3.49,3.49,0.52,0.19,S,6098262244,LY26W18,USD,CC
70027127,02210,06,3,20260606,161129,000000031101,0.637,24.99,15.92,0.00,0.00,S,6098262244,,USD,CC
70027127,02210,06,4,20260606,161129,000000040203,3,11.99,35.97,0.00,0.00,S,6098262244,,USD,CC
70027127,02210,06,5,20260606,161129,000004481003,1,4.99,4.99,0.00,0.31,S,6098262244,,USD,CC
70027127,02210,06,6,20260606,161129,000000094203,0.950,1.49,1.42,0.00,0.00,S,6098262244,,USD,CC
70027128,02210,04,1,20260606,185550,000004473001,1,2.99,2.99,0.00,0.19,S,,,USD,DB
70027129,02210,05,1,20260606,191231,000000040101,0.406,18.99,7.71,0.00,0.00,S,6017656360,,USD,CC
70027129,02210,05,2,20260606,191231,000000040203,1,11.99,11.99,0.00,0.00,S,6017656360,,USD,CC
70027129,02210,05,3,20260606,191231,000000094102,1,3.49,3.49,0.00,0.00,S,6017656360,,USD,CC
70027129,02210,05,4,20260606,191231,000004491001,1,2.49,2.49,0.00,0.16,S,6017656360,,USD,CC
70027130,02305,02,1,20260606,95033,000004493001,2,5.49,10.98,0.00,0.69,S,,,USD,CC
70027130,02305,02,2,20260606,95033,000004482001,1,13.99,13.99,0.00,0.87,S,,,USD,CC
70027130,02305,02,3,20260606,95033,000004482002,1,17.99,17.99,0.00,1.12,S,,,USD,CC
70027130,02305,02,4,20260606,95033,000000093322,2.020,1.99,4.02,0.00,0.00,S,,,USD,CC
70027130,02305,02,5,20260606,95033,000004472001,1,3.99,3.99,0.00,0.25,S,,,USD,CC
70027131,02305,04,1,20260606,170834,000004481003,1,4.99,4.99,0.00,0.31,S,6026265826,,USD,DB
70027132,02305,03,1,20260606,130623,000000020101,1,2.49,2.49,0.00,0.00,S,6036060148,,USD,GC
70027132,02305,03,2,20260606,130623,000004491003,1,1.99,1.99,0.00,0.12,S,6036060148,,USD,GC
70027133,02305,01,1,20260606,70403,000000093410,2.040,3.99,8.14,0.00,0.00,S,,,USD,GC
70027134,02305,05,1,20260606,142450,000004483002,1,3.49,3.49,0.00,0.22,R,,,USD,GC
70027135,02305,02,1,20260606,131510,000004473002,2,2.79,5.58,0.84,0.30,S,6060229394,LY26W18,USD,CC
70027135,02305,02,2,20260606,131510,000000093501,1,4.49,4.49,0.00,0.00,S,6060229394,,USD,CC
70027135,02305,02,3,20260606,131510,000004482001,1,13.99,13.99,0.00,0.87,S,6060229394,,USD,CC
70027136,02305,02,1,20260606,170631,000000094102,1,3.49,3.49,0.00,0.00,S,6031310094,,USD,CC
70027136,02305,02,2,20260606,170631,000000005302,1,3.49,3.49,0.00,0.00,S,6031310094,,USD,CC
70027136,02305,02,3,20260606,170631,000004492003,1,2.29,2.29,0.00,0.14,S,6031310094,,USD,CC
70027136,02305,02,4,20260606,170631,000000093325,0.580,3.99,2.31,0.00,0.00,S,6031310094,,USD,CC
70027136,02305,02,5,20260606,170631,000000005202,1,5.99,5.99,0.00,0.00,S,6031310094,,USD,CC
70027136,02305,02,6,20260606,170631,000000094201,1.674,1.69,2.83,0.00,0.00,S,6031310094,,USD,CC
70027137,02305,03,1,20260606,85739,000004473003,2,3.49,6.98,0.00,0.44,S,6081826886,,USD,CC
70027138,02305,03,1,20260606,162808,000004471023,1,3.49,3.49,0.00,0.22,S,,,USD,CS
70027138,02305,03,2,20260606,162808,000000020202,1,5.99,5.99,0.00,0.00,S,,,USD,CS
70027138,02305,03,3,20260606,162808,000000005103,1,6.99,6.99,0.00,0.00,S,,,USD,CS
70027138,02305,03,4,20260606,162808,000000005020,1,4.49,4.49,0.00,0.00,S,,,USD,CS
70027138,02305,03,5,20260606,162808,000000005012,1,3.99,3.99,0.00,0.00,S,,,USD,CS
70027138,02305,03,6,20260606,162808,000000040202,1,14.99,14.99,0.00,0.00,S,,,USD,CS
70027139,02305,04,1,20260606,170307,000000020201,1,5.49,5.49,0.00,0.00,S,,,USD,GC
70027139,02305,04,2,20260606,170307,000000093501,1,4.49,4.49,0.00,0.00,S,,,USD,GC
70027139,02305,04,3,20260606,170307,000004492002,1,1.49,1.49,0.00,0.09,S,,,USD,GC
70027139,02305,04,4,20260606,170307,000004473002,1,2.79,2.79,0.00,0.17,S,,,USD,GC
70027139,02305,04,5,20260606,170307,000000093402,0.767,3.29,2.52,0.00,0.00,S,,,USD,GC
70027139,02305,04,6,20260606,170307,000000020102,1,3.49,3.49,0.00,0.00,S,,,USD,GC
70027140,03050,06,1,20260606,191228,000004471030,2,3.99,7.98,0.00,0.50,S,,,USD,DB
70027140,03050,06,2,20260606,191228,000000030102,1,14.99,14.99,0.00,0.00,S,,,USD,DB
70027141,03050,02,1,20260606,185845,000000093501,1,4.49,4.49,0.00,0.00,S,,,USD,DB
70027141,03050,02,2,20260606,185845,000000005302,1,3.49,3.49,0.00,0.00,S,,,USD,DB
70027141,03050,02,3,20260606,185845,000000020101,2,2.49,4.98,0.00,0.00,S,,,USD,DB
70027142,03050,03,1,20260606,215113,000000094101,1,3.99,3.99,0.00,0.00,S,6022784699,,USD,GC
70027142,03050,03,2,20260606,215113,000000020102,1,3.49,3.49,0.00,0.00,S,6022784699,,USD,GC
70027142,03050,03,3,20260606,215113,000004471030,1,3.99,3.99,0.00,0.25,S,6022784699,,USD,GC
70027142,03050,03,4,20260606,215113,000000093402,2.185,3.29,7.19,0.00,0.00,S,6022784699,,USD,GC
70027142,03050,03,5,20260606,215113,000004481003,1,4.99,4.99,0.00,0.31,S,6022784699,,USD,GC
70027142,03050,03,6,20260606,215113,000000093401,0.328,5.49,1.80,0.00,0.00,S,6022784699,,USD,GC
70027143,03050,03,1,20260606,192732,000004493002,1,3.99,3.99,0.00,0.25,S,,,USD,DB
70027143,03050,03,2,20260606,192732,000004483001,2,4.99,9.98,0.00,0.62,S,,,USD,DB
70027143,03050,03,3,20260606,192732,000004472001,2,3.99,7.98,0.00,0.50,S,,,USD,DB
70027143,03050,03,4,20260606,192732,000000551021,1,11.99,11.99,0.00,0.75,S,,,USD,DB
70027143,03050,03,5,20260606,192732,000000030103,1,8.99,8.99,0.00,0.00,S,,,USD,DB
70027143,03050,03,6,20260606,192732,000004483001,2,4.99,9.98,0.00,0.62,S,,,USD,DB
70027144,03050,01,1,20260606,212714,000000562001,1,10.99,10.99,0.00,0.69,S,6066742860,,USD,DB
70027145,03050,05,1,20260606,182347,000000020102,1,3.49,3.49,0.00,0.00,S,,,USD,GC
70027146,03050,02,1,20260606,151515,000000030202,1,11.49,11.49,0.00,0.00,S,6032290310,,USD,GC
70027146,03050,02,2,20260606,151515,000000005202,1,5.99,5.99,0.00,0.00,S,6032290310,,USD,GC
70027146,03050,02,3,20260606,151515,000000551020,1,13.99,13.99,0.00,0.87,S,6032290310,,USD,GC
70027146,03050,02,4,20260606,151515,000000094201,1.940,1.69,3.28,0.00,0.00,S,6032290310,,USD,GC
70027147,03050,03,1,20260606,130550,000000094203,1.381,1.49,2.06,0.00,0.00,S,6033738987,,USD,CC
70027147,03050,03,2,20260606,130550,000000552001,2,4.49,8.98,0.00,0.56,S,6033738987,,USD,CC
70027147,03050,03,3,20260606,130550,000004473001,1,2.99,2.99,0.00,0.19,S,6033738987,,USD,CC
70027147,03050,03,4,20260606,130550,000000005101,1,7.99,7.99,0.00,0.00,S,6033738987,,USD,CC
70027148,03050,02,1,20260606,173005,000000030202,1,11.49,11.49,0.00,0.00,S,6085239868,,USD,DB
70027148,03050,02,2,20260606,173005,000000005102,2,5.49,10.98,0.00,0.00,S,6085239868,,USD,DB
70027148,03050,02,3,20260606,173005,000000005020,1,4.49,4.49,0.00,0.00,S,6085239868,,USD,DB
70027149,03050,05,1,20260606,124539,000004473001,1,2.99,2.99,0.00,0.19,S,,,USD,DB
70027149,03050,05,2,20260606,124539,000004471023,1,3.49,3.49,0.00,0.22,S,,,USD,DB
70027149,03050,05,3,20260606,124539,000000005301,2,5.49,10.98,0.00,0.00,S,,,USD,DB
70027149,03050,05,4,20260606,124539,000004471030,1,3.99,3.99,0.00,0.25,S,,,USD,DB
70027150,00317,05,1,20260606,112541,000000094101,1,5.39,5.39,0.00,0.00,S,,,CAD,CC
70027150,00317,05,2,20260606,112541,000004483002,1,4.69,4.69,0.00,0.29,S,,,CAD,CC
70027151,00317,05,1,20260606,82634,000004472050,2,5.39,10.78,0.00,0.67,S,6064455618,,CAD,DB
70027151,00317,05,2,20260606,82634,000000094201,1.118,2.29,2.56,0.00,0.00,S,6064455618,,CAD,DB
70027151,00317,05,3,20260606,82634,000004483002,1,4.69,4.69,0.70,0.25,S,6064455618,LY26W18,CAD,DB
70027151,00317,05,4,20260606,82634,000000093321,1.608,1.99,3.20,0.00,0.00,S,6064455618,,CAD,DB
70027151,00317,05,5,20260606,82634,000000020201,1,7.49,7.49,0.00,0.00,S,6064455618,,CAD,DB
70027151,00317,05,6,20260606,82634,000000005102,1,7.49,7.49,0.00,0.00,S,6064455618,,CAD,DB
70027152,00317,05,1,20260606,90226,000000094102,1,4.69,4.69,0.00,0.00,S,6037660144,,CAD,GC
70027152,00317,05,2,20260606,90226,000004483002,1,4.69,4.69,0.70,0.25,S,6037660144,LY26W18,CAD,GC
70027152,00317,05,3,20260606,90226,000000094101,3,5.39,16.17,0.00,0.00,S,6037660144,,CAD,GC
70027152,00317,05,4,20260606,90226,000004491002,1,9.49,9.49,0.00,0.59,S,6037660144,,CAD,GC
70027153,00317,03,1,20260606,153024,000000005202,1,8.09,8.09,0.00,0.00,S,6001322342,,CAD,DB
70027154,00317,01,1,20260606,70337,000000030103,1,12.19,12.19,0.00,0.00,S,,,CAD,CC
70027154,00317,01,2,20260606,70337,000000040201,1,12.19,12.19,0.00,0.00,S,,,CAD,CC
70027155,00317,03,1,20260606,202705,000004492001,1,2.39,2.39,0.00,0.15,S,6011182422,,CAD,GC
70027155,00317,03,2,20260606,202705,000000005201,1,5.39,5.39,0.00,0.00,S,6011182422,,CAD,GC
70027155,00317,03,3,20260606,202705,000000020202,1,8.09,8.09,0.00,0.00,S,6011182422,,CAD,GC
70027156,00317,04,1,20260606,140915,000004471040,2,3.39,6.78,0.00,0.42,S,,,CAD,CS
70027156,00317,04,2,20260606,140915,000000093501,1,6.09,6.09,0.00,0.00,S,,,CAD,CS
70027157,00317,04,1,20260606,161844,000000040101,0.274,25.79,7.07,0.00,0.00,S,,,CAD,DB
70027157,00317,04,2,20260606,161844,000000020102,1,4.69,4.69,0.00,0.00,S,,,CAD,DB
70027158,00317,06,1,20260606,71123,000000094302,0.346,7.49,2.59,0.00,0.00,S,6096111102,,CAD,CS
70027159,00317,05,1,20260606,142348,000000094202,1.735,2.69,4.67,0.00,0.00,S,,,CAD,CS
70027159,00317,05,2,20260606,142348,000004471040,3,3.39,10.17,0.00,0.64,S,,,CAD,CS
70027159,00317,05,3,20260606,142348,000000093321,1.602,1.99,3.19,0.00,0.00,S,,,CAD,CS
70027160,00317,03,1,20260606,174346,000000094102,2,4.69,9.38,0.00,0.00,S,,,CAD,CC
70027160,00317,03,2,20260606,174346,000004482003,1,7.49,7.49,0.00,0.47,S,,,CAD,CC
70027161,00317,03,1,20260606,204845,000000093325,1.474,5.39,7.94,0.00,0.00,S,,,CAD,CS
70027161,00317,03,2,20260606,204845,000000093322,1.039,2.69,2.79,0.00,0.00,S,,,CAD,CS
70027161,00317,03,3,20260606,204845,000004473001,1,4.09,4.09,0.00,0.26,S,,,CAD,CS
70027162,00317,02,1,20260606,173705,000000040101,1.471,25.79,37.94,0.00,0.00,S,6042954316,,CAD,GC
70027162,00317,02,2,20260606,173705,000004473002,1,3.79,3.79,0.57,0.20,S,6042954316,LY26W18,CAD,GC
70027162,00317,02,3,20260606,173705,000004472002,2,6.09,12.18,0.00,0.76,S,6042954316,,CAD,GC
70027162,00317,02,4,20260606,173705,000000030201,1,13.59,13.59,0.00,0.00,S,6042954316,,CAD,GC
70027163,00317,01,1,20260606,152417,000000005102,1,7.49,7.49,0.00,0.00,S,6056666832,,CAD,DB
70027163,00317,01,2,20260606,152417,000004483002,1,4.69,4.69,0.70,0.25,S,6056666832,LY26W18,CAD,DB
70027163,00317,01,3,20260606,152417,000004491002,1,9.49,9.49,0.00,0.59,S,6056666832,,CAD,DB
70027163,00317,01,4,20260606,152417,000000005102,1,7.49,7.49,0.00,0.00,V,6056666832,,CAD,DB
70027164,00317,01,1,20260606,80604,000000093321,1.587,1.99,3.16,0.00,0.00,S,6020952004,,CAD,DB
70027164,00317,01,2,20260606,80604,000000094102,1,4.69,4.69,0.00,0.00,S,6020952004,,CAD,DB
70027164,00317,01,3,20260606,80604,000000094201,0.963,2.29,2.21,0.00,0.00,S,6020952004,,CAD,DB
70027164,00317,01,4,20260606,80604,000004491002,1,9.49,9.49,0.00,0.59,S,6020952004,,CAD,DB
70027165,00322,06,1,20260606,162851,000004493002,1,5.39,5.39,0.00,0.34,S,,,CAD,CC
70027165,00322,06,2,20260606,162851,000004482003,2,7.49,14.98,0.00,0.94,S,,,CAD,CC
70027165,00322,06,3,20260606,162851,000004492050,1,2.99,2.99,0.00,0.19,S,,,CAD,CC
70027165,00322,06,4,20260606,162851,000004491003,2,2.69,5.38,0.00,0.34,S,,,CAD,CC
70027166,01042,06,1,20260607,203105,000000561001,1,9.99,9.99,0.00,0.62,S,6099077262,,USD,GC
70027166,01042,06,2,20260607,203105,000000005302,1,3.49,3.49,0.00,0.00,S,6099077262,,USD,GC
70027166,01042,06,3,20260607,203105,000000020102,1,3.49,3.49,0.52,0.00,S,6099077262,LY26W19,USD,GC
70027167,01042,03,1,20260607,135900,000000094101,1,3.99,3.99,0.00,0.00,S,,,USD,CC
70027167,01042,03,2,20260607,135900,000004483002,1,3.49,3.49,0.00,0.22,S,,,USD,CC
70027167,01042,03,3,20260607,135900,000000005012,1,3.99,3.99,0.00,0.00,S,,,USD,CC
70027167,01042,03,4,20260607,135900,000000020102,1,3.49,3.49,0.00,0.00,S,,,USD,CC
70027167,01042,03,5,20260607,135900,000004471023,1,3.49,3.49,0.00,0.22,S,,,USD,CC
70027167,01042,03,6,20260607,135900,000000551021,1,11.99,11.99,0.00,0.75,S,,,USD,CC
70027168,01042,04,1,20260607,204520,000004492003,3,2.29,6.87,0.00,0.43,S,,,USD,DB
70027169,01042,06,1,20260607,165621,000000020201,3,5.49,16.47,0.00,0.00,S,6028127358,,USD,DB
70027169,01042,06,2,20260607,165621,000004491001,1,2.49,2.49,0.00,0.16,S,6028127358,,USD,DB
70027169,01042,06,3,20260607,165621,000004472002,1,4.49,4.49,0.00,0.28,S,6028127358,,USD,DB
70027169,01042,06,4,20260607,165621,000000020102,2,3.49,6.98,1.05,0.00,S,6028127358,LY26W19,USD,DB
70027170,01042,03,1,20260607,82832,000004493002,1,3.99,3.99,0.00,0.25,S,6023248763,,USD,CS
70027171,01042,01,1,20260607,104032,000004473002,1,2.79,2.79,0.00,0.17,S,,,USD,DB
70027171,01042,01,2,20260607,104032,000000005301,1,5.49,5.49,0.00,0.00,S,,,USD,DB
70027171,01042,01,3,20260607,104032,000000005302,2,3.49,6.98,0.00,0.00,S,,,USD,DB
70027171,01042,01,4,20260607,104032,000004482002,3,17.99,53.97,0.00,3.37,S,,,USD,DB
70027171,01042,01,5,20260607,104032,000004473001,1,2.99,2.99,0.00,0.19,S,,,USD,DB
70027172,01042,02,1,20260607,175317,000000030202,1,11.49,11.49,0.00,0.00,S,,,USD,GC
70027172,01042,02,2,20260607,175317,000000093503,3,4.29,12.87,0.00,0.00,S,,,USD,GC
70027172,01042,02,3,20260607,175317,000004471030,1,3.99,3.99,0.00,0.25,S,,,USD,GC
70027172,01042,02,4,20260607,175317,000004473002,1,2.79,2.79,0.00,0.17,S,,,USD,GC
70027173,01042,02,1,20260607,101042,000000040101,0.953,18.99,18.10,0.00,0.00,S,,,USD,GC
70027174,01042,04,1,20260607,131221,000004491002,1,6.99,6.99,0.00,0.44,S,,,USD,CC
70027174,01042,04,2,20260607,131221,000000093402,1.861,3.29,6.12,0.00,0.00,S,,,USD,CC
70027174,01042,04,3,20260607,131221,000004492001,2,1.79,3.58,0.00,0.22,S,,,USD,CC
70027175,01107,02,1,20260607,180941,000000020103,1,4.99,4.99,0.00,0.00,S,,,USD,DB
70027175,01107,02,2,20260607,180941,000004482002,2,17.99,35.98,0.00,2.25,S,,,USD,DB
70027175,01107,02,3,20260607,180941,000004483002,1,3.49,3.49,0.00,0.22,S,,,USD,DB
70027175,01107,02,4,20260607,180941,000004471030,1,3.99,3.99,0.00,0.25,S,,,USD,DB
70027176,01107,03,1,20260607,125740,000000020202,1,5.99,5.99,0.00,0.00,S,,,USD,DB
70027176,01107,03,2,20260607,125740,000000551020,2,13.99,27.98,0.00,1.75,S,,,USD,DB
70027176,01107,03,3,20260607,125740,000004483002,1,3.49,3.49,0.00,0.22,S,,,USD,DB
70027176,01107,03,4,20260607,125740,000004493002,1,3.99,3.99,0.00,0.25,S,,,USD,DB
70027177,01107,02,1,20260607,82729,000000552001,2,4.49,8.98,0.00,0.56,S,,,USD,DB
70027177,01107,02,2,20260607,82729,000000562002,2,8.49,16.98,0.00,1.06,S,,,USD,DB
70027177,01107,02,3,20260607,82729,000004491002,1,6.99,6.99,0.00,0.44,S,,,USD,DB
70027177,01107,02,4,20260607,82729,000004473002,1,2.79,2.79,0.00,0.17,S,,,USD,DB
70027177,01107,02,5,20260607,82729,000000040101,0.705,18.99,13.39,0.00,0.00,S,,,USD,DB
70027178,01107,06,1,20260607,81605,000000005302,1,3.49,3.49,0.00,0.00,S,,,USD,CC
70027178,01107,06,2,20260607,81605,000000093402,0.921,3.29,3.03,0.00,0.00,S,,,USD,CC
70027178,01107,06,3,20260607,81605,000000005103,1,6.99,6.99,0.00,0.00,S,,,USD,CC
70027179,01107,05,1,20260607,84441,000000040101,2.042,18.99,38.78,0.00,0.00,S,,,USD,CC
70027179,01107,05,2,20260607,84441,000004471023,1,3.49,3.49,0.00,0.22,S,,,USD,CC
70027179,01107,05,3,20260607,84441,000000094102,1,3.49,3.49,0.00,0.00,S,,,USD,CC
70027179,01107,05,4,20260607,84441,000000020103,1,4.99,4.99,0.00,0.00,S,,,USD,CC
70027179,01107,05,5,20260607,84441,000004472001,1,3.99,3.99,0.00,0.25,S,,,USD,CC
70027180,01107,06,1,20260607,81611,000000005103,1,6.99,6.99,0.00,0.00,S,,,USD,GC
70027181,01107,02,1,20260607,212256,000000005202,3,5.99,17.97,5.99,0.00,S,,MB26W19,USD,DB
70027181,01107,02,2,20260607,212256,000000020102,1,3.49,3.49,0.00,0.00,S,,,USD,DB
70027181,01107,02,3,20260607,212256,000000005302,1,3.49,3.49,0.00,0.00,S,,,USD,DB
70027181,01107,02,4,20260607,212256,000000040102,1.683,16.99,28.59,0.00,0.00,S,,,USD,DB
70027182,01107,03,1,20260607,162358,000000020102,2,3.49,6.98,0.00,0.00,S,,,USD,DB
70027183,02210,06,1,20260607,203308,000000005101,1,7.99,7.99,0.00,0.00,S,6059119186,,USD,CS
70027183,02210,06,2,20260607,203308,000004473001,2,2.99,5.98,0.00,0.37,S,6059119186,,USD,CS
70027184,02210,01,1,20260607,84941,000000040202,1,14.99,14.99,0.00,0.00,S,,,USD,CC
70027184,02210,01,2,20260607,84941,000000030201,2,9.99,19.98,0.00,0.00,S,,,USD,CC
70027185,02210,01,1,20260607,141533,000000005012,2,3.99,7.98,0.00,0.00,S,,,USD,GC
70027186,02210,01,1,20260607,161544,000004483001,1,4.99,4.99,0.00,0.31,S,6005233027,,USD,GC
70027187,02210,01,1,20260607,133810,000004473001,1,2.99,2.99,0.00,0.19,S,,,USD,CC
70027187,02210,01,2,20260607,133810,000000030203,1,8.49,8.49,0.00,0.00,S,,,USD,CC
70027187,02210,01,3,20260607,133810,000000030102,1,14.99,14.99,0.00,0.00,S,,,USD,CC
70027187,02210,01,4,20260607,133810,000000094202,1.742,1.99,3.47,0.00,0.00,S,,,USD,CC
70027188,02210,03,1,20260607,90002,000000093410,0.352,3.99,1.40,0.00,0.00,S,,,USD,CC
70027188,02210,03,2,20260607,90002,000000093410,1.170,3.99,4.67,0.00,0.00,S,,,USD,CC
70027188,02210,03,3,20260607,90002,000000093402,1.856,3.29,6.11,0.00,0.00,S,,,USD,CC
70027188,02210,03,4,20260607,90002,000004472003,1,3.29,3.29,0.00,0.21,S,,,USD,CC
70027189,02210,05,1,20260607,164406,000000020103,1,4.99,4.99,0.00,0.00,S,,,USD,CC
70027189,02210,05,2,20260607,164406,000000005201,1,3.99,3.99,0.00,0.00,S,,,USD,CC
70027190,02210,04,1,20260607,163208,000000005101,1,7.99,7.99,0.00,0.00,S,,,USD,DB
70027190,02210,04,2,20260607,163208,000000093401,1.657,5.49,9.10,0.00,0.00,S,,,USD,DB
70027190,02210,04,3,20260607,163208,000000040201,1,8.99,8.99,0.00,0.00,S,,,USD,DB
70027190,02210,04,4,20260607,163208,000000005101,1,7.99,7.99,0.00,0.00,S,,,USD,DB
70027190,02210,04,5,20260607,163208,000000561002,1,7.49,7.49,0.00,0.47,S,,,USD,DB
70027190,02210,04,6,20260607,163208,000004473001,1,2.99,2.99,0.00,0.19,S,,,USD,DB
70027191,02210,03,1,20260607,94524,000000562001,1,10.99,10.99,0.00,0.69,S,,,USD,CC
70027191,02210,03,2,20260607,94524,000000020103,3,4.99,14.97,0.00,0.00,S,,,USD,CC
70027192,02210,04,1,20260607,104212,000000552001,3,4.49,13.47,0.00,0.84,S,6021697972,,USD,DB
70027192,02210,04,2,20260607,104212,000004481001,1,7.99,7.99,0.00,0.50,S,6021697972,,USD,DB
70027192,02210,04,3,20260607,104212,000000040203,1,11.99,11.99,0.00,0.00,S,6021697972,,USD,DB
70027192,02210,04,4,20260607,104212,000000031101,1.827,24.99,45.66,0.00,0.00,S,6021697972,,USD,DB
70027193,02210,02,1,20260607,84713,000004473002,1,2.79,2.79,0.00,0.17,R,6061337184,,USD,CC
70027194,02305,02,1,20260607,180737,000000094301,0.655,4.39,2.88,0.00,0.00,S,6054601585,,USD,CC
70027194,02305,02,2,20260607,180737,000000561002,1,7.49,7.49,0.00,0.47,S,6054601585,,USD,CC
70027194,02305,02,3,20260607,180737,000004472001,1,3.99,3.99,0.60,0.21,S,6054601585,LY26W18,USD,CC
70027194,02305,02,4,20260607,180737,000004482003,1,5.49,5.49,0.00,0.34,S,6054601585,,USD,CC
70027195,02305,03,1,20260607,190113,000000020103,2,4.99,9.98,1.50,0.00,S,6097167433,LY26W19,USD,CC
70027195,02305,03,2,20260607,190113,000004472001,2,3.99,7.98,1.20,0.42,S,6097167433,LY26W18,USD,CC
70027196,02305,05,1,20260607,81939,000000552002,1,3.99,3.99,0.00,0.25,R,,,USD,CS
70027197,02305,05,1,20260607,104912,000004492001,3,1.79,5.37,1.79,0.22,S,,MB26W19,USD,DB
70027197,02305,05,2,20260607,104912,000000094102,1,3.49,3.49,0.00,0.00,S,,,USD,DB
70027197,02305,05,3,20260607,104912,000000020202,2,5.99,11.98,0.00,0.00,S,,,USD,DB
70027198,02305,02,1,20260607,210618,000004481001,1,7.99,7.99,0.00,0.50,S,,,USD,DB
70027198,02305,02,2,20260607,210618,000004482002,1,17.99,17.99,0.00,1.12,S,,,USD,DB
70027199,02305,04,1,20260607,114819,000004483002,1,3.49,3.49,0.52,0.19,S,6010303723,LY26W18,USD,DB
70027199,02305,04,2,20260607,114819,000000005201,1,3.99,3.99,0.00,0.00,S,6010303723,,USD,DB
70027199,02305,04,3,20260607,114819,000004492001,3,1.79,5.37,1.79,0.22,S,6010303723,MB26W19,USD,DB
70027199,02305,04,4,20260607,114819,000000005201,1,3.99,3.99,0.00,0.00,S,6010303723,,USD,DB
70027200,02305,01,1,20260607,81529,000000030101,1,6.99,6.99,0.00,0.00,R,6048463122,,USD,DB
70027201,02305,01,1,20260607,114541,000000020103,1,4.99,4.99,0.00,0.00,S,,,USD,CC
70027201,02305,01,2,20260607,114541,000000030201,1,9.99,9.99,0.00,0.00,S,,,USD,CC
70027201,02305,01,3,20260607,114541,000000093322,1.132,1.99,2.25,0.00,0.00,S,,,USD,CC
70027202,02305,05,1,20260607,193459,000000094201,1.849,1.69,3.12,0.00,0.00,S,6007406500,,USD,CS
70027202,02305,05,2,20260607,193459,000000562001,1,10.99,10.99,0.00,0.69,S,6007406500,,USD,CS
70027203,02305,03,1,20260607,150351,000000020102,1,3.49,3.49,0.52,0.00,S,6014837537,LY26W19,USD,CS
70027203,02305,03,2,20260607,150351,000004493002,1,3.99,3.99,0.00,0.25,S,6014837537,,USD,CS
70027203,02305,03,3,20260607,150351,000004482001,1,13.99,13.99,0.00,0.87,S,6014837537,,USD,CS
70027204,02305,06,1,20260607,82611,000004482001,1,13.99,13.99,0.00,0.87,S,6070653794,,USD,CC
70027204,02305,06,2,20260607,82611,000000020202,2,5.99,11.98,0.00,0.00,S,6070653794,,USD,CC
70027205,02305,01,1,20260607,140151,000000020103,1,4.99,4.99,0.75,0.00,S,6071494981,LY26W19,USD,DB
70027205,02305,01,2,20260607,140151,000000020103,3,4.99,14.97,2.25,0.00,S,6071494981,LY26W19,USD,DB
70027205,02305,01,3,20260607,140151,000000552001,1,4.49,4.49,0.00,0.28,S,6071494981,,USD,DB
70027206,02305,02,1,20260607,71121,000004472001,2,3.99,7.98,1.20,0.42,S,6069556076,LY26W18,USD,GC
70027206,02305,02,2,20260607,71121,000000551021,1,11.99,11.99,0.00,0.75,S,6069556076,,USD,GC
70027206,02305,02,3,20260607,71121,000004473002,2,2.79,5.58,0.84,0.30,S,6069556076,LY26W18,USD,GC
70027206,02305,02,4,20260607,71121,000004472001,1,3.99,3.99,0.60,0.21,S,6069556076,LY26W18,USD,GC
70027207,02305,01,1,20260607,111305,000000093402,0.290,3.29,0.95,0.00,0.00,S,,,USD,CS
70027208,03050,06,1,20260607,212321,000000005301,1,5.49,5.49,0.00,0.00,S,,,USD,GC
70027209,03050,06,1,20260607,204232,000000561001,2,9.99,19.98,0.00,1.25,S,6029666676,,USD,DB
70027209,03050,06,2,20260607,204232,000000040201,2,8.99,17.98,0.00,0.00,S,6029666676,,USD,DB
70027209,03050,06,3,20260607,204232,000000093503,1,4.29,4.29,0.00,0.00,S,6029666676,,USD,DB
70027209,03050,06,4,20260607,204232,000000093401,1.590,5.49,8.73,0.00,0.00,S,6029666676,,USD,DB
70027210,03050,01,1,20260607,135340,000000551021,1,11.99,11.99,0.00,0.75,S,,,USD,DB
70027210,03050,01,2,20260607,135340,000000020101,2,2.49,4.98,0.00,0.00,S,,,USD,DB
70027210,03050,01,3,20260607,135340,000000040201,1,8.99,8.99,0.00,0.00,S,,,USD,DB
70027211,03050,02,1,20260607,192447,000000094202,1.163,1.99,2.31,0.00,0.00,S,,,USD,DB
70027211,03050,02,2,20260607,192447,000004483002,1,3.49,3.49,0.00,0.22,S,,,USD,DB
70027212,03050,06,1,20260607,192939,000000093322,0.669,1.99,1.33,0.00,0.00,S,,,USD,CS
70027213,03050,04,1,20260607,105256,000000020101,1,2.49,2.49,0.00,0.00,S,,,USD,DB
70027213,03050,04,2,20260607,105256,000000551021,1,11.99,11.99,0.00,0.75,S,,,USD,DB
70027213,03050,04,3,20260607,105256,000000094101,1,3.99,3.99,0.00,0.00,S,,,USD,DB
70027213,03050,04,4,20260607,105256,000004472001,1,3.99,3.99,0.00,0.25,S,,,USD,DB
70027214,03050,03,1,20260607,105356,000004492001,1,1.79,1.79,0.00,0.11,S,6092624945,,USD,CC
70027214,03050,03,2,20260607,105356,000000005201,3,3.99,11.97,0.00,0.00,S,6092624945,,USD,CC
70027214,03050,03,3,20260607,105356,000000562001,3,10.99,32.97,10.99,1.37,S,6092624945,MB26W19,USD,CC
70027215,00317,02,1,20260607,152811,000000031102,0.259,27.19,7.04,0.00,0.00,S,,,CAD,CC
70027215,00317,02,2,20260607,152811,000000552001,1,6.09,6.09,0.00,0.38,S,,,CAD,CC
70027215,00317,02,3,20260607,152811,000004473003,1,4.69,4.69,0.00,0.29,S,,,CAD,CC
70027215,00317,02,4,20260607,152811,000004492002,1,1.99,1.99,0.00,0.12,S,,,CAD,CC
70027216,00317,04,1,20260607,73046,000004493002,1,5.39,5.39,0.00,0.34,S,,,CAD,GC
70027217,00317,06,1,20260607,174256,000000005013,1,5.29,5.29,0.00,0.00,S,,,CAD,CC
70027218,00317,04,1,20260607,115625,000004491001,1,3.39,3.39,0.00,0.21,S,6044920749,,CAD,DB
70027218,00317,04,2,20260607,115625,000000030102,1,20.39,20.39,0.00,0.00,S,6044920749,,CAD,DB
70027219,00317,05,1,20260607,205116,000000552001,1,6.09,6.09,0.00,0.38,S,6090225999,,CAD,GC
70027220,00317,02,1,20260607,131130,000004472002,1,6.09,6.09,0.00,0.38,S,,,CAD,CS
70027220,00317,02,2,20260607,131130,000004471023,3,4.69,14.07,0.00,0.88,S,,,CAD,CS
70027220,00317,02,3,20260607,131130,000004483002,3,4.69,14.07,0.00,0.88,S,,,CAD,CS
70027220,00317,02,4,20260607,131130,000004473002,1,3.79,3.79,0.00,0.24,S,,,CAD,CS
70027221,00317,06,1,20260607,140331,000000094202,0.841,2.69,2.26,0.00,0.00,S,,,CAD,CC
70027222,00317,04,1,20260607,124449,000000030102,1,20.39,20.39,0.00,0.00,S,,,CAD,DB
70027222,00317,04,2,20260607,124449,000004471023,2,4.69,9.38,0.00,0.59,S,,,CAD,DB
70027223,00317,02,1,20260607,170503,000004473002,1,3.79,3.79,0.57,0.20,S,6028463985,LY26W18,CAD,CS
70027223,00317,02,2,20260607,170503,000000005102,1,7.49,7.49,0.00,0.00,S,6028463985,,CAD,CS
70027223,00317,02,3,20260607,170503,000000094203,0.729,1.99,1.45,0.00,0.00,S,6028463985,,CAD,CS
70027224,00317,04,1,20260607,191524,000000094302,1.611,7.49,12.07,0.00,0.00,S,,,CAD,CS
70027224,00317,04,2,20260607,191524,000000020103,1,6.79,6.79,0.00,0.00,S,,,CAD,CS
70027224,00317,04,3,20260607,191524,000004492002,1,1.99,1.99,0.00,0.12,S,,,CAD,CS
70027225,00317,02,1,20260607,91545,000000093325,2.181,5.39,11.76,0.00,0.00,S,6038736704,,CAD,CC
70027226,00317,04,1,20260607,70705,000000031101,0.824,33.99,28.01,0.00,0.00,S,6019906234,,CAD,DB
70027226,00317,04,2,20260607,70705,000000030201,2,13.59,27.18,0.00,0.00,S,6019906234,,CAD,DB
70027226,00317,04,3,20260607,70705,000000551021,1,16.29,16.29,0.00,1.02,S,6019906234,,CAD,DB
70027226,00317,04,4,20260607,70705,000000005101,1,10.89,10.89,0.00,0.00,S,6019906234,,CAD,DB
70027226,00317,04,5,20260607,70705,000000020201,1,7.49,7.49,0.00,0.00,S,6019906234,,CAD,DB
70027227,00317,05,1,20260607,75726,000000005103,1,9.49,9.49,1.42,0.00,S,6038736704,LY26W18,CAD,DB
70027227,00317,05,2,20260607,75726,000000030102,1,20.39,20.39,0.00,0.00,S,6038736704,,CAD,DB
70027227,00317,05,3,20260607,75726,000004492003,1,3.09,3.09,0.00,0.19,S,6038736704,,CAD,DB
70027227,00317,05,4,20260607,75726,000000093322,0.269,2.69,0.72,0.11,0.00,S,6038736704,LY26W19,CAD,DB
70027227,00317,05,5,20260607,75726,000000094201,0.593,2.29,1.36,0.00,0.00,S,6038736704,,CAD,DB
70027227,00317,05,6,20260607,75726,000000093321,0.762,1.99,1.52,0.00,0.00,S,6038736704,,CAD,DB
70027228,00322,03,1,20260607,124545,000000005201,2,5.39,10.78,0.00,0.00,S,,,CAD,CC
70027228,00322,03,2,20260607,124545,000004472001,1,5.39,5.39,0.00,0.34,S,,,CAD,CC
70027228,00322,03,3,20260607,124545,000000562001,1,14.89,14.89,0.00,0.93,S,,,CAD,CC
70027228,00322,03,4,20260607,124545,000000005012,2,5.39,10.78,0.00,0.00,S,,,CAD,CC
70027228,00322,03,5,20260607,124545,000000020103,1,6.79,6.79,0.00,0.00,S,,,CAD,CC
70027228,00322,03,6,20260607,124545,000000020103,2,6.79,13.58,0.00,0.00,S,,,CAD,CC
70027229,00322,05,1,20260607,120210,000000005302,1,4.69,4.69,0.00,0.00,S,,,CAD,CS
70027229,00322,05,2,20260607,120210,000004471023,3,4.69,14.07,0.00,0.88,S,,,CAD,CS
70027229,00322,05,3,20260607,120210,000000094302,0.784,7.49,5.87,0.00,0.00,S,,,CAD,CS
70027229,00322,05,4,20260607,120210,000000020103,1,6.79,6.79,0.00,0.00,S,,,CAD,CS
70027230,00322,06,1,20260607,180520,000000030203,1,11.49,11.49,0.00,0.00,S,6063254310,,CAD,CS
70027230,00322,06,2,20260607,180520,000000040201,1,12.19,12.19,0.00,0.00,S,6063254310,,CAD,CS
70027231,00322,04,1,20260607,184702,000004471040,2,3.39,6.78,0.00,0.42,S,6024120957,,CAD,CC
70027231,00322,04,2,20260607,184702,000000005202,3,8.09,24.27,8.09,0.00,S,6024120957,MB26W19,CAD,CC
70027231,00322,04,3,20260607,184702,000000552001,1,6.09,6.09,0.00,0.38,S,6024120957,,CAD,CC
70027231,00322,04,4,20260607,184702,000004482002,1,24.49,24.49,0.00,1.53,S,6024120957,,CAD,CC
70027231,00322,04,5,20260607,184702,000000040201,1,12.19,12.19,0.00,0.00,S,6024120957,,CAD,CC
70027231,00322,04,6,20260607,184702,000004471040,1,3.39,3.39,0.00,0.21,S,6024120957,,CAD,CC
70027232,00322,06,1,20260607,110404,000000020201,1,7.49,7.49,0.00,0.00,S,,,CAD,DB
70027233,01042,03,1,20260608,110009,000004472002,1,4.49,4.49,0.00,0.28,S,,,USD,DB
70027234,01042,06,1,20260608,113925,000004483001,1,4.99,4.99,0.00,0.31,S,6099605932,,USD,DB
70027235,01042,01,1,20260608,133015,000004492001,2,1.79,3.58,0.00,0.22,S,6011554262,,USD,CS
70027235,01042,01,2,20260608,133015,000000094302,1.251,5.49,6.87,0.00,0.00,S,6011554262,,USD,CS
70027235,01042,01,3,20260608,133015,000000005013,1,3.89,3.89,0.00,0.00,S,6011554262,,USD,CS
70027236,01042,03,1,20260608,215452,000004471023,1,3.49,3.49,0.00,0.22,S,,,USD,CC
70027236,01042,03,2,20260608,215452,000000005020,1,4.49,4.49,0.00,0.00,S,,,USD,CC
70027236,01042,03,3,20260608,215452,000000020102,1,3.49,3.49,0.00,0.00,S,,,USD,CC
70027237,01042,06,1,20260608,184957,000004471030,1,3.99,3.99,0.00,0.25,S,,,USD,GC
70027237,01042,06,2,20260608,184957,000004482002,1,17.99,17.99,0.00,1.12,S,,,USD,GC
70027237,01042,06,3,20260608,184957,000004471023,3,3.49,10.47,0.00,0.65,S,,,USD,GC
70027238,01042,01,1,20260608,83833,000000005020,2,4.49,8.98,0.00,0.00,S,,,USD,CC
70027238,01042,01,2,20260608,83833,000000005013,1,3.89,3.89,0.00,0.00,S,,,USD,CC
70027238,01042,01,3,20260608,83833,000004483002,2,3.49,6.98,0.00,0.44,S,,,USD,CC
70027239,01107,05,1,20260608,112556,000004493001,1,5.49,5.49,0.00,0.34,S,,,USD,DB
70027239,01107,05,2,20260608,112556,000004492001,1,1.79,1.79,0.00,0.11,S,,,USD,DB
70027239,01107,05,3,20260608,112556,000004472003,1,3.29,3.29,0.00,0.21,S,,,USD,DB
70027239,01107,05,4,20260608,112556,000000005202,1,5.99,5.99,0.00,0.00,S,,,USD,DB
70027239,01107,05,5,20260608,112556,000004483001,2,4.99,9.98,0.00,0.62,S,,,USD,DB
70027240,02210,01,1,20260608,80435,000004471023,1,3.49,3.49,0.00,0.22,S,,,USD,CS
70027241,02210,06,1,20260608,103438,000000093402,0.775,3.29,2.55,0.00,0.00,S,6056972521,,USD,DB
70027241,02210,06,2,20260608,103438,000004482003,2,5.49,10.98,0.00,0.69,S,6056972521,,USD,DB
70027241,02210,06,3,20260608,103438,000000005202,1,5.99,5.99,0.00,0.00,S,6056972521,,USD,DB
70027241,02210,06,4,20260608,103438,000000005202,1,5.99,5.99,0.00,0.00,S,6056972521,,USD,DB
70027241,02210,06,5,20260608,103438,000000093322,1.362,1.99,2.71,0.41,0.00,S,6056972521,LY26W19,USD,DB
70027242,02210,04,1,20260608,162704,000000031102,0.623,19.99,12.45,0.00,0.00,S,,,USD,GC
70027243,02210,03,1,20260608,112619,000000040203,1,11.99,11.99,0.00,0.00,S,,,USD,CC
70027243,02210,03,2,20260608,112619,000000093410,1.763,3.99,7.03,0.00,0.00,S,,,USD,CC
70027243,02210,03,3,20260608,112619,000000030203,2,8.49,16.98,0.00,0.00,S,,,USD,CC
70027243,02210,03,4,20260608,112619,000000030102,1,14.99,14.99,0.00,0.00,S,,,USD,CC
70027244,02210,06,1,20260608,165731,000000093501,2,4.49,8.98,0.00,0.00,S,6017993136,,USD,CC
70027245,02210,02,1,20260608,153209,000000020103,1,4.99,4.99,0.00,0.00,S,,,USD,CC
70027245,02210,02,2,20260608,153209,000000040201,2,8.99,17.98,0.00,0.00,S,,,USD,CC
70027245,02210,02,3,20260608,153209,000004471030,1,3.99,3.99,0.00,0.25,S,,,USD,CC
70027246,02210,06,1,20260608,143603,000000094102,2,3.49,6.98,0.00,0.00,S,,,USD,DB
70027246,02210,06,2,20260608,143603,000000040102,0.698,16.99,11.86,0.00,0.00,S,,,USD,DB
70027246,02210,06,3,20260608,143603,000000005012,3,3.99,11.97,0.00,0.00,S,,,USD,DB
70027246,02210,06,4,20260608,143603,000000030202,1,11.49,11.49,0.00,0.00,S,,,USD,DB
70027247,02210,04,1,20260608,193229,000004492001,1,1.79,1.79,0.00,0.11,S,6051240568,,USD,CS
70027247,02210,04,2,20260608,193229,000000005302,1,3.49,3.49,0.00,0.00,S,6051240568,,USD,CS
70027248,02210,04,1,20260608,112431,000004471040,1,2.49,2.49,0.00,0.16,S,6091251778,,USD,DB
70027248,02210,04,2,20260608,112431,000000005101,1,7.99,7.99,0.00,0.00,S,6091251778,,USD,DB
70027248,02210,04,3,20260608,112431,000004491003,1,1.99,1.99,0.00,0.12,S,6091251778,,USD,DB
70027248,02210,04,4,20260608,112431,000000562001,3,10.99,32.97,10.99,1.37,S,6091251778,MB26W19,USD,DB
70027248,02210,04,5,20260608,112431,000000005013,1,3.89,3.89,0.00,0.00,S,6091251778,,USD,DB
70027249,02305,06,1,20260608,171545,000000031102,0.393,19.99,7.86,0.00,0.00,S,,,USD,CS
70027249,02305,06,2,20260608,171545,000000005201,1,3.99,3.99,0.00,0.00,S,,,USD,CS
70027249,02305,06,3,20260608,171545,000000005012,1,3.99,3.99,0.00,0.00,S,,,USD,CS
70027249,02305,06,4,20260608,171545,000004493002,2,3.99,7.98,0.00,0.50,S,,,USD,CS
70027250,02305,02,1,20260608,110041,000000094301,0.937,4.39,4.11,0.00,0.00,S,6060723111,,USD,DB
70027250,02305,02,2,20260608,110041,000000552002,1,3.99,3.99,0.00,0.25,S,6060723111,,USD,DB
70027250,02305,02,3,20260608,110041,000000030102,1,14.99,14.99,0.00,0.00,S,6060723111,,USD,DB
70027250,02305,02,4,20260608,110041,000000005103,1,6.99,6.99,1.05,0.00,S,6060723111,LY26W18,USD,DB
70027250,02305,02,5,20260608,110041,000000005202,1,5.99,5.99,0.00,0.00,S,6060723111,,USD,DB
70027251,02305,02,1,20260608,92537,000000020103,1,4.99,4.99,0.75,0.00,S,6065326909,LY26W19,USD,DB
70027251,02305,02,2,20260608,92537,000004472002,1,4.49,4.49,0.00,0.28,S,6065326909,,USD,DB
70027251,02305,02,3,20260608,92537,000004491003,1,1.99,1.99,0.00,0.12,S,6065326909,,USD,DB
70027251,02305,02,4,20260608,92537,000004482002,3,17.99,53.97,0.00,3.37,S,6065326909,,USD,DB
70027251,02305,02,5,20260608,92537,000000040102,0.931,16.99,15.82,0.00,0.00,S,6065326909,,USD,DB
70027251,02305,02,6,20260608,92537,000004473003,1,3.49,3.49,0.00,0.22,S,6065326909,,USD,DB
70027252,02305,05,1,20260608,201258,000000562002,1,8.49,8.49,0.00,0.53,S,6015848266,,USD,DB
70027253,02305,01,1,20260608,165750,000004481003,2,4.99,9.98,0.00,0.62,S,6039596292,,USD,DB
70027253,02305,01,2,20260608,165750,000004492001,2,1.79,3.58,0.00,0.22,S,6039596292,,USD,DB
70027253,02305,01,3,20260608,165750,000004483002,1,3.49,3.49,0.52,0.19,S,6039596292,LY26W18,USD,DB
70027254,02305,06,1,20260608,113101,000004482001,1,13.99,13.99,0.00,0.87,S,,,USD,DB
70027254,02305,06,2,20260608,113101,000000552001,1,4.49,4.49,0.00,0.28,S,,,USD,DB
70027254,02305,06,3,20260608,113101,000000020202,2,5.99,11.98,0.00,0.00,S,,,USD,DB
70027254,02305,06,4,20260608,113101,000004483002,1,3.49,3.49,0.00,0.22,S,,,USD,DB
70027255,02305,03,1,20260608,131717,000000094103,3,3.79,11.37,0.00,0.00,S,6024826292,,USD,DB
70027255,02305,03,2,20260608,131717,000000094101,1,3.99,3.99,0.60,0.00,S,6024826292,LY26W19,USD,DB
70027255,02305,03,3,20260608,131717,000004472001,2,3.99,7.98,1.20,0.42,S,6024826292,LY26W18,USD,DB
70027255,02305,03,4,20260608,131717,000004493002,1,3.99,3.99,0.00,0.25,S,6024826292,,USD,DB
70027256,02305,03,1,20260608,210540,000000094101,1,3.99,3.99,0.00,0.00,S,,,USD,DB
70027256,02305,03,2,20260608,210540,000000552001,2,4.49,8.98,0.00,0.56,S,,,USD,DB
70027256,02305,03,3,20260608,210540,000004473001,1,2.99,2.99,0.00,0.19,S,,,USD,DB
70027256,02305,03,4,20260608,210540,000004472003,1,3.29,3.29,0.00,0.21,S,,,USD,DB
70027257,02305,03,1,20260608,134947,000004473002,1,2.79,2.79,0.00,0.17,S,,,USD,CS
70027257,02305,03,2,20260608,134947,000000552001,1,4.49,4.49,0.00,0.28,S,,,USD,CS
70027257,02305,03,3,20260608,134947,000000093321,1.808,1.49,2.69,0.00,0.00,S,,,USD,CS
70027257,02305,03,4,20260608,134947,000000093321,2.185,1.49,3.26,0.00,0.00,S,,,USD,CS
70027257,02305,03,5,20260608,134947,000000040203,1,11.99,11.99,0.00,0.00,S,,,USD,CS
70027258,02305,03,1,20260608,124726,000000020102,1,3.49,3.49,0.00,0.00,S,,,USD,GC
70027258,02305,03,2,20260608,124726,000004473003,1,3.49,3.49,0.00,0.22,S,,,USD,GC
70027258,02305,03,3,20260608,124726,000000040101,0.580,18.99,11.01,0.00,0.00,S,,,USD,GC
70027258,02305,03,4,20260608,124726,000004492001,2,1.79,3.58,0.00,0.22,S,,,USD,GC
70027258,02305,03,5,20260608,124726,000000093502,1,3.99,3.99,0.00,0.00,S,,,USD,GC
70027259,03050,03,1,20260608,152438,000000005302,1,3.49,3.49,0.00,0.00,S,,,USD,DB
70027259,03050,03,2,20260608,152438,000004472003,1,3.29,3.29,0.00,0.21,S,,,USD,DB
70027260,03050,01,1,20260608,164943,000004482001,1,13.99,13.99,0.00,0.87,S,6062056341,,USD,CC
70027260,03050,01,2,20260608,164943,000000005201,1,3.99,3.99,0.00,0.00,S,6062056341,,USD,CC
70027261,03050,03,1,20260608,211731,000000030101,2,6.99,13.98,0.00,0.00,S,6006271531,,USD,DB
70027262,03050,01,1,20260608,125717,000000005013,1,3.89,3.89,0.00,0.00,S,6005231244,,USD,DB
70027263,03050,03,1,20260608,114516,000000551020,1,13.99,13.99,0.00,0.87,S,6030768104,,USD,GC
70027263,03050,03,2,20260608,114516,000004472001,2,3.99,7.98,1.20,0.42,S,6030768104,LY26W18,USD,GC
70027264,03050,01,1,20260608,195109,000000030102,1,14.99,14.99,0.00,0.00,S,6054940128,,USD,DB
70027265,03050,03,1,20260608,102928,000000094301,0.974,4.39,4.28,0.00,0.00,S,6030768104,,USD,CS
70027266,03050,02,1,20260608,160442,000004482001,1,13.99,13.99,0.00,0.87,S,6036374545,,USD,CC
70027267,03050,06,1,20260608,163804,000000093410,1.066,3.99,4.25,0.64,0.00,S,6028403339,LY26W18,USD,GC
70027267,03050,06,2,20260608,163804,000000093401,2.130,5.49,11.69,0.00,0.00,S,6028403339,,USD,GC
70027267,03050,06,3,20260608,163804,000000020103,1,4.99,4.99,0.75,0.00,S,6028403339,LY26W19,USD,GC
70027268,00317,06,1,20260608,110744,000000030202,1,15.59,15.59,0.00,0.00,S,6042661797,,CAD,DB
70027268,00317,06,2,20260608,110744,000000093501,1,6.09,6.09,0.00,0.00,S,6042661797,,CAD,DB
70027268,00317,06,3,20260608,110744,000000552002,1,5.39,5.39,0.00,0.34,S,6042661797,,CAD,DB
70027269,00317,04,1,20260608,150430,000000562002,1,11.49,11.49,0.00,0.72,S,6051651768,,CAD,CC
70027269,00317,04,2,20260608,150430,000000552001,1,6.09,6.09,0.00,0.38,S,6051651768,,CAD,CC
70027269,00317,04,3,20260608,150430,000000005202,1,8.09,8.09,0.00,0.00,S,6051651768,,CAD,CC
70027269,00317,04,4,20260608,150430,000004491003,3,2.69,8.07,0.00,0.50,S,6051651768,,CAD,CC
70027269,00317,04,5,20260608,150430,000004493001,1,7.49,7.49,0.00,0.47,S,6051651768,,CAD,CC
70027269,00317,04,6,20260608,150430,000004483001,1,6.79,6.79,0.00,0.42,S,6051651768,,CAD,CC
70027270,00317,06,1,20260608,211351,000000005103,1,9.49,9.49,1.42,0.00,S,6029148652,LY26W18,CAD,CS
70027270,00317,06,2,20260608,211351,000000005201,1,5.39,5.39,0.00,0.00,S,6029148652,,CAD,CS
70027270,00317,06,3,20260608,211351,000004493001,1,7.49,7.49,0.00,0.47,S,6029148652,,CAD,CS
70027270,00317,06,4,20260608,211351,000004493001,1,7.49,7.49,0.00,0.47,S,6029148652,,CAD,CS
70027271,00317,03,1,20260608,100837,000004481001,1,10.89,10.89,0.00,0.68,S,6033569392,,CAD,GC
70027271,00317,03,2,20260608,100837,000004493001,1,7.49,7.49,0.00,0.47,S,6033569392,,CAD,GC
70027271,00317,03,3,20260608,100837,000000093402,1.575,4.49,7.07,0.00,0.00,S,6033569392,,CAD,GC
70027271,00317,03,4,20260608,100837,000000094202,1.606,2.69,4.32,0.00,0.00,S,6033569392,,CAD,GC
70027272,00317,02,1,20260608,175949,000004472003,2,4.49,8.98,0.00,0.56,S,,,CAD,DB
70027272,00317,02,2,20260608,175949,000004472002,2,6.09,12.18,0.00,0.76,S,,,CAD,DB
70027273,00317,03,1,20260608,111504,000000020201,1,7.49,7.49,0.00,0.00,S,6068950097,,CAD,CS
70027273,00317,03,2,20260608,111504,000004481003,1,6.79,6.79,0.00,0.42,S,6068950097,,CAD,CS
70027274,00317,04,1,20260608,131934,000004473001,1,4.09,4.09,0.00,0.26,S,6052455574,,CAD,DB
70027274,00317,04,2,20260608,131934,000000093410,1.628,5.39,8.77,1.32,0.00,S,6052455574,LY26W18,CAD,DB
70027274,00317,04,3,20260608,131934,000000562001,3,14.89,44.67,14.89,1.86,S,6052455574,MB26W19,CAD,DB
70027274,00317,04,4,20260608,131934,000004481003,1,6.79,6.79,0.00,0.42,S,6052455574,,CAD,DB
70027274,00317,04,5,20260608,131934,000000031101,1.721,33.99,58.50,0.00,0.00,S,6052455574,,CAD,DB
70027274,00317,04,6,20260608,131934,000004472050,1,5.39,5.39,0.00,0.34,S,6052455574,,CAD,DB
70027275,00317,02,1,20260608,74207,000004491003,2,2.69,5.38,0.00,0.34,S,6089848416,,CAD,CS
70027275,00317,02,2,20260608,74207,000004492002,1,1.99,1.99,0.00,0.12,S,6089848416,,CAD,CS
70027275,00317,02,3,20260608,74207,000000561001,1,13.59,13.59,0.00,0.85,S,6089848416,,CAD,CS
70027275,00317,02,4,20260608,74207,000004481001,1,10.89,10.89,0.00,0.68,S,6089848416,,CAD,CS
70027275,00317,02,5,20260608,74207,000000040101,0.558,25.79,14.39,0.00,0.00,S,6089848416,,CAD,CS
70027276,00317,04,1,20260608,85856,000004472001,1,5.39,5.39,0.00,0.34,S,,,CAD,CC
70027276,00317,04,2,20260608,85856,000004483001,1,6.79,6.79,0.00,0.42,S,,,CAD,CC
70027276,00317,04,3,20260608,85856,000004492050,1,2.99,2.99,0.00,0.19,S,,,CAD,CC
70027277,00317,05,1,20260608,162907,000000005102,1,7.49,7.49,0.00,0.00,S,6045109109,,CAD,CS
70027277,00317,05,2,20260608,162907,000000561001,2,13.59,27.18,0.00,1.70,S,6045109109,,CAD,CS
70027278,00317,05,1,20260608,85649,000000040202,1,20.39,20.39,0.00,0.00,S,6044925192,,CAD,DB
70027278,00317,05,2,20260608,85649,000000093322,1.803,2.69,4.85,0.73,0.00,S,6044925192,LY26W19,CAD,DB
70027279,00317,03,1,20260608,82040,000000093402,1.936,4.49,8.69,0.00,0.00,S,6005973642,,CAD,DB
70027279,00317,03,2,20260608,82040,000000005013,2,5.29,10.58,0.00,0.00,S,6005973642,,CAD,DB
70027279,00317,03,3,20260608,82040,000000093321,1.722,1.99,3.43,0.00,0.00,S,6005973642,,CAD,DB
70027280,00317,06,1,20260608,190550,000000005302,1,4.69,4.69,0.00,0.00,S,6041321147,,CAD,GC
70027280,00317,06,2,20260608,190550,000000005020,1,6.09,6.09,0.00,0.00,S,6041321147,,CAD,GC
70027280,00317,06,3,20260608,190550,000000093410,0.365,5.39,1.97,0.30,0.00,S,6041321147,LY26W18,CAD,GC
70027281,00317,04,1,20260608,205130,000000020201,3,7.49,22.47,0.00,0.00,S,,,CAD,DB
70027281,00317,04,2,20260608,205130,000000562001,1,14.89,14.89,0.00,0.93,S,,,CAD,DB
70027282,00322,06,1,20260608,123506,000004471040,1,3.39,3.39,0.00,0.21,S,6083099974,,CAD,GC
70027282,00322,06,2,20260608,123506,000000020201,3,7.49,22.47,0.00,0.00,S,6083099974,,CAD,GC
70027282,00322,06,3,20260608,123506,000000005202,2,8.09,16.18,0.00,0.00,S,6083099974,,CAD,GC
70027283,00322,02,1,20260608,85602,000004473003,1,4.69,4.69,0.00,0.29,S,,,CAD,DB
70027283,00322,02,2,20260608,85602,000004492001,1,2.39,2.39,0.00,0.15,S,,,CAD,DB
70027284,00322,02,1,20260608,151706,000000005102,3,7.49,22.47,0.00,0.00,S,6012146147,,CAD,DB
70027284,00322,02,2,20260608,151706,000004493001,1,7.49,7.49,0.00,0.47,S,6012146147,,CAD,DB
70027284,00322,02,3,20260608,151706,000004472050,1,5.39,5.39,0.00,0.34,S,6012146147,,CAD,DB
70027284,00322,02,4,20260608,151706,000000020102,1,4.69,4.69,0.70,0.00,S,6012146147,LY26W19,CAD,DB
70027284,00322,02,5,20260608,151706,000000093410,1.031,5.39,5.56,0.83,0.00,S,6012146147,LY26W18,CAD,DB
70027284,00322,02,6,20260608,151706,000000005102,3,7.49,22.47,0.00,0.00,V,6012146147,,CAD,DB
70027285,00322,01,1,20260608,84757,000004473001,3,4.09,12.27,0.00,0.77,S,6095867805,,CAD,DB
70027285,00322,01,2,20260608,84757,000000040102,0.768,23.09,17.73,0.00,0.00,S,6095867805,,CAD,DB
70027285,00322,01,3,20260608,84757,000004491001,1,3.39,3.39,0.00,0.21,S,6095867805,,CAD,DB
70027286,01042,04,1,20260609,172757,000000094301,1.236,4.39,5.43,0.00,0.00,S,,,USD,DB
70027286,01042,04,2,20260609,172757,000000094103,1,3.79,3.79,0.00,0.00,S,,,USD,DB
70027287,01042,06,1,20260609,185025,000000094101,1,3.99,3.99,0.00,0.00,S,,,USD,DB
70027287,01042,06,2,20260609,185025,000000094101,1,3.99,3.99,0.00,0.00,S,,,USD,DB
70027287,01042,06,3,20260609,185025,000000040101,1.524,18.99,28.94,0.00,0.00,S,,,USD,DB
70027287,01042,06,4,20260609,185025,000000005301,2,5.49,10.98,0.00,0.00,S,,,USD,DB
70027288,01042,06,1,20260609,123750,000000093325,0.962,3.99,3.84,0.00,0.00,S,,,USD,DB
70027288,01042,06,2,20260609,123750,000000005013,1,3.89,3.89,0.00,0.00,S,,,USD,DB
70027289,01042,06,1,20260609,180359,000000094103,1,3.79,3.79,0.00,0.00,S,,,USD,DB
70027289,01042,06,2,20260609,180359,000004472001,1,3.99,3.99,0.00,0.25,S,,,USD,DB
70027289,01042,06,3,20260609,180359,000000094302,0.501,5.49,2.75,0.00,0.00,S,,,USD,DB
70027289,01042,06,4,20260609,180359,000004482003,1,5.49,5.49,0.00,0.34,S,,,USD,DB
70027289,01042,06,5,20260609,180359,000004493001,1,5.49,5.49,0.00,0.34,S,,,USD,DB
70027290,01042,05,1,20260609,84913,000000005103,1,6.99,6.99,0.00,0.00,S,,,USD,CC
70027290,01042,05,2,20260609,84913,000000562002,1,8.49,8.49,0.00,0.53,S,,,USD,CC
70027291,01042,04,1,20260609,94419,000000561001,2,9.99,19.98,0.00,1.25,S,,,USD,DB
70027291,01042,04,2,20260609,94419,000000561001,2,9.99,19.98,0.00,1.25,S,,,USD,DB
70027291,01042,04,3,20260609,94419,000000093321,1.270,1.49,1.89,0.00,0.00,S,,,USD,DB
70027292,01042,01,1,20260609,184830,000004493002,1,3.99,3.99,0.00,0.25,S,6057978630,,USD,DB
70027292,01042,01,2,20260609,184830,000000005013,1,3.89,3.89,0.00,0.00,S,6057978630,,USD,DB
70027292,01042,01,3,20260609,184830,000004473002,1,2.79,2.79,0.42,0.15,S,6057978630,LY26W18,USD,DB
70027292,01042,01,4,20260609,184830,000000005103,1,6.99,6.99,1.05,0.00,S,6057978630,LY26W18,USD,DB
70027292,01042,01,5,20260609,184830,000000093402,1.129,3.29,3.71,0.00,0.00,S,6057978630,,USD,DB
70027292,01042,01,6,20260609,184830,000000020202,1,5.99,5.99,0.00,0.00,S,6057978630,,USD,DB
70027293,01042,03,1,20260609,190904,000000005302,1,3.49,3.49,0.00,0.00,S,,,USD,CC
70027293,01042,03,2,20260609,190904,000000005101,1,7.99,7.99,0.00,0.00,S,,,USD,CC
70027294,01107,04,1,20260609,173342,000004481003,1,4.99,4.99,0.00,0.31,S,,,USD,CC
70027294,01107,04,2,20260609,173342,000000020101,1,2.49,2.49,0.00,0.00,S,,,USD,CC
70027295,01107,01,1,20260609,112725,000000040102,0.942,16.99,16.00,0.00,0.00,S,6028837744,,USD,CC
70027295,01107,01,2,20260609,112725,000000005201,2,3.99,7.98,0.00,0.00,S,6028837744,,USD,CC
70027295,01107,01,3,20260609,112725,000000005103,2,6.99,13.98,2.10,0.00,S,6028837744,LY26W18,USD,CC
70027295,01107,01,4,20260609,112725,000000020103,2,4.99,9.98,1.50,0.00,S,6028837744,LY26W19,USD,CC
70027295,01107,01,5,20260609,112725,000004471030,1,3.99,3.99,0.00,0.25,S,6028837744,,USD,CC
70027296,01107,05,1,20260609,213542,000000005202,3,5.99,17.97,5.99,0.00,S,,MB26W19,USD,DB
70027296,01107,05,2,20260609,213542,000004483001,1,4.99,4.99,0.00,0.31,S,,,USD,DB
70027297,02210,03,1,20260609,111701,000000551020,2,13.99,27.98,0.00,1.75,S,6027617075,,USD,CC
70027298,02210,02,1,20260609,101233,000000094201,2.188,1.69,3.70,0.00,0.00,S,,,USD,CC
70027299,02210,05,1,20260609,123919,000000093410,0.509,3.99,2.03,0.00,0.00,S,,,USD,CS
70027299,02210,05,2,20260609,123919,000000040203,2,11.99,23.98,0.00,0.00,S,,,USD,CS
70027300,02210,03,1,20260609,103053,000000005103,1,6.99,6.99,1.05,0.00,S,6024214955,LY26W18,USD,DB
70027301,02210,03,1,20260609,111707,000004471030,1,3.99,3.99,0.00,0.25,S,,,USD,CC
70027301,02210,03,2,20260609,111707,000004483001,2,4.99,9.98,0.00,0.62,S,,,USD,CC
70027301,02210,03,3,20260609,111707,000004492001,3,1.79,5.37,1.79,0.22,S,,MB26W19,USD,CC
70027301,02210,03,4,20260609,111707,000000005102,1,5.49,5.49,0.00,0.00,S,,,USD,CC
70027301,02210,03,5,20260609,111707,000000093502,1,3.99,3.99,0.00,0.00,S,,,USD,CC
70027301,02210,03,6,20260609,111707,000004473001,1,2.99,2.99,0.00,0.19,S,,,USD,CC
70027302,02210,06,1,20260609,180429,000000030102,1,14.99,14.99,0.00,0.00,S,,,USD,CC
70027302,02210,06,2,20260609,180429,000000031102,0.903,19.99,18.05,0.00,0.00,S,,,USD,CC
70027302,02210,06,3,20260609,180429,000004483002,2,3.49,6.98,0.00,0.44,S,,,USD,CC
70027303,02210,05,1,20260609,145936,000004471030,1,3.99,3.99,0.00,0.25,S,,,USD,CC
70027304,02210,01,1,20260609,180907,000000562002,1,8.49,8.49,0.00,0.53,S,6001168809,,USD,DB
70027304,02210,01,2,20260609,180907,000000020202,1,5.99,5.99,0.00,0.00,S,6001168809,,USD,DB
70027305,02210,01,1,20260609,95027,000000005201,1,3.99,3.99,0.00,0.00,S,6080442067,,USD,CS
70027305,02210,01,2,20260609,95027,000000552001,3,4.49,13.47,0.00,0.84,S,6080442067,,USD,CS
70027305,02210,01,3,20260609,95027,000000093401,1.177,5.49,6.46,0.00,0.00,S,6080442067,,USD,CS
70027305,02210,01,4,20260609,95027,000004492001,1,1.79,1.79,0.00,0.11,S,6080442067,,USD,CS
70027305,02210,01,5,20260609,95027,000000093503,3,4.29,12.87,0.00,0.00,S,6080442067,,USD,CS
70027305,02210,01,6,20260609,95027,000000005302,1,3.49,3.49,0.00,0.00,S,6080442067,,USD,CS
70027306,02210,05,1,20260609,121601,000000562002,2,8.49,16.98,0.00,1.06,S,,,USD,DB
70027306,02210,05,2,20260609,121601,000000551020,1,13.99,13.99,0.00,0.87,S,,,USD,DB
70027306,02210,05,3,20260609,121601,000000040201,2,8.99,17.98,0.00,0.00,S,,,USD,DB
70027306,02210,05,4,20260609,121601,000000005103,1,6.99,6.99,0.00,0.00,S,,,USD,DB
70027306,02210,05,5,20260609,121601,000000030103,1,8.99,8.99,0.00,0.00,S,,,USD,DB
70027307,02210,04,1,20260609,191733,000004493002,1,3.99,3.99,0.00,0.25,S,6004439735,,USD,CC
70027307,02210,04,2,20260609,191733,000004483001,3,4.99,14.97,0.00,0.94,S,6004439735,,USD,CC
70027307,02210,04,3,20260609,191733,000004473001,2,2.99,5.98,0.00,0.37,S,6004439735,,USD,CC
70027307,02210,04,4,20260609,191733,000004491002,1,6.99,6.99,0.00,0.44,S,6004439735,,USD,CC
70027307,02210,04,5,20260609,191733,000004473003,1,3.49,3.49,0.00,0.22,S,6004439735,,USD,CC
70027307,02210,04,6,20260609,191733,000000561002,1,7.49,7.49,0.00,0.47,S,6004439735,,USD,CC
70027308,02210,06,1,20260609,193602,000000030103,1,8.99,8.99,0.00,0.00,S,6041328348,,USD,CS
70027309,02305,06,1,20260609,74145,000004483001,1,4.99,4.99,0.00,0.31,S,,,USD,GC
70027309,02305,06,2,20260609,74145,000004482001,1,13.99,13.99,0.00,0.87,S,,,USD,GC
70027309,02305,06,3,20260609,74145,000000005102,1,5.49,5.49,0.00,0.00,S,,,USD,GC
70027309,02305,06,4,20260609,74145,000004483002,1,3.49,3.49,0.00,0.22,S,,,USD,GC
70027310,02305,02,1,20260609,70801,000004471023,2,3.49,6.98,0.00,0.44,S,6014878245,,USD,CS
70027310,02305,02,2,20260609,70801,000000094201,1.700,1.69,2.87,0.00,0.00,S,6014878245,,USD,CS
70027310,02305,02,3,20260609,70801,000000030102,1,14.99,14.99,0.00,0.00,S,6014878245,,USD,CS
70027310,02305,02,4,20260609,70801,000004482002,1,17.99,17.99,0.00,1.12,S,6014878245,,USD,CS
70027310,02305,02,5,20260609,70801,000000561001,2,9.99,19.98,0.00,1.25,S,6014878245,,USD,CS
70027310,02305,02,6,20260609,70801,000004492002,1,1.49,1.49,0.00,0.09,S,6014878245,,USD,CS
70027311,02305,01,1,20260609,211154,000000005202,3,5.99,17.97,5.99,0.00,S,,MB26W19,USD,DB
70027311,02305,01,2,20260609,211154,000000040202,1,14.99,14.99,0.00,0.00,S,,,USD,DB
70027311,02305,01,3,20260609,211154,000000030203,3,8.49,25.47,0.00,0.00,S,,,USD,DB
70027311,02305,01,4,20260609,211154,000000093401,0.870,5.49,4.78,0.00,0.00,S,,,USD,DB
70027311,02305,01,5,20260609,211154,000000030203,3,8.49,25.47,0.00,0.00,V,,,USD,DB
70027312,02305,02,1,20260609,75526,000000551021,2,11.99,23.98,0.00,1.50,S,,,USD,GC
70027312,02305,02,2,20260609,75526,000004491003,1,1.99,1.99,0.00,0.12,S,,,USD,GC
70027313,02305,01,1,20260609,90046,000004483002,1,3.49,3.49,0.52,0.19,S,6072946671,LY26W18,USD,DB
70027313,02305,01,2,20260609,90046,000004491003,2,1.99,3.98,0.00,0.25,S,6072946671,,USD,DB
70027314,02305,01,1,20260609,193121,000004491003,1,1.99,1.99,0.00,0.12,S,,,USD,DB
70027314,02305,01,2,20260609,193121,000004481001,1,7.99,7.99,0.00,0.50,S,,,USD,DB
70027314,02305,01,3,20260609,193121,000004492002,1,1.49,1.49,0.00,0.09,S,,,USD,DB
70027314,02305,01,4,20260609,193121,000000093321,1.011,1.49,1.51,0.00,0.00,S,,,USD,DB
70027314,02305,01,5,20260609,193121,000004483002,2,3.49,6.98,0.00,0.44,S,,,USD,DB
70027315,03050,04,1,20260609,190257,000004493001,1,5.49,5.49,0.00,0.34,S,,,USD,CS
70027316,03050,03,1,20260609,132814,000004471023,1,3.49,3.49,0.00,0.22,S,6099648997,,USD,DB
70027316,03050,03,2,20260609,132814,000000005102,1,5.49,5.49,0.00,0.00,S,6099648997,,USD,DB
70027316,03050,03,3,20260609,132814,000000551021,1,11.99,11.99,0.00,0.75,S,6099648997,,USD,DB
70027317,03050,04,1,20260609,204432,000000030102,1,14.99,14.99,0.00,0.00,S,,,USD,DB
70027318,03050,05,1,20260609,174851,000000040203,1,11.99,11.99,0.00,0.00,S,6066742860,,USD,CC
70027318,03050,05,2,20260609,174851,000000005102,1,5.49,5.49,0.00,0.00,S,6066742860,,USD,CC
70027318,03050,05,3,20260609,174851,000004492001,3,1.79,5.37,1.79,0.22,S,6066742860,MB26W19,USD,CC
70027318,03050,05,4,20260609,174851,000000093322,1.122,1.99,2.23,0.33,0.00,S,6066742860,LY26W19,USD,CC
70027318,03050,05,5,20260609,174851,000000093501,1,4.49,4.49,0.00,0.00,S,6066742860,,USD,CC
70027319,03050,03,1,20260609,121429,000004491001,2,2.49,4.98,0.00,0.31,S,,,USD,DB
70027319,03050,03,2,20260609,121429,000000561001,1,9.99,9.99,0.00,0.62,S,,,USD,DB
70027319,03050,03,3,20260609,121429,000000040101,0.511,18.99,9.70,0.00,0.00,S,,,USD,DB
70027319,03050,03,4,20260609,121429,000004483002,1,3.49,3.49,0.00,0.22,S,,,USD,DB
70027320,03050,03,1,20260609,151725,000004482003,1,5.49,5.49,0.00,0.34,S,6077251996,,USD,DB
70027320,03050,03,2,20260609,151725,000000094201,1.098,1.69,1.86,0.00,0.00,S,6077251996,,USD,DB
70027320,03050,03,3,20260609,151725,000004473001,1,2.99,2.99,0.00,0.19,S,6077251996,,USD,DB
70027320,03050,03,4,20260609,151725,000000093501,1,4.49,4.49,0.00,0.00,S,6077251996,,USD,DB
70027320,03050,03,5,20260609,151725,000004492001,1,1.79,1.79,0.00,0.11,S,6077251996,,USD,DB
70027321,03050,06,1,20260609,195200,000004471030,1,3.99,3.99,0.00,0.25,S,,,USD,CC
70027321,03050,06,2,20260609,195200,000000031102,0.461,19.99,9.22,0.00,0.00,S,,,USD,CC
70027322,03050,01,1,20260609,122522,000000020201,1,5.49,5.49,0.00,0.00,S,6044857086,,USD,CC
70027323,03050,04,1,20260609,152943,000000005202,3,5.99,17.97,5.99,0.00,S,6087431527,MB26W19,USD,CC
70027323,03050,04,2,20260609,152943,000000562001,3,10.99,32.97,10.99,1.37,S,6087431527,MB26W19,USD,CC
70027323,03050,04,3,20260609,152943,000000040202,2,14.99,29.98,0.00,0.00,S,6087431527,,USD,CC
70027324,03050,05,1,20260609,151704,000004492002,1,1.49,1.49,0.00,0.09,S,,,USD,CC
70027324,03050,05,2,20260609,151704,000004483002,1,3.49,3.49,0.00,0.22,S,,,USD,CC
70027325,03050,01,1,20260609,195845,000000093401,0.538,5.49,2.95,0.00,0.00,S,,,USD,CC
70027325,03050,01,2,20260609,195845,000000005202,3,5.99,17.97,5.99,0.00,S,,MB26W19,USD,CC
70027325,03050,01,3,20260609,195845,000004492002,1,1.49,1.49,0.00,0.09,S,,,USD,CC
70027326,03050,06,1,20260609,184631,000000005103,1,6.99,6.99,0.00,0.00,S,,,USD,CC
70027326,03050,06,2,20260609,184631,000000094301,0.357,4.39,1.57,0.00,0.00,S,,,USD,CC
70027326,03050,06,3,20260609,184631,000000005013,1,3.89,3.89,0.00,0.00,S,,,USD,CC
70027327,03050,06,1,20260609,111656,000004481003,1,4.99,4.99,0.00,0.31,S,,,USD,CC
70027327,03050,06,2,20260609,111656,000000005103,3,6.99,20.97,0.00,0.00,S,,,USD,CC
70027328,00317,02,1,20260609,101056,000000093402,1.429,4.49,6.42,0.00,0.00,S,,,CAD,CC
70027328,00317,02,2,20260609,101056,000000040203,1,16.29,16.29,0.00,0.00,S,,,CAD,CC
70027329,00317,06,1,20260609,213940,000000020201,2,7.49,14.98,0.00,0.00,S,6022397240,,CAD,DB
70027330,00317,06,1,20260609,101950,000000020201,1,7.49,7.49,0.00,0.00,S,6062779630,,CAD,CC
70027330,00317,06,2,20260609,101950,000004483002,2,4.69,9.38,1.41,0.50,S,6062779630,LY26W18,CAD,CC
70027330,00317,06,3,20260609,101950,000000030201,1,13.59,13.59,0.00,0.00,S,6062779630,,CAD,CC
70027330,00317,06,4,20260609,101950,000000094103,1,5.19,5.19,0.00,0.00,S,6062779630,,CAD,CC
70027330,00317,06,5,20260609,101950,000004492001,3,2.39,7.17,2.39,0.30,S,6062779630,MB26W19,CAD,CC
70027330,00317,06,6,20260609,101950,000004493002,1,5.39,5.39,0.00,0.34,S,6062779630,,CAD,CC
70027331,00317,04,1,20260609,90513,000004483002,1,4.69,4.69,0.70,0.25,S,6001841862,LY26W18,CAD,CS
70027332,00317,05,1,20260609,105808,000004472050,2,5.39,10.78,0.00,0.67,S,6001372151,,CAD,GC
70027332,00317,05,2,20260609,105808,000004483002,1,4.69,4.69,0.70,0.25,S,6001372151,LY26W18,CAD,GC
70027332,00317,05,3,20260609,105808,000000020102,1,4.69,4.69,0.70,0.00,S,6001372151,LY26W19,CAD,GC
70027333,00322,03,1,20260609,105802,000004481003,1,6.79,6.79,0.00,0.42,S,6089490580,,CAD,CS
70027333,00322,03,2,20260609,105802,000000020201,1,7.49,7.49,0.00,0.00,S,6089490580,,CAD,CS
70027333,00322,03,3,20260609,105802,000000005012,1,5.39,5.39,0.00,0.00,S,6089490580,,CAD,CS
70027334,00322,02,1,20260609,85632,000004483001,2,6.79,13.58,0.00,0.85,S,,,CAD,CC
70027334,00322,02,2,20260609,85632,000004491002,1,9.49,9.49,0.00,0.59,S,,,CAD,CC
70027335,00322,06,1,20260609,214428,000000040102,1.880,23.09,43.41,0.00,0.00,S,,,CAD,DB
70027335,00322,06,2,20260609,214428,000004482001,1,18.99,18.99,0.00,1.19,S,,,CAD,DB
70027336,00322,03,1,20260609,180919,000000020202,1,8.09,8.09,0.00,0.00,S,6090807595,,CAD,CC
70027336,00322,03,2,20260609,180919,000000020103,1,6.79,6.79,1.02,0.00,S,6090807595,LY26W19,CAD,CC
70027337,00322,06,1,20260609,72148,000000005103,1,9.49,9.49,1.42,0.00,S,6066365155,LY26W18,CAD,CC
70027337,00322,06,2,20260609,72148,000000005103,1,9.49,9.49,1.42,0.00,S,6066365155,LY26W18,CAD,CC
70027337,00322,06,3,20260609,72148,000004472050,1,5.39,5.39,0.00,0.34,S,6066365155,,CAD,CC
70027338,00322,05,1,20260609,192719,000000005103,3,9.49,28.47,0.00,0.00,S,,,CAD,DB
70027338,00322,05,2,20260609,192719,000000040102,1.507,23.09,34.80,0.00,0.00,S,,,CAD,DB
70027339,01042,06,1,20260610,163646,000000040203,1,11.99,11.99,0.00,0.00,S,6026527354,,USD,DB
70027339,01042,06,2,20260610,163646,000000020102,1,3.49,3.49,0.52,0.00,S,6026527354,LY26W19,USD,DB
70027339,01042,06,3,20260610,163646,000004493002,1,3.99,3.99,0.00,0.25,S,6026527354,,USD,DB
70027339,01042,06,4,20260610,163646,000004492003,1,2.29,2.29,0.00,0.14,S,6026527354,,USD,DB
70027339,01042,06,5,20260610,163646,000000005103,1,6.99,6.99,1.05,0.00,S,6026527354,LY26W18,USD,DB
70027339,01042,06,6,20260610,163646,000004472002,1,4.49,4.49,0.00,0.28,S,6026527354,,USD,DB
70027340,01042,04,1,20260610,211405,000000562002,1,8.49,8.49,0.00,0.53,S,,,USD,DB
70027340,01042,04,2,20260610,211405,000004493002,2,3.99,7.98,0.00,0.50,S,,,USD,DB
70027341,01042,01,1,20260610,165704,000004473003,1,3.49,3.49,0.00,0.22,S,6019553560,,USD,CC
70027341,01042,01,2,20260610,165704,000000094101,1,3.99,3.99,0.60,0.00,S,6019553560,LY26W19,USD,CC
70027341,01042,01,3,20260610,165704,000000552001,1,4.49,4.49,0.00,0.28,S,6019553560,,USD,CC
70027342,01042,04,1,20260610,73833,000004473002,1,2.79,2.79,0.42,0.15,S,6002730086,LY26W18,USD,CS
70027342,01042,04,2,20260610,73833,000004492001,3,1.79,5.37,1.79,0.22,S,6002730086,MB26W19,USD,CS
70027343,01042,03,1,20260610,131259,000000030101,1,6.99,6.99,0.00,0.00,S,,,USD,CC
70027343,01042,03,2,20260610,131259,000004491003,2,1.99,3.98,0.00,0.25,S,,,USD,CC
70027343,01042,03,3,20260610,131259,000000040102,1.810,16.99,30.75,0.00,0.00,S,,,USD,CC
70027344,01042,01,1,20260610,93617,000004483002,1,3.49,3.49,0.52,0.19,S,6059655553,LY26W18,USD,CC
70027344,01042,01,2,20260610,93617,000000040202,2,14.99,29.98,0.00,0.00,S,6059655553,,USD,CC
70027344,01042,01,3,20260610,93617,000004472002,1,4.49,4.49,0.00,0.28,S,6059655553,,USD,CC
70027344,01042,01,4,20260610,93617,000000020201,1,5.49,5.49,0.00,0.00,S,6059655553,,USD,CC
70027344,01042,01,5,20260610,93617,000000093410,1.187,3.99,4.74,0.71,0.00,S,6059655553,LY26W18,USD,CC
70027344,01042,01,6,20260610,93617,000000040203,2,11.99,23.98,0.00,0.00,S,6059655553,,USD,CC
70027345,01107,04,1,20260610,185950,000004483002,2,3.49,6.98,0.00,0.44,S,,,USD,CC
70027345,01107,04,2,20260610,185950,000000552001,1,4.49,4.49,0.00,0.28,S,,,USD,CC
70027345,01107,04,3,20260610,185950,000000005202,1,5.99,5.99,0.00,0.00,S,,,USD,CC
70027345,01107,04,4,20260610,185950,000000094202,0.686,1.99,1.37,0.00,0.00,S,,,USD,CC
70027346,01107,03,1,20260610,122428,000004472001,1,3.99,3.99,0.00,0.25,S,,,USD,DB
70027347,01107,02,1,20260610,151056,000004491001,1,2.49,2.49,0.00,0.16,S,6014727601,,USD,GC
70027347,01107,02,2,20260610,151056,000000005103,1,6.99,6.99,1.05,0.00,S,6014727601,LY26W18,USD,GC
70027348,01107,06,1,20260610,81111,000000005103,1,6.99,6.99,0.00,0.00,S,,,USD,CS
70027348,01107,06,2,20260610,81111,000000005201,1,3.99,3.99,0.00,0.00,S,,,USD,CS
70027348,01107,06,3,20260610,81111,000004492001,1,1.79,1.79,0.00,0.11,S,,,USD,CS
70027348,01107,06,4,20260610,81111,000004471023,1,3.49,3.49,0.00,0.22,S,,,USD,CS
70027349,01107,01,1,20260610,131930,000004481003,2,4.99,9.98,0.00,0.62,S,,,USD,DB
70027349,01107,01,2,20260610,131930,000000040102,1.183,16.99,20.10,0.00,0.00,S,,,USD,DB
70027350,01107,02,1,20260610,130148,000004472001,3,3.99,11.97,0.00,0.75,S,,,USD,CC
70027350,01107,02,2,20260610,130148,000004491003,2,1.99,3.98,0.00,0.25,S,,,USD,CC
70027350,01107,02,3,20260610,130148,000000551020,1,13.99,13.99,0.00,0.87,S,,,USD,CC
70027351,02210,04,1,20260610,122051,000000094101,2,3.99,7.98,0.00,0.00,S,,,USD,CC
70027351,02210,04,2,20260610,122051,000004473002,2,2.79,5.58,0.00,0.35,S,,,USD,CC
70027351,02210,04,3,20260610,122051,000004482001,1,13.99,13.99,0.00,0.87,S,,,USD,CC
70027352,02305,02,1,20260610,73135,000000094201,0.948,1.69,1.60,0.00,0.00,S,6037052635,,USD,CC
70027353,02305,04,1,20260610,200721,000000551021,1,11.99,11.99,0.00,0.75,S,6025803056,,USD,DB
70027353,02305,04,2,20260610,200721,000000040201,1,8.99,8.99,0.00,0.00,S,6025803056,,USD,DB
70027353,02305,04,3,20260610,200721,000004473002,3,2.79,8.37,1.26,0.44,S,6025803056,LY26W18,USD,DB
70027353,02305,04,4,20260610,200721,000000005301,1,5.49,5.49,0.00,0.00,S,6025803056,,USD,DB
70027354,02305,03,1,20260610,135207,000004473002,1,2.79,2.79,0.00,0.17,S,,,USD,CC
70027354,02305,03,2,20260610,135207,000004473001,1,2.99,2.99,0.00,0.19,S,,,USD,CC
70027354,02305,03,3,20260610,135207,000000005012,1,3.99,3.99,0.00,0.00,S,,,USD,CC
70027354,02305,03,4,20260610,135207,000000552001,1,4.49,4.49,0.00,0.28,S,,,USD,CC
70027355,02305,06,1,20260610,140612,000000094203,1.770,1.49,2.64,0.00,0.00,S,,,USD,CS
70027355,02305,06,2,20260610,140612,000004492001,3,1.79,5.37,1.79,0.22,S,,MB26W19,USD,CS
70027355,02305,06,3,20260610,140612,000004483002,1,3.49,3.49,0.00,0.22,S,,,USD,CS
70027356,02305,02,1,20260610,170539,000004471030,1,3.99,3.99,0.00,0.25,S,6051017397,,USD,DB
70027356,02305,02,2,20260610,170539,000000093402,0.967,3.29,3.18,0.00,0.00,S,6051017397,,USD,DB
70027356,02305,02,3,20260610,170539,000000093322,0.732,1.99,1.46,0.22,0.00,S,6051017397,LY26W19,USD,DB
70027356,02305,02,4,20260610,170539,000004473002,2,2.79,5.58,0.84,0.30,S,6051017397,LY26W18,USD,DB
70027356,02305,02,5,20260610,170539,000000005012,1,3.99,3.99,0.00,0.00,S,6051017397,,USD,DB
70027357,02305,05,1,20260610,195503,000000005202,3,5.99,17.97,5.99,0.00,S,,MB26W19,USD,CC
70027357,02305,05,2,20260610,195503,000000562001,2,10.99,21.98,0.00,1.37,S,,,USD,CC
70027357,02305,05,3,20260610,195503,000000020102,1,3.49,3.49,0.00,0.00,S,,,USD,CC
70027357,02305,05,4,20260610,195503,000000005302,1,3.49,3.49,0.00,0.00,S,,,USD,CC
70027358,02305,04,1,20260610,115248,000000030102,1,14.99,14.99,0.00,0.00,S,,,USD,CS
70027358,02305,04,2,20260610,115248,000004492001,3,1.79,5.37,1.79,0.22,S,,MB26W19,USD,CS
70027358,02305,04,3,20260610,115248,000000005012,1,3.99,3.99,0.00,0.00,S,,,USD,CS
70027359,03050,05,1,20260610,152739,000000562001,1,10.99,10.99,0.00,0.69,S,,,USD,GC
70027360,03050,06,1,20260610,142245,000004491003,2,1.99,3.98,0.00,0.25,S,,,USD,CC
70027360,03050,06,2,20260610,142245,000000005013,2,3.89,7.78,0.00,0.00,S,,,USD,CC
70027360,03050,06,3,20260610,142245,000000005013,2,3.89,7.78,0.00,0.00,V,,,USD,CC
70027361,03050,03,1,20260610,185339,000000040101,2.099,18.99,39.86,0.00,0.00,S,,,USD,CC
70027361,03050,03,2,20260610,185339,000004482003,1,5.49,5.49,0.00,0.34,S,,,USD,CC
70027361,03050,03,3,20260610,185339,000000020103,1,4.99,4.99,0.00,0.00,S,,,USD,CC
70027362,03050,04,1,20260610,194129,000000020103,1,4.99,4.99,0.00,0.00,S,,,USD,DB
70027362,03050,04,2,20260610,194129,000000005020,2,4.49,8.98,0.00,0.00,S,,,USD,DB
70027362,03050,04,3,20260610,194129,000000093501,2,4.49,8.98,0.00,0.00,S,,,USD,DB
70027362,03050,04,4,20260610,194129,000000562001,1,10.99,10.99,0.00,0.69,S,,,USD,DB
70027362,03050,04,5,20260610,194129,000000005301,1,5.49,5.49,0.00,0.00,S,,,USD,DB
70027362,03050,04,6,20260610,194129,000000040101,0.797,18.99,15.14,0.00,0.00,S,,,USD,DB
70027363,03050,06,1,20260610,182035,000004492001,1,1.79,1.79,0.00,0.11,S,6089421044,,USD,DB
70027364,03050,06,1,20260610,101540,000004471030,1,3.99,3.99,0.00,0.25,S,,,USD,CC
70027365,03050,05,1,20260610,212250,000000040201,1,8.99,8.99,0.00,0.00,S,6062056341,,USD,DB
70027365,03050,05,2,20260610,212250,000004492003,1,2.29,2.29,0.00,0.14,S,6062056341,,USD,DB
70027365,03050,05,3,20260610,212250,000004471023,1,3.49,3.49,0.00,0.22,S,6062056341,,USD,DB
70027366,03050,03,1,20260610,170054,000004481001,1,7.99,7.99,0.00,0.50,R,6033721885,,USD,CC
70027367,03050,05,1,20260610,103020,000000005103,1,6.99,6.99,0.00,0.00,S,,,USD,GC
70027367,03050,05,2,20260610,103020,000000562002,2,8.49,16.98,0.00,1.06,S,,,USD,GC
70027367,03050,05,3,20260610,103020,000000020201,1,5.49,5.49,0.00,0.00,S,,,USD,GC
70027367,03050,05,4,20260610,103020,000000005103,1,6.99,6.99,0.00,0.00,V,,,USD,GC
70027368,03050,06,1,20260610,114916,000004492001,3,1.79,5.37,1.79,0.22,S,,MB26W19,USD,CC
70027368,03050,06,2,20260610,114916,000000005103,1,6.99,6.99,0.00,0.00,S,,,USD,CC
70027368,03050,06,3,20260610,114916,000000005202,3,5.99,17.97,5.99,0.00,S,,MB26W19,USD,CC
70027368,03050,06,4,20260610,114916,000000030102,1,14.99,14.99,0.00,0.00,S,,,USD,CC
70027369,00317,06,1,20260610,190448,000004491002,2,9.49,18.98,0.00,1.19,S,,,CAD,CC
70027369,00317,06,2,20260610,190448,000000562002,1,11.49,11.49,0.00,0.72,S,,,CAD,CC
70027369,00317,06,3,20260610,190448,000000005202,3,8.09,24.27,8.09,0.00,S,,MB26W19,CAD,CC
70027369,00317,06,4,20260610,190448,000000005302,1,4.69,4.69,0.00,0.00,S,,,CAD,CC
70027370,00317,04,1,20260610,132609,000004473002,1,3.79,3.79,0.00,0.24,S,,,CAD,DB
70027371,00317,06,1,20260610,213006,000004483002,2,4.69,9.38,1.41,0.50,S,6000170127,LY26W18,CAD,DB
70027372,00317,04,1,20260610,90242,000000094302,1.286,7.49,9.63,0.00,0.00,S,6041321147,,CAD,CS
70027372,00317,04,2,20260610,90242,000004481003,1,6.79,6.79,0.00,0.42,S,6041321147,,CAD,CS
70027372,00317,04,3,20260610,90242,000000093402,0.576,4.49,2.59,0.00,0.00,S,6041321147,,CAD,CS
70027373,00317,02,1,20260610,211548,000000030203,1,11.49,11.49,0.00,0.00,S,6013875927,,CAD,DB
70027373,00317,02,2,20260610,211548,000004472050,1,5.39,5.39,0.00,0.34,S,6013875927,,CAD,DB
70027373,00317,02,3,20260610,211548,000000005103,1,9.49,9.49,1.42,0.00,S,6013875927,LY26W18,CAD,DB
70027373,00317,02,4,20260610,211548,000000094102,1,4.69,4.69,0.00,0.00,S,6013875927,,CAD,DB
70027374,00317,04,1,20260610,180057,000000031102,0.933,27.19,25.37,3.81,0.00,S,6001841862,LY26W18,CAD,GC
70027374,00317,04,2,20260610,180057,000000005202,1,8.09,8.09,0.00,0.00,S,6001841862,,CAD,GC
70027374,00317,04,3,20260610,180057,000000031102,1.342,27.19,36.49,5.47,0.00,S,6001841862,LY26W18,CAD,GC
70027375,00322,01,1,20260610,112007,000004482001,1,18.99,18.99,0.00,1.19,S,,,CAD,GC
70027376,00322,03,1,20260610,151411,000000020103,1,6.79,6.79,1.02,0.00,S,6095894773,LY26W19,CAD,CC
70027376,00322,03,2,20260610,151411,000000040201,1,12.19,12.19,0.00,0.00,S,6095894773,,CAD,CC
70027376,00322,03,3,20260610,151411,000004491001,1,3.39,3.39,0.00,0.21,S,6095894773,,CAD,CC
70027376,00322,03,4,20260610,151411,000000020201,1,7.49,7.49,0.00,0.00,S,6095894773,,CAD,CC
70027377,00322,06,1,20260610,81250,000000020103,1,6.79,6.79,0.00,0.00,S,,,CAD,GC
70027377,00322,06,2,20260610,81250,000000040102,0.779,23.09,17.99,0.00,0.00,S,,,CAD,GC
70027378,00322,02,1,20260610,182439,000000005012,1,5.39,5.39,0.00,0.00,S,6008267734,,CAD,DB
70027378,00322,02,2,20260610,182439,000000020101,1,3.39,3.39,0.00,0.00,S,6008267734,,CAD,DB
70027378,00322,02,3,20260610,182439,000000094202,1.168,2.69,3.14,0.00,0.00,S,6008267734,,CAD,DB
70027378,00322,02,4,20260610,182439,000000094302,1.630,7.49,12.21,0.00,0.00,S,6008267734,,CAD,DB
70027379,00322,02,1,20260610,112335,000000040202,2,20.39,40.78,0.00,0.00,S,,,CAD,CC
70027379,00322,02,2,20260610,112335,000000094202,1.020,2.69,2.74,0.00,0.00,S,,,CAD,CC
70027379,00322,02,3,20260610,112335,000000040102,1.639,23.09,37.84,0.00,0.00,S,,,CAD,CC
70027379,00322,02,4,20260610,112335,000000005102,3,7.49,22.47,0.00,0.00,S,,,CAD,CC
70027379,00322,02,5,20260610,112335,000000040101,0.899,25.79,23.19,0.00,0.00,S,,,CAD,CC
70027380,00322,03,1,20260610,192232,000004492050,1,2.99,2.99,0.00,0.19,S,6006211369,,CAD,CC
70027380,00322,03,2,20260610,192232,000000005012,1,5.39,5.39,0.00,0.00,S,6006211369,,CAD,CC
70027381,00322,04,1,20260610,214955,000000005103,1,9.49,9.49,0.00,0.00,S,,,CAD,DB
70027381,00322,04,2,20260610,214955,000004493001,2,7.49,14.98,0.00,0.94,S,,,CAD,DB
70027381,00322,04,3,20260610,214955,000000040201,1,12.19,12.19,0.00,0.00,S,,,CAD,DB
70027382,01042,02,1,20260611,120406,000000005301,1,5.49,5.49,0.00,0.00,S,6001284008,,USD,CS
70027383,01042,06,1,20260611,155008,000000093410,2.172,3.99,8.67,1.30,0.00,S,6066270511,LY26W18,USD,DB
70027383,01042,06,2,20260611,155008,000000005101,1,7.99,7.99,0.00,0.00,S,6066270511,,USD,DB
70027384,01042,05,1,20260611,153358,000000094101,1,3.99,3.99,0.60,0.00,S,6004023693,LY26W19,USD,DB
70027384,01042,05,2,20260611,153358,000000005101,2,7.99,15.98,0.00,0.00,S,6004023693,,USD,DB
70027384,01042,05,3,20260611,153358,000004481003,1,4.99,4.99,0.00,0.31,S,6004023693,,USD,DB
70027384,01042,05,4,20260611,153358,000000005301,1,5.49,5.49,0.00,0.00,S,6004023693,,USD,DB
70027385,01042,02,1,20260611,120933,000000020102,1,3.49,3.49,0.00,0.00,S,,,USD,CC
70027385,01042,02,2,20260611,120933,000000005103,1,6.99,6.99,0.00,0.00,S,,,USD,CC
70027386,01042,05,1,20260611,184300,000000005103,1,6.99,6.99,1.05,0.00,S,6015402119,LY26W18,USD,DB
70027386,01042,05,2,20260611,184300,000000561001,1,9.99,9.99,0.00,0.62,S,6015402119,,USD,DB
70027386,01042,05,3,20260611,184300,000000093321,0.425,1.49,0.63,0.00,0.00,S,6015402119,,USD,DB
70027386,01042,05,4,20260611,184300,000000005302,1,3.49,3.49,0.00,0.00,S,6015402119,,USD,DB
70027386,01042,05,5,20260611,184300,000004472001,2,3.99,7.98,1.20,0.42,S,6015402119,LY26W18,USD,DB
70027387,01042,02,1,20260611,90223,000000561001,1,9.99,9.99,0.00,0.62,S,6043260055,,USD,CC
70027388,01042,04,1,20260611,133507,000004471040,1,2.49,2.49,0.00,0.16,S,,,USD,CC
70027388,01042,04,2,20260611,133507,000000005102,1,5.49,5.49,0.00,0.00,S,,,USD,CC
70027389,01042,05,1,20260611,90111,000000093402,1.191,3.29,3.92,0.00,0.00,S,,,USD,CS
70027389,01042,05,2,20260611,90111,000004482002,2,17.99,35.98,0.00,2.25,S,,,USD,CS
70027389,01042,05,3,20260611,90111,000004491001,1,2.49,2.49,0.00,0.16,S,,,USD,CS
70027389,01042,05,4,20260611,90111,000000094103,2,3.79,7.58,0.00,0.00,S,,,USD,CS
70027390,01042,03,1,20260611,215825,000004492003,1,2.29,2.29,0.00,0.14,S,,,USD,CC
70027390,01042,03,2,20260611,215825,000000561002,1,7.49,7.49,0.00,0.47,S,,,USD,CC
70027391,01042,06,1,20260611,81627,000004491002,1,6.99,6.99,0.00,0.44,S,6015454443,,USD,GC
70027391,01042,06,2,20260611,81627,000004491003,1,1.99,1.99,0.00,0.12,S,6015454443,,USD,GC
70027392,01042,03,1,20260611,185142,000004483002,1,3.49,3.49,0.00,0.22,S,,,USD,DB
70027392,01042,03,2,20260611,185142,000000030103,1,8.99,8.99,0.00,0.00,S,,,USD,DB
70027393,01107,06,1,20260611,161353,000000005102,1,5.49,5.49,0.00,0.00,S,,,USD,CC
70027393,01107,06,2,20260611,161353,000000005202,1,5.99,5.99,0.00,0.00,S,,,USD,CC
70027393,01107,06,3,20260611,161353,000000551021,1,11.99,11.99,0.00,0.75,S,,,USD,CC
70027393,01107,06,4,20260611,161353,000004481001,1,7.99,7.99,0.00,0.50,S,,,USD,CC
70027394,01107,04,1,20260611,100341,000004473001,2,2.99,5.98,0.00,0.37,S,,,USD,DB
70027394,01107,04,2,20260611,100341,000004472002,2,4.49,8.98,0.00,0.56,S,,,USD,DB
70027394,01107,04,3,20260611,100341,000004472001,1,3.99,3.99,0.00,0.25,S,,,USD,DB
70027394,01107,04,4,20260611,100341,000000005202,3,5.99,17.97,5.99,0.00,S,,MB26W19,USD,DB
70027394,01107,04,5,20260611,100341,000004472001,1,3.99,3.99,0.00,0.25,S,,,USD,DB
70027394,01107,04,6,20260611,100341,000000020102,1,3.49,3.49,0.00,0.00,S,,,USD,DB
70027395,02210,05,1,20260611,91705,000000005012,1,3.99,3.99,0.00,0.00,S,,,USD,DB
70027395,02210,05,2,20260611,91705,000000093402,1.174,3.29,3.86,0.00,0.00,S,,,USD,DB
70027395,02210,05,3,20260611,91705,000004492001,1,1.79,1.79,0.00,0.11,S,,,USD,DB
70027395,02210,05,4,20260611,91705,000000005012,2,3.99,7.98,0.00,0.00,S,,,USD,DB
70027396,02210,03,1,20260611,104138,000004482002,1,17.99,17.99,0.00,1.12,S,,,USD,GC
70027396,02210,03,2,20260611,104138,000004471030,1,3.99,3.99,0.00,0.25,S,,,USD,GC
70027397,02210,06,1,20260611,144808,000000005102,1,5.49,5.49,0.00,0.00,S,,,USD,GC
70027398,02210,05,1,20260611,172039,000000005202,1,5.99,5.99,0.00,0.00,S,,,USD,DB
70027398,02210,05,2,20260611,172039,000000093501,1,4.49,4.49,0.00,0.00,S,,,USD,DB
70027398,02210,05,3,20260611,172039,000004471030,1,3.99,3.99,0.00,0.25,S,,,USD,DB
70027398,02210,05,4,20260611,172039,000000020202,1,5.99,5.99,0.00,0.00,S,,,USD,DB
70027399,02210,05,1,20260611,133537,000000005012,1,3.99,3.99,0.00,0.00,S,,,USD,DB
70027399,02210,05,2,20260611,133537,000004471030,1,3.99,3.99,0.00,0.25,S,,,USD,DB
70027400,02305,03,1,20260611,81354,000000005101,1,7.99,7.99,0.00,0.00,S,,,USD,DB
70027400,02305,03,2,20260611,81354,000000562001,3,10.99,32.97,10.99,1.37,S,,MB26W19,USD,DB
70027400,02305,03,3,20260611,81354,000000005102,1,5.49,5.49,0.00,0.00,S,,,USD,DB
70027401,02305,03,1,20260611,173923,000004492001,1,1.79,1.79,0.00,0.11,S,,,USD,CS
70027401,02305,03,2,20260611,173923,000004471023,1,3.49,3.49,0.00,0.22,S,,,USD,CS
70027401,02305,03,3,20260611,173923,000000030102,1,14.99,14.99,0.00,0.00,S,,,USD,CS
70027401,02305,03,4,20260611,173923,000000093322,2.018,1.99,4.02,0.00,0.00,S,,,USD,CS
70027402,02305,06,1,20260611,105443,000000005101,1,7.99,7.99,0.00,0.00,S,,,USD,CC
70027402,02305,06,2,20260611,105443,000000093402,2.190,3.29,7.21,0.00,0.00,S,,,USD,CC
70027402,02305,06,3,20260611,105443,000004482002,1,17.99,17.99,0.00,1.12,S,,,USD,CC
70027403,02305,04,1,20260611,81821,000000005101,2,7.99,15.98,0.00,0.00,S,,,USD,CC
70027403,02305,04,2,20260611,81821,000000552002,1,3.99,3.99,0.00,0.25,S,,,USD,CC
70027404,02305,05,1,20260611,70104,000000030101,1,6.99,6.99,0.00,0.00,S,6077687290,,USD,CC
70027404,02305,05,2,20260611,70104,000004472002,1,4.49,4.49,0.00,0.28,S,6077687290,,USD,CC
70027404,02305,05,3,20260611,70104,000000005012,3,3.99,11.97,0.00,0.00,S,6077687290,,USD,CC
70027405,02305,02,1,20260611,123555,000004472001,1,3.99,3.99,0.00,0.25,S,,,USD,DB
70027405,02305,02,2,20260611,123555,000000094203,0.438,1.49,0.65,0.00,0.00,S,,,USD,DB
70027405,02305,02,3,20260611,123555,000000094203,1.746,1.49,2.60,0.00,0.00,S,,,USD,DB
70027406,02305,02,1,20260611,151355,000000030101,1,6.99,6.99,0.00,0.00,S,,,USD,CC
70027406,02305,02,2,20260611,151355,000000005301,2,5.49,10.98,0.00,0.00,S,,,USD,CC
70027406,02305,02,3,20260611,151355,000000040101,1.994,18.99,37.87,0.00,0.00,S,,,USD,CC
70027406,02305,02,4,20260611,151355,000000093325,2.089,3.99,8.34,0.00,0.00,S,,,USD,CC
70027407,02305,02,1,20260611,110957,000000020101,1,2.49,2.49,0.00,0.00,S,,,USD,GC
70027408,02305,01,1,20260611,114927,000000093322,0.532,1.99,1.06,0.00,0.00,S,,,USD,CC
70027408,02305,01,2,20260611,114927,000004472001,1,3.99,3.99,0.00,0.25,S,,,USD,CC
70027409,02305,06,1,20260611,134956,000000093502,1,3.99,3.99,0.00,0.00,S,6016229991,,USD,CC
70027409,02305,06,2,20260611,134956,000000093322,0.884,1.99,1.76,0.26,0.00,S,6016229991,LY26W19,USD,CC
70027409,02305,06,3,20260611,134956,000000005103,1,6.99,6.99,1.05,0.00,S,6016229991,LY26W18,USD,CC
70027410,03050,01,1,20260611,84428,000004471030,1,3.99,3.99,0.00,0.25,S,,,USD,CC
70027410,03050,01,2,20260611,84428,000000551020,2,13.99,27.98,0.00,1.75,S,,,USD,CC
70027410,03050,01,3,20260611,84428,000004483002,2,3.49,6.98,0.00,0.44,S,,,USD,CC
70027411,03050,04,1,20260611,133355,000000020101,1,2.49,2.49,0.00,0.00,S,,,USD,CS
70027411,03050,04,2,20260611,133355,000000094103,2,3.79,7.58,0.00,0.00,S,,,USD,CS
70027412,03050,05,1,20260611,94515,000004481001,1,7.99,7.99,0.00,0.50,S,6071175957,,USD,DB
70027412,03050,05,2,20260611,94515,000000040102,0.442,16.99,7.51,0.00,0.00,S,6071175957,,USD,DB
70027412,03050,05,3,20260611,94515,000004493001,1,5.49,5.49,0.00,0.34,S,6071175957,,USD,DB
70027412,03050,05,4,20260611,94515,000000562001,1,10.99,10.99,0.00,0.69,S,6071175957,,USD,DB
70027413,03050,02,1,20260611,144656,000000040203,3,11.99,35.97,0.00,0.00,S,6042271133,,USD,CC
70027413,03050,02,2,20260611,144656,000000551020,3,13.99,41.97,0.00,2.62,S,6042271133,,USD,CC
70027414,03050,06,1,20260611,100321,000004473003,1,3.49,3.49,0.00,0.22,S,,,USD,CC
70027414,03050,06,2,20260611,100321,000004482001,1,13.99,13.99,0.00,0.87,S,,,USD,CC
70027414,03050,06,3,20260611,100321,000000020102,1,3.49,3.49,0.00,0.00,S,,,USD,CC
70027414,03050,06,4,20260611,100321,000004493001,1,5.49,5.49,0.00,0.34,S,,,USD,CC
70027414,03050,06,5,20260611,100321,000000040203,3,11.99,35.97,0.00,0.00,S,,,USD,CC
70027415,03050,03,1,20260611,211428,000000005020,1,4.49,4.49,0.00,0.00,S,,,USD,DB
70027416,03050,06,1,20260611,192027,000000030102,1,14.99,14.99,0.00,0.00,S,,,USD,CS
70027417,00317,03,1,20260611,111616,000004482002,1,24.49,24.49,0.00,1.53,S,,,CAD,CC
70027418,00317,02,1,20260611,215430,000000030203,1,11.49,11.49,0.00,0.00,S,6084982544,,CAD,CC
70027418,00317,02,2,20260611,215430,000000005012,1,5.39,5.39,0.00,0.00,S,6084982544,,CAD,CC
70027418,00317,02,3,20260611,215430,000000005102,3,7.49,22.47,0.00,0.00,S,6084982544,,CAD,CC
70027419,00317,01,1,20260611,101103,000000005202,1,8.09,8.09,0.00,0.00,S,,,CAD,CC
70027420,00317,01,1,20260611,101505,000004492050,1,2.99,2.99,0.00,0.19,S,,,CAD,CC
70027421,00317,05,1,20260611,201210,000000030103,1,12.19,12.19,0.00,0.00,S,,,CAD,GC
70027421,00317,05,2,20260611,201210,000004473003,1,4.69,4.69,0.00,0.29,S,,,CAD,GC
70027421,00317,05,3,20260611,201210,000000005012,1,5.39,5.39,0.00,0.00,S,,,CAD,GC
70027422,00317,05,1,20260611,153810,000000030201,1,13.59,13.59,0.00,0.00,S,,,CAD,DB
70027422,00317,05,2,20260611,153810,000000005012,1,5.39,5.39,0.00,0.00,S,,,CAD,DB
70027422,00317,05,3,20260611,153810,000000094103,1,5.19,5.19,0.00,0.00,S,,,CAD,DB
70027422,00317,05,4,20260611,153810,000004471030,1,5.39,5.39,0.00,0.34,S,,,CAD,DB
70027423,00317,03,1,20260611,123807,000004481003,1,6.79,6.79,0.00,0.42,S,6042717396,,CAD,GC
70027423,00317,03,2,20260611,123807,000004471023,1,4.69,4.69,0.00,0.29,S,6042717396,,CAD,GC
70027423,00317,03,3,20260611,123807,000000094301,0.928,5.99,5.56,0.00,0.00,S,6042717396,,CAD,GC
70027424,00317,01,1,20260611,195107,000000040202,3,20.39,61.17,0.00,0.00,S,6028715399,,CAD,CC
70027424,00317,01,2,20260611,195107,000000551021,1,16.29,16.29,0.00,1.02,S,6028715399,,CAD,CC
70027424,00317,01,3,20260611,195107,000000020201,1,7.49,7.49,0.00,0.00,S,6028715399,,CAD,CC
70027424,00317,01,4,20260611,195107,000000030202,1,15.59,15.59,0.00,0.00,S,6028715399,,CAD,CC
70027425,00317,03,1,20260611,100658,000000005013,1,5.29,5.29,0.00,0.00,S,,,CAD,CS
70027426,00317,02,1,20260611,125617,000004483002,1,4.69,4.69,0.70,0.25,S,6026003083,LY26W18,CAD,CC
70027426,00317,02,2,20260611,125617,000000005020,1,6.09,6.09,0.00,0.00,S,6026003083,,CAD,CC
70027426,00317,02,3,20260611,125617,000000005012,1,5.39,5.39,0.00,0.00,S,6026003083,,CAD,CC
70027426,00317,02,4,20260611,125617,000004492001,3,2.39,7.17,2.39,0.30,S,6026003083,MB26W19,CAD,CC
70027427,00322,02,1,20260611,170952,000000040101,0.575,25.79,14.83,0.00,0.00,S,,,CAD,CC
70027427,00322,02,2,20260611,170952,000000040203,1,16.29,16.29,0.00,0.00,S,,,CAD,CC
70027427,00322,02,3,20260611,170952,000004471023,1,4.69,4.69,0.00,0.29,S,,,CAD,CC
70027427,00322,02,4,20260611,170952,000000005301,1,7.49,7.49,0.00,0.00,S,,,CAD,CC
70027427,00322,02,5,20260611,170952,000000005202,1,8.09,8.09,0.00,0.00,S,,,CAD,CC
70027428,00322,03,1,20260611,75030,000004493002,1,5.39,5.39,0.00,0.34,S,,,CAD,DB
70027428,00322,03,2,20260611,75030,000004472003,1,4.49,4.49,0.00,0.28,S,,,CAD,DB
70027428,00322,03,3,20260611,75030,000004471030,2,5.39,10.78,0.00,0.67,S,,,CAD,DB
70027428,00322,03,4,20260611,75030,000000040201,1,12.19,12.19,0.00,0.00,S,,,CAD,DB
70027428,00322,03,5,20260611,75030,000000040203,1,16.29,16.29,0.00,0.00,S,,,CAD,DB
70027429,00322,01,1,20260611,104317,000000005101,2,10.89,21.78,0.00,0.00,S,6078700505,,CAD,CS
70027429,00322,01,2,20260611,104317,000000005202,1,8.09,8.09,0.00,0.00,S,6078700505,,CAD,CS
70027430,01042,03,1,20260612,204629,000004483001,1,4.99,4.99,0.00,0.31,S,,,USD,CC
70027430,01042,03,2,20260612,204629,000000020201,3,5.49,16.47,0.00,0.00,S,,,USD,CC
70027430,01042,03,3,20260612,204629,000000005103,1,6.99,6.99,0.00,0.00,S,,,USD,CC
70027430,01042,03,4,20260612,204629,000004483002,1,3.49,3.49,0.00,0.22,S,,,USD,CC
70027430,01042,03,5,20260612,204629,000004492001,1,1.79,1.79,0.00,0.11,S,,,USD,CC
70027431,01042,05,1,20260612,145448,000000005101,1,7.99,7.99,0.00,0.00,S,6034255638,,USD,CC
70027431,01042,05,2,20260612,145448,000004473003,2,3.49,6.98,0.00,0.44,S,6034255638,,USD,CC
70027431,01042,05,3,20260612,145448,000000093402,1.928,3.29,6.34,0.00,0.00,S,6034255638,,USD,CC
70027431,01042,05,4,20260612,145448,000000093410,0.895,3.99,3.57,0.54,0.00,S,6034255638,LY26W18,USD,CC
70027431,01042,05,5,20260612,145448,000004483002,1,3.49,3.49,0.52,0.19,S,6034255638,LY26W18,USD,CC
70027431,01042,05,6,20260612,145448,000000005302,1,3.49,3.49,0.00,0.00,S,6034255638,,USD,CC
70027432,01042,06,1,20260612,90452,000004473002,1,2.79,2.79,0.42,0.15,S,6014743974,LY26W18,USD,CS
70027432,01042,06,2,20260612,90452,000000030203,1,8.49,8.49,0.00,0.00,S,6014743974,,USD,CS
70027432,01042,06,3,20260612,90452,000000005101,1,7.99,7.99,0.00,0.00,S,6014743974,,USD,CS
70027432,01042,06,4,20260612,90452,000000040203,1,11.99,11.99,0.00,0.00,S,6014743974,,USD,CS
70027432,01042,06,5,20260612,90452,000000093325,0.854,3.99,3.41,0.00,0.00,S,6014743974,,USD,CS
70027432,01042,06,6,20260612,90452,000004482001,2,13.99,27.98,0.00,1.75,S,6014743974,,USD,CS
70027433,01042,03,1,20260612,203926,000000040203,3,11.99,35.97,0.00,0.00,S,,,USD,CC
70027433,01042,03,2,20260612,203926,000004492002,1,1.49,1.49,0.00,0.09,S,,,USD,CC
70027434,01042,04,1,20260612,132754,000000020102,1,3.49,3.49,0.00,0.00,S,,,USD,DB
70027434,01042,04,2,20260612,132754,000004483001,1,4.99,4.99,0.00,0.31,S,,,USD,DB
70027434,01042,04,3,20260612,132754,000004471030,1,3.99,3.99,0.00,0.25,S,,,USD,DB
70027435,01042,03,1,20260612,193111,000000093322,1.766,1.99,3.51,0.00,0.00,S,,,USD,DB
70027436,01107,02,1,20260612,72145,000004493002,2,3.99,7.98,0.00,0.50,S,,,USD,CC
70027436,01107,02,2,20260612,72145,000004471040,1,2.49,2.49,0.00,0.16,S,,,USD,CC
70027436,01107,02,3,20260612,72145,000000551020,1,13.99,13.99,0.00,0.87,S,,,USD,CC
70027436,01107,02,4,20260612,72145,000000020102,1,3.49,3.49,0.00,0.00,S,,,USD,CC
70027436,01107,02,5,20260612,72145,000004482001,1,13.99,13.99,0.00,0.87,S,,,USD,CC
70027437,01107,03,1,20260612,140650,000004483002,3,3.49,10.47,0.00,0.65,S,,,USD,CC
70027437,01107,03,2,20260612,140650,000004481001,2,7.99,15.98,0.00,1.00,S,,,USD,CC
70027437,01107,03,3,20260612,140650,000004471030,2,3.99,7.98,0.00,0.50,S,,,USD,CC
70027437,01107,03,4,20260612,140650,000004483001,1,4.99,4.99,0.00,0.31,S,,,USD,CC
70027437,01107,03,5,20260612,140650,000004493002,1,3.99,3.99,0.00,0.25,S,,,USD,CC
70027438,01107,05,1,20260612,150148,000000020102,1,3.49,3.49,0.00,0.00,S,,,USD,DB
70027438,01107,05,2,20260612,150148,000000020101,1,2.49,2.49,0.00,0.00,S,,,USD,DB
70027439,01107,03,1,20260612,125453,000004493002,1,3.99,3.99,0.00,0.25,S,,,USD,GC
70027439,01107,03,2,20260612,125453,000000094201,2.078,1.69,3.51,0.00,0.00,S,,,USD,GC
70027440,02210,05,1,20260612,200056,000000020202,3,5.99,17.97,0.00,0.00,S,6029965082,,USD,CC
70027441,02210,04,1,20260612,91524,000004482002,1,17.99,17.99,0.00,1.12,S,6014939252,,USD,CC
70027441,02210,04,2,20260612,91524,000000030203,2,8.49,16.98,0.00,0.00,S,6014939252,,USD,CC
70027441,02210,04,3,20260612,91524,000000040203,3,11.99,35.97,0.00,0.00,S,6014939252,,USD,CC
70027441,02210,04,4,20260612,91524,000000094302,2.076,5.49,11.40,0.00,0.00,S,6014939252,,USD,CC
70027442,02210,02,1,20260612,183704,000004493002,1,3.99,3.99,0.00,0.25,S,,,USD,GC
70027442,02210,02,2,20260612,183704,000004483002,1,3.49,3.49,0.00,0.22,S,,,USD,GC
70027442,02210,02,3,20260612,183704,000000562002,1,8.49,8.49,0.00,0.53,S,,,USD,GC
70027443,02210,05,1,20260612,111647,000000561002,1,7.49,7.49,0.00,0.47,S,6092171747,,USD,CS
70027443,02210,05,2,20260612,111647,000004471040,1,2.49,2.49,0.00,0.16,S,6092171747,,USD,CS
70027443,02210,05,3,20260612,111647,000000020102,1,3.49,3.49,0.52,0.00,S,6092171747,LY26W19,USD,CS
70027443,02210,05,4,20260612,111647,000000094301,1.301,4.39,5.71,0.00,0.00,S,6092171747,,USD,CS
70027443,02210,05,5,20260612,111647,000000020103,1,4.99,4.99,0.75,0.00,S,6092171747,LY26W19,USD,CS
70027444,02210,06,1,20260612,214715,000000020103,1,4.99,4.99,0.00,0.00,S,,,USD,DB
70027444,02210,06,2,20260612,214715,000000005012,1,3.99,3.99,0.00,0.00,S,,,USD,DB
70027444,02210,06,3,20260612,214715,000004472001,1,3.99,3.99,0.00,0.25,S,,,USD,DB
70027444,02210,06,4,20260612,214715,000000561001,1,9.99,9.99,0.00,0.62,S,,,USD,DB
70027444,02210,06,5,20260612,214715,000004473002,1,2.79,2.79,0.00,0.17,S,,,USD,DB
70027445,02305,02,1,20260612,143632,000004482003,1,5.49,5.49,0.00,0.34,S,6032106133,,USD,CS
70027446,02305,01,1,20260612,182233,000004471023,1,3.49,3.49,0.00,0.22,S,,,USD,DB
70027446,02305,01,2,20260612,182233,000004482001,1,13.99,13.99,0.00,0.87,S,,,USD,DB
70027446,02305,01,3,20260612,182233,000000093401,1.694,5.49,9.30,0.00,0.00,S,,,USD,DB
70027447,02305,02,1,20260612,93018,000000562002,1,8.49,8.49,0.00,0.53,S,6059779452,,USD,CC
70027447,02305,02,2,20260612,93018,000000551021,1,11.99,11.99,0.00,0.75,S,6059779452,,USD,CC
70027447,02305,02,3,20260612,93018,000000020202,1,5.99,5.99,0.00,0.00,S,6059779452,,USD,CC
70027448,02305,03,1,20260612,150747,000000040202,1,14.99,14.99,0.00,0.00,S,,,USD,DB
70027448,02305,03,2,20260612,150747,000000020202,1,5.99,5.99,0.00,0.00,S,,,USD,DB
70027448,02305,03,3,20260612,150747,000004471040,1,2.49,2.49,0.00,0.16,S,,,USD,DB
70027448,02305,03,4,20260612,150747,000004493001,1,5.49,5.49,0.00,0.34,S,,,USD,DB
70027449,02305,06,1,20260612,82434,000004472001,1,3.99,3.99,0.00,0.25,S,,,USD,DB
70027450,02305,04,1,20260612,83806,000000030202,1,11.49,11.49,0.00,0.00,S,,,USD,CS
70027451,02305,05,1,20260612,84119,000000093402,1.972,3.29,6.49,0.00,0.00,S,6049305966,,USD,GC
70027451,02305,05,2,20260612,84119,000004481001,1,7.99,7.99,0.00,0.50,S,6049305966,,USD,GC
70027451,02305,05,3,20260612,84119,000000020101,1,2.49,2.49,0.00,0.00,S,6049305966,,USD,GC
70027452,02305,03,1,20260612,70252,000000093501,1,4.49,4.49,0.00,0.00,S,6094575757,,USD,CC
70027452,02305,03,2,20260612,70252,000000094201,1.116,1.69,1.89,0.00,0.00,S,6094575757,,USD,CC
70027452,02305,03,3,20260612,70252,000000030203,1,8.49,8.49,0.00,0.00,S,6094575757,,USD,CC
70027453,02305,03,1,20260612,91412,000000562001,1,10.99,10.99,0.00,0.69,S,6017320309,,USD,CC
70027453,02305,03,2,20260612,91412,000000040201,1,8.99,8.99,0.00,0.00,S,6017320309,,USD,CC
70027453,02305,03,3,20260612,91412,000004471023,2,3.49,6.98,0.00,0.44,S,6017320309,,USD,CC
70027453,02305,03,4,20260612,91412,000004471030,1,3.99,3.99,0.00,0.25,S,6017320309,,USD,CC
70027454,02305,04,1,20260612,183614,000004493002,1,3.99,3.99,0.00,0.25,S,6014060293,,USD,CC
70027454,02305,04,2,20260612,183614,000000093402,2.099,3.29,6.91,0.00,0.00,S,6014060293,,USD,CC
70027454,02305,04,3,20260612,183614,000000551020,1,13.99,13.99,0.00,0.87,S,6014060293,,USD,CC
70027454,02305,04,4,20260612,183614,000004493002,1,3.99,3.99,0.00,0.25,S,6014060293,,USD,CC
70027455,03050,05,1,20260612,193726,000000030103,1,8.99,8.99,0.00,0.00,S,,,USD,CC
70027456,03050,03,1,20260612,135950,000000040202,1,14.99,14.99,0.00,0.00,S,6016420595,,USD,CS
70027456,03050,03,2,20260612,135950,000000005020,1,4.49,4.49,0.00,0.00,S,6016420595,,USD,CS
70027456,03050,03,3,20260612,135950,000000020103,1,4.99,4.99,0.75,0.00,S,6016420595,LY26W19,USD,CS
70027456,03050,03,4,20260612,135950,000000093321,0.633,1.49,0.94,0.00,0.00,S,6016420595,,USD,CS
70027457,03050,06,1,20260612,174910,000004483001,1,4.99,4.99,0.00,0.31,S,,,USD,CC
70027457,03050,06,2,20260612,174910,000004481003,1,4.99,4.99,0.00,0.31,S,,,USD,CC
70027457,03050,06,3,20260612,174910,000004482002,1,17.99,17.99,0.00,1.12,S,,,USD,CC
70027457,03050,06,4,20260612,174910,000004483002,1,3.49,3.49,0.00,0.22,S,,,USD,CC
70027457,03050,06,5,20260612,174910,000000093402,0.813,3.29,2.67,0.00,0.00,S,,,USD,CC
70027458,03050,06,1,20260612,132635,000000040202,1,14.99,14.99,0.00,0.00,S,,,USD,CC
70027458,03050,06,2,20260612,132635,000004493001,2,5.49,10.98,0.00,0.69,S,,,USD,CC
70027458,03050,06,3,20260612,132635,000004481001,1,7.99,7.99,0.00,0.50,S,,,USD,CC
70027458,03050,06,4,20260612,132635,000004491001,1,2.49,2.49,0.00,0.16,S,,,USD,CC
70027458,03050,06,5,20260612,132635,000000040201,1,8.99,8.99,0.00,0.00,S,,,USD,CC
70027458,03050,06,6,20260612,132635,000004481003,1,4.99,4.99,0.00,0.31,S,,,USD,CC
70027459,03050,04,1,20260612,175116,000000093410,1.391,3.99,5.55,0.83,0.00,S,6066742860,LY26W18,USD,CS
70027459,03050,04,2,20260612,175116,000000020103,1,4.99,4.99,0.75,0.00,S,6066742860,LY26W19,USD,CS
70027460,03050,04,1,20260612,123912,000004491003,1,1.99,1.99,0.00,0.12,S,6004635806,,USD,DB
70027460,03050,04,2,20260612,123912,000000094202,1.041,1.99,2.07,0.00,0.00,S,6004635806,,USD,DB
70027461,03050,02,1,20260612,212142,000000030101,3,6.99,20.97,0.00,0.00,S,,,USD,GC
70027461,03050,02,2,20260612,212142,000000094302,1.368,5.49,7.51,0.00,0.00,S,,,USD,GC
70027461,03050,02,3,20260612,212142,000000094302,1.071,5.49,5.88,0.00,0.00,S,,,USD,GC
70027461,03050,02,4,20260612,212142,000000040202,1,14.99,14.99,0.00,0.00,S,,,USD,GC
70027462,03050,06,1,20260612,172911,000004493002,1,3.99,3.99,0.00,0.25,S,6083182856,,USD,CS
70027462,03050,06,2,20260612,172911,000004472003,1,3.29,3.29,0.00,0.21,S,6083182856,,USD,CS
70027462,03050,06,3,20260612,172911,000000552002,1,3.99,3.99,0.00,0.25,S,6083182856,,USD,CS
70027462,03050,06,4,20260612,172911,000000005020,1,4.49,4.49,0.00,0.00,S,6083182856,,USD,CS
70027462,03050,06,5,20260612,172911,000000551020,1,13.99,13.99,0.00,0.87,S,6083182856,,USD,CS
70027463,03050,01,1,20260612,110912,000000005103,1,6.99,6.99,0.00,0.00,R,6046306000,,USD,CC
70027464,03050,06,1,20260612,180324,000000094203,0.714,1.49,1.06,0.00,0.00,S,6026620157,,USD,CS
70027464,03050,06,2,20260612,180324,000000093321,0.905,1.49,1.35,0.00,0.00,S,6026620157,,USD,CS
70027464,03050,06,3,20260612,180324,000004492002,1,1.49,1.49,0.00,0.09,S,6026620157,,USD,CS
70027464,03050,06,4,20260612,180324,000000094202,1.943,1.99,3.87,0.00,0.00,S,6026620157,,USD,CS
70027464,03050,06,5,20260612,180324,000000005013,1,3.89,3.89,0.00,0.00,S,6026620157,,USD,CS
70027465,00317,01,1,20260612,211108,000004472001,1,5.39,5.39,0.81,0.29,S,6090333736,LY26W18,CAD,CS
70027465,00317,01,2,20260612,211108,000004471030,1,5.39,5.39,0.00,0.34,S,6090333736,,CAD,CS
70027465,00317,01,3,20260612,211108,000000093410,2.123,5.39,11.44,1.72,0.00,S,6090333736,LY26W18,CAD,CS
70027466,00317,04,1,20260612,180449,000004471023,1,4.69,4.69,0.00,0.29,S,,,CAD,DB
70027466,00317,04,2,20260612,180449,000000094203,1.173,1.99,2.33,0.00,0.00,S,,,CAD,DB
70027467,00317,04,1,20260612,162930,000004472050,1,5.39,5.39,0.00,0.34,S,,,CAD,DB
70027467,00317,04,2,20260612,162930,000000552001,1,6.09,6.09,0.00,0.38,S,,,CAD,DB
70027468,00317,01,1,20260612,92027,000004493002,2,5.39,10.78,0.00,0.67,S,,,CAD,GC
70027468,00317,01,2,20260612,92027,000000005020,1,6.09,6.09,0.00,0.00,S,,,CAD,GC
70027469,00317,03,1,20260612,185552,000004471023,2,4.69,9.38,0.00,0.59,S,6046659051,,CAD,CC
70027469,00317,03,2,20260612,185552,000000005301,1,7.49,7.49,0.00,0.00,S,6046659051,,CAD,CC
70027469,00317,03,3,20260612,185552,000000040203,1,16.29,16.29,0.00,0.00,S,6046659051,,CAD,CC
70027469,00317,03,4,20260612,185552,000000093410,0.267,5.39,1.44,0.22,0.00,S,6046659051,LY26W18,CAD,CC
70027470,00317,04,1,20260612,80450,000000005020,1,6.09,6.09,0.00,0.00,S,,,CAD,CC
70027470,00317,04,2,20260612,80450,000000031102,2.030,27.19,55.20,0.00,0.00,S,,,CAD,CC
70027470,00317,04,3,20260612,80450,000000093322,2.003,2.69,5.39,0.00,0.00,S,,,CAD,CC
70027471,00317,02,1,20260612,115721,000000005301,2,7.49,14.98,0.00,0.00,S,6066176620,,CAD,DB
70027472,00317,05,1,20260612,95051,000004481001,1,10.89,10.89,0.00,0.68,S,,,CAD,CC
70027472,00317,05,2,20260612,95051,000000094301,1.142,5.99,6.84,0.00,0.00,S,,,CAD,CC
70027473,00317,03,1,20260612,125446,000000005103,1,9.49,9.49,0.00,0.00,S,,,CAD,DB
70027473,00317,03,2,20260612,125446,000000020201,1,7.49,7.49,0.00,0.00,S,,,CAD,DB
70027473,00317,03,3,20260612,125446,000000030101,1,9.49,9.49,0.00,0.00,S,,,CAD,DB
70027474,00322,05,1,20260612,194530,000004492001,3,2.39,7.17,2.39,0.30,S,,MB26W19,CAD,DB
70027475,00322,01,1,20260612,155304,000004491002,1,9.49,9.49,0.00,0.59,S,,,CAD,DB
70027475,00322,01,2,20260612,155304,000000005012,1,5.39,5.39,0.00,0.00,S,,,CAD,DB
70027476,01042,04,1,20260613,120617,000000093501,1,4.49,4.49,0.00,0.00,S,,,USD,GC
70027477,01042,04,1,20260613,90111,000004483001,1,4.99,4.99,0.00,0.31,S,,,USD,DB
70027477,01042,04,2,20260613,90111,000000005201,1,3.99,3.99,0.00,0.00,S,,,USD,DB
70027478,01042,02,1,20260613,111359,000000005020,1,4.49,4.49,0.00,0.00,S,6053544439,,USD,CC
70027478,01042,02,2,20260613,111359,000000005202,3,5.99,17.97,5.99,0.00,S,6053544439,MB26W19,USD,CC
70027479,01042,02,1,20260613,91940,000000030203,1,8.49,8.49,0.00,0.00,S,,,USD,DB
70027479,01042,02,2,20260613,91940,000000020103,1,4.99,4.99,0.00,0.00,S,,,USD,DB
70027480,01042,02,1,20260613,135410,000000040101,2.091,18.99,39.71,0.00,0.00,S,,,USD,CC
70027480,01042,02,2,20260613,135410,000000040202,1,14.99,14.99,0.00,0.00,S,,,USD,CC
70027480,01042,02,3,20260613,135410,000000005202,2,5.99,11.98,0.00,0.00,S,,,USD,CC
70027480,01042,02,4,20260613,135410,000004482003,1,5.49,5.49,0.00,0.34,S,,,USD,CC
70027481,01042,06,1,20260613,192711,000000005202,1,5.99,5.99,0.00,0.00,S,6091792025,,USD,DB
70027482,01042,02,1,20260613,92556,000000030103,1,8.99,8.99,0.00,0.00,S,6046659051,,USD,GC
70027482,01042,02,2,20260613,92556,000000093501,1,4.49,4.49,0.00,0.00,S,6046659051,,USD,GC
70027482,01042,02,3,20260613,92556,000000030202,2,11.49,22.98,0.00,0.00,S,6046659051,,USD,GC
70027483,01042,04,1,20260613,72528,000000552001,1,4.49,4.49,0.00,0.28,S,,,USD,CC
70027483,01042,04,2,20260613,72528,000000030101,1,6.99,6.99,0.00,0.00,S,,,USD,CC
70027483,01042,04,3,20260613,72528,000004473002,1,2.79,2.79,0.00,0.17,S,,,USD,CC
70027484,01042,03,1,20260613,115923,000004473001,1,2.99,2.99,0.00,0.19,S,6041465111,,USD,DB
70027484,01042,03,2,20260613,115923,000000093503,1,4.29,4.29,0.00,0.00,S,6041465111,,USD,DB
70027485,01042,05,1,20260613,183019,000000005103,1,6.99,6.99,1.05,0.00,S,6080512080,LY26W18,USD,CC
70027485,01042,05,2,20260613,183019,000000093410,1.882,3.99,7.51,1.13,0.00,S,6080512080,LY26W18,USD,CC
70027485,01042,05,3,20260613,183019,000000040202,2,14.99,29.98,0.00,0.00,S,6080512080,,USD,CC
70027485,01042,05,4,20260613,183019,000004483001,1,4.99,4.99,0.00,0.31,S,6080512080,,USD,CC
70027485,01042,05,5,20260613,183019,000004471023,2,3.49,6.98,0.00,0.44,S,6080512080,,USD,CC
70027486,01042,01,1,20260613,73318,000000040203,1,11.99,11.99,0.00,0.00,S,6000518449,,USD,CC
70027486,01042,01,2,20260613,73318,000004492003,1,2.29,2.29,0.00,0.14,S,6000518449,,USD,CC
70027486,01042,01,3,20260613,73318,000004473002,1,2.79,2.79,0.42,0.15,S,6000518449,LY26W18,USD,CC
70027486,01042,01,4,20260613,73318,000004471030,1,3.99,3.99,0.00,0.25,S,6000518449,,USD,CC
70027486,01042,01,5,20260613,73318,000000005202,1,5.99,5.99,0.00,0.00,S,6000518449,,USD,CC
70027486,01042,01,6,20260613,73318,000000005201,1,3.99,3.99,0.00,0.00,S,6000518449,,USD,CC
70027487,01042,01,1,20260613,84525,000000561002,1,7.49,7.49,0.00,0.47,S,,,USD,DB
70027487,01042,01,2,20260613,84525,000004481001,1,7.99,7.99,0.00,0.50,S,,,USD,DB
70027487,01042,01,3,20260613,84525,000000030201,1,9.99,9.99,0.00,0.00,S,,,USD,DB
70027488,01042,02,1,20260613,92247,000000005103,2,6.99,13.98,0.00,0.00,S,,,USD,DB
70027489,01042,01,1,20260613,182150,000000040201,1,8.99,8.99,0.00,0.00,S,6088436604,,USD,GC
70027489,01042,01,2,20260613,182150,000004493001,1,5.49,5.49,0.00,0.34,S,6088436604,,USD,GC
70027489,01042,01,3,20260613,182150,000000093402,2.000,3.29,6.58,0.00,0.00,S,6088436604,,USD,GC
70027490,01042,03,1,20260613,171817,000004473003,3,3.49,10.47,0.00,0.65,S,6061331552,,USD,CS
70027491,01042,03,1,20260613,173857,000004491002,1,6.99,6.99,0.00,0.44,S,,,USD,DB
70027491,01042,03,2,20260613,173857,000004481003,2,4.99,9.98,0.00,0.62,S,,,USD,DB
70027491,01042,03,3,20260613,173857,000004492001,1,1.79,1.79,0.00,0.11,S,,,USD,DB
70027491,01042,03,4,20260613,173857,000000005013,2,3.89,7.78,0.00,0.00,S,,,USD,DB
70027491,01042,03,5,20260613,173857,000000094103,2,3.79,7.58,0.00,0.00,S,,,USD,DB
70027491,01042,03,6,20260613,173857,000004471023,1,3.49,3.49,0.00,0.22,S,,,USD,DB
70027492,01042,02,1,20260613,94036,000000005101,1,7.99,7.99,0.00,0.00,S,,,USD,CS
70027492,01042,02,2,20260613,94036,000000551021,1,11.99,11.99,0.00,0.75,S,,,USD,CS
70027492,01042,02,3,20260613,94036,000004492001,2,1.79,3.58,0.00,0.22,S,,,USD,CS
70027492,01042,02,4,20260613,94036,000004481001,1,7.99,7.99,0.00,0.50,S,,,USD,CS
70027493,01107,05,1,20260613,131217,000000005201,1,3.99,3.99,0.00,0.00,S,6026573275,,USD,CS
70027493,01107,05,2,20260613,131217,000004473002,1,2.79,2.79,0.42,0.15,S,6026573275,LY26W18,USD,CS
70027493,01107,05,3,20260613,131217,000004472001,1,3.99,3.99,0.60,0.21,S,6026573275,LY26W18,USD,CS
70027494,01107,03,1,20260613,93713,000004483001,1,4.99,4.99,0.00,0.31,S,,,USD,CC
70027494,01107,03,2,20260613,93713,000000040203,1,11.99,11.99,0.00,0.00,S,,,USD,CC
70027494,01107,03,3,20260613,93713,000004481001,1,7.99,7.99,0.00,0.50,S,,,USD,CC
70027494,01107,03,4,20260613,93713,000004492001,2,1.79,3.58,0.00,0.22,S,,,USD,CC
70027495,01107,04,1,20260613,160112,000000040102,0.256,16.99,4.35,0.00,0.00,S,,,USD,CS
70027495,01107,04,2,20260613,160112,000004471040,1,2.49,2.49,0.00,0.16,S,,,USD,CS
70027495,01107,04,3,20260613,160112,000000040101,2.161,18.99,41.04,0.00,0.00,S,,,USD,CS
70027495,01107,04,4,20260613,160112,000000005102,2,5.49,10.98,0.00,0.00,S,,,USD,CS
70027496,01107,04,1,20260613,131505,000000094102,2,3.49,6.98,0.00,0.00,S,,,USD,CC
70027497,01107,02,1,20260613,101234,000000020102,1,3.49,3.49,0.52,0.00,S,6056253135,LY26W19,USD,CC
70027497,01107,02,2,20260613,101234,000000020103,2,4.99,9.98,1.50,0.00,S,6056253135,LY26W19,USD,CC
70027497,01107,02,3,20260613,101234,000000552002,1,3.99,3.99,0.00,0.25,S,6056253135,,USD,CC
70027498,01107,05,1,20260613,101946,000004491001,1,2.49,2.49,0.00,0.16,S,,,USD,CC
70027498,01107,05,2,20260613,101946,000000005301,2,5.49,10.98,0.00,0.00,S,,,USD,CC
70027498,01107,05,3,20260613,101946,000000040202,1,14.99,14.99,0.00,0.00,S,,,USD,CC
70027498,01107,05,4,20260613,101946,000004473002,2,2.79,5.58,0.00,0.35,S,,,USD,CC
70027499,01107,02,1,20260613,91254,000004492001,3,1.79,5.37,1.79,0.22,S,6009166010,MB26W19,USD,CC
70027500,01107,06,1,20260613,161831,000000005102,1,5.49,5.49,0.00,0.00,S,,,USD,DB
70027500,01107,06,2,20260613,161831,000004472002,1,4.49,4.49,0.00,0.28,S,,,USD,DB
70027500,01107,06,3,20260613,161831,000004471023,1,3.49,3.49,0.00,0.22,S,,,USD,DB
70027500,01107,06,4,20260613,161831,000000005013,1,3.89,3.89,0.00,0.00,S,,,USD,DB
70027501,01107,06,1,20260613,211249,000000040201,1,8.99,8.99,0.00,0.00,S,6041397552,,USD,CC
70027501,01107,06,2,20260613,211249,000004472001,1,3.99,3.99,0.60,0.21,S,6041397552,LY26W18,USD,CC
70027501,01107,06,3,20260613,211249,000004483001,1,4.99,4.99,0.00,0.31,S,6041397552,,USD,CC
70027501,01107,06,4,20260613,211249,000004492001,3,1.79,5.37,1.79,0.22,S,6041397552,MB26W19,USD,CC
70027502,02210,02,1,20260613,214219,000004483002,2,3.49,6.98,0.00,0.44,S,,,USD,DB
70027502,02210,02,2,20260613,214219,000000094302,1.935,5.49,10.62,0.00,0.00,S,,,USD,DB
70027502,02210,02,3,20260613,214219,000000020102,1,3.49,3.49,0.00,0.00,S,,,USD,DB
70027503,02210,05,1,20260613,202113,000004481003,2,4.99,9.98,0.00,0.62,S,,,USD,GC
70027503,02210,05,2,20260613,202113,000000031101,0.272,24.99,6.80,0.00,0.00,S,,,USD,GC
70027504,02210,06,1,20260613,91612,000000551021,1,11.99,11.99,0.00,0.75,S,,,USD,CC
70027504,02210,06,2,20260613,91612,000000094203,0.662,1.49,0.99,0.00,0.00,S,,,USD,CC
70027505,02210,06,1,20260613,154444,000000040101,0.911,18.99,17.30,0.00,0.00,R,6051240568,,USD,GC
70027506,02210,03,1,20260613,212035,000000005012,1,3.99,3.99,0.00,0.00,S,,,USD,CC
70027507,02210,02,1,20260613,155301,000000561001,1,9.99,9.99,0.00,0.62,S,6062776572,,USD,DB
70027507,02210,02,2,20260613,155301,000000562001,3,10.99,32.97,10.99,1.37,S,6062776572,MB26W19,USD,DB
70027507,02210,02,3,20260613,155301,000000005202,3,5.99,17.97,5.99,0.00,S,6062776572,MB26W19,USD,DB
70027507,02210,02,4,20260613,155301,000000005202,3,5.99,17.97,5.99,0.00,S,6062776572,MB26W19,USD,DB
70027508,02210,03,1,20260613,94934,000004472002,1,4.49,4.49,0.00,0.28,R,6000720245,,USD,DB
70027509,02210,03,1,20260613,75643,000000005301,2,5.49,10.98,0.00,0.00,S,,,USD,CC
70027509,02210,03,2,20260613,75643,000004491003,1,1.99,1.99,0.00,0.12,S,,,USD,CC
70027509,02210,03,3,20260613,75643,000000031102,1.344,19.99,26.87,0.00,0.00,S,,,USD,CC
70027509,02210,03,4,20260613,75643,000000094302,1.366,5.49,7.50,0.00,0.00,S,,,USD,CC
70027509,02210,03,5,20260613,75643,000000020201,2,5.49,10.98,0.00,0.00,S,,,USD,CC
70027510,02210,02,1,20260613,205330,000000005012,2,3.99,7.98,0.00,0.00,S,6062554026,,USD,GC
70027510,02210,02,2,20260613,205330,000004491002,1,6.99,6.99,0.00,0.44,S,6062554026,,USD,GC
70027510,02210,02,3,20260613,205330,000000093501,1,4.49,4.49,0.00,0.00,S,6062554026,,USD,GC
70027510,02210,02,4,20260613,205330,000000020102,2,3.49,6.98,1.05,0.00,S,6062554026,LY26W19,USD,GC
70027511,02210,04,1,20260613,142207,000000551020,1,13.99,13.99,0.00,0.87,S,,,USD,CS
70027511,02210,04,2,20260613,142207,000000030103,2,8.99,17.98,0.00,0.00,S,,,USD,CS
70027511,02210,04,3,20260613,142207,000004493001,2,5.49,10.98,0.00,0.69,S,,,USD,CS
70027511,02210,04,4,20260613,142207,000000040201,1,8.99,8.99,0.00,0.00,S,,,USD,CS
70027511,02210,04,5,20260613,142207,000004472001,1,3.99,3.99,0.00,0.25,S,,,USD,CS
70027512,02210,03,1,20260613,163325,000000094201,1.838,1.69,3.11,0.00,0.00,S,,,USD,DB
70027513,02305,05,1,20260613,134843,000000040203,1,11.99,11.99,0.00,0.00,S,6050184819,,USD,CC
70027513,02305,05,2,20260613,134843,000000020202,1,5.99,5.99,0.00,0.00,S,6050184819,,USD,CC
70027514,02305,04,1,20260613,172811,000004481003,1,4.99,4.99,0.00,0.31,S,6093518638,,USD,GC
70027515,02305,06,1,20260613,82541,000000005301,1,5.49,5.49,0.00,0.00,S,,,USD,DB
70027515,02305,06,2,20260613,82541,000000005102,1,5.49,5.49,0.00,0.00,S,,,USD,DB
70027515,02305,06,3,20260613,82541,000000040101,0.662,18.99,12.57,0.00,0.00,S,,,USD,DB
70027516,02305,03,1,20260613,111304,000000020103,1,4.99,4.99,0.75,0.00,S,6059856420,LY26W19,USD,CS
70027516,02305,03,2,20260613,111304,000000005301,1,5.49,5.49,0.00,0.00,S,6059856420,,USD,CS
70027516,02305,03,3,20260613,111304,000000093502,3,3.99,11.97,0.00,0.00,S,6059856420,,USD,CS
70027516,02305,03,4,20260613,111304,000004483002,1,3.49,3.49,0.52,0.19,S,6059856420,LY26W18,USD,CS
70027516,02305,03,5,20260613,111304,000000040102,0.293,16.99,4.98,0.00,0.00,S,6059856420,,USD,CS
70027516,02305,03,6,20260613,111304,000000020101,1,2.49,2.49,0.00,0.00,S,6059856420,,USD,CS
70027516,02305,03,7,20260613,111304,000000020103,1,4.99,4.99,0.00,0.00,V,6059856420,,USD,CS
70027517,02305,03,1,20260613,193715,000000094103,2,3.79,7.58,0.00,0.00,S,6047705383,,USD,GC
70027518,02305,03,1,20260613,152225,000004491001,2,2.49,4.98,0.00,0.31,S,6091093371,,USD,GC
70027518,02305,03,2,20260613,152225,000000561002,1,7.49,7.49,0.00,0.47,S,6091093371,,USD,GC
70027518,02305,03,3,20260613,152225,000000005301,1,5.49,5.49,0.00,0.00,S,6091093371,,USD,GC
70027519,02305,04,1,20260613,95237,000000093322,0.774,1.99,1.54,0.00,0.00,S,,,USD,GC
70027520,02305,01,1,20260613,191747,000000030101,1,6.99,6.99,0.00,0.00,S,,,USD,DB
70027521,02305,01,1,20260613,100911,000000551021,1,11.99,11.99,0.00,0.75,S,6043468239,,USD,CC
70027521,02305,01,2,20260613,100911,000000005012,1,3.99,3.99,0.00,0.00,S,6043468239,,USD,CC
70027521,02305,01,3,20260613,100911,000000005202,1,5.99,5.99,0.00,0.00,S,6043468239,,USD,CC
70027521,02305,01,4,20260613,100911,000004472001,1,3.99,3.99,0.60,0.21,S,6043468239,LY26W18,USD,CC
70027522,02305,06,1,20260613,202411,000000551020,1,13.99,13.99,0.00,0.87,S,,,USD,CC
70027522,02305,06,2,20260613,202411,000000040203,1,11.99,11.99,0.00,0.00,S,,,USD,CC
70027522,02305,06,3,20260613,202411,000000020102,3,3.49,10.47,0.00,0.00,S,,,USD,CC
70027523,02305,05,1,20260613,120518,000000020103,1,4.99,4.99,0.00,0.00,S,,,USD,CC
70027523,02305,05,2,20260613,120518,000000005202,3,5.99,17.97,5.99,0.00,S,,MB26W19,USD,CC
70027523,02305,05,3,20260613,120518,000004492001,3,1.79,5.37,1.79,0.22,S,,MB26W19,USD,CC
70027524,02305,06,1,20260613,191441,000000020101,2,2.49,4.98,0.00,0.00,S,6060045212,,USD,CC
70027524,02305,06,2,20260613,191441,000000005013,3,3.89,11.67,0.00,0.00,S,6060045212,,USD,CC
70027524,02305,06,3,20260613,191441,000000005020,3,4.49,13.47,0.00,0.00,S,6060045212,,USD,CC
70027524,02305,06,4,20260613,191441,000000093410,1.127,3.99,4.50,0.67,0.00,S,6060045212,LY26W18,USD,CC
70027524,02305,06,5,20260613,191441,000000094201,0.487,1.69,0.82,0.00,0.00,S,6060045212,,USD,CC
70027524,02305,06,6,20260613,191441,000000030202,1,11.49,11.49,0.00,0.00,S,6060045212,,USD,CC
70027525,02305,01,1,20260613,165525,000004472001,2,3.99,7.98,0.00,0.50,S,,,USD,CC
70027525,02305,01,2,20260613,165525,000004482003,3,5.49,16.47,0.00,1.03,S,,,USD,CC
70027525,02305,01,3,20260613,165525,000004473001,1,2.99,2.99,0.00,0.19,S,,,USD,CC
70027525,02305,01,4,20260613,165525,000000562001,2,10.99,21.98,0.00,1.37,S,,,USD,CC
70027525,02305,01,5,20260613,165525,000000040202,1,14.99,14.99,0.00,0.00,S,,,USD,CC
70027526,02305,04,1,20260613,190624,000000040101,0.845,18.99,16.05,0.00,0.00,S,6096263013,,USD,CS
70027526,02305,04,2,20260613,190624,000000094101,2,3.99,7.98,1.20,0.00,S,6096263013,LY26W19,USD,CS
70027527,03050,02,1,20260613,84405,000000094301,1.961,4.39,8.61,0.00,0.00,S,,,USD,CS
70027527,03050,02,2,20260613,84405,000004473002,1,2.79,2.79,0.00,0.17,S,,,USD,CS
70027527,03050,02,3,20260613,84405,000000005020,1,4.49,4.49,0.00,0.00,S,,,USD,CS
70027528,03050,03,1,20260613,182126,000000005103,1,6.99,6.99,0.00,0.00,S,,,USD,CC
70027528,03050,03,2,20260613,182126,000000093322,0.775,1.99,1.54,0.00,0.00,S,,,USD,CC
70027529,03050,05,1,20260613,181249,000000093402,0.784,3.29,2.58,0.00,0.00,S,,,USD,CC
70027529,03050,05,2,20260613,181249,000000551021,1,11.99,11.99,0.00,0.75,S,,,USD,CC
70027529,03050,05,3,20260613,181249,000000030201,1,9.99,9.99,0.00,0.00,S,,,USD,CC
70027529,03050,05,4,20260613,181249,000004492001,3,1.79,5.37,1.79,0.22,S,,MB26W19,USD,CC
70027530,03050,05,1,20260613,141416,000004482003,1,5.49,5.49,0.00,0.34,S,6056915452,,USD,DB
70027530,03050,05,2,20260613,141416,000000561001,1,9.99,9.99,0.00,0.62,S,6056915452,,USD,DB
70027530,03050,05,3,20260613,141416,000000040201,1,8.99,8.99,0.00,0.00,S,6056915452,,USD,DB
70027531,03050,06,1,20260613,135115,000000094301,1.901,4.39,8.35,0.00,0.00,S,,,USD,CC
70027532,03050,02,1,20260613,183900,000000005302,1,3.49,3.49,0.00,0.00,S,,,USD,CC
70027533,00317,04,1,20260613,135821,000000040202,1,20.39,20.39,0.00,0.00,S,,,CAD,CC
70027533,00317,04,2,20260613,135821,000000562002,2,11.49,22.98,0.00,1.44,S,,,CAD,CC
70027533,00317,04,3,20260613,135821,000000094101,1,5.39,5.39,0.00,0.00,S,,,CAD,CC
70027533,00317,04,4,20260613,135821,000004492001,1,2.39,2.39,0.00,0.15,S,,,CAD,CC
70027534,00317,06,1,20260613,103706,000000093502,1,5.39,5.39,0.00,0.00,S,,,CAD,DB
70027535,00317,04,1,20260613,202245,000000094201,2.191,2.29,5.02,0.00,0.00,S,,,CAD,DB
70027535,00317,04,2,20260613,202245,000004493002,1,5.39,5.39,0.00,0.34,S,,,CAD,DB
70027535,00317,04,3,20260613,202245,000004492050,1,2.99,2.99,0.00,0.19,S,,,CAD,DB
70027535,00317,04,4,20260613,202245,000004473001,1,4.09,4.09,0.00,0.26,S,,,CAD,DB
70027535,00317,04,5,20260613,202245,000000093402,0.534,4.49,2.40,0.00,0.00,S,,,CAD,DB
70027536,00317,01,1,20260613,151138,000000020102,1,4.69,4.69,0.00,0.00,S,,,CAD,GC
70027536,00317,01,2,20260613,151138,000000030102,1,20.39,20.39,0.00,0.00,S,,,CAD,GC
70027536,00317,01,3,20260613,151138,000004473003,1,4.69,4.69,0.00,0.29,S,,,CAD,GC
70027536,00317,01,4,20260613,151138,000000005013,2,5.29,10.58,0.00,0.00,S,,,CAD,GC
70027536,00317,01,5,20260613,151138,000000020102,1,4.69,4.69,0.00,0.00,S,,,CAD,GC
70027536,00317,01,6,20260613,151138,000000020102,1,4.69,4.69,0.00,0.00,S,,,CAD,GC
70027537,00317,04,1,20260613,163043,000000005103,1,9.49,9.49,0.00,0.00,S,,,CAD,CC
70027537,00317,04,2,20260613,163043,000000005201,1,5.39,5.39,0.00,0.00,S,,,CAD,CC
70027538,00317,05,1,20260613,72304,000000020102,1,4.69,4.69,0.70,0.00,S,6057422319,LY26W19,CAD,DB
70027538,00317,05,2,20260613,72304,000004483002,1,4.69,4.69,0.70,0.25,S,6057422319,LY26W18,CAD,DB
70027538,00317,05,3,20260613,72304,000004482002,1,24.49,24.49,0.00,1.53,S,6057422319,,CAD,DB
70027538,00317,05,4,20260613,72304,000000005302,1,4.69,4.69,0.00,0.00,S,6057422319,,CAD,DB
70027539,00317,02,1,20260613,113204,000004491002,1,9.49,9.49,0.00,0.59,S,,,CAD,DB
70027539,00317,02,2,20260613,113204,000000551021,1,16.29,16.29,0.00,1.02,S,,,CAD,DB
70027539,00317,02,3,20260613,113204,000004483002,1,4.69,4.69,0.00,0.29,S,,,CAD,DB
70027539,00317,02,4,20260613,113204,000000020202,1,8.09,8.09,0.00,0.00,S,,,CAD,DB
70027540,00317,06,1,20260613,142808,000000562001,3,14.89,44.67,14.89,1.86,S,,MB26W19,CAD,DB
70027541,00317,01,1,20260613,214158,000000094301,1.236,5.99,7.40,0.00,0.00,S,,,CAD,CC
70027542,00317,05,1,20260613,195545,000000020102,1,4.69,4.69,0.70,0.00,S,6042954316,LY26W19,CAD,DB
70027542,00317,05,2,20260613,195545,000004473001,2,4.09,8.18,0.00,0.51,S,6042954316,,CAD,DB
70027542,00317,05,3,20260613,195545,000000093402,2.184,4.49,9.81,0.00,0.00,S,6042954316,,CAD,DB
70027543,00317,03,1,20260613,133754,000004482002,2,24.49,48.98,0.00,3.06,S,,,CAD,DB
70027543,00317,03,2,20260613,133754,000000094301,0.923,5.99,5.53,0.00,0.00,S,,,CAD,DB
70027543,00317,03,3,20260613,133754,000004473002,1,3.79,3.79,0.00,0.24,S,,,CAD,DB
70027543,00317,03,4,20260613,133754,000004473002,2,3.79,7.58,0.00,0.47,S,,,CAD,DB
70027544,00317,02,1,20260613,200355,000004482002,1,24.49,24.49,0.00,1.53,S,,,CAD,DB
70027545,00317,03,1,20260613,140538,000000561001,1,13.59,13.59,0.00,0.85,S,6090835723,,CAD,CC
70027545,00317,03,2,20260613,140538,000000040101,1.334,25.79,34.40,0.00,0.00,S,6090835723,,CAD,CC
70027545,00317,03,3,20260613,140538,000000030103,2,12.19,24.38,0.00,0.00,S,6090835723,,CAD,CC
70027545,00317,03,4,20260613,140538,000000005202,1,8.09,8.09,0.00,0.00,S,6090835723,,CAD,CC
70027545,00317,03,5,20260613,140538,000004491002,1,9.49,9.49,0.00,0.59,S,6090835723,,CAD,CC
70027546,00317,01,1,20260613,194717,000004483002,1,4.69,4.69,0.00,0.29,S,,,CAD,CC
70027546,00317,01,2,20260613,194717,000000040101,0.459,25.79,11.84,0.00,0.00,S,,,CAD,CC
70027546,00317,01,3,20260613,194717,000000094103,1,5.19,5.19,0.00,0.00,S,,,CAD,CC
70027546,00317,01,4,20260613,194717,000000040101,0.721,25.79,18.59,0.00,0.00,S,,,CAD,CC
70027546,00317,01,5,20260613,194717,000000040102,1.410,23.09,32.56,0.00,0.00,S,,,CAD,CC
70027546,00317,01,6,20260613,194717,000004481001,1,10.89,10.89,0.00,0.68,S,,,CAD,CC
70027547,00317,01,1,20260613,80328,000000005201,1,5.39,5.39,0.00,0.00,S,,,CAD,DB
70027547,00317,01,2,20260613,80328,000000562001,3,14.89,44.67,14.89,1.86,S,,MB26W19,CAD,DB
70027548,00317,05,1,20260613,151417,000000005101,1,10.89,10.89,0.00,0.00,S,6091476607,,CAD,CS
70027548,00317,05,2,20260613,151417,000004472050,1,5.39,5.39,0.00,0.34,S,6091476607,,CAD,CS
70027549,00317,04,1,20260613,200125,000000551020,1,18.99,18.99,0.00,1.19,S,,,CAD,CS
70027549,00317,04,2,20260613,200125,000000562001,1,14.89,14.89,0.00,0.93,S,,,CAD,CS
70027549,00317,04,3,20260613,200125,000004471040,1,3.39,3.39,0.00,0.21,S,,,CAD,CS
70027550,00317,03,1,20260613,92423,000000020102,1,4.69,4.69,0.00,0.00,R,,,CAD,DB
70027551,00317,06,1,20260613,94416,000004471023,2,4.69,9.38,0.00,0.59,S,,,CAD,DB
70027551,00317,06,2,20260613,94416,000004492001,3,2.39,7.17,2.39,0.30,S,,MB26W19,CAD,DB
70027552,00322,02,1,20260613,181231,000000040203,2,16.29,32.58,0.00,0.00,S,,,CAD,GC
70027552,00322,02,2,20260613,181231,000004482001,2,18.99,37.98,0.00,2.37,S,,,CAD,GC
70027552,00322,02,3,20260613,181231,000000005103,1,9.49,9.49,0.00,0.00,S,,,CAD,GC
70027553,01042,05,1,20260614,71835,000000030103,1,8.99,8.99,0.00,0.00,S,,,USD,DB
70027553,01042,05,2,20260614,71835,000000551021,1,11.99,11.99,0.00,0.75,S,,,USD,DB
70027553,01042,05,3,20260614,71835,000000093402,2.164,3.29,7.12,0.00,0.00,S,,,USD,DB
70027553,01042,05,4,20260614,71835,000000005202,2,5.99,11.98,0.00,0.00,S,,,USD,DB
70027554,01042,03,1,20260614,75449,000004483002,1,3.49,3.49,0.00,0.22,S,,,USD,CC
70027555,01042,03,1,20260614,84600,000004493002,2,3.99,7.98,3.99,0.25,S,6091508632,BG26W20,USD,CC
70027555,01042,03,2,20260614,84600,000000040202,1,14.99,14.99,0.00,0.00,S,6091508632,,USD,CC
70027556,01042,01,1,20260614,102431,000000094102,1,3.49,3.49,0.00,0.00,S,,,USD,DB
70027557,01042,03,1,20260614,193840,000000005020,1,4.49,4.49,0.00,0.00,S,6034362948,,USD,CC
70027557,01042,03,2,20260614,193840,000000094302,1.244,5.49,6.83,0.00,0.00,S,6034362948,,USD,CC
70027557,01042,03,3,20260614,193840,000000005202,1,5.99,5.99,0.00,0.00,S,6034362948,,USD,CC
70027558,01042,04,1,20260614,141356,000000093321,0.557,1.49,0.83,0.00,0.00,S,,,USD,CC
70027558,01042,04,2,20260614,141356,000004491002,2,6.99,13.98,6.99,0.44,S,,BG26W20,USD,CC
70027559,01042,06,1,20260614,130659,000004492003,1,2.29,2.29,0.00,0.14,S,,,USD,CC
70027559,01042,06,2,20260614,130659,000000094101,1,3.99,3.99,0.00,0.00,S,,,USD,CC
70027559,01042,06,3,20260614,130659,000000094201,0.342,1.69,0.58,0.00,0.00,S,,,USD,CC
70027559,01042,06,4,20260614,130659,000004473002,1,2.79,2.79,0.00,0.17,S,,,USD,CC
70027559,01042,06,5,20260614,130659,000000094101,1,3.99,3.99,0.00,0.00,S,,,USD,CC
70027560,01042,04,1,20260614,213140,000000094203,1.265,1.49,1.88,0.00,0.00,S,,,USD,CC
70027560,01042,04,2,20260614,213140,000004471023,3,3.49,10.47,0.00,0.65,S,,,USD,CC
70027560,01042,04,3,20260614,213140,000000094202,1.333,1.99,2.65,0.00,0.00,S,,,USD,CC
70027560,01042,04,4,20260614,213140,000004473001,1,2.99,2.99,0.00,0.19,S,,,USD,CC
70027560,01042,04,5,20260614,213140,000000005013,3,3.89,11.67,0.00,0.00,S,,,USD,CC
70027561,01042,02,1,20260614,194037,000000005302,2,3.49,6.98,0.00,0.00,S,,,USD,DB
70027561,01042,02,2,20260614,194037,000000040101,1.885,18.99,35.80,0.00,0.00,S,,,USD,DB
70027561,01042,02,3,20260614,194037,000000005301,1,5.49,5.49,0.00,0.00,S,,,USD,DB
70027562,01042,03,1,20260614,212341,000000093322,0.390,1.99,0.78,0.00,0.00,S,6064921518,,USD,CC
70027562,01042,03,2,20260614,212341,000000551021,1,11.99,11.99,0.00,0.75,S,6064921518,,USD,CC
70027562,01042,03,3,20260614,212341,000004483002,1,3.49,3.49,0.00,0.22,S,6064921518,,USD,CC
70027563,01042,05,1,20260614,73239,000000031102,2.059,19.99,41.16,0.00,0.00,S,6022946430,,USD,DB
70027563,01042,05,2,20260614,73239,000000005301,1,5.49,5.49,0.00,0.00,S,6022946430,,USD,DB
70027564,01042,02,1,20260614,90033,000004492001,3,1.79,5.37,1.79,0.22,S,,MB26W19,USD,DB
70027564,01042,02,2,20260614,90033,000000005013,1,3.89,3.89,0.00,0.00,S,,,USD,DB
70027564,01042,02,3,20260614,90033,000004493002,1,3.99,3.99,0.00,0.25,S,,,USD,DB
70027564,01042,02,4,20260614,90033,000000093321,1.955,1.49,2.91,0.00,0.00,S,,,USD,DB
70027565,01042,03,1,20260614,80833,000000040202,2,14.99,29.98,0.00,0.00,S,6015454443,,USD,CS
70027566,01107,04,1,20260614,162700,000000020201,2,5.49,10.98,0.00,0.00,S,,,USD,CC
70027566,01107,04,2,20260614,162700,000004482001,1,13.99,13.99,0.00,0.87,S,,,USD,CC
70027566,01107,04,3,20260614,162700,000000005013,1,3.89,3.89,0.00,0.00,S,,,USD,CC
70027566,01107,04,4,20260614,162700,000000094102,2,3.49,6.98,3.49,0.00,S,,BG26W20,USD,CC
70027567,01107,01,1,20260614,171610,000000040102,1.124,16.99,19.10,0.00,0.00,S,,,USD,DB
70027567,01107,01,2,20260614,171610,000000020201,1,5.49,5.49,0.00,0.00,S,,,USD,DB
70027568,01107,02,1,20260614,95558,000004492002,3,1.49,4.47,0.00,0.28,S,,,USD,CC
70027569,02210,05,1,20260614,165032,000004483002,2,3.49,6.98,0.00,0.44,S,,,USD,CC
70027569,02210,05,2,20260614,165032,000000094202,1.924,1.99,3.83,0.00,0.00,S,,,USD,CC
70027569,02210,05,3,20260614,165032,000000094102,2,3.49,6.98,3.49,0.00,S,,BG26W20,USD,CC
70027569,02210,05,4,20260614,165032,000004471023,1,3.49,3.49,0.00,0.22,S,,,USD,CC
70027570,02210,02,1,20260614,120446,000004471030,1,3.99,3.99,0.00,0.25,S,6010587525,,USD,CC
70027571,02210,06,1,20260614,120148,000000561001,2,9.99,19.98,0.00,1.25,S,,,USD,CC
70027572,02210,02,1,20260614,215515,000004483001,1,4.99,4.99,0.00,0.31,S,,,USD,CC
70027572,02210,02,2,20260614,215515,000000562001,3,10.99,32.97,10.99,1.37,S,,MB26W19,USD,CC
70027573,02210,06,1,20260614,91131,000000031101,2.057,24.99,51.40,0.00,0.00,S,,,USD,GC
70027573,02210,06,2,20260614,91131,000000040201,1,8.99,8.99,0.00,0.00,S,,,USD,GC
70027573,02210,06,3,20260614,91131,000000093325,2.121,3.99,8.46,0.00,0.00,S,,,USD,GC
70027573,02210,06,4,20260614,91131,000004481001,1,7.99,7.99,0.00,0.50,S,,,USD,GC
70027574,02210,02,1,20260614,144531,000000562001,1,10.99,10.99,0.00,0.69,S,6079772369,,USD,DB
70027574,02210,02,2,20260614,144531,000004483001,1,4.99,4.99,0.00,0.31,S,6079772369,,USD,DB
70027574,02210,02,3,20260614,144531,000004472002,1,4.49,4.49,0.00,0.28,S,6079772369,,USD,DB
70027575,02305,05,1,20260614,100303,000000005202,1,5.99,5.99,0.00,0.00,S,,,USD,GC
70027575,02305,05,2,20260614,100303,000000093402,1.011,3.29,3.33,0.00,0.00,S,,,USD,GC
70027575,02305,05,3,20260614,100303,000004471030,1,3.99,3.99,0.00,0.25,S,,,USD,GC
70027576,02305,02,1,20260614,133138,000000094302,0.343,5.49,1.88,0.00,0.00,S,6037524310,,USD,CC
70027576,02305,02,2,20260614,133138,000000551021,1,11.99,11.99,0.00,0.75,S,6037524310,,USD,CC
70027576,02305,02,3,20260614,133138,000000040202,3,14.99,44.97,0.00,0.00,S,6037524310,,USD,CC
70027577,02305,02,1,20260614,94102,000004493002,2,3.99,7.98,3.99,0.25,S,6058298493,BG26W20,USD,CS
70027577,02305,02,2,20260614,94102,000004491001,1,2.49,2.49,0.00,0.16,S,6058298493,,USD,CS
70027577,02305,02,3,20260614,94102,000004481001,1,7.99,7.99,0.00,0.50,S,6058298493,,USD,CS
70027577,02305,02,4,20260614,94102,000000094202,1.679,1.99,3.34,0.00,0.00,S,6058298493,,USD,CS
70027578,02305,05,1,20260614,195818,000004491003,1,1.99,1.99,0.00,0.12,S,6034191825,,USD,DB
70027578,02305,05,2,20260614,195818,000000031102,1.622,19.99,32.42,0.00,0.00,S,6034191825,,USD,DB
70027578,02305,05,3,20260614,195818,000004481001,1,7.99,7.99,0.00,0.50,S,6034191825,,USD,DB
70027578,02305,05,4,20260614,195818,000000094302,1.249,5.49,6.86,0.00,0.00,S,6034191825,,USD,DB
70027579,02305,05,1,20260614,215605,000004482003,1,5.49,5.49,0.00,0.34,S,,,USD,DB
70027579,02305,05,2,20260614,215605,000000031101,1.205,24.99,30.11,0.00,0.00,S,,,USD,DB
70027579,02305,05,3,20260614,215605,000004492003,2,2.29,4.58,0.00,0.29,S,,,USD,DB
70027579,02305,05,4,20260614,215605,000000040203,1,11.99,11.99,0.00,0.00,S,,,USD,DB
70027579,02305,05,5,20260614,215605,000004482002,1,17.99,17.99,0.00,1.12,S,,,USD,DB
70027579,02305,05,6,20260614,215605,000004471030,1,3.99,3.99,0.00,0.25,S,,,USD,DB
70027580,02305,05,1,20260614,134121,000000005202,1,5.99,5.99,0.00,0.00,S,6024938430,,USD,CC
70027580,02305,05,2,20260614,134121,000000030202,1,11.49,11.49,0.00,0.00,S,6024938430,,USD,CC
70027580,02305,05,3,20260614,134121,000000562002,1,8.49,8.49,0.00,0.53,S,6024938430,,USD,CC
70027581,02305,03,1,20260614,202418,000004481001,1,7.99,7.99,0.00,0.50,S,,,USD,DB
70027581,02305,03,2,20260614,202418,000004492001,1,1.79,1.79,0.00,0.11,S,,,USD,DB
70027582,02305,03,1,20260614,93533,000000040202,3,14.99,44.97,0.00,0.00,S,,,USD,CS
70027583,02305,01,1,20260614,133908,000004471040,1,2.49,2.49,0.00,0.16,S,,,USD,CS
70027583,02305,01,2,20260614,133908,000000020103,2,4.99,9.98,0.00,0.00,S,,,USD,CS
70027584,02305,03,1,20260614,212348,000000020103,2,4.99,9.98,0.00,0.00,S,,,USD,DB
70027584,02305,03,2,20260614,212348,000004492001,1,1.79,1.79,0.00,0.11,S,,,USD,DB
70027585,03050,02,1,20260614,93401,000000094103,1,3.79,3.79,0.00,0.00,S,,,USD,CS
70027585,03050,02,2,20260614,93401,000004493002,2,3.99,7.98,3.99,0.25,S,,BG26W20,USD,CS
70027585,03050,02,3,20260614,93401,000000093322,0.457,1.99,0.91,0.00,0.00,S,,,USD,CS
70027586,03050,05,1,20260614,170438,000000040102,0.612,16.99,10.40,0.00,0.00,S,,,USD,CC
70027587,03050,06,1,20260614,200530,000000551021,2,11.99,23.98,0.00,1.50,S,,,USD,CC
70027587,03050,06,2,20260614,200530,000000005102,1,5.49,5.49,0.00,0.00,S,,,USD,CC
70027588,03050,01,1,20260614,200605,000000005101,1,7.99,7.99,0.00,0.00,S,,,USD,DB
70027588,03050,01,2,20260614,200605,000000094101,1,3.99,3.99,0.00,0.00,S,,,USD,DB
70027588,03050,01,3,20260614,200605,000000005202,1,5.99,5.99,0.00,0.00,S,,,USD,DB
70027588,03050,01,4,20260614,200605,000000094202,1.046,1.99,2.08,0.00,0.00,S,,,USD,DB
70027588,03050,01,5,20260614,200605,000004471040,1,2.49,2.49,0.00,0.16,S,,,USD,DB
70027589,00317,01,1,20260614,151739,000000093502,1,5.39,5.39,0.00,0.00,S,,,CAD,CC
70027589,00317,01,2,20260614,151739,000000030201,1,13.59,13.59,0.00,0.00,S,,,CAD,CC
70027589,00317,01,3,20260614,151739,000004473003,2,4.69,9.38,0.00,0.59,S,,,CAD,CC
70027589,00317,01,4,20260614,151739,000004472050,1,5.39,5.39,0.00,0.34,S,,,CAD,CC
70027589,00317,01,5,20260614,151739,000004492003,1,3.09,3.09,0.00,0.19,S,,,CAD,CC
70027590,00317,06,1,20260614,74813,000004483002,1,4.69,4.69,0.00,0.29,S,,,CAD,DB
70027590,00317,06,2,20260614,74813,000000031101,1.208,33.99,41.06,0.00,0.00,S,,,CAD,DB
70027590,00317,06,3,20260614,74813,000004472001,1,5.39,5.39,0.00,0.34,S,,,CAD,DB
70027590,00317,06,4,20260614,74813,000000031101,0.595,33.99,20.22,0.00,0.00,S,,,CAD,DB
70027590,00317,06,5,20260614,74813,000004472001,2,5.39,10.78,5.39,0.34,S,,BG26W20,CAD,DB
70027590,00317,06,6,20260614,74813,000000020201,1,7.49,7.49,0.00,0.00,S,,,CAD,DB
70027591,00317,03,1,20260614,183302,000004491002,2,9.49,18.98,9.49,0.59,S,,BG26W20,CAD,CS
70027592,00317,02,1,20260614,105657,000004472002,3,6.09,18.27,0.00,1.14,S,,,CAD,CC
70027592,00317,02,2,20260614,105657,000000020102,1,4.69,4.69,0.00,0.00,S,,,CAD,CC
70027592,00317,02,3,20260614,105657,000000040101,1.788,25.79,46.11,0.00,0.00,S,,,CAD,CC
70027593,00317,04,1,20260614,173853,000000020202,3,8.09,24.27,0.00,0.00,S,,,CAD,CC
70027594,00317,02,1,20260614,114140,000000040203,3,16.29,48.87,0.00,0.00,S,6012490352,,CAD,DB
70027594,00317,02,2,20260614,114140,000004492002,1,1.99,1.99,0.00,0.12,S,6012490352,,CAD,DB
70027595,00317,05,1,20260614,150250,000000552002,1,5.39,5.39,0.00,0.34,S,,,CAD,CC
70027596,00317,04,1,20260614,215321,000000094301,1.875,5.99,11.23,0.00,0.00,S,6041329715,,CAD,DB
70027597,00317,05,1,20260614,114616,000000094101,2,5.39,10.78,0.00,0.00,S,,,CAD,CC
70027597,00317,05,2,20260614,114616,000000093401,0.380,7.49,2.85,0.00,0.00,S,,,CAD,CC
70027597,00317,05,3,20260614,114616,000004473002,2,3.79,7.58,0.00,0.47,S,,,CAD,CC
70027597,00317,05,4,20260614,114616,000000093322,0.676,2.69,1.82,0.00,0.00,S,,,CAD,CC
70027598,00317,05,1,20260614,212927,000004492050,1,2.99,2.99,0.00,0.19,S,6058870715,,CAD,CS
70027598,00317,05,2,20260614,212927,000000005201,1,5.39,5.39,0.00,0.00,S,6058870715,,CAD,CS
70027598,00317,05,3,20260614,212927,000004473001,1,4.09,4.09,0.00,0.26,S,6058870715,,CAD,CS
70027598,00317,05,4,20260614,212927,000004473001,1,4.09,4.09,0.00,0.26,V,6058870715,,CAD,CS
70027599,00317,03,1,20260614,104006,000004471030,1,5.39,5.39,0.00,0.34,S,6007779462,,CAD,GC
70027599,00317,03,2,20260614,104006,000004492002,3,1.99,5.97,0.00,0.37,S,6007779462,,CAD,GC
70027599,00317,03,3,20260614,104006,000004482002,1,24.49,24.49,0.00,1.53,S,6007779462,,CAD,GC
70027599,00317,03,4,20260614,104006,000004483001,1,6.79,6.79,0.00,0.42,S,6007779462,,CAD,GC
70027599,00317,03,5,20260614,104006,000000094103,1,5.19,5.19,0.00,0.00,S,6007779462,,CAD,GC
70027600,00317,02,1,20260614,93139,000000005020,2,6.09,12.18,0.00,0.00,S,,,CAD,DB
70027600,00317,02,2,20260614,93139,000000005201,1,5.39,5.39,0.00,0.00,S,,,CAD,DB
70027601,00317,02,1,20260614,74122,000004491001,1,3.39,3.39,0.00,0.21,S,,,CAD,GC
70027601,00317,02,2,20260614,74122,000000030101,2,9.49,18.98,0.00,0.00,S,,,CAD,GC
70027601,00317,02,3,20260614,74122,000000094203,0.610,1.99,1.21,0.00,0.00,S,,,CAD,GC
70027601,00317,02,4,20260614,74122,000000005103,2,9.49,18.98,9.49,0.00,S,,BG26W20,CAD,GC
70027602,00317,01,1,20260614,141650,000000094103,2,5.19,10.38,0.00,0.00,S,,,CAD,DB
70027602,00317,01,2,20260614,141650,000004471030,1,5.39,5.39,0.00,0.34,S,,,CAD,DB
70027602,00317,01,3,20260614,141650,000000040202,1,20.39,20.39,0.00,0.00,S,,,CAD,DB
70027602,00317,01,4,20260614,141650,000000093402,1.452,4.49,6.52,0.00,0.00,S,,,CAD,DB
70027602,00317,01,5,20260614,141650,000000093321,0.360,1.99,0.72,0.00,0.00,S,,,CAD,DB
70027603,00322,02,1,20260614,122610,000000094103,1,5.19,5.19,0.00,0.00,S,,,CAD,CC
70027603,00322,02,2,20260614,122610,000004472001,1,5.39,5.39,0.00,0.34,S,,,CAD,CC
70027603,00322,02,3,20260614,122610,000004482002,1,24.49,24.49,0.00,1.53,S,,,CAD,CC
70027604,00322,06,1,20260614,81216,000000031101,1.869,33.99,63.53,0.00,0.00,S,6020715116,,CAD,GC
70027604,00322,06,2,20260614,81216,000000020103,1,6.79,6.79,0.00,0.00,S,6020715116,,CAD,GC
70027604,00322,06,3,20260614,81216,000004491001,2,3.39,6.78,0.00,0.42,S,6020715116,,CAD,GC
70027604,00322,06,4,20260614,81216,000004472003,1,4.49,4.49,0.00,0.28,S,6020715116,,CAD,GC
70027604,00322,06,5,20260614,81216,000000562001,1,14.89,14.89,0.00,0.93,S,6020715116,,CAD,GC
70027604,00322,06,6,20260614,81216,000000020101,1,3.39,3.39,0.00,0.00,S,6020715116,,CAD,GC
70027605,00322,04,1,20260614,183516,000004472001,2,5.39,10.78,5.39,0.34,S,6095867805,BG26W20,CAD,DB
70027605,00322,04,2,20260614,183516,000004492002,1,1.99,1.99,0.00,0.12,S,6095867805,,CAD,DB
70027605,00322,04,3,20260614,183516,000004491002,2,9.49,18.98,9.49,0.59,S,6095867805,BG26W20,CAD,DB
70027606,00322,06,1,20260614,85346,000000561001,1,13.59,13.59,0.00,0.85,S,,,CAD,DB
70027606,00322,06,2,20260614,85346,000004491002,2,9.49,18.98,9.49,0.59,S,,BG26W20,CAD,DB
70027607,00322,03,1,20260614,174551,000004493002,1,5.39,5.39,0.00,0.34,S,,,CAD,DB
70027607,00322,03,2,20260614,174551,000000030103,2,12.19,24.38,0.00,0.00,S,,,CAD,DB
70027608,00322,03,1,20260614,145724,000004471040,2,3.39,6.78,0.00,0.42,S,,,CAD,GC
70027608,00322,03,2,20260614,145724,000004492002,2,1.99,3.98,0.00,0.25,S,,,CAD,GC
70027608,00322,03,3,20260614,145724,000000005012,1,5.39,5.39,0.00,0.00,S,,,CAD,GC
70027609,00322,05,1,20260614,131535,000000005020,1,6.09,6.09,0.00,0.00,S,,,CAD,DB
70027610,00322,01,1,20260614,123435,000000551021,2,16.29,32.58,0.00,2.04,S,6065972634,,CAD,GC
70027610,00322,01,2,20260614,123435,000004472002,1,6.09,6.09,0.00,0.38,S,6065972634,,CAD,GC
70027610,00322,01,3,20260614,123435,000004471023,1,4.69,4.69,0.00,0.29,S,6065972634,,CAD,GC
70027611,00322,03,1,20260614,215257,000000005201,1,5.39,5.39,0.00,0.00,S,6007200642,,CAD,CC
70027612,00322,05,1,20260614,93539,000000005103,2,9.49,18.98,9.49,0.00,S,,BG26W20,CAD,CC
70027612,00322,05,2,20260614,93539,000000005103,2,9.49,18.98,9.49,0.00,S,,BG26W20,CAD,CC
70027612,00322,05,3,20260614,93539,000004483001,2,6.79,13.58,0.00,0.85,S,,,CAD,CC
70027613,01042,03,1,20260615,101923,000000093325,1.783,3.99,7.11,0.00,0.00,S,6043553795,,USD,GC
70027613,01042,03,2,20260615,101923,000000562001,3,10.99,32.97,10.99,1.37,S,6043553795,MB26W19,USD,GC
70027613,01042,03,3,20260615,101923,000000030101,1,6.99,6.99,0.00,0.00,S,6043553795,,USD,GC
70027614,01042,01,1,20260615,150118,000000020202,1,5.99,5.99,0.00,0.00,R,6019553560,,USD,CS
70027615,01042,06,1,20260615,132207,000000005020,1,4.49,4.49,0.00,0.00,S,,,USD,CC
70027615,01042,06,2,20260615,132207,000000030201,1,9.99,9.99,0.00,0.00,S,,,USD,CC
70027616,01042,02,1,20260615,165536,000000552002,1,3.99,3.99,0.00,0.25,S,,,USD,CC
70027616,01042,02,2,20260615,165536,000000040203,1,11.99,11.99,0.00,0.00,S,,,USD,CC
70027616,01042,02,3,20260615,165536,000000561001,3,9.99,29.97,0.00,1.87,S,,,USD,CC
70027617,01042,06,1,20260615,105034,000000020101,1,2.49,2.49,0.00,0.00,S,6010720113,,USD,GC
70027618,01042,04,1,20260615,100230,000000020201,1,5.49,5.49,0.00,0.00,S,,,USD,CC
70027619,01107,04,1,20260615,185835,000000020102,1,3.49,3.49,0.00,0.00,S,,,USD,DB
70027620,01107,01,1,20260615,164555,000004491002,2,6.99,13.98,6.99,0.44,S,6006969421,BG26W20,USD,DB
70027620,01107,01,2,20260615,164555,000000005102,1,5.49,5.49,0.00,0.00,S,6006969421,,USD,DB
70027621,01107,06,1,20260615,145249,000004493002,1,3.99,3.99,0.00,0.25,S,6092753269,,USD,DB
70027621,01107,06,2,20260615,145249,000004471040,2,2.49,4.98,0.00,0.31,S,6092753269,,USD,DB
70027621,01107,06,3,20260615,145249,000004491001,1,2.49,2.49,0.00,0.16,S,6092753269,,USD,DB
70027621,01107,06,4,20260615,145249,000004493001,1,5.49,5.49,0.00,0.34,S,6092753269,,USD,DB
70027622,01107,04,1,20260615,183143,000000020103,3,4.99,14.97,0.00,0.00,S,6093518638,,USD,CC
70027623,01107,04,1,20260615,103526,000000020103,1,4.99,4.99,0.00,0.00,S,6095055605,,USD,CC
70027623,01107,04,2,20260615,103526,000004492001,1,1.79,1.79,0.00,0.11,S,6095055605,,USD,CC
70027623,01107,04,3,20260615,103526,000000040203,2,11.99,23.98,0.00,0.00,S,6095055605,,USD,CC
70027624,01107,01,1,20260615,134044,000000020101,1,2.49,2.49,0.00,0.00,S,6081735984,,USD,DB
70027624,01107,01,2,20260615,134044,000000094101,1,3.99,3.99,0.00,0.00,S,6081735984,,USD,DB
70027624,01107,01,3,20260615,134044,000000020202,1,5.99,5.99,0.00,0.00,S,6081735984,,USD,DB
70027625,02210,03,1,20260615,182913,000000030101,1,6.99,6.99,0.00,0.00,S,6040258835,,USD,CC
70027625,02210,03,2,20260615,182913,000004491002,2,6.99,13.98,6.99,0.44,S,6040258835,BG26W20,USD,CC
70027625,02210,03,3,20260615,182913,000004472001,2,3.99,7.98,3.99,0.25,S,6040258835,BG26W20,USD,CC
70027625,02210,03,4,20260615,182913,000000005202,3,5.99,17.97,5.99,0.00,S,6040258835,MB26W19,USD,CC
70027626,02210,04,1,20260615,142356,000000005013,1,3.89,3.89,0.00,0.00,S,6092171747,,USD,CC
70027626,02210,04,2,20260615,142356,000000093410,1.490,3.99,5.95,0.00,0.00,S,6092171747,,USD,CC
70027626,02210,04,3,20260615,142356,000000005020,2,4.49,8.98,0.00,0.00,S,6092171747,,USD,CC
70027626,02210,04,4,20260615,142356,000000020101,1,2.49,2.49,0.00,0.00,S,6092171747,,USD,CC
70027626,02210,04,5,20260615,142356,000004491001,1,2.49,2.49,0.00,0.16,S,6092171747,,USD,CC
70027626,02210,04,6,20260615,142356,000004472003,1,3.29,3.29,0.00,0.21,S,6092171747,,USD,CC
70027627,02210,03,1,20260615,131434,000000093501,1,4.49,4.49,0.00,0.00,S,6004145456,,USD,DB
70027627,02210,03,2,20260615,131434,000000031102,1.163,19.99,23.25,0.00,0.00,S,6004145456,,USD,DB
70027627,02210,03,3,20260615,131434,000000040201,2,8.99,17.98,0.00,0.00,S,6004145456,,USD,DB
70027627,02210,03,4,20260615,131434,000000040203,3,11.99,35.97,0.00,0.00,S,6004145456,,USD,DB
70027628,02210,04,1,20260615,211139,000000005103,2,6.99,13.98,6.99,0.00,S,,BG26W20,USD,DB
70027628,02210,04,2,20260615,211139,000000020201,1,5.49,5.49,0.00,0.00,S,,,USD,DB
70027628,02210,04,3,20260615,211139,000004483002,1,3.49,3.49,0.00,0.22,S,,,USD,DB
70027629,02210,01,1,20260615,152021,000004481003,2,4.99,9.98,0.00,0.62,S,,,USD,CC
70027629,02210,01,2,20260615,152021,000000094201,1.925,1.69,3.25,0.00,0.00,S,,,USD,CC
70027629,02210,01,3,20260615,152021,000000094302,1.127,5.49,6.19,0.00,0.00,S,,,USD,CC
70027630,02210,02,1,20260615,180521,000000030103,2,8.99,17.98,0.00,0.00,S,6057627023,,USD,CS
70027630,02210,02,2,20260615,180521,000004473003,2,3.49,6.98,0.00,0.44,S,6057627023,,USD,CS
70027631,02305,04,1,20260615,202228,000004483001,1,4.99,4.99,0.00,0.31,S,6014837537,,USD,GC
70027631,02305,04,2,20260615,202228,000004482001,1,13.99,13.99,0.00,0.87,S,6014837537,,USD,GC
70027631,02305,04,3,20260615,202228,000000005012,1,3.99,3.99,0.00,0.00,S,6014837537,,USD,GC
70027631,02305,04,4,20260615,202228,000000005201,1,3.99,3.99,0.00,0.00,S,6014837537,,USD,GC
70027632,02305,04,1,20260615,111610,000000552002,1,3.99,3.99,0.00,0.25,R,,,USD,GC
70027633,02305,02,1,20260615,112951,000000552002,2,3.99,7.98,0.00,0.50,S,,,USD,GC
70027633,02305,02,2,20260615,112951,000000031101,1.508,24.99,37.68,0.00,0.00,S,,,USD,GC
70027633,02305,02,3,20260615,112951,000000040101,1.729,18.99,32.83,0.00,0.00,S,,,USD,GC
70027633,02305,02,4,20260615,112951,000004472001,1,3.99,3.99,0.00,0.25,S,,,USD,GC
70027633,02305,02,5,20260615,112951,000004482002,1,17.99,17.99,0.00,1.12,S,,,USD,GC
70027633,02305,02,6,20260615,112951,000000551021,1,11.99,11.99,0.00,0.75,S,,,USD,GC
70027634,02305,01,1,20260615,184529,000004491002,1,6.99,6.99,0.00,0.44,S,,,USD,CC
70027634,02305,01,2,20260615,184529,000000005103,1,6.99,6.99,0.00,0.00,S,,,USD,CC
70027635,02305,02,1,20260615,173033,000004471023,1,3.49,3.49,0.00,0.22,S,,,USD,CS
70027635,02305,02,2,20260615,173033,000004483002,2,3.49,6.98,0.00,0.44,S,,,USD,CS
70027635,02305,02,3,20260615,173033,000000005103,1,6.99,6.99,0.00,0.00,S,,,USD,CS
70027635,02305,02,4,20260615,173033,000000040102,2.138,16.99,36.32,0.00,0.00,S,,,USD,CS
70027636,02305,01,1,20260615,101139,000000030103,1,8.99,8.99,0.00,0.00,S,6058631441,,USD,DB
70027636,02305,01,2,20260615,101139,000000562001,3,10.99,32.97,10.99,1.37,S,6058631441,MB26W19,USD,DB
70027637,02305,06,1,20260615,84042,000004473003,1,3.49,3.49,0.00,0.22,S,,,USD,DB
70027637,02305,06,2,20260615,84042,000000005201,2,3.99,7.98,0.00,0.00,S,,,USD,DB
70027637,02305,06,3,20260615,84042,000000005202,3,5.99,17.97,5.99,0.00,S,,MB26W19,USD,DB
70027637,02305,06,4,20260615,84042,000004473001,1,2.99,2.99,0.00,0.19,S,,,USD,DB
70027638,02305,03,1,20260615,192522,000000551020,1,13.99,13.99,0.00,0.87,S,6092459375,,USD,CC
70027638,02305,03,2,20260615,192522,000000005202,1,5.99,5.99,0.00,0.00,S,6092459375,,USD,CC
70027639,02305,03,1,20260615,120238,000000031102,1.636,19.99,32.70,0.00,0.00,S,,,USD,DB
70027639,02305,03,2,20260615,120238,000004472002,1,4.49,4.49,0.00,0.28,S,,,USD,DB
70027639,02305,03,3,20260615,120238,000000005013,1,3.89,3.89,0.00,0.00,S,,,USD,DB
70027640,02305,05,1,20260615,171343,000000005012,1,3.99,3.99,0.00,0.00,S,,,USD,CC
70027641,02305,06,1,20260615,125411,000000030103,2,8.99,17.98,0.00,0.00,S,6017537030,,USD,GC
70027641,02305,06,2,20260615,125411,000000030103,1,8.99,8.99,0.00,0.00,S,6017537030,,USD,GC
70027641,02305,06,3,20260615,125411,000004492001,3,1.79,5.37,1.79,0.22,S,6017537030,MB26W19,USD,GC
70027641,02305,06,4,20260615,125411,000000020102,2,3.49,6.98,0.00,0.00,S,6017537030,,USD,GC
70027642,03050,05,1,20260615,152724,000004493002,2,3.99,7.98,3.99,0.25,S,,BG26W20,USD,CC
70027643,03050,06,1,20260615,172159,000000005202,3,5.99,17.97,5.99,0.00,S,,MB26W19,USD,CC
70027643,03050,06,2,20260615,172159,000000094302,0.770,5.49,4.23,0.00,0.00,S,,,USD,CC
70027643,03050,06,3,20260615,172159,000004492002,1,1.49,1.49,0.00,0.09,S,,,USD,CC
70027643,03050,06,4,20260615,172159,000004491002,2,6.99,13.98,6.99,0.44,S,,BG26W20,USD,CC
70027643,03050,06,5,20260615,172159,000004483002,1,3.49,3.49,0.00,0.22,S,,,USD,CC
70027643,03050,06,6,20260615,172159,000004472001,1,3.99,3.99,0.00,0.25,S,,,USD,CC
70027644,03050,03,1,20260615,103913,000000094302,0.997,5.49,5.47,0.00,0.00,S,6088754394,,USD,DB
70027644,03050,03,2,20260615,103913,000000093410,0.459,3.99,1.83,0.00,0.00,S,6088754394,,USD,DB
70027644,03050,03,3,20260615,103913,000000005301,1,5.49,5.49,0.00,0.00,S,6088754394,,USD,DB
70027644,03050,03,4,20260615,103913,000000093325,0.604,3.99,2.41,0.00,0.00,S,6088754394,,USD,DB
70027644,03050,03,5,20260615,103913,000004492001,1,1.79,1.79,0.00,0.11,S,6088754394,,USD,DB
70027645,03050,04,1,20260615,121912,000000005103,2,6.99,13.98,6.99,0.00,S,6092624945,BG26W20,USD,DB
70027645,03050,04,2,20260615,121912,000004481001,1,7.99,7.99,0.00,0.50,S,6092624945,,USD,DB
70027646,03050,02,1,20260615,205048,000000561001,1,9.99,9.99,0.00,0.62,S,,,USD,CC
70027647,03050,01,1,20260615,70423,000000040202,2,14.99,29.98,0.00,0.00,S,,,USD,DB
70027647,03050,01,2,20260615,70423,000000094202,2.034,1.99,4.05,0.00,0.00,S,,,USD,DB
70027648,03050,01,1,20260615,90159,000000020103,3,4.99,14.97,0.00,0.00,S,6042583230,,USD,CC
70027648,03050,01,2,20260615,90159,000000561002,1,7.49,7.49,0.00,0.47,S,6042583230,,USD,CC
70027648,03050,01,3,20260615,90159,000000005012,2,3.99,7.98,0.00,0.00,S,6042583230,,USD,CC
70027648,03050,01,4,20260615,90159,000000040102,0.651,16.99,11.06,0.00,0.00,S,6042583230,,USD,CC
70027648,03050,01,5,20260615,90159,000000020102,1,3.49,3.49,0.00,0.00,S,6042583230,,USD,CC
70027649,03050,03,1,20260615,120901,000004482002,1,17.99,17.99,0.00,1.12,S,,,USD,GC
70027649,03050,03,2,20260615,120901,000004492003,1,2.29,2.29,0.00,0.14,S,,,USD,GC
70027650,00317,02,1,20260615,160148,000000562001,1,14.89,14.89,0.00,0.93,S,6093831849,,CAD,DB
70027650,00317,02,2,20260615,160148,000004493002,2,5.39,10.78,5.39,0.34,S,6093831849,BG26W20,CAD,DB
70027650,00317,02,3,20260615,160148,000004473001,2,4.09,8.18,0.00,0.51,S,6093831849,,CAD,DB
70027650,00317,02,4,20260615,160148,000000005302,1,4.69,4.69,0.00,0.00,S,6093831849,,CAD,DB
70027650,00317,02,5,20260615,160148,000004492050,2,2.99,5.98,0.00,0.37,S,6093831849,,CAD,DB
70027651,00317,01,1,20260615,194040,000004492003,1,3.09,3.09,0.00,0.19,S,,,CAD,CC
70027651,00317,01,2,20260615,194040,000000094103,1,5.19,5.19,0.00,0.00,S,,,CAD,CC
70027652,00317,03,1,20260615,73401,000004492001,1,2.39,2.39,0.00,0.15,S,,,CAD,DB
70027653,00317,01,1,20260615,150048,000000093402,1.671,4.49,7.50,0.00,0.00,S,,,CAD,CC
70027653,00317,01,2,20260615,150048,000004491001,2,3.39,6.78,0.00,0.42,S,,,CAD,CC
70027653,00317,01,3,20260615,150048,000000020101,1,3.39,3.39,0.00,0.00,S,,,CAD,CC
70027654,00317,06,1,20260615,122001,000000094102,2,4.69,9.38,4.69,0.00,S,,BG26W20,CAD,DB
70027655,00317,02,1,20260615,81747,000004491002,1,9.49,9.49,0.00,0.59,S,,,CAD,CC
70027656,00317,04,1,20260615,70343,000004472002,1,6.09,6.09,0.00,0.38,S,6015001418,,CAD,CC
70027656,00317,04,2,20260615,70343,000000040203,1,16.29,16.29,0.00,0.00,S,6015001418,,CAD,CC
70027656,00317,04,3,20260615,70343,000004482001,1,18.99,18.99,0.00,1.19,S,6015001418,,CAD,CC
70027657,00317,06,1,20260615,102428,000004483002,1,4.69,4.69,0.00,0.29,S,6020952004,,CAD,CC
70027657,00317,06,2,20260615,102428,000000094202,1.370,2.69,3.69,0.00,0.00,S,6020952004,,CAD,CC
70027657,00317,06,3,20260615,102428,000000005101,1,10.89,10.89,0.00,0.00,S,6020952004,,CAD,CC
70027657,00317,06,4,20260615,102428,000000561002,2,10.19,20.38,0.00,1.27,S,6020952004,,CAD,CC
70027657,00317,06,5,20260615,102428,000004472001,2,5.39,10.78,5.39,0.34,S,6020952004,BG26W20,CAD,CC
70027658,00322,03,1,20260615,204021,000004483002,1,4.69,4.69,0.00,0.29,S,6083099974,,CAD,DB
70027659,00322,03,1,20260615,190555,000004472050,1,5.39,5.39,0.00,0.34,S,6075844663,,CAD,CS
70027660,00322,02,1,20260615,85108,000000005102,2,7.49,14.98,0.00,0.00,S,6091135996,,CAD,DB
70027660,00322,02,2,20260615,85108,000004471023,1,4.69,4.69,0.00,0.29,S,6091135996,,CAD,DB
70027661,01042,06,1,20260616,113040,000004473001,1,2.99,2.99,0.00,0.19,S,6041986652,,USD,CC
70027661,01042,06,2,20260616,113040,000000005020,1,4.49,4.49,0.00,0.00,S,6041986652,,USD,CC
70027661,01042,06,3,20260616,113040,000000094202,1.135,1.99,2.26,0.00,0.00,S,6041986652,,USD,CC
70027662,01042,03,1,20260616,194611,000004493002,2,3.99,7.98,3.99,0.25,S,,BG26W20,USD,DB
70027662,01042,03,2,20260616,194611,000000562001,3,10.99,32.97,10.99,1.37,S,,MB26W19,USD,DB
70027663,01042,03,1,20260616,195123,000000005202,1,5.99,5.99,0.00,0.00,R,,,USD,DB
70027664,01042,03,1,20260616,82600,000000093402,0.396,3.29,1.30,0.00,0.00,S,,,USD,CS
70027664,01042,03,2,20260616,82600,000000552002,1,3.99,3.99,0.00,0.25,S,,,USD,CS
70027664,01042,03,3,20260616,82600,000000030202,1,11.49,11.49,0.00,0.00,S,,,USD,CS
70027664,01042,03,4,20260616,82600,000000093501,1,4.49,4.49,0.00,0.00,S,,,USD,CS
70027664,01042,03,5,20260616,82600,000004492001,3,1.79,5.37,1.79,0.22,S,,MB26W19,USD,CS
70027664,01042,03,6,20260616,82600,000000093503,1,4.29,4.29,0.00,0.00,S,,,USD,CS
70027665,01042,02,1,20260616,194217,000000094102,2,3.49,6.98,3.49,0.00,S,,BG26W20,USD,CC
70027665,01042,02,2,20260616,194217,000004482001,2,13.99,27.98,0.00,1.75,S,,,USD,CC
70027665,01042,02,3,20260616,194217,000000562001,1,10.99,10.99,0.00,0.69,S,,,USD,CC
70027665,01042,02,4,20260616,194217,000000040203,1,11.99,11.99,0.00,0.00,S,,,USD,CC
70027665,01042,02,5,20260616,194217,000004491002,2,6.99,13.98,6.99,0.44,S,,BG26W20,USD,CC
70027665,01042,02,6,20260616,194217,000004472001,2,3.99,7.98,3.99,0.25,S,,BG26W20,USD,CC
70027666,01042,05,1,20260616,141630,000000094202,1.823,1.99,3.63,0.00,0.00,S,,,USD,CC
70027666,01042,05,2,20260616,141630,000004473001,1,2.99,2.99,0.00,0.19,S,,,USD,CC
70027666,01042,05,3,20260616,141630,000000093502,1,3.99,3.99,0.00,0.00,S,,,USD,CC
70027666,01042,05,4,20260616,141630,000000094301,0.897,4.39,3.94,0.00,0.00,S,,,USD,CC
70027666,01042,05,5,20260616,141630,000000093410,1.849,3.99,7.38,0.00,0.00,S,,,USD,CC
70027667,01107,04,1,20260616,215227,000000040102,1.710,16.99,29.05,0.00,0.00,S,6016025643,,USD,DB
70027667,01107,04,2,20260616,215227,000000094201,0.319,1.69,0.54,0.00,0.00,S,6016025643,,USD,DB
70027668,01107,02,1,20260616,120025,000004482002,1,17.99,17.99,0.00,1.12,S,6050000001,,USD,DB
70027668,01107,02,2,20260616,120025,000004492003,1,2.29,2.29,0.00,0.14,S,6050000001,,USD,DB
70027669,01107,01,1,20260616,80656,000004472003,1,3.29,3.29,0.00,0.21,S,,,USD,CC
70027669,01107,01,2,20260616,80656,000000005302,2,3.49,6.98,0.00,0.00,S,,,USD,CC
70027669,01107,01,3,20260616,80656,000000094103,1,3.79,3.79,0.00,0.00,S,,,USD,CC
70027670,02210,03,1,20260616,110628,000004483001,1,4.99,4.99,0.00,0.31,S,6030091093,,USD,DB
70027670,02210,03,2,20260616,110628,000000005201,1,3.99,3.99,0.00,0.00,S,6030091093,,USD,DB
70027671,02210,01,1,20260616,171007,000000094202,0.820,1.99,1.63,0.00,0.00,S,6004145456,,USD,CC
70027671,02210,01,2,20260616,171007,000000005103,2,6.99,13.98,6.99,0.00,S,6004145456,BG26W20,USD,CC
70027671,02210,01,3,20260616,171007,000000094302,1.764,5.49,9.68,0.00,0.00,S,6004145456,,USD,CC
70027671,02210,01,4,20260616,171007,000000031102,2.056,19.99,41.10,0.00,0.00,S,6004145456,,USD,CC
70027672,02210,05,1,20260616,114053,000004472001,2,3.99,7.98,3.99,0.25,S,6077680898,BG26W20,USD,DB
70027672,02210,05,2,20260616,114053,000000094301,0.839,4.39,3.68,0.00,0.00,S,6077680898,,USD,DB
70027672,02210,05,3,20260616,114053,000004472001,2,3.99,7.98,3.99,0.25,S,6077680898,BG26W20,USD,DB
70027673,02210,06,1,20260616,154330,000000005102,1,5.49,5.49,0.00,0.00,S,,,USD,CS
70027673,02210,06,2,20260616,154330,000000093410,1.419,3.99,5.66,0.00,0.00,S,,,USD,CS
70027674,02210,01,1,20260616,124325,000004491001,1,2.49,2.49,0.00,0.16,S,,,USD,CS
70027675,02305,03,1,20260616,192044,000000093321,0.730,1.49,1.09,0.00,0.00,S,6068007229,,USD,DB
70027675,02305,03,2,20260616,192044,000000030201,1,9.99,9.99,0.00,0.00,S,6068007229,,USD,DB
70027676,02305,02,1,20260616,73044,000000030103,2,8.99,17.98,0.00,0.00,S,,,USD,GC
70027676,02305,02,2,20260616,73044,000000094103,1,3.79,3.79,0.00,0.00,S,,,USD,GC
70027676,02305,02,3,20260616,73044,000000030201,1,9.99,9.99,0.00,0.00,S,,,USD,GC
70027676,02305,02,4,20260616,73044,000000005201,1,3.99,3.99,0.00,0.00,S,,,USD,GC
70027676,02305,02,5,20260616,73044,000000005013,1,3.89,3.89,0.00,0.00,S,,,USD,GC
70027677,02305,05,1,20260616,154327,000000020102,1,3.49,3.49,0.00,0.00,S,6031310094,,USD,DB
70027677,02305,05,2,20260616,154327,000004491001,1,2.49,2.49,0.00,0.16,S,6031310094,,USD,DB
70027677,02305,05,3,20260616,154327,000004471040,1,2.49,2.49,0.00,0.16,S,6031310094,,USD,DB
70027677,02305,05,4,20260616,154327,000004471040,1,2.49,2.49,0.00,0.16,S,6031310094,,USD,DB
70027677,02305,05,5,20260616,154327,000000093322,0.997,1.99,1.98,0.00,0.00,S,6031310094,,USD,DB
70027677,02305,05,6,20260616,154327,000000094101,1,3.99,3.99,0.00,0.00,S,6031310094,,USD,DB
70027678,02305,04,1,20260616,113724,000000561002,1,7.49,7.49,0.00,0.47,S,,,USD,GC
70027678,02305,04,2,20260616,113724,000000040202,1,14.99,14.99,0.00,0.00,S,,,USD,GC
70027678,02305,04,3,20260616,113724,000004472001,2,3.99,7.98,3.99,0.25,S,,BG26W20,USD,GC
70027678,02305,04,4,20260616,113724,000000005013,1,3.89,3.89,0.00,0.00,S,,,USD,GC
70027678,02305,04,5,20260616,113724,000000020101,1,2.49,2.49,0.00,0.00,S,,,USD,GC
70027679,02305,02,1,20260616,171356,000000005102,1,5.49,5.49,0.00,0.00,S,6037660144,,USD,CS
70027679,02305,02,2,20260616,171356,000004482003,1,5.49,5.49,0.00,0.34,S,6037660144,,USD,CS
70027679,02305,02,3,20260616,171356,000000094102,2,3.49,6.98,3.49,0.00,S,6037660144,BG26W20,USD,CS
70027679,02305,02,4,20260616,171356,000000562001,1,10.99,10.99,0.00,0.69,S,6037660144,,USD,CS
70027680,02305,05,1,20260616,110241,000000093401,0.615,5.49,3.38,0.00,0.00,S,,,USD,DB
70027680,02305,05,2,20260616,110241,000000020103,1,4.99,4.99,0.00,0.00,S,,,USD,DB
70027681,02305,03,1,20260616,133647,000000030103,1,8.99,8.99,0.00,0.00,S,,,USD,GC
70027681,02305,03,2,20260616,133647,000000005013,2,3.89,7.78,0.00,0.00,S,,,USD,GC
70027682,02305,06,1,20260616,93410,000000093503,3,4.29,12.87,0.00,0.00,S,,,USD,CS
70027683,02305,05,1,20260616,73920,000000020103,1,4.99,4.99,0.00,0.00,S,,,USD,CC
70027683,02305,05,2,20260616,73920,000000005201,1,3.99,3.99,0.00,0.00,S,,,USD,CC
70027683,02305,05,3,20260616,73920,000004492001,3,1.79,5.37,1.79,0.22,S,,MB26W19,USD,CC
70027683,02305,05,4,20260616,73920,000000040202,1,14.99,14.99,0.00,0.00,S,,,USD,CC
70027683,02305,05,5,20260616,73920,000000552002,3,3.99,11.97,0.00,0.75,S,,,USD,CC
70027684,02305,06,1,20260616,154715,000000005020,2,4.49,8.98,0.00,0.00,S,,,USD,CC
70027684,02305,06,2,20260616,154715,000004491001,1,2.49,2.49,0.00,0.16,S,,,USD,CC
70027684,02305,06,3,20260616,154715,000000005202,2,5.99,11.98,0.00,0.00,S,,,USD,CC
70027685,02305,06,1,20260616,140714,000000561001,1,9.99,9.99,0.00,0.62,S,,,USD,CS
70027685,02305,06,2,20260616,140714,000000093410,1.563,3.99,6.24,0.00,0.00,S,,,USD,CS
70027685,02305,06,3,20260616,140714,000004491002,2,6.99,13.98,6.99,0.44,S,,BG26W20,USD,CS
70027685,02305,06,4,20260616,140714,000000040102,0.353,16.99,6.00,0.00,0.00,S,,,USD,CS
70027685,02305,06,5,20260616,140714,000004471030,1,3.99,3.99,0.00,0.25,S,,,USD,CS
70027686,02305,02,1,20260616,101257,000004481001,1,7.99,7.99,0.00,0.50,S,,,USD,CC
70027686,02305,02,2,20260616,101257,000004493001,2,5.49,10.98,0.00,0.69,S,,,USD,CC
70027686,02305,02,3,20260616,101257,000000562002,1,8.49,8.49,0.00,0.53,S,,,USD,CC
70027687,02305,03,1,20260616,71242,000000094201,2.165,1.69,3.66,0.00,0.00,S,6067932798,,USD,CS
70027688,02305,06,1,20260616,131554,000000562002,2,8.49,16.98,0.00,1.06,S,,,USD,DB
70027688,02305,06,2,20260616,131554,000000562002,1,8.49,8.49,0.00,0.53,S,,,USD,DB
70027688,02305,06,3,20260616,131554,000004472003,1,3.29,3.29,0.00,0.21,S,,,USD,DB
70027689,03050,01,1,20260616,192242,000000005103,2,6.99,13.98,6.99,0.00,S,6051868926,BG26W20,USD,GC
70027689,03050,01,2,20260616,192242,000004483002,1,3.49,3.49,0.00,0.22,S,6051868926,,USD,GC
70027689,03050,01,3,20260616,192242,000000030203,1,8.49,8.49,0.00,0.00,S,6051868926,,USD,GC
70027689,03050,01,4,20260616,192242,000000094202,1.742,1.99,3.47,0.00,0.00,S,6051868926,,USD,GC
70027690,03050,06,1,20260616,202843,000000093402,1.383,3.29,4.55,0.00,0.00,S,6086978292,,USD,CS
70027690,03050,06,2,20260616,202843,000000093401,0.313,5.49,1.72,0.00,0.00,S,6086978292,,USD,CS
70027690,03050,06,3,20260616,202843,000004472001,2,3.99,7.98,3.99,0.25,S,6086978292,BG26W20,USD,CS
70027690,03050,06,4,20260616,202843,000004481003,1,4.99,4.99,0.00,0.31,S,6086978292,,USD,CS
70027691,03050,01,1,20260616,210322,000004492003,2,2.29,4.58,0.00,0.29,S,6006969421,,USD,DB
70027691,03050,01,2,20260616,210322,000000093503,1,4.29,4.29,0.00,0.00,S,6006969421,,USD,DB
70027691,03050,01,3,20260616,210322,000004493002,1,3.99,3.99,0.00,0.25,S,6006969421,,USD,DB
70027691,03050,01,4,20260616,210322,000000094102,1,3.49,3.49,0.00,0.00,S,6006969421,,USD,DB
70027692,03050,04,1,20260616,121704,000000030103,1,8.99,8.99,0.00,0.00,S,,,USD,DB
70027693,03050,06,1,20260616,82738,000004491002,2,6.99,13.98,6.99,0.44,S,6029666676,BG26W20,USD,GC
70027694,00317,04,1,20260616,113928,000000094103,1,5.19,5.19,0.00,0.00,S,,,CAD,CS
70027695,00317,01,1,20260616,214200,000004493001,1,7.49,7.49,0.00,0.47,S,,,CAD,DB
70027695,00317,01,2,20260616,214200,000000020201,1,7.49,7.49,0.00,0.00,S,,,CAD,DB
70027696,00317,04,1,20260616,74527,000000005202,3,8.09,24.27,8.09,0.00,S,,MB26W19,CAD,DB
70027696,00317,04,2,20260616,74527,000000020101,1,3.39,3.39,0.00,0.00,S,,,CAD,DB
70027696,00317,04,3,20260616,74527,000004491003,1,2.69,2.69,0.00,0.17,S,,,CAD,DB
70027697,00317,05,1,20260616,114403,000004482001,1,18.99,18.99,0.00,1.19,S,,,CAD,CC
70027697,00317,05,2,20260616,114403,000000005103,2,9.49,18.98,9.49,0.00,S,,BG26W20,CAD,CC
70027697,00317,05,3,20260616,114403,000000030101,1,9.49,9.49,0.00,0.00,S,,,CAD,CC
70027698,00317,03,1,20260616,191159,000004472001,2,5.39,10.78,5.39,0.34,S,,BG26W20,CAD,CC
70027698,00317,03,2,20260616,191159,000000094201,1.838,2.29,4.21,0.00,0.00,S,,,CAD,CC
70027699,00317,05,1,20260616,100447,000004492001,1,2.39,2.39,0.00,0.15,S,,,CAD,CC
70027699,00317,05,2,20260616,100447,000000094201,1.385,2.29,3.17,0.00,0.00,S,,,CAD,CC
70027699,00317,05,3,20260616,100447,000004472002,1,6.09,6.09,0.00,0.38,S,,,CAD,CC
70027700,00317,04,1,20260616,141256,000004472050,1,5.39,5.39,0.00,0.34,S,,,CAD,DB
70027700,00317,04,2,20260616,141256,000004483001,1,6.79,6.79,0.00,0.42,S,,,CAD,DB
70027700,00317,04,3,20260616,141256,000000020202,1,8.09,8.09,0.00,0.00,S,,,CAD,DB
70027700,00317,04,4,20260616,141256,000000040201,1,12.19,12.19,0.00,0.00,S,,,CAD,DB
70027701,00317,03,1,20260616,143900,000000094201,1.335,2.29,3.06,0.00,0.00,S,6003700332,,CAD,CC
70027702,00317,06,1,20260616,91139,000000020201,1,7.49,7.49,0.00,0.00,S,,,CAD,DB
70027702,00317,06,2,20260616,91139,000004472001,2,5.39,10.78,5.39,0.34,S,,BG26W20,CAD,DB
70027702,00317,06,3,20260616,91139,000000030203,2,11.49,22.98,0.00,0.00,S,,,CAD,DB
70027703,00317,05,1,20260616,90004,000000561002,1,10.19,10.19,0.00,0.64,S,,,CAD,GC
70027703,00317,05,2,20260616,90004,000000005201,1,5.39,5.39,0.00,0.00,S,,,CAD,GC
70027704,00322,06,1,20260616,75818,000004491003,2,2.69,5.38,0.00,0.34,S,,,CAD,GC
70027705,00322,01,1,20260616,183705,000004472001,2,5.39,10.78,5.39,0.34,S,6043027169,BG26W20,CAD,GC
70027705,00322,01,2,20260616,183705,000000005302,1,4.69,4.69,0.00,0.00,S,6043027169,,CAD,GC
70027705,00322,01,3,20260616,183705,000000020102,1,4.69,4.69,0.00,0.00,S,6043027169,,CAD,GC
70027705,00322,01,4,20260616,183705,000004493002,2,5.39,10.78,5.39,0.34,S,6043027169,BG26W20,CAD,GC
70027706,01042,05,1,20260617,130146,000000020103,1,4.99,4.99,0.00,0.00,S,,,USD,CS
70027707,01042,01,1,20260617,113558,000000020101,1,2.49,2.49,0.00,0.00,S,6068293844,,USD,CC
70027708,01042,02,1,20260617,130344,000000005013,1,3.89,3.89,0.00,0.00,S,6033569392,,USD,GC
70027708,01042,02,2,20260617,130344,000004473002,1,2.79,2.79,0.00,0.17,S,6033569392,,USD,GC
70027708,01042,02,3,20260617,130344,000004473001,1,2.99,2.99,0.00,0.19,S,6033569392,,USD,GC
70027708,01042,02,4,20260617,130344,000004493002,2,3.99,7.98,3.99,0.25,S,6033569392,BG26W20,USD,GC
70027708,01042,02,5,20260617,130344,000000040101,1.760,18.99,33.42,0.00,0.00,S,6033569392,,USD,GC
70027709,01042,05,1,20260617,193937,000004482003,3,5.49,16.47,0.00,1.03,S,,,USD,CS
70027710,01042,02,1,20260617,181156,000000020202,1,5.99,5.99,0.00,0.00,S,6028463920,,USD,DB
70027710,01042,02,2,20260617,181156,000000094103,1,3.79,3.79,0.00,0.00,S,6028463920,,USD,DB
70027711,01042,01,1,20260617,90229,000000093402,2.009,3.29,6.61,0.00,0.00,S,,,USD,DB
70027711,01042,01,2,20260617,90229,000004493002,2,3.99,7.98,3.99,0.25,S,,BG26W20,USD,DB
70027712,01042,04,1,20260617,105203,000004493001,1,5.49,5.49,0.00,0.34,S,,,USD,DB
70027712,01042,04,2,20260617,105203,000000094103,1,3.79,3.79,0.00,0.00,S,,,USD,DB
70027712,01042,04,3,20260617,105203,000004473003,1,3.49,3.49,0.00,0.22,S,,,USD,DB
70027712,01042,04,4,20260617,105203,000000030102,1,14.99,14.99,0.00,0.00,S,,,USD,DB
70027712,01042,04,5,20260617,105203,000000094302,2.186,5.49,12.00,0.00,0.00,S,,,USD,DB
70027713,01042,02,1,20260617,121832,000000551021,1,11.99,11.99,0.00,0.75,S,,,USD,CC
70027713,01042,02,2,20260617,121832,000004493002,1,3.99,3.99,0.00,0.25,S,,,USD,CC
70027713,01042,02,3,20260617,121832,000000562001,3,10.99,32.97,10.99,1.37,S,,MB26W19,USD,CC
70027713,01042,02,4,20260617,121832,000000094202,1.554,1.99,3.09,0.00,0.00,S,,,USD,CC
70027714,01042,06,1,20260617,73243,000000005202,3,5.99,17.97,5.99,0.00,S,6094065578,MB26W19,USD,DB
70027714,01042,06,2,20260617,73243,000000030203,1,8.49,8.49,0.00,0.00,S,6094065578,,USD,DB
70027714,01042,06,3,20260617,73243,000000005020,2,4.49,8.98,0.00,0.00,S,6094065578,,USD,DB
70027714,01042,06,4,20260617,73243,000000040102,0.931,16.99,15.82,0.00,0.00,S,6094065578,,USD,DB
70027715,01042,01,1,20260617,153042,000000040101,1.819,18.99,34.54,0.00,0.00,S,,,USD,CC
70027716,01042,05,1,20260617,192709,000004491002,2,6.99,13.98,6.99,0.44,S,6018272795,BG26W20,USD,GC
70027716,01042,05,2,20260617,192709,000004471030,1,3.99,3.99,0.00,0.25,S,6018272795,,USD,GC
70027716,01042,05,3,20260617,192709,000000005101,1,7.99,7.99,0.00,0.00,S,6018272795,,USD,GC
70027717,01042,06,1,20260617,84614,000000030101,1,6.99,6.99,0.00,0.00,S,6048571422,,USD,DB
70027717,01042,06,2,20260617,84614,000000040202,1,14.99,14.99,0.00,0.00,S,6048571422,,USD,DB
70027717,01042,06,3,20260617,84614,000000093321,2.067,1.49,3.08,0.00,0.00,S,6048571422,,USD,DB
70027717,01042,06,4,20260617,84614,000000005202,1,5.99,5.99,0.00,0.00,S,6048571422,,USD,DB
70027717,01042,06,5,20260617,84614,000004491001,1,2.49,2.49,0.00,0.16,S,6048571422,,USD,DB
70027717,01042,06,6,20260617,84614,000000005103,1,6.99,6.99,0.00,0.00,S,6048571422,,USD,DB
70027718,01042,04,1,20260617,214825,000000031101,2.179,24.99,54.45,0.00,0.00,S,,,USD,CS
70027718,01042,04,2,20260617,214825,000000094102,1,3.49,3.49,0.00,0.00,S,,,USD,CS
70027718,01042,04,3,20260617,214825,000000562001,3,10.99,32.97,10.99,1.37,S,,MB26W19,USD,CS
70027719,01042,06,1,20260617,94540,000000005012,1,3.99,3.99,0.00,0.00,S,,,USD,DB
70027720,02210,04,1,20260617,154853,000000093401,0.806,5.49,4.42,0.00,0.00,S,6057988942,,USD,CS
70027720,02210,04,2,20260617,154853,000004492001,1,1.79,1.79,0.00,0.11,S,6057988942,,USD,CS
70027720,02210,04,3,20260617,154853,000000005202,1,5.99,5.99,0.00,0.00,S,6057988942,,USD,CS
70027720,02210,04,4,20260617,154853,000000562002,2,8.49,16.98,0.00,1.06,S,6057988942,,USD,CS
70027720,02210,04,5,20260617,154853,000000005013,1,3.89,3.89,0.00,0.00,S,6057988942,,USD,CS
70027720,02210,04,6,20260617,154853,000000005012,1,3.99,3.99,0.00,0.00,S,6057988942,,USD,CS
70027721,02210,02,1,20260617,101807,000000005302,1,3.49,3.49,0.00,0.00,S,6017087601,,USD,DB
70027721,02210,02,2,20260617,101807,000000093402,0.863,3.29,2.84,0.00,0.00,S,6017087601,,USD,DB
70027722,02210,04,1,20260617,191520,000000030102,1,14.99,14.99,0.00,0.00,S,,,USD,CC
70027722,02210,04,2,20260617,191520,000000093322,1.751,1.99,3.48,0.00,0.00,S,,,USD,CC
70027723,02210,05,1,20260617,105229,000000005103,2,6.99,13.98,6.99,0.00,S,,BG26W20,USD,CC
70027723,02210,05,2,20260617,105229,000004493001,1,5.49,5.49,0.00,0.34,S,,,USD,CC
70027724,02305,05,1,20260617,120109,000000030202,1,11.49,11.49,0.00,0.00,S,,,USD,GC
70027724,02305,05,2,20260617,120109,000004483002,2,3.49,6.98,0.00,0.44,S,,,USD,GC
70027724,02305,05,3,20260617,120109,000004482003,3,5.49,16.47,0.00,1.03,S,,,USD,GC
70027725,02305,01,1,20260617,102742,000000562002,1,8.49,8.49,0.00,0.53,S,6049465190,,USD,GC
70027725,02305,01,2,20260617,102742,000000005202,2,5.99,11.98,0.00,0.00,S,6049465190,,USD,GC
70027725,02305,01,3,20260617,102742,000000551021,1,11.99,11.99,0.00,0.75,S,6049465190,,USD,GC
70027725,02305,01,4,20260617,102742,000004472003,1,3.29,3.29,0.00,0.21,S,6049465190,,USD,GC
70027725,02305,01,5,20260617,102742,000004493001,1,5.49,5.49,0.00,0.34,S,6049465190,,USD,GC
70027725,02305,01,6,20260617,102742,000000094202,0.400,1.99,0.80,0.00,0.00,S,6049465190,,USD,GC
70027726,02305,02,1,20260617,133429,000000093325,1.838,3.99,7.33,0.00,0.00,S,6055732573,,USD,CS
70027726,02305,02,2,20260617,133429,000004472001,2,3.99,7.98,3.99,0.25,S,6055732573,BG26W20,USD,CS
70027726,02305,02,3,20260617,133429,000000030101,1,6.99,6.99,0.00,0.00,S,6055732573,,USD,CS
70027726,02305,02,4,20260617,133429,000000005202,1,5.99,5.99,0.00,0.00,S,6055732573,,USD,CS
70027727,02305,06,1,20260617,102102,000000020202,1,5.99,5.99,0.00,0.00,S,,,USD,DB
70027728,02305,04,1,20260617,180629,000000093410,1.406,3.99,5.61,0.00,0.00,S,6031884852,,USD,DB
70027728,02305,04,2,20260617,180629,000000005201,1,3.99,3.99,0.00,0.00,S,6031884852,,USD,DB
70027728,02305,04,3,20260617,180629,000004481003,1,4.99,4.99,0.00,0.31,S,6031884852,,USD,DB
70027729,02305,01,1,20260617,184314,000000561002,1,7.49,7.49,0.00,0.47,S,6066984902,,USD,GC
70027729,02305,01,2,20260617,184314,000000005101,1,7.99,7.99,0.00,0.00,S,6066984902,,USD,GC
70027730,02305,04,1,20260617,92409,000000020202,1,5.99,5.99,0.00,0.00,S,,,USD,GC
70027730,02305,04,2,20260617,92409,000000551020,1,13.99,13.99,0.00,0.87,S,,,USD,GC
70027730,02305,04,3,20260617,92409,000004493002,2,3.99,7.98,3.99,0.25,S,,BG26W20,USD,GC
70027731,02305,06,1,20260617,75132,000004473001,1,2.99,2.99,0.00,0.19,S,,,USD,GC
70027731,02305,06,2,20260617,75132,000000552001,1,4.49,4.49,0.00,0.28,S,,,USD,GC
70027732,02305,04,1,20260617,73122,000000093401,0.906,5.49,4.97,0.00,0.00,S,6018972154,,USD,DB
70027732,02305,04,2,20260617,73122,000004491003,1,1.99,1.99,0.00,0.12,S,6018972154,,USD,DB
70027733,02305,01,1,20260617,181430,000004473001,2,2.99,5.98,0.00,0.37,S,,,USD,CC
70027733,02305,01,2,20260617,181430,000000020102,1,3.49,3.49,0.00,0.00,S,,,USD,CC
70027734,02305,05,1,20260617,175911,000000030101,1,6.99,6.99,0.00,0.00,S,6081664969,,USD,CS
70027734,02305,05,2,20260617,175911,000004492003,3,2.29,6.87,0.00,0.43,S,6081664969,,USD,CS
70027735,02305,05,1,20260617,133411,000004482001,2,13.99,27.98,0.00,1.75,S,6090705626,,USD,DB
70027736,03050,05,1,20260617,204320,000000005302,1,3.49,3.49,0.00,0.00,S,6062056341,,USD,CC
70027736,03050,05,2,20260617,204320,000000094103,2,3.79,7.58,0.00,0.00,S,6062056341,,USD,CC
70027737,03050,05,1,20260617,170903,000000030102,2,14.99,29.98,0.00,0.00,S,6038497916,,USD,GC
70027737,03050,05,2,20260617,170903,000004471030,1,3.99,3.99,0.00,0.25,S,6038497916,,USD,GC
70027738,03050,05,1,20260617,144431,000000005103,2,6.99,13.98,6.99,0.00,S,6046753612,BG26W20,USD,CC
70027738,03050,05,2,20260617,144431,000004493002,2,3.99,7.98,3.99,0.25,S,6046753612,BG26W20,USD,CC
70027738,03050,05,3,20260617,144431,000000005103,2,6.99,13.98,6.99,0.00,S,6046753612,BG26W20,USD,CC
70027738,03050,05,4,20260617,144431,000004493001,1,5.49,5.49,0.00,0.34,S,6046753612,,USD,CC
70027738,03050,05,5,20260617,144431,000000005201,1,3.99,3.99,0.00,0.00,S,6046753612,,USD,CC
70027738,03050,05,6,20260617,144431,000000020103,1,4.99,4.99,0.00,0.00,S,6046753612,,USD,CC
70027739,03050,06,1,20260617,91244,000000093503,1,4.29,4.29,0.00,0.00,S,6062056341,,USD,GC
70027739,03050,06,2,20260617,91244,000004482001,1,13.99,13.99,0.00,0.87,S,6062056341,,USD,GC
70027739,03050,06,3,20260617,91244,000000094103,1,3.79,3.79,0.00,0.00,S,6062056341,,USD,GC
70027739,03050,06,4,20260617,91244,000000031101,0.599,24.99,14.97,0.00,0.00,S,6062056341,,USD,GC
70027739,03050,06,5,20260617,91244,000000093401,1.515,5.49,8.32,0.00,0.00,S,6062056341,,USD,GC
70027740,03050,02,1,20260617,143612,000000093501,1,4.49,4.49,0.00,0.00,S,6045644948,,USD,CC
70027740,03050,02,2,20260617,143612,000004473002,1,2.79,2.79,0.00,0.17,S,6045644948,,USD,CC
70027741,03050,06,1,20260617,92548,000004491003,2,1.99,3.98,0.00,0.25,S,,,USD,CC
70027741,03050,06,2,20260617,92548,000000020101,2,2.49,4.98,0.00,0.00,S,,,USD,CC
70027741,03050,06,3,20260617,92548,000004473003,1,3.49,3.49,0.00,0.22,S,,,USD,CC
70027742,03050,06,1,20260617,182859,000004471023,2,3.49,6.98,0.00,0.44,S,,,USD,CC
70027742,03050,06,2,20260617,182859,000004492001,2,1.79,3.58,0.00,0.22,S,,,USD,CC
70027742,03050,06,3,20260617,182859,000004493001,1,5.49,5.49,0.00,0.34,S,,,USD,CC
70027743,03050,03,1,20260617,110900,000000093410,2.017,3.99,8.05,0.00,0.00,S,,,USD,DB
70027743,03050,03,2,20260617,110900,000000020201,2,5.49,10.98,0.00,0.00,S,,,USD,DB
70027744,03050,02,1,20260617,112047,000004493002,2,3.99,7.98,3.99,0.25,S,6056124815,BG26W20,USD,DB
70027744,03050,02,2,20260617,112047,000000552001,3,4.49,13.47,0.00,0.84,S,6056124815,,USD,DB
70027744,03050,02,3,20260617,112047,000004472003,1,3.29,3.29,0.00,0.21,S,6056124815,,USD,DB
70027745,00317,03,1,20260617,73941,000004472001,1,5.39,5.39,0.00,0.34,S,6049603358,,CAD,CC
70027745,00317,03,2,20260617,73941,000000094302,1.348,7.49,10.10,0.00,0.00,S,6049603358,,CAD,CC
70027746,00317,06,1,20260617,103818,000000093402,1.436,4.49,6.45,0.00,0.00,S,6048170580,,CAD,CC
70027746,00317,06,2,20260617,103818,000004472050,1,5.39,5.39,0.00,0.34,S,6048170580,,CAD,CC
70027747,00317,05,1,20260617,120523,000000040203,2,16.29,32.58,0.00,0.00,S,6028715399,,CAD,GC
70027747,00317,05,2,20260617,120523,000000020102,1,4.69,4.69,0.00,0.00,S,6028715399,,CAD,GC
70027747,00317,05,3,20260617,120523,000004481001,1,10.89,10.89,0.00,0.68,S,6028715399,,CAD,GC
70027747,00317,05,4,20260617,120523,000004491002,2,9.49,18.98,9.49,0.59,S,6028715399,BG26W20,CAD,GC
70027748,00317,05,1,20260617,115728,000004482003,1,7.49,7.49,0.00,0.47,S,6026153473,,CAD,CC
70027748,00317,05,2,20260617,115728,000000030101,1,9.49,9.49,0.00,0.00,S,6026153473,,CAD,CC
70027748,00317,05,3,20260617,115728,000000005202,1,8.09,8.09,0.00,0.00,S,6026153473,,CAD,CC
70027748,00317,05,4,20260617,115728,000000030102,2,20.39,40.78,0.00,0.00,S,6026153473,,CAD,CC
70027748,00317,05,5,20260617,115728,000004482002,1,24.49,24.49,0.00,1.53,S,6026153473,,CAD,CC
70027749,00317,05,1,20260617,150424,000000093502,1,5.39,5.39,0.00,0.00,S,,,CAD,DB
70027749,00317,05,2,20260617,150424,000000093322,2.043,2.69,5.50,0.00,0.00,S,,,CAD,DB
70027750,00317,03,1,20260617,131455,000000020101,1,3.39,3.39,0.00,0.00,S,6003926142,,CAD,CC
70027750,00317,03,2,20260617,131455,000004481003,1,6.79,6.79,0.00,0.42,S,6003926142,,CAD,CC
70027750,00317,03,3,20260617,131455,000000094202,0.429,2.69,1.15,0.00,0.00,S,6003926142,,CAD,CC
70027751,00317,02,1,20260617,104505,000000040102,1.223,23.09,28.24,0.00,0.00,R,,,CAD,DB
70027752,00317,06,1,20260617,102939,000004473003,1,4.69,4.69,0.00,0.29,S,,,CAD,CC
70027753,00317,02,1,20260617,95737,000000551021,1,16.29,16.29,0.00,1.02,S,6044925192,,CAD,DB
70027753,00317,02,2,20260617,95737,000004473002,1,3.79,3.79,0.00,0.24,S,6044925192,,CAD,DB
70027753,00317,02,3,20260617,95737,000000040102,1.359,23.09,31.38,0.00,0.00,S,6044925192,,CAD,DB
70027753,00317,02,4,20260617,95737,000000020102,2,4.69,9.38,0.00,0.00,S,6044925192,,CAD,DB
70027754,00322,02,1,20260617,114159,000000005202,3,8.09,24.27,8.09,0.00,S,6052809242,MB26W19,CAD,CC
70027754,00322,02,2,20260617,114159,000004472003,2,4.49,8.98,0.00,0.56,S,6052809242,,CAD,CC
70027754,00322,02,3,20260617,114159,000000020103,1,6.79,6.79,0.00,0.00,S,6052809242,,CAD,CC
70027754,00322,02,4,20260617,114159,000004472050,3,5.39,16.17,0.00,1.01,S,6052809242,,CAD,CC
70027755,01042,01,1,20260618,135602,000004482002,1,17.99,17.99,0.00,1.12,S,,,USD,CS
70027755,01042,01,2,20260618,135602,000004471030,1,3.99,3.99,0.00,0.25,S,,,USD,CS
70027755,01042,01,3,20260618,135602,000000094302,1.397,5.49,7.67,0.00,0.00,S,,,USD,CS
70027755,01042,01,4,20260618,135602,000000030202,1,11.49,11.49,0.00,0.00,S,,,USD,CS
70027756,01042,04,1,20260618,103712,000004492002,1,1.49,1.49,0.00,0.09,S,6000720245,,USD,GC
70027756,01042,04,2,20260618,103712,000000552001,1,4.49,4.49,0.00,0.28,S,6000720245,,USD,GC
70027757,01042,01,1,20260618,73158,000000094302,1.163,5.49,6.38,0.00,0.00,S,,,USD,DB
70027757,01042,01,2,20260618,73158,000004481001,2,7.99,15.98,0.00,1.00,S,,,USD,DB
70027757,01042,01,3,20260618,73158,000000093321,1.771,1.49,2.64,0.00,0.00,S,,,USD,DB
70027758,01042,03,1,20260618,201959,000000093503,1,4.29,4.29,0.00,0.00,S,,,USD,DB
70027758,01042,03,2,20260618,201959,000000094301,0.897,4.39,3.94,0.00,0.00,S,,,USD,DB
70027758,01042,03,3,20260618,201959,000004491001,1,2.49,2.49,0.00,0.16,S,,,USD,DB
70027758,01042,03,4,20260618,201959,000000093401,1.760,5.49,9.66,0.00,0.00,S,,,USD,DB
70027758,01042,03,5,20260618,201959,000000005103,2,6.99,13.98,6.99,0.00,S,,BG26W20,USD,DB
70027759,01042,04,1,20260618,130010,000004492001,2,1.79,3.58,0.00,0.22,S,,,USD,DB
70027759,01042,04,2,20260618,130010,000000094301,0.323,4.39,1.42,0.00,0.00,S,,,USD,DB
70027760,01042,05,1,20260618,84227,000000005101,1,7.99,7.99,0.00,0.00,S,,,USD,CS
70027760,01042,05,2,20260618,84227,000000030201,1,9.99,9.99,0.00,0.00,S,,,USD,CS
70027760,01042,05,3,20260618,84227,000000094201,1.826,1.69,3.09,0.00,0.00,S,,,USD,CS
70027760,01042,05,4,20260618,84227,000004471030,1,3.99,3.99,0.00,0.25,S,,,USD,CS
70027761,01042,03,1,20260618,212621,000004493002,1,3.99,3.99,0.00,0.25,S,6010388629,,USD,CS
70027761,01042,03,2,20260618,212621,000004493002,2,3.99,7.98,3.99,0.25,S,6010388629,BG26W20,USD,CS
70027762,01042,04,1,20260618,154104,000004473002,1,2.79,2.79,0.00,0.17,S,,,USD,DB
70027762,01042,04,2,20260618,154104,000004492001,3,1.79,5.37,1.79,0.22,S,,MB26W19,USD,DB
70027762,01042,04,3,20260618,154104,000004481003,1,4.99,4.99,0.00,0.31,S,,,USD,DB
70027763,01042,01,1,20260618,183227,000000094101,1,3.99,3.99,0.00,0.00,S,,,USD,GC
70027764,01042,06,1,20260618,191603,000000093402,1.230,3.29,4.05,0.00,0.00,S,6085627187,,USD,GC
70027764,01042,06,2,20260618,191603,000000040101,2.143,18.99,40.70,0.00,0.00,S,6085627187,,USD,GC
70027764,01042,06,3,20260618,191603,000000005202,3,5.99,17.97,5.99,0.00,S,6085627187,MB26W19,USD,GC
70027765,01042,05,1,20260618,172050,000000094201,0.588,1.69,0.99,0.00,0.00,S,6091767993,,USD,CS
70027766,01042,03,1,20260618,92340,000000093402,1.274,3.29,4.19,0.00,0.00,S,6021667467,,USD,DB
70027767,02210,03,1,20260618,135522,000004482003,1,5.49,5.49,0.00,0.34,S,,,USD,CC
70027767,02210,03,2,20260618,135522,000000094102,2,3.49,6.98,3.49,0.00,S,,BG26W20,USD,CC
70027768,02210,03,1,20260618,75331,000000094101,1,3.99,3.99,0.00,0.00,S,,,USD,CS
70027768,02210,03,2,20260618,75331,000000040102,0.929,16.99,15.78,0.00,0.00,S,,,USD,CS
70027768,02210,03,3,20260618,75331,000000005103,2,6.99,13.98,6.99,0.00,S,,BG26W20,USD,CS
70027768,02210,03,4,20260618,75331,000000005020,2,4.49,8.98,0.00,0.00,S,,,USD,CS
70027769,02210,01,1,20260618,121003,000000030102,2,14.99,29.98,0.00,0.00,S,6081974005,,USD,GC
70027769,02210,01,2,20260618,121003,000004483001,1,4.99,4.99,0.00,0.31,S,6081974005,,USD,GC
70027769,02210,01,3,20260618,121003,000000020201,1,5.49,5.49,0.00,0.00,S,6081974005,,USD,GC
70027770,02305,03,1,20260618,165212,000004482002,1,17.99,17.99,0.00,1.12,S,,,USD,DB
70027770,02305,03,2,20260618,165212,000000020202,1,5.99,5.99,0.00,0.00,S,,,USD,DB
70027771,02305,02,1,20260618,91314,000000020103,1,4.99,4.99,0.00,0.00,S,6006229231,,USD,DB
70027771,02305,02,2,20260618,91314,000004472001,2,3.99,7.98,3.99,0.25,S,6006229231,BG26W20,USD,DB
70027771,02305,02,3,20260618,91314,000004471023,2,3.49,6.98,0.00,0.44,S,6006229231,,USD,DB
70027771,02305,02,4,20260618,91314,000004472001,1,3.99,3.99,0.00,0.25,S,6006229231,,USD,DB
70027771,02305,02,5,20260618,91314,000000040101,1.291,18.99,24.52,0.00,0.00,S,6006229231,,USD,DB
70027772,02305,06,1,20260618,182823,000004482003,2,5.49,10.98,0.00,0.69,S,,,USD,DB
70027772,02305,06,2,20260618,182823,000000093503,1,4.29,4.29,0.00,0.00,S,,,USD,DB
70027772,02305,06,3,20260618,182823,000000005020,2,4.49,8.98,0.00,0.00,S,,,USD,DB
70027772,02305,06,4,20260618,182823,000000093325,1.101,3.99,4.39,0.00,0.00,S,,,USD,DB
70027773,02305,06,1,20260618,140259,000004491002,2,6.99,13.98,6.99,0.44,S,6018972154,BG26W20,USD,CS
70027773,02305,06,2,20260618,140259,000000551021,2,11.99,23.98,0.00,1.50,S,6018972154,,USD,CS
70027773,02305,06,3,20260618,140259,000004483001,1,4.99,4.99,0.00,0.31,S,6018972154,,USD,CS
70027773,02305,06,4,20260618,140259,000000020202,1,5.99,5.99,0.00,0.00,S,6018972154,,USD,CS
70027774,02305,04,1,20260618,181244,000004481001,2,7.99,15.98,0.00,1.00,S,,,USD,CC
70027775,02305,05,1,20260618,165303,000004493001,1,5.49,5.49,0.00,0.34,S,,,USD,GC
70027775,02305,05,2,20260618,165303,000000005301,1,5.49,5.49,0.00,0.00,S,,,USD,GC
70027775,02305,05,3,20260618,165303,000000562001,3,10.99,32.97,10.99,1.37,S,,MB26W19,USD,GC
70027776,02305,03,1,20260618,91629,000004482001,1,13.99,13.99,0.00,0.87,S,6095654420,,USD,CC
70027776,02305,03,2,20260618,91629,000000005301,1,5.49,5.49,0.00,0.00,S,6095654420,,USD,CC
70027776,02305,03,3,20260618,91629,000004492002,2,1.49,2.98,0.00,0.19,S,6095654420,,USD,CC
70027776,02305,03,4,20260618,91629,000000030202,2,11.49,22.98,0.00,0.00,S,6095654420,,USD,CC
70027776,02305,03,5,20260618,91629,000004491003,1,1.99,1.99,0.00,0.12,S,6095654420,,USD,CC
70027777,02305,03,1,20260618,130628,000000020101,3,2.49,7.47,0.00,0.00,S,,,USD,DB
70027778,02305,05,1,20260618,180923,000000005013,1,3.89,3.89,0.00,0.00,S,,,USD,CC
70027778,02305,05,2,20260618,180923,000000020202,2,5.99,11.98,0.00,0.00,S,,,USD,CC
70027779,02305,05,1,20260618,170115,000000005201,1,3.99,3.99,0.00,0.00,S,,,USD,CC
70027779,02305,05,2,20260618,170115,000000020103,1,4.99,4.99,0.00,0.00,S,,,USD,CC
70027779,02305,05,3,20260618,170115,000004492001,1,1.79,1.79,0.00,0.11,S,,,USD,CC
70027780,02305,01,1,20260618,145608,000000093503,1,4.29,4.29,0.00,0.00,S,,,USD,DB
70027780,02305,01,2,20260618,145608,000000094101,1,3.99,3.99,0.00,0.00,S,,,USD,DB
70027780,02305,01,3,20260618,145608,000000020201,1,5.49,5.49,0.00,0.00,S,,,USD,DB
70027781,03050,01,1,20260618,214822,000004493002,2,3.99,7.98,3.99,0.25,S,,BG26W20,USD,CC
70027782,03050,04,1,20260618,72335,000000094302,1.052,5.49,5.78,0.00,0.00,S,6014743974,,USD,DB
70027782,03050,04,2,20260618,72335,000004472001,2,3.99,7.98,3.99,0.25,S,6014743974,BG26W20,USD,DB
70027782,03050,04,3,20260618,72335,000004472003,1,3.29,3.29,0.00,0.21,S,6014743974,,USD,DB
70027782,03050,04,4,20260618,72335,000000094302,1.503,5.49,8.25,0.00,0.00,S,6014743974,,USD,DB
70027783,03050,02,1,20260618,200525,000000005202,1,5.99,5.99,0.00,0.00,S,6069155942,,USD,CS
70027783,03050,02,2,20260618,200525,000000040101,1.859,18.99,35.30,0.00,0.00,S,6069155942,,USD,CS
70027784,03050,03,1,20260618,73459,000000562002,1,8.49,8.49,0.00,0.53,S,,,USD,CC
70027784,03050,03,2,20260618,73459,000000030201,1,9.99,9.99,0.00,0.00,S,,,USD,CC
70027784,03050,03,3,20260618,73459,000004492001,3,1.79,5.37,1.79,0.22,S,,MB26W19,USD,CC
70027785,03050,06,1,20260618,74606,000000552001,1,4.49,4.49,0.00,0.28,S,6048595325,,USD,GC
70027785,03050,06,2,20260618,74606,000000020202,1,5.99,5.99,0.00,0.00,S,6048595325,,USD,GC
70027785,03050,06,3,20260618,74606,000004482001,1,13.99,13.99,0.00,0.87,S,6048595325,,USD,GC
70027786,03050,04,1,20260618,113426,000000093501,2,4.49,8.98,0.00,0.00,S,6061203471,,USD,DB
70027786,03050,04,2,20260618,113426,000000093402,1.518,3.29,4.99,0.00,0.00,S,6061203471,,USD,DB
70027787,00317,04,1,20260618,74832,000000005201,2,5.39,10.78,0.00,0.00,S,6049603358,,CAD,CC
70027788,00317,01,1,20260618,204530,000000031101,1.007,33.99,34.23,0.00,0.00,S,6015454470,,CAD,DB
70027788,00317,01,2,20260618,204530,000004492050,1,2.99,2.99,0.00,0.19,S,6015454470,,CAD,DB
70027789,00317,03,1,20260618,100626,000000094201,1.196,2.29,2.74,0.00,0.00,S,6003926142,,CAD,DB
70027790,00317,01,1,20260618,110733,000000005202,3,8.09,24.27,8.09,0.00,S,,MB26W19,CAD,CC
70027790,00317,01,2,20260618,110733,000004481001,1,10.89,10.89,0.00,0.68,S,,,CAD,CC
70027790,00317,01,3,20260618,110733,000004492050,1,2.99,2.99,0.00,0.19,S,,,CAD,CC
70027791,00317,01,1,20260618,133442,000000005202,3,8.09,24.27,8.09,0.00,S,6075679825,MB26W19,CAD,CS
70027791,00317,01,2,20260618,133442,000004471030,2,5.39,10.78,0.00,0.67,S,6075679825,,CAD,CS
70027792,00317,06,1,20260618,130952,000004491002,1,9.49,9.49,0.00,0.59,S,,,CAD,DB
70027792,00317,06,2,20260618,130952,000004492001,2,2.39,4.78,0.00,0.30,S,,,CAD,DB
70027792,00317,06,3,20260618,130952,000000040201,1,12.19,12.19,0.00,0.00,S,,,CAD,DB
70027792,00317,06,4,20260618,130952,000004491001,2,3.39,6.78,0.00,0.42,S,,,CAD,DB
70027793,00317,01,1,20260618,181619,000004491002,2,9.49,18.98,9.49,0.59,S,,BG26W20,CAD,CC
70027793,00317,01,2,20260618,181619,000004473002,1,3.79,3.79,0.00,0.24,S,,,CAD,CC
70027793,00317,01,3,20260618,181619,000000030203,2,11.49,22.98,0.00,0.00,S,,,CAD,CC
70027793,00317,01,4,20260618,181619,000004492001,3,2.39,7.17,2.39,0.30,S,,MB26W19,CAD,CC
70027794,00317,01,1,20260618,162204,000000005013,1,5.29,5.29,0.00,0.00,S,6001372151,,CAD,GC
70027794,00317,01,2,20260618,162204,000000005201,1,5.39,5.39,0.00,0.00,S,6001372151,,CAD,GC
70027794,00317,01,3,20260618,162204,000004491001,2,3.39,6.78,0.00,0.42,S,6001372151,,CAD,GC
70027795,00317,04,1,20260618,182513,000004492002,1,1.99,1.99,0.00,0.12,S,6077820582,,CAD,CC
70027795,00317,04,2,20260618,182513,000000020101,1,3.39,3.39,0.00,0.00,S,6077820582,,CAD,CC
70027795,00317,04,3,20260618,182513,000000094203,1.108,1.99,2.20,0.00,0.00,S,6077820582,,CAD,CC
70027795,00317,04,4,20260618,182513,000000030201,1,13.59,13.59,0.00,0.00,S,6077820582,,CAD,CC
70027796,00317,06,1,20260618,114643,000000093502,1,5.39,5.39,0.00,0.00,S,,,CAD,GC
70027796,00317,06,2,20260618,114643,000000552001,1,6.09,6.09,0.00,0.38,S,,,CAD,GC
70027796,00317,06,3,20260618,114643,000000093401,1.967,7.49,14.73,0.00,0.00,S,,,CAD,GC
70027797,00322,01,1,20260618,170219,000000005202,3,8.09,24.27,8.09,0.00,S,,MB26W19,CAD,DB
70027797,00322,01,2,20260618,170219,000000030101,1,9.49,9.49,0.00,0.00,S,,,CAD,DB
70027797,00322,01,3,20260618,170219,000000005202,1,8.09,8.09,0.00,0.00,S,,,CAD,DB
70027797,00322,01,4,20260618,170219,000004472002,1,6.09,6.09,0.00,0.38,S,,,CAD,DB
70027798,00322,03,1,20260618,162857,000004482001,2,18.99,37.98,0.00,2.37,S,,,CAD,GC
70027799,00322,04,1,20260618,193338,000004472001,2,5.39,10.78,5.39,0.34,S,,BG26W20,CAD,DB
70027799,00322,04,2,20260618,193338,000000040102,0.566,23.09,13.07,0.00,0.00,S,,,CAD,DB
70027799,00322,04,3,20260618,193338,000000094202,1.710,2.69,4.60,0.00,0.00,S,,,CAD,DB
70027799,00322,04,4,20260618,193338,000004492002,1,1.99,1.99,0.00,0.12,S,,,CAD,DB
70027799,00322,04,5,20260618,193338,000000040102,1.002,23.09,23.14,0.00,0.00,S,,,CAD,DB
70027799,00322,04,6,20260618,193338,000004471023,2,4.69,9.38,0.00,0.59,S,,,CAD,DB
70027800,00322,01,1,20260618,143649,000000020102,1,4.69,4.69,0.00,0.00,S,,,CAD,DB
70027800,00322,01,2,20260618,143649,000004492001,1,2.39,2.39,0.00,0.15,S,,,CAD,DB
70027800,00322,01,3,20260618,143649,000000562002,1,11.49,11.49,0.00,0.72,S,,,CAD,DB
70027800,00322,01,4,20260618,143649,000004493002,2,5.39,10.78,5.39,0.34,S,,BG26W20,CAD,DB
70027800,00322,01,5,20260618,143649,000004492001,1,2.39,2.39,0.00,0.15,S,,,CAD,DB
70027800,00322,01,6,20260618,143649,000000040102,1.988,23.09,45.90,0.00,0.00,S,,,CAD,DB
70027801,00322,04,1,20260618,91316,000004471023,1,4.69,4.69,0.00,0.29,S,6089490580,,CAD,DB
70027801,00322,04,2,20260618,91316,000004472002,1,6.09,6.09,0.00,0.38,S,6089490580,,CAD,DB
70027802,00322,05,1,20260618,81855,000000040202,1,20.39,20.39,0.00,0.00,S,6095654420,,CAD,CC
70027802,00322,05,2,20260618,81855,000000040101,1.538,25.79,39.67,0.00,0.00,S,6095654420,,CAD,CC
70027803,00322,05,1,20260618,74603,000000005302,2,4.69,9.38,0.00,0.00,S,,,CAD,DB
70027803,00322,05,2,20260618,74603,000000005013,1,5.29,5.29,0.00,0.00,S,,,CAD,DB
70027803,00322,05,3,20260618,74603,000000005103,1,9.49,9.49,0.00,0.00,S,,,CAD,DB
70027804,01042,02,1,20260619,150920,000000551021,1,11.99,11.99,0.00,0.75,S,,,USD,DB
70027804,01042,02,2,20260619,150920,000004492002,1,1.49,1.49,0.00,0.09,S,,,USD,DB
70027804,01042,02,3,20260619,150920,000000020201,1,5.49,5.49,0.00,0.00,S,,,USD,DB
70027804,01042,02,4,20260619,150920,000000562002,1,8.49,8.49,0.00,0.53,S,,,USD,DB
70027804,01042,02,5,20260619,150920,000000020101,1,2.49,2.49,0.00,0.00,S,,,USD,DB
70027805,01042,06,1,20260619,83456,000000005102,3,5.49,16.47,0.00,0.00,S,,,USD,CC
70027805,01042,06,2,20260619,83456,000000030201,2,9.99,19.98,0.00,0.00,S,,,USD,CC
70027805,01042,06,3,20260619,83456,000000551020,1,13.99,13.99,0.00,0.87,S,,,USD,CC
70027805,01042,06,4,20260619,83456,000004471040,1,2.49,2.49,0.00,0.16,S,,,USD,CC
70027806,01042,02,1,20260619,213946,000004483001,1,4.99,4.99,0.00,0.31,S,6058891637,,USD,GC
70027806,01042,02,2,20260619,213946,000004483002,1,3.49,3.49,0.00,0.22,S,6058891637,,USD,GC
70027806,01042,02,3,20260619,213946,000000030203,1,8.49,8.49,0.00,0.00,S,6058891637,,USD,GC
70027807,01042,04,1,20260619,91000,000004492002,2,1.49,2.98,0.00,0.19,S,6072143643,,USD,CC
70027807,01042,04,2,20260619,91000,000000562002,3,8.49,25.47,0.00,1.59,S,6072143643,,USD,CC
70027808,01042,01,1,20260619,91015,000000040102,0.328,16.99,5.57,0.00,0.00,S,,,USD,CS
70027808,01042,01,2,20260619,91015,000004491002,2,6.99,13.98,6.99,0.44,S,,BG26W20,USD,CS
70027808,01042,01,3,20260619,91015,000004472001,2,3.99,7.98,3.99,0.25,S,,BG26W20,USD,CS
70027808,01042,01,4,20260619,91015,000000040203,3,11.99,35.97,0.00,0.00,S,,,USD,CS
70027808,01042,01,5,20260619,91015,000000005101,1,7.99,7.99,0.00,0.00,S,,,USD,CS
70027808,01042,01,6,20260619,91015,000000094202,1.749,1.99,3.48,0.00,0.00,S,,,USD,CS
70027809,01042,05,1,20260619,75305,000000040201,2,8.99,17.98,0.00,0.00,S,,,USD,CC
70027809,01042,05,2,20260619,75305,000000094301,2.184,4.39,9.59,0.00,0.00,S,,,USD,CC
70027809,01042,05,3,20260619,75305,000000020102,3,3.49,10.47,0.00,0.00,S,,,USD,CC
70027809,01042,05,4,20260619,75305,000000094101,1,3.99,3.99,0.00,0.00,S,,,USD,CC
70027809,01042,05,5,20260619,75305,000000005102,1,5.49,5.49,0.00,0.00,S,,,USD,CC
70027809,01042,05,6,20260619,75305,000004482001,1,13.99,13.99,0.00,0.87,S,,,USD,CC
70027810,01042,06,1,20260619,72718,000000552002,1,3.99,3.99,0.00,0.25,S,,,USD,CC
70027811,01042,02,1,20260619,163247,000004482003,1,5.49,5.49,0.00,0.34,S,6077687290,,USD,CC
70027811,01042,02,2,20260619,163247,000000094102,2,3.49,6.98,3.49,0.00,S,6077687290,BG26W20,USD,CC
70027811,01042,02,3,20260619,163247,000000093501,2,4.49,8.98,0.00,0.00,S,6077687290,,USD,CC
70027812,01042,04,1,20260619,112541,000000040203,1,11.99,11.99,0.00,0.00,S,6096520744,,USD,CC
70027813,01042,02,1,20260619,145015,000000005302,2,3.49,6.98,0.00,0.00,S,,,USD,CC
70027813,01042,02,2,20260619,145015,000004492002,1,1.49,1.49,0.00,0.09,S,,,USD,CC
70027813,01042,02,3,20260619,145015,000000094101,1,3.99,3.99,0.00,0.00,S,,,USD,CC
70027814,01042,03,1,20260619,203405,000000005013,1,3.89,3.89,0.00,0.00,S,,,USD,CC
70027814,01042,03,2,20260619,203405,000004493002,2,3.99,7.98,3.99,0.25,S,,BG26W20,USD,CC
70027815,01042,02,1,20260619,81750,000000030103,1,8.99,8.99,0.00,0.00,S,,,USD,CC
70027815,01042,02,2,20260619,81750,000004472003,1,3.29,3.29,0.00,0.21,S,,,USD,CC
70027815,01042,02,3,20260619,81750,000000561001,1,9.99,9.99,0.00,0.62,S,,,USD,CC
70027815,01042,02,4,20260619,81750,000000005020,1,4.49,4.49,0.00,0.00,S,,,USD,CC
70027816,01042,06,1,20260619,90007,000000093401,0.355,5.49,1.95,0.00,0.00,S,6074905097,,USD,CC
70027816,01042,06,2,20260619,90007,000000040101,0.640,18.99,12.15,0.00,0.00,S,6074905097,,USD,CC
70027816,01042,06,3,20260619,90007,000004491002,2,6.99,13.98,6.99,0.44,S,6074905097,BG26W20,USD,CC
70027817,01107,02,1,20260619,133438,000000005103,1,6.99,6.99,0.00,0.00,R,,,USD,DB
70027818,01107,05,1,20260619,171637,000000005301,1,5.49,5.49,0.00,0.00,S,,,USD,GC
70027818,01107,05,2,20260619,171637,000004483001,1,4.99,4.99,0.00,0.31,S,,,USD,GC
70027818,01107,05,3,20260619,171637,000000551021,1,11.99,11.99,0.00,0.75,S,,,USD,GC
70027819,01107,06,1,20260619,122014,000000093503,2,4.29,8.58,0.00,0.00,S,6037638821,,USD,DB
70027819,01107,06,2,20260619,122014,000000040102,0.413,16.99,7.02,0.00,0.00,S,6037638821,,USD,DB
70027819,01107,06,3,20260619,122014,000000020201,1,5.49,5.49,0.00,0.00,S,6037638821,,USD,DB
70027820,01107,03,1,20260619,112305,000000020103,1,4.99,4.99,0.00,0.00,S,6014627301,,USD,DB
70027821,01107,06,1,20260619,204934,000000093410,1.982,3.99,7.91,0.00,0.00,S,,,USD,GC
70027821,01107,06,2,20260619,204934,000000020202,1,5.99,5.99,0.00,0.00,S,,,USD,GC
70027822,01107,02,1,20260619,211023,000000020202,2,5.99,11.98,0.00,0.00,S,,,USD,GC
70027822,01107,02,2,20260619,211023,000000005302,3,3.49,10.47,0.00,0.00,S,,,USD,GC
70027822,01107,02,3,20260619,211023,000004471030,1,3.99,3.99,0.00,0.25,S,,,USD,GC
70027822,01107,02,4,20260619,211023,000004481003,1,4.99,4.99,0.00,0.31,S,,,USD,GC
70027822,01107,02,5,20260619,211023,000000561002,1,7.49,7.49,0.00,0.47,S,,,USD,GC
70027822,01107,02,6,20260619,211023,000004492003,1,2.29,2.29,0.00,0.14,S,,,USD,GC
70027823,02210,01,1,20260619,104920,000004493002,1,3.99,3.99,0.00,0.25,S,,,USD,DB
70027823,02210,01,2,20260619,104920,000000551021,3,11.99,35.97,0.00,2.25,S,,,USD,DB
70027824,02210,01,1,20260619,210549,000004481001,1,7.99,7.99,0.00,0.50,S,,,USD,CC
70027824,02210,01,2,20260619,210549,000000030103,1,8.99,8.99,0.00,0.00,S,,,USD,CC
70027825,02210,05,1,20260619,204519,000000551020,2,13.99,27.98,0.00,1.75,S,6076504715,,USD,DB
70027826,02210,02,1,20260619,170150,000000020103,1,4.99,4.99,0.00,0.00,S,6098953439,,USD,DB
70027826,02210,02,2,20260619,170150,000000561001,2,9.99,19.98,0.00,1.25,S,6098953439,,USD,DB
70027827,02305,06,1,20260619,170621,000004481001,3,7.99,23.97,0.00,1.50,S,,,USD,CC
70027827,02305,06,2,20260619,170621,000000030101,1,6.99,6.99,0.00,0.00,S,,,USD,CC
70027827,02305,06,3,20260619,170621,000000030202,1,11.49,11.49,0.00,0.00,S,,,USD,CC
70027827,02305,06,4,20260619,170621,000000040202,1,14.99,14.99,0.00,0.00,S,,,USD,CC
70027828,02305,03,1,20260619,144537,000000094302,1.343,5.49,7.37,0.00,0.00,S,,,USD,GC
70027829,02305,04,1,20260619,171346,000000093402,1.145,3.29,3.77,0.00,0.00,S,,,USD,CC
70027830,02305,05,1,20260619,101318,000004482002,2,17.99,35.98,0.00,2.25,S,6054801571,,USD,CC
70027830,02305,05,2,20260619,101318,000004491002,2,6.99,13.98,6.99,0.44,S,6054801571,BG26W20,USD,CC
70027830,02305,05,3,20260619,101318,000000020101,1,2.49,2.49,0.00,0.00,S,6054801571,,USD,CC
70027830,02305,05,4,20260619,101318,000004491001,2,2.49,4.98,0.00,0.31,S,6054801571,,USD,CC
70027830,02305,05,5,20260619,101318,000000093321,0.401,1.49,0.60,0.00,0.00,S,6054801571,,USD,CC
70027831,02305,04,1,20260619,125521,000000093322,1.425,1.99,2.84,0.00,0.00,R,6071494981,,USD,CC
70027832,02305,05,1,20260619,141223,000000093502,1,3.99,3.99,0.00,0.00,S,,,USD,DB
70027832,02305,05,2,20260619,141223,000000005102,1,5.49,5.49,0.00,0.00,S,,,USD,DB
70027832,02305,05,3,20260619,141223,000000030101,1,6.99,6.99,0.00,0.00,S,,,USD,DB
70027832,02305,05,4,20260619,141223,000000093401,0.766,5.49,4.21,0.00,0.00,S,,,USD,DB
70027832,02305,05,5,20260619,141223,000000040101,1.890,18.99,35.89,0.00,0.00,S,,,USD,DB
70027833,02305,05,1,20260619,110645,000000561001,3,9.99,29.97,0.00,1.87,S,6042175188,,USD,CC
70027833,02305,05,2,20260619,110645,000000005102,1,5.49,5.49,0.00,0.00,S,6042175188,,USD,CC
70027833,02305,05,3,20260619,110645,000000031101,1.265,24.99,31.61,0.00,0.00,S,6042175188,,USD,CC
70027834,02305,03,1,20260619,181043,000000093325,1.732,3.99,6.91,0.00,0.00,S,,,USD,GC
70027834,02305,03,2,20260619,181043,000000005101,2,7.99,15.98,0.00,0.00,S,,,USD,GC
70027834,02305,03,3,20260619,181043,000004483002,3,3.49,10.47,0.00,0.65,S,,,USD,GC
70027834,02305,03,4,20260619,181043,000000093401,2.053,5.49,11.27,0.00,0.00,S,,,USD,GC
70027834,02305,03,5,20260619,181043,000000094302,0.540,5.49,2.96,0.00,0.00,S,,,USD,GC
70027834,02305,03,6,20260619,181043,000000005013,1,3.89,3.89,0.00,0.00,S,,,USD,GC
70027835,02305,06,1,20260619,85404,000000552002,2,3.99,7.98,0.00,0.50,S,,,USD,CC
70027835,02305,06,2,20260619,85404,000000094201,0.641,1.69,1.08,0.00,0.00,S,,,USD,CC
70027836,02305,05,1,20260619,84909,000004491001,1,2.49,2.49,0.00,0.16,S,6072870320,,USD,CC
70027836,02305,05,2,20260619,84909,000000093322,0.290,1.99,0.58,0.00,0.00,S,6072870320,,USD,CC
70027836,02305,05,3,20260619,84909,000000005301,1,5.49,5.49,0.00,0.00,S,6072870320,,USD,CC
70027836,02305,05,4,20260619,84909,000004493001,1,5.49,5.49,0.00,0.34,S,6072870320,,USD,CC
70027836,02305,05,5,20260619,84909,000004492002,1,1.49,1.49,0.00,0.09,S,6072870320,,USD,CC
70027836,02305,05,6,20260619,84909,000000562001,3,10.99,32.97,10.99,1.37,S,6072870320,MB26W19,USD,CC
70027837,03050,04,1,20260619,200150,000000094201,0.375,1.69,0.63,0.00,0.00,S,,,USD,DB
70027837,03050,04,2,20260619,200150,000000040202,2,14.99,29.98,0.00,0.00,S,,,USD,DB
70027838,03050,04,1,20260619,95509,000004481003,1,4.99,4.99,0.00,0.31,S,6015273230,,USD,DB
70027838,03050,04,2,20260619,95509,000000552001,1,4.49,4.49,0.00,0.28,S,6015273230,,USD,DB
70027838,03050,04,3,20260619,95509,000000562002,1,8.49,8.49,0.00,0.53,S,6015273230,,USD,DB
70027839,03050,04,1,20260619,90751,000000005302,1,3.49,3.49,0.00,0.00,S,6088255629,,USD,DB
70027839,03050,04,2,20260619,90751,000004491001,1,2.49,2.49,0.00,0.16,S,6088255629,,USD,DB
70027839,03050,04,3,20260619,90751,000004491002,2,6.99,13.98,6.99,0.44,S,6088255629,BG26W20,USD,DB
70027839,03050,04,4,20260619,90751,000004492001,3,1.79,5.37,1.79,0.22,S,6088255629,MB26W19,USD,DB
70027839,03050,04,5,20260619,90751,000004482002,2,17.99,35.98,0.00,2.25,S,6088255629,,USD,DB
70027840,03050,04,1,20260619,173426,000000020201,1,5.49,5.49,0.00,0.00,S,,,USD,DB
70027840,03050,04,2,20260619,173426,000000020101,1,2.49,2.49,0.00,0.00,S,,,USD,DB
70027841,03050,06,1,20260619,191937,000000020202,1,5.99,5.99,0.00,0.00,S,6042902572,,USD,DB
70027841,03050,06,2,20260619,191937,000000030201,3,9.99,29.97,0.00,0.00,S,6042902572,,USD,DB
70027842,03050,02,1,20260619,124743,000000094202,1.421,1.99,2.83,0.00,0.00,S,6029710248,,USD,GC
70027842,03050,02,2,20260619,124743,000000005302,1,3.49,3.49,0.00,0.00,S,6029710248,,USD,GC
70027843,03050,04,1,20260619,214533,000000005013,2,3.89,7.78,0.00,0.00,S,,,USD,DB
70027843,03050,04,2,20260619,214533,000000093321,1.660,1.49,2.47,0.00,0.00,S,,,USD,DB
70027843,03050,04,3,20260619,214533,000004482003,1,5.49,5.49,0.00,0.34,S,,,USD,DB
70027844,03050,05,1,20260619,200511,000000005101,2,7.99,15.98,0.00,0.00,S,,,USD,DB
70027844,03050,05,2,20260619,200511,000004471030,1,3.99,3.99,0.00,0.25,S,,,USD,DB
70027845,03050,05,1,20260619,131614,000000551021,1,11.99,11.99,0.00,0.75,S,6021267888,,USD,CC
70027845,03050,05,2,20260619,131614,000000093322,1.417,1.99,2.82,0.00,0.00,S,6021267888,,USD,CC
70027846,03050,05,1,20260619,141556,000000094201,1.217,1.69,2.06,0.00,0.00,S,6042902572,,USD,CS
70027846,03050,05,2,20260619,141556,000000020102,1,3.49,3.49,0.00,0.00,S,6042902572,,USD,CS
70027846,03050,05,3,20260619,141556,000000005102,1,5.49,5.49,0.00,0.00,S,6042902572,,USD,CS
70027846,03050,05,4,20260619,141556,000000040102,1.644,16.99,27.93,0.00,0.00,S,6042902572,,USD,CS
70027846,03050,05,5,20260619,141556,000000020202,2,5.99,11.98,0.00,0.00,S,6042902572,,USD,CS
70027847,03050,05,1,20260619,75532,000000030202,1,11.49,11.49,0.00,0.00,S,,,USD,CS
70027847,03050,05,2,20260619,75532,000000040203,2,11.99,23.98,0.00,0.00,S,,,USD,CS
70027848,03050,04,1,20260619,195924,000000040101,0.998,18.99,18.95,0.00,0.00,S,,,USD,DB
70027849,00317,01,1,20260619,145958,000000040201,1,12.19,12.19,0.00,0.00,S,6099070755,,CAD,DB
70027849,00317,01,2,20260619,145958,000004472002,2,6.09,12.18,0.00,0.76,S,6099070755,,CAD,DB
70027849,00317,01,3,20260619,145958,000000020201,2,7.49,14.98,0.00,0.00,S,6099070755,,CAD,DB
70027849,00317,01,4,20260619,145958,000000094203,0.677,1.99,1.35,0.00,0.00,S,6099070755,,CAD,DB
70027850,00317,02,1,20260619,122648,000004491003,2,2.69,5.38,0.00,0.34,S,,,CAD,DB
70027850,00317,02,2,20260619,122648,000004471023,1,4.69,4.69,0.00,0.29,S,,,CAD,DB
70027850,00317,02,3,20260619,122648,000000561002,1,10.19,10.19,0.00,0.64,S,,,CAD,DB
70027851,00317,06,1,20260619,72917,000004481001,1,10.89,10.89,0.00,0.68,S,6052455574,,CAD,GC
70027852,00317,01,1,20260619,92140,000004482001,1,18.99,18.99,0.00,1.19,S,,,CAD,DB
70027852,00317,01,2,20260619,92140,000004493002,2,5.39,10.78,5.39,0.34,S,,BG26W20,CAD,DB
70027852,00317,01,3,20260619,92140,000000005301,1,7.49,7.49,0.00,0.00,S,,,CAD,DB
70027852,00317,01,4,20260619,92140,000000562001,3,14.89,44.67,14.89,1.86,S,,MB26W19,CAD,DB
70027852,00317,01,5,20260619,92140,000004482001,1,18.99,18.99,0.00,1.19,S,,,CAD,DB
70027853,00317,02,1,20260619,152443,000000031102,0.729,27.19,19.82,0.00,0.00,S,,,CAD,CS
70027853,00317,02,2,20260619,152443,000000005202,3,8.09,24.27,8.09,0.00,S,,MB26W19,CAD,CS
70027853,00317,02,3,20260619,152443,000000005201,2,5.39,10.78,0.00,0.00,S,,,CAD,CS
70027854,00317,04,1,20260619,84553,000004492050,1,2.99,2.99,0.00,0.19,S,6058665254,,CAD,CC
70027854,00317,04,2,20260619,84553,000000020101,1,3.39,3.39,0.00,0.00,S,6058665254,,CAD,CC
70027854,00317,04,3,20260619,84553,000004491003,1,2.69,2.69,0.00,0.17,S,6058665254,,CAD,CC
70027854,00317,04,4,20260619,84553,000000020202,1,8.09,8.09,0.00,0.00,S,6058665254,,CAD,CC
70027854,00317,04,5,20260619,84553,000000005202,1,8.09,8.09,0.00,0.00,S,6058665254,,CAD,CC
70027854,00317,04,6,20260619,84553,000000561001,1,13.59,13.59,0.00,0.85,S,6058665254,,CAD,CC
70027855,00317,04,1,20260619,151644,000000094203,0.330,1.99,0.66,0.00,0.00,S,,,CAD,CC
70027856,00317,02,1,20260619,191415,000004493001,3,7.49,22.47,0.00,1.40,S,6003865719,,CAD,CS
70027856,00317,02,2,20260619,191415,000004493002,3,5.39,16.17,5.39,0.67,S,6003865719,BG26W20,CAD,CS
70027856,00317,02,3,20260619,191415,000004491002,1,9.49,9.49,0.00,0.59,S,6003865719,,CAD,CS
70027856,00317,02,4,20260619,191415,000004493001,1,7.49,7.49,0.00,0.47,S,6003865719,,CAD,CS
70027857,00317,01,1,20260619,180752,000000093325,0.932,5.39,5.02,0.00,0.00,S,,,CAD,CS
70027857,00317,01,2,20260619,180752,000000562001,3,14.89,44.67,14.89,1.86,S,,MB26W19,CAD,CS
70027858,00322,04,1,20260619,125247,000000040101,0.363,25.79,9.36,0.00,0.00,S,6008656756,,CAD,DB
70027858,00322,04,2,20260619,125247,000000093503,1,5.79,5.79,0.00,0.00,S,6008656756,,CAD,DB
70027859,00322,02,1,20260619,85310,000004492050,1,2.99,2.99,0.00,0.19,S,,,CAD,CC
70027859,00322,02,2,20260619,85310,000000040101,1.781,25.79,45.93,0.00,0.00,S,,,CAD,CC
70027859,00322,02,3,20260619,85310,000000005201,1,5.39,5.39,0.00,0.00,S,,,CAD,CC
70027859,00322,02,4,20260619,85310,000000040202,1,20.39,20.39,0.00,0.00,S,,,CAD,CC
70027859,00322,02,5,20260619,85310,000000005013,1,5.29,5.29,0.00,0.00,S,,,CAD,CC
70027859,00322,02,6,20260619,85310,000000040101,0.783,25.79,20.19,0.00,0.00,S,,,CAD,CC
70027860,00322,04,1,20260619,73449,000004483001,1,6.79,6.79,0.00,0.42,R,6024214955,,CAD,DB
70027861,00322,03,1,20260619,174854,000000005101,1,10.89,10.89,0.00,0.00,S,6008386631,,CAD,GC
70027861,00322,03,2,20260619,174854,000000005302,1,4.69,4.69,0.00,0.00,S,6008386631,,CAD,GC
70027861,00322,03,3,20260619,174854,000000030202,1,15.59,15.59,0.00,0.00,S,6008386631,,CAD,GC
70027861,00322,03,4,20260619,174854,000000040201,1,12.19,12.19,0.00,0.00,S,6008386631,,CAD,GC
70027861,00322,03,5,20260619,174854,000000020101,1,3.39,3.39,0.00,0.00,S,6008386631,,CAD,GC
70027862,00322,01,1,20260619,205446,000000005020,1,6.09,6.09,0.00,0.00,S,,,CAD,CS
70027862,00322,01,2,20260619,205446,000004493002,2,5.39,10.78,5.39,0.34,S,,BG26W20,CAD,CS
70027863,00322,01,1,20260619,133027,000004483002,1,4.69,4.69,0.00,0.29,S,,,CAD,CS
70027864,01042,03,1,20260620,182100,000004493002,2,3.99,7.98,3.99,0.25,S,,BG26W20,USD,GC
70027864,01042,03,2,20260620,182100,000000020103,3,4.99,14.97,0.00,0.00,S,,,USD,GC
70027864,01042,03,3,20260620,182100,000000030203,1,8.49,8.49,0.00,0.00,S,,,USD,GC
70027865,01042,05,1,20260620,133810,000004473001,1,2.99,2.99,0.00,0.19,S,,,USD,GC
70027865,01042,05,2,20260620,133810,000000562001,1,10.99,10.99,0.00,0.69,S,,,USD,GC
70027865,01042,05,3,20260620,133810,000000093321,1.937,1.49,2.89,0.00,0.00,S,,,USD,GC
70027865,01042,05,4,20260620,133810,000000030101,1,6.99,6.99,0.00,0.00,S,,,USD,GC
70027866,01042,04,1,20260620,180554,000000005202,3,5.99,17.97,5.99,0.00,S,6063296762,MB26W19,USD,CC
70027867,01042,06,1,20260620,161236,000004493002,2,3.99,7.98,3.99,0.25,S,,BG26W20,USD,DB
70027867,01042,06,2,20260620,161236,000004472001,2,3.99,7.98,3.99,0.25,S,,BG26W20,USD,DB
70027867,01042,06,3,20260620,161236,000004491002,1,6.99,6.99,0.00,0.44,S,,,USD,DB
70027868,01042,01,1,20260620,110954,000000020102,2,3.49,6.98,0.00,0.00,S,6097111212,,USD,GC
70027868,01042,01,2,20260620,110954,000000552002,1,3.99,3.99,0.00,0.25,S,6097111212,,USD,GC
70027869,01042,02,1,20260620,100718,000004471030,1,3.99,3.99,0.00,0.25,S,6020448207,,USD,GC
70027869,01042,02,2,20260620,100718,000004491002,1,6.99,6.99,0.00,0.44,S,6020448207,,USD,GC
70027869,01042,02,3,20260620,100718,000004473002,2,2.79,5.58,0.00,0.35,S,6020448207,,USD,GC
70027870,01042,03,1,20260620,71139,000000005103,1,6.99,6.99,0.00,0.00,S,,,USD,GC
70027870,01042,03,2,20260620,71139,000000093502,2,3.99,7.98,0.00,0.00,S,,,USD,GC
70027870,01042,03,3,20260620,71139,000000005020,1,4.49,4.49,0.00,0.00,S,,,USD,GC
70027871,01042,01,1,20260620,171133,000004491002,2,6.99,13.98,6.99,0.44,S,,BG26W20,USD,CS
70027872,01042,05,1,20260620,90444,000000005102,1,5.49,5.49,0.00,0.00,S,6071587964,,USD,CC
70027873,01042,02,1,20260620,154809,000000094101,1,3.99,3.99,0.00,0.00,S,,,USD,CC
70027873,01042,02,2,20260620,154809,000000020103,1,4.99,4.99,0.00,0.00,S,,,USD,CC
70027874,01042,03,1,20260620,75729,000000005202,1,5.99,5.99,0.00,0.00,S,6034606664,,USD,GC
70027874,01042,03,2,20260620,75729,000000094101,1,3.99,3.99,0.00,0.00,S,6034606664,,USD,GC
70027874,01042,03,3,20260620,75729,000000005012,1,3.99,3.99,0.00,0.00,S,6034606664,,USD,GC
70027874,01042,03,4,20260620,75729,000004473003,1,3.49,3.49,0.00,0.22,S,6034606664,,USD,GC
70027874,01042,03,5,20260620,75729,000000005012,1,3.99,3.99,0.00,0.00,S,6034606664,,USD,GC
70027875,01042,04,1,20260620,72818,000004491002,1,6.99,6.99,0.00,0.44,S,,,USD,GC
70027875,01042,04,2,20260620,72818,000004483001,1,4.99,4.99,0.00,0.31,S,,,USD,GC
70027875,01042,04,3,20260620,72818,000004483002,1,3.49,3.49,0.00,0.22,S,,,USD,GC
70027875,01042,04,4,20260620,72818,000000030203,1,8.49,8.49,0.00,0.00,S,,,USD,GC
70027876,01042,02,1,20260620,114003,000000005102,2,5.49,10.98,0.00,0.00,S,,,USD,GC
70027876,01042,02,2,20260620,114003,000004473003,2,3.49,6.98,0.00,0.44,S,,,USD,GC
70027877,01042,03,1,20260620,90910,000000005202,3,5.99,17.97,5.99,0.00,S,6037213865,MB26W19,USD,GC
70027877,01042,03,2,20260620,90910,000004473003,2,3.49,6.98,0.00,0.44,S,6037213865,,USD,GC
70027877,01042,03,3,20260620,90910,000000561001,1,9.99,9.99,0.00,0.62,S,6037213865,,USD,GC
70027878,01042,06,1,20260620,175255,000000020202,3,5.99,17.97,0.00,0.00,S,,,USD,DB
70027878,01042,06,2,20260620,175255,000000562002,1,8.49,8.49,0.00,0.53,S,,,USD,DB
70027879,01107,01,1,20260620,152548,000000561001,2,9.99,19.98,0.00,1.25,S,,,USD,GC
70027880,01107,05,1,20260620,71623,000004472001,1,3.99,3.99,0.00,0.25,S,,,USD,CS
70027880,01107,05,2,20260620,71623,000000005101,1,7.99,7.99,0.00,0.00,S,,,USD,CS
70027880,01107,05,3,20260620,71623,000000040201,2,8.99,17.98,0.00,0.00,S,,,USD,CS
70027880,01107,05,4,20260620,71623,000004492001,3,1.79,5.37,1.79,0.22,S,,MB26W19,USD,CS
70027880,01107,05,5,20260620,71623,000000094103,1,3.79,3.79,0.00,0.00,S,,,USD,CS
70027881,01107,06,1,20260620,153235,000000005013,1,3.89,3.89,0.00,0.00,S,,,USD,DB
70027881,01107,06,2,20260620,153235,000000005201,1,3.99,3.99,0.00,0.00,S,,,USD,DB
70027882,01107,05,1,20260620,205216,000004473003,2,3.49,6.98,0.00,0.44,S,,,USD,DB
70027882,01107,05,2,20260620,205216,000004491002,2,6.99,13.98,6.99,0.44,S,,BG26W20,USD,DB
70027882,01107,05,3,20260620,205216,000004473002,1,2.79,2.79,0.00,0.17,S,,,USD,DB
70027882,01107,05,4,20260620,205216,000000020202,1,5.99,5.99,0.00,0.00,S,,,USD,DB
70027883,01107,02,1,20260620,145933,000004492002,2,1.49,2.98,0.00,0.19,S,6071834404,,USD,CC
70027883,01107,02,2,20260620,145933,000000562001,1,10.99,10.99,0.00,0.69,S,6071834404,,USD,CC
70027883,01107,02,3,20260620,145933,000004471023,1,3.49,3.49,0.00,0.22,S,6071834404,,USD,CC
70027883,01107,02,4,20260620,145933,000004472001,1,3.99,3.99,0.00,0.25,S,6071834404,,USD,CC
70027884,02210,01,1,20260620,202156,000000030101,1,6.99,6.99,0.00,0.00,S,6031538882,,USD,GC
70027884,02210,01,2,20260620,202156,000000040101,0.995,18.99,18.90,0.00,0.00,S,6031538882,,USD,GC
70027884,02210,01,3,20260620,202156,000000040201,1,8.99,8.99,0.00,0.00,S,6031538882,,USD,GC
70027885,02210,01,1,20260620,165955,000000093501,1,4.49,4.49,0.00,0.00,S,,,USD,CC
70027885,02210,01,2,20260620,165955,000004482002,1,17.99,17.99,0.00,1.12,S,,,USD,CC
70027885,02210,01,3,20260620,165955,000000093402,1.225,3.29,4.03,0.00,0.00,S,,,USD,CC
70027886,02210,03,1,20260620,110204,000000094203,1.376,1.49,2.05,0.00,0.00,S,,,USD,DB
70027886,02210,03,2,20260620,110204,000004482003,1,5.49,5.49,0.00,0.34,S,,,USD,DB
70027886,02210,03,3,20260620,110204,000004492001,3,1.79,5.37,1.79,0.22,S,,MB26W19,USD,DB
70027886,02210,03,4,20260620,110204,000000020201,1,5.49,5.49,0.00,0.00,S,,,USD,DB
70027886,02210,03,5,20260620,110204,000004481003,2,4.99,9.98,0.00,0.62,S,,,USD,DB
70027887,02210,05,1,20260620,165243,000004471040,2,2.49,4.98,0.00,0.31,S,,,USD,CC
70027888,02210,02,1,20260620,180250,000000093322,1.845,1.99,3.67,0.00,0.00,S,6098808583,,USD,DB
70027889,02210,01,1,20260620,170718,000004471040,1,2.49,2.49,0.00,0.16,S,,,USD,DB
70027889,02210,01,2,20260620,170718,000000005012,1,3.99,3.99,0.00,0.00,S,,,USD,DB
70027890,02210,02,1,20260620,144454,000004493002,1,3.99,3.99,0.00,0.25,S,6073597746,,USD,CC
70027890,02210,02,2,20260620,144454,000004483001,3,4.99,14.97,0.00,0.94,S,6073597746,,USD,CC
70027891,02210,05,1,20260620,72427,000000005013,3,3.89,11.67,0.00,0.00,S,6060302992,,USD,CC
70027891,02210,05,2,20260620,72427,000000005301,2,5.49,10.98,0.00,0.00,S,6060302992,,USD,CC
70027892,02210,05,1,20260620,70612,000004492003,1,2.29,2.29,0.00,0.14,R,6018272795,,USD,GC
70027893,02210,02,1,20260620,202957,000004483001,2,4.99,9.98,0.00,0.62,S,6019237858,,USD,DB
70027893,02210,02,2,20260620,202957,000000093503,1,4.29,4.29,0.00,0.00,S,6019237858,,USD,DB
70027893,02210,02,3,20260620,202957,000000030202,1,11.49,11.49,0.00,0.00,S,6019237858,,USD,DB
70027893,02210,02,4,20260620,202957,000004491001,1,2.49,2.49,0.00,0.16,S,6019237858,,USD,DB
70027893,02210,02,5,20260620,202957,000004473003,1,3.49,3.49,0.00,0.22,S,6019237858,,USD,DB
70027894,02210,05,1,20260620,171241,000000094101,1,3.99,3.99,0.00,0.00,S,,,USD,CS
70027895,02210,05,1,20260620,173043,000004491001,1,2.49,2.49,0.00,0.16,S,,,USD,CC
70027895,02210,05,2,20260620,173043,000000561002,1,7.49,7.49,0.00,0.47,S,,,USD,CC
70027895,02210,05,3,20260620,173043,000000093501,1,4.49,4.49,0.00,0.00,S,,,USD,CC
70027895,02210,05,4,20260620,173043,000004492003,1,2.29,2.29,0.00,0.14,S,,,USD,CC
70027895,02210,05,5,20260620,173043,000000030202,1,11.49,11.49,0.00,0.00,S,,,USD,CC
70027895,02210,05,6,20260620,173043,000004473001,2,2.99,5.98,0.00,0.37,S,,,USD,CC
70027896,02210,05,1,20260620,70650,000000094201,1.065,1.69,1.80,0.00,0.00,S,6017993136,,USD,DB
70027896,02210,05,2,20260620,70650,000000093501,1,4.49,4.49,0.00,0.00,S,6017993136,,USD,DB
70027896,02210,05,3,20260620,70650,000004491002,2,6.99,13.98,6.99,0.44,S,6017993136,BG26W20,USD,DB
70027897,02210,04,1,20260620,212042,000000030203,3,8.49,25.47,0.00,0.00,S,,,USD,CS
70027898,02210,04,1,20260620,205842,000000040101,0.532,18.99,10.10,0.00,0.00,S,,,USD,DB
70027898,02210,04,2,20260620,205842,000004492001,3,1.79,5.37,1.79,0.22,S,,MB26W19,USD,DB
70027899,02210,04,1,20260620,174508,000000040102,2.059,16.99,34.98,0.00,0.00,S,6056909275,,USD,CS
70027899,02210,04,2,20260620,174508,000004492002,2,1.49,2.98,0.00,0.19,S,6056909275,,USD,CS
70027900,02210,04,1,20260620,161444,000000020101,1,2.49,2.49,0.00,0.00,S,,,USD,CS
70027900,02210,04,2,20260620,161444,000000030202,1,11.49,11.49,0.00,0.00,S,,,USD,CS
70027900,02210,04,3,20260620,161444,000000551020,1,13.99,13.99,0.00,0.87,S,,,USD,CS
70027900,02210,04,4,20260620,161444,000000551020,2,13.99,27.98,0.00,1.75,S,,,USD,CS
70027900,02210,04,5,20260620,161444,000000005103,2,6.99,13.98,6.99,0.00,S,,BG26W20,USD,CS
70027901,02305,02,1,20260620,150210,000000031102,1.701,19.99,34.00,0.00,0.00,S,,,USD,GC
70027901,02305,02,2,20260620,150210,000000561002,1,7.49,7.49,0.00,0.47,S,,,USD,GC
70027902,02305,01,1,20260620,80904,000000005302,2,3.49,6.98,0.00,0.00,S,,,USD,CC
70027902,02305,01,2,20260620,80904,000000093501,1,4.49,4.49,0.00,0.00,S,,,USD,CC
70027903,02305,02,1,20260620,151257,000004482001,2,13.99,27.98,0.00,1.75,S,6054647548,,USD,CS
70027903,02305,02,2,20260620,151257,000000031102,0.824,19.99,16.47,0.00,0.00,S,6054647548,,USD,CS
70027903,02305,02,3,20260620,151257,000004492003,1,2.29,2.29,0.00,0.14,S,6054647548,,USD,CS
70027903,02305,02,4,20260620,151257,000000093322,1.767,1.99,3.52,0.00,0.00,S,6054647548,,USD,CS
70027903,02305,02,5,20260620,151257,000004472003,1,3.29,3.29,0.00,0.21,S,6054647548,,USD,CS
70027903,02305,02,6,20260620,151257,000004491002,2,6.99,13.98,6.99,0.44,S,6054647548,BG26W20,USD,CS
70027904,02305,05,1,20260620,213951,000000562001,1,10.99,10.99,0.00,0.69,S,,,USD,CC
70027904,02305,05,2,20260620,213951,000000094301,1.270,4.39,5.58,0.00,0.00,S,,,USD,CC
70027905,02305,03,1,20260620,205919,000004471040,1,2.49,2.49,0.00,0.16,S,,,USD,CC
70027906,02305,01,1,20260620,80003,000000005103,2,6.99,13.98,6.99,0.00,S,,BG26W20,USD,DB
70027906,02305,01,2,20260620,80003,000000094102,2,3.49,6.98,3.49,0.00,S,,BG26W20,USD,DB
70027906,02305,01,3,20260620,80003,000000040102,0.789,16.99,13.41,0.00,0.00,S,,,USD,DB
70027907,02305,04,1,20260620,171516,000000562001,2,10.99,21.98,0.00,1.37,S,,,USD,DB
70027907,02305,04,2,20260620,171516,000000040202,1,14.99,14.99,0.00,0.00,S,,,USD,DB
70027907,02305,04,3,20260620,171516,000004491001,1,2.49,2.49,0.00,0.16,S,,,USD,DB
70027907,02305,04,4,20260620,171516,000000040202,2,14.99,29.98,0.00,0.00,S,,,USD,DB
70027908,02305,03,1,20260620,104538,000004483002,1,3.49,3.49,0.00,0.22,S,,,USD,DB
70027908,02305,03,2,20260620,104538,000000094102,1,3.49,3.49,0.00,0.00,S,,,USD,DB
70027909,02305,02,1,20260620,204611,000000005201,1,3.99,3.99,0.00,0.00,S,,,USD,DB
70027910,02305,06,1,20260620,123048,000000005201,1,3.99,3.99,0.00,0.00,S,,,USD,CC
70027910,02305,06,2,20260620,123048,000000030202,1,11.49,11.49,0.00,0.00,S,,,USD,CC
70027910,02305,06,3,20260620,123048,000000020201,1,5.49,5.49,0.00,0.00,S,,,USD,CC
70027911,02305,06,1,20260620,120843,000004493002,1,3.99,3.99,0.00,0.25,S,,,USD,DB
70027911,02305,06,2,20260620,120843,000004493001,1,5.49,5.49,0.00,0.34,S,,,USD,DB
70027911,02305,06,3,20260620,120843,000000005013,1,3.89,3.89,0.00,0.00,S,,,USD,DB
70027911,02305,06,4,20260620,120843,000000094203,1.637,1.49,2.44,0.00,0.00,S,,,USD,DB
70027911,02305,06,5,20260620,120843,000004483002,1,3.49,3.49,0.00,0.22,S,,,USD,DB
70027912,02305,04,1,20260620,171540,000000094102,2,3.49,6.98,3.49,0.00,S,,BG26W20,USD,DB
70027912,02305,04,2,20260620,171540,000000030101,1,6.99,6.99,0.00,0.00,S,,,USD,DB
70027912,02305,04,3,20260620,171540,000000005202,3,5.99,17.97,5.99,0.00,S,,MB26W19,USD,DB
70027913,02305,05,1,20260620,132615,000000030103,1,8.99,8.99,0.00,0.00,S,6057988942,,USD,CC
70027913,02305,05,2,20260620,132615,000000030201,3,9.99,29.97,0.00,0.00,S,6057988942,,USD,CC
70027913,02305,05,3,20260620,132615,000000020102,2,3.49,6.98,0.00,0.00,S,6057988942,,USD,CC
70027914,02305,01,1,20260620,121455,000000551021,1,11.99,11.99,0.00,0.75,S,,,USD,DB
70027914,02305,01,2,20260620,121455,000004472001,2,3.99,7.98,3.99,0.25,S,,BG26W20,USD,DB
70027914,02305,01,3,20260620,121455,000000030102,1,14.99,14.99,0.00,0.00,S,,,USD,DB
70027915,02305,03,1,20260620,140626,000000030103,1,8.99,8.99,0.00,0.00,S,,,USD,DB
70027915,02305,03,2,20260620,140626,000004473001,1,2.99,2.99,0.00,0.19,S,,,USD,DB
70027915,02305,03,3,20260620,140626,000000551020,3,13.99,41.97,0.00,2.62,S,,,USD,DB
70027916,02305,01,1,20260620,215838,000000040203,1,11.99,11.99,0.00,0.00,S,6006065274,,USD,CC
70027917,02305,01,1,20260620,74312,000000093402,0.868,3.29,2.86,0.00,0.00,S,6025120734,,USD,CS
70027917,02305,01,2,20260620,74312,000000020101,1,2.49,2.49,0.00,0.00,S,6025120734,,USD,CS
70027918,02305,02,1,20260620,124110,000004491003,1,1.99,1.99,0.00,0.12,S,6097167433,,USD,GC
70027918,02305,02,2,20260620,124110,000000094101,1,3.99,3.99,0.00,0.00,S,6097167433,,USD,GC
70027918,02305,02,3,20260620,124110,000000093322,1.619,1.99,3.22,0.00,0.00,S,6097167433,,USD,GC
70027918,02305,02,4,20260620,124110,000000562001,1,10.99,10.99,0.00,0.69,S,6097167433,,USD,GC
70027919,02305,04,1,20260620,94046,000000030101,2,6.99,13.98,0.00,0.00,S,6024008254,,USD,DB
70027919,02305,04,2,20260620,94046,000000005202,1,5.99,5.99,0.00,0.00,S,6024008254,,USD,DB
70027919,02305,04,3,20260620,94046,000000094102,2,3.49,6.98,3.49,0.00,S,6024008254,BG26W20,USD,DB
70027919,02305,04,4,20260620,94046,000000093410,2.120,3.99,8.46,0.00,0.00,S,6024008254,,USD,DB
70027919,02305,04,5,20260620,94046,000004482003,1,5.49,5.49,0.00,0.34,S,6024008254,,USD,DB
70027920,03050,04,1,20260620,211846,000000552002,1,3.99,3.99,0.00,0.25,S,6065405153,,USD,DB
70027920,03050,04,2,20260620,211846,000000040203,1,11.99,11.99,0.00,0.00,S,6065405153,,USD,DB
70027920,03050,04,3,20260620,211846,000004472002,1,4.49,4.49,0.00,0.28,S,6065405153,,USD,DB
70027921,03050,05,1,20260620,74434,000000030203,2,8.49,16.98,0.00,0.00,S,6007986617,,USD,GC
70027921,03050,05,2,20260620,74434,000004482001,1,13.99,13.99,0.00,0.87,S,6007986617,,USD,GC
70027921,03050,05,3,20260620,74434,000000030201,2,9.99,19.98,0.00,0.00,S,6007986617,,USD,GC
70027921,03050,05,4,20260620,74434,000000094101,1,3.99,3.99,0.00,0.00,S,6007986617,,USD,GC
70027921,03050,05,5,20260620,74434,000004482001,1,13.99,13.99,0.00,0.87,S,6007986617,,USD,GC
70027921,03050,05,6,20260620,74434,000000005202,3,5.99,17.97,5.99,0.00,S,6007986617,MB26W19,USD,GC
70027922,03050,03,1,20260620,114257,000004473001,1,2.99,2.99,0.00,0.19,S,6073820236,,USD,DB
70027923,03050,02,1,20260620,161525,000000005202,3,5.99,17.97,5.99,0.00,S,6045644948,MB26W19,USD,DB
70027923,03050,02,2,20260620,161525,000000005102,1,5.49,5.49,0.00,0.00,S,6045644948,,USD,DB
70027923,03050,02,3,20260620,161525,000000562002,1,8.49,8.49,0.00,0.53,S,6045644948,,USD,DB
70027923,03050,02,4,20260620,161525,000000551021,1,11.99,11.99,0.00,0.75,S,6045644948,,USD,DB
70027924,03050,01,1,20260620,153120,000000040102,0.674,16.99,11.45,0.00,0.00,S,6033721885,,USD,CC
70027924,03050,01,2,20260620,153120,000004491002,2,6.99,13.98,6.99,0.44,S,6033721885,BG26W20,USD,CC
70027924,03050,01,3,20260620,153120,000004481001,1,7.99,7.99,0.00,0.50,S,6033721885,,USD,CC
70027924,03050,01,4,20260620,153120,000000020202,1,5.99,5.99,0.00,0.00,S,6033721885,,USD,CC
70027924,03050,01,5,20260620,153120,000000005202,1,5.99,5.99,0.00,0.00,S,6033721885,,USD,CC
70027925,03050,04,1,20260620,190323,000004482002,3,17.99,53.97,0.00,3.37,S,,,USD,CC
70027925,03050,04,2,20260620,190323,000004473003,1,3.49,3.49,0.00,0.22,S,,,USD,CC
70027926,03050,03,1,20260620,84943,000000005103,1,6.99,6.99,0.00,0.00,S,,,USD,CS
70027926,03050,03,2,20260620,84943,000000562002,2,8.49,16.98,0.00,1.06,S,,,USD,CS
70027927,03050,02,1,20260620,74821,000000093402,0.907,3.29,2.98,0.00,0.00,S,,,USD,CC
70027927,03050,02,2,20260620,74821,000000094301,2.193,4.39,9.63,0.00,0.00,S,,,USD,CC
70027927,03050,02,3,20260620,74821,000000020202,1,5.99,5.99,0.00,0.00,S,,,USD,CC
70027928,03050,05,1,20260620,115826,000000020201,2,5.49,10.98,0.00,0.00,S,6092842222,,USD,DB
70027928,03050,05,2,20260620,115826,000000005103,2,6.99,13.98,6.99,0.00,S,6092842222,BG26W20,USD,DB
70027929,03050,04,1,20260620,83841,000000005202,1,5.99,5.99,0.00,0.00,S,,,USD,CC
70027929,03050,04,2,20260620,83841,000000093503,1,4.29,4.29,0.00,0.00,S,,,USD,CC
70027929,03050,04,3,20260620,83841,000000040203,1,11.99,11.99,0.00,0.00,S,,,USD,CC
70027930,03050,06,1,20260620,215110,000004481001,1,7.99,7.99,0.00,0.50,S,6038458810,,USD,CS
70027930,03050,06,2,20260620,215110,000000020101,2,2.49,4.98,0.00,0.00,S,6038458810,,USD,CS
70027931,03050,03,1,20260620,152255,000000005103,2,6.99,13.98,6.99,0.00,S,,BG26W20,USD,CC
70027931,03050,03,2,20260620,152255,000000005020,3,4.49,13.47,0.00,0.00,S,,,USD,CC
70027931,03050,03,3,20260620,152255,000004482001,1,13.99,13.99,0.00,0.87,S,,,USD,CC
70027931,03050,03,4,20260620,152255,000004473001,2,2.99,5.98,0.00,0.37,S,,,USD,CC
70027932,03050,05,1,20260620,165648,000000093325,0.740,3.99,2.95,0.00,0.00,S,,,USD,DB
70027933,03050,02,1,20260620,133103,000000093402,2.017,3.29,6.64,0.00,0.00,S,6006157276,,USD,DB
70027933,03050,02,2,20260620,133103,000000020102,2,3.49,6.98,0.00,0.00,S,6006157276,,USD,DB
70027934,00317,01,1,20260620,182828,000000093402,1.386,4.49,6.22,0.00,0.00,S,,,CAD,GC
70027934,00317,01,2,20260620,182828,000000005201,1,5.39,5.39,0.00,0.00,S,,,CAD,GC
70027935,00317,06,1,20260620,102932,000004481003,2,6.79,13.58,0.00,0.85,S,6069284511,,CAD,DB
70027935,00317,06,2,20260620,102932,000000031101,1.122,33.99,38.14,0.00,0.00,S,6069284511,,CAD,DB
70027935,00317,06,3,20260620,102932,000000020201,2,7.49,14.98,0.00,0.00,S,6069284511,,CAD,DB
70027935,00317,06,4,20260620,102932,000000093410,0.630,5.39,3.40,0.00,0.00,S,6069284511,,CAD,DB
70027935,00317,06,5,20260620,102932,000000020101,1,3.39,3.39,0.00,0.00,S,6069284511,,CAD,DB
70027935,00317,06,6,20260620,102932,000000093503,1,5.79,5.79,0.00,0.00,S,6069284511,,CAD,DB
70027936,00317,01,1,20260620,103120,000000094302,1.393,7.49,10.43,0.00,0.00,R,6077680898,,CAD,CC
70027937,00317,06,1,20260620,104519,000000030203,1,11.49,11.49,0.00,0.00,S,6014837537,,CAD,CC
70027938,00317,01,1,20260620,134325,000000094103,1,5.19,5.19,0.00,0.00,S,,,CAD,CC
70027939,00317,04,1,20260620,212802,000000094302,1.633,7.49,12.23,0.00,0.00,S,6050272751,,CAD,DB
70027940,00317,06,1,20260620,130833,000000093402,2.118,4.49,9.51,0.00,0.00,S,,,CAD,CC
70027940,00317,06,2,20260620,130833,000004491001,1,3.39,3.39,0.00,0.21,S,,,CAD,CC
70027940,00317,06,3,20260620,130833,000004472001,1,5.39,5.39,0.00,0.34,S,,,CAD,CC
70027941,00317,02,1,20260620,161642,000004473003,1,4.69,4.69,0.00,0.29,S,6020357134,,CAD,CC
70027941,00317,02,2,20260620,161642,000000040202,2,20.39,40.78,0.00,0.00,S,6020357134,,CAD,CC
70027941,00317,02,3,20260620,161642,000000020202,2,8.09,16.18,0.00,0.00,S,6020357134,,CAD,CC
70027942,00317,04,1,20260620,144214,000000020103,1,6.79,6.79,0.00,0.00,S,6044925192,,CAD,GC
70027942,00317,04,2,20260620,144214,000000005202,3,8.09,24.27,8.09,0.00,S,6044925192,MB26W19,CAD,GC
70027942,00317,04,3,20260620,144214,000004491002,1,9.49,9.49,0.00,0.59,S,6044925192,,CAD,GC
70027943,00317,03,1,20260620,114117,000000094302,1.079,7.49,8.08,0.00,0.00,R,6011091939,,CAD,CS
70027944,00317,05,1,20260620,71348,000004481003,1,6.79,6.79,0.00,0.42,S,,,CAD,GC
70027945,00317,06,1,20260620,104222,000004482002,1,24.49,24.49,0.00,1.53,S,6018718133,,CAD,CS
70027945,00317,06,2,20260620,104222,000000030203,2,11.49,22.98,0.00,0.00,S,6018718133,,CAD,CS
70027946,00317,03,1,20260620,152949,000000005013,1,5.29,5.29,0.00,0.00,S,,,CAD,CS
70027946,00317,03,2,20260620,152949,000000031101,0.637,33.99,21.65,0.00,0.00,S,,,CAD,CS
70027946,00317,03,3,20260620,152949,000000094101,1,5.39,5.39,0.00,0.00,S,,,CAD,CS
70027946,00317,03,4,20260620,152949,000000562002,1,11.49,11.49,0.00,0.72,S,,,CAD,CS
70027947,00317,02,1,20260620,171739,000000040101,1.460,25.79,37.65,0.00,0.00,S,,,CAD,CS
70027947,00317,02,2,20260620,171739,000004491002,1,9.49,9.49,0.00,0.59,S,,,CAD,CS
70027947,00317,02,3,20260620,171739,000000020201,1,7.49,7.49,0.00,0.00,S,,,CAD,CS
70027948,00317,02,1,20260620,195811,000000040102,1.843,23.09,42.55,0.00,0.00,S,,,CAD,CC
70027948,00317,02,2,20260620,195811,000004483002,1,4.69,4.69,0.00,0.29,S,,,CAD,CC
70027948,00317,02,3,20260620,195811,000000020101,1,3.39,3.39,0.00,0.00,S,,,CAD,CC
70027948,00317,02,4,20260620,195811,000000005201,1,5.39,5.39,0.00,0.00,S,,,CAD,CC
70027948,00317,02,5,20260620,195811,000000031101,0.416,33.99,14.14,0.00,0.00,S,,,CAD,CC
70027948,00317,02,6,20260620,195811,000004492001,1,2.39,2.39,0.00,0.15,S,,,CAD,CC
70027949,00322,02,1,20260620,202258,000000040201,2,12.19,24.38,0.00,0.00,S,,,CAD,CC
70027949,00322,02,2,20260620,202258,000000005202,1,8.09,8.09,0.00,0.00,S,,,CAD,CC
70027949,00322,02,3,20260620,202258,000000020201,3,7.49,22.47,0.00,0.00,S,,,CAD,CC
70027949,00322,02,4,20260620,202258,000000093502,1,5.39,5.39,0.00,0.00,S,,,CAD,CC
70027950,00322,06,1,20260620,105417,000004481003,1,6.79,6.79,0.00,0.42,S,,,CAD,DB
70027950,00322,06,2,20260620,105417,000004482002,1,24.49,24.49,0.00,1.53,S,,,CAD,DB
70027950,00322,06,3,20260620,105417,000004491002,2,9.49,18.98,9.49,0.59,S,,BG26W20,CAD,DB
70027950,00322,06,4,20260620,105417,000000093503,1,5.79,5.79,0.00,0.00,S,,,CAD,DB
70027950,00322,06,5,20260620,105417,000004491003,2,2.69,5.38,0.00,0.34,S,,,CAD,DB
70027950,00322,06,6,20260620,105417,000004472001,1,5.39,5.39,0.00,0.34,S,,,CAD,DB
70027951,01042,05,1,20260621,120228,000004483001,1,4.99,4.99,0.00,0.31,S,,,USD,CC
70027951,01042,05,2,20260621,120228,000000031102,1.250,19.99,24.99,0.00,0.00,S,,,USD,CC
70027952,01042,02,1,20260621,74851,000004481003,2,4.99,9.98,4.99,0.31,S,,BG26W21,USD,CC
70027953,01042,04,1,20260621,93812,000004483001,1,4.99,4.99,0.00,0.31,S,,,USD,DB
70027953,01042,04,2,20260621,93812,000000005103,2,6.99,13.98,6.99,0.00,S,,BG26W20,USD,DB
70027953,01042,04,3,20260621,93812,000004473001,1,2.99,2.99,0.00,0.19,S,,,USD,DB
70027953,01042,04,4,20260621,93812,000000020103,2,4.99,9.98,0.00,0.00,S,,,USD,DB
70027954,01042,03,1,20260621,215424,000004491003,2,1.99,3.98,0.00,0.25,S,6073476427,,USD,DB
70027955,01042,04,1,20260621,171819,000000031102,0.986,19.99,19.71,0.00,0.00,S,,,USD,DB
70027956,01042,03,1,20260621,202409,000000020202,1,5.99,5.99,0.00,0.00,R,6012209949,,USD,DB
70027957,01042,06,1,20260621,111223,000004481001,1,7.99,7.99,0.00,0.50,S,6018272795,,USD,CS
70027957,01042,06,2,20260621,111223,000004472003,1,3.29,3.29,0.00,0.21,S,6018272795,,USD,CS
70027958,01042,02,1,20260621,213054,000004483001,1,4.99,4.99,0.00,0.31,S,,,USD,DB
70027959,01042,03,1,20260621,193557,000004481003,2,4.99,9.98,4.99,0.31,S,,BG26W21,USD,CC
70027959,01042,03,2,20260621,193557,000000030201,1,9.99,9.99,0.00,0.00,S,,,USD,CC
70027959,01042,03,3,20260621,193557,000000093502,1,3.99,3.99,0.00,0.00,S,,,USD,CC
70027959,01042,03,4,20260621,193557,000000005202,2,5.99,11.98,5.99,0.00,S,,BG26W20,USD,CC
70027960,01042,06,1,20260621,112502,000004472001,1,3.99,3.99,0.00,0.25,S,6015454443,,USD,CC
70027961,01042,01,1,20260621,134156,000000562001,3,10.99,32.97,0.00,2.06,S,,,USD,DB
70027961,01042,01,2,20260621,134156,000004473003,1,3.49,3.49,0.00,0.22,S,,,USD,DB
70027961,01042,01,3,20260621,134156,000004482001,2,13.99,27.98,13.99,0.87,S,,BG26W21,USD,DB
70027961,01042,01,4,20260621,134156,000004472003,1,3.29,3.29,0.00,0.21,S,,,USD,DB
70027961,01042,01,5,20260621,134156,000004472001,2,3.99,7.98,3.99,0.25,S,,BG26W20,USD,DB
70027961,01042,01,6,20260621,134156,000000040102,0.385,16.99,6.54,0.00,0.00,S,,,USD,DB
70027962,01107,03,1,20260621,205539,000000094202,1.140,1.99,2.27,0.00,0.00,R,,,USD,GC
70027963,01107,01,1,20260621,91328,000004473003,1,3.49,3.49,0.00,0.22,S,6048727178,,USD,GC
70027964,02210,05,1,20260621,83032,000000094201,0.554,1.69,0.94,0.00,0.00,S,6025913651,,USD,DB
70027964,02210,05,2,20260621,83032,000004481003,2,4.99,9.98,4.99,0.31,S,6025913651,BG26W21,USD,DB
70027964,02210,05,3,20260621,83032,000004483001,1,4.99,4.99,0.00,0.31,S,6025913651,,USD,DB
70027964,02210,05,4,20260621,83032,000000552002,1,3.99,3.99,0.00,0.25,S,6025913651,,USD,DB
70027965,02210,05,1,20260621,123919,000000040202,1,14.99,14.99,0.00,0.00,S,,,USD,DB
70027965,02210,05,2,20260621,123919,000004482001,1,13.99,13.99,0.00,0.87,S,,,USD,DB
70027965,02210,05,3,20260621,123919,000004473001,2,2.99,5.98,0.00,0.37,S,,,USD,DB
70027966,02210,06,1,20260621,73436,000004491002,1,6.99,6.99,0.00,0.44,S,,,USD,CC
70027966,02210,06,2,20260621,73436,000000040203,1,11.99,11.99,0.00,0.00,S,,,USD,CC
70027966,02210,06,3,20260621,73436,000000005013,2,3.89,7.78,0.00,0.00,S,,,USD,CC
70027966,02210,06,4,20260621,73436,000000093501,2,4.49,8.98,0.00,0.00,S,,,USD,CC
70027967,02210,01,1,20260621,113310,000004493001,2,5.49,10.98,0.00,0.69,S,6095883734,,USD,CC
70027967,02210,01,2,20260621,113310,000000005013,1,3.89,3.89,0.00,0.00,S,6095883734,,USD,CC
70027968,02210,04,1,20260621,94543,000000005302,2,3.49,6.98,0.00,0.00,S,6030120471,,USD,CC
70027968,02210,04,2,20260621,94543,000000094101,1,3.99,3.99,0.00,0.00,S,6030120471,,USD,CC
70027969,02210,02,1,20260621,201053,000000093401,0.602,5.49,3.30,0.00,0.00,S,,,USD,DB
70027969,02210,02,2,20260621,201053,000000562002,1,8.49,8.49,0.00,0.53,S,,,USD,DB
70027969,02210,02,3,20260621,201053,000004472003,1,3.29,3.29,0.00,0.21,S,,,USD,DB
70027970,02210,01,1,20260621,215605,000004483002,1,3.49,3.49,0.00,0.22,S,6075676670,,USD,DB
70027970,02210,01,2,20260621,215605,000000030102,1,14.99,14.99,0.00,0.00,S,6075676670,,USD,DB
70027970,02210,01,3,20260621,215605,000004491002,2,6.99,13.98,6.99,0.44,S,6075676670,BG26W20,USD,DB
70027970,02210,01,4,20260621,215605,000000551021,1,11.99,11.99,0.00,0.75,S,6075676670,,USD,DB
70027970,02210,01,5,20260621,215605,000004493002,2,3.99,7.98,3.99,0.25,S,6075676670,BG26W20,USD,DB
70027970,02210,01,6,20260621,215605,000000561002,2,7.49,14.98,0.00,0.94,S,6075676670,,USD,DB
70027971,02210,03,1,20260621,175705,000000030203,1,8.49,8.49,0.00,0.00,S,,,USD,GC
70027971,02210,03,2,20260621,175705,000000020101,2,2.49,4.98,0.00,0.00,S,,,USD,GC
70027971,02210,03,3,20260621,175705,000004492002,3,1.49,4.47,0.00,0.28,S,,,USD,GC
70027971,02210,03,4,20260621,175705,000004482002,1,17.99,17.99,0.00,1.12,S,,,USD,GC
70027971,02210,03,5,20260621,175705,000000005202,1,5.99,5.99,0.00,0.00,S,,,USD,GC
70027972,02210,04,1,20260621,183205,000004491003,1,1.99,1.99,0.00,0.12,S,6053092511,,USD,GC
70027972,02210,04,2,20260621,183205,000000094102,2,3.49,6.98,3.49,0.00,S,6053092511,BG26W20,USD,GC
70027972,02210,04,3,20260621,183205,000000040202,1,14.99,14.99,0.00,0.00,S,6053092511,,USD,GC
70027972,02210,04,4,20260621,183205,000000031102,0.753,19.99,15.05,0.00,0.00,S,6053092511,,USD,GC
70027973,02210,03,1,20260621,142415,000004481003,2,4.99,9.98,4.99,0.31,S,6048727178,BG26W21,USD,GC
70027973,02210,03,2,20260621,142415,000004472003,1,3.29,3.29,0.00,0.21,S,6048727178,,USD,GC
70027974,02210,01,1,20260621,83541,000000005103,1,6.99,6.99,0.00,0.00,S,,,USD,DB
70027974,02210,01,2,20260621,83541,000000562001,1,10.99,10.99,0.00,0.69,S,,,USD,DB
70027974,02210,01,3,20260621,83541,000000040202,1,14.99,14.99,0.00,0.00,S,,,USD,DB
70027974,02210,01,4,20260621,83541,000000562002,2,8.49,16.98,0.00,1.06,S,,,USD,DB
70027975,02210,05,1,20260621,133423,000004472001,2,3.99,7.98,3.99,0.25,S,,BG26W20,USD,CC
70027975,02210,05,2,20260621,133423,000000020101,1,2.49,2.49,0.00,0.00,S,,,USD,CC
70027976,02210,06,1,20260621,162605,000004481003,2,4.99,9.98,4.99,0.31,S,6017656360,BG26W21,USD,CC
70027976,02210,06,2,20260621,162605,000004472001,1,3.99,3.99,0.00,0.25,S,6017656360,,USD,CC
70027977,02305,03,1,20260621,212541,000004481003,2,4.99,9.98,4.99,0.31,S,,BG26W21,USD,GC
70027978,02305,06,1,20260621,141247,000000031102,1.254,19.99,25.07,0.00,0.00,S,6021465669,,USD,CS
70027978,02305,06,2,20260621,141247,000000561001,2,9.99,19.98,0.00,1.25,S,6021465669,,USD,CS
70027978,02305,06,3,20260621,141247,000000005101,1,7.99,7.99,0.00,0.00,S,6021465669,,USD,CS
70027978,02305,06,4,20260621,141247,000004472002,2,4.49,8.98,0.00,0.56,S,6021465669,,USD,CS
70027978,02305,06,5,20260621,141247,000000005301,3,5.49,16.47,0.00,0.00,S,6021465669,,USD,CS
70027979,02305,04,1,20260621,214441,000000005301,2,5.49,10.98,0.00,0.00,S,6065326909,,USD,GC
70027979,02305,04,2,20260621,214441,000000094203,0.523,1.49,0.78,0.00,0.00,S,6065326909,,USD,GC
70027979,02305,04,3,20260621,214441,000000031102,0.706,19.99,14.11,0.00,0.00,S,6065326909,,USD,GC
70027979,02305,04,4,20260621,214441,000004481003,2,4.99,9.98,4.99,0.31,S,6065326909,BG26W21,USD,GC
70027980,02305,02,1,20260621,191541,000000552001,2,4.49,8.98,0.00,0.56,S,,,USD,DB
70027980,02305,02,2,20260621,191541,000000030202,1,11.49,11.49,0.00,0.00,S,,,USD,DB
70027980,02305,02,3,20260621,191541,000004482002,1,17.99,17.99,0.00,1.12,S,,,USD,DB
70027980,02305,02,4,20260621,191541,000004482001,1,13.99,13.99,0.00,0.87,S,,,USD,DB
70027980,02305,02,5,20260621,191541,000000551020,1,13.99,13.99,0.00,0.87,S,,,USD,DB
70027981,02305,02,1,20260621,203242,000000093502,1,3.99,3.99,0.00,0.00,S,,,USD,CC
70027982,02305,01,1,20260621,212323,000000030101,1,6.99,6.99,0.00,0.00,R,,,USD,CC
70027983,02305,03,1,20260621,214624,000000094102,2,3.49,6.98,3.49,0.00,S,,BG26W20,USD,GC
70027983,02305,03,2,20260621,214624,000000031102,1.629,19.99,32.56,0.00,0.00,S,,,USD,GC
70027983,02305,03,3,20260621,214624,000000020103,1,4.99,4.99,0.00,0.00,S,,,USD,GC
70027983,02305,03,4,20260621,214624,000004483001,1,4.99,4.99,0.00,0.31,S,,,USD,GC
70027984,02305,04,1,20260621,112504,000000020202,1,5.99,5.99,0.00,0.00,S,6076504715,,USD,CS
70027985,02305,01,1,20260621,92542,000000020201,2,5.49,10.98,0.00,0.00,S,,,USD,CC
70027985,02305,01,2,20260621,92542,000004483002,2,3.49,6.98,0.00,0.44,S,,,USD,CC
70027986,03050,04,1,20260621,183337,000000093322,1.268,1.99,2.52,0.00,0.00,S,,,USD,CS
70027986,03050,04,2,20260621,183337,000000094201,0.984,1.69,1.66,0.00,0.00,S,,,USD,CS
70027987,03050,04,1,20260621,75338,000000094103,1,3.79,3.79,0.00,0.00,S,,,USD,CS
70027987,03050,04,2,20260621,75338,000000040201,3,8.99,26.97,0.00,0.00,S,,,USD,CS
70027988,03050,02,1,20260621,195824,000000005013,1,3.89,3.89,0.00,0.00,S,6032290310,,USD,DB
70027989,03050,02,1,20260621,173914,000004491003,2,1.99,3.98,0.00,0.25,S,6024406306,,USD,GC
70027989,03050,02,2,20260621,173914,000004493002,2,3.99,7.98,3.99,0.25,S,6024406306,BG26W20,USD,GC
70027990,03050,01,1,20260621,140033,000004473002,1,2.79,2.79,0.00,0.17,S,,,USD,DB
70027990,03050,01,2,20260621,140033,000004483002,1,3.49,3.49,0.00,0.22,S,,,USD,DB
70027991,03050,05,1,20260621,73530,000000020102,2,3.49,6.98,0.00,0.00,S,,,USD,CC
70027991,03050,05,2,20260621,73530,000004481003,2,4.99,9.98,4.99,0.31,S,,BG26W21,USD,CC
70027991,03050,05,3,20260621,73530,000000094103,2,3.79,7.58,3.79,0.00,S,,BG26W21,USD,CC
70027992,00317,06,1,20260621,143407,000000020202,1,8.09,8.09,0.00,0.00,S,6088191485,,CAD,DB
70027992,00317,06,2,20260621,143407,000000005103,2,9.49,18.98,9.49,0.00,S,6088191485,BG26W20,CAD,DB
70027992,00317,06,3,20260621,143407,000004481003,2,6.79,13.58,6.79,0.42,S,6088191485,BG26W21,CAD,DB
70027992,00317,06,4,20260621,143407,000000552002,1,5.39,5.39,0.00,0.34,S,6088191485,,CAD,DB
70027993,00317,03,1,20260621,161911,000004482001,2,18.99,37.98,18.99,1.19,S,6061675677,BG26W21,CAD,CC
70027993,00317,03,2,20260621,161911,000000020101,1,3.39,3.39,0.00,0.00,S,6061675677,,CAD,CC
70027993,00317,03,3,20260621,161911,000000094103,2,5.19,10.38,5.19,0.00,S,6061675677,BG26W21,CAD,CC
70027994,00317,01,1,20260621,153727,000004492050,3,2.99,8.97,0.00,0.56,S,,,CAD,GC
70027994,00317,01,2,20260621,153727,000000094101,1,5.39,5.39,0.00,0.00,S,,,CAD,GC
70027995,00317,06,1,20260621,190510,000000005103,2,9.49,18.98,9.49,0.00,S,,BG26W20,CAD,CS
70027995,00317,06,2,20260621,190510,000000040201,2,12.19,24.38,0.00,0.00,S,,,CAD,CS
70027996,00317,05,1,20260621,185159,000004471023,2,4.69,9.38,0.00,0.59,S,,,CAD,DB
70027996,00317,05,2,20260621,185159,000000005020,2,6.09,12.18,0.00,0.00,S,,,CAD,DB
70027996,00317,05,3,20260621,185159,000000094302,1.710,7.49,12.81,0.00,0.00,S,,,CAD,DB
70027996,00317,05,4,20260621,185159,000000005202,2,8.09,16.18,8.09,0.00,S,,BG26W20,CAD,DB
70027996,00317,05,5,20260621,185159,000000020101,3,3.39,10.17,0.00,0.00,S,,,CAD,DB
70027996,00317,05,6,20260621,185159,000000094102,2,4.69,9.38,4.69,0.00,S,,BG26W20,CAD,DB
70027997,00322,05,1,20260621,143841,000000040203,1,16.29,16.29,0.00,0.00,S,,,CAD,GC
70027997,00322,05,2,20260621,143841,000000093401,1.226,7.49,9.18,0.00,0.00,S,,,CAD,GC
70027998,00322,03,1,20260621,133830,000000040201,3,12.19,36.57,0.00,0.00,S,6066365155,,CAD,CC
70027998,00322,03,2,20260621,133830,000000005201,1,5.39,5.39,0.00,0.00,S,6066365155,,CAD,CC
70027998,00322,03,3,20260621,133830,000004481001,1,10.89,10.89,0.00,0.68,S,6066365155,,CAD,CC
70027998,00322,03,4,20260621,133830,000000040203,1,16.29,16.29,0.00,0.00,S,6066365155,,CAD,CC
70027998,00322,03,5,20260621,133830,000004482001,2,18.99,37.98,18.99,1.19,S,6066365155,BG26W21,CAD,CC
70027999,00322,01,1,20260621,95622,000000020201,1,7.49,7.49,0.00,0.00,S,6065024916,,CAD,CC
70028000,01042,03,1,20260622,123502,000000005202,2,5.99,11.98,5.99,0.00,S,6073476427,BG26W20,USD,DB
70028000,01042,03,2,20260622,123502,000004483002,1,3.49,3.49,0.00,0.22,S,6073476427,,USD,DB
70028001,01042,06,1,20260622,180641,000000005102,1,5.49,5.49,0.00,0.00,S,6036133254,,USD,CC
70028001,01042,06,2,20260622,180641,000004482003,2,5.49,10.98,0.00,0.69,S,6036133254,,USD,CC
70028001,01042,06,3,20260622,180641,000000005103,2,6.99,13.98,6.99,0.00,S,6036133254,BG26W20,USD,CC
70028001,01042,06,4,20260622,180641,000000093401,0.553,5.49,3.04,0.00,0.00,S,6036133254,,USD,CC
70028002,01042,04,1,20260622,203835,000004492001,1,1.79,1.79,0.00,0.11,S,6008545667,,USD,CC
70028002,01042,04,2,20260622,203835,000004491002,1,6.99,6.99,0.00,0.44,S,6008545667,,USD,CC
70028002,01042,04,3,20260622,203835,000000005202,2,5.99,11.98,5.99,0.00,S,6008545667,BG26W20,USD,CC
70028002,01042,04,4,20260622,203835,000004492002,1,1.49,1.49,0.00,0.09,S,6008545667,,USD,CC
70028003,01042,05,1,20260622,132627,000004491001,2,2.49,4.98,0.00,0.31,S,,,USD,CC
70028003,01042,05,2,20260622,132627,000000093402,0.385,3.29,1.27,0.00,0.00,S,,,USD,CC
70028003,01042,05,3,20260622,132627,000000551020,1,13.99,13.99,0.00,0.87,S,,,USD,CC
70028003,01042,05,4,20260622,132627,000000040203,1,11.99,11.99,0.00,0.00,S,,,USD,CC
70028004,01042,01,1,20260622,170756,000004493002,2,3.99,7.98,3.99,0.25,S,6080940476,BG26W20,USD,DB
70028004,01042,01,2,20260622,170756,000000020101,2,2.49,4.98,0.00,0.00,S,6080940476,,USD,DB
70028004,01042,01,3,20260622,170756,000004482003,1,5.49,5.49,0.00,0.34,S,6080940476,,USD,DB
70028004,01042,01,4,20260622,170756,000000005101,1,7.99,7.99,0.00,0.00,S,6080940476,,USD,DB
70028005,01042,02,1,20260622,155328,000000093501,1,4.49,4.49,0.00,0.00,S,,,USD,CC
70028005,01042,02,2,20260622,155328,000004492001,1,1.79,1.79,0.00,0.11,S,,,USD,CC
70028006,01042,04,1,20260622,103827,000000005102,2,5.49,10.98,0.00,0.00,S,,,USD,DB
70028006,01042,04,2,20260622,103827,000000561002,1,7.49,7.49,0.00,0.47,S,,,USD,DB
70028006,01042,04,3,20260622,103827,000004493002,2,3.99,7.98,3.99,0.25,S,,BG26W20,USD,DB
70028007,01042,02,1,20260622,163104,000000552002,1,3.99,3.99,0.00,0.25,S,,,USD,DB
70028008,01107,03,1,20260622,214240,000000005013,1,3.89,3.89,0.00,0.00,S,6068550789,,USD,CC
70028008,01107,03,2,20260622,214240,000004473002,1,2.79,2.79,0.00,0.17,S,6068550789,,USD,CC
70028008,01107,03,3,20260622,214240,000004472002,1,4.49,4.49,0.00,0.28,S,6068550789,,USD,CC
70028008,01107,03,4,20260622,214240,000000040202,1,14.99,14.99,0.00,0.00,S,6068550789,,USD,CC
70028009,01107,05,1,20260622,215500,000004473001,1,2.99,2.99,0.00,0.19,S,,,USD,CS
70028010,01107,02,1,20260622,111931,000000040203,1,11.99,11.99,0.00,0.00,S,,,USD,DB
70028010,01107,02,2,20260622,111931,000000005012,1,3.99,3.99,0.00,0.00,S,,,USD,DB
70028010,01107,02,3,20260622,111931,000000561001,1,9.99,9.99,0.00,0.62,S,,,USD,DB
70028010,01107,02,4,20260622,111931,000000005202,1,5.99,5.99,0.00,0.00,S,,,USD,DB
70028010,01107,02,5,20260622,111931,000004472002,1,4.49,4.49,0.00,0.28,S,,,USD,DB
70028011,01107,02,1,20260622,93425,000000005103,2,6.99,13.98,6.99,0.00,S,,BG26W20,USD,CC
70028011,01107,02,2,20260622,93425,000000005202,2,5.99,11.98,5.99,0.00,S,,BG26W20,USD,CC
70028011,01107,02,3,20260622,93425,000004472001,2,3.99,7.98,3.99,0.25,S,,BG26W20,USD,CC
70028011,01107,02,4,20260622,93425,000000093503,1,4.29,4.29,0.00,0.00,S,,,USD,CC
70028012,01107,03,1,20260622,140743,000000005012,1,3.99,3.99,0.00,0.00,S,6009104300,,USD,CS
70028012,01107,03,2,20260622,140743,000000005201,1,3.99,3.99,0.00,0.00,S,6009104300,,USD,CS
70028012,01107,03,3,20260622,140743,000000040202,1,14.99,14.99,0.00,0.00,S,6009104300,,USD,CS
70028012,01107,03,4,20260622,140743,000000093322,2.175,1.99,4.33,0.00,0.00,S,6009104300,,USD,CS
70028013,01107,02,1,20260622,215934,000000005202,1,5.99,5.99,0.00,0.00,S,,,USD,GC
70028013,01107,02,2,20260622,215934,000000005103,3,6.99,20.97,6.99,0.00,S,,BG26W20,USD,GC
70028013,01107,02,3,20260622,215934,000000551020,1,13.99,13.99,0.00,0.87,S,,,USD,GC
70028014,01107,02,1,20260622,71116,000000005103,2,6.99,13.98,6.99,0.00,S,,BG26W20,USD,DB
70028014,01107,02,2,20260622,71116,000004493002,2,3.99,7.98,3.99,0.25,S,,BG26W20,USD,DB
70028014,01107,02,3,20260622,71116,000000005202,2,5.99,11.98,5.99,0.00,S,,BG26W20,USD,DB
70028015,02210,04,1,20260622,182818,000000020202,2,5.99,11.98,0.00,0.00,S,6005097545,,USD,DB
70028015,02210,04,2,20260622,182818,000000040201,1,8.99,8.99,0.00,0.00,S,6005097545,,USD,DB
70028015,02210,04,3,20260622,182818,000004481003,2,4.99,9.98,4.99,0.31,S,6005097545,BG26W21,USD,DB
70028015,02210,04,4,20260622,182818,000004481001,1,7.99,7.99,0.00,0.50,S,6005097545,,USD,DB
70028016,02210,05,1,20260622,71529,000000094301,1.033,4.39,4.53,0.00,0.00,S,6017087601,,USD,DB
70028016,02210,05,2,20260622,71529,000004481003,2,4.99,9.98,4.99,0.31,S,6017087601,BG26W21,USD,DB
70028016,02210,05,3,20260622,71529,000000020103,1,4.99,4.99,0.00,0.00,S,6017087601,,USD,DB
70028016,02210,05,4,20260622,71529,000000005013,2,3.89,7.78,0.00,0.00,S,6017087601,,USD,DB
70028016,02210,05,5,20260622,71529,000004472003,1,3.29,3.29,0.00,0.21,S,6017087601,,USD,DB
70028016,02210,05,6,20260622,71529,000004482001,2,13.99,27.98,13.99,0.87,S,6017087601,BG26W21,USD,DB
70028017,02210,01,1,20260622,143738,000004482001,2,13.99,27.98,13.99,0.87,S,6052873397,BG26W21,USD,CS
70028017,02210,01,2,20260622,143738,000000020102,1,3.49,3.49,0.00,0.00,S,6052873397,,USD,CS
70028017,02210,01,3,20260622,143738,000000561001,1,9.99,9.99,0.00,0.62,S,6052873397,,USD,CS
70028018,02210,02,1,20260622,122441,000000094101,2,3.99,7.98,0.00,0.00,S,6021667467,,USD,CC
70028019,02210,05,1,20260622,72746,000004482001,1,13.99,13.99,0.00,0.87,S,6053486401,,USD,CC
70028020,02210,01,1,20260622,212532,000000093503,1,4.29,4.29,0.00,0.00,S,6094562557,,USD,DB
70028021,02210,06,1,20260622,145452,000000094101,1,3.99,3.99,0.00,0.00,S,6058870715,,USD,DB
70028021,02210,06,2,20260622,145452,000000094103,2,3.79,7.58,3.79,0.00,S,6058870715,BG26W21,USD,DB
70028021,02210,06,3,20260622,145452,000000005103,1,6.99,6.99,0.00,0.00,S,6058870715,,USD,DB
70028021,02210,06,4,20260622,145452,000004482001,1,13.99,13.99,0.00,0.87,S,6058870715,,USD,DB
70028021,02210,06,5,20260622,145452,000000094102,2,3.49,6.98,3.49,0.00,S,6058870715,BG26W20,USD,DB
70028022,02210,03,1,20260622,141025,000004472001,1,3.99,3.99,0.00,0.25,S,,,USD,CC
70028022,02210,03,2,20260622,141025,000000005202,2,5.99,11.98,5.99,0.00,S,,BG26W20,USD,CC
70028022,02210,03,3,20260622,141025,000000094302,1.882,5.49,10.33,0.00,0.00,S,,,USD,CC
70028023,02210,02,1,20260622,121418,000000094201,0.377,1.69,0.64,0.00,0.00,S,6017656360,,USD,GC
70028023,02210,02,2,20260622,121418,000004472001,2,3.99,7.98,3.99,0.25,S,6017656360,BG26W20,USD,GC
70028023,02210,02,3,20260622,121418,000004482001,2,13.99,27.98,13.99,0.87,S,6017656360,BG26W21,USD,GC
70028024,02210,05,1,20260622,144159,000000005101,1,7.99,7.99,0.00,0.00,S,,,USD,GC
70028024,02210,05,2,20260622,144159,000000094201,1.837,1.69,3.10,0.00,0.00,S,,,USD,GC
70028024,02210,05,3,20260622,144159,000000040201,1,8.99,8.99,0.00,0.00,S,,,USD,GC
70028025,02210,03,1,20260622,105003,000000005013,1,3.89,3.89,0.00,0.00,S,6059119186,,USD,GC
70028025,02210,03,2,20260622,105003,000000094101,1,3.99,3.99,0.00,0.00,S,6059119186,,USD,GC
70028026,02210,02,1,20260622,203134,000004481003,2,4.99,9.98,4.99,0.31,S,6051240568,BG26W21,USD,CS
70028026,02210,02,2,20260622,203134,000004471023,1,3.49,3.49,0.00,0.22,S,6051240568,,USD,CS
70028026,02210,02,3,20260622,203134,000004491002,2,6.99,13.98,6.99,0.44,S,6051240568,BG26W20,USD,CS
70028026,02210,02,4,20260622,203134,000004472001,1,3.99,3.99,0.00,0.25,S,6051240568,,USD,CS
70028027,02305,02,1,20260622,154441,000004472001,2,3.99,7.98,3.99,0.25,S,,BG26W20,USD,CC
70028027,02305,02,2,20260622,154441,000004483001,2,4.99,9.98,0.00,0.62,S,,,USD,CC
70028027,02305,02,3,20260622,154441,000000093503,1,4.29,4.29,0.00,0.00,S,,,USD,CC
70028027,02305,02,4,20260622,154441,000000040202,1,14.99,14.99,0.00,0.00,S,,,USD,CC
70028027,02305,02,5,20260622,154441,000004483001,1,4.99,4.99,0.00,0.31,S,,,USD,CC
70028027,02305,02,6,20260622,154441,000004493002,2,3.99,7.98,3.99,0.25,S,,BG26W20,USD,CC
70028028,02305,05,1,20260622,114858,000000005012,1,3.99,3.99,0.00,0.00,S,,,USD,CS
70028029,02305,03,1,20260622,111218,000000020103,2,4.99,9.98,0.00,0.00,S,6066984902,,USD,CS
70028029,02305,03,2,20260622,111218,000004483001,1,4.99,4.99,0.00,0.31,S,6066984902,,USD,CS
70028029,02305,03,3,20260622,111218,000000040102,1.300,16.99,22.09,0.00,0.00,S,6066984902,,USD,CS
70028030,02305,06,1,20260622,131106,000000094201,0.519,1.69,0.88,0.00,0.00,R,,,USD,CC
70028031,02305,01,1,20260622,201159,000004472001,2,3.99,7.98,3.99,0.25,S,6090833506,BG26W20,USD,CS
70028031,02305,01,2,20260622,201159,000004491001,1,2.49,2.49,0.00,0.16,S,6090833506,,USD,CS
70028031,02305,01,3,20260622,201159,000000005201,2,3.99,7.98,0.00,0.00,S,6090833506,,USD,CS
70028031,02305,01,4,20260622,201159,000000020201,2,5.49,10.98,0.00,0.00,S,6090833506,,USD,CS
70028032,02305,01,1,20260622,105140,000000094301,1.250,4.39,5.49,0.00,0.00,S,6006065274,,USD,CC
70028033,02305,02,1,20260622,160014,000000005202,1,5.99,5.99,0.00,0.00,S,6050344694,,USD,CC
70028033,02305,02,2,20260622,160014,000000020202,1,5.99,5.99,0.00,0.00,S,6050344694,,USD,CC
70028033,02305,02,3,20260622,160014,000004493001,1,5.49,5.49,0.00,0.34,S,6050344694,,USD,CC
70028033,02305,02,4,20260622,160014,000000094103,1,3.79,3.79,0.00,0.00,S,6050344694,,USD,CC
70028033,02305,02,5,20260622,160014,000004483001,1,4.99,4.99,0.00,0.31,S,6050344694,,USD,CC
70028034,02305,04,1,20260622,85930,000000005301,1,5.49,5.49,0.00,0.00,S,6014837537,,USD,CS
70028034,02305,04,2,20260622,85930,000004473003,1,3.49,3.49,0.00,0.22,S,6014837537,,USD,CS
70028035,03050,05,1,20260622,201822,000000093410,0.294,3.99,1.17,0.00,0.00,S,,,USD,CC
70028036,03050,03,1,20260622,174405,000004483002,1,3.49,3.49,0.00,0.22,S,,,USD,CC
70028037,03050,06,1,20260622,81707,000000020102,1,3.49,3.49,0.00,0.00,S,6092513271,,USD,CC
70028037,03050,06,2,20260622,81707,000000005012,1,3.99,3.99,0.00,0.00,S,6092513271,,USD,CC
70028038,03050,01,1,20260622,95029,000004472001,2,3.99,7.98,3.99,0.25,S,6066742860,BG26W20,USD,CC
70028039,03050,02,1,20260622,183527,000000040101,0.642,18.99,12.19,0.00,0.00,S,,,USD,GC
70028039,03050,02,2,20260622,183527,000004483001,1,4.99,4.99,0.00,0.31,S,,,USD,GC
70028040,03050,04,1,20260622,75834,000004492002,1,1.49,1.49,0.00,0.09,S,,,USD,DB
70028040,03050,04,2,20260622,75834,000004471023,1,3.49,3.49,0.00,0.22,S,,,USD,DB
70028040,03050,04,3,20260622,75834,000000020101,1,2.49,2.49,0.00,0.00,S,,,USD,DB
70028040,03050,04,4,20260622,75834,000004483001,1,4.99,4.99,0.00,0.31,S,,,USD,DB
70028040,03050,04,5,20260622,75834,000000094201,1.165,1.69,1.97,0.00,0.00,S,,,USD,DB
70028041,03050,04,1,20260622,210519,000000005202,2,5.99,11.98,5.99,0.00,S,,BG26W20,USD,DB
70028041,03050,04,2,20260622,210519,000004482002,1,17.99,17.99,0.00,1.12,S,,,USD,DB
70028042,03050,04,1,20260622,74727,000000561001,1,9.99,9.99,0.00,0.62,S,,,USD,CC
70028043,03050,04,1,20260622,193131,000004471040,1,2.49,2.49,0.00,0.16,S,,,USD,DB
70028044,00317,06,1,20260622,160057,000000020202,1,8.09,8.09,0.00,0.00,S,6037312552,,CAD,CC
70028044,00317,06,2,20260622,160057,000000030202,1,15.59,15.59,0.00,0.00,S,6037312552,,CAD,CC
70028044,00317,06,3,20260622,160057,000000020101,1,3.39,3.39,0.00,0.00,S,6037312552,,CAD,CC
70028044,00317,06,4,20260622,160057,000004492050,2,2.99,5.98,0.00,0.37,S,6037312552,,CAD,CC
70028044,00317,06,5,20260622,160057,000000094102,2,4.69,9.38,4.69,0.00,S,6037312552,BG26W20,CAD,CC
70028044,00317,06,6,20260622,160057,000004472050,2,5.39,10.78,0.00,0.67,S,6037312552,,CAD,CC
70028045,00317,05,1,20260622,152543,000000005302,2,4.69,9.38,0.00,0.00,S,6025652704,,CAD,CC
70028045,00317,05,2,20260622,152543,000004472002,3,6.09,18.27,0.00,1.14,S,6025652704,,CAD,CC
70028046,00317,03,1,20260622,75149,000000040102,1.092,23.09,25.21,0.00,0.00,S,,,CAD,DB
70028046,00317,03,2,20260622,75149,000000093502,1,5.39,5.39,0.00,0.00,S,,,CAD,DB
70028047,00317,03,1,20260622,124115,000004472001,2,5.39,10.78,5.39,0.34,S,6001372151,BG26W20,CAD,DB
70028048,00317,03,1,20260622,192356,000004472002,1,6.09,6.09,0.00,0.38,S,,,CAD,DB
70028048,00317,03,2,20260622,192356,000000040203,1,16.29,16.29,0.00,0.00,S,,,CAD,DB
70028049,00322,05,1,20260622,213318,000004492003,1,3.09,3.09,0.00,0.19,S,6042752308,,CAD,CS
70028049,00322,05,2,20260622,213318,000004483002,1,4.69,4.69,0.00,0.29,S,6042752308,,CAD,CS
70028050,00322,05,1,20260622,74742,000000005202,2,8.09,16.18,8.09,0.00,S,,BG26W20,CAD,CC
70028050,00322,05,2,20260622,74742,000000562002,1,11.49,11.49,0.00,0.72,S,,,CAD,CC
70028050,00322,05,3,20260622,74742,000000020201,1,7.49,7.49,0.00,0.00,S,,,CAD,CC
70028050,00322,05,4,20260622,74742,000000552001,1,6.09,6.09,0.00,0.38,S,,,CAD,CC
70028050,00322,05,5,20260622,74742,000004491002,2,9.49,18.98,9.49,0.59,S,,BG26W20,CAD,CC
70028050,00322,05,6,20260622,74742,000004473002,1,3.79,3.79,0.00,0.24,S,,,CAD,CC
70028051,00322,04,1,20260622,112126,000000094202,1.033,2.69,2.78,0.00,0.00,S,,,CAD,CC
70028051,00322,04,2,20260622,112126,000000040101,1.169,25.79,30.15,0.00,0.00,S,,,CAD,CC
70028052,00322,04,1,20260622,110307,000000005103,2,9.49,18.98,9.49,0.00,S,,BG26W20,CAD,DB
70028053,00322,03,1,20260622,113217,000000094202,1.070,2.69,2.88,0.00,0.00,S,,,CAD,CC
70028053,00322,03,2,20260622,113217,000004471023,2,4.69,9.38,0.00,0.59,S,,,CAD,CC
70028054,00322,04,1,20260622,93632,000004493002,2,5.39,10.78,5.39,0.34,S,6077220054,BG26W20,CAD,DB
70028054,00322,04,2,20260622,93632,000004493002,2,5.39,10.78,5.39,0.34,S,6077220054,BG26W20,CAD,DB
70028054,00322,04,3,20260622,93632,000004493002,2,5.39,10.78,5.39,0.34,S,6077220054,BG26W20,CAD,DB
70028054,00322,04,4,20260622,93632,000000020201,1,7.49,7.49,0.00,0.00,S,6077220054,,CAD,DB
70028054,00322,04,5,20260622,93632,000004491003,2,2.69,5.38,0.00,0.34,S,6077220054,,CAD,DB
70028055,00322,05,1,20260622,144350,000000093321,1.424,1.99,2.83,0.00,0.00,S,,,CAD,DB
70028055,00322,05,2,20260622,144350,000000005201,1,5.39,5.39,0.00,0.00,S,,,CAD,DB
70028056,01042,03,1,20260623,185940,000004471030,1,3.99,3.99,0.00,0.25,S,6026527354,,USD,DB
70028056,01042,03,2,20260623,185940,000000094102,2,3.49,6.98,3.49,0.00,S,6026527354,BG26W20,USD,DB
70028056,01042,03,3,20260623,185940,000000030203,1,8.49,8.49,0.00,0.00,S,6026527354,,USD,DB
70028056,01042,03,4,20260623,185940,000004481003,1,4.99,4.99,0.00,0.31,S,6026527354,,USD,DB
70028057,01042,03,1,20260623,150911,000004492003,1,2.29,2.29,0.00,0.14,S,,,USD,GC
70028057,01042,03,2,20260623,150911,000000040201,1,8.99,8.99,0.00,0.00,S,,,USD,GC
70028057,01042,03,3,20260623,150911,000000093322,1.634,1.99,3.25,0.00,0.00,S,,,USD,GC
70028057,01042,03,4,20260623,150911,000000020102,1,3.49,3.49,0.00,0.00,S,,,USD,GC
70028058,01042,04,1,20260623,82421,000000005102,3,5.49,16.47,0.00,0.00,S,6079334101,,USD,GC
70028058,01042,04,2,20260623,82421,000004493002,2,3.99,7.98,3.99,0.25,S,6079334101,BG26W20,USD,GC
70028058,01042,04,3,20260623,82421,000000005302,1,3.49,3.49,0.00,0.00,S,6079334101,,USD,GC
70028058,01042,04,4,20260623,82421,000000040102,0.606,16.99,10.30,0.00,0.00,S,6079334101,,USD,GC
70028059,01042,03,1,20260623,212405,000004471030,1,3.99,3.99,0.00,0.25,S,6049021666,,USD,CS
70028060,01042,06,1,20260623,201641,000004472003,2,3.29,6.58,0.00,0.41,S,6024938430,,USD,CC
70028060,01042,06,2,20260623,201641,000004473003,2,3.49,6.98,0.00,0.44,S,6024938430,,USD,CC
70028060,01042,06,3,20260623,201641,000000094102,1,3.49,3.49,0.00,0.00,S,6024938430,,USD,CC
70028061,01042,02,1,20260623,74351,000000031101,1.238,24.99,30.94,0.00,0.00,S,6055416431,,USD,DB
70028061,01042,02,2,20260623,74351,000000094103,2,3.79,7.58,3.79,0.00,S,6055416431,BG26W21,USD,DB
70028062,01042,04,1,20260623,165613,000004471023,2,3.49,6.98,0.00,0.44,S,6056481491,,USD,GC
70028062,01042,04,2,20260623,165613,000004491001,1,2.49,2.49,0.00,0.16,S,6056481491,,USD,GC
70028062,01042,04,3,20260623,165613,000000040201,1,8.99,8.99,0.00,0.00,S,6056481491,,USD,GC
70028062,01042,04,4,20260623,165613,000000093502,1,3.99,3.99,0.00,0.00,S,6056481491,,USD,GC
70028063,01042,03,1,20260623,212032,000000561001,1,9.99,9.99,0.00,0.62,S,,,USD,GC
70028064,01107,04,1,20260623,204242,000000093503,1,4.29,4.29,0.00,0.00,S,,,USD,CC
70028064,01107,04,2,20260623,204242,000004472003,1,3.29,3.29,0.00,0.21,S,,,USD,CC
70028064,01107,04,3,20260623,204242,000000005013,2,3.89,7.78,0.00,0.00,S,,,USD,CC
70028065,01107,06,1,20260623,213709,000004471030,1,3.99,3.99,0.00,0.25,S,,,USD,CS
70028065,01107,06,2,20260623,213709,000000040101,0.949,18.99,18.02,0.00,0.00,S,,,USD,CS
70028065,01107,06,3,20260623,213709,000000005102,1,5.49,5.49,0.00,0.00,S,,,USD,CS
70028065,01107,06,4,20260623,213709,000000020101,1,2.49,2.49,0.00,0.00,S,,,USD,CS
70028066,01107,02,1,20260623,70521,000004472003,1,3.29,3.29,0.00,0.21,S,,,USD,CC
70028066,01107,02,2,20260623,70521,000000005103,2,6.99,13.98,6.99,0.00,S,,BG26W20,USD,CC
70028066,01107,02,3,20260623,70521,000004483001,1,4.99,4.99,0.00,0.31,S,,,USD,CC
70028066,01107,02,4,20260623,70521,000004471023,1,3.49,3.49,0.00,0.22,S,,,USD,CC
70028066,01107,02,5,20260623,70521,000000040202,2,14.99,29.98,0.00,0.00,S,,,USD,CC
70028066,01107,02,6,20260623,70521,000000020201,1,5.49,5.49,0.00,0.00,S,,,USD,CC
70028067,01107,06,1,20260623,205309,000004493001,1,5.49,5.49,0.00,0.34,S,6060685361,,USD,CC
70028067,01107,06,2,20260623,205309,000000005020,1,4.49,4.49,0.00,0.00,S,6060685361,,USD,CC
70028067,01107,06,3,20260623,205309,000000005013,1,3.89,3.89,0.00,0.00,S,6060685361,,USD,CC
70028067,01107,06,4,20260623,205309,000000561002,2,7.49,14.98,0.00,0.94,S,6060685361,,USD,CC
70028068,02210,03,1,20260623,103303,000000005103,2,6.99,13.98,6.99,0.00,S,,BG26W20,USD,GC
70028068,02210,03,2,20260623,103303,000000030203,2,8.49,16.98,0.00,0.00,S,,,USD,GC
70028068,02210,03,3,20260623,103303,000004481001,1,7.99,7.99,0.00,0.50,S,,,USD,GC
70028068,02210,03,4,20260623,103303,000000094103,1,3.79,3.79,0.00,0.00,S,,,USD,GC
70028069,02210,01,1,20260623,180723,000000030101,1,6.99,6.99,0.00,0.00,S,6025913651,,USD,GC
70028069,02210,01,2,20260623,180723,000000094202,1.109,1.99,2.21,0.00,0.00,S,6025913651,,USD,GC
70028069,02210,01,3,20260623,180723,000000551021,3,11.99,35.97,0.00,2.25,S,6025913651,,USD,GC
70028069,02210,01,4,20260623,180723,000000020102,1,3.49,3.49,0.00,0.00,S,6025913651,,USD,GC
70028069,02210,01,5,20260623,180723,000000094202,1.825,1.99,3.63,0.00,0.00,S,6025913651,,USD,GC
70028069,02210,01,6,20260623,180723,000000020201,1,5.49,5.49,0.00,0.00,S,6025913651,,USD,GC
70028070,02210,02,1,20260623,85716,000000040201,1,8.99,8.99,0.00,0.00,S,6045273466,,USD,DB
70028071,02210,05,1,20260623,185816,000004473001,1,2.99,2.99,0.00,0.19,S,6090947985,,USD,CC
70028071,02210,05,2,20260623,185816,000000030202,1,11.49,11.49,0.00,0.00,S,6090947985,,USD,CC
70028071,02210,05,3,20260623,185816,000000040203,1,11.99,11.99,0.00,0.00,S,6090947985,,USD,CC
70028071,02210,05,4,20260623,185816,000004472001,1,3.99,3.99,0.00,0.25,S,6090947985,,USD,CC
70028072,02210,03,1,20260623,145402,000000005012,1,3.99,3.99,0.00,0.00,S,,,USD,CS
70028072,02210,03,2,20260623,145402,000000005201,3,3.99,11.97,0.00,0.00,S,,,USD,CS
70028072,02210,03,3,20260623,145402,000000094203,1.805,1.49,2.69,0.00,0.00,S,,,USD,CS
70028072,02210,03,4,20260623,145402,000000562001,3,10.99,32.97,0.00,2.06,S,,,USD,CS
70028073,02210,01,1,20260623,175730,000000552002,1,3.99,3.99,0.00,0.25,R,,,USD,CS
70028074,02210,06,1,20260623,201556,000000030202,1,11.49,11.49,0.00,0.00,S,,,USD,GC
70028075,02210,03,1,20260623,175549,000000562002,1,8.49,8.49,0.00,0.53,R,6059119186,,USD,DB
70028076,02210,02,1,20260623,150532,000004491002,2,6.99,13.98,6.99,0.44,S,6084577600,BG26W20,USD,CS
70028076,02210,02,2,20260623,150532,000000030103,1,8.99,8.99,0.00,0.00,S,6084577600,,USD,CS
70028077,02305,06,1,20260623,142822,000000094302,0.935,5.49,5.13,0.00,0.00,S,6006503121,,USD,CS
70028077,02305,06,2,20260623,142822,000000005201,3,3.99,11.97,0.00,0.00,S,6006503121,,USD,CS
70028077,02305,06,3,20260623,142822,000000005202,2,5.99,11.98,5.99,0.00,S,6006503121,BG26W20,USD,CS
70028078,02305,04,1,20260623,75429,000000552002,1,3.99,3.99,0.00,0.25,S,,,USD,DB
70028078,02305,04,2,20260623,75429,000000093410,1.816,3.99,7.25,0.00,0.00,S,,,USD,DB
70028078,02305,04,3,20260623,75429,000004492003,1,2.29,2.29,0.00,0.14,S,,,USD,DB
70028079,02305,01,1,20260623,102251,000000005201,3,3.99,11.97,0.00,0.00,S,6056259045,,USD,GC
70028079,02305,01,2,20260623,102251,000004473003,2,3.49,6.98,0.00,0.44,S,6056259045,,USD,GC
70028080,02305,04,1,20260623,153225,000000552002,1,3.99,3.99,0.00,0.25,S,,,USD,DB
70028081,02305,06,1,20260623,180632,000000030203,2,8.49,16.98,0.00,0.00,S,6078280647,,USD,CS
70028081,02305,06,2,20260623,180632,000000005012,1,3.99,3.99,0.00,0.00,S,6078280647,,USD,CS
70028081,02305,06,3,20260623,180632,000004483002,1,3.49,3.49,0.00,0.22,S,6078280647,,USD,CS
70028081,02305,06,4,20260623,180632,000004483001,1,4.99,4.99,0.00,0.31,S,6078280647,,USD,CS
70028081,02305,06,5,20260623,180632,000000094103,2,3.79,7.58,3.79,0.00,S,6078280647,BG26W21,USD,CS
70028082,02305,01,1,20260623,104452,000000093401,2.126,5.49,11.67,0.00,0.00,S,,,USD,GC
70028082,02305,01,2,20260623,104452,000000005302,1,3.49,3.49,0.00,0.00,S,,,USD,GC
70028082,02305,01,3,20260623,104452,000000005301,1,5.49,5.49,0.00,0.00,S,,,USD,GC
70028082,02305,01,4,20260623,104452,000000040202,1,14.99,14.99,0.00,0.00,S,,,USD,GC
70028083,02305,03,1,20260623,73503,000004472003,1,3.29,3.29,0.00,0.21,S,6069212447,,USD,CC
70028083,02305,03,2,20260623,73503,000004481001,1,7.99,7.99,0.00,0.50,S,6069212447,,USD,CC
70028084,02305,06,1,20260623,120512,000000031102,1.988,19.99,39.74,0.00,0.00,S,,,USD,DB
70028084,02305,06,2,20260623,120512,000004473003,1,3.49,3.49,0.00,0.22,S,,,USD,DB
70028084,02305,06,3,20260623,120512,000000020201,1,5.49,5.49,0.00,0.00,S,,,USD,DB
70028084,02305,06,4,20260623,120512,000000005302,3,3.49,10.47,0.00,0.00,S,,,USD,DB
70028085,03050,04,1,20260623,122618,000000005013,1,3.89,3.89,0.00,0.00,S,6093466766,,USD,DB
70028085,03050,04,2,20260623,122618,000000005301,1,5.49,5.49,0.00,0.00,S,6093466766,,USD,DB
70028085,03050,04,3,20260623,122618,000000020103,1,4.99,4.99,0.00,0.00,S,6093466766,,USD,DB
70028085,03050,04,4,20260623,122618,000000552001,1,4.49,4.49,0.00,0.28,S,6093466766,,USD,DB
70028085,03050,04,5,20260623,122618,000000562001,2,10.99,21.98,0.00,1.37,S,6093466766,,USD,DB
70028086,03050,06,1,20260623,124648,000004471040,2,2.49,4.98,0.00,0.31,S,6068550789,,USD,CS
70028087,03050,03,1,20260623,125532,000004492001,1,1.79,1.79,0.00,0.11,S,6042271133,,USD,GC
70028087,03050,03,2,20260623,125532,000000093501,1,4.49,4.49,0.00,0.00,S,6042271133,,USD,GC
70028088,03050,06,1,20260623,194813,000004493001,2,5.49,10.98,0.00,0.69,S,,,USD,DB
70028088,03050,06,2,20260623,194813,000004473001,1,2.99,2.99,0.00,0.19,S,,,USD,DB
70028088,03050,06,3,20260623,194813,000000093402,1.096,3.29,3.61,0.00,0.00,S,,,USD,DB
70028088,03050,06,4,20260623,194813,000000094103,2,3.79,7.58,3.79,0.00,S,,BG26W21,USD,DB
70028089,03050,05,1,20260623,183245,000000005102,1,5.49,5.49,0.00,0.00,R,,,USD,DB
70028090,03050,04,1,20260623,194418,000000094201,1.035,1.69,1.75,0.00,0.00,S,,,USD,CC
70028091,03050,05,1,20260623,114047,000000561001,1,9.99,9.99,0.00,0.62,S,,,USD,CS
70028092,03050,01,1,20260623,124345,000004472002,1,4.49,4.49,0.00,0.28,S,6035707139,,USD,DB
70028092,03050,01,2,20260623,124345,000000093401,0.489,5.49,2.68,0.00,0.00,S,6035707139,,USD,DB
70028093,03050,06,1,20260623,200451,000000093503,1,4.29,4.29,0.00,0.00,S,6059970629,,USD,CC
70028093,03050,06,2,20260623,200451,000000005020,1,4.49,4.49,0.00,0.00,S,6059970629,,USD,CC
70028093,03050,06,3,20260623,200451,000000093322,0.379,1.99,0.75,0.00,0.00,S,6059970629,,USD,CC
70028093,03050,06,4,20260623,200451,000000005012,1,3.99,3.99,0.00,0.00,S,6059970629,,USD,CC
70028093,03050,06,5,20260623,200451,000000030202,1,11.49,11.49,0.00,0.00,S,6059970629,,USD,CC
70028094,03050,05,1,20260623,120737,000004481003,2,4.99,9.98,4.99,0.31,S,6044260781,BG26W21,USD,DB
70028094,03050,05,2,20260623,120737,000004492002,2,1.49,2.98,0.00,0.19,S,6044260781,,USD,DB
70028095,00317,02,1,20260623,90753,000000005102,2,7.49,14.98,0.00,0.00,S,,,CAD,DB
70028096,00317,06,1,20260623,70111,000000030203,1,11.49,11.49,0.00,0.00,S,6078498436,,CAD,CC
70028096,00317,06,2,20260623,70111,000004472003,2,4.49,8.98,0.00,0.56,S,6078498436,,CAD,CC
70028096,00317,06,3,20260623,70111,000004472002,1,6.09,6.09,0.00,0.38,S,6078498436,,CAD,CC
70028097,00317,04,1,20260623,214545,000000040101,0.606,25.79,15.63,0.00,0.00,S,6036533774,,CAD,CC
70028098,00317,99,1,20260623,80426,000004493002,1,5.39,5.39,0.00,0.34,S,6090705626,,CAD,CS
70028098,00317,99,2,20260623,80426,000004493001,2,7.49,14.98,0.00,0.94,S,6090705626,,CAD,CS
70028098,00317,99,3,20260623,80426,000000094203,1.593,1.99,3.17,0.00,0.00,S,6090705626,,CAD,CS
70028098,00317,99,4,20260623,80426,000000093410,1.744,5.39,9.40,0.00,0.00,S,6090705626,,CAD,CS
70028099,00317,03,1,20260623,80622,000000005013,1,5.29,5.29,0.00,0.00,S,6082683230,,CAD,CC
70028099,00317,03,2,20260623,80622,000000005301,1,7.49,7.49,0.00,0.00,S,6082683230,,CAD,CC
70028099,00317,03,3,20260623,80622,000004492050,1,2.99,2.99,0.00,0.19,S,6082683230,,CAD,CC
70028099,00317,03,4,20260623,80622,000000552002,1,5.39,5.39,0.00,0.34,S,6082683230,,CAD,CC
70028100,00317,01,1,20260623,190932,000004493002,2,5.39,10.78,5.39,0.34,S,,BG26W20,CAD,DB
70028100,00317,01,2,20260623,190932,000000031102,1.390,27.19,37.79,0.00,0.00,S,,,CAD,DB
70028100,00317,01,3,20260623,190932,000004481001,1,10.89,10.89,0.00,0.68,S,,,CAD,DB
70028100,00317,01,4,20260623,190932,000004473001,1,4.09,4.09,0.00,0.26,S,,,CAD,DB
70028100,00317,01,5,20260623,190932,000004481001,1,10.89,10.89,0.00,0.68,S,,,CAD,DB
70028100,00317,01,6,20260623,190932,000004491002,2,9.49,18.98,9.49,0.59,S,,BG26W20,CAD,DB
70028101,00317,06,1,20260623,93548,000000040203,1,16.29,16.29,0.00,0.00,S,,,CAD,CS
70028101,00317,06,2,20260623,93548,000004493001,1,7.49,7.49,0.00,0.47,S,,,CAD,CS
70028101,00317,06,3,20260623,93548,000000093502,1,5.39,5.39,0.00,0.00,S,,,CAD,CS
70028102,00317,04,1,20260623,200515,000000005202,1,8.09,8.09,0.00,0.00,S,6062127602,,CAD,CS
70028102,00317,04,2,20260623,200515,000000561002,1,10.19,10.19,0.00,0.64,S,6062127602,,CAD,CS
70028102,00317,04,3,20260623,200515,000004491003,1,2.69,2.69,0.00,0.17,S,6062127602,,CAD,CS
70028103,00322,01,1,20260623,115443,000004472001,2,5.39,10.78,5.39,0.34,S,6084229405,BG26W20,CAD,CC
70028103,00322,01,2,20260623,115443,000000020101,2,3.39,6.78,0.00,0.00,S,6084229405,,CAD,CC
70028103,00322,01,3,20260623,115443,000000005013,1,5.29,5.29,0.00,0.00,S,6084229405,,CAD,CC
70028103,00322,01,4,20260623,115443,000000040101,2.137,25.79,55.11,0.00,0.00,S,6084229405,,CAD,CC
70028103,00322,01,5,20260623,115443,000004473002,1,3.79,3.79,0.00,0.24,S,6084229405,,CAD,CC
70028103,00322,01,6,20260623,115443,000000005201,2,5.39,10.78,0.00,0.00,S,6084229405,,CAD,CC
70028104,00322,06,1,20260623,102916,000000005103,2,9.49,18.98,9.49,0.00,S,6052088547,BG26W20,CAD,CC
70028104,00322,06,2,20260623,102916,000000020101,2,3.39,6.78,0.00,0.00,S,6052088547,,CAD,CC
70028105,00322,02,1,20260623,200853,000000551021,2,16.29,32.58,0.00,2.04,S,,,CAD,CS
70028105,00322,02,2,20260623,200853,000000005202,1,8.09,8.09,0.00,0.00,S,,,CAD,CS
70028105,00322,02,3,20260623,200853,000004472050,1,5.39,5.39,0.00,0.34,S,,,CAD,CS
70028105,00322,02,4,20260623,200853,000000020202,1,8.09,8.09,0.00,0.00,S,,,CAD,CS
70028105,00322,02,5,20260623,200853,000004481003,1,6.79,6.79,0.00,0.42,S,,,CAD,CS
70028106,01042,01,1,20260624,190313,000000005202,2,5.99,11.98,5.99,0.00,S,,BG26W20,USD,DB
70028106,01042,01,2,20260624,190313,000000040203,2,11.99,23.98,0.00,0.00,S,,,USD,DB
70028106,01042,01,3,20260624,190313,000000005102,2,5.49,10.98,0.00,0.00,S,,,USD,DB
70028107,01042,02,1,20260624,81126,000000005020,1,4.49,4.49,0.00,0.00,S,,,USD,CC
70028107,01042,02,2,20260624,81126,000000093401,0.290,5.49,1.59,0.00,0.00,S,,,USD,CC
70028108,01042,02,1,20260624,214856,000000005103,2,6.99,13.98,6.99,0.00,S,6026527354,BG26W20,USD,CC
70028108,01042,02,2,20260624,214856,000000040201,1,8.99,8.99,0.00,0.00,S,6026527354,,USD,CC
70028109,01042,06,1,20260624,85357,000000005103,3,6.99,20.97,6.99,0.00,S,,BG26W20,USD,GC
70028109,01042,06,2,20260624,85357,000000093401,0.568,5.49,3.12,0.00,0.00,S,,,USD,GC
70028110,01042,01,1,20260624,201349,000000551020,1,13.99,13.99,0.00,0.87,S,,,USD,CC
70028111,01042,04,1,20260624,174652,000000030102,2,14.99,29.98,0.00,0.00,S,6058891637,,USD,CC
70028112,01042,05,1,20260624,100255,000000020101,1,2.49,2.49,0.00,0.00,S,6085188888,,USD,GC
70028112,01042,05,2,20260624,100255,000000093503,1,4.29,4.29,0.00,0.00,S,6085188888,,USD,GC
70028113,01042,06,1,20260624,200153,000000020102,1,3.49,3.49,0.00,0.00,S,,,USD,DB
70028113,01042,06,2,20260624,200153,000000020201,1,5.49,5.49,0.00,0.00,S,,,USD,DB
70028113,01042,06,3,20260624,200153,000004491001,1,2.49,2.49,0.00,0.16,S,,,USD,DB
70028113,01042,06,4,20260624,200153,000004472002,1,4.49,4.49,0.00,0.28,S,,,USD,DB
70028114,01042,02,1,20260624,200254,000000094101,1,3.99,3.99,0.00,0.00,S,,,USD,CC
70028115,01042,06,1,20260624,115214,000004472002,1,4.49,4.49,0.00,0.28,S,,,USD,DB
70028115,01042,06,2,20260624,115214,000000552001,1,4.49,4.49,0.00,0.28,S,,,USD,DB
70028116,01107,02,1,20260624,151724,000000040201,1,8.99,8.99,0.00,0.00,S,,,USD,CC
70028117,01107,06,1,20260624,215412,000000005103,2,6.99,13.98,6.99,0.00,S,6057724599,BG26W20,USD,CS
70028117,01107,06,2,20260624,215412,000000020102,1,3.49,3.49,0.00,0.00,S,6057724599,,USD,CS
70028117,01107,06,3,20260624,215412,000004482003,1,5.49,5.49,0.00,0.34,S,6057724599,,USD,CS
70028117,01107,06,4,20260624,215412,000000094202,1.047,1.99,2.08,0.00,0.00,S,6057724599,,USD,CS
70028117,01107,06,5,20260624,215412,000004471030,1,3.99,3.99,0.00,0.25,S,6057724599,,USD,CS
70028118,01107,06,1,20260624,83055,000004481003,1,4.99,4.99,0.00,0.31,S,,,USD,GC
70028118,01107,06,2,20260624,83055,000004472003,2,3.29,6.58,0.00,0.41,S,,,USD,GC
70028118,01107,06,3,20260624,83055,000000020202,1,5.99,5.99,0.00,0.00,S,,,USD,GC
70028118,01107,06,4,20260624,83055,000004493002,2,3.99,7.98,3.99,0.25,S,,BG26W20,USD,GC
70028118,01107,06,5,20260624,83055,000004491002,2,6.99,13.98,6.99,0.44,S,,BG26W20,USD,GC
70028119,01107,02,1,20260624,215532,000004492003,1,2.29,2.29,0.00,0.14,S,,,USD,CS
70028119,01107,02,2,20260624,215532,000004473002,1,2.79,2.79,0.00,0.17,S,,,USD,CS
70028119,01107,02,3,20260624,215532,000000094103,2,3.79,7.58,3.79,0.00,S,,BG26W21,USD,CS
70028119,01107,02,4,20260624,215532,000004482002,1,17.99,17.99,0.00,1.12,S,,,USD,CS
70028119,01107,02,5,20260624,215532,000004483002,1,3.49,3.49,0.00,0.22,S,,,USD,CS
70028120,01107,06,1,20260624,194832,000000040101,1.189,18.99,22.58,0.00,0.00,S,,,USD,CC
70028120,01107,06,2,20260624,194832,000000040203,1,11.99,11.99,0.00,0.00,S,,,USD,CC
70028120,01107,06,3,20260624,194832,000000005201,2,3.99,7.98,0.00,0.00,S,,,USD,CC
70028120,01107,06,4,20260624,194832,000004482001,2,13.99,27.98,13.99,0.87,S,,BG26W21,USD,CC
70028120,01107,06,5,20260624,194832,000004481003,2,4.99,9.98,4.99,0.31,S,,BG26W21,USD,CC
70028120,01107,06,6,20260624,194832,000000020202,2,5.99,11.98,0.00,0.00,S,,,USD,CC
70028121,02210,05,1,20260624,151725,000004493001,3,5.49,16.47,0.00,1.03,S,,,USD,GC
70028121,02210,05,2,20260624,151725,000004473003,1,3.49,3.49,0.00,0.22,S,,,USD,GC
70028122,02210,06,1,20260624,140514,000004473001,1,2.99,2.99,0.00,0.19,S,6053486401,,USD,DB
70028123,02210,03,1,20260624,213308,000000093410,1.842,3.99,7.35,0.00,0.00,S,,,USD,CC
70028123,02210,03,2,20260624,213308,000000551021,2,11.99,23.98,0.00,1.50,S,,,USD,CC
70028123,02210,03,3,20260624,213308,000000094202,2.018,1.99,4.02,0.00,0.00,S,,,USD,CC
70028123,02210,03,4,20260624,213308,000000094202,1.889,1.99,3.76,0.00,0.00,S,,,USD,CC
70028124,02210,05,1,20260624,110522,000000005020,1,4.49,4.49,0.00,0.00,S,6040433504,,USD,CC
70028124,02210,05,2,20260624,110522,000004481003,2,4.99,9.98,4.99,0.31,S,6040433504,BG26W21,USD,CC
70028124,02210,05,3,20260624,110522,000000031102,1.288,19.99,25.75,0.00,0.00,S,6040433504,,USD,CC
70028124,02210,05,4,20260624,110522,000004473002,3,2.79,8.37,0.00,0.52,S,6040433504,,USD,CC
70028125,02210,01,1,20260624,90501,000004482002,1,17.99,17.99,0.00,1.12,S,,,USD,CS
70028125,02210,01,2,20260624,90501,000000020101,3,2.49,7.47,0.00,0.00,S,,,USD,CS
70028126,02210,01,1,20260624,105503,000000040202,1,14.99,14.99,0.00,0.00,S,6007200642,,USD,DB
70028126,02210,01,2,20260624,105503,000000093503,1,4.29,4.29,0.00,0.00,S,6007200642,,USD,DB
70028126,02210,01,3,20260624,105503,000000020102,1,3.49,3.49,0.00,0.00,S,6007200642,,USD,DB
70028126,02210,01,4,20260624,105503,000004493002,1,3.99,3.99,0.00,0.25,S,6007200642,,USD,DB
70028126,02210,01,5,20260624,105503,000000030202,1,11.49,11.49,0.00,0.00,S,6007200642,,USD,DB
70028127,02210,04,1,20260624,133839,000000005101,1,7.99,7.99,0.00,0.00,S,6082097023,,USD,CC
70028127,02210,04,2,20260624,133839,000004491002,1,6.99,6.99,0.00,0.44,S,6082097023,,USD,CC
70028127,02210,04,3,20260624,133839,000000031102,0.590,19.99,11.79,0.00,0.00,S,6082097023,,USD,CC
70028128,02210,02,1,20260624,155839,000004491002,2,6.99,13.98,6.99,0.44,S,6017087601,BG26W20,USD,GC
70028128,02210,02,2,20260624,155839,000000005013,2,3.89,7.78,0.00,0.00,S,6017087601,,USD,GC
70028128,02210,02,3,20260624,155839,000004473001,2,2.99,5.98,0.00,0.37,S,6017087601,,USD,GC
70028129,02305,01,1,20260624,130411,000000040202,1,14.99,14.99,0.00,0.00,S,6055416431,,USD,CS
70028129,02305,01,2,20260624,130411,000000005020,1,4.49,4.49,0.00,0.00,S,6055416431,,USD,CS
70028129,02305,01,3,20260624,130411,000000005012,2,3.99,7.98,0.00,0.00,S,6055416431,,USD,CS
70028129,02305,01,4,20260624,130411,000004473001,1,2.99,2.99,0.00,0.19,S,6055416431,,USD,CS
70028129,02305,01,5,20260624,130411,000004491002,2,6.99,13.98,6.99,0.44,S,6055416431,BG26W20,USD,CS
70028129,02305,01,6,20260624,130411,000000005301,1,5.49,5.49,0.00,0.00,S,6055416431,,USD,CS
70028130,02305,03,1,20260624,193943,000000094302,0.803,5.49,4.41,0.00,0.00,S,,,USD,CC
70028130,02305,03,2,20260624,193943,000000094103,2,3.79,7.58,3.79,0.00,S,,BG26W21,USD,CC
70028130,02305,03,3,20260624,193943,000000093410,0.444,3.99,1.77,0.00,0.00,S,,,USD,CC
70028130,02305,03,4,20260624,193943,000004492001,1,1.79,1.79,0.00,0.11,S,,,USD,CC
70028130,02305,03,5,20260624,193943,000000040102,0.832,16.99,14.14,0.00,0.00,S,,,USD,CC
70028131,02305,04,1,20260624,150630,000000030203,2,8.49,16.98,0.00,0.00,S,,,USD,DB
70028131,02305,04,2,20260624,150630,000000094202,0.871,1.99,1.73,0.00,0.00,S,,,USD,DB
70028131,02305,04,3,20260624,150630,000000094102,2,3.49,6.98,3.49,0.00,S,,BG26W20,USD,DB
70028131,02305,04,4,20260624,150630,000004483001,1,4.99,4.99,0.00,0.31,S,,,USD,DB
70028131,02305,04,5,20260624,150630,000004482002,2,17.99,35.98,0.00,2.25,S,,,USD,DB
70028132,02305,01,1,20260624,202344,000000094103,2,3.79,7.58,3.79,0.00,S,6076297454,BG26W21,USD,CC
70028132,02305,01,2,20260624,202344,000004491003,1,1.99,1.99,0.00,0.12,S,6076297454,,USD,CC
70028132,02305,01,3,20260624,202344,000004473002,1,2.79,2.79,0.00,0.17,S,6076297454,,USD,CC
70028132,02305,01,4,20260624,202344,000000005202,1,5.99,5.99,0.00,0.00,S,6076297454,,USD,CC
70028132,02305,01,5,20260624,202344,000000005201,1,3.99,3.99,0.00,0.00,S,6076297454,,USD,CC
70028133,02305,03,1,20260624,191946,000004481003,2,4.99,9.98,4.99,0.31,S,,BG26W21,USD,DB
70028133,02305,03,2,20260624,191946,000000005103,2,6.99,13.98,6.99,0.00,S,,BG26W20,USD,DB
70028133,02305,03,3,20260624,191946,000000094201,0.895,1.69,1.51,0.00,0.00,S,,,USD,DB
70028133,02305,03,4,20260624,191946,000000094102,2,3.49,6.98,3.49,0.00,S,,BG26W20,USD,DB
70028133,02305,03,5,20260624,191946,000004492003,1,2.29,2.29,0.00,0.14,S,,,USD,DB
70028134,02305,01,1,20260624,205715,000004473001,1,2.99,2.99,0.00,0.19,S,6003579727,,USD,CC
70028134,02305,01,2,20260624,205715,000004482001,2,13.99,27.98,13.99,0.87,S,6003579727,BG26W21,USD,CC
70028134,02305,01,3,20260624,205715,000000562002,1,8.49,8.49,0.00,0.53,S,6003579727,,USD,CC
70028134,02305,01,4,20260624,205715,000000020102,1,3.49,3.49,0.00,0.00,S,6003579727,,USD,CC
70028134,02305,01,5,20260624,205715,000000020202,1,5.99,5.99,0.00,0.00,S,6003579727,,USD,CC
70028135,02305,04,1,20260624,92433,000004472002,1,4.49,4.49,0.00,0.28,S,6002695249,,USD,GC
70028136,02305,02,1,20260624,171619,000000031102,0.721,19.99,14.41,0.00,0.00,S,6002916815,,USD,CC
70028136,02305,02,2,20260624,171619,000000040201,1,8.99,8.99,0.00,0.00,S,6002916815,,USD,CC
70028136,02305,02,3,20260624,171619,000000005012,1,3.99,3.99,0.00,0.00,S,6002916815,,USD,CC
70028137,02305,02,1,20260624,191840,000000040102,1.671,16.99,28.39,0.00,0.00,S,6025214526,,USD,CS
70028137,02305,02,2,20260624,191840,000000005302,1,3.49,3.49,0.00,0.00,S,6025214526,,USD,CS
70028138,02305,03,1,20260624,123730,000000040101,1.920,18.99,36.46,0.00,0.00,S,,,USD,DB
70028138,02305,03,2,20260624,123730,000000551021,1,11.99,11.99,0.00,0.75,S,,,USD,DB
70028138,02305,03,3,20260624,123730,000000005103,2,6.99,13.98,6.99,0.00,S,,BG26W20,USD,DB
70028139,02305,05,1,20260624,175750,000000094101,1,3.99,3.99,0.00,0.00,S,6023116491,,USD,CC
70028139,02305,05,2,20260624,175750,000004472002,2,4.49,8.98,0.00,0.56,S,6023116491,,USD,CC
70028140,03050,05,1,20260624,121223,000000040102,1.638,16.99,27.83,0.00,0.00,S,,,USD,DB
70028140,03050,05,2,20260624,121223,000000030103,1,8.99,8.99,0.00,0.00,S,,,USD,DB
70028141,03050,04,1,20260624,163546,000000005101,1,7.99,7.99,0.00,0.00,S,,,USD,DB
70028141,03050,04,2,20260624,163546,000004472003,1,3.29,3.29,0.00,0.21,S,,,USD,DB
70028142,03050,03,1,20260624,171543,000000093402,2.180,3.29,7.17,0.00,0.00,S,6069366343,,USD,CC
70028142,03050,03,2,20260624,171543,000000093402,0.711,3.29,2.34,0.00,0.00,S,6069366343,,USD,CC
70028143,03050,06,1,20260624,144943,000000093401,0.532,5.49,2.92,0.00,0.00,S,,,USD,CC
70028144,03050,01,1,20260624,110532,000004472001,2,3.99,7.98,3.99,0.25,S,6066742860,BG26W20,USD,DB
70028144,03050,01,2,20260624,110532,000004482003,1,5.49,5.49,0.00,0.34,S,6066742860,,USD,DB
70028144,03050,01,3,20260624,110532,000000552002,1,3.99,3.99,0.00,0.25,S,6066742860,,USD,DB
70028144,03050,01,4,20260624,110532,000004492002,3,1.49,4.47,0.00,0.28,S,6066742860,,USD,DB
70028144,03050,01,5,20260624,110532,000000040101,0.705,18.99,13.39,0.00,0.00,S,6066742860,,USD,DB
70028145,00317,06,1,20260624,182526,000004471040,2,3.39,6.78,0.00,0.42,S,6048468536,,CAD,GC
70028145,00317,06,2,20260624,182526,000000030203,1,11.49,11.49,0.00,0.00,S,6048468536,,CAD,GC
70028145,00317,06,3,20260624,182526,000000005202,2,8.09,16.18,8.09,0.00,S,6048468536,BG26W20,CAD,GC
70028145,00317,06,4,20260624,182526,000000020201,1,7.49,7.49,0.00,0.00,S,6048468536,,CAD,GC
70028145,00317,06,5,20260624,182526,000000093402,0.992,4.49,4.45,0.00,0.00,S,6048468536,,CAD,GC
70028146,00317,04,1,20260624,132059,000004482001,1,18.99,18.99,0.00,1.19,S,,,CAD,CC
70028147,00317,05,1,20260624,211101,000000093501,2,6.09,12.18,0.00,0.00,S,,,CAD,DB
70028147,00317,05,2,20260624,211101,000004472002,1,6.09,6.09,0.00,0.38,S,,,CAD,DB
70028147,00317,05,3,20260624,211101,000004471040,1,3.39,3.39,0.00,0.21,S,,,CAD,DB
70028147,00317,05,4,20260624,211101,000004482001,2,18.99,37.98,18.99,1.19,S,,BG26W21,CAD,DB
70028148,00317,05,1,20260624,100740,000000020102,1,4.69,4.69,0.00,0.00,S,,,CAD,DB
70028148,00317,05,2,20260624,100740,000000093502,2,5.39,10.78,0.00,0.00,S,,,CAD,DB
70028149,00317,01,1,20260624,150347,000000040202,2,20.39,40.78,0.00,0.00,S,6012038750,,CAD,GC
70028149,00317,01,2,20260624,150347,000000005020,1,6.09,6.09,0.00,0.00,S,6012038750,,CAD,GC
70028149,00317,01,3,20260624,150347,000000040201,1,12.19,12.19,0.00,0.00,S,6012038750,,CAD,GC
70028150,00317,05,1,20260624,100809,000000020201,1,7.49,7.49,0.00,0.00,S,,,CAD,GC
70028151,00317,05,1,20260624,100503,000004472001,3,5.39,16.17,5.39,0.67,S,,BG26W20,CAD,CS
70028151,00317,05,2,20260624,100503,000000005103,2,9.49,18.98,9.49,0.00,S,,BG26W20,CAD,CS
70028152,00317,06,1,20260624,163053,000000562002,1,11.49,11.49,0.00,0.72,S,,,CAD,DB
70028152,00317,06,2,20260624,163053,000000005301,1,7.49,7.49,0.00,0.00,S,,,CAD,DB
70028152,00317,06,3,20260624,163053,000000040201,3,12.19,36.57,0.00,0.00,S,,,CAD,DB
70028153,00317,02,1,20260624,93840,000004482001,1,18.99,18.99,0.00,1.19,S,,,CAD,DB
70028153,00317,02,2,20260624,93840,000004493002,1,5.39,5.39,0.00,0.34,S,,,CAD,DB
70028154,00317,02,1,20260624,143635,000004482003,1,7.49,7.49,0.00,0.47,S,,,CAD,DB
70028155,00317,02,1,20260624,84820,000000020102,1,4.69,4.69,0.00,0.00,S,6003926142,,CAD,DB
70028155,00317,02,2,20260624,84820,000004472001,2,5.39,10.78,5.39,0.34,S,6003926142,BG26W20,CAD,DB
70028155,00317,02,3,20260624,84820,000000561001,2,13.59,27.18,0.00,1.70,S,6003926142,,CAD,DB
70028156,00317,02,1,20260624,132636,000000094103,2,5.19,10.38,5.19,0.00,S,6090835723,BG26W21,CAD,CC
70028156,00317,02,2,20260624,132636,000004473002,2,3.79,7.58,0.00,0.47,S,6090835723,,CAD,CC
70028156,00317,02,3,20260624,132636,000000005101,1,10.89,10.89,0.00,0.00,S,6090835723,,CAD,CC
70028157,00317,01,1,20260624,124956,000004481003,2,6.79,13.58,6.79,0.42,S,6045018961,BG26W21,CAD,CS
70028157,00317,01,2,20260624,124956,000004472002,1,6.09,6.09,0.00,0.38,S,6045018961,,CAD,CS
70028157,00317,01,3,20260624,124956,000000031102,0.891,27.19,24.23,0.00,0.00,S,6045018961,,CAD,CS
70028157,00317,01,4,20260624,124956,000000005012,1,5.39,5.39,0.00,0.00,S,6045018961,,CAD,CS
70028157,00317,01,5,20260624,124956,000000552001,1,6.09,6.09,0.00,0.38,S,6045018961,,CAD,CS
70028157,00317,01,6,20260624,124956,000000093501,1,6.09,6.09,0.00,0.00,S,6045018961,,CAD,CS
70028158,00317,03,1,20260624,72400,000000094102,1,4.69,4.69,0.00,0.00,S,,,CAD,GC
70028159,00322,03,1,20260624,162801,000004492002,1,1.99,1.99,0.00,0.12,S,,,CAD,GC
70028159,00322,03,2,20260624,162801,000000020202,1,8.09,8.09,0.00,0.00,S,,,CAD,GC
70028159,00322,03,3,20260624,162801,000004493002,2,5.39,10.78,5.39,0.34,S,,BG26W20,CAD,GC
70028160,00322,02,1,20260624,135426,000000020101,1,3.39,3.39,0.00,0.00,S,6078596969,,CAD,CC
70028160,00322,02,2,20260624,135426,000000031101,0.477,33.99,16.21,0.00,0.00,S,6078596969,,CAD,CC
70028160,00322,02,3,20260624,135426,000004473002,1,3.79,3.79,0.00,0.24,S,6078596969,,CAD,CC
70028160,00322,02,4,20260624,135426,000000005302,2,4.69,9.38,0.00,0.00,S,6078596969,,CAD,CC
70028160,00322,02,5,20260624,135426,000000020202,1,8.09,8.09,0.00,0.00,S,6078596969,,CAD,CC
70028161,00322,05,1,20260624,155852,000004492003,1,3.09,3.09,0.00,0.19,S,,,CAD,DB
70028161,00322,05,2,20260624,155852,000004473003,1,4.69,4.69,0.00,0.29,S,,,CAD,DB
70028161,00322,05,3,20260624,155852,000000094102,1,4.69,4.69,0.00,0.00,S,,,CAD,DB
70028161,00322,05,4,20260624,155852,000000040202,1,20.39,20.39,0.00,0.00,S,,,CAD,DB
70028161,00322,05,5,20260624,155852,000004472001,2,5.39,10.78,5.39,0.34,S,,BG26W20,CAD,DB
70028162,01042,03,1,20260625,182221,000000093402,1.148,3.29,3.78,0.00,0.00,S,6071690618,,USD,CS
70028163,01042,06,1,20260625,203343,000000551020,1,13.99,13.99,0.00,0.87,S,6060847068,,USD,DB
70028163,01042,06,2,20260625,203343,000000005020,1,4.49,4.49,0.00,0.00,S,6060847068,,USD,DB
70028163,01042,06,3,20260625,203343,000000005103,2,6.99,13.98,6.99,0.00,S,6060847068,BG26W20,USD,DB
70028163,01042,06,4,20260625,203343,000000005020,1,4.49,4.49,0.00,0.00,V,6060847068,,USD,DB
70028164,01042,01,1,20260625,155846,000000020101,1,2.49,2.49,0.00,0.00,S,,,USD,GC
70028165,01042,05,1,20260625,140414,000000005013,1,3.89,3.89,0.00,0.00,S,,,USD,CC
70028166,01042,02,1,20260625,200208,000000094103,2,3.79,7.58,3.79,0.00,S,6045273466,BG26W21,USD,GC
70028167,01042,02,1,20260625,174536,000004493002,2,3.99,7.98,3.99,0.25,S,6052437729,BG26W20,USD,DB
70028168,01042,01,1,20260625,182658,000000020202,1,5.99,5.99,0.00,0.00,S,,,USD,CS
70028168,01042,01,2,20260625,182658,000000094103,2,3.79,7.58,3.79,0.00,S,,BG26W21,USD,CS
70028168,01042,01,3,20260625,182658,000004472002,1,4.49,4.49,0.00,0.28,S,,,USD,CS
70028169,01042,01,1,20260625,70413,000000005103,2,6.99,13.98,6.99,0.00,S,6056481491,BG26W20,USD,CC
70028169,01042,01,2,20260625,70413,000000005202,2,5.99,11.98,5.99,0.00,S,6056481491,BG26W20,USD,CC
70028169,01042,01,3,20260625,70413,000004471040,3,2.49,7.47,0.00,0.47,S,6056481491,,USD,CC
70028169,01042,01,4,20260625,70413,000004471040,1,2.49,2.49,0.00,0.16,S,6056481491,,USD,CC
70028169,01042,01,5,20260625,70413,000000040201,3,8.99,26.97,0.00,0.00,S,6056481491,,USD,CC
70028170,01042,06,1,20260625,154609,000000093410,1.511,3.99,6.03,0.00,0.00,S,,,USD,DB
70028170,01042,06,2,20260625,154609,000000094103,2,3.79,7.58,3.79,0.00,S,,BG26W21,USD,DB
70028171,01042,06,1,20260625,102733,000004472001,2,3.99,7.98,3.99,0.25,S,6037524310,BG26W20,USD,DB
70028171,01042,06,2,20260625,102733,000000552002,1,3.99,3.99,0.00,0.25,S,6037524310,,USD,DB
70028172,01042,04,1,20260625,201246,000000552002,1,3.99,3.99,0.00,0.25,S,,,USD,DB
70028173,01042,01,1,20260625,210701,000000040202,2,14.99,29.98,0.00,0.00,S,,,USD,DB
70028173,01042,01,2,20260625,210701,000000094102,2,3.49,6.98,3.49,0.00,S,,BG26W20,USD,DB
70028173,01042,01,3,20260625,210701,000000094103,2,3.79,7.58,3.79,0.00,S,,BG26W21,USD,DB
70028174,01107,04,1,20260625,142129,000000005302,1,3.49,3.49,0.00,0.00,S,,,USD,DB
70028174,01107,04,2,20260625,142129,000004493002,2,3.99,7.98,3.99,0.25,S,,BG26W20,USD,DB
70028174,01107,04,3,20260625,142129,000000040201,2,8.99,17.98,0.00,0.00,S,,,USD,DB
70028174,01107,04,4,20260625,142129,000000040201,1,8.99,8.99,0.00,0.00,S,,,USD,DB
70028174,01107,04,5,20260625,142129,000004483002,1,3.49,3.49,0.00,0.22,S,,,USD,DB
70028174,01107,04,6,20260625,142129,000000005301,1,5.49,5.49,0.00,0.00,S,,,USD,DB
70028175,01107,05,1,20260625,152457,000000005301,1,5.49,5.49,0.00,0.00,S,,,USD,DB
70028175,01107,05,2,20260625,152457,000000094201,1.087,1.69,1.84,0.00,0.00,S,,,USD,DB
70028175,01107,05,3,20260625,152457,000000005013,3,3.89,11.67,0.00,0.00,S,,,USD,DB
70028175,01107,05,4,20260625,152457,000000005202,2,5.99,11.98,5.99,0.00,S,,BG26W20,USD,DB
70028176,01107,02,1,20260625,203720,000000020201,1,5.49,5.49,0.00,0.00,S,6041397552,,USD,CS
70028176,01107,02,2,20260625,203720,000004482001,2,13.99,27.98,13.99,0.87,S,6041397552,BG26W21,USD,CS
70028176,01107,02,3,20260625,203720,000004473003,1,3.49,3.49,0.00,0.22,S,6041397552,,USD,CS
70028177,01107,03,1,20260625,175539,000004492001,1,1.79,1.79,0.00,0.11,S,6097002687,,USD,CC
70028177,01107,03,2,20260625,175539,000004493001,2,5.49,10.98,0.00,0.69,S,6097002687,,USD,CC
70028177,01107,03,3,20260625,175539,000004491001,1,2.49,2.49,0.00,0.16,S,6097002687,,USD,CC
70028177,01107,03,4,20260625,175539,000004491002,2,6.99,13.98,6.99,0.44,S,6097002687,BG26W20,USD,CC
70028177,01107,03,5,20260625,175539,000004473001,1,2.99,2.99,0.00,0.19,S,6097002687,,USD,CC
70028178,01107,02,1,20260625,70956,000000552002,2,3.99,7.98,0.00,0.50,S,6082661287,,USD,DB
70028178,01107,02,2,20260625,70956,000000040102,0.751,16.99,12.76,0.00,0.00,S,6082661287,,USD,DB
70028178,01107,02,3,20260625,70956,000004491002,2,6.99,13.98,6.99,0.44,S,6082661287,BG26W20,USD,DB
70028178,01107,02,4,20260625,70956,000004493002,2,3.99,7.98,3.99,0.25,S,6082661287,BG26W20,USD,DB
70028178,01107,02,5,20260625,70956,000000040201,2,8.99,17.98,0.00,0.00,S,6082661287,,USD,DB
70028179,02210,05,1,20260625,104248,000000005201,1,3.99,3.99,0.00,0.00,S,,,USD,CC
70028180,02210,05,1,20260625,134136,000004483001,1,4.99,4.99,0.00,0.31,S,6074902504,,USD,DB
70028180,02210,05,2,20260625,134136,000004493002,2,3.99,7.98,3.99,0.25,S,6074902504,BG26W20,USD,DB
70028180,02210,05,3,20260625,134136,000000094201,0.327,1.69,0.55,0.00,0.00,S,6074902504,,USD,DB
70028180,02210,05,4,20260625,134136,000000094202,1.493,1.99,2.97,0.00,0.00,S,6074902504,,USD,DB
70028180,02210,05,5,20260625,134136,000000005102,1,5.49,5.49,0.00,0.00,S,6074902504,,USD,DB
70028181,02210,06,1,20260625,152809,000004482001,2,13.99,27.98,13.99,0.87,S,6087158415,BG26W21,USD,CS
70028181,02210,06,2,20260625,152809,000000094201,0.787,1.69,1.33,0.00,0.00,S,6087158415,,USD,CS
70028182,02210,06,1,20260625,110251,000000031101,1.551,24.99,38.76,0.00,0.00,S,6031538882,,USD,DB
70028182,02210,06,2,20260625,110251,000000005103,2,6.99,13.98,6.99,0.00,S,6031538882,BG26W20,USD,DB
70028183,02210,01,1,20260625,111312,000000093503,1,4.29,4.29,0.00,0.00,S,,,USD,DB
70028183,02210,01,2,20260625,111312,000000031102,1.007,19.99,20.13,0.00,0.00,S,,,USD,DB
70028183,02210,01,3,20260625,111312,000004493002,2,3.99,7.98,3.99,0.25,S,,BG26W20,USD,DB
70028183,02210,01,4,20260625,111312,000004482001,2,13.99,27.98,13.99,0.87,S,,BG26W21,USD,DB
70028184,02210,01,1,20260625,84816,000000040202,2,14.99,29.98,0.00,0.00,S,,,USD,GC
70028185,02210,01,1,20260625,175949,000000094201,0.401,1.69,0.68,0.00,0.00,S,,,USD,GC
70028185,02210,01,2,20260625,175949,000000094202,1.395,1.99,2.78,0.00,0.00,S,,,USD,GC
70028186,02305,01,1,20260625,153937,000000030101,1,6.99,6.99,0.00,0.00,S,,,USD,CS
70028186,02305,01,2,20260625,153937,000004472001,2,3.99,7.98,3.99,0.25,S,,BG26W20,USD,CS
70028187,02305,02,1,20260625,75427,000000093401,2.170,5.49,11.91,0.00,0.00,S,,,USD,GC
70028187,02305,02,2,20260625,75427,000000005302,1,3.49,3.49,0.00,0.00,S,,,USD,GC
70028187,02305,02,3,20260625,75427,000004491001,1,2.49,2.49,0.00,0.16,S,,,USD,GC
70028188,02305,01,1,20260625,110028,000000020202,2,5.99,11.98,0.00,0.00,S,,,USD,CS
70028188,02305,01,2,20260625,110028,000000040101,1.530,18.99,29.05,0.00,0.00,S,,,USD,CS
70028189,02305,06,1,20260625,104237,000004472003,1,3.29,3.29,0.00,0.21,S,6057771183,,USD,CC
70028189,02305,06,2,20260625,104237,000000030101,1,6.99,6.99,0.00,0.00,S,6057771183,,USD,CC
70028189,02305,06,3,20260625,104237,000000040201,1,8.99,8.99,0.00,0.00,S,6057771183,,USD,CC
70028189,02305,06,4,20260625,104237,000004472003,1,3.29,3.29,0.00,0.21,V,6057771183,,USD,CC
70028190,02305,04,1,20260625,213751,000004472001,2,3.99,7.98,3.99,0.25,S,6007200642,BG26W20,USD,GC
70028190,02305,04,2,20260625,213751,000000562002,1,8.49,8.49,0.00,0.53,S,6007200642,,USD,GC
70028191,02305,05,1,20260625,140624,000000040102,0.475,16.99,8.07,0.00,0.00,S,,,USD,CC
70028191,02305,05,2,20260625,140624,000000093501,1,4.49,4.49,0.00,0.00,S,,,USD,CC
70028192,02305,05,1,20260625,85326,000000094103,2,3.79,7.58,3.79,0.00,S,6091093371,BG26W21,USD,CC
70028192,02305,05,2,20260625,85326,000000040202,1,14.99,14.99,0.00,0.00,S,6091093371,,USD,CC
70028192,02305,05,3,20260625,85326,000004481003,2,4.99,9.98,4.99,0.31,S,6091093371,BG26W21,USD,CC
70028192,02305,05,4,20260625,85326,000000094201,0.493,1.69,0.83,0.00,0.00,S,6091093371,,USD,CC
70028193,02305,06,1,20260625,90642,000004482003,1,5.49,5.49,0.00,0.34,S,,,USD,GC
70028194,02305,06,1,20260625,191235,000000551021,1,11.99,11.99,0.00,0.75,S,,,USD,CC
70028194,02305,06,2,20260625,191235,000000005020,1,4.49,4.49,0.00,0.00,S,,,USD,CC
70028194,02305,06,3,20260625,191235,000000094201,0.649,1.69,1.10,0.00,0.00,S,,,USD,CC
70028194,02305,06,4,20260625,191235,000000005202,1,5.99,5.99,0.00,0.00,S,,,USD,CC
70028194,02305,06,5,20260625,191235,000000094102,3,3.49,10.47,3.49,0.00,S,,BG26W20,USD,CC
70028194,02305,06,6,20260625,191235,000000094103,2,3.79,7.58,3.79,0.00,S,,BG26W21,USD,CC
70028195,02305,01,1,20260625,171237,000000094201,0.466,1.69,0.79,0.00,0.00,S,,,USD,DB
70028195,02305,01,2,20260625,171237,000000094203,0.275,1.49,0.41,0.00,0.00,S,,,USD,DB
70028195,02305,01,3,20260625,171237,000000093503,1,4.29,4.29,0.00,0.00,S,,,USD,DB
70028195,02305,01,4,20260625,171237,000004493002,2,3.99,7.98,3.99,0.25,S,,BG26W20,USD,DB
70028196,02305,03,1,20260625,125857,000004492002,1,1.49,1.49,0.00,0.09,S,,,USD,CC
70028196,02305,03,2,20260625,125857,000000030203,1,8.49,8.49,0.00,0.00,S,,,USD,CC
70028197,02305,06,1,20260625,181054,000004481003,2,4.99,9.98,4.99,0.31,S,6089813881,BG26W21,USD,CC
70028197,02305,06,2,20260625,181054,000000005012,1,3.99,3.99,0.00,0.00,S,6089813881,,USD,CC
70028198,03050,02,1,20260625,111922,000000020102,1,3.49,3.49,0.00,0.00,S,,,USD,GC
70028198,03050,02,2,20260625,111922,000000040201,1,8.99,8.99,0.00,0.00,S,,,USD,GC
70028199,03050,02,1,20260625,100114,000004493002,2,3.99,7.98,3.99,0.25,S,6087431527,BG26W20,USD,CC
70028199,03050,02,2,20260625,100114,000000031101,0.431,24.99,10.77,0.00,0.00,S,6087431527,,USD,CC
70028200,03050,03,1,20260625,114431,000000005202,2,5.99,11.98,5.99,0.00,S,6024268774,BG26W20,USD,CS
70028200,03050,03,2,20260625,114431,000004491001,2,2.49,4.98,0.00,0.31,S,6024268774,,USD,CS
70028200,03050,03,3,20260625,114431,000000552001,1,4.49,4.49,0.00,0.28,S,6024268774,,USD,CS
70028200,03050,03,4,20260625,114431,000004472001,2,3.99,7.98,3.99,0.25,S,6024268774,BG26W20,USD,CS
70028201,03050,02,1,20260625,80603,000004472001,2,3.99,7.98,3.99,0.25,S,,BG26W20,USD,CC
70028201,03050,02,2,20260625,80603,000000020103,2,4.99,9.98,0.00,0.00,S,,,USD,CC
70028202,03050,06,1,20260625,73146,000004482003,1,5.49,5.49,0.00,0.34,S,6089421044,,USD,DB
70028203,03050,05,1,20260625,132637,000000005202,1,5.99,5.99,0.00,0.00,S,,,USD,CS
70028203,03050,05,2,20260625,132637,000000020202,1,5.99,5.99,0.00,0.00,S,,,USD,CS
70028203,03050,05,3,20260625,132637,000000094201,1.064,1.69,1.80,0.00,0.00,S,,,USD,CS
70028203,03050,05,4,20260625,132637,000000040102,0.357,16.99,6.07,0.00,0.00,S,,,USD,CS
70028204,03050,05,1,20260625,113405,000000094103,2,3.79,7.58,3.79,0.00,S,6092842222,BG26W21,USD,GC
70028204,03050,05,2,20260625,113405,000004482003,2,5.49,10.98,0.00,0.69,S,6092842222,,USD,GC
70028204,03050,05,3,20260625,113405,000000030102,1,14.99,14.99,0.00,0.00,S,6092842222,,USD,GC
70028204,03050,05,4,20260625,113405,000000094302,2.155,5.49,11.83,0.00,0.00,S,6092842222,,USD,GC
70028205,03050,02,1,20260625,92726,000000040102,1.899,16.99,32.26,0.00,0.00,S,,,USD,CS
70028206,00317,01,1,20260625,140616,000004473003,1,4.69,4.69,0.00,0.29,S,,,CAD,CS
70028206,00317,01,2,20260625,140616,000004491001,1,3.39,3.39,0.00,0.21,S,,,CAD,CS
70028206,00317,01,3,20260625,140616,000000552002,1,5.39,5.39,0.00,0.34,S,,,CAD,CS
70028207,00317,02,1,20260625,201025,000000561002,3,10.19,30.57,0.00,1.91,S,6034606664,,CAD,CC
70028208,00317,05,1,20260625,124156,000000005103,2,9.49,18.98,9.49,0.00,S,,BG26W20,CAD,GC
70028209,00317,06,1,20260625,80319,000000094103,2,5.19,10.38,5.19,0.00,S,,BG26W21,CAD,CC
70028209,00317,06,2,20260625,80319,000000005101,1,10.89,10.89,0.00,0.00,S,,,CAD,CC
70028209,00317,06,3,20260625,80319,000000030202,1,15.59,15.59,0.00,0.00,S,,,CAD,CC
70028209,00317,06,4,20260625,80319,000000031102,1.797,27.19,48.86,0.00,0.00,S,,,CAD,CC
70028210,00317,06,1,20260625,130702,000000040201,2,12.19,24.38,0.00,0.00,S,,,CAD,CS
70028210,00317,06,2,20260625,130702,000000093502,2,5.39,10.78,0.00,0.00,S,,,CAD,CS
70028211,00317,01,1,20260625,165025,000004491002,2,9.49,18.98,9.49,0.59,S,6046657437,BG26W20,CAD,GC
70028211,00317,01,2,20260625,165025,000000093402,1.925,4.49,8.64,0.00,0.00,S,6046657437,,CAD,GC
70028211,00317,01,3,20260625,165025,000000031101,1.977,33.99,67.20,0.00,0.00,S,6046657437,,CAD,GC
70028211,00317,01,4,20260625,165025,000000005202,2,8.09,16.18,8.09,0.00,S,6046657437,BG26W20,CAD,GC
70028211,00317,01,5,20260625,165025,000000005103,2,9.49,18.98,9.49,0.00,S,6046657437,BG26W20,CAD,GC
70028212,00322,02,1,20260625,70049,000000040202,1,20.39,20.39,0.00,0.00,S,6023806174,,CAD,CS
70028213,00322,04,1,20260625,185126,000000005012,1,5.39,5.39,0.00,0.00,S,,,CAD,DB
70028213,00322,04,2,20260625,185126,000004481003,2,6.79,13.58,6.79,0.42,S,,BG26W21,CAD,DB
70028213,00322,04,3,20260625,185126,000000020101,1,3.39,3.39,0.00,0.00,S,,,CAD,DB
70028214,00322,01,1,20260625,205147,000000005103,2,9.49,18.98,9.49,0.00,S,6006330165,BG26W20,CAD,CC
70028214,00322,01,2,20260625,205147,000004493002,1,5.39,5.39,0.00,0.34,S,6006330165,,CAD,CC
70028214,00322,01,3,20260625,205147,000004482001,2,18.99,37.98,18.99,1.19,S,6006330165,BG26W21,CAD,CC
70028214,00322,01,4,20260625,205147,000000093402,0.778,4.49,3.49,0.00,0.00,S,6006330165,,CAD,CC
70028214,00322,01,5,20260625,205147,000000005202,2,8.09,16.18,8.09,0.00,S,6006330165,BG26W20,CAD,CC
70028215,00322,01,1,20260625,165432,000004481003,3,6.79,20.37,6.79,0.85,S,,BG26W21,CAD,CC
70028215,00322,01,2,20260625,165432,000000020201,1,7.49,7.49,0.00,0.00,S,,,CAD,CC
70028216,00322,02,1,20260625,82603,000004473001,1,4.09,4.09,0.00,0.26,S,,,CAD,DB
70028216,00322,02,2,20260625,82603,000004491003,1,2.69,2.69,0.00,0.17,S,,,CAD,DB
70028216,00322,02,3,20260625,82603,000000005103,1,9.49,9.49,0.00,0.00,S,,,CAD,DB
70028216,00322,02,4,20260625,82603,000004482001,2,18.99,37.98,18.99,1.19,S,,BG26W21,CAD,DB
70028217,00322,02,1,20260625,170414,000004493001,1,7.49,7.49,0.00,0.47,S,,,CAD,CS
70028217,00322,02,2,20260625,170414,000000005012,1,5.39,5.39,0.00,0.00,S,,,CAD,CS
70028217,00322,02,3,20260625,170414,000000020201,1,7.49,7.49,0.00,0.00,S,,,CAD,CS
70028218,01042,05,1,20260626,71729,000000094203,1.848,1.49,2.75,0.00,0.00,S,6087148552,,USD,GC
70028218,01042,05,2,20260626,71729,000000094201,0.539,1.69,0.91,0.00,0.00,S,6087148552,,USD,GC
70028219,01042,03,1,20260626,214012,000000030102,1,14.99,14.99,0.00,0.00,S,,,USD,DB
70028219,01042,03,2,20260626,214012,000000020202,1,5.99,5.99,0.00,0.00,S,,,USD,DB
70028219,01042,03,3,20260626,214012,000004491002,2,6.99,13.98,6.99,0.44,S,,BG26W20,USD,DB
70028220,01042,06,1,20260626,120312,000004473003,1,3.49,3.49,0.00,0.22,S,6053544439,,USD,DB
70028221,01042,01,1,20260626,125146,000000030202,1,11.49,11.49,0.00,0.00,S,6080314998,,USD,DB
70028222,01042,03,1,20260626,110343,000004471040,2,2.49,4.98,0.00,0.31,S,,,USD,GC
70028222,01042,03,2,20260626,110343,000000040102,0.960,16.99,16.31,0.00,0.00,S,,,USD,GC
70028222,01042,03,3,20260626,110343,000000040101,0.806,18.99,15.31,0.00,0.00,S,,,USD,GC
70028222,01042,03,4,20260626,110343,000000093401,1.119,5.49,6.14,0.00,0.00,S,,,USD,GC
70028222,01042,03,5,20260626,110343,000004483002,1,3.49,3.49,0.00,0.22,S,,,USD,GC
70028223,01042,05,1,20260626,95422,000000552002,3,3.99,11.97,0.00,0.75,S,,,USD,DB
70028223,01042,05,2,20260626,95422,000004482001,1,13.99,13.99,0.00,0.87,S,,,USD,DB
70028224,01042,01,1,20260626,204145,000000551021,1,11.99,11.99,0.00,0.75,S,6083550542,,USD,DB
70028224,01042,01,2,20260626,204145,000004472002,3,4.49,13.47,0.00,0.84,S,6083550542,,USD,DB
70028225,01042,02,1,20260626,84939,000000551020,2,13.99,27.98,0.00,1.75,S,,,USD,DB
70028225,01042,02,2,20260626,84939,000000094202,1.773,1.99,3.53,0.00,0.00,S,,,USD,DB
70028225,01042,02,3,20260626,84939,000000562001,1,10.99,10.99,0.00,0.69,S,,,USD,DB
70028225,01042,02,4,20260626,84939,000000561001,2,9.99,19.98,0.00,1.25,S,,,USD,DB
70028225,01042,02,5,20260626,84939,000004492003,2,2.29,4.58,0.00,0.29,S,,,USD,DB
70028226,01042,04,1,20260626,153555,000000094103,2,3.79,7.58,3.79,0.00,S,,BG26W21,USD,DB
70028227,01042,01,1,20260626,164512,000000005013,1,3.89,3.89,0.00,0.00,S,,,USD,GC
70028227,01042,01,2,20260626,164512,000000040201,1,8.99,8.99,0.00,0.00,S,,,USD,GC
70028228,01042,03,1,20260626,110726,000000005020,1,4.49,4.49,0.00,0.00,S,,,USD,CC
70028228,01042,03,2,20260626,110726,000000020103,1,4.99,4.99,0.00,0.00,S,,,USD,CC
70028229,01107,04,1,20260626,72826,000000030203,1,8.49,8.49,0.00,0.00,S,6069806908,,USD,DB
70028229,01107,04,2,20260626,72826,000004471023,1,3.49,3.49,0.00,0.22,S,6069806908,,USD,DB
70028229,01107,04,3,20260626,72826,000004471023,1,3.49,3.49,0.00,0.22,V,6069806908,,USD,DB
70028230,01107,04,1,20260626,213924,000000040101,1.705,18.99,32.38,0.00,0.00,S,,,USD,DB
70028230,01107,04,2,20260626,213924,000004493001,2,5.49,10.98,0.00,0.69,S,,,USD,DB
70028231,01107,05,1,20260626,165648,000000094101,1,3.99,3.99,0.00,0.00,S,6000848408,,USD,CS
70028231,01107,05,2,20260626,165648,000000020201,1,5.49,5.49,0.00,0.00,S,6000848408,,USD,CS
70028232,02210,06,1,20260626,211418,000000040102,0.497,16.99,8.44,0.00,0.00,S,,,USD,CC
70028233,02210,03,1,20260626,180403,000004491002,2,6.99,13.98,6.99,0.44,S,,BG26W20,USD,CC
70028233,02210,03,2,20260626,180403,000000030102,2,14.99,29.98,0.00,0.00,S,,,USD,CC
70028234,02210,06,1,20260626,182210,000000094203,0.554,1.49,0.83,0.00,0.00,S,6012229907,,USD,DB
70028234,02210,06,2,20260626,182210,000000093503,3,4.29,12.87,0.00,0.00,S,6012229907,,USD,DB
70028234,02210,06,3,20260626,182210,000000031102,1.285,19.99,25.69,0.00,0.00,S,6012229907,,USD,DB
70028235,02210,02,1,20260626,203624,000000561002,1,7.49,7.49,0.00,0.47,S,,,USD,DB
70028235,02210,02,2,20260626,203624,000004483001,2,4.99,9.98,0.00,0.62,S,,,USD,DB
70028235,02210,02,3,20260626,203624,000004472002,1,4.49,4.49,0.00,0.28,S,,,USD,DB
70028235,02210,02,4,20260626,203624,000000005013,1,3.89,3.89,0.00,0.00,S,,,USD,DB
70028235,02210,02,5,20260626,203624,000000005202,2,5.99,11.98,5.99,0.00,S,,BG26W20,USD,DB
70028236,02210,05,1,20260626,122712,000004482001,2,13.99,27.98,13.99,0.87,S,6059597752,BG26W21,USD,CC
70028237,02210,05,1,20260626,115458,000000005301,3,5.49,16.47,0.00,0.00,S,,,USD,DB
70028237,02210,05,2,20260626,115458,000000020102,2,3.49,6.98,0.00,0.00,S,,,USD,DB
70028237,02210,05,3,20260626,115458,000004481003,2,4.99,9.98,4.99,0.31,S,,BG26W21,USD,DB
70028237,02210,05,4,20260626,115458,000000093502,1,3.99,3.99,0.00,0.00,S,,,USD,DB
70028237,02210,05,5,20260626,115458,000004481003,2,4.99,9.98,4.99,0.31,S,,BG26W21,USD,DB
70028238,02210,02,1,20260626,212408,000000020201,1,5.49,5.49,0.00,0.00,S,6017656360,,USD,CC
70028238,02210,02,2,20260626,212408,000000094202,0.764,1.99,1.52,0.00,0.00,S,6017656360,,USD,CC
70028238,02210,02,3,20260626,212408,000000040102,1.100,16.99,18.69,0.00,0.00,S,6017656360,,USD,CC
70028238,02210,02,4,20260626,212408,000000020201,1,5.49,5.49,0.00,0.00,S,6017656360,,USD,CC
70028238,02210,02,5,20260626,212408,000000031102,0.752,19.99,15.03,0.00,0.00,S,6017656360,,USD,CC
70028239,02305,05,1,20260626,151248,000000093322,1.455,1.99,2.90,0.00,0.00,S,6038164321,,USD,CC
70028240,02305,01,1,20260626,190732,000000040202,1,14.99,14.99,0.00,0.00,S,,,USD,CC
70028240,02305,01,2,20260626,190732,000004482001,2,13.99,27.98,13.99,0.87,S,,BG26W21,USD,CC
70028241,02305,04,1,20260626,93220,000000040102,0.281,16.99,4.77,0.00,0.00,S,6008656756,,USD,CC
70028242,02305,06,1,20260626,171841,000004472003,1,3.29,3.29,0.00,0.21,S,6050344694,,USD,CC
70028242,02305,06,2,20260626,171841,000000551020,1,13.99,13.99,0.00,0.87,S,6050344694,,USD,CC
70028242,02305,06,3,20260626,171841,000004492003,1,2.29,2.29,0.00,0.14,S,6050344694,,USD,CC
70028243,02305,02,1,20260626,150401,000000040102,1.910,16.99,32.45,0.00,0.00,S,,,USD,CC
70028244,02305,06,1,20260626,115356,000004491002,2,6.99,13.98,6.99,0.44,S,6060229394,BG26W20,USD,CC
70028244,02305,06,2,20260626,115356,000000093410,2.089,3.99,8.34,0.00,0.00,S,6060229394,,USD,CC
70028245,03050,02,1,20260626,190538,000000005202,1,5.99,5.99,0.00,0.00,S,,,USD,DB
70028245,03050,02,2,20260626,190538,000000094103,1,3.79,3.79,0.00,0.00,S,,,USD,DB
70028245,03050,02,3,20260626,190538,000000030101,1,6.99,6.99,0.00,0.00,S,,,USD,DB
70028245,03050,02,4,20260626,190538,000000094103,2,3.79,7.58,3.79,0.00,S,,BG26W21,USD,DB
70028246,03050,01,1,20260626,202836,000000005103,2,6.99,13.98,6.99,0.00,S,6055411082,BG26W20,USD,CC
70028246,03050,01,2,20260626,202836,000000040203,1,11.99,11.99,0.00,0.00,S,6055411082,,USD,CC
70028246,03050,01,3,20260626,202836,000000005102,2,5.49,10.98,0.00,0.00,S,6055411082,,USD,CC
70028247,03050,01,1,20260626,94919,000004493002,2,3.99,7.98,3.99,0.25,S,6005231244,BG26W20,USD,CS
70028247,03050,01,2,20260626,94919,000000031101,0.941,24.99,23.52,0.00,0.00,S,6005231244,,USD,CS
70028247,03050,01,3,20260626,94919,000004481003,1,4.99,4.99,0.00,0.31,S,6005231244,,USD,CS
70028248,03050,01,1,20260626,203250,000004482003,1,5.49,5.49,0.00,0.34,S,,,USD,CS
70028248,03050,01,2,20260626,203250,000000005103,2,6.99,13.98,6.99,0.00,S,,BG26W20,USD,CS
70028248,03050,01,3,20260626,203250,000000093325,0.571,3.99,2.28,0.00,0.00,S,,,USD,CS
70028249,03050,01,1,20260626,175437,000004492002,1,1.49,1.49,0.00,0.09,S,,,USD,CC
70028250,03050,04,1,20260626,144621,000000005013,3,3.89,11.67,0.00,0.00,S,,,USD,CC
70028250,03050,04,2,20260626,144621,000004481001,1,7.99,7.99,0.00,0.50,S,,,USD,CC
70028250,03050,04,3,20260626,144621,000000094103,2,3.79,7.58,3.79,0.00,S,,BG26W21,USD,CC
70028251,03050,03,1,20260626,212538,000004483002,1,3.49,3.49,0.00,0.22,S,6055732573,,USD,GC
70028251,03050,03,2,20260626,212538,000000561002,1,7.49,7.49,0.00,0.47,S,6055732573,,USD,GC
70028251,03050,03,3,20260626,212538,000000094101,1,3.99,3.99,0.00,0.00,S,6055732573,,USD,GC
70028251,03050,03,4,20260626,212538,000004472001,1,3.99,3.99,0.00,0.25,S,6055732573,,USD,GC
70028252,03050,06,1,20260626,162728,000000031101,1.199,24.99,29.96,0.00,0.00,S,,,USD,CC
70028252,03050,06,2,20260626,162728,000000030103,1,8.99,8.99,0.00,0.00,S,,,USD,CC
70028252,03050,06,3,20260626,162728,000000020202,1,5.99,5.99,0.00,0.00,S,,,USD,CC
70028252,03050,06,4,20260626,162728,000000551021,1,11.99,11.99,0.00,0.75,S,,,USD,CC
70028253,03050,04,1,20260626,140010,000000020202,1,5.99,5.99,0.00,0.00,S,,,USD,CC
70028253,03050,04,2,20260626,140010,000000562001,1,10.99,10.99,0.00,0.69,S,,,USD,CC
70028253,03050,04,3,20260626,140010,000000005101,1,7.99,7.99,0.00,0.00,S,,,USD,CC
70028254,00317,06,1,20260626,85746,000000561002,1,10.19,10.19,0.00,0.64,S,6092624945,,CAD,DB
70028254,00317,06,2,20260626,85746,000004482001,1,18.99,18.99,0.00,1.19,S,6092624945,,CAD,DB
70028255,00317,06,1,20260626,154421,000000093321,1.883,1.99,3.75,0.00,0.00,S,6011182422,,CAD,GC
70028255,00317,06,2,20260626,154421,000000552002,2,5.39,10.78,0.00,0.67,S,6011182422,,CAD,GC
70028255,00317,06,3,20260626,154421,000004482003,1,7.49,7.49,0.00,0.47,S,6011182422,,CAD,GC
70028256,00317,05,1,20260626,161020,000000551021,1,16.29,16.29,0.00,1.02,S,,,CAD,CC
70028256,00317,05,2,20260626,161020,000004471030,1,5.39,5.39,0.00,0.34,S,,,CAD,CC
70028257,00317,03,1,20260626,213514,000000040102,0.843,23.09,19.46,0.00,0.00,R,6085188888,,CAD,CC
70028258,00317,03,1,20260626,192214,000000094302,2.052,7.49,15.37,0.00,0.00,S,6053714732,,CAD,DB
70028258,00317,03,2,20260626,192214,000004472003,2,4.49,8.98,0.00,0.56,S,6053714732,,CAD,DB
70028258,00317,03,3,20260626,192214,000000020102,2,4.69,9.38,0.00,0.00,S,6053714732,,CAD,DB
70028259,00317,05,1,20260626,145918,000004472002,2,6.09,12.18,0.00,0.76,S,,,CAD,CC
70028259,00317,05,2,20260626,145918,000004491003,1,2.69,2.69,0.00,0.17,S,,,CAD,CC
70028259,00317,05,3,20260626,145918,000004492003,1,3.09,3.09,0.00,0.19,S,,,CAD,CC
70028259,00317,05,4,20260626,145918,000004473002,1,3.79,3.79,0.00,0.24,S,,,CAD,CC
70028259,00317,05,5,20260626,145918,000000561002,1,10.19,10.19,0.00,0.64,S,,,CAD,CC
70028260,00317,05,1,20260626,144226,000004473003,2,4.69,9.38,0.00,0.59,S,,,CAD,CC
70028260,00317,05,2,20260626,144226,000004472001,1,5.39,5.39,0.00,0.34,S,,,CAD,CC
70028261,00317,04,1,20260626,112832,000000005202,2,8.09,16.18,8.09,0.00,S,6028569146,BG26W20,CAD,DB
70028262,00317,02,1,20260626,212936,000000552002,1,5.39,5.39,0.00,0.34,S,6068094149,,CAD,DB
70028262,00317,02,2,20260626,212936,000000552002,1,5.39,5.39,0.00,0.34,S,6068094149,,CAD,DB
70028263,00317,03,1,20260626,124450,000000561001,1,13.59,13.59,0.00,0.85,S,6024648449,,CAD,DB
70028263,00317,03,2,20260626,124450,000004491001,1,3.39,3.39,0.00,0.21,S,6024648449,,CAD,DB
70028263,00317,03,3,20260626,124450,000000030202,1,15.59,15.59,0.00,0.00,S,6024648449,,CAD,DB
70028264,00317,04,1,20260626,80237,000000094101,1,5.39,5.39,0.00,0.00,S,,,CAD,DB
70028264,00317,04,2,20260626,80237,000000094201,1.864,2.29,4.27,0.00,0.00,S,,,CAD,DB
70028264,00317,04,3,20260626,80237,000004481001,1,10.89,10.89,0.00,0.68,S,,,CAD,DB
70028265,00317,05,1,20260626,81151,000004472003,1,4.49,4.49,0.00,0.28,S,6001372151,,CAD,CC
70028265,00317,05,2,20260626,81151,000000005103,1,9.49,9.49,0.00,0.00,S,6001372151,,CAD,CC
70028265,00317,05,3,20260626,81151,000004472001,1,5.39,5.39,0.00,0.34,S,6001372151,,CAD,CC
70028266,00317,03,1,20260626,95346,000000005102,2,7.49,14.98,0.00,0.00,S,,,CAD,CC
70028266,00317,03,2,20260626,95346,000000031102,1.560,27.19,42.42,0.00,0.00,S,,,CAD,CC
70028266,00317,03,3,20260626,95346,000004472001,2,5.39,10.78,5.39,0.34,S,,BG26W20,CAD,CC
70028266,00317,03,4,20260626,95346,000004491003,1,2.69,2.69,0.00,0.17,S,,,CAD,CC
70028266,00317,03,5,20260626,95346,000004471023,1,4.69,4.69,0.00,0.29,S,,,CAD,CC
70028266,00317,03,6,20260626,95346,000000562002,1,11.49,11.49,0.00,0.72,S,,,CAD,CC
70028267,00317,02,1,20260626,122325,000004483001,2,6.79,13.58,0.00,0.85,S,,,CAD,CS
70028267,00317,02,2,20260626,122325,000000093501,1,6.09,6.09,0.00,0.00,S,,,CAD,CS
70028267,00317,02,3,20260626,122325,000000030102,1,20.39,20.39,0.00,0.00,S,,,CAD,CS
70028268,00317,02,1,20260626,142308,000004481001,1,10.89,10.89,0.00,0.68,S,6038860868,,CAD,GC
70028268,00317,02,2,20260626,142308,000004471030,1,5.39,5.39,0.00,0.34,S,6038860868,,CAD,GC
70028268,00317,02,3,20260626,142308,000000031101,0.614,33.99,20.87,0.00,0.00,S,6038860868,,CAD,GC
70028269,00322,06,1,20260626,82713,000000552001,1,6.09,6.09,0.00,0.38,S,,,CAD,DB
70028270,00322,04,1,20260626,181524,000000040201,3,12.19,36.57,0.00,0.00,S,6053076248,,CAD,DB
70028270,00322,04,2,20260626,181524,000004472002,1,6.09,6.09,0.00,0.38,S,6053076248,,CAD,DB
70028270,00322,04,3,20260626,181524,000004481003,1,6.79,6.79,0.00,0.42,S,6053076248,,CAD,DB
70028271,00322,01,1,20260626,90838,000004471040,2,3.39,6.78,0.00,0.42,S,6047364710,,CAD,CC
70028271,00322,01,2,20260626,90838,000000094203,1.739,1.99,3.46,0.00,0.00,S,6047364710,,CAD,CC
70028271,00322,01,3,20260626,90838,000000005103,1,9.49,9.49,0.00,0.00,S,6047364710,,CAD,CC
70028271,00322,01,4,20260626,90838,000000040101,0.541,25.79,13.95,0.00,0.00,S,6047364710,,CAD,CC
70028271,00322,01,5,20260626,90838,000000005103,2,9.49,18.98,9.49,0.00,S,6047364710,BG26W20,CAD,CC
70028271,00322,01,6,20260626,90838,000004482003,1,7.49,7.49,0.00,0.47,S,6047364710,,CAD,CC
70028272,00322,02,1,20260626,81243,000000020102,1,4.69,4.69,0.00,0.00,S,,,CAD,CC
70028273,00322,06,1,20260626,211239,000000093501,2,6.09,12.18,0.00,0.00,S,6071795760,,CAD,DB
70028273,00322,06,2,20260626,211239,000004482003,1,7.49,7.49,0.00,0.47,S,6071795760,,CAD,DB
70028273,00322,06,3,20260626,211239,000000020102,1,4.69,4.69,0.00,0.00,S,6071795760,,CAD,DB
70028273,00322,06,4,20260626,211239,000000093410,2.154,5.39,11.61,0.00,0.00,S,6071795760,,CAD,DB
70028274,01042,03,1,20260627,124424,000000005103,2,6.99,13.98,6.99,0.00,S,6065180170,BG26W20,USD,GC
70028274,01042,03,2,20260627,124424,000004471040,1,2.49,2.49,0.00,0.16,S,6065180170,,USD,GC
70028274,01042,03,3,20260627,124424,000000005302,1,3.49,3.49,0.00,0.00,S,6065180170,,USD,GC
70028275,01042,04,1,20260627,214659,000000005202,1,5.99,5.99,0.00,0.00,S,6010804661,,USD,CS
70028275,01042,04,2,20260627,214659,000004473003,1,3.49,3.49,0.00,0.22,S,6010804661,,USD,CS
70028275,01042,04,3,20260627,214659,000000040203,1,11.99,11.99,0.00,0.00,S,6010804661,,USD,CS
70028276,01042,03,1,20260627,100329,000000094301,1.332,4.39,5.85,0.00,0.00,S,6061968931,,USD,CC
70028277,01042,06,1,20260627,145332,000000005103,2,6.99,13.98,6.99,0.00,S,6087698999,BG26W20,USD,DB
70028277,01042,06,2,20260627,145332,000000094103,2,3.79,7.58,3.79,0.00,S,6087698999,BG26W21,USD,DB
70028277,01042,06,3,20260627,145332,000000093501,2,4.49,8.98,0.00,0.00,S,6087698999,,USD,DB
70028278,01042,03,1,20260627,214709,000004483002,1,3.49,3.49,0.00,0.22,S,6091792025,,USD,DB
70028278,01042,03,2,20260627,214709,000000040202,1,14.99,14.99,0.00,0.00,S,6091792025,,USD,DB
70028278,01042,03,3,20260627,214709,000000031101,1.203,24.99,30.06,0.00,0.00,S,6091792025,,USD,DB
70028278,01042,03,4,20260627,214709,000004482001,2,13.99,27.98,13.99,0.87,S,6091792025,BG26W21,USD,DB
70028278,01042,03,5,20260627,214709,000000093503,1,4.29,4.29,0.00,0.00,S,6091792025,,USD,DB
70028278,01042,03,6,20260627,214709,000000020202,1,5.99,5.99,0.00,0.00,S,6091792025,,USD,DB
70028279,01042,02,1,20260627,215828,000000562002,1,8.49,8.49,0.00,0.53,S,,,USD,DB
70028279,01042,02,2,20260627,215828,000000093321,1.121,1.49,1.67,0.00,0.00,S,,,USD,DB
70028279,01042,02,3,20260627,215828,000004482003,1,5.49,5.49,0.00,0.34,S,,,USD,DB
70028280,01042,03,1,20260627,180625,000000005020,1,4.49,4.49,0.00,0.00,S,6056532863,,USD,CC
70028281,01042,05,1,20260627,74742,000004493002,1,3.99,3.99,0.00,0.25,S,6034118822,,USD,DB
70028281,01042,05,2,20260627,74742,000004491002,2,6.99,13.98,6.99,0.44,S,6034118822,BG26W20,USD,DB
70028281,01042,05,3,20260627,74742,000004482001,2,13.99,27.98,13.99,0.87,S,6034118822,BG26W21,USD,DB
70028281,01042,05,4,20260627,74742,000000094103,2,3.79,7.58,3.79,0.00,S,6034118822,BG26W21,USD,DB
70028281,01042,05,5,20260627,74742,000000093402,1.424,3.29,4.68,0.00,0.00,S,6034118822,,USD,DB
70028281,01042,05,6,20260627,74742,000004471023,1,3.49,3.49,0.00,0.22,S,6034118822,,USD,DB
70028282,01042,05,1,20260627,84258,000000093502,1,3.99,3.99,0.00,0.00,S,6049822749,,USD,GC
70028282,01042,05,2,20260627,84258,000000020201,1,5.49,5.49,0.00,0.00,S,6049822749,,USD,GC
70028283,01042,05,1,20260627,122416,000000040201,2,8.99,17.98,0.00,0.00,S,,,USD,DB
70028283,01042,05,2,20260627,122416,000004473002,1,2.79,2.79,0.00,0.17,S,,,USD,DB
70028284,01042,04,1,20260627,80506,000000551020,2,13.99,27.98,0.00,1.75,S,6036133254,,USD,CC
70028284,01042,04,2,20260627,80506,000000093502,1,3.99,3.99,0.00,0.00,S,6036133254,,USD,CC
70028285,01042,03,1,20260627,150043,000000093402,1.299,3.29,4.27,0.00,0.00,S,,,USD,DB
70028285,01042,03,2,20260627,150043,000004491003,1,1.99,1.99,0.00,0.12,S,,,USD,DB
70028285,01042,03,3,20260627,150043,000004482001,2,13.99,27.98,13.99,0.87,S,,BG26W21,USD,DB
70028285,01042,03,4,20260627,150043,000000031102,0.465,19.99,9.30,0.00,0.00,S,,,USD,DB
70028286,01042,04,1,20260627,171256,000000005020,2,4.49,8.98,0.00,0.00,S,,,USD,DB
70028286,01042,04,2,20260627,171256,000004473002,1,2.79,2.79,0.00,0.17,S,,,USD,DB
70028286,01042,04,3,20260627,171256,000000094201,1.173,1.69,1.98,0.00,0.00,S,,,USD,DB
70028287,01042,05,1,20260627,192108,000000094202,0.639,1.99,1.27,0.00,0.00,S,6055333426,,USD,CS
70028287,01042,05,2,20260627,192108,000004481003,2,4.99,9.98,4.99,0.31,S,6055333426,BG26W21,USD,CS
70028287,01042,05,3,20260627,192108,000000551020,1,13.99,13.99,0.00,0.87,S,6055333426,,USD,CS
70028288,01107,04,1,20260627,115637,000000040201,1,8.99,8.99,0.00,0.00,S,6066186323,,USD,GC
70028289,01107,06,1,20260627,73945,000000020102,2,3.49,6.98,0.00,0.00,S,,,USD,CC
70028289,01107,06,2,20260627,73945,000004473002,2,2.79,5.58,0.00,0.35,S,,,USD,CC
70028289,01107,06,3,20260627,73945,000004481003,2,4.99,9.98,4.99,0.31,S,,BG26W21,USD,CC
70028289,01107,06,4,20260627,73945,000004482003,1,5.49,5.49,0.00,0.34,S,,,USD,CC
70028289,01107,06,5,20260627,73945,000004473003,3,3.49,10.47,0.00,0.65,S,,,USD,CC
70028289,01107,06,6,20260627,73945,000000020101,1,2.49,2.49,0.00,0.00,S,,,USD,CC
70028290,01107,05,1,20260627,103501,000000561001,1,9.99,9.99,0.00,0.62,S,,,USD,CS
70028290,01107,05,2,20260627,103501,000000005102,1,5.49,5.49,0.00,0.00,S,,,USD,CS
70028290,01107,05,3,20260627,103501,000000040202,1,14.99,14.99,0.00,0.00,S,,,USD,CS
70028290,01107,05,4,20260627,103501,000004491002,2,6.99,13.98,6.99,0.44,S,,BG26W20,USD,CS
70028290,01107,05,5,20260627,103501,000004493001,1,5.49,5.49,0.00,0.34,S,,,USD,CS
70028290,01107,05,6,20260627,103501,000000093501,1,4.49,4.49,0.00,0.00,S,,,USD,CS
70028291,01107,03,1,20260627,213006,000004492001,2,1.79,3.58,0.00,0.22,S,6097002687,,USD,CC
70028291,01107,03,2,20260627,213006,000000005302,1,3.49,3.49,0.00,0.00,S,6097002687,,USD,CC
70028291,01107,03,3,20260627,213006,000004482002,1,17.99,17.99,0.00,1.12,S,6097002687,,USD,CC
70028291,01107,03,4,20260627,213006,000000561002,1,7.49,7.49,0.00,0.47,S,6097002687,,USD,CC
70028291,01107,03,5,20260627,213006,000000561001,1,9.99,9.99,0.00,0.62,S,6097002687,,USD,CC
70028292,01107,06,1,20260627,83213,000000020101,1,2.49,2.49,0.00,0.00,S,,,USD,CS
70028292,01107,06,2,20260627,83213,000004482002,2,17.99,35.98,0.00,2.25,S,,,USD,CS
70028292,01107,06,3,20260627,83213,000000005201,1,3.99,3.99,0.00,0.00,S,,,USD,CS
70028292,01107,06,4,20260627,83213,000000562002,1,8.49,8.49,0.00,0.53,S,,,USD,CS
70028292,01107,06,5,20260627,83213,000000005202,2,5.99,11.98,5.99,0.00,S,,BG26W20,USD,CS
70028293,01107,01,1,20260627,71309,000000005301,1,5.49,5.49,0.00,0.00,S,6013711842,,USD,GC
70028293,01107,01,2,20260627,71309,000000040101,1.081,18.99,20.53,0.00,0.00,S,6013711842,,USD,GC
70028293,01107,01,3,20260627,71309,000000562002,1,8.49,8.49,0.00,0.53,S,6013711842,,USD,GC
70028293,01107,01,4,20260627,71309,000000020202,1,5.99,5.99,0.00,0.00,S,6013711842,,USD,GC
70028293,01107,01,5,20260627,71309,000004482001,2,13.99,27.98,13.99,0.87,S,6013711842,BG26W21,USD,GC
70028293,01107,01,6,20260627,71309,000004483001,1,4.99,4.99,0.00,0.31,S,6013711842,,USD,GC
70028294,01107,05,1,20260627,133526,000000020102,2,3.49,6.98,0.00,0.00,S,,,USD,GC
70028294,01107,05,2,20260627,133526,000000005101,1,7.99,7.99,0.00,0.00,S,,,USD,GC
70028295,01107,06,1,20260627,215234,000000005202,2,5.99,11.98,5.99,0.00,S,,BG26W20,USD,CS
70028295,01107,06,2,20260627,215234,000004491002,2,6.99,13.98,6.99,0.44,S,,BG26W20,USD,CS
70028296,01107,01,1,20260627,121012,000000005202,1,5.99,5.99,0.00,0.00,S,,,USD,CS
70028296,01107,01,2,20260627,121012,000000040102,0.901,16.99,15.31,0.00,0.00,S,,,USD,CS
70028297,02210,06,1,20260627,74103,000000562002,2,8.49,16.98,0.00,1.06,S,6040394640,,USD,DB
70028297,02210,06,2,20260627,74103,000004473002,1,2.79,2.79,0.00,0.17,S,6040394640,,USD,DB
70028297,02210,06,3,20260627,74103,000000020201,3,5.49,16.47,0.00,0.00,S,6040394640,,USD,DB
70028297,02210,06,4,20260627,74103,000000005202,2,5.99,11.98,5.99,0.00,S,6040394640,BG26W20,USD,DB
70028297,02210,06,5,20260627,74103,000000030201,1,9.99,9.99,0.00,0.00,S,6040394640,,USD,DB
70028298,02210,03,1,20260627,72849,000000005301,1,5.49,5.49,0.00,0.00,S,6048354884,,USD,DB
70028298,02210,03,2,20260627,72849,000000551020,3,13.99,41.97,0.00,2.62,S,6048354884,,USD,DB
70028298,02210,03,3,20260627,72849,000000093410,2.066,3.99,8.24,0.00,0.00,S,6048354884,,USD,DB
70028298,02210,03,4,20260627,72849,000000093321,1.604,1.49,2.39,0.00,0.00,S,6048354884,,USD,DB
70028298,02210,03,5,20260627,72849,000000093321,0.939,1.49,1.40,0.00,0.00,S,6048354884,,USD,DB
70028298,02210,03,6,20260627,72849,000000030202,1,11.49,11.49,0.00,0.00,S,6048354884,,USD,DB
70028299,02210,01,1,20260627,193131,000000093503,1,4.29,4.29,0.00,0.00,S,6096170159,,USD,CC
70028299,02210,01,2,20260627,193131,000000040202,1,14.99,14.99,0.00,0.00,S,6096170159,,USD,CC
70028300,02210,05,1,20260627,75328,000000005202,2,5.99,11.98,5.99,0.00,S,6098425799,BG26W20,USD,DB
70028300,02210,05,2,20260627,75328,000004481003,2,4.99,9.98,4.99,0.31,S,6098425799,BG26W21,USD,DB
70028300,02210,05,3,20260627,75328,000000020101,1,2.49,2.49,0.00,0.00,S,6098425799,,USD,DB
70028301,02210,06,1,20260627,145039,000000552001,1,4.49,4.49,0.00,0.28,S,,,USD,DB
70028301,02210,06,2,20260627,145039,000000020101,1,2.49,2.49,0.00,0.00,S,,,USD,DB
70028301,02210,06,3,20260627,145039,000004481001,1,7.99,7.99,0.00,0.50,S,,,USD,DB
70028301,02210,06,4,20260627,145039,000000094203,1.589,1.49,2.37,0.00,0.00,S,,,USD,DB
70028301,02210,06,5,20260627,145039,000000030201,1,9.99,9.99,0.00,0.00,S,,,USD,DB
70028302,02210,05,1,20260627,190622,000000093322,1.411,1.99,2.81,0.00,0.00,S,,,USD,DB
70028302,02210,05,2,20260627,190622,000004483001,2,4.99,9.98,0.00,0.62,S,,,USD,DB
70028303,02210,04,1,20260627,70402,000004472001,2,3.99,7.98,3.99,0.25,S,6078637673,BG26W20,USD,CC
70028303,02210,04,2,20260627,70402,000004483001,1,4.99,4.99,0.00,0.31,S,6078637673,,USD,CC
70028304,02210,06,1,20260627,185827,000000093325,2.190,3.99,8.74,0.00,0.00,S,,,USD,CC
70028304,02210,06,2,20260627,185827,000004481003,1,4.99,4.99,0.00,0.31,S,,,USD,CC
70028304,02210,06,3,20260627,185827,000000005201,1,3.99,3.99,0.00,0.00,S,,,USD,CC
70028304,02210,06,4,20260627,185827,000004482001,2,13.99,27.98,13.99,0.87,S,,BG26W21,USD,CC
70028305,02210,04,1,20260627,132921,000000093325,1.024,3.99,4.09,0.00,0.00,S,,,USD,CC
70028305,02210,04,2,20260627,132921,000000020202,1,5.99,5.99,0.00,0.00,S,,,USD,CC
70028306,02210,06,1,20260627,120208,000000094302,1.134,5.49,6.23,0.00,0.00,S,,,USD,DB
70028306,02210,06,2,20260627,120208,000000562001,3,10.99,32.97,0.00,2.06,S,,,USD,DB
70028306,02210,06,3,20260627,120208,000004493002,2,3.99,7.98,3.99,0.25,S,,BG26W20,USD,DB
70028307,02210,02,1,20260627,183213,000000040102,0.387,16.99,6.58,0.00,0.00,S,,,USD,CS
70028307,02210,02,2,20260627,183213,000000094201,0.948,1.69,1.60,0.00,0.00,S,,,USD,CS
70028307,02210,02,3,20260627,183213,000000093325,1.604,3.99,6.40,0.00,0.00,S,,,USD,CS
70028308,02210,04,1,20260627,173435,000000094201,0.270,1.69,0.46,0.00,0.00,S,,,USD,CC
70028308,02210,04,2,20260627,173435,000004482001,2,13.99,27.98,13.99,0.87,S,,BG26W21,USD,CC
70028308,02210,04,3,20260627,173435,000004492002,1,1.49,1.49,0.00,0.09,S,,,USD,CC
70028309,02210,02,1,20260627,102810,000000552002,2,3.99,7.98,0.00,0.50,S,6004439735,,USD,GC
70028309,02210,02,2,20260627,102810,000004492001,2,1.79,3.58,0.00,0.22,S,6004439735,,USD,GC
70028309,02210,02,3,20260627,102810,000004492001,1,1.79,1.79,0.00,0.11,S,6004439735,,USD,GC
70028309,02210,02,4,20260627,102810,000000030101,1,6.99,6.99,0.00,0.00,S,6004439735,,USD,GC
70028310,02210,05,1,20260627,142738,000004472001,2,3.99,7.98,3.99,0.25,S,6033521103,BG26W20,USD,DB
70028311,02210,01,1,20260627,175520,000000551021,1,11.99,11.99,0.00,0.75,S,,,USD,GC
70028311,02210,01,2,20260627,175520,000000562001,2,10.99,21.98,0.00,1.37,S,,,USD,GC
70028311,02210,01,3,20260627,175520,000000562001,1,10.99,10.99,0.00,0.69,S,,,USD,GC
70028311,02210,01,4,20260627,175520,000004493002,2,3.99,7.98,3.99,0.25,S,,BG26W20,USD,GC
70028312,02305,01,1,20260627,81628,000004471023,1,3.49,3.49,0.00,0.22,R,6033154100,,USD,CC
70028313,02305,05,1,20260627,180402,000000094203,1.614,1.49,2.40,0.00,0.00,S,,,USD,CC
70028313,02305,05,2,20260627,180402,000004491003,1,1.99,1.99,0.00,0.12,S,,,USD,CC
70028313,02305,05,3,20260627,180402,000000040201,2,8.99,17.98,0.00,0.00,S,,,USD,CC
70028313,02305,05,4,20260627,180402,000004481001,1,7.99,7.99,0.00,0.50,S,,,USD,CC
70028313,02305,05,5,20260627,180402,000000094203,0.873,1.49,1.30,0.00,0.00,S,,,USD,CC
70028314,02305,06,1,20260627,212822,000000094203,1.168,1.49,1.74,0.00,0.00,S,6062671462,,USD,DB
70028314,02305,06,2,20260627,212822,000000030201,2,9.99,19.98,0.00,0.00,S,6062671462,,USD,DB
70028314,02305,06,3,20260627,212822,000004472003,1,3.29,3.29,0.00,0.21,S,6062671462,,USD,DB
70028314,02305,06,4,20260627,212822,000000094203,1.576,1.49,2.35,0.00,0.00,S,6062671462,,USD,DB
70028315,02305,02,1,20260627,145615,000000094201,1.012,1.69,1.71,0.00,0.00,S,6049409762,,USD,CC
70028315,02305,02,2,20260627,145615,000000094101,2,3.99,7.98,0.00,0.00,S,6049409762,,USD,CC
70028316,02305,01,1,20260627,151443,000000093502,2,3.99,7.98,0.00,0.00,S,,,USD,CC
70028317,02305,06,1,20260627,84343,000000094103,2,3.79,7.58,3.79,0.00,S,,BG26W21,USD,CS
70028318,02305,05,1,20260627,190951,000000020101,1,2.49,2.49,0.00,0.00,S,,,USD,CC
70028319,02305,03,1,20260627,205524,000004483001,1,4.99,4.99,0.00,0.31,S,,,USD,GC
70028319,02305,03,2,20260627,205524,000000552002,1,3.99,3.99,0.00,0.25,S,,,USD,GC
70028319,02305,03,3,20260627,205524,000004482001,2,13.99,27.98,13.99,0.87,S,,BG26W21,USD,GC
70028319,02305,03,4,20260627,205524,000000551020,1,13.99,13.99,0.00,0.87,S,,,USD,GC
70028320,02305,03,1,20260627,184538,000000551021,1,11.99,11.99,0.00,0.75,S,,,USD,CS
70028320,02305,03,2,20260627,184538,000000093401,1.105,5.49,6.07,0.00,0.00,S,,,USD,CS
70028320,02305,03,3,20260627,184538,000000093325,2.173,3.99,8.67,0.00,0.00,S,,,USD,CS
70028320,02305,03,4,20260627,184538,000004482001,2,13.99,27.98,13.99,0.87,S,,BG26W21,USD,CS
70028321,03050,01,1,20260627,81423,000000020103,1,4.99,4.99,0.00,0.00,S,6039740148,,USD,CC
70028321,03050,01,2,20260627,81423,000000031102,0.860,19.99,17.19,0.00,0.00,S,6039740148,,USD,CC
70028321,03050,01,3,20260627,81423,000004481003,2,4.99,9.98,4.99,0.31,S,6039740148,BG26W21,USD,CC
70028322,03050,06,1,20260627,124626,000000005013,1,3.89,3.89,0.00,0.00,S,6051868926,,USD,DB
70028322,03050,06,2,20260627,124626,000004473003,1,3.49,3.49,0.00,0.22,S,6051868926,,USD,DB
70028322,03050,06,3,20260627,124626,000000094101,1,3.99,3.99,0.00,0.00,S,6051868926,,USD,DB
70028322,03050,06,4,20260627,124626,000004493002,2,3.99,7.98,3.99,0.25,S,6051868926,BG26W20,USD,DB
70028323,03050,05,1,20260627,70041,000000094201,1.077,1.69,1.82,0.00,0.00,S,,,USD,CC
70028323,03050,05,2,20260627,70041,000004472001,2,3.99,7.98,3.99,0.25,S,,BG26W20,USD,CC
70028323,03050,05,3,20260627,70041,000000005302,3,3.49,10.47,0.00,0.00,S,,,USD,CC
70028324,03050,05,1,20260627,132021,000000094302,1.746,5.49,9.59,0.00,0.00,S,6097111212,,USD,CC
70028324,03050,05,2,20260627,132021,000000020201,2,5.49,10.98,0.00,0.00,S,6097111212,,USD,CC
70028325,03050,01,1,20260627,105519,000004493001,2,5.49,10.98,0.00,0.69,S,6032290310,,USD,CS
70028325,03050,01,2,20260627,105519,000000093322,1.901,1.99,3.78,0.00,0.00,S,6032290310,,USD,CS
70028325,03050,01,3,20260627,105519,000000551021,1,11.99,11.99,0.00,0.75,S,6032290310,,USD,CS
70028325,03050,01,4,20260627,105519,000000562002,1,8.49,8.49,0.00,0.53,S,6032290310,,USD,CS
70028325,03050,01,5,20260627,105519,000000040202,1,14.99,14.99,0.00,0.00,S,6032290310,,USD,CS
70028325,03050,01,6,20260627,105519,000004492002,1,1.49,1.49,0.00,0.09,S,6032290310,,USD,CS
70028326,03050,02,1,20260627,212308,000000005103,1,6.99,6.99,0.00,0.00,S,,,USD,CS
70028326,03050,02,2,20260627,212308,000004493001,1,5.49,5.49,0.00,0.34,S,,,USD,CS
70028326,03050,02,3,20260627,212308,000000552001,3,4.49,13.47,0.00,0.84,S,,,USD,CS
70028326,03050,02,4,20260627,212308,000000094102,2,3.49,6.98,3.49,0.00,S,,BG26W20,USD,CS
70028327,03050,05,1,20260627,115039,000000005020,1,4.49,4.49,0.00,0.00,S,,,USD,CC
70028327,03050,05,2,20260627,115039,000000005101,2,7.99,15.98,0.00,0.00,S,,,USD,CC
70028328,03050,06,1,20260627,174539,000004473002,1,2.79,2.79,0.00,0.17,S,,,USD,CC
70028328,03050,06,2,20260627,174539,000000005102,1,5.49,5.49,0.00,0.00,S,,,USD,CC
70028328,03050,06,3,20260627,174539,000000562002,3,8.49,25.47,0.00,1.59,S,,,USD,CC
70028328,03050,06,4,20260627,174539,000004483002,1,3.49,3.49,0.00,0.22,S,,,USD,CC
70028328,03050,06,5,20260627,174539,000004473003,2,3.49,6.98,0.00,0.44,S,,,USD,CC
70028329,03050,04,1,20260627,75308,000000562002,1,8.49,8.49,0.00,0.53,S,6031537795,,USD,DB
70028329,03050,04,2,20260627,75308,000004491002,2,6.99,13.98,6.99,0.44,S,6031537795,BG26W20,USD,DB
70028329,03050,04,3,20260627,75308,000000561002,2,7.49,14.98,0.00,0.94,S,6031537795,,USD,DB
70028329,03050,04,4,20260627,75308,000000040202,1,14.99,14.99,0.00,0.00,S,6031537795,,USD,DB
70028329,03050,04,5,20260627,75308,000000093402,1.535,3.29,5.05,0.00,0.00,S,6031537795,,USD,DB
70028329,03050,04,6,20260627,75308,000000094102,2,3.49,6.98,3.49,0.00,S,6031537795,BG26W20,USD,DB
70028330,03050,02,1,20260627,202125,000000094302,1.119,5.49,6.14,0.00,0.00,S,,,USD,CC
70028331,03050,05,1,20260627,105619,000000093322,0.694,1.99,1.38,0.00,0.00,S,,,USD,CC
70028331,03050,05,2,20260627,105619,000000005103,2,6.99,13.98,6.99,0.00,S,,BG26W20,USD,CC
70028332,00317,05,1,20260627,202738,000000005103,2,9.49,18.98,9.49,0.00,S,6074064930,BG26W20,CAD,DB
70028332,00317,05,2,20260627,202738,000000020202,1,8.09,8.09,0.00,0.00,S,6074064930,,CAD,DB
70028333,00317,03,1,20260627,203600,000004472002,2,6.09,12.18,0.00,0.76,S,6033750479,,CAD,CS
70028334,00317,02,1,20260627,105700,000004481003,2,6.79,13.58,6.79,0.42,S,,BG26W21,CAD,DB
70028334,00317,02,2,20260627,105700,000000020102,2,4.69,9.38,0.00,0.00,S,,,CAD,DB
70028335,00317,01,1,20260627,154757,000000551020,1,18.99,18.99,0.00,1.19,S,,,CAD,CC
70028335,00317,01,2,20260627,154757,000004493002,2,5.39,10.78,5.39,0.34,S,,BG26W20,CAD,CC
70028335,00317,01,3,20260627,154757,000000094201,1.912,2.29,4.38,0.00,0.00,S,,,CAD,CC
70028335,00317,01,4,20260627,154757,000004493002,1,5.39,5.39,0.00,0.34,S,,,CAD,CC
70028336,00317,04,1,20260627,122225,000000093502,1,5.39,5.39,0.00,0.00,R,,,CAD,DB
70028337,00317,01,1,20260627,93540,000004481001,1,10.89,10.89,0.00,0.68,S,6003926142,,CAD,DB
70028338,00317,05,1,20260627,103408,000000094301,1.346,5.99,8.06,0.00,0.00,S,,,CAD,GC
70028338,00317,05,2,20260627,103408,000000020102,1,4.69,4.69,0.00,0.00,S,,,CAD,GC
70028338,00317,05,3,20260627,103408,000004482002,1,24.49,24.49,0.00,1.53,S,,,CAD,GC
70028339,00317,01,1,20260627,170447,000004471040,1,3.39,3.39,0.00,0.21,S,6094398529,,CAD,GC
70028339,00317,01,2,20260627,170447,000000551020,2,18.99,37.98,0.00,2.37,S,6094398529,,CAD,GC
70028339,00317,01,3,20260627,170447,000000005202,2,8.09,16.18,8.09,0.00,S,6094398529,BG26W20,CAD,GC
70028339,00317,01,4,20260627,170447,000004471040,1,3.39,3.39,0.00,0.21,S,6094398529,,CAD,GC
70028339,00317,01,5,20260627,170447,000000005020,1,6.09,6.09,0.00,0.00,S,6094398529,,CAD,GC
70028340,00317,06,1,20260627,171506,000000031101,1.151,33.99,39.12,0.00,0.00,S,,,CAD,CS
70028340,00317,06,2,20260627,171506,000000094302,0.840,7.49,6.29,0.00,0.00,S,,,CAD,CS
70028340,00317,06,3,20260627,171506,000004471023,1,4.69,4.69,0.00,0.29,S,,,CAD,CS
70028340,00317,06,4,20260627,171506,000000005301,1,7.49,7.49,0.00,0.00,S,,,CAD,CS
70028340,00317,06,5,20260627,171506,000000094103,2,5.19,10.38,5.19,0.00,S,,BG26W21,CAD,CS
70028340,00317,06,6,20260627,171506,000000040101,1.042,25.79,26.87,0.00,0.00,S,,,CAD,CS
70028341,00317,03,1,20260627,204759,000004472002,2,6.09,12.18,0.00,0.76,S,,,CAD,CC
70028342,00317,06,1,20260627,182312,000000561002,3,10.19,30.57,0.00,1.91,S,6026153473,,CAD,CC
70028342,00317,06,2,20260627,182312,000000040101,1.432,25.79,36.93,0.00,0.00,S,6026153473,,CAD,CC
70028342,00317,06,3,20260627,182312,000004481003,2,6.79,13.58,6.79,0.42,S,6026153473,BG26W21,CAD,CC
70028342,00317,06,4,20260627,182312,000004482003,1,7.49,7.49,0.00,0.47,S,6026153473,,CAD,CC
70028342,00317,06,5,20260627,182312,000000031102,1.688,27.19,45.90,0.00,0.00,S,6026153473,,CAD,CC
70028343,00317,06,1,20260627,192520,000004483001,1,6.79,6.79,0.00,0.42,S,6037312552,,CAD,DB
70028343,00317,06,2,20260627,192520,000000093503,1,5.79,5.79,0.00,0.00,S,6037312552,,CAD,DB
70028343,00317,06,3,20260627,192520,000004491002,2,9.49,18.98,9.49,0.59,S,6037312552,BG26W20,CAD,DB
70028343,00317,06,4,20260627,192520,000000040102,0.292,23.09,6.74,0.00,0.00,S,6037312552,,CAD,DB
70028344,00317,03,1,20260627,165736,000000031102,1.128,27.19,30.67,0.00,0.00,S,,,CAD,CC
70028345,00317,06,1,20260627,125228,000000005302,3,4.69,14.07,0.00,0.00,S,,,CAD,CC
70028345,00317,06,2,20260627,125228,000000094201,0.594,2.29,1.36,0.00,0.00,S,,,CAD,CC
70028345,00317,06,3,20260627,125228,000000020103,2,6.79,13.58,0.00,0.00,S,,,CAD,CC
70028345,00317,06,4,20260627,125228,000000093402,0.617,4.49,2.77,0.00,0.00,S,,,CAD,CC
70028346,00317,02,1,20260627,114930,000004492050,3,2.99,8.97,0.00,0.56,S,,,CAD,DB
70028346,00317,02,2,20260627,114930,000004492001,2,2.39,4.78,0.00,0.30,S,,,CAD,DB
70028346,00317,02,3,20260627,114930,000000020102,1,4.69,4.69,0.00,0.00,S,,,CAD,DB
70028347,00317,04,1,20260627,151612,000004493001,1,7.49,7.49,0.00,0.47,S,6079071416,,CAD,CS
70028348,00317,03,1,20260627,210018,000000551021,1,16.29,16.29,0.00,1.02,S,6049603358,,CAD,CC
70028348,00317,03,2,20260627,210018,000004472003,1,4.49,4.49,0.00,0.28,S,6049603358,,CAD,CC
70028349,00317,05,1,20260627,72053,000000030102,1,20.39,20.39,0.00,0.00,S,6051651768,,CAD,CS
70028349,00317,05,2,20260627,72053,000000005013,1,5.29,5.29,0.00,0.00,S,6051651768,,CAD,CS
70028349,00317,05,3,20260627,72053,000004491002,1,9.49,9.49,0.00,0.59,S,6051651768,,CAD,CS
70028349,00317,05,4,20260627,72053,000000094202,2.090,2.69,5.62,0.00,0.00,S,6051651768,,CAD,CS
70028349,00317,05,5,20260627,72053,000004471030,1,5.39,5.39,0.00,0.34,S,6051651768,,CAD,CS
70028350,00317,05,1,20260627,191519,000000020101,1,3.39,3.39,0.00,0.00,S,6048170580,,CAD,CC
70028350,00317,05,2,20260627,191519,000000005202,1,8.09,8.09,0.00,0.00,S,6048170580,,CAD,CC
70028351,00317,02,1,20260627,170844,000000040203,1,16.29,16.29,0.00,0.00,S,,,CAD,DB
70028351,00317,02,2,20260627,170844,000000093325,0.503,5.39,2.71,0.00,0.00,S,,,CAD,DB
70028351,00317,02,3,20260627,170844,000004492001,1,2.39,2.39,0.00,0.15,S,,,CAD,DB
70028351,00317,02,4,20260627,170844,000000562002,1,11.49,11.49,0.00,0.72,S,,,CAD,DB
70028352,00322,04,1,20260627,160040,000004471040,1,3.39,3.39,0.00,0.21,S,6071795760,,CAD,CC
70028353,00322,03,1,20260627,121707,000000093502,1,5.39,5.39,0.00,0.00,S,6083182856,,CAD,CS
70028353,00322,03,2,20260627,121707,000000020201,2,7.49,14.98,0.00,0.00,S,6083182856,,CAD,CS
70028353,00322,03,3,20260627,121707,000004493002,2,5.39,10.78,5.39,0.34,S,6083182856,BG26W20,CAD,CS
70028354,00322,03,1,20260627,85606,000000005202,2,8.09,16.18,8.09,0.00,S,,BG26W20,CAD,CC
70028354,00322,03,2,20260627,85606,000004472001,2,5.39,10.78,5.39,0.34,S,,BG26W20,CAD,CC
70028355,00322,05,1,20260627,142310,000000040202,2,20.39,40.78,0.00,0.00,S,,,CAD,CC
70028356,00322,05,1,20260627,131244,000004473002,1,3.79,3.79,0.00,0.24,S,,,CAD,DB
70028356,00322,05,2,20260627,131244,000004482003,3,7.49,22.47,0.00,1.40,S,,,CAD,DB
70028356,00322,05,3,20260627,131244,000000005103,2,9.49,18.98,9.49,0.00,S,,BG26W20,CAD,DB
70028357,00322,03,1,20260627,81222,000000005102,1,7.49,7.49,0.00,0.00,S,,,CAD,DB
70028357,00322,03,2,20260627,81222,000000020201,1,7.49,7.49,0.00,0.00,S,,,CAD,DB
70028358,00322,05,1,20260627,110123,000000005202,2,8.09,16.18,8.09,0.00,S,,BG26W20,CAD,DB
70028358,00322,05,2,20260627,110123,000000005302,2,4.69,9.38,0.00,0.00,S,,,CAD,DB
70028358,00322,05,3,20260627,110123,000004492001,2,2.39,4.78,0.00,0.30,S,,,CAD,DB
70028359,00322,05,1,20260627,195400,000000005102,3,7.49,22.47,0.00,0.00,S,,,CAD,CS
70028359,00322,05,2,20260627,195400,000000040203,1,16.29,16.29,0.00,0.00,S,,,CAD,CS
70028359,00322,05,3,20260627,195400,000004482001,2,18.99,37.98,18.99,1.19,S,,BG26W21,CAD,CS
70028359,00322,05,4,20260627,195400,000000094302,0.354,7.49,2.65,0.00,0.00,S,,,CAD,CS
70028359,00322,05,5,20260627,195400,000004483002,1,4.69,4.69,0.00,0.29,S,,,CAD,CS
70028359,00322,05,6,20260627,195400,000004472003,2,4.49,8.98,0.00,0.56,S,,,CAD,CS
70028360,01042,06,1,20260628,112702,000000040201,3,8.99,26.97,0.00,0.00,S,,,USD,GC
70028360,01042,06,2,20260628,112702,000000094103,1,3.79,3.79,0.00,0.00,S,,,USD,GC
70028360,01042,06,3,20260628,112702,000000040102,2.144,16.99,36.43,0.00,0.00,S,,,USD,GC
70028360,01042,06,4,20260628,112702,000000031102,2.035,19.99,40.68,0.00,0.00,S,,,USD,GC
70028360,01042,06,5,20260628,112702,000004491002,2,6.99,13.98,0.00,0.87,S,,,USD,GC
70028360,01042,06,6,20260628,112702,000000040201,1,8.99,8.99,0.00,0.00,S,,,USD,GC
70028361,01042,05,1,20260628,183712,000004472003,1,3.29,3.29,0.00,0.21,S,,,USD,CC
70028361,01042,05,2,20260628,183712,000000005020,1,4.49,4.49,0.90,0.00,S,,PC26W22,USD,CC
70028361,01042,05,3,20260628,183712,000000551021,3,11.99,35.97,0.00,2.25,S,,,USD,CC
70028362,01042,01,1,20260628,123552,000000040101,1.449,18.99,27.52,0.00,0.00,S,,,USD,CC
70028363,01042,03,1,20260628,205338,000000040202,3,14.99,44.97,0.00,0.00,S,6050557385,,USD,CC
70028363,01042,03,2,20260628,205338,000000005013,1,3.89,3.89,0.00,0.00,S,6050557385,,USD,CC
70028363,01042,03,3,20260628,205338,000004482003,1,5.49,5.49,0.00,0.34,S,6050557385,,USD,CC
70028363,01042,03,4,20260628,205338,000000005302,1,3.49,3.49,0.00,0.00,S,6050557385,,USD,CC
70028364,01042,04,1,20260628,104717,000000020201,1,5.49,5.49,0.00,0.00,S,6012038750,,USD,CC
70028364,01042,04,2,20260628,104717,000000030203,1,8.49,8.49,0.00,0.00,S,6012038750,,USD,CC
70028364,01042,04,3,20260628,104717,000000030101,1,6.99,6.99,2.10,0.00,S,6012038750,PC26W22B,USD,CC
70028364,01042,04,4,20260628,104717,000000020202,1,5.99,5.99,1.80,0.00,S,6012038750,PC26W22B,USD,CC
70028364,01042,04,5,20260628,104717,000000030101,1,6.99,6.99,2.10,0.00,S,6012038750,PC26W22B,USD,CC
70028365,01042,03,1,20260628,94145,000000040202,1,14.99,14.99,0.00,0.00,S,,,USD,DB
70028365,01042,03,2,20260628,94145,000000020201,1,5.49,5.49,0.00,0.00,S,,,USD,DB
70028366,01042,04,1,20260628,192443,000000093501,2,4.49,8.98,0.00,0.00,S,6095026480,,USD,CC
70028366,01042,04,2,20260628,192443,000000094202,1.591,1.99,3.17,0.00,0.00,S,6095026480,,USD,CC
70028366,01042,04,3,20260628,192443,000004482002,1,17.99,17.99,0.00,1.12,S,6095026480,,USD,CC
70028366,01042,04,4,20260628,192443,000000020101,1,2.49,2.49,0.00,0.00,S,6095026480,,USD,CC
70028367,01042,04,1,20260628,110705,000004471023,1,3.49,3.49,0.70,0.17,S,,PC26W22,USD,CS
70028367,01042,04,2,20260628,110705,000000040102,2.105,16.99,35.76,0.00,0.00,S,,,USD,CS
70028368,01042,05,1,20260628,90710,000004491003,2,1.99,3.98,0.00,0.25,S,6045273466,,USD,DB
70028368,01042,05,2,20260628,90710,000000005020,1,4.49,4.49,0.90,0.00,S,6045273466,PC26W22,USD,DB
70028368,01042,05,3,20260628,90710,000000093322,0.543,1.99,1.08,0.00,0.00,S,6045273466,,USD,DB
70028369,01042,03,1,20260628,201400,000000005020,1,4.49,4.49,0.90,0.00,S,6049822749,PC26W22,USD,CC
70028370,01042,03,1,20260628,94317,000000093325,1.941,3.99,7.74,0.00,0.00,S,,,USD,DB
70028370,01042,03,2,20260628,94317,000000005302,1,3.49,3.49,0.00,0.00,S,,,USD,DB
70028370,01042,03,3,20260628,94317,000000551020,2,13.99,27.98,0.00,1.75,S,,,USD,DB
70028370,01042,03,4,20260628,94317,000000020103,1,4.99,4.99,0.00,0.00,S,,,USD,DB
70028370,01042,03,5,20260628,94317,000004493002,1,3.99,3.99,0.00,0.25,S,,,USD,DB
70028370,01042,03,6,20260628,94317,000000020102,1,3.49,3.49,0.00,0.00,S,,,USD,DB
70028371,01042,02,1,20260628,70235,000004471023,1,3.49,3.49,0.70,0.17,S,,PC26W22,USD,DB
70028371,01042,02,2,20260628,70235,000004483002,1,3.49,3.49,0.00,0.22,S,,,USD,DB
70028372,01042,04,1,20260628,135927,000000094103,1,3.79,3.79,0.00,0.00,S,,,USD,DB
70028372,01042,04,2,20260628,135927,000000094102,1,3.49,3.49,1.05,0.00,S,,PC26W22B,USD,DB
70028373,01042,01,1,20260628,155939,000000005201,1,3.99,3.99,0.00,0.00,S,6012478261,,USD,CC
70028373,01042,01,2,20260628,155939,000000005202,1,5.99,5.99,0.00,0.00,S,6012478261,,USD,CC
70028374,01042,01,1,20260628,75641,000000093503,1,4.29,4.29,0.00,0.00,S,6028137214,,USD,GC
70028374,01042,01,2,20260628,75641,000000005020,2,4.49,8.98,1.80,0.00,S,6028137214,PC26W22,USD,GC
70028374,01042,01,3,20260628,75641,000000020101,2,2.49,4.98,0.00,0.00,S,6028137214,,USD,GC
70028374,01042,01,4,20260628,75641,000004472002,1,4.49,4.49,0.00,0.28,S,6028137214,,USD,GC
70028375,01042,06,1,20260628,205519,000000030202,2,11.49,22.98,0.00,0.00,S,6080512080,,USD,DB
70028375,01042,06,2,20260628,205519,000000020103,3,4.99,14.97,0.00,0.00,S,6080512080,,USD,DB
70028376,01042,03,1,20260628,173252,000004472001,1,3.99,3.99,0.00,0.25,S,,,USD,CS
70028376,01042,03,2,20260628,173252,000004471040,1,2.49,2.49,0.50,0.12,S,,PC26W22,USD,CS
70028376,01042,03,3,20260628,173252,000004471023,2,3.49,6.98,1.40,0.35,S,,PC26W22,USD,CS
70028376,01042,03,4,20260628,173252,000004471023,1,3.49,3.49,0.70,0.17,S,,PC26W22,USD,CS
70028376,01042,03,5,20260628,173252,000004492001,1,1.79,1.79,0.00,0.11,S,,,USD,CS
70028377,01042,01,1,20260628,142232,000000093503,1,4.29,4.29,0.00,0.00,S,,,USD,DB
70028377,01042,01,2,20260628,142232,000000031101,1.890,24.99,47.23,0.00,0.00,S,,,USD,DB
70028377,01042,01,3,20260628,142232,000000093321,1.220,1.49,1.82,0.00,0.00,S,,,USD,DB
70028378,01107,05,1,20260628,214248,000000005101,2,7.99,15.98,0.00,0.00,S,6079145608,,USD,CC
70028378,01107,05,2,20260628,214248,000004472003,1,3.29,3.29,0.00,0.21,S,6079145608,,USD,CC
70028379,01107,05,1,20260628,213429,000004473001,1,2.99,2.99,0.00,0.19,S,,,USD,CC
70028379,01107,05,2,20260628,213429,000004493001,2,5.49,10.98,0.00,0.69,S,,,USD,CC
70028380,01107,04,1,20260628,102843,000004493002,1,3.99,3.99,0.00,0.25,S,,,USD,CC
70028381,01107,06,1,20260628,111345,000004471023,1,3.49,3.49,0.70,0.17,S,6032106133,PC26W22,USD,CC
70028381,01107,06,2,20260628,111345,000004493002,2,3.99,7.98,0.00,0.50,S,6032106133,,USD,CC
70028382,02210,02,1,20260628,140129,000004491002,1,6.99,6.99,0.00,0.44,S,6020994510,,USD,GC
70028383,02210,01,1,20260628,193308,000000031101,1.563,24.99,39.06,0.00,0.00,S,6049851724,,USD,CC
70028383,02210,01,2,20260628,193308,000004471023,1,3.49,3.49,0.70,0.17,S,6049851724,PC26W22,USD,CC
70028384,02210,05,1,20260628,70213,000004473002,2,2.79,5.58,0.00,0.35,S,,,USD,DB
70028384,02210,05,2,20260628,70213,000000551020,2,13.99,27.98,0.00,1.75,S,,,USD,DB
70028384,02210,05,3,20260628,70213,000000005013,2,3.89,7.78,0.00,0.00,S,,,USD,DB
70028385,02210,03,1,20260628,211641,000000020101,1,2.49,2.49,0.00,0.00,S,,,USD,CS
70028385,02210,03,2,20260628,211641,000000005020,1,4.49,4.49,0.90,0.00,S,,PC26W22,USD,CS
70028385,02210,03,3,20260628,211641,000004492003,1,2.29,2.29,0.00,0.14,S,,,USD,CS
70028386,02210,06,1,20260628,110453,000000005020,1,4.49,4.49,0.90,0.00,S,,PC26W22,USD,DB
70028386,02210,06,2,20260628,110453,000000094302,0.606,5.49,3.33,0.00,0.00,S,,,USD,DB
70028386,02210,06,3,20260628,110453,000000093322,0.850,1.99,1.69,0.00,0.00,S,,,USD,DB
70028387,02210,05,1,20260628,162139,000004471023,1,3.49,3.49,0.70,0.17,S,6090947985,PC26W22,USD,GC
70028387,02210,05,2,20260628,162139,000000020202,2,5.99,11.98,3.59,0.00,S,6090947985,PC26W22B,USD,GC
70028387,02210,05,3,20260628,162139,000000094302,0.371,5.49,2.04,0.00,0.00,S,6090947985,,USD,GC
70028387,02210,05,4,20260628,162139,000000093410,0.522,3.99,2.08,0.00,0.00,S,6090947985,,USD,GC
70028387,02210,05,5,20260628,162139,000000031102,0.837,19.99,16.73,0.00,0.00,S,6090947985,,USD,GC
70028388,02305,05,1,20260628,133754,000000005102,1,5.49,5.49,0.00,0.00,S,6003771070,,USD,DB
70028389,02305,03,1,20260628,140556,000000005013,1,3.89,3.89,0.00,0.00,S,,,USD,CS
70028390,02305,04,1,20260628,210248,000004491003,1,1.99,1.99,0.00,0.12,S,6043958739,,USD,CC
70028390,02305,04,2,20260628,210248,000000020202,1,5.99,5.99,1.80,0.00,S,6043958739,PC26W22B,USD,CC
70028391,02305,05,1,20260628,161859,000000093503,1,4.29,4.29,0.00,0.00,S,6037660144,,USD,DB
70028391,02305,05,2,20260628,161859,000000094203,0.517,1.49,0.77,0.00,0.00,S,6037660144,,USD,DB
70028391,02305,05,3,20260628,161859,000000562002,1,8.49,8.49,0.00,0.53,S,6037660144,,USD,DB
70028391,02305,05,4,20260628,161859,000000020202,1,5.99,5.99,1.80,0.00,S,6037660144,PC26W22B,USD,DB
70028392,02305,06,1,20260628,81009,000000030102,1,14.99,14.99,0.00,0.00,S,6030347786,,USD,CC
70028393,02305,03,1,20260628,200420,000000040101,1.665,18.99,31.62,0.00,0.00,S,6010943969,,USD,CS
70028394,02305,01,1,20260628,190030,000000005302,1,3.49,3.49,0.00,0.00,S,,,USD,CS
70028394,02305,01,2,20260628,190030,000000094301,1.656,4.39,7.27,0.00,0.00,S,,,USD,CS
70028394,02305,01,3,20260628,190030,000000094102,1,3.49,3.49,1.05,0.00,S,,PC26W22B,USD,CS
70028395,02305,05,1,20260628,174815,000000005302,2,3.49,6.98,0.00,0.00,S,,,USD,GC
70028395,02305,05,2,20260628,174815,000000561001,1,9.99,9.99,0.00,0.62,S,,,USD,GC
70028395,02305,05,3,20260628,174815,000004492001,2,1.79,3.58,0.00,0.22,S,,,USD,GC
70028395,02305,05,4,20260628,174815,000000040102,1.665,16.99,28.29,0.00,0.00,S,,,USD,GC
70028396,02305,06,1,20260628,210019,000000005013,1,3.89,3.89,0.00,0.00,S,,,USD,GC
70028397,02305,01,1,20260628,214050,000000005201,1,3.99,3.99,0.00,0.00,S,,,USD,CC
70028397,02305,01,2,20260628,214050,000000005201,1,3.99,3.99,0.00,0.00,V,,,USD,CC
70028398,02305,06,1,20260628,192820,000000562002,1,8.49,8.49,0.00,0.53,S,,,USD,DB
70028398,02305,06,2,20260628,192820,000000093325,1.112,3.99,4.44,0.00,0.00,S,,,USD,DB
70028399,03050,01,1,20260628,173947,000000040202,1,14.99,14.99,0.00,0.00,R,6032484137,,USD,CS
70028400,03050,04,1,20260628,215800,000000093401,0.518,5.49,2.84,0.00,0.00,S,6053988547,,USD,DB
70028400,03050,04,2,20260628,215800,000000020202,1,5.99,5.99,1.80,0.00,S,6053988547,PC26W22B,USD,DB
70028400,03050,04,3,20260628,215800,000000030102,1,14.99,14.99,0.00,0.00,S,6053988547,,USD,DB
70028400,03050,04,4,20260628,215800,000000005020,1,4.49,4.49,0.90,0.00,S,6053988547,PC26W22,USD,DB
70028401,03050,01,1,20260628,115227,000000005101,1,7.99,7.99,0.00,0.00,S,,,USD,GC
70028401,03050,01,2,20260628,115227,000000552002,1,3.99,3.99,0.00,0.25,S,,,USD,GC
70028402,03050,06,1,20260628,152319,000004472002,1,4.49,4.49,0.00,0.28,S,6068893628,,USD,CS
70028403,03050,03,1,20260628,84554,000004471040,1,2.49,2.49,0.50,0.12,S,6090603202,PC26W22,USD,CC
70028404,03050,02,1,20260628,115107,000000561002,1,7.49,7.49,0.00,0.47,S,6085239868,,USD,DB
70028404,03050,02,2,20260628,115107,000000094201,1.519,1.69,2.57,0.00,0.00,S,6085239868,,USD,DB
70028405,00317,03,1,20260628,84434,000000005302,1,4.69,4.69,0.00,0.00,S,6013875927,,CAD,DB
70028405,00317,03,2,20260628,84434,000000031102,1.862,27.19,50.63,0.00,0.00,S,6013875927,,CAD,DB
70028406,00317,06,1,20260628,160318,000004491002,1,9.49,9.49,0.00,0.59,S,,,CAD,CS
70028407,00317,02,1,20260628,73337,000000093322,1.182,2.69,3.18,0.00,0.00,S,,,CAD,DB
70028407,00317,02,2,20260628,73337,000000030102,1,20.39,20.39,0.00,0.00,S,,,CAD,DB
70028407,00317,02,3,20260628,73337,000000094201,2.107,2.29,4.83,0.00,0.00,S,,,CAD,DB
70028407,00317,02,4,20260628,73337,000000030103,1,12.19,12.19,0.00,0.00,S,,,CAD,DB
70028408,00317,02,1,20260628,122227,000000561001,1,13.59,13.59,0.00,0.85,S,,,CAD,DB
70028408,00317,02,2,20260628,122227,000004472003,1,4.49,4.49,0.00,0.28,S,,,CAD,DB
70028409,00317,04,1,20260628,142822,000000031101,0.410,33.99,13.94,0.00,0.00,S,,,CAD,CS
70028409,00317,04,2,20260628,142822,000004491002,1,9.49,9.49,0.00,0.59,S,,,CAD,CS
70028409,00317,04,3,20260628,142822,000000094101,1,5.39,5.39,0.00,0.00,S,,,CAD,CS
70028410,00317,03,1,20260628,215719,000000094203,0.737,1.99,1.47,0.00,0.00,S,,,CAD,CS
70028410,00317,03,2,20260628,215719,000000093410,2.168,5.39,11.69,0.00,0.00,S,,,CAD,CS
70028411,00317,04,1,20260628,84423,000000030201,1,13.59,13.59,0.00,0.00,S,,,CAD,CC
70028411,00317,04,2,20260628,84423,000000005103,1,9.49,9.49,0.00,0.00,S,,,CAD,CC
70028411,00317,04,3,20260628,84423,000000552001,1,6.09,6.09,0.00,0.38,S,,,CAD,CC
70028411,00317,04,4,20260628,84423,000000030102,1,20.39,20.39,0.00,0.00,S,,,CAD,CC
70028411,00317,04,5,20260628,84423,000000040101,0.590,25.79,15.22,0.00,0.00,S,,,CAD,CC
70028412,00317,01,1,20260628,192645,000004491002,2,9.49,18.98,0.00,1.19,S,6001841862,,CAD,DB
70028412,00317,01,2,20260628,192645,000000020202,2,8.09,16.18,4.85,0.00,S,6001841862,PC26W22B,CAD,DB
70028412,00317,01,3,20260628,192645,000000030201,1,13.59,13.59,0.00,0.00,S,6001841862,,CAD,DB
70028412,00317,01,4,20260628,192645,000000093321,2.073,1.99,4.13,0.00,0.00,S,6001841862,,CAD,DB
70028412,00317,01,5,20260628,192645,000000093410,1.030,5.39,5.55,0.00,0.00,S,6001841862,,CAD,DB
70028412,00317,01,6,20260628,192645,000000093402,1.867,4.49,8.38,0.00,0.00,S,6001841862,,CAD,DB
70028413,00317,02,1,20260628,141304,000000020101,1,3.39,3.39,0.00,0.00,S,6019906234,,CAD,DB
70028413,00317,02,2,20260628,141304,000004472002,1,6.09,6.09,0.00,0.38,S,6019906234,,CAD,DB
70028414,00317,01,1,20260628,194342,000000094202,0.643,2.69,1.73,0.00,0.00,S,6088044287,,CAD,CS
70028414,00317,01,2,20260628,194342,000004472002,1,6.09,6.09,0.00,0.38,S,6088044287,,CAD,CS
70028414,00317,01,3,20260628,194342,000000020102,1,4.69,4.69,0.00,0.00,S,6088044287,,CAD,CS
70028415,00317,01,1,20260628,83241,000000040203,1,16.29,16.29,0.00,0.00,S,6077046056,,CAD,CC
70028416,00317,05,1,20260628,180451,000004472001,1,5.39,5.39,0.00,0.34,S,,,CAD,CC
70028417,00317,03,1,20260628,160615,000000005103,1,9.49,9.49,0.00,0.00,S,,,CAD,DB
70028417,00317,03,2,20260628,160615,000000005201,1,5.39,5.39,0.00,0.00,S,,,CAD,DB
70028418,00317,01,1,20260628,142148,000004471040,1,3.39,3.39,0.68,0.17,S,6078725587,PC26W22,CAD,DB
70028419,00317,02,1,20260628,112345,000004473003,1,4.69,4.69,0.00,0.29,S,6090333736,,CAD,DB
70028419,00317,02,2,20260628,112345,000000030202,1,15.59,15.59,0.00,0.00,S,6090333736,,CAD,DB
70028419,00317,02,3,20260628,112345,000000005201,3,5.39,16.17,0.00,0.00,S,6090333736,,CAD,DB
70028420,00322,05,1,20260628,135906,000000020202,2,8.09,16.18,4.85,0.00,S,,PC26W22B,CAD,GC
70028420,00322,05,2,20260628,135906,000000020202,1,8.09,8.09,2.43,0.00,S,,PC26W22B,CAD,GC
70028421,00322,04,1,20260628,145701,000000020103,1,6.79,6.79,0.00,0.00,S,6000053474,,CAD,CS
70028421,00322,04,2,20260628,145701,000000093325,1.146,5.39,6.18,0.00,0.00,S,6000053474,,CAD,CS
70028421,00322,04,3,20260628,145701,000000562001,1,14.89,14.89,0.00,0.93,S,6000053474,,CAD,CS
70028421,00322,04,4,20260628,145701,000000005103,1,9.49,9.49,0.00,0.00,S,6000053474,,CAD,CS
70028422,00322,03,1,20260628,104738,000000094203,0.690,1.99,1.37,0.00,0.00,S,6042583230,,CAD,CS
70028422,00322,03,2,20260628,104738,000004492002,1,1.99,1.99,0.00,0.12,S,6042583230,,CAD,CS
70028422,00322,03,3,20260628,104738,000000020201,1,7.49,7.49,0.00,0.00,S,6042583230,,CAD,CS
70028422,00322,03,4,20260628,104738,000004471040,2,3.39,6.78,1.36,0.34,S,6042583230,PC26W22,CAD,CS
70028423,01042,05,1,20260629,125803,000000094202,1.028,1.99,2.05,0.00,0.00,S,6010388629,,USD,DB
70028424,01042,03,1,20260629,201617,000000005012,1,3.99,3.99,0.00,0.00,S,6022091241,,USD,CS
70028425,01042,06,1,20260629,95151,000000005012,1,3.99,3.99,0.00,0.00,S,6024112412,,USD,CC
70028425,01042,06,2,20260629,95151,000000005020,1,4.49,4.49,0.90,0.00,S,6024112412,PC26W22,USD,CC
70028425,01042,06,3,20260629,95151,000004492002,1,1.49,1.49,0.00,0.09,S,6024112412,,USD,CC
70028425,01042,06,4,20260629,95151,000000094302,1.703,5.49,9.35,0.00,0.00,S,6024112412,,USD,CC
70028426,01042,03,1,20260629,173511,000004471040,1,2.49,2.49,0.50,0.12,S,,PC26W22,USD,DB
70028426,01042,03,2,20260629,173511,000000020202,2,5.99,11.98,3.59,0.00,S,,PC26W22B,USD,DB
70028426,01042,03,3,20260629,173511,000000030202,1,11.49,11.49,0.00,0.00,S,,,USD,DB
70028426,01042,03,4,20260629,173511,000000093402,2.101,3.29,6.91,0.00,0.00,S,,,USD,DB
70028426,01042,03,5,20260629,173511,000004473002,1,2.79,2.79,0.00,0.17,S,,,USD,DB
70028427,01042,01,1,20260629,81239,000000030203,1,8.49,8.49,0.00,0.00,S,6057978630,,USD,GC
70028427,01042,01,2,20260629,81239,000004481001,1,7.99,7.99,0.00,0.50,S,6057978630,,USD,GC
70028428,01042,03,1,20260629,93127,000000094201,1.987,1.69,3.36,0.00,0.00,S,,,USD,GC
70028428,01042,03,2,20260629,93127,000004471040,3,2.49,7.47,1.49,0.37,S,,PC26W22,USD,GC
70028428,01042,03,3,20260629,93127,000004491003,2,1.99,3.98,0.00,0.25,S,,,USD,GC
70028428,01042,03,4,20260629,93127,000004473002,2,2.79,5.58,0.00,0.35,S,,,USD,GC
70028428,01042,03,5,20260629,93127,000000005012,1,3.99,3.99,0.00,0.00,S,,,USD,GC
70028429,01042,03,1,20260629,144202,000000040102,1.135,16.99,19.28,0.00,0.00,S,,,USD,CC
70028429,01042,03,2,20260629,144202,000000030202,3,11.49,34.47,0.00,0.00,S,,,USD,CC
70028430,01042,01,1,20260629,194117,000004491003,1,1.99,1.99,0.00,0.12,S,,,USD,GC
70028430,01042,01,2,20260629,194117,000000094201,2.028,1.69,3.43,0.00,0.00,S,,,USD,GC
70028430,01042,01,3,20260629,194117,000000561001,2,9.99,19.98,0.00,1.25,S,,,USD,GC
70028430,01042,01,4,20260629,194117,000004471030,1,3.99,3.99,0.00,0.25,S,,,USD,GC
70028430,01042,01,5,20260629,194117,000000020102,1,3.49,3.49,0.00,0.00,S,,,USD,GC
70028431,01042,05,1,20260629,105631,000000094302,1.166,5.49,6.40,0.00,0.00,S,,,USD,CC
70028431,01042,05,2,20260629,105631,000000005012,1,3.99,3.99,0.00,0.00,S,,,USD,CC
70028431,01042,05,3,20260629,105631,000004471040,1,2.49,2.49,0.50,0.12,S,,PC26W22,USD,CC
70028431,01042,05,4,20260629,105631,000004472001,1,3.99,3.99,0.00,0.25,S,,,USD,CC
70028431,01042,05,5,20260629,105631,000004482003,2,5.49,10.98,0.00,0.69,S,,,USD,CC
70028432,01042,04,1,20260629,215611,000000093503,1,4.29,4.29,0.00,0.00,S,6037876553,,USD,DB
70028432,01042,04,2,20260629,215611,000000094101,1,3.99,3.99,0.00,0.00,S,6037876553,,USD,DB
70028432,01042,04,3,20260629,215611,000000561001,1,9.99,9.99,0.00,0.62,S,6037876553,,USD,DB
70028432,01042,04,4,20260629,215611,000004491003,3,1.99,5.97,0.00,0.37,S,6037876553,,USD,DB
70028432,01042,04,5,20260629,215611,000004482001,1,13.99,13.99,0.00,0.87,S,6037876553,,USD,DB
70028432,01042,04,6,20260629,215611,000004483001,1,4.99,4.99,0.00,0.31,S,6037876553,,USD,DB
70028433,01042,05,1,20260629,191721,000000020102,1,3.49,3.49,0.00,0.00,S,6012796114,,USD,CC
70028433,01042,05,2,20260629,191721,000004491002,1,6.99,6.99,0.00,0.44,S,6012796114,,USD,CC
70028433,01042,05,3,20260629,191721,000000005102,2,5.49,10.98,0.00,0.00,S,6012796114,,USD,CC
70028433,01042,05,4,20260629,191721,000000005102,1,5.49,5.49,0.00,0.00,S,6012796114,,USD,CC
70028434,01107,02,1,20260629,191202,000004481001,1,7.99,7.99,0.00,0.50,S,6042752308,,USD,CC
70028434,01107,02,2,20260629,191202,000004472001,1,3.99,3.99,0.00,0.25,S,6042752308,,USD,CC
70028434,01107,02,3,20260629,191202,000004483001,1,4.99,4.99,0.00,0.31,S,6042752308,,USD,CC
70028434,01107,02,4,20260629,191202,000004471040,1,2.49,2.49,0.50,0.12,S,6042752308,PC26W22,USD,CC
70028434,01107,02,5,20260629,191202,000000093502,1,3.99,3.99,0.00,0.00,S,6042752308,,USD,CC
70028434,01107,02,6,20260629,191202,000000005013,1,3.89,3.89,0.00,0.00,S,6042752308,,USD,CC
70028435,01107,02,1,20260629,71530,000004493002,1,3.99,3.99,0.00,0.25,S,6026551104,,USD,DB
70028435,01107,02,2,20260629,71530,000000005020,2,4.49,8.98,1.80,0.00,S,6026551104,PC26W22,USD,DB
70028436,01107,05,1,20260629,161937,000004492001,3,1.79,5.37,0.00,0.34,S,,,USD,CS
70028437,02210,02,1,20260629,122517,000000005103,3,6.99,20.97,0.00,0.00,S,,,USD,CC
70028437,02210,02,2,20260629,122517,000004482003,3,5.49,16.47,0.00,1.03,S,,,USD,CC
70028437,02210,02,3,20260629,122517,000000005020,1,4.49,4.49,0.90,0.00,S,,PC26W22,USD,CC
70028438,02210,05,1,20260629,102351,000000030102,1,14.99,14.99,0.00,0.00,S,6027155188,,USD,CS
70028438,02210,05,2,20260629,102351,000000040203,1,11.99,11.99,0.00,0.00,S,6027155188,,USD,CS
70028438,02210,05,3,20260629,102351,000000030103,2,8.99,17.98,0.00,0.00,S,6027155188,,USD,CS
70028438,02210,05,4,20260629,102351,000000020201,1,5.49,5.49,0.00,0.00,S,6027155188,,USD,CS
70028439,02210,05,1,20260629,120525,000004473001,1,2.99,2.99,0.00,0.19,S,,,USD,GC
70028439,02210,05,2,20260629,120525,000000020202,1,5.99,5.99,1.80,0.00,S,,PC26W22B,USD,GC
70028439,02210,05,3,20260629,120525,000000551020,1,13.99,13.99,0.00,0.87,S,,,USD,GC
70028439,02210,05,4,20260629,120525,000004491001,1,2.49,2.49,0.00,0.16,S,,,USD,GC
70028439,02210,05,5,20260629,120525,000004481003,1,4.99,4.99,0.00,0.31,S,,,USD,GC
70028440,02210,03,1,20260629,90332,000000552002,1,3.99,3.99,0.00,0.25,S,,,USD,GC
70028440,02210,03,2,20260629,90332,000000040201,1,8.99,8.99,0.00,0.00,S,,,USD,GC
70028440,02210,03,3,20260629,90332,000000005102,1,5.49,5.49,0.00,0.00,S,,,USD,GC
70028441,02210,04,1,20260629,191727,000000040102,1.690,16.99,28.71,0.00,0.00,S,,,USD,GC
70028441,02210,04,2,20260629,191727,000000020102,1,3.49,3.49,0.00,0.00,S,,,USD,GC
70028441,02210,04,3,20260629,191727,000004493002,1,3.99,3.99,0.00,0.25,S,,,USD,GC
70028442,02210,02,1,20260629,141631,000004482001,3,13.99,41.97,0.00,2.62,S,,,USD,CC
70028443,02210,06,1,20260629,142417,000000094102,1,3.49,3.49,1.05,0.00,S,,PC26W22B,USD,CC
70028444,02210,03,1,20260629,115337,000000005020,2,4.49,8.98,1.80,0.00,S,,PC26W22,USD,DB
70028444,02210,03,2,20260629,115337,000004492001,1,1.79,1.79,0.00,0.11,S,,,USD,DB
70028444,02210,03,3,20260629,115337,000000094302,1.344,5.49,7.38,0.00,0.00,S,,,USD,DB
70028444,02210,03,4,20260629,115337,000004472002,1,4.49,4.49,0.00,0.28,S,,,USD,DB
70028444,02210,03,5,20260629,115337,000000562002,1,8.49,8.49,0.00,0.53,S,,,USD,DB
70028444,02210,03,6,20260629,115337,000004492002,1,1.49,1.49,0.00,0.09,S,,,USD,DB
70028445,02210,03,1,20260629,74656,000004491002,1,6.99,6.99,0.00,0.44,S,,,USD,GC
70028445,02210,03,2,20260629,74656,000000020103,1,4.99,4.99,0.00,0.00,S,,,USD,GC
70028446,02210,02,1,20260629,81839,000004482002,2,17.99,35.98,0.00,2.25,S,,,USD,CS
70028446,02210,02,2,20260629,81839,000004492002,2,1.49,2.98,0.00,0.19,S,,,USD,CS
70028446,02210,02,3,20260629,81839,000004472002,1,4.49,4.49,0.00,0.28,S,,,USD,CS
70028446,02210,02,4,20260629,81839,000004482003,1,5.49,5.49,0.00,0.34,S,,,USD,CS
70028447,02210,06,1,20260629,84817,000004481003,1,4.99,4.99,0.00,0.31,S,6012478261,,USD,CC
70028447,02210,06,2,20260629,84817,000000094103,1,3.79,3.79,0.00,0.00,S,6012478261,,USD,CC
70028448,02305,02,1,20260629,121853,000000030202,1,11.49,11.49,0.00,0.00,R,,,USD,DB
70028449,02305,03,1,20260629,161122,000000093401,1.090,5.49,5.98,0.00,0.00,S,,,USD,DB
70028449,02305,03,2,20260629,161122,000004491003,1,1.99,1.99,0.00,0.12,S,,,USD,DB
70028449,02305,03,3,20260629,161122,000000552001,1,4.49,4.49,0.00,0.28,S,,,USD,DB
70028449,02305,03,4,20260629,161122,000004491003,1,1.99,1.99,0.00,0.12,V,,,USD,DB
70028450,02305,05,1,20260629,181914,000004483002,3,3.49,10.47,0.00,0.65,S,6020995765,,USD,DB
70028450,02305,05,2,20260629,181914,000000020202,1,5.99,5.99,1.80,0.00,S,6020995765,PC26W22B,USD,DB
70028450,02305,05,3,20260629,181914,000000005302,3,3.49,10.47,0.00,0.00,S,6020995765,,USD,DB
70028450,02305,05,4,20260629,181914,000000094302,1.691,5.49,9.28,0.00,0.00,S,6020995765,,USD,DB
70028450,02305,05,5,20260629,181914,000000093501,1,4.49,4.49,0.00,0.00,S,6020995765,,USD,DB
70028450,02305,05,6,20260629,181914,000000040102,1.222,16.99,20.76,0.00,0.00,S,6020995765,,USD,DB
70028451,02305,02,1,20260629,140418,000004482002,1,17.99,17.99,0.00,1.12,S,,,USD,CC
70028451,02305,02,2,20260629,140418,000000030102,1,14.99,14.99,0.00,0.00,S,,,USD,CC
70028452,02305,05,1,20260629,143752,000000093410,0.801,3.99,3.20,0.00,0.00,S,6083206799,,USD,CC
70028452,02305,05,2,20260629,143752,000000005101,1,7.99,7.99,0.00,0.00,S,6083206799,,USD,CC
70028453,02305,04,1,20260629,135919,000000094301,1.067,4.39,4.68,0.00,0.00,S,,,USD,CS
70028453,02305,04,2,20260629,135919,000000551021,2,11.99,23.98,0.00,1.50,S,,,USD,CS
70028454,02305,03,1,20260629,161757,000004493001,1,5.49,5.49,0.00,0.34,S,,,USD,CC
70028454,02305,03,2,20260629,161757,000000561001,2,9.99,19.98,0.00,1.25,S,,,USD,CC
70028454,02305,03,3,20260629,161757,000004473002,1,2.79,2.79,0.00,0.17,S,,,USD,CC
70028455,02305,06,1,20260629,74030,000000005013,3,3.89,11.67,0.00,0.00,S,,,USD,CC
70028456,02305,02,1,20260629,162154,000000094102,1,3.49,3.49,1.05,0.00,S,,PC26W22B,USD,DB
70028456,02305,02,2,20260629,162154,000000094103,1,3.79,3.79,0.00,0.00,S,,,USD,DB
70028456,02305,02,3,20260629,162154,000000094102,1,3.49,3.49,1.05,0.00,S,,PC26W22B,USD,DB
70028456,02305,02,4,20260629,162154,000000005013,1,3.89,3.89,0.00,0.00,S,,,USD,DB
70028456,02305,02,5,20260629,162154,000004481003,1,4.99,4.99,0.00,0.31,S,,,USD,DB
70028457,02305,05,1,20260629,131835,000004491001,1,2.49,2.49,0.00,0.16,S,,,USD,DB
70028458,02305,06,1,20260629,101717,000000030102,1,14.99,14.99,0.00,0.00,S,6095073214,,USD,DB
70028458,02305,06,2,20260629,101717,000000562001,2,10.99,21.98,0.00,1.37,S,6095073214,,USD,DB
70028458,02305,06,3,20260629,101717,000004483001,1,4.99,4.99,0.00,0.31,S,6095073214,,USD,DB
70028458,02305,06,4,20260629,101717,000000562002,1,8.49,8.49,0.00,0.53,S,6095073214,,USD,DB
70028458,02305,06,5,20260629,101717,000000562001,2,10.99,21.98,0.00,1.37,S,6095073214,,USD,DB
70028459,02305,05,1,20260629,84634,000000005103,2,6.99,13.98,0.00,0.00,S,6076896270,,USD,CS
70028460,02305,03,1,20260629,114653,000000562001,1,10.99,10.99,0.00,0.69,S,6039930561,,USD,DB
70028460,02305,03,2,20260629,114653,000004471030,1,3.99,3.99,0.00,0.25,S,6039930561,,USD,DB
70028460,02305,03,3,20260629,114653,000000094102,1,3.49,3.49,1.05,0.00,S,6039930561,PC26W22B,USD,DB
70028460,02305,03,4,20260629,114653,000000094102,2,3.49,6.98,2.09,0.00,S,6039930561,PC26W22B,USD,DB
70028461,03050,06,1,20260629,171222,000000020103,1,4.99,4.99,0.00,0.00,S,,,USD,GC
70028461,03050,06,2,20260629,171222,000000093321,1.600,1.49,2.38,0.00,0.00,S,,,USD,GC
70028461,03050,06,3,20260629,171222,000000005102,1,5.49,5.49,0.00,0.00,S,,,USD,GC
70028461,03050,06,4,20260629,171222,000000551021,1,11.99,11.99,0.00,0.75,S,,,USD,GC
70028461,03050,06,5,20260629,171222,000004482002,2,17.99,35.98,0.00,2.25,S,,,USD,GC
70028462,03050,04,1,20260629,82054,000004492003,1,2.29,2.29,0.00,0.14,S,,,USD,GC
70028463,03050,02,1,20260629,200701,000004492001,3,1.79,5.37,0.00,0.34,S,,,USD,GC
70028463,03050,02,2,20260629,200701,000004471040,1,2.49,2.49,0.50,0.12,S,,PC26W22,USD,GC
70028463,03050,02,3,20260629,200701,000000040101,1.283,18.99,24.36,0.00,0.00,S,,,USD,GC
70028464,03050,02,1,20260629,124420,000004491003,1,1.99,1.99,0.00,0.12,S,6073830284,,USD,GC
70028464,03050,02,2,20260629,124420,000000005101,1,7.99,7.99,0.00,0.00,S,6073830284,,USD,GC
70028464,03050,02,3,20260629,124420,000000020102,2,3.49,6.98,0.00,0.00,S,6073830284,,USD,GC
70028464,03050,02,4,20260629,124420,000000040201,1,8.99,8.99,0.00,0.00,S,6073830284,,USD,GC
70028465,03050,06,1,20260629,84145,000004483002,1,3.49,3.49,0.00,0.22,S,,,USD,GC
70028465,03050,06,2,20260629,84145,000000093501,1,4.49,4.49,0.00,0.00,S,,,USD,GC
70028465,03050,06,3,20260629,84145,000000005013,1,3.89,3.89,0.00,0.00,S,,,USD,GC
70028465,03050,06,4,20260629,84145,000000093322,1.518,1.99,3.02,0.00,0.00,S,,,USD,GC
70028465,03050,06,5,20260629,84145,000000040203,1,11.99,11.99,0.00,0.00,S,,,USD,GC
70028465,03050,06,6,20260629,84145,000000094101,1,3.99,3.99,0.00,0.00,S,,,USD,GC
70028466,03050,05,1,20260629,94645,000000005013,2,3.89,7.78,0.00,0.00,S,,,USD,CC
70028466,03050,05,2,20260629,94645,000004491001,2,2.49,4.98,0.00,0.31,S,,,USD,CC
70028466,03050,05,3,20260629,94645,000000093503,1,4.29,4.29,0.00,0.00,S,,,USD,CC
70028467,03050,03,1,20260629,154558,000000552001,1,4.49,4.49,0.00,0.28,S,6079705816,,USD,DB
70028468,00317,01,1,20260629,161833,000000020201,1,7.49,7.49,0.00,0.00,S,,,CAD,DB
70028468,00317,01,2,20260629,161833,000000005013,1,5.29,5.29,0.00,0.00,S,,,CAD,DB
70028468,00317,01,3,20260629,161833,000000005202,3,8.09,24.27,0.00,0.00,S,,,CAD,DB
70028469,00317,01,1,20260629,202203,000000093410,1.141,5.39,6.15,0.00,0.00,S,,,CAD,CC
70028469,00317,01,2,20260629,202203,000004471040,2,3.39,6.78,1.36,0.34,S,,PC26W22,CAD,CC
70028470,00317,03,1,20260629,180052,000004482003,1,7.49,7.49,0.00,0.47,S,6048235715,,CAD,DB
70028470,00317,03,2,20260629,180052,000000093321,1.598,1.99,3.18,0.00,0.00,S,6048235715,,CAD,DB
70028470,00317,03,3,20260629,180052,000000005102,1,7.49,7.49,0.00,0.00,S,6048235715,,CAD,DB
70028470,00317,03,4,20260629,180052,000000040203,1,16.29,16.29,0.00,0.00,S,6048235715,,CAD,DB
70028471,00317,06,1,20260629,85149,000000040202,1,20.39,20.39,0.00,0.00,S,,,CAD,DB
70028471,00317,06,2,20260629,85149,000000562001,1,14.89,14.89,0.00,0.93,S,,,CAD,DB
70028471,00317,06,3,20260629,85149,000000562001,2,14.89,29.78,0.00,1.86,S,,,CAD,DB
70028472,00317,03,1,20260629,134022,000004481003,1,6.79,6.79,0.00,0.42,S,,,CAD,DB
70028472,00317,03,2,20260629,134022,000000005301,1,7.49,7.49,0.00,0.00,S,,,CAD,DB
70028472,00317,03,3,20260629,134022,000000005020,2,6.09,12.18,2.44,0.00,S,,PC26W22,CAD,DB
70028473,00317,01,1,20260629,153022,000000031101,0.849,33.99,28.86,0.00,0.00,S,,,CAD,DB
70028473,00317,01,2,20260629,153022,000000005302,1,4.69,4.69,0.00,0.00,S,,,CAD,DB
70028473,00317,01,3,20260629,153022,000004471040,1,3.39,3.39,0.68,0.17,S,,PC26W22,CAD,DB
70028474,00317,06,1,20260629,161120,000000020101,1,3.39,3.39,0.00,0.00,S,,,CAD,CS
70028474,00317,06,2,20260629,161120,000004483001,1,6.79,6.79,0.00,0.42,S,,,CAD,CS
70028474,00317,06,3,20260629,161120,000000005020,1,6.09,6.09,1.22,0.00,S,,PC26W22,CAD,CS
70028474,00317,06,4,20260629,161120,000000005103,1,9.49,9.49,0.00,0.00,S,,,CAD,CS
70028475,00322,05,1,20260629,95318,000004492001,1,2.39,2.39,0.00,0.15,S,,,CAD,DB
70028475,00322,05,2,20260629,95318,000004471040,1,3.39,3.39,0.68,0.17,S,,PC26W22,CAD,DB
70028476,00322,03,1,20260629,214938,000000020202,1,8.09,8.09,2.43,0.00,S,6062536667,PC26W22B,CAD,DB
70028476,00322,03,2,20260629,214938,000000093325,2.069,5.39,11.15,0.00,0.00,S,6062536667,,CAD,DB
70028476,00322,03,3,20260629,214938,000000093402,1.518,4.49,6.82,0.00,0.00,S,6062536667,,CAD,DB
70028476,00322,03,4,20260629,214938,000004472050,1,5.39,5.39,1.62,0.24,S,6062536667,PC26W22B,CAD,DB
70028477,01042,06,1,20260630,180126,000000030101,1,6.99,6.99,2.10,0.00,S,6058319971,PC26W22B,USD,CC
70028478,01042,02,1,20260630,90724,000000005201,1,3.99,3.99,0.00,0.00,S,6022827728,,USD,CC
70028478,01042,02,2,20260630,90724,000000005103,1,6.99,6.99,0.00,0.00,S,6022827728,,USD,CC
70028478,01042,02,3,20260630,90724,000000094202,1.517,1.99,3.02,0.00,0.00,S,6022827728,,USD,CC
70028479,01042,03,1,20260630,175547,000000005202,1,5.99,5.99,0.00,0.00,S,,,USD,DB
70028479,01042,03,2,20260630,175547,000000020202,1,5.99,5.99,1.80,0.00,S,,PC26W22B,USD,DB
70028480,01042,02,1,20260630,192821,000000561002,1,7.49,7.49,0.00,0.47,S,6080314998,,USD,DB
70028480,01042,02,2,20260630,192821,000000040201,1,8.99,8.99,0.00,0.00,S,6080314998,,USD,DB
70028480,01042,02,3,20260630,192821,000000040101,1.338,18.99,25.41,0.00,0.00,S,6080314998,,USD,DB
70028480,01042,02,4,20260630,192821,000004483002,1,3.49,3.49,0.00,0.22,S,6080314998,,USD,DB
70028480,01042,02,5,20260630,192821,000000093503,1,4.29,4.29,0.00,0.00,S,6080314998,,USD,DB
70028480,01042,02,6,20260630,192821,000000031102,1.585,19.99,31.68,0.00,0.00,S,6080314998,,USD,DB
70028481,01042,05,1,20260630,125603,000000005301,1,5.49,5.49,0.00,0.00,S,,,USD,GC
70028481,01042,05,2,20260630,125603,000004471040,1,2.49,2.49,0.50,0.12,S,,PC26W22,USD,GC
70028482,01042,02,1,20260630,115307,000000005201,1,3.99,3.99,0.00,0.00,S,6099077262,,USD,GC
70028482,01042,02,2,20260630,115307,000000030102,1,14.99,14.99,0.00,0.00,S,6099077262,,USD,GC
70028482,01042,02,3,20260630,115307,000000005301,1,5.49,5.49,0.00,0.00,S,6099077262,,USD,GC
70028483,01042,01,1,20260630,142118,000000093501,2,4.49,8.98,0.00,0.00,S,,,USD,GC
70028484,01042,04,1,20260630,192410,000004491003,1,1.99,1.99,0.00,0.12,S,,,USD,CC
70028484,01042,04,2,20260630,192410,000000094103,1,3.79,3.79,0.00,0.00,S,,,USD,CC
70028485,01042,05,1,20260630,124031,000000020202,1,5.99,5.99,1.80,0.00,S,,PC26W22B,USD,CS
70028485,01042,05,2,20260630,124031,000000020103,1,4.99,4.99,0.00,0.00,S,,,USD,CS
70028485,01042,05,3,20260630,124031,000000020202,2,5.99,11.98,3.59,0.00,S,,PC26W22B,USD,CS
70028485,01042,05,4,20260630,124031,000000093501,1,4.49,4.49,0.00,0.00,S,,,USD,CS
70028485,01042,05,5,20260630,124031,000000093322,1.188,1.99,2.36,0.00,0.00,S,,,USD,CS
70028485,01042,05,6,20260630,124031,000000552001,1,4.49,4.49,0.00,0.28,S,,,USD,CS
70028486,01042,03,1,20260630,175022,000000093410,0.669,3.99,2.67,0.00,0.00,S,,,USD,CS
70028486,01042,03,2,20260630,175022,000004471030,1,3.99,3.99,0.00,0.25,S,,,USD,CS
70028487,01107,02,1,20260630,110605,000004483001,1,4.99,4.99,0.00,0.31,S,,,USD,CC
70028487,01107,02,2,20260630,110605,000004493002,1,3.99,3.99,0.00,0.25,S,,,USD,CC
70028487,01107,02,3,20260630,110605,000000020202,1,5.99,5.99,1.80,0.00,S,,PC26W22B,USD,CC
70028488,01107,03,1,20260630,111851,000000093501,1,4.49,4.49,0.00,0.00,S,6053849516,,USD,DB
70028488,01107,03,2,20260630,111851,000000093401,2.028,5.49,11.13,0.00,0.00,S,6053849516,,USD,DB
70028488,01107,03,3,20260630,111851,000000040203,1,11.99,11.99,0.00,0.00,S,6053849516,,USD,DB
70028488,01107,03,4,20260630,111851,000004473002,1,2.79,2.79,0.00,0.17,S,6053849516,,USD,DB
70028489,01107,02,1,20260630,123217,000004482002,1,17.99,17.99,0.00,1.12,S,6013711842,,USD,DB
70028490,01107,06,1,20260630,210052,000000005201,2,3.99,7.98,0.00,0.00,S,6075618537,,USD,CS
70028490,01107,06,2,20260630,210052,000000005013,2,3.89,7.78,0.00,0.00,S,6075618537,,USD,CS
70028491,02210,04,1,20260630,131820,000004492001,1,1.79,1.79,0.00,0.11,S,,,USD,DB
70028491,02210,04,2,20260630,131820,000000093321,0.527,1.49,0.79,0.00,0.00,S,,,USD,DB
70028491,02210,04,3,20260630,131820,000000040201,2,8.99,17.98,0.00,0.00,S,,,USD,DB
70028491,02210,04,4,20260630,131820,000000040101,1.524,18.99,28.94,0.00,0.00,S,,,USD,DB
70028492,02210,04,1,20260630,215352,000000005301,3,5.49,16.47,0.00,0.00,S,,,USD,CS
70028492,02210,04,2,20260630,215352,000000020202,3,5.99,17.97,5.39,0.00,S,,PC26W22B,USD,CS
70028492,02210,04,3,20260630,215352,000000093322,0.637,1.99,1.27,0.00,0.00,S,,,USD,CS
70028492,02210,04,4,20260630,215352,000004483001,2,4.99,9.98,0.00,0.62,S,,,USD,CS
70028493,02210,05,1,20260630,71846,000000094302,1.162,5.49,6.38,0.00,0.00,S,6088805929,,USD,CC
70028494,02210,05,1,20260630,204222,000000005103,1,6.99,6.99,0.00,0.00,S,,,USD,DB
70028494,02210,05,2,20260630,204222,000004472002,1,4.49,4.49,0.00,0.28,S,,,USD,DB
70028494,02210,05,3,20260630,204222,000004493002,1,3.99,3.99,0.00,0.25,S,,,USD,DB
70028495,02210,02,1,20260630,180752,000004492001,1,1.79,1.79,0.00,0.11,S,,,USD,CS
70028496,02210,04,1,20260630,114530,000004491002,1,6.99,6.99,0.00,0.44,S,6034362948,,USD,CC
70028496,02210,04,2,20260630,114530,000000031102,1.884,19.99,37.66,0.00,0.00,S,6034362948,,USD,CC
70028496,02210,04,3,20260630,114530,000000040101,0.708,18.99,13.44,0.00,0.00,S,6034362948,,USD,CC
70028496,02210,04,4,20260630,114530,000000005013,1,3.89,3.89,0.00,0.00,S,6034362948,,USD,CC
70028496,02210,04,5,20260630,114530,000000094101,1,3.99,3.99,0.00,0.00,S,6034362948,,USD,CC
70028496,02210,04,6,20260630,114530,000004471030,1,3.99,3.99,0.00,0.25,S,6034362948,,USD,CC
70028497,02210,03,1,20260630,145506,000000005103,1,6.99,6.99,0.00,0.00,S,,,USD,DB
70028497,02210,03,2,20260630,145506,000000094203,0.345,1.49,0.51,0.00,0.00,S,,,USD,DB
70028498,02210,02,1,20260630,213214,000000552001,1,4.49,4.49,0.00,0.28,S,6000934596,,USD,CC
70028498,02210,02,2,20260630,213214,000000561001,1,9.99,9.99,0.00,0.62,S,6000934596,,USD,CC
70028498,02210,02,3,20260630,213214,000004492002,1,1.49,1.49,0.00,0.09,S,6000934596,,USD,CC
70028498,02210,02,4,20260630,213214,000000551021,1,11.99,11.99,0.00,0.75,S,6000934596,,USD,CC
70028498,02210,02,5,20260630,213214,000000005202,2,5.99,11.98,0.00,0.00,S,6000934596,,USD,CC
70028498,02210,02,6,20260630,213214,000000020202,2,5.99,11.98,3.59,0.00,S,6000934596,PC26W22B,USD,CC
70028499,02210,04,1,20260630,161901,000000094203,1.964,1.49,2.93,0.00,0.00,S,,,USD,GC
70028500,02210,03,1,20260630,194212,000004483002,1,3.49,3.49,0.00,0.22,S,,,USD,CC
70028500,02210,03,2,20260630,194212,000000093325,0.534,3.99,2.13,0.00,0.00,S,,,USD,CC
70028500,02210,03,3,20260630,194212,000004492003,1,2.29,2.29,0.00,0.14,S,,,USD,CC
70028500,02210,03,4,20260630,194212,000000561002,2,7.49,14.98,0.00,0.94,S,,,USD,CC
70028501,02210,02,1,20260630,171400,000000551020,1,13.99,13.99,0.00,0.87,S,,,USD,GC
70028501,02210,02,2,20260630,171400,000004471023,1,3.49,3.49,0.70,0.17,S,,PC26W22,USD,GC
70028502,02305,01,1,20260630,180233,000000005020,1,4.49,4.49,0.90,0.00,S,,PC26W22,USD,CC
70028502,02305,01,2,20260630,180233,000000020202,1,5.99,5.99,1.80,0.00,S,,PC26W22B,USD,CC
70028502,02305,01,3,20260630,180233,000000030202,1,11.49,11.49,0.00,0.00,S,,,USD,CC
70028503,02305,04,1,20260630,150413,000000031102,1.402,19.99,28.03,0.00,0.00,S,6005053795,,USD,DB
70028503,02305,04,2,20260630,150413,000004493002,2,3.99,7.98,0.00,0.50,S,6005053795,,USD,DB
70028504,02305,02,1,20260630,173751,000000094102,1,3.49,3.49,1.05,0.00,S,6008488725,PC26W22B,USD,CC
70028504,02305,02,2,20260630,173751,000000005201,1,3.99,3.99,0.00,0.00,S,6008488725,,USD,CC
70028504,02305,02,3,20260630,173751,000000020101,3,2.49,7.47,0.00,0.00,S,6008488725,,USD,CC
70028504,02305,02,4,20260630,173751,000000005013,1,3.89,3.89,0.00,0.00,S,6008488725,,USD,CC
70028505,03050,01,1,20260630,195510,000000094301,0.796,4.39,3.49,0.00,0.00,S,6016420595,,USD,CS
70028505,03050,01,2,20260630,195510,000000005101,1,7.99,7.99,0.00,0.00,S,6016420595,,USD,CS
70028505,03050,01,3,20260630,195510,000000093322,0.821,1.99,1.63,0.00,0.00,S,6016420595,,USD,CS
70028506,03050,05,1,20260630,185044,000000020202,1,5.99,5.99,1.80,0.00,S,6029960653,PC26W22B,USD,DB
70028506,03050,05,2,20260630,185044,000000020103,2,4.99,9.98,0.00,0.00,S,6029960653,,USD,DB
70028507,03050,01,1,20260630,104153,000000005012,1,3.99,3.99,0.00,0.00,S,6029666676,,USD,GC
70028507,03050,01,2,20260630,104153,000000094102,1,3.49,3.49,1.05,0.00,S,6029666676,PC26W22B,USD,GC
70028508,03050,03,1,20260630,214315,000000552002,1,3.99,3.99,0.00,0.25,S,,,USD,CC
70028508,03050,03,2,20260630,214315,000004481001,1,7.99,7.99,0.00,0.50,S,,,USD,CC
70028508,03050,03,3,20260630,214315,000000551021,1,11.99,11.99,0.00,0.75,S,,,USD,CC
70028508,03050,03,4,20260630,214315,000000093322,1.943,1.99,3.87,0.00,0.00,S,,,USD,CC
70028508,03050,03,5,20260630,214315,000004482001,1,13.99,13.99,0.00,0.87,S,,,USD,CC
70028509,03050,03,1,20260630,185753,000000005301,2,5.49,10.98,0.00,0.00,S,6013717850,,USD,CC
70028510,03050,05,1,20260630,150409,000000005202,1,5.99,5.99,0.00,0.00,S,,,USD,DB
70028510,03050,05,2,20260630,150409,000000005302,1,3.49,3.49,0.00,0.00,S,,,USD,DB
70028510,03050,05,3,20260630,150409,000000040201,1,8.99,8.99,0.00,0.00,S,,,USD,DB
70028511,00317,01,1,20260630,174021,000000020201,1,7.49,7.49,0.00,0.00,S,,,CAD,CS
70028512,00317,06,1,20260630,210103,000000030102,1,20.39,20.39,0.00,0.00,S,,,CAD,CC
70028512,00317,06,2,20260630,210103,000004472002,1,6.09,6.09,0.00,0.38,S,,,CAD,CC
70028512,00317,06,3,20260630,210103,000000561002,1,10.19,10.19,0.00,0.64,S,,,CAD,CC
70028512,00317,06,4,20260630,210103,000004481003,1,6.79,6.79,0.00,0.42,S,,,CAD,CC
70028512,00317,06,5,20260630,210103,000000005101,1,10.89,10.89,0.00,0.00,S,,,CAD,CC
70028512,00317,06,6,20260630,210103,000000005102,1,7.49,7.49,0.00,0.00,S,,,CAD,CC
70028513,00317,06,1,20260630,161000,000004472001,1,5.39,5.39,0.00,0.34,S,,,CAD,DB
70028513,00317,06,2,20260630,161000,000000040202,1,20.39,20.39,0.00,0.00,S,,,CAD,DB
70028513,00317,06,3,20260630,161000,000000005302,1,4.69,4.69,0.00,0.00,S,,,CAD,DB
70028513,00317,06,4,20260630,161000,000004493001,2,7.49,14.98,0.00,0.94,S,,,CAD,DB
70028514,00317,05,1,20260630,181257,000000030101,1,9.49,9.49,2.85,0.00,S,,PC26W22B,CAD,DB
70028514,00317,05,2,20260630,181257,000000040202,1,20.39,20.39,0.00,0.00,S,,,CAD,DB
70028514,00317,05,3,20260630,181257,000004472002,1,6.09,6.09,0.00,0.38,S,,,CAD,DB
70028514,00317,05,4,20260630,181257,000000005302,1,4.69,4.69,0.00,0.00,S,,,CAD,DB
70028515,00317,05,1,20260630,171305,000004492050,3,2.99,8.97,0.00,0.56,S,6051651768,,CAD,CC
70028516,00317,01,1,20260630,74538,000000040202,1,20.39,20.39,0.00,0.00,S,6069236458,,CAD,CS
70028516,00317,01,2,20260630,74538,000000005012,1,5.39,5.39,0.00,0.00,S,6069236458,,CAD,CS
70028516,00317,01,3,20260630,74538,000000031102,1.230,27.19,33.44,0.00,0.00,S,6069236458,,CAD,CS
70028516,00317,01,4,20260630,74538,000000094101,2,5.39,10.78,0.00,0.00,S,6069236458,,CAD,CS
70028516,00317,01,5,20260630,74538,000000040202,1,20.39,20.39,0.00,0.00,S,6069236458,,CAD,CS
70028517,00317,05,1,20260630,134650,000000040201,1,12.19,12.19,0.00,0.00,S,6010587525,,CAD,DB
70028517,00317,05,2,20260630,134650,000004471040,1,3.39,3.39,0.68,0.17,S,6010587525,PC26W22,CAD,DB
70028517,00317,05,3,20260630,134650,000000020103,1,6.79,6.79,0.00,0.00,S,6010587525,,CAD,DB
70028517,00317,05,4,20260630,134650,000000005012,2,5.39,10.78,0.00,0.00,S,6010587525,,CAD,DB
70028518,00317,01,1,20260630,131224,000000005202,1,8.09,8.09,0.00,0.00,S,,,CAD,DB
70028518,00317,01,2,20260630,131224,000004492002,1,1.99,1.99,0.00,0.12,S,,,CAD,DB
70028518,00317,01,3,20260630,131224,000000093501,1,6.09,6.09,0.00,0.00,S,,,CAD,DB
70028518,00317,01,4,20260630,131224,000004472050,2,5.39,10.78,3.23,0.47,S,,PC26W22B,CAD,DB
70028518,00317,01,5,20260630,131224,000004472002,1,6.09,6.09,0.00,0.38,S,,,CAD,DB
70028519,00317,01,1,20260630,203954,000000561002,1,10.19,10.19,0.00,0.64,S,,,CAD,CC
70028519,00317,01,2,20260630,203954,000000005012,1,5.39,5.39,0.00,0.00,S,,,CAD,CC
70028519,00317,01,3,20260630,203954,000004481001,1,10.89,10.89,0.00,0.68,S,,,CAD,CC
70028520,00322,02,1,20260630,180622,000000005020,3,6.09,18.27,3.65,0.00,S,,PC26W22,CAD,CC
70028520,00322,02,2,20260630,180622,000000005201,1,5.39,5.39,0.00,0.00,S,,,CAD,CC
70028521,00322,05,1,20260630,151313,000004491003,1,2.69,2.69,0.00,0.17,S,,,CAD,DB
70028522,00322,04,1,20260630,121609,000000020201,1,7.49,7.49,0.00,0.00,S,6021175361,,CAD,CS
70028522,00322,04,2,20260630,121609,000004472050,1,5.39,5.39,1.62,0.24,S,6021175361,PC26W22B,CAD,CS
70028522,00322,04,3,20260630,121609,000004472050,1,5.39,5.39,1.62,0.24,S,6021175361,PC26W22B,CAD,CS
70028522,00322,04,4,20260630,121609,000000020201,1,7.49,7.49,0.00,0.00,S,6021175361,,CAD,CS
