TRX_ID,STR_NBR,REG_NBR,LN_NBR,TRX_DT,TRX_TM,ITM_ID,QTY,UNIT_PRC,EXT_AMT,DISC_AMT,TAX_AMT,TRX_TYP,LYL_CARD_NBR,PROMO_CD,CRNCY_CD,TNDR_CD
70012632,01042,06,1,20251001,212302,000000005101,1,7.99,7.99,0.00,0.00,S,6087182749,,USD,CS
70012632,01042,06,2,20251001,212302,000004471040,1,2.49,2.49,0.00,0.16,S,6087182749,,USD,CS
70012633,01042,02,1,20251001,90242,000004471023,2,3.49,6.98,0.00,0.44,S,6008501657,,USD,DB
70012633,01042,02,2,20251001,90242,000000020103,1,4.99,4.99,0.00,0.00,S,6008501657,,USD,DB
70012633,01042,02,3,20251001,90242,000000005020,1,4.49,4.49,0.00,0.00,S,6008501657,,USD,DB
70012633,01042,02,4,20251001,90242,000000040201,1,8.99,8.99,0.00,0.00,S,6008501657,,USD,DB
70012633,01042,02,5,20251001,90242,000004473002,1,2.79,2.79,0.00,0.17,S,6008501657,,USD,DB
70012634,01042,02,1,20251001,181333,000004473002,1,2.79,2.79,0.00,0.17,S,6050184819,,USD,CC
70012635,01042,02,1,20251001,150438,000004482003,2,5.49,10.98,5.49,0.34,S,,BG25W35,USD,GC
70012635,01042,02,2,20251001,150438,000000030203,2,8.49,16.98,0.00,0.00,S,,,USD,GC
70012635,01042,02,3,20251001,150438,000000005012,2,3.99,7.98,0.00,0.00,S,,,USD,GC
70012636,01042,05,1,20251001,184809,000000005302,2,3.49,6.98,0.00,0.00,S,6061331552,,USD,CS
70012637,01042,06,1,20251001,111621,000000005101,1,7.99,7.99,0.00,0.00,S,6094065578,,USD,GC
70012637,01042,06,2,20251001,111621,000000552001,1,4.49,4.49,0.00,0.28,S,6094065578,,USD,GC
70012637,01042,06,3,20251001,111621,000004492002,1,1.49,1.49,0.00,0.09,S,6094065578,,USD,GC
70012637,01042,06,4,20251001,111621,000000040101,0.965,18.99,18.33,0.00,0.00,S,6094065578,,USD,GC
70012637,01042,06,5,20251001,111621,000000030201,1,9.99,9.99,1.50,0.00,S,6094065578,LY25W35,USD,GC
70012638,01042,03,1,20251001,83557,000000094201,1.988,1.69,3.36,0.00,0.00,S,,,USD,DB
70012638,01042,03,2,20251001,83557,000000020102,1,3.49,3.49,0.00,0.00,S,,,USD,DB
70012639,01042,04,1,20251001,90828,000000005202,1,5.99,5.99,0.00,0.00,S,,,USD,GC
70012639,01042,04,2,20251001,90828,000004471023,1,3.49,3.49,0.00,0.22,S,,,USD,GC
70012640,01042,04,1,20251001,183709,000000030202,1,11.49,11.49,0.00,0.00,S,,,USD,CS
70012640,01042,04,2,20251001,183709,000000005103,1,6.99,6.99,0.00,0.00,S,,,USD,CS
70012640,01042,04,3,20251001,183709,000004472003,1,3.29,3.29,0.00,0.21,S,,,USD,CS
70012640,01042,04,4,20251001,183709,000000551020,1,13.99,13.99,0.00,0.87,S,,,USD,CS
70012641,01042,02,1,20251001,174021,000000005013,2,3.89,7.78,0.00,0.00,S,,,USD,CC
70012641,01042,02,2,20251001,174021,000000020103,2,4.99,9.98,0.00,0.00,S,,,USD,CC
70012641,01042,02,3,20251001,174021,000000551020,1,13.99,13.99,0.00,0.87,S,,,USD,CC
70012641,01042,02,4,20251001,174021,000000094201,0.996,1.69,1.68,0.00,0.00,S,,,USD,CC
70012641,01042,02,5,20251001,174021,000000093401,0.885,5.49,4.86,0.00,0.00,S,,,USD,CC
70012642,01042,04,1,20251001,93659,000004483001,2,4.99,9.98,0.00,0.62,S,6099605932,,USD,GC
70012642,01042,04,2,20251001,93659,000000093401,1.851,5.49,10.16,1.52,0.00,S,6099605932,LY25W35,USD,GC
70012642,01042,04,3,20251001,93659,000000030201,1,9.99,9.99,1.50,0.00,S,6099605932,LY25W35,USD,GC
70012642,01042,04,4,20251001,93659,000000020101,2,2.49,4.98,0.00,0.00,S,6099605932,,USD,GC
70012642,01042,04,5,20251001,93659,000000005101,1,7.99,7.99,0.00,0.00,S,6099605932,,USD,GC
70012642,01042,04,6,20251001,93659,000004482001,1,13.99,13.99,0.00,0.87,S,6099605932,,USD,GC
70012643,01042,06,1,20251001,183530,000000005013,1,3.89,3.89,0.00,0.00,S,,,USD,CS
70012643,01042,06,2,20251001,183530,000000093321,1.069,1.49,1.59,0.00,0.00,S,,,USD,CS
70012643,01042,06,3,20251001,183530,000000005013,1,3.89,3.89,0.00,0.00,S,,,USD,CS
70012643,01042,06,4,20251001,183530,000000040101,1.557,18.99,29.57,0.00,0.00,S,,,USD,CS
70012644,01042,01,1,20251001,80804,000000005102,1,5.49,5.49,0.00,0.00,S,,,USD,DB
70012644,01042,01,2,20251001,80804,000000005013,1,3.89,3.89,0.00,0.00,S,,,USD,DB
70012645,01107,04,1,20251001,121809,000004491002,1,6.99,6.99,0.00,0.44,S,,,USD,CS
70012646,01107,02,1,20251001,121158,000000005012,1,3.99,3.99,0.00,0.00,S,6022096902,,USD,CC
70012646,01107,02,2,20251001,121158,000000005103,3,6.99,20.97,0.00,0.00,S,6022096902,,USD,CC
70012646,01107,02,3,20251001,121158,000000005202,2,5.99,11.98,0.00,0.00,S,6022096902,,USD,CC
70012647,01107,06,1,20251001,71803,000004492003,1,2.29,2.29,0.00,0.14,S,,,USD,CC
70012647,01107,06,2,20251001,71803,000004483002,3,3.49,10.47,0.00,0.65,S,,,USD,CC
70012647,01107,06,3,20251001,71803,000000020201,1,5.49,5.49,0.00,0.00,S,,,USD,CC
70012648,01107,06,1,20251001,80918,000000040201,1,8.99,8.99,0.00,0.00,S,6068887189,,USD,CC
70012648,01107,06,2,20251001,80918,000000005103,2,6.99,13.98,0.00,0.00,S,6068887189,,USD,CC
70012649,01107,06,1,20251001,74825,000000005102,1,5.49,5.49,0.00,0.00,S,,,USD,CS
70012649,01107,06,2,20251001,74825,000004491003,1,1.99,1.99,0.00,0.12,S,,,USD,CS
70012650,01107,06,1,20251001,80958,000004471040,1,2.49,2.49,0.00,0.16,S,,,USD,CC
70012651,01107,02,1,20251001,190624,000004482003,2,5.49,10.98,5.49,0.34,S,,BG25W35,USD,DB
70012651,01107,02,2,20251001,190624,000004482003,2,5.49,10.98,5.49,0.34,S,,BG25W35,USD,DB
70012652,02210,04,1,20251001,191803,000000094302,1.027,5.49,5.64,0.00,0.00,S,,,USD,DB
70012652,02210,04,2,20251001,191803,000004493002,2,3.99,7.98,0.00,0.50,S,,,USD,DB
70012652,02210,04,3,20251001,191803,000000040101,1.646,18.99,31.26,0.00,0.00,S,,,USD,DB
70012653,02210,04,1,20251001,122438,000000093325,1.948,3.99,7.77,0.00,0.00,S,6025859177,,USD,CC
70012653,02210,04,2,20251001,122438,000000020102,1,3.49,3.49,0.52,0.00,S,6025859177,LY25W35,USD,CC
70012653,02210,04,3,20251001,122438,000000005103,1,6.99,6.99,0.00,0.00,S,6025859177,,USD,CC
70012654,02210,02,1,20251001,194434,000000005101,2,7.99,15.98,0.00,0.00,S,,,USD,GC
70012654,02210,02,2,20251001,194434,000004471030,1,3.99,3.99,0.00,0.25,S,,,USD,GC
70012655,02210,05,1,20251001,204853,000004473003,2,3.49,6.98,3.49,0.22,S,,BG25W35,USD,DB
70012655,02210,05,2,20251001,204853,000000561002,1,7.49,7.49,0.00,0.47,S,,,USD,DB
70012655,02210,05,3,20251001,204853,000000040203,1,11.99,11.99,0.00,0.00,S,,,USD,DB
70012655,02210,05,4,20251001,204853,000004492001,3,1.79,5.37,0.00,0.34,S,,,USD,DB
70012655,02210,05,5,20251001,204853,000000093401,1.246,5.49,6.84,0.00,0.00,S,,,USD,DB
70012655,02210,05,6,20251001,204853,000004471040,1,2.49,2.49,0.00,0.16,S,,,USD,DB
70012656,02211,05,1,20251001,163601,000000040202,1,14.99,14.99,0.00,0.00,S,6029148652,,USD,DB
70012656,02211,05,2,20251001,163601,000004471030,1,3.99,3.99,0.00,0.25,S,6029148652,,USD,DB
70012656,02211,05,3,20251001,163601,000004471024,1,3.49,3.49,0.00,0.22,S,6029148652,,USD,DB
70012656,02211,05,4,20251001,163601,000004471030,1,3.99,3.99,0.00,0.25,S,6029148652,,USD,DB
70012656,02211,05,5,20251001,163601,000004483001,3,4.99,14.97,0.00,0.94,S,6029148652,,USD,DB
70012656,02211,05,6,20251001,163601,000000020101,1,2.49,2.49,0.00,0.00,S,6029148652,,USD,DB
70012657,02305,06,1,20251001,191737,000004483001,1,4.99,4.99,0.00,0.31,S,,,USD,CC
70012657,02305,06,2,20251001,191737,000000020202,1,5.99,5.99,0.00,0.00,S,,,USD,CC
70012658,02305,05,1,20251001,135847,000004492003,2,2.29,4.58,0.00,0.29,S,,,USD,CS
70012658,02305,05,2,20251001,135847,000000005201,1,3.99,3.99,0.00,0.00,S,,,USD,CS
70012658,02305,05,3,20251001,135847,000000093501,1,4.49,4.49,0.00,0.00,S,,,USD,CS
70012658,02305,05,4,20251001,135847,000004471024,1,3.49,3.49,0.00,0.22,S,,,USD,CS
70012658,02305,05,5,20251001,135847,000000005012,1,3.99,3.99,0.00,0.00,S,,,USD,CS
70012658,02305,05,6,20251001,135847,000000094103,1,3.79,3.79,0.00,0.00,S,,,USD,CS
70012659,02305,05,1,20251001,123207,000000562002,1,8.49,8.49,0.00,0.53,S,,,USD,CC
70012659,02305,05,2,20251001,123207,000000005302,1,3.49,3.49,0.00,0.00,S,,,USD,CC
70012659,02305,05,3,20251001,123207,000000005301,1,5.49,5.49,0.00,0.00,S,,,USD,CC
70012660,02305,01,1,20251001,105755,000000005013,1,3.89,3.89,0.00,0.00,S,,,USD,GC
70012660,02305,01,2,20251001,105755,000000020201,1,5.49,5.49,0.00,0.00,S,,,USD,GC
70012661,02305,01,1,20251001,180432,000000005302,1,3.49,3.49,0.00,0.00,S,,,USD,CC
70012661,02305,01,2,20251001,180432,000000005101,1,7.99,7.99,0.00,0.00,S,,,USD,CC
70012661,02305,01,3,20251001,180432,000000005301,2,5.49,10.98,0.00,0.00,S,,,USD,CC
70012661,02305,01,4,20251001,180432,000000093402,1.030,3.29,3.39,0.00,0.00,S,,,USD,CC
70012661,02305,01,5,20251001,180432,000000094102,1,3.49,3.49,0.00,0.00,S,,,USD,CC
70012662,02305,02,1,20251001,114840,000004492003,2,2.29,4.58,0.00,0.29,S,,,USD,GC
70012662,02305,02,2,20251001,114840,000000040201,1,8.99,8.99,0.00,0.00,S,,,USD,GC
70012662,02305,02,3,20251001,114840,000000552002,3,3.99,11.97,0.00,0.75,S,,,USD,GC
70012662,02305,02,4,20251001,114840,000000040201,2,8.99,17.98,0.00,0.00,S,,,USD,GC
70012662,02305,02,5,20251001,114840,000000005302,2,3.49,6.98,0.00,0.00,S,,,USD,GC
70012663,02305,02,1,20251001,193436,000000020202,2,5.99,11.98,0.00,0.00,S,,,USD,CC
70012663,02305,02,2,20251001,193436,000004491002,3,6.99,20.97,0.00,1.31,S,,,USD,CC
70012663,02305,02,3,20251001,193436,000000561001,2,9.99,19.98,9.99,0.62,S,,BG25W35,USD,CC
70012663,02305,02,4,20251001,193436,000000094301,1.316,4.39,5.78,0.00,0.00,S,,,USD,CC
70012663,02305,02,5,20251001,193436,000000094101,3,3.99,11.97,0.00,0.00,S,,,USD,CC
70012663,02305,02,6,20251001,193436,000000562002,2,8.49,16.98,0.00,1.06,S,,,USD,CC
70012664,02305,02,1,20251001,125010,000000093402,1.698,3.29,5.59,0.00,0.00,S,,,USD,CC
70012665,03050,04,1,20251001,215447,000000005013,1,3.89,3.89,0.00,0.00,S,,,USD,DB
70012665,03050,04,2,20251001,215447,000000094301,2.177,4.39,9.56,0.00,0.00,S,,,USD,DB
70012665,03050,04,3,20251001,215447,000000005202,3,5.99,17.97,0.00,0.00,S,,,USD,DB
70012665,03050,04,4,20251001,215447,000004492003,1,2.29,2.29,0.00,0.14,S,,,USD,DB
70012665,03050,04,5,20251001,215447,000004471040,1,2.49,2.49,0.00,0.16,S,,,USD,DB
70012666,03050,06,1,20251001,73632,000000094102,1,3.49,3.49,0.00,0.00,S,6052963863,,USD,DB
70012666,03050,06,2,20251001,73632,000004483001,3,4.99,14.97,0.00,0.94,S,6052963863,,USD,DB
70012667,03050,03,1,20251001,110430,000000551021,1,11.99,11.99,0.00,0.75,S,,,USD,GC
70012667,03050,03,2,20251001,110430,000004491003,1,1.99,1.99,0.00,0.12,S,,,USD,GC
70012667,03050,03,3,20251001,110430,000000005202,1,5.99,5.99,0.00,0.00,S,,,USD,GC
70012668,03050,02,1,20251001,105523,000004483002,2,3.49,6.98,0.00,0.44,S,,,USD,GC
70012669,03050,05,1,20251001,154053,000004491001,1,2.49,2.49,0.00,0.16,S,6090463766,,USD,DB
70012669,03050,05,2,20251001,154053,000000005101,1,7.99,7.99,0.00,0.00,S,6090463766,,USD,DB
70012669,03050,05,3,20251001,154053,000000094103,1,3.79,3.79,0.00,0.00,S,6090463766,,USD,DB
70012670,00317,02,1,20251001,144103,000000094202,0.285,2.69,0.77,0.00,0.00,S,,,CAD,GC
70012670,00317,02,2,20251001,144103,000000094102,1,4.69,4.69,0.00,0.00,S,,,CAD,GC
70012670,00317,02,3,20251001,144103,000000040101,1.681,25.79,43.35,0.00,0.00,S,,,CAD,GC
70012671,00317,02,1,20251001,83027,000000552002,1,5.39,5.39,0.00,0.34,S,6092988425,,CAD,GC
70012671,00317,02,2,20251001,83027,000000005020,1,6.09,6.09,0.00,0.00,S,6092988425,,CAD,GC
70012671,00317,02,3,20251001,83027,000000005101,1,10.89,10.89,0.00,0.00,S,6092988425,,CAD,GC
70012672,00317,04,1,20251001,92659,000000005012,1,5.39,5.39,0.00,0.00,S,6098864976,,CAD,DB
70012672,00317,04,2,20251001,92659,000000005012,2,5.39,10.78,0.00,0.00,S,6098864976,,CAD,DB
70012673,00317,06,1,20251001,112159,000004482003,2,7.49,14.98,7.49,0.47,S,,BG25W35,CAD,GC
70012674,00317,02,1,20251001,134230,000000093401,1.845,7.49,13.82,0.00,0.00,S,,,CAD,CC
70012674,00317,02,2,20251001,134230,000000093325,0.276,5.39,1.49,0.00,0.00,S,,,CAD,CC
70012674,00317,02,3,20251001,134230,000000552001,1,6.09,6.09,0.00,0.38,S,,,CAD,CC
70012674,00317,02,4,20251001,134230,000000031101,0.480,33.99,16.32,0.00,0.00,S,,,CAD,CC
70012675,00322,05,1,20251001,92159,000004491003,1,2.69,2.69,0.00,0.17,S,,,CAD,DB
70012675,00322,05,2,20251001,92159,000000094301,0.874,5.99,5.24,0.00,0.00,S,,,CAD,DB
70012675,00322,05,3,20251001,92159,000000005301,1,7.49,7.49,0.00,0.00,S,,,CAD,DB
70012675,00322,05,4,20251001,92159,000000030203,1,11.49,11.49,0.00,0.00,S,,,CAD,DB
70012676,00322,05,1,20251001,183511,000000040201,1,12.19,12.19,0.00,0.00,S,6026383806,,CAD,CC
70012676,00322,05,2,20251001,183511,000000040202,1,20.39,20.39,0.00,0.00,S,6026383806,,CAD,CC
70012676,00322,05,3,20251001,183511,000000040202,1,20.39,20.39,0.00,0.00,S,6026383806,,CAD,CC
70012676,00322,05,4,20251001,183511,000000005020,2,6.09,12.18,0.00,0.00,S,6026383806,,CAD,CC
70012677,00322,03,1,20251001,165357,000004473001,1,4.09,4.09,0.00,0.26,S,6007660464,,CAD,GC
70012677,00322,03,2,20251001,165357,000004482002,1,24.49,24.49,0.00,1.53,S,6007660464,,CAD,GC
70012677,00322,03,3,20251001,165357,000000030203,1,11.49,11.49,0.00,0.00,S,6007660464,,CAD,GC
70012678,00322,02,1,20251001,104336,000004481001,1,10.89,10.89,0.00,0.68,S,,,CAD,CC
70012678,00322,02,2,20251001,104336,000004482003,1,7.49,7.49,0.00,0.47,S,,,CAD,CC
70012679,01042,05,1,20251002,194909,000000030201,1,9.99,9.99,0.00,0.00,S,,,USD,CC
70012680,01042,06,1,20251002,212601,000000030203,1,8.49,8.49,0.00,0.00,R,,,USD,CC
70012681,01042,03,1,20251002,150445,000000005020,1,4.49,4.49,0.00,0.00,S,,,USD,CS
70012681,01042,03,2,20251002,150445,000000040102,0.642,16.99,10.91,0.00,0.00,S,,,USD,CS
70012682,01042,06,1,20251002,100351,000000094301,0.659,4.39,2.89,0.00,0.00,S,,,USD,CC
70012683,01042,06,1,20251002,155630,000000561001,2,9.99,19.98,9.99,0.62,S,,BG25W35,USD,CC
70012683,01042,06,2,20251002,155630,000000005013,1,3.89,3.89,0.00,0.00,S,,,USD,CC
70012683,01042,06,3,20251002,155630,000000020202,1,5.99,5.99,0.00,0.00,S,,,USD,CC
70012683,01042,06,4,20251002,155630,000000005012,3,3.99,11.97,0.00,0.00,S,,,USD,CC
70012684,01107,02,1,20251002,141019,000000040101,1.060,18.99,20.13,0.00,0.00,S,,,USD,DB
70012684,01107,02,2,20251002,141019,000000093501,1,4.49,4.49,0.00,0.00,S,,,USD,DB
70012684,01107,02,3,20251002,141019,000004482001,1,13.99,13.99,0.00,0.87,S,,,USD,DB
70012685,01107,01,1,20251002,83558,000004473003,2,3.49,6.98,3.49,0.22,S,,BG25W35,USD,DB
70012686,01107,05,1,20251002,150508,000000005103,1,6.99,6.99,0.00,0.00,S,,,USD,CC
70012686,01107,05,2,20251002,150508,000004473001,1,2.99,2.99,0.00,0.19,S,,,USD,CC
70012687,01107,01,1,20251002,100526,000004472002,1,4.49,4.49,0.00,0.28,S,,,USD,CC
70012687,01107,01,2,20251002,100526,000000020102,1,3.49,3.49,0.00,0.00,S,,,USD,CC
70012688,01107,05,1,20251002,172048,000004471023,2,3.49,6.98,0.00,0.44,S,,,USD,CC
70012689,01107,03,1,20251002,205001,000000561001,3,9.99,29.97,9.99,1.25,S,6065421406,BG25W35,USD,CC
70012689,01107,03,2,20251002,205001,000000030101,1,6.99,6.99,0.00,0.00,S,6065421406,,USD,CC
70012690,02210,01,1,20251002,102832,000004482002,1,17.99,17.99,0.00,1.12,S,6059544294,,USD,GC
70012690,02210,01,2,20251002,102832,000004473003,2,3.49,6.98,3.49,0.22,S,6059544294,BG25W35,USD,GC
70012690,02210,01,3,20251002,102832,000000561001,2,9.99,19.98,9.99,0.62,S,6059544294,BG25W35,USD,GC
70012691,02210,03,1,20251002,142150,000000040101,1.348,18.99,25.60,0.00,0.00,S,,,USD,CC
70012691,02210,03,2,20251002,142150,000000562002,2,8.49,16.98,0.00,1.06,S,,,USD,CC
70012692,02211,02,1,20251002,81932,000000093321,1.194,1.49,1.78,0.00,0.00,S,,,USD,CS
70012693,02211,03,1,20251002,93053,000000005302,2,3.49,6.98,0.00,0.00,S,,,USD,CC
70012693,02211,03,2,20251002,93053,000000093325,1.748,3.99,6.97,0.00,0.00,S,,,USD,CC
70012693,02211,03,3,20251002,93053,000000005020,1,4.49,4.49,0.00,0.00,S,,,USD,CC
70012693,02211,03,4,20251002,93053,000004473002,1,2.79,2.79,0.00,0.17,S,,,USD,CC
70012693,02211,03,5,20251002,93053,000000040203,1,11.99,11.99,0.00,0.00,S,,,USD,CC
70012694,02211,05,1,20251002,112921,000000552002,1,3.99,3.99,0.00,0.25,S,,,USD,GC
70012694,02211,05,2,20251002,112921,000000005013,1,3.89,3.89,0.00,0.00,S,,,USD,GC
70012694,02211,05,3,20251002,112921,000000093321,0.408,1.49,0.61,0.00,0.00,S,,,USD,GC
70012694,02211,05,4,20251002,112921,000004492002,2,1.49,2.98,0.00,0.19,S,,,USD,GC
70012694,02211,05,5,20251002,112921,000004483002,1,3.49,3.49,0.00,0.22,S,,,USD,GC
70012694,02211,05,6,20251002,112921,000000005013,1,3.89,3.89,0.00,0.00,S,,,USD,GC
70012695,02211,05,1,20251002,104237,000000562001,2,10.99,21.98,0.00,1.37,S,,,USD,DB
70012695,02211,05,2,20251002,104237,000004473001,2,2.99,5.98,0.00,0.37,S,,,USD,DB
70012695,02211,05,3,20251002,104237,000000020203,1,6.49,6.49,0.00,0.00,S,,,USD,DB
70012696,02211,06,1,20251002,91915,000000020102,2,3.49,6.98,1.05,0.00,S,6019181828,LY25W35,USD,DB
70012696,02211,06,2,20251002,91915,000000005103,1,6.99,6.99,0.00,0.00,S,6019181828,,USD,DB
70012696,02211,06,3,20251002,91915,000000020202,3,5.99,17.97,0.00,0.00,S,6019181828,,USD,DB
70012696,02211,06,4,20251002,91915,000000005202,1,5.99,5.99,0.00,0.00,S,6019181828,,USD,DB
70012696,02211,06,5,20251002,91915,000004481002,1,7.99,7.99,0.00,0.50,S,6019181828,,USD,DB
70012696,02211,06,6,20251002,91915,000000005012,1,3.99,3.99,0.00,0.00,S,6019181828,,USD,DB
70012697,02305,03,1,20251002,135446,000004481003,2,4.99,9.98,0.00,0.62,S,,,USD,GC
70012698,02305,04,1,20251002,201438,000000552002,2,3.99,7.98,0.00,0.50,S,,,USD,CC
70012698,02305,04,2,20251002,201438,000000005201,2,3.99,7.98,0.00,0.00,S,,,USD,CC
70012699,02305,02,1,20251002,203358,000004472003,2,3.29,6.58,0.00,0.41,S,6035134261,,USD,CS
70012699,02305,02,2,20251002,203358,000000005012,2,3.99,7.98,0.00,0.00,S,6035134261,,USD,CS
70012699,02305,02,3,20251002,203358,000000093402,1.958,3.29,6.44,0.00,0.00,S,6035134261,,USD,CS
70012700,02305,02,1,20251002,195640,000000005103,1,6.99,6.99,0.00,0.00,S,6052895392,,USD,DB
70012700,02305,02,2,20251002,195640,000004492003,1,2.29,2.29,0.00,0.14,S,6052895392,,USD,DB
70012700,02305,02,3,20251002,195640,000004491001,1,2.49,2.49,0.00,0.16,S,6052895392,,USD,DB
70012700,02305,02,4,20251002,195640,000004492001,3,1.79,5.37,0.00,0.34,S,6052895392,,USD,DB
70012700,02305,02,5,20251002,195640,000004483001,3,4.99,14.97,0.00,0.94,S,6052895392,,USD,DB
70012701,02305,03,1,20251002,152443,000000030101,1,6.99,6.99,0.00,0.00,S,,,USD,DB
70012701,02305,03,2,20251002,152443,000004481002,1,7.99,7.99,0.00,0.50,S,,,USD,DB
70012701,02305,03,3,20251002,152443,000004481002,1,7.99,7.99,0.00,0.50,V,,,USD,DB
70012702,02305,04,1,20251002,111255,000000561002,1,7.49,7.49,0.00,0.47,S,,,USD,GC
70012702,02305,04,2,20251002,111255,000000020102,1,3.49,3.49,0.00,0.00,S,,,USD,GC
70012702,02305,04,3,20251002,111255,000000040101,0.533,18.99,10.12,0.00,0.00,S,,,USD,GC
70012702,02305,04,4,20251002,111255,000000005301,1,5.49,5.49,0.00,0.00,S,,,USD,GC
70012703,02305,06,1,20251002,113645,000000005012,1,3.99,3.99,0.00,0.00,S,,,USD,CC
70012703,02305,06,2,20251002,113645,000004483002,3,3.49,10.47,0.00,0.65,S,,,USD,CC
70012703,02305,06,3,20251002,113645,000000005012,1,3.99,3.99,0.00,0.00,S,,,USD,CC
70012703,02305,06,4,20251002,113645,000004492003,1,2.29,2.29,0.00,0.14,S,,,USD,CC
70012703,02305,06,5,20251002,113645,000000093503,1,4.29,4.29,0.00,0.00,S,,,USD,CC
70012704,02305,03,1,20251002,84215,000000005013,1,3.89,3.89,0.00,0.00,S,,,USD,CS
70012704,02305,03,2,20251002,84215,000000031101,0.778,24.99,19.44,0.00,0.00,S,,,USD,CS
70012704,02305,03,3,20251002,84215,000004481001,1,7.99,7.99,0.00,0.50,S,,,USD,CS
70012704,02305,03,4,20251002,84215,000000031102,1.493,19.99,29.85,0.00,0.00,S,,,USD,CS
70012704,02305,03,5,20251002,84215,000000005013,1,3.89,3.89,0.00,0.00,S,,,USD,CS
70012705,02305,02,1,20251002,93549,000000093322,0.990,1.99,1.97,0.00,0.00,S,,,USD,CS
70012705,02305,02,2,20251002,93549,000000030102,2,14.99,29.98,0.00,0.00,S,,,USD,CS
70012706,02305,02,1,20251002,171630,000000040203,1,11.99,11.99,0.00,0.00,S,6056511810,,USD,DB
70012706,02305,02,2,20251002,171630,000000094302,1.942,5.49,10.66,0.00,0.00,S,6056511810,,USD,DB
70012706,02305,02,3,20251002,171630,000000040102,1.839,16.99,31.24,0.00,0.00,S,6056511810,,USD,DB
70012707,02305,04,1,20251002,82437,000000093501,1,4.49,4.49,0.00,0.00,S,,,USD,CS
70012707,02305,04,2,20251002,82437,000000561002,1,7.49,7.49,0.00,0.47,S,,,USD,CS
70012708,02305,05,1,20251002,173325,000004471023,1,3.49,3.49,0.00,0.22,S,6003579727,,USD,GC
70012708,02305,05,2,20251002,173325,000000005302,1,3.49,3.49,0.00,0.00,S,6003579727,,USD,GC
70012708,02305,05,3,20251002,173325,000000005201,1,3.99,3.99,0.00,0.00,S,6003579727,,USD,GC
70012709,03050,05,1,20251002,111829,000000005012,1,3.99,3.99,0.00,0.00,S,6046753612,,USD,CS
70012709,03050,05,2,20251002,111829,000000561002,1,7.49,7.49,0.00,0.47,S,6046753612,,USD,CS
70012709,03050,05,3,20251002,111829,000004471023,1,3.49,3.49,0.00,0.22,S,6046753612,,USD,CS
70012710,03050,01,1,20251002,133148,000000030101,2,6.99,13.98,0.00,0.00,S,6087431527,,USD,CC
70012710,03050,01,2,20251002,133148,000000094102,3,3.49,10.47,0.00,0.00,S,6087431527,,USD,CC
70012711,03050,06,1,20251002,104834,000000030102,1,14.99,14.99,0.00,0.00,S,,,USD,CS
70012711,03050,06,2,20251002,104834,000004482003,2,5.49,10.98,5.49,0.34,S,,BG25W35,USD,CS
70012711,03050,06,3,20251002,104834,000004493001,1,5.49,5.49,0.00,0.34,S,,,USD,CS
70012711,03050,06,4,20251002,104834,000000005301,2,5.49,10.98,0.00,0.00,S,,,USD,CS
70012712,03050,05,1,20251002,194553,000000005302,1,3.49,3.49,0.00,0.00,S,,,USD,GC
70012712,03050,05,2,20251002,194553,000004473001,1,2.99,2.99,0.00,0.19,S,,,USD,GC
70012712,03050,05,3,20251002,194553,000004493001,1,5.49,5.49,0.00,0.34,S,,,USD,GC
70012712,03050,05,4,20251002,194553,000000030201,1,9.99,9.99,0.00,0.00,S,,,USD,GC
70012713,03050,04,1,20251002,75212,000000094102,1,3.49,3.49,0.00,0.00,S,6076921053,,USD,DB
70012713,03050,04,2,20251002,75212,000000094201,1.752,1.69,2.96,0.00,0.00,S,6076921053,,USD,DB
70012714,03050,01,1,20251002,112348,000004482002,1,17.99,17.99,0.00,1.12,S,,,USD,DB
70012714,03050,01,2,20251002,112348,000000562001,1,10.99,10.99,0.00,0.69,S,,,USD,DB
70012714,03050,01,3,20251002,112348,000004473003,2,3.49,6.98,3.49,0.22,S,,BG25W35,USD,DB
70012714,03050,01,4,20251002,112348,000000093410,0.890,3.99,3.55,0.00,0.00,S,,,USD,DB
70012714,03050,01,5,20251002,112348,000004481002,1,7.99,7.99,0.00,0.50,S,,,USD,DB
70012714,03050,01,6,20251002,112348,000004492001,1,1.79,1.79,0.00,0.11,S,,,USD,DB
70012715,03050,01,1,20251002,210719,000000093501,1,4.49,4.49,0.00,0.00,S,,,USD,CS
70012715,03050,01,2,20251002,210719,000000040201,1,8.99,8.99,0.00,0.00,S,,,USD,CS
70012715,03050,01,3,20251002,210719,000004471030,1,3.99,3.99,0.00,0.25,S,,,USD,CS
70012715,03050,01,4,20251002,210719,000004472001,1,3.99,3.99,0.00,0.25,S,,,USD,CS
70012715,03050,01,5,20251002,210719,000000094301,1.628,4.39,7.15,0.00,0.00,S,,,USD,CS
70012716,03050,06,1,20251002,152607,000000030101,3,6.99,20.97,0.00,0.00,S,6032290310,,USD,DB
70012716,03050,06,2,20251002,152607,000000030101,1,6.99,6.99,0.00,0.00,S,6032290310,,USD,DB
70012717,00317,06,1,20251002,81900,000000094102,1,4.69,4.69,0.00,0.00,S,6056743000,,CAD,CC
70012717,00317,06,2,20251002,81900,000000030202,1,15.59,15.59,0.00,0.00,S,6056743000,,CAD,CC
70012717,00317,06,3,20251002,81900,000000562001,2,14.89,29.78,0.00,1.86,S,6056743000,,CAD,CC
70012717,00317,06,4,20251002,81900,000000005202,2,8.09,16.18,0.00,0.00,S,6056743000,,CAD,CC
70012718,00317,05,1,20251002,144710,000000093410,2.119,5.39,11.42,0.00,0.00,S,,,CAD,CC
70012718,00317,05,2,20251002,144710,000000005020,1,6.09,6.09,0.00,0.00,S,,,CAD,CC
70012718,00317,05,3,20251002,144710,000000005202,1,8.09,8.09,0.00,0.00,S,,,CAD,CC
70012718,00317,05,4,20251002,144710,000000561002,1,10.19,10.19,0.00,0.64,S,,,CAD,CC
70012718,00317,05,5,20251002,144710,000000005020,1,6.09,6.09,0.00,0.00,S,,,CAD,CC
70012718,00317,05,6,20251002,144710,000000094103,3,5.19,15.57,0.00,0.00,S,,,CAD,CC
70012719,00317,02,1,20251002,192645,000000562001,1,14.89,14.89,0.00,0.93,S,,,CAD,CS
70012719,00317,02,2,20251002,192645,000000094103,1,5.19,5.19,0.00,0.00,S,,,CAD,CS
70012719,00317,02,3,20251002,192645,000004483001,3,6.79,20.37,0.00,1.27,S,,,CAD,CS
70012719,00317,02,4,20251002,192645,000004473001,1,4.09,4.09,0.00,0.26,S,,,CAD,CS
70012719,00317,02,5,20251002,192645,000000552002,1,5.39,5.39,0.00,0.34,S,,,CAD,CS
70012719,00317,02,6,20251002,192645,000000005101,1,10.89,10.89,0.00,0.00,S,,,CAD,CS
70012720,00317,01,1,20251002,72709,000000552002,1,5.39,5.39,0.00,0.34,S,,,CAD,CC
70012720,00317,01,2,20251002,72709,000000552002,1,5.39,5.39,0.00,0.34,V,,,CAD,CC
70012721,00317,04,1,20251002,180925,000000562002,1,11.49,11.49,0.00,0.72,S,6003926142,,CAD,DB
70012721,00317,04,2,20251002,180925,000000561001,2,13.59,27.18,13.59,0.85,S,6003926142,BG25W35,CAD,DB
70012722,00317,01,1,20251002,122032,000000030102,1,20.39,20.39,0.00,0.00,S,,,CAD,CC
70012722,00317,01,2,20251002,122032,000000552002,1,5.39,5.39,0.00,0.34,S,,,CAD,CC
70012723,00317,03,1,20251002,165325,000000093401,1.623,7.49,12.16,1.82,0.00,S,6018718133,LY25W35,CAD,CS
70012723,00317,03,2,20251002,165325,000004473003,1,4.69,4.69,0.00,0.29,S,6018718133,,CAD,CS
70012723,00317,03,3,20251002,165325,000000094103,1,5.19,5.19,0.00,0.00,S,6018718133,,CAD,CS
70012723,00317,03,4,20251002,165325,000000005101,1,10.89,10.89,0.00,0.00,S,6018718133,,CAD,CS
70012723,00317,03,5,20251002,165325,000004471023,1,4.69,4.69,0.00,0.29,S,6018718133,,CAD,CS
70012723,00317,03,6,20251002,165325,000004492003,1,3.09,3.09,0.00,0.19,S,6018718133,,CAD,CS
70012724,00317,06,1,20251002,73555,000000020102,1,4.69,4.69,0.00,0.00,S,,,CAD,CC
70012724,00317,06,2,20251002,73555,000000040102,1.193,23.09,27.55,0.00,0.00,S,,,CAD,CC
70012724,00317,06,3,20251002,73555,000000562002,1,11.49,11.49,0.00,0.72,S,,,CAD,CC
70012724,00317,06,4,20251002,73555,000000005202,1,8.09,8.09,0.00,0.00,S,,,CAD,CC
70012725,00317,03,1,20251002,182904,000004473003,2,4.69,9.38,4.69,0.29,S,,BG25W35,CAD,DB
70012725,00317,03,2,20251002,182904,000000005201,1,5.39,5.39,0.00,0.00,S,,,CAD,DB
70012725,00317,03,3,20251002,182904,000004491001,1,3.39,3.39,0.00,0.21,S,,,CAD,DB
70012726,00317,03,1,20251002,153057,000000005013,1,5.29,5.29,0.00,0.00,S,,,CAD,DB
70012726,00317,03,2,20251002,153057,000000094302,0.644,7.49,4.82,0.00,0.00,S,,,CAD,DB
70012727,00322,06,1,20251002,120756,000000020101,1,3.39,3.39,0.00,0.00,S,,,CAD,GC
70012727,00322,06,2,20251002,120756,000004482001,1,18.99,18.99,0.00,1.19,S,,,CAD,GC
70012727,00322,06,3,20251002,120756,000004473003,1,4.69,4.69,0.00,0.29,S,,,CAD,GC
70012727,00322,06,4,20251002,120756,000004472050,1,5.39,5.39,0.00,0.34,S,,,CAD,GC
70012727,00322,06,5,20251002,120756,000000005013,1,5.29,5.29,0.00,0.00,S,,,CAD,GC
70012728,00322,01,1,20251002,93132,000004493002,2,5.39,10.78,0.00,0.67,S,6038421503,,CAD,CS
70012729,00322,06,1,20251002,151026,000004471030,1,5.39,5.39,0.00,0.34,S,6078700505,,CAD,CC
70012730,00322,04,1,20251002,191826,000000020202,1,8.09,8.09,0.00,0.00,S,,,CAD,DB
70012730,00322,04,2,20251002,191826,000000040203,1,16.29,16.29,0.00,0.00,S,,,CAD,DB
70012730,00322,04,3,20251002,191826,000000020102,2,4.69,9.38,0.00,0.00,S,,,CAD,DB
70012731,01042,02,1,20251003,101036,000004473001,1,2.99,2.99,0.00,0.19,S,6078068671,,USD,CC
70012732,01042,05,1,20251003,124530,000000551020,2,13.99,27.98,0.00,1.75,S,,,USD,GC
70012732,01042,05,2,20251003,124530,000000020103,1,4.99,4.99,0.00,0.00,S,,,USD,GC
70012732,01042,05,3,20251003,124530,000004482003,2,5.49,10.98,5.49,0.34,S,,BG25W35,USD,GC
70012733,01042,05,1,20251003,103635,000000005101,1,7.99,7.99,0.00,0.00,S,6039407016,,USD,DB
70012733,01042,05,2,20251003,103635,000000093402,2.056,3.29,6.76,0.00,0.00,S,6039407016,,USD,DB
70012733,01042,05,3,20251003,103635,000004491001,1,2.49,2.49,0.00,0.16,S,6039407016,,USD,DB
70012733,01042,05,4,20251003,103635,000004471024,1,3.49,3.49,0.00,0.22,S,6039407016,,USD,DB
70012733,01042,05,5,20251003,103635,000004473002,2,2.79,5.58,0.00,0.35,S,6039407016,,USD,DB
70012733,01042,05,6,20251003,103635,000000040102,2.199,16.99,37.36,0.00,0.00,S,6039407016,,USD,DB
70012734,01042,03,1,20251003,130207,000000030201,1,9.99,9.99,0.00,0.00,S,,,USD,GC
70012734,01042,03,2,20251003,130207,000000551021,2,11.99,23.98,0.00,1.50,S,,,USD,GC
70012734,01042,03,3,20251003,130207,000000020201,2,5.49,10.98,0.00,0.00,S,,,USD,GC
70012734,01042,03,4,20251003,130207,000004492002,2,1.49,2.98,0.00,0.19,S,,,USD,GC
70012735,01042,05,1,20251003,83931,000004471024,1,3.49,3.49,0.00,0.22,S,,,USD,CC
70012735,01042,05,2,20251003,83931,000000093410,1.823,3.99,7.27,0.00,0.00,S,,,USD,CC
70012736,01042,06,1,20251003,153944,000000093410,1.534,3.99,6.12,0.92,0.00,S,6052437729,LY25W35,USD,CC
70012736,01042,06,2,20251003,153944,000004482003,2,5.49,10.98,5.49,0.34,S,6052437729,BG25W35,USD,CC
70012736,01042,06,3,20251003,153944,000000093401,1.068,5.49,5.86,0.88,0.00,S,6052437729,LY25W35,USD,CC
70012736,01042,06,4,20251003,153944,000000020203,1,6.49,6.49,0.00,0.00,S,6052437729,,USD,CC
70012737,01042,03,1,20251003,182742,000000093321,0.336,1.49,0.50,0.00,0.00,S,,,USD,DB
70012737,01042,03,2,20251003,182742,000000005301,1,5.49,5.49,0.00,0.00,S,,,USD,DB
70012737,01042,03,3,20251003,182742,000000005201,2,3.99,7.98,0.00,0.00,S,,,USD,DB
70012737,01042,03,4,20251003,182742,000000552002,2,3.99,7.98,0.00,0.50,S,,,USD,DB
70012737,01042,03,5,20251003,182742,000000030101,2,6.99,13.98,0.00,0.00,S,,,USD,DB
70012738,01042,03,1,20251003,92312,000004471023,1,3.49,3.49,0.00,0.22,S,,,USD,CS
70012738,01042,03,2,20251003,92312,000004472002,1,4.49,4.49,0.00,0.28,S,,,USD,CS
70012739,01107,01,1,20251003,80704,000000005012,1,3.99,3.99,0.00,0.00,S,,,USD,DB
70012739,01107,01,2,20251003,80704,000000005102,1,5.49,5.49,0.00,0.00,S,,,USD,DB
70012739,01107,01,3,20251003,80704,000000020203,1,6.49,6.49,0.00,0.00,S,,,USD,DB
70012739,01107,01,4,20251003,80704,000004471024,1,3.49,3.49,0.00,0.22,S,,,USD,DB
70012740,01107,04,1,20251003,192415,000000551021,1,11.99,11.99,0.00,0.75,S,6051315285,,USD,CC
70012740,01107,04,2,20251003,192415,000000094203,1.899,1.49,2.83,0.00,0.00,S,6051315285,,USD,CC
70012740,01107,04,3,20251003,192415,000000020103,1,4.99,4.99,0.00,0.00,S,6051315285,,USD,CC
70012741,01107,06,1,20251003,184621,000004473002,1,2.79,2.79,0.00,0.17,S,6019693157,,USD,CC
70012741,01107,06,2,20251003,184621,000000093402,0.947,3.29,3.12,0.00,0.00,S,6019693157,,USD,CC
70012742,01107,01,1,20251003,71601,000004493001,1,5.49,5.49,0.00,0.34,S,,,USD,CC
70012742,01107,01,2,20251003,71601,000000094202,0.325,1.99,0.65,0.00,0.00,S,,,USD,CC
70012742,01107,01,3,20251003,71601,000004471024,2,3.49,6.98,0.00,0.44,S,,,USD,CC
70012742,01107,01,4,20251003,71601,000000020102,2,3.49,6.98,0.00,0.00,S,,,USD,CC
70012743,01107,04,1,20251003,100716,000000020202,1,5.99,5.99,0.00,0.00,S,,,USD,CC
70012743,01107,04,2,20251003,100716,000000005302,2,3.49,6.98,0.00,0.00,S,,,USD,CC
70012743,01107,04,3,20251003,100716,000004492003,1,2.29,2.29,0.00,0.14,S,,,USD,CC
70012743,01107,04,4,20251003,100716,000000005202,1,5.99,5.99,0.00,0.00,S,,,USD,CC
70012743,01107,04,5,20251003,100716,000004482003,2,5.49,10.98,5.49,0.34,S,,BG25W35,USD,CC
70012744,02210,05,1,20251003,180126,000004481003,1,4.99,4.99,0.00,0.31,S,,,USD,GC
70012744,02210,05,2,20251003,180126,000000005301,2,5.49,10.98,0.00,0.00,S,,,USD,GC
70012744,02210,05,3,20251003,180126,000000093402,1.197,3.29,3.94,0.00,0.00,S,,,USD,GC
70012744,02210,05,4,20251003,180126,000000093401,1.119,5.49,6.14,0.00,0.00,S,,,USD,GC
70012745,02210,05,1,20251003,94843,000000093325,0.986,3.99,3.93,0.00,0.00,S,,,USD,DB
70012745,02210,05,2,20251003,94843,000000040101,1.723,18.99,32.72,0.00,0.00,S,,,USD,DB
70012746,02210,04,1,20251003,134557,000000093501,1,4.49,4.49,0.00,0.00,S,6016781126,,USD,CS
70012747,02210,01,1,20251003,90419,000004471024,1,3.49,3.49,0.00,0.22,S,6068550789,,USD,GC
70012747,02210,01,2,20251003,90419,000000094302,0.967,5.49,5.31,0.00,0.00,S,6068550789,,USD,GC
70012747,02210,01,3,20251003,90419,000004491001,1,2.49,2.49,0.00,0.16,S,6068550789,,USD,GC
70012747,02210,01,4,20251003,90419,000000093501,1,4.49,4.49,0.00,0.00,S,6068550789,,USD,GC
70012748,02210,01,1,20251003,212914,000000040101,1.511,18.99,28.69,0.00,0.00,S,6068044731,,USD,GC
70012748,02210,01,2,20251003,212914,000004491001,2,2.49,4.98,0.00,0.31,S,6068044731,,USD,GC
70012748,02210,01,3,20251003,212914,000000030201,1,9.99,9.99,1.50,0.00,S,6068044731,LY25W35,USD,GC
70012749,02210,02,1,20251003,102710,000000031102,2.000,19.99,39.98,0.00,0.00,S,,,USD,DB
70012749,02210,02,2,20251003,102710,000000005202,1,5.99,5.99,0.00,0.00,S,,,USD,DB
70012750,02210,03,1,20251003,182335,000004482001,1,13.99,13.99,0.00,0.87,S,,,USD,CS
70012750,02210,03,2,20251003,182335,000000040201,2,8.99,17.98,0.00,0.00,S,,,USD,CS
70012750,02210,03,3,20251003,182335,000000030201,1,9.99,9.99,0.00,0.00,S,,,USD,CS
70012750,02210,03,4,20251003,182335,000004481002,1,7.99,7.99,0.00,0.50,S,,,USD,CS
70012750,02210,03,5,20251003,182335,000000030101,1,6.99,6.99,0.00,0.00,S,,,USD,CS
70012751,02210,03,1,20251003,194921,000000040101,0.526,18.99,9.99,0.00,0.00,S,,,USD,GC
70012751,02210,03,2,20251003,194921,000000093325,1.979,3.99,7.90,0.00,0.00,S,,,USD,GC
70012751,02210,03,3,20251003,194921,000000005302,1,3.49,3.49,0.00,0.00,S,,,USD,GC
70012751,02210,03,4,20251003,194921,000004483002,1,3.49,3.49,0.00,0.22,S,,,USD,GC
70012751,02210,03,5,20251003,194921,000004481001,1,7.99,7.99,0.00,0.50,S,,,USD,GC
70012751,02210,03,6,20251003,194921,000000020201,2,5.49,10.98,0.00,0.00,S,,,USD,GC
70012752,02210,05,1,20251003,193144,000004493001,1,5.49,5.49,0.00,0.34,S,,,USD,GC
70012752,02210,05,2,20251003,193144,000004473001,1,2.99,2.99,0.00,0.19,S,,,USD,GC
70012753,02210,06,1,20251003,74945,000000093402,0.453,3.29,1.49,0.00,0.00,S,,,USD,GC
70012753,02210,06,2,20251003,74945,000000030202,1,11.49,11.49,0.00,0.00,S,,,USD,GC
70012753,02210,06,3,20251003,74945,000004492001,1,1.79,1.79,0.00,0.11,S,,,USD,GC
70012754,02210,01,1,20251003,154529,000000094301,0.984,4.39,4.32,0.00,0.00,S,,,USD,CC
70012754,02210,01,2,20251003,154529,000004482003,2,5.49,10.98,5.49,0.34,S,,BG25W35,USD,CC
70012754,02210,01,3,20251003,154529,000000030101,2,6.99,13.98,0.00,0.00,S,,,USD,CC
70012754,02210,01,4,20251003,154529,000000005101,2,7.99,15.98,0.00,0.00,S,,,USD,CC
70012754,02210,01,5,20251003,154529,000000561001,1,9.99,9.99,0.00,0.62,S,,,USD,CC
70012755,02211,02,1,20251003,134135,000000030202,1,11.49,11.49,0.00,0.00,S,,,USD,GC
70012755,02211,02,2,20251003,134135,000004471024,1,3.49,3.49,0.00,0.22,S,,,USD,GC
70012755,02211,02,3,20251003,134135,000000040201,1,8.99,8.99,0.00,0.00,S,,,USD,GC
70012756,02211,02,1,20251003,193234,000000040203,1,11.99,11.99,0.00,0.00,S,,,USD,GC
70012756,02211,02,2,20251003,193234,000000020202,1,5.99,5.99,0.00,0.00,S,,,USD,GC
70012756,02211,02,3,20251003,193234,000004491003,1,1.99,1.99,0.00,0.12,S,,,USD,GC
70012756,02211,02,4,20251003,193234,000004492003,1,2.29,2.29,0.00,0.14,S,,,USD,GC
70012757,02211,03,1,20251003,103742,000000005201,1,3.99,3.99,0.00,0.00,S,,,USD,DB
70012758,02211,04,1,20251003,144402,000000094102,1,3.49,3.49,0.00,0.00,S,6063280944,,USD,GC
70012758,02211,04,2,20251003,144402,000004493001,1,5.49,5.49,0.00,0.34,S,6063280944,,USD,GC
70012758,02211,04,3,20251003,144402,000000031102,0.437,19.99,8.74,0.00,0.00,S,6063280944,,USD,GC
70012759,02211,01,1,20251003,192414,000000040202,1,14.99,14.99,0.00,0.00,S,6014477324,,USD,CC
70012759,02211,01,2,20251003,192414,000004482003,1,5.49,5.49,0.00,0.34,S,6014477324,,USD,CC
70012760,02305,04,1,20251003,132438,000000094202,0.772,1.99,1.54,0.00,0.00,S,,,USD,CC
70012760,02305,04,2,20251003,132438,000000020102,2,3.49,6.98,0.00,0.00,S,,,USD,CC
70012760,02305,04,3,20251003,132438,000000040101,0.555,18.99,10.54,0.00,0.00,S,,,USD,CC
70012760,02305,04,4,20251003,132438,000000551021,1,11.99,11.99,0.00,0.75,S,,,USD,CC
70012760,02305,04,5,20251003,132438,000000093503,1,4.29,4.29,0.00,0.00,S,,,USD,CC
70012760,02305,04,6,20251003,132438,000000020203,1,6.49,6.49,0.00,0.00,S,,,USD,CC
70012761,02305,02,1,20251003,161636,000000552002,1,3.99,3.99,0.00,0.25,S,6049735020,,USD,CS
70012761,02305,02,2,20251003,161636,000004473003,2,3.49,6.98,3.49,0.22,S,6049735020,BG25W35,USD,CS
70012761,02305,02,3,20251003,161636,000000093410,0.265,3.99,1.06,0.16,0.00,S,6049735020,LY25W35,USD,CS
70012762,02305,03,1,20251003,142357,000000005101,1,7.99,7.99,0.00,0.00,S,,,USD,DB
70012763,02305,06,1,20251003,150154,000000094202,1.122,1.99,2.23,0.00,0.00,S,,,USD,GC
70012763,02305,06,2,20251003,150154,000004481001,1,7.99,7.99,0.00,0.50,S,,,USD,GC
70012764,02305,03,1,20251003,212334,000004472003,1,3.29,3.29,0.00,0.21,S,6012661094,,USD,GC
70012764,02305,03,2,20251003,212334,000000093502,1,3.99,3.99,0.00,0.00,S,6012661094,,USD,GC
70012764,02305,03,3,20251003,212334,000000005202,1,5.99,5.99,0.00,0.00,S,6012661094,,USD,GC
70012764,02305,03,4,20251003,212334,000004471040,1,2.49,2.49,0.00,0.16,S,6012661094,,USD,GC
70012764,02305,03,5,20251003,212334,000004493001,1,5.49,5.49,0.00,0.34,S,6012661094,,USD,GC
70012764,02305,03,6,20251003,212334,000000093322,1.264,1.99,2.52,0.00,0.00,S,6012661094,,USD,GC
70012765,02305,02,1,20251003,145423,000004481001,1,7.99,7.99,0.00,0.50,S,,,USD,CC
70012765,02305,02,2,20251003,145423,000004472003,1,3.29,3.29,0.00,0.21,S,,,USD,CC
70012766,02305,03,1,20251003,105619,000004471024,1,3.49,3.49,0.00,0.22,S,,,USD,DB
70012767,02305,04,1,20251003,194930,000000094201,0.870,1.69,1.47,0.00,0.00,S,,,USD,CS
70012767,02305,04,2,20251003,194930,000004492001,1,1.79,1.79,0.00,0.11,S,,,USD,CS
70012767,02305,04,3,20251003,194930,000000005202,2,5.99,11.98,0.00,0.00,S,,,USD,CS
70012767,02305,04,4,20251003,194930,000000030103,2,8.99,17.98,0.00,0.00,S,,,USD,CS
70012767,02305,04,5,20251003,194930,000004493001,3,5.49,16.47,0.00,1.03,S,,,USD,CS
70012768,02305,03,1,20251003,213131,000000094301,0.414,4.39,1.82,0.00,0.00,S,,,USD,DB
70012768,02305,03,2,20251003,213131,000000562002,1,8.49,8.49,0.00,0.53,S,,,USD,DB
70012768,02305,03,3,20251003,213131,000000093321,0.728,1.49,1.08,0.00,0.00,S,,,USD,DB
70012768,02305,03,4,20251003,213131,000004482002,1,17.99,17.99,0.00,1.12,S,,,USD,DB
70012769,02305,04,1,20251003,112201,000000093325,0.391,3.99,1.56,0.00,0.00,S,,,USD,DB
70012769,02305,04,2,20251003,112201,000000094101,1,3.99,3.99,0.00,0.00,S,,,USD,DB
70012770,02305,06,1,20251003,211923,000000093503,1,4.29,4.29,0.00,0.00,S,,,USD,CC
70012770,02305,06,2,20251003,211923,000004471030,1,3.99,3.99,0.00,0.25,S,,,USD,CC
70012770,02305,06,3,20251003,211923,000004492002,2,1.49,2.98,0.00,0.19,S,,,USD,CC
70012771,02305,06,1,20251003,140247,000000030101,1,6.99,6.99,0.00,0.00,S,6071136337,,USD,CC
70012772,02305,04,1,20251003,164324,000000093325,1.360,3.99,5.43,0.00,0.00,S,6076896270,,USD,CC
70012772,02305,04,2,20251003,164324,000004473003,1,3.49,3.49,0.00,0.22,S,6076896270,,USD,CC
70012772,02305,04,3,20251003,164324,000000561001,2,9.99,19.98,9.99,0.62,S,6076896270,BG25W35,USD,CC
70012772,02305,04,4,20251003,164324,000004493002,1,3.99,3.99,0.00,0.25,S,6076896270,,USD,CC
70012773,02305,03,1,20251003,144024,000000005201,1,3.99,3.99,0.00,0.00,S,6048695946,,USD,CC
70012773,02305,03,2,20251003,144024,000000030102,1,14.99,14.99,0.00,0.00,S,6048695946,,USD,CC
70012774,03050,05,1,20251003,213636,000000093501,1,4.49,4.49,0.00,0.00,S,,,USD,CC
70012774,03050,05,2,20251003,213636,000004481003,1,4.99,4.99,0.00,0.31,S,,,USD,CC
70012774,03050,05,3,20251003,213636,000000562002,1,8.49,8.49,0.00,0.53,S,,,USD,CC
70012774,03050,05,4,20251003,213636,000000094103,1,3.79,3.79,0.00,0.00,S,,,USD,CC
70012775,03050,05,1,20251003,132915,000004481002,1,7.99,7.99,0.00,0.50,S,6059970629,,USD,CC
70012775,03050,05,2,20251003,132915,000004471024,1,3.49,3.49,0.00,0.22,S,6059970629,,USD,CC
70012775,03050,05,3,20251003,132915,000000094103,1,3.79,3.79,0.00,0.00,S,6059970629,,USD,CC
70012776,03050,01,1,20251003,160101,000000005101,1,7.99,7.99,0.00,0.00,S,6090463766,,USD,DB
70012776,03050,01,2,20251003,160101,000004482003,1,5.49,5.49,0.00,0.34,S,6090463766,,USD,DB
70012777,03050,05,1,20251003,151441,000004493002,2,3.99,7.98,0.00,0.50,S,6043347228,,USD,DB
70012777,03050,05,2,20251003,151441,000000562001,1,10.99,10.99,0.00,0.69,S,6043347228,,USD,DB
70012777,03050,05,3,20251003,151441,000000005202,1,5.99,5.99,0.00,0.00,S,6043347228,,USD,DB
70012777,03050,05,4,20251003,151441,000000030102,2,14.99,29.98,0.00,0.00,S,6043347228,,USD,DB
70012777,03050,05,5,20251003,151441,000004483001,1,4.99,4.99,0.00,0.31,S,6043347228,,USD,DB
70012777,03050,05,6,20251003,151441,000004493002,2,3.99,7.98,0.00,0.50,V,6043347228,,USD,DB
70012778,03050,02,1,20251003,81638,000000094301,2.079,4.39,9.13,0.00,0.00,S,6000892196,,USD,CC
70012778,03050,02,2,20251003,81638,000000005012,1,3.99,3.99,0.00,0.00,S,6000892196,,USD,CC
70012778,03050,02,3,20251003,81638,000004481001,2,7.99,15.98,0.00,1.00,S,6000892196,,USD,CC
70012778,03050,02,4,20251003,81638,000004492001,1,1.79,1.79,0.00,0.11,S,6000892196,,USD,CC
70012778,03050,02,5,20251003,81638,000000005302,1,3.49,3.49,0.00,0.00,S,6000892196,,USD,CC
70012778,03050,02,6,20251003,81638,000000093401,1.507,5.49,8.27,1.24,0.00,S,6000892196,LY25W35,USD,CC
70012779,03050,04,1,20251003,145016,000004482001,1,13.99,13.99,0.00,0.87,S,,,USD,DB
70012779,03050,04,2,20251003,145016,000000020201,2,5.49,10.98,0.00,0.00,S,,,USD,DB
70012780,03050,03,1,20251003,92651,000004471040,1,2.49,2.49,0.00,0.16,S,6014181861,,USD,DB
70012780,03050,03,2,20251003,92651,000004492002,2,1.49,2.98,0.00,0.19,S,6014181861,,USD,DB
70012780,03050,03,3,20251003,92651,000000020102,3,3.49,10.47,1.57,0.00,S,6014181861,LY25W35,USD,DB
70012780,03050,03,4,20251003,92651,000000040101,2.126,18.99,40.37,0.00,0.00,S,6014181861,,USD,DB
70012781,00317,04,1,20251003,100854,000000040202,1,20.39,20.39,0.00,0.00,S,,,CAD,DB
70012781,00317,04,2,20251003,100854,000004473003,2,4.69,9.38,4.69,0.29,S,,BG25W35,CAD,DB
70012781,00317,04,3,20251003,100854,000000040202,1,20.39,20.39,0.00,0.00,S,,,CAD,DB
70012781,00317,04,4,20251003,100854,000000030103,1,12.19,12.19,0.00,0.00,S,,,CAD,DB
70012781,00317,04,5,20251003,100854,000000030102,3,20.39,61.17,0.00,0.00,S,,,CAD,DB
70012782,00317,01,1,20251003,105222,000000562001,1,14.89,14.89,0.00,0.93,S,,,CAD,CC
70012782,00317,01,2,20251003,105222,000004493002,1,5.39,5.39,0.00,0.34,S,,,CAD,CC
70012782,00317,01,3,20251003,105222,000000093410,0.923,5.39,4.97,0.00,0.00,S,,,CAD,CC
70012782,00317,01,4,20251003,105222,000004472003,1,4.49,4.49,0.00,0.28,S,,,CAD,CC
70012782,00317,01,5,20251003,105222,000004481002,1,10.89,10.89,0.00,0.68,S,,,CAD,CC
70012782,00317,01,6,20251003,105222,000000005201,1,5.39,5.39,0.00,0.00,S,,,CAD,CC
70012783,00317,04,1,20251003,180843,000000040102,0.827,23.09,19.10,0.00,0.00,S,,,CAD,CS
70012784,00317,06,1,20251003,213722,000004472050,1,5.39,5.39,0.00,0.34,S,6003926142,,CAD,CC
70012784,00317,06,2,20251003,213722,000000030103,2,12.19,24.38,0.00,0.00,S,6003926142,,CAD,CC
70012785,00317,01,1,20251003,164825,000000040203,2,16.29,32.58,0.00,0.00,S,,,CAD,CS
70012786,00317,02,1,20251003,100642,000000093401,0.929,7.49,6.96,0.00,0.00,S,,,CAD,DB
70012786,00317,02,2,20251003,100642,000000030201,1,13.59,13.59,0.00,0.00,S,,,CAD,DB
70012786,00317,02,3,20251003,100642,000000020203,1,8.79,8.79,0.00,0.00,S,,,CAD,DB
70012787,00317,04,1,20251003,103127,000000093410,0.658,5.39,3.55,0.00,0.00,S,,,CAD,CS
70012787,00317,04,2,20251003,103127,000000094201,1.842,2.29,4.22,0.00,0.00,S,,,CAD,CS
70012787,00317,04,3,20251003,103127,000000561001,2,13.59,27.18,13.59,0.85,S,,BG25W35,CAD,CS
70012787,00317,04,4,20251003,103127,000004471023,1,4.69,4.69,0.00,0.29,S,,,CAD,CS
70012787,00317,04,5,20251003,103127,000000020103,2,6.79,13.58,0.00,0.00,S,,,CAD,CS
70012788,00317,06,1,20251003,121230,000004482001,2,18.99,37.98,0.00,2.37,S,6074064930,,CAD,GC
70012789,00317,03,1,20251003,182215,000000005020,1,6.09,6.09,0.00,0.00,S,,,CAD,CC
70012790,00317,06,1,20251003,94815,000000030102,2,20.39,40.78,0.00,0.00,S,6051651768,,CAD,CC
70012790,00317,06,2,20251003,94815,000004493002,1,5.39,5.39,0.00,0.34,S,6051651768,,CAD,CC
70012791,00317,05,1,20251003,182027,000004492002,2,1.99,3.98,0.00,0.25,S,,,CAD,DB
70012791,00317,05,2,20251003,182027,000000094203,1.873,1.99,3.73,0.00,0.00,S,,,CAD,DB
70012791,00317,05,3,20251003,182027,000000005302,1,4.69,4.69,0.00,0.00,S,,,CAD,DB
70012791,00317,05,4,20251003,182027,000000020102,1,4.69,4.69,0.00,0.00,S,,,CAD,DB
70012792,00317,04,1,20251003,105555,000004491003,1,2.69,2.69,0.00,0.17,S,,,CAD,CC
70012792,00317,04,2,20251003,105555,000000005102,1,7.49,7.49,0.00,0.00,S,,,CAD,CC
70012793,00317,01,1,20251003,122853,000000094201,0.623,2.29,1.43,0.00,0.00,S,,,CAD,DB
70012793,00317,01,2,20251003,122853,000000020101,2,3.39,6.78,0.00,0.00,S,,,CAD,DB
70012793,00317,01,3,20251003,122853,000000030201,1,13.59,13.59,0.00,0.00,S,,,CAD,DB
70012794,00317,02,1,20251003,203236,000004482001,1,18.99,18.99,0.00,1.19,S,,,CAD,CS
70012794,00317,02,2,20251003,203236,000000552002,1,5.39,5.39,0.00,0.34,S,,,CAD,CS
70012794,00317,02,3,20251003,203236,000004492001,1,2.39,2.39,0.00,0.15,S,,,CAD,CS
70012795,00317,06,1,20251003,161210,000000093322,1.214,2.69,3.27,0.00,0.00,S,,,CAD,CC
70012795,00317,06,2,20251003,161210,000000561002,1,10.19,10.19,0.00,0.64,S,,,CAD,CC
70012796,00317,04,1,20251003,82605,000004492050,1,2.99,2.99,0.00,0.19,S,,,CAD,CS
70012797,00322,05,1,20251003,170423,000004473001,1,4.09,4.09,0.00,0.26,S,6074811317,,CAD,CC
70012797,00322,05,2,20251003,170423,000000561001,2,13.59,27.18,13.59,0.85,S,6074811317,BG25W35,CAD,CC
70012797,00322,05,3,20251003,170423,000000005103,1,9.49,9.49,0.00,0.00,S,6074811317,,CAD,CC
70012797,00322,05,4,20251003,170423,000004492002,1,1.99,1.99,0.00,0.12,S,6074811317,,CAD,CC
70012798,00322,06,1,20251003,71844,000000030102,1,20.39,20.39,0.00,0.00,S,,,CAD,CC
70012799,00322,03,1,20251003,122646,000004471040,1,3.39,3.39,0.00,0.21,S,,,CAD,GC
70012799,00322,03,2,20251003,122646,000004471024,1,4.69,4.69,0.00,0.29,S,,,CAD,GC
70012799,00322,03,3,20251003,122646,000004471024,1,4.69,4.69,0.00,0.29,S,,,CAD,GC
70012799,00322,03,4,20251003,122646,000004473003,1,4.69,4.69,0.00,0.29,S,,,CAD,GC
70012799,00322,03,5,20251003,122646,000004473003,2,4.69,9.38,4.69,0.29,S,,BG25W35,CAD,GC
70012800,00322,02,1,20251003,83228,000000040201,1,12.19,12.19,0.00,0.00,S,,,CAD,GC
70012800,00322,02,2,20251003,83228,000000093325,1.247,5.39,6.72,0.00,0.00,S,,,CAD,GC
70012800,00322,02,3,20251003,83228,000000005301,1,7.49,7.49,0.00,0.00,S,,,CAD,GC
70012800,00322,02,4,20251003,83228,000004491001,2,3.39,6.78,0.00,0.42,S,,,CAD,GC
70012801,00322,04,1,20251003,180533,000000005012,1,5.39,5.39,0.00,0.00,S,,,CAD,DB
70012801,00322,04,2,20251003,180533,000000040201,2,12.19,24.38,0.00,0.00,S,,,CAD,DB
70012801,00322,04,3,20251003,180533,000000094203,1.860,1.99,3.70,0.00,0.00,S,,,CAD,DB
70012802,00322,03,1,20251003,111017,000004491002,1,9.49,9.49,0.00,0.59,S,,,CAD,DB
70012803,01042,02,1,20251004,182052,000000005301,1,5.49,5.49,0.00,0.00,S,,,USD,CS
70012803,01042,02,2,20251004,182052,000004482002,1,17.99,17.99,0.00,1.12,S,,,USD,CS
70012804,01042,01,1,20251004,75024,000000020201,1,5.49,5.49,0.00,0.00,S,6058319971,,USD,DB
70012804,01042,01,2,20251004,75024,000004482001,1,13.99,13.99,0.00,0.87,S,6058319971,,USD,DB
70012805,01042,01,1,20251004,175819,000000030201,1,9.99,9.99,0.00,0.00,S,,,USD,CS
70012805,01042,01,2,20251004,175819,000000020102,2,3.49,6.98,0.00,0.00,S,,,USD,CS
70012805,01042,01,3,20251004,175819,000004481002,1,7.99,7.99,0.00,0.50,S,,,USD,CS
70012805,01042,01,4,20251004,175819,000000040202,1,14.99,14.99,0.00,0.00,S,,,USD,CS
70012805,01042,01,5,20251004,175819,000004492002,1,1.49,1.49,0.00,0.09,S,,,USD,CS
70012806,01042,06,1,20251004,190830,000000094202,2.137,1.99,4.25,0.00,0.00,S,6015093771,,USD,CC
70012806,01042,06,2,20251004,190830,000004473003,2,3.49,6.98,3.49,0.22,S,6015093771,BG25W35,USD,CC
70012807,01042,04,1,20251004,134634,000000005013,1,3.89,3.89,0.00,0.00,S,6017751701,,USD,CS
70012808,01042,01,1,20251004,111509,000000020203,1,6.49,6.49,0.00,0.00,S,,,USD,CS
70012808,01042,01,2,20251004,111509,000000094301,1.899,4.39,8.34,0.00,0.00,S,,,USD,CS
70012808,01042,01,3,20251004,111509,000000094203,1.527,1.49,2.28,0.00,0.00,S,,,USD,CS
70012809,01042,05,1,20251004,191050,000004482003,2,5.49,10.98,5.49,0.34,S,,BG25W35,USD,GC
70012809,01042,05,2,20251004,191050,000004471024,1,3.49,3.49,0.00,0.22,S,,,USD,GC
70012809,01042,05,3,20251004,191050,000000005102,1,5.49,5.49,0.00,0.00,S,,,USD,GC
70012809,01042,05,4,20251004,191050,000000093501,1,4.49,4.49,0.00,0.00,S,,,USD,GC
70012809,01042,05,5,20251004,191050,000000094102,3,3.49,10.47,0.00,0.00,S,,,USD,GC
70012809,01042,05,6,20251004,191050,000004481002,1,7.99,7.99,0.00,0.50,S,,,USD,GC
70012810,01042,04,1,20251004,192217,000000005020,2,4.49,8.98,0.00,0.00,S,6015093771,,USD,CC
70012810,01042,04,2,20251004,192217,000004492001,1,1.79,1.79,0.00,0.11,S,6015093771,,USD,CC
70012810,01042,04,3,20251004,192217,000000094202,0.274,1.99,0.55,0.00,0.00,S,6015093771,,USD,CC
70012810,01042,04,4,20251004,192217,000000020102,1,3.49,3.49,0.52,0.00,S,6015093771,LY25W35,USD,CC
70012810,01042,04,5,20251004,192217,000000040201,1,8.99,8.99,0.00,0.00,S,6015093771,,USD,CC
70012811,01042,05,1,20251004,195143,000000020201,2,5.49,10.98,0.00,0.00,S,6028973179,,USD,CC
70012811,01042,05,2,20251004,195143,000000020102,2,3.49,6.98,1.05,0.00,S,6028973179,LY25W35,USD,CC
70012812,01042,04,1,20251004,211139,000000020103,1,4.99,4.99,0.00,0.00,S,6079417634,,USD,GC
70012812,01042,04,2,20251004,211139,000000040102,1.275,16.99,21.66,0.00,0.00,S,6079417634,,USD,GC
70012813,01042,02,1,20251004,194727,000004492003,1,2.29,2.29,0.00,0.14,S,6008267734,,USD,GC
70012813,01042,02,2,20251004,194727,000000020103,1,4.99,4.99,0.00,0.00,S,6008267734,,USD,GC
70012813,01042,02,3,20251004,194727,000000020102,1,3.49,3.49,0.52,0.00,S,6008267734,LY25W35,USD,GC
70012814,01107,04,1,20251004,93743,000000005013,1,3.89,3.89,0.00,0.00,S,,,USD,DB
70012814,01107,04,2,20251004,93743,000000005302,1,3.49,3.49,0.00,0.00,S,,,USD,DB
70012814,01107,04,3,20251004,93743,000000005103,1,6.99,6.99,0.00,0.00,S,,,USD,DB
70012814,01107,04,4,20251004,93743,000004473003,1,3.49,3.49,0.00,0.22,S,,,USD,DB
70012814,01107,04,5,20251004,93743,000000040202,1,14.99,14.99,0.00,0.00,S,,,USD,DB
70012815,01107,02,1,20251004,165637,000000020102,1,3.49,3.49,0.00,0.00,S,,,USD,CC
70012815,01107,02,2,20251004,165637,000000005012,1,3.99,3.99,0.00,0.00,S,,,USD,CC
70012815,01107,02,3,20251004,165637,000000005013,2,3.89,7.78,0.00,0.00,S,,,USD,CC
70012815,01107,02,4,20251004,165637,000004473003,1,3.49,3.49,0.00,0.22,S,,,USD,CC
70012816,01107,01,1,20251004,100856,000004471024,1,3.49,3.49,0.00,0.22,S,,,USD,GC
70012816,01107,01,2,20251004,100856,000000005013,1,3.89,3.89,0.00,0.00,S,,,USD,GC
70012816,01107,01,3,20251004,100856,000004493002,1,3.99,3.99,0.00,0.25,S,,,USD,GC
70012816,01107,01,4,20251004,100856,000000005020,1,4.49,4.49,0.00,0.00,S,,,USD,GC
70012817,01107,05,1,20251004,153212,000004482002,1,17.99,17.99,0.00,1.12,S,,,USD,CC
70012817,01107,05,2,20251004,153212,000000030203,1,8.49,8.49,0.00,0.00,S,,,USD,CC
70012818,02210,02,1,20251004,195012,000004482003,2,5.49,10.98,5.49,0.34,S,,BG25W35,USD,CS
70012819,02210,05,1,20251004,181355,000004471040,2,2.49,4.98,0.00,0.31,S,6033154100,,USD,DB
70012820,02210,02,1,20251004,163755,000000551021,1,11.99,11.99,0.00,0.75,S,6030833016,,USD,CC
70012820,02210,02,2,20251004,163755,000000093402,1.020,3.29,3.36,0.00,0.00,S,6030833016,,USD,CC
70012820,02210,02,3,20251004,163755,000000005302,1,3.49,3.49,0.00,0.00,S,6030833016,,USD,CC
70012820,02210,02,4,20251004,163755,000000005201,1,3.99,3.99,0.00,0.00,S,6030833016,,USD,CC
70012820,02210,02,5,20251004,163755,000004482002,1,17.99,17.99,0.00,1.12,S,6030833016,,USD,CC
70012821,02210,02,1,20251004,101444,000000093402,1.769,3.29,5.82,0.00,0.00,S,,,USD,DB
70012821,02210,02,2,20251004,101444,000000094103,1,3.79,3.79,0.00,0.00,S,,,USD,DB
70012821,02210,02,3,20251004,101444,000004481003,1,4.99,4.99,0.00,0.31,S,,,USD,DB
70012821,02210,02,4,20251004,101444,000000005202,2,5.99,11.98,0.00,0.00,S,,,USD,DB
70012821,02210,02,5,20251004,101444,000000551021,1,11.99,11.99,0.00,0.75,S,,,USD,DB
70012822,02210,04,1,20251004,95823,000000005201,1,3.99,3.99,0.00,0.00,S,6041072728,,USD,CS
70012822,02210,04,2,20251004,95823,000004482003,2,5.49,10.98,5.49,0.34,S,6041072728,BG25W35,USD,CS
70012823,02210,03,1,20251004,170245,000000561001,1,9.99,9.99,0.00,0.62,S,6092842222,,USD,CS
70012823,02210,03,2,20251004,170245,000004481001,2,7.99,15.98,0.00,1.00,S,6092842222,,USD,CS
70012823,02210,03,3,20251004,170245,000004471024,1,3.49,3.49,0.00,0.22,S,6092842222,,USD,CS
70012823,02210,03,4,20251004,170245,000000005202,1,5.99,5.99,0.00,0.00,S,6092842222,,USD,CS
70012824,02210,03,1,20251004,115140,000000005301,1,5.49,5.49,0.00,0.00,S,,,USD,CS
70012824,02210,03,2,20251004,115140,000000020202,1,5.99,5.99,0.00,0.00,S,,,USD,CS
70012824,02210,03,3,20251004,115140,000000562001,1,10.99,10.99,0.00,0.69,S,,,USD,CS
70012824,02210,03,4,20251004,115140,000004482003,2,5.49,10.98,5.49,0.34,S,,BG25W35,USD,CS
70012824,02210,03,5,20251004,115140,000000551020,1,13.99,13.99,0.00,0.87,S,,,USD,CS
70012825,02210,05,1,20251004,212731,000000094202,0.687,1.99,1.37,0.00,0.00,S,6027155188,,USD,GC
70012826,02210,02,1,20251004,100216,000000005102,2,5.49,10.98,0.00,0.00,S,,,USD,DB
70012826,02210,02,2,20251004,100216,000000030201,2,9.99,19.98,0.00,0.00,S,,,USD,DB
70012826,02210,02,3,20251004,100216,000004471024,1,3.49,3.49,0.00,0.22,S,,,USD,DB
70012826,02210,02,4,20251004,100216,000004491002,1,6.99,6.99,0.00,0.44,S,,,USD,DB
70012826,02210,02,5,20251004,100216,000000094301,1.870,4.39,8.21,0.00,0.00,S,,,USD,DB
70012827,02210,02,1,20251004,162547,000000040102,0.778,16.99,13.22,0.00,0.00,S,6036637780,,USD,CC
70012827,02210,02,2,20251004,162547,000004483002,2,3.49,6.98,0.00,0.44,S,6036637780,,USD,CC
70012828,02210,06,1,20251004,202652,000000093502,1,3.99,3.99,0.00,0.00,S,6036371892,,USD,GC
70012828,02210,06,2,20251004,202652,000000093503,1,4.29,4.29,0.00,0.00,S,6036371892,,USD,GC
70012828,02210,06,3,20251004,202652,000000040102,1.046,16.99,17.77,0.00,0.00,S,6036371892,,USD,GC
70012829,02210,02,1,20251004,94912,000000005301,2,5.49,10.98,0.00,0.00,S,,,USD,GC
70012829,02210,02,2,20251004,94912,000000005302,3,3.49,10.47,0.00,0.00,S,,,USD,GC
70012829,02210,02,3,20251004,94912,000000552002,2,3.99,7.98,0.00,0.50,S,,,USD,GC
70012829,02210,02,4,20251004,94912,000000093321,2.153,1.49,3.21,0.00,0.00,S,,,USD,GC
70012829,02210,02,5,20251004,94912,000004473002,1,2.79,2.79,0.00,0.17,S,,,USD,GC
70012830,02211,06,1,20251004,105329,000000040102,1.090,16.99,18.52,0.00,0.00,S,6089899217,,USD,CC
70012831,02211,04,1,20251004,180321,000004473003,2,3.49,6.98,3.49,0.22,S,6071581021,BG25W35,USD,CC
70012832,02211,04,1,20251004,83926,000004492001,1,1.79,1.79,0.00,0.11,S,6055269658,,USD,DB
70012832,02211,04,2,20251004,83926,000000040203,2,11.99,23.98,0.00,0.00,S,6055269658,,USD,DB
70012833,02211,06,1,20251004,113259,000004491001,1,2.49,2.49,0.00,0.16,S,,,USD,CS
70012833,02211,06,2,20251004,113259,000000005013,1,3.89,3.89,0.00,0.00,S,,,USD,CS
70012833,02211,06,3,20251004,113259,000004491001,1,2.49,2.49,0.00,0.16,V,,,USD,CS
70012834,02211,02,1,20251004,154922,000000030102,1,14.99,14.99,0.00,0.00,S,,,USD,CC
70012834,02211,02,2,20251004,154922,000004493002,1,3.99,3.99,0.00,0.25,S,,,USD,CC
70012834,02211,02,3,20251004,154922,000000005301,1,5.49,5.49,0.00,0.00,S,,,USD,CC
70012834,02211,02,4,20251004,154922,000004481001,1,7.99,7.99,0.00,0.50,S,,,USD,CC
70012834,02211,02,5,20251004,154922,000000005013,3,3.89,11.67,0.00,0.00,S,,,USD,CC
70012834,02211,02,6,20251004,154922,000000005012,1,3.99,3.99,0.00,0.00,S,,,USD,CC
70012835,02211,04,1,20251004,144306,000004473002,3,2.79,8.37,0.00,0.52,S,6086334141,,USD,DB
70012835,02211,04,2,20251004,144306,000000005102,1,5.49,5.49,0.00,0.00,S,6086334141,,USD,DB
70012835,02211,04,3,20251004,144306,000000005020,1,4.49,4.49,0.00,0.00,S,6086334141,,USD,DB
70012835,02211,04,4,20251004,144306,000000005013,1,3.89,3.89,0.00,0.00,S,6086334141,,USD,DB
70012836,02211,06,1,20251004,164933,000000031101,1.008,24.99,25.19,0.00,0.00,S,,,USD,CC
70012836,02211,06,2,20251004,164933,000000094302,0.893,5.49,4.90,0.00,0.00,S,,,USD,CC
70012836,02211,06,3,20251004,164933,000000040201,1,8.99,8.99,0.00,0.00,S,,,USD,CC
70012836,02211,06,4,20251004,164933,000000020101,1,2.49,2.49,0.00,0.00,S,,,USD,CC
70012837,02305,06,1,20251004,90102,000000020102,1,3.49,3.49,0.52,0.00,S,6071576605,LY25W35,USD,CC
70012837,02305,06,2,20251004,90102,000000031101,1.463,24.99,36.56,5.48,0.00,S,6071576605,LY25W35,USD,CC
70012838,02305,01,1,20251004,103300,000004481003,2,4.99,9.98,0.00,0.62,S,,,USD,GC
70012838,02305,01,2,20251004,103300,000004492003,1,2.29,2.29,0.00,0.14,S,,,USD,GC
70012838,02305,01,3,20251004,103300,000004471040,1,2.49,2.49,0.00,0.16,S,,,USD,GC
70012838,02305,01,4,20251004,103300,000004492003,1,2.29,2.29,0.00,0.14,S,,,USD,GC
70012839,02305,04,1,20251004,181407,000000561001,2,9.99,19.98,9.99,0.62,S,,BG25W35,USD,GC
70012839,02305,04,2,20251004,181407,000000561002,1,7.49,7.49,0.00,0.47,S,,,USD,GC
70012840,02305,04,1,20251004,203103,000000552001,2,4.49,8.98,0.00,0.56,S,,,USD,CS
70012841,02305,05,1,20251004,194138,000004492003,1,2.29,2.29,0.00,0.14,S,,,USD,CC
70012841,02305,05,2,20251004,194138,000004481003,1,4.99,4.99,0.00,0.31,S,,,USD,CC
70012842,02305,01,1,20251004,91849,000004491002,2,6.99,13.98,0.00,0.87,S,,,USD,CC
70012842,02305,01,2,20251004,91849,000000561001,2,9.99,19.98,9.99,0.62,S,,BG25W35,USD,CC
70012842,02305,01,3,20251004,91849,000000005020,2,4.49,8.98,0.00,0.00,S,,,USD,CC
70012843,02305,04,1,20251004,155540,000004482003,2,5.49,10.98,5.49,0.34,S,,BG25W35,USD,GC
70012843,02305,04,2,20251004,155540,000000020203,1,6.49,6.49,0.00,0.00,S,,,USD,GC
70012844,02305,04,1,20251004,92727,000004471023,1,3.49,3.49,0.00,0.22,S,,,USD,GC
70012844,02305,04,2,20251004,92727,000000093501,1,4.49,4.49,0.00,0.00,S,,,USD,GC
70012845,02305,03,1,20251004,162542,000000020203,2,6.49,12.98,0.00,0.00,S,,,USD,CS
70012845,02305,03,2,20251004,162542,000000093322,0.518,1.99,1.03,0.00,0.00,S,,,USD,CS
70012845,02305,03,3,20251004,162542,000004481002,1,7.99,7.99,0.00,0.50,S,,,USD,CS
70012845,02305,03,4,20251004,162542,000000561001,2,9.99,19.98,9.99,0.62,S,,BG25W35,USD,CS
70012845,02305,03,5,20251004,162542,000000030101,1,6.99,6.99,0.00,0.00,S,,,USD,CS
70012846,03050,02,1,20251004,153344,000000005201,1,3.99,3.99,0.00,0.00,S,,,USD,CS
70012846,03050,02,2,20251004,153344,000000020203,2,6.49,12.98,0.00,0.00,S,,,USD,CS
70012846,03050,02,3,20251004,153344,000000094201,0.903,1.69,1.53,0.00,0.00,S,,,USD,CS
70012846,03050,02,4,20251004,153344,000000552002,1,3.99,3.99,0.00,0.25,S,,,USD,CS
70012846,03050,02,5,20251004,153344,000004483002,1,3.49,3.49,0.00,0.22,S,,,USD,CS
70012847,03050,05,1,20251004,205942,000000040102,1.564,16.99,26.57,0.00,0.00,S,,,USD,CC
70012847,03050,05,2,20251004,205942,000004471030,2,3.99,7.98,0.00,0.50,S,,,USD,CC
70012847,03050,05,3,20251004,205942,000000005013,1,3.89,3.89,0.00,0.00,S,,,USD,CC
70012847,03050,05,4,20251004,205942,000000093322,2.039,1.99,4.06,0.00,0.00,S,,,USD,CC
70012847,03050,05,5,20251004,205942,000000094201,1.515,1.69,2.56,0.00,0.00,S,,,USD,CC
70012847,03050,05,6,20251004,205942,000000020103,1,4.99,4.99,0.00,0.00,S,,,USD,CC
70012848,03050,06,1,20251004,72116,000000093325,0.367,3.99,1.46,0.00,0.00,S,6099648997,,USD,CS
70012848,03050,06,2,20251004,72116,000000552001,1,4.49,4.49,0.00,0.28,S,6099648997,,USD,CS
70012848,03050,06,3,20251004,72116,000000093410,2.196,3.99,8.76,1.31,0.00,S,6099648997,LY25W35,USD,CS
70012849,03050,02,1,20251004,131502,000000005020,1,4.49,4.49,0.00,0.00,S,6088255629,,USD,CS
70012849,03050,02,2,20251004,131502,000000030201,1,9.99,9.99,1.50,0.00,S,6088255629,LY25W35,USD,CS
70012849,03050,02,3,20251004,131502,000000552001,1,4.49,4.49,0.00,0.28,S,6088255629,,USD,CS
70012850,03050,05,1,20251004,170513,000000005202,1,5.99,5.99,0.00,0.00,S,,,USD,CS
70012850,03050,05,2,20251004,170513,000000093410,0.385,3.99,1.54,0.00,0.00,S,,,USD,CS
70012850,03050,05,3,20251004,170513,000004482002,1,17.99,17.99,0.00,1.12,S,,,USD,CS
70012851,03050,05,1,20251004,203047,000000005102,1,5.49,5.49,0.00,0.00,S,,,USD,CC
70012851,03050,05,2,20251004,203047,000000005301,1,5.49,5.49,0.00,0.00,S,,,USD,CC
70012852,03050,03,1,20251004,194549,000000030201,1,9.99,9.99,1.50,0.00,S,6077251996,LY25W35,USD,DB
70012852,03050,03,2,20251004,194549,000000094301,1.624,4.39,7.13,0.00,0.00,S,6077251996,,USD,DB
70012852,03050,03,3,20251004,194549,000004473001,1,2.99,2.99,0.00,0.19,S,6077251996,,USD,DB
70012853,03050,01,1,20251004,73316,000000020101,2,2.49,4.98,0.00,0.00,S,6035775949,,USD,DB
70012853,03050,01,2,20251004,73316,000000005020,2,4.49,8.98,0.00,0.00,S,6035775949,,USD,DB
70012853,03050,01,3,20251004,73316,000004472003,1,3.29,3.29,0.00,0.21,S,6035775949,,USD,DB
70012853,03050,01,4,20251004,73316,000004493002,1,3.99,3.99,0.00,0.25,S,6035775949,,USD,DB
70012853,03050,01,5,20251004,73316,000000093322,0.761,1.99,1.51,0.00,0.00,S,6035775949,,USD,DB
70012853,03050,01,6,20251004,73316,000000005020,1,4.49,4.49,0.00,0.00,S,6035775949,,USD,DB
70012854,03050,01,1,20251004,163215,000000020201,2,5.49,10.98,0.00,0.00,S,,,USD,CC
70012854,03050,01,2,20251004,163215,000004473001,2,2.99,5.98,0.00,0.37,S,,,USD,CC
70012854,03050,01,3,20251004,163215,000000551021,1,11.99,11.99,0.00,0.75,S,,,USD,CC
70012854,03050,01,4,20251004,163215,000000005302,1,3.49,3.49,0.00,0.00,S,,,USD,CC
70012854,03050,01,5,20251004,163215,000004483002,3,3.49,10.47,0.00,0.65,S,,,USD,CC
70012855,03050,05,1,20251004,121735,000000031101,2.181,24.99,54.50,0.00,0.00,S,,,USD,DB
70012855,03050,05,2,20251004,121735,000000551021,2,11.99,23.98,0.00,1.50,S,,,USD,DB
70012855,03050,05,3,20251004,121735,000000005102,1,5.49,5.49,0.00,0.00,S,,,USD,DB
70012855,03050,05,4,20251004,121735,000000093410,1.201,3.99,4.79,0.00,0.00,S,,,USD,DB
70012855,03050,05,5,20251004,121735,000000040101,0.534,18.99,10.14,0.00,0.00,S,,,USD,DB
70012856,03050,01,1,20251004,113817,000000093402,0.701,3.29,2.31,0.00,0.00,R,6039596292,,USD,CC
70012857,00317,04,1,20251004,202302,000000093501,1,6.09,6.09,0.00,0.00,S,,,CAD,CC
70012857,00317,04,2,20251004,202302,000004473002,1,3.79,3.79,0.00,0.24,S,,,CAD,CC
70012858,00317,06,1,20251004,91640,000004493002,2,5.39,10.78,0.00,0.67,S,,,CAD,CC
70012858,00317,06,2,20251004,91640,000000094202,1.887,2.69,5.08,0.00,0.00,S,,,CAD,CC
70012858,00317,06,3,20251004,91640,000000093321,1.373,1.99,2.73,0.00,0.00,S,,,CAD,CC
70012859,00317,03,1,20251004,183127,000000005302,1,4.69,4.69,0.00,0.00,S,6096180332,,CAD,DB
70012859,00317,03,2,20251004,183127,000000005012,1,5.39,5.39,0.00,0.00,S,6096180332,,CAD,DB
70012859,00317,03,3,20251004,183127,000004473003,2,4.69,9.38,4.69,0.29,S,6096180332,BG25W35,CAD,DB
70012859,00317,03,4,20251004,183127,000000005103,2,9.49,18.98,0.00,0.00,S,6096180332,,CAD,DB
70012860,00317,01,1,20251004,192744,000004493001,2,7.49,14.98,0.00,0.94,S,6018433687,,CAD,DB
70012861,00317,03,1,20251004,71831,000004473001,1,4.09,4.09,0.00,0.26,S,,,CAD,GC
70012862,00317,04,1,20251004,151914,000000005301,1,7.49,7.49,0.00,0.00,S,,,CAD,CC
70012862,00317,04,2,20251004,151914,000000005012,1,5.39,5.39,0.00,0.00,S,,,CAD,CC
70012863,00317,04,1,20251004,174300,000000562001,1,14.89,14.89,0.00,0.93,S,,,CAD,CS
70012863,00317,04,2,20251004,174300,000000094203,0.271,1.99,0.54,0.00,0.00,S,,,CAD,CS
70012863,00317,04,3,20251004,174300,000000031101,0.846,33.99,28.76,0.00,0.00,S,,,CAD,CS
70012863,00317,04,4,20251004,174300,000000031101,1.574,33.99,53.50,0.00,0.00,S,,,CAD,CS
70012864,00317,06,1,20251004,153503,000000005013,1,5.29,5.29,0.00,0.00,S,,,CAD,CC
70012865,00317,04,1,20251004,152759,000000020101,1,3.39,3.39,0.00,0.00,S,6049718924,,CAD,CC
70012866,00317,03,1,20251004,184323,000000040203,1,16.29,16.29,0.00,0.00,R,,,CAD,DB
70012867,00317,01,1,20251004,134455,000000030203,1,11.49,11.49,0.00,0.00,S,,,CAD,CC
70012867,00317,01,2,20251004,134455,000000551020,1,18.99,18.99,0.00,1.19,S,,,CAD,CC
70012868,00317,01,1,20251004,113825,000004483001,1,6.79,6.79,0.00,0.42,S,6066270511,,CAD,CC
70012868,00317,01,2,20251004,113825,000000561002,1,10.19,10.19,0.00,0.64,S,6066270511,,CAD,CC
70012868,00317,01,3,20251004,113825,000004492050,1,2.99,2.99,0.00,0.19,S,6066270511,,CAD,CC
70012869,00317,01,1,20251004,211029,000000094103,1,5.19,5.19,0.00,0.00,S,,,CAD,CC
70012869,00317,01,2,20251004,211029,000000040203,1,16.29,16.29,0.00,0.00,S,,,CAD,CC
70012869,00317,01,3,20251004,211029,000004471030,2,5.39,10.78,0.00,0.67,S,,,CAD,CC
70012870,00317,02,1,20251004,153244,000000005102,2,7.49,14.98,0.00,0.00,S,,,CAD,CC
70012870,00317,02,2,20251004,153244,000004472003,1,4.49,4.49,0.00,0.28,S,,,CAD,CC
70012870,00317,02,3,20251004,153244,000000005302,1,4.69,4.69,0.00,0.00,S,,,CAD,CC
70012871,00317,04,1,20251004,134943,000004473003,2,4.69,9.38,4.69,0.29,S,6082992299,BG25W35,CAD,CS
70012871,00317,04,2,20251004,134943,000004471023,1,4.69,4.69,0.00,0.29,S,6082992299,,CAD,CS
70012871,00317,04,3,20251004,134943,000000020101,1,3.39,3.39,0.00,0.00,S,6082992299,,CAD,CS
70012871,00317,04,4,20251004,134943,000004492002,1,1.99,1.99,0.00,0.12,S,6082992299,,CAD,CS
70012872,00317,05,1,20251004,131535,000004473003,2,4.69,9.38,4.69,0.29,S,6014708272,BG25W35,CAD,CS
70012872,00317,05,2,20251004,131535,000004491002,1,9.49,9.49,0.00,0.59,S,6014708272,,CAD,CS
70012872,00317,05,3,20251004,131535,000000020101,1,3.39,3.39,0.00,0.00,S,6014708272,,CAD,CS
70012872,00317,05,4,20251004,131535,000004491001,2,3.39,6.78,0.00,0.42,S,6014708272,,CAD,CS
70012872,00317,05,5,20251004,131535,000000005101,1,10.89,10.89,0.00,0.00,S,6014708272,,CAD,CS
70012873,00322,03,1,20251004,144509,000004472003,1,4.49,4.49,0.00,0.28,S,,,CAD,DB
70012873,00322,03,2,20251004,144509,000000005020,1,6.09,6.09,0.00,0.00,S,,,CAD,DB
70012874,00322,03,1,20251004,71710,000000561001,2,13.59,27.18,13.59,0.85,S,6007660464,BG25W35,CAD,CC
70012875,00322,04,1,20251004,180502,000004492003,1,3.09,3.09,0.00,0.19,S,,,CAD,CS
70012875,00322,04,2,20251004,180502,000000005101,1,10.89,10.89,0.00,0.00,S,,,CAD,CS
70012875,00322,04,3,20251004,180502,000000093410,0.597,5.39,3.22,0.00,0.00,S,,,CAD,CS
70012875,00322,04,4,20251004,180502,000000005012,2,5.39,10.78,0.00,0.00,S,,,CAD,CS
70012875,00322,04,5,20251004,180502,000004483002,1,4.69,4.69,0.00,0.29,S,,,CAD,CS
70012875,00322,04,6,20251004,180502,000000005201,1,5.39,5.39,0.00,0.00,S,,,CAD,CS
70012876,00322,02,1,20251004,215214,000000094201,0.620,2.29,1.42,0.00,0.00,S,,,CAD,DB
70012876,00322,02,2,20251004,215214,000004472003,1,4.49,4.49,0.00,0.28,S,,,CAD,DB
70012877,00322,02,1,20251004,93145,000004473003,2,4.69,9.38,4.69,0.29,S,,BG25W35,CAD,GC
70012877,00322,02,2,20251004,93145,000000040102,1.150,23.09,26.55,0.00,0.00,S,,,CAD,GC
70012877,00322,02,3,20251004,93145,000000005202,1,8.09,8.09,0.00,0.00,S,,,CAD,GC
70012878,00322,05,1,20251004,193148,000000094301,0.975,5.99,5.84,0.00,0.00,S,6077524014,,CAD,GC
70012878,00322,05,2,20251004,193148,000000020201,2,7.49,14.98,0.00,0.00,S,6077524014,,CAD,GC
70012879,01042,01,1,20251005,210200,000004473002,1,2.79,2.79,0.00,0.17,S,6051371717,,USD,CS
70012879,01042,01,2,20251005,210200,000000093501,2,4.49,8.98,4.49,0.00,S,6051371717,BG25W36,USD,CS
70012880,01042,02,1,20251005,205440,000000094202,0.612,1.99,1.22,0.00,0.00,S,,,USD,DB
70012880,01042,02,2,20251005,205440,000000093401,1.243,5.49,6.82,0.00,0.00,S,,,USD,DB
70012880,01042,02,3,20251005,205440,000004482003,2,5.49,10.98,5.49,0.34,S,,BG25W36,USD,DB
70012880,01042,02,4,20251005,205440,000000040101,0.834,18.99,15.84,0.00,0.00,S,,,USD,DB
70012881,01042,05,1,20251005,104528,000004483001,1,4.99,4.99,0.00,0.31,S,6041966645,,USD,CC
70012881,01042,05,2,20251005,104528,000000020101,2,2.49,4.98,2.49,0.00,S,6041966645,BG25W36,USD,CC
70012882,01042,02,1,20251005,71011,000000093321,1.667,1.49,2.48,0.00,0.00,S,,,USD,CS
70012882,01042,02,2,20251005,71011,000000562001,1,10.99,10.99,0.00,0.69,S,,,USD,CS
70012882,01042,02,3,20251005,71011,000000093502,1,3.99,3.99,0.00,0.00,S,,,USD,CS
70012883,01042,04,1,20251005,130601,000000561001,2,9.99,19.98,0.00,1.25,S,6074905097,,USD,CC
70012883,01042,04,2,20251005,130601,000004491002,1,6.99,6.99,0.00,0.44,S,6074905097,,USD,CC
70012884,01042,01,1,20251005,121834,000000562001,2,10.99,21.98,0.00,1.37,S,6063351571,,USD,CC
70012884,01042,01,2,20251005,121834,000004473001,1,2.99,2.99,0.00,0.19,S,6063351571,,USD,CC
70012885,01042,01,1,20251005,154952,000000005201,1,3.99,3.99,0.00,0.00,S,,,USD,CC
70012885,01042,01,2,20251005,154952,000000040203,2,11.99,23.98,0.00,0.00,S,,,USD,CC
70012885,01042,01,3,20251005,154952,000000005202,1,5.99,5.99,0.00,0.00,S,,,USD,CC
70012885,01042,01,4,20251005,154952,000000094101,1,3.99,3.99,0.00,0.00,S,,,USD,CC
70012885,01042,01,5,20251005,154952,000000094101,1,3.99,3.99,0.00,0.00,S,,,USD,CC
70012886,01107,03,1,20251005,165556,000000040102,1.858,16.99,31.57,0.00,0.00,S,6000848408,,USD,CC
70012886,01107,03,2,20251005,165556,000004481001,3,7.99,23.97,7.99,1.00,S,6000848408,MB25W36,USD,CC
70012886,01107,03,3,20251005,165556,000004471030,1,3.99,3.99,0.00,0.25,S,6000848408,,USD,CC
70012886,01107,03,4,20251005,165556,000000561001,2,9.99,19.98,0.00,1.25,S,6000848408,,USD,CC
70012886,01107,03,5,20251005,165556,000000020101,2,2.49,4.98,2.49,0.00,S,6000848408,BG25W36,USD,CC
70012886,01107,03,6,20251005,165556,000000005101,1,7.99,7.99,0.00,0.00,S,6000848408,,USD,CC
70012887,02210,01,1,20251005,142822,000000030203,1,8.49,8.49,0.00,0.00,S,6092171747,,USD,GC
70012888,02210,01,1,20251005,212113,000000093503,1,4.29,4.29,0.00,0.00,S,,,USD,DB
70012888,02210,01,2,20251005,212113,000000552001,2,4.49,8.98,4.49,0.28,S,,BG25W36,USD,DB
70012888,02210,01,3,20251005,212113,000000030202,1,11.49,11.49,0.00,0.00,S,,,USD,DB
70012888,02210,01,4,20251005,212113,000000094203,1.574,1.49,2.35,0.00,0.00,S,,,USD,DB
70012888,02210,01,5,20251005,212113,000000005013,1,3.89,3.89,0.00,0.00,S,,,USD,DB
70012889,02210,01,1,20251005,161328,000000020101,1,2.49,2.49,0.00,0.00,S,,,USD,DB
70012889,02210,01,2,20251005,161328,000004491002,3,6.99,20.97,0.00,1.31,S,,,USD,DB
70012890,02210,03,1,20251005,165002,000000561002,1,7.49,7.49,0.00,0.47,S,,,USD,CC
70012890,02210,03,2,20251005,165002,000000030102,1,14.99,14.99,0.00,0.00,S,,,USD,CC
70012891,02210,04,1,20251005,135614,000000005020,1,4.49,4.49,0.00,0.00,S,,,USD,CC
70012892,02210,05,1,20251005,74236,000004471023,1,3.49,3.49,0.00,0.22,S,6027881658,,USD,GC
70012893,02210,01,1,20251005,80213,000000561001,2,9.99,19.98,0.00,1.25,S,6061213773,,USD,GC
70012893,02210,01,2,20251005,80213,000004482003,2,5.49,10.98,5.49,0.34,S,6061213773,BG25W36,USD,GC
70012893,02210,01,3,20251005,80213,000000031102,0.522,19.99,10.43,0.00,0.00,S,6061213773,,USD,GC
70012894,02210,06,1,20251005,81203,000004472003,1,3.29,3.29,0.00,0.21,S,,,USD,DB
70012894,02210,06,2,20251005,81203,000000094203,0.899,1.49,1.34,0.00,0.00,S,,,USD,DB
70012894,02210,06,3,20251005,81203,000000094103,1,3.79,3.79,0.00,0.00,S,,,USD,DB
70012894,02210,06,4,20251005,81203,000000031101,1.348,24.99,33.69,0.00,0.00,S,,,USD,DB
70012895,02210,02,1,20251005,160346,000004483002,1,3.49,3.49,0.00,0.22,S,,,USD,DB
70012895,02210,02,2,20251005,160346,000000020101,2,2.49,4.98,2.49,0.00,S,,BG25W36,USD,DB
70012896,02211,03,1,20251005,103431,000004492002,1,1.49,1.49,0.00,0.09,S,,,USD,CS
70012896,02211,03,2,20251005,103431,000004482001,1,13.99,13.99,0.00,0.87,S,,,USD,CS
70012897,02211,04,1,20251005,173316,000000040102,1.199,16.99,20.37,0.00,0.00,S,6067658617,,USD,CC
70012897,02211,04,2,20251005,173316,000000551021,1,11.99,11.99,0.00,0.75,S,6067658617,,USD,CC
70012897,02211,04,3,20251005,173316,000000552001,2,4.49,8.98,4.49,0.28,S,6067658617,BG25W36,USD,CC
70012897,02211,04,4,20251005,173316,000000005102,2,5.49,10.98,0.00,0.00,S,6067658617,,USD,CC
70012898,02211,01,1,20251005,102952,000004481001,1,7.99,7.99,0.00,0.50,S,6024609539,,USD,DB
70012898,02211,01,2,20251005,102952,000000562001,1,10.99,10.99,0.00,0.69,S,6024609539,,USD,DB
70012898,02211,01,3,20251005,102952,000000020101,2,2.49,4.98,2.49,0.00,S,6024609539,BG25W36,USD,DB
70012898,02211,01,4,20251005,102952,000000562001,1,10.99,10.99,0.00,0.69,S,6024609539,,USD,DB
70012898,02211,01,5,20251005,102952,000000005020,1,4.49,4.49,0.00,0.00,S,6024609539,,USD,DB
70012899,02305,03,1,20251005,185119,000004492001,1,1.79,1.79,0.00,0.11,S,,,USD,CC
70012899,02305,03,2,20251005,185119,000000030203,2,8.49,16.98,0.00,0.00,S,,,USD,CC
70012899,02305,03,3,20251005,185119,000000030203,1,8.49,8.49,0.00,0.00,S,,,USD,CC
70012900,02305,02,1,20251005,122133,000000020102,3,3.49,10.47,3.49,0.00,S,,MB25W36,USD,GC
70012900,02305,02,2,20251005,122133,000000020201,3,5.49,16.47,0.00,0.00,S,,,USD,GC
70012901,02305,01,1,20251005,214711,000000020103,1,4.99,4.99,0.00,0.00,S,,,USD,CC
70012901,02305,01,2,20251005,214711,000004492001,1,1.79,1.79,0.00,0.11,S,,,USD,CC
70012902,02305,03,1,20251005,80355,000004472003,1,3.29,3.29,0.00,0.21,S,,,USD,CC
70012902,02305,03,2,20251005,80355,000004491001,1,2.49,2.49,0.00,0.16,S,,,USD,CC
70012903,02305,05,1,20251005,180051,000000093401,1.804,5.49,9.90,0.00,0.00,S,,,USD,GC
70012903,02305,05,2,20251005,180051,000000093501,1,4.49,4.49,0.00,0.00,S,,,USD,GC
70012904,02305,04,1,20251005,135512,000000005020,1,4.49,4.49,0.00,0.00,S,6035679836,,USD,DB
70012904,02305,04,2,20251005,135512,000000040101,1.161,18.99,22.05,0.00,0.00,S,6035679836,,USD,DB
70012904,02305,04,3,20251005,135512,000000093321,0.838,1.49,1.25,0.00,0.00,S,6035679836,,USD,DB
70012905,02305,01,1,20251005,180315,000000040201,1,8.99,8.99,0.00,0.00,S,,,USD,DB
70012905,02305,01,2,20251005,180315,000004491002,1,6.99,6.99,0.00,0.44,S,,,USD,DB
70012905,02305,01,3,20251005,180315,000000020201,1,5.49,5.49,0.00,0.00,S,,,USD,DB
70012906,02305,06,1,20251005,200437,000000561002,1,7.49,7.49,0.00,0.47,S,,,USD,GC
70012906,02305,06,2,20251005,200437,000000094103,1,3.79,3.79,0.00,0.00,S,,,USD,GC
70012907,02305,04,1,20251005,154714,000000020102,3,3.49,10.47,3.49,0.00,S,,MB25W36,USD,DB
70012907,02305,04,2,20251005,154714,000004492003,1,2.29,2.29,0.00,0.14,S,,,USD,DB
70012908,02305,03,1,20251005,153152,000000005012,1,3.99,3.99,0.00,0.00,S,,,USD,CC
70012908,02305,03,2,20251005,153152,000000020101,1,2.49,2.49,0.00,0.00,S,,,USD,CC
70012908,02305,03,3,20251005,153152,000000094103,2,3.79,7.58,0.00,0.00,S,,,USD,CC
70012908,02305,03,4,20251005,153152,000000093502,1,3.99,3.99,0.00,0.00,S,,,USD,CC
70012909,02305,05,1,20251005,140851,000000005201,2,3.99,7.98,0.00,0.00,S,,,USD,CC
70012909,02305,05,2,20251005,140851,000004473003,3,3.49,10.47,0.00,0.65,S,,,USD,CC
70012909,02305,05,3,20251005,140851,000000005020,1,4.49,4.49,0.00,0.00,S,,,USD,CC
70012909,02305,05,4,20251005,140851,000000094301,0.612,4.39,2.69,0.00,0.00,S,,,USD,CC
70012909,02305,05,5,20251005,140851,000000094301,0.508,4.39,2.23,0.00,0.00,S,,,USD,CC
70012909,02305,05,6,20251005,140851,000000020102,1,3.49,3.49,0.00,0.00,S,,,USD,CC
70012910,02305,03,1,20251005,91929,000000093501,1,4.49,4.49,0.00,0.00,S,,,USD,GC
70012910,02305,03,2,20251005,91929,000000093325,1.652,3.99,6.59,0.00,0.00,S,,,USD,GC
70012910,02305,03,3,20251005,91929,000004472003,1,3.29,3.29,0.00,0.21,S,,,USD,GC
70012911,02305,02,1,20251005,114901,000004493001,1,5.49,5.49,0.00,0.34,S,,,USD,DB
70012911,02305,02,2,20251005,114901,000004491003,1,1.99,1.99,0.00,0.12,S,,,USD,DB
70012912,03050,06,1,20251005,155105,000000020202,3,5.99,17.97,0.00,0.00,S,,,USD,CC
70012912,03050,06,2,20251005,155105,000000552001,2,4.49,8.98,4.49,0.28,S,,BG25W36,USD,CC
70012912,03050,06,3,20251005,155105,000000094201,1.137,1.69,1.92,0.00,0.00,S,,,USD,CC
70012913,03050,02,1,20251005,134710,000000030103,1,8.99,8.99,0.00,0.00,S,,,USD,CS
70012913,03050,02,2,20251005,134710,000000020101,2,2.49,4.98,2.49,0.00,S,,BG25W36,USD,CS
70012914,03050,02,1,20251005,151947,000000005201,1,3.99,3.99,0.00,0.00,S,,,USD,GC
70012914,03050,02,2,20251005,151947,000000040102,1.700,16.99,28.88,0.00,0.00,S,,,USD,GC
70012914,03050,02,3,20251005,151947,000000020101,1,2.49,2.49,0.00,0.00,S,,,USD,GC
70012914,03050,02,4,20251005,151947,000000020202,1,5.99,5.99,0.00,0.00,S,,,USD,GC
70012914,03050,02,5,20251005,151947,000004482003,2,5.49,10.98,5.49,0.34,S,,BG25W36,USD,GC
70012914,03050,02,6,20251005,151947,000000094301,1.767,4.39,7.76,0.00,0.00,S,,,USD,GC
70012915,03050,05,1,20251005,151727,000000093322,1.243,1.99,2.47,0.00,0.00,S,,,USD,GC
70012915,03050,05,2,20251005,151727,000000005013,1,3.89,3.89,0.00,0.00,S,,,USD,GC
70012915,03050,05,3,20251005,151727,000000030103,1,8.99,8.99,0.00,0.00,S,,,USD,GC
70012916,03050,06,1,20251005,150429,000000020101,2,2.49,4.98,2.49,0.00,S,,BG25W36,USD,GC
70012916,03050,06,2,20251005,150429,000000005102,3,5.49,16.47,0.00,0.00,S,,,USD,GC
70012916,03050,06,3,20251005,150429,000000030101,1,6.99,6.99,0.00,0.00,S,,,USD,GC
70012916,03050,06,4,20251005,150429,000000040101,2.094,18.99,39.77,0.00,0.00,S,,,USD,GC
70012916,03050,06,5,20251005,150429,000004473003,1,3.49,3.49,0.00,0.22,S,,,USD,GC
70012916,03050,06,6,20251005,150429,000004473003,1,3.49,3.49,0.00,0.22,S,,,USD,GC
70012917,03050,04,1,20251005,155950,000004473001,1,2.99,2.99,0.00,0.19,S,,,USD,DB
70012917,03050,04,2,20251005,155950,000000030102,1,14.99,14.99,0.00,0.00,S,,,USD,DB
70012917,03050,04,3,20251005,155950,000004492003,1,2.29,2.29,0.00,0.14,S,,,USD,DB
70012918,03050,04,1,20251005,103641,000004483001,1,4.99,4.99,0.00,0.31,S,,,USD,DB
70012919,03050,01,1,20251005,113340,000004492001,1,1.79,1.79,0.00,0.11,S,,,USD,CC
70012919,03050,01,2,20251005,113340,000004491003,1,1.99,1.99,0.00,0.12,S,,,USD,CC
70012920,00317,05,1,20251005,181024,000004482001,1,18.99,18.99,0.00,1.19,S,,,CAD,DB
70012920,00317,05,2,20251005,181024,000000020102,1,4.69,4.69,0.00,0.00,S,,,CAD,DB
70012920,00317,05,3,20251005,181024,000004472001,2,5.39,10.78,0.00,0.67,S,,,CAD,DB
70012920,00317,05,4,20251005,181024,000000562001,2,14.89,29.78,0.00,1.86,S,,,CAD,DB
70012920,00317,05,5,20251005,181024,000004483002,1,4.69,4.69,0.00,0.29,S,,,CAD,DB
70012921,00317,03,1,20251005,161135,000004473003,1,4.69,4.69,0.00,0.29,S,,,CAD,DB
70012921,00317,03,2,20251005,161135,000000005012,1,5.39,5.39,0.00,0.00,S,,,CAD,DB
70012921,00317,03,3,20251005,161135,000004482001,2,18.99,37.98,0.00,2.37,S,,,CAD,DB
70012922,00317,02,1,20251005,115321,000000005302,1,4.69,4.69,0.00,0.00,S,,,CAD,CS
70012922,00317,02,2,20251005,115321,000000030101,1,9.49,9.49,0.00,0.00,S,,,CAD,CS
70012922,00317,02,3,20251005,115321,000000005013,1,5.29,5.29,0.00,0.00,S,,,CAD,CS
70012922,00317,02,4,20251005,115321,000000551021,1,16.29,16.29,0.00,1.02,S,,,CAD,CS
70012922,00317,02,5,20251005,115321,000000005202,1,8.09,8.09,0.00,0.00,S,,,CAD,CS
70012922,00317,02,6,20251005,115321,000004491002,1,9.49,9.49,0.00,0.59,S,,,CAD,CS
70012923,00317,06,1,20251005,93655,000000093501,2,6.09,12.18,6.09,0.00,S,,BG25W36,CAD,DB
70012924,00317,06,1,20251005,113447,000004491003,1,2.69,2.69,0.00,0.17,S,6012880133,,CAD,DB
70012924,00317,06,2,20251005,113447,000004482003,3,7.49,22.47,7.49,0.94,S,6012880133,BG25W36,CAD,DB
70012924,00317,06,3,20251005,113447,000000020101,2,3.39,6.78,3.39,0.00,S,6012880133,BG25W36,CAD,DB
70012924,00317,06,4,20251005,113447,000000005202,1,8.09,8.09,0.00,0.00,S,6012880133,,CAD,DB
70012924,00317,06,5,20251005,113447,000000005101,1,10.89,10.89,0.00,0.00,S,6012880133,,CAD,DB
70012924,00317,06,6,20251005,113447,000000562002,1,11.49,11.49,0.00,0.72,S,6012880133,,CAD,DB
70012925,00317,02,1,20251005,184404,000004472002,1,6.09,6.09,0.00,0.38,S,,,CAD,DB
70012925,00317,02,2,20251005,184404,000000020103,2,6.79,13.58,0.00,0.00,S,,,CAD,DB
70012925,00317,02,3,20251005,184404,000000552001,2,6.09,12.18,6.09,0.38,S,,BG25W36,CAD,DB
70012926,00317,06,1,20251005,141235,000000020202,1,8.09,8.09,0.00,0.00,S,6096180332,,CAD,CS
70012926,00317,06,2,20251005,141235,000000005103,1,9.49,9.49,0.00,0.00,S,6096180332,,CAD,CS
70012926,00317,06,3,20251005,141235,000004493002,1,5.39,5.39,0.00,0.34,S,6096180332,,CAD,CS
70012927,00317,02,1,20251005,131959,000000020203,1,8.79,8.79,0.00,0.00,S,,,CAD,GC
70012927,00317,02,2,20251005,131959,000004472002,2,6.09,12.18,0.00,0.76,S,,,CAD,GC
70012927,00317,02,3,20251005,131959,000004481001,1,10.89,10.89,0.00,0.68,S,,,CAD,GC
70012927,00317,02,4,20251005,131959,000004483002,1,4.69,4.69,0.00,0.29,S,,,CAD,GC
70012928,00317,02,1,20251005,82731,000000020203,1,8.79,8.79,0.00,0.00,S,6089982780,,CAD,DB
70012928,00317,02,2,20251005,82731,000004471023,1,4.69,4.69,0.00,0.29,S,6089982780,,CAD,DB
70012928,00317,02,3,20251005,82731,000000552001,2,6.09,12.18,6.09,0.38,S,6089982780,BG25W36,CAD,DB
70012928,00317,02,4,20251005,82731,000004473003,1,4.69,4.69,0.00,0.29,S,6089982780,,CAD,DB
70012929,00317,05,1,20251005,164957,000000040102,1.996,23.09,46.09,0.00,0.00,S,,,CAD,CC
70012929,00317,05,2,20251005,164957,000000094202,0.409,2.69,1.10,0.00,0.00,S,,,CAD,CC
70012930,00317,03,1,20251005,200742,000004493001,1,7.49,7.49,0.00,0.47,S,6003865719,,CAD,DB
70012930,00317,03,2,20251005,200742,000000005302,2,4.69,9.38,0.00,0.00,S,6003865719,,CAD,DB
70012930,00317,03,3,20251005,200742,000000030102,2,20.39,40.78,0.00,0.00,S,6003865719,,CAD,DB
70012930,00317,03,4,20251005,200742,000000093322,1.621,2.69,4.36,0.00,0.00,S,6003865719,,CAD,DB
70012931,00322,05,1,20251005,205458,000000040203,2,16.29,32.58,0.00,0.00,S,,,CAD,CS
70012931,00322,05,2,20251005,205458,000000005201,1,5.39,5.39,0.00,0.00,S,,,CAD,CS
70012931,00322,05,3,20251005,205458,000000094302,0.826,7.49,6.19,0.00,0.00,S,,,CAD,CS
70012932,00322,05,1,20251005,154425,000004472002,1,6.09,6.09,0.00,0.38,S,,,CAD,CS
70012932,00322,05,2,20251005,154425,000000562001,1,14.89,14.89,0.00,0.93,S,,,CAD,CS
70012933,00322,01,1,20251005,170332,000004482001,1,18.99,18.99,0.00,1.19,S,6096227284,,CAD,CC
70012933,00322,01,2,20251005,170332,000000005013,2,5.29,10.58,0.00,0.00,S,6096227284,,CAD,CC
70012933,00322,01,3,20251005,170332,000004471023,1,4.69,4.69,0.00,0.29,S,6096227284,,CAD,CC
70012934,00322,04,1,20251005,180249,000000094102,1,4.69,4.69,0.00,0.00,S,,,CAD,CC
70012934,00322,04,2,20251005,180249,000000040203,3,16.29,48.87,0.00,0.00,S,,,CAD,CC
70012935,00322,06,1,20251005,182658,000004471040,1,3.39,3.39,0.00,0.21,S,6075844663,,CAD,GC
70012936,01042,04,1,20251006,132542,000000094201,1.939,1.69,3.28,0.00,0.00,S,,,USD,CC
70012937,01042,06,1,20251006,92617,000000020102,1,3.49,3.49,0.00,0.00,S,6087182749,,USD,CC
70012937,01042,06,2,20251006,92617,000000562002,1,8.49,8.49,0.00,0.53,S,6087182749,,USD,CC
70012937,01042,06,3,20251006,92617,000000093503,1,4.29,4.29,0.00,0.00,S,6087182749,,USD,CC
70012937,01042,06,4,20251006,92617,000000020101,2,2.49,4.98,2.49,0.00,S,6087182749,BG25W36,USD,CC
70012937,01042,06,5,20251006,92617,000004471030,1,3.99,3.99,0.00,0.25,S,6087182749,,USD,CC
70012938,01042,02,1,20251006,130604,000000005201,1,3.99,3.99,0.00,0.00,S,,,USD,DB
70012938,01042,02,2,20251006,130604,000004473001,1,2.99,2.99,0.00,0.19,S,,,USD,DB
70012939,01042,03,1,20251006,141539,000000031102,0.712,19.99,14.23,0.00,0.00,S,,,USD,CC
70012939,01042,03,2,20251006,141539,000004472002,3,4.49,13.47,0.00,0.84,S,,,USD,CC
70012939,01042,03,3,20251006,141539,000000093501,2,4.49,8.98,4.49,0.00,S,,BG25W36,USD,CC
70012940,01042,06,1,20251006,93032,000000005301,1,5.49,5.49,0.00,0.00,S,,,USD,GC
70012940,01042,06,2,20251006,93032,000000093321,0.473,1.49,0.70,0.00,0.00,S,,,USD,GC
70012940,01042,06,3,20251006,93032,000000030103,1,8.99,8.99,0.00,0.00,S,,,USD,GC
70012940,01042,06,4,20251006,93032,000000005013,1,3.89,3.89,0.00,0.00,S,,,USD,GC
70012941,01042,03,1,20251006,73605,000000093321,0.718,1.49,1.07,0.00,0.00,S,6039407016,,USD,DB
70012941,01042,03,2,20251006,73605,000000020102,1,3.49,3.49,0.00,0.00,S,6039407016,,USD,DB
70012941,01042,03,3,20251006,73605,000000030202,1,11.49,11.49,0.00,0.00,S,6039407016,,USD,DB
70012941,01042,03,4,20251006,73605,000000094103,2,3.79,7.58,0.00,0.00,S,6039407016,,USD,DB
70012942,01042,04,1,20251006,130035,000004482001,1,13.99,13.99,0.00,0.87,S,,,USD,CS
70012942,01042,04,2,20251006,130035,000000561002,1,7.49,7.49,0.00,0.47,S,,,USD,CS
70012942,01042,04,3,20251006,130035,000000005102,1,5.49,5.49,0.00,0.00,S,,,USD,CS
70012942,01042,04,4,20251006,130035,000004482001,1,13.99,13.99,0.00,0.87,S,,,USD,CS
70012942,01042,04,5,20251006,130035,000004482002,2,17.99,35.98,0.00,2.25,S,,,USD,CS
70012943,01042,01,1,20251006,74125,000004471040,1,2.49,2.49,0.00,0.16,S,6007859321,,USD,CS
70012943,01042,01,2,20251006,74125,000000093502,3,3.99,11.97,0.00,0.00,S,6007859321,,USD,CS
70012943,01042,01,3,20251006,74125,000004472001,1,3.99,3.99,0.00,0.25,S,6007859321,,USD,CS
70012943,01042,01,4,20251006,74125,000004481003,1,4.99,4.99,0.00,0.31,S,6007859321,,USD,CS
70012944,01042,03,1,20251006,200112,000000005102,1,5.49,5.49,0.00,0.00,S,,,USD,CS
70012944,01042,03,2,20251006,200112,000000040201,1,8.99,8.99,0.00,0.00,S,,,USD,CS
70012944,01042,03,3,20251006,200112,000004483002,2,3.49,6.98,0.00,0.44,S,,,USD,CS
70012944,01042,03,4,20251006,200112,000000094201,1.510,1.69,2.55,0.00,0.00,S,,,USD,CS
70012944,01042,03,5,20251006,200112,000004482002,2,17.99,35.98,0.00,2.25,S,,,USD,CS
70012945,01042,03,1,20251006,150207,000000005020,1,4.49,4.49,0.00,0.00,S,,,USD,GC
70012946,01107,02,1,20251006,91656,000004471030,1,3.99,3.99,0.00,0.25,S,,,USD,CS
70012946,01107,02,2,20251006,91656,000000020201,2,5.49,10.98,0.00,0.00,S,,,USD,CS
70012946,01107,02,3,20251006,91656,000000040102,0.560,16.99,9.51,0.00,0.00,S,,,USD,CS
70012946,01107,02,4,20251006,91656,000000094202,1.339,1.99,2.66,0.00,0.00,S,,,USD,CS
70012946,01107,02,5,20251006,91656,000000040102,2.008,16.99,34.12,0.00,0.00,S,,,USD,CS
70012946,01107,02,6,20251006,91656,000004482003,1,5.49,5.49,0.00,0.34,S,,,USD,CS
70012947,01107,05,1,20251006,202821,000000094202,0.767,1.99,1.53,0.00,0.00,S,,,USD,DB
70012947,01107,05,2,20251006,202821,000000005013,1,3.89,3.89,0.00,0.00,S,,,USD,DB
70012947,01107,05,3,20251006,202821,000004473001,1,2.99,2.99,0.00,0.19,S,,,USD,DB
70012947,01107,05,4,20251006,202821,000000005013,1,3.89,3.89,0.00,0.00,S,,,USD,DB
70012947,01107,05,5,20251006,202821,000000005201,1,3.99,3.99,0.00,0.00,S,,,USD,DB
70012948,01107,01,1,20251006,140212,000000005020,2,4.49,8.98,0.00,0.00,S,,,USD,DB
70012948,01107,01,2,20251006,140212,000000005020,2,4.49,8.98,0.00,0.00,S,,,USD,DB
70012949,01107,05,1,20251006,172525,000000005012,1,3.99,3.99,0.00,0.00,S,,,USD,DB
70012950,01107,02,1,20251006,84942,000004482003,2,5.49,10.98,5.49,0.34,S,6098402891,BG25W36,USD,CS
70012951,01107,01,1,20251006,81202,000004491002,2,6.99,13.98,0.00,0.87,S,,,USD,CC
70012952,01107,01,1,20251006,152331,000004492003,1,2.29,2.29,0.00,0.14,S,,,USD,DB
70012952,01107,01,2,20251006,152331,000004473003,1,3.49,3.49,0.00,0.22,S,,,USD,DB
70012953,02210,06,1,20251006,170219,000000005020,1,4.49,4.49,0.00,0.00,S,6096883275,,USD,DB
70012953,02210,06,2,20251006,170219,000004493002,1,3.99,3.99,0.00,0.25,S,6096883275,,USD,DB
70012953,02210,06,3,20251006,170219,000004473002,2,2.79,5.58,0.00,0.35,S,6096883275,,USD,DB
70012953,02210,06,4,20251006,170219,000000005020,1,4.49,4.49,0.00,0.00,S,6096883275,,USD,DB
70012953,02210,06,5,20251006,170219,000004493002,1,3.99,3.99,0.00,0.25,V,6096883275,,USD,DB
70012954,02210,06,1,20251006,113604,000004492001,3,1.79,5.37,0.00,0.34,S,6001168809,,USD,DB
70012954,02210,06,2,20251006,113604,000000031101,1.206,24.99,30.14,0.00,0.00,S,6001168809,,USD,DB
70012955,02210,01,1,20251006,91931,000000005301,1,5.49,5.49,0.00,0.00,S,6096421522,,USD,DB
70012956,02210,03,1,20251006,112956,000000094301,1.013,4.39,4.45,0.00,0.00,S,,,USD,GC
70012956,02210,03,2,20251006,112956,000004483001,2,4.99,9.98,0.00,0.62,S,,,USD,GC
70012956,02210,03,3,20251006,112956,000000030203,2,8.49,16.98,0.00,0.00,S,,,USD,GC
70012956,02210,03,4,20251006,112956,000000020202,1,5.99,5.99,0.00,0.00,S,,,USD,GC
70012956,02210,03,5,20251006,112956,000000040102,1.493,16.99,25.37,0.00,0.00,S,,,USD,GC
70012956,02210,03,6,20251006,112956,000000552001,2,4.49,8.98,4.49,0.28,S,,BG25W36,USD,GC
70012957,02210,03,1,20251006,71749,000004481001,1,7.99,7.99,0.00,0.50,S,6076153966,,USD,DB
70012957,02210,03,2,20251006,71749,000004491002,1,6.99,6.99,0.00,0.44,S,6076153966,,USD,DB
70012958,02210,01,1,20251006,115100,000004482001,2,13.99,27.98,0.00,1.75,S,6014939252,,USD,CS
70012959,02210,05,1,20251006,174645,000000093410,0.590,3.99,2.35,0.00,0.00,S,6016477251,,USD,DB
70012959,02210,05,2,20251006,174645,000004482002,2,17.99,35.98,0.00,2.25,S,6016477251,,USD,DB
70012959,02210,05,3,20251006,174645,000000094102,1,3.49,3.49,0.00,0.00,S,6016477251,,USD,DB
70012960,02210,05,1,20251006,143949,000000020203,1,6.49,6.49,0.00,0.00,S,,,USD,CC
70012960,02210,05,2,20251006,143949,000000561001,2,9.99,19.98,0.00,1.25,S,,,USD,CC
70012960,02210,05,3,20251006,143949,000004482003,2,5.49,10.98,5.49,0.34,S,,BG25W36,USD,CC
70012960,02210,05,4,20251006,143949,000000005012,1,3.99,3.99,0.00,0.00,S,,,USD,CC
70012961,02210,04,1,20251006,122652,000004471040,3,2.49,7.47,0.00,0.47,S,,,USD,DB
70012962,02211,05,1,20251006,104512,000000030102,1,14.99,14.99,0.00,0.00,S,6060138241,,USD,CC
70012962,02211,05,2,20251006,104512,000000094301,1.473,4.39,6.47,0.00,0.00,S,6060138241,,USD,CC
70012962,02211,05,3,20251006,104512,000000005102,2,5.49,10.98,0.00,0.00,S,6060138241,,USD,CC
70012962,02211,05,4,20251006,104512,000004491003,2,1.99,3.98,0.00,0.25,S,6060138241,,USD,CC
70012962,02211,05,5,20251006,104512,000004481003,1,4.99,4.99,0.00,0.31,S,6060138241,,USD,CC
70012962,02211,05,6,20251006,104512,000004492002,1,1.49,1.49,0.00,0.09,S,6060138241,,USD,CC
70012963,02211,04,1,20251006,101924,000000040102,0.890,16.99,15.12,0.00,0.00,S,6053892187,,USD,CC
70012964,02305,03,1,20251006,110707,000000094102,1,3.49,3.49,0.00,0.00,S,6055732573,,USD,DB
70012964,02305,03,2,20251006,110707,000000020103,1,4.99,4.99,0.00,0.00,S,6055732573,,USD,DB
70012964,02305,03,3,20251006,110707,000004491002,1,6.99,6.99,0.00,0.44,S,6055732573,,USD,DB
70012964,02305,03,4,20251006,110707,000000094202,0.340,1.99,0.68,0.00,0.00,S,6055732573,,USD,DB
70012964,02305,03,5,20251006,110707,000004491003,1,1.99,1.99,0.00,0.12,S,6055732573,,USD,DB
70012965,02305,04,1,20251006,131423,000000094301,1.195,4.39,5.25,0.00,0.00,S,6042271133,,USD,CS
70012965,02305,04,2,20251006,131423,000004493001,2,5.49,10.98,0.00,0.69,S,6042271133,,USD,CS
70012965,02305,04,3,20251006,131423,000000031102,1.123,19.99,22.45,0.00,0.00,S,6042271133,,USD,CS
70012966,02305,02,1,20251006,95500,000000040202,2,14.99,29.98,0.00,0.00,S,,,USD,DB
70012966,02305,02,2,20251006,95500,000000020102,1,3.49,3.49,0.00,0.00,S,,,USD,DB
70012966,02305,02,3,20251006,95500,000000094301,0.389,4.39,1.71,0.00,0.00,S,,,USD,DB
70012967,02305,01,1,20251006,172708,000000093503,1,4.29,4.29,0.00,0.00,S,,,USD,DB
70012967,02305,01,2,20251006,172708,000000094202,0.436,1.99,0.87,0.00,0.00,S,,,USD,DB
70012967,02305,01,3,20251006,172708,000004482003,1,5.49,5.49,0.00,0.34,S,,,USD,DB
70012967,02305,01,4,20251006,172708,000004491003,1,1.99,1.99,0.00,0.12,S,,,USD,DB
70012967,02305,01,5,20251006,172708,000004492001,1,1.79,1.79,0.00,0.11,S,,,USD,DB
70012967,02305,01,6,20251006,172708,000004472001,1,3.99,3.99,0.00,0.25,S,,,USD,DB
70012968,02305,04,1,20251006,155453,000000093401,1.846,5.49,10.13,0.00,0.00,S,,,USD,CC
70012968,02305,04,2,20251006,155453,000000552002,1,3.99,3.99,0.00,0.25,S,,,USD,CC
70012969,02305,02,1,20251006,71130,000004471040,2,2.49,4.98,0.00,0.31,S,,,USD,CS
70012969,02305,02,2,20251006,71130,000000094102,1,3.49,3.49,0.00,0.00,S,,,USD,CS
70012969,02305,02,3,20251006,71130,000004483001,2,4.99,9.98,0.00,0.62,S,,,USD,CS
70012969,02305,02,4,20251006,71130,000000030102,2,14.99,29.98,0.00,0.00,S,,,USD,CS
70012969,02305,02,5,20251006,71130,000004491002,2,6.99,13.98,0.00,0.87,S,,,USD,CS
70012970,02305,05,1,20251006,173446,000000005201,1,3.99,3.99,0.00,0.00,S,6003579727,,USD,DB
70012970,02305,05,2,20251006,173446,000000552001,2,4.49,8.98,4.49,0.28,S,6003579727,BG25W36,USD,DB
70012970,02305,05,3,20251006,173446,000004492001,1,1.79,1.79,0.00,0.11,S,6003579727,,USD,DB
70012971,02305,04,1,20251006,212254,000000020102,3,3.49,10.47,3.49,0.00,S,,MB25W36,USD,CC
70012971,02305,04,2,20251006,212254,000000094101,1,3.99,3.99,0.00,0.00,S,,,USD,CC
70012971,02305,04,3,20251006,212254,000000030101,1,6.99,6.99,0.00,0.00,S,,,USD,CC
70012971,02305,04,4,20251006,212254,000000094101,2,3.99,7.98,0.00,0.00,S,,,USD,CC
70012971,02305,04,5,20251006,212254,000000094202,1.041,1.99,2.07,0.00,0.00,S,,,USD,CC
70012972,02305,03,1,20251006,93926,000000561001,1,9.99,9.99,0.00,0.62,S,6056341085,,USD,CC
70012972,02305,03,2,20251006,93926,000000005012,1,3.99,3.99,0.00,0.00,S,6056341085,,USD,CC
70012972,02305,03,3,20251006,93926,000000040102,1.485,16.99,25.23,0.00,0.00,S,6056341085,,USD,CC
70012972,02305,03,4,20251006,93926,000000020103,1,4.99,4.99,0.00,0.00,S,6056341085,,USD,CC
70012973,02305,03,1,20251006,104111,000000094301,1.727,4.39,7.58,0.00,0.00,S,6028837744,,USD,CC
70012974,02305,06,1,20251006,155956,000000040102,1.626,16.99,27.63,0.00,0.00,S,,,USD,CC
70012974,02305,06,2,20251006,155956,000000552002,1,3.99,3.99,0.00,0.25,S,,,USD,CC
70012975,03050,04,1,20251006,112927,000000094202,1.016,1.99,2.02,0.00,0.00,S,,,USD,CC
70012975,03050,04,2,20251006,112927,000000094202,1.949,1.99,3.88,0.00,0.00,S,,,USD,CC
70012976,03050,05,1,20251006,202137,000000005012,1,3.99,3.99,0.00,0.00,S,,,USD,CS
70012977,03050,03,1,20251006,93153,000000552001,2,4.49,8.98,4.49,0.28,S,6075902517,BG25W36,USD,DB
70012977,03050,03,2,20251006,93153,000004483001,1,4.99,4.99,0.00,0.31,S,6075902517,,USD,DB
70012978,03050,06,1,20251006,213152,000000020102,2,3.49,6.98,0.00,0.00,S,6078637673,,USD,DB
70012978,03050,06,2,20251006,213152,000004481001,3,7.99,23.97,7.99,1.00,S,6078637673,MB25W36,USD,DB
70012978,03050,06,3,20251006,213152,000004493001,1,5.49,5.49,0.00,0.34,S,6078637673,,USD,DB
70012978,03050,06,4,20251006,213152,000000005302,1,3.49,3.49,0.00,0.00,S,6078637673,,USD,DB
70012979,03050,06,1,20251006,91459,000004492003,1,2.29,2.29,0.00,0.14,S,,,USD,CC
70012979,03050,06,2,20251006,91459,000000094301,1.386,4.39,6.08,0.00,0.00,S,,,USD,CC
70012980,03050,05,1,20251006,140534,000000030103,1,8.99,8.99,0.00,0.00,S,,,USD,CS
70012980,03050,05,2,20251006,140534,000000094202,1.611,1.99,3.21,0.00,0.00,S,,,USD,CS
70012981,03050,02,1,20251006,183225,000004482003,1,5.49,5.49,0.00,0.34,S,,,USD,CC
70012981,03050,02,2,20251006,183225,000000562002,1,8.49,8.49,0.00,0.53,S,,,USD,CC
70012981,03050,02,3,20251006,183225,000000094301,0.997,4.39,4.38,0.00,0.00,S,,,USD,CC
70012982,00317,03,1,20251006,161744,000000561002,1,10.19,10.19,0.00,0.64,S,6036533774,,CAD,CC
70012983,00317,02,1,20251006,164437,000004493001,1,7.49,7.49,0.00,0.47,R,,,CAD,GC
70012984,00317,06,1,20251006,204014,000000551020,2,18.99,37.98,0.00,2.37,S,,,CAD,CC
70012984,00317,06,2,20251006,204014,000000094301,0.542,5.99,3.25,0.00,0.00,S,,,CAD,CC
70012984,00317,06,3,20251006,204014,000004471023,1,4.69,4.69,0.00,0.29,S,,,CAD,CC
70012984,00317,06,4,20251006,204014,000000551020,2,18.99,37.98,0.00,2.37,V,,,CAD,CC
70012985,00317,06,1,20251006,82509,000000094101,1,5.39,5.39,0.00,0.00,S,,,CAD,CC
70012986,00317,02,1,20251006,85639,000004482003,2,7.49,14.98,7.49,0.47,S,,BG25W36,CAD,CC
70012986,00317,02,2,20251006,85639,000000005103,3,9.49,28.47,0.00,0.00,S,,,CAD,CC
70012986,00317,02,3,20251006,85639,000000005103,2,9.49,18.98,0.00,0.00,S,,,CAD,CC
70012986,00317,02,4,20251006,85639,000004483002,1,4.69,4.69,0.00,0.29,S,,,CAD,CC
70012986,00317,02,5,20251006,85639,000004472003,1,4.49,4.49,0.00,0.28,S,,,CAD,CC
70012987,00322,01,1,20251006,131033,000004492002,1,1.99,1.99,0.00,0.12,S,,,CAD,DB
70012987,00322,01,2,20251006,131033,000000552001,2,6.09,12.18,6.09,0.38,S,,BG25W36,CAD,DB
70012988,00322,02,1,20251006,102639,000000561001,2,13.59,27.18,0.00,1.70,S,6008706626,,CAD,DB
70012988,00322,02,2,20251006,102639,000004473002,2,3.79,7.58,0.00,0.47,S,6008706626,,CAD,DB
70012989,00322,03,1,20251006,171115,000000020102,3,4.69,14.07,4.69,0.00,S,,MB25W36,CAD,CS
70012989,00322,03,2,20251006,171115,000004482003,1,7.49,7.49,0.00,0.47,S,,,CAD,CS
70012989,00322,03,3,20251006,171115,000000551020,1,18.99,18.99,0.00,1.19,S,,,CAD,CS
70012989,00322,03,4,20251006,171115,000000040201,2,12.19,24.38,0.00,0.00,S,,,CAD,CS
70012989,00322,03,5,20251006,171115,000004472002,1,6.09,6.09,0.00,0.38,S,,,CAD,CS
70012990,00322,05,1,20251006,205534,000000030101,1,9.49,9.49,0.00,0.00,S,,,CAD,CC
70012990,00322,05,2,20251006,205534,000000040201,2,12.19,24.38,0.00,0.00,S,,,CAD,CC
70012991,00322,05,1,20251006,82224,000004481001,3,10.89,32.67,10.89,1.36,S,6079469548,MB25W36,CAD,DB
70012991,00322,05,2,20251006,82224,000000093502,1,5.39,5.39,0.00,0.00,S,6079469548,,CAD,DB
70012992,01042,06,1,20251007,163009,000000040102,0.567,16.99,9.63,0.00,0.00,R,,,USD,CC
70012993,01042,03,1,20251007,214111,000000005012,1,3.99,3.99,0.00,0.00,S,6019553560,,USD,DB
70012993,01042,03,2,20251007,214111,000000094103,1,3.79,3.79,0.00,0.00,S,6019553560,,USD,DB
70012993,01042,03,3,20251007,214111,000000005012,1,3.99,3.99,0.00,0.00,S,6019553560,,USD,DB
70012993,01042,03,4,20251007,214111,000000093502,3,3.99,11.97,0.00,0.00,S,6019553560,,USD,DB
70012994,01042,03,1,20251007,72347,000000020101,2,2.49,4.98,2.49,0.00,S,,BG25W36,USD,CC
70012994,01042,03,2,20251007,72347,000000005012,1,3.99,3.99,0.00,0.00,S,,,USD,CC
70012994,01042,03,3,20251007,72347,000000005201,3,3.99,11.97,0.00,0.00,S,,,USD,CC
70012995,01042,03,1,20251007,203141,000004493001,1,5.49,5.49,0.00,0.34,S,6012796114,,USD,CS
70012996,01042,03,1,20251007,160626,000000094202,2.075,1.99,4.13,0.00,0.00,S,6035365419,,USD,CC
70012996,01042,03,2,20251007,160626,000000552001,2,4.49,8.98,4.49,0.28,S,6035365419,BG25W36,USD,CC
70012997,01042,05,1,20251007,183241,000000020203,3,6.49,19.47,0.00,0.00,S,,,USD,CC
70012998,01107,05,1,20251007,163828,000000005103,1,6.99,6.99,0.00,0.00,S,6028478189,,USD,GC
70012998,01107,05,2,20251007,163828,000004472001,3,3.99,11.97,0.00,0.75,S,6028478189,,USD,GC
70012999,01107,05,1,20251007,190146,000000005012,3,3.99,11.97,0.00,0.00,S,6076597595,,USD,GC
70012999,01107,05,2,20251007,190146,000000040102,2.025,16.99,34.40,0.00,0.00,S,6076597595,,USD,GC
70012999,01107,05,3,20251007,190146,000004491002,1,6.99,6.99,0.00,0.44,S,6076597595,,USD,GC
70012999,01107,05,4,20251007,190146,000000093410,1.511,3.99,6.03,0.00,0.00,S,6076597595,,USD,GC
70012999,01107,05,5,20251007,190146,000000005013,1,3.89,3.89,0.00,0.00,S,6076597595,,USD,GC
70012999,01107,05,6,20251007,190146,000004471023,1,3.49,3.49,0.00,0.22,S,6076597595,,USD,GC
70013000,02210,04,1,20251007,74027,000000020102,3,3.49,10.47,3.49,0.00,S,,MB25W36,USD,DB
70013000,02210,04,2,20251007,74027,000004482003,1,5.49,5.49,0.00,0.34,S,,,USD,DB
70013000,02210,04,3,20251007,74027,000000093501,2,4.49,8.98,4.49,0.00,S,,BG25W36,USD,DB
70013001,02210,03,1,20251007,102022,000000094203,0.843,1.49,1.26,0.00,0.00,S,,,USD,CC
70013001,02210,03,2,20251007,102022,000000020203,1,6.49,6.49,0.00,0.00,S,,,USD,CC
70013001,02210,03,3,20251007,102022,000000562001,1,10.99,10.99,0.00,0.69,S,,,USD,CC
70013001,02210,03,4,20251007,102022,000000562002,2,8.49,16.98,0.00,1.06,S,,,USD,CC
70013001,02210,03,5,20251007,102022,000000020101,2,2.49,4.98,2.49,0.00,S,,BG25W36,USD,CC
70013002,02210,06,1,20251007,70859,000004491001,1,2.49,2.49,0.00,0.16,S,6091508632,,USD,DB
70013002,02210,06,2,20251007,70859,000004482003,1,5.49,5.49,0.00,0.34,S,6091508632,,USD,DB
70013003,02210,03,1,20251007,132151,000000552001,2,4.49,8.98,4.49,0.28,S,,BG25W36,USD,CC
70013003,02210,03,2,20251007,132151,000000040203,1,11.99,11.99,0.00,0.00,S,,,USD,CC
70013003,02210,03,3,20251007,132151,000000552001,2,4.49,8.98,4.49,0.28,S,,BG25W36,USD,CC
70013004,02210,03,1,20251007,165129,000000020101,2,2.49,4.98,2.49,0.00,S,6096111102,BG25W36,USD,DB
70013004,02210,03,2,20251007,165129,000000094201,2.138,1.69,3.61,0.00,0.00,S,6096111102,,USD,DB
70013004,02210,03,3,20251007,165129,000004481002,1,7.99,7.99,0.00,0.50,S,6096111102,,USD,DB
70013004,02210,03,4,20251007,165129,000000005201,2,3.99,7.98,0.00,0.00,S,6096111102,,USD,DB
70013004,02210,03,5,20251007,165129,000000031102,1.593,19.99,31.84,0.00,0.00,S,6096111102,,USD,DB
70013005,02210,03,1,20251007,103626,000000005202,1,5.99,5.99,0.00,0.00,S,6061337184,,USD,DB
70013006,02210,02,1,20251007,70628,000004483002,1,3.49,3.49,0.00,0.22,S,,,USD,DB
70013006,02210,02,2,20251007,70628,000004481003,2,4.99,9.98,0.00,0.62,S,,,USD,DB
70013006,02210,02,3,20251007,70628,000000094203,1.765,1.49,2.63,0.00,0.00,S,,,USD,DB
70013007,02210,03,1,20251007,162935,000004481003,1,4.99,4.99,0.00,0.31,R,,,USD,GC
70013008,02211,03,1,20251007,72414,000004491003,1,1.99,1.99,0.00,0.12,S,,,USD,GC
70013008,02211,03,2,20251007,72414,000000040201,1,8.99,8.99,0.00,0.00,S,,,USD,GC
70013008,02211,03,3,20251007,72414,000004481001,3,7.99,23.97,7.99,1.00,S,,MB25W36,USD,GC
70013008,02211,03,4,20251007,72414,000004482002,2,17.99,35.98,0.00,2.25,S,,,USD,GC
70013009,02211,05,1,20251007,134904,000004471024,2,3.49,6.98,0.00,0.44,S,,,USD,CC
70013010,02305,05,1,20251007,125226,000000005101,1,7.99,7.99,0.00,0.00,S,,,USD,CC
70013010,02305,05,2,20251007,125226,000000030202,1,11.49,11.49,0.00,0.00,S,,,USD,CC
70013010,02305,05,3,20251007,125226,000004482003,2,5.49,10.98,5.49,0.34,S,,BG25W36,USD,CC
70013010,02305,05,4,20251007,125226,000000093402,1.544,3.29,5.08,0.00,0.00,S,,,USD,CC
70013010,02305,05,5,20251007,125226,000000094301,0.614,4.39,2.70,0.00,0.00,S,,,USD,CC
70013010,02305,05,6,20251007,125226,000000094301,1.757,4.39,7.71,0.00,0.00,S,,,USD,CC
70013011,02305,02,1,20251007,95859,000000020101,2,2.49,4.98,2.49,0.00,S,,BG25W36,USD,CC
70013011,02305,02,2,20251007,95859,000004482003,2,5.49,10.98,5.49,0.34,S,,BG25W36,USD,CC
70013011,02305,02,3,20251007,95859,000000030201,2,9.99,19.98,0.00,0.00,S,,,USD,CC
70013012,02305,06,1,20251007,95600,000000005103,3,6.99,20.97,0.00,0.00,S,6020962893,,USD,CS
70013012,02305,06,2,20251007,95600,000000093501,2,4.49,8.98,4.49,0.00,S,6020962893,BG25W36,USD,CS
70013012,02305,06,3,20251007,95600,000004472001,2,3.99,7.98,0.00,0.50,S,6020962893,,USD,CS
70013013,02305,01,1,20251007,202912,000000093325,2.158,3.99,8.61,0.00,0.00,S,,,USD,DB
70013014,02305,03,1,20251007,173204,000000094302,0.983,5.49,5.40,0.00,0.00,S,,,USD,GC
70013014,02305,03,2,20251007,173204,000000030203,1,8.49,8.49,0.00,0.00,S,,,USD,GC
70013015,02305,03,1,20251007,171229,000000005202,3,5.99,17.97,0.00,0.00,S,,,USD,DB
70013015,02305,03,2,20251007,171229,000004481003,1,4.99,4.99,0.00,0.31,S,,,USD,DB
70013015,02305,03,3,20251007,171229,000004482001,1,13.99,13.99,0.00,0.87,S,,,USD,DB
70013015,02305,03,4,20251007,171229,000000561002,1,7.49,7.49,0.00,0.47,S,,,USD,DB
70013016,03050,06,1,20251007,195936,000000030101,1,6.99,6.99,0.00,0.00,S,6022784699,,USD,CC
70013016,03050,06,2,20251007,195936,000000094202,1.025,1.99,2.04,0.00,0.00,S,6022784699,,USD,CC
70013016,03050,06,3,20251007,195936,000000040203,1,11.99,11.99,0.00,0.00,S,6022784699,,USD,CC
70013016,03050,06,4,20251007,195936,000000094301,1.054,4.39,4.63,0.00,0.00,S,6022784699,,USD,CC
70013016,03050,06,5,20251007,195936,000004473002,1,2.79,2.79,0.00,0.17,S,6022784699,,USD,CC
70013017,03050,05,1,20251007,120055,000004471030,1,3.99,3.99,0.00,0.25,S,,,USD,DB
70013018,03050,06,1,20251007,214437,000004493001,1,5.49,5.49,0.00,0.34,S,,,USD,CC
70013018,03050,06,2,20251007,214437,000004481001,3,7.99,23.97,7.99,1.00,S,,MB25W36,USD,CC
70013019,03050,05,1,20251007,83505,000000005202,3,5.99,17.97,0.00,0.00,S,,,USD,GC
70013019,03050,05,2,20251007,83505,000004492001,1,1.79,1.79,0.00,0.11,S,,,USD,GC
70013020,03050,04,1,20251007,211027,000000030103,1,8.99,8.99,0.00,0.00,S,,,USD,CS
70013020,03050,04,2,20251007,211027,000000040101,1.205,18.99,22.88,0.00,0.00,S,,,USD,CS
70013020,03050,04,3,20251007,211027,000000562001,1,10.99,10.99,0.00,0.69,S,,,USD,CS
70013020,03050,04,4,20251007,211027,000000093502,1,3.99,3.99,0.00,0.00,S,,,USD,CS
70013021,03050,04,1,20251007,81415,000000562002,2,8.49,16.98,0.00,1.06,S,6063731495,,USD,CC
70013021,03050,04,2,20251007,81415,000004491002,1,6.99,6.99,0.00,0.44,S,6063731495,,USD,CC
70013021,03050,04,3,20251007,81415,000004481003,2,4.99,9.98,0.00,0.62,S,6063731495,,USD,CC
70013022,00317,01,1,20251007,173025,000000093325,1.892,5.39,10.20,0.00,0.00,S,,,CAD,CC
70013022,00317,01,2,20251007,173025,000004491001,2,3.39,6.78,0.00,0.42,S,,,CAD,CC
70013023,00317,03,1,20251007,74640,000000005302,1,4.69,4.69,0.00,0.00,S,6054610339,,CAD,GC
70013023,00317,03,2,20251007,74640,000000094203,1.130,1.99,2.25,0.00,0.00,S,6054610339,,CAD,GC
70013023,00317,03,3,20251007,74640,000000552001,2,6.09,12.18,6.09,0.38,S,6054610339,BG25W36,CAD,GC
70013024,00317,06,1,20251007,161135,000004482002,1,24.49,24.49,0.00,1.53,S,,,CAD,CS
70013024,00317,06,2,20251007,161135,000000005101,1,10.89,10.89,0.00,0.00,S,,,CAD,CS
70013024,00317,06,3,20251007,161135,000004482002,1,24.49,24.49,0.00,1.53,S,,,CAD,CS
70013024,00317,06,4,20251007,161135,000004492050,1,2.99,2.99,0.00,0.19,S,,,CAD,CS
70013024,00317,06,5,20251007,161135,000000020102,2,4.69,9.38,0.00,0.00,S,,,CAD,CS
70013024,00317,06,6,20251007,161135,000000020203,1,8.79,8.79,0.00,0.00,S,,,CAD,CS
70013025,00317,02,1,20251007,102005,000004481002,1,10.89,10.89,0.00,0.68,S,,,CAD,CS
70013025,00317,02,2,20251007,102005,000004472003,1,4.49,4.49,0.00,0.28,S,,,CAD,CS
70013025,00317,02,3,20251007,102005,000000040102,1.431,23.09,33.04,0.00,0.00,S,,,CAD,CS
70013025,00317,02,4,20251007,102005,000000031102,2.137,27.19,58.11,0.00,0.00,S,,,CAD,CS
70013025,00317,02,5,20251007,102005,000004491001,2,3.39,6.78,0.00,0.42,S,,,CAD,CS
70013026,00317,03,1,20251007,94455,000004472003,1,4.49,4.49,0.00,0.28,S,,,CAD,DB
70013026,00317,03,2,20251007,94455,000000093325,1.150,5.39,6.20,0.00,0.00,S,,,CAD,DB
70013027,00317,01,1,20251007,95724,000000094301,0.277,5.99,1.66,0.00,0.00,S,,,CAD,DB
70013027,00317,01,2,20251007,95724,000004482003,1,7.49,7.49,0.00,0.47,S,,,CAD,DB
70013027,00317,01,3,20251007,95724,000000094202,1.370,2.69,3.69,0.00,0.00,S,,,CAD,DB
70013027,00317,01,4,20251007,95724,000000093501,2,6.09,12.18,6.09,0.00,S,,BG25W36,CAD,DB
70013027,00317,01,5,20251007,95724,000000094102,1,4.69,4.69,0.00,0.00,S,,,CAD,DB
70013028,00317,03,1,20251007,163658,000000094102,1,4.69,4.69,0.00,0.00,S,,,CAD,DB
70013028,00317,03,2,20251007,163658,000000094102,1,4.69,4.69,0.00,0.00,S,,,CAD,DB
70013028,00317,03,3,20251007,163658,000000094103,1,5.19,5.19,0.00,0.00,S,,,CAD,DB
70013028,00317,03,4,20251007,163658,000004472003,1,4.49,4.49,0.00,0.28,S,,,CAD,DB
70013028,00317,03,5,20251007,163658,000004481001,3,10.89,32.67,10.89,1.36,S,,MB25W36,CAD,DB
70013028,00317,03,6,20251007,163658,000004492002,2,1.99,3.98,0.00,0.25,S,,,CAD,DB
70013029,00317,03,1,20251007,213118,000000040201,1,12.19,12.19,0.00,0.00,S,,,CAD,CC
70013029,00317,03,2,20251007,213118,000000561001,1,13.59,13.59,0.00,0.85,S,,,CAD,CC
70013029,00317,03,3,20251007,213118,000000005103,1,9.49,9.49,0.00,0.00,S,,,CAD,CC
70013029,00317,03,4,20251007,213118,000000020202,1,8.09,8.09,0.00,0.00,S,,,CAD,CC
70013030,00317,03,1,20251007,123220,000000552002,2,5.39,10.78,0.00,0.67,S,,,CAD,CC
70013030,00317,03,2,20251007,123220,000004483001,1,6.79,6.79,0.00,0.42,S,,,CAD,CC
70013030,00317,03,3,20251007,123220,000000551020,2,18.99,37.98,0.00,2.37,S,,,CAD,CC
70013031,00317,03,1,20251007,123153,000004492002,2,1.99,3.98,0.00,0.25,S,,,CAD,CS
70013031,00317,03,2,20251007,123153,000004492002,2,1.99,3.98,0.00,0.25,V,,,CAD,CS
70013032,00317,06,1,20251007,143253,000000094301,2.047,5.99,12.26,0.00,0.00,S,6090793884,,CAD,DB
70013032,00317,06,2,20251007,143253,000000020202,1,8.09,8.09,0.00,0.00,S,6090793884,,CAD,DB
70013033,00317,05,1,20251007,182353,000000005201,1,5.39,5.39,0.00,0.00,S,,,CAD,GC
70013034,00317,05,1,20251007,83648,000000005201,1,5.39,5.39,0.00,0.00,S,,,CAD,CS
70013034,00317,05,2,20251007,83648,000000094101,1,5.39,5.39,0.00,0.00,S,,,CAD,CS
70013035,00322,01,1,20251007,104134,000004483001,1,6.79,6.79,0.00,0.42,S,6075705120,,CAD,DB
70013036,00322,03,1,20251007,104259,000004471040,1,3.39,3.39,0.00,0.21,S,,,CAD,CC
70013036,00322,03,2,20251007,104259,000000040102,2.014,23.09,46.50,0.00,0.00,S,,,CAD,CC
70013036,00322,03,3,20251007,104259,000000040101,1.702,25.79,43.89,0.00,0.00,S,,,CAD,CC
70013036,00322,03,4,20251007,104259,000000005101,1,10.89,10.89,0.00,0.00,S,,,CAD,CC
70013037,01042,01,1,20251008,100842,000000005202,1,5.99,5.99,0.00,0.00,S,,,USD,CC
70013037,01042,01,2,20251008,100842,000000005301,1,5.49,5.49,0.00,0.00,S,,,USD,CC
70013037,01042,01,3,20251008,100842,000000031101,1.544,24.99,38.58,0.00,0.00,S,,,USD,CC
70013037,01042,01,4,20251008,100842,000000093502,1,3.99,3.99,0.00,0.00,S,,,USD,CC
70013038,01042,02,1,20251008,145910,000000040102,1.095,16.99,18.60,0.00,0.00,S,,,USD,DB
70013038,01042,02,2,20251008,145910,000000005201,1,3.99,3.99,0.00,0.00,S,,,USD,DB
70013038,01042,02,3,20251008,145910,000000040102,0.857,16.99,14.56,0.00,0.00,S,,,USD,DB
70013039,01042,02,1,20251008,180244,000000040102,0.750,16.99,12.74,0.00,0.00,S,,,USD,DB
70013040,01107,01,1,20251008,151836,000000552001,2,4.49,8.98,4.49,0.28,S,,BG25W36,USD,CS
70013040,01107,01,2,20251008,151836,000004493001,2,5.49,10.98,0.00,0.69,S,,,USD,CS
70013040,01107,01,3,20251008,151836,000000005101,1,7.99,7.99,0.00,0.00,S,,,USD,CS
70013041,01107,06,1,20251008,72844,000000005101,1,7.99,7.99,0.00,0.00,S,6071834404,,USD,GC
70013041,01107,06,2,20251008,72844,000000040101,1.979,18.99,37.58,0.00,0.00,S,6071834404,,USD,GC
70013041,01107,06,3,20251008,72844,000000040102,0.786,16.99,13.35,0.00,0.00,S,6071834404,,USD,GC
70013041,01107,06,4,20251008,72844,000004473001,1,2.99,2.99,0.00,0.19,S,6071834404,,USD,GC
70013042,01107,01,1,20251008,90720,000000005103,1,6.99,6.99,0.00,0.00,S,6024826292,,USD,CS
70013042,01107,01,2,20251008,90720,000004482003,1,5.49,5.49,0.00,0.34,S,6024826292,,USD,CS
70013042,01107,01,3,20251008,90720,000004471024,1,3.49,3.49,0.00,0.22,S,6024826292,,USD,CS
70013042,01107,01,4,20251008,90720,000004491003,1,1.99,1.99,0.00,0.12,S,6024826292,,USD,CS
70013042,01107,01,5,20251008,90720,000004483001,1,4.99,4.99,0.00,0.31,S,6024826292,,USD,CS
70013043,01107,02,1,20251008,81314,000000040201,1,8.99,8.99,0.00,0.00,S,6010032365,,USD,DB
70013043,01107,02,2,20251008,81314,000000020102,2,3.49,6.98,0.00,0.00,S,6010032365,,USD,DB
70013043,01107,02,3,20251008,81314,000004482003,2,5.49,10.98,5.49,0.34,S,6010032365,BG25W36,USD,DB
70013044,01107,02,1,20251008,165504,000004473003,1,3.49,3.49,0.00,0.22,S,,,USD,CC
70013044,01107,02,2,20251008,165504,000004472001,1,3.99,3.99,0.00,0.25,S,,,USD,CC
70013045,02210,05,1,20251008,114913,000000040203,1,11.99,11.99,0.00,0.00,S,6003930870,,USD,CC
70013045,02210,05,2,20251008,114913,000000552002,1,3.99,3.99,0.00,0.25,S,6003930870,,USD,CC
70013045,02210,05,3,20251008,114913,000000552001,2,4.49,8.98,4.49,0.28,S,6003930870,BG25W36,USD,CC
70013045,02210,05,4,20251008,114913,000004472001,1,3.99,3.99,0.00,0.25,S,6003930870,,USD,CC
70013046,02210,01,1,20251008,80238,000000552001,1,4.49,4.49,0.00,0.28,S,,,USD,CC
70013047,02210,04,1,20251008,184432,000004472003,1,3.29,3.29,0.00,0.21,S,6025730662,,USD,GC
70013047,02210,04,2,20251008,184432,000000093402,1.802,3.29,5.93,0.00,0.00,S,6025730662,,USD,GC
70013048,02210,06,1,20251008,161447,000000005301,1,5.49,5.49,0.00,0.00,S,,,USD,DB
70013048,02210,06,2,20251008,161447,000000040202,1,14.99,14.99,0.00,0.00,S,,,USD,DB
70013048,02210,06,3,20251008,161447,000000030101,1,6.99,6.99,0.00,0.00,S,,,USD,DB
70013049,02210,04,1,20251008,134203,000000020203,1,6.49,6.49,0.00,0.00,S,6051910231,,USD,DB
70013049,02210,04,2,20251008,134203,000000005013,1,3.89,3.89,0.00,0.00,S,6051910231,,USD,DB
70013049,02210,04,3,20251008,134203,000004472001,1,3.99,3.99,0.00,0.25,S,6051910231,,USD,DB
70013050,02210,06,1,20251008,190123,000000562002,1,8.49,8.49,0.00,0.53,S,6068783391,,USD,GC
70013050,02210,06,2,20251008,190123,000000020203,1,6.49,6.49,0.00,0.00,S,6068783391,,USD,GC
70013050,02210,06,3,20251008,190123,000004482003,2,5.49,10.98,5.49,0.34,S,6068783391,BG25W36,USD,GC
70013050,02210,06,4,20251008,190123,000000552001,2,4.49,8.98,4.49,0.28,S,6068783391,BG25W36,USD,GC
70013050,02210,06,5,20251008,190123,000004491001,1,2.49,2.49,0.00,0.16,S,6068783391,,USD,GC
70013050,02210,06,6,20251008,190123,000004492003,1,2.29,2.29,0.00,0.14,S,6068783391,,USD,GC
70013051,02210,06,1,20251008,142524,000004493001,2,5.49,10.98,0.00,0.69,S,,,USD,GC
70013051,02210,06,2,20251008,142524,000000093501,1,4.49,4.49,0.00,0.00,S,,,USD,GC
70013052,02210,01,1,20251008,181610,000000093321,1.056,1.49,1.57,0.00,0.00,S,,,USD,GC
70013052,02210,01,2,20251008,181610,000000005013,1,3.89,3.89,0.00,0.00,S,,,USD,GC
70013053,02210,01,1,20251008,91648,000000020101,1,2.49,2.49,0.00,0.00,S,,,USD,DB
70013053,02210,01,2,20251008,91648,000004491001,1,2.49,2.49,0.00,0.16,S,,,USD,DB
70013053,02210,01,3,20251008,91648,000000093325,0.735,3.99,2.93,0.00,0.00,S,,,USD,DB
70013054,02211,02,1,20251008,102635,000000030103,2,8.99,17.98,0.00,0.00,S,,,USD,CC
70013054,02211,02,2,20251008,102635,000000005301,1,5.49,5.49,0.00,0.00,S,,,USD,CC
70013055,02211,06,1,20251008,203954,000000040203,2,11.99,23.98,0.00,0.00,S,6057473384,,USD,DB
70013055,02211,06,2,20251008,203954,000000030202,2,11.49,22.98,0.00,0.00,S,6057473384,,USD,DB
70013055,02211,06,3,20251008,203954,000000561002,1,7.49,7.49,0.00,0.47,S,6057473384,,USD,DB
70013055,02211,06,4,20251008,203954,000000005020,1,4.49,4.49,0.00,0.00,S,6057473384,,USD,DB
70013055,02211,06,5,20251008,203954,000004471030,1,3.99,3.99,0.00,0.25,S,6057473384,,USD,DB
70013056,02211,06,1,20251008,182337,000000040101,0.593,18.99,11.26,0.00,0.00,S,,,USD,DB
70013056,02211,06,2,20251008,182337,000000093503,1,4.29,4.29,0.00,0.00,S,,,USD,DB
70013056,02211,06,3,20251008,182337,000000093410,0.609,3.99,2.43,0.00,0.00,S,,,USD,DB
70013056,02211,06,4,20251008,182337,000000040203,1,11.99,11.99,0.00,0.00,S,,,USD,DB
70013057,02305,02,1,20251008,84417,000000094202,0.266,1.99,0.53,0.00,0.00,S,,,USD,GC
70013057,02305,02,2,20251008,84417,000004472001,1,3.99,3.99,0.00,0.25,S,,,USD,GC
70013057,02305,02,3,20251008,84417,000000040201,1,8.99,8.99,0.00,0.00,S,,,USD,GC
70013058,02305,06,1,20251008,181311,000000020103,2,4.99,9.98,0.00,0.00,S,,,USD,DB
70013059,02305,02,1,20251008,143550,000000005302,1,3.49,3.49,0.00,0.00,S,,,USD,DB
70013059,02305,02,2,20251008,143550,000004492001,2,1.79,3.58,0.00,0.22,S,,,USD,DB
70013059,02305,02,3,20251008,143550,000004473002,1,2.79,2.79,0.00,0.17,S,,,USD,DB
70013060,02305,01,1,20251008,171340,000004482002,1,17.99,17.99,0.00,1.12,S,,,USD,CC
70013060,02305,01,2,20251008,171340,000004491002,1,6.99,6.99,0.00,0.44,S,,,USD,CC
70013060,02305,01,3,20251008,171340,000000005103,1,6.99,6.99,0.00,0.00,S,,,USD,CC
70013060,02305,01,4,20251008,171340,000000020101,2,2.49,4.98,2.49,0.00,S,,BG25W36,USD,CC
70013060,02305,01,5,20251008,171340,000000005301,1,5.49,5.49,0.00,0.00,S,,,USD,CC
70013060,02305,01,6,20251008,171340,000004491002,1,6.99,6.99,0.00,0.44,V,,,USD,CC
70013061,02305,06,1,20251008,150030,000004482003,2,5.49,10.98,5.49,0.34,S,6034721228,BG25W36,USD,GC
70013061,02305,06,2,20251008,150030,000000562001,2,10.99,21.98,0.00,1.37,S,6034721228,,USD,GC
70013062,02305,03,1,20251008,191458,000004481001,3,7.99,23.97,7.99,1.00,S,,MB25W36,USD,CC
70013062,02305,03,2,20251008,191458,000000030101,1,6.99,6.99,0.00,0.00,S,,,USD,CC
70013062,02305,03,3,20251008,191458,000004472003,1,3.29,3.29,0.00,0.21,S,,,USD,CC
70013062,02305,03,4,20251008,191458,000000030101,1,6.99,6.99,0.00,0.00,S,,,USD,CC
70013062,02305,03,5,20251008,191458,000004493001,1,5.49,5.49,0.00,0.34,S,,,USD,CC
70013062,02305,03,6,20251008,191458,000000020102,3,3.49,10.47,3.49,0.00,S,,MB25W36,USD,CC
70013063,02305,06,1,20251008,124409,000000552001,2,4.49,8.98,4.49,0.28,S,6069556076,BG25W36,USD,DB
70013063,02305,06,2,20251008,124409,000000094101,2,3.99,7.98,0.00,0.00,S,6069556076,,USD,DB
70013063,02305,06,3,20251008,124409,000004491001,2,2.49,4.98,0.00,0.31,S,6069556076,,USD,DB
70013064,02305,06,1,20251008,95951,000000094103,1,3.79,3.79,0.00,0.00,S,,,USD,CS
70013064,02305,06,2,20251008,95951,000004491002,1,6.99,6.99,0.00,0.44,S,,,USD,CS
70013065,02305,02,1,20251008,142317,000000093410,0.300,3.99,1.20,0.00,0.00,S,6070184094,,USD,CC
70013065,02305,02,2,20251008,142317,000000093321,1.267,1.49,1.89,0.00,0.00,S,6070184094,,USD,CC
70013065,02305,02,3,20251008,142317,000004473002,3,2.79,8.37,0.00,0.52,S,6070184094,,USD,CC
70013066,02305,03,1,20251008,80145,000004473001,2,2.99,5.98,0.00,0.37,S,,,USD,DB
70013066,02305,03,2,20251008,80145,000000094202,1.145,1.99,2.28,0.00,0.00,S,,,USD,DB
70013067,03050,01,1,20251008,91735,000004482002,1,17.99,17.99,0.00,1.12,S,,,USD,DB
70013068,03050,05,1,20251008,212615,000000040101,1.922,18.99,36.50,0.00,0.00,S,6010022557,,USD,CC
70013068,03050,05,2,20251008,212615,000000005103,2,6.99,13.98,0.00,0.00,S,6010022557,,USD,CC
70013068,03050,05,3,20251008,212615,000000040201,1,8.99,8.99,0.00,0.00,S,6010022557,,USD,CC
70013068,03050,05,4,20251008,212615,000000005302,1,3.49,3.49,0.00,0.00,S,6010022557,,USD,CC
70013068,03050,05,5,20251008,212615,000004472001,1,3.99,3.99,0.00,0.25,S,6010022557,,USD,CC
70013068,03050,05,6,20251008,212615,000004492001,1,1.79,1.79,0.00,0.11,S,6010022557,,USD,CC
70013069,03050,06,1,20251008,191234,000000094202,1.100,1.99,2.19,0.00,0.00,S,6076457938,,USD,DB
70013069,03050,06,2,20251008,191234,000000005101,2,7.99,15.98,0.00,0.00,S,6076457938,,USD,DB
70013069,03050,06,3,20251008,191234,000000005102,1,5.49,5.49,0.00,0.00,S,6076457938,,USD,DB
70013069,03050,06,4,20251008,191234,000000005101,2,7.99,15.98,0.00,0.00,V,6076457938,,USD,DB
70013070,03050,01,1,20251008,153319,000004472001,1,3.99,3.99,0.00,0.25,S,,,USD,CC
70013070,03050,01,2,20251008,153319,000000020201,2,5.49,10.98,0.00,0.00,S,,,USD,CC
70013070,03050,01,3,20251008,153319,000000020102,3,3.49,10.47,3.49,0.00,S,,MB25W36,USD,CC
70013070,03050,01,4,20251008,153319,000000020102,1,3.49,3.49,0.00,0.00,S,,,USD,CC
70013070,03050,01,5,20251008,153319,000000551020,2,13.99,27.98,0.00,1.75,S,,,USD,CC
70013071,03050,03,1,20251008,71609,000000093325,0.480,3.99,1.92,0.00,0.00,S,,,USD,CC
70013071,03050,03,2,20251008,71609,000004481002,1,7.99,7.99,0.00,0.50,S,,,USD,CC
70013071,03050,03,3,20251008,71609,000000093410,1.811,3.99,7.23,0.00,0.00,S,,,USD,CC
70013072,03050,04,1,20251008,120816,000000094202,0.968,1.99,1.93,0.00,0.00,S,,,USD,CC
70013072,03050,04,2,20251008,120816,000000030203,1,8.49,8.49,0.00,0.00,S,,,USD,CC
70013072,03050,04,3,20251008,120816,000000094203,1.486,1.49,2.21,0.00,0.00,S,,,USD,CC
70013073,03050,02,1,20251008,122301,000000020102,3,3.49,10.47,3.49,0.00,S,,MB25W36,USD,DB
70013073,03050,02,2,20251008,122301,000000094201,0.595,1.69,1.01,0.00,0.00,S,,,USD,DB
70013073,03050,02,3,20251008,122301,000000040202,1,14.99,14.99,0.00,0.00,S,,,USD,DB
70013073,03050,02,4,20251008,122301,000004492002,1,1.49,1.49,0.00,0.09,S,,,USD,DB
70013074,03050,03,1,20251008,160512,000000093401,1.829,5.49,10.04,0.00,0.00,S,6024268774,,USD,DB
70013074,03050,03,2,20251008,160512,000000005202,1,5.99,5.99,0.00,0.00,S,6024268774,,USD,DB
70013075,00317,05,1,20251008,184644,000000005302,1,4.69,4.69,0.00,0.00,S,6068893628,,CAD,DB
70013075,00317,05,2,20251008,184644,000000005201,1,5.39,5.39,0.00,0.00,S,6068893628,,CAD,DB
70013076,00317,02,1,20251008,92149,000000551021,1,16.29,16.29,0.00,1.02,S,,,CAD,GC
70013077,00317,03,1,20251008,151944,000000552002,1,5.39,5.39,0.00,0.34,S,,,CAD,CC
70013077,00317,03,2,20251008,151944,000004492003,2,3.09,6.18,0.00,0.39,S,,,CAD,CC
70013078,00317,01,1,20251008,131535,000000030101,2,9.49,18.98,0.00,0.00,S,,,CAD,DB
70013078,00317,01,2,20251008,131535,000000040102,1.876,23.09,43.32,0.00,0.00,S,,,CAD,DB
70013078,00317,01,3,20251008,131535,000004481001,2,10.89,21.78,0.00,1.36,S,,,CAD,DB
70013079,00317,04,1,20251008,143603,000004482001,1,18.99,18.99,0.00,1.19,S,,,CAD,GC
70013079,00317,04,2,20251008,143603,000000030202,3,15.59,46.77,0.00,0.00,S,,,CAD,GC
70013079,00317,04,3,20251008,143603,000004471040,1,3.39,3.39,0.00,0.21,S,,,CAD,GC
70013079,00317,04,4,20251008,143603,000000040101,0.510,25.79,13.15,0.00,0.00,S,,,CAD,GC
70013080,00317,02,1,20251008,113508,000004491001,1,3.39,3.39,0.00,0.21,S,6089623091,,CAD,CC
70013080,00317,02,2,20251008,113508,000000094203,1.532,1.99,3.05,0.00,0.00,S,6089623091,,CAD,CC
70013080,00317,02,3,20251008,113508,000000005101,2,10.89,21.78,0.00,0.00,S,6089623091,,CAD,CC
70013080,00317,02,4,20251008,113508,000000094201,1.003,2.29,2.30,0.00,0.00,S,6089623091,,CAD,CC
70013081,00317,04,1,20251008,203705,000004472050,1,5.39,5.39,0.00,0.34,S,6055855665,,CAD,CC
70013082,00317,05,1,20251008,132713,000000005101,1,10.89,10.89,0.00,0.00,S,6013305319,,CAD,CC
70013083,00322,05,1,20251008,160120,000000552002,1,5.39,5.39,0.00,0.34,S,,,CAD,CC
70013083,00322,05,2,20251008,160120,000000020102,1,4.69,4.69,0.00,0.00,S,,,CAD,CC
70013083,00322,05,3,20251008,160120,000004471030,1,5.39,5.39,0.00,0.34,S,,,CAD,CC
70013084,00322,05,1,20251008,94524,000004493001,1,7.49,7.49,0.00,0.47,S,6068007229,,CAD,GC
70013084,00322,05,2,20251008,94524,000000005020,1,6.09,6.09,0.00,0.00,S,6068007229,,CAD,GC
70013084,00322,05,3,20251008,94524,000004473003,1,4.69,4.69,0.00,0.29,S,6068007229,,CAD,GC
70013084,00322,05,4,20251008,94524,000000005103,1,9.49,9.49,0.00,0.00,S,6068007229,,CAD,GC
70013084,00322,05,5,20251008,94524,000004483001,1,6.79,6.79,0.00,0.42,S,6068007229,,CAD,GC
70013085,00322,05,1,20251008,114505,000004471040,1,3.39,3.39,0.00,0.21,S,6046729949,,CAD,CS
70013086,00322,01,1,20251008,141948,000000040102,1.121,23.09,25.88,0.00,0.00,S,6053076248,,CAD,DB
70013087,01042,06,1,20251009,91118,000000020201,1,5.49,5.49,0.00,0.00,S,6012710267,,USD,GC
70013087,01042,06,2,20251009,91118,000004481002,1,7.99,7.99,0.00,0.50,S,6012710267,,USD,GC
70013088,01042,05,1,20251009,194355,000000093402,1.781,3.29,5.86,0.00,0.00,S,6047812248,,USD,CS
70013089,01042,01,1,20251009,185121,000000040101,0.665,18.99,12.63,0.00,0.00,S,,,USD,DB
70013089,01042,01,2,20251009,185121,000000093502,2,3.99,7.98,0.00,0.00,S,,,USD,DB
70013089,01042,01,3,20251009,185121,000000005202,1,5.99,5.99,0.00,0.00,S,,,USD,DB
70013089,01042,01,4,20251009,185121,000000093501,2,4.49,8.98,4.49,0.00,S,,BG25W36,USD,DB
70013089,01042,01,5,20251009,185121,000000093503,2,4.29,8.58,0.00,0.00,S,,,USD,DB
70013089,01042,01,6,20251009,185121,000004482003,2,5.49,10.98,5.49,0.34,S,,BG25W36,USD,DB
70013090,01042,05,1,20251009,183757,000000020201,1,5.49,5.49,0.00,0.00,S,,,USD,DB
70013091,01042,05,1,20251009,161518,000000040102,1.448,16.99,24.60,0.00,0.00,S,,,USD,DB
70013091,01042,05,2,20251009,161518,000000005020,1,4.49,4.49,0.00,0.00,S,,,USD,DB
70013091,01042,05,3,20251009,161518,000000094103,1,3.79,3.79,0.00,0.00,S,,,USD,DB
70013091,01042,05,4,20251009,161518,000000005012,1,3.99,3.99,0.00,0.00,S,,,USD,DB
70013091,01042,05,5,20251009,161518,000000093321,0.943,1.49,1.41,0.00,0.00,S,,,USD,DB
70013092,01107,03,1,20251009,121135,000000005201,2,3.99,7.98,0.00,0.00,S,,,USD,CC
70013092,01107,03,2,20251009,121135,000004481001,1,7.99,7.99,0.00,0.50,S,,,USD,CC
70013092,01107,03,3,20251009,121135,000004491001,1,2.49,2.49,0.00,0.16,S,,,USD,CC
70013092,01107,03,4,20251009,121135,000000562001,1,10.99,10.99,0.00,0.69,S,,,USD,CC
70013092,01107,03,5,20251009,121135,000000005302,2,3.49,6.98,0.00,0.00,S,,,USD,CC
70013092,01107,03,6,20251009,121135,000004471023,1,3.49,3.49,0.00,0.22,S,,,USD,CC
70013093,01107,02,1,20251009,173812,000004481003,2,4.99,9.98,0.00,0.62,S,6053733777,,USD,GC
70013093,01107,02,2,20251009,173812,000004492001,1,1.79,1.79,0.00,0.11,S,6053733777,,USD,GC
70013093,01107,02,3,20251009,173812,000004483002,1,3.49,3.49,0.00,0.22,S,6053733777,,USD,GC
70013093,01107,02,4,20251009,173812,000000562002,1,8.49,8.49,0.00,0.53,S,6053733777,,USD,GC
70013094,02210,04,1,20251009,125037,000000094101,1,3.99,3.99,0.00,0.00,R,,,USD,GC
70013095,02210,03,1,20251009,180443,000000005201,1,3.99,3.99,0.00,0.00,S,,,USD,CS
70013095,02210,03,2,20251009,180443,000004481003,1,4.99,4.99,0.00,0.31,S,,,USD,CS
70013096,02210,01,1,20251009,200523,000000040102,0.435,16.99,7.39,0.00,0.00,S,,,USD,DB
70013096,02210,01,2,20251009,200523,000000030103,1,8.99,8.99,0.00,0.00,S,,,USD,DB
70013096,02210,01,3,20251009,200523,000000005012,2,3.99,7.98,0.00,0.00,S,,,USD,DB
70013097,02211,02,1,20251009,151601,000000093325,1.222,3.99,4.88,0.00,0.00,S,6013760375,,USD,CC
70013097,02211,02,2,20251009,151601,000000040202,1,14.99,14.99,0.00,0.00,S,6013760375,,USD,CC
70013097,02211,02,3,20251009,151601,000000005020,1,4.49,4.49,0.00,0.00,S,6013760375,,USD,CC
70013097,02211,02,4,20251009,151601,000004482003,1,5.49,5.49,0.00,0.34,S,6013760375,,USD,CC
70013097,02211,02,5,20251009,151601,000000094102,1,3.49,3.49,0.00,0.00,S,6013760375,,USD,CC
70013098,02211,05,1,20251009,195653,000000020202,2,5.99,11.98,0.00,0.00,S,,,USD,DB
70013099,02211,03,1,20251009,192719,000000552002,1,3.99,3.99,0.00,0.25,S,6074573144,,USD,CS
70013099,02211,03,2,20251009,192719,000000005202,2,5.99,11.98,0.00,0.00,S,6074573144,,USD,CS
70013099,02211,03,3,20251009,192719,000004482003,2,5.49,10.98,5.49,0.34,S,6074573144,BG25W36,USD,CS
70013099,02211,03,4,20251009,192719,000000005102,1,5.49,5.49,0.00,0.00,S,6074573144,,USD,CS
70013099,02211,03,5,20251009,192719,000000020201,1,5.49,5.49,0.00,0.00,S,6074573144,,USD,CS
70013100,02211,04,1,20251009,205557,000000040102,1.066,16.99,18.11,0.00,0.00,S,,,USD,GC
70013100,02211,04,2,20251009,205557,000004483001,1,4.99,4.99,0.00,0.31,S,,,USD,GC
70013101,02211,06,1,20251009,111254,000000040102,1.063,16.99,18.06,0.00,0.00,S,,,USD,DB
70013102,02305,02,1,20251009,185405,000000093325,0.541,3.99,2.16,0.00,0.00,S,6096932591,,USD,GC
70013103,02305,04,1,20251009,161905,000000005102,1,5.49,5.49,0.00,0.00,S,6078280647,,USD,CC
70013104,02305,04,1,20251009,213210,000000020203,1,6.49,6.49,0.00,0.00,S,,,USD,DB
70013104,02305,04,2,20251009,213210,000004472001,1,3.99,3.99,0.00,0.25,S,,,USD,DB
70013104,02305,04,3,20251009,213210,000004492003,1,2.29,2.29,0.00,0.14,S,,,USD,DB
70013105,02305,03,1,20251009,173152,000004471040,1,2.49,2.49,0.00,0.16,S,,,USD,DB
70013105,02305,03,2,20251009,173152,000000030201,2,9.99,19.98,0.00,0.00,S,,,USD,DB
70013105,02305,03,3,20251009,173152,000000031102,1.637,19.99,32.72,0.00,0.00,S,,,USD,DB
70013106,02305,01,1,20251009,172746,000004482001,1,13.99,13.99,0.00,0.87,S,,,USD,DB
70013107,02305,06,1,20251009,93013,000000094301,1.489,4.39,6.54,0.00,0.00,S,,,USD,DB
70013107,02305,06,2,20251009,93013,000004482003,2,5.49,10.98,5.49,0.34,S,,BG25W36,USD,DB
70013107,02305,06,3,20251009,93013,000000552002,1,3.99,3.99,0.00,0.25,S,,,USD,DB
70013107,02305,06,4,20251009,93013,000000031102,1.679,19.99,33.56,0.00,0.00,S,,,USD,DB
70013108,02305,05,1,20251009,162059,000000005301,1,5.49,5.49,0.00,0.00,S,,,USD,CC
70013108,02305,05,2,20251009,162059,000000093321,1.437,1.49,2.14,0.00,0.00,S,,,USD,CC
70013108,02305,05,3,20251009,162059,000000005013,1,3.89,3.89,0.00,0.00,S,,,USD,CC
70013108,02305,05,4,20251009,162059,000000561002,1,7.49,7.49,0.00,0.47,S,,,USD,CC
70013109,02305,04,1,20251009,165905,000000030203,1,8.49,8.49,0.00,0.00,S,,,USD,GC
70013109,02305,04,2,20251009,165905,000004481002,1,7.99,7.99,0.00,0.50,S,,,USD,GC
70013109,02305,04,3,20251009,165905,000004492001,1,1.79,1.79,0.00,0.11,S,,,USD,GC
70013109,02305,04,4,20251009,165905,000000094101,2,3.99,7.98,0.00,0.00,S,,,USD,GC
70013109,02305,04,5,20251009,165905,000000094103,2,3.79,7.58,0.00,0.00,S,,,USD,GC
70013109,02305,04,6,20251009,165905,000000030201,1,9.99,9.99,0.00,0.00,S,,,USD,GC
70013110,02305,02,1,20251009,121906,000000552001,2,4.49,8.98,4.49,0.28,S,,BG25W36,USD,DB
70013111,02305,01,1,20251009,143041,000004481001,3,7.99,23.97,7.99,1.00,S,,MB25W36,USD,CC
70013111,02305,01,2,20251009,143041,000000093321,2.058,1.49,3.07,0.00,0.00,S,,,USD,CC
70013111,02305,01,3,20251009,143041,000000005012,1,3.99,3.99,0.00,0.00,S,,,USD,CC
70013112,02305,04,1,20251009,115258,000000552001,2,4.49,8.98,4.49,0.28,S,6017537030,BG25W36,USD,CS
70013113,03050,03,1,20251009,110303,000004473003,1,3.49,3.49,0.00,0.22,S,,,USD,DB
70013114,03050,03,1,20251009,203656,000000030102,2,14.99,29.98,0.00,0.00,S,6031537795,,USD,CC
70013114,03050,03,2,20251009,203656,000004483002,1,3.49,3.49,0.00,0.22,S,6031537795,,USD,CC
70013114,03050,03,3,20251009,203656,000004493002,1,3.99,3.99,0.00,0.25,S,6031537795,,USD,CC
70013115,03050,04,1,20251009,203232,000000020101,2,2.49,4.98,2.49,0.00,S,,BG25W36,USD,DB
70013115,03050,04,2,20251009,203232,000000040202,2,14.99,29.98,0.00,0.00,S,,,USD,DB
70013115,03050,04,3,20251009,203232,000000093502,1,3.99,3.99,0.00,0.00,S,,,USD,DB
70013115,03050,04,4,20251009,203232,000000094202,1.495,1.99,2.98,0.00,0.00,S,,,USD,DB
70013116,03050,01,1,20251009,105527,000004493001,1,5.49,5.49,0.00,0.34,S,6044857086,,USD,DB
70013117,03050,02,1,20251009,90435,000004482001,2,13.99,27.98,0.00,1.75,S,,,USD,CC
70013117,03050,02,2,20251009,90435,000004492003,1,2.29,2.29,0.00,0.14,S,,,USD,CC
70013117,03050,02,3,20251009,90435,000000030203,1,8.49,8.49,0.00,0.00,S,,,USD,CC
70013117,03050,02,4,20251009,90435,000000552002,1,3.99,3.99,0.00,0.25,S,,,USD,CC
70013118,03050,05,1,20251009,91017,000004492001,1,1.79,1.79,0.00,0.11,S,,,USD,DB
70013118,03050,05,2,20251009,91017,000004471024,1,3.49,3.49,0.00,0.22,S,,,USD,DB
70013119,03050,02,1,20251009,181703,000000094201,1.214,1.69,2.05,0.00,0.00,S,,,USD,CS
70013119,03050,02,2,20251009,181703,000004493002,1,3.99,3.99,0.00,0.25,S,,,USD,CS
70013119,03050,02,3,20251009,181703,000000093322,1.496,1.99,2.98,0.00,0.00,S,,,USD,CS
70013119,03050,02,4,20251009,181703,000000094202,1.956,1.99,3.89,0.00,0.00,S,,,USD,CS
70013120,03050,03,1,20251009,212106,000004493001,1,5.49,5.49,0.00,0.34,S,6049187274,,USD,DB
70013121,03050,02,1,20251009,101844,000000094103,2,3.79,7.58,0.00,0.00,S,,,USD,GC
70013121,03050,02,2,20251009,101844,000000093321,1.947,1.49,2.90,0.00,0.00,S,,,USD,GC
70013121,03050,02,3,20251009,101844,000000093322,1.358,1.99,2.70,0.00,0.00,S,,,USD,GC
70013122,03050,03,1,20251009,123357,000000551020,1,13.99,13.99,0.00,0.87,S,,,USD,CC
70013123,03050,02,1,20251009,160715,000000551021,1,11.99,11.99,0.00,0.75,S,,,USD,DB
70013124,00317,06,1,20251009,91348,000004482001,2,18.99,37.98,0.00,2.37,S,,,CAD,CS
70013124,00317,06,2,20251009,91348,000000094202,0.384,2.69,1.03,0.00,0.00,S,,,CAD,CS
70013125,00317,03,1,20251009,192135,000004472002,1,6.09,6.09,0.00,0.38,S,,,CAD,CC
70013125,00317,03,2,20251009,192135,000004472050,1,5.39,5.39,0.00,0.34,S,,,CAD,CC
70013125,00317,03,3,20251009,192135,000000005301,3,7.49,22.47,0.00,0.00,S,,,CAD,CC
70013125,00317,03,4,20251009,192135,000004471023,2,4.69,9.38,0.00,0.59,S,,,CAD,CC
70013125,00317,03,5,20251009,192135,000004482002,1,24.49,24.49,0.00,1.53,S,,,CAD,CC
70013126,00317,05,1,20251009,192358,000000005202,1,8.09,8.09,0.00,0.00,S,,,CAD,DB
70013126,00317,05,2,20251009,192358,000000094101,1,5.39,5.39,0.00,0.00,S,,,CAD,DB
70013127,00317,04,1,20251009,212158,000000094101,1,5.39,5.39,0.00,0.00,S,,,CAD,CC
70013127,00317,04,2,20251009,212158,000004492002,1,1.99,1.99,0.00,0.12,S,,,CAD,CC
70013127,00317,04,3,20251009,212158,000000093402,1.644,4.49,7.38,0.00,0.00,S,,,CAD,CC
70013127,00317,04,4,20251009,212158,000000094301,0.496,5.99,2.97,0.00,0.00,S,,,CAD,CC
70013127,00317,04,5,20251009,212158,000000005101,1,10.89,10.89,0.00,0.00,S,,,CAD,CC
70013128,00317,02,1,20251009,182349,000000005101,2,10.89,21.78,0.00,0.00,S,,,CAD,CS
70013128,00317,02,2,20251009,182349,000000020101,2,3.39,6.78,3.39,0.00,S,,BG25W36,CAD,CS
70013129,00317,02,1,20251009,185135,000004493002,1,5.39,5.39,0.00,0.34,S,6074064930,,CAD,GC
70013130,00317,01,1,20251009,215045,000000005102,1,7.49,7.49,0.00,0.00,S,,,CAD,CS
70013130,00317,01,2,20251009,215045,000004493001,1,7.49,7.49,0.00,0.47,S,,,CAD,CS
70013130,00317,01,3,20251009,215045,000000561002,1,10.19,10.19,0.00,0.64,S,,,CAD,CS
70013130,00317,01,4,20251009,215045,000004471024,1,4.69,4.69,0.00,0.29,S,,,CAD,CS
70013131,00317,02,1,20251009,153801,000000094302,0.978,7.49,7.33,0.00,0.00,S,6019906234,,CAD,GC
70013131,00317,02,2,20251009,153801,000000094301,1.327,5.99,7.95,0.00,0.00,S,6019906234,,CAD,GC
70013132,00317,05,1,20251009,104656,000000030202,1,15.59,15.59,0.00,0.00,S,,,CAD,CC
70013132,00317,05,2,20251009,104656,000000552002,1,5.39,5.39,0.00,0.34,S,,,CAD,CC
70013132,00317,05,3,20251009,104656,000000094202,1.700,2.69,4.57,0.00,0.00,S,,,CAD,CC
70013132,00317,05,4,20251009,104656,000000030202,1,15.59,15.59,0.00,0.00,S,,,CAD,CC
70013132,00317,05,5,20251009,104656,000004471030,3,5.39,16.17,0.00,1.01,S,,,CAD,CC
70013133,00322,04,1,20251009,202639,000000040201,1,12.19,12.19,0.00,0.00,S,6071136337,,CAD,CC
70013133,00322,04,2,20251009,202639,000000020103,1,6.79,6.79,0.00,0.00,S,6071136337,,CAD,CC
70013133,00322,04,3,20251009,202639,000004472050,1,5.39,5.39,0.00,0.34,S,6071136337,,CAD,CC
70013133,00322,04,4,20251009,202639,000004472002,1,6.09,6.09,0.00,0.38,S,6071136337,,CAD,CC
70013134,00322,02,1,20251009,145903,000000005012,1,5.39,5.39,0.00,0.00,S,6046729949,,CAD,DB
70013134,00322,02,2,20251009,145903,000000040202,1,20.39,20.39,0.00,0.00,S,6046729949,,CAD,DB
70013134,00322,02,3,20251009,145903,000004491002,1,9.49,9.49,0.00,0.59,S,6046729949,,CAD,DB
70013134,00322,02,4,20251009,145903,000000094202,1.231,2.69,3.31,0.00,0.00,S,6046729949,,CAD,DB
70013134,00322,02,5,20251009,145903,000004471024,1,4.69,4.69,0.00,0.29,S,6046729949,,CAD,DB
70013134,00322,02,6,20251009,145903,000004471024,1,4.69,4.69,0.00,0.29,S,6046729949,,CAD,DB
70013135,01042,02,1,20251010,73335,000000030103,2,8.99,17.98,0.00,0.00,S,6014607455,,USD,CS
70013135,01042,02,2,20251010,73335,000004491003,1,1.99,1.99,0.00,0.12,S,6014607455,,USD,CS
70013135,01042,02,3,20251010,73335,000000030102,1,14.99,14.99,0.00,0.00,S,6014607455,,USD,CS
70013135,01042,02,4,20251010,73335,000000005302,2,3.49,6.98,0.00,0.00,S,6014607455,,USD,CS
70013136,01042,01,1,20251010,135837,000004493001,1,5.49,5.49,0.00,0.34,S,,,USD,CC
70013136,01042,01,2,20251010,135837,000000094103,1,3.79,3.79,0.00,0.00,S,,,USD,CC
70013136,01042,01,3,20251010,135837,000000093501,2,4.49,8.98,4.49,0.00,S,,BG25W36,USD,CC
70013136,01042,01,4,20251010,135837,000004492001,1,1.79,1.79,0.00,0.11,S,,,USD,CC
70013136,01042,01,5,20251010,135837,000004492003,1,2.29,2.29,0.00,0.14,S,,,USD,CC
70013137,01107,03,1,20251010,72111,000004471023,1,3.49,3.49,0.00,0.22,S,,,USD,CS
70013137,01107,03,2,20251010,72111,000004482002,1,17.99,17.99,0.00,1.12,S,,,USD,CS
70013137,01107,03,3,20251010,72111,000004483002,1,3.49,3.49,0.00,0.22,S,,,USD,CS
70013137,01107,03,4,20251010,72111,000000093402,0.387,3.29,1.27,0.00,0.00,S,,,USD,CS
70013138,01107,06,1,20251010,165936,000004492003,1,2.29,2.29,0.00,0.14,S,,,USD,DB
70013138,01107,06,2,20251010,165936,000000040101,0.420,18.99,7.98,0.00,0.00,S,,,USD,DB
70013138,01107,06,3,20251010,165936,000004481002,1,7.99,7.99,0.00,0.50,S,,,USD,DB
70013138,01107,06,4,20251010,165936,000000561002,2,7.49,14.98,0.00,0.94,S,,,USD,DB
70013138,01107,06,5,20251010,165936,000000005101,2,7.99,15.98,0.00,0.00,S,,,USD,DB
70013138,01107,06,6,20251010,165936,000004473003,3,3.49,10.47,0.00,0.65,S,,,USD,DB
70013139,01107,01,1,20251010,92008,000000005103,1,6.99,6.99,0.00,0.00,S,,,USD,CC
70013139,01107,01,2,20251010,92008,000000005302,1,3.49,3.49,0.00,0.00,S,,,USD,CC
70013140,01107,06,1,20251010,132937,000000093321,1.982,1.49,2.95,0.00,0.00,S,6000051553,,USD,DB
70013141,01107,04,1,20251010,102323,000004473001,1,2.99,2.99,0.00,0.19,S,6052500292,,USD,CC
70013141,01107,04,2,20251010,102323,000004492003,3,2.29,6.87,0.00,0.43,S,6052500292,,USD,CC
70013141,01107,04,3,20251010,102323,000004483002,1,3.49,3.49,0.00,0.22,S,6052500292,,USD,CC
70013141,01107,04,4,20251010,102323,000004472002,1,4.49,4.49,0.00,0.28,S,6052500292,,USD,CC
70013141,01107,04,5,20251010,102323,000000040102,2.189,16.99,37.19,0.00,0.00,S,6052500292,,USD,CC
70013142,02210,02,1,20251010,124459,000004481001,3,7.99,23.97,7.99,1.00,S,6092944551,MB25W36,USD,CC
70013143,02210,06,1,20251010,144657,000004491001,2,2.49,4.98,0.00,0.31,S,6054647548,,USD,CS
70013143,02210,06,2,20251010,144657,000000040102,0.615,16.99,10.45,0.00,0.00,S,6054647548,,USD,CS
70013144,02210,04,1,20251010,92918,000000093402,1.199,3.29,3.94,0.00,0.00,S,,,USD,GC
70013144,02210,04,2,20251010,92918,000004472002,1,4.49,4.49,0.00,0.28,S,,,USD,GC
70013144,02210,04,3,20251010,92918,000000094103,1,3.79,3.79,0.00,0.00,S,,,USD,GC
70013144,02210,04,4,20251010,92918,000000005012,1,3.99,3.99,0.00,0.00,S,,,USD,GC
70013145,02210,01,1,20251010,73456,000000020102,3,3.49,10.47,3.49,0.00,S,,MB25W36,USD,DB
70013145,02210,01,2,20251010,73456,000004493002,1,3.99,3.99,0.00,0.25,S,,,USD,DB
70013146,02210,01,1,20251010,150627,000000020102,2,3.49,6.98,0.00,0.00,S,6058273902,,USD,CC
70013146,02210,01,2,20251010,150627,000000094302,1.527,5.49,8.38,0.00,0.00,S,6058273902,,USD,CC
70013147,02211,06,1,20251010,85606,000000093501,2,4.49,8.98,4.49,0.00,S,,BG25W36,USD,DB
70013148,02211,03,1,20251010,80659,000004472003,1,3.29,3.29,0.00,0.21,S,6001347789,,USD,GC
70013148,02211,03,2,20251010,80659,000004471023,1,3.49,3.49,0.00,0.22,S,6001347789,,USD,GC
70013149,02211,03,1,20251010,71909,000000020101,1,2.49,2.49,0.00,0.00,S,,,USD,CC
70013150,02211,05,1,20251010,92706,000000040102,1.869,16.99,31.75,0.00,0.00,S,,,USD,CS
70013151,02211,06,1,20251010,93541,000004471040,2,2.49,4.98,0.00,0.31,S,6044260781,,USD,CC
70013151,02211,06,2,20251010,93541,000004482003,1,5.49,5.49,0.00,0.34,S,6044260781,,USD,CC
70013152,02211,01,1,20251010,213653,000004471024,1,3.49,3.49,0.00,0.22,S,6076769915,,USD,GC
70013153,02211,01,1,20251010,113659,000000040101,1.510,18.99,28.67,0.00,0.00,S,6083046990,,USD,DB
70013153,02211,01,2,20251010,113659,000000040203,2,11.99,23.98,0.00,0.00,S,6083046990,,USD,DB
70013153,02211,01,3,20251010,113659,000000020101,1,2.49,2.49,0.00,0.00,S,6083046990,,USD,DB
70013153,02211,01,4,20251010,113659,000004473003,2,3.49,6.98,0.00,0.44,S,6083046990,,USD,DB
70013154,02305,02,1,20251010,100928,000000005103,1,6.99,6.99,0.00,0.00,S,6029839542,,USD,CC
70013155,02305,05,1,20251010,123905,000000040202,1,14.99,14.99,0.00,0.00,S,6063351571,,USD,CC
70013155,02305,05,2,20251010,123905,000004492001,1,1.79,1.79,0.00,0.11,S,6063351571,,USD,CC
70013155,02305,05,3,20251010,123905,000000020202,1,5.99,5.99,0.00,0.00,S,6063351571,,USD,CC
70013156,02305,06,1,20251010,180740,000004472001,1,3.99,3.99,0.00,0.25,S,6013760375,,USD,CC
70013156,02305,06,2,20251010,180740,000000093502,2,3.99,7.98,0.00,0.00,S,6013760375,,USD,CC
70013157,02305,01,1,20251010,105412,000004473002,2,2.79,5.58,0.00,0.35,S,,,USD,CC
70013157,02305,01,2,20251010,105412,000000561002,1,7.49,7.49,0.00,0.47,S,,,USD,CC
70013157,02305,01,3,20251010,105412,000000562001,1,10.99,10.99,0.00,0.69,S,,,USD,CC
70013157,02305,01,4,20251010,105412,000004482003,1,5.49,5.49,0.00,0.34,S,,,USD,CC
70013157,02305,01,5,20251010,105412,000000552001,2,4.49,8.98,4.49,0.28,S,,BG25W36,USD,CC
70013158,02305,06,1,20251010,194741,000000005012,2,3.99,7.98,0.00,0.00,S,6008656756,,USD,DB
70013158,02305,06,2,20251010,194741,000000093502,1,3.99,3.99,0.00,0.00,S,6008656756,,USD,DB
70013159,03050,03,1,20251010,192723,000000005302,1,3.49,3.49,0.00,0.00,S,6082300478,,USD,CC
70013160,03050,01,1,20251010,192537,000000093501,1,4.49,4.49,0.00,0.00,S,6030451957,,USD,CC
70013160,03050,01,2,20251010,192537,000000093322,0.984,1.99,1.96,0.00,0.00,S,6030451957,,USD,CC
70013160,03050,01,3,20251010,192537,000000561001,1,9.99,9.99,0.00,0.62,S,6030451957,,USD,CC
70013161,03050,02,1,20251010,131152,000000020203,1,6.49,6.49,0.00,0.00,R,6025699611,,USD,CC
70013162,03050,04,1,20251010,165219,000000093321,0.737,1.49,1.10,0.00,0.00,S,6099648997,,USD,CC
70013162,03050,04,2,20251010,165219,000000005012,1,3.99,3.99,0.00,0.00,S,6099648997,,USD,CC
70013162,03050,04,3,20251010,165219,000004472003,1,3.29,3.29,0.00,0.21,S,6099648997,,USD,CC
70013162,03050,04,4,20251010,165219,000000093321,0.252,1.49,0.38,0.00,0.00,S,6099648997,,USD,CC
70013163,03050,05,1,20251010,190337,000000005102,2,5.49,10.98,0.00,0.00,S,,,USD,GC
70013163,03050,05,2,20251010,190337,000000093503,1,4.29,4.29,0.00,0.00,S,,,USD,GC
70013164,00317,03,1,20251010,95719,000000040101,1.217,25.79,31.39,0.00,0.00,S,6087020701,,CAD,CC
70013164,00317,03,2,20251010,95719,000004473003,1,4.69,4.69,0.00,0.29,S,6087020701,,CAD,CC
70013164,00317,03,3,20251010,95719,000004491003,1,2.69,2.69,0.00,0.17,S,6087020701,,CAD,CC
70013164,00317,03,4,20251010,95719,000000093322,1.723,2.69,4.63,0.00,0.00,S,6087020701,,CAD,CC
70013165,00317,03,1,20251010,114959,000000040101,2.166,25.79,55.86,0.00,0.00,S,,,CAD,CC
70013166,00317,04,1,20251010,130417,000000030102,1,20.39,20.39,0.00,0.00,S,,,CAD,CS
70013166,00317,04,2,20251010,130417,000000020101,1,3.39,3.39,0.00,0.00,S,,,CAD,CS
70013166,00317,04,3,20251010,130417,000000005201,1,5.39,5.39,0.00,0.00,S,,,CAD,CS
70013167,00317,02,1,20251010,160451,000000005103,2,9.49,18.98,0.00,0.00,S,,,CAD,CC
70013167,00317,02,2,20251010,160451,000004482002,3,24.49,73.47,0.00,4.59,S,,,CAD,CC
70013167,00317,02,3,20251010,160451,000000093501,2,6.09,12.18,6.09,0.00,S,,BG25W36,CAD,CC
70013168,00317,02,1,20251010,164106,000000031101,0.837,33.99,28.45,0.00,0.00,S,6007859321,,CAD,DB
70013168,00317,02,2,20251010,164106,000004493001,1,7.49,7.49,0.00,0.47,S,6007859321,,CAD,DB
70013169,00317,04,1,20251010,125831,000000020103,1,6.79,6.79,0.00,0.00,S,,,CAD,CC
70013169,00317,04,2,20251010,125831,000000093501,1,6.09,6.09,0.00,0.00,S,,,CAD,CC
70013169,00317,04,3,20251010,125831,000004471030,1,5.39,5.39,0.00,0.34,S,,,CAD,CC
70013170,00317,02,1,20251010,95412,000004482003,2,7.49,14.98,7.49,0.47,S,,BG25W36,CAD,DB
70013170,00317,02,2,20251010,95412,000000561002,1,10.19,10.19,0.00,0.64,S,,,CAD,DB
70013170,00317,02,3,20251010,95412,000000093501,2,6.09,12.18,6.09,0.00,S,,BG25W36,CAD,DB
70013170,00317,02,4,20251010,95412,000000005102,1,7.49,7.49,0.00,0.00,S,,,CAD,DB
70013170,00317,02,5,20251010,95412,000000005201,2,5.39,10.78,0.00,0.00,S,,,CAD,DB
70013171,00317,03,1,20251010,181455,000000561001,1,13.59,13.59,0.00,0.85,S,6097327021,,CAD,CC
70013171,00317,03,2,20251010,181455,000000552001,1,6.09,6.09,0.00,0.38,S,6097327021,,CAD,CC
70013171,00317,03,3,20251010,181455,000000030102,1,20.39,20.39,0.00,0.00,S,6097327021,,CAD,CC
70013171,00317,03,4,20251010,181455,000004482001,1,18.99,18.99,0.00,1.19,S,6097327021,,CAD,CC
70013171,00317,03,5,20251010,181455,000004481003,1,6.79,6.79,0.00,0.42,S,6097327021,,CAD,CC
70013171,00317,03,6,20251010,181455,000000551020,2,18.99,37.98,0.00,2.37,S,6097327021,,CAD,CC
70013172,00317,05,1,20251010,211738,000000005101,1,10.89,10.89,0.00,0.00,S,,,CAD,CS
70013173,00317,05,1,20251010,200804,000000005013,2,5.29,10.58,0.00,0.00,S,,,CAD,CS
70013173,00317,05,2,20251010,200804,000000094201,0.396,2.29,0.91,0.00,0.00,S,,,CAD,CS
70013174,00322,02,1,20251010,212912,000000005012,3,5.39,16.17,0.00,0.00,S,,,CAD,DB
70013174,00322,02,2,20251010,212912,000004481001,3,10.89,32.67,10.89,1.36,S,,MB25W36,CAD,DB
70013174,00322,02,3,20251010,212912,000000040202,1,20.39,20.39,0.00,0.00,S,,,CAD,DB
70013174,00322,02,4,20251010,212912,000004492002,1,1.99,1.99,0.00,0.12,S,,,CAD,DB
70013175,01042,04,1,20251011,202319,000000040101,0.270,18.99,5.13,0.00,0.00,S,,,USD,CC
70013175,01042,04,2,20251011,202319,000000040102,1.932,16.99,32.82,0.00,0.00,S,,,USD,CC
70013175,01042,04,3,20251011,202319,000000094203,1.422,1.49,2.12,0.00,0.00,S,,,USD,CC
70013176,01107,02,1,20251011,82716,000000005020,1,4.49,4.49,0.00,0.00,S,,,USD,DB
70013176,01107,02,2,20251011,82716,000004492002,2,1.49,2.98,0.00,0.19,S,,,USD,DB
70013176,01107,02,3,20251011,82716,000004493002,1,3.99,3.99,0.00,0.25,S,,,USD,DB
70013176,01107,02,4,20251011,82716,000004491003,1,1.99,1.99,0.00,0.12,S,,,USD,DB
70013176,01107,02,5,20251011,82716,000000005012,1,3.99,3.99,0.00,0.00,S,,,USD,DB
70013176,01107,02,6,20251011,82716,000000005102,1,5.49,5.49,0.00,0.00,S,,,USD,DB
70013177,01107,04,1,20251011,125732,000004483001,2,4.99,9.98,0.00,0.62,S,6044701204,,USD,CC
70013178,01107,02,1,20251011,112833,000000005202,1,5.99,5.99,0.00,0.00,S,6019693157,,USD,GC
70013178,01107,02,2,20251011,112833,000000005302,1,3.49,3.49,0.00,0.00,S,6019693157,,USD,GC
70013178,01107,02,3,20251011,112833,000000040201,1,8.99,8.99,0.00,0.00,S,6019693157,,USD,GC
70013178,01107,02,4,20251011,112833,000000093322,1.234,1.99,2.46,0.00,0.00,S,6019693157,,USD,GC
70013178,01107,02,5,20251011,112833,000000020203,2,6.49,12.98,0.00,0.00,S,6019693157,,USD,GC
70013178,01107,02,6,20251011,112833,000004482002,1,17.99,17.99,0.00,1.12,S,6019693157,,USD,GC
70013179,01107,04,1,20251011,193507,000000005020,1,4.49,4.49,0.00,0.00,S,,,USD,CS
70013179,01107,04,2,20251011,193507,000004482003,2,5.49,10.98,5.49,0.34,S,,BG25W36,USD,CS
70013179,01107,04,3,20251011,193507,000004483002,1,3.49,3.49,0.00,0.22,S,,,USD,CS
70013179,01107,04,4,20251011,193507,000000005201,1,3.99,3.99,0.00,0.00,S,,,USD,CS
70013179,01107,04,5,20251011,193507,000004472003,1,3.29,3.29,0.00,0.21,S,,,USD,CS
70013179,01107,04,6,20251011,193507,000000005202,1,5.99,5.99,0.00,0.00,S,,,USD,CS
70013180,02210,06,1,20251011,190318,000000030103,2,8.99,17.98,0.00,0.00,S,,,USD,DB
70013180,02210,06,2,20251011,190318,000004493002,2,3.99,7.98,0.00,0.50,S,,,USD,DB
70013180,02210,06,3,20251011,190318,000000552001,2,4.49,8.98,4.49,0.28,S,,BG25W36,USD,DB
70013181,02210,06,1,20251011,163900,000000093321,0.650,1.49,0.97,0.00,0.00,S,6041328348,,USD,GC
70013181,02210,06,2,20251011,163900,000000552002,1,3.99,3.99,0.00,0.25,S,6041328348,,USD,GC
70013181,02210,06,3,20251011,163900,000004493002,2,3.99,7.98,0.00,0.50,S,6041328348,,USD,GC
70013181,02210,06,4,20251011,163900,000000005101,2,7.99,15.98,0.00,0.00,S,6041328348,,USD,GC
70013181,02210,06,5,20251011,163900,000004481003,1,4.99,4.99,0.00,0.31,S,6041328348,,USD,GC
70013182,02210,05,1,20251011,85806,000004483001,2,4.99,9.98,0.00,0.62,S,,,USD,DB
70013182,02210,05,2,20251011,85806,000000020101,2,2.49,4.98,2.49,0.00,S,,BG25W36,USD,DB
70013182,02210,05,3,20251011,85806,000000552002,1,3.99,3.99,0.00,0.25,S,,,USD,DB
70013182,02210,05,4,20251011,85806,000000020102,1,3.49,3.49,0.00,0.00,S,,,USD,DB
70013182,02210,05,5,20251011,85806,000000094301,1.142,4.39,5.01,0.00,0.00,S,,,USD,DB
70013182,02210,05,6,20251011,85806,000000005202,2,5.99,11.98,0.00,0.00,S,,,USD,DB
70013183,02210,03,1,20251011,175436,000004472003,2,3.29,6.58,0.00,0.41,S,,,USD,CS
70013183,02210,03,2,20251011,175436,000000005020,2,4.49,8.98,0.00,0.00,S,,,USD,CS
70013183,02210,03,3,20251011,175436,000000040202,1,14.99,14.99,0.00,0.00,S,,,USD,CS
70013183,02210,03,4,20251011,175436,000004472001,2,3.99,7.98,0.00,0.50,S,,,USD,CS
70013183,02210,03,5,20251011,175436,000000020102,1,3.49,3.49,0.00,0.00,S,,,USD,CS
70013184,02210,03,1,20251011,81049,000000093501,2,4.49,8.98,4.49,0.00,S,,BG25W36,USD,DB
70013184,02210,03,2,20251011,81049,000000094202,1.626,1.99,3.24,0.00,0.00,S,,,USD,DB
70013184,02210,03,3,20251011,81049,000000093410,1.697,3.99,6.77,0.00,0.00,S,,,USD,DB
70013185,02210,02,1,20251011,95244,000000020201,1,5.49,5.49,0.00,0.00,S,6045465535,,USD,CC
70013185,02210,02,2,20251011,95244,000004482003,2,5.49,10.98,5.49,0.34,S,6045465535,BG25W36,USD,CC
70013186,02210,06,1,20251011,120347,000000030102,1,14.99,14.99,0.00,0.00,S,,,USD,DB
70013187,02211,06,1,20251011,94959,000000005013,1,3.89,3.89,0.00,0.00,S,,,USD,CC
70013187,02211,06,2,20251011,94959,000004473002,1,2.79,2.79,0.00,0.17,S,,,USD,CC
70013188,02211,05,1,20251011,92836,000004491001,1,2.49,2.49,0.00,0.16,S,,,USD,DB
70013189,02211,05,1,20251011,203222,000004481002,2,7.99,15.98,0.00,1.00,S,,,USD,DB
70013189,02211,05,2,20251011,203222,000000040102,0.670,16.99,11.38,0.00,0.00,S,,,USD,DB
70013189,02211,05,3,20251011,203222,000000093501,1,4.49,4.49,0.00,0.00,S,,,USD,DB
70013189,02211,05,4,20251011,203222,000004473003,1,3.49,3.49,0.00,0.22,S,,,USD,DB
70013190,02211,02,1,20251011,210133,000004481001,1,7.99,7.99,0.00,0.50,S,,,USD,DB
70013190,02211,02,2,20251011,210133,000000005020,1,4.49,4.49,0.00,0.00,S,,,USD,DB
70013190,02211,02,3,20251011,210133,000000552002,1,3.99,3.99,0.00,0.25,S,,,USD,DB
70013191,02211,02,1,20251011,102959,000000005302,2,3.49,6.98,0.00,0.00,S,,,USD,CC
70013192,02305,01,1,20251011,154557,000000093503,1,4.29,4.29,0.00,0.00,S,,,USD,DB
70013193,02305,06,1,20251011,161206,000004481001,3,7.99,23.97,7.99,1.00,S,,MB25W36,USD,CC
70013193,02305,06,2,20251011,161206,000000020102,3,3.49,10.47,3.49,0.00,S,,MB25W36,USD,CC
70013194,02305,06,1,20251011,144020,000000040102,2.177,16.99,36.99,0.00,0.00,S,6008656756,,USD,CC
70013194,02305,06,2,20251011,144020,000000020103,2,4.99,9.98,0.00,0.00,S,6008656756,,USD,CC
70013195,02305,04,1,20251011,194723,000004472003,1,3.29,3.29,0.00,0.21,S,,,USD,DB
70013195,02305,04,2,20251011,194723,000004492001,1,1.79,1.79,0.00,0.11,S,,,USD,DB
70013195,02305,04,3,20251011,194723,000000562001,2,10.99,21.98,0.00,1.37,S,,,USD,DB
70013195,02305,04,4,20251011,194723,000000020101,2,2.49,4.98,2.49,0.00,S,,BG25W36,USD,DB
70013195,02305,04,5,20251011,194723,000000020102,1,3.49,3.49,0.00,0.00,S,,,USD,DB
70013196,02305,03,1,20251011,120647,000000005301,1,5.49,5.49,0.00,0.00,S,6032106133,,USD,CC
70013196,02305,03,2,20251011,120647,000004471030,1,3.99,3.99,0.00,0.25,S,6032106133,,USD,CC
70013197,02305,01,1,20251011,131008,000004492002,1,1.49,1.49,0.00,0.09,S,,,USD,CS
70013198,02305,02,1,20251011,70249,000000094101,1,3.99,3.99,0.00,0.00,S,,,USD,CC
70013198,02305,02,2,20251011,70249,000004481002,2,7.99,15.98,0.00,1.00,S,,,USD,CC
70013198,02305,02,3,20251011,70249,000000005013,2,3.89,7.78,0.00,0.00,S,,,USD,CC
70013199,02305,03,1,20251011,90057,000004492001,2,1.79,3.58,0.00,0.22,S,,,USD,DB
70013199,02305,03,2,20251011,90057,000004482003,2,5.49,10.98,5.49,0.34,S,,BG25W36,USD,DB
70013200,02305,01,1,20251011,204937,000000093325,1.293,3.99,5.16,0.00,0.00,S,,,USD,GC
70013200,02305,01,2,20251011,204937,000004483001,1,4.99,4.99,0.00,0.31,S,,,USD,GC
70013200,02305,01,3,20251011,204937,000000040203,1,11.99,11.99,0.00,0.00,S,,,USD,GC
70013200,02305,01,4,20251011,204937,000000020201,1,5.49,5.49,0.00,0.00,S,,,USD,GC
70013201,02305,01,1,20251011,203713,000000551021,1,11.99,11.99,0.00,0.75,S,6049409762,,USD,DB
70013201,02305,01,2,20251011,203713,000004483001,1,4.99,4.99,0.00,0.31,S,6049409762,,USD,DB
70013201,02305,01,3,20251011,203713,000000552001,2,4.49,8.98,4.49,0.28,S,6049409762,BG25W36,USD,DB
70013201,02305,01,4,20251011,203713,000004471040,1,2.49,2.49,0.00,0.16,S,6049409762,,USD,DB
70013202,02305,06,1,20251011,135815,000000094301,0.787,4.39,3.45,0.00,0.00,S,,,USD,CC
70013202,02305,06,2,20251011,135815,000000031102,1.267,19.99,25.33,0.00,0.00,S,,,USD,CC
70013203,02305,02,1,20251011,143211,000000040102,0.451,16.99,7.66,0.00,0.00,S,,,USD,CC
70013204,02305,05,1,20251011,110815,000000093503,1,4.29,4.29,0.00,0.00,S,,,USD,CC
70013204,02305,05,2,20251011,110815,000000005101,1,7.99,7.99,0.00,0.00,S,,,USD,CC
70013205,03050,02,1,20251011,90232,000004482003,2,5.49,10.98,5.49,0.34,S,,BG25W36,USD,DB
70013205,03050,02,2,20251011,90232,000004493002,1,3.99,3.99,0.00,0.25,S,,,USD,DB
70013205,03050,02,3,20251011,90232,000000040102,0.299,16.99,5.08,0.00,0.00,S,,,USD,DB
70013205,03050,02,4,20251011,90232,000000005302,2,3.49,6.98,0.00,0.00,S,,,USD,DB
70013205,03050,02,5,20251011,90232,000004482001,1,13.99,13.99,0.00,0.87,S,,,USD,DB
70013206,03050,01,1,20251011,74014,000000005020,1,4.49,4.49,0.00,0.00,S,,,USD,DB
70013206,03050,01,2,20251011,74014,000000094102,1,3.49,3.49,0.00,0.00,S,,,USD,DB
70013206,03050,01,3,20251011,74014,000004472003,1,3.29,3.29,0.00,0.21,S,,,USD,DB
70013207,03050,04,1,20251011,182306,000000094202,0.687,1.99,1.37,0.00,0.00,S,,,USD,DB
70013208,03050,06,1,20251011,134526,000000020201,1,5.49,5.49,0.00,0.00,S,6003911142,,USD,CC
70013209,03050,06,1,20251011,115855,000000093322,1.788,1.99,3.56,0.00,0.00,S,,,USD,DB
70013210,03050,05,1,20251011,124716,000004471030,1,3.99,3.99,0.00,0.25,S,,,USD,CS
70013210,03050,05,2,20251011,124716,000000552001,1,4.49,4.49,0.00,0.28,S,,,USD,CS
70013210,03050,05,3,20251011,124716,000000094103,2,3.79,7.58,0.00,0.00,S,,,USD,CS
70013210,03050,05,4,20251011,124716,000004481001,2,7.99,15.98,0.00,1.00,S,,,USD,CS
70013210,03050,05,5,20251011,124716,000004473001,1,2.99,2.99,0.00,0.19,S,,,USD,CS
70013211,00317,04,1,20251011,123412,000004473001,1,4.09,4.09,0.00,0.26,S,,,CAD,GC
70013211,00317,04,2,20251011,123412,000004482001,2,18.99,37.98,0.00,2.37,S,,,CAD,GC
70013211,00317,04,3,20251011,123412,000004471040,1,3.39,3.39,0.00,0.21,S,,,CAD,GC
70013211,00317,04,4,20251011,123412,000004492002,1,1.99,1.99,0.00,0.12,S,,,CAD,GC
70013212,00317,02,1,20251011,114912,000004472001,1,5.39,5.39,0.00,0.34,S,,,CAD,CC
70013212,00317,02,2,20251011,114912,000000094202,0.984,2.69,2.65,0.00,0.00,S,,,CAD,CC
70013212,00317,02,3,20251011,114912,000000020201,3,7.49,22.47,0.00,0.00,S,,,CAD,CC
70013212,00317,02,4,20251011,114912,000000031102,1.776,27.19,48.29,0.00,0.00,S,,,CAD,CC
70013213,00317,04,1,20251011,101716,000004491001,1,3.39,3.39,0.00,0.21,S,,,CAD,CC
70013213,00317,04,2,20251011,101716,000000040201,1,12.19,12.19,0.00,0.00,S,,,CAD,CC
70013213,00317,04,3,20251011,101716,000000005020,1,6.09,6.09,0.00,0.00,S,,,CAD,CC
70013214,00317,02,1,20251011,102801,000000020202,1,8.09,8.09,0.00,0.00,S,6003926142,,CAD,DB
70013214,00317,02,2,20251011,102801,000000562001,2,14.89,29.78,0.00,1.86,S,6003926142,,CAD,DB
70013214,00317,02,3,20251011,102801,000000030202,1,15.59,15.59,0.00,0.00,S,6003926142,,CAD,DB
70013214,00317,02,4,20251011,102801,000000005202,1,8.09,8.09,0.00,0.00,S,6003926142,,CAD,DB
70013215,00317,02,1,20251011,82224,000004472050,1,5.39,5.39,0.00,0.34,S,6019719975,,CAD,CC
70013215,00317,02,2,20251011,82224,000004482002,1,24.49,24.49,0.00,1.53,S,6019719975,,CAD,CC
70013215,00317,02,3,20251011,82224,000000020203,1,8.79,8.79,0.00,0.00,S,6019719975,,CAD,CC
70013215,00317,02,4,20251011,82224,000000030202,1,15.59,15.59,0.00,0.00,S,6019719975,,CAD,CC
70013216,00317,01,1,20251011,212952,000004492001,1,2.39,2.39,0.00,0.15,S,6027570596,,CAD,DB
70013216,00317,01,2,20251011,212952,000004492050,1,2.99,2.99,0.00,0.19,S,6027570596,,CAD,DB
70013216,00317,01,3,20251011,212952,000000005201,1,5.39,5.39,0.00,0.00,S,6027570596,,CAD,DB
70013217,00317,99,1,20251011,112828,000000094301,1.498,5.99,8.97,0.00,0.00,S,,,CAD,CC
70013217,00317,99,2,20251011,112828,000004473001,1,4.09,4.09,0.00,0.26,S,,,CAD,CC
70013217,00317,99,3,20251011,112828,000004481002,1,10.89,10.89,0.00,0.68,S,,,CAD,CC
70013217,00317,99,4,20251011,112828,000000551021,1,16.29,16.29,0.00,1.02,S,,,CAD,CC
70013218,00317,03,1,20251011,75517,000004493002,1,5.39,5.39,0.00,0.34,R,,,CAD,CC
70013219,00317,05,1,20251011,161505,000000094301,1.013,5.99,6.07,0.00,0.00,S,,,CAD,CC
70013219,00317,05,2,20251011,161505,000000005020,1,6.09,6.09,0.00,0.00,S,,,CAD,CC
70013220,00317,03,1,20251011,104821,000000005101,1,10.89,10.89,0.00,0.00,S,,,CAD,CC
70013221,00317,05,1,20251011,152549,000000562001,1,14.89,14.89,0.00,0.93,S,6028733427,,CAD,GC
70013221,00317,05,2,20251011,152549,000004472050,1,5.39,5.39,0.00,0.34,S,6028733427,,CAD,GC
70013222,00317,06,1,20251011,154317,000000562002,1,11.49,11.49,0.00,0.72,S,6057383959,,CAD,CC
70013223,00322,06,1,20251011,133500,000000005020,1,6.09,6.09,0.00,0.00,S,6002341326,,CAD,DB
70013223,00322,06,2,20251011,133500,000000040102,1.738,23.09,40.13,0.00,0.00,S,6002341326,,CAD,DB
70013224,00322,02,1,20251011,101542,000004473003,1,4.69,4.69,0.00,0.29,S,,,CAD,CS
70013224,00322,02,2,20251011,101542,000000020101,2,3.39,6.78,3.39,0.00,S,,BG25W36,CAD,CS
70013225,01042,03,1,20251012,73625,000000094301,1.418,4.39,6.23,0.00,0.00,S,,,USD,GC
70013225,01042,03,2,20251012,73625,000000093501,2,4.49,8.98,4.49,0.00,S,,BG25W36,USD,GC
70013225,01042,03,3,20251012,73625,000004481001,1,7.99,7.99,0.00,0.50,S,,,USD,GC
70013225,01042,03,4,20251012,73625,000004491003,1,1.99,1.99,0.00,0.12,S,,,USD,GC
70013226,01042,05,1,20251012,190244,000000552001,2,4.49,8.98,4.49,0.28,S,,BG25W36,USD,GC
70013226,01042,05,2,20251012,190244,000004492001,2,1.79,3.58,0.00,0.22,S,,,USD,GC
70013227,01042,01,1,20251012,154438,000000020101,1,2.49,2.49,0.00,0.00,S,,,USD,DB
70013227,01042,01,2,20251012,154438,000004482001,3,13.99,41.97,13.99,1.75,S,,MB25W37,USD,DB
70013228,01042,01,1,20251012,182914,000004481003,1,4.99,4.99,0.00,0.31,S,6063351571,,USD,DB
70013228,01042,01,2,20251012,182914,000000005101,1,7.99,7.99,0.00,0.00,S,6063351571,,USD,DB
70013228,01042,01,3,20251012,182914,000004483002,1,3.49,3.49,0.00,0.22,S,6063351571,,USD,DB
70013229,01042,01,1,20251012,80418,000004481002,1,7.99,7.99,0.00,0.50,S,,,USD,CC
70013229,01042,01,2,20251012,80418,000000093502,1,3.99,3.99,0.00,0.00,S,,,USD,CC
70013229,01042,01,3,20251012,80418,000000094201,1.334,1.69,2.25,0.00,0.00,S,,,USD,CC
70013229,01042,01,4,20251012,80418,000000030203,1,8.49,8.49,0.00,0.00,S,,,USD,CC
70013230,01042,02,1,20251012,101133,000000552001,2,4.49,8.98,4.49,0.28,S,,BG25W36,USD,CC
70013230,01042,02,2,20251012,101133,000000005102,1,5.49,5.49,0.00,0.00,S,,,USD,CC
70013230,01042,02,3,20251012,101133,000000093401,1.108,5.49,6.08,0.00,0.00,S,,,USD,CC
70013230,01042,02,4,20251012,101133,000000040102,2.115,16.99,35.93,0.00,0.00,S,,,USD,CC
70013231,01042,04,1,20251012,202710,000004472001,1,3.99,3.99,0.00,0.25,S,6073476427,,USD,DB
70013231,01042,04,2,20251012,202710,000000020101,2,2.49,4.98,2.49,0.00,S,6073476427,BG25W36,USD,DB
70013231,01042,04,3,20251012,202710,000004481001,1,7.99,7.99,0.00,0.50,S,6073476427,,USD,DB
70013231,01042,04,4,20251012,202710,000004471023,1,3.49,3.49,0.00,0.22,S,6073476427,,USD,DB
70013232,01042,05,1,20251012,181342,000004492003,1,2.29,2.29,0.00,0.14,S,6060930685,,USD,CC
70013233,01042,04,1,20251012,215740,000004482001,1,13.99,13.99,0.00,0.87,S,,,USD,DB
70013233,01042,04,2,20251012,215740,000000040101,1.843,18.99,35.00,0.00,0.00,S,,,USD,DB
70013233,01042,04,3,20251012,215740,000000005102,1,5.49,5.49,0.00,0.00,S,,,USD,DB
70013233,01042,04,4,20251012,215740,000000030103,2,8.99,17.98,0.00,0.00,S,,,USD,DB
70013233,01042,04,5,20251012,215740,000000030102,2,14.99,29.98,0.00,0.00,S,,,USD,DB
70013234,01042,04,1,20251012,90853,000000093410,1.789,3.99,7.14,0.00,0.00,S,,,USD,DB
70013235,01042,05,1,20251012,134521,000000020201,1,5.49,5.49,0.00,0.00,S,,,USD,CC
70013235,01042,05,2,20251012,134521,000004471040,1,2.49,2.49,0.00,0.16,S,,,USD,CC
70013236,01042,01,1,20251012,110508,000000093401,0.759,5.49,4.17,0.00,0.00,S,6023688767,,USD,CS
70013236,01042,01,2,20251012,110508,000000005201,1,3.99,3.99,0.00,0.00,S,6023688767,,USD,CS
70013236,01042,01,3,20251012,110508,000000094103,2,3.79,7.58,0.00,0.00,S,6023688767,,USD,CS
70013236,01042,01,4,20251012,110508,000004482003,3,5.49,16.47,5.49,0.69,S,6023688767,BG25W36,USD,CS
70013236,01042,01,5,20251012,110508,000004493001,1,5.49,5.49,0.00,0.34,S,6023688767,,USD,CS
70013237,01042,03,1,20251012,105430,000000020101,2,2.49,4.98,2.49,0.00,S,,BG25W36,USD,CC
70013237,01042,03,2,20251012,105430,000000005101,1,7.99,7.99,0.00,0.00,S,,,USD,CC
70013237,01042,03,3,20251012,105430,000000562001,1,10.99,10.99,0.00,0.69,S,,,USD,CC
70013238,01042,06,1,20251012,73915,000000093402,2.192,3.29,7.21,0.00,0.00,S,,,USD,CS
70013238,01042,06,2,20251012,73915,000004482003,1,5.49,5.49,0.00,0.34,S,,,USD,CS
70013239,01107,04,1,20251012,145210,000000040101,1.242,18.99,23.59,0.00,0.00,S,6078637673,,USD,DB
70013239,01107,04,2,20251012,145210,000004483002,1,3.49,3.49,0.00,0.22,S,6078637673,,USD,DB
70013239,01107,04,3,20251012,145210,000000020202,2,5.99,11.98,0.00,0.00,S,6078637673,,USD,DB
70013239,01107,04,4,20251012,145210,000000561001,1,9.99,9.99,0.00,0.62,S,6078637673,,USD,DB
70013239,01107,04,5,20251012,145210,000000005201,1,3.99,3.99,0.00,0.00,S,6078637673,,USD,DB
70013240,01107,01,1,20251012,195002,000004482001,1,13.99,13.99,0.00,0.87,S,,,USD,DB
70013241,01107,05,1,20251012,182424,000000093325,0.426,3.99,1.70,0.00,0.00,S,6065549471,,USD,CC
70013241,01107,05,2,20251012,182424,000004471030,1,3.99,3.99,0.00,0.25,S,6065549471,,USD,CC
70013241,01107,05,3,20251012,182424,000000005103,1,6.99,6.99,0.00,0.00,S,6065549471,,USD,CC
70013241,01107,05,4,20251012,182424,000004472001,1,3.99,3.99,0.00,0.25,S,6065549471,,USD,CC
70013242,02211,04,1,20251012,214119,000000552002,2,3.99,7.98,0.00,0.50,S,,,USD,CC
70013242,02211,04,2,20251012,214119,000004482001,2,13.99,27.98,0.00,1.75,S,,,USD,CC
70013243,02211,06,1,20251012,203309,000000020202,1,5.99,5.99,0.00,0.00,S,,,USD,DB
70013243,02211,06,2,20251012,203309,000000005201,1,3.99,3.99,0.00,0.00,S,,,USD,DB
70013243,02211,06,3,20251012,203309,000000020101,2,2.49,4.98,2.49,0.00,S,,BG25W36,USD,DB
70013243,02211,06,4,20251012,203309,000000093322,0.981,1.99,1.95,0.00,0.00,S,,,USD,DB
70013244,02211,06,1,20251012,205023,000000005202,1,5.99,5.99,0.00,0.00,S,6090789567,,USD,GC
70013244,02211,06,2,20251012,205023,000000005012,1,3.99,3.99,0.00,0.00,S,6090789567,,USD,GC
70013244,02211,06,3,20251012,205023,000000020203,1,6.49,6.49,0.00,0.00,S,6090789567,,USD,GC
70013245,02211,03,1,20251012,215148,000000005201,1,3.99,3.99,0.00,0.00,S,6075902517,,USD,CC
70013246,02211,05,1,20251012,143750,000004482001,3,13.99,41.97,13.99,1.75,S,,MB25W37,USD,GC
70013247,02305,05,1,20251012,151852,000000551020,1,13.99,13.99,0.00,0.87,S,6060229394,,USD,CC
70013247,02305,05,2,20251012,151852,000004481003,1,4.99,4.99,0.00,0.31,S,6060229394,,USD,CC
70013247,02305,05,3,20251012,151852,000000551020,2,13.99,27.98,0.00,1.75,S,6060229394,,USD,CC
70013247,02305,05,4,20251012,151852,000000094301,0.425,4.39,1.87,0.00,0.00,S,6060229394,,USD,CC
70013247,02305,05,5,20251012,151852,000004482002,1,17.99,17.99,0.00,1.12,S,6060229394,,USD,CC
70013247,02305,05,6,20251012,151852,000000552001,2,4.49,8.98,4.49,0.28,S,6060229394,BG25W36,USD,CC
70013248,02305,06,1,20251012,194625,000004471024,1,3.49,3.49,0.00,0.22,S,6006503121,,USD,CS
70013248,02305,06,2,20251012,194625,000004481002,1,7.99,7.99,0.00,0.50,S,6006503121,,USD,CS
70013249,02305,06,1,20251012,150151,000000031101,0.361,24.99,9.02,0.00,0.00,S,,,USD,CS
70013249,02305,06,2,20251012,150151,000004473003,1,3.49,3.49,0.00,0.22,S,,,USD,CS
70013250,02305,03,1,20251012,70452,000000093501,2,4.49,8.98,4.49,0.00,S,6010720113,BG25W36,USD,CS
70013250,02305,03,2,20251012,70452,000004481001,1,7.99,7.99,0.00,0.50,S,6010720113,,USD,CS
70013251,02305,04,1,20251012,143851,000000030203,1,8.49,8.49,0.00,0.00,S,6041724825,,USD,CC
70013251,02305,04,2,20251012,143851,000000551021,1,11.99,11.99,0.00,0.75,S,6041724825,,USD,CC
70013251,02305,04,3,20251012,143851,000000005020,1,4.49,4.49,0.00,0.00,S,6041724825,,USD,CC
70013252,02305,04,1,20251012,192940,000000094203,0.629,1.49,0.94,0.00,0.00,S,,,USD,CC
70013252,02305,04,2,20251012,192940,000000094101,1,3.99,3.99,0.00,0.00,S,,,USD,CC
70013252,02305,04,3,20251012,192940,000000093501,2,4.49,8.98,4.49,0.00,S,,BG25W36,USD,CC
70013252,02305,04,4,20251012,192940,000000551021,1,11.99,11.99,0.00,0.75,S,,,USD,CC
70013252,02305,04,5,20251012,192940,000004482001,3,13.99,41.97,13.99,1.75,S,,MB25W37,USD,CC
70013253,02305,01,1,20251012,152755,000000005101,1,7.99,7.99,0.00,0.00,S,6051017397,,USD,CC
70013253,02305,01,2,20251012,152755,000004491002,2,6.99,13.98,0.00,0.87,S,6051017397,,USD,CC
70013253,02305,01,3,20251012,152755,000000551021,1,11.99,11.99,0.00,0.75,S,6051017397,,USD,CC
70013253,02305,01,4,20251012,152755,000000030101,1,6.99,6.99,0.00,0.00,S,6051017397,,USD,CC
70013253,02305,01,5,20251012,152755,000000005013,1,3.89,3.89,0.00,0.00,S,6051017397,,USD,CC
70013253,02305,01,6,20251012,152755,000004483001,1,4.99,4.99,0.00,0.31,S,6051017397,,USD,CC
70013254,02305,02,1,20251012,170950,000000094101,2,3.99,7.98,0.00,0.00,S,6057540900,,USD,CS
70013254,02305,02,2,20251012,170950,000004491001,1,2.49,2.49,0.00,0.16,S,6057540900,,USD,CS
70013254,02305,02,3,20251012,170950,000000005020,1,4.49,4.49,0.00,0.00,S,6057540900,,USD,CS
70013254,02305,02,4,20251012,170950,000000005102,1,5.49,5.49,0.00,0.00,S,6057540900,,USD,CS
70013254,02305,02,5,20251012,170950,000004481001,3,7.99,23.97,7.99,1.00,S,6057540900,MB25W37,USD,CS
70013254,02305,02,6,20251012,170950,000000093402,0.636,3.29,2.09,0.00,0.00,S,6057540900,,USD,CS
70013255,02305,06,1,20251012,181705,000000005020,1,4.49,4.49,0.00,0.00,S,6030347786,,USD,CS
70013255,02305,06,2,20251012,181705,000000030103,1,8.99,8.99,0.00,0.00,S,6030347786,,USD,CS
70013255,02305,06,3,20251012,181705,000000094102,1,3.49,3.49,0.00,0.00,S,6030347786,,USD,CS
70013255,02305,06,4,20251012,181705,000004491001,3,2.49,7.47,0.00,0.47,S,6030347786,,USD,CS
70013256,02305,01,1,20251012,82750,000004491003,1,1.99,1.99,0.00,0.12,S,6032638902,,USD,GC
70013256,02305,01,2,20251012,82750,000004492001,1,1.79,1.79,0.00,0.11,S,6032638902,,USD,GC
70013257,02305,03,1,20251012,112206,000004481003,1,4.99,4.99,0.00,0.31,S,6001775095,,USD,CS
70013258,02305,01,1,20251012,82836,000004471024,1,3.49,3.49,0.00,0.22,S,6053544439,,USD,CC
70013258,02305,01,2,20251012,82836,000000020203,1,6.49,6.49,0.00,0.00,S,6053544439,,USD,CC
70013258,02305,01,3,20251012,82836,000000093503,1,4.29,4.29,0.00,0.00,S,6053544439,,USD,CC
70013258,02305,01,4,20251012,82836,000000030103,1,8.99,8.99,0.00,0.00,S,6053544439,,USD,CC
70013258,02305,01,5,20251012,82836,000000093502,2,3.99,7.98,0.00,0.00,S,6053544439,,USD,CC
70013258,02305,01,6,20251012,82836,000000094101,1,3.99,3.99,0.00,0.00,S,6053544439,,USD,CC
70013259,03050,04,1,20251012,113955,000000030101,2,6.99,13.98,0.00,0.00,S,6051868926,,USD,CC
70013259,03050,04,2,20251012,113955,000000020102,1,3.49,3.49,0.00,0.00,S,6051868926,,USD,CC
70013259,03050,04,3,20251012,113955,000000552001,2,4.49,8.98,4.49,0.28,S,6051868926,BG25W36,USD,CC
70013259,03050,04,4,20251012,113955,000004471023,1,3.49,3.49,0.00,0.22,S,6051868926,,USD,CC
70013259,03050,04,5,20251012,113955,000000020202,2,5.99,11.98,0.00,0.00,S,6051868926,,USD,CC
70013260,03050,01,1,20251012,110352,000000020102,1,3.49,3.49,0.00,0.00,S,,,USD,DB
70013260,03050,01,2,20251012,110352,000000561001,1,9.99,9.99,0.00,0.62,S,,,USD,DB
70013261,03050,05,1,20251012,140534,000000030203,1,8.49,8.49,0.00,0.00,S,6098386384,,USD,CC
70013261,03050,05,2,20251012,140534,000000093321,0.472,1.49,0.70,0.00,0.00,S,6098386384,,USD,CC
70013261,03050,05,3,20251012,140534,000004472001,1,3.99,3.99,0.00,0.25,S,6098386384,,USD,CC
70013262,03050,01,1,20251012,75353,000000020101,2,2.49,4.98,2.49,0.00,S,6065405153,BG25W36,USD,DB
70013262,03050,01,2,20251012,75353,000004482001,1,13.99,13.99,0.00,0.87,S,6065405153,,USD,DB
70013263,03050,02,1,20251012,141548,000000005201,1,3.99,3.99,0.00,0.00,S,6046306000,,USD,CS
70013263,03050,02,2,20251012,141548,000000094202,0.482,1.99,0.96,0.00,0.00,S,6046306000,,USD,CS
70013264,03050,06,1,20251012,134302,000000020102,1,3.49,3.49,0.00,0.00,S,6059856420,,USD,DB
70013264,03050,06,2,20251012,134302,000000005201,1,3.99,3.99,0.00,0.00,S,6059856420,,USD,DB
70013264,03050,06,3,20251012,134302,000000005020,2,4.49,8.98,0.00,0.00,S,6059856420,,USD,DB
70013265,03050,04,1,20251012,94247,000004472002,1,4.49,4.49,0.00,0.28,S,6016580464,,USD,DB
70013265,03050,04,2,20251012,94247,000004491003,1,1.99,1.99,0.00,0.12,S,6016580464,,USD,DB
70013266,03050,02,1,20251012,90504,000000020101,3,2.49,7.47,2.49,0.00,S,,BG25W36,USD,CC
70013266,03050,02,2,20251012,90504,000004482003,2,5.49,10.98,5.49,0.34,S,,BG25W36,USD,CC
70013267,03050,01,1,20251012,130644,000000005101,1,7.99,7.99,0.00,0.00,S,,,USD,CC
70013267,03050,01,2,20251012,130644,000000562001,2,10.99,21.98,0.00,1.37,S,,,USD,CC
70013267,03050,01,3,20251012,130644,000004491003,2,1.99,3.98,0.00,0.25,S,,,USD,CC
70013268,03050,04,1,20251012,140041,000000020202,1,5.99,5.99,0.00,0.00,S,,,USD,DB
70013269,03050,01,1,20251012,164826,000004471040,1,2.49,2.49,0.00,0.16,S,,,USD,DB
70013269,03050,01,2,20251012,164826,000004482003,1,5.49,5.49,0.00,0.34,S,,,USD,DB
70013269,03050,01,3,20251012,164826,000000094301,1.464,4.39,6.43,0.00,0.00,S,,,USD,DB
70013269,03050,01,4,20251012,164826,000004473002,1,2.79,2.79,0.00,0.17,S,,,USD,DB
70013269,03050,01,5,20251012,164826,000004482003,1,5.49,5.49,0.00,0.34,V,,,USD,DB
70013270,00317,03,1,20251012,153200,000004482003,2,7.49,14.98,7.49,0.47,S,6023690362,BG25W36,CAD,CS
70013270,00317,03,2,20251012,153200,000000094202,1.423,2.69,3.83,0.00,0.00,S,6023690362,,CAD,CS
70013271,00317,03,1,20251012,130001,000004472002,1,6.09,6.09,0.00,0.38,S,6089982780,,CAD,CC
70013271,00317,03,2,20251012,130001,000004482003,2,7.49,14.98,7.49,0.47,S,6089982780,BG25W36,CAD,CC
70013271,00317,03,3,20251012,130001,000000094302,1.557,7.49,11.66,0.00,0.00,S,6089982780,,CAD,CC
70013271,00317,03,4,20251012,130001,000004483001,3,6.79,20.37,0.00,1.27,S,6089982780,,CAD,CC
70013271,00317,03,5,20251012,130001,000000040102,1.070,23.09,24.71,0.00,0.00,S,6089982780,,CAD,CC
70013272,00317,06,1,20251012,213005,000000551021,3,16.29,48.87,16.29,2.04,S,,MB25W37,CAD,CC
70013272,00317,06,2,20251012,213005,000000551021,3,16.29,48.87,0.00,3.05,V,,,CAD,CC
70013273,00317,01,1,20251012,213814,000000093325,1.654,5.39,8.92,0.00,0.00,S,,,CAD,CC
70013273,00317,01,2,20251012,213814,000004482003,2,7.49,14.98,7.49,0.47,S,,BG25W36,CAD,CC
70013273,00317,01,3,20251012,213814,000004482003,1,7.49,7.49,0.00,0.47,S,,,CAD,CC
70013273,00317,01,4,20251012,213814,000000030102,1,20.39,20.39,0.00,0.00,S,,,CAD,CC
70013273,00317,01,5,20251012,213814,000004492050,1,2.99,2.99,0.00,0.19,S,,,CAD,CC
70013273,00317,01,6,20251012,213814,000004481001,3,10.89,32.67,10.89,1.36,S,,MB25W37,CAD,CC
70013274,00317,01,1,20251012,210552,000000005202,1,8.09,8.09,0.00,0.00,S,,,CAD,CC
70013274,00317,01,2,20251012,210552,000000093501,1,6.09,6.09,0.00,0.00,S,,,CAD,CC
70013275,00317,03,1,20251012,213141,000000030103,1,12.19,12.19,0.00,0.00,S,,,CAD,CS
70013275,00317,03,2,20251012,213141,000000031101,1.468,33.99,49.90,0.00,0.00,S,,,CAD,CS
70013276,00317,06,1,20251012,151323,000000005301,1,7.49,7.49,0.00,0.00,S,,,CAD,GC
70013277,01042,03,1,20251013,85402,000000005012,1,3.99,3.99,0.00,0.00,S,,,USD,GC
70013277,01042,03,2,20251013,85402,000004481002,1,7.99,7.99,0.00,0.50,S,,,USD,GC
70013277,01042,03,3,20251013,85402,000000031101,0.492,24.99,12.30,0.00,0.00,S,,,USD,GC
70013277,01042,03,4,20251013,85402,000000562002,1,8.49,8.49,0.00,0.53,S,,,USD,GC
70013278,01042,01,1,20251013,91350,000000031101,0.583,24.99,14.57,0.00,0.00,S,,,USD,DB
70013278,01042,01,2,20251013,91350,000000020103,1,4.99,4.99,0.00,0.00,S,,,USD,DB
70013278,01042,01,3,20251013,91350,000000093501,2,4.49,8.98,4.49,0.00,S,,BG25W36,USD,DB
70013278,01042,01,4,20251013,91350,000004471023,2,3.49,6.98,0.00,0.44,S,,,USD,DB
70013278,01042,01,5,20251013,91350,000000094101,1,3.99,3.99,0.00,0.00,S,,,USD,DB
70013279,01042,04,1,20251013,205546,000000005012,1,3.99,3.99,0.00,0.00,S,6028137214,,USD,CC
70013279,01042,04,2,20251013,205546,000004473001,1,2.99,2.99,0.00,0.19,S,6028137214,,USD,CC
70013279,01042,04,3,20251013,205546,000000093402,2.068,3.29,6.80,0.00,0.00,S,6028137214,,USD,CC
70013279,01042,04,4,20251013,205546,000000020101,1,2.49,2.49,0.00,0.00,S,6028137214,,USD,CC
70013280,01042,04,1,20251013,162943,000000094301,1.632,4.39,7.16,0.00,0.00,S,6058313237,,USD,DB
70013280,01042,04,2,20251013,162943,000000005103,1,6.99,6.99,0.00,0.00,S,6058313237,,USD,DB
70013280,01042,04,3,20251013,162943,000000020101,2,2.49,4.98,2.49,0.00,S,6058313237,BG25W36,USD,DB
70013280,01042,04,4,20251013,162943,000000005013,1,3.89,3.89,0.00,0.00,S,6058313237,,USD,DB
70013280,01042,04,5,20251013,162943,000000093502,1,3.99,3.99,0.00,0.00,S,6058313237,,USD,DB
70013281,01042,03,1,20251013,131651,000004473001,2,2.99,5.98,0.00,0.37,S,,,USD,CS
70013282,01042,03,1,20251013,190454,000000093501,2,4.49,8.98,4.49,0.00,S,6043553795,BG25W36,USD,CC
70013282,01042,03,2,20251013,190454,000000561001,1,9.99,9.99,0.00,0.62,S,6043553795,,USD,CC
70013283,01042,01,1,20251013,152759,000000005013,2,3.89,7.78,0.00,0.00,S,,,USD,DB
70013283,01042,01,2,20251013,152759,000000005202,1,5.99,5.99,0.00,0.00,S,,,USD,DB
70013284,01042,04,1,20251013,174539,000000005020,1,4.49,4.49,0.00,0.00,S,,,USD,DB
70013284,01042,04,2,20251013,174539,000000040102,0.346,16.99,5.88,0.00,0.00,S,,,USD,DB
70013285,01042,06,1,20251013,82040,000000093322,0.634,1.99,1.26,0.00,0.00,S,,,USD,CC
70013285,01042,06,2,20251013,82040,000000005202,1,5.99,5.99,0.00,0.00,S,,,USD,CC
70013285,01042,06,3,20251013,82040,000000030203,1,8.49,8.49,0.00,0.00,S,,,USD,CC
70013285,01042,06,4,20251013,82040,000000094103,1,3.79,3.79,0.00,0.00,S,,,USD,CC
70013286,01107,03,1,20251013,100016,000000005013,1,3.89,3.89,0.00,0.00,S,,,USD,CC
70013287,01107,06,1,20251013,140054,000004483002,1,3.49,3.49,0.00,0.22,S,,,USD,CS
70013287,01107,06,2,20251013,140054,000000040202,1,14.99,14.99,0.00,0.00,S,,,USD,CS
70013287,01107,06,3,20251013,140054,000004483002,1,3.49,3.49,0.00,0.22,S,,,USD,CS
70013288,01107,02,1,20251013,162816,000004493001,1,5.49,5.49,0.00,0.34,S,,,USD,DB
70013288,01107,02,2,20251013,162816,000000005302,1,3.49,3.49,0.00,0.00,S,,,USD,DB
70013288,01107,02,3,20251013,162816,000004482001,1,13.99,13.99,0.00,0.87,S,,,USD,DB
70013289,02210,01,1,20251013,203324,000000552002,1,3.99,3.99,0.00,0.25,S,,,USD,DB
70013289,02210,01,2,20251013,203324,000004492001,3,1.79,5.37,1.79,0.22,S,,MB25W37,USD,DB
70013290,02210,05,1,20251013,140859,000000551021,3,11.99,35.97,11.99,1.50,S,6065180170,MB25W37,USD,CC
70013290,02210,05,2,20251013,140859,000000005012,2,3.99,7.98,0.00,0.00,S,6065180170,,USD,CC
70013291,02210,04,1,20251013,121702,000004491001,2,2.49,4.98,0.00,0.31,S,6010094388,,USD,CC
70013291,02210,04,2,20251013,121702,000004492001,1,1.79,1.79,0.00,0.11,S,6010094388,,USD,CC
70013291,02210,04,3,20251013,121702,000000020203,2,6.49,12.98,0.00,0.00,S,6010094388,,USD,CC
70013291,02210,04,4,20251013,121702,000000552001,2,4.49,8.98,4.49,0.28,S,6010094388,BG25W36,USD,CC
70013291,02210,04,5,20251013,121702,000000005102,1,5.49,5.49,0.00,0.00,S,6010094388,,USD,CC
70013292,02210,05,1,20251013,194048,000000094203,0.962,1.49,1.43,0.00,0.00,S,6009209819,,USD,CC
70013292,02210,05,2,20251013,194048,000000005202,1,5.99,5.99,0.00,0.00,S,6009209819,,USD,CC
70013292,02210,05,3,20251013,194048,000000094101,1,3.99,3.99,0.00,0.00,S,6009209819,,USD,CC
70013292,02210,05,4,20251013,194048,000000093322,1.326,1.99,2.64,0.00,0.00,S,6009209819,,USD,CC
70013293,02210,04,1,20251013,111123,000004491003,1,1.99,1.99,0.00,0.12,S,,,USD,DB
70013293,02210,04,2,20251013,111123,000000020103,2,4.99,9.98,0.00,0.00,S,,,USD,DB
70013294,02210,06,1,20251013,82947,000000005102,1,5.49,5.49,0.00,0.00,S,6032424154,,USD,CC
70013294,02210,06,2,20251013,82947,000000551021,1,11.99,11.99,0.00,0.75,S,6032424154,,USD,CC
70013294,02210,06,3,20251013,82947,000000562002,1,8.49,8.49,0.00,0.53,S,6032424154,,USD,CC
70013294,02210,06,4,20251013,82947,000000094201,1.790,1.69,3.03,0.00,0.00,S,6032424154,,USD,CC
70013295,02210,03,1,20251013,70155,000004492001,1,1.79,1.79,0.00,0.11,S,,,USD,CC
70013296,02210,06,1,20251013,161605,000000093501,2,4.49,8.98,4.49,0.00,S,,BG25W36,USD,DB
70013297,02211,02,1,20251013,124004,000000005020,1,4.49,4.49,0.00,0.00,S,,,USD,GC
70013298,02211,05,1,20251013,191604,000000005302,1,3.49,3.49,0.00,0.00,S,,,USD,GC
70013298,02211,05,2,20251013,191604,000004493001,1,5.49,5.49,0.00,0.34,S,,,USD,GC
70013298,02211,05,3,20251013,191604,000000005301,1,5.49,5.49,0.00,0.00,S,,,USD,GC
70013298,02211,05,4,20251013,191604,000000005102,1,5.49,5.49,0.00,0.00,S,,,USD,GC
70013298,02211,05,5,20251013,191604,000000005101,1,7.99,7.99,0.00,0.00,S,,,USD,GC
70013299,02211,03,1,20251013,181427,000000040202,2,14.99,29.98,0.00,0.00,S,6098107964,,USD,DB
70013300,02211,03,1,20251013,165126,000004482003,1,5.49,5.49,0.00,0.34,S,,,USD,CC
70013301,02211,01,1,20251013,112449,000000094102,1,3.49,3.49,0.00,0.00,S,6042138820,,USD,DB
70013301,02211,01,2,20251013,112449,000000005202,2,5.99,11.98,0.00,0.00,S,6042138820,,USD,DB
70013301,02211,01,3,20251013,112449,000004471023,1,3.49,3.49,0.00,0.22,S,6042138820,,USD,DB
70013302,02305,02,1,20251013,171248,000000005101,1,7.99,7.99,0.00,0.00,S,,,USD,CC
70013303,02305,01,1,20251013,142541,000004491002,1,6.99,6.99,0.00,0.44,S,,,USD,CC
70013303,02305,01,2,20251013,142541,000000005020,1,4.49,4.49,0.00,0.00,S,,,USD,CC
70013303,02305,01,3,20251013,142541,000004481003,1,4.99,4.99,0.00,0.31,S,,,USD,CC
70013304,02305,02,1,20251013,151501,000000020203,2,6.49,12.98,0.00,0.00,S,,,USD,CC
70013304,02305,02,2,20251013,151501,000000005020,1,4.49,4.49,0.00,0.00,S,,,USD,CC
70013304,02305,02,3,20251013,151501,000004491002,1,6.99,6.99,0.00,0.44,S,,,USD,CC
70013305,02305,06,1,20251013,102151,000000005101,2,7.99,15.98,0.00,0.00,S,6006503121,,USD,DB
70013305,02305,06,2,20251013,102151,000004481001,3,7.99,23.97,7.99,1.00,S,6006503121,MB25W37,USD,DB
70013305,02305,06,3,20251013,102151,000004483002,1,3.49,3.49,0.00,0.22,S,6006503121,,USD,DB
70013305,02305,06,4,20251013,102151,000000093502,1,3.99,3.99,0.00,0.00,S,6006503121,,USD,DB
70013305,02305,06,5,20251013,102151,000000020103,1,4.99,4.99,0.00,0.00,S,6006503121,,USD,DB
70013305,02305,06,6,20251013,102151,000000094201,0.268,1.69,0.45,0.00,0.00,S,6006503121,,USD,DB
70013306,02305,05,1,20251013,171228,000004482003,2,5.49,10.98,5.49,0.34,S,,BG25W36,USD,DB
70013306,02305,05,2,20251013,171228,000000094302,1.493,5.49,8.20,0.00,0.00,S,,,USD,DB
70013306,02305,05,3,20251013,171228,000004491002,1,6.99,6.99,0.00,0.44,S,,,USD,DB
70013307,02305,01,1,20251013,105923,000004481001,1,7.99,7.99,0.00,0.50,S,,,USD,CC
70013307,02305,01,2,20251013,105923,000004471030,1,3.99,3.99,0.00,0.25,S,,,USD,CC
70013308,02305,04,1,20251013,115449,000000552001,1,4.49,4.49,0.00,0.28,S,,,USD,GC
70013308,02305,04,2,20251013,115449,000004492001,3,1.79,5.37,1.79,0.22,S,,MB25W37,USD,GC
70013309,02305,02,1,20251013,70458,000004472002,2,4.49,8.98,0.00,0.56,S,,,USD,CS
70013309,02305,02,2,20251013,70458,000000030202,1,11.49,11.49,0.00,0.00,S,,,USD,CS
70013309,02305,02,3,20251013,70458,000000094103,1,3.79,3.79,0.00,0.00,S,,,USD,CS
70013309,02305,02,4,20251013,70458,000000551020,3,13.99,41.97,0.00,2.62,S,,,USD,CS
70013309,02305,02,5,20251013,70458,000004472002,2,4.49,8.98,0.00,0.56,S,,,USD,CS
70013310,03050,03,1,20251013,70756,000000005103,1,6.99,6.99,0.00,0.00,S,6088117298,,USD,CC
70013310,03050,03,2,20251013,70756,000000005020,1,4.49,4.49,0.00,0.00,S,6088117298,,USD,CC
70013311,03050,01,1,20251013,145132,000000551020,1,13.99,13.99,0.00,0.87,S,6062680408,,USD,CS
70013311,03050,01,2,20251013,145132,000000093402,1.797,3.29,5.91,0.00,0.00,S,6062680408,,USD,CS
70013311,03050,01,3,20251013,145132,000000094101,3,3.99,11.97,0.00,0.00,S,6062680408,,USD,CS
70013311,03050,01,4,20251013,145132,000000005020,1,4.49,4.49,0.00,0.00,S,6062680408,,USD,CS
70013311,03050,01,5,20251013,145132,000000020101,2,2.49,4.98,2.49,0.00,S,6062680408,BG25W36,USD,CS
70013312,03050,01,1,20251013,155309,000000030101,1,6.99,6.99,0.00,0.00,S,,,USD,GC
70013312,03050,01,2,20251013,155309,000000040202,1,14.99,14.99,0.00,0.00,S,,,USD,GC
70013312,03050,01,3,20251013,155309,000000005102,1,5.49,5.49,0.00,0.00,S,,,USD,GC
70013313,03050,05,1,20251013,105649,000000094301,0.714,4.39,3.13,0.00,0.00,S,,,USD,GC
70013313,03050,05,2,20251013,105649,000004481001,2,7.99,15.98,0.00,1.00,S,,,USD,GC
70013313,03050,05,3,20251013,105649,000000551021,1,11.99,11.99,0.00,0.75,S,,,USD,GC
70013313,03050,05,4,20251013,105649,000000031101,2.157,24.99,53.90,0.00,0.00,S,,,USD,GC
70013313,03050,05,5,20251013,105649,000000093501,1,4.49,4.49,0.00,0.00,S,,,USD,GC
70013313,03050,05,6,20251013,105649,000000005013,1,3.89,3.89,0.00,0.00,S,,,USD,GC
70013314,03050,01,1,20251013,130630,000000562001,1,10.99,10.99,0.00,0.69,S,6007053496,,USD,CC
70013315,03050,02,1,20251013,131547,000000040203,2,11.99,23.98,0.00,0.00,S,,,USD,DB
70013315,03050,02,2,20251013,131547,000004492001,3,1.79,5.37,1.79,0.22,S,,MB25W37,USD,DB
70013315,03050,02,3,20251013,131547,000004481003,1,4.99,4.99,0.00,0.31,S,,,USD,DB
70013316,03050,06,1,20251013,92442,000004471024,1,3.49,3.49,0.00,0.22,S,,,USD,CC
70013317,03050,01,1,20251013,82757,000004481001,3,7.99,23.97,7.99,1.00,S,,MB25W37,USD,CS
70013318,00317,05,1,20251013,151654,000004471023,1,4.69,4.69,0.00,0.29,S,,,CAD,DB
70013318,00317,05,2,20251013,151654,000004473003,1,4.69,4.69,0.00,0.29,S,,,CAD,DB
70013318,00317,05,3,20251013,151654,000000020203,1,8.79,8.79,0.00,0.00,S,,,CAD,DB
70013318,00317,05,4,20251013,151654,000000552001,2,6.09,12.18,6.09,0.38,S,,BG25W36,CAD,DB
70013318,00317,05,5,20251013,151654,000000093325,1.659,5.39,8.94,0.00,0.00,S,,,CAD,DB
70013319,00317,05,1,20251013,183707,000000562001,1,14.89,14.89,0.00,0.93,S,6086850745,,CAD,CC
70013319,00317,05,2,20251013,183707,000004472002,2,6.09,12.18,0.00,0.76,S,6086850745,,CAD,CC
70013319,00317,05,3,20251013,183707,000000040203,1,16.29,16.29,0.00,0.00,S,6086850745,,CAD,CC
70013319,00317,05,4,20251013,183707,000004491001,1,3.39,3.39,0.00,0.21,S,6086850745,,CAD,CC
70013320,00317,01,1,20251013,193900,000000005103,1,9.49,9.49,0.00,0.00,S,6076921053,,CAD,DB
70013321,00317,06,1,20251013,191520,000004482002,1,24.49,24.49,0.00,1.53,S,,,CAD,CC
70013321,00317,06,2,20251013,191520,000000040203,1,16.29,16.29,0.00,0.00,S,,,CAD,CC
70013322,00317,04,1,20251013,143321,000000093322,1.756,2.69,4.72,0.00,0.00,S,6020878057,,CAD,CC
70013323,00317,05,1,20251013,202733,000004492003,2,3.09,6.18,0.00,0.39,S,,,CAD,DB
70013324,00317,01,1,20251013,121059,000004471024,1,4.69,4.69,0.00,0.29,S,6062126796,,CAD,DB
70013324,00317,01,2,20251013,121059,000000094101,2,5.39,10.78,0.00,0.00,S,6062126796,,CAD,DB
70013324,00317,01,3,20251013,121059,000000005301,1,7.49,7.49,0.00,0.00,S,6062126796,,CAD,DB
70013324,00317,01,4,20251013,121059,000000005102,1,7.49,7.49,0.00,0.00,S,6062126796,,CAD,DB
70013325,00317,02,1,20251013,151603,000004481002,3,10.89,32.67,0.00,2.04,S,6018718133,,CAD,CC
70013325,00317,02,2,20251013,151603,000004473002,2,3.79,7.58,0.00,0.47,S,6018718133,,CAD,CC
70013326,00317,01,1,20251013,144409,000000094101,1,5.39,5.39,0.00,0.00,S,,,CAD,GC
70013326,00317,01,2,20251013,144409,000000005302,1,4.69,4.69,0.00,0.00,S,,,CAD,GC
70013326,00317,01,3,20251013,144409,000004472003,2,4.49,8.98,0.00,0.56,S,,,CAD,GC
70013327,00317,05,1,20251013,200611,000000020203,1,8.79,8.79,0.00,0.00,S,,,CAD,CC
70013327,00317,05,2,20251013,200611,000000093501,2,6.09,12.18,6.09,0.00,S,,BG25W36,CAD,CC
70013328,00322,06,1,20251013,190030,000000040201,1,12.19,12.19,0.00,0.00,S,,,CAD,CC
70013329,00322,01,1,20251013,120933,000004481003,1,6.79,6.79,0.00,0.42,S,,,CAD,CS
70013329,00322,01,2,20251013,120933,000004481003,1,6.79,6.79,0.00,0.42,V,,,CAD,CS
70013330,00322,01,1,20251013,172803,000004482003,2,7.49,14.98,7.49,0.47,S,,BG25W36,CAD,CC
70013330,00322,01,2,20251013,172803,000000040102,1.334,23.09,30.80,0.00,0.00,S,,,CAD,CC
70013330,00322,01,3,20251013,172803,000004473003,1,4.69,4.69,0.00,0.29,S,,,CAD,CC
70013330,00322,01,4,20251013,172803,000000020102,1,4.69,4.69,0.00,0.00,S,,,CAD,CC
70013330,00322,01,5,20251013,172803,000000040101,0.925,25.79,23.86,0.00,0.00,S,,,CAD,CC
70013331,00322,01,1,20251013,212251,000000020202,1,8.09,8.09,0.00,0.00,S,,,CAD,DB
70013331,00322,01,2,20251013,212251,000004491001,1,3.39,3.39,0.00,0.21,S,,,CAD,DB
70013331,00322,01,3,20251013,212251,000000030101,2,9.49,18.98,0.00,0.00,S,,,CAD,DB
70013332,01042,04,1,20251014,212203,000000040102,1.266,16.99,21.51,0.00,0.00,S,6075884252,,USD,CC
70013332,01042,04,2,20251014,212203,000000030102,2,14.99,29.98,0.00,0.00,S,6075884252,,USD,CC
70013332,01042,04,3,20251014,212203,000000020102,1,3.49,3.49,0.00,0.00,S,6075884252,,USD,CC
70013333,01042,02,1,20251014,131944,000004473003,1,3.49,3.49,0.00,0.22,S,,,USD,DB
70013333,01042,02,2,20251014,131944,000004471023,1,3.49,3.49,0.00,0.22,S,,,USD,DB
70013333,01042,02,3,20251014,131944,000004473003,1,3.49,3.49,0.00,0.22,S,,,USD,DB
70013334,01042,01,1,20251014,124251,000000552001,2,4.49,8.98,4.49,0.28,S,,BG25W36,USD,CS
70013334,01042,01,2,20251014,124251,000000005201,1,3.99,3.99,0.00,0.00,S,,,USD,CS
70013334,01042,01,3,20251014,124251,000004471024,1,3.49,3.49,0.00,0.22,S,,,USD,CS
70013335,01042,03,1,20251014,85403,000000005012,1,3.99,3.99,0.00,0.00,S,6024938430,,USD,DB
70013335,01042,03,2,20251014,85403,000004481001,3,7.99,23.97,7.99,1.00,S,6024938430,MB25W37,USD,DB
70013335,01042,03,3,20251014,85403,000004481001,1,7.99,7.99,0.00,0.50,S,6024938430,,USD,DB
70013336,01042,01,1,20251014,163625,000004492002,1,1.49,1.49,0.00,0.09,S,6045018961,,USD,CC
70013336,01042,01,2,20251014,163625,000000020203,1,6.49,6.49,0.00,0.00,S,6045018961,,USD,CC
70013337,01042,01,1,20251014,170028,000000005202,1,5.99,5.99,0.00,0.00,S,6015402119,,USD,CC
70013338,01107,04,1,20251014,204313,000004472003,1,3.29,3.29,0.00,0.21,S,6016162028,,USD,GC
70013338,01107,04,2,20251014,204313,000000093401,0.425,5.49,2.33,0.00,0.00,S,6016162028,,USD,GC
70013338,01107,04,3,20251014,204313,000004482003,2,5.49,10.98,5.49,0.34,S,6016162028,BG25W36,USD,GC
70013338,01107,04,4,20251014,204313,000004482002,1,17.99,17.99,0.00,1.12,S,6016162028,,USD,GC
70013338,01107,04,5,20251014,204313,000004472002,1,4.49,4.49,0.00,0.28,S,6016162028,,USD,GC
70013338,01107,04,6,20251014,204313,000004482001,1,13.99,13.99,0.00,0.87,S,6016162028,,USD,GC
70013339,01107,05,1,20251014,140504,000004492001,3,1.79,5.37,1.79,0.22,S,6085621850,MB25W37,USD,CS
70013340,01107,01,1,20251014,73611,000004482001,3,13.99,41.97,13.99,1.75,S,,MB25W37,USD,DB
70013340,01107,01,2,20251014,73611,000004481002,1,7.99,7.99,0.00,0.50,S,,,USD,DB
70013340,01107,01,3,20251014,73611,000004482002,1,17.99,17.99,0.00,1.12,S,,,USD,DB
70013341,01107,01,1,20251014,93908,000000020101,2,2.49,4.98,2.49,0.00,S,6032781952,BG25W36,USD,DB
70013342,02210,06,1,20251014,190016,000004491001,1,2.49,2.49,0.00,0.16,S,,,USD,DB
70013342,02210,06,2,20251014,190016,000004472001,1,3.99,3.99,0.00,0.25,S,,,USD,DB
70013342,02210,06,3,20251014,190016,000000562002,1,8.49,8.49,0.00,0.53,S,,,USD,DB
70013342,02210,06,4,20251014,190016,000000005101,1,7.99,7.99,0.00,0.00,S,,,USD,DB
70013342,02210,06,5,20251014,190016,000000005013,1,3.89,3.89,0.00,0.00,S,,,USD,DB
70013342,02210,06,6,20251014,190016,000004493002,1,3.99,3.99,0.00,0.25,S,,,USD,DB
70013343,02210,02,1,20251014,212752,000000005301,1,5.49,5.49,0.00,0.00,S,,,USD,DB
70013344,02210,03,1,20251014,142631,000000094301,1.182,4.39,5.19,0.00,0.00,S,6048463122,,USD,CC
70013344,02210,03,2,20251014,142631,000000005201,2,3.99,7.98,0.00,0.00,S,6048463122,,USD,CC
70013345,02210,02,1,20251014,201806,000000040202,2,14.99,29.98,0.00,0.00,S,,,USD,DB
70013345,02210,02,2,20251014,201806,000000094103,2,3.79,7.58,0.00,0.00,S,,,USD,DB
70013345,02210,02,3,20251014,201806,000000030103,2,8.99,17.98,0.00,0.00,S,,,USD,DB
70013346,02210,02,1,20251014,191340,000004471023,1,3.49,3.49,0.00,0.22,R,,,USD,GC
70013347,02210,03,1,20251014,85318,000004493001,1,5.49,5.49,0.00,0.34,S,6078515867,,USD,DB
70013347,02210,03,2,20251014,85318,000000005020,2,4.49,8.98,0.00,0.00,S,6078515867,,USD,DB
70013347,02210,03,3,20251014,85318,000004482001,2,13.99,27.98,0.00,1.75,S,6078515867,,USD,DB
70013347,02210,03,4,20251014,85318,000004473001,1,2.99,2.99,0.00,0.19,S,6078515867,,USD,DB
70013347,02210,03,5,20251014,85318,000000005201,1,3.99,3.99,0.00,0.00,S,6078515867,,USD,DB
70013347,02210,03,6,20251014,85318,000000040101,0.933,18.99,17.72,0.00,0.00,S,6078515867,,USD,DB
70013348,02211,06,1,20251014,192117,000000005302,1,3.49,3.49,0.00,0.00,S,,,USD,DB
70013349,02211,05,1,20251014,194159,000000005020,1,4.49,4.49,0.00,0.00,S,,,USD,DB
70013350,02211,05,1,20251014,155208,000000005101,3,7.99,23.97,0.00,0.00,S,6043223023,,USD,DB
70013350,02211,05,2,20251014,155208,000000040102,1.066,16.99,18.11,0.00,0.00,S,6043223023,,USD,DB
70013350,02211,05,3,20251014,155208,000004472003,1,3.29,3.29,0.00,0.21,S,6043223023,,USD,DB
70013350,02211,05,4,20251014,155208,000000005020,1,4.49,4.49,0.00,0.00,S,6043223023,,USD,DB
70013351,02211,06,1,20251014,173724,000004493001,1,5.49,5.49,0.00,0.34,S,,,USD,CC
70013351,02211,06,2,20251014,173724,000004471023,1,3.49,3.49,0.00,0.22,S,,,USD,CC
70013352,02305,04,1,20251014,165628,000000094103,1,3.79,3.79,0.00,0.00,S,,,USD,GC
70013353,03050,01,1,20251014,192914,000004473001,2,2.99,5.98,0.00,0.37,S,,,USD,GC
70013353,03050,01,2,20251014,192914,000000094102,1,3.49,3.49,0.00,0.00,S,,,USD,GC
70013354,03050,04,1,20251014,170229,000000040102,0.615,16.99,10.45,0.00,0.00,S,,,USD,DB
70013354,03050,04,2,20251014,170229,000004482003,2,5.49,10.98,5.49,0.34,S,,BG25W36,USD,DB
70013355,03050,03,1,20251014,161250,000004471040,2,2.49,4.98,0.00,0.31,S,6073820236,,USD,DB
70013355,03050,03,2,20251014,161250,000000005202,1,5.99,5.99,0.00,0.00,S,6073820236,,USD,DB
70013356,03050,01,1,20251014,175541,000004482001,3,13.99,41.97,13.99,1.75,S,,MB25W37,USD,CC
70013356,03050,01,2,20251014,175541,000000005102,2,5.49,10.98,0.00,0.00,S,,,USD,CC
70013356,03050,01,3,20251014,175541,000004491002,1,6.99,6.99,0.00,0.44,S,,,USD,CC
70013356,03050,01,4,20251014,175541,000000030202,2,11.49,22.98,0.00,0.00,S,,,USD,CC
70013357,03050,02,1,20251014,135320,000000020202,1,5.99,5.99,0.00,0.00,S,,,USD,CS
70013358,03050,06,1,20251014,165519,000000005013,1,3.89,3.89,0.00,0.00,S,6056366941,,USD,CC
70013358,03050,06,2,20251014,165519,000004471023,1,3.49,3.49,0.00,0.22,S,6056366941,,USD,CC
70013358,03050,06,3,20251014,165519,000004472003,1,3.29,3.29,0.00,0.21,S,6056366941,,USD,CC
70013359,00317,05,1,20251014,152554,000000030201,1,13.59,13.59,0.00,0.00,S,,,CAD,CC
70013359,00317,05,2,20251014,152554,000000005101,2,10.89,21.78,0.00,0.00,S,,,CAD,CC
70013360,00317,04,1,20251014,183001,000004491002,2,9.49,18.98,0.00,1.19,S,6001322342,,CAD,CC
70013360,00317,04,2,20251014,183001,000004482001,3,18.99,56.97,18.99,2.37,S,6001322342,MB25W37,CAD,CC
70013360,00317,04,3,20251014,183001,000000005201,2,5.39,10.78,0.00,0.00,S,6001322342,,CAD,CC
70013361,00317,06,1,20251014,141358,000004483002,1,4.69,4.69,0.00,0.29,S,,,CAD,CC
70013361,00317,06,2,20251014,141358,000000005020,1,6.09,6.09,0.00,0.00,S,,,CAD,CC
70013361,00317,06,3,20251014,141358,000000005302,1,4.69,4.69,0.00,0.00,S,,,CAD,CC
70013361,00317,06,4,20251014,141358,000000093502,1,5.39,5.39,0.00,0.00,S,,,CAD,CC
70013361,00317,06,5,20251014,141358,000000094301,1.785,5.99,10.69,0.00,0.00,S,,,CAD,CC
70013361,00317,06,6,20251014,141358,000004471023,1,4.69,4.69,0.00,0.29,S,,,CAD,CC
70013362,00317,05,1,20251014,80001,000000005301,1,7.49,7.49,0.00,0.00,S,,,CAD,CS
70013362,00317,05,2,20251014,80001,000000030203,2,11.49,22.98,0.00,0.00,S,,,CAD,CS
70013363,00317,04,1,20251014,81157,000004482003,2,7.49,14.98,7.49,0.47,S,6036533774,BG25W36,CAD,GC
70013363,00317,04,2,20251014,81157,000000020201,3,7.49,22.47,0.00,0.00,S,6036533774,,CAD,GC
70013363,00317,04,3,20251014,81157,000000094101,1,5.39,5.39,0.00,0.00,S,6036533774,,CAD,GC
70013363,00317,04,4,20251014,81157,000000005103,1,9.49,9.49,0.00,0.00,S,6036533774,,CAD,GC
70013364,00317,01,1,20251014,103012,000004473001,1,4.09,4.09,0.00,0.26,S,,,CAD,GC
70013364,00317,01,2,20251014,103012,000004473003,1,4.69,4.69,0.00,0.29,S,,,CAD,GC
70013364,00317,01,3,20251014,103012,000000030101,1,9.49,9.49,0.00,0.00,S,,,CAD,GC
70013364,00317,01,4,20251014,103012,000000005103,3,9.49,28.47,0.00,0.00,S,,,CAD,GC
70013364,00317,01,5,20251014,103012,000004482001,3,18.99,56.97,18.99,2.37,S,,MB25W37,CAD,GC
70013365,00317,03,1,20251014,204059,000000030202,2,15.59,31.18,0.00,0.00,S,,,CAD,CC
70013365,00317,03,2,20251014,204059,000000562002,1,11.49,11.49,0.00,0.72,S,,,CAD,CC
70013365,00317,03,3,20251014,204059,000000030203,1,11.49,11.49,0.00,0.00,S,,,CAD,CC
70013365,00317,03,4,20251014,204059,000004472050,3,5.39,16.17,5.39,0.67,S,,MB25W37,CAD,CC
70013366,00317,06,1,20251014,100810,000004472050,1,5.39,5.39,0.00,0.34,S,6013875927,,CAD,DB
70013367,00317,04,1,20251014,184459,000000020201,1,7.49,7.49,0.00,0.00,S,,,CAD,DB
70013367,00317,04,2,20251014,184459,000000093325,0.469,5.39,2.53,0.00,0.00,S,,,CAD,DB
70013367,00317,04,3,20251014,184459,000004471030,1,5.39,5.39,0.00,0.34,S,,,CAD,DB
70013368,00322,01,1,20251014,173514,000004491001,1,3.39,3.39,0.00,0.21,S,,,CAD,DB
70013368,00322,01,2,20251014,173514,000004492001,3,2.39,7.17,2.39,0.30,S,,MB25W37,CAD,DB
70013369,01042,05,1,20251015,164949,000004471023,1,3.49,3.49,0.00,0.22,S,,,USD,GC
70013369,01042,05,2,20251015,164949,000000093321,0.352,1.49,0.52,0.00,0.00,S,,,USD,GC
70013369,01042,05,3,20251015,164949,000000020103,1,4.99,4.99,0.00,0.00,S,,,USD,GC
70013369,01042,05,4,20251015,164949,000000005201,2,3.99,7.98,0.00,0.00,S,,,USD,GC
70013370,01042,05,1,20251015,114408,000004491001,1,2.49,2.49,0.00,0.16,S,6019196570,,USD,CC
70013370,01042,05,2,20251015,114408,000000040201,1,8.99,8.99,0.00,0.00,S,6019196570,,USD,CC
70013371,01042,02,1,20251015,144447,000000030201,1,9.99,9.99,0.00,0.00,S,,,USD,DB
70013372,01042,05,1,20251015,181525,000004471024,1,3.49,3.49,0.00,0.22,S,6063351571,,USD,DB
70013373,01042,03,1,20251015,152633,000000030201,1,9.99,9.99,0.00,0.00,R,6079252419,,USD,GC
70013374,01042,05,1,20251015,183501,000000094201,0.408,1.69,0.69,0.00,0.00,S,6034118822,,USD,CC
70013374,01042,05,2,20251015,183501,000000094101,1,3.99,3.99,0.00,0.00,S,6034118822,,USD,CC
70013374,01042,05,3,20251015,183501,000000093501,3,4.49,13.47,4.49,0.00,S,6034118822,BG25W36,USD,CC
70013374,01042,05,4,20251015,183501,000004482001,3,13.99,41.97,13.99,1.75,S,6034118822,MB25W37,USD,CC
70013375,01042,04,1,20251015,203334,000000005103,1,6.99,6.99,0.00,0.00,S,6038320603,,USD,DB
70013375,01042,04,2,20251015,203334,000004472001,1,3.99,3.99,0.00,0.25,S,6038320603,,USD,DB
70013375,01042,04,3,20251015,203334,000004492001,3,1.79,5.37,1.79,0.22,S,6038320603,MB25W37,USD,DB
70013376,01042,03,1,20251015,105708,000000552001,1,4.49,4.49,0.00,0.28,S,,,USD,CC
70013376,01042,03,2,20251015,105708,000000093501,2,4.49,8.98,4.49,0.00,S,,BG25W36,USD,CC
70013376,01042,03,3,20251015,105708,000000005201,1,3.99,3.99,0.00,0.00,S,,,USD,CC
70013376,01042,03,4,20251015,105708,000000562002,1,8.49,8.49,0.00,0.53,S,,,USD,CC
70013377,01107,05,1,20251015,104953,000004473003,1,3.49,3.49,0.00,0.22,S,,,USD,CC
70013377,01107,05,2,20251015,104953,000000005202,1,5.99,5.99,0.00,0.00,S,,,USD,CC
70013377,01107,05,3,20251015,104953,000004481003,2,4.99,9.98,0.00,0.62,S,,,USD,CC
70013378,01107,06,1,20251015,84236,000000020102,1,3.49,3.49,0.00,0.00,S,,,USD,CS
70013378,01107,06,2,20251015,84236,000004471030,1,3.99,3.99,0.00,0.25,S,,,USD,CS
70013378,01107,06,3,20251015,84236,000000040101,1.070,18.99,20.32,0.00,0.00,S,,,USD,CS
70013378,01107,06,4,20251015,84236,000004482003,2,5.49,10.98,5.49,0.34,S,,BG25W36,USD,CS
70013379,01107,02,1,20251015,181622,000004481001,1,7.99,7.99,0.00,0.50,R,6085621850,,USD,GC
70013380,01107,06,1,20251015,200655,000004471023,1,3.49,3.49,0.00,0.22,S,6088319213,,USD,CS
70013380,01107,06,2,20251015,200655,000004491002,1,6.99,6.99,0.00,0.44,S,6088319213,,USD,CS
70013380,01107,06,3,20251015,200655,000000562002,1,8.49,8.49,0.00,0.53,S,6088319213,,USD,CS
70013380,01107,06,4,20251015,200655,000004471040,1,2.49,2.49,0.00,0.16,S,6088319213,,USD,CS
70013380,01107,06,5,20251015,200655,000000094301,0.654,4.39,2.87,0.00,0.00,S,6088319213,,USD,CS
70013381,01107,04,1,20251015,94427,000000093401,0.593,5.49,3.26,0.00,0.00,S,,,USD,DB
70013382,01107,05,1,20251015,190450,000000040201,1,8.99,8.99,0.00,0.00,S,6070027206,,USD,CS
70013382,01107,05,2,20251015,190450,000004471040,1,2.49,2.49,0.00,0.16,S,6070027206,,USD,CS
70013383,01107,02,1,20251015,75031,000000005103,1,6.99,6.99,0.00,0.00,S,,,USD,DB
70013383,01107,02,2,20251015,75031,000004492001,1,1.79,1.79,0.00,0.11,S,,,USD,DB
70013384,01107,01,1,20251015,115027,000000005101,2,7.99,15.98,0.00,0.00,S,6022010912,,USD,DB
70013385,02210,04,1,20251015,154822,000000040202,1,14.99,14.99,0.00,0.00,S,,,USD,GC
70013385,02210,04,2,20251015,154822,000004471030,2,3.99,7.98,0.00,0.50,S,,,USD,GC
70013386,02210,04,1,20251015,152236,000000005012,1,3.99,3.99,0.00,0.00,S,,,USD,CS
70013386,02210,04,2,20251015,152236,000004493002,1,3.99,3.99,0.00,0.25,S,,,USD,CS
70013386,02210,04,3,20251015,152236,000004481003,1,4.99,4.99,0.00,0.31,S,,,USD,CS
70013387,02210,03,1,20251015,92857,000000552001,2,4.49,8.98,4.49,0.28,S,,BG25W36,USD,GC
70013388,02210,02,1,20251015,174504,000000040102,1.748,16.99,29.70,0.00,0.00,S,,,USD,DB
70013388,02210,02,2,20251015,174504,000000040101,1.581,18.99,30.02,0.00,0.00,S,,,USD,DB
70013388,02210,02,3,20251015,174504,000000561002,1,7.49,7.49,0.00,0.47,S,,,USD,DB
70013389,02210,02,1,20251015,153503,000000093402,0.442,3.29,1.45,0.00,0.00,S,,,USD,DB
70013389,02210,02,2,20251015,153503,000000020102,1,3.49,3.49,0.00,0.00,S,,,USD,DB
70013390,02211,05,1,20251015,185717,000004482003,2,5.49,10.98,5.49,0.34,S,,BG25W36,USD,DB
70013390,02211,05,2,20251015,185717,000000094301,1.518,4.39,6.66,0.00,0.00,S,,,USD,DB
70013390,02211,05,3,20251015,185717,000000005101,1,7.99,7.99,0.00,0.00,S,,,USD,DB
70013390,02211,05,4,20251015,185717,000004491002,1,6.99,6.99,0.00,0.44,S,,,USD,DB
70013391,02211,01,1,20251015,201042,000000005013,1,3.89,3.89,0.00,0.00,S,,,USD,CC
70013392,02305,02,1,20251015,101820,000000552002,1,3.99,3.99,0.00,0.25,S,,,USD,DB
70013393,02305,03,1,20251015,160249,000004482001,1,13.99,13.99,0.00,0.87,S,6047705383,,USD,CS
70013393,02305,03,2,20251015,160249,000000562002,1,8.49,8.49,0.00,0.53,S,6047705383,,USD,CS
70013393,02305,03,3,20251015,160249,000000030202,1,11.49,11.49,0.00,0.00,S,6047705383,,USD,CS
70013394,02305,04,1,20251015,80026,000000005301,1,5.49,5.49,0.00,0.00,S,,,USD,CC
70013395,02305,01,1,20251015,202829,000000094203,1.863,1.49,2.78,0.00,0.00,S,6002437654,,USD,DB
70013395,02305,01,2,20251015,202829,000000551021,1,11.99,11.99,0.00,0.75,S,6002437654,,USD,DB
70013396,02305,04,1,20251015,80921,000000030102,1,14.99,14.99,0.00,0.00,S,,,USD,CC
70013397,02305,01,1,20251015,162549,000004471023,1,3.49,3.49,0.00,0.22,S,6025214526,,USD,CC
70013397,02305,01,2,20251015,162549,000000561002,2,7.49,14.98,0.00,0.94,S,6025214526,,USD,CC
70013398,02305,05,1,20251015,103632,000000093410,1.008,3.99,4.02,0.00,0.00,S,,,USD,DB
70013398,02305,05,2,20251015,103632,000004472002,1,4.49,4.49,0.00,0.28,S,,,USD,DB
70013398,02305,05,3,20251015,103632,000000040202,2,14.99,29.98,0.00,0.00,S,,,USD,DB
70013399,02305,02,1,20251015,85422,000000020201,2,5.49,10.98,0.00,0.00,S,,,USD,DB
70013400,03050,06,1,20251015,154906,000000020201,1,5.49,5.49,0.00,0.00,S,6005349493,,USD,GC
70013401,03050,01,1,20251015,132522,000000093410,0.628,3.99,2.51,0.00,0.00,S,,,USD,CC
70013402,03050,04,1,20251015,120143,000000551021,3,11.99,35.97,11.99,1.50,S,6088754394,MB25W37,USD,CS
70013402,03050,04,2,20251015,120143,000000040202,1,14.99,14.99,0.00,0.00,S,6088754394,,USD,CS
70013402,03050,04,3,20251015,120143,000004481001,1,7.99,7.99,0.00,0.50,S,6088754394,,USD,CS
70013402,03050,04,4,20251015,120143,000000020101,2,2.49,4.98,2.49,0.00,S,6088754394,BG25W36,USD,CS
70013402,03050,04,5,20251015,120143,000000094301,1.747,4.39,7.67,0.00,0.00,S,6088754394,,USD,CS
70013402,03050,04,6,20251015,120143,000000093501,2,4.49,8.98,4.49,0.00,S,6088754394,BG25W36,USD,CS
70013403,03050,01,1,20251015,193517,000000040201,1,8.99,8.99,0.00,0.00,S,6008581670,,USD,GC
70013403,03050,01,2,20251015,193517,000000031101,0.420,24.99,10.50,0.00,0.00,S,6008581670,,USD,GC
70013404,03050,01,1,20251015,124159,000004492001,3,1.79,5.37,1.79,0.22,S,6086700900,MB25W37,USD,DB
70013404,03050,01,2,20251015,124159,000004481001,3,7.99,23.97,7.99,1.00,S,6086700900,MB25W37,USD,DB
70013405,03050,06,1,20251015,131702,000000551021,3,11.99,35.97,11.99,1.50,S,,MB25W37,USD,GC
70013406,00317,04,1,20251015,124758,000000040201,1,12.19,12.19,0.00,0.00,S,6005973642,,CAD,GC
70013406,00317,04,2,20251015,124758,000004471030,1,5.39,5.39,0.00,0.34,S,6005973642,,CAD,GC
70013407,00317,03,1,20251015,174421,000004493002,1,5.39,5.39,0.00,0.34,S,6064455618,,CAD,DB
70013407,00317,03,2,20251015,174421,000000552001,1,6.09,6.09,0.00,0.38,S,6064455618,,CAD,DB
70013407,00317,03,3,20251015,174421,000000031102,1.105,27.19,30.04,0.00,0.00,S,6064455618,,CAD,DB
70013407,00317,03,4,20251015,174421,000004492003,1,3.09,3.09,0.00,0.19,S,6064455618,,CAD,DB
70013407,00317,03,5,20251015,174421,000004482003,2,7.49,14.98,7.49,0.47,S,6064455618,BG25W36,CAD,DB
70013407,00317,03,6,20251015,174421,000000031101,1.425,33.99,48.44,0.00,0.00,S,6064455618,,CAD,DB
70013408,00317,04,1,20251015,93816,000000552001,2,6.09,12.18,6.09,0.38,S,6091476607,BG25W36,CAD,GC
70013409,00317,02,1,20251015,212752,000000031102,0.479,27.19,13.02,0.00,0.00,S,,,CAD,DB
70013409,00317,02,2,20251015,212752,000000561001,1,13.59,13.59,0.00,0.85,S,,,CAD,DB
70013409,00317,02,3,20251015,212752,000000020202,1,8.09,8.09,0.00,0.00,S,,,CAD,DB
70013409,00317,02,4,20251015,212752,000000020101,1,3.39,3.39,0.00,0.00,S,,,CAD,DB
70013409,00317,02,5,20251015,212752,000004493002,1,5.39,5.39,0.00,0.34,S,,,CAD,DB
70013409,00317,02,6,20251015,212752,000000040102,0.324,23.09,7.48,0.00,0.00,S,,,CAD,DB
70013410,00317,01,1,20251015,161842,000000093502,1,5.39,5.39,0.00,0.00,S,,,CAD,GC
70013410,00317,01,2,20251015,161842,000000552001,1,6.09,6.09,0.00,0.38,S,,,CAD,GC
70013411,00317,02,1,20251015,210204,000000020102,2,4.69,9.38,0.00,0.00,S,,,CAD,DB
70013411,00317,02,2,20251015,210204,000000093401,0.321,7.49,2.40,0.00,0.00,S,,,CAD,DB
70013411,00317,02,3,20251015,210204,000000005201,2,5.39,10.78,0.00,0.00,S,,,CAD,DB
70013411,00317,02,4,20251015,210204,000004492050,1,2.99,2.99,0.00,0.19,S,,,CAD,DB
70013411,00317,02,5,20251015,210204,000004472003,1,4.49,4.49,0.00,0.28,S,,,CAD,DB
70013412,00317,04,1,20251015,181812,000000551021,1,16.29,16.29,0.00,1.02,S,,,CAD,DB
70013412,00317,04,2,20251015,181812,000000093501,2,6.09,12.18,6.09,0.00,S,,BG25W36,CAD,DB
70013412,00317,04,3,20251015,181812,000000093402,0.449,4.49,2.02,0.00,0.00,S,,,CAD,DB
70013412,00317,04,4,20251015,181812,000004483001,1,6.79,6.79,0.00,0.42,S,,,CAD,DB
70013412,00317,04,5,20251015,181812,000004473003,1,4.69,4.69,0.00,0.29,S,,,CAD,DB
70013413,00317,01,1,20251015,131149,000000030103,1,12.19,12.19,0.00,0.00,S,6042954316,,CAD,DB
70013413,00317,01,2,20251015,131149,000000551021,3,16.29,48.87,16.29,2.04,S,6042954316,MB25W37,CAD,DB
70013413,00317,01,3,20251015,131149,000000005301,1,7.49,7.49,0.00,0.00,S,6042954316,,CAD,DB
70013414,00317,03,1,20251015,151656,000000005101,2,10.89,21.78,0.00,0.00,S,6013305319,,CAD,GC
70013414,00317,03,2,20251015,151656,000000040102,0.374,23.09,8.64,0.00,0.00,S,6013305319,,CAD,GC
70013414,00317,03,3,20251015,151656,000000005302,1,4.69,4.69,0.00,0.00,S,6013305319,,CAD,GC
70013414,00317,03,4,20251015,151656,000000020101,2,3.39,6.78,3.39,0.00,S,6013305319,BG25W36,CAD,GC
70013414,00317,03,5,20251015,151656,000000005301,1,7.49,7.49,0.00,0.00,S,6013305319,,CAD,GC
70013414,00317,03,6,20251015,151656,000004471040,2,3.39,6.78,0.00,0.42,S,6013305319,,CAD,GC
70013415,00317,03,1,20251015,184207,000004482003,2,7.49,14.98,7.49,0.47,S,6094398529,BG25W36,CAD,CC
70013415,00317,03,2,20251015,184207,000000031101,2.088,33.99,70.97,0.00,0.00,S,6094398529,,CAD,CC
70013415,00317,03,3,20251015,184207,000000020203,1,8.79,8.79,0.00,0.00,S,6094398529,,CAD,CC
70013415,00317,03,4,20251015,184207,000004473002,2,3.79,7.58,0.00,0.47,S,6094398529,,CAD,CC
70013415,00317,03,5,20251015,184207,000000093402,0.263,4.49,1.18,0.00,0.00,S,6094398529,,CAD,CC
70013415,00317,03,6,20251015,184207,000000551021,3,16.29,48.87,16.29,2.04,S,6094398529,MB25W37,CAD,CC
70013416,00317,05,1,20251015,123539,000000020203,1,8.79,8.79,0.00,0.00,S,,,CAD,GC
70013417,00322,02,1,20251015,140720,000000005012,3,5.39,16.17,0.00,0.00,S,,,CAD,CC
70013418,00322,06,1,20251015,214243,000000031101,1.810,33.99,61.52,0.00,0.00,S,6013971870,,CAD,DB
70013418,00322,06,2,20251015,214243,000000005013,2,5.29,10.58,0.00,0.00,S,6013971870,,CAD,DB
70013419,00322,02,1,20251015,74601,000000020102,2,4.69,9.38,0.00,0.00,S,,,CAD,GC
70013419,00322,02,2,20251015,74601,000000093325,1.093,5.39,5.89,0.00,0.00,S,,,CAD,GC
70013419,00322,02,3,20251015,74601,000000551020,1,18.99,18.99,0.00,1.19,S,,,CAD,GC
70013419,00322,02,4,20251015,74601,000000040203,2,16.29,32.58,0.00,0.00,S,,,CAD,GC
70013420,00322,03,1,20251015,175814,000004481002,1,10.89,10.89,0.00,0.68,S,,,CAD,DB
70013420,00322,03,2,20251015,175814,000000040201,2,12.19,24.38,0.00,0.00,S,,,CAD,DB
70013420,00322,03,3,20251015,175814,000004481002,1,10.89,10.89,0.00,0.68,S,,,CAD,DB
70013421,00322,02,1,20251015,141851,000004492002,1,1.99,1.99,0.00,0.12,S,,,CAD,CC
70013421,00322,02,2,20251015,141851,000004483001,1,6.79,6.79,0.00,0.42,S,,,CAD,CC
70013421,00322,02,3,20251015,141851,000000020102,1,4.69,4.69,0.00,0.00,S,,,CAD,CC
70013422,00322,06,1,20251015,72230,000000005301,1,7.49,7.49,0.00,0.00,S,6043027169,,CAD,CS
70013423,00322,01,1,20251015,154856,000000005102,2,7.49,14.98,0.00,0.00,S,,,CAD,CS
70013424,00322,02,1,20251015,82458,000004473003,3,4.69,14.07,0.00,0.88,S,,,CAD,CC
70013424,00322,02,2,20251015,82458,000000094201,1.008,2.29,2.31,0.00,0.00,S,,,CAD,CC
70013424,00322,02,3,20251015,82458,000000040101,0.863,25.79,22.26,0.00,0.00,S,,,CAD,CC
70013425,01107,01,1,20251016,190728,000000040101,1.516,18.99,28.79,0.00,0.00,S,6065044818,,USD,CS
70013426,01107,02,1,20251016,160234,000004471040,1,2.49,2.49,0.00,0.16,S,6068783391,,USD,CC
70013427,01107,06,1,20251016,123754,000004471030,1,3.99,3.99,0.00,0.25,S,,,USD,DB
70013428,01107,04,1,20251016,82443,000000551021,3,11.99,35.97,11.99,1.50,S,6028478189,MB25W37,USD,CC
70013428,01107,04,2,20251016,82443,000004493001,1,5.49,5.49,0.00,0.34,S,6028478189,,USD,CC
70013428,01107,04,3,20251016,82443,000000040102,0.399,16.99,6.78,0.00,0.00,S,6028478189,,USD,CC
70013428,01107,04,4,20251016,82443,000004491003,1,1.99,1.99,0.00,0.12,S,6028478189,,USD,CC
70013429,01107,06,1,20251016,181412,000004492002,3,1.49,4.47,0.00,0.28,S,6058374907,,USD,CS
70013429,01107,06,2,20251016,181412,000000562001,1,10.99,10.99,0.00,0.69,S,6058374907,,USD,CS
70013429,01107,06,3,20251016,181412,000004471024,2,3.49,6.98,0.00,0.44,S,6058374907,,USD,CS
70013430,02210,02,1,20251016,125809,000004492001,3,1.79,5.37,1.79,0.22,S,6038480752,MB25W37,USD,CC
70013430,02210,02,2,20251016,125809,000000093503,1,4.29,4.29,0.00,0.00,S,6038480752,,USD,CC
70013431,02210,06,1,20251016,81729,000004472003,1,3.29,3.29,0.00,0.21,S,,,USD,DB
70013431,02210,06,2,20251016,81729,000000005020,1,4.49,4.49,0.00,0.00,S,,,USD,DB
70013431,02210,06,3,20251016,81729,000000030102,1,14.99,14.99,0.00,0.00,S,,,USD,DB
70013432,02210,01,1,20251016,92659,000000030102,1,14.99,14.99,0.00,0.00,S,,,USD,DB
70013432,02210,01,2,20251016,92659,000000005302,1,3.49,3.49,0.00,0.00,S,,,USD,DB
70013432,02210,01,3,20251016,92659,000000005101,2,7.99,15.98,0.00,0.00,S,,,USD,DB
70013432,02210,01,4,20251016,92659,000000020103,1,4.99,4.99,0.00,0.00,S,,,USD,DB
70013432,02210,01,5,20251016,92659,000000094203,1.367,1.49,2.04,0.00,0.00,S,,,USD,DB
70013432,02210,01,6,20251016,92659,000004482001,1,13.99,13.99,0.00,0.87,S,,,USD,DB
70013433,02211,04,1,20251016,204948,000000020101,1,2.49,2.49,0.00,0.00,S,,,USD,GC
70013433,02211,04,2,20251016,204948,000000093410,0.877,3.99,3.50,0.00,0.00,S,,,USD,GC
70013433,02211,04,3,20251016,204948,000000020101,2,2.49,4.98,2.49,0.00,S,,BG25W36,USD,GC
70013434,02211,05,1,20251016,132227,000004481002,1,7.99,7.99,0.00,0.50,S,6038497916,,USD,CC
70013434,02211,05,2,20251016,132227,000004492001,2,1.79,3.58,0.00,0.22,S,6038497916,,USD,CC
70013434,02211,05,3,20251016,132227,000000005103,1,6.99,6.99,0.00,0.00,S,6038497916,,USD,CC
70013435,02211,05,1,20251016,192611,000004473002,1,2.79,2.79,0.00,0.17,S,6087884434,,USD,CC
70013435,02211,05,2,20251016,192611,000000005012,1,3.99,3.99,0.00,0.00,S,6087884434,,USD,CC
70013436,02211,05,1,20251016,124657,000000094301,1.986,4.39,8.72,0.00,0.00,S,6010303723,,USD,GC
70013436,02211,05,2,20251016,124657,000000005103,1,6.99,6.99,0.00,0.00,S,6010303723,,USD,GC
70013436,02211,05,3,20251016,124657,000004472003,1,3.29,3.29,0.00,0.21,S,6010303723,,USD,GC
70013436,02211,05,4,20251016,124657,000000040201,1,8.99,8.99,0.00,0.00,S,6010303723,,USD,GC
70013437,02211,02,1,20251016,155141,000000020103,1,4.99,4.99,0.00,0.00,S,6031873280,,USD,DB
70013437,02211,02,2,20251016,155141,000000040101,0.939,18.99,17.83,0.00,0.00,S,6031873280,,USD,DB
70013437,02211,02,3,20251016,155141,000000040203,2,11.99,23.98,0.00,0.00,S,6031873280,,USD,DB
70013437,02211,02,4,20251016,155141,000000094102,2,3.49,6.98,0.00,0.00,S,6031873280,,USD,DB
70013437,02211,02,5,20251016,155141,000000005201,1,3.99,3.99,0.00,0.00,S,6031873280,,USD,DB
70013438,02211,02,1,20251016,75809,000000005013,1,3.89,3.89,0.00,0.00,S,,,USD,DB
70013439,02305,04,1,20251016,170117,000004483001,2,4.99,9.98,0.00,0.62,S,,,USD,CC
70013440,02305,02,1,20251016,172454,000000020103,1,4.99,4.99,0.00,0.00,S,,,USD,GC
70013440,02305,02,2,20251016,172454,000004492002,1,1.49,1.49,0.00,0.09,S,,,USD,GC
70013441,02305,99,1,20251016,142251,000004492003,1,2.29,2.29,0.00,0.14,S,,,USD,DB
70013441,02305,99,2,20251016,142251,000000094102,1,3.49,3.49,0.00,0.00,S,,,USD,DB
70013442,02305,04,1,20251016,201450,000004482003,2,5.49,10.98,5.49,0.34,S,6080635651,BG25W36,USD,GC
70013442,02305,04,2,20251016,201450,000000020201,1,5.49,5.49,0.00,0.00,S,6080635651,,USD,GC
70013442,02305,04,3,20251016,201450,000004483001,1,4.99,4.99,0.00,0.31,S,6080635651,,USD,GC
70013442,02305,04,4,20251016,201450,000000551021,3,11.99,35.97,11.99,1.50,S,6080635651,MB25W37,USD,GC
70013443,02305,01,1,20251016,124232,000000005012,1,3.99,3.99,0.00,0.00,S,,,USD,CS
70013443,02305,01,2,20251016,124232,000000005301,1,5.49,5.49,0.00,0.00,S,,,USD,CS
70013443,02305,01,3,20251016,124232,000004492002,1,1.49,1.49,0.00,0.09,S,,,USD,CS
70013443,02305,01,4,20251016,124232,000000005103,1,6.99,6.99,0.00,0.00,S,,,USD,CS
70013444,02305,06,1,20251016,94416,000004472003,1,3.29,3.29,0.00,0.21,S,6013760375,,USD,CC
70013445,02305,05,1,20251016,135124,000004492001,1,1.79,1.79,0.00,0.11,S,,,USD,DB
70013445,02305,05,2,20251016,135124,000000005102,1,5.49,5.49,0.00,0.00,S,,,USD,DB
70013446,03050,05,1,20251016,102100,000000040201,1,8.99,8.99,0.00,0.00,R,6012490352,,USD,CC
70013447,03050,02,1,20251016,163041,000000005013,1,3.89,3.89,0.00,0.00,S,,,USD,DB
70013447,03050,02,2,20251016,163041,000000552001,1,4.49,4.49,0.00,0.28,S,,,USD,DB
70013448,03050,05,1,20251016,95524,000004481003,1,4.99,4.99,0.00,0.31,S,6060723111,,USD,DB
70013448,03050,05,2,20251016,95524,000000005201,2,3.99,7.98,0.00,0.00,S,6060723111,,USD,DB
70013448,03050,05,3,20251016,95524,000000552001,2,4.49,8.98,4.49,0.28,S,6060723111,BG25W36,USD,DB
70013448,03050,05,4,20251016,95524,000000031101,0.522,24.99,13.04,0.00,0.00,S,6060723111,,USD,DB
70013449,03050,05,1,20251016,150516,000000093410,0.575,3.99,2.29,0.00,0.00,S,,,USD,GC
70013449,03050,05,2,20251016,150516,000000093325,2.028,3.99,8.09,0.00,0.00,S,,,USD,GC
70013450,03050,05,1,20251016,85947,000000020103,1,4.99,4.99,0.00,0.00,S,,,USD,DB
70013450,03050,05,2,20251016,85947,000000020103,2,4.99,9.98,0.00,0.00,S,,,USD,DB
70013451,03050,01,1,20251016,92150,000000005302,1,3.49,3.49,0.00,0.00,S,6014604014,,USD,CC
70013451,03050,01,2,20251016,92150,000000094301,1.841,4.39,8.08,0.00,0.00,S,6014604014,,USD,CC
70013451,03050,01,3,20251016,92150,000004492001,3,1.79,5.37,1.79,0.22,S,6014604014,MB25W37,USD,CC
70013452,00317,03,1,20251016,141806,000000005103,1,9.49,9.49,0.00,0.00,S,,,CAD,DB
70013453,00317,03,1,20251016,215310,000000562002,3,11.49,34.47,0.00,2.15,S,6005973642,,CAD,CS
70013453,00317,03,2,20251016,215310,000000093401,1.806,7.49,13.53,0.00,0.00,S,6005973642,,CAD,CS
70013453,00317,03,3,20251016,215310,000000093410,0.932,5.39,5.02,0.00,0.00,S,6005973642,,CAD,CS
70013454,00317,02,1,20251016,90829,000004481001,2,10.89,21.78,0.00,1.36,S,6098316873,,CAD,CS
70013454,00317,02,2,20251016,90829,000000020101,2,3.39,6.78,3.39,0.00,S,6098316873,BG25W36,CAD,CS
70013455,00317,05,1,20251016,91659,000000551021,3,16.29,48.87,16.29,2.04,S,6089848416,MB25W37,CAD,DB
70013456,00317,01,1,20251016,72310,000000093325,0.252,5.39,1.36,0.00,0.00,S,,,CAD,CS
70013456,00317,01,2,20251016,72310,000004481001,1,10.89,10.89,0.00,0.68,S,,,CAD,CS
70013456,00317,01,3,20251016,72310,000000030101,1,9.49,9.49,0.00,0.00,S,,,CAD,CS
70013457,00317,05,1,20251016,124135,000000551021,1,16.29,16.29,0.00,1.02,S,6001322342,,CAD,CC
70013457,00317,05,2,20251016,124135,000000552002,1,5.39,5.39,0.00,0.34,S,6001322342,,CAD,CC
70013458,00317,05,1,20251016,181217,000000031101,0.634,33.99,21.55,0.00,0.00,S,,,CAD,CS
70013458,00317,05,2,20251016,181217,000000030201,1,13.59,13.59,0.00,0.00,S,,,CAD,CS
70013459,00317,05,1,20251016,83526,000000094201,1.036,2.29,2.37,0.00,0.00,S,6022068155,,CAD,CC
70013460,00317,01,1,20251016,135510,000004471023,1,4.69,4.69,0.00,0.29,S,,,CAD,CC
70013460,00317,01,2,20251016,135510,000004483001,2,6.79,13.58,0.00,0.85,S,,,CAD,CC
70013460,00317,01,3,20251016,135510,000004492001,3,2.39,7.17,2.39,0.30,S,,MB25W37,CAD,CC
70013460,00317,01,4,20251016,135510,000000040101,0.402,25.79,10.37,0.00,0.00,S,,,CAD,CC
70013460,00317,01,5,20251016,135510,000000005101,2,10.89,21.78,0.00,0.00,S,,,CAD,CC
70013460,00317,01,6,20251016,135510,000000040202,1,20.39,20.39,0.00,0.00,S,,,CAD,CC
70013461,00317,05,1,20251016,123400,000004482003,2,7.49,14.98,7.49,0.47,S,,BG25W36,CAD,CC
70013461,00317,05,2,20251016,123400,000004491003,2,2.69,5.38,0.00,0.34,S,,,CAD,CC
70013461,00317,05,3,20251016,123400,000000552001,2,6.09,12.18,6.09,0.38,S,,BG25W36,CAD,CC
70013461,00317,05,4,20251016,123400,000004473001,1,4.09,4.09,0.00,0.26,S,,,CAD,CC
70013462,00317,06,1,20251016,82413,000004471023,1,4.69,4.69,0.00,0.29,S,6007660464,,CAD,CC
70013462,00317,06,2,20251016,82413,000000020103,1,6.79,6.79,0.00,0.00,S,6007660464,,CAD,CC
70013462,00317,06,3,20251016,82413,000000030103,3,12.19,36.57,0.00,0.00,S,6007660464,,CAD,CC
70013463,00317,02,1,20251016,161336,000004473003,1,4.69,4.69,0.00,0.29,S,,,CAD,CS
70013463,00317,02,2,20251016,161336,000000005012,1,5.39,5.39,0.00,0.00,S,,,CAD,CS
70013463,00317,02,3,20251016,161336,000004482001,3,18.99,56.97,18.99,2.37,S,,MB25W37,CAD,CS
70013463,00317,02,4,20251016,161336,000000093503,1,5.79,5.79,0.00,0.00,S,,,CAD,CS
70013464,00317,01,1,20251016,111303,000000030103,2,12.19,24.38,0.00,0.00,S,6068705685,,CAD,DB
70013464,00317,01,2,20251016,111303,000000005020,1,6.09,6.09,0.00,0.00,S,6068705685,,CAD,DB
70013464,00317,01,3,20251016,111303,000000093501,2,6.09,12.18,6.09,0.00,S,6068705685,BG25W36,CAD,DB
70013465,00317,01,1,20251016,212756,000000030203,1,11.49,11.49,0.00,0.00,S,,,CAD,GC
70013466,00317,06,1,20251016,110241,000000040102,0.559,23.09,12.91,0.00,0.00,S,6056666832,,CAD,GC
70013466,00317,06,2,20251016,110241,000000040202,3,20.39,61.17,0.00,0.00,S,6056666832,,CAD,GC
70013466,00317,06,3,20251016,110241,000000094201,0.781,2.29,1.79,0.00,0.00,S,6056666832,,CAD,GC
70013466,00317,06,4,20251016,110241,000000020101,2,3.39,6.78,3.39,0.00,S,6056666832,BG25W36,CAD,GC
70013466,00317,06,5,20251016,110241,000000094301,0.590,5.99,3.53,0.00,0.00,S,6056666832,,CAD,GC
70013467,00322,02,1,20251016,101306,000004483002,1,4.69,4.69,0.00,0.29,S,6078547772,,CAD,GC
70013467,00322,02,2,20251016,101306,000000005103,2,9.49,18.98,0.00,0.00,S,6078547772,,CAD,GC
70013467,00322,02,3,20251016,101306,000000005102,1,7.49,7.49,0.00,0.00,S,6078547772,,CAD,GC
70013467,00322,02,4,20251016,101306,000004481001,3,10.89,32.67,10.89,1.36,S,6078547772,MB25W37,CAD,GC
70013467,00322,02,5,20251016,101306,000000040101,1.587,25.79,40.93,0.00,0.00,S,6078547772,,CAD,GC
70013468,00322,01,1,20251016,204514,000000093322,0.565,2.69,1.52,0.00,0.00,S,,,CAD,CS
70013468,00322,01,2,20251016,204514,000000005202,3,8.09,24.27,0.00,0.00,S,,,CAD,CS
70013468,00322,01,3,20251016,204514,000004492002,2,1.99,3.98,0.00,0.25,S,,,CAD,CS
70013469,00322,03,1,20251016,212700,000004493002,1,5.39,5.39,0.00,0.34,S,6039174101,,CAD,DB
70013470,01042,05,1,20251017,102702,000000005201,1,3.99,3.99,0.00,0.00,S,,,USD,CC
70013470,01042,05,2,20251017,102702,000000020102,1,3.49,3.49,0.00,0.00,S,,,USD,CC
70013471,01042,05,1,20251017,180127,000000094103,1,3.79,3.79,0.00,0.00,S,,,USD,CS
70013471,01042,05,2,20251017,180127,000000093401,0.793,5.49,4.35,0.00,0.00,S,,,USD,CS
70013471,01042,05,3,20251017,180127,000000040101,2.197,18.99,41.72,0.00,0.00,S,,,USD,CS
70013471,01042,05,4,20251017,180127,000000030101,1,6.99,6.99,0.00,0.00,S,,,USD,CS
70013472,01042,01,1,20251017,125527,000000093325,1.001,3.99,3.99,0.00,0.00,S,6020585277,,USD,CC
70013472,01042,01,2,20251017,125527,000000005020,1,4.49,4.49,0.00,0.00,S,6020585277,,USD,CC
70013472,01042,01,3,20251017,125527,000000093501,2,4.49,8.98,4.49,0.00,S,6020585277,BG25W36,USD,CC
70013473,01042,03,1,20251017,190758,000004481003,1,4.99,4.99,0.00,0.31,S,,,USD,CC
70013473,01042,03,2,20251017,190758,000000020101,2,2.49,4.98,2.49,0.00,S,,BG25W36,USD,CC
70013473,01042,03,3,20251017,190758,000000005103,1,6.99,6.99,0.00,0.00,S,,,USD,CC
70013473,01042,03,4,20251017,190758,000000093503,1,4.29,4.29,0.00,0.00,S,,,USD,CC
70013474,01042,06,1,20251017,75228,000000020203,1,6.49,6.49,0.00,0.00,S,,,USD,CC
70013474,01042,06,2,20251017,75228,000000005012,2,3.99,7.98,0.00,0.00,S,,,USD,CC
70013475,01042,02,1,20251017,122447,000000094203,1.473,1.49,2.19,0.00,0.00,S,6096325953,,USD,GC
70013476,01042,02,1,20251017,115907,000000093325,1.101,3.99,4.39,0.00,0.00,S,6034606664,,USD,CC
70013477,01042,05,1,20251017,150921,000000094203,1.049,1.49,1.56,0.00,0.00,S,,,USD,CS
70013477,01042,05,2,20251017,150921,000004482001,3,13.99,41.97,13.99,1.75,S,,MB25W37,USD,CS
70013477,01042,05,3,20251017,150921,000000040201,1,8.99,8.99,0.00,0.00,S,,,USD,CS
70013478,01042,01,1,20251017,145713,000000093410,2.084,3.99,8.32,0.00,0.00,S,,,USD,CS
70013479,01042,04,1,20251017,204020,000000030201,1,9.99,9.99,0.00,0.00,S,,,USD,CS
70013479,01042,04,2,20251017,204020,000000031102,2.141,19.99,42.80,0.00,0.00,S,,,USD,CS
70013479,01042,04,3,20251017,204020,000000005301,2,5.49,10.98,0.00,0.00,S,,,USD,CS
70013479,01042,04,4,20251017,204020,000004472002,2,4.49,8.98,0.00,0.56,S,,,USD,CS
70013480,01042,02,1,20251017,151605,000000031101,1.130,24.99,28.24,0.00,0.00,S,,,USD,GC
70013480,01042,02,2,20251017,151605,000004493001,1,5.49,5.49,0.00,0.34,S,,,USD,GC
70013480,01042,02,3,20251017,151605,000004481001,3,7.99,23.97,7.99,1.00,S,,MB25W37,USD,GC
70013481,01042,05,1,20251017,134744,000004492001,3,1.79,5.37,1.79,0.22,S,6079252419,MB25W37,USD,CC
70013481,01042,05,2,20251017,134744,000000005102,1,5.49,5.49,0.00,0.00,S,6079252419,,USD,CC
70013482,01107,06,1,20251017,161201,000000040202,1,14.99,14.99,0.00,0.00,S,,,USD,DB
70013482,01107,06,2,20251017,161201,000004471023,1,3.49,3.49,0.00,0.22,S,,,USD,DB
70013482,01107,06,3,20251017,161201,000000040202,1,14.99,14.99,0.00,0.00,S,,,USD,DB
70013483,01107,06,1,20251017,170337,000004472002,3,4.49,13.47,0.00,0.84,S,,,USD,CC
70013483,01107,06,2,20251017,170337,000000040102,1.697,16.99,28.83,0.00,0.00,S,,,USD,CC
70013483,01107,06,3,20251017,170337,000004492002,2,1.49,2.98,0.00,0.19,S,,,USD,CC
70013483,01107,06,4,20251017,170337,000004473003,1,3.49,3.49,0.00,0.22,S,,,USD,CC
70013484,01107,05,1,20251017,212512,000004493001,1,5.49,5.49,0.00,0.34,S,6010032365,,USD,CC
70013484,01107,05,2,20251017,212512,000000020102,3,3.49,10.47,0.00,0.00,S,6010032365,,USD,CC
70013485,01107,01,1,20251017,74236,000000005301,1,5.49,5.49,0.00,0.00,S,,,USD,GC
70013485,01107,01,2,20251017,74236,000000093322,0.596,1.99,1.19,0.00,0.00,S,,,USD,GC
70013485,01107,01,3,20251017,74236,000000040202,2,14.99,29.98,0.00,0.00,S,,,USD,GC
70013485,01107,01,4,20251017,74236,000004471040,2,2.49,4.98,0.00,0.31,S,,,USD,GC
70013486,01107,05,1,20251017,73651,000004473003,1,3.49,3.49,0.00,0.22,S,,,USD,DB
70013486,01107,05,2,20251017,73651,000000005013,1,3.89,3.89,0.00,0.00,S,,,USD,DB
70013486,01107,05,3,20251017,73651,000000005013,1,3.89,3.89,0.00,0.00,S,,,USD,DB
70013487,02210,04,1,20251017,161107,000004483002,3,3.49,10.47,0.00,0.65,S,,,USD,CC
70013487,02210,04,2,20251017,161107,000000094203,1.236,1.49,1.84,0.00,0.00,S,,,USD,CC
70013488,02210,03,1,20251017,194450,000000093501,2,4.49,8.98,4.49,0.00,S,6051240568,BG25W36,USD,DB
70013488,02210,03,2,20251017,194450,000004492001,1,1.79,1.79,0.00,0.11,S,6051240568,,USD,DB
70013488,02210,03,3,20251017,194450,000000093325,0.803,3.99,3.20,0.00,0.00,S,6051240568,,USD,DB
70013488,02210,03,4,20251017,194450,000000551020,1,13.99,13.99,0.00,0.87,S,6051240568,,USD,DB
70013489,02210,06,1,20251017,92254,000000094103,1,3.79,3.79,0.00,0.00,S,6020994510,,USD,CS
70013490,02210,01,1,20251017,91001,000000093502,1,3.99,3.99,0.00,0.00,S,,,USD,DB
70013490,02210,01,2,20251017,91001,000000040102,0.334,16.99,5.67,0.00,0.00,S,,,USD,DB
70013490,02210,01,3,20251017,91001,000000552001,2,4.49,8.98,4.49,0.28,S,,BG25W36,USD,DB
70013490,02210,01,4,20251017,91001,000000094301,1.929,4.39,8.47,0.00,0.00,S,,,USD,DB
70013491,02210,04,1,20251017,191013,000000030102,1,14.99,14.99,0.00,0.00,S,6005080184,,USD,DB
70013491,02210,04,2,20251017,191013,000004472002,1,4.49,4.49,0.00,0.28,S,6005080184,,USD,DB
70013491,02210,04,3,20251017,191013,000000005102,1,5.49,5.49,0.00,0.00,S,6005080184,,USD,DB
70013491,02210,04,4,20251017,191013,000000093401,1.097,5.49,6.02,0.00,0.00,S,6005080184,,USD,DB
70013492,02210,05,1,20251017,141453,000004493001,2,5.49,10.98,0.00,0.69,S,6052763655,,USD,DB
70013492,02210,05,2,20251017,141453,000004493002,1,3.99,3.99,0.00,0.25,S,6052763655,,USD,DB
70013492,02210,05,3,20251017,141453,000004471040,1,2.49,2.49,0.00,0.16,S,6052763655,,USD,DB
70013492,02210,05,4,20251017,141453,000004481001,3,7.99,23.97,7.99,1.00,S,6052763655,MB25W37,USD,DB
70013492,02210,05,5,20251017,141453,000000030203,1,8.49,8.49,0.00,0.00,S,6052763655,,USD,DB
70013492,02210,05,6,20251017,141453,000000093322,1.725,1.99,3.43,0.00,0.00,S,6052763655,,USD,DB
70013493,02211,02,1,20251017,172655,000004491003,1,1.99,1.99,0.00,0.12,S,6021707303,,USD,CS
70013493,02211,02,2,20251017,172655,000004472002,2,4.49,8.98,0.00,0.56,S,6021707303,,USD,CS
70013493,02211,02,3,20251017,172655,000004471030,1,3.99,3.99,0.00,0.25,S,6021707303,,USD,CS
70013493,02211,02,4,20251017,172655,000004471040,2,2.49,4.98,0.00,0.31,S,6021707303,,USD,CS
70013494,02211,03,1,20251017,203726,000000005020,1,4.49,4.49,0.00,0.00,S,6045822067,,USD,DB
70013494,02211,03,2,20251017,203726,000000040102,1.429,16.99,24.28,0.00,0.00,S,6045822067,,USD,DB
70013495,02305,06,1,20251017,83905,000000020202,1,5.99,5.99,0.00,0.00,S,,,USD,DB
70013496,02305,01,1,20251017,200932,000004491001,1,2.49,2.49,0.00,0.16,S,6051017397,,USD,GC
70013497,02305,06,1,20251017,111816,000000552001,2,4.49,8.98,4.49,0.28,S,,BG25W36,USD,CS
70013497,02305,06,2,20251017,111816,000004482003,1,5.49,5.49,0.00,0.34,S,,,USD,CS
70013498,02305,06,1,20251017,212938,000004471030,3,3.99,11.97,0.00,0.75,S,6021267888,,USD,GC
70013499,02305,03,1,20251017,173912,000004482001,3,13.99,41.97,13.99,1.75,S,6055158886,MB25W37,USD,CS
70013499,02305,03,2,20251017,173912,000000094203,0.255,1.49,0.38,0.00,0.00,S,6055158886,,USD,CS
70013499,02305,03,3,20251017,173912,000000005202,1,5.99,5.99,0.00,0.00,S,6055158886,,USD,CS
70013499,02305,03,4,20251017,173912,000004472003,1,3.29,3.29,0.00,0.21,S,6055158886,,USD,CS
70013499,02305,03,5,20251017,173912,000000040202,1,14.99,14.99,0.00,0.00,S,6055158886,,USD,CS
70013500,02305,02,1,20251017,90205,000000094102,1,3.49,3.49,0.00,0.00,S,,,USD,DB
70013500,02305,02,2,20251017,90205,000004482001,3,13.99,41.97,13.99,1.75,S,,MB25W37,USD,DB
70013501,02305,05,1,20251017,82114,000000030101,1,6.99,6.99,0.00,0.00,S,,,USD,CC
70013501,02305,05,2,20251017,82114,000000040102,0.710,16.99,12.06,0.00,0.00,S,,,USD,CC
70013502,02305,06,1,20251017,161002,000000005101,1,7.99,7.99,0.00,0.00,S,,,USD,CC
70013502,02305,06,2,20251017,161002,000004472003,1,3.29,3.29,0.00,0.21,S,,,USD,CC
70013503,02305,05,1,20251017,100148,000000552001,2,4.49,8.98,4.49,0.28,S,,BG25W36,USD,DB
70013503,02305,05,2,20251017,100148,000004472001,1,3.99,3.99,0.00,0.25,S,,,USD,DB
70013503,02305,05,3,20251017,100148,000000094301,0.766,4.39,3.36,0.00,0.00,S,,,USD,DB
70013503,02305,05,4,20251017,100148,000004493002,2,3.99,7.98,0.00,0.50,S,,,USD,DB
70013503,02305,05,5,20251017,100148,000004472003,2,3.29,6.58,0.00,0.41,S,,,USD,DB
70013503,02305,05,6,20251017,100148,000000551021,3,11.99,35.97,11.99,1.50,S,,MB25W37,USD,DB
70013504,02305,06,1,20251017,102815,000000005013,1,3.89,3.89,0.00,0.00,S,6047705383,,USD,DB
70013505,02305,01,1,20251017,195303,000000093410,0.922,3.99,3.68,0.00,0.00,S,,,USD,CS
70013505,02305,01,2,20251017,195303,000000005101,1,7.99,7.99,0.00,0.00,S,,,USD,CS
70013505,02305,01,3,20251017,195303,000004471023,1,3.49,3.49,0.00,0.22,S,,,USD,CS
70013506,03050,04,1,20251017,80946,000000093501,1,4.49,4.49,0.00,0.00,S,,,USD,CC
70013506,03050,04,2,20251017,80946,000004491001,1,2.49,2.49,0.00,0.16,S,,,USD,CC
70013506,03050,04,3,20251017,80946,000000005012,2,3.99,7.98,0.00,0.00,S,,,USD,CC
70013506,03050,04,4,20251017,80946,000000030201,1,9.99,9.99,0.00,0.00,S,,,USD,CC
70013507,03050,01,1,20251017,122044,000000093503,1,4.29,4.29,0.00,0.00,S,6030768104,,USD,CS
70013507,03050,01,2,20251017,122044,000000093503,3,4.29,12.87,0.00,0.00,S,6030768104,,USD,CS
70013507,03050,01,3,20251017,122044,000004493001,1,5.49,5.49,0.00,0.34,S,6030768104,,USD,CS
70013508,03050,04,1,20251017,205549,000000093501,2,4.49,8.98,4.49,0.00,S,6055562833,BG25W36,USD,DB
70013509,03050,04,1,20251017,133215,000000031101,2.061,24.99,51.50,0.00,0.00,S,6076921053,,USD,CS
70013510,03050,06,1,20251017,84123,000000020101,2,2.49,4.98,2.49,0.00,S,,BG25W36,USD,DB
70013510,03050,06,2,20251017,84123,000004491001,1,2.49,2.49,0.00,0.16,S,,,USD,DB
70013511,03050,01,1,20251017,90934,000000093501,2,4.49,8.98,4.49,0.00,S,6061764750,BG25W36,USD,CS
70013512,03050,03,1,20251017,140524,000000552001,2,4.49,8.98,4.49,0.28,S,,BG25W36,USD,DB
70013512,03050,03,2,20251017,140524,000000094301,1.607,4.39,7.05,0.00,0.00,S,,,USD,DB
70013513,03050,04,1,20251017,70123,000000031101,1.136,24.99,28.39,0.00,0.00,S,,,USD,DB
70013513,03050,04,2,20251017,70123,000000040202,1,14.99,14.99,0.00,0.00,S,,,USD,DB
70013514,03050,05,1,20251017,185659,000000552001,2,4.49,8.98,4.49,0.28,S,6053666144,BG25W36,USD,CS
70013515,03050,06,1,20251017,193101,000000093501,1,4.49,4.49,0.00,0.00,S,,,USD,DB
70013515,03050,06,2,20251017,193101,000004481002,1,7.99,7.99,0.00,0.50,S,,,USD,DB
70013515,03050,06,3,20251017,193101,000000094301,1.697,4.39,7.45,0.00,0.00,S,,,USD,DB
70013515,03050,06,4,20251017,193101,000004491003,1,1.99,1.99,0.00,0.12,S,,,USD,DB
70013516,00317,01,1,20251017,191619,000000005020,1,6.09,6.09,0.00,0.00,S,6063731495,,CAD,CS
70013516,00317,01,2,20251017,191619,000000551020,2,18.99,37.98,0.00,2.37,S,6063731495,,CAD,CS
70013516,00317,01,3,20251017,191619,000004473003,2,4.69,9.38,0.00,0.59,S,6063731495,,CAD,CS
70013516,00317,01,4,20251017,191619,000000040203,1,16.29,16.29,0.00,0.00,S,6063731495,,CAD,CS
70013517,00317,06,1,20251017,164548,000000551021,1,16.29,16.29,0.00,1.02,S,,,CAD,CC
70013517,00317,06,2,20251017,164548,000004482003,2,7.49,14.98,7.49,0.47,S,,BG25W36,CAD,CC
70013518,00317,04,1,20251017,124823,000000031101,1.394,33.99,47.38,0.00,0.00,S,6098316873,,CAD,CS
70013518,00317,04,2,20251017,124823,000000040102,2.121,23.09,48.97,0.00,0.00,S,6098316873,,CAD,CS
70013518,00317,04,3,20251017,124823,000000040201,2,12.19,24.38,0.00,0.00,S,6098316873,,CAD,CS
70013518,00317,04,4,20251017,124823,000004492001,3,2.39,7.17,2.39,0.30,S,6098316873,MB25W37,CAD,CS
70013519,00317,05,1,20251017,210609,000000551021,3,16.29,48.87,16.29,2.04,S,,MB25W37,CAD,GC
70013519,00317,05,2,20251017,210609,000000020103,1,6.79,6.79,0.00,0.00,S,,,CAD,GC
70013519,00317,05,3,20251017,210609,000004482003,1,7.49,7.49,0.00,0.47,S,,,CAD,GC
70013519,00317,05,4,20251017,210609,000000005101,1,10.89,10.89,0.00,0.00,S,,,CAD,GC
70013519,00317,05,5,20251017,210609,000004472050,3,5.39,16.17,5.39,0.67,S,,MB25W37,CAD,GC
70013520,00317,06,1,20251017,145130,000000094202,1.241,2.69,3.34,0.00,0.00,S,6068705685,,CAD,DB
70013520,00317,06,2,20251017,145130,000004471040,1,3.39,3.39,0.00,0.21,S,6068705685,,CAD,DB
70013521,00317,04,1,20251017,72943,000004483002,1,4.69,4.69,0.00,0.29,S,,,CAD,CC
70013521,00317,04,2,20251017,72943,000004481002,1,10.89,10.89,0.00,0.68,S,,,CAD,CC
70013521,00317,04,3,20251017,72943,000000020103,1,6.79,6.79,0.00,0.00,S,,,CAD,CC
70013522,00317,04,1,20251017,155039,000000093410,1.622,5.39,8.74,0.00,0.00,S,,,CAD,DB
70013523,00317,01,1,20251017,123902,000004481002,1,10.89,10.89,0.00,0.68,S,,,CAD,CC
70013524,00317,01,1,20251017,102632,000000020201,1,7.49,7.49,0.00,0.00,S,6001372151,,CAD,CS
70013524,00317,01,2,20251017,102632,000004483002,1,4.69,4.69,0.00,0.29,S,6001372151,,CAD,CS
70013524,00317,01,3,20251017,102632,000004493001,1,7.49,7.49,0.00,0.47,S,6001372151,,CAD,CS
70013524,00317,01,4,20251017,102632,000000040101,1.430,25.79,36.88,0.00,0.00,S,6001372151,,CAD,CS
70013524,00317,01,5,20251017,102632,000000094203,0.973,1.99,1.94,0.00,0.00,S,6001372151,,CAD,CS
70013525,00317,03,1,20251017,180105,000004491002,1,9.49,9.49,0.00,0.59,S,,,CAD,CC
70013526,00317,06,1,20251017,210000,000004493002,1,5.39,5.39,0.00,0.34,S,6058721055,,CAD,CS
70013526,00317,06,2,20251017,210000,000000005101,1,10.89,10.89,0.00,0.00,S,6058721055,,CAD,CS
70013526,00317,06,3,20251017,210000,000000005301,1,7.49,7.49,0.00,0.00,S,6058721055,,CAD,CS
70013526,00317,06,4,20251017,210000,000000005301,1,7.49,7.49,0.00,0.00,S,6058721055,,CAD,CS
70013527,00317,01,1,20251017,72624,000000562001,1,14.89,14.89,0.00,0.93,S,6056532863,,CAD,DB
70013528,00317,03,1,20251017,111732,000000552001,2,6.09,12.18,6.09,0.38,S,6023850371,BG25W36,CAD,GC
70013528,00317,03,2,20251017,111732,000000551020,1,18.99,18.99,0.00,1.19,S,6023850371,,CAD,GC
70013529,00322,05,1,20251017,203104,000000005201,1,5.39,5.39,0.00,0.00,S,,,CAD,DB
70013530,00322,05,1,20251017,190812,000000040102,1.589,23.09,36.69,0.00,0.00,S,,,CAD,CS
70013530,00322,05,2,20251017,190812,000000030201,1,13.59,13.59,0.00,0.00,S,,,CAD,CS
70013530,00322,05,3,20251017,190812,000004472050,3,5.39,16.17,5.39,0.67,S,,MB25W37,CAD,CS
70013530,00322,05,4,20251017,190812,000000005102,1,7.49,7.49,0.00,0.00,S,,,CAD,CS
70013530,00322,05,5,20251017,190812,000004483002,1,4.69,4.69,0.00,0.29,S,,,CAD,CS
70013531,01042,05,1,20251018,101405,000000031102,2.143,19.99,42.84,0.00,0.00,S,,,USD,DB
70013531,01042,05,2,20251018,101405,000000093325,0.580,3.99,2.31,0.00,0.00,S,,,USD,DB
70013532,01042,03,1,20251018,71909,000000094203,1.614,1.49,2.40,0.00,0.00,S,6015632135,,USD,CS
70013532,01042,03,2,20251018,71909,000004481002,2,7.99,15.98,0.00,1.00,S,6015632135,,USD,CS
70013532,01042,03,3,20251018,71909,000004471024,1,3.49,3.49,0.00,0.22,S,6015632135,,USD,CS
70013532,01042,03,4,20251018,71909,000004492003,1,2.29,2.29,0.00,0.14,S,6015632135,,USD,CS
70013533,01042,05,1,20251018,153528,000000005013,1,3.89,3.89,0.00,0.00,S,,,USD,DB
70013533,01042,05,2,20251018,153528,000004471024,2,3.49,6.98,0.00,0.44,S,,,USD,DB
70013533,01042,05,3,20251018,153528,000004472002,2,4.49,8.98,0.00,0.56,S,,,USD,DB
70013533,01042,05,4,20251018,153528,000000093503,1,4.29,4.29,0.00,0.00,S,,,USD,DB
70013533,01042,05,5,20251018,153528,000004492001,1,1.79,1.79,0.00,0.11,S,,,USD,DB
70013533,01042,05,6,20251018,153528,000000005102,1,5.49,5.49,0.00,0.00,S,,,USD,DB
70013534,01042,01,1,20251018,123006,000000094301,0.722,4.39,3.17,0.00,0.00,S,,,USD,CC
70013534,01042,01,2,20251018,123006,000000093325,1.308,3.99,5.22,0.00,0.00,S,,,USD,CC
70013534,01042,01,3,20251018,123006,000000005102,1,5.49,5.49,0.00,0.00,S,,,USD,CC
70013534,01042,01,4,20251018,123006,000000005201,1,3.99,3.99,0.00,0.00,S,,,USD,CC
70013534,01042,01,5,20251018,123006,000000093410,1.793,3.99,7.15,0.00,0.00,S,,,USD,CC
70013534,01042,01,6,20251018,123006,000004471040,2,2.49,4.98,0.00,0.31,S,,,USD,CC
70013535,01042,04,1,20251018,93005,000000020102,1,3.49,3.49,0.00,0.00,S,,,USD,DB
70013536,01042,06,1,20251018,122822,000004492001,3,1.79,5.37,1.79,0.22,S,,MB25W37,USD,CS
70013536,01042,06,2,20251018,122822,000000005101,1,7.99,7.99,0.00,0.00,S,,,USD,CS
70013537,01042,05,1,20251018,143537,000004493002,2,3.99,7.98,0.00,0.50,S,,,USD,DB
70013537,01042,05,2,20251018,143537,000000094101,1,3.99,3.99,0.00,0.00,S,,,USD,DB
70013537,01042,05,3,20251018,143537,000000005013,2,3.89,7.78,0.00,0.00,S,,,USD,DB
70013538,01042,06,1,20251018,173610,000000094203,1.405,1.49,2.09,0.00,0.00,S,6092361618,,USD,CS
70013538,01042,06,2,20251018,173610,000004491001,1,2.49,2.49,0.00,0.16,S,6092361618,,USD,CS
70013538,01042,06,3,20251018,173610,000000040102,1.094,16.99,18.59,0.00,0.00,S,6092361618,,USD,CS
70013538,01042,06,4,20251018,173610,000000093501,1,4.49,4.49,0.00,0.00,S,6092361618,,USD,CS
70013538,01042,06,5,20251018,173610,000004473001,1,2.99,2.99,0.00,0.19,S,6092361618,,USD,CS
70013539,01042,04,1,20251018,101643,000000005103,1,6.99,6.99,0.00,0.00,S,,,USD,GC
70013539,01042,04,2,20251018,101643,000000020101,1,2.49,2.49,0.00,0.00,S,,,USD,GC
70013540,01042,05,1,20251018,151815,000004472002,2,4.49,8.98,0.00,0.56,S,,,USD,CC
70013540,01042,05,2,20251018,151815,000000552001,2,4.49,8.98,4.49,0.28,S,,BG25W36,USD,CC
70013540,01042,05,3,20251018,151815,000000005101,1,7.99,7.99,0.00,0.00,S,,,USD,CC
70013540,01042,05,4,20251018,151815,000000094102,1,3.49,3.49,0.00,0.00,S,,,USD,CC
70013540,01042,05,5,20251018,151815,000004472002,3,4.49,13.47,0.00,0.84,S,,,USD,CC
70013541,01042,04,1,20251018,175911,000000005013,2,3.89,7.78,0.00,0.00,S,6049127113,,USD,CS
70013541,01042,04,2,20251018,175911,000004472003,2,3.29,6.58,0.00,0.41,S,6049127113,,USD,CS
70013541,01042,04,3,20251018,175911,000000040101,1.836,18.99,34.87,0.00,0.00,S,6049127113,,USD,CS
70013541,01042,04,4,20251018,175911,000004482002,2,17.99,35.98,0.00,2.25,S,6049127113,,USD,CS
70013542,01042,01,1,20251018,211219,000004472003,1,3.29,3.29,0.00,0.21,S,6000687616,,USD,DB
70013542,01042,01,2,20251018,211219,000000005202,1,5.99,5.99,0.00,0.00,S,6000687616,,USD,DB
70013542,01042,01,3,20251018,211219,000000093410,0.385,3.99,1.54,0.00,0.00,S,6000687616,,USD,DB
70013542,01042,01,4,20251018,211219,000000551021,1,11.99,11.99,0.00,0.75,S,6000687616,,USD,DB
70013543,01042,03,1,20251018,145346,000000093410,0.854,3.99,3.41,0.00,0.00,S,6049127113,,USD,CC
70013544,01107,04,1,20251018,212038,000004473003,3,3.49,10.47,0.00,0.65,S,,,USD,DB
70013544,01107,04,2,20251018,212038,000004482001,1,13.99,13.99,0.00,0.87,S,,,USD,DB
70013544,01107,04,3,20251018,212038,000000040203,1,11.99,11.99,0.00,0.00,S,,,USD,DB
70013544,01107,04,4,20251018,212038,000004481003,1,4.99,4.99,0.00,0.31,S,,,USD,DB
70013544,01107,04,5,20251018,212038,000004472003,1,3.29,3.29,0.00,0.21,S,,,USD,DB
70013544,01107,04,6,20251018,212038,000000040102,0.583,16.99,9.91,0.00,0.00,S,,,USD,DB
70013545,01107,01,1,20251018,195840,000004493002,1,3.99,3.99,0.00,0.25,S,6070707057,,USD,CC
70013546,01107,03,1,20251018,152451,000000040101,0.666,18.99,12.65,0.00,0.00,S,6065044818,,USD,CS
70013546,01107,03,2,20251018,152451,000004492001,1,1.79,1.79,0.00,0.11,S,6065044818,,USD,CS
70013547,01107,05,1,20251018,102745,000000093503,2,4.29,8.58,0.00,0.00,S,,,USD,DB
70013548,01107,04,1,20251018,172034,000004472002,1,4.49,4.49,0.00,0.28,S,,,USD,CC
70013548,01107,04,2,20251018,172034,000000005301,2,5.49,10.98,0.00,0.00,S,,,USD,CC
70013548,01107,04,3,20251018,172034,000004472003,1,3.29,3.29,0.00,0.21,S,,,USD,CC
70013548,01107,04,4,20251018,172034,000000561001,2,9.99,19.98,0.00,1.25,S,,,USD,CC
70013548,01107,04,5,20251018,172034,000004481002,1,7.99,7.99,0.00,0.50,S,,,USD,CC
70013548,01107,04,6,20251018,172034,000004482003,2,5.49,10.98,5.49,0.34,S,,BG25W36,USD,CC
70013549,01107,02,1,20251018,90237,000004491002,1,6.99,6.99,0.00,0.44,S,,,USD,CC
70013550,01107,06,1,20251018,110137,000000005202,1,5.99,5.99,0.00,0.00,S,,,USD,CS
70013550,01107,06,2,20251018,110137,000000005020,1,4.49,4.49,0.00,0.00,S,,,USD,CS
70013550,01107,06,3,20251018,110137,000000020101,2,2.49,4.98,2.49,0.00,S,,BG25W36,USD,CS
70013550,01107,06,4,20251018,110137,000000562002,1,8.49,8.49,0.00,0.53,S,,,USD,CS
70013550,01107,06,5,20251018,110137,000000040101,1.611,18.99,30.59,0.00,0.00,S,,,USD,CS
70013551,01107,01,1,20251018,132959,000004481001,1,7.99,7.99,0.00,0.50,S,,,USD,DB
70013551,01107,01,2,20251018,132959,000004491002,1,6.99,6.99,0.00,0.44,S,,,USD,DB
70013552,02210,06,1,20251018,182104,000000562002,2,8.49,16.98,0.00,1.06,S,6078547772,,USD,DB
70013552,02210,06,2,20251018,182104,000000005013,2,3.89,7.78,0.00,0.00,S,6078547772,,USD,DB
70013553,02210,01,1,20251018,83348,000000040102,0.553,16.99,9.40,0.00,0.00,S,,,USD,CS
70013553,02210,01,2,20251018,83348,000000020202,1,5.99,5.99,0.00,0.00,S,,,USD,CS
70013553,02210,01,3,20251018,83348,000000093502,1,3.99,3.99,0.00,0.00,S,,,USD,CS
70013553,02210,01,4,20251018,83348,000004471030,1,3.99,3.99,0.00,0.25,S,,,USD,CS
70013553,02210,01,5,20251018,83348,000000552002,1,3.99,3.99,0.00,0.25,S,,,USD,CS
70013554,02210,06,1,20251018,210433,000000561001,1,9.99,9.99,0.00,0.62,S,,,USD,CC
70013554,02210,06,2,20251018,210433,000000020203,2,6.49,12.98,0.00,0.00,S,,,USD,CC
70013554,02210,06,3,20251018,210433,000000093402,0.763,3.29,2.51,0.00,0.00,S,,,USD,CC
70013554,02210,06,4,20251018,210433,000004472001,1,3.99,3.99,0.00,0.25,S,,,USD,CC
70013554,02210,06,5,20251018,210433,000000561001,1,9.99,9.99,0.00,0.62,S,,,USD,CC
70013554,02210,06,6,20251018,210433,000000005012,2,3.99,7.98,0.00,0.00,S,,,USD,CC
70013555,02210,05,1,20251018,93047,000000562001,2,10.99,21.98,0.00,1.37,S,,,USD,CC
70013556,02210,05,1,20251018,171728,000004472001,1,3.99,3.99,0.00,0.25,S,6045593766,,USD,CC
70013557,02210,03,1,20251018,163305,000004471024,1,3.49,3.49,0.00,0.22,S,,,USD,DB
70013557,02210,03,2,20251018,163305,000000020101,2,2.49,4.98,2.49,0.00,S,,BG25W36,USD,DB
70013558,02210,05,1,20251018,130830,000000020101,2,2.49,4.98,2.49,0.00,S,6025859177,BG25W36,USD,DB
70013558,02210,05,2,20251018,130830,000004492001,1,1.79,1.79,0.00,0.11,S,6025859177,,USD,DB
70013558,02210,05,3,20251018,130830,000000020102,1,3.49,3.49,0.00,0.00,S,6025859177,,USD,DB
70013559,02210,06,1,20251018,171944,000004473003,1,3.49,3.49,0.00,0.22,S,6037281793,,USD,CC
70013559,02210,06,2,20251018,171944,000000031102,0.986,19.99,19.71,0.00,0.00,S,6037281793,,USD,CC
70013559,02210,06,3,20251018,171944,000004481001,1,7.99,7.99,0.00,0.50,S,6037281793,,USD,CC
70013559,02210,06,4,20251018,171944,000004472001,1,3.99,3.99,0.00,0.25,S,6037281793,,USD,CC
70013559,02210,06,5,20251018,171944,000000005201,1,3.99,3.99,0.00,0.00,S,6037281793,,USD,CC
70013560,02210,05,1,20251018,114150,000004483002,2,3.49,6.98,0.00,0.44,S,6086693465,,USD,CS
70013560,02210,05,2,20251018,114150,000000005012,1,3.99,3.99,0.00,0.00,S,6086693465,,USD,CS
70013560,02210,05,3,20251018,114150,000000040102,0.866,16.99,14.71,0.00,0.00,S,6086693465,,USD,CS
70013560,02210,05,4,20251018,114150,000000094302,1.860,5.49,10.21,0.00,0.00,S,6086693465,,USD,CS
70013560,02210,05,5,20251018,114150,000004472001,2,3.99,7.98,0.00,0.50,S,6086693465,,USD,CS
70013561,02211,05,1,20251018,121223,000004481001,2,7.99,15.98,0.00,1.00,S,,,USD,DB
70013561,02211,05,2,20251018,121223,000000093402,0.595,3.29,1.96,0.00,0.00,S,,,USD,DB
70013561,02211,05,3,20251018,121223,000000094102,1,3.49,3.49,0.00,0.00,S,,,USD,DB
70013562,02211,04,1,20251018,100809,000000020203,1,6.49,6.49,0.00,0.00,S,,,USD,CS
70013562,02211,04,2,20251018,100809,000000005102,2,5.49,10.98,0.00,0.00,S,,,USD,CS
70013562,02211,04,3,20251018,100809,000000005301,1,5.49,5.49,0.00,0.00,S,,,USD,CS
70013563,02211,01,1,20251018,215112,000000562001,1,10.99,10.99,0.00,0.69,S,,,USD,CS
70013563,02211,01,2,20251018,215112,000004482001,1,13.99,13.99,0.00,0.87,S,,,USD,CS
70013563,02211,01,3,20251018,215112,000004471030,2,3.99,7.98,0.00,0.50,S,,,USD,CS
70013563,02211,01,4,20251018,215112,000000094302,0.273,5.49,1.50,0.00,0.00,S,,,USD,CS
70013563,02211,01,5,20251018,215112,000000020101,2,2.49,4.98,2.49,0.00,S,,BG25W36,USD,CS
70013563,02211,01,6,20251018,215112,000004472002,1,4.49,4.49,0.00,0.28,S,,,USD,CS
70013564,02211,03,1,20251018,133428,000004473001,1,2.99,2.99,0.00,0.19,S,,,USD,CC
70013564,02211,03,2,20251018,133428,000004491001,1,2.49,2.49,0.00,0.16,S,,,USD,CC
70013564,02211,03,3,20251018,133428,000004483002,1,3.49,3.49,0.00,0.22,S,,,USD,CC
70013564,02211,03,4,20251018,133428,000004473002,1,2.79,2.79,0.00,0.17,S,,,USD,CC
70013564,02211,03,5,20251018,133428,000000005102,1,5.49,5.49,0.00,0.00,S,,,USD,CC
70013564,02211,03,6,20251018,133428,000004481001,3,7.99,23.97,7.99,1.00,S,,MB25W37,USD,CC
70013565,02211,04,1,20251018,121153,000004491003,1,1.99,1.99,0.00,0.12,S,,,USD,DB
70013565,02211,04,2,20251018,121153,000004481003,2,4.99,9.98,0.00,0.62,S,,,USD,DB
70013565,02211,04,3,20251018,121153,000000093401,1.226,5.49,6.73,0.00,0.00,S,,,USD,DB
70013566,02211,02,1,20251018,200232,000000040102,1.624,16.99,27.59,0.00,0.00,S,,,USD,CC
70013566,02211,02,2,20251018,200232,000000561001,1,9.99,9.99,0.00,0.62,S,,,USD,CC
70013566,02211,02,3,20251018,200232,000004492001,1,1.79,1.79,0.00,0.11,S,,,USD,CC
70013566,02211,02,4,20251018,200232,000000005302,1,3.49,3.49,0.00,0.00,S,,,USD,CC
70013567,02211,06,1,20251018,173437,000004483002,1,3.49,3.49,0.00,0.22,S,,,USD,GC
70013567,02211,06,2,20251018,173437,000004482002,2,17.99,35.98,0.00,2.25,S,,,USD,GC
70013567,02211,06,3,20251018,173437,000000020102,2,3.49,6.98,0.00,0.00,S,,,USD,GC
70013567,02211,06,4,20251018,173437,000000005101,1,7.99,7.99,0.00,0.00,S,,,USD,GC
70013568,02305,03,1,20251018,213833,000000094202,0.875,1.99,1.74,0.00,0.00,S,6034191825,,USD,CC
70013568,02305,03,2,20251018,213833,000004481002,1,7.99,7.99,0.00,0.50,S,6034191825,,USD,CC
70013568,02305,03,3,20251018,213833,000004471024,1,3.49,3.49,0.00,0.22,S,6034191825,,USD,CC
70013568,02305,03,4,20251018,213833,000004481002,2,7.99,15.98,0.00,1.00,S,6034191825,,USD,CC
70013568,02305,03,5,20251018,213833,000000094301,1.900,4.39,8.34,0.00,0.00,S,6034191825,,USD,CC
70013569,02305,06,1,20251018,73243,000000552002,1,3.99,3.99,0.00,0.25,S,,,USD,CC
70013569,02305,06,2,20251018,73243,000000020102,2,3.49,6.98,0.00,0.00,S,,,USD,CC
70013569,02305,06,3,20251018,73243,000004492002,1,1.49,1.49,0.00,0.09,S,,,USD,CC
70013570,02305,06,1,20251018,104732,000000040102,0.769,16.99,13.07,0.00,0.00,S,6028837744,,USD,DB
70013570,02305,06,2,20251018,104732,000000005012,1,3.99,3.99,0.00,0.00,S,6028837744,,USD,DB
70013570,02305,06,3,20251018,104732,000000005302,2,3.49,6.98,0.00,0.00,S,6028837744,,USD,DB
70013571,02305,05,1,20251018,210917,000000020203,1,6.49,6.49,0.00,0.00,S,,,USD,GC
70013572,02305,03,1,20251018,120434,000000020202,1,5.99,5.99,0.00,0.00,S,,,USD,GC
70013572,02305,03,2,20251018,120434,000004481001,3,7.99,23.97,7.99,1.00,S,,MB25W37,USD,GC
70013573,02305,03,1,20251018,124748,000004482001,1,13.99,13.99,0.00,0.87,S,,,USD,DB
70013573,02305,03,2,20251018,124748,000000005103,2,6.99,13.98,0.00,0.00,S,,,USD,DB
70013573,02305,03,3,20251018,124748,000000020101,1,2.49,2.49,0.00,0.00,S,,,USD,DB
70013574,02305,02,1,20251018,210656,000004481002,1,7.99,7.99,0.00,0.50,S,6065421406,,USD,CC
70013574,02305,02,2,20251018,210656,000004492002,1,1.49,1.49,0.00,0.09,S,6065421406,,USD,CC
70013575,02305,06,1,20251018,84104,000004471030,2,3.99,7.98,0.00,0.50,S,,,USD,DB
70013575,02305,06,2,20251018,84104,000000020101,2,2.49,4.98,2.49,0.00,S,,BG25W36,USD,DB
70013576,02305,06,1,20251018,71815,000000093501,2,4.49,8.98,4.49,0.00,S,6028397620,BG25W36,USD,DB
70013576,02305,06,2,20251018,71815,000004473001,2,2.99,5.98,0.00,0.37,S,6028397620,,USD,DB
70013576,02305,06,3,20251018,71815,000004473001,1,2.99,2.99,0.00,0.19,S,6028397620,,USD,DB
70013576,02305,06,4,20251018,71815,000004471023,1,3.49,3.49,0.00,0.22,S,6028397620,,USD,DB
70013576,02305,06,5,20251018,71815,000000030102,1,14.99,14.99,0.00,0.00,S,6028397620,,USD,DB
70013576,02305,06,6,20251018,71815,000004482003,2,5.49,10.98,5.49,0.34,S,6028397620,BG25W36,USD,DB
70013577,02305,02,1,20251018,174426,000004492002,2,1.49,2.98,0.00,0.19,S,6007406500,,USD,DB
70013577,02305,02,2,20251018,174426,000000005302,1,3.49,3.49,0.00,0.00,S,6007406500,,USD,DB
70013577,02305,02,3,20251018,174426,000000020101,2,2.49,4.98,2.49,0.00,S,6007406500,BG25W36,USD,DB
70013577,02305,02,4,20251018,174426,000000031102,1.590,19.99,31.78,0.00,0.00,S,6007406500,,USD,DB
70013577,02305,02,5,20251018,174426,000004493002,1,3.99,3.99,0.00,0.25,S,6007406500,,USD,DB
70013578,02305,06,1,20251018,155443,000004471040,1,2.49,2.49,0.00,0.16,S,6082210217,,USD,CC
70013578,02305,06,2,20251018,155443,000000005103,1,6.99,6.99,0.00,0.00,S,6082210217,,USD,CC
70013578,02305,06,3,20251018,155443,000000005302,1,3.49,3.49,0.00,0.00,S,6082210217,,USD,CC
70013578,02305,06,4,20251018,155443,000000005302,1,3.49,3.49,0.00,0.00,S,6082210217,,USD,CC
70013579,02305,03,1,20251018,95219,000000551021,1,11.99,11.99,0.00,0.75,S,6025652704,,USD,CC
70013580,02305,04,1,20251018,213055,000000020202,1,5.99,5.99,0.00,0.00,S,,,USD,GC
70013580,02305,04,2,20251018,213055,000000005102,1,5.49,5.49,0.00,0.00,S,,,USD,GC
70013580,02305,04,3,20251018,213055,000004493002,1,3.99,3.99,0.00,0.25,S,,,USD,GC
70013581,02305,03,1,20251018,214238,000004482003,2,5.49,10.98,5.49,0.34,S,6048460191,BG25W36,USD,CC
70013581,02305,03,2,20251018,214238,000000094101,1,3.99,3.99,0.00,0.00,S,6048460191,,USD,CC
70013582,02305,05,1,20251018,115231,000000005013,1,3.89,3.89,0.00,0.00,S,,,USD,DB
70013583,03050,02,1,20251018,153652,000000005202,1,5.99,5.99,0.00,0.00,S,6066742860,,USD,DB
70013583,03050,02,2,20251018,153652,000004491003,2,1.99,3.98,0.00,0.25,S,6066742860,,USD,DB
70013583,03050,02,3,20251018,153652,000004473003,1,3.49,3.49,0.00,0.22,S,6066742860,,USD,DB
70013583,03050,02,4,20251018,153652,000000020203,3,6.49,19.47,0.00,0.00,S,6066742860,,USD,DB
70013583,03050,02,5,20251018,153652,000004482002,1,17.99,17.99,0.00,1.12,S,6066742860,,USD,DB
70013583,03050,02,6,20251018,153652,000000040202,1,14.99,14.99,0.00,0.00,S,6066742860,,USD,DB
70013584,03050,06,1,20251018,92857,000000005013,1,3.89,3.89,0.00,0.00,S,,,USD,CC
70013584,03050,06,2,20251018,92857,000000005302,1,3.49,3.49,0.00,0.00,S,,,USD,CC
70013584,03050,06,3,20251018,92857,000000040102,0.719,16.99,12.22,0.00,0.00,S,,,USD,CC
70013584,03050,06,4,20251018,92857,000000093321,0.303,1.49,0.45,0.00,0.00,S,,,USD,CC
70013585,03050,03,1,20251018,130527,000000005101,3,7.99,23.97,0.00,0.00,S,6019952980,,USD,CC
70013585,03050,03,2,20251018,130527,000004492001,3,1.79,5.37,1.79,0.22,S,6019952980,MB25W37,USD,CC
70013585,03050,03,3,20251018,130527,000000030202,2,11.49,22.98,0.00,0.00,S,6019952980,,USD,CC
70013585,03050,03,4,20251018,130527,000004481001,3,7.99,23.97,7.99,1.00,S,6019952980,MB25W37,USD,CC
70013586,03050,05,1,20251018,193154,000000094201,1.958,1.69,3.31,0.00,0.00,S,6079071416,,USD,DB
70013586,03050,05,2,20251018,193154,000004472003,1,3.29,3.29,0.00,0.21,S,6079071416,,USD,DB
70013587,03050,06,1,20251018,115931,000000030203,1,8.49,8.49,0.00,0.00,S,,,USD,CS
70013587,03050,06,2,20251018,115931,000000030101,1,6.99,6.99,0.00,0.00,S,,,USD,CS
70013587,03050,06,3,20251018,115931,000000552002,3,3.99,11.97,0.00,0.75,S,,,USD,CS
70013588,03050,01,1,20251018,184313,000004482001,3,13.99,41.97,13.99,1.75,S,6086338392,MB25W37,USD,CC
70013588,03050,01,2,20251018,184313,000000093325,1.411,3.99,5.63,0.00,0.00,S,6086338392,,USD,CC
70013588,03050,01,3,20251018,184313,000000005301,1,5.49,5.49,0.00,0.00,S,6086338392,,USD,CC
70013589,03050,03,1,20251018,101704,000000094203,1.988,1.49,2.96,0.00,0.00,S,,,USD,CC
70013589,03050,03,2,20251018,101704,000000094203,1.389,1.49,2.07,0.00,0.00,S,,,USD,CC
70013589,03050,03,3,20251018,101704,000000040202,1,14.99,14.99,0.00,0.00,S,,,USD,CC
70013590,00317,02,1,20251018,151016,000000005103,1,9.49,9.49,0.00,0.00,S,,,CAD,DB
70013591,00317,04,1,20251018,170433,000000040102,2.058,23.09,47.52,0.00,0.00,S,,,CAD,CS
70013592,00317,03,1,20251018,75045,000004472001,1,5.39,5.39,0.00,0.34,S,6078507208,,CAD,DB
70013592,00317,03,2,20251018,75045,000000094101,1,5.39,5.39,0.00,0.00,S,6078507208,,CAD,DB
70013592,00317,03,3,20251018,75045,000004472050,1,5.39,5.39,0.00,0.34,S,6078507208,,CAD,DB
70013592,00317,03,4,20251018,75045,000000551021,3,16.29,48.87,16.29,2.04,S,6078507208,MB25W37,CAD,DB
70013592,00317,03,5,20251018,75045,000000031102,1.932,27.19,52.53,0.00,0.00,S,6078507208,,CAD,DB
70013593,00317,06,1,20251018,164017,000004481001,3,10.89,32.67,10.89,1.36,S,,MB25W37,CAD,DB
70013593,00317,06,2,20251018,164017,000000005013,1,5.29,5.29,0.00,0.00,S,,,CAD,DB
70013593,00317,06,3,20251018,164017,000000005103,2,9.49,18.98,0.00,0.00,S,,,CAD,DB
70013593,00317,06,4,20251018,164017,000000094202,1.158,2.69,3.12,0.00,0.00,S,,,CAD,DB
70013593,00317,06,5,20251018,164017,000004491003,3,2.69,8.07,0.00,0.50,S,,,CAD,DB
70013594,00317,02,1,20251018,123640,000000005012,3,5.39,16.17,0.00,0.00,S,,,CAD,DB
70013594,00317,02,2,20251018,123640,000000551021,3,16.29,48.87,16.29,2.04,S,,MB25W37,CAD,DB
70013595,00317,01,1,20251018,173236,000000030103,1,12.19,12.19,0.00,0.00,S,6014708272,,CAD,DB
70013596,00317,06,1,20251018,205111,000000030203,1,11.49,11.49,0.00,0.00,S,6079956353,,CAD,CC
70013596,00317,06,2,20251018,205111,000000020101,2,3.39,6.78,3.39,0.00,S,6079956353,BG25W36,CAD,CC
70013596,00317,06,3,20251018,205111,000000094302,0.885,7.49,6.63,0.00,0.00,S,6079956353,,CAD,CC
70013596,00317,06,4,20251018,205111,000000551021,3,16.29,48.87,16.29,2.04,S,6079956353,MB25W37,CAD,CC
70013596,00317,06,5,20251018,205111,000000093410,0.582,5.39,3.14,0.00,0.00,S,6079956353,,CAD,CC
70013596,00317,06,6,20251018,205111,000000005103,1,9.49,9.49,0.00,0.00,S,6079956353,,CAD,CC
70013597,00317,04,1,20251018,74151,000000030201,1,13.59,13.59,0.00,0.00,S,,,CAD,CC
70013597,00317,04,2,20251018,74151,000000040102,0.667,23.09,15.40,0.00,0.00,S,,,CAD,CC
70013598,00317,02,1,20251018,185542,000000093501,2,6.09,12.18,6.09,0.00,S,,BG25W36,CAD,CC
70013599,00322,01,1,20251018,185644,000004482001,1,18.99,18.99,0.00,1.19,S,,,CAD,CC
70013599,00322,01,2,20251018,185644,000004482001,1,18.99,18.99,0.00,1.19,S,,,CAD,CC
70013599,00322,01,3,20251018,185644,000004482003,2,7.49,14.98,7.49,0.47,S,,BG25W36,CAD,CC
70013599,00322,01,4,20251018,185644,000000040102,1.288,23.09,29.74,0.00,0.00,S,,,CAD,CC
70013599,00322,01,5,20251018,185644,000004482001,1,18.99,18.99,0.00,1.19,S,,,CAD,CC
70013599,00322,01,6,20251018,185644,000000005102,1,7.49,7.49,0.00,0.00,S,,,CAD,CC
70013600,00322,05,1,20251018,194603,000000020201,1,7.49,7.49,0.00,0.00,S,6095894773,,CAD,CS
70013600,00322,05,2,20251018,194603,000000005301,2,7.49,14.98,0.00,0.00,S,6095894773,,CAD,CS
70013601,00322,05,1,20251018,132718,000000005102,1,7.49,7.49,0.00,0.00,S,6090340438,,CAD,CS
70013602,00322,03,1,20251018,211400,000004491001,1,3.39,3.39,0.00,0.21,S,,,CAD,DB
70013602,00322,03,2,20251018,211400,000000005202,3,8.09,24.27,0.00,0.00,S,,,CAD,DB
70013602,00322,03,3,20251018,211400,000000040102,0.784,23.09,18.10,0.00,0.00,S,,,CAD,DB
70013602,00322,03,4,20251018,211400,000000005101,1,10.89,10.89,0.00,0.00,S,,,CAD,DB
70013603,00322,04,1,20251018,193356,000000093325,2.067,5.39,11.14,0.00,0.00,S,6028341108,,CAD,CC
70013603,00322,04,2,20251018,193356,000000020103,1,6.79,6.79,0.00,0.00,S,6028341108,,CAD,CC
70013604,00322,05,1,20251018,195400,000004471040,1,3.39,3.39,0.00,0.21,S,,,CAD,CC
70013604,00322,05,2,20251018,195400,000000562002,1,11.49,11.49,0.00,0.72,S,,,CAD,CC
70013604,00322,05,3,20251018,195400,000004471030,2,5.39,10.78,0.00,0.67,S,,,CAD,CC
70013605,00322,02,1,20251018,142224,000004482001,2,18.99,37.98,0.00,2.37,S,,,CAD,CS
70013606,00322,04,1,20251018,113439,000000040102,0.735,23.09,16.97,0.00,0.00,S,6080741209,,CAD,GC
70013606,00322,04,2,20251018,113439,000000094302,1.234,7.49,9.24,0.00,0.00,S,6080741209,,CAD,GC
70013606,00322,04,3,20251018,113439,000004482001,2,18.99,37.98,0.00,2.37,S,6080741209,,CAD,GC
70013606,00322,04,4,20251018,113439,000004472003,1,4.49,4.49,0.00,0.28,S,6080741209,,CAD,GC
70013607,01042,01,1,20251019,213234,000000040203,1,11.99,11.99,3.60,0.00,S,,PC25W38,USD,DB
70013608,01042,05,1,20251019,165632,000000031101,1.712,24.99,42.78,0.00,0.00,S,,,USD,DB
70013608,01042,05,2,20251019,165632,000000030203,1,8.49,8.49,0.00,0.00,S,,,USD,DB
70013609,01042,04,1,20251019,90827,000000551020,1,13.99,13.99,4.20,0.61,S,,PC25W38,USD,DB
70013609,01042,04,2,20251019,90827,000004481001,1,7.99,7.99,0.00,0.50,S,,,USD,DB
70013609,01042,04,3,20251019,90827,000004473003,1,3.49,3.49,0.00,0.22,S,,,USD,DB
70013609,01042,04,4,20251019,90827,000000031101,0.873,24.99,21.82,0.00,0.00,S,,,USD,DB
70013609,01042,04,5,20251019,90827,000004491001,1,2.49,2.49,0.00,0.16,S,,,USD,DB
70013610,01042,01,1,20251019,194240,000000094201,0.794,1.69,1.34,0.00,0.00,S,6041448850,,USD,CS
70013610,01042,01,2,20251019,194240,000000031101,1.903,24.99,47.56,0.00,0.00,S,6041448850,,USD,CS
70013610,01042,01,3,20251019,194240,000004492003,1,2.29,2.29,0.00,0.14,S,6041448850,,USD,CS
70013611,01042,01,1,20251019,141326,000004471024,3,3.49,10.47,0.00,0.65,S,,,USD,DB
70013611,01042,01,2,20251019,141326,000004481001,3,7.99,23.97,7.99,1.00,S,,MB25W37,USD,DB
70013611,01042,01,3,20251019,141326,000000005020,1,4.49,4.49,0.00,0.00,S,,,USD,DB
70013611,01042,01,4,20251019,141326,000004473001,1,2.99,2.99,0.00,0.19,S,,,USD,DB
70013611,01042,01,5,20251019,141326,000004492001,3,1.79,5.37,1.79,0.22,S,,MB25W37,USD,DB
70013611,01042,01,6,20251019,141326,000000094203,1.083,1.49,1.61,0.00,0.00,S,,,USD,DB
70013612,01042,01,1,20251019,185559,000000040203,1,11.99,11.99,3.60,0.00,S,6034118822,PC25W38,USD,DB
70013612,01042,01,2,20251019,185559,000004492001,3,1.79,5.37,1.79,0.22,S,6034118822,MB25W37,USD,DB
70013612,01042,01,3,20251019,185559,000000005012,1,3.99,3.99,0.00,0.00,S,6034118822,,USD,DB
70013612,01042,01,4,20251019,185559,000000020103,1,4.99,4.99,0.00,0.00,S,6034118822,,USD,DB
70013613,01042,04,1,20251019,115824,000000040203,1,11.99,11.99,3.60,0.00,S,,PC25W38,USD,DB
70013613,01042,04,2,20251019,115824,000000030101,1,6.99,6.99,0.00,0.00,S,,,USD,DB
70013613,01042,04,3,20251019,115824,000000561001,1,9.99,9.99,0.00,0.62,S,,,USD,DB
70013613,01042,04,4,20251019,115824,000000094102,1,3.49,3.49,0.00,0.00,S,,,USD,DB
70013614,01042,02,1,20251019,205941,000000005103,2,6.99,13.98,4.19,0.00,S,,PC25W38,USD,GC
70013615,01042,04,1,20251019,125451,000004472002,1,4.49,4.49,0.00,0.28,S,,,USD,CS
70013615,01042,04,2,20251019,125451,000004482003,1,5.49,5.49,0.00,0.34,S,,,USD,CS
70013616,01107,01,1,20251019,143030,000004473002,1,2.79,2.79,0.00,0.17,S,6069806908,,USD,DB
70013616,01107,01,2,20251019,143030,000000005012,2,3.99,7.98,3.99,0.00,S,6069806908,BG25W38,USD,DB
70013617,01107,04,1,20251019,90545,000000093325,0.656,3.99,2.62,0.00,0.00,S,6082931027,,USD,CC
70013617,01107,04,2,20251019,90545,000000005302,1,3.49,3.49,0.00,0.00,S,6082931027,,USD,CC
70013618,01107,06,1,20251019,171121,000004483001,1,4.99,4.99,0.00,0.31,S,6052204727,,USD,DB
70013618,01107,06,2,20251019,171121,000000040101,0.463,18.99,8.79,0.00,0.00,S,6052204727,,USD,DB
70013618,01107,06,3,20251019,171121,000004471030,1,3.99,3.99,0.00,0.25,S,6052204727,,USD,DB
70013619,02210,03,1,20251019,165802,000000020102,1,3.49,3.49,0.00,0.00,S,,,USD,CC
70013619,02210,03,2,20251019,165802,000000551021,3,11.99,35.97,11.99,1.50,S,,MB25W37,USD,CC
70013619,02210,03,3,20251019,165802,000004482001,1,13.99,13.99,0.00,0.87,S,,,USD,CC
70013619,02210,03,4,20251019,165802,000000093503,2,4.29,8.58,0.00,0.00,S,,,USD,CC
70013620,02210,01,1,20251019,92541,000000093321,0.685,1.49,1.02,0.00,0.00,R,,,USD,CS
70013621,02210,03,1,20251019,80531,000000561001,1,9.99,9.99,0.00,0.62,S,,,USD,CC
70013622,02210,01,1,20251019,123122,000004482001,1,13.99,13.99,0.00,0.87,S,,,USD,DB
70013622,02210,01,2,20251019,123122,000000031101,1.057,24.99,26.41,0.00,0.00,S,,,USD,DB
70013623,02210,03,1,20251019,100142,000000093321,0.926,1.49,1.38,0.00,0.00,S,6027881658,,USD,GC
70013623,02210,03,2,20251019,100142,000000020103,1,4.99,4.99,0.00,0.00,S,6027881658,,USD,GC
70013624,02210,05,1,20251019,123204,000004471030,1,3.99,3.99,0.00,0.25,S,,,USD,GC
70013624,02210,05,2,20251019,123204,000004482002,1,17.99,17.99,0.00,1.12,S,,,USD,GC
70013624,02210,05,3,20251019,123204,000004483002,1,3.49,3.49,0.00,0.22,S,,,USD,GC
70013625,02210,02,1,20251019,130647,000000093401,1.554,5.49,8.53,0.00,0.00,S,,,USD,CC
70013626,02210,05,1,20251019,151454,000000005202,1,5.99,5.99,1.80,0.00,S,,PC25W38,USD,DB
70013626,02210,05,2,20251019,151454,000004493002,1,3.99,3.99,0.00,0.25,S,,,USD,DB
70013626,02210,05,3,20251019,151454,000000551021,3,11.99,35.97,11.99,1.50,S,,MB25W37,USD,DB
70013626,02210,05,4,20251019,151454,000000093410,1.214,3.99,4.84,0.00,0.00,S,,,USD,DB
70013626,02210,05,5,20251019,151454,000004482001,3,13.99,41.97,13.99,1.75,S,,MB25W37,USD,DB
70013626,02210,05,6,20251019,151454,000004491002,2,6.99,13.98,6.99,0.44,S,,BG25W38,USD,DB
70013627,02210,05,1,20251019,70436,000000551021,3,11.99,35.97,11.99,1.50,S,,MB25W37,USD,CC
70013627,02210,05,2,20251019,70436,000004491002,2,6.99,13.98,6.99,0.44,S,,BG25W38,USD,CC
70013627,02210,05,3,20251019,70436,000000551021,1,11.99,11.99,0.00,0.75,S,,,USD,CC
70013627,02210,05,4,20251019,70436,000004481001,1,7.99,7.99,0.00,0.50,S,,,USD,CC
70013628,02210,06,1,20251019,82832,000000561001,1,9.99,9.99,0.00,0.62,S,,,USD,DB
70013628,02210,06,2,20251019,82832,000000030101,1,6.99,6.99,0.00,0.00,S,,,USD,DB
70013628,02210,06,3,20251019,82832,000000005301,2,5.49,10.98,0.00,0.00,S,,,USD,DB
70013629,02211,04,1,20251019,72635,000000005020,2,4.49,8.98,0.00,0.00,S,6022783769,,USD,CC
70013629,02211,04,2,20251019,72635,000000551020,1,13.99,13.99,4.20,0.61,S,6022783769,PC25W38,USD,CC
70013629,02211,04,3,20251019,72635,000000005201,1,3.99,3.99,0.00,0.00,S,6022783769,,USD,CC
70013630,02211,04,1,20251019,161320,000000040201,1,8.99,8.99,0.00,0.00,S,6079311029,,USD,CC
70013630,02211,04,2,20251019,161320,000004492001,1,1.79,1.79,0.00,0.11,S,6079311029,,USD,CC
70013630,02211,04,3,20251019,161320,000004473002,1,2.79,2.79,0.00,0.17,S,6079311029,,USD,CC
70013631,02211,02,1,20251019,105115,000004491002,2,6.99,13.98,6.99,0.44,S,,BG25W38,USD,GC
70013631,02211,02,2,20251019,105115,000000551020,3,13.99,41.97,12.59,1.84,S,,PC25W38,USD,GC
70013632,02211,05,1,20251019,112306,000000020203,1,6.49,6.49,0.00,0.00,S,,,USD,GC
70013632,02211,05,2,20251019,112306,000000005202,1,5.99,5.99,1.80,0.00,S,,PC25W38,USD,GC
70013632,02211,05,3,20251019,112306,000004471024,1,3.49,3.49,0.00,0.22,S,,,USD,GC
70013632,02211,05,4,20251019,112306,000000020202,2,5.99,11.98,0.00,0.00,S,,,USD,GC
70013632,02211,05,5,20251019,112306,000000040102,2.140,16.99,36.36,0.00,0.00,S,,,USD,GC
70013632,02211,05,6,20251019,112306,000004481002,1,7.99,7.99,0.00,0.50,S,,,USD,GC
70013633,02305,05,1,20251019,101249,000000005301,2,5.49,10.98,0.00,0.00,S,6071136337,,USD,CS
70013633,02305,05,2,20251019,101249,000004482003,3,5.49,16.47,0.00,1.03,S,6071136337,,USD,CS
70013633,02305,05,3,20251019,101249,000004491002,2,6.99,13.98,6.99,0.44,S,6071136337,BG25W38,USD,CS
70013633,02305,05,4,20251019,101249,000000094101,1,3.99,3.99,0.00,0.00,S,6071136337,,USD,CS
70013634,02305,01,1,20251019,153219,000000005012,2,3.99,7.98,3.99,0.00,S,,BG25W38,USD,DB
70013635,02305,05,1,20251019,123104,000004491001,1,2.49,2.49,0.00,0.16,S,,,USD,DB
70013635,02305,05,2,20251019,123104,000000094301,0.330,4.39,1.45,0.00,0.00,S,,,USD,DB
70013636,02305,01,1,20251019,213708,000000093501,1,4.49,4.49,0.00,0.00,S,,,USD,CC
70013637,02305,06,1,20251019,170522,000004481001,1,7.99,7.99,0.00,0.50,S,,,USD,DB
70013637,02305,06,2,20251019,170522,000000005202,2,5.99,11.98,3.59,0.00,S,,PC25W38,USD,DB
70013637,02305,06,3,20251019,170522,000000093502,3,3.99,11.97,0.00,0.00,S,,,USD,DB
70013638,02305,01,1,20251019,160411,000004482003,1,5.49,5.49,0.00,0.34,S,,,USD,CS
70013638,02305,01,2,20251019,160411,000004492001,3,1.79,5.37,1.79,0.22,S,,MB25W37,USD,CS
70013638,02305,01,3,20251019,160411,000004481001,1,7.99,7.99,0.00,0.50,S,,,USD,CS
70013639,02305,03,1,20251019,144142,000000020201,1,5.49,5.49,0.00,0.00,S,,,USD,DB
70013640,02305,06,1,20251019,194056,000004492002,2,1.49,2.98,0.00,0.19,S,,,USD,DB
70013640,02305,06,2,20251019,194056,000000552002,1,3.99,3.99,0.00,0.25,S,,,USD,DB
70013640,02305,06,3,20251019,194056,000000093325,2.092,3.99,8.35,0.00,0.00,S,,,USD,DB
70013641,03050,01,1,20251019,202054,000004482001,1,13.99,13.99,0.00,0.87,S,6010022557,,USD,DB
70013642,03050,05,1,20251019,190814,000004481001,2,7.99,15.98,0.00,1.00,S,6088117298,,USD,CS
70013642,03050,05,2,20251019,190814,000000020203,1,6.49,6.49,0.00,0.00,S,6088117298,,USD,CS
70013642,03050,05,3,20251019,190814,000000030103,1,8.99,8.99,0.00,0.00,S,6088117298,,USD,CS
70013642,03050,05,4,20251019,190814,000004481001,1,7.99,7.99,0.00,0.50,S,6088117298,,USD,CS
70013642,03050,05,5,20251019,190814,000000005101,2,7.99,15.98,0.00,0.00,S,6088117298,,USD,CS
70013643,03050,06,1,20251019,133252,000004471023,1,3.49,3.49,0.00,0.22,S,6035775949,,USD,CC
70013644,03050,02,1,20251019,83038,000000005012,2,3.99,7.98,3.99,0.00,S,6084145933,BG25W38,USD,CC
70013645,03050,03,1,20251019,82815,000004491002,2,6.99,13.98,6.99,0.44,S,,BG25W38,USD,DB
70013645,03050,03,2,20251019,82815,000004491002,2,6.99,13.98,6.99,0.44,S,,BG25W38,USD,DB
70013645,03050,03,3,20251019,82815,000004471024,1,3.49,3.49,0.00,0.22,S,,,USD,DB
70013646,03050,06,1,20251019,140152,000000005201,3,3.99,11.97,0.00,0.00,S,6076084958,,USD,DB
70013646,03050,06,2,20251019,140152,000004473003,1,3.49,3.49,0.00,0.22,S,6076084958,,USD,DB
70013646,03050,06,3,20251019,140152,000000094101,1,3.99,3.99,0.00,0.00,S,6076084958,,USD,DB
70013646,03050,06,4,20251019,140152,000000005202,1,5.99,5.99,1.80,0.00,S,6076084958,PC25W38,USD,DB
70013646,03050,06,5,20251019,140152,000000005013,1,3.89,3.89,0.00,0.00,S,6076084958,,USD,DB
70013647,03050,01,1,20251019,211754,000000093502,1,3.99,3.99,0.00,0.00,S,,,USD,DB
70013647,03050,01,2,20251019,211754,000000030101,1,6.99,6.99,0.00,0.00,S,,,USD,DB
70013647,03050,01,3,20251019,211754,000000005202,1,5.99,5.99,1.80,0.00,S,,PC25W38,USD,DB
70013647,03050,01,4,20251019,211754,000000020101,1,2.49,2.49,0.00,0.00,S,,,USD,DB
70013647,03050,01,5,20251019,211754,000004472002,2,4.49,8.98,0.00,0.56,S,,,USD,DB
70013647,03050,01,6,20251019,211754,000000093410,1.433,3.99,5.72,0.00,0.00,S,,,USD,DB
70013648,03050,04,1,20251019,123852,000000020201,2,5.49,10.98,0.00,0.00,S,,,USD,CC
70013649,03050,02,1,20251019,121616,000000005202,1,5.99,5.99,1.80,0.00,S,6069366343,PC25W38,USD,DB
70013649,03050,02,2,20251019,121616,000004482001,2,13.99,27.98,0.00,1.75,S,6069366343,,USD,DB
70013649,03050,02,3,20251019,121616,000000005201,1,3.99,3.99,0.00,0.00,S,6069366343,,USD,DB
70013649,03050,02,4,20251019,121616,000000552001,1,4.49,4.49,0.00,0.28,S,6069366343,,USD,DB
70013649,03050,02,5,20251019,121616,000000551020,1,13.99,13.99,4.20,0.61,S,6069366343,PC25W38,USD,DB
70013650,00317,03,1,20251019,164442,000000005012,1,5.39,5.39,0.00,0.00,S,6010326642,,CAD,DB
70013650,00317,03,2,20251019,164442,000004483001,2,6.79,13.58,0.00,0.85,S,6010326642,,CAD,DB
70013650,00317,03,3,20251019,164442,000000005102,1,7.49,7.49,0.00,0.00,S,6010326642,,CAD,DB
70013651,00317,05,1,20251019,164306,000000005103,1,9.49,9.49,2.85,0.00,S,6096180332,PC25W38,CAD,CC
70013651,00317,05,2,20251019,164306,000000031102,1.280,27.19,34.80,0.00,0.00,S,6096180332,,CAD,CC
70013652,00317,05,1,20251019,103104,000004492001,2,2.39,4.78,0.00,0.30,S,6078654362,,CAD,DB
70013652,00317,05,2,20251019,103104,000000094102,1,4.69,4.69,0.00,0.00,S,6078654362,,CAD,DB
70013652,00317,05,3,20251019,103104,000000093401,0.331,7.49,2.48,0.00,0.00,S,6078654362,,CAD,DB
70013653,00317,01,1,20251019,193025,000000093401,0.397,7.49,2.97,0.00,0.00,S,,,CAD,DB
70013653,00317,01,2,20251019,193025,000000020201,1,7.49,7.49,0.00,0.00,S,,,CAD,DB
70013654,00317,06,1,20251019,193012,000000005103,1,9.49,9.49,2.85,0.00,S,6009993476,PC25W38,CAD,DB
70013654,00317,06,2,20251019,193012,000000094103,1,5.19,5.19,0.00,0.00,S,6009993476,,CAD,DB
70013654,00317,06,3,20251019,193012,000004491002,2,9.49,18.98,9.49,0.59,S,6009993476,BG25W38,CAD,DB
70013655,00317,03,1,20251019,200843,000000094201,0.377,2.29,0.86,0.00,0.00,S,,,CAD,DB
70013655,00317,03,2,20251019,200843,000000020201,1,7.49,7.49,0.00,0.00,S,,,CAD,DB
70013655,00317,03,3,20251019,200843,000000093501,2,6.09,12.18,0.00,0.00,S,,,CAD,DB
70013655,00317,03,4,20251019,200843,000000031102,1.569,27.19,42.66,0.00,0.00,S,,,CAD,DB
70013655,00317,03,5,20251019,200843,000000551020,1,18.99,18.99,5.70,0.83,S,,PC25W38,CAD,DB
70013655,00317,03,6,20251019,200843,000000005202,1,8.09,8.09,2.43,0.00,S,,PC25W38,CAD,DB
70013656,00317,05,1,20251019,185027,000000020201,1,7.49,7.49,0.00,0.00,S,,,CAD,CC
70013656,00317,05,2,20251019,185027,000000020102,1,4.69,4.69,0.00,0.00,S,,,CAD,CC
70013657,00317,04,1,20251019,122422,000004482002,1,24.49,24.49,0.00,1.53,S,6093831849,,CAD,GC
70013657,00317,04,2,20251019,122422,000000094202,0.406,2.69,1.09,0.00,0.00,S,6093831849,,CAD,GC
70013657,00317,04,3,20251019,122422,000000005202,2,8.09,16.18,4.85,0.00,S,6093831849,PC25W38,CAD,GC
70013658,00317,05,1,20251019,145420,000004492003,2,3.09,6.18,3.09,0.19,S,,BG25W38,CAD,DB
70013658,00317,05,2,20251019,145420,000000551020,1,18.99,18.99,5.70,0.83,S,,PC25W38,CAD,DB
70013659,00317,03,1,20251019,200801,000000020201,1,7.49,7.49,0.00,0.00,S,6077680898,,CAD,CC
70013659,00317,03,2,20251019,200801,000000562001,2,14.89,29.78,0.00,1.86,S,6077680898,,CAD,CC
70013659,00317,03,3,20251019,200801,000004472003,1,4.49,4.49,0.00,0.28,S,6077680898,,CAD,CC
70013660,00317,03,1,20251019,84850,000000030202,1,15.59,15.59,0.00,0.00,S,,,CAD,CC
70013661,00317,02,1,20251019,104736,000000551021,3,16.29,48.87,16.29,2.04,S,,MB25W37,CAD,CC
70013661,00317,02,2,20251019,104736,000000094101,1,5.39,5.39,0.00,0.00,S,,,CAD,CC
70013662,00317,06,1,20251019,90804,000004492001,1,2.39,2.39,0.00,0.15,S,6017537030,,CAD,GC
70013663,00322,05,1,20251019,71657,000000551021,1,16.29,16.29,0.00,1.02,S,,,CAD,DB
70013664,00322,06,1,20251019,84856,000004473002,1,3.79,3.79,0.00,0.24,S,6073265306,,CAD,DB
70013664,00322,06,2,20251019,84856,000004471023,1,4.69,4.69,0.00,0.29,S,6073265306,,CAD,DB
70013664,00322,06,3,20251019,84856,000000005012,2,5.39,10.78,5.39,0.00,S,6073265306,BG25W38,CAD,DB
70013665,00322,01,1,20251019,122026,000000040101,0.595,25.79,15.35,0.00,0.00,S,,,CAD,CC
70013666,00322,02,1,20251019,75815,000004472050,1,5.39,5.39,0.00,0.34,S,,,CAD,DB
70013666,00322,02,2,20251019,75815,000000005302,1,4.69,4.69,0.00,0.00,S,,,CAD,DB
70013667,00322,03,1,20251019,90100,000004472001,3,5.39,16.17,0.00,1.01,S,,,CAD,GC
70013667,00322,03,2,20251019,90100,000004473001,1,4.09,4.09,0.00,0.26,S,,,CAD,GC
70013668,00322,03,1,20251019,103123,000004472001,2,5.39,10.78,0.00,0.67,S,,,CAD,CS
70013668,00322,03,2,20251019,103123,000000020102,1,4.69,4.69,0.00,0.00,S,,,CAD,CS
70013669,00322,02,1,20251019,135729,000004491002,2,9.49,18.98,9.49,0.59,S,,BG25W38,CAD,CS
70013669,00322,02,2,20251019,135729,000004491002,2,9.49,18.98,9.49,0.59,S,,BG25W38,CAD,CS
70013669,00322,02,3,20251019,135729,000000093501,1,6.09,6.09,0.00,0.00,S,,,CAD,CS
70013669,00322,02,4,20251019,135729,000000040102,0.905,23.09,20.90,0.00,0.00,S,,,CAD,CS
70013669,00322,02,5,20251019,135729,000000094103,1,5.19,5.19,0.00,0.00,S,,,CAD,CS
70013669,00322,02,6,20251019,135729,000000040201,1,12.19,12.19,0.00,0.00,S,,,CAD,CS
70013670,00322,05,1,20251019,130202,000000020102,2,4.69,9.38,0.00,0.00,S,6048695946,,CAD,CS
70013670,00322,05,2,20251019,130202,000004481001,1,10.89,10.89,0.00,0.68,S,6048695946,,CAD,CS
70013670,00322,05,3,20251019,130202,000004473002,2,3.79,7.58,0.00,0.47,S,6048695946,,CAD,CS
70013671,01042,05,1,20251020,134256,000000094101,1,3.99,3.99,0.00,0.00,S,,,USD,DB
70013671,01042,05,2,20251020,134256,000004483001,1,4.99,4.99,0.00,0.31,S,,,USD,DB
70013671,01042,05,3,20251020,134256,000000094201,1.480,1.69,2.50,0.00,0.00,S,,,USD,DB
70013671,01042,05,4,20251020,134256,000004483001,2,4.99,9.98,0.00,0.62,S,,,USD,DB
70013671,01042,05,5,20251020,134256,000000094203,1.631,1.49,2.43,0.00,0.00,S,,,USD,DB
70013672,01042,04,1,20251020,212002,000000030201,1,9.99,9.99,0.00,0.00,S,6057422319,,USD,DB
70013672,01042,04,2,20251020,212002,000000093402,2.059,3.29,6.77,0.00,0.00,S,6057422319,,USD,DB
70013672,01042,04,3,20251020,212002,000000005202,1,5.99,5.99,1.80,0.00,S,6057422319,PC25W38,USD,DB
70013672,01042,04,4,20251020,212002,000004492003,2,2.29,4.58,2.29,0.14,S,6057422319,BG25W38,USD,DB
70013673,01042,05,1,20251020,80703,000004472002,2,4.49,8.98,0.00,0.56,S,,,USD,DB
70013673,01042,05,2,20251020,80703,000004483002,2,3.49,6.98,0.00,0.44,S,,,USD,DB
70013673,01042,05,3,20251020,80703,000000093501,1,4.49,4.49,0.00,0.00,S,,,USD,DB
70013673,01042,05,4,20251020,80703,000000551021,3,11.99,35.97,11.99,1.50,S,,MB25W37,USD,DB
70013673,01042,05,5,20251020,80703,000000040102,1.664,16.99,28.27,0.00,0.00,S,,,USD,DB
70013673,01042,05,6,20251020,80703,000000020201,1,5.49,5.49,0.00,0.00,S,,,USD,DB
70013674,01042,04,1,20251020,73508,000000020101,1,2.49,2.49,0.00,0.00,R,,,USD,GC
70013675,01042,05,1,20251020,71615,000000005103,2,6.99,13.98,4.19,0.00,S,,PC25W38,USD,CC
70013675,01042,05,2,20251020,71615,000000005013,1,3.89,3.89,0.00,0.00,S,,,USD,CC
70013676,01042,01,1,20251020,174748,000000551020,1,13.99,13.99,4.20,0.61,S,,PC25W38,USD,CC
70013676,01042,01,2,20251020,174748,000004472002,1,4.49,4.49,0.00,0.28,S,,,USD,CC
70013676,01042,01,3,20251020,174748,000000093401,1.825,5.49,10.02,0.00,0.00,S,,,USD,CC
70013677,01107,04,1,20251020,124525,000004472002,1,4.49,4.49,0.00,0.28,S,,,USD,CS
70013677,01107,04,2,20251020,124525,000004471024,1,3.49,3.49,0.00,0.22,S,,,USD,CS
70013678,01107,05,1,20251020,182238,000000040101,2.126,18.99,40.37,0.00,0.00,S,6081735984,,USD,CC
70013678,01107,05,2,20251020,182238,000000005012,2,3.99,7.98,3.99,0.00,S,6081735984,BG25W38,USD,CC
70013678,01107,05,3,20251020,182238,000000005202,1,5.99,5.99,1.80,0.00,S,6081735984,PC25W38,USD,CC
70013679,01107,03,1,20251020,142035,000000005103,1,6.99,6.99,2.10,0.00,S,6094312908,PC25W38,USD,CC
70013679,01107,03,2,20251020,142035,000004471023,2,3.49,6.98,0.00,0.44,S,6094312908,,USD,CC
70013679,01107,03,3,20251020,142035,000000561002,2,7.49,14.98,0.00,0.94,S,6094312908,,USD,CC
70013679,01107,03,4,20251020,142035,000000031101,0.894,24.99,22.34,0.00,0.00,S,6094312908,,USD,CC
70013680,01107,04,1,20251020,125738,000000040203,2,11.99,23.98,7.19,0.00,S,,PC25W38,USD,CC
70013681,02210,06,1,20251020,93453,000000020101,1,2.49,2.49,0.00,0.00,S,6088810798,,USD,DB
70013681,02210,06,2,20251020,93453,000000020202,1,5.99,5.99,0.00,0.00,S,6088810798,,USD,DB
70013681,02210,06,3,20251020,93453,000004482002,1,17.99,17.99,0.00,1.12,S,6088810798,,USD,DB
70013681,02210,06,4,20251020,93453,000000561001,1,9.99,9.99,0.00,0.62,S,6088810798,,USD,DB
70013682,02210,06,1,20251020,104724,000004492001,3,1.79,5.37,1.79,0.22,S,,MB25W37,USD,CS
70013682,02210,06,2,20251020,104724,000000552001,1,4.49,4.49,0.00,0.28,S,,,USD,CS
70013683,02210,05,1,20251020,162449,000000030101,1,6.99,6.99,0.00,0.00,S,,,USD,GC
70013683,02210,05,2,20251020,162449,000000094203,0.522,1.49,0.78,0.00,0.00,S,,,USD,GC
70013683,02210,05,3,20251020,162449,000004482002,2,17.99,35.98,0.00,2.25,S,,,USD,GC
70013684,02210,04,1,20251020,105344,000000005202,1,5.99,5.99,1.80,0.00,S,6066270511,PC25W38,USD,GC
70013684,02210,04,2,20251020,105344,000004491002,2,6.99,13.98,6.99,0.44,S,6066270511,BG25W38,USD,GC
70013685,02211,05,1,20251020,162228,000000020203,1,6.49,6.49,0.00,0.00,S,,,USD,GC
70013685,02211,05,2,20251020,162228,000000020203,2,6.49,12.98,0.00,0.00,S,,,USD,GC
70013685,02211,05,3,20251020,162228,000004472002,1,4.49,4.49,0.00,0.28,S,,,USD,GC
70013686,02211,03,1,20251020,134338,000000093503,1,4.29,4.29,0.00,0.00,S,,,USD,DB
70013686,02211,03,2,20251020,134338,000004493002,1,3.99,3.99,0.00,0.25,S,,,USD,DB
70013686,02211,03,3,20251020,134338,000000040202,2,14.99,29.98,0.00,0.00,S,,,USD,DB
70013687,02211,06,1,20251020,151413,000000005301,1,5.49,5.49,0.00,0.00,S,6040433700,,USD,DB
70013687,02211,06,2,20251020,151413,000000030203,1,8.49,8.49,0.00,0.00,S,6040433700,,USD,DB
70013687,02211,06,3,20251020,151413,000004472001,1,3.99,3.99,0.00,0.25,S,6040433700,,USD,DB
70013688,02211,06,1,20251020,91132,000004472003,1,3.29,3.29,0.00,0.21,S,,,USD,DB
70013688,02211,06,2,20251020,91132,000004482001,3,13.99,41.97,13.99,1.75,S,,MB25W37,USD,DB
70013688,02211,06,3,20251020,91132,000000020203,1,6.49,6.49,0.00,0.00,S,,,USD,DB
70013688,02211,06,4,20251020,91132,000000020103,1,4.99,4.99,0.00,0.00,S,,,USD,DB
70013688,02211,06,5,20251020,91132,000004483002,1,3.49,3.49,0.00,0.22,S,,,USD,DB
70013688,02211,06,6,20251020,91132,000004473002,1,2.79,2.79,0.00,0.17,S,,,USD,DB
70013689,02305,02,1,20251020,201737,000004483002,1,3.49,3.49,0.00,0.22,S,,,USD,DB
70013689,02305,02,2,20251020,201737,000004492003,1,2.29,2.29,0.00,0.14,S,,,USD,DB
70013689,02305,02,3,20251020,201737,000004483001,1,4.99,4.99,0.00,0.31,S,,,USD,DB
70013689,02305,02,4,20251020,201737,000004471024,1,3.49,3.49,0.00,0.22,S,,,USD,DB
70013690,02305,04,1,20251020,191415,000000020201,1,5.49,5.49,0.00,0.00,S,,,USD,CC
70013690,02305,04,2,20251020,191415,000004491002,2,6.99,13.98,6.99,0.44,S,,BG25W38,USD,CC
70013690,02305,04,3,20251020,191415,000004471030,1,3.99,3.99,0.00,0.25,S,,,USD,CC
70013690,02305,04,4,20251020,191415,000000040101,1.345,18.99,25.54,0.00,0.00,S,,,USD,CC
70013690,02305,04,5,20251020,191415,000000040203,3,11.99,35.97,10.79,0.00,S,,PC25W38,USD,CC
70013690,02305,04,6,20251020,191415,000004492002,1,1.49,1.49,0.00,0.09,S,,,USD,CC
70013691,02305,02,1,20251020,200719,000004483002,1,3.49,3.49,0.00,0.22,S,,,USD,CC
70013692,02305,06,1,20251020,145948,000000094302,2.060,5.49,11.31,0.00,0.00,S,,,USD,GC
70013692,02305,06,2,20251020,145948,000000005102,1,5.49,5.49,0.00,0.00,S,,,USD,GC
70013692,02305,06,3,20251020,145948,000004473001,1,2.99,2.99,0.00,0.19,S,,,USD,GC
70013693,02305,02,1,20251020,144028,000000551020,1,13.99,13.99,4.20,0.61,S,6031884852,PC25W38,USD,GC
70013693,02305,02,2,20251020,144028,000000005012,2,3.99,7.98,3.99,0.00,S,6031884852,BG25W38,USD,GC
70013694,02305,01,1,20251020,134023,000000040101,0.334,18.99,6.34,0.00,0.00,S,6015353961,,USD,CC
70013694,02305,01,2,20251020,134023,000000005302,1,3.49,3.49,0.00,0.00,S,6015353961,,USD,CC
70013694,02305,01,3,20251020,134023,000000031101,1.639,24.99,40.96,0.00,0.00,S,6015353961,,USD,CC
70013695,03050,01,1,20251020,131017,000000030203,1,8.49,8.49,0.00,0.00,S,,,USD,CC
70013695,03050,01,2,20251020,131017,000000552002,2,3.99,7.98,0.00,0.50,S,,,USD,CC
70013695,03050,01,3,20251020,131017,000000005101,1,7.99,7.99,0.00,0.00,S,,,USD,CC
70013695,03050,01,4,20251020,131017,000000020101,1,2.49,2.49,0.00,0.00,S,,,USD,CC
70013695,03050,01,5,20251020,131017,000000030201,1,9.99,9.99,0.00,0.00,S,,,USD,CC
70013695,03050,01,6,20251020,131017,000000040102,0.953,16.99,16.19,0.00,0.00,S,,,USD,CC
70013696,03050,05,1,20251020,85455,000004482002,1,17.99,17.99,0.00,1.12,S,,,USD,CS
70013697,03050,04,1,20251020,163540,000004493002,1,3.99,3.99,0.00,0.25,S,,,USD,GC
70013697,03050,04,2,20251020,163540,000004471023,3,3.49,10.47,0.00,0.65,S,,,USD,GC
70013697,03050,04,3,20251020,163540,000004492001,3,1.79,5.37,1.79,0.22,S,,MB25W37,USD,GC
70013698,03050,05,1,20251020,70534,000000005103,1,6.99,6.99,2.10,0.00,S,,PC25W38,USD,CC
70013698,03050,05,2,20251020,70534,000004482003,2,5.49,10.98,0.00,0.69,S,,,USD,CC
70013698,03050,05,3,20251020,70534,000000030201,1,9.99,9.99,0.00,0.00,S,,,USD,CC
70013698,03050,05,4,20251020,70534,000000040201,1,8.99,8.99,0.00,0.00,S,,,USD,CC
70013698,03050,05,5,20251020,70534,000004472002,1,4.49,4.49,0.00,0.28,S,,,USD,CC
70013699,03050,01,1,20251020,150941,000004492003,2,2.29,4.58,2.29,0.14,S,6055411082,BG25W38,USD,DB
70013699,03050,01,2,20251020,150941,000000552001,1,4.49,4.49,0.00,0.28,S,6055411082,,USD,DB
70013700,03050,06,1,20251020,214626,000000005103,1,6.99,6.99,2.10,0.00,S,,PC25W38,USD,DB
70013700,03050,06,2,20251020,214626,000000040201,1,8.99,8.99,0.00,0.00,S,,,USD,DB
70013700,03050,06,3,20251020,214626,000000094203,1.820,1.49,2.71,0.00,0.00,S,,,USD,DB
70013701,00317,02,1,20251020,191305,000004493002,1,5.39,5.39,0.00,0.34,S,6058891444,,CAD,CC
70013701,00317,02,2,20251020,191305,000000093501,1,6.09,6.09,0.00,0.00,S,6058891444,,CAD,CC
70013701,00317,02,3,20251020,191305,000004472001,1,5.39,5.39,0.00,0.34,S,6058891444,,CAD,CC
70013701,00317,02,4,20251020,191305,000004493001,1,7.49,7.49,0.00,0.47,S,6058891444,,CAD,CC
70013702,00317,05,1,20251020,81914,000000551021,1,16.29,16.29,0.00,1.02,S,6028733427,,CAD,CS
70013702,00317,05,2,20251020,81914,000004492001,3,2.39,7.17,2.39,0.30,S,6028733427,MB25W37,CAD,CS
70013703,00317,05,1,20251020,135637,000000094103,1,5.19,5.19,0.00,0.00,S,,,CAD,GC
70013704,00317,03,1,20251020,131312,000000005012,2,5.39,10.78,5.39,0.00,S,6083626448,BG25W38,CAD,CC
70013704,00317,03,2,20251020,131312,000004473001,1,4.09,4.09,0.00,0.26,S,6083626448,,CAD,CC
70013705,00317,04,1,20251020,85854,000000562001,1,14.89,14.89,0.00,0.93,S,,,CAD,CC
70013705,00317,04,2,20251020,85854,000000094202,1.266,2.69,3.41,0.00,0.00,S,,,CAD,CC
70013705,00317,04,3,20251020,85854,000000020203,1,8.79,8.79,0.00,0.00,S,,,CAD,CC
70013706,00317,05,1,20251020,215202,000000094203,1.666,1.99,3.32,0.00,0.00,S,,,CAD,CC
70013707,00322,02,1,20251020,71554,000004473003,1,4.69,4.69,0.00,0.29,S,6073265306,,CAD,CS
70013708,00322,06,1,20251020,122355,000000552001,2,6.09,12.18,0.00,0.76,S,6078596969,,CAD,CS
70013708,00322,06,2,20251020,122355,000000005201,2,5.39,10.78,0.00,0.00,S,6078596969,,CAD,CS
70013708,00322,06,3,20251020,122355,000004481003,2,6.79,13.58,0.00,0.85,S,6078596969,,CAD,CS
70013709,00322,01,1,20251020,104959,000000552002,1,5.39,5.39,0.00,0.34,S,,,CAD,GC
70013710,01042,06,1,20251021,90105,000000562001,1,10.99,10.99,0.00,0.69,S,6052410397,,USD,CC
70013711,01042,04,1,20251021,152328,000000005020,2,4.49,8.98,0.00,0.00,S,6006330165,,USD,CS
70013711,01042,04,2,20251021,152328,000000005012,2,3.99,7.98,3.99,0.00,S,6006330165,BG25W38,USD,CS
70013712,01042,03,1,20251021,142245,000000030103,1,8.99,8.99,0.00,0.00,S,6043468239,,USD,GC
70013712,01042,03,2,20251021,142245,000004472001,1,3.99,3.99,0.00,0.25,S,6043468239,,USD,GC
70013712,01042,03,3,20251021,142245,000000005202,1,5.99,5.99,1.80,0.00,S,6043468239,PC25W38,USD,GC
70013713,01042,01,1,20251021,111814,000000094201,1.090,1.69,1.84,0.00,0.00,S,6072545960,,USD,DB
70013713,01042,01,2,20251021,111814,000004492001,3,1.79,5.37,1.79,0.22,S,6072545960,MB25W37,USD,DB
70013713,01042,01,3,20251021,111814,000004492001,1,1.79,1.79,0.00,0.11,S,6072545960,,USD,DB
70013714,02210,05,1,20251021,165342,000000093322,0.976,1.99,1.94,0.00,0.00,R,6086693465,,USD,CC
70013715,02210,04,1,20251021,163025,000000561001,1,9.99,9.99,0.00,0.62,S,,,USD,DB
70013715,02210,04,2,20251021,163025,000000031102,2.187,19.99,43.72,0.00,0.00,S,,,USD,DB
70013716,02210,06,1,20251021,120830,000004473003,1,3.49,3.49,0.00,0.22,S,,,USD,CS
70013716,02210,06,2,20251021,120830,000004491003,1,1.99,1.99,0.00,0.12,S,,,USD,CS
70013716,02210,06,3,20251021,120830,000000094101,1,3.99,3.99,0.00,0.00,S,,,USD,CS
70013716,02210,06,4,20251021,120830,000000030203,1,8.49,8.49,0.00,0.00,S,,,USD,CS
70013716,02210,06,5,20251021,120830,000004481001,1,7.99,7.99,0.00,0.50,S,,,USD,CS
70013717,02210,06,1,20251021,125220,000000005103,1,6.99,6.99,2.10,0.00,S,,PC25W38,USD,DB
70013717,02210,06,2,20251021,125220,000004471040,1,2.49,2.49,0.00,0.16,S,,,USD,DB
70013717,02210,06,3,20251021,125220,000000551021,3,11.99,35.97,11.99,1.50,S,,MB25W37,USD,DB
70013718,02210,06,1,20251021,155605,000000020203,1,6.49,6.49,0.00,0.00,S,,,USD,DB
70013718,02210,06,2,20251021,155605,000004481001,3,7.99,23.97,7.99,1.00,S,,MB25W37,USD,DB
70013718,02210,06,3,20251021,155605,000004471024,1,3.49,3.49,0.00,0.22,S,,,USD,DB
70013718,02210,06,4,20251021,155605,000000005201,1,3.99,3.99,0.00,0.00,S,,,USD,DB
70013719,02211,03,1,20251021,81655,000000005012,2,3.99,7.98,3.99,0.00,S,6060723111,BG25W38,USD,CS
70013720,02211,05,1,20251021,124855,000004471023,1,3.49,3.49,0.00,0.22,S,,,USD,GC
70013720,02211,05,2,20251021,124855,000000005103,1,6.99,6.99,2.10,0.00,S,,PC25W38,USD,GC
70013720,02211,05,3,20251021,124855,000004492002,1,1.49,1.49,0.00,0.09,S,,,USD,GC
70013720,02211,05,4,20251021,124855,000004472002,1,4.49,4.49,0.00,0.28,S,,,USD,GC
70013720,02211,05,5,20251021,124855,000004481002,2,7.99,15.98,0.00,1.00,S,,,USD,GC
70013720,02211,05,6,20251021,124855,000004472002,1,4.49,4.49,0.00,0.28,V,,,USD,GC
70013721,02305,05,1,20251021,124656,000000552001,1,4.49,4.49,0.00,0.28,S,,,USD,CC
70013721,02305,05,2,20251021,124656,000000094101,1,3.99,3.99,0.00,0.00,S,,,USD,CC
70013721,02305,05,3,20251021,124656,000000005302,1,3.49,3.49,0.00,0.00,S,,,USD,CC
70013721,02305,05,4,20251021,124656,000000020201,1,5.49,5.49,0.00,0.00,S,,,USD,CC
70013721,02305,05,5,20251021,124656,000000552002,1,3.99,3.99,0.00,0.25,S,,,USD,CC
70013722,02305,05,1,20251021,134153,000000093503,2,4.29,8.58,0.00,0.00,S,6079311029,,USD,DB
70013723,02305,02,1,20251021,123059,000000040101,0.369,18.99,7.01,0.00,0.00,S,6013407451,,USD,DB
70013724,02305,05,1,20251021,153827,000000093322,1.555,1.99,3.09,0.00,0.00,S,,,USD,CC
70013724,02305,05,2,20251021,153827,000004483001,1,4.99,4.99,0.00,0.31,S,,,USD,CC
70013724,02305,05,3,20251021,153827,000000040101,1.757,18.99,33.37,0.00,0.00,S,,,USD,CC
70013724,02305,05,4,20251021,153827,000000040101,1.771,18.99,33.63,0.00,0.00,S,,,USD,CC
70013725,02305,05,1,20251021,110031,000004481001,3,7.99,23.97,7.99,1.00,S,6007406500,MB25W37,USD,CC
70013725,02305,05,2,20251021,110031,000000030202,3,11.49,34.47,0.00,0.00,S,6007406500,,USD,CC
70013726,02305,04,1,20251021,144854,000004493002,1,3.99,3.99,0.00,0.25,S,6018972154,,USD,DB
70013726,02305,04,2,20251021,144854,000000005101,1,7.99,7.99,0.00,0.00,S,6018972154,,USD,DB
70013726,02305,04,3,20251021,144854,000000093503,1,4.29,4.29,0.00,0.00,S,6018972154,,USD,DB
70013727,02305,05,1,20251021,215647,000004472002,1,4.49,4.49,0.00,0.28,S,6052895392,,USD,DB
70013727,02305,05,2,20251021,215647,000004491003,1,1.99,1.99,0.00,0.12,S,6052895392,,USD,DB
70013727,02305,05,3,20251021,215647,000004472002,1,4.49,4.49,0.00,0.28,S,6052895392,,USD,DB
70013727,02305,05,4,20251021,215647,000004473002,1,2.79,2.79,0.00,0.17,S,6052895392,,USD,DB
70013727,02305,05,5,20251021,215647,000004491003,1,1.99,1.99,0.00,0.12,S,6052895392,,USD,DB
70013727,02305,05,6,20251021,215647,000000005301,1,5.49,5.49,0.00,0.00,S,6052895392,,USD,DB
70013728,03050,02,1,20251021,171253,000000005102,1,5.49,5.49,0.00,0.00,S,,,USD,DB
70013728,03050,02,2,20251021,171253,000004471030,1,3.99,3.99,0.00,0.25,S,,,USD,DB
70013729,03050,06,1,20251021,211145,000000040202,1,14.99,14.99,0.00,0.00,S,,,USD,CC
70013729,03050,06,2,20251021,211145,000000094301,1.651,4.39,7.25,0.00,0.00,S,,,USD,CC
70013729,03050,06,3,20251021,211145,000000093325,1.779,3.99,7.10,0.00,0.00,S,,,USD,CC
70013729,03050,06,4,20251021,211145,000004481002,1,7.99,7.99,0.00,0.50,S,,,USD,CC
70013729,03050,06,5,20251021,211145,000000005103,1,6.99,6.99,2.10,0.00,S,,PC25W38,USD,CC
70013730,03050,01,1,20251021,82346,000000093502,1,3.99,3.99,0.00,0.00,S,,,USD,DB
70013730,03050,01,2,20251021,82346,000004492002,1,1.49,1.49,0.00,0.09,S,,,USD,DB
70013731,03050,03,1,20251021,111718,000000040203,1,11.99,11.99,3.60,0.00,S,,PC25W38,USD,CC
70013731,03050,03,2,20251021,111718,000000094301,1.737,4.39,7.63,0.00,0.00,S,,,USD,CC
70013731,03050,03,3,20251021,111718,000000093501,1,4.49,4.49,0.00,0.00,S,,,USD,CC
70013731,03050,03,4,20251021,111718,000004473001,1,2.99,2.99,0.00,0.19,S,,,USD,CC
70013732,03050,02,1,20251021,105707,000000093503,1,4.29,4.29,0.00,0.00,S,,,USD,CS
70013732,03050,02,2,20251021,105707,000000005201,1,3.99,3.99,0.00,0.00,S,,,USD,CS
70013733,00317,03,1,20251021,161354,000000020103,1,6.79,6.79,0.00,0.00,S,6056743000,,CAD,CC
70013733,00317,03,2,20251021,161354,000000020201,1,7.49,7.49,0.00,0.00,S,6056743000,,CAD,CC
70013734,00317,04,1,20251021,81621,000000005102,1,7.49,7.49,0.00,0.00,S,,,CAD,CS
70013734,00317,04,2,20251021,81621,000000094302,1.251,7.49,9.37,0.00,0.00,S,,,CAD,CS
70013734,00317,04,3,20251021,81621,000000030202,2,15.59,31.18,0.00,0.00,S,,,CAD,CS
70013735,00317,01,1,20251021,131626,000004473002,1,3.79,3.79,0.00,0.24,S,,,CAD,CC
70013735,00317,01,2,20251021,131626,000000005012,2,5.39,10.78,5.39,0.00,S,,BG25W38,CAD,CC
70013736,00317,01,1,20251021,142952,000004473001,1,4.09,4.09,0.00,0.26,S,6068094149,,CAD,CC
70013736,00317,01,2,20251021,142952,000004492050,1,2.99,2.99,0.00,0.19,S,6068094149,,CAD,CC
70013736,00317,01,3,20251021,142952,000004482003,1,7.49,7.49,0.00,0.47,S,6068094149,,CAD,CC
70013736,00317,01,4,20251021,142952,000000552001,1,6.09,6.09,0.00,0.38,S,6068094149,,CAD,CC
70013737,00317,04,1,20251021,124129,000000005302,1,4.69,4.69,0.00,0.00,S,6005973642,,CAD,GC
70013737,00317,04,2,20251021,124129,000004481002,1,10.89,10.89,0.00,0.68,S,6005973642,,CAD,GC
70013737,00317,04,3,20251021,124129,000000030103,1,12.19,12.19,0.00,0.00,S,6005973642,,CAD,GC
70013737,00317,04,4,20251021,124129,000004493002,2,5.39,10.78,0.00,0.67,S,6005973642,,CAD,GC
70013738,00317,05,1,20251021,185535,000000030202,1,15.59,15.59,0.00,0.00,S,,,CAD,DB
70013738,00317,05,2,20251021,185535,000004472050,3,5.39,16.17,5.39,0.67,S,,MB25W37,CAD,DB
70013739,00317,04,1,20251021,81920,000004481001,1,10.89,10.89,0.00,0.68,S,,,CAD,CC
70013739,00317,04,2,20251021,81920,000004483001,2,6.79,13.58,0.00,0.85,S,,,CAD,CC
70013740,00317,02,1,20251021,95517,000000020103,1,6.79,6.79,0.00,0.00,S,6024648449,,CAD,GC
70013740,00317,02,2,20251021,95517,000004493002,1,5.39,5.39,0.00,0.34,S,6024648449,,CAD,GC
70013741,00317,02,1,20251021,134859,000000094301,2.094,5.99,12.54,0.00,0.00,S,,,CAD,CC
70013741,00317,02,2,20251021,134859,000004492050,1,2.99,2.99,0.00,0.19,S,,,CAD,CC
70013741,00317,02,3,20251021,134859,000000562001,3,14.89,44.67,0.00,2.79,S,,,CAD,CC
70013741,00317,02,4,20251021,134859,000000552002,1,5.39,5.39,0.00,0.34,S,,,CAD,CC
70013742,00322,01,1,20251021,71043,000000040102,1.296,23.09,29.92,0.00,0.00,S,,,CAD,CC
70013742,00322,01,2,20251021,71043,000000030102,1,20.39,20.39,0.00,0.00,S,,,CAD,CC
70013743,00322,05,1,20251021,211753,000000005013,1,5.29,5.29,0.00,0.00,S,,,CAD,CS
70013744,01042,05,1,20251022,161235,000004482001,3,13.99,41.97,13.99,1.75,S,,MB25W37,USD,GC
70013744,01042,05,2,20251022,161235,000000093501,1,4.49,4.49,0.00,0.00,S,,,USD,GC
70013744,01042,05,3,20251022,161235,000000552002,1,3.99,3.99,0.00,0.25,S,,,USD,GC
70013745,01042,06,1,20251022,81744,000000551021,1,11.99,11.99,0.00,0.75,S,,,USD,DB
70013745,01042,06,2,20251022,81744,000000040101,1.305,18.99,24.78,0.00,0.00,S,,,USD,DB
70013745,01042,06,3,20251022,81744,000000005202,2,5.99,11.98,3.59,0.00,S,,PC25W38,USD,DB
70013746,01042,05,1,20251022,172319,000000562001,1,10.99,10.99,0.00,0.69,S,6023460136,,USD,DB
70013746,01042,05,2,20251022,172319,000000562002,1,8.49,8.49,0.00,0.53,S,6023460136,,USD,DB
70013746,01042,05,3,20251022,172319,000004491001,2,2.49,4.98,0.00,0.31,S,6023460136,,USD,DB
70013747,01042,03,1,20251022,131758,000000020101,1,2.49,2.49,0.00,0.00,S,6056818209,,USD,GC
70013747,01042,03,2,20251022,131758,000000030102,1,14.99,14.99,0.00,0.00,S,6056818209,,USD,GC
70013747,01042,03,3,20251022,131758,000000005102,1,5.49,5.49,0.00,0.00,S,6056818209,,USD,GC
70013748,01042,04,1,20251022,73128,000000005020,1,4.49,4.49,0.00,0.00,S,6008214862,,USD,GC
70013748,01042,04,2,20251022,73128,000000093501,1,4.49,4.49,0.00,0.00,S,6008214862,,USD,GC
70013749,01042,03,1,20251022,122155,000000030101,1,6.99,6.99,0.00,0.00,S,,,USD,GC
70013750,01107,04,1,20251022,204326,000000005101,1,7.99,7.99,0.00,0.00,S,,,USD,DB
70013750,01107,04,2,20251022,204326,000004491001,2,2.49,4.98,0.00,0.31,S,,,USD,DB
70013750,01107,04,3,20251022,204326,000000020201,1,5.49,5.49,0.00,0.00,S,,,USD,DB
70013751,02210,05,1,20251022,102357,000000093322,0.477,1.99,0.95,0.00,0.00,S,6052203684,,USD,CS
70013751,02210,05,2,20251022,102357,000004483001,1,4.99,4.99,0.00,0.31,S,6052203684,,USD,CS
70013751,02210,05,3,20251022,102357,000000005201,1,3.99,3.99,0.00,0.00,S,6052203684,,USD,CS
70013751,02210,05,4,20251022,102357,000004482001,1,13.99,13.99,0.00,0.87,S,6052203684,,USD,CS
70013751,02210,05,5,20251022,102357,000004481002,1,7.99,7.99,0.00,0.50,S,6052203684,,USD,CS
70013751,02210,05,6,20251022,102357,000000005013,1,3.89,3.89,0.00,0.00,S,6052203684,,USD,CS
70013752,02210,06,1,20251022,162659,000000030202,3,11.49,34.47,0.00,0.00,S,,,USD,DB
70013752,02210,06,2,20251022,162659,000000552001,2,4.49,8.98,0.00,0.56,S,,,USD,DB
70013752,02210,06,3,20251022,162659,000000005103,2,6.99,13.98,4.19,0.00,S,,PC25W38,USD,DB
70013752,02210,06,4,20251022,162659,000000040102,1.566,16.99,26.61,0.00,0.00,S,,,USD,DB
70013753,02210,04,1,20251022,155842,000000030103,1,8.99,8.99,0.00,0.00,S,6078637673,,USD,DB
70013753,02210,04,2,20251022,155842,000000093503,1,4.29,4.29,0.00,0.00,S,6078637673,,USD,DB
70013754,02210,01,1,20251022,202757,000000552001,1,4.49,4.49,0.00,0.28,S,6030120471,,USD,DB
70013754,02210,01,2,20251022,202757,000000030101,1,6.99,6.99,0.00,0.00,S,6030120471,,USD,DB
70013755,02210,02,1,20251022,80051,000004493001,1,5.49,5.49,0.00,0.34,S,,,USD,CC
70013755,02210,02,2,20251022,80051,000000020102,2,3.49,6.98,0.00,0.00,S,,,USD,CC
70013756,02210,04,1,20251022,191334,000004471024,1,3.49,3.49,0.00,0.22,S,,,USD,DB
70013756,02210,04,2,20251022,191334,000000094102,1,3.49,3.49,0.00,0.00,S,,,USD,DB
70013756,02210,04,3,20251022,191334,000000551021,3,11.99,35.97,11.99,1.50,S,,MB25W37,USD,DB
70013757,02210,01,1,20251022,135137,000004471040,1,2.49,2.49,0.00,0.16,S,6056259045,,USD,CC
70013758,02210,05,1,20251022,90055,000000005103,3,6.99,20.97,6.29,0.00,S,,PC25W38,USD,CC
70013758,02210,05,2,20251022,90055,000004471024,1,3.49,3.49,0.00,0.22,S,,,USD,CC
70013759,02210,04,1,20251022,134953,000004472003,3,3.29,9.87,0.00,0.62,S,6015402119,,USD,DB
70013759,02210,04,2,20251022,134953,000000561002,1,7.49,7.49,0.00,0.47,S,6015402119,,USD,DB
70013760,02210,03,1,20251022,72948,000000094103,1,3.79,3.79,0.00,0.00,S,,,USD,GC
70013760,02210,03,2,20251022,72948,000000093410,0.842,3.99,3.36,0.00,0.00,S,,,USD,GC
70013760,02210,03,3,20251022,72948,000004483002,2,3.49,6.98,0.00,0.44,S,,,USD,GC
70013760,02210,03,4,20251022,72948,000000005013,1,3.89,3.89,0.00,0.00,S,,,USD,GC
70013760,02210,03,5,20251022,72948,000000030201,1,9.99,9.99,0.00,0.00,S,,,USD,GC
70013760,02210,03,6,20251022,72948,000000020201,1,5.49,5.49,0.00,0.00,S,,,USD,GC
70013761,02211,01,1,20251022,93014,000004492001,3,1.79,5.37,1.79,0.22,S,6081826886,MB25W37,USD,DB
70013762,02211,04,1,20251022,162618,000000005201,2,3.99,7.98,0.00,0.00,S,,,USD,DB
70013762,02211,04,2,20251022,162618,000004473002,1,2.79,2.79,0.00,0.17,S,,,USD,DB
70013762,02211,04,3,20251022,162618,000000020202,1,5.99,5.99,0.00,0.00,S,,,USD,DB
70013762,02211,04,4,20251022,162618,000004492001,3,1.79,5.37,1.79,0.22,S,,MB25W37,USD,DB
70013762,02211,04,5,20251022,162618,000004481001,3,7.99,23.97,7.99,1.00,S,,MB25W37,USD,DB
70013763,02211,01,1,20251022,75847,000004483001,3,4.99,14.97,0.00,0.94,S,,,USD,CS
70013763,02211,01,2,20251022,75847,000004471030,1,3.99,3.99,0.00,0.25,S,,,USD,CS
70013764,02211,03,1,20251022,111110,000004481001,2,7.99,15.98,0.00,1.00,S,,,USD,CC
70013764,02211,03,2,20251022,111110,000000005103,1,6.99,6.99,2.10,0.00,S,,PC25W38,USD,CC
70013764,02211,03,3,20251022,111110,000000040203,1,11.99,11.99,3.60,0.00,S,,PC25W38,USD,CC
70013764,02211,03,4,20251022,111110,000000005103,1,6.99,6.99,2.10,0.00,S,,PC25W38,USD,CC
70013764,02211,03,5,20251022,111110,000000005103,1,6.99,6.99,2.10,0.00,S,,PC25W38,USD,CC
70013765,02211,01,1,20251022,103000,000000094103,3,3.79,11.37,0.00,0.00,S,,,USD,CC
70013765,02211,01,2,20251022,103000,000000005201,1,3.99,3.99,0.00,0.00,S,,,USD,CC
70013765,02211,01,3,20251022,103000,000004492002,1,1.49,1.49,0.00,0.09,S,,,USD,CC
70013765,02211,01,4,20251022,103000,000000040102,1.895,16.99,32.20,0.00,0.00,S,,,USD,CC
70013766,02211,05,1,20251022,125457,000004491002,2,6.99,13.98,6.99,0.44,S,6077167014,BG25W38,USD,CC
70013767,02305,05,1,20251022,212035,000004483001,1,4.99,4.99,0.00,0.31,S,6014060293,,USD,CC
70013768,02305,05,1,20251022,205737,000004473003,2,3.49,6.98,0.00,0.44,S,,,USD,CC
70013768,02305,05,2,20251022,205737,000000551021,3,11.99,35.97,11.99,1.50,S,,MB25W37,USD,CC
70013768,02305,05,3,20251022,205737,000000005202,1,5.99,5.99,1.80,0.00,S,,PC25W38,USD,CC
70013769,02305,02,1,20251022,180025,000000552001,1,4.49,4.49,0.00,0.28,S,6025214526,,USD,DB
70013769,02305,02,2,20251022,180025,000000093502,3,3.99,11.97,0.00,0.00,S,6025214526,,USD,DB
70013769,02305,02,3,20251022,180025,000004471040,1,2.49,2.49,0.00,0.16,S,6025214526,,USD,DB
70013770,02305,04,1,20251022,151042,000000551021,1,11.99,11.99,0.00,0.75,S,6042175188,,USD,GC
70013770,02305,04,2,20251022,151042,000000030202,1,11.49,11.49,0.00,0.00,S,6042175188,,USD,GC
70013770,02305,04,3,20251022,151042,000000094203,0.567,1.49,0.84,0.00,0.00,S,6042175188,,USD,GC
70013771,02305,04,1,20251022,180440,000000551020,1,13.99,13.99,4.20,0.61,S,,PC25W38,USD,DB
70013771,02305,04,2,20251022,180440,000000093322,2.195,1.99,4.37,0.00,0.00,S,,,USD,DB
70013771,02305,04,3,20251022,180440,000000030203,2,8.49,16.98,0.00,0.00,S,,,USD,DB
70013771,02305,04,4,20251022,180440,000000093322,2.195,1.99,4.37,0.00,0.00,V,,,USD,DB
70013772,02305,04,1,20251022,111319,000000040203,2,11.99,23.98,7.19,0.00,S,6007406500,PC25W38,USD,DB
70013773,02305,04,1,20251022,132811,000000040203,1,11.99,11.99,3.60,0.00,S,,PC25W38,USD,CC
70013773,02305,04,2,20251022,132811,000000020103,1,4.99,4.99,0.00,0.00,S,,,USD,CC
70013774,02305,02,1,20251022,85648,000000040101,2.088,18.99,39.65,0.00,0.00,S,,,USD,GC
70013774,02305,02,2,20251022,85648,000000030202,2,11.49,22.98,0.00,0.00,S,,,USD,GC
70013774,02305,02,3,20251022,85648,000000031102,0.975,19.99,19.49,0.00,0.00,S,,,USD,GC
70013775,02305,01,1,20251022,90329,000000020102,1,3.49,3.49,0.00,0.00,S,,,USD,GC
70013775,02305,01,2,20251022,90329,000004472003,1,3.29,3.29,0.00,0.21,S,,,USD,GC
70013776,02305,05,1,20251022,112325,000000005302,1,3.49,3.49,0.00,0.00,S,,,USD,CS
70013776,02305,05,2,20251022,112325,000000093410,1.615,3.99,6.44,0.00,0.00,S,,,USD,CS
70013776,02305,05,3,20251022,112325,000000552002,1,3.99,3.99,0.00,0.25,S,,,USD,CS
70013777,02305,01,1,20251022,132322,000004493002,1,3.99,3.99,0.00,0.25,S,,,USD,CS
70013777,02305,01,2,20251022,132322,000004481001,3,7.99,23.97,7.99,1.00,S,,MB25W37,USD,CS
70013778,02305,06,1,20251022,114706,000000020101,3,2.49,7.47,0.00,0.00,S,6090833509,,USD,CC
70013778,02305,06,2,20251022,114706,000000020103,1,4.99,4.99,0.00,0.00,S,6090833509,,USD,CC
70013779,02305,05,1,20251022,133037,000000093501,1,4.49,4.49,0.00,0.00,S,6049409762,,USD,CC
70013779,02305,05,2,20251022,133037,000004472001,1,3.99,3.99,0.00,0.25,S,6049409762,,USD,CC
70013779,02305,05,3,20251022,133037,000000093402,1.886,3.29,6.20,0.00,0.00,S,6049409762,,USD,CC
70013779,02305,05,4,20251022,133037,000004471023,1,3.49,3.49,0.00,0.22,S,6049409762,,USD,CC
70013780,03050,04,1,20251022,165210,000004483001,1,4.99,4.99,0.00,0.31,S,,,USD,GC
70013780,03050,04,2,20251022,165210,000004471040,1,2.49,2.49,0.00,0.16,S,,,USD,GC
70013781,03050,05,1,20251022,164435,000000020101,1,2.49,2.49,0.00,0.00,S,,,USD,GC
70013781,03050,05,2,20251022,164435,000000005102,1,5.49,5.49,0.00,0.00,S,,,USD,GC
70013781,03050,05,3,20251022,164435,000000561002,1,7.49,7.49,0.00,0.47,S,,,USD,GC
70013781,03050,05,4,20251022,164435,000000093322,1.848,1.99,3.68,0.00,0.00,S,,,USD,GC
70013782,03050,04,1,20251022,173442,000004471024,1,3.49,3.49,0.00,0.22,S,,,USD,CC
70013782,03050,04,2,20251022,173442,000004481003,1,4.99,4.99,0.00,0.31,S,,,USD,CC
70013782,03050,04,3,20251022,173442,000004471023,1,3.49,3.49,0.00,0.22,S,,,USD,CC
70013782,03050,04,4,20251022,173442,000000562001,1,10.99,10.99,0.00,0.69,S,,,USD,CC
70013782,03050,04,5,20251022,173442,000000562001,1,10.99,10.99,0.00,0.69,S,,,USD,CC
70013782,03050,04,6,20251022,173442,000004492003,2,2.29,4.58,2.29,0.14,S,,BG25W38,USD,CC
70013783,03050,03,1,20251022,151003,000000020101,1,2.49,2.49,0.00,0.00,S,,,USD,CS
70013783,03050,03,2,20251022,151003,000000020101,1,2.49,2.49,0.00,0.00,S,,,USD,CS
70013783,03050,03,3,20251022,151003,000000020202,1,5.99,5.99,0.00,0.00,S,,,USD,CS
70013783,03050,03,4,20251022,151003,000004473002,2,2.79,5.58,0.00,0.35,S,,,USD,CS
70013784,00317,01,1,20251022,160553,000000093325,0.738,5.39,3.98,0.00,0.00,S,,,CAD,GC
70013784,00317,01,2,20251022,160553,000000030203,1,11.49,11.49,0.00,0.00,S,,,CAD,GC
70013784,00317,01,3,20251022,160553,000000020203,2,8.79,17.58,0.00,0.00,S,,,CAD,GC
70013784,00317,01,4,20251022,160553,000000005101,2,10.89,21.78,0.00,0.00,S,,,CAD,GC
70013784,00317,01,5,20251022,160553,000000040101,0.486,25.79,12.53,0.00,0.00,S,,,CAD,GC
70013785,00317,02,1,20251022,132655,000000094301,1.960,5.99,11.74,0.00,0.00,S,,,CAD,DB
70013785,00317,02,2,20251022,132655,000000552001,1,6.09,6.09,0.00,0.38,S,,,CAD,DB
70013785,00317,02,3,20251022,132655,000000561001,1,13.59,13.59,0.00,0.85,S,,,CAD,DB
70013785,00317,02,4,20251022,132655,000004493001,1,7.49,7.49,0.00,0.47,S,,,CAD,DB
70013786,00317,02,1,20251022,182159,000000552001,1,6.09,6.09,0.00,0.38,S,,,CAD,DB
70013786,00317,02,2,20251022,182159,000004481003,1,6.79,6.79,0.00,0.42,S,,,CAD,DB
70013786,00317,02,3,20251022,182159,000004472050,3,5.39,16.17,5.39,0.67,S,,MB25W37,CAD,DB
70013786,00317,02,4,20251022,182159,000000094103,1,5.19,5.19,0.00,0.00,S,,,CAD,DB
70013786,00317,02,5,20251022,182159,000000093502,1,5.39,5.39,0.00,0.00,S,,,CAD,DB
70013787,00317,05,1,20251022,130921,000000005103,1,9.49,9.49,2.85,0.00,S,,PC25W38,CAD,DB
70013787,00317,05,2,20251022,130921,000000094101,3,5.39,16.17,0.00,0.00,S,,,CAD,DB
70013787,00317,05,3,20251022,130921,000004472050,1,5.39,5.39,0.00,0.34,S,,,CAD,DB
70013788,00317,03,1,20251022,170348,000000040202,1,20.39,20.39,0.00,0.00,S,6057784872,,CAD,CS
70013788,00317,03,2,20251022,170348,000000030201,1,13.59,13.59,0.00,0.00,S,6057784872,,CAD,CS
70013788,00317,03,3,20251022,170348,000000094103,1,5.19,5.19,0.00,0.00,S,6057784872,,CAD,CS
70013789,00317,06,1,20251022,110534,000004491001,2,3.39,6.78,0.00,0.42,S,6009993476,,CAD,GC
70013789,00317,06,2,20251022,110534,000000551021,3,16.29,48.87,16.29,2.04,S,6009993476,MB25W37,CAD,GC
70013790,00317,01,1,20251022,82320,000004491002,1,9.49,9.49,0.00,0.59,R,6039235558,,CAD,GC
70013791,00322,04,1,20251022,105348,000004473003,1,4.69,4.69,0.00,0.29,S,,,CAD,CC
70013792,00322,06,1,20251022,171221,000000030202,1,15.59,15.59,0.00,0.00,S,6002695249,,CAD,CS
70013793,00322,05,1,20251022,152430,000000040201,1,12.19,12.19,0.00,0.00,S,6006211369,,CAD,CC
70013793,00322,05,2,20251022,152430,000000005202,3,8.09,24.27,7.28,0.00,S,6006211369,PC25W38,CAD,CC
70013793,00322,05,3,20251022,152430,000000020102,1,4.69,4.69,0.00,0.00,S,6006211369,,CAD,CC
70013793,00322,05,4,20251022,152430,000000005302,1,4.69,4.69,0.00,0.00,S,6006211369,,CAD,CC
70013793,00322,05,5,20251022,152430,000000005103,1,9.49,9.49,2.85,0.00,S,6006211369,PC25W38,CAD,CC
70013793,00322,05,6,20251022,152430,000000040203,1,16.29,16.29,4.89,0.00,S,6006211369,PC25W38,CAD,CC
70013794,00322,04,1,20251022,81309,000004473003,1,4.69,4.69,0.00,0.29,S,,,CAD,CS
70013794,00322,04,2,20251022,81309,000000020201,1,7.49,7.49,0.00,0.00,S,,,CAD,CS
70013795,00322,05,1,20251022,104200,000000093503,2,5.79,11.58,0.00,0.00,S,,,CAD,GC
70013795,00322,05,2,20251022,104200,000000020201,1,7.49,7.49,0.00,0.00,S,,,CAD,GC
70013795,00322,05,3,20251022,104200,000000040202,1,20.39,20.39,0.00,0.00,S,,,CAD,GC
70013795,00322,05,4,20251022,104200,000000093502,1,5.39,5.39,0.00,0.00,S,,,CAD,GC
70013795,00322,05,5,20251022,104200,000000040203,1,16.29,16.29,4.89,0.00,S,,PC25W38,CAD,GC
70013796,00322,05,1,20251022,70845,000000040101,0.263,25.79,6.78,0.00,0.00,S,6097490961,,CAD,DB
70013797,01042,03,1,20251023,173541,000000040102,1.872,16.99,31.81,0.00,0.00,S,6054601585,,USD,DB
70013797,01042,03,2,20251023,173541,000004481003,2,4.99,9.98,0.00,0.62,S,6054601585,,USD,DB
70013797,01042,03,3,20251023,173541,000000094302,2.185,5.49,12.00,0.00,0.00,S,6054601585,,USD,DB
70013798,01042,06,1,20251023,185637,000000093501,1,4.49,4.49,0.00,0.00,S,6074701687,,USD,DB
70013798,01042,06,2,20251023,185637,000000040101,0.758,18.99,14.39,0.00,0.00,S,6074701687,,USD,DB
70013799,01042,03,1,20251023,205631,000000093503,1,4.29,4.29,0.00,0.00,S,,,USD,DB
70013800,01042,01,1,20251023,105802,000000040203,2,11.99,23.98,7.19,0.00,S,,PC25W38,USD,CC
70013800,01042,01,2,20251023,105802,000000031102,1.674,19.99,33.46,0.00,0.00,S,,,USD,CC
70013800,01042,01,3,20251023,105802,000000094301,1.102,4.39,4.84,0.00,0.00,S,,,USD,CC
70013800,01042,01,4,20251023,105802,000000094102,1,3.49,3.49,0.00,0.00,S,,,USD,CC
70013800,01042,01,5,20251023,105802,000004481002,1,7.99,7.99,0.00,0.50,S,,,USD,CC
70013801,01042,06,1,20251023,182020,000004481002,1,7.99,7.99,0.00,0.50,S,,,USD,CS
70013801,01042,06,2,20251023,182020,000004482001,3,13.99,41.97,13.99,1.75,S,,MB25W37,USD,CS
70013802,02210,04,1,20251023,170626,000004491002,2,6.99,13.98,6.99,0.44,S,6033970519,BG25W38,USD,CC
70013803,02210,02,1,20251023,95333,000004473001,2,2.99,5.98,0.00,0.37,S,6087158415,,USD,DB
70013803,02210,02,2,20251023,95333,000000005103,1,6.99,6.99,2.10,0.00,S,6087158415,PC25W38,USD,DB
70013803,02210,02,3,20251023,95333,000004491002,2,6.99,13.98,6.99,0.44,S,6087158415,BG25W38,USD,DB
70013803,02210,02,4,20251023,95333,000000030103,1,8.99,8.99,0.00,0.00,S,6087158415,,USD,DB
70013804,02210,03,1,20251023,105415,000000093502,1,3.99,3.99,0.00,0.00,S,,,USD,DB
70013804,02210,03,2,20251023,105415,000000020202,1,5.99,5.99,0.00,0.00,S,,,USD,DB
70013804,02210,03,3,20251023,105415,000004491003,2,1.99,3.98,0.00,0.25,S,,,USD,DB
70013804,02210,03,4,20251023,105415,000004491002,2,6.99,13.98,6.99,0.44,S,,BG25W38,USD,DB
70013804,02210,03,5,20251023,105415,000000094201,1.620,1.69,2.74,0.00,0.00,S,,,USD,DB
70013805,02210,03,1,20251023,211101,000004492003,2,2.29,4.58,2.29,0.14,S,,BG25W38,USD,GC
70013805,02210,03,2,20251023,211101,000000030101,1,6.99,6.99,0.00,0.00,S,,,USD,GC
70013805,02210,03,3,20251023,211101,000000005201,1,3.99,3.99,0.00,0.00,S,,,USD,GC
70013806,02211,01,1,20251023,120903,000004482001,3,13.99,41.97,13.99,1.75,S,,MB25W37,USD,DB
70013806,02211,01,2,20251023,120903,000000093325,1.480,3.99,5.91,0.00,0.00,S,,,USD,DB
70013807,02211,06,1,20251023,133039,000004471030,1,3.99,3.99,0.00,0.25,S,,,USD,CC
70013808,02211,06,1,20251023,132637,000000020201,2,5.49,10.98,0.00,0.00,S,6047350476,,USD,DB
70013808,02211,06,2,20251023,132637,000004482003,1,5.49,5.49,0.00,0.34,S,6047350476,,USD,DB
70013808,02211,06,3,20251023,132637,000000005201,1,3.99,3.99,0.00,0.00,S,6047350476,,USD,DB
70013808,02211,06,4,20251023,132637,000000094302,1.629,5.49,8.94,0.00,0.00,S,6047350476,,USD,DB
70013809,02305,03,1,20251023,83813,000004471040,1,2.49,2.49,0.00,0.16,S,6045593766,,USD,CS
70013809,02305,03,2,20251023,83813,000004481002,1,7.99,7.99,0.00,0.50,S,6045593766,,USD,CS
70013809,02305,03,3,20251023,83813,000000093402,1.508,3.29,4.96,0.00,0.00,S,6045593766,,USD,CS
70013809,02305,03,4,20251023,83813,000004493002,1,3.99,3.99,0.00,0.25,S,6045593766,,USD,CS
70013809,02305,03,5,20251023,83813,000000093322,1.211,1.99,2.41,0.00,0.00,S,6045593766,,USD,CS
70013809,02305,03,6,20251023,83813,000000005102,1,5.49,5.49,0.00,0.00,S,6045593766,,USD,CS
70013810,02305,06,1,20251023,92220,000004491002,2,6.99,13.98,6.99,0.44,S,,BG25W38,USD,CC
70013811,02305,04,1,20251023,130820,000000030202,3,11.49,34.47,0.00,0.00,S,,,USD,CC
70013812,02305,04,1,20251023,110853,000004471040,1,2.49,2.49,0.00,0.16,S,6090833506,,USD,CC
70013812,02305,04,2,20251023,110853,000004481001,1,7.99,7.99,0.00,0.50,S,6090833506,,USD,CC
70013812,02305,04,3,20251023,110853,000000551021,3,11.99,35.97,11.99,1.50,S,6090833506,MB25W37,USD,CC
70013813,02305,04,1,20251023,140132,000000030103,1,8.99,8.99,0.00,0.00,S,6049305966,,USD,DB
70013813,02305,04,2,20251023,140132,000004482001,3,13.99,41.97,13.99,1.75,S,6049305966,MB25W37,USD,DB
70013813,02305,04,3,20251023,140132,000000030203,1,8.49,8.49,0.00,0.00,S,6049305966,,USD,DB
70013813,02305,04,4,20251023,140132,000000005020,1,4.49,4.49,0.00,0.00,S,6049305966,,USD,DB
70013813,02305,04,5,20251023,140132,000000020101,1,2.49,2.49,0.00,0.00,S,6049305966,,USD,DB
70013813,02305,04,6,20251023,140132,000000005103,2,6.99,13.98,4.19,0.00,S,6049305966,PC25W38,USD,DB
70013814,02305,03,1,20251023,201753,000000551021,3,11.99,35.97,11.99,1.50,S,6016229991,MB25W37,USD,CC
70013814,02305,03,2,20251023,201753,000000020201,1,5.49,5.49,0.00,0.00,S,6016229991,,USD,CC
70013814,02305,03,3,20251023,201753,000004481001,1,7.99,7.99,0.00,0.50,S,6016229991,,USD,CC
70013814,02305,03,4,20251023,201753,000000020203,1,6.49,6.49,0.00,0.00,S,6016229991,,USD,CC
70013814,02305,03,5,20251023,201753,000000551020,1,13.99,13.99,4.20,0.61,S,6016229991,PC25W38,USD,CC
70013815,02305,01,1,20251023,135229,000000030103,1,8.99,8.99,0.00,0.00,S,6071494981,,USD,DB
70013815,02305,01,2,20251023,135229,000000094202,0.912,1.99,1.81,0.00,0.00,S,6071494981,,USD,DB
70013815,02305,01,3,20251023,135229,000000093410,1.331,3.99,5.31,0.00,0.00,S,6071494981,,USD,DB
70013815,02305,01,4,20251023,135229,000000030102,1,14.99,14.99,0.00,0.00,S,6071494981,,USD,DB
70013815,02305,01,5,20251023,135229,000000020201,2,5.49,10.98,0.00,0.00,S,6071494981,,USD,DB
70013816,02305,04,1,20251023,153749,000000005302,1,3.49,3.49,0.00,0.00,S,,,USD,DB
70013816,02305,04,2,20251023,153749,000000552001,1,4.49,4.49,0.00,0.28,S,,,USD,DB
70013817,02305,05,1,20251023,203147,000000005012,2,3.99,7.98,3.99,0.00,S,,BG25W38,USD,GC
70013817,02305,05,2,20251023,203147,000004472002,1,4.49,4.49,0.00,0.28,S,,,USD,GC
70013817,02305,05,3,20251023,203147,000000094103,2,3.79,7.58,0.00,0.00,S,,,USD,GC
70013818,02305,05,1,20251023,153926,000004491002,2,6.99,13.98,6.99,0.44,S,6008656756,BG25W38,USD,DB
70013818,02305,05,2,20251023,153926,000000561001,1,9.99,9.99,0.00,0.62,S,6008656756,,USD,DB
70013818,02305,05,3,20251023,153926,000000005202,1,5.99,5.99,1.80,0.00,S,6008656756,PC25W38,USD,DB
70013818,02305,05,4,20251023,153926,000000005012,2,3.99,7.98,3.99,0.00,S,6008656756,BG25W38,USD,DB
70013818,02305,05,5,20251023,153926,000000020103,1,4.99,4.99,0.00,0.00,S,6008656756,,USD,DB
70013819,02305,04,1,20251023,193700,000000020101,1,2.49,2.49,0.00,0.00,S,,,USD,DB
70013820,02305,06,1,20251023,180958,000004472003,3,3.29,9.87,0.00,0.62,S,,,USD,DB
70013821,03050,05,1,20251023,130056,000000005301,1,5.49,5.49,0.00,0.00,S,6043098591,,USD,GC
70013821,03050,05,2,20251023,130056,000004492002,1,1.49,1.49,0.00,0.09,S,6043098591,,USD,GC
70013822,03050,05,1,20251023,204450,000004493002,1,3.99,3.99,0.00,0.25,S,,,USD,CC
70013822,03050,05,2,20251023,204450,000000030103,1,8.99,8.99,0.00,0.00,S,,,USD,CC
70013822,03050,05,3,20251023,204450,000004492001,3,1.79,5.37,1.79,0.22,S,,MB25W37,USD,CC
70013823,00317,05,1,20251023,83348,000000030201,1,13.59,13.59,0.00,0.00,S,6037312552,,CAD,CS
70013824,00317,06,1,20251023,192745,000000093410,1.150,5.39,6.20,0.00,0.00,S,,,CAD,DB
70013824,00317,06,2,20251023,192745,000004492002,1,1.99,1.99,0.00,0.12,S,,,CAD,DB
70013824,00317,06,3,20251023,192745,000004472050,1,5.39,5.39,0.00,0.34,S,,,CAD,DB
70013825,00317,03,1,20251023,210649,000000551020,1,18.99,18.99,5.70,0.83,S,6022068155,PC25W38,CAD,DB
70013825,00317,03,2,20251023,210649,000000551020,2,18.99,37.98,11.39,1.66,S,6022068155,PC25W38,CAD,DB
70013825,00317,03,3,20251023,210649,000000551020,1,18.99,18.99,5.70,0.83,S,6022068155,PC25W38,CAD,DB
70013825,00317,03,4,20251023,210649,000000094302,1.254,7.49,9.39,0.00,0.00,S,6022068155,,CAD,DB
70013825,00317,03,5,20251023,210649,000004481001,1,10.89,10.89,0.00,0.68,S,6022068155,,CAD,DB
70013826,00317,06,1,20251023,172823,000000005020,1,6.09,6.09,0.00,0.00,S,,,CAD,CC
70013826,00317,06,2,20251023,172823,000000093503,1,5.79,5.79,0.00,0.00,S,,,CAD,CC
70013827,00317,05,1,20251023,134647,000000093402,0.740,4.49,3.32,0.00,0.00,S,6042782079,,CAD,CS
70013827,00317,05,2,20251023,134647,000004492050,1,2.99,2.99,0.00,0.19,S,6042782079,,CAD,CS
70013827,00317,05,3,20251023,134647,000000094102,2,4.69,9.38,0.00,0.00,S,6042782079,,CAD,CS
70013827,00317,05,4,20251023,134647,000000005020,1,6.09,6.09,0.00,0.00,S,6042782079,,CAD,CS
70013828,00317,02,1,20251023,92234,000000561001,1,13.59,13.59,0.00,0.85,S,6057937639,,CAD,CC
70013828,00317,02,2,20251023,92234,000000005202,2,8.09,16.18,4.85,0.00,S,6057937639,PC25W38,CAD,CC
70013828,00317,02,3,20251023,92234,000000020202,2,8.09,16.18,0.00,0.00,S,6057937639,,CAD,CC
70013829,00317,04,1,20251023,212202,000000551020,2,18.99,37.98,11.39,1.66,S,,PC25W38,CAD,CS
70013829,00317,04,2,20251023,212202,000000094203,1.517,1.99,3.02,0.00,0.00,S,,,CAD,CS
70013830,00317,03,1,20251023,191303,000004481003,1,6.79,6.79,0.00,0.42,S,,,CAD,DB
70013830,00317,03,2,20251023,191303,000004492001,3,2.39,7.17,2.39,0.30,S,,MB25W37,CAD,DB
70013830,00317,03,3,20251023,191303,000004482001,1,18.99,18.99,0.00,1.19,S,,,CAD,DB
70013830,00317,03,4,20251023,191303,000000040101,1.829,25.79,47.17,0.00,0.00,S,,,CAD,DB
70013831,00317,03,1,20251023,93730,000004491002,1,9.49,9.49,0.00,0.59,R,,,CAD,CC
70013832,00317,01,1,20251023,213509,000000020101,1,3.39,3.39,0.00,0.00,S,,,CAD,GC
70013832,00317,01,2,20251023,213509,000000030101,1,9.49,9.49,0.00,0.00,S,,,CAD,GC
70013833,00317,03,1,20251023,162543,000004483001,1,6.79,6.79,0.00,0.42,S,6001372151,,CAD,DB
70013833,00317,03,2,20251023,162543,000004483001,1,6.79,6.79,0.00,0.42,V,6001372151,,CAD,DB
70013834,00317,04,1,20251023,81125,000004492050,2,2.99,5.98,0.00,0.37,S,,,CAD,CS
70013835,00317,02,1,20251023,193755,000000093410,1.022,5.39,5.51,0.00,0.00,S,,,CAD,CS
70013835,00317,02,2,20251023,193755,000004491002,2,9.49,18.98,9.49,0.59,S,,BG25W38,CAD,CS
70013836,00317,05,1,20251023,123517,000004492003,1,3.09,3.09,0.00,0.19,S,,,CAD,GC
70013836,00317,05,2,20251023,123517,000000562001,1,14.89,14.89,0.00,0.93,S,,,CAD,GC
70013837,00322,01,1,20251023,171939,000004471040,1,3.39,3.39,0.00,0.21,S,,,CAD,CC
70013837,00322,01,2,20251023,171939,000004492050,2,2.99,5.98,0.00,0.37,S,,,CAD,CC
70013837,00322,01,3,20251023,171939,000000005103,3,9.49,28.47,8.54,0.00,S,,PC25W38,CAD,CC
70013837,00322,01,4,20251023,171939,000000005012,1,5.39,5.39,0.00,0.00,S,,,CAD,CC
70013838,00322,04,1,20251023,214308,000004492002,1,1.99,1.99,0.00,0.12,S,,,CAD,DB
70013838,00322,04,2,20251023,214308,000004482002,1,24.49,24.49,0.00,1.53,S,,,CAD,DB
70013838,00322,04,3,20251023,214308,000000020203,1,8.79,8.79,0.00,0.00,S,,,CAD,DB
70013838,00322,04,4,20251023,214308,000000020103,1,6.79,6.79,0.00,0.00,S,,,CAD,DB
70013838,00322,04,5,20251023,214308,000004483001,1,6.79,6.79,0.00,0.42,S,,,CAD,DB
70013839,00322,02,1,20251023,143447,000000005202,1,8.09,8.09,2.43,0.00,S,,PC25W38,CAD,CC
70013840,00322,04,1,20251023,83337,000004492002,1,1.99,1.99,0.00,0.12,S,,,CAD,DB
70013840,00322,04,2,20251023,83337,000004482001,3,18.99,56.97,18.99,2.37,S,,MB25W37,CAD,DB
70013841,00322,03,1,20251023,132142,000000093402,0.347,4.49,1.56,0.00,0.00,R,,,CAD,CC
70013842,00322,04,1,20251023,113140,000004492002,3,1.99,5.97,0.00,0.37,S,6082043397,,CAD,GC
70013843,01042,04,1,20251024,91013,000004491002,1,6.99,6.99,0.00,0.44,S,6014607455,,USD,DB
70013843,01042,04,2,20251024,91013,000004482002,1,17.99,17.99,0.00,1.12,S,6014607455,,USD,DB
70013844,01042,04,1,20251024,120950,000000031102,2.095,19.99,41.88,0.00,0.00,S,,,USD,CC
70013844,01042,04,2,20251024,120950,000000005103,3,6.99,20.97,6.29,0.00,S,,PC25W38,USD,CC
70013844,01042,04,3,20251024,120950,000004483002,2,3.49,6.98,0.00,0.44,S,,,USD,CC
70013844,01042,04,4,20251024,120950,000000030202,1,11.49,11.49,0.00,0.00,S,,,USD,CC
70013844,01042,04,5,20251024,120950,000000040101,1.417,18.99,26.91,0.00,0.00,S,,,USD,CC
70013845,01042,04,1,20251024,82100,000000030101,1,6.99,6.99,0.00,0.00,S,,,USD,GC
70013845,01042,04,2,20251024,82100,000004471023,1,3.49,3.49,0.00,0.22,S,,,USD,GC
70013846,01042,01,1,20251024,70024,000000005301,1,5.49,5.49,0.00,0.00,S,6030468750,,USD,CC
70013847,01042,04,1,20251024,105326,000000094202,1.517,1.99,3.02,0.00,0.00,S,,,USD,DB
70013847,01042,04,2,20251024,105326,000004471023,1,3.49,3.49,0.00,0.22,S,,,USD,DB
70013847,01042,04,3,20251024,105326,000000031101,0.571,24.99,14.27,0.00,0.00,S,,,USD,DB
70013847,01042,04,4,20251024,105326,000004472001,1,3.99,3.99,0.00,0.25,S,,,USD,DB
70013848,01042,06,1,20251024,104238,000000020201,1,5.49,5.49,0.00,0.00,S,,,USD,DB
70013848,01042,06,2,20251024,104238,000000094201,1.578,1.69,2.67,0.00,0.00,S,,,USD,DB
70013848,01042,06,3,20251024,104238,000000030201,1,9.99,9.99,0.00,0.00,S,,,USD,DB
70013848,01042,06,4,20251024,104238,000000552002,1,3.99,3.99,0.00,0.25,S,,,USD,DB
70013848,01042,06,5,20251024,104238,000000005012,2,3.99,7.98,3.99,0.00,S,,BG25W38,USD,DB
70013848,01042,06,6,20251024,104238,000000093501,2,4.49,8.98,0.00,0.00,S,,,USD,DB
70013849,01107,04,1,20251024,205041,000004471023,1,3.49,3.49,0.00,0.22,S,,,USD,DB
70013849,01107,04,2,20251024,205041,000004483001,1,4.99,4.99,0.00,0.31,S,,,USD,DB
70013849,01107,04,3,20251024,205041,000004492003,2,2.29,4.58,2.29,0.14,S,,BG25W38,USD,DB
70013850,01107,02,1,20251024,175003,000004493002,1,3.99,3.99,0.00,0.25,S,6043992011,,USD,GC
70013850,01107,02,2,20251024,175003,000004473003,1,3.49,3.49,0.00,0.22,S,6043992011,,USD,GC
70013850,01107,02,3,20251024,175003,000000005013,3,3.89,11.67,0.00,0.00,S,6043992011,,USD,GC
70013850,01107,02,4,20251024,175003,000000040203,1,11.99,11.99,3.60,0.00,S,6043992011,PC25W38,USD,GC
70013851,01107,03,1,20251024,205056,000004471030,1,3.99,3.99,0.00,0.25,S,,,USD,GC
70013852,02210,03,1,20251024,110104,000004491003,1,1.99,1.99,0.00,0.12,S,,,USD,CC
70013852,02210,03,2,20251024,110104,000000020203,1,6.49,6.49,0.00,0.00,S,,,USD,CC
70013852,02210,03,3,20251024,110104,000000093402,1.804,3.29,5.94,0.00,0.00,S,,,USD,CC
70013852,02210,03,4,20251024,110104,000000094103,1,3.79,3.79,0.00,0.00,S,,,USD,CC
70013852,02210,03,5,20251024,110104,000004482001,3,13.99,41.97,13.99,1.75,S,,MB25W37,USD,CC
70013853,02210,01,1,20251024,150125,000004481001,3,7.99,23.97,7.99,1.00,S,,MB25W37,USD,CC
70013853,02210,01,2,20251024,150125,000000551021,3,11.99,35.97,11.99,1.50,S,,MB25W37,USD,CC
70013854,02210,01,1,20251024,170341,000000094201,0.442,1.69,0.75,0.00,0.00,S,6038282586,,USD,GC
70013854,02210,01,2,20251024,170341,000000093402,0.477,3.29,1.57,0.00,0.00,S,6038282586,,USD,GC
70013854,02210,01,3,20251024,170341,000000561002,1,7.49,7.49,0.00,0.47,S,6038282586,,USD,GC
70013854,02210,01,4,20251024,170341,000004473002,1,2.79,2.79,0.00,0.17,S,6038282586,,USD,GC
70013855,02210,04,1,20251024,93203,000000005012,2,3.99,7.98,3.99,0.00,S,6086334141,BG25W38,USD,DB
70013855,02210,04,2,20251024,93203,000004493002,1,3.99,3.99,0.00,0.25,S,6086334141,,USD,DB
70013855,02210,04,3,20251024,93203,000000040102,0.410,16.99,6.97,0.00,0.00,S,6086334141,,USD,DB
70013855,02210,04,4,20251024,93203,000000030102,1,14.99,14.99,0.00,0.00,S,6086334141,,USD,DB
70013855,02210,04,5,20251024,93203,000000551020,1,13.99,13.99,4.20,0.61,S,6086334141,PC25W38,USD,DB
70013855,02210,04,6,20251024,93203,000004472003,1,3.29,3.29,0.00,0.21,S,6086334141,,USD,DB
70013855,02210,04,7,20251024,93203,000000551020,1,13.99,13.99,0.00,0.87,V,6086334141,,USD,DB
70013856,02210,03,1,20251024,113521,000000093325,0.699,3.99,2.79,0.00,0.00,S,6092171747,,USD,DB
70013856,02210,03,2,20251024,113521,000000005013,1,3.89,3.89,0.00,0.00,S,6092171747,,USD,DB
70013857,02210,05,1,20251024,132703,000000093503,1,4.29,4.29,0.00,0.00,S,6052203684,,USD,GC
70013857,02210,05,2,20251024,132703,000000093410,0.801,3.99,3.20,0.00,0.00,S,6052203684,,USD,GC
70013858,02210,04,1,20251024,90302,000000093325,0.887,3.99,3.54,0.00,0.00,S,,,USD,DB
70013858,02210,04,2,20251024,90302,000004471040,2,2.49,4.98,0.00,0.31,S,,,USD,DB
70013858,02210,04,3,20251024,90302,000000030102,2,14.99,29.98,0.00,0.00,S,,,USD,DB
70013858,02210,04,4,20251024,90302,000004472001,3,3.99,11.97,0.00,0.75,S,,,USD,DB
70013858,02210,04,5,20251024,90302,000000030201,2,9.99,19.98,0.00,0.00,S,,,USD,DB
70013858,02210,04,6,20251024,90302,000000020101,1,2.49,2.49,0.00,0.00,S,,,USD,DB
70013859,02210,05,1,20251024,140324,000000093322,1.493,1.99,2.97,0.00,0.00,S,,,USD,CC
70013860,02211,01,1,20251024,125726,000004493001,1,5.49,5.49,0.00,0.34,S,6048889957,,USD,CC
70013860,02211,01,2,20251024,125726,000004482002,2,17.99,35.98,0.00,2.25,S,6048889957,,USD,CC
70013860,02211,01,3,20251024,125726,000004492001,1,1.79,1.79,0.00,0.11,S,6048889957,,USD,CC
70013861,02211,06,1,20251024,121900,000000020101,2,2.49,4.98,0.00,0.00,S,,,USD,CC
70013861,02211,06,2,20251024,121900,000000020202,1,5.99,5.99,0.00,0.00,S,,,USD,CC
70013861,02211,06,3,20251024,121900,000000005101,1,7.99,7.99,0.00,0.00,S,,,USD,CC
70013861,02211,06,4,20251024,121900,000004491002,2,6.99,13.98,6.99,0.44,S,,BG25W38,USD,CC
70013862,02211,01,1,20251024,104803,000000551020,1,13.99,13.99,4.20,0.61,S,,PC25W38,USD,CS
70013862,02211,01,2,20251024,104803,000000093501,1,4.49,4.49,0.00,0.00,S,,,USD,CS
70013862,02211,01,3,20251024,104803,000000030101,1,6.99,6.99,0.00,0.00,S,,,USD,CS
70013862,02211,01,4,20251024,104803,000000094102,1,3.49,3.49,0.00,0.00,S,,,USD,CS
70013862,02211,01,5,20251024,104803,000004481002,2,7.99,15.98,0.00,1.00,S,,,USD,CS
70013863,02211,01,1,20251024,194942,000004481001,1,7.99,7.99,0.00,0.50,S,6065240778,,USD,GC
70013863,02211,01,2,20251024,194942,000000005012,2,3.99,7.98,3.99,0.00,S,6065240778,BG25W38,USD,GC
70013863,02211,01,3,20251024,194942,000004471040,1,2.49,2.49,0.00,0.16,S,6065240778,,USD,GC
70013863,02211,01,4,20251024,194942,000000040202,1,14.99,14.99,0.00,0.00,S,6065240778,,USD,GC
70013864,02305,03,1,20251024,215758,000000094103,1,3.79,3.79,0.00,0.00,S,,,USD,CC
70013865,02305,03,1,20251024,150125,000000005020,1,4.49,4.49,0.00,0.00,S,6084776863,,USD,CS
70013865,02305,03,2,20251024,150125,000000030103,1,8.99,8.99,0.00,0.00,S,6084776863,,USD,CS
70013865,02305,03,3,20251024,150125,000000040201,1,8.99,8.99,0.00,0.00,S,6084776863,,USD,CS
70013865,02305,03,4,20251024,150125,000000020102,1,3.49,3.49,0.00,0.00,S,6084776863,,USD,CS
70013865,02305,03,5,20251024,150125,000000030102,1,14.99,14.99,0.00,0.00,S,6084776863,,USD,CS
70013866,02305,04,1,20251024,123628,000000030101,1,6.99,6.99,0.00,0.00,S,6071494981,,USD,CC
70013866,02305,04,2,20251024,123628,000004482002,1,17.99,17.99,0.00,1.12,S,6071494981,,USD,CC
70013867,02305,01,1,20251024,213945,000004481001,1,7.99,7.99,0.00,0.50,S,,,USD,DB
70013867,02305,01,2,20251024,213945,000004492001,1,1.79,1.79,0.00,0.11,S,,,USD,DB
70013868,02305,05,1,20251024,111958,000000020202,1,5.99,5.99,0.00,0.00,S,,,USD,CS
70013868,02305,05,2,20251024,111958,000000020202,1,5.99,5.99,0.00,0.00,S,,,USD,CS
70013868,02305,05,3,20251024,111958,000004492003,2,2.29,4.58,2.29,0.14,S,,BG25W38,USD,CS
70013868,02305,05,4,20251024,111958,000000094103,1,3.79,3.79,0.00,0.00,S,,,USD,CS
70013869,02305,01,1,20251024,152438,000004492001,1,1.79,1.79,0.00,0.11,S,6045644948,,USD,DB
70013870,02305,05,1,20251024,95450,000004481001,1,7.99,7.99,0.00,0.50,S,,,USD,CS
70013870,02305,05,2,20251024,95450,000000005202,1,5.99,5.99,1.80,0.00,S,,PC25W38,USD,CS
70013870,02305,05,3,20251024,95450,000000093321,1.351,1.49,2.01,0.00,0.00,S,,,USD,CS
70013870,02305,05,4,20251024,95450,000004472003,1,3.29,3.29,0.00,0.21,S,,,USD,CS
70013871,02305,05,1,20251024,110002,000000094103,1,3.79,3.79,0.00,0.00,S,,,USD,CC
70013871,02305,05,2,20251024,110002,000000093401,0.731,5.49,4.01,0.00,0.00,S,,,USD,CC
70013871,02305,05,3,20251024,110002,000000005302,2,3.49,6.98,0.00,0.00,S,,,USD,CC
70013872,02305,04,1,20251024,204635,000000020203,1,6.49,6.49,0.00,0.00,S,,,USD,GC
70013872,02305,04,2,20251024,204635,000004492001,2,1.79,3.58,0.00,0.22,S,,,USD,GC
70013872,02305,04,3,20251024,204635,000004491002,2,6.99,13.98,6.99,0.44,S,,BG25W38,USD,GC
70013872,02305,04,4,20251024,204635,000000093402,0.998,3.29,3.28,0.00,0.00,S,,,USD,GC
70013872,02305,04,5,20251024,204635,000000005202,2,5.99,11.98,3.59,0.00,S,,PC25W38,USD,GC
70013873,02305,01,1,20251024,134033,000000094102,1,3.49,3.49,0.00,0.00,S,,,USD,GC
70013873,02305,01,2,20251024,134033,000004473003,1,3.49,3.49,0.00,0.22,S,,,USD,GC
70013873,02305,01,3,20251024,134033,000004472002,1,4.49,4.49,0.00,0.28,S,,,USD,GC
70013873,02305,01,4,20251024,134033,000004492001,3,1.79,5.37,1.79,0.22,S,,MB25W37,USD,GC
70013874,03050,01,1,20251024,100144,000004481001,1,7.99,7.99,0.00,0.50,S,,,USD,CS
70013874,03050,01,2,20251024,100144,000004491002,2,6.99,13.98,6.99,0.44,S,,BG25W38,USD,CS
70013874,03050,01,3,20251024,100144,000004472003,1,3.29,3.29,0.00,0.21,S,,,USD,CS
70013874,03050,01,4,20251024,100144,000004492003,2,2.29,4.58,2.29,0.14,S,,BG25W38,USD,CS
70013875,03050,05,1,20251024,140623,000000094201,0.520,1.69,0.88,0.00,0.00,S,6088117298,,USD,DB
70013875,03050,05,2,20251024,140623,000000040203,1,11.99,11.99,3.60,0.00,S,6088117298,PC25W38,USD,DB
70013875,03050,05,3,20251024,140623,000000005201,2,3.99,7.98,0.00,0.00,S,6088117298,,USD,DB
70013876,03050,03,1,20251024,84427,000000005103,2,6.99,13.98,4.19,0.00,S,,PC25W38,USD,GC
70013876,03050,03,2,20251024,84427,000000005102,2,5.49,10.98,0.00,0.00,S,,,USD,GC
70013876,03050,03,3,20251024,84427,000004472003,1,3.29,3.29,0.00,0.21,S,,,USD,GC
70013876,03050,03,4,20251024,84427,000004473003,2,3.49,6.98,0.00,0.44,S,,,USD,GC
70013877,03050,01,1,20251024,83025,000004492002,2,1.49,2.98,0.00,0.19,S,,,USD,CC
70013878,03050,03,1,20251024,144912,000000031101,1.891,24.99,47.26,0.00,0.00,S,,,USD,CS
70013878,03050,03,2,20251024,144912,000000094101,1,3.99,3.99,0.00,0.00,S,,,USD,CS
70013879,03050,04,1,20251024,185049,000004483001,1,4.99,4.99,0.00,0.31,S,6005231244,,USD,DB
70013879,03050,04,2,20251024,185049,000004492002,1,1.49,1.49,0.00,0.09,S,6005231244,,USD,DB
70013879,03050,04,3,20251024,185049,000000561002,3,7.49,22.47,0.00,1.40,S,6005231244,,USD,DB
70013879,03050,04,4,20251024,185049,000000005012,2,3.99,7.98,3.99,0.00,S,6005231244,BG25W38,USD,DB
70013879,03050,04,5,20251024,185049,000000561001,1,9.99,9.99,0.00,0.62,S,6005231244,,USD,DB
70013880,03050,04,1,20251024,153507,000000094202,0.602,1.99,1.20,0.00,0.00,S,,,USD,CS
70013880,03050,04,2,20251024,153507,000000551021,1,11.99,11.99,0.00,0.75,S,,,USD,CS
70013881,03050,06,1,20251024,71654,000004483001,1,4.99,4.99,0.00,0.31,S,,,USD,DB
70013881,03050,06,2,20251024,71654,000000020201,1,5.49,5.49,0.00,0.00,S,,,USD,DB
70013881,03050,06,3,20251024,71654,000000005102,1,5.49,5.49,0.00,0.00,S,,,USD,DB
70013882,03050,03,1,20251024,134838,000000005103,1,6.99,6.99,2.10,0.00,S,,PC25W38,USD,DB
70013883,00317,01,1,20251024,141423,000004482001,1,18.99,18.99,0.00,1.19,S,6097852491,,CAD,CS
70013883,00317,01,2,20251024,141423,000000093503,1,5.79,5.79,0.00,0.00,S,6097852491,,CAD,CS
70013883,00317,01,3,20251024,141423,000000040102,1.492,23.09,34.45,0.00,0.00,S,6097852491,,CAD,CS
70013883,00317,01,4,20251024,141423,000004471023,1,4.69,4.69,0.00,0.29,S,6097852491,,CAD,CS
70013883,00317,01,5,20251024,141423,000000094101,1,5.39,5.39,0.00,0.00,S,6097852491,,CAD,CS
70013883,00317,01,6,20251024,141423,000004472050,1,5.39,5.39,0.00,0.34,S,6097852491,,CAD,CS
70013884,00317,01,1,20251024,170420,000004483002,1,4.69,4.69,0.00,0.29,S,,,CAD,GC
70013885,00317,01,1,20251024,71947,000004471040,2,3.39,6.78,0.00,0.42,S,6021962633,,CAD,CC
70013885,00317,01,2,20251024,71947,000004471024,1,4.69,4.69,0.00,0.29,S,6021962633,,CAD,CC
70013885,00317,01,3,20251024,71947,000004483002,3,4.69,14.07,0.00,0.88,S,6021962633,,CAD,CC
70013886,00317,02,1,20251024,211001,000004472001,1,5.39,5.39,0.00,0.34,S,6026042232,,CAD,DB
70013886,00317,02,2,20251024,211001,000000094203,1.059,1.99,2.11,0.00,0.00,S,6026042232,,CAD,DB
70013886,00317,02,3,20251024,211001,000000031101,0.892,33.99,30.32,0.00,0.00,S,6026042232,,CAD,DB
70013886,00317,02,4,20251024,211001,000000093401,0.692,7.49,5.18,0.00,0.00,S,6026042232,,CAD,DB
70013887,00317,02,1,20251024,162340,000000552002,1,5.39,5.39,0.00,0.34,S,6090793884,,CAD,CS
70013887,00317,02,2,20251024,162340,000000094101,1,5.39,5.39,0.00,0.00,S,6090793884,,CAD,CS
70013887,00317,02,3,20251024,162340,000004481001,2,10.89,21.78,0.00,1.36,S,6090793884,,CAD,CS
70013888,00317,05,1,20251024,100737,000004491002,1,9.49,9.49,0.00,0.59,S,,,CAD,CS
70013889,00317,04,1,20251024,170429,000000040101,0.590,25.79,15.22,0.00,0.00,S,,,CAD,CC
70013889,00317,04,2,20251024,170429,000000561002,2,10.19,20.38,0.00,1.27,S,,,CAD,CC
70013889,00317,04,3,20251024,170429,000000020101,1,3.39,3.39,0.00,0.00,S,,,CAD,CC
70013889,00317,04,4,20251024,170429,000004492002,1,1.99,1.99,0.00,0.12,S,,,CAD,CC
70013889,00317,04,5,20251024,170429,000000094301,0.878,5.99,5.26,0.00,0.00,S,,,CAD,CC
70013890,00322,06,1,20251024,74018,000004482003,2,7.49,14.98,0.00,0.94,S,,,CAD,CS
70013890,00322,06,2,20251024,74018,000004492001,1,2.39,2.39,0.00,0.15,S,,,CAD,CS
70013890,00322,06,3,20251024,74018,000000020101,1,3.39,3.39,0.00,0.00,S,,,CAD,CS
70013890,00322,06,4,20251024,74018,000000040203,1,16.29,16.29,4.89,0.00,S,,PC25W38,CAD,CS
70013890,00322,06,5,20251024,74018,000000020203,1,8.79,8.79,0.00,0.00,S,,,CAD,CS
70013891,00322,01,1,20251024,175516,000000040101,1.745,25.79,45.00,0.00,0.00,S,6061844421,,CAD,CC
70013891,00322,01,2,20251024,175516,000004492001,3,2.39,7.17,2.39,0.30,S,6061844421,MB25W37,CAD,CC
70013892,00322,06,1,20251024,122919,000004472050,1,5.39,5.39,0.00,0.34,S,,,CAD,GC
70013892,00322,06,2,20251024,122919,000004472050,3,5.39,16.17,5.39,0.67,S,,MB25W37,CAD,GC
70013893,00322,03,1,20251024,105207,000004481001,3,10.89,32.67,10.89,1.36,S,,MB25W37,CAD,DB
70013893,00322,03,2,20251024,105207,000004483002,1,4.69,4.69,0.00,0.29,S,,,CAD,DB
70013893,00322,03,3,20251024,105207,000000040203,1,16.29,16.29,4.89,0.00,S,,PC25W38,CAD,DB
70013893,00322,03,4,20251024,105207,000000094103,1,5.19,5.19,0.00,0.00,S,,,CAD,DB
70013894,00322,06,1,20251024,204053,000000020102,1,4.69,4.69,0.00,0.00,S,,,CAD,CC
70013895,01042,03,1,20251025,204155,000000093501,1,4.49,4.49,0.00,0.00,S,,,USD,GC
70013895,01042,03,2,20251025,204155,000000094302,1.859,5.49,10.21,0.00,0.00,S,,,USD,GC
70013895,01042,03,3,20251025,204155,000000030201,1,9.99,9.99,0.00,0.00,S,,,USD,GC
70013896,01042,06,1,20251025,162433,000000040202,3,14.99,44.97,0.00,0.00,S,,,USD,DB
70013896,01042,06,2,20251025,162433,000000020101,3,2.49,7.47,0.00,0.00,S,,,USD,DB
70013896,01042,06,3,20251025,162433,000004492001,3,1.79,5.37,1.79,0.22,S,,MB25W37,USD,DB
70013896,01042,06,4,20251025,162433,000000005013,1,3.89,3.89,0.00,0.00,S,,,USD,DB
70013896,01042,06,5,20251025,162433,000004472001,1,3.99,3.99,0.00,0.25,S,,,USD,DB
70013897,01042,04,1,20251025,173802,000000030101,1,6.99,6.99,0.00,0.00,S,,,USD,CS
70013897,01042,04,2,20251025,173802,000004492001,3,1.79,5.37,1.79,0.22,S,,MB25W37,USD,CS
70013897,01042,04,3,20251025,173802,000000030202,1,11.49,11.49,0.00,0.00,S,,,USD,CS
70013898,01042,04,1,20251025,82216,000000093321,0.686,1.49,1.02,0.00,0.00,S,,,USD,GC
70013898,01042,04,2,20251025,82216,000000005102,1,5.49,5.49,0.00,0.00,S,,,USD,GC
70013898,01042,04,3,20251025,82216,000000020102,1,3.49,3.49,0.00,0.00,S,,,USD,GC
70013898,01042,04,4,20251025,82216,000000094301,0.400,4.39,1.76,0.00,0.00,S,,,USD,GC
70013899,01042,03,1,20251025,185238,000000094101,1,3.99,3.99,0.00,0.00,S,,,USD,DB
70013899,01042,03,2,20251025,185238,000000030202,1,11.49,11.49,0.00,0.00,S,,,USD,DB
70013899,01042,03,3,20251025,185238,000000093325,1.918,3.99,7.65,0.00,0.00,S,,,USD,DB
70013900,01042,05,1,20251025,205640,000004481001,3,7.99,23.97,7.99,1.00,S,6015402119,MB25W37,USD,CC
70013900,01042,05,2,20251025,205640,000000094102,1,3.49,3.49,0.00,0.00,S,6015402119,,USD,CC
70013900,01042,05,3,20251025,205640,000000094203,1.967,1.49,2.93,0.00,0.00,S,6015402119,,USD,CC
70013900,01042,05,4,20251025,205640,000000552001,3,4.49,13.47,0.00,0.84,S,6015402119,,USD,CC
70013900,01042,05,5,20251025,205640,000000040101,0.939,18.99,17.83,0.00,0.00,S,6015402119,,USD,CC
70013900,01042,05,6,20251025,205640,000000093402,1.684,3.29,5.54,0.00,0.00,S,6015402119,,USD,CC
70013901,01042,02,1,20251025,114651,000000040203,1,11.99,11.99,3.60,0.00,S,6045273466,PC25W38,USD,CC
70013901,01042,02,2,20251025,114651,000004471024,1,3.49,3.49,0.00,0.22,S,6045273466,,USD,CC
70013901,01042,02,3,20251025,114651,000004483001,3,4.99,14.97,0.00,0.94,S,6045273466,,USD,CC
70013901,01042,02,4,20251025,114651,000000005020,2,4.49,8.98,0.00,0.00,S,6045273466,,USD,CC
70013901,01042,02,5,20251025,114651,000000005013,3,3.89,11.67,0.00,0.00,S,6045273466,,USD,CC
70013901,01042,02,6,20251025,114651,000004482001,3,13.99,41.97,13.99,1.75,S,6045273466,MB25W37,USD,CC
70013902,01042,03,1,20251025,201159,000004482001,1,13.99,13.99,0.00,0.87,S,,,USD,GC
70013902,01042,03,2,20251025,201159,000000020202,1,5.99,5.99,0.00,0.00,S,,,USD,GC
70013902,01042,03,3,20251025,201159,000004492002,1,1.49,1.49,0.00,0.09,S,,,USD,GC
70013903,01107,02,1,20251025,175756,000004482001,1,13.99,13.99,0.00,0.87,S,,,USD,CC
70013904,01107,05,1,20251025,95617,000000040102,1.708,16.99,29.02,0.00,0.00,S,6097002687,,USD,DB
70013905,01107,05,1,20251025,163949,000000093502,1,3.99,3.99,0.00,0.00,S,,,USD,DB
70013905,01107,05,2,20251025,163949,000000562001,1,10.99,10.99,0.00,0.69,S,,,USD,DB
70013905,01107,05,3,20251025,163949,000004471024,2,3.49,6.98,0.00,0.44,S,,,USD,DB
70013905,01107,05,4,20251025,163949,000000020203,1,6.49,6.49,0.00,0.00,S,,,USD,DB
70013906,01107,02,1,20251025,132707,000004481001,1,7.99,7.99,0.00,0.50,S,,,USD,CS
70013906,01107,02,2,20251025,132707,000004491002,2,6.99,13.98,6.99,0.44,S,,BG25W38,USD,CS
70013907,02210,05,1,20251025,131300,000004481003,2,4.99,9.98,0.00,0.62,S,6090947985,,USD,GC
70013908,02210,06,1,20251025,93645,000004473002,1,2.79,2.79,0.00,0.17,S,6049851724,,USD,DB
70013908,02210,06,2,20251025,93645,000000093322,0.688,1.99,1.37,0.00,0.00,S,6049851724,,USD,DB
70013908,02210,06,3,20251025,93645,000000561001,1,9.99,9.99,0.00,0.62,S,6049851724,,USD,DB
70013909,02210,02,1,20251025,125845,000004481003,1,4.99,4.99,0.00,0.31,S,,,USD,CC
70013909,02210,02,2,20251025,125845,000000551021,1,11.99,11.99,0.00,0.75,S,,,USD,CC
70013910,02210,04,1,20251025,162154,000000093322,0.762,1.99,1.52,0.00,0.00,S,6030120471,,USD,CC
70013910,02210,04,2,20251025,162154,000004483002,2,3.49,6.98,0.00,0.44,S,6030120471,,USD,CC
70013910,02210,04,3,20251025,162154,000000094201,1.316,1.69,2.22,0.00,0.00,S,6030120471,,USD,CC
70013911,02210,06,1,20251025,71943,000000005301,2,5.49,10.98,0.00,0.00,S,,,USD,CC
70013911,02210,06,2,20251025,71943,000000005102,2,5.49,10.98,0.00,0.00,S,,,USD,CC
70013912,02210,06,1,20251025,185219,000000094103,1,3.79,3.79,0.00,0.00,S,,,USD,CC
70013913,02210,03,1,20251025,214846,000000562002,2,8.49,16.98,0.00,1.06,S,,,USD,CC
70013913,02210,03,2,20251025,214846,000000030101,1,6.99,6.99,0.00,0.00,S,,,USD,CC
70013914,02211,01,1,20251025,215927,000004492001,3,1.79,5.37,1.79,0.22,S,6074902504,MB25W37,USD,DB
70013914,02211,01,2,20251025,215927,000004472001,1,3.99,3.99,0.00,0.25,S,6074902504,,USD,DB
70013914,02211,01,3,20251025,215927,000000020202,1,5.99,5.99,0.00,0.00,S,6074902504,,USD,DB
70013915,02211,03,1,20251025,102746,000000551021,3,11.99,35.97,11.99,1.50,S,6015848266,MB25W37,USD,CC
70013915,02211,03,2,20251025,102746,000000551021,3,11.99,35.97,11.99,1.50,S,6015848266,MB25W37,USD,CC
70013915,02211,03,3,20251025,102746,000004482003,2,5.49,10.98,0.00,0.69,S,6015848266,,USD,CC
70013916,02211,05,1,20251025,214427,000000005103,1,6.99,6.99,2.10,0.00,S,,PC25W38,USD,DB
70013916,02211,05,2,20251025,214427,000004471040,1,2.49,2.49,0.00,0.16,S,,,USD,DB
70013917,02211,04,1,20251025,215454,000000040202,1,14.99,14.99,0.00,0.00,S,6062536667,,USD,DB
70013918,02211,01,1,20251025,112827,000004492003,2,2.29,4.58,2.29,0.14,S,6027036924,BG25W38,USD,CS
70013918,02211,01,2,20251025,112827,000000093321,1.753,1.49,2.61,0.00,0.00,S,6027036924,,USD,CS
70013918,02211,01,3,20251025,112827,000004473002,1,2.79,2.79,0.00,0.17,S,6027036924,,USD,CS
70013918,02211,01,4,20251025,112827,000004473002,1,2.79,2.79,0.00,0.17,S,6027036924,,USD,CS
70013918,02211,01,5,20251025,112827,000004472002,1,4.49,4.49,0.00,0.28,S,6027036924,,USD,CS
70013918,02211,01,6,20251025,112827,000000020101,2,2.49,4.98,0.00,0.00,S,6027036924,,USD,CS
70013919,02211,06,1,20251025,135028,000004482001,3,13.99,41.97,13.99,1.75,S,,MB25W37,USD,CC
70013920,02211,06,1,20251025,145012,000000094201,1.336,1.69,2.26,0.00,0.00,S,6014604014,,USD,CC
70013920,02211,06,2,20251025,145012,000004483002,1,3.49,3.49,0.00,0.22,S,6014604014,,USD,CC
70013920,02211,06,3,20251025,145012,000004483002,1,3.49,3.49,0.00,0.22,S,6014604014,,USD,CC
70013921,02305,06,1,20251025,100647,000004481001,3,7.99,23.97,7.99,1.00,S,6071136337,MB25W37,USD,CS
70013921,02305,06,2,20251025,100647,000004492001,1,1.79,1.79,0.00,0.11,S,6071136337,,USD,CS
70013921,02305,06,3,20251025,100647,000004483002,1,3.49,3.49,0.00,0.22,S,6071136337,,USD,CS
70013921,02305,06,4,20251025,100647,000000094201,1.319,1.69,2.23,0.00,0.00,S,6071136337,,USD,CS
70013922,02305,05,1,20251025,194023,000004492003,1,2.29,2.29,0.00,0.14,S,6064520599,,USD,CS
70013922,02305,05,2,20251025,194023,000000551021,1,11.99,11.99,0.00,0.75,S,6064520599,,USD,CS
70013922,02305,05,3,20251025,194023,000000093503,1,4.29,4.29,0.00,0.00,S,6064520599,,USD,CS
70013922,02305,05,4,20251025,194023,000004483002,1,3.49,3.49,0.00,0.22,S,6064520599,,USD,CS
70013922,02305,05,5,20251025,194023,000004491001,1,2.49,2.49,0.00,0.16,S,6064520599,,USD,CS
70013923,02305,01,1,20251025,215838,000000030201,1,9.99,9.99,0.00,0.00,S,,,USD,CC
70013923,02305,01,2,20251025,215838,000000020203,1,6.49,6.49,0.00,0.00,S,,,USD,CC
70013923,02305,01,3,20251025,215838,000000040202,1,14.99,14.99,0.00,0.00,S,,,USD,CC
70013923,02305,01,4,20251025,215838,000000020103,2,4.99,9.98,0.00,0.00,S,,,USD,CC
70013924,02305,01,1,20251025,211145,000000005103,1,6.99,6.99,2.10,0.00,S,,PC25W38,USD,CS
70013924,02305,01,2,20251025,211145,000000030101,1,6.99,6.99,0.00,0.00,S,,,USD,CS
70013924,02305,01,3,20251025,211145,000000005202,1,5.99,5.99,1.80,0.00,S,,PC25W38,USD,CS
70013925,02305,01,1,20251025,80619,000000020102,1,3.49,3.49,0.00,0.00,S,6049409762,,USD,CS
70013925,02305,01,2,20251025,80619,000004482001,1,13.99,13.99,0.00,0.87,S,6049409762,,USD,CS
70013925,02305,01,3,20251025,80619,000000005013,1,3.89,3.89,0.00,0.00,S,6049409762,,USD,CS
70013925,02305,01,4,20251025,80619,000000005102,1,5.49,5.49,0.00,0.00,S,6049409762,,USD,CS
70013925,02305,01,5,20251025,80619,000000094103,1,3.79,3.79,0.00,0.00,S,6049409762,,USD,CS
70013925,02305,01,6,20251025,80619,000000551021,1,11.99,11.99,0.00,0.75,S,6049409762,,USD,CS
70013926,02305,05,1,20251025,191318,000000551021,3,11.99,35.97,11.99,1.50,S,6046245618,MB25W37,USD,GC
70013926,02305,05,2,20251025,191318,000004471040,1,2.49,2.49,0.00,0.16,S,6046245618,,USD,GC
70013927,02305,01,1,20251025,112855,000000020201,1,5.49,5.49,0.00,0.00,S,6019237858,,USD,CS
70013927,02305,01,2,20251025,112855,000004492001,3,1.79,5.37,1.79,0.22,S,6019237858,MB25W37,USD,CS
70013927,02305,01,3,20251025,112855,000004481003,1,4.99,4.99,0.00,0.31,S,6019237858,,USD,CS
70013927,02305,01,4,20251025,112855,000004492001,1,1.79,1.79,0.00,0.11,S,6019237858,,USD,CS
70013927,02305,01,5,20251025,112855,000000031101,1.983,24.99,49.56,0.00,0.00,S,6019237858,,USD,CS
70013928,02305,06,1,20251025,183140,000000005202,1,5.99,5.99,1.80,0.00,S,,PC25W38,USD,CC
70013928,02305,06,2,20251025,183140,000000562001,1,10.99,10.99,0.00,0.69,S,,,USD,CC
70013929,02305,05,1,20251025,92303,000004481001,1,7.99,7.99,0.00,0.50,S,,,USD,DB
70013929,02305,05,2,20251025,92303,000000040101,0.463,18.99,8.79,0.00,0.00,S,,,USD,DB
70013929,02305,05,3,20251025,92303,000004492001,3,1.79,5.37,1.79,0.22,S,,MB25W37,USD,DB
70013930,02305,03,1,20251025,194551,000004493001,3,5.49,16.47,0.00,1.03,S,6093126978,,USD,DB
70013930,02305,03,2,20251025,194551,000000020203,1,6.49,6.49,0.00,0.00,S,6093126978,,USD,DB
70013931,02305,03,1,20251025,90200,000000094201,1.068,1.69,1.80,0.00,0.00,S,,,USD,DB
70013931,02305,03,2,20251025,90200,000000005012,2,3.99,7.98,3.99,0.00,S,,BG25W38,USD,DB
70013931,02305,03,3,20251025,90200,000000005103,1,6.99,6.99,2.10,0.00,S,,PC25W38,USD,DB
70013932,02305,06,1,20251025,122749,000000005102,1,5.49,5.49,0.00,0.00,S,6059779452,,USD,DB
70013932,02305,06,2,20251025,122749,000000093402,1.426,3.29,4.69,0.00,0.00,S,6059779452,,USD,DB
70013933,02305,05,1,20251025,112252,000000093410,0.659,3.99,2.63,0.00,0.00,S,6069556076,,USD,CC
70013933,02305,05,2,20251025,112252,000000094302,1.134,5.49,6.23,0.00,0.00,S,6069556076,,USD,CC
70013933,02305,05,3,20251025,112252,000004481003,2,4.99,9.98,0.00,0.62,S,6069556076,,USD,CC
70013934,02305,06,1,20251025,91854,000000030201,1,9.99,9.99,0.00,0.00,S,,,USD,GC
70013934,02305,06,2,20251025,91854,000000020202,1,5.99,5.99,0.00,0.00,S,,,USD,GC
70013935,02305,02,1,20251025,215036,000000005202,1,5.99,5.99,1.80,0.00,S,,PC25W38,USD,CC
70013935,02305,02,2,20251025,215036,000004473002,1,2.79,2.79,0.00,0.17,S,,,USD,CC
70013936,02305,01,1,20251025,74615,000000005101,1,7.99,7.99,0.00,0.00,S,,,USD,CC
70013936,02305,01,2,20251025,74615,000004481002,1,7.99,7.99,0.00,0.50,S,,,USD,CC
70013936,02305,01,3,20251025,74615,000000093321,0.537,1.49,0.80,0.00,0.00,S,,,USD,CC
70013937,02305,01,1,20251025,120454,000004493001,1,5.49,5.49,0.00,0.34,S,,,USD,GC
70013937,02305,01,2,20251025,120454,000000093402,1.274,3.29,4.19,0.00,0.00,S,,,USD,GC
70013937,02305,01,3,20251025,120454,000000040102,0.596,16.99,10.13,0.00,0.00,S,,,USD,GC
70013937,02305,01,4,20251025,120454,000004481002,1,7.99,7.99,0.00,0.50,S,,,USD,GC
70013937,02305,01,5,20251025,120454,000004482001,1,13.99,13.99,0.00,0.87,S,,,USD,GC
70013938,03050,03,1,20251025,94420,000000040203,2,11.99,23.98,7.19,0.00,S,,PC25W38,USD,DB
70013938,03050,03,2,20251025,94420,000004492003,1,2.29,2.29,0.00,0.14,S,,,USD,DB
70013939,03050,06,1,20251025,74031,000004481001,1,7.99,7.99,0.00,0.50,S,6036374545,,USD,DB
70013939,03050,06,2,20251025,74031,000000551020,1,13.99,13.99,4.20,0.61,S,6036374545,PC25W38,USD,DB
70013939,03050,06,3,20251025,74031,000000005101,1,7.99,7.99,0.00,0.00,S,6036374545,,USD,DB
70013939,03050,06,4,20251025,74031,000000552001,1,4.49,4.49,0.00,0.28,S,6036374545,,USD,DB
70013940,03050,05,1,20251025,81451,000004491002,1,6.99,6.99,0.00,0.44,S,6045644948,,USD,CS
70013940,03050,05,2,20251025,81451,000000093321,1.323,1.49,1.97,0.00,0.00,S,6045644948,,USD,CS
70013940,03050,05,3,20251025,81451,000000005202,1,5.99,5.99,1.80,0.00,S,6045644948,PC25W38,USD,CS
70013940,03050,05,4,20251025,81451,000004472002,1,4.49,4.49,0.00,0.28,S,6045644948,,USD,CS
70013940,03050,05,5,20251025,81451,000000005301,1,5.49,5.49,0.00,0.00,S,6045644948,,USD,CS
70013940,03050,05,6,20251025,81451,000000020202,1,5.99,5.99,0.00,0.00,S,6045644948,,USD,CS
70013941,03050,03,1,20251025,120435,000000093321,1.220,1.49,1.82,0.00,0.00,S,,,USD,GC
70013942,03050,05,1,20251025,82644,000004472002,1,4.49,4.49,0.00,0.28,S,6056341085,,USD,GC
70013942,03050,05,2,20251025,82644,000000005202,1,5.99,5.99,1.80,0.00,S,6056341085,PC25W38,USD,GC
70013943,03050,06,1,20251025,144849,000000040203,1,11.99,11.99,3.60,0.00,S,6073820236,PC25W38,USD,DB
70013943,03050,06,2,20251025,144849,000004482003,2,5.49,10.98,0.00,0.69,S,6073820236,,USD,DB
70013943,03050,06,3,20251025,144849,000004482001,1,13.99,13.99,0.00,0.87,S,6073820236,,USD,DB
70013944,03050,03,1,20251025,104327,000000030201,1,9.99,9.99,0.00,0.00,S,6033721885,,USD,GC
70013944,03050,03,2,20251025,104327,000000005103,1,6.99,6.99,2.10,0.00,S,6033721885,PC25W38,USD,GC
70013944,03050,03,3,20251025,104327,000004481002,1,7.99,7.99,0.00,0.50,S,6033721885,,USD,GC
70013944,03050,03,4,20251025,104327,000000093501,1,4.49,4.49,0.00,0.00,S,6033721885,,USD,GC
70013944,03050,03,5,20251025,104327,000004473001,1,2.99,2.99,0.00,0.19,S,6033721885,,USD,GC
70013945,03050,02,1,20251025,211002,000004492001,1,1.79,1.79,0.00,0.11,S,6092766372,,USD,CS
70013945,03050,02,2,20251025,211002,000004491003,1,1.99,1.99,0.00,0.12,S,6092766372,,USD,CS
70013945,03050,02,3,20251025,211002,000000094302,2.117,5.49,11.62,0.00,0.00,S,6092766372,,USD,CS
70013946,03050,06,1,20251025,100343,000000030102,1,14.99,14.99,0.00,0.00,S,6032239982,,USD,DB
70013946,03050,06,2,20251025,100343,000000094101,3,3.99,11.97,0.00,0.00,S,6032239982,,USD,DB
70013946,03050,06,3,20251025,100343,000000030203,1,8.49,8.49,0.00,0.00,S,6032239982,,USD,DB
70013946,03050,06,4,20251025,100343,000004473002,1,2.79,2.79,0.00,0.17,S,6032239982,,USD,DB
70013946,03050,06,5,20251025,100343,000000094203,1.028,1.49,1.53,0.00,0.00,S,6032239982,,USD,DB
70013947,03050,04,1,20251025,75806,000000094201,0.926,1.69,1.56,0.00,0.00,S,6061203471,,USD,CC
70013947,03050,04,2,20251025,75806,000000093410,0.481,3.99,1.92,0.00,0.00,S,6061203471,,USD,CC
70013947,03050,04,3,20251025,75806,000000030102,1,14.99,14.99,0.00,0.00,S,6061203471,,USD,CC
70013947,03050,04,4,20251025,75806,000000094201,1.450,1.69,2.45,0.00,0.00,S,6061203471,,USD,CC
70013948,03050,01,1,20251025,153749,000000020201,1,5.49,5.49,0.00,0.00,S,,,USD,CC
70013948,03050,01,2,20251025,153749,000000005012,2,3.99,7.98,3.99,0.00,S,,BG25W38,USD,CC
70013948,03050,01,3,20251025,153749,000000093322,0.429,1.99,0.85,0.00,0.00,S,,,USD,CC
70013948,03050,01,4,20251025,153749,000004492001,1,1.79,1.79,0.00,0.11,S,,,USD,CC
70013948,03050,01,5,20251025,153749,000000562002,1,8.49,8.49,0.00,0.53,S,,,USD,CC
70013948,03050,01,6,20251025,153749,000000093502,2,3.99,7.98,0.00,0.00,S,,,USD,CC
70013949,00317,05,1,20251025,162654,000004472001,1,5.39,5.39,0.00,0.34,S,,,CAD,CS
70013949,00317,05,2,20251025,162654,000004491002,2,9.49,18.98,9.49,0.59,S,,BG25W38,CAD,CS
70013949,00317,05,3,20251025,162654,000004481003,2,6.79,13.58,0.00,0.85,S,,,CAD,CS
70013950,00317,03,1,20251025,193407,000000040203,1,16.29,16.29,4.89,0.00,S,,PC25W38,CAD,CS
70013950,00317,03,2,20251025,193407,000000005103,2,9.49,18.98,5.69,0.00,S,,PC25W38,CAD,CS
70013950,00317,03,3,20251025,193407,000000030102,2,20.39,40.78,0.00,0.00,S,,,CAD,CS
70013951,00317,01,1,20251025,144216,000000030203,1,11.49,11.49,0.00,0.00,S,,,CAD,CS
70013951,00317,01,2,20251025,144216,000000005012,2,5.39,10.78,5.39,0.00,S,,BG25W38,CAD,CS
70013951,00317,01,3,20251025,144216,000004492001,3,2.39,7.17,2.39,0.30,S,,MB25W37,CAD,CS
70013951,00317,01,4,20251025,144216,000000030203,1,11.49,11.49,0.00,0.00,S,,,CAD,CS
70013952,00317,05,1,20251025,121220,000000005103,2,9.49,18.98,5.69,0.00,S,,PC25W38,CAD,DB
70013953,00317,06,1,20251025,164033,000004472001,1,5.39,5.39,0.00,0.34,S,6000307562,,CAD,DB
70013954,00317,05,1,20251025,141300,000000030202,1,15.59,15.59,0.00,0.00,S,6030806958,,CAD,DB
70013954,00317,05,2,20251025,141300,000004493002,1,5.39,5.39,0.00,0.34,S,6030806958,,CAD,DB
70013954,00317,05,3,20251025,141300,000000005201,1,5.39,5.39,0.00,0.00,S,6030806958,,CAD,DB
70013955,00317,04,1,20251025,150108,000000040202,1,20.39,20.39,0.00,0.00,S,6082043397,,CAD,CS
70013955,00317,04,2,20251025,150108,000000005013,1,5.29,5.29,0.00,0.00,S,6082043397,,CAD,CS
70013955,00317,04,3,20251025,150108,000000094102,1,4.69,4.69,0.00,0.00,S,6082043397,,CAD,CS
70013956,00317,01,1,20251025,175419,000000094103,1,5.19,5.19,0.00,0.00,S,6054940128,,CAD,DB
70013956,00317,01,2,20251025,175419,000000030203,1,11.49,11.49,0.00,0.00,S,6054940128,,CAD,DB
70013956,00317,01,3,20251025,175419,000000040101,0.371,25.79,9.57,0.00,0.00,S,6054940128,,CAD,DB
70013957,00317,06,1,20251025,215505,000000020202,1,8.09,8.09,0.00,0.00,S,,,CAD,DB
70013957,00317,06,2,20251025,215505,000000552001,1,6.09,6.09,0.00,0.38,S,,,CAD,DB
70013957,00317,06,3,20251025,215505,000004492050,1,2.99,2.99,0.00,0.19,S,,,CAD,DB
70013957,00317,06,4,20251025,215505,000000030103,1,12.19,12.19,0.00,0.00,S,,,CAD,DB
70013958,00317,04,1,20251025,170736,000000093325,1.362,5.39,7.34,0.00,0.00,S,,,CAD,CC
70013958,00317,04,2,20251025,170736,000000020103,1,6.79,6.79,0.00,0.00,S,,,CAD,CC
70013959,00317,05,1,20251025,114408,000000093321,0.617,1.99,1.23,0.00,0.00,S,6096932591,,CAD,CC
70013959,00317,05,2,20251025,114408,000000005202,1,8.09,8.09,2.43,0.00,S,6096932591,PC25W38,CAD,CC
70013959,00317,05,3,20251025,114408,000004491002,1,9.49,9.49,0.00,0.59,S,6096932591,,CAD,CC
70013959,00317,05,4,20251025,114408,000000561001,1,13.59,13.59,0.00,0.85,S,6096932591,,CAD,CC
70013960,00317,01,1,20251025,125239,000000005202,1,8.09,8.09,2.43,0.00,S,,PC25W38,CAD,CC
70013960,00317,01,2,20251025,125239,000000005012,2,5.39,10.78,5.39,0.00,S,,BG25W38,CAD,CC
70013960,00317,01,3,20251025,125239,000004471030,1,5.39,5.39,0.00,0.34,S,,,CAD,CC
70013961,00317,03,1,20251025,75226,000000094301,0.848,5.99,5.08,0.00,0.00,S,6093289634,,CAD,GC
70013962,00317,01,1,20251025,201418,000000093402,1.597,4.49,7.17,0.00,0.00,S,6063731495,,CAD,CS
70013962,00317,01,2,20251025,201418,000004473002,2,3.79,7.58,0.00,0.47,S,6063731495,,CAD,CS
70013962,00317,01,3,20251025,201418,000000020101,2,3.39,6.78,0.00,0.00,S,6063731495,,CAD,CS
70013963,00317,06,1,20251025,145315,000000005102,1,7.49,7.49,0.00,0.00,S,,,CAD,DB
70013963,00317,06,2,20251025,145315,000004491002,1,9.49,9.49,0.00,0.59,S,,,CAD,DB
70013963,00317,06,3,20251025,145315,000004481001,1,10.89,10.89,0.00,0.68,S,,,CAD,DB
70013963,00317,06,4,20251025,145315,000000040203,1,16.29,16.29,4.89,0.00,S,,PC25W38,CAD,DB
70013963,00317,06,5,20251025,145315,000000005301,1,7.49,7.49,0.00,0.00,S,,,CAD,DB
70013964,00317,05,1,20251025,102217,000000551020,1,18.99,18.99,5.70,0.83,S,,PC25W38,CAD,CS
70013964,00317,05,2,20251025,102217,000000005202,1,8.09,8.09,2.43,0.00,S,,PC25W38,CAD,CS
70013964,00317,05,3,20251025,102217,000004493001,1,7.49,7.49,0.00,0.47,S,,,CAD,CS
70013964,00317,05,4,20251025,102217,000000005302,1,4.69,4.69,0.00,0.00,S,,,CAD,CS
70013965,00317,02,1,20251025,125646,000000030103,1,12.19,12.19,0.00,0.00,S,,,CAD,CS
70013965,00317,02,2,20251025,125646,000004492003,2,3.09,6.18,3.09,0.19,S,,BG25W38,CAD,CS
70013966,00317,04,1,20251025,170305,000000005012,1,5.39,5.39,0.00,0.00,S,,,CAD,GC
70013966,00317,04,2,20251025,170305,000004482001,3,18.99,56.97,18.99,2.37,S,,MB25W37,CAD,GC
70013966,00317,04,3,20251025,170305,000000552001,1,6.09,6.09,0.00,0.38,S,,,CAD,GC
70013966,00317,04,4,20251025,170305,000000093322,1.180,2.69,3.17,0.00,0.00,S,,,CAD,GC
70013966,00317,04,5,20251025,170305,000000005103,1,9.49,9.49,2.85,0.00,S,,PC25W38,CAD,GC
70013967,00322,05,1,20251025,145938,000004492003,2,3.09,6.18,3.09,0.19,S,,BG25W38,CAD,GC
70013967,00322,05,2,20251025,145938,000000020103,1,6.79,6.79,0.00,0.00,S,,,CAD,GC
70013968,00322,02,1,20251025,130918,000004492050,1,2.99,2.99,0.00,0.19,S,,,CAD,DB
70013968,00322,02,2,20251025,130918,000000040101,1.203,25.79,31.03,0.00,0.00,S,,,CAD,DB
70013969,00322,06,1,20251025,195455,000000020101,1,3.39,3.39,0.00,0.00,S,,,CAD,DB
70013970,00322,02,1,20251025,184435,000004472002,1,6.09,6.09,0.00,0.38,S,,,CAD,GC
70013971,00322,04,1,20251025,163221,000000020102,3,4.69,14.07,0.00,0.00,S,,,CAD,DB
70013971,00322,04,2,20251025,163221,000004471040,1,3.39,3.39,0.00,0.21,S,,,CAD,DB
70013972,00322,04,1,20251025,123713,000000005301,1,7.49,7.49,0.00,0.00,S,,,CAD,DB
70013972,00322,04,2,20251025,123713,000004483001,1,6.79,6.79,0.00,0.42,S,,,CAD,DB
70013972,00322,04,3,20251025,123713,000004471040,2,3.39,6.78,0.00,0.42,S,,,CAD,DB
70013973,01042,02,1,20251026,74036,000004481003,1,4.99,4.99,0.00,0.31,S,6061968931,,USD,DB
70013974,01042,05,1,20251026,214857,000000020101,1,2.49,2.49,0.00,0.00,S,,,USD,DB
70013974,01042,05,2,20251026,214857,000000005020,3,4.49,13.47,0.00,0.00,S,,,USD,DB
70013974,01042,05,3,20251026,214857,000004492002,1,1.49,1.49,0.00,0.09,S,,,USD,DB
70013974,01042,05,4,20251026,214857,000000094302,1.866,5.49,10.24,0.00,0.00,S,,,USD,DB
70013975,01042,06,1,20251026,133615,000000030203,1,8.49,8.49,0.00,0.00,S,6035134261,,USD,CC
70013975,01042,06,2,20251026,133615,000000031102,1.682,19.99,33.62,0.00,0.00,S,6035134261,,USD,CC
70013976,01042,03,1,20251026,121044,000000031102,0.330,19.99,6.60,0.00,0.00,S,,,USD,CC
70013976,01042,03,2,20251026,121044,000004491001,1,2.49,2.49,0.00,0.16,S,,,USD,CC
70013976,01042,03,3,20251026,121044,000000005013,2,3.89,7.78,0.00,0.00,S,,,USD,CC
70013976,01042,03,4,20251026,121044,000000020202,1,5.99,5.99,0.00,0.00,S,,,USD,CC
70013977,01042,06,1,20251026,162024,000004473002,2,2.79,5.58,2.79,0.17,S,6010804661,BG25W39,USD,CC
70013977,01042,06,2,20251026,162024,000000005012,1,3.99,3.99,0.00,0.00,S,6010804661,,USD,CC
70013978,01107,06,1,20251026,135745,000000562001,1,10.99,10.99,0.00,0.69,S,,,USD,DB
70013978,01107,06,2,20251026,135745,000000020103,1,4.99,4.99,0.00,0.00,S,,,USD,DB
70013978,01107,06,3,20251026,135745,000000020102,1,3.49,3.49,0.00,0.00,S,,,USD,DB
70013978,01107,06,4,20251026,135745,000000005013,1,3.89,3.89,0.00,0.00,S,,,USD,DB
70013978,01107,06,5,20251026,135745,000000561001,2,9.99,19.98,0.00,1.25,S,,,USD,DB
70013979,01107,05,1,20251026,182600,000000040101,1.672,18.99,31.75,0.00,0.00,S,,,USD,CC
70013979,01107,05,2,20251026,182600,000000093503,1,4.29,4.29,0.00,0.00,S,,,USD,CC
70013979,01107,05,3,20251026,182600,000000005020,1,4.49,4.49,0.00,0.00,S,,,USD,CC
70013979,01107,05,4,20251026,182600,000000005202,1,5.99,5.99,0.00,0.00,S,,,USD,CC
70013980,01107,04,1,20251026,121042,000000093410,2.116,3.99,8.44,0.00,0.00,S,6012478261,,USD,DB
70013980,01107,04,2,20251026,121042,000004472002,1,4.49,4.49,1.12,0.21,S,6012478261,PC25W39,USD,DB
70013980,01107,04,3,20251026,121042,000000005302,1,3.49,3.49,0.00,0.00,S,6012478261,,USD,DB
70013981,01107,03,1,20251026,122206,000004473002,1,2.79,2.79,0.00,0.17,S,,,USD,DB
70013982,02210,03,1,20251026,152652,000004493002,2,3.99,7.98,0.00,0.50,S,,,USD,CS
70013982,02210,03,2,20251026,152652,000004471023,1,3.49,3.49,0.00,0.22,S,,,USD,CS
70013982,02210,03,3,20251026,152652,000004471024,3,3.49,10.47,0.00,0.65,S,,,USD,CS
70013983,02210,02,1,20251026,114958,000000020102,3,3.49,10.47,0.00,0.00,S,,,USD,CC
70013983,02210,02,2,20251026,114958,000000552002,2,3.99,7.98,0.00,0.50,S,,,USD,CC
70013983,02210,02,3,20251026,114958,000000552002,1,3.99,3.99,0.00,0.25,S,,,USD,CC
70013984,02210,05,1,20251026,203943,000000020203,1,6.49,6.49,0.00,0.00,S,,,USD,CS
70013984,02210,05,2,20251026,203943,000000093325,1.823,3.99,7.27,1.82,0.00,S,,PC25W39,USD,CS
70013985,02210,03,1,20251026,165945,000000094202,2.088,1.99,4.16,0.00,0.00,S,,,USD,CC
70013985,02210,03,2,20251026,165945,000004483001,1,4.99,4.99,0.00,0.31,S,,,USD,CC
70013985,02210,03,3,20251026,165945,000004492002,1,1.49,1.49,0.00,0.09,S,,,USD,CC
70013985,02210,03,4,20251026,165945,000000005013,2,3.89,7.78,0.00,0.00,S,,,USD,CC
70013986,02210,04,1,20251026,121521,000004482001,2,13.99,27.98,0.00,1.75,S,,,USD,GC
70013986,02210,04,2,20251026,121521,000000094202,0.798,1.99,1.59,0.00,0.00,S,,,USD,GC
70013986,02210,04,3,20251026,121521,000000040201,1,8.99,8.99,0.00,0.00,S,,,USD,GC
70013986,02210,04,4,20251026,121521,000000093325,1.294,3.99,5.16,1.29,0.00,S,,PC25W39,USD,GC
70013986,02210,04,5,20251026,121521,000000005301,1,5.49,5.49,0.00,0.00,S,,,USD,GC
70013987,02210,04,1,20251026,164807,000000005013,1,3.89,3.89,0.00,0.00,S,6051364424,,USD,GC
70013987,02210,04,2,20251026,164807,000000094302,0.889,5.49,4.88,0.00,0.00,S,6051364424,,USD,GC
70013988,02210,04,1,20251026,90809,000004473002,2,2.79,5.58,2.79,0.17,S,,BG25W39,USD,CS
70013988,02210,04,2,20251026,90809,000000040202,1,14.99,14.99,0.00,0.00,S,,,USD,CS
70013989,02210,01,1,20251026,71139,000000094202,1.459,1.99,2.90,0.00,0.00,S,6064970169,,USD,DB
70013989,02210,01,2,20251026,71139,000000094202,2.054,1.99,4.09,0.00,0.00,S,6064970169,,USD,DB
70013990,02210,05,1,20251026,161133,000004492002,1,1.49,1.49,0.00,0.09,S,,,USD,DB
70013990,02210,05,2,20251026,161133,000000005201,2,3.99,7.98,0.00,0.00,S,,,USD,DB
70013990,02210,05,3,20251026,161133,000000020103,1,4.99,4.99,0.00,0.00,S,,,USD,DB
70013990,02210,05,4,20251026,161133,000004472002,1,4.49,4.49,1.12,0.21,S,,PC25W39,USD,DB
70013991,02210,05,1,20251026,150207,000000005101,1,7.99,7.99,0.00,0.00,S,6083325848,,USD,DB
70013991,02210,05,2,20251026,150207,000000551020,1,13.99,13.99,0.00,0.87,S,6083325848,,USD,DB
70013991,02210,05,3,20251026,150207,000004492002,1,1.49,1.49,0.00,0.09,S,6083325848,,USD,DB
70013991,02210,05,4,20251026,150207,000000093322,0.906,1.99,1.80,0.00,0.00,S,6083325848,,USD,DB
70013992,02210,01,1,20251026,193651,000004483002,1,3.49,3.49,0.00,0.22,S,,,USD,GC
70013992,02210,01,2,20251026,193651,000000020101,2,2.49,4.98,0.00,0.00,S,,,USD,GC
70013992,02210,01,3,20251026,193651,000000020103,1,4.99,4.99,0.00,0.00,S,,,USD,GC
70013993,02210,04,1,20251026,131510,000004473002,2,2.79,5.58,2.79,0.17,S,,BG25W39,USD,DB
70013993,02210,04,2,20251026,131510,000000005020,1,4.49,4.49,0.00,0.00,S,,,USD,DB
70013993,02210,04,3,20251026,131510,000000030203,2,8.49,16.98,8.49,0.00,S,,BG25W39,USD,DB
70013993,02210,04,4,20251026,131510,000000094202,0.427,1.99,0.85,0.00,0.00,S,,,USD,DB
70013993,02210,04,5,20251026,131510,000004492002,2,1.49,2.98,0.00,0.19,S,,,USD,DB
70013994,02210,06,1,20251026,164027,000000093325,1.178,3.99,4.70,1.18,0.00,S,,PC25W39,USD,GC
70013994,02210,06,2,20251026,164027,000000020103,2,4.99,9.98,0.00,0.00,S,,,USD,GC
70013995,02210,04,1,20251026,184857,000004483002,1,3.49,3.49,0.00,0.22,S,,,USD,CC
70013995,02210,04,2,20251026,184857,000000005102,1,5.49,5.49,0.00,0.00,S,,,USD,CC
70013996,02211,01,1,20251026,120216,000000020101,1,2.49,2.49,0.00,0.00,S,6055411082,,USD,CC
70013996,02211,01,2,20251026,120216,000000093325,0.351,3.99,1.40,0.35,0.00,S,6055411082,PC25W39,USD,CC
70013996,02211,01,3,20251026,120216,000000005201,1,3.99,3.99,0.00,0.00,S,6055411082,,USD,CC
70013997,02211,02,1,20251026,131114,000004473003,2,3.49,6.98,3.49,0.22,S,,BG25W39,USD,CC
70013997,02211,02,2,20251026,131114,000000040101,2.035,18.99,38.64,0.00,0.00,S,,,USD,CC
70013997,02211,02,3,20251026,131114,000000005302,1,3.49,3.49,0.00,0.00,S,,,USD,CC
70013998,02211,02,1,20251026,75928,000000020101,1,2.49,2.49,0.00,0.00,S,,,USD,CC
70013998,02211,02,2,20251026,75928,000004473002,2,2.79,5.58,2.79,0.17,S,,BG25W39,USD,CC
70013999,02305,04,1,20251026,102846,000000562002,1,8.49,8.49,0.00,0.53,S,6096111102,,USD,DB
70013999,02305,04,2,20251026,102846,000000030102,3,14.99,44.97,0.00,0.00,S,6096111102,,USD,DB
70013999,02305,04,3,20251026,102846,000000094102,2,3.49,6.98,0.00,0.00,S,6096111102,,USD,DB
70013999,02305,04,4,20251026,102846,000000020102,1,3.49,3.49,0.00,0.00,S,6096111102,,USD,DB
70014000,02305,06,1,20251026,82058,000000552002,2,3.99,7.98,0.00,0.50,S,6069556076,,USD,DB
70014000,02305,06,2,20251026,82058,000000005302,2,3.49,6.98,0.00,0.00,S,6069556076,,USD,DB
70014001,02305,03,1,20251026,210159,000000093325,1.499,3.99,5.98,1.50,0.00,S,,PC25W39,USD,DB
70014001,02305,03,2,20251026,210159,000004481002,2,7.99,15.98,0.00,1.00,S,,,USD,DB
70014002,02305,04,1,20251026,95942,000000093322,2.034,1.99,4.05,0.00,0.00,S,6011182422,,USD,CC
70014002,02305,04,2,20251026,95942,000004471040,2,2.49,4.98,0.00,0.31,S,6011182422,,USD,CC
70014002,02305,04,3,20251026,95942,000004492001,1,1.79,1.79,0.00,0.11,S,6011182422,,USD,CC
70014002,02305,04,4,20251026,95942,000000093321,0.518,1.49,0.77,0.00,0.00,S,6011182422,,USD,CC
70014003,02305,05,1,20251026,131930,000000562002,1,8.49,8.49,0.00,0.53,S,6017722560,,USD,GC
70014003,02305,05,2,20251026,131930,000000093325,2.016,3.99,8.04,2.01,0.00,S,6017722560,PC25W39,USD,GC
70014003,02305,05,3,20251026,131930,000000094301,0.806,4.39,3.54,0.00,0.00,S,6017722560,,USD,GC
70014003,02305,05,4,20251026,131930,000000005302,1,3.49,3.49,0.00,0.00,S,6017722560,,USD,GC
70014003,02305,05,5,20251026,131930,000000005020,3,4.49,13.47,0.00,0.00,S,6017722560,,USD,GC
70014004,02305,04,1,20251026,83745,000000030102,3,14.99,44.97,0.00,0.00,S,,,USD,CC
70014004,02305,04,2,20251026,83745,000004491001,1,2.49,2.49,0.00,0.16,S,,,USD,CC
70014004,02305,04,3,20251026,83745,000000031101,1.418,24.99,35.44,0.00,0.00,S,,,USD,CC
70014004,02305,04,4,20251026,83745,000004483002,1,3.49,3.49,0.00,0.22,S,,,USD,CC
70014005,02305,04,1,20251026,200236,000000005012,2,3.99,7.98,0.00,0.00,S,6090833509,,USD,CS
70014006,02305,02,1,20251026,163318,000000020103,2,4.99,9.98,0.00,0.00,S,,,USD,CS
70014007,02305,03,1,20251026,125244,000004472002,3,4.49,13.47,3.37,0.63,S,,PC25W39,USD,GC
70014007,02305,03,2,20251026,125244,000000093321,0.342,1.49,0.51,0.00,0.00,S,,,USD,GC
70014008,02305,06,1,20251026,182529,000000020101,1,2.49,2.49,0.00,0.00,S,,,USD,GC
70014008,02305,06,2,20251026,182529,000000005302,1,3.49,3.49,0.00,0.00,S,,,USD,GC
70014009,02305,03,1,20251026,141200,000000005020,1,4.49,4.49,0.00,0.00,S,6032106133,,USD,CS
70014009,02305,03,2,20251026,141200,000004481002,1,7.99,7.99,0.00,0.50,S,6032106133,,USD,CS
70014009,02305,03,3,20251026,141200,000000093321,2.163,1.49,3.22,0.00,0.00,S,6032106133,,USD,CS
70014009,02305,03,4,20251026,141200,000000093325,0.965,3.99,3.85,0.96,0.00,S,6032106133,PC25W39,USD,CS
70014009,02305,03,5,20251026,141200,000000561002,2,7.49,14.98,3.75,0.70,S,6032106133,PC25W39,USD,CS
70014009,02305,03,6,20251026,141200,000000093501,1,4.49,4.49,0.00,0.00,S,6032106133,,USD,CS
70014010,03050,01,1,20251026,74217,000000040101,1.997,18.99,37.92,0.00,0.00,S,,,USD,GC
70014010,03050,01,2,20251026,74217,000000005202,1,5.99,5.99,0.00,0.00,S,,,USD,GC
70014011,03050,02,1,20251026,183549,000004471030,3,3.99,11.97,0.00,0.75,S,,,USD,DB
70014011,03050,02,2,20251026,183549,000000551021,1,11.99,11.99,0.00,0.75,S,,,USD,DB
70014012,03050,04,1,20251026,174503,000000093503,2,4.29,8.58,4.29,0.00,S,6056124815,BG25W39,USD,DB
70014012,03050,04,2,20251026,174503,000000030203,2,8.49,16.98,8.49,0.00,S,6056124815,BG25W39,USD,DB
70014012,03050,04,3,20251026,174503,000000030203,3,8.49,25.47,8.49,0.00,S,6056124815,BG25W39,USD,DB
70014012,03050,04,4,20251026,174503,000000093503,2,4.29,8.58,0.00,0.00,V,6056124815,,USD,DB
70014013,03050,05,1,20251026,170219,000004471024,1,3.49,3.49,0.00,0.22,S,,,USD,CC
70014013,03050,05,2,20251026,170219,000004471023,1,3.49,3.49,0.00,0.22,S,,,USD,CC
70014014,03050,06,1,20251026,132759,000000094102,2,3.49,6.98,0.00,0.00,S,6039596292,,USD,DB
70014014,03050,06,2,20251026,132759,000000551020,2,13.99,27.98,0.00,1.75,S,6039596292,,USD,DB
70014015,03050,06,1,20251026,104506,000000040201,1,8.99,8.99,0.00,0.00,S,,,USD,CC
70014015,03050,06,2,20251026,104506,000000005012,1,3.99,3.99,0.00,0.00,S,,,USD,CC
70014016,03050,06,1,20251026,131428,000000005301,1,5.49,5.49,0.00,0.00,S,,,USD,DB
70014016,03050,06,2,20251026,131428,000000093502,1,3.99,3.99,0.00,0.00,S,,,USD,DB
70014017,03050,04,1,20251026,90428,000000020202,1,5.99,5.99,0.00,0.00,S,6010496706,,USD,GC
70014018,00317,01,1,20251026,183353,000004483001,1,6.79,6.79,0.00,0.42,S,,,CAD,CS
70014018,00317,01,2,20251026,183353,000000005201,1,5.39,5.39,0.00,0.00,S,,,CAD,CS
70014018,00317,01,3,20251026,183353,000000094103,1,5.19,5.19,0.00,0.00,S,,,CAD,CS
70014018,00317,01,4,20251026,183353,000000040203,3,16.29,48.87,0.00,0.00,S,,,CAD,CS
70014019,00317,04,1,20251026,82343,000000031102,0.341,27.19,9.27,0.00,0.00,S,6042954316,,CAD,CC
70014020,00317,02,1,20251026,194210,000000030203,2,11.49,22.98,11.49,0.00,S,,BG25W39,CAD,CC
70014020,00317,02,2,20251026,194210,000004472003,1,4.49,4.49,0.00,0.28,S,,,CAD,CC
70014021,00317,99,1,20251026,135113,000000040202,1,20.39,20.39,0.00,0.00,S,,,CAD,CS
70014021,00317,99,2,20251026,135113,000000040203,1,16.29,16.29,0.00,0.00,S,,,CAD,CS
70014021,00317,99,3,20251026,135113,000000040201,1,12.19,12.19,0.00,0.00,S,,,CAD,CS
70014022,00317,01,1,20251026,104720,000000093325,0.399,5.39,2.15,0.54,0.00,S,,PC25W39,CAD,DB
70014022,00317,01,2,20251026,104720,000000094302,1.718,7.49,12.87,0.00,0.00,S,,,CAD,DB
70014022,00317,01,3,20251026,104720,000004471030,1,5.39,5.39,0.00,0.34,S,,,CAD,DB
70014022,00317,01,4,20251026,104720,000000093503,2,5.79,11.58,5.79,0.00,S,,BG25W39,CAD,DB
70014022,00317,01,5,20251026,104720,000000093503,1,5.79,5.79,0.00,0.00,S,,,CAD,DB
70014023,00317,02,1,20251026,81632,000004483001,2,6.79,13.58,0.00,0.85,S,,,CAD,DB
70014024,00322,02,1,20251026,183420,000000551021,2,16.29,32.58,0.00,2.04,S,,,CAD,DB
70014024,00322,02,2,20251026,183420,000000040202,1,20.39,20.39,0.00,0.00,S,,,CAD,DB
70014024,00322,02,3,20251026,183420,000000005302,3,4.69,14.07,0.00,0.00,S,,,CAD,DB
70014025,00322,04,1,20251026,105056,000000020102,1,4.69,4.69,0.00,0.00,S,,,CAD,CS
70014025,00322,04,2,20251026,105056,000004472003,1,4.49,4.49,0.00,0.28,S,,,CAD,CS
70014025,00322,04,3,20251026,105056,000004471023,1,4.69,4.69,0.00,0.29,S,,,CAD,CS
70014025,00322,04,4,20251026,105056,000004472002,1,6.09,6.09,1.52,0.29,S,,PC25W39,CAD,CS
70014026,00322,03,1,20251026,105134,000004483001,1,6.79,6.79,0.00,0.42,S,6088754394,,CAD,GC
70014026,00322,03,2,20251026,105134,000004472002,1,6.09,6.09,1.52,0.29,S,6088754394,PC25W39,CAD,GC
70014026,00322,03,3,20251026,105134,000000005201,1,5.39,5.39,0.00,0.00,S,6088754394,,CAD,GC
70014026,00322,03,4,20251026,105134,000000031102,0.860,27.19,23.38,0.00,0.00,S,6088754394,,CAD,GC
70014027,00322,05,1,20251026,115657,000000561002,2,10.19,20.38,5.09,0.96,S,6082742257,PC25W39,CAD,CS
70014028,00322,04,1,20251026,93427,000004481001,1,10.89,10.89,0.00,0.68,S,6082742257,,CAD,CS
70014028,00322,04,2,20251026,93427,000000552002,1,5.39,5.39,0.00,0.34,S,6082742257,,CAD,CS
70014028,00322,04,3,20251026,93427,000004472050,1,5.39,5.39,0.00,0.34,S,6082742257,,CAD,CS
70014028,00322,04,4,20251026,93427,000004472002,1,6.09,6.09,1.52,0.29,S,6082742257,PC25W39,CAD,CS
70014029,01042,05,1,20251027,85513,000004473003,2,3.49,6.98,3.49,0.22,S,,BG25W39,USD,DB
70014029,01042,05,2,20251027,85513,000000030202,1,11.49,11.49,0.00,0.00,S,,,USD,DB
70014029,01042,05,3,20251027,85513,000000005201,2,3.99,7.98,0.00,0.00,S,,,USD,DB
70014029,01042,05,4,20251027,85513,000000030101,2,6.99,13.98,0.00,0.00,S,,,USD,DB
70014030,01042,01,1,20251027,81916,000004481003,1,4.99,4.99,0.00,0.31,S,6070633699,,USD,CS
70014030,01042,01,2,20251027,81916,000000005101,2,7.99,15.98,0.00,0.00,S,6070633699,,USD,CS
70014031,01107,02,1,20251027,132257,000000020203,3,6.49,19.47,0.00,0.00,S,6050537666,,USD,CC
70014031,01107,02,2,20251027,132257,000000030101,1,6.99,6.99,0.00,0.00,S,6050537666,,USD,CC
70014032,01107,02,1,20251027,90001,000004483002,1,3.49,3.49,0.00,0.22,S,6052500292,,USD,DB
70014032,01107,02,2,20251027,90001,000000005101,2,7.99,15.98,0.00,0.00,S,6052500292,,USD,DB
70014032,01107,02,3,20251027,90001,000000040102,0.429,16.99,7.29,0.00,0.00,S,6052500292,,USD,DB
70014032,01107,02,4,20251027,90001,000000005101,1,7.99,7.99,0.00,0.00,S,6052500292,,USD,DB
70014033,01107,05,1,20251027,103155,000004471040,1,2.49,2.49,0.00,0.16,S,6024826292,,USD,DB
70014033,01107,05,2,20251027,103155,000000031101,1.732,24.99,43.28,0.00,0.00,S,6024826292,,USD,DB
70014033,01107,05,3,20251027,103155,000000552002,1,3.99,3.99,0.00,0.25,S,6024826292,,USD,DB
70014034,01107,06,1,20251027,105337,000000005201,1,3.99,3.99,0.00,0.00,S,,,USD,CC
70014034,01107,06,2,20251027,105337,000000005202,1,5.99,5.99,0.00,0.00,S,,,USD,CC
70014034,01107,06,3,20251027,105337,000000020203,1,6.49,6.49,0.00,0.00,S,,,USD,CC
70014034,01107,06,4,20251027,105337,000004472003,1,3.29,3.29,0.00,0.21,S,,,USD,CC
70014035,02210,03,1,20251027,104005,000000562002,1,8.49,8.49,0.00,0.53,S,6059544294,,USD,CS
70014036,02210,03,1,20251027,90745,000004473002,2,2.79,5.58,2.79,0.17,S,,BG25W39,USD,DB
70014036,02210,03,2,20251027,90745,000000030102,1,14.99,14.99,0.00,0.00,S,,,USD,DB
70014037,02210,01,1,20251027,82113,000000005301,1,5.49,5.49,0.00,0.00,S,6014939252,,USD,DB
70014038,02210,03,1,20251027,190008,000000093503,1,4.29,4.29,0.00,0.00,S,,,USD,CS
70014038,02210,03,2,20251027,190008,000000030101,1,6.99,6.99,0.00,0.00,S,,,USD,CS
70014038,02210,03,3,20251027,190008,000000005101,1,7.99,7.99,0.00,0.00,S,,,USD,CS
70014039,02210,03,1,20251027,111306,000000005301,2,5.49,10.98,0.00,0.00,S,6009081441,,USD,CC
70014040,02210,05,1,20251027,120011,000000093401,1.894,5.49,10.40,0.00,0.00,S,6079457727,,USD,CS
70014040,02210,05,2,20251027,120011,000000005301,1,5.49,5.49,0.00,0.00,S,6079457727,,USD,CS
70014041,02210,06,1,20251027,201524,000000093402,0.906,3.29,2.98,0.00,0.00,S,6039243588,,USD,CS
70014041,02210,06,2,20251027,201524,000000561001,1,9.99,9.99,0.00,0.62,S,6039243588,,USD,CS
70014041,02210,06,3,20251027,201524,000000005101,1,7.99,7.99,0.00,0.00,S,6039243588,,USD,CS
70014042,02211,04,1,20251027,111721,000004481001,1,7.99,7.99,0.00,0.50,S,,,USD,CC
70014042,02211,04,2,20251027,111721,000000031101,2.040,24.99,50.98,0.00,0.00,S,,,USD,CC
70014042,02211,04,3,20251027,111721,000004473003,2,3.49,6.98,3.49,0.22,S,,BG25W39,USD,CC
70014043,02211,03,1,20251027,184059,000004481002,2,7.99,15.98,0.00,1.00,S,,,USD,GC
70014043,02211,03,2,20251027,184059,000004492002,1,1.49,1.49,0.00,0.09,S,,,USD,GC
70014043,02211,03,3,20251027,184059,000004471040,1,2.49,2.49,0.00,0.16,S,,,USD,GC
70014044,02211,03,1,20251027,173126,000000552002,1,3.99,3.99,0.00,0.25,S,,,USD,DB
70014044,02211,03,2,20251027,173126,000004473003,2,3.49,6.98,3.49,0.22,S,,BG25W39,USD,DB
70014044,02211,03,3,20251027,173126,000000005013,1,3.89,3.89,0.00,0.00,S,,,USD,DB
70014045,02211,01,1,20251027,192820,000004472002,1,4.49,4.49,1.12,0.21,S,6021707303,PC25W39,USD,CC
70014045,02211,01,2,20251027,192820,000000040102,1.732,16.99,29.43,0.00,0.00,S,6021707303,,USD,CC
70014045,02211,01,3,20251027,192820,000004473002,1,2.79,2.79,0.00,0.17,S,6021707303,,USD,CC
70014046,02305,01,1,20251027,125947,000000005013,1,3.89,3.89,0.00,0.00,S,,,USD,DB
70014046,02305,01,2,20251027,125947,000004472002,2,4.49,8.98,2.25,0.42,S,,PC25W39,USD,DB
70014046,02305,01,3,20251027,125947,000004472002,1,4.49,4.49,1.12,0.21,S,,PC25W39,USD,DB
70014046,02305,01,4,20251027,125947,000004473002,2,2.79,5.58,2.79,0.17,S,,BG25W39,USD,DB
70014047,02305,05,1,20251027,130612,000004492002,2,1.49,2.98,0.00,0.19,S,,,USD,GC
70014047,02305,05,2,20251027,130612,000000020203,1,6.49,6.49,0.00,0.00,S,,,USD,GC
70014047,02305,05,3,20251027,130612,000004492003,1,2.29,2.29,0.00,0.14,S,,,USD,GC
70014047,02305,05,4,20251027,130612,000000561001,1,9.99,9.99,0.00,0.62,S,,,USD,GC
70014048,02305,02,1,20251027,184518,000004473003,2,3.49,6.98,3.49,0.22,S,6049998279,BG25W39,USD,CC
70014048,02305,02,2,20251027,184518,000004473002,2,2.79,5.58,2.79,0.17,S,6049998279,BG25W39,USD,CC
70014048,02305,02,3,20251027,184518,000000030202,1,11.49,11.49,0.00,0.00,S,6049998279,,USD,CC
70014048,02305,02,4,20251027,184518,000000040202,2,14.99,29.98,0.00,0.00,S,6049998279,,USD,CC
70014049,03050,01,1,20251027,151547,000000040203,1,11.99,11.99,0.00,0.00,S,,,USD,CC
70014049,03050,01,2,20251027,151547,000004483002,3,3.49,10.47,0.00,0.65,S,,,USD,CC
70014050,03050,02,1,20251027,155356,000004482003,1,5.49,5.49,0.00,0.34,S,6086204485,,USD,DB
70014050,03050,02,2,20251027,155356,000000040202,1,14.99,14.99,0.00,0.00,S,6086204485,,USD,DB
70014051,03050,06,1,20251027,83157,000000093503,2,4.29,8.58,4.29,0.00,S,6056124815,BG25W39,USD,GC
70014051,03050,06,2,20251027,83157,000000561001,1,9.99,9.99,0.00,0.62,S,6056124815,,USD,GC
70014051,03050,06,3,20251027,83157,000004473002,1,2.79,2.79,0.00,0.17,S,6056124815,,USD,GC
70014051,03050,06,4,20251027,83157,000000040202,1,14.99,14.99,0.00,0.00,S,6056124815,,USD,GC
70014051,03050,06,5,20251027,83157,000000040201,1,8.99,8.99,0.00,0.00,S,6056124815,,USD,GC
70014051,03050,06,6,20251027,83157,000000094101,1,3.99,3.99,0.00,0.00,S,6056124815,,USD,GC
70014052,00317,02,1,20251027,162752,000000020203,1,8.79,8.79,0.00,0.00,S,,,CAD,CS
70014052,00317,02,2,20251027,162752,000000005103,1,9.49,9.49,0.00,0.00,S,,,CAD,CS
70014052,00317,02,3,20251027,162752,000004491003,1,2.69,2.69,0.00,0.17,S,,,CAD,CS
70014053,00317,06,1,20251027,184025,000004482002,1,24.49,24.49,0.00,1.53,S,6005830033,,CAD,GC
70014053,00317,06,2,20251027,184025,000004491003,2,2.69,5.38,0.00,0.34,S,6005830033,,CAD,GC
70014053,00317,06,3,20251027,184025,000000040202,1,20.39,20.39,0.00,0.00,S,6005830033,,CAD,GC
70014054,00317,03,1,20251027,92950,000004482001,1,18.99,18.99,0.00,1.19,S,,,CAD,DB
70014054,00317,03,2,20251027,92950,000000030203,2,11.49,22.98,11.49,0.00,S,,BG25W39,CAD,DB
70014054,00317,03,3,20251027,92950,000000561002,1,10.19,10.19,2.55,0.48,S,,PC25W39,CAD,DB
70014055,00317,04,1,20251027,205000,000000005301,1,7.49,7.49,0.00,0.00,S,,,CAD,GC
70014055,00317,04,2,20251027,205000,000004482003,1,7.49,7.49,0.00,0.47,S,,,CAD,GC
70014055,00317,04,3,20251027,205000,000000040101,0.338,25.79,8.72,0.00,0.00,S,,,CAD,GC
70014055,00317,04,4,20251027,205000,000000020203,1,8.79,8.79,0.00,0.00,S,,,CAD,GC
70014055,00317,04,5,20251027,205000,000004482002,1,24.49,24.49,0.00,1.53,S,,,CAD,GC
70014056,00317,06,1,20251027,211816,000004472003,1,4.49,4.49,0.00,0.28,S,6056532863,,CAD,CC
70014056,00317,06,2,20251027,211816,000000005202,1,8.09,8.09,0.00,0.00,S,6056532863,,CAD,CC
70014056,00317,06,3,20251027,211816,000000551021,1,16.29,16.29,0.00,1.02,S,6056532863,,CAD,CC
70014056,00317,06,4,20251027,211816,000000040201,1,12.19,12.19,0.00,0.00,S,6056532863,,CAD,CC
70014057,00317,01,1,20251027,164759,000000020203,2,8.79,17.58,0.00,0.00,S,6009104300,,CAD,CS
70014057,00317,01,2,20251027,164759,000000094202,0.550,2.69,1.48,0.00,0.00,S,6009104300,,CAD,CS
70014058,00317,01,1,20251027,141354,000000093503,2,5.79,11.58,5.79,0.00,S,,BG25W39,CAD,CC
70014058,00317,01,2,20251027,141354,000000562002,2,11.49,22.98,0.00,1.44,S,,,CAD,CC
70014059,00317,06,1,20251027,101730,000004492050,1,2.99,2.99,0.00,0.19,S,6045109109,,CAD,GC
70014060,00317,03,1,20251027,71054,000004473003,1,4.69,4.69,0.00,0.29,R,,,CAD,CC
70014061,00317,02,1,20251027,105238,000000005202,1,8.09,8.09,0.00,0.00,S,,,CAD,DB
70014061,00317,02,2,20251027,105238,000000561002,2,10.19,20.38,5.09,0.96,S,,PC25W39,CAD,DB
70014061,00317,02,3,20251027,105238,000000040101,0.574,25.79,14.80,0.00,0.00,S,,,CAD,DB
70014061,00317,02,4,20251027,105238,000000040201,1,12.19,12.19,0.00,0.00,S,,,CAD,DB
70014061,00317,02,5,20251027,105238,000000094102,1,4.69,4.69,0.00,0.00,S,,,CAD,DB
70014061,00317,02,6,20251027,105238,000000005020,1,6.09,6.09,0.00,0.00,S,,,CAD,DB
70014062,00317,05,1,20251027,204003,000000094301,2.029,5.99,12.15,0.00,0.00,S,,,CAD,DB
70014062,00317,05,2,20251027,204003,000000020102,1,4.69,4.69,0.00,0.00,S,,,CAD,DB
70014062,00317,05,3,20251027,204003,000000040101,1.508,25.79,38.89,0.00,0.00,S,,,CAD,DB
70014062,00317,05,4,20251027,204003,000000005101,1,10.89,10.89,0.00,0.00,S,,,CAD,DB
70014062,00317,05,5,20251027,204003,000004472001,1,5.39,5.39,0.00,0.34,S,,,CAD,DB
70014063,00317,02,1,20251027,170419,000000040101,0.901,25.79,23.24,0.00,0.00,S,6054610339,,CAD,CC
70014063,00317,02,2,20251027,170419,000000005103,1,9.49,9.49,0.00,0.00,S,6054610339,,CAD,CC
70014063,00317,02,3,20251027,170419,000000030202,1,15.59,15.59,0.00,0.00,S,6054610339,,CAD,CC
70014063,00317,02,4,20251027,170419,000000005102,1,7.49,7.49,0.00,0.00,S,6054610339,,CAD,CC
70014064,00317,02,1,20251027,140056,000004492003,1,3.09,3.09,0.00,0.19,S,6019719975,,CAD,GC
70014064,00317,02,2,20251027,140056,000000020102,2,4.69,9.38,0.00,0.00,S,6019719975,,CAD,GC
70014064,00317,02,3,20251027,140056,000000093501,2,6.09,12.18,0.00,0.00,S,6019719975,,CAD,GC
70014065,00317,05,1,20251027,82129,000004482002,1,24.49,24.49,0.00,1.53,S,6003700332,,CAD,CC
70014066,00317,02,1,20251027,185318,000000094301,1.419,5.99,8.50,0.00,0.00,S,6058108358,,CAD,CC
70014066,00317,02,2,20251027,185318,000000094102,1,4.69,4.69,0.00,0.00,S,6058108358,,CAD,CC
70014067,00322,03,1,20251027,172610,000000005012,1,5.39,5.39,0.00,0.00,S,,,CAD,DB
70014067,00322,03,2,20251027,172610,000000020103,1,6.79,6.79,0.00,0.00,S,,,CAD,DB
70014068,00322,03,1,20251027,120937,000000005101,1,10.89,10.89,0.00,0.00,S,,,CAD,CS
70014068,00322,03,2,20251027,120937,000004471030,1,5.39,5.39,0.00,0.34,S,,,CAD,CS
70014068,00322,03,3,20251027,120937,000004481002,2,10.89,21.78,0.00,1.36,S,,,CAD,CS
70014069,01042,04,1,20251028,81533,000000020102,1,3.49,3.49,0.00,0.00,S,,,USD,CS
70014069,01042,04,2,20251028,81533,000000030203,2,8.49,16.98,8.49,0.00,S,,BG25W39,USD,CS
70014069,01042,04,3,20251028,81533,000004473003,2,3.49,6.98,3.49,0.22,S,,BG25W39,USD,CS
70014069,01042,04,4,20251028,81533,000000040102,1.173,16.99,19.93,0.00,0.00,S,,,USD,CS
70014070,01042,06,1,20251028,154607,000004472002,1,4.49,4.49,1.12,0.21,S,6056253135,PC25W39,USD,CC
70014070,01042,06,2,20251028,154607,000000093410,1.226,3.99,4.89,0.00,0.00,S,6056253135,,USD,CC
70014070,01042,06,3,20251028,154607,000000020202,1,5.99,5.99,0.00,0.00,S,6056253135,,USD,CC
70014070,01042,06,4,20251028,154607,000000093402,0.451,3.29,1.48,0.00,0.00,S,6056253135,,USD,CC
70014070,01042,06,5,20251028,154607,000004492001,1,1.79,1.79,0.00,0.11,S,6056253135,,USD,CC
70014070,01042,06,6,20251028,154607,000000005020,1,4.49,4.49,0.00,0.00,S,6056253135,,USD,CC
70014071,01042,03,1,20251028,90722,000000094301,1.845,4.39,8.10,0.00,0.00,S,,,USD,CC
70014071,01042,03,2,20251028,90722,000000005012,1,3.99,3.99,0.00,0.00,S,,,USD,CC
70014071,01042,03,3,20251028,90722,000004473001,2,2.99,5.98,0.00,0.37,S,,,USD,CC
70014071,01042,03,4,20251028,90722,000004481003,1,4.99,4.99,0.00,0.31,S,,,USD,CC
70014071,01042,03,5,20251028,90722,000004483001,2,4.99,9.98,0.00,0.62,S,,,USD,CC
70014072,01042,02,1,20251028,85948,000004471040,1,2.49,2.49,0.00,0.16,S,,,USD,CC
70014073,01042,02,1,20251028,190425,000004482002,2,17.99,35.98,0.00,2.25,S,,,USD,DB
70014073,01042,02,2,20251028,190425,000000040202,1,14.99,14.99,0.00,0.00,S,,,USD,DB
70014073,01042,02,3,20251028,190425,000004482003,1,5.49,5.49,0.00,0.34,S,,,USD,DB
70014073,01042,02,4,20251028,190425,000004491002,1,6.99,6.99,0.00,0.44,S,,,USD,DB
70014073,01042,02,5,20251028,190425,000004481001,1,7.99,7.99,0.00,0.50,S,,,USD,DB
70014074,01042,02,1,20251028,81036,000000094202,1.563,1.99,3.11,0.00,0.00,S,,,USD,GC
70014074,01042,02,2,20251028,81036,000000005101,1,7.99,7.99,0.00,0.00,S,,,USD,GC
70014074,01042,02,3,20251028,81036,000000005013,2,3.89,7.78,0.00,0.00,S,,,USD,GC
70014075,01107,05,1,20251028,185719,000004471030,1,3.99,3.99,0.00,0.25,S,6052500292,,USD,GC
70014075,01107,05,2,20251028,185719,000004493002,1,3.99,3.99,0.00,0.25,S,6052500292,,USD,GC
70014076,01107,04,1,20251028,82801,000000561002,2,7.49,14.98,3.75,0.70,S,,PC25W39,USD,DB
70014076,01107,04,2,20251028,82801,000000005201,1,3.99,3.99,0.00,0.00,S,,,USD,DB
70014076,01107,04,3,20251028,82801,000004472002,1,4.49,4.49,1.12,0.21,S,,PC25W39,USD,DB
70014077,02210,06,1,20251028,110539,000000093401,2.013,5.49,11.05,0.00,0.00,S,,,USD,CC
70014078,02210,01,1,20251028,75129,000004471030,1,3.99,3.99,0.00,0.25,S,,,USD,CS
70014078,02210,01,2,20251028,75129,000000094103,1,3.79,3.79,0.00,0.00,S,,,USD,CS
70014078,02210,01,3,20251028,75129,000000093410,1.599,3.99,6.38,0.00,0.00,S,,,USD,CS
70014078,02210,01,4,20251028,75129,000000094302,0.697,5.49,3.83,0.00,0.00,S,,,USD,CS
70014079,02210,05,1,20251028,92747,000000031101,0.532,24.99,13.29,0.00,0.00,S,6047715910,,USD,CC
70014079,02210,05,2,20251028,92747,000000093410,1.399,3.99,5.58,0.00,0.00,S,6047715910,,USD,CC
70014079,02210,05,3,20251028,92747,000000030203,2,8.49,16.98,8.49,0.00,S,6047715910,BG25W39,USD,CC
70014079,02210,05,4,20251028,92747,000000094201,1.723,1.69,2.91,0.00,0.00,S,6047715910,,USD,CC
70014079,02210,05,5,20251028,92747,000000551020,1,13.99,13.99,0.00,0.87,S,6047715910,,USD,CC
70014080,02210,01,1,20251028,205909,000000561002,1,7.49,7.49,1.87,0.35,S,,PC25W39,USD,DB
70014080,02210,01,2,20251028,205909,000000562002,2,8.49,16.98,0.00,1.06,S,,,USD,DB
70014080,02210,01,3,20251028,205909,000000031102,1.460,19.99,29.19,0.00,0.00,S,,,USD,DB
70014080,02210,01,4,20251028,205909,000004473003,2,3.49,6.98,3.49,0.22,S,,BG25W39,USD,DB
70014080,02210,01,5,20251028,205909,000000020101,2,2.49,4.98,0.00,0.00,S,,,USD,DB
70014081,02210,02,1,20251028,174848,000000030201,1,9.99,9.99,0.00,0.00,S,6012424462,,USD,CC
70014081,02210,02,2,20251028,174848,000004471040,1,2.49,2.49,0.00,0.16,S,6012424462,,USD,CC
70014082,02210,06,1,20251028,201831,000000030202,1,11.49,11.49,0.00,0.00,S,,,USD,CC
70014082,02210,06,2,20251028,201831,000000040102,1.310,16.99,22.26,0.00,0.00,S,,,USD,CC
70014083,02210,01,1,20251028,200022,000004481003,1,4.99,4.99,0.00,0.31,S,6053380339,,USD,DB
70014084,02210,03,1,20251028,101414,000000020101,1,2.49,2.49,0.00,0.00,S,,,USD,CC
70014084,02210,03,2,20251028,101414,000000552002,1,3.99,3.99,0.00,0.25,S,,,USD,CC
70014084,02210,03,3,20251028,101414,000004492001,1,1.79,1.79,0.00,0.11,S,,,USD,CC
70014084,02210,03,4,20251028,101414,000000551021,1,11.99,11.99,0.00,0.75,S,,,USD,CC
70014084,02210,03,5,20251028,101414,000000094302,1.599,5.49,8.78,0.00,0.00,S,,,USD,CC
70014084,02210,03,6,20251028,101414,000000093503,2,4.29,8.58,4.29,0.00,S,,BG25W39,USD,CC
70014085,02210,02,1,20251028,212250,000000562001,1,10.99,10.99,0.00,0.69,S,6062575326,,USD,DB
70014085,02210,02,2,20251028,212250,000000005013,1,3.89,3.89,0.00,0.00,S,6062575326,,USD,DB
70014085,02210,02,3,20251028,212250,000000552001,1,4.49,4.49,0.00,0.28,S,6062575326,,USD,DB
70014086,02210,04,1,20251028,100211,000000005103,1,6.99,6.99,0.00,0.00,S,6090833509,,USD,DB
70014086,02210,04,2,20251028,100211,000004492003,1,2.29,2.29,0.00,0.14,S,6090833509,,USD,DB
70014087,02211,04,1,20251028,105924,000004492002,1,1.49,1.49,0.00,0.09,S,,,USD,CC
70014087,02211,04,2,20251028,105924,000000020202,1,5.99,5.99,0.00,0.00,S,,,USD,CC
70014087,02211,04,3,20251028,105924,000000561002,2,7.49,14.98,3.75,0.70,S,,PC25W39,USD,CC
70014087,02211,04,4,20251028,105924,000000020202,1,5.99,5.99,0.00,0.00,S,,,USD,CC
70014088,02211,06,1,20251028,80847,000004481001,1,7.99,7.99,0.00,0.50,S,,,USD,DB
70014089,02211,02,1,20251028,175221,000000005201,1,3.99,3.99,0.00,0.00,S,,,USD,DB
70014089,02211,02,2,20251028,175221,000000005012,1,3.99,3.99,0.00,0.00,S,,,USD,DB
70014090,02211,06,1,20251028,72645,000004481001,1,7.99,7.99,0.00,0.50,S,6003697117,,USD,CC
70014090,02211,06,2,20251028,72645,000000552002,1,3.99,3.99,0.00,0.25,S,6003697117,,USD,CC
70014090,02211,06,3,20251028,72645,000000005301,1,5.49,5.49,0.00,0.00,S,6003697117,,USD,CC
70014090,02211,06,4,20251028,72645,000000040203,1,11.99,11.99,0.00,0.00,S,6003697117,,USD,CC
70014090,02211,06,5,20251028,72645,000000094101,1,3.99,3.99,0.00,0.00,S,6003697117,,USD,CC
70014091,02305,02,1,20251028,204715,000004473002,1,2.79,2.79,0.00,0.17,R,,,USD,CC
70014092,02305,04,1,20251028,143819,000000031101,0.345,24.99,8.62,0.00,0.00,S,6082210217,,USD,DB
70014092,02305,04,2,20251028,143819,000004492002,1,1.49,1.49,0.00,0.09,S,6082210217,,USD,DB
70014092,02305,04,3,20251028,143819,000004471023,2,3.49,6.98,0.00,0.44,S,6082210217,,USD,DB
70014093,02305,01,1,20251028,184210,000004471040,1,2.49,2.49,0.00,0.16,S,,,USD,GC
70014094,02305,06,1,20251028,121222,000000093321,1.690,1.49,2.52,0.00,0.00,S,6078280647,,USD,CC
70014094,02305,06,2,20251028,121222,000000005102,1,5.49,5.49,0.00,0.00,S,6078280647,,USD,CC
70014094,02305,06,3,20251028,121222,000004471023,2,3.49,6.98,0.00,0.44,S,6078280647,,USD,CC
70014094,02305,06,4,20251028,121222,000000030101,2,6.99,13.98,0.00,0.00,S,6078280647,,USD,CC
70014094,02305,06,5,20251028,121222,000000093401,1.482,5.49,8.14,0.00,0.00,S,6078280647,,USD,CC
70014095,02305,04,1,20251028,135412,000004493001,2,5.49,10.98,0.00,0.69,S,6025652704,,USD,DB
70014095,02305,04,2,20251028,135412,000000005101,3,7.99,23.97,0.00,0.00,S,6025652704,,USD,DB
70014096,02305,04,1,20251028,203543,000004473002,2,2.79,5.58,2.79,0.17,S,,BG25W39,USD,CS
70014096,02305,04,2,20251028,203543,000004483002,1,3.49,3.49,0.00,0.22,S,,,USD,CS
70014096,02305,04,3,20251028,203543,000000093410,1.024,3.99,4.09,0.00,0.00,S,,,USD,CS
70014096,02305,04,4,20251028,203543,000000005101,1,7.99,7.99,0.00,0.00,S,,,USD,CS
70014097,02305,02,1,20251028,172323,000000030203,2,8.49,16.98,8.49,0.00,S,,BG25W39,USD,DB
70014097,02305,02,2,20251028,172323,000000020201,1,5.49,5.49,0.00,0.00,S,,,USD,DB
70014097,02305,02,3,20251028,172323,000004491001,1,2.49,2.49,0.00,0.16,S,,,USD,DB
70014097,02305,02,4,20251028,172323,000004491003,1,1.99,1.99,0.00,0.12,S,,,USD,DB
70014097,02305,02,5,20251028,172323,000000094101,2,3.99,7.98,0.00,0.00,S,,,USD,DB
70014098,02305,06,1,20251028,85708,000000020202,1,5.99,5.99,0.00,0.00,S,6005053795,,USD,CC
70014098,02305,06,2,20251028,85708,000000040102,2.196,16.99,37.31,0.00,0.00,S,6005053795,,USD,CC
70014098,02305,06,3,20251028,85708,000000561002,1,7.49,7.49,1.87,0.35,S,6005053795,PC25W39,USD,CC
70014098,02305,06,4,20251028,85708,000004471040,2,2.49,4.98,0.00,0.31,S,6005053795,,USD,CC
70014099,02305,03,1,20251028,82624,000000552001,1,4.49,4.49,0.00,0.28,S,,,USD,CC
70014099,02305,03,2,20251028,82624,000000005020,1,4.49,4.49,0.00,0.00,S,,,USD,CC
70014099,02305,03,3,20251028,82624,000004473001,1,2.99,2.99,0.00,0.19,S,,,USD,CC
70014099,02305,03,4,20251028,82624,000004472002,1,4.49,4.49,1.12,0.21,S,,PC25W39,USD,CC
70014099,02305,03,5,20251028,82624,000000551021,1,11.99,11.99,0.00,0.75,S,,,USD,CC
70014099,02305,03,6,20251028,82624,000004471040,2,2.49,4.98,0.00,0.31,S,,,USD,CC
70014100,02305,01,1,20251028,132559,000000094201,1.281,1.69,2.16,0.00,0.00,S,6083626448,,USD,CS
70014100,02305,01,2,20251028,132559,000004492002,1,1.49,1.49,0.00,0.09,S,6083626448,,USD,CS
70014101,03050,04,1,20251028,154023,000000040201,1,8.99,8.99,0.00,0.00,S,,,USD,CC
70014101,03050,04,2,20251028,154023,000000005012,1,3.99,3.99,0.00,0.00,S,,,USD,CC
70014101,03050,04,3,20251028,154023,000000093502,1,3.99,3.99,0.00,0.00,S,,,USD,CC
70014102,03050,01,1,20251028,122634,000000094301,0.771,4.39,3.38,0.00,0.00,S,,,USD,DB
70014102,03050,01,2,20251028,122634,000000030201,2,9.99,19.98,0.00,0.00,S,,,USD,DB
70014103,03050,05,1,20251028,111055,000000094101,2,3.99,7.98,0.00,0.00,S,,,USD,CS
70014104,03050,06,1,20251028,70310,000000020203,3,6.49,19.47,0.00,0.00,S,6058313237,,USD,DB
70014104,03050,06,2,20251028,70310,000000094101,2,3.99,7.98,0.00,0.00,S,6058313237,,USD,DB
70014104,03050,06,3,20251028,70310,000000562001,1,10.99,10.99,0.00,0.69,S,6058313237,,USD,DB
70014104,03050,06,4,20251028,70310,000000094302,2.028,5.49,11.13,0.00,0.00,S,6058313237,,USD,DB
70014104,03050,06,5,20251028,70310,000000093321,1.337,1.49,1.99,0.00,0.00,S,6058313237,,USD,DB
70014104,03050,06,6,20251028,70310,000000093503,1,4.29,4.29,0.00,0.00,S,6058313237,,USD,DB
70014105,03050,06,1,20251028,94743,000000552001,1,4.49,4.49,0.00,0.28,S,6022823052,,USD,DB
70014105,03050,06,2,20251028,94743,000004483002,1,3.49,3.49,0.00,0.22,S,6022823052,,USD,DB
70014105,03050,06,3,20251028,94743,000004491003,3,1.99,5.97,0.00,0.37,S,6022823052,,USD,DB
70014105,03050,06,4,20251028,94743,000004473001,1,2.99,2.99,0.00,0.19,S,6022823052,,USD,DB
70014105,03050,06,5,20251028,94743,000004473002,1,2.79,2.79,0.00,0.17,S,6022823052,,USD,DB
70014106,03050,05,1,20251028,204925,000000093401,1.150,5.49,6.31,0.00,0.00,S,,,USD,GC
70014106,03050,05,2,20251028,204925,000000552001,1,4.49,4.49,0.00,0.28,S,,,USD,GC
70014107,03050,05,1,20251028,194819,000000005020,1,4.49,4.49,0.00,0.00,S,,,USD,DB
70014107,03050,05,2,20251028,194819,000000031102,1.490,19.99,29.79,0.00,0.00,S,,,USD,DB
70014107,03050,05,3,20251028,194819,000004471024,1,3.49,3.49,0.00,0.22,S,,,USD,DB
70014107,03050,05,4,20251028,194819,000000005013,2,3.89,7.78,0.00,0.00,S,,,USD,DB
70014107,03050,05,5,20251028,194819,000000040201,1,8.99,8.99,0.00,0.00,S,,,USD,DB
70014107,03050,05,6,20251028,194819,000004473002,2,2.79,5.58,2.79,0.17,S,,BG25W39,USD,DB
70014108,03050,03,1,20251028,90020,000004493002,2,3.99,7.98,0.00,0.50,S,6024268774,,USD,CS
70014108,03050,03,2,20251028,90020,000000551020,2,13.99,27.98,0.00,1.75,S,6024268774,,USD,CS
70014108,03050,03,3,20251028,90020,000000093325,1.445,3.99,5.77,1.44,0.00,S,6024268774,PC25W39,USD,CS
70014108,03050,03,4,20251028,90020,000000005102,2,5.49,10.98,0.00,0.00,S,6024268774,,USD,CS
70014109,00317,04,1,20251028,101308,000004493001,1,7.49,7.49,0.00,0.47,S,,,CAD,GC
70014109,00317,04,2,20251028,101308,000000561001,1,13.59,13.59,0.00,0.85,S,,,CAD,GC
70014110,00317,06,1,20251028,84014,000004481001,1,10.89,10.89,0.00,0.68,S,,,CAD,CS
70014110,00317,06,2,20251028,84014,000000005101,1,10.89,10.89,0.00,0.00,S,,,CAD,CS
70014110,00317,06,3,20251028,84014,000000005102,2,7.49,14.98,0.00,0.00,S,,,CAD,CS
70014111,00317,01,1,20251028,154410,000004481003,1,6.79,6.79,0.00,0.42,S,,,CAD,DB
70014111,00317,01,2,20251028,154410,000000551020,2,18.99,37.98,0.00,2.37,S,,,CAD,DB
70014112,00317,03,1,20251028,125755,000000005012,2,5.39,10.78,0.00,0.00,S,6028569146,,CAD,DB
70014112,00317,03,2,20251028,125755,000000561002,1,10.19,10.19,2.55,0.48,S,6028569146,PC25W39,CAD,DB
70014112,00317,03,3,20251028,125755,000000005202,1,8.09,8.09,0.00,0.00,S,6028569146,,CAD,DB
70014112,00317,03,4,20251028,125755,000000040202,1,20.39,20.39,0.00,0.00,S,6028569146,,CAD,DB
70014113,00317,05,1,20251028,172720,000000030203,2,11.49,22.98,11.49,0.00,S,6072791033,BG25W39,CAD,CC
70014114,00317,05,1,20251028,215620,000000040101,1.359,25.79,35.05,0.00,0.00,S,,,CAD,DB
70014114,00317,05,2,20251028,215620,000000005301,2,7.49,14.98,0.00,0.00,S,,,CAD,DB
70014115,00317,05,1,20251028,80240,000000093322,1.353,2.69,3.64,0.00,0.00,S,6025703965,,CAD,GC
70014115,00317,05,2,20251028,80240,000004493002,1,5.39,5.39,0.00,0.34,S,6025703965,,CAD,GC
70014116,00322,06,1,20251028,141520,000000552001,1,6.09,6.09,0.00,0.38,S,,,CAD,DB
70014117,00322,01,1,20251028,160253,000000005302,1,4.69,4.69,0.00,0.00,S,,,CAD,GC
70014117,00322,01,2,20251028,160253,000004472002,1,6.09,6.09,1.52,0.29,S,,PC25W39,CAD,GC
70014117,00322,01,3,20251028,160253,000000093321,0.692,1.99,1.38,0.00,0.00,S,,,CAD,GC
70014117,00322,01,4,20251028,160253,000000005201,1,5.39,5.39,0.00,0.00,S,,,CAD,GC
70014118,00322,05,1,20251028,83901,000004473003,2,4.69,9.38,4.69,0.29,S,6096325953,BG25W39,CAD,CS
70014118,00322,05,2,20251028,83901,000004471023,1,4.69,4.69,0.00,0.29,S,6096325953,,CAD,CS
70014119,00322,06,1,20251028,172507,000000562002,1,11.49,11.49,0.00,0.72,S,,,CAD,DB
70014119,00322,06,2,20251028,172507,000000040102,1.408,23.09,32.51,0.00,0.00,S,,,CAD,DB
70014119,00322,06,3,20251028,172507,000004491002,2,9.49,18.98,0.00,1.19,S,,,CAD,DB
70014120,00322,02,1,20251028,140937,000000005101,1,10.89,10.89,0.00,0.00,S,,,CAD,CS
70014121,00322,01,1,20251028,170002,000000005301,1,7.49,7.49,0.00,0.00,S,,,CAD,DB
70014122,01042,04,1,20251029,213127,000000020103,1,4.99,4.99,0.00,0.00,S,,,USD,CC
70014123,01042,06,1,20251029,114552,000004481002,1,7.99,7.99,0.00,0.50,S,,,USD,DB
70014124,01042,01,1,20251029,214835,000000552002,1,3.99,3.99,0.00,0.25,S,6000687616,,USD,DB
70014124,01042,01,2,20251029,214835,000000040203,3,11.99,35.97,0.00,0.00,S,6000687616,,USD,DB
70014125,01042,01,1,20251029,170118,000004493001,1,5.49,5.49,0.00,0.34,S,,,USD,CC
70014125,01042,01,2,20251029,170118,000000562002,1,8.49,8.49,0.00,0.53,S,,,USD,CC
70014126,01042,06,1,20251029,93200,000000093321,1.600,1.49,2.38,0.00,0.00,S,6083550542,,USD,CS
70014126,01042,06,2,20251029,93200,000000040102,1.330,16.99,22.60,0.00,0.00,S,6083550542,,USD,CS
70014126,01042,06,3,20251029,93200,000000040201,3,8.99,26.97,0.00,0.00,S,6083550542,,USD,CS
70014126,01042,06,4,20251029,93200,000000094102,1,3.49,3.49,0.00,0.00,S,6083550542,,USD,CS
70014126,01042,06,5,20251029,93200,000004471023,1,3.49,3.49,0.00,0.22,S,6083550542,,USD,CS
70014127,01042,05,1,20251029,144332,000004473003,2,3.49,6.98,3.49,0.22,S,,BG25W39,USD,GC
70014127,01042,05,2,20251029,144332,000000020101,2,2.49,4.98,0.00,0.00,S,,,USD,GC
70014127,01042,05,3,20251029,144332,000000562001,1,10.99,10.99,0.00,0.69,S,,,USD,GC
70014128,01107,03,1,20251029,93511,000004492002,1,1.49,1.49,0.00,0.09,S,,,USD,CS
70014128,01107,03,2,20251029,93511,000000005102,3,5.49,16.47,0.00,0.00,S,,,USD,CS
70014128,01107,03,3,20251029,93511,000000040201,1,8.99,8.99,0.00,0.00,S,,,USD,CS
70014129,01107,02,1,20251029,71613,000004471023,3,3.49,10.47,0.00,0.65,S,6024609539,,USD,GC
70014129,01107,02,2,20251029,71613,000000040202,1,14.99,14.99,0.00,0.00,S,6024609539,,USD,GC
70014129,01107,02,3,20251029,71613,000000040201,1,8.99,8.99,0.00,0.00,S,6024609539,,USD,GC
70014130,01107,04,1,20251029,123746,000000094203,1.251,1.49,1.86,0.00,0.00,S,,,USD,CC
70014130,01107,04,2,20251029,123746,000000040202,1,14.99,14.99,0.00,0.00,S,,,USD,CC
70014131,02210,06,1,20251029,81623,000004492001,1,1.79,1.79,0.00,0.11,S,,,USD,DB
70014131,02210,06,2,20251029,81623,000004473002,2,2.79,5.58,2.79,0.17,S,,BG25W39,USD,DB
70014131,02210,06,3,20251029,81623,000000020201,1,5.49,5.49,0.00,0.00,S,,,USD,DB
70014131,02210,06,4,20251029,81623,000000005101,2,7.99,15.98,0.00,0.00,S,,,USD,DB
70014131,02210,06,5,20251029,81623,000000094301,0.767,4.39,3.37,0.00,0.00,S,,,USD,DB
70014132,02210,01,1,20251029,175451,000000093401,1.311,5.49,7.20,0.00,0.00,S,6086693465,,USD,GC
70014133,02210,06,1,20251029,174306,000004481002,1,7.99,7.99,0.00,0.50,S,,,USD,GC
70014134,02210,02,1,20251029,100801,000000552002,1,3.99,3.99,0.00,0.25,S,,,USD,GC
70014134,02210,02,2,20251029,100801,000000552001,1,4.49,4.49,0.00,0.28,S,,,USD,GC
70014135,02210,01,1,20251029,162446,000000094203,0.549,1.49,0.82,0.00,0.00,S,6077820582,,USD,CS
70014136,02210,05,1,20251029,133501,000000040101,1.109,18.99,21.06,0.00,0.00,S,,,USD,CC
70014136,02210,05,2,20251029,133501,000004481002,2,7.99,15.98,0.00,1.00,S,,,USD,CC
70014136,02210,05,3,20251029,133501,000000005301,1,5.49,5.49,0.00,0.00,S,,,USD,CC
70014136,02210,05,4,20251029,133501,000000562002,1,8.49,8.49,0.00,0.53,S,,,USD,CC
70014137,02211,02,1,20251029,81548,000000005101,1,7.99,7.99,0.00,0.00,S,6099187240,,USD,CS
70014137,02211,02,2,20251029,81548,000004483002,1,3.49,3.49,0.00,0.22,S,6099187240,,USD,CS
70014138,02211,02,1,20251029,184611,000004491001,1,2.49,2.49,0.00,0.16,S,6064186965,,USD,CC
70014139,02211,02,1,20251029,125130,000004491002,1,6.99,6.99,0.00,0.44,S,,,USD,CC
70014139,02211,02,2,20251029,125130,000004493001,1,5.49,5.49,0.00,0.34,S,,,USD,CC
70014139,02211,02,3,20251029,125130,000004471030,1,3.99,3.99,0.00,0.25,S,,,USD,CC
70014139,02211,02,4,20251029,125130,000004472001,1,3.99,3.99,0.00,0.25,S,,,USD,CC
70014139,02211,02,5,20251029,125130,000004492001,1,1.79,1.79,0.00,0.11,S,,,USD,CC
70014140,02211,03,1,20251029,215418,000004491003,1,1.99,1.99,0.00,0.12,S,6008222694,,USD,DB
70014140,02211,03,2,20251029,215418,000000040101,1.630,18.99,30.95,0.00,0.00,S,6008222694,,USD,DB
70014140,02211,03,3,20251029,215418,000000005103,3,6.99,20.97,0.00,0.00,S,6008222694,,USD,DB
70014140,02211,03,4,20251029,215418,000004483002,1,3.49,3.49,0.00,0.22,S,6008222694,,USD,DB
70014141,02211,05,1,20251029,213704,000000040102,1.644,16.99,27.93,0.00,0.00,S,,,USD,GC
70014141,02211,05,2,20251029,213704,000004493001,1,5.49,5.49,0.00,0.34,S,,,USD,GC
70014141,02211,05,3,20251029,213704,000004492001,1,1.79,1.79,0.00,0.11,S,,,USD,GC
70014141,02211,05,4,20251029,213704,000004482003,1,5.49,5.49,0.00,0.34,S,,,USD,GC
70014142,02211,02,1,20251029,131138,000000030203,1,8.49,8.49,0.00,0.00,S,6015122946,,USD,CC
70014142,02211,02,2,20251029,131138,000000020202,1,5.99,5.99,0.00,0.00,S,6015122946,,USD,CC
70014143,02211,04,1,20251029,155803,000000094103,1,3.79,3.79,0.00,0.00,S,,,USD,CC
70014144,02305,01,1,20251029,185029,000000040201,1,8.99,8.99,0.00,0.00,S,,,USD,GC
70014144,02305,01,2,20251029,185029,000000561002,2,7.49,14.98,3.75,0.70,S,,PC25W39,USD,GC
70014144,02305,01,3,20251029,185029,000000020203,1,6.49,6.49,0.00,0.00,S,,,USD,GC
70014145,02305,04,1,20251029,162800,000000093325,1.092,3.99,4.36,1.09,0.00,S,,PC25W39,USD,CC
70014145,02305,04,2,20251029,162800,000004492003,1,2.29,2.29,0.00,0.14,S,,,USD,CC
70014146,02305,03,1,20251029,71314,000004491003,1,1.99,1.99,0.00,0.12,S,6020995765,,USD,CS
70014146,02305,03,2,20251029,71314,000004473003,2,3.49,6.98,3.49,0.22,S,6020995765,BG25W39,USD,CS
70014147,02305,02,1,20251029,215240,000000094101,1,3.99,3.99,0.00,0.00,S,,,USD,CC
70014147,02305,02,2,20251029,215240,000000093502,1,3.99,3.99,0.00,0.00,S,,,USD,CC
70014147,02305,02,3,20251029,215240,000004492001,1,1.79,1.79,0.00,0.11,S,,,USD,CC
70014148,02305,02,1,20251029,80201,000000005102,1,5.49,5.49,0.00,0.00,S,6088457831,,USD,CC
70014148,02305,02,2,20251029,80201,000000094202,0.665,1.99,1.32,0.00,0.00,S,6088457831,,USD,CC
70014148,02305,02,3,20251029,80201,000000030103,1,8.99,8.99,0.00,0.00,S,6088457831,,USD,CC
70014148,02305,02,4,20251029,80201,000000030203,1,8.49,8.49,0.00,0.00,S,6088457831,,USD,CC
70014149,02305,04,1,20251029,114213,000000093322,1.465,1.99,2.92,0.00,0.00,S,,,USD,CC
70014149,02305,04,2,20251029,114213,000004492001,1,1.79,1.79,0.00,0.11,S,,,USD,CC
70014149,02305,04,3,20251029,114213,000004481001,1,7.99,7.99,0.00,0.50,S,,,USD,CC
70014149,02305,04,4,20251029,114213,000004483002,1,3.49,3.49,0.00,0.22,S,,,USD,CC
70014150,02305,06,1,20251029,171256,000000094302,1.962,5.49,10.77,0.00,0.00,S,6039660558,,USD,DB
70014150,02305,06,2,20251029,171256,000004472002,2,4.49,8.98,2.25,0.42,S,6039660558,PC25W39,USD,DB
70014151,03050,05,1,20251029,141252,000000030201,2,9.99,19.98,0.00,0.00,S,6044260781,,USD,DB
70014151,03050,05,2,20251029,141252,000000094203,0.569,1.49,0.85,0.00,0.00,S,6044260781,,USD,DB
70014151,03050,05,3,20251029,141252,000000040101,2.023,18.99,38.42,0.00,0.00,S,6044260781,,USD,DB
70014152,03050,02,1,20251029,144945,000000093401,1.254,5.49,6.88,0.00,0.00,S,,,USD,DB
70014152,03050,02,2,20251029,144945,000000093401,1.576,5.49,8.65,0.00,0.00,S,,,USD,DB
70014152,03050,02,3,20251029,144945,000000031102,0.731,19.99,14.61,0.00,0.00,S,,,USD,DB
70014152,03050,02,4,20251029,144945,000000094202,1.293,1.99,2.57,0.00,0.00,S,,,USD,DB
70014152,03050,02,5,20251029,144945,000004472002,1,4.49,4.49,1.12,0.21,S,,PC25W39,USD,DB
70014152,03050,02,6,20251029,144945,000004473003,1,3.49,3.49,0.00,0.22,S,,,USD,DB
70014153,03050,04,1,20251029,70817,000000551020,3,13.99,41.97,0.00,2.62,S,6087431527,,USD,CC
70014153,03050,04,2,20251029,70817,000004482003,1,5.49,5.49,0.00,0.34,S,6087431527,,USD,CC
70014153,03050,04,3,20251029,70817,000000005302,1,3.49,3.49,0.00,0.00,S,6087431527,,USD,CC
70014154,03050,06,1,20251029,161857,000000040201,1,8.99,8.99,0.00,0.00,R,,,USD,GC
70014155,03050,01,1,20251029,200951,000000005102,2,5.49,10.98,0.00,0.00,S,6053460605,,USD,GC
70014156,03050,02,1,20251029,124759,000000005201,2,3.99,7.98,0.00,0.00,S,,,USD,CC
70014156,03050,02,2,20251029,124759,000004472002,1,4.49,4.49,1.12,0.21,S,,PC25W39,USD,CC
70014157,03050,06,1,20251029,164015,000000093410,1.516,3.99,6.05,0.00,0.00,S,,,USD,DB
70014157,03050,06,2,20251029,164015,000000040201,1,8.99,8.99,0.00,0.00,S,,,USD,DB
70014157,03050,06,3,20251029,164015,000000093401,0.463,5.49,2.54,0.00,0.00,S,,,USD,DB
70014158,00317,06,1,20251029,134611,000000040203,1,16.29,16.29,0.00,0.00,S,,,CAD,GC
70014158,00317,06,2,20251029,134611,000000552002,2,5.39,10.78,0.00,0.67,S,,,CAD,GC
70014159,00317,04,1,20251029,204826,000000020202,1,8.09,8.09,0.00,0.00,S,,,CAD,DB
70014159,00317,04,2,20251029,204826,000000094302,0.897,7.49,6.72,0.00,0.00,S,,,CAD,DB
70014159,00317,04,3,20251029,204826,000004493001,2,7.49,14.98,0.00,0.94,S,,,CAD,DB
70014160,00317,01,1,20251029,195035,000000040101,0.272,25.79,7.01,0.00,0.00,S,6066176620,,CAD,DB
70014160,00317,01,2,20251029,195035,000000020102,2,4.69,9.38,0.00,0.00,S,6066176620,,CAD,DB
70014161,00317,04,1,20251029,200918,000004481001,1,10.89,10.89,0.00,0.68,R,,,CAD,GC
70014162,00317,03,1,20251029,183931,000000040101,1.940,25.79,50.03,0.00,0.00,S,,,CAD,CC
70014162,00317,03,2,20251029,183931,000000093503,2,5.79,11.58,5.79,0.00,S,,BG25W39,CAD,CC
70014162,00317,03,3,20251029,183931,000000020203,1,8.79,8.79,0.00,0.00,S,,,CAD,CC
70014162,00317,03,4,20251029,183931,000000093322,0.853,2.69,2.29,0.00,0.00,S,,,CAD,CC
70014162,00317,03,5,20251029,183931,000004472002,1,6.09,6.09,1.52,0.29,S,,PC25W39,CAD,CC
70014162,00317,03,6,20251029,183931,000004491002,1,9.49,9.49,0.00,0.59,S,,,CAD,CC
70014163,00317,03,1,20251029,132544,000000020103,2,6.79,13.58,0.00,0.00,S,6087020701,,CAD,CC
70014163,00317,03,2,20251029,132544,000000093321,0.711,1.99,1.41,0.00,0.00,S,6087020701,,CAD,CC
70014164,00317,01,1,20251029,81451,000000561002,2,10.19,20.38,5.09,0.96,S,,PC25W39,CAD,DB
70014164,00317,01,2,20251029,81451,000000094102,1,4.69,4.69,0.00,0.00,S,,,CAD,DB
70014164,00317,01,3,20251029,81451,000000094203,0.707,1.99,1.41,0.00,0.00,S,,,CAD,DB
70014165,00317,02,1,20251029,122800,000000005102,1,7.49,7.49,0.00,0.00,S,,,CAD,CC
70014166,00322,01,1,20251029,132720,000004472002,1,6.09,6.09,1.52,0.29,S,,PC25W39,CAD,CS
70014167,00322,05,1,20251029,101209,000000005103,1,9.49,9.49,0.00,0.00,S,,,CAD,DB
70014167,00322,05,2,20251029,101209,000004491002,1,9.49,9.49,0.00,0.59,S,,,CAD,DB
70014167,00322,05,3,20251029,101209,000000005020,1,6.09,6.09,0.00,0.00,S,,,CAD,DB
70014168,00322,04,1,20251029,154735,000004492003,1,3.09,3.09,0.00,0.19,S,6006503121,,CAD,DB
70014168,00322,04,2,20251029,154735,000000005201,2,5.39,10.78,0.00,0.00,S,6006503121,,CAD,DB
70014169,00322,03,1,20251029,170511,000004472002,1,6.09,6.09,1.52,0.29,S,6059572446,PC25W39,CAD,CC
70014170,00322,02,1,20251029,125349,000004473002,2,3.79,7.58,3.79,0.24,S,,BG25W39,CAD,DB
70014170,00322,02,2,20251029,125349,000004483001,3,6.79,20.37,0.00,1.27,S,,,CAD,DB
70014170,00322,02,3,20251029,125349,000000562002,1,11.49,11.49,0.00,0.72,S,,,CAD,DB
70014170,00322,02,4,20251029,125349,000004492002,1,1.99,1.99,0.00,0.12,S,,,CAD,DB
70014171,00322,06,1,20251029,140153,000004471030,1,5.39,5.39,0.00,0.34,S,,,CAD,CS
70014171,00322,06,2,20251029,140153,000000094202,1.802,2.69,4.85,0.00,0.00,S,,,CAD,CS
70014171,00322,06,3,20251029,140153,000000040203,1,16.29,16.29,0.00,0.00,S,,,CAD,CS
70014172,00322,05,1,20251029,131951,000000005012,1,5.39,5.39,0.00,0.00,S,,,CAD,CC
70014172,00322,05,2,20251029,131951,000004492001,1,2.39,2.39,0.00,0.15,S,,,CAD,CC
70014172,00322,05,3,20251029,131951,000000005302,1,4.69,4.69,0.00,0.00,S,,,CAD,CC
70014172,00322,05,4,20251029,131951,000000561002,2,10.19,20.38,5.09,0.96,S,,PC25W39,CAD,CC
70014173,01042,03,1,20251030,94349,000000093503,3,4.29,12.87,4.29,0.00,S,,BG25W39,USD,CC
70014173,01042,03,2,20251030,94349,000000020102,1,3.49,3.49,0.00,0.00,S,,,USD,CC
70014173,01042,03,3,20251030,94349,000000005020,2,4.49,8.98,0.00,0.00,S,,,USD,CC
70014173,01042,03,4,20251030,94349,000000020201,1,5.49,5.49,0.00,0.00,S,,,USD,CC
70014174,01042,02,1,20251030,192534,000000093503,2,4.29,8.58,4.29,0.00,S,,BG25W39,USD,DB
70014175,01042,05,1,20251030,164858,000000020102,1,3.49,3.49,0.00,0.00,S,,,USD,CC
70014175,01042,05,2,20251030,164858,000000005101,2,7.99,15.98,0.00,0.00,S,,,USD,CC
70014175,01042,05,3,20251030,164858,000004491001,3,2.49,7.47,0.00,0.47,S,,,USD,CC
70014176,01042,03,1,20251030,202520,000000005013,1,3.89,3.89,0.00,0.00,S,6043697093,,USD,GC
70014176,01042,03,2,20251030,202520,000004482002,2,17.99,35.98,0.00,2.25,S,6043697093,,USD,GC
70014177,01107,02,1,20251030,122647,000000093401,1.216,5.49,6.68,0.00,0.00,S,,,USD,CS
70014177,01107,02,2,20251030,122647,000004491002,2,6.99,13.98,0.00,0.87,S,,,USD,CS
70014177,01107,02,3,20251030,122647,000000005020,3,4.49,13.47,0.00,0.00,S,,,USD,CS
70014177,01107,02,4,20251030,122647,000000561002,1,7.49,7.49,1.87,0.35,S,,PC25W39,USD,CS
70014177,01107,02,5,20251030,122647,000000040101,0.359,18.99,6.82,0.00,0.00,S,,,USD,CS
70014178,01107,04,1,20251030,201503,000000040203,1,11.99,11.99,0.00,0.00,S,6068783391,,USD,DB
70014179,01107,02,1,20251030,84556,000000005102,1,5.49,5.49,0.00,0.00,S,,,USD,CC
70014179,01107,02,2,20251030,84556,000000094203,1.593,1.49,2.37,0.00,0.00,S,,,USD,CC
70014179,01107,02,3,20251030,84556,000004482003,1,5.49,5.49,0.00,0.34,S,,,USD,CC
70014180,01107,03,1,20251030,214650,000004473001,3,2.99,8.97,0.00,0.56,S,,,USD,GC
70014180,01107,03,2,20251030,214650,000000040201,1,8.99,8.99,0.00,0.00,S,,,USD,GC
70014181,01107,06,1,20251030,164336,000004482001,1,13.99,13.99,0.00,0.87,S,6032020417,,USD,CC
70014181,01107,06,2,20251030,164336,000000561002,1,7.49,7.49,1.87,0.35,S,6032020417,PC25W39,USD,CC
70014181,01107,06,3,20251030,164336,000004473003,2,3.49,6.98,3.49,0.22,S,6032020417,BG25W39,USD,CC
70014181,01107,06,4,20251030,164336,000000005012,1,3.99,3.99,0.00,0.00,S,6032020417,,USD,CC
70014182,02210,05,1,20251030,183211,000000020102,1,3.49,3.49,0.00,0.00,S,6025621689,,USD,GC
70014183,02210,03,1,20251030,143511,000000020101,1,2.49,2.49,0.00,0.00,S,,,USD,DB
70014183,02210,03,2,20251030,143511,000000093401,1.148,5.49,6.30,0.00,0.00,S,,,USD,DB
70014183,02210,03,3,20251030,143511,000000093410,2.183,3.99,8.71,0.00,0.00,S,,,USD,DB
70014184,02210,05,1,20251030,175722,000000030102,1,14.99,14.99,0.00,0.00,S,6091251778,,USD,CC
70014185,02210,03,1,20251030,182020,000000030203,1,8.49,8.49,0.00,0.00,S,,,USD,CC
70014185,02210,03,2,20251030,182020,000000020202,1,5.99,5.99,0.00,0.00,S,,,USD,CC
70014185,02210,03,3,20251030,182020,000000093501,1,4.49,4.49,0.00,0.00,S,,,USD,CC
70014185,02210,03,4,20251030,182020,000004472002,2,4.49,8.98,2.25,0.42,S,,PC25W39,USD,CC
70014185,02210,03,5,20251030,182020,000004482002,1,17.99,17.99,0.00,1.12,S,,,USD,CC
70014186,02210,01,1,20251030,205618,000000031101,1.510,24.99,37.73,0.00,0.00,S,,,USD,CC
70014187,02210,04,1,20251030,212224,000000561002,2,7.49,14.98,3.75,0.70,S,6030120471,PC25W39,USD,GC
70014187,02210,04,2,20251030,212224,000000020203,1,6.49,6.49,0.00,0.00,S,6030120471,,USD,GC
70014187,02210,04,3,20251030,212224,000000551021,1,11.99,11.99,0.00,0.75,S,6030120471,,USD,GC
70014187,02210,04,4,20251030,212224,000000005301,1,5.49,5.49,0.00,0.00,S,6030120471,,USD,GC
70014187,02210,04,5,20251030,212224,000000562001,1,10.99,10.99,0.00,0.69,S,6030120471,,USD,GC
70014188,02210,01,1,20251030,140106,000004473002,2,2.79,5.58,2.79,0.17,S,6042429563,BG25W39,USD,CC
70014188,02210,01,2,20251030,140106,000000094301,1.597,4.39,7.01,0.00,0.00,S,6042429563,,USD,CC
70014188,02210,01,3,20251030,140106,000000093410,0.837,3.99,3.34,0.00,0.00,S,6042429563,,USD,CC
70014189,02211,06,1,20251030,120840,000004493002,1,3.99,3.99,0.00,0.25,S,6013407451,,USD,CS
70014189,02211,06,2,20251030,120840,000004481002,1,7.99,7.99,0.00,0.50,S,6013407451,,USD,CS
70014190,02211,06,1,20251030,121655,000004482002,1,17.99,17.99,0.00,1.12,S,6004899642,,USD,GC
70014190,02211,06,2,20251030,121655,000000005103,2,6.99,13.98,0.00,0.00,S,6004899642,,USD,GC
70014190,02211,06,3,20251030,121655,000000020202,1,5.99,5.99,0.00,0.00,S,6004899642,,USD,GC
70014191,02211,05,1,20251030,94428,000000562001,3,10.99,32.97,0.00,2.06,S,6028341108,,USD,CC
70014191,02211,05,2,20251030,94428,000000005012,1,3.99,3.99,0.00,0.00,S,6028341108,,USD,CC
70014191,02211,05,3,20251030,94428,000004482001,1,13.99,13.99,0.00,0.87,S,6028341108,,USD,CC
70014192,02305,02,1,20251030,132548,000004473001,1,2.99,2.99,0.00,0.19,S,,,USD,CC
70014192,02305,02,2,20251030,132548,000004471024,1,3.49,3.49,0.00,0.22,S,,,USD,CC
70014193,02305,03,1,20251030,71715,000000005101,1,7.99,7.99,0.00,0.00,S,6030347786,,USD,CC
70014194,02305,05,1,20251030,90944,000004493001,1,5.49,5.49,0.00,0.34,S,,,USD,CS
70014194,02305,05,2,20251030,90944,000000040202,1,14.99,14.99,0.00,0.00,S,,,USD,CS
70014195,02305,05,1,20251030,201247,000000020101,1,2.49,2.49,0.00,0.00,S,,,USD,CS
70014196,02305,02,1,20251030,181645,000000005101,2,7.99,15.98,0.00,0.00,S,6090833509,,USD,DB
70014196,02305,02,2,20251030,181645,000004491003,1,1.99,1.99,0.00,0.12,S,6090833509,,USD,DB
70014196,02305,02,3,20251030,181645,000004483002,2,3.49,6.98,0.00,0.44,S,6090833509,,USD,DB
70014197,02305,05,1,20251030,92112,000000030203,2,8.49,16.98,8.49,0.00,S,,BG25W39,USD,CC
70014197,02305,05,2,20251030,92112,000000005101,1,7.99,7.99,0.00,0.00,S,,,USD,CC
70014197,02305,05,3,20251030,92112,000000094203,1.639,1.49,2.44,0.00,0.00,S,,,USD,CC
70014198,02305,03,1,20251030,170915,000000562001,2,10.99,21.98,0.00,1.37,S,,,USD,CS
70014198,02305,03,2,20251030,170915,000000094302,1.612,5.49,8.85,0.00,0.00,S,,,USD,CS
70014198,02305,03,3,20251030,170915,000004471024,1,3.49,3.49,0.00,0.22,S,,,USD,CS
70014198,02305,03,4,20251030,170915,000000005202,2,5.99,11.98,0.00,0.00,S,,,USD,CS
70014198,02305,03,5,20251030,170915,000000005103,1,6.99,6.99,0.00,0.00,S,,,USD,CS
70014199,02305,04,1,20251030,73408,000000552002,1,3.99,3.99,0.00,0.25,S,6006229231,,USD,CC
70014200,02305,02,1,20251030,180523,000000030103,1,8.99,8.99,0.00,0.00,S,6014878245,,USD,DB
70014200,02305,02,2,20251030,180523,000000020203,1,6.49,6.49,0.00,0.00,S,6014878245,,USD,DB
70014200,02305,02,3,20251030,180523,000000094101,2,3.99,7.98,0.00,0.00,S,6014878245,,USD,DB
70014201,02305,03,1,20251030,153119,000000031102,2.129,19.99,42.56,0.00,0.00,S,,,USD,GC
70014201,02305,03,2,20251030,153119,000000562002,1,8.49,8.49,0.00,0.53,S,,,USD,GC
70014201,02305,03,3,20251030,153119,000000040202,1,14.99,14.99,0.00,0.00,S,,,USD,GC
70014201,02305,03,4,20251030,153119,000000030101,1,6.99,6.99,0.00,0.00,S,,,USD,GC
70014202,02305,01,1,20251030,154825,000000020102,3,3.49,10.47,0.00,0.00,S,,,USD,CC
70014202,02305,01,2,20251030,154825,000000005020,1,4.49,4.49,0.00,0.00,S,,,USD,CC
70014202,02305,01,3,20251030,154825,000000094102,1,3.49,3.49,0.00,0.00,S,,,USD,CC
70014202,02305,01,4,20251030,154825,000000020102,1,3.49,3.49,0.00,0.00,S,,,USD,CC
70014202,02305,01,5,20251030,154825,000000040102,0.924,16.99,15.70,0.00,0.00,S,,,USD,CC
70014202,02305,01,6,20251030,154825,000004472002,1,4.49,4.49,1.12,0.21,S,,PC25W39,USD,CC
70014203,03050,05,1,20251030,174951,000004493002,1,3.99,3.99,0.00,0.25,S,6025699611,,USD,DB
70014203,03050,05,2,20251030,174951,000000040102,0.607,16.99,10.31,0.00,0.00,S,6025699611,,USD,DB
70014203,03050,05,3,20251030,174951,000000093325,1.123,3.99,4.48,1.12,0.00,S,6025699611,PC25W39,USD,DB
70014203,03050,05,4,20251030,174951,000000562002,2,8.49,16.98,0.00,1.06,S,6025699611,,USD,DB
70014204,03050,05,1,20251030,193546,000000094202,1.297,1.99,2.58,0.00,0.00,R,,,USD,CC
70014205,03050,02,1,20251030,180819,000004491001,1,2.49,2.49,0.00,0.16,S,6047472197,,USD,GC
70014205,03050,02,2,20251030,180819,000004473003,2,3.49,6.98,3.49,0.22,S,6047472197,BG25W39,USD,GC
70014205,03050,02,3,20251030,180819,000004493002,1,3.99,3.99,0.00,0.25,S,6047472197,,USD,GC
70014205,03050,02,4,20251030,180819,000000561002,1,7.49,7.49,1.87,0.35,S,6047472197,PC25W39,USD,GC
70014205,03050,02,5,20251030,180819,000000005013,2,3.89,7.78,0.00,0.00,S,6047472197,,USD,GC
70014206,03050,06,1,20251030,114947,000004471024,2,3.49,6.98,0.00,0.44,S,6024406306,,USD,DB
70014206,03050,06,2,20251030,114947,000000094202,1.033,1.99,2.06,0.00,0.00,S,6024406306,,USD,DB
70014206,03050,06,3,20251030,114947,000000094302,0.541,5.49,2.97,0.00,0.00,S,6024406306,,USD,DB
70014206,03050,06,4,20251030,114947,000000030201,1,9.99,9.99,0.00,0.00,S,6024406306,,USD,DB
70014206,03050,06,5,20251030,114947,000004471030,2,3.99,7.98,0.00,0.50,S,6024406306,,USD,DB
70014207,03050,02,1,20251030,92118,000000551021,1,11.99,11.99,0.00,0.75,S,,,USD,DB
70014208,03050,02,1,20251030,203511,000000030103,1,8.99,8.99,0.00,0.00,S,6016580464,,USD,CC
70014208,03050,02,2,20251030,203511,000000561002,1,7.49,7.49,1.87,0.35,S,6016580464,PC25W39,USD,CC
70014208,03050,02,3,20251030,203511,000000561002,1,7.49,7.49,1.87,0.35,S,6016580464,PC25W39,USD,CC
70014208,03050,02,4,20251030,203511,000000005301,2,5.49,10.98,0.00,0.00,S,6016580464,,USD,CC
70014208,03050,02,5,20251030,203511,000004493002,1,3.99,3.99,0.00,0.25,S,6016580464,,USD,CC
70014208,03050,02,6,20251030,203511,000004473002,3,2.79,8.37,2.79,0.35,S,6016580464,BG25W39,USD,CC
70014209,03050,02,1,20251030,74125,000000005020,1,4.49,4.49,0.00,0.00,S,,,USD,DB
70014209,03050,02,2,20251030,74125,000004473002,2,2.79,5.58,2.79,0.17,S,,BG25W39,USD,DB
70014210,03050,03,1,20251030,200904,000000093325,2.002,3.99,7.99,2.00,0.00,S,6026620157,PC25W39,USD,CC
70014210,03050,03,2,20251030,200904,000004492002,1,1.49,1.49,0.00,0.09,S,6026620157,,USD,CC
70014210,03050,03,3,20251030,200904,000004473003,1,3.49,3.49,0.00,0.22,S,6026620157,,USD,CC
70014210,03050,03,4,20251030,200904,000000040202,1,14.99,14.99,0.00,0.00,S,6026620157,,USD,CC
70014211,03050,04,1,20251030,184444,000000093503,2,4.29,8.58,4.29,0.00,S,6018489554,BG25W39,USD,CC
70014211,03050,04,2,20251030,184444,000004492003,1,2.29,2.29,0.00,0.14,S,6018489554,,USD,CC
70014211,03050,04,3,20251030,184444,000004492003,1,2.29,2.29,0.00,0.14,S,6018489554,,USD,CC
70014211,03050,04,4,20251030,184444,000000005202,1,5.99,5.99,0.00,0.00,S,6018489554,,USD,CC
70014212,03050,02,1,20251030,204422,000000005201,1,3.99,3.99,0.00,0.00,S,,,USD,CS
70014213,00317,02,1,20251030,184156,000004492003,1,3.09,3.09,0.00,0.19,S,6041132579,,CAD,DB
70014214,00317,03,1,20251030,144258,000004473003,1,4.69,4.69,0.00,0.29,S,6012490352,,CAD,CC
70014214,00317,03,2,20251030,144258,000000020201,2,7.49,14.98,0.00,0.00,S,6012490352,,CAD,CC
70014214,00317,03,3,20251030,144258,000004492002,1,1.99,1.99,0.00,0.12,S,6012490352,,CAD,CC
70014215,00317,06,1,20251030,144456,000004491001,1,3.39,3.39,0.00,0.21,S,,,CAD,CS
70014215,00317,06,2,20251030,144456,000000094202,0.470,2.69,1.26,0.00,0.00,S,,,CAD,CS
70014216,00317,04,1,20251030,181147,000004492050,1,2.99,2.99,0.00,0.19,S,6024648449,,CAD,CC
70014216,00317,04,2,20251030,181147,000004473003,2,4.69,9.38,4.69,0.29,S,6024648449,BG25W39,CAD,CC
70014217,00317,04,1,20251030,140513,000000020203,3,8.79,26.37,0.00,0.00,S,6040903802,,CAD,DB
70014217,00317,04,2,20251030,140513,000000561002,1,10.19,10.19,2.55,0.48,S,6040903802,PC25W39,CAD,DB
70014217,00317,04,3,20251030,140513,000004493002,3,5.39,16.17,0.00,1.01,S,6040903802,,CAD,DB
70014218,00317,04,1,20251030,204442,000000020101,1,3.39,3.39,0.00,0.00,S,6078507208,,CAD,GC
70014218,00317,04,2,20251030,204442,000000093502,1,5.39,5.39,0.00,0.00,S,6078507208,,CAD,GC
70014218,00317,04,3,20251030,204442,000000551021,1,16.29,16.29,0.00,1.02,S,6078507208,,CAD,GC
70014218,00317,04,4,20251030,204442,000000562002,1,11.49,11.49,0.00,0.72,S,6078507208,,CAD,GC
70014218,00317,04,5,20251030,204442,000004472050,1,5.39,5.39,0.00,0.34,S,6078507208,,CAD,GC
70014219,00317,02,1,20251030,90724,000000093503,2,5.79,11.58,5.79,0.00,S,,BG25W39,CAD,CS
70014219,00317,02,2,20251030,90724,000000552002,2,5.39,10.78,0.00,0.67,S,,,CAD,CS
70014219,00317,02,3,20251030,90724,000000093321,0.494,1.99,0.98,0.00,0.00,S,,,CAD,CS
70014220,00317,02,1,20251030,152451,000000093503,2,5.79,11.58,5.79,0.00,S,6028715399,BG25W39,CAD,CC
70014220,00317,02,2,20251030,152451,000004491003,1,2.69,2.69,0.00,0.17,S,6028715399,,CAD,CC
70014220,00317,02,3,20251030,152451,000000551021,1,16.29,16.29,0.00,1.02,S,6028715399,,CAD,CC
70014220,00317,02,4,20251030,152451,000000552001,3,6.09,18.27,0.00,1.14,S,6028715399,,CAD,CC
70014221,00317,03,1,20251030,150533,000000561002,1,10.19,10.19,2.55,0.48,S,6062127602,PC25W39,CAD,CS
70014221,00317,03,2,20251030,150533,000004492001,1,2.39,2.39,0.00,0.15,S,6062127602,,CAD,CS
70014222,00317,04,1,20251030,210112,000004492002,1,1.99,1.99,0.00,0.12,S,,,CAD,DB
70014223,00322,03,1,20251030,170642,000004473002,2,3.79,7.58,3.79,0.24,S,,BG25W39,CAD,CC
70014223,00322,03,2,20251030,170642,000004472002,3,6.09,18.27,4.57,0.86,S,,PC25W39,CAD,CC
70014223,00322,03,3,20251030,170642,000004492003,2,3.09,6.18,0.00,0.39,S,,,CAD,CC
70014223,00322,03,4,20251030,170642,000000005101,1,10.89,10.89,0.00,0.00,S,,,CAD,CC
70014223,00322,03,5,20251030,170642,000000005012,2,5.39,10.78,0.00,0.00,S,,,CAD,CC
70014223,00322,03,6,20251030,170642,000000020202,3,8.09,24.27,0.00,0.00,S,,,CAD,CC
70014224,00322,03,1,20251030,90209,000000005101,1,10.89,10.89,0.00,0.00,S,6028179340,,CAD,DB
70014224,00322,03,2,20251030,90209,000000005302,1,4.69,4.69,0.00,0.00,S,6028179340,,CAD,DB
70014224,00322,03,3,20251030,90209,000000020201,1,7.49,7.49,0.00,0.00,S,6028179340,,CAD,DB
70014224,00322,03,4,20251030,90209,000004481003,1,6.79,6.79,0.00,0.42,S,6028179340,,CAD,DB
70014225,00322,01,1,20251030,144354,000000040201,1,12.19,12.19,0.00,0.00,S,6000499154,,CAD,CS
70014225,00322,01,2,20251030,144354,000000020201,1,7.49,7.49,0.00,0.00,S,6000499154,,CAD,CS
70014226,00322,02,1,20251030,103543,000004482002,1,24.49,24.49,0.00,1.53,S,,,CAD,CC
70014226,00322,02,2,20251030,103543,000000561002,1,10.19,10.19,2.55,0.48,S,,PC25W39,CAD,CC
70014227,00322,06,1,20251030,152814,000000005301,1,7.49,7.49,0.00,0.00,S,,,CAD,CC
70014227,00322,06,2,20251030,152814,000000005301,1,7.49,7.49,0.00,0.00,S,,,CAD,CC
70014227,00322,06,3,20251030,152814,000000005301,1,7.49,7.49,0.00,0.00,V,,,CAD,CC
70014228,01042,06,1,20251031,181810,000000020203,1,6.49,6.49,0.00,0.00,S,,,USD,GC
70014229,01042,06,1,20251031,141319,000000020103,1,4.99,4.99,0.00,0.00,S,6099077262,,USD,CC
70014229,01042,06,2,20251031,141319,000000551020,1,13.99,13.99,0.00,0.87,S,6099077262,,USD,CC
70014229,01042,06,3,20251031,141319,000004481001,1,7.99,7.99,0.00,0.50,S,6099077262,,USD,CC
70014230,01042,03,1,20251031,161420,000000020101,3,2.49,7.47,0.00,0.00,S,6008501657,,USD,DB
70014230,01042,03,2,20251031,161420,000004471024,2,3.49,6.98,0.00,0.44,S,6008501657,,USD,DB
70014230,01042,03,3,20251031,161420,000004473003,2,3.49,6.98,3.49,0.22,S,6008501657,BG25W39,USD,DB
70014230,01042,03,4,20251031,161420,000000030201,1,9.99,9.99,0.00,0.00,S,6008501657,,USD,DB
70014230,01042,03,5,20251031,161420,000000030102,1,14.99,14.99,0.00,0.00,S,6008501657,,USD,DB
70014230,01042,03,6,20251031,161420,000000093410,1.395,3.99,5.57,0.00,0.00,S,6008501657,,USD,DB
70014231,01042,01,1,20251031,115734,000004481003,1,4.99,4.99,0.00,0.31,S,6057937639,,USD,GC
70014232,01042,05,1,20251031,150936,000000040203,1,11.99,11.99,0.00,0.00,S,,,USD,CC
70014232,01042,05,2,20251031,150936,000000005020,2,4.49,8.98,0.00,0.00,S,,,USD,CC
70014233,01042,04,1,20251031,200634,000000030202,1,11.49,11.49,0.00,0.00,S,6094065578,,USD,CS
70014234,01042,01,1,20251031,133606,000000094202,1.262,1.99,2.51,0.00,0.00,S,6037183764,,USD,CC
70014234,01042,01,2,20251031,133606,000000005301,1,5.49,5.49,0.00,0.00,S,6037183764,,USD,CC
70014234,01042,01,3,20251031,133606,000000030102,1,14.99,14.99,0.00,0.00,S,6037183764,,USD,CC
70014235,01042,06,1,20251031,202900,000000094301,0.693,4.39,3.04,0.00,0.00,S,6097339776,,USD,DB
70014236,01107,05,1,20251031,104702,000000005301,1,5.49,5.49,0.00,0.00,S,6075150939,,USD,CS
70014236,01107,05,2,20251031,104702,000000005301,1,5.49,5.49,0.00,0.00,S,6075150939,,USD,CS
70014236,01107,05,3,20251031,104702,000000005013,3,3.89,11.67,0.00,0.00,S,6075150939,,USD,CS
70014236,01107,05,4,20251031,104702,000004471023,2,3.49,6.98,0.00,0.44,S,6075150939,,USD,CS
70014237,01107,03,1,20251031,115541,000000040201,1,8.99,8.99,0.00,0.00,S,,,USD,GC
70014237,01107,03,2,20251031,115541,000000040101,1.895,18.99,35.99,0.00,0.00,S,,,USD,GC
70014237,01107,03,3,20251031,115541,000004473001,1,2.99,2.99,0.00,0.19,S,,,USD,GC
70014238,01107,02,1,20251031,120231,000000005012,1,3.99,3.99,0.00,0.00,S,,,USD,DB
70014238,01107,02,2,20251031,120231,000004491001,2,2.49,4.98,0.00,0.31,S,,,USD,DB
70014238,01107,02,3,20251031,120231,000000040102,0.277,16.99,4.71,0.00,0.00,S,,,USD,DB
70014239,02210,05,1,20251031,165916,000004473002,2,2.79,5.58,2.79,0.17,S,,BG25W39,USD,CC
70014239,02210,05,2,20251031,165916,000000005013,2,3.89,7.78,0.00,0.00,S,,,USD,CC
70014239,02210,05,3,20251031,165916,000000094301,1.235,4.39,5.42,0.00,0.00,S,,,USD,CC
70014240,02210,03,1,20251031,122451,000000020202,2,5.99,11.98,0.00,0.00,S,,,USD,CC
70014240,02210,03,2,20251031,122451,000000094203,0.991,1.49,1.48,0.00,0.00,S,,,USD,CC
70014240,02210,03,3,20251031,122451,000000094201,1.131,1.69,1.91,0.00,0.00,S,,,USD,CC
70014241,02210,03,1,20251031,193606,000000030101,1,6.99,6.99,0.00,0.00,S,6052763655,,USD,GC
70014241,02210,03,2,20251031,193606,000000040102,0.476,16.99,8.09,0.00,0.00,S,6052763655,,USD,GC
70014242,02210,04,1,20251031,101906,000000005102,2,5.49,10.98,0.00,0.00,S,6065421406,,USD,GC
70014242,02210,04,2,20251031,101906,000000040102,1.846,16.99,31.36,0.00,0.00,S,6065421406,,USD,GC
70014242,02210,04,3,20251031,101906,000000093325,1.969,3.99,7.86,1.97,0.00,S,6065421406,PC25W39,USD,GC
70014242,02210,04,4,20251031,101906,000004471024,1,3.49,3.49,0.00,0.22,S,6065421406,,USD,GC
70014242,02210,04,5,20251031,101906,000000040102,2.076,16.99,35.27,0.00,0.00,S,6065421406,,USD,GC
70014242,02210,04,6,20251031,101906,000000040202,1,14.99,14.99,0.00,0.00,S,6065421406,,USD,GC
70014243,02210,04,1,20251031,175344,000000005202,1,5.99,5.99,0.00,0.00,S,6028519611,,USD,CS
70014243,02210,04,2,20251031,175344,000004471030,1,3.99,3.99,0.00,0.25,S,6028519611,,USD,CS
70014243,02210,04,3,20251031,175344,000000005020,1,4.49,4.49,0.00,0.00,S,6028519611,,USD,CS
70014244,02210,05,1,20251031,184905,000000093503,2,4.29,8.58,4.29,0.00,S,6009456534,BG25W39,USD,CC
70014244,02210,05,2,20251031,184905,000004493001,1,5.49,5.49,0.00,0.34,S,6009456534,,USD,CC
70014245,02210,05,1,20251031,190129,000004481002,1,7.99,7.99,0.00,0.50,S,6051728975,,USD,DB
70014245,02210,05,2,20251031,190129,000000552002,1,3.99,3.99,0.00,0.25,S,6051728975,,USD,DB
70014245,02210,05,3,20251031,190129,000000094102,1,3.49,3.49,0.00,0.00,S,6051728975,,USD,DB
70014245,02210,05,4,20251031,190129,000000005101,2,7.99,15.98,0.00,0.00,S,6051728975,,USD,DB
70014245,02210,05,5,20251031,190129,000004473003,1,3.49,3.49,0.00,0.22,S,6051728975,,USD,DB
70014245,02210,05,6,20251031,190129,000004491001,1,2.49,2.49,0.00,0.16,S,6051728975,,USD,DB
70014246,02210,02,1,20251031,180751,000000561002,3,7.49,22.47,5.62,1.05,S,,PC25W39,USD,CS
70014247,02210,01,1,20251031,81911,000004493001,1,5.49,5.49,0.00,0.34,S,,,USD,GC
70014247,02210,01,2,20251031,81911,000000040101,0.710,18.99,13.48,0.00,0.00,S,,,USD,GC
70014247,02210,01,3,20251031,81911,000000005013,1,3.89,3.89,0.00,0.00,S,,,USD,GC
70014247,02210,01,4,20251031,81911,000000552002,2,3.99,7.98,0.00,0.50,S,,,USD,GC
70014247,02210,01,5,20251031,81911,000000020201,1,5.49,5.49,0.00,0.00,S,,,USD,GC
70014247,02210,01,6,20251031,81911,000004473003,2,3.49,6.98,3.49,0.22,S,,BG25W39,USD,GC
70014248,02210,03,1,20251031,132816,000000040102,1.606,16.99,27.29,0.00,0.00,S,,,USD,DB
70014248,02210,03,2,20251031,132816,000000020103,1,4.99,4.99,0.00,0.00,S,,,USD,DB
70014248,02210,03,3,20251031,132816,000000005202,2,5.99,11.98,0.00,0.00,S,,,USD,DB
70014249,02211,99,1,20251031,150959,000000040101,0.740,18.99,14.05,0.00,0.00,S,,,USD,CC
70014249,02211,99,2,20251031,150959,000000005302,1,3.49,3.49,0.00,0.00,S,,,USD,CC
70014250,02211,01,1,20251031,74027,000004473002,1,2.79,2.79,0.00,0.17,S,,,USD,CC
70014250,02211,01,2,20251031,74027,000000562002,3,8.49,25.47,0.00,1.59,S,,,USD,CC
70014251,02211,05,1,20251031,105352,000000040102,0.972,16.99,16.51,0.00,0.00,S,,,USD,GC
70014251,02211,05,2,20251031,105352,000000040101,2.133,18.99,40.51,0.00,0.00,S,,,USD,GC
70014251,02211,05,3,20251031,105352,000000005201,1,3.99,3.99,0.00,0.00,S,,,USD,GC
70014251,02211,05,4,20251031,105352,000004483002,1,3.49,3.49,0.00,0.22,S,,,USD,GC
70014251,02211,05,5,20251031,105352,000004472002,2,4.49,8.98,2.25,0.42,S,,PC25W39,USD,GC
70014251,02211,05,6,20251031,105352,000004472002,2,4.49,8.98,2.25,0.42,S,,PC25W39,USD,GC
70014252,02305,01,1,20251031,113338,000004471040,1,2.49,2.49,0.00,0.16,S,6091767993,,USD,GC
70014252,02305,01,2,20251031,113338,000000030103,1,8.99,8.99,0.00,0.00,S,6091767993,,USD,GC
70014252,02305,01,3,20251031,113338,000000093503,2,4.29,8.58,4.29,0.00,S,6091767993,BG25W39,USD,GC
70014253,02305,05,1,20251031,93240,000000094101,1,3.99,3.99,0.00,0.00,S,,,USD,CC
70014253,02305,05,2,20251031,93240,000000094302,0.451,5.49,2.48,0.00,0.00,S,,,USD,CC
70014253,02305,05,3,20251031,93240,000004491001,1,2.49,2.49,0.00,0.16,S,,,USD,CC
70014254,02305,03,1,20251031,165252,000004473003,2,3.49,6.98,3.49,0.22,S,,BG25W39,USD,DB
70014254,02305,03,2,20251031,165252,000004491001,1,2.49,2.49,0.00,0.16,S,,,USD,DB
70014254,02305,03,3,20251031,165252,000000005201,1,3.99,3.99,0.00,0.00,S,,,USD,DB
70014254,02305,03,4,20251031,165252,000000005201,1,3.99,3.99,0.00,0.00,S,,,USD,DB
70014254,02305,03,5,20251031,165252,000004491002,1,6.99,6.99,0.00,0.44,S,,,USD,DB
70014254,02305,03,6,20251031,165252,000000030101,1,6.99,6.99,0.00,0.00,S,,,USD,DB
70014255,02305,01,1,20251031,92431,000000040101,0.340,18.99,6.46,0.00,0.00,S,,,USD,GC
70014255,02305,01,2,20251031,92431,000000040102,1.599,16.99,27.17,0.00,0.00,S,,,USD,GC
70014256,02305,06,1,20251031,90557,000000551020,1,13.99,13.99,0.00,0.87,S,,,USD,CS
70014256,02305,06,2,20251031,90557,000000093322,1.664,1.99,3.31,0.00,0.00,S,,,USD,CS
70014256,02305,06,3,20251031,90557,000004471040,1,2.49,2.49,0.00,0.16,S,,,USD,CS
70014256,02305,06,4,20251031,90557,000000093503,2,4.29,8.58,4.29,0.00,S,,BG25W39,USD,CS
70014256,02305,06,5,20251031,90557,000000093322,1.882,1.99,3.75,0.00,0.00,S,,,USD,CS
70014257,03050,04,1,20251031,150738,000004481001,1,7.99,7.99,0.00,0.50,S,,,USD,CC
70014258,03050,06,1,20251031,143510,000000093410,1.579,3.99,6.30,0.00,0.00,S,6032290310,,USD,CC
70014259,03050,03,1,20251031,83607,000000031101,1.892,24.99,47.28,0.00,0.00,S,,,USD,CC
70014259,03050,03,2,20251031,83607,000000030101,1,6.99,6.99,0.00,0.00,S,,,USD,CC
70014259,03050,03,3,20251031,83607,000000020103,1,4.99,4.99,0.00,0.00,S,,,USD,CC
70014260,03050,06,1,20251031,174752,000004482001,1,13.99,13.99,0.00,0.87,S,6077251996,,USD,DB
70014261,03050,01,1,20251031,140004,000004473002,2,2.79,5.58,2.79,0.17,S,6006157276,BG25W39,USD,DB
70014261,03050,01,2,20251031,140004,000000030103,1,8.99,8.99,0.00,0.00,S,6006157276,,USD,DB
70014261,03050,01,3,20251031,140004,000000093402,1.311,3.29,4.31,0.00,0.00,S,6006157276,,USD,DB
70014262,03050,06,1,20251031,121858,000000093502,1,3.99,3.99,0.00,0.00,S,6029960653,,USD,GC
70014263,03050,05,1,20251031,145112,000000040203,1,11.99,11.99,0.00,0.00,S,,,USD,CC
70014263,03050,05,2,20251031,145112,000000040201,2,8.99,17.98,0.00,0.00,S,,,USD,CC
70014263,03050,05,3,20251031,145112,000004472002,1,4.49,4.49,1.12,0.21,S,,PC25W39,USD,CC
70014263,03050,05,4,20251031,145112,000004473003,1,3.49,3.49,0.00,0.22,S,,,USD,CC
70014263,03050,05,5,20251031,145112,000000551020,1,13.99,13.99,0.00,0.87,S,,,USD,CC
70014264,03050,02,1,20251031,182849,000000093401,1.648,5.49,9.05,0.00,0.00,S,6088810798,,USD,DB
70014264,03050,02,2,20251031,182849,000000094302,1.086,5.49,5.96,0.00,0.00,S,6088810798,,USD,DB
70014264,03050,02,3,20251031,182849,000000005013,1,3.89,3.89,0.00,0.00,S,6088810798,,USD,DB
70014265,03050,01,1,20251031,73710,000004492001,1,1.79,1.79,0.00,0.11,S,6038585424,,USD,CC
70014266,03050,99,1,20251031,144627,000000551021,1,11.99,11.99,0.00,0.75,S,6029311005,,USD,GC
70014266,03050,99,2,20251031,144627,000000561002,1,7.49,7.49,1.87,0.35,S,6029311005,PC25W39,USD,GC
70014266,03050,99,3,20251031,144627,000000562001,1,10.99,10.99,0.00,0.69,S,6029311005,,USD,GC
70014267,03050,04,1,20251031,112420,000004492002,1,1.49,1.49,0.00,0.09,S,,,USD,CC
70014267,03050,04,2,20251031,112420,000000562002,1,8.49,8.49,0.00,0.53,S,,,USD,CC
70014267,03050,04,3,20251031,112420,000000094102,1,3.49,3.49,0.00,0.00,S,,,USD,CC
70014268,00317,03,1,20251031,80314,000000094102,1,4.69,4.69,0.00,0.00,S,,,CAD,GC
70014269,00317,05,1,20251031,111717,000004492002,2,1.99,3.98,0.00,0.25,S,6078754181,,CAD,CC
70014269,00317,05,2,20251031,111717,000004493001,1,7.49,7.49,0.00,0.47,S,6078754181,,CAD,CC
70014270,00317,01,1,20251031,194103,000004471024,2,4.69,9.38,0.00,0.59,S,6040903802,,CAD,CC
70014271,00317,06,1,20251031,83801,000004472050,1,5.39,5.39,0.00,0.34,S,,,CAD,DB
70014271,00317,06,2,20251031,83801,000004473003,2,4.69,9.38,4.69,0.29,S,,BG25W39,CAD,DB
70014271,00317,06,3,20251031,83801,000000094201,0.842,2.29,1.93,0.00,0.00,S,,,CAD,DB
70014272,00317,05,1,20251031,200641,000004471024,1,4.69,4.69,0.00,0.29,S,6016868548,,CAD,DB
70014272,00317,05,2,20251031,200641,000004471030,1,5.39,5.39,0.00,0.34,S,6016868548,,CAD,DB
70014272,00317,05,3,20251031,200641,000000552001,1,6.09,6.09,0.00,0.38,S,6016868548,,CAD,DB
70014272,00317,05,4,20251031,200641,000000093502,1,5.39,5.39,0.00,0.00,S,6016868548,,CAD,DB
70014273,00317,04,1,20251031,180335,000004491002,1,9.49,9.49,0.00,0.59,S,6045018961,,CAD,GC
70014273,00317,04,2,20251031,180335,000000005302,1,4.69,4.69,0.00,0.00,S,6045018961,,CAD,GC
70014273,00317,04,3,20251031,180335,000004482001,3,18.99,56.97,0.00,3.56,S,6045018961,,CAD,GC
70014273,00317,04,4,20251031,180335,000000005020,3,6.09,18.27,0.00,0.00,S,6045018961,,CAD,GC
70014274,00317,04,1,20251031,161150,000000093502,1,5.39,5.39,0.00,0.00,S,,,CAD,CC
70014274,00317,04,2,20251031,161150,000000551020,2,18.99,37.98,0.00,2.37,S,,,CAD,CC
70014274,00317,04,3,20251031,161150,000000030202,1,15.59,15.59,0.00,0.00,S,,,CAD,CC
70014275,00317,05,1,20251031,133924,000000093325,1.110,5.39,5.98,1.50,0.00,S,,PC25W39,CAD,DB
70014276,00317,03,1,20251031,105132,000004483002,1,4.69,4.69,0.00,0.29,S,6041321147,,CAD,DB
70014277,00317,05,1,20251031,130819,000004492050,1,2.99,2.99,0.00,0.19,S,6047472197,,CAD,CS
70014277,00317,05,2,20251031,130819,000004472002,1,6.09,6.09,1.52,0.29,S,6047472197,PC25W39,CAD,CS
70014277,00317,05,3,20251031,130819,000004471024,3,4.69,14.07,0.00,0.88,S,6047472197,,CAD,CS
70014278,00317,03,1,20251031,92138,000000005301,1,7.49,7.49,0.00,0.00,S,,,CAD,CC
70014278,00317,03,2,20251031,92138,000000094103,1,5.19,5.19,0.00,0.00,S,,,CAD,CC
70014279,00317,06,1,20251031,195043,000000561002,1,10.19,10.19,2.55,0.48,S,,PC25W39,CAD,CC
70014279,00317,06,2,20251031,195043,000000552002,1,5.39,5.39,0.00,0.34,S,,,CAD,CC
70014279,00317,06,3,20251031,195043,000000093321,0.608,1.99,1.21,0.00,0.00,S,,,CAD,CC
70014280,00322,04,1,20251031,73158,000000040201,1,12.19,12.19,0.00,0.00,S,6071516025,,CAD,DB
70014281,00322,04,1,20251031,174314,000000005103,1,9.49,9.49,0.00,0.00,S,6055048926,,CAD,GC
70014281,00322,04,2,20251031,174314,000004491003,1,2.69,2.69,0.00,0.17,S,6055048926,,CAD,GC
70014281,00322,04,3,20251031,174314,000000094201,1.121,2.29,2.57,0.00,0.00,S,6055048926,,CAD,GC
70014281,00322,04,4,20251031,174314,000000093325,1.410,5.39,7.60,1.90,0.00,S,6055048926,PC25W39,CAD,GC
70014281,00322,04,5,20251031,174314,000000005202,1,8.09,8.09,0.00,0.00,S,6055048926,,CAD,GC
70014282,00322,03,1,20251031,165215,000000005101,1,10.89,10.89,0.00,0.00,S,,,CAD,CC
70014283,00322,05,1,20251031,111540,000000040202,1,20.39,20.39,0.00,0.00,S,,,CAD,CS
70014283,00322,05,2,20251031,111540,000000020102,1,4.69,4.69,0.00,0.00,S,,,CAD,CS
70014283,00322,05,3,20251031,111540,000000005201,2,5.39,10.78,0.00,0.00,S,,,CAD,CS
70014284,00322,02,1,20251031,82156,000004472050,1,5.39,5.39,0.00,0.34,S,6039174101,,CAD,DB
70014284,00322,02,2,20251031,82156,000004491002,2,9.49,18.98,0.00,1.19,S,6039174101,,CAD,DB
70014285,00322,05,1,20251031,203856,000004491001,1,3.39,3.39,0.00,0.21,S,,,CAD,CC
70014286,00322,06,1,20251031,143847,000000020202,1,8.09,8.09,0.00,0.00,S,,,CAD,CC
70014286,00322,06,2,20251031,143847,000000562002,2,11.49,22.98,0.00,1.44,S,,,CAD,CC
70014286,00322,06,3,20251031,143847,000000094302,1.683,7.49,12.61,0.00,0.00,S,,,CAD,CC
70014287,00322,04,1,20251031,103649,000004473002,2,3.79,7.58,3.79,0.24,S,,BG25W39,CAD,CC
