TRX_ID,STR_NBR,REG_NBR,LN_NBR,TRX_DT,TRX_TM,ITM_ID,QTY,UNIT_PRC,EXT_AMT,DISC_AMT,TAX_AMT,TRX_TYP,LYL_CARD_NBR,PROMO_CD,CRNCY_CD,TNDR_CD
70002790,01042,05,1,20250401,160146,000000040202,1,14.99,14.99,3.75,0.00,S,6017751701,PC25W08,USD,DB
70002790,01042,05,2,20250401,160146,000004492001,1,1.79,1.79,0.00,0.11,S,6017751701,,USD,DB
70002791,01042,01,1,20250401,182427,000000020102,1,3.49,3.49,0.00,0.00,R,6060930685,,USD,DB
70002792,01042,02,1,20250401,94043,000004473001,1,2.99,2.99,0.00,0.19,S,6018272795,,USD,CS
70002792,01042,02,2,20250401,94043,000000093502,3,3.99,11.97,0.00,0.00,S,6018272795,,USD,CS
70002792,01042,02,3,20250401,94043,000000005020,1,4.49,4.49,0.00,0.00,S,6018272795,,USD,CS
70002792,01042,02,4,20250401,94043,000004472002,2,4.49,8.98,1.35,0.48,S,6018272795,LY25W09,USD,CS
70002792,01042,02,5,20250401,94043,000000040202,1,14.99,14.99,3.75,0.00,S,6018272795,PC25W08,USD,CS
70002792,01042,02,6,20250401,94043,000000005101,1,7.99,7.99,0.00,0.00,S,6018272795,,USD,CS
70002793,01042,03,1,20250401,194139,000004473003,1,3.49,3.49,0.00,0.22,S,,,USD,GC
70002794,01042,04,1,20250401,85545,000000093503,1,4.29,4.29,0.00,0.00,S,,,USD,CS
70002794,01042,04,2,20250401,85545,000004473002,2,2.79,5.58,0.00,0.35,S,,,USD,CS
70002795,01042,06,1,20250401,71831,000000005201,2,3.99,7.98,0.00,0.00,S,,,USD,GC
70002795,01042,06,2,20250401,71831,000000005012,1,3.99,3.99,0.00,0.00,S,,,USD,GC
70002796,01042,04,1,20250401,120053,000000040102,0.880,16.99,14.95,3.74,0.00,S,,PC25W08,USD,CC
70002796,01042,04,2,20250401,120053,000004471030,2,3.99,7.98,0.00,0.50,S,,,USD,CC
70002796,01042,04,3,20250401,120053,000000005012,1,3.99,3.99,0.00,0.00,S,,,USD,CC
70002796,01042,04,4,20250401,120053,000000093502,3,3.99,11.97,0.00,0.00,S,,,USD,CC
70002797,01107,06,1,20250401,175120,000004493001,1,5.49,5.49,0.00,0.34,S,,,USD,GC
70002797,01107,06,2,20250401,175120,000000020103,1,4.99,4.99,0.00,0.00,S,,,USD,GC
70002798,02210,06,1,20250401,180639,000000552001,1,4.49,4.49,1.12,0.21,S,,PC25W08,USD,GC
70002798,02210,06,2,20250401,180639,000004483002,3,3.49,10.47,0.00,0.65,S,,,USD,GC
70002798,02210,06,3,20250401,180639,000000561002,2,7.49,14.98,0.00,0.94,S,,,USD,GC
70002798,02210,06,4,20250401,180639,000000020201,1,5.49,5.49,0.00,0.00,S,,,USD,GC
70002799,02210,04,1,20250401,83831,000000020102,1,3.49,3.49,0.00,0.00,S,6048354884,,USD,GC
70002800,02210,04,1,20250401,190015,000000551021,1,11.99,11.99,0.00,0.75,S,6078547772,,USD,CS
70002801,02210,06,1,20250401,201508,000000005103,2,6.99,13.98,0.00,0.00,S,,,USD,DB
70002801,02210,06,2,20250401,201508,000004491002,2,6.99,13.98,0.00,0.87,S,,,USD,DB
70002802,02210,03,1,20250401,173636,000000094302,0.483,5.49,2.65,0.00,0.00,S,,,USD,DB
70002803,02210,04,1,20250401,101414,000000040202,2,14.99,29.98,7.50,0.00,S,,PC25W08,USD,CC
70002803,02210,04,2,20250401,101414,000000094203,1.446,1.49,2.15,0.00,0.00,S,,,USD,CC
70002803,02210,04,3,20250401,101414,000004481003,1,4.99,4.99,0.00,0.31,S,,,USD,CC
70002803,02210,04,4,20250401,101414,000000030101,1,6.99,6.99,0.00,0.00,S,,,USD,CC
70002803,02210,04,5,20250401,101414,000000093325,0.425,3.99,1.70,0.00,0.00,S,,,USD,CC
70002804,02210,04,1,20250401,130612,000004471030,1,3.99,3.99,0.00,0.25,S,6093143866,,USD,GC
70002804,02210,04,2,20250401,130612,000004473002,1,2.79,2.79,0.00,0.17,S,6093143866,,USD,GC
70002804,02210,04,3,20250401,130612,000004482001,1,13.99,13.99,0.00,0.87,S,6093143866,,USD,GC
70002804,02210,04,4,20250401,130612,000004481003,1,4.99,4.99,0.00,0.31,S,6093143866,,USD,GC
70002805,02210,05,1,20250401,192526,000004493002,1,3.99,3.99,1.00,0.19,S,6077901475,PC25W08,USD,DB
70002805,02210,05,2,20250401,192526,000000562002,1,8.49,8.49,1.27,0.45,S,6077901475,LY25W09,USD,DB
70002806,02211,01,1,20250401,155107,000000040201,1,8.99,8.99,0.00,0.00,S,6075899757,,USD,CC
70002807,02211,04,1,20250401,101123,000004493002,1,3.99,3.99,1.00,0.19,S,,PC25W08,USD,CS
70002807,02211,04,2,20250401,101123,000004491003,2,1.99,3.98,0.00,0.25,S,,,USD,CS
70002807,02211,04,3,20250401,101123,000000005301,2,5.49,10.98,0.00,0.00,S,,,USD,CS
70002808,02305,04,1,20250401,80200,000004472001,1,3.99,3.99,0.00,0.25,S,6054602734,,USD,CS
70002809,02305,05,1,20250401,84146,000000005101,2,7.99,15.98,0.00,0.00,S,6071494981,,USD,GC
70002809,02305,05,2,20250401,84146,000004481001,1,7.99,7.99,1.20,0.42,S,6071494981,LY25W09,USD,GC
70002809,02305,05,3,20250401,84146,000000094202,0.266,1.99,0.53,0.00,0.00,S,6071494981,,USD,GC
70002809,02305,05,4,20250401,84146,000004472002,1,4.49,4.49,0.67,0.24,S,6071494981,LY25W09,USD,GC
70002810,02305,05,1,20250401,91531,000000562001,1,10.99,10.99,0.00,0.69,S,,,USD,CC
70002810,02305,05,2,20250401,91531,000004481003,2,4.99,9.98,0.00,0.62,S,,,USD,CC
70002810,02305,05,3,20250401,91531,000000031102,0.956,19.99,19.11,0.00,0.00,S,,,USD,CC
70002810,02305,05,4,20250401,91531,000004473002,1,2.79,2.79,0.00,0.17,S,,,USD,CC
70002810,02305,05,5,20250401,91531,000004482002,1,17.99,17.99,0.00,1.12,S,,,USD,CC
70002810,02305,05,6,20250401,91531,000000005301,2,5.49,10.98,0.00,0.00,S,,,USD,CC
70002811,02305,01,1,20250401,130817,000000562001,1,10.99,10.99,0.00,0.69,S,,,USD,CS
70002811,02305,01,2,20250401,130817,000000094201,2.051,1.69,3.47,0.00,0.00,S,,,USD,CS
70002811,02305,01,3,20250401,130817,000000093410,1.457,3.99,5.81,0.00,0.00,S,,,USD,CS
70002811,02305,01,4,20250401,130817,000000552001,1,4.49,4.49,1.12,0.21,S,,PC25W08,USD,CS
70002812,02305,02,1,20250401,142315,000000093402,0.960,3.29,3.16,0.00,0.00,S,,,USD,DB
70002812,02305,02,2,20250401,142315,000000020103,2,4.99,9.98,0.00,0.00,S,,,USD,DB
70002813,02305,01,1,20250401,95711,000000005103,2,6.99,13.98,0.00,0.00,S,6077687290,,USD,GC
70002813,02305,01,2,20250401,95711,000004481001,1,7.99,7.99,1.20,0.42,S,6077687290,LY25W09,USD,GC
70002813,02305,01,3,20250401,95711,000000093321,2.178,1.49,3.25,0.00,0.00,S,6077687290,,USD,GC
70002813,02305,01,4,20250401,95711,000004471024,1,3.49,3.49,0.00,0.22,S,6077687290,,USD,GC
70002814,03050,05,1,20250401,145355,000000030101,2,6.99,13.98,0.00,0.00,S,,,USD,DB
70002814,03050,05,2,20250401,145355,000000005302,1,3.49,3.49,0.00,0.00,S,,,USD,DB
70002814,03050,05,3,20250401,145355,000000562002,1,8.49,8.49,0.00,0.53,S,,,USD,DB
70002814,03050,05,4,20250401,145355,000004471030,1,3.99,3.99,0.00,0.25,S,,,USD,DB
70002814,03050,05,5,20250401,145355,000000020201,1,5.49,5.49,0.00,0.00,S,,,USD,DB
70002814,03050,05,6,20250401,145355,000000005201,1,3.99,3.99,0.00,0.00,S,,,USD,DB
70002815,03050,06,1,20250401,184728,000000005102,1,5.49,5.49,0.00,0.00,S,,,USD,CC
70002815,03050,06,2,20250401,184728,000000020203,3,6.49,19.47,0.00,0.00,S,,,USD,CC
70002816,03050,05,1,20250401,193223,000000561002,2,7.49,14.98,0.00,0.94,S,,,USD,CC
70002817,03050,06,1,20250401,80942,000000093502,2,3.99,7.98,0.00,0.00,S,,,USD,DB
70002817,03050,06,2,20250401,80942,000000005301,1,5.49,5.49,0.00,0.00,S,,,USD,DB
70002818,03050,01,1,20250401,80636,000000030102,2,14.99,29.98,0.00,0.00,S,,,USD,GC
70002818,03050,01,2,20250401,80636,000000005102,1,5.49,5.49,0.00,0.00,S,,,USD,GC
70002819,03050,02,1,20250401,113034,000000093503,1,4.29,4.29,0.64,0.00,S,6092513271,LY25W09,USD,DB
70002819,03050,02,2,20250401,113034,000000040102,2.082,16.99,35.37,8.84,0.00,S,6092513271,PC25W08,USD,DB
70002819,03050,02,3,20250401,113034,000000020201,2,5.49,10.98,0.00,0.00,S,6092513271,,USD,DB
70002819,03050,02,4,20250401,113034,000000562001,1,10.99,10.99,0.00,0.69,S,6092513271,,USD,DB
70002819,03050,02,5,20250401,113034,000000094201,1.795,1.69,3.03,0.00,0.00,S,6092513271,,USD,DB
70002820,03050,06,1,20250401,145321,000000005102,2,5.49,10.98,0.00,0.00,S,,,USD,DB
70002820,03050,06,2,20250401,145321,000004473003,1,3.49,3.49,0.00,0.22,S,,,USD,DB
70002820,03050,06,3,20250401,145321,000000093402,1.906,3.29,6.27,0.00,0.00,S,,,USD,DB
70002821,03050,05,1,20250401,210041,000004492003,1,2.29,2.29,0.00,0.14,S,6029710248,,USD,CC
70002822,03050,03,1,20250401,200816,000000093502,1,3.99,3.99,0.00,0.00,S,,,USD,CC
70002822,03050,03,2,20250401,200816,000000040201,3,8.99,26.97,0.00,0.00,S,,,USD,CC
70002822,03050,03,3,20250401,200816,000000093322,1.457,1.99,2.90,0.00,0.00,S,,,USD,CC
70002822,03050,03,4,20250401,200816,000000093402,1.689,3.29,5.56,0.00,0.00,S,,,USD,CC
70002822,03050,03,5,20250401,200816,000000005012,1,3.99,3.99,0.00,0.00,S,,,USD,CC
70002822,03050,03,6,20250401,200816,000000030102,1,14.99,14.99,0.00,0.00,S,,,USD,CC
70002823,03050,03,1,20250401,113422,000000094102,1,3.49,3.49,0.00,0.00,S,6025699611,,USD,DB
70002823,03050,03,2,20250401,113422,000000030203,1,8.49,8.49,0.00,0.00,S,6025699611,,USD,DB
70002823,03050,03,3,20250401,113422,000000005013,2,3.89,7.78,0.00,0.00,S,6025699611,,USD,DB
70002823,03050,03,4,20250401,113422,000004481003,1,4.99,4.99,0.00,0.31,S,6025699611,,USD,DB
70002823,03050,03,5,20250401,113422,000000093503,1,4.29,4.29,0.64,0.00,S,6025699611,LY25W09,USD,DB
70002824,00317,05,1,20250401,182535,000004492001,1,2.39,2.39,0.00,0.15,R,6074905097,,CAD,DB
70002825,00317,01,1,20250401,170843,000000005012,1,5.39,5.39,0.00,0.00,S,,,CAD,DB
70002825,00317,01,2,20250401,170843,000000562001,1,14.89,14.89,0.00,0.93,S,,,CAD,DB
70002825,00317,01,3,20250401,170843,000000031101,2.007,33.99,68.22,0.00,0.00,S,,,CAD,DB
70002826,00317,03,1,20250401,74532,000004472001,1,5.39,5.39,0.00,0.34,S,6018723335,,CAD,DB
70002826,00317,03,2,20250401,74532,000000005103,1,9.49,9.49,0.00,0.00,S,6018723335,,CAD,DB
70002826,00317,03,3,20250401,74532,000000093401,1.487,7.49,11.14,0.00,0.00,S,6018723335,,CAD,DB
70002826,00317,03,4,20250401,74532,000004483002,1,4.69,4.69,0.00,0.29,S,6018723335,,CAD,DB
70002826,00317,03,5,20250401,74532,000000094302,1.232,7.49,9.23,0.00,0.00,S,6018723335,,CAD,DB
70002826,00317,03,6,20250401,74532,000004473002,1,3.79,3.79,0.00,0.24,S,6018723335,,CAD,DB
70002827,00317,05,1,20250401,102012,000004481003,1,6.79,6.79,0.00,0.42,S,,,CAD,DB
70002827,00317,05,2,20250401,102012,000000020201,1,7.49,7.49,0.00,0.00,S,,,CAD,DB
70002828,00317,03,1,20250401,112334,000004481001,1,10.89,10.89,0.00,0.68,S,,,CAD,CC
70002828,00317,03,2,20250401,112334,000000030102,3,20.39,61.17,0.00,0.00,S,,,CAD,CC
70002828,00317,03,3,20250401,112334,000004473003,1,4.69,4.69,0.00,0.29,S,,,CAD,CC
70002828,00317,03,4,20250401,112334,000000561001,1,13.59,13.59,0.00,0.85,S,,,CAD,CC
70002828,00317,03,5,20250401,112334,000004482002,1,24.49,24.49,0.00,1.53,S,,,CAD,CC
70002829,00317,03,1,20250401,192709,000004472050,1,5.39,5.39,0.00,0.34,S,,,CAD,CS
70002829,00317,03,2,20250401,192709,000004492001,2,2.39,4.78,0.00,0.30,S,,,CAD,CS
70002829,00317,03,3,20250401,192709,000000094203,1.883,1.99,3.75,0.00,0.00,S,,,CAD,CS
70002830,00317,01,1,20250401,215556,000000005301,2,7.49,14.98,0.00,0.00,S,6062961943,,CAD,DB
70002830,00317,01,2,20250401,215556,000004491001,1,3.39,3.39,0.00,0.21,S,6062961943,,CAD,DB
70002830,00317,01,3,20250401,215556,000000094302,1.732,7.49,12.97,0.00,0.00,S,6062961943,,CAD,DB
70002830,,01,4,20250401,215556,000004472002,1,6.09,6.09,0.91,0.32,S,6062961943,LY25W09,CAD,DB
70002830,00317,01,5,20250401,215556,000004472001,1,5.39,5.39,0.00,0.34,S,6062961943,,CAD,DB
70002831,00317,06,1,20250401,105838,000000093503,1,5.79,5.79,0.00,0.00,S,,,CAD,DB
70002831,00317,06,2,20250401,105838,000000093503,2,5.79,11.58,0.00,0.00,S,,,CAD,DB
70002831,00317,06,3,20250401,105838,000004483001,1,6.79,6.79,0.00,0.42,S,,,CAD,DB
70002831,00317,06,4,20250401,105838,000004481003,2,6.79,13.58,0.00,0.85,S,,,CAD,DB
70002831,00317,06,5,20250401,105838,000000040201,1,12.19,12.19,0.00,0.00,S,,,CAD,DB
70002831,00317,06,6,20250401,105838,000004493002,9999,5.39,10.78,2.69,0.51,S,,PC25W08,CAD,DB
70002832,00317,01,1,20250401,135538,000000020203,1,8.79,8.79,0.00,0.00,S,6077680898,,CAD,CC
70002833,00317,02,1,20250401,181112,000000030202,1,15.59,15.59,0.00,0.00,S,,,CAD,GC
70002833,00317,02,2,20250401,181112,000000562001,2,14.89,29.78,0.00,1.86,S,,,CAD,GC
70002834,01042,02,1,20250402,122819,000000020102,1,3.49,3.49,0.00,0.00,S,,,USD,CC
70002834,01042,02,2,20250402,122819,000000040202,1,14.99,14.99,3.75,0.00,S,,PC25W08,USD,CC
70002834,01042,02,3,20250402,122819,000000093503,1,4.29,4.29,0.00,0.00,S,,,USD,CC
70002835,01042,02,1,20250402,104923,000000040201,2,8.99,17.98,0.00,0.00,S,,,USD,CC
70002835,01042,02,2,20250402,104923,000000094202,1.199,1.99,2.39,0.00,0.00,S,,,USD,CC
70002835,01042,02,3,20250402,104923,000000094201,0.274,1.69,0.46,0.00,0.00,S,,,USD,CC
70002836,01042,01,1,20250402,162645,000000030103,1,8.99,8.99,0.00,0.00,S,,,USD,DB
70002837,01042,04,1,20250402,130512,000000020101,1,2.49,2.49,0.62,0.00,S,,PC25W08,USD,CC
70002837,01042,04,2,20250402,130512,000000005302,3,3.49,10.47,0.00,0.00,S,,,USD,CC
70002837,01042,04,3,20250402,130512,000000040201,1,8.99,8.99,0.00,0.00,S,,,USD,CC
70002837,01042,04,4,20250402,130512,000000093503,1,4.29,4.29,0.00,0.00,S,,,USD,CC
70002837,01042,04,5,20250402,130512,000000094101,1,3.99,3.99,0.00,0.00,S,,,USD,CC
70002837,01042,04,6,20250402,130512,000000005013,2,3.89,7.78,0.00,0.00,S,,,USD,CC
70002838,01042,04,1,20250402,195440,000004492002,1,1.49,1.49,0.00,0.09,S,,,USD,CC
70002838,01042,04,2,20250402,195440,000000020102,1,3.49,3.49,0.00,0.00,S,,,USD,CC
70002838,01042,04,3,20250402,195440,000000552001,1,4.49,4.49,1.12,0.21,S,,PC25W08,USD,CC
70002838,01042,04,4,20250402,195440,000000561002,1,7.49,7.49,0.00,0.47,S,,,USD,CC
70002839,01042,05,1,20250402,75313,000000030103,2,8.99,17.98,0.00,0.00,S,6085283061,,USD,CS
70002839,01042,05,2,20250402,75313,000004481001,1,7.99,7.99,1.20,0.42,S,6085283061,LY25W09,USD,CS
70002840,01042,06,1,20250402,91237,000000094101,1,3.99,3.99,0.00,0.00,S,,,USD,DB
70002840,01042,06,2,20250402,91237,000000562002,1,8.49,8.49,0.00,0.53,S,,,USD,DB
70002840,01042,06,3,20250402,91237,000000005013,1,3.89,3.89,0.00,0.00,S,,,USD,DB
70002840,01042,06,4,20250402,91237,000004473001,1,2.99,2.99,0.00,0.19,S,,,USD,DB
70002841,01107,03,1,20250402,214954,000004473002,2,2.79,5.58,0.00,0.35,S,6033613285,,USD,CC
70002841,01107,03,2,20250402,214954,000000093321,1.941,1.49,2.89,0.00,0.00,S,6033613285,,USD,CC
70002841,01107,03,3,20250402,214954,000000094101,2,3.99,7.98,0.00,0.00,S,6033613285,,USD,CC
70002841,01107,03,4,20250402,214954,000004493002,1,3.99,3.99,1.00,0.19,S,6033613285,PC25W08,USD,CC
70002842,01107,06,1,20250402,162611,000004471040,1,2.49,2.49,0.00,0.16,S,,,USD,DB
70002842,01107,06,2,20250402,162611,000004481003,1,4.99,4.99,0.00,0.31,S,,,USD,DB
70002843,01107,01,1,20250402,182133,000000040203,1,11.99,11.99,0.00,0.00,S,,,USD,DB
70002843,01107,01,2,20250402,182133,000000040202,1,14.99,14.99,3.75,0.00,S,,PC25W08,USD,DB
70002843,01107,01,3,20250402,182133,000000040102,1.685,16.99,28.63,7.16,0.00,S,,PC25W08,USD,DB
70002844,01107,01,1,20250402,145915,000004471024,1,3.49,3.49,0.00,0.22,R,,,USD,CS
70002845,01107,05,1,20250402,152736,000000094102,1,3.49,3.49,0.00,0.00,S,,,USD,CC
70002845,01107,05,2,20250402,152736,000004473003,2,3.49,6.98,0.00,0.44,S,,,USD,CC
70002845,01107,05,3,20250402,152736,000000040202,2,14.99,29.98,7.50,0.00,S,,PC25W08,USD,CC
70002846,01107,05,1,20250402,103857,000004481001,1,7.99,7.99,0.00,0.50,S,,,USD,GC
70002846,01107,05,2,20250402,103857,000000552001,2,4.49,8.98,2.25,0.42,S,,PC25W08,USD,GC
70002846,01107,05,3,20250402,103857,000000094302,1.139,5.49,6.25,0.00,0.00,S,,,USD,GC
70002846,01107,05,4,20250402,103857,000004471030,1,3.99,3.99,0.00,0.25,S,,,USD,GC
70002847,01107,03,1,20250402,153439,000000020203,1,6.49,6.49,0.00,0.00,S,6032484137,,USD,CC
70002847,01107,03,2,20250402,153439,000004481002,1,7.99,7.99,0.00,0.50,S,6032484137,,USD,CC
70002847,01107,03,3,20250402,153439,000000020203,1,6.49,6.49,0.00,0.00,S,6032484137,,USD,CC
70002848,02210,03,1,20250402,91939,000000093321,0.708,1.49,1.05,0.00,0.00,S,6053703824,,USD,DB
70002848,02210,03,2,20250402,91939,000000094202,0.848,1.99,1.69,0.00,0.00,S,6053703824,,USD,DB
70002849,02210,01,1,20250402,173832,000000552001,1,4.49,4.49,1.12,0.21,S,,PC25W08,USD,CC
70002849,02210,01,2,20250402,173832,000000030102,1,14.99,14.99,0.00,0.00,S,,,USD,CC
70002849,02210,01,3,20250402,173832,000004472002,1,4.49,4.49,0.00,0.28,S,,,USD,CC
70002849,02210,01,4,20250402,173832,000000093321,0.965,1.49,1.44,0.00,0.00,S,,,USD,CC
70002849,02210,01,5,20250402,173832,000000005301,1,5.49,5.49,0.00,0.00,S,,,USD,CC
70002849,02210,01,6,20250402,173832,000000005103,1,6.99,6.99,0.00,0.00,S,,,USD,CC
70002850,02210,04,1,20250402,201311,000004471024,1,3.49,3.49,0.00,0.22,S,6082339845,,USD,GC
70002850,02210,04,2,20250402,201311,000004472001,1,3.99,3.99,0.00,0.25,S,6082339845,,USD,GC
70002850,02210,04,3,20250402,201311,000004481001,1,7.99,7.99,1.20,0.42,S,6082339845,LY25W09,USD,GC
70002850,02210,04,4,20250402,201311,000000561002,1,7.49,7.49,0.00,0.47,S,6082339845,,USD,GC
70002851,02210,06,1,20250402,193849,000000020103,1,4.99,4.99,0.00,0.00,S,6027881658,,USD,DB
70002852,02210,06,1,20250402,112244,000000093401,0.434,5.49,2.38,0.00,0.00,S,,,USD,CC
70002852,02210,06,2,20250402,112244,000000020101,1,2.49,2.49,0.62,0.00,S,,PC25W08,USD,CC
70002853,02210,03,1,20250402,152120,000000551021,1,11.99,11.99,0.00,0.75,S,,,USD,CC
70002853,02210,03,2,20250402,152120,000000005020,1,4.49,4.49,0.00,0.00,S,,,USD,CC
70002853,02210,03,3,20250402,152120,000000030103,1,8.99,8.99,0.00,0.00,S,,,USD,CC
70002854,02210,06,1,20250402,190103,000004491002,3,6.99,20.97,0.00,1.31,S,6002916815,,USD,CC
70002854,02210,06,2,20250402,190103,000000005101,1,7.99,7.99,0.00,0.00,S,6002916815,,USD,CC
70002855,02210,01,1,20250402,94447,000004471024,1,3.49,3.49,0.00,0.22,S,6027881658,,USD,GC
70002855,02210,01,2,20250402,94447,000004473003,1,3.49,3.49,0.00,0.22,S,6027881658,,USD,GC
70002856,02211,06,1,20250402,120914,000004491001,2,2.49,4.98,0.00,0.31,S,6079371452,,USD,CC
70002856,02211,06,2,20250402,120914,000000040101,0.439,18.99,8.34,0.00,0.00,S,6079371452,,USD,CC
70002856,02211,06,3,20250402,120914,000004492001,1,1.79,1.79,0.00,0.11,S,6079371452,,USD,CC
70002857,02211,01,1,20250402,105753,000004492001,1,1.79,1.79,0.00,0.11,S,,,USD,DB
70002857,02211,01,2,20250402,105753,000000040202,2,14.99,29.98,7.50,0.00,S,,PC25W08,USD,DB
70002857,02211,01,3,20250402,105753,000004493002,1,3.99,3.99,1.00,0.19,S,,PC25W08,USD,DB
70002857,02211,01,4,20250402,105753,000000093503,2,4.29,8.58,0.00,0.00,S,,,USD,DB
70002858,02211,03,1,20250402,132644,000004473002,1,2.79,2.79,0.00,0.17,S,,,USD,CC
70002859,02211,02,1,20250402,134839,000004472003,1,3.29,3.29,0.00,0.21,S,,,USD,CS
70002859,02211,02,2,20250402,134839,000004481002,1,7.99,7.99,0.00,0.50,S,,,USD,CS
70002860,02211,04,1,20250402,170701,000004471040,3,2.49,7.47,0.00,0.47,S,,,USD,CC
70002860,02211,04,2,20250402,170701,000004471024,1,3.49,3.49,0.00,0.22,S,,,USD,CC
70002860,02211,04,3,20250402,170701,000000020201,1,5.49,5.49,0.00,0.00,S,,,USD,CC
70002860,02211,04,4,20250402,170701,000000094103,1,3.79,3.79,0.00,0.00,S,,,USD,CC
70002860,02211,04,5,20250402,170701,000004491002,1,6.99,6.99,0.00,0.44,S,,,USD,CC
70002860,02211,04,6,20250402,170701,000000005020,1,4.49,4.49,0.00,0.00,S,,,USD,CC
70002861,02211,04,1,20250402,72733,000004472002,2,4.49,8.98,1.35,0.48,S,6002845765,LY25W09,USD,CC
70002861,02211,04,2,20250402,72733,000004473003,1,3.49,3.49,0.00,0.22,S,6002845765,,USD,CC
70002862,02211,05,1,20250402,122724,000000040102,1.267,16.99,21.53,5.38,0.00,S,,PC25W08,USD,GC
70002862,02211,05,2,20250402,122724,000004472003,1,3.29,3.29,0.00,0.21,S,,,USD,GC
70002863,02305,04,1,20250402,111411,000004471023,1,3.49,3.49,0.00,0.22,S,6095073214,,USD,CC
70002863,02305,04,2,20250402,111411,000004483001,1,4.99,4.99,0.00,0.31,S,6095073214,,USD,CC
70002863,02305,04,3,20250402,111411,000000020101,1,2.49,2.49,0.62,0.00,S,6095073214,PC25W08,USD,CC
70002864,02305,01,1,20250402,161941,000000005012,1,3.99,3.99,0.00,0.00,S,6062543617,,USD,DB
70002864,02305,01,2,20250402,161941,000004493002,1,3.99,3.99,1.00,0.19,S,6062543617,PC25W08,USD,DB
70002864,02305,01,3,20250402,161941,000000020201,1,5.49,5.49,0.00,0.00,S,6062543617,,USD,DB
70002864,02305,01,4,20250402,161941,000000005101,1,7.99,7.99,0.00,0.00,S,6062543617,,USD,DB
70002865,02305,05,1,20250402,180316,000000020101,1,2.49,2.49,0.62,0.00,S,,PC25W08,USD,GC
70002865,02305,05,2,20250402,180316,000000040201,1,8.99,8.99,0.00,0.00,S,,,USD,GC
70002865,02305,05,3,20250402,180316,000000005302,1,3.49,3.49,0.00,0.00,S,,,USD,GC
70002865,02305,05,4,20250402,180316,000000005201,1,3.99,3.99,0.00,0.00,S,,,USD,GC
70002865,02305,05,5,20250402,180316,000000093402,1.923,3.29,6.33,0.00,0.00,S,,,USD,GC
70002866,03050,06,1,20250402,182538,000004492003,1,2.29,2.29,0.00,0.14,S,6099512397,,USD,CC
70002866,03050,06,2,20250402,182538,000000005201,2,3.99,7.98,0.00,0.00,S,6099512397,,USD,CC
70002866,03050,06,3,20250402,182538,000000005012,1,3.99,3.99,0.00,0.00,S,6099512397,,USD,CC
70002866,03050,06,4,20250402,182538,000004473001,1,2.99,2.99,0.00,0.19,S,6099512397,,USD,CC
70002867,00317,06,1,20250402,74313,000000005201,2,5.39,10.78,0.00,0.00,S,,,CAD,DB
70002867,00317,06,2,20250402,74313,000000094203,0.341,1.99,0.68,0.00,0.00,S,,,CAD,DB
70002868,00317,02,1,20250402,165930,000004473001,1,4.09,4.09,0.00,0.26,S,,,CAD,DB
70002869,00317,02,1,20250402,101229,000004482003,2,7.49,14.98,0.00,0.94,S,6092988425,,CAD,GC
70002870,00317,06,1,20250402,81545,000000093503,2,5.79,11.58,1.74,0.00,S,6041321147,LY25W09,CAD,CC
70002870,00317,06,2,20250402,81545,000000040101,2.134,25.79,55.04,0.00,0.00,S,6041321147,,CAD,CC
70002870,00317,06,3,20250402,81545,000004492001,1,2.39,2.39,0.00,0.15,S,6041321147,,CAD,CC
70002871,00317,03,1,20250402,71249,000000005101,1,10.89,10.89,0.00,0.00,S,,,CAD,CC
70002871,00317,03,2,20250402,71249,000000005020,1,6.09,6.09,0.00,0.00,S,,,CAD,CC
70002871,00317,03,3,20250402,71249,000004472001,1,5.39,5.39,0.00,0.34,S,,,CAD,CC
70002871,00317,03,4,20250402,71249,000004481001,1,10.89,10.89,0.00,0.68,S,,,CAD,CC
70002871,00317,03,5,20250402,71249,000000005101,1,10.89,10.89,0.00,0.00,S,,,CAD,CC
70002871,00317,03,6,20250402,71249,000004482001,1,18.99,18.99,0.00,1.19,S,,,CAD,CC
70002872,00317,01,1,20250402,133043,000004471023,2,4.69,9.38,0.00,0.59,S,6098864976,,CAD,CS
70002873,01042,05,1,20250403,190250,000000040202,1,14.99,14.99,3.75,0.00,S,6047812248,PC25W08,USD,CS
70002874,01042,05,1,20250403,170516,000000005012,1,3.99,3.99,0.00,0.00,S,,,USD,DB
70002875,01042,02,1,20250403,82239,000000005020,1,4.49,4.49,0.00,0.00,S,,,USD,CC
70002875,01042,02,2,20250403,82239,000004492002,1,1.49,1.49,0.00,0.09,S,,,USD,CC
70002875,01042,02,3,20250403,82239,000004472002,1,4.49,4.49,0.00,0.28,S,,,USD,CC
70002876,01042,04,1,20250403,82458,000000093501,2,4.49,8.98,0.00,0.00,S,6040376137,,USD,DB
70002876,01042,04,2,20250403,82458,000000005012,2,3.99,7.98,0.00,0.00,S,6040376137,,USD,DB
70002877,01107,01,1,20250403,214556,000000020203,1,6.49,6.49,0.00,0.00,S,6094096105,,USD,DB
70002878,01107,02,1,20250403,112908,000004483002,2,3.49,6.98,0.00,0.44,S,,,USD,DB
70002878,01107,02,2,20250403,112908,000004482003,1,5.49,5.49,0.00,0.34,S,,,USD,DB
70002878,01107,02,3,20250403,112908,000000552001,1,4.49,4.49,1.12,0.21,S,,PC25W08,USD,DB
70002878,01107,02,4,20250403,112908,000000005201,1,3.99,3.99,0.00,0.00,S,,,USD,DB
70002879,02210,05,1,20250403,182702,000000030203,1,8.49,8.49,0.00,0.00,S,,,USD,CC
70002879,02210,05,2,20250403,182702,000000561001,1,9.99,9.99,0.00,0.62,S,,,USD,CC
70002879,02210,05,3,20250403,182702,000004471024,1,3.49,3.49,0.00,0.22,S,,,USD,CC
70002880,02210,04,1,20250403,101948,000000030101,2,6.99,13.98,0.00,0.00,S,,,USD,CC
70002880,02210,04,2,20250403,101948,000000005020,1,4.49,4.49,0.00,0.00,S,,,USD,CC
70002881,02210,01,1,20250403,190941,000000030203,1,8.49,8.49,0.00,0.00,S,,,USD,CC
70002882,02210,06,1,20250403,155340,000000562001,2,10.99,21.98,0.00,1.37,S,,,USD,CC
70002882,02210,06,2,20250403,155340,000000094203,0.638,1.49,0.95,0.00,0.00,S,,,USD,CC
70002882,02210,06,3,20250403,155340,000000005301,2,5.49,10.98,0.00,0.00,S,,,USD,CC
70002883,02210,05,1,20250403,202523,000000005301,1,5.49,5.49,0.00,0.00,S,,,USD,CC
70002883,02210,05,2,20250403,202523,000000020101,1,2.49,2.49,0.62,0.00,S,,PC25W08,USD,CC
70002883,02210,05,3,20250403,202523,000000094201,2.157,1.69,3.65,0.00,0.00,S,,,USD,CC
70002883,02210,05,4,20250403,202523,000000551021,2,11.99,23.98,0.00,1.50,S,,,USD,CC
70002884,02210,03,1,20250403,120821,000000020201,1,5.49,5.49,0.00,0.00,S,6038569557,,USD,DB
70002885,02210,06,1,20250403,142210,000004482002,3,17.99,53.97,0.00,3.37,S,6090797727,,USD,CC
70002885,02210,06,2,20250403,142210,000000005202,1,5.99,5.99,0.00,0.00,S,6090797727,,USD,CC
70002886,02210,03,1,20250403,190200,000000040203,3,11.99,35.97,0.00,0.00,S,,,USD,CS
70002887,02210,01,1,20250403,132131,000000030102,2,14.99,29.98,0.00,0.00,S,,,USD,CS
70002887,02210,01,2,20250403,132131,000004493002,1,3.99,3.99,1.00,0.19,S,,PC25W08,USD,CS
70002887,02210,01,3,20250403,132131,000000005202,1,5.99,5.99,0.00,0.00,S,,,USD,CS
70002888,02210,02,1,20250403,142336,000004481001,2,7.99,15.98,2.40,0.85,S,6049187274,LY25W09,USD,DB
70002888,02210,02,2,20250403,142336,000004492002,2,1.49,2.98,0.00,0.19,S,6049187274,,USD,DB
70002888,02210,02,3,20250403,142336,000004482003,1,5.49,5.49,0.00,0.34,S,6049187274,,USD,DB
70002889,02210,05,1,20250403,150122,000000005101,2,7.99,15.98,0.00,0.00,S,,,USD,CC
70002889,02210,05,2,20250403,150122,000000005102,2,5.49,10.98,0.00,0.00,S,,,USD,CC
70002889,02210,05,3,20250403,150122,000000093325,1.057,3.99,4.22,0.00,0.00,S,,,USD,CC
70002889,02210,05,4,20250403,150122,000004493002,3,3.99,11.97,2.99,0.56,S,,PC25W08,USD,CC
70002889,02210,05,5,20250403,150122,000000094302,0.465,5.49,2.55,0.00,0.00,S,,,USD,CC
70002890,02211,02,1,20250403,165904,000000005012,1,3.99,3.99,0.00,0.00,S,,,USD,CS
70002890,02211,02,2,20250403,165904,000000040203,1,11.99,11.99,0.00,0.00,S,,,USD,CS
70002890,02211,02,3,20250403,165904,000000040203,1,11.99,11.99,0.00,0.00,S,,,USD,CS
70002890,02211,02,4,20250403,165904,000000005013,1,3.89,3.89,0.00,0.00,S,,,USD,CS
70002891,02211,02,1,20250403,185144,000000020203,1,6.49,6.49,0.00,0.00,S,,,USD,CS
70002891,02211,02,2,20250403,185144,000000093503,1,4.29,4.29,0.00,0.00,S,,,USD,CS
70002891,02211,02,3,20250403,185144,000004473001,1,2.99,2.99,0.00,0.19,S,,,USD,CS
70002891,02211,02,4,20250403,185144,000000005013,1,3.89,3.89,0.00,0.00,S,,,USD,CS
70002892,02211,01,1,20250403,152918,000000094102,2,3.49,6.98,0.00,0.00,S,6000217659,,USD,GC
70002892,02211,01,2,20250403,152918,000000093503,1,4.29,4.29,0.64,0.00,S,6000217659,LY25W09,USD,GC
70002892,02211,01,3,20250403,152918,000000005013,1,3.89,3.89,0.00,0.00,S,6000217659,,USD,GC
70002892,02211,01,4,20250403,152918,000000040202,1,14.99,14.99,3.75,0.00,S,6000217659,PC25W08,USD,GC
70002892,02211,01,5,20250403,152918,000000020203,1,6.49,6.49,0.00,0.00,S,6000217659,,USD,GC
70002893,02211,03,1,20250403,122326,000000005013,1,3.89,3.89,0.00,0.00,S,,,USD,CS
70002894,02211,02,1,20250403,75820,000004492001,1,1.79,1.79,0.00,0.11,S,,,USD,CC
70002894,02211,02,2,20250403,75820,000000020203,1,6.49,6.49,0.00,0.00,S,,,USD,CC
70002894,02211,02,3,20250403,75820,000000005020,1,4.49,4.49,0.00,0.00,S,,,USD,CC
70002894,02211,02,4,20250403,75820,000000040101,0.496,18.99,9.42,0.00,0.00,S,,,USD,CC
70002895,02305,05,1,20250403,185309,000000562002,2,8.49,16.98,2.55,0.90,S,6093783063,LY25W09,USD,CS
70002895,02305,05,2,20250403,185309,000004472001,1,3.99,3.99,0.00,0.25,S,6093783063,,USD,CS
70002895,02305,05,3,20250403,185309,000004481002,1,7.99,7.99,0.00,0.50,S,6093783063,,USD,CS
70002896,02305,03,1,20250403,101022,000000040202,1,14.99,14.99,3.75,0.00,S,,PC25W08,USD,CC
70002896,02305,03,2,20250403,101022,000000040101,1.182,18.99,22.45,0.00,0.00,S,,,USD,CC
70002897,02305,03,1,20250403,184407,000000040102,1.085,16.99,18.43,4.61,0.00,S,6093783063,PC25W08,USD,DB
70002897,02305,03,2,20250403,184407,000004483002,1,3.49,3.49,0.00,0.22,S,6093783063,,USD,DB
70002897,02305,03,3,20250403,184407,000000005012,1,3.99,3.99,0.00,0.00,S,6093783063,,USD,DB
70002898,02305,05,1,20250403,163900,000000093410,1.042,3.99,4.16,0.00,0.00,S,,,USD,CC
70002898,02305,05,2,20250403,163900,000000552001,2,4.49,8.98,2.25,0.42,S,,PC25W08,USD,CC
70002898,02305,05,3,20250403,163900,000000030101,1,6.99,6.99,0.00,0.00,S,,,USD,CC
70002899,02305,01,1,20250403,155549,000000005012,1,3.99,3.99,0.00,0.00,S,6071122182,,USD,DB
70002899,02305,01,2,20250403,155549,000000005103,1,6.99,6.99,0.00,0.00,S,6071122182,,USD,DB
70002899,02305,01,3,20250403,155549,000004473001,1,2.99,2.99,0.00,0.19,S,6071122182,,USD,DB
70002899,02305,01,4,20250403,155549,000004482001,1,13.99,13.99,0.00,0.87,S,6071122182,,USD,DB
70002899,02305,01,5,20250403,155549,000000005020,1,4.49,4.49,0.00,0.00,S,6071122182,,USD,DB
70002900,02305,04,1,20250403,122355,000004472001,1,3.99,3.99,0.00,0.25,S,,,USD,CC
70002900,02305,04,2,20250403,122355,000004481003,1,4.99,4.99,0.00,0.31,S,,,USD,CC
70002900,02305,04,3,20250403,122355,000000030103,1,8.99,8.99,0.00,0.00,S,,,USD,CC
70002901,02305,06,1,20250403,132910,000004472002,1,4.49,4.49,0.00,0.28,S,,,USD,GC
70002901,02305,06,2,20250403,132910,000000562001,1,10.99,10.99,0.00,0.69,S,,,USD,GC
70002902,02305,05,1,20250403,153456,000004482002,1,17.99,17.99,0.00,1.12,S,,,USD,CS
70002902,02305,05,2,20250403,153456,000000094301,2.144,4.39,9.41,0.00,0.00,S,,,USD,CS
70002903,02305,01,1,20250403,111637,000000020201,1,5.49,5.49,0.00,0.00,S,,,USD,GC
70002904,02305,05,1,20250403,180343,000004471023,1,3.49,3.49,0.00,0.22,S,,,USD,CC
70002904,02305,05,2,20250403,180343,000000093502,1,3.99,3.99,0.00,0.00,S,,,USD,CC
70002904,02305,05,3,20250403,180343,000000094203,0.810,1.49,1.21,0.00,0.00,S,,,USD,CC
70002904,02305,05,4,20250403,180343,000004492001,1,1.79,1.79,0.00,0.11,S,,,USD,CC
70002904,02305,05,5,20250403,180343,000004483002,1,3.49,3.49,0.00,0.22,S,,,USD,CC
70002904,02305,05,6,20250403,180343,000004481002,1,7.99,7.99,0.00,0.50,S,,,USD,CC
70002905,02305,05,1,20250403,190554,000000030101,1,6.99,6.99,0.00,0.00,S,,,USD,GC
70002905,02305,05,2,20250403,190554,000004492003,1,2.29,2.29,0.00,0.14,S,,,USD,GC
70002906,03050,02,1,20250403,190609,000000040101,2.133,18.99,40.51,0.00,0.00,S,,,USD,DB
70002906,03050,02,2,20250403,190609,000000031101,1.689,24.99,42.21,0.00,0.00,S,,,USD,DB
70002906,03050,02,3,20250403,190609,000000005012,3,3.99,11.97,0.00,0.00,S,,,USD,DB
70002906,03050,02,4,20250403,190609,000000005201,1,3.99,3.99,0.00,0.00,S,,,USD,DB
70002907,03050,05,1,20250403,164837,000004483001,1,4.99,4.99,0.00,0.31,S,6053666144,,USD,CS
70002907,03050,05,2,20250403,164837,000000093321,2.062,1.49,3.07,0.00,0.00,S,6053666144,,USD,CS
70002907,03050,05,3,20250403,164837,000000551021,1,11.99,11.99,0.00,0.75,S,6053666144,,USD,CS
70002907,03050,05,4,20250403,164837,000004491003,1,1.99,1.99,0.00,0.12,S,6053666144,,USD,CS
70002908,03050,01,1,20250403,175940,000004471030,1,3.99,3.99,0.00,0.25,S,6087431527,,USD,DB
70002908,03050,01,2,20250403,175940,000004493001,1,5.49,5.49,0.00,0.34,S,6087431527,,USD,DB
70002908,03050,01,3,20250403,175940,000000020101,1,2.49,2.49,0.62,0.00,S,6087431527,PC25W08,USD,DB
70002909,03050,04,1,20250403,163622,000009999999,0.326,1.49,0.49,0.00,0.00,S,,,USD,GC
70002909,03050,04,2,20250403,163622,000000093501,1,4.49,4.49,0.00,0.00,S,,,USD,GC
70002909,03050,04,3,20250403,163622,000000094201,1.720,1.69,2.91,0.00,0.00,S,,,USD,GC
70002910,03050,04,1,20250403,110052,000000005020,1,4.49,4.49,0.00,0.00,S,,,USD,CC
70002910,03050,04,2,20250403,110052,000004471023,2,3.49,6.98,0.00,0.44,S,,,USD,CC
70002910,03050,04,3,20250403,110052,000000005013,1,3.89,3.89,0.00,0.00,S,,,USD,CC
70002911,03050,02,1,20250403,113121,000004471024,2,3.49,6.98,0.00,0.44,S,6032290310,,USD,GC
70002911,03050,02,2,20250403,113121,000000094301,1.846,4.39,8.10,0.00,0.00,S,6032290310,,USD,GC
70002911,03050,02,3,20250403,113121,000004471040,1,2.49,2.49,0.00,0.16,S,6032290310,,USD,GC
70002911,03050,02,4,20250403,113121,000000040201,1,8.99,8.99,0.00,0.00,S,6032290310,,USD,GC
70002911,03050,02,5,20250403,113121,000000561002,2,7.49,14.98,0.00,0.94,S,6032290310,,USD,GC
70002911,03050,02,6,20250403,113121,000000005101,1,7.99,7.99,0.00,0.00,S,6032290310,,USD,GC
70002912,00317,06,1,20250403,120757,000004492002,1,1.99,1.99,0.00,0.12,S,6016800610,,CAD,CC
70002912,00317,06,2,20250403,120757,000004483001,1,6.79,6.79,0.00,0.42,S,6016800610,,CAD,CC
70002912,00317,06,3,20250403,120757,000000020203,1,8.79,8.79,0.00,0.00,S,6016800610,,CAD,CC
70002912,00317,06,4,20250403,120757,000000005012,1,5.39,5.39,0.00,0.00,S,6016800610,,CAD,CC
70002912,00317,06,5,20250403,120757,000000093501,1,6.09,6.09,0.00,0.00,S,6016800610,,CAD,CC
70002913,00317,05,1,20250403,71152,000000040201,1,12.19,12.19,0.00,0.00,S,6052963863,,CAD,GC
70002914,00317,06,1,20250403,72546,000004481003,1,6.79,6.79,0.00,0.42,S,,,CAD,DB
70002914,00317,06,2,20250403,72546,000000005102,1,7.49,7.49,0.00,0.00,S,,,CAD,DB
70002914,00317,06,3,20250403,72546,000000552001,1,6.09,6.09,1.52,0.29,S,,PC25W08,CAD,DB
70002914,00317,06,4,20250403,72546,000000005102,1,7.49,7.49,0.00,0.00,S,,,CAD,DB
70002915,00317,04,1,20250403,212254,000000005101,1,10.89,10.89,0.00,0.00,S,6072791033,,CAD,GC
70002915,00317,04,2,20250403,212254,000000005201,1,5.39,5.39,0.00,0.00,S,6072791033,,CAD,GC
70002915,00317,04,3,20250403,212254,000004491002,1,9.49,9.49,0.00,0.59,S,6072791033,,CAD,GC
70002916,00317,06,1,20250403,100354,000000005302,1,4.69,4.69,0.00,0.00,S,6095005070,,CAD,GC
70002916,00317,06,2,20250403,100354,000000551020,1,18.99,18.99,0.00,1.19,S,6095005070,,CAD,GC
70002917,00317,05,1,20250403,210504,000000551020,2,18.99,37.98,0.00,2.37,S,6073476427,,CAD,CS
70002917,00317,05,2,20250403,210504,000000561002,1,10.19,10.19,0.00,0.64,S,6073476427,,CAD,CS
70002917,00317,05,3,20250403,210504,000000094301,2.079,5.99,12.45,0.00,0.00,S,6073476427,,CAD,CS
70002918,00317,01,1,20250403,134731,000000005201,1,5.39,5.39,0.00,0.00,S,6047705383,,CAD,CC
70002918,00317,01,2,20250403,134731,000000020103,1,6.79,6.79,0.00,0.00,S,6047705383,,CAD,CC
70002919,00317,04,1,20250403,180444,000000094302,1.343,7.49,10.06,0.00,0.00,S,6042717396,,CAD,CC
70002919,00317,04,2,20250403,180444,000000562002,1,11.49,11.49,1.72,0.61,S,6042717396,LY25W09,CAD,CC
70002919,00317,04,3,20250403,180444,000000040202,2,20.39,40.78,10.20,0.00,S,6042717396,PC25W08,CAD,CC
70002919,00317,04,4,20250403,180444,000000030101,1,9.49,9.49,0.00,0.00,S,6042717396,,CAD,CC
70002920,00317,02,1,20250403,180128,000000094203,0.380,1.99,0.76,0.00,0.00,S,,,CAD,CS
70002920,00317,02,2,20250403,180128,000004471023,1,4.69,4.69,0.00,0.29,S,,,CAD,CS
70002920,00317,02,3,20250403,180128,000000005301,1,7.49,7.49,0.00,0.00,S,,,CAD,CS
70002920,00317,02,4,20250403,180128,000000093402,2.067,4.49,9.28,0.00,0.00,S,,,CAD,CS
70002920,00317,02,5,20250403,180128,000004473002,3,3.79,11.37,0.00,0.71,S,,,CAD,CS
70002921,00317,01,1,20250403,164028,000004482001,1,18.99,18.99,0.00,1.19,S,,,CAD,CC
70002921,00317,01,2,20250403,164028,000000093325,1.865,5.39,10.05,0.00,0.00,S,,,CAD,CC
70002921,00317,01,3,20250403,164028,000000040102,0.577,23.09,13.32,3.33,0.00,S,,PC25W08,CAD,CC
70002921,00317,01,4,20250403,164028,000000094301,1.075,5.99,6.44,0.00,0.00,S,,,CAD,CC
70002922,01042,05,1,20250404,212030,000000020101,1,2.49,2.49,0.62,0.00,S,6024572308,PC25W08,USD,CS
70002922,01042,05,2,20250404,212030,000004492001,2,1.79,3.58,0.00,0.22,S,6024572308,,USD,CS
70002923,01042,01,1,20250404,83411,000000040101,2.012,18.99,38.21,0.00,0.00,S,6038498302,,USD,DB
70002923,01042,01,2,20250404,83411,000000093503,1,4.29,4.29,0.64,0.00,S,6038498302,LY25W09,USD,DB
70002924,01042,05,1,20250404,71507,000000031102,0.390,19.99,7.80,0.00,0.00,S,6040376137,,USD,CC
70002924,01042,05,2,20250404,71507,000000094102,1,3.49,3.49,0.00,0.00,S,6040376137,,USD,CC
70002924,01042,05,3,20250404,71507,000004473002,2,2.79,5.58,0.00,0.35,S,6040376137,,USD,CC
70002924,01042,05,4,20250404,71507,000000040203,1,11.99,11.99,0.00,0.00,S,6040376137,,USD,CC
70002925,01042,03,1,20250404,152157,000000005013,1,3.89,3.89,0.00,0.00,S,6084245088,,USD,DB
70002925,01042,03,2,20250404,152157,000000551021,1,11.99,11.99,0.00,0.75,S,6084245088,,USD,DB
70002925,01042,03,3,20250404,152157,000000040101,0.267,18.99,5.07,0.00,0.00,S,6084245088,,USD,DB
70002925,01042,03,4,20250404,152157,000000020101,1,2.49,2.49,0.62,0.00,S,6084245088,PC25W08,USD,DB
70002925,01042,03,5,20250404,152157,000004483002,1,3.49,3.49,0.00,0.22,S,6084245088,,USD,DB
70002925,01042,03,6,20250404,152157,000004493002,1,3.99,3.99,1.00,0.19,S,6084245088,PC25W08,USD,DB
70002926,01042,03,1,20250404,74054,000004473001,1,2.99,2.99,0.00,0.19,S,,,USD,GC
70002926,01042,03,2,20250404,74054,000000040203,1,11.99,11.99,0.00,0.00,S,,,USD,GC
70002926,01042,03,3,20250404,74054,000000094101,1,3.99,3.99,0.00,0.00,S,,,USD,GC
70002927,01042,05,1,20250404,133253,000000093503,1,4.29,4.29,0.00,0.00,S,,,USD,DB
70002927,01042,05,2,20250404,133253,000000005202,2,5.99,11.98,0.00,0.00,S,,,USD,DB
70002927,01042,05,3,20250404,133253,000000030202,1,11.49,11.49,0.00,0.00,S,,,USD,DB
70002927,01042,05,4,20250404,133253,000000030102,1,14.99,14.99,0.00,0.00,S,,,USD,DB
70002928,01042,01,1,20250404,205520,000000552002,1,3.99,3.99,0.00,0.25,S,,,USD,DB
70002928,01042,01,2,20250404,205520,000004483001,1,4.99,4.99,0.00,0.31,S,,,USD,DB
70002928,01042,01,3,20250404,205520,000000005301,1,5.49,5.49,0.00,0.00,S,,,USD,DB
70002929,01042,06,1,20250404,193139,000004491002,1,6.99,6.99,0.00,0.44,S,,,USD,CC
70002929,01042,06,2,20250404,193139,000004482003,3,5.49,16.47,0.00,1.03,S,,,USD,CC
70002929,01042,06,3,20250404,193139,000000005013,2,3.89,7.78,0.00,0.00,S,,,USD,CC
70002930,01042,02,1,20250404,183901,000000040102,1.940,16.99,32.96,8.24,0.00,S,,PC25W08,USD,CC
70002930,01042,02,2,20250404,183901,000004471023,1,3.49,3.49,0.00,0.22,S,,,USD,CC
70002930,01042,02,3,20250404,183901,000000561002,1,7.49,7.49,0.00,0.47,S,,,USD,CC
70002930,01042,02,4,20250404,183901,000004472001,1,3.99,3.99,0.00,0.25,S,,,USD,CC
70002930,01042,02,5,20250404,183901,000000040102,1.695,16.99,28.80,7.20,0.00,S,,PC25W08,USD,CC
70002930,01042,02,6,20250404,183901,000000094202,0.348,1.99,0.69,0.00,0.00,S,,,USD,CC
70002931,01042,03,1,20250404,125254,000000020101,2,2.49,4.98,1.25,0.00,S,,PC25W08,USD,CC
70002931,01042,03,2,20250404,125254,000004481001,3,7.99,23.97,0.00,1.50,S,,,USD,CC
70002931,01042,03,3,20250404,125254,000004482001,1,13.99,13.99,0.00,0.87,S,,,USD,CC
70002931,01042,03,4,20250404,125254,000000551020,1,13.99,13.99,0.00,0.87,S,,,USD,CC
70002932,01107,01,1,20250404,82756,000004493002,1,3.99,3.99,1.00,0.19,S,,PC25W08,USD,GC
70002932,01107,01,2,20250404,82756,000000561001,2,9.99,19.98,0.00,1.25,S,,,USD,GC
70002932,01107,01,3,20250404,82756,000004473002,1,2.79,2.79,0.00,0.17,S,,,USD,GC
70002933,01107,04,1,20250404,180540,000004481001,1,7.99,7.99,1.20,0.42,S,6022096902,LY25W09,USD,DB
70002933,01107,04,2,20250404,180540,000000040203,1,11.99,11.99,0.00,0.00,S,6022096902,,USD,DB
70002933,01107,04,3,20250404,180540,000004493002,1,3.99,3.99,1.00,0.19,S,6022096902,PC25W08,USD,DB
70002934,01107,01,1,20250404,72440,000000020101,1,2.49,2.49,0.62,0.00,S,,PC25W08,USD,DB
70002935,02210,06,1,20250404,181525,000004472002,3,4.49,13.47,0.00,0.84,S,,,USD,DB
70002935,02210,06,2,20250404,181525,000004471023,1,3.49,3.49,0.00,0.22,S,,,USD,DB
70002935,02210,06,3,20250404,181525,000000005020,1,4.49,4.49,0.00,0.00,S,,,USD,DB
70002936,02210,02,1,20250404,135843,000004493002,1,3.99,3.99,1.00,0.19,S,,PC25W08,USD,GC
70002937,02210,04,1,20250404,174527,000000020203,1,6.49,6.49,0.00,0.00,S,6030806958,,USD,DB
70002937,02210,04,2,20250404,174527,000000093503,3,4.29,12.87,1.93,0.00,S,6030806958,LY25W09,USD,DB
70002937,02210,04,3,20250404,174527,000000020203,1,6.49,6.49,0.00,0.00,V,6030806958,,USD,DB
70002938,02210,06,1,20250404,183041,000004493002,2,3.99,7.98,2.00,0.37,S,,PC25W08,USD,DB
70002938,02210,06,2,20250404,183041,000004471030,1,3.99,3.99,0.00,0.25,S,,,USD,DB
70002939,02210,06,1,20250404,140530,000000020203,1,6.49,6.49,0.00,0.00,S,6075243728,,USD,DB
70002939,02210,06,2,20250404,140530,000004482002,1,17.99,17.99,0.00,1.12,S,6075243728,,USD,DB
70002939,02210,06,3,20250404,140530,000004483002,1,3.49,3.49,0.00,0.22,S,6075243728,,USD,DB
70002940,02210,02,1,20250404,192404,000004481002,1,7.99,7.99,0.00,0.50,S,6093143866,,USD,CS
70002940,02210,02,2,20250404,192404,000000094203,1.732,1.49,2.58,0.00,0.00,S,6093143866,,USD,CS
70002940,02210,02,3,20250404,192404,000000005302,1,3.49,3.49,0.00,0.00,S,6093143866,,USD,CS
70002940,02210,02,4,20250404,192404,000000093321,0.715,1.49,1.07,0.00,0.00,S,6093143866,,USD,CS
70002941,02210,04,1,20250404,110825,000000020103,1,4.99,4.99,0.00,0.00,S,,,USD,DB
70002941,02210,04,2,20250404,110825,000000020203,1,6.49,6.49,0.00,0.00,S,,,USD,DB
70002941,02210,04,3,20250404,110825,000000094102,1,3.49,3.49,0.00,0.00,S,,,USD,DB
70002941,02210,04,4,20250404,110825,000004471023,1,3.49,3.49,0.00,0.22,S,,,USD,DB
70002942,02210,05,1,20250404,211850,000004492001,1,1.79,1.79,0.00,0.11,S,,,USD,DB
70002942,02210,05,2,20250404,211850,000004471024,1,3.49,3.49,0.00,0.22,S,,,USD,DB
70002943,02210,05,1,20250404,185242,000000094102,1,3.49,3.49,0.00,0.00,S,,,USD,DB
70002943,02210,05,2,20250404,185242,000000030101,1,6.99,6.99,0.00,0.00,S,,,USD,DB
70002943,02210,05,3,20250404,185242,000000562002,1,8.49,8.49,0.00,0.53,S,,,USD,DB
70002944,02211,01,1,20250404,164912,000004473002,3,2.79,8.37,0.00,0.52,S,,,USD,DB
70002945,02211,04,1,20250404,175006,000004473001,3,2.99,8.97,0.00,0.56,S,,,USD,DB
70002945,02211,04,2,20250404,175006,000000020203,1,6.49,6.49,0.00,0.00,S,,,USD,DB
70002946,02211,05,1,20250404,104305,000004491001,1,2.49,2.49,0.00,0.16,S,6043697093,,USD,CC
70002946,02211,05,2,20250404,104305,000004491002,1,6.99,6.99,0.00,0.44,S,6043697093,,USD,CC
70002946,02211,05,3,20250404,104305,000004471040,1,2.49,2.49,0.00,0.16,S,6043697093,,USD,CC
70002946,02211,05,4,20250404,104305,000000093502,1,3.99,3.99,0.00,0.00,S,6043697093,,USD,CC
70002946,02211,05,5,20250404,104305,000000552001,1,4.49,4.49,1.12,0.21,S,6043697093,PC25W08,USD,CC
70002947,02305,04,1,20250404,140421,000000020203,1,6.49,6.49,0.00,0.00,S,6082210217,,USD,DB
70002948,02305,01,1,20250404,71802,000000094201,0.463,1.69,0.78,0.00,0.00,S,,,USD,DB
70002948,02305,01,2,20250404,71802,000000551021,1,11.99,11.99,0.00,0.75,S,,,USD,DB
70002948,02305,01,3,20250404,71802,000004471023,1,3.49,3.49,0.00,0.22,S,,,USD,DB
70002949,02305,06,1,20250404,141144,000004492002,1,1.49,1.49,0.00,0.09,S,6090833506,,USD,CC
70002949,02305,06,2,20250404,141144,000000020202,1,5.99,5.99,0.00,0.00,S,6090833506,,USD,CC
70002950,02305,03,1,20250404,160313,000000020103,1,4.99,4.99,0.00,0.00,S,,,USD,DB
70002950,02305,03,2,20250404,160313,000004482001,1,13.99,13.99,0.00,0.87,S,,,USD,DB
70002951,02305,06,1,20250404,155705,000000005102,2,5.49,10.98,0.00,0.00,S,,,USD,GC
70002952,02305,06,1,20250404,141227,000000561002,3,7.49,22.47,0.00,1.40,S,6076297454,,USD,CC
70002952,02305,06,2,20250404,141227,000000005301,1,5.49,5.49,0.00,0.00,S,6076297454,,USD,CC
70002952,02305,06,3,20250404,141227,000000094203,1.213,1.49,1.81,0.00,0.00,S,6076297454,,USD,CC
70002953,02305,02,1,20250404,132909,000004471030,1,3.99,3.99,0.00,0.25,S,6037660144,,USD,CC
70002953,02305,02,2,20250404,132909,000004491001,1,2.49,2.49,0.00,0.16,S,6037660144,,USD,CC
70002953,02305,02,3,20250404,132909,000000093325,0.273,3.99,1.09,0.00,0.00,S,6037660144,,USD,CC
70002954,02305,05,1,20250404,162420,000004471024,1,3.49,3.49,0.00,0.22,S,,,USD,CS
70002954,02305,05,2,20250404,162420,000000093410,0.760,3.99,3.03,0.00,0.00,S,,,USD,CS
70002955,02305,01,1,20250404,150429,000004471030,1,3.99,3.99,0.00,0.25,S,,,USD,CC
70002955,02305,01,2,20250404,150429,000000093325,0.486,3.99,1.94,0.00,0.00,S,,,USD,CC
70002955,02305,01,3,20250404,150429,000000561001,1,9.99,9.99,0.00,0.62,S,,,USD,CC
70002956,02305,05,1,20250404,182438,000000005202,1,5.99,5.99,0.00,0.00,S,6003771070,,USD,GC
70002956,02305,05,2,20250404,182438,000004492003,2,2.29,4.58,0.00,0.29,S,6003771070,,USD,GC
70002956,02305,05,3,20250404,182438,000000561001,2,9.99,19.98,0.00,1.25,S,6003771070,,USD,GC
70002957,02305,03,1,20250404,83934,000004473003,1,3.49,3.49,0.00,0.22,S,,,USD,DB
70002957,02305,03,2,20250404,83934,000004483002,2,3.49,6.98,0.00,0.44,S,,,USD,DB
70002958,03050,03,1,20250404,123758,000000552001,2,4.49,8.98,2.25,0.42,S,,PC25W08,USD,CC
70002959,03050,06,1,20250404,165140,000000094203,1.277,1.49,1.90,0.00,0.00,S,,,USD,DB
70002959,03050,06,2,20250404,165140,000004492001,2,1.79,3.58,0.00,0.22,S,,,USD,DB
70002959,03050,06,3,20250404,165140,000000030202,2,11.49,22.98,0.00,0.00,S,,,USD,DB
70002959,03050,06,4,20250404,165140,000000040101,2.179,18.99,41.38,0.00,0.00,S,,,USD,DB
70002959,03050,06,5,20250404,165140,000000551021,1,11.99,11.99,0.00,0.75,S,,,USD,DB
70002960,03050,05,1,20250404,132407,000004473001,3,2.99,8.97,0.00,0.56,S,6082043397,,USD,DB
70002961,03050,05,1,20250404,203235,000004471040,2,2.49,4.98,0.00,0.31,S,,,USD,CS
70002961,03050,05,2,20250404,203235,000000562001,1,10.99,10.99,0.00,0.69,S,,,USD,CS
70002962,03050,02,1,20250404,181822,000000005202,2,5.99,11.98,0.00,0.00,S,,,USD,CC
70002962,03050,02,2,20250404,181822,000004472001,1,3.99,3.99,0.00,0.25,S,,,USD,CC
70002962,03050,02,3,20250404,181822,000004492001,1,1.79,1.79,0.00,0.11,S,,,USD,CC
70002962,03050,02,4,20250404,181822,000004481003,1,4.99,4.99,0.00,0.31,S,,,USD,CC
70002962,03050,02,5,20250404,181822,000000040101,2.131,18.99,40.47,0.00,0.00,S,,,USD,CC
70002962,03050,02,6,20250404,181822,000000020203,1,6.49,6.49,0.00,0.00,S,,,USD,CC
70002963,03050,02,1,20250404,134100,000000005103,1,6.99,6.99,0.00,0.00,S,,,USD,DB
70002964,03050,04,1,20250404,205643,000004481002,1,7.99,7.99,0.00,0.50,S,6061203471,,USD,CC
70002965,03050,03,1,20250404,172311,000000040102,1.528,16.99,25.96,6.49,0.00,S,6036374545,PC25W08,USD,DB
70002965,03050,03,2,20250404,172311,000000551021,1,11.99,11.99,0.00,0.75,S,6036374545,,USD,DB
70002965,03050,03,3,20250404,172311,000004481001,1,7.99,7.99,1.20,0.42,S,6036374545,LY25W09,USD,DB
70002965,03050,03,4,20250404,172311,000004482003,2,5.49,10.98,0.00,0.69,S,6036374545,,USD,DB
70002966,03050,02,1,20250404,92738,000004481003,1,4.99,4.99,0.00,0.31,S,6033721885,,USD,GC
70002966,03050,02,2,20250404,92738,000004482001,2,13.99,27.98,0.00,1.75,S,6033721885,,USD,GC
70002966,03050,02,3,20250404,92738,000004491001,1,2.49,2.49,0.00,0.16,S,6033721885,,USD,GC
70002967,03050,02,1,20250404,215200,000000030101,3,6.99,20.97,0.00,0.00,S,,,USD,CC
70002967,03050,02,2,20250404,215200,000004482002,1,17.99,17.99,0.00,1.12,S,,,USD,CC
70002968,03050,01,1,20250404,182722,000004481002,2,7.99,15.98,0.00,1.00,S,6099512397,,USD,CC
70002968,03050,01,2,20250404,182722,000000093503,1,4.29,4.29,0.64,0.00,S,6099512397,LY25W09,USD,CC
70002968,03050,01,3,20250404,182722,000004493001,1,5.49,5.49,0.00,0.34,S,6099512397,,USD,CC
70002968,03050,01,4,20250404,182722,000000094203,0.732,1.49,1.09,0.00,0.00,S,6099512397,,USD,CC
70002968,03050,01,5,20250404,182722,000000040203,1,11.99,11.99,0.00,0.00,S,6099512397,,USD,CC
70002969,03050,04,1,20250404,194438,000000005013,1,3.89,3.89,0.00,0.00,S,,,USD,DB
70002969,03050,04,2,20250404,194438,000000031102,1.574,19.99,31.46,0.00,0.00,S,,,USD,DB
70002970,00317,04,1,20250404,141909,000000005201,1,5.39,5.39,0.00,0.00,S,,,CAD,GC
70002970,00317,04,2,20250404,141909,000000030102,1,20.39,20.39,0.00,0.00,S,,,CAD,GC
70002971,00317,01,1,20250404,71146,000000562002,1,11.49,11.49,1.72,0.61,S,6092988425,LY25W09,CAD,CC
70002971,00317,01,2,20250404,71146,000000005020,1,6.09,6.09,0.00,0.00,S,6092988425,,CAD,CC
70002971,00317,01,3,20250404,71146,000004492003,1,3.09,3.09,0.00,0.19,S,6092988425,,CAD,CC
70002971,00317,01,4,20250404,71146,000000094202,1.686,2.69,4.54,0.00,0.00,S,6092988425,,CAD,CC
70002971,00317,01,5,20250404,71146,000004472003,1,4.49,4.49,0.00,0.28,S,6092988425,,CAD,CC
70002972,00317,05,1,20250404,94009,000000094202,1.322,2.69,3.56,0.00,0.00,S,,,CAD,DB
70002972,00317,05,2,20250404,94009,000000562002,1,11.49,11.49,0.00,0.72,S,,,CAD,DB
70002972,00317,05,3,20250404,94009,000000094201,1.042,2.29,2.39,0.00,0.00,S,,,CAD,DB
70002972,00317,05,4,20250404,94009,000000005302,1,4.69,4.69,0.00,0.00,S,,,CAD,DB
70002972,00317,05,5,20250404,94009,000000551020,1,18.99,18.99,0.00,1.19,S,,,CAD,DB
70002972,00317,05,6,20250404,94009,000004482002,2,24.49,48.98,0.00,3.06,S,,,CAD,DB
70002973,00317,01,1,20250404,143347,000000093503,1,5.79,5.79,0.00,0.00,S,,,CAD,DB
70002973,00317,01,2,20250404,143347,000000005020,1,6.09,6.09,0.00,0.00,S,,,CAD,DB
70002974,00317,03,1,20250404,215424,000000562001,1,14.89,14.89,0.00,0.93,S,,,CAD,DB
70002974,00317,03,2,20250404,215424,000000005103,1,9.49,9.49,0.00,0.00,S,,,CAD,DB
70002974,00317,03,3,20250404,215424,000000093501,2,6.09,12.18,0.00,0.00,S,,,CAD,DB
70002975,00317,06,1,20250404,80239,000004482003,1,7.49,7.49,0.00,0.47,R,,,CAD,CC
70002976,00317,03,1,20250404,144704,000004482002,1,24.49,24.49,0.00,1.53,S,,,CAD,GC
70002976,00317,03,2,20250404,144704,000000552001,1,6.09,6.09,1.52,0.29,S,,PC25W08,CAD,GC
70002976,00317,03,3,20250404,144704,000000094102,1,4.69,4.69,0.00,0.00,S,,,CAD,GC
70002977,00317,05,1,20250404,131643,000000551020,2,18.99,37.98,0.00,2.37,S,6089848416,,CAD,CC
70002978,00317,01,1,20250404,93613,000000020101,1,3.39,3.39,0.85,0.00,S,,PC25W08,CAD,CC
70002978,00317,01,2,20250404,93613,000000005302,1,4.69,4.69,0.00,0.00,S,,,CAD,CC
70002979,00317,02,1,20250404,150333,000000030103,1,12.19,12.19,0.00,0.00,S,,,CAD,DB
70002979,00317,02,2,20250404,150333,000000005102,2,7.49,14.98,0.00,0.00,S,,,CAD,DB
70002979,00317,02,3,20250404,150333,000000093503,2,5.79,11.58,0.00,0.00,S,,,CAD,DB
70002980,00317,02,1,20250404,85415,000004492002,1,1.99,1.99,0.00,0.12,S,,,CAD,DB
70002980,00317,02,2,20250404,85415,000000030103,1,12.19,12.19,0.00,0.00,S,,,CAD,DB
70002981,01042,04,1,20250405,162617,000000005302,2,3.49,6.98,0.00,0.00,S,,,USD,DB
70002982,01042,05,1,20250405,160511,000000561001,1,9.99,9.99,0.00,0.62,S,,,USD,DB
70002982,01042,05,2,20250405,160511,000004481001,1,7.99,7.99,0.00,0.50,S,,,USD,DB
70002982,01042,05,3,20250405,160511,000004472002,1,4.49,4.49,0.00,0.28,S,,,USD,DB
70002982,01042,05,4,20250405,160511,000004491001,1,2.49,2.49,0.00,0.16,S,,,USD,DB
70002982,01042,05,5,20250405,160511,000000005020,1,4.49,4.49,0.00,0.00,S,,,USD,DB
70002983,01042,01,1,20250405,131615,000004492002,2,1.49,2.98,0.00,0.19,S,,,USD,GC
70002984,01042,06,1,20250405,185312,000000005202,2,5.99,11.98,0.00,0.00,S,,,USD,DB
70002985,01042,03,1,20250405,94248,000000093501,2,4.49,8.98,0.00,0.00,S,,,USD,DB
70002985,01042,03,2,20250405,94248,000000005301,1,5.49,5.49,0.00,0.00,S,,,USD,DB
70002985,01042,03,3,20250405,94248,000004471030,1,3.99,3.99,0.00,0.25,S,,,USD,DB
70002985,01042,03,4,20250405,94248,000004471040,1,2.49,2.49,0.00,0.16,S,,,USD,DB
70002986,01042,01,1,20250405,142841,000004493001,1,5.49,5.49,0.00,0.34,S,,,USD,DB
70002987,01042,06,1,20250405,211615,000000005013,1,3.89,3.89,0.00,0.00,S,6080512080,,USD,CC
70002987,01042,06,2,20250405,211615,000000040102,0.848,16.99,14.41,3.60,0.00,S,6080512080,PC25W08,USD,CC
70002987,01042,06,3,20250405,211615,000000040102,1.582,16.99,26.88,6.72,0.00,S,6080512080,PC25W08,USD,CC
70002988,01042,03,1,20250405,202557,000000030203,2,8.49,16.98,0.00,0.00,S,6075233438,,USD,CS
70002989,01042,03,1,20250405,84521,000000005302,1,3.49,3.49,0.00,0.00,S,,,USD,GC
70002989,01042,03,2,20250405,84521,000000020201,1,5.49,5.49,0.00,0.00,S,,,USD,GC
70002989,01042,03,3,20250405,84521,000000040101,0.837,18.99,15.89,0.00,0.00,S,,,USD,GC
70002989,01042,03,4,20250405,84521,000000040202,1,14.99,14.99,3.75,0.00,S,,PC25W08,USD,GC
70002989,01042,03,5,20250405,84521,000000005020,1,4.49,4.49,0.00,0.00,S,,,USD,GC
70002990,01107,06,1,20250405,194948,000000094102,1,3.49,3.49,0.00,0.00,R,6013578529,,USD,DB
70002991,01107,06,1,20250405,122735,000000005103,1,6.99,6.99,0.00,0.00,S,,,USD,DB
70002991,01107,06,2,20250405,122735,000000030202,1,11.49,11.49,0.00,0.00,S,,,USD,DB
70002992,01107,02,1,20250405,75822,000004492003,1,2.29,2.29,0.00,0.14,S,,,USD,CS
70002992,01107,02,2,20250405,75822,000000005013,1,3.89,3.89,0.00,0.00,S,,,USD,CS
70002993,01107,01,1,20250405,102448,000004473001,2,2.99,5.98,0.00,0.37,S,,,USD,CC
70002994,01107,01,1,20250405,200301,000004491002,2,6.99,13.98,0.00,0.87,S,,,USD,DB
70002994,01107,01,2,20250405,200301,000000093503,1,4.29,4.29,0.00,0.00,S,,,USD,DB
70002995,01107,05,1,20250405,210909,000000005102,1,5.49,5.49,0.00,0.00,S,,,USD,DB
70002996,01107,05,1,20250405,173130,000000030203,2,8.49,16.98,0.00,0.00,S,,,USD,CC
70002997,02210,02,1,20250405,144333,000000005103,3,6.99,20.97,0.00,0.00,S,,,USD,DB
70002997,02210,02,2,20250405,144333,000000031102,1.994,19.99,39.86,0.00,0.00,S,,,USD,DB
70002998,02210,03,1,20250405,152818,000004483002,1,3.49,3.49,0.00,0.22,S,6045465535,,USD,CC
70002998,02210,03,2,20250405,152818,000004481001,2,7.99,15.98,2.40,0.85,S,6045465535,LY25W09,USD,CC
70002998,02210,03,3,20250405,152818,000004481003,1,4.99,4.99,0.00,0.31,S,6045465535,,USD,CC
70002999,02211,04,1,20250405,174904,000004492003,1,2.29,2.29,0.00,0.14,S,6060138241,,USD,GC
70003000,02211,03,1,20250405,75644,000004481001,1,7.99,7.99,1.20,0.42,S,6044260781,LY25W09,USD,CC
70003000,02211,03,2,20250405,75644,000000020103,2,4.99,9.98,0.00,0.00,S,6044260781,,USD,CC
70003000,02211,03,3,20250405,75644,000004482003,1,5.49,5.49,0.00,0.34,S,6044260781,,USD,CC
70003001,02211,01,1,20250405,122445,000000005302,1,3.49,3.49,0.00,0.00,S,,,USD,DB
70003001,02211,01,2,20250405,122445,000004481001,1,7.99,7.99,0.00,0.50,S,,,USD,DB
70003001,02211,01,3,20250405,122445,000004473003,1,3.49,3.49,0.00,0.22,S,,,USD,DB
70003001,02211,01,4,20250405,122445,000000005102,1,5.49,5.49,0.00,0.00,S,,,USD,DB
70003001,02211,01,5,20250405,122445,000004492003,2,2.29,4.58,0.00,0.29,S,,,USD,DB
70003001,02211,01,6,20250405,122445,000000005201,1,3.99,3.99,0.00,0.00,S,,,USD,DB
70003002,02211,05,1,20250405,150314,000004483001,1,4.99,4.99,0.00,0.31,S,,,USD,CC
70003003,02211,01,1,20250405,122002,000004483002,1,3.49,3.49,0.00,0.22,S,6019422686,,USD,CC
70003004,02305,02,1,20250405,100523,000000020101,1,2.49,2.49,0.62,0.00,S,6052895392,PC25W08,USD,DB
70003004,02305,02,2,20250405,100523,000004481001,3,7.99,23.97,3.60,1.27,S,6052895392,LY25W09,USD,DB
70003005,02305,05,1,20250405,71927,000000562001,1,10.99,10.99,0.00,0.69,S,,,USD,CC
70003005,02305,05,2,20250405,71927,000000005013,1,3.89,3.89,0.00,0.00,S,,,USD,CC
70003005,02305,05,3,20250405,71927,000004493001,1,5.49,5.49,0.00,0.34,S,,,USD,CC
70003006,02305,02,1,20250405,213542,000004481002,1,7.99,7.99,0.00,0.50,S,,,USD,CS
70003006,02305,02,2,20250405,213542,000000040102,0.484,16.99,8.22,2.06,0.00,S,,PC25W08,USD,CS
70003006,02305,02,3,20250405,213542,000000561002,1,7.49,7.49,0.00,0.47,S,,,USD,CS
70003007,02305,04,1,20250405,170313,000004471040,1,2.49,2.49,0.00,0.16,S,,,USD,CC
70003008,02305,04,1,20250405,105657,000000031101,1.634,24.99,40.83,0.00,0.00,S,6010720113,,USD,CC
70003008,02305,04,2,20250405,105657,000000020102,1,3.49,3.49,0.00,0.00,S,6010720113,,USD,CC
70003008,02305,04,3,20250405,105657,000004483001,1,4.99,4.99,0.00,0.31,S,6010720113,,USD,CC
70003008,02305,04,4,20250405,105657,000000031101,0.924,24.99,23.09,0.00,0.00,S,6010720113,,USD,CC
70003008,02305,04,5,20250405,105657,000000020201,1,5.49,5.49,0.00,0.00,S,6010720113,,USD,CC
70003009,02305,06,1,20250405,203147,000000094302,1.440,5.49,7.91,0.00,0.00,S,6017537030,,USD,CC
70003009,02305,06,2,20250405,203147,000004472002,1,4.49,4.49,0.67,0.24,S,6017537030,LY25W09,USD,CC
70003009,02305,06,3,20250405,203147,000004483002,1,3.49,3.49,0.00,0.22,S,6017537030,,USD,CC
70003009,02305,06,4,20250405,203147,000000005201,1,3.99,3.99,0.00,0.00,S,6017537030,,USD,CC
70003009,02305,06,5,20250405,203147,000000005013,2,3.89,7.78,0.00,0.00,S,6017537030,,USD,CC
70003010,02305,03,1,20250405,141534,000000094203,1.571,1.49,2.34,0.00,0.00,S,6010943969,,USD,DB
70003010,02305,03,2,20250405,141534,000004483002,1,3.49,3.49,0.00,0.22,S,6010943969,,USD,DB
70003011,02305,06,1,20250405,144227,000004472002,1,4.49,4.49,0.00,0.28,S,,,USD,GC
70003011,02305,06,2,20250405,144227,000000094202,1.680,1.99,3.34,0.00,0.00,S,,,USD,GC
70003011,02305,06,3,20250405,144227,000004482001,2,13.99,27.98,0.00,1.75,S,,,USD,GC
70003011,02305,06,4,20250405,144227,000000552002,1,3.99,3.99,0.00,0.25,S,,,USD,GC
70003012,02305,02,1,20250405,93040,000000094101,1,3.99,3.99,0.00,0.00,S,,,USD,DB
70003012,02305,02,2,20250405,93040,000004483002,1,3.49,3.49,0.00,0.22,S,,,USD,DB
70003012,02305,02,3,20250405,93040,000004471024,1,3.49,3.49,0.00,0.22,S,,,USD,DB
70003012,02305,02,4,20250405,93040,000000040202,1,14.99,14.99,3.75,0.00,S,,PC25W08,USD,DB
70003013,02305,01,1,20250405,83945,000000031102,0.312,19.99,6.24,0.00,0.00,S,6056341085,,USD,GC
70003013,02305,01,2,20250405,83945,000004473002,1,2.79,2.79,0.00,0.17,S,6056341085,,USD,GC
70003014,02305,01,1,20250405,71048,000000093503,2,4.29,8.58,1.29,0.00,S,6002437654,LY25W09,USD,DB
70003014,02305,01,2,20250405,71048,000004493001,1,5.49,5.49,0.00,0.34,S,6002437654,,USD,DB
70003014,02305,01,3,20250405,71048,000000030102,1,14.99,14.99,0.00,0.00,S,6002437654,,USD,DB
70003015,02305,02,1,20250405,131806,000000094201,0.590,1.69,1.00,0.00,0.00,S,,,USD,DB
70003015,02305,02,2,20250405,131806,000004493001,1,5.49,5.49,0.00,0.34,S,,,USD,DB
70003016,02305,01,1,20250405,162254,000000040101,0.513,18.99,9.74,0.00,0.00,S,,,USD,DB
70003017,02305,04,1,20250405,71601,000004473001,2,2.99,5.98,0.00,0.37,S,,,USD,DB
70003017,02305,04,2,20250405,71601,000004471023,1,3.49,3.49,0.00,0.22,S,,,USD,DB
70003017,02305,04,3,20250405,71601,000000005013,1,3.89,3.89,0.00,0.00,S,,,USD,DB
70003018,02305,06,1,20250405,71434,000000005101,1,7.99,7.99,0.00,0.00,S,,,USD,CC
70003018,02305,06,2,20250405,71434,000000552001,1,4.49,4.49,1.12,0.21,S,,PC25W08,USD,CC
70003018,02305,06,3,20250405,71434,000004473003,1,3.49,3.49,0.00,0.22,S,,,USD,CC
70003018,02305,06,4,20250405,71434,000000005020,1,4.49,4.49,0.00,0.00,S,,,USD,CC
70003018,02305,06,5,20250405,71434,000000093322,1.732,1.99,3.45,0.00,0.00,S,,,USD,CC
70003019,03050,02,1,20250405,141531,000000551020,1,13.99,13.99,0.00,0.87,S,,,USD,DB
70003019,03050,02,2,20250405,141531,000000093402,1.657,3.29,5.45,0.00,0.00,S,,,USD,DB
70003019,03050,02,3,20250405,141531,000000040203,2,11.99,23.98,0.00,0.00,S,,,USD,DB
70003020,03050,02,1,20250405,201411,000000031101,1.577,24.99,39.41,0.00,0.00,S,,,USD,GC
70003020,03050,02,2,20250405,201411,000000005302,1,3.49,3.49,0.00,0.00,S,,,USD,GC
70003020,03050,02,3,20250405,201411,000004473003,2,3.49,6.98,0.00,0.44,S,,,USD,GC
70003020,03050,02,4,20250405,201411,000000093402,1.518,3.29,4.99,0.00,0.00,S,,,USD,GC
70003020,03050,02,5,20250405,201411,000004491003,1,1.99,1.99,0.00,0.12,S,,,USD,GC
70003021,03050,02,1,20250405,92013,000000093401,0.840,5.49,4.61,0.00,0.00,S,6069155942,,USD,GC
70003021,03050,02,2,20250405,92013,000000094101,1,3.99,3.99,0.00,0.00,S,6069155942,,USD,GC
70003021,03050,02,3,20250405,92013,000000094301,0.257,4.39,1.13,0.00,0.00,S,6069155942,,USD,GC
70003022,03050,02,1,20250405,194741,000000005302,1,3.49,3.49,0.00,0.00,S,6055562833,,USD,CS
70003022,03050,02,2,20250405,194741,000000030203,1,8.49,8.49,0.00,0.00,S,6055562833,,USD,CS
70003022,03050,02,3,20250405,194741,000004482001,1,13.99,13.99,0.00,0.87,S,6055562833,,USD,CS
70003022,03050,02,4,20250405,194741,000004471024,2,3.49,6.98,0.00,0.44,S,6055562833,,USD,CS
70003022,03050,02,5,20250405,194741,000000093325,1.407,3.99,5.61,0.00,0.00,S,6055562833,,USD,CS
70003023,03050,03,1,20250405,200632,000004492003,1,2.29,2.29,0.00,0.14,S,6042271133,,USD,DB
70003024,03050,01,1,20250405,121600,000000094201,1.413,1.69,2.39,0.00,0.00,S,,,USD,DB
70003024,03050,01,2,20250405,121600,000004482002,2,17.99,35.98,0.00,2.25,S,,,USD,DB
70003025,03050,02,1,20250405,72607,000004473002,1,2.79,2.79,0.00,0.17,S,,,USD,CS
70003026,03050,05,1,20250405,70742,000000030201,1,9.99,9.99,0.00,0.00,S,6035775949,,USD,CS
70003026,03050,05,2,20250405,70742,000000040203,1,11.99,11.99,0.00,0.00,S,6035775949,,USD,CS
70003026,03050,05,3,20250405,70742,000000093503,1,4.29,4.29,0.64,0.00,S,6035775949,LY25W09,USD,CS
70003027,03050,05,1,20250405,155522,000004493001,1,5.49,5.49,0.00,0.34,S,6022784699,,USD,CS
70003027,03050,05,2,20250405,155522,000004482001,1,13.99,13.99,0.00,0.87,S,6022784699,,USD,CS
70003027,03050,05,3,20250405,155522,000000551020,1,13.99,13.99,0.00,0.87,S,6022784699,,USD,CS
70003027,03050,05,4,20250405,155522,000004482001,1,13.99,13.99,0.00,0.87,V,6022784699,,USD,CS
70003028,03050,03,1,20250405,181247,000004471023,1,3.49,3.49,0.00,0.22,S,,,USD,CC
70003028,03050,03,2,20250405,181247,000000005102,1,5.49,5.49,0.00,0.00,S,,,USD,CC
70003029,03050,05,1,20250405,195551,000000552001,3,4.49,13.47,3.37,0.63,S,,PC25W08,USD,DB
70003030,03050,03,1,20250405,164623,000000005102,1,5.49,5.49,0.00,0.00,S,,,USD,CC
70003030,03050,03,2,20250405,164623,000000094102,1,3.49,3.49,0.00,0.00,S,,,USD,CC
70003030,03050,03,3,20250405,164623,000000093325,0.350,3.99,1.40,0.00,0.00,S,,,USD,CC
70003030,03050,03,4,20250405,164623,000004483001,1,4.99,4.99,0.00,0.31,S,,,USD,CC
70003030,03050,03,5,20250405,164623,000000562002,1,8.49,8.49,0.00,0.53,S,,,USD,CC
70003031,00317,05,1,20250405,114549,000004493002,1,5.39,5.39,1.35,0.25,S,,PC25W08,CAD,GC
70003032,00317,05,1,20250405,74438,000000005013,1,5.29,5.29,0.00,0.00,S,,,CAD,CC
70003032,00317,05,2,20250405,74438,000004483002,1,4.69,4.69,0.00,0.29,S,,,CAD,CC
70003032,00317,05,3,20250405,74438,000004471030,1,5.39,5.39,0.00,0.34,S,,,CAD,CC
70003033,00317,04,1,20250405,110829,000000094103,1,5.19,5.19,0.00,0.00,S,6018723335,,CAD,DB
70003033,00317,04,2,20250405,110829,000000020102,1,4.69,4.69,0.00,0.00,S,6018723335,,CAD,DB
70003033,00317,04,3,20250405,110829,000000094102,1,4.69,4.69,0.00,0.00,S,6018723335,,CAD,DB
70003033,00317,04,4,20250405,110829,000000094202,0.697,2.69,1.87,0.00,0.00,S,6018723335,,CAD,DB
70003033,00317,04,5,20250405,110829,000004493001,3,7.49,22.47,0.00,1.40,S,6018723335,,CAD,DB
70003034,00317,03,1,20250405,170009,000004473001,2,4.09,8.18,0.00,0.51,S,6086298579,,CAD,DB
70003034,00317,03,2,20250405,170009,000000030101,1,9.49,9.49,0.00,0.00,S,6086298579,,CAD,DB
70003034,00317,03,3,20250405,170009,000000020101,1,3.39,3.39,0.85,0.00,S,6086298579,PC25W08,CAD,DB
70003034,00317,03,4,20250405,170009,000000030103,1,12.19,12.19,0.00,0.00,S,6086298579,,CAD,DB
70003034,00317,03,5,20250405,170009,000000094103,1,5.19,5.19,0.00,0.00,S,6086298579,,CAD,DB
70003034,00317,03,6,20250405,170009,000004473001,2,4.09,8.18,0.00,0.51,V,6086298579,,CAD,DB
70003035,00317,06,1,20250405,73239,000000005012,1,5.39,5.39,0.00,0.00,S,,,CAD,CC
70003035,00317,06,2,20250405,73239,000000561001,2,13.59,27.18,0.00,1.70,S,,,CAD,CC
70003035,00317,06,3,20250405,73239,000000093401,2.096,7.49,15.70,0.00,0.00,S,,,CAD,CC
70003035,00317,06,4,20250405,73239,000004482001,1,18.99,18.99,0.00,1.19,S,,,CAD,CC
70003035,00317,06,5,20250405,73239,000004493002,2,5.39,10.78,2.69,0.51,S,,PC25W08,CAD,CC
70003035,00317,06,6,20250405,73239,000000093503,2,5.79,11.58,0.00,0.00,S,,,CAD,CC
70003036,00317,03,1,20250405,165058,000000030101,1,9.49,9.49,0.00,0.00,S,,,CAD,CS
70003036,00317,03,2,20250405,165058,000000030203,3,11.49,34.47,0.00,0.00,S,,,CAD,CS
70003036,00317,03,3,20250405,165058,000004472050,1,5.39,5.39,0.00,0.34,S,,,CAD,CS
70003036,00317,03,4,20250405,165058,000004471030,2,5.39,10.78,0.00,0.67,S,,,CAD,CS
70003036,00317,03,5,20250405,165058,000000020202,1,8.09,8.09,0.00,0.00,S,,,CAD,CS
70003036,00317,03,6,20250405,165058,000000094201,0.860,2.29,1.97,0.00,0.00,S,,,CAD,CS
70003037,00317,01,1,20250405,145018,000000005102,1,7.49,7.49,0.00,0.00,S,6001061817,,CAD,DB
70003037,00317,01,2,20250405,145018,000004491002,1,9.49,9.49,0.00,0.59,S,6001061817,,CAD,DB
70003037,00317,01,3,20250405,145018,000000020103,2,6.79,13.58,0.00,0.00,S,6001061817,,CAD,DB
70003038,00317,03,1,20250405,201033,000000094103,2,5.19,10.38,0.00,0.00,S,6062961943,,CAD,CC
70003038,,03,2,20250405,201033,000000005102,2,7.49,14.98,0.00,0.00,S,6062961943,,CAD,CC
70003038,00317,03,3,20250405,201033,000000020103,1,6.79,6.79,0.00,0.00,S,6062961943,,CAD,CC
70003039,00317,04,1,20250405,142945,000000040201,1,12.19,12.19,0.00,0.00,S,,,CAD,GC
70003040,00317,06,1,20250405,110241,000004472002,1,6.09,6.09,0.00,0.38,S,,,CAD,GC
70003040,00317,06,2,20250405,110241,000000094202,0.306,2.69,0.82,0.00,0.00,S,,,CAD,GC
70003040,00317,06,3,20250405,110241,000000031102,2.176,27.19,59.17,0.00,0.00,S,,,CAD,GC
70003040,00317,06,4,20250405,110241,000000030202,1,15.59,15.59,0.00,0.00,S,,,CAD,GC
70003041,00317,01,1,20250405,211248,000000094102,1,4.69,4.69,0.00,0.00,S,6000170127,,CAD,DB
70003041,00317,01,2,20250405,211248,000000094202,1.265,2.69,3.40,0.00,0.00,S,6000170127,,CAD,DB
70003041,00317,01,3,20250405,211248,000000031101,2.117,33.99,71.96,0.00,0.00,S,6000170127,,CAD,DB
70003041,00317,01,4,20250405,211248,000000031101,1.817,33.99,61.76,0.00,0.00,S,6000170127,,CAD,DB
70003042,00317,03,1,20250405,94154,000000093321,0.385,1.99,0.77,0.00,0.00,S,6049718924,,CAD,DB
70003042,00317,03,2,20250405,94154,000000020201,1,7.49,7.49,0.00,0.00,S,6049718924,,CAD,DB
70003042,00317,03,3,20250405,94154,000004492001,1,2.39,2.39,0.00,0.15,S,6049718924,,CAD,DB
70003042,00317,03,4,20250405,94154,000004492001,1,2.39,2.39,0.00,0.15,S,6049718924,,CAD,DB
70003043,00317,03,1,20250405,94623,000000552002,1,5.39,5.39,0.00,0.34,S,,,CAD,CS
70003043,00317,03,2,20250405,94623,000000005201,1,5.39,5.39,0.00,0.00,S,,,CAD,CS
70003043,00317,03,3,20250405,94623,000000031101,1.022,33.99,34.74,0.00,0.00,S,,,CAD,CS
70003043,00317,03,4,20250405,94623,000000093502,1,5.39,5.39,0.00,0.00,S,,,CAD,CS
70003043,00317,03,5,20250405,94623,000000005301,1,7.49,7.49,0.00,0.00,S,,,CAD,CS
70003043,00317,03,6,20250405,94623,000004472001,1,5.39,5.39,0.00,0.34,S,,,CAD,CS
70003044,00317,01,1,20250405,185428,000004471030,1,5.39,5.39,0.00,0.34,S,,,CAD,DB
70003045,00317,01,1,20250405,121422,000000005013,1,5.29,5.29,0.00,0.00,S,6046659051,,CAD,CC
70003046,01042,06,1,20250406,71739,000000040101,1.727,18.99,32.80,0.00,0.00,S,,,USD,CC
70003046,01042,06,2,20250406,71739,000004491002,2,6.99,13.98,0.00,0.87,S,,,USD,CC
70003046,01042,06,3,20250406,71739,000000094302,1.838,5.49,10.09,0.00,0.00,S,,,USD,CC
70003046,,06,4,20250406,71739,000004481001,1,7.99,7.99,0.00,0.50,S,,,USD,CC
70003046,01042,06,5,20250406,71739,000000040203,1,11.99,11.99,0.00,0.00,S,,,USD,CC
70003046,01042,06,6,20250406,71739,000000020201,3,5.49,16.47,5.49,0.00,S,,MB25W10,USD,CC
70003047,01042,06,1,20250406,184656,000000040203,1,11.99,11.99,1.80,0.00,S,6069450053,LY25W10,USD,CC
70003047,01042,06,2,20250406,184656,000000020203,1,6.49,6.49,0.00,0.00,S,6069450053,,USD,CC
70003047,01042,06,3,20250406,184656,000004482001,1,13.99,13.99,0.00,0.87,S,6069450053,,USD,CC
70003047,01042,06,4,20250406,184656,000000094103,1,3.79,3.79,0.00,0.00,S,6069450053,,USD,CC
70003048,01042,04,1,20250406,214510,000000020202,1,5.99,5.99,0.00,0.00,S,,,USD,DB
70003048,01042,04,2,20250406,214510,000000093401,0.479,5.49,2.63,0.00,0.00,S,,,USD,DB
70003048,01042,04,3,20250406,214510,000004483002,1,3.49,3.49,0.00,0.22,S,,,USD,DB
70003048,01042,04,4,20250406,214510,000000094201,0.808,1.69,1.37,0.00,0.00,S,,,USD,DB
70003049,01042,05,1,20250406,104342,000000094203,1.174,1.49,1.75,0.00,0.00,S,,,USD,CC
70003049,01042,05,2,20250406,104342,000004471023,1,3.49,3.49,0.00,0.22,S,,,USD,CC
70003049,01042,05,3,20250406,104342,000000020202,1,5.99,5.99,0.00,0.00,S,,,USD,CC
70003050,01042,01,1,20250406,130547,000000093502,1,3.99,3.99,0.00,0.00,S,,,USD,DB
70003050,01042,01,2,20250406,130547,000000093325,0.308,3.99,1.23,0.00,0.00,S,,,USD,DB
70003051,01042,04,1,20250406,200131,000004481002,1,7.99,7.99,0.00,0.50,S,,,USD,CS
70003051,01042,04,2,20250406,200131,000000030202,1,11.49,11.49,0.00,0.00,S,,,USD,CS
70003052,01107,05,1,20250406,130826,000004493002,2,3.99,7.98,1.20,0.42,S,6065044818,LY25W10,USD,CS
70003052,01107,05,2,20250406,130826,000000040202,1,14.99,14.99,0.00,0.00,S,6065044818,,USD,CS
70003053,01107,02,1,20250406,152214,000004482001,1,13.99,13.99,0.00,0.87,S,,,USD,GC
70003053,01107,02,2,20250406,152214,000004472003,1,3.29,3.29,0.00,0.21,S,,,USD,GC
70003053,01107,02,3,20250406,152214,000004471023,1,3.49,3.49,0.00,0.22,S,,,USD,GC
70003053,01107,02,4,20250406,152214,000004471023,1,3.49,3.49,0.00,0.22,V,,,USD,GC
70003054,01107,06,1,20250406,205725,000000005103,1,6.99,6.99,0.00,0.00,S,6089030914,,USD,CC
70003054,01107,06,2,20250406,205725,000004482003,1,5.49,5.49,0.00,0.34,S,6089030914,,USD,CC
70003054,01107,06,3,20250406,205725,000000551021,1,11.99,11.99,0.00,0.75,S,6089030914,,USD,CC
70003054,01107,06,4,20250406,205725,000000020201,1,5.49,5.49,0.00,0.00,S,6089030914,,USD,CC
70003055,01107,05,1,20250406,175714,000004493002,2,3.99,7.98,0.00,0.50,S,,,USD,CS
70003055,01107,05,2,20250406,175714,000000040202,1,14.99,14.99,0.00,0.00,S,,,USD,CS
70003055,01107,05,3,20250406,175714,000000040201,3,8.99,26.97,0.00,0.00,S,,,USD,CS
70003056,02210,05,1,20250406,144023,000004482002,1,17.99,17.99,0.00,1.12,S,,,USD,CC
70003057,02210,02,1,20250406,104853,000000020103,1,4.99,4.99,0.00,0.00,S,,,USD,DB
70003057,02210,02,2,20250406,104853,000000552002,1,3.99,3.99,0.00,0.25,S,,,USD,DB
70003058,02210,06,1,20250406,185043,000004481001,1,7.99,7.99,0.00,0.50,S,6096111102,,USD,CC
70003059,02210,04,1,20250406,201447,000000005013,1,3.89,3.89,0.00,0.00,S,,,USD,GC
70003059,02210,04,2,20250406,201447,000004492001,1,1.79,1.79,0.00,0.11,S,,,USD,GC
70003059,02210,04,3,20250406,201447,000004471040,2,2.49,4.98,0.00,0.31,S,,,USD,GC
70003059,02210,04,4,20250406,201447,000000040202,3,14.99,44.97,14.99,0.00,S,,MB25W10,USD,GC
70003060,02210,05,1,20250406,132625,000004481003,1,4.99,4.99,0.00,0.31,S,6033970519,,USD,DB
70003060,02210,05,2,20250406,132625,000004493001,1,5.49,5.49,0.00,0.34,S,6033970519,,USD,DB
70003060,02210,05,3,20250406,132625,000000020101,1,2.49,2.49,0.00,0.00,S,6033970519,,USD,DB
70003060,02210,05,4,20250406,132625,000000030101,1,6.99,6.99,0.00,0.00,S,6033970519,,USD,DB
70003060,02210,05,5,20250406,132625,000000005012,1,3.99,3.99,0.00,0.00,S,6033970519,,USD,DB
70003061,02210,03,1,20250406,70654,000004473003,2,3.49,6.98,0.00,0.44,S,6057988942,,USD,DB
70003062,02210,02,1,20250406,141420,000000020203,2,6.49,12.98,0.00,0.00,S,6096561014,,USD,DB
70003062,02210,02,2,20250406,141420,000000040101,1.267,18.99,24.06,0.00,0.00,S,6096561014,,USD,DB
70003062,02210,02,3,20250406,141420,000000551021,1,11.99,11.99,0.00,0.75,S,6096561014,,USD,DB
70003063,02210,05,1,20250406,194502,000000020202,1,5.99,5.99,0.00,0.00,S,6011231261,,USD,DB
70003063,02210,05,2,20250406,194502,000004491002,1,6.99,6.99,0.00,0.44,S,6011231261,,USD,DB
70003064,02210,06,1,20250406,172534,000004471023,1,3.49,3.49,0.00,0.22,S,,,USD,CC
70003064,02210,06,2,20250406,172534,000000020201,1,5.49,5.49,0.00,0.00,S,,,USD,CC
70003064,02210,06,3,20250406,172534,000000005012,1,3.99,3.99,0.00,0.00,S,,,USD,CC
70003064,02210,06,4,20250406,172534,000004472003,1,3.29,3.29,0.00,0.21,S,,,USD,CC
70003065,02210,03,1,20250406,133527,000000094102,1,3.49,3.49,0.00,0.00,S,,,USD,CS
70003065,02210,03,2,20250406,133527,000000093322,1.036,1.99,2.06,0.00,0.00,S,,,USD,CS
70003066,02210,02,1,20250406,195658,000000005103,1,6.99,6.99,0.00,0.00,S,6096111102,,USD,CC
70003066,02210,02,2,20250406,195658,000000030101,1,6.99,6.99,0.00,0.00,S,6096111102,,USD,CC
70003066,02210,02,3,20250406,195658,000004472003,1,3.29,3.29,0.00,0.21,S,6096111102,,USD,CC
70003066,02210,02,4,20250406,195658,000000093325,1.845,3.99,7.36,0.00,0.00,S,6096111102,,USD,CC
70003066,02210,02,5,20250406,195658,000000040203,1,11.99,11.99,1.80,0.00,S,6096111102,LY25W10,USD,CC
70003066,02210,02,6,20250406,195658,000004473002,2,2.79,5.58,0.00,0.35,S,6096111102,,USD,CC
70003067,02210,05,1,20250406,120459,000000030202,1,11.49,11.49,0.00,0.00,S,,,USD,CC
70003067,02210,05,2,20250406,120459,000000552001,1,4.49,4.49,0.00,0.28,S,,,USD,CC
70003068,02210,02,1,20250406,115215,000000552002,9999,3.99,3.99,0.00,0.25,S,,,USD,CC
70003069,02211,03,1,20250406,205547,000000005103,1,6.99,6.99,0.00,0.00,S,,,USD,CS
70003069,02211,03,2,20250406,205547,000004471040,3,2.49,7.47,0.00,0.47,S,,,USD,CS
70003069,02211,03,3,20250406,205547,000004481003,1,4.99,4.99,0.00,0.31,S,,,USD,CS
70003070,02211,05,1,20250406,104213,000000020203,1,6.49,6.49,0.00,0.00,S,,,USD,GC
70003070,02211,05,2,20250406,104213,000004493002,1,3.99,3.99,0.00,0.25,S,,,USD,GC
70003070,02211,05,3,20250406,104213,000004492001,1,1.79,1.79,0.00,0.11,S,,,USD,GC
70003070,02211,05,4,20250406,104213,000004473002,1,2.79,2.79,0.00,0.17,S,,,USD,GC
70003070,02211,05,5,20250406,104213,000004471023,1,3.49,3.49,0.00,0.22,S,,,USD,GC
70003071,02211,03,1,20250406,172143,000000005013,2,3.89,7.78,0.00,0.00,S,,,USD,CS
70003071,02211,03,2,20250406,172143,000000030101,1,6.99,6.99,0.00,0.00,S,,,USD,CS
70003071,02211,03,3,20250406,172143,000000020203,1,6.49,6.49,0.00,0.00,S,,,USD,CS
70003071,02211,03,4,20250406,172143,000000040203,1,11.99,11.99,0.00,0.00,S,,,USD,CS
70003071,02211,03,5,20250406,172143,000004473002,2,2.79,5.58,0.00,0.35,S,,,USD,CS
70003071,02211,03,6,20250406,172143,000000005020,1,4.49,4.49,0.00,0.00,S,,,USD,CS
70003072,02211,01,1,20250406,84446,000004481003,1,4.99,4.99,0.00,0.31,S,6093126978,,USD,CC
70003072,02211,01,2,20250406,84446,000000040202,3,14.99,44.97,14.99,0.00,S,6093126978,MB25W10,USD,CC
70003072,02211,01,3,20250406,84446,000000005101,1,7.99,7.99,0.00,0.00,S,6093126978,,USD,CC
70003072,02211,01,4,20250406,84446,000004491001,3,2.49,7.47,0.00,0.47,S,6093126978,,USD,CC
70003073,02211,06,1,20250406,125221,000000020203,2,6.49,12.98,0.00,0.00,S,6096170159,,USD,DB
70003073,02211,06,2,20250406,125221,000000005302,1,3.49,3.49,0.00,0.00,S,6096170159,,USD,DB
70003073,02211,06,3,20250406,125221,000004492003,1,2.29,2.29,0.00,0.14,S,6096170159,,USD,DB
70003073,02211,06,4,20250406,125221,000004481003,1,4.99,4.99,0.00,0.31,S,6096170159,,USD,DB
70003073,02211,06,5,20250406,125221,000000005101,2,7.99,15.98,0.00,0.00,S,6096170159,,USD,DB
70003073,02211,06,6,20250406,125221,000000040202,1,14.99,14.99,0.00,0.00,S,6096170159,,USD,DB
70003074,02211,02,1,20250406,74815,000000040202,1,14.99,14.99,0.00,0.00,S,6064250642,,USD,CS
70003074,02211,02,2,20250406,74815,000004472002,1,4.49,4.49,0.00,0.28,S,6064250642,,USD,CS
70003074,02211,02,3,20250406,74815,000004481003,3,4.99,14.97,4.99,0.62,S,6064250642,MB25W10,USD,CS
70003075,02305,01,1,20250406,201334,000000040202,3,14.99,44.97,14.99,0.00,S,,MB25W10,USD,CC
70003076,02305,05,1,20250406,81706,000000005013,2,3.89,7.78,0.00,0.00,S,,,USD,DB
70003076,02305,05,2,20250406,81706,000000094201,1.295,1.69,2.19,0.00,0.00,S,,,USD,DB
70003077,02305,01,1,20250406,95019,000000040203,1,11.99,11.99,0.00,0.00,S,,,USD,DB
70003077,02305,01,2,20250406,95019,000000005020,1,4.49,4.49,0.00,0.00,S,,,USD,DB
70003078,02305,03,1,20250406,162856,000004473001,1,2.99,2.99,0.00,0.19,S,6093802620,,USD,DB
70003078,02305,03,2,20250406,162856,000004492003,2,2.29,4.58,0.00,0.29,S,6093802620,,USD,DB
70003078,02305,03,3,20250406,162856,000000094202,0.937,1.99,1.86,0.00,0.00,S,6093802620,,USD,DB
70003079,02305,03,1,20250406,72559,000000005101,2,7.99,15.98,0.00,0.00,S,6096932591,,USD,CS
70003079,02305,03,2,20250406,72559,000004471024,1,3.49,3.49,0.00,0.22,S,6096932591,,USD,CS
70003079,02305,03,3,20250406,72559,000000094203,1.410,1.49,2.10,0.32,0.00,S,6096932591,LY25W10,USD,CS
70003079,02305,03,4,20250406,72559,000000020203,1,6.49,6.49,0.00,0.00,S,6096932591,,USD,CS
70003080,02305,01,1,20250406,214608,000000552001,2,4.49,8.98,0.00,0.56,S,,,USD,CC
70003080,02305,01,2,20250406,214608,000000005020,1,4.49,4.49,0.00,0.00,S,,,USD,CC
70003080,02305,01,3,20250406,214608,000000005301,1,5.49,5.49,0.00,0.00,S,,,USD,CC
70003080,02305,01,4,20250406,214608,000000030102,2,14.99,29.98,0.00,0.00,S,,,USD,CC
70003081,02305,04,1,20250406,73520,000000031101,1.560,24.99,38.98,0.00,0.00,S,6008488725,,USD,CC
70003082,02305,03,1,20250406,75114,000000093402,1.777,3.29,5.85,0.00,0.00,S,,,USD,DB
70003082,02305,03,2,20250406,75114,000004481003,3,4.99,14.97,4.99,0.62,S,,MB25W10,USD,DB
70003083,03050,03,1,20250406,81855,000000040203,1,11.99,11.99,1.80,0.00,S,6033721885,LY25W10,USD,CS
70003083,03050,03,2,20250406,81855,000000040202,2,14.99,29.98,0.00,0.00,S,6033721885,,USD,CS
70003083,03050,03,3,20250406,81855,000000030203,1,8.49,8.49,0.00,0.00,S,6033721885,,USD,CS
70003083,03050,03,4,20250406,81855,000000020102,1,3.49,3.49,0.00,0.00,S,6033721885,,USD,CS
70003083,03050,03,5,20250406,81855,000000005101,2,7.99,15.98,0.00,0.00,S,6033721885,,USD,CS
70003084,03050,02,1,20250406,122828,000000561002,2,7.49,14.98,0.00,0.94,S,6076072348,,USD,GC
70003084,03050,02,2,20250406,122828,000004481003,3,4.99,14.97,4.99,0.62,S,6076072348,MB25W10,USD,GC
70003085,03050,05,1,20250406,71351,000000093410,2.006,3.99,8.00,0.00,0.00,S,6085239868,,USD,DB
70003085,03050,05,2,20250406,71351,000000005202,1,5.99,5.99,0.00,0.00,S,6085239868,,USD,DB
70003085,03050,05,3,20250406,71351,000000552002,1,3.99,3.99,0.00,0.25,S,6085239868,,USD,DB
70003085,03050,05,4,20250406,71351,000004472001,1,3.99,3.99,0.00,0.25,S,6085239868,,USD,DB
70003085,03050,05,5,20250406,71351,000000031102,0.943,19.99,18.85,0.00,0.00,S,6085239868,,USD,DB
70003086,03050,04,1,20250406,125258,000000040102,1.294,16.99,21.99,0.00,0.00,S,6006271531,,USD,CC
70003086,03050,04,2,20250406,125258,000000005302,2,3.49,6.98,0.00,0.00,S,6006271531,,USD,CC
70003087,03050,06,1,20250406,123546,000000093322,1.773,1.99,3.53,0.00,0.00,S,,,USD,CC
70003087,03050,06,2,20250406,123546,000000562001,1,10.99,10.99,0.00,0.69,S,,,USD,CC
70003088,03050,01,1,20250406,122950,000004471040,2,2.49,4.98,0.00,0.31,S,6033521103,,USD,DB
70003088,03050,01,2,20250406,122950,000000020101,1,2.49,2.49,0.00,0.00,S,6033521103,,USD,DB
70003088,03050,01,3,20250406,122950,000004473003,1,3.49,3.49,0.00,0.22,S,6033521103,,USD,DB
70003089,00317,04,1,20250406,161743,000004483001,1,6.79,6.79,0.00,0.42,S,6094535461,,CAD,CC
70003089,00317,04,2,20250406,161743,000000020102,1,4.69,4.69,0.00,0.00,S,6094535461,,CAD,CC
70003090,00317,04,1,20250406,213658,000000040202,3,20.39,61.17,20.39,0.00,S,6033119079,MB25W10,CAD,DB
70003091,00317,06,1,20250406,111957,000000020101,1,3.39,3.39,0.00,0.00,S,,,CAD,GC
70003092,00317,01,1,20250406,102620,000004472001,1,5.39,5.39,0.00,0.34,S,6038860868,,CAD,CC
70003092,00317,01,2,20250406,102620,000000551020,1,18.99,18.99,0.00,1.19,S,6038860868,,CAD,CC
70003092,00317,01,3,20250406,102620,000004481002,1,10.89,10.89,0.00,0.68,S,6038860868,,CAD,CC
70003093,00317,06,1,20250406,162806,000004493002,1,5.39,5.39,0.81,0.29,S,6092222064,LY25W10,CAD,CC
70003094,00317,01,1,20250406,81424,000004471030,2,5.39,10.78,0.00,0.67,S,,,CAD,CC
70003094,00317,01,2,20250406,81424,000000005301,1,7.49,7.49,0.00,0.00,S,,,CAD,CC
70003094,00317,01,3,20250406,81424,000000551020,1,18.99,18.99,0.00,1.19,S,,,CAD,CC
70003095,00317,05,1,20250406,183205,000004482002,1,24.49,24.49,0.00,1.53,S,,,CAD,GC
70003096,00317,06,1,20250406,85821,000004482002,2,24.49,48.98,0.00,3.06,S,6076528928,,CAD,CS
70003096,00317,06,2,20250406,85821,000000562001,1,14.89,14.89,0.00,0.93,S,6076528928,,CAD,CS
70003096,00317,06,3,20250406,85821,000000030202,1,15.59,15.59,0.00,0.00,S,6076528928,,CAD,CS
70003096,00317,06,4,20250406,85821,000000562001,1,14.89,14.89,0.00,0.93,S,6076528928,,CAD,CS
70003096,00317,06,5,20250406,85821,000000562001,3,14.89,44.67,0.00,2.79,S,6076528928,,CAD,CS
70003097,00317,03,1,20250406,115755,000000093401,1.814,7.49,13.59,0.00,0.00,S,,,CAD,CS
70003098,00317,06,1,20250406,182504,000000005202,1,8.09,8.09,0.00,0.00,S,,,CAD,CC
70003099,00317,06,1,20250406,145138,000000020202,1,8.09,8.09,0.00,0.00,S,6027975736,,CAD,CC
70003099,00317,06,2,20250406,145138,000000094202,0.748,2.69,2.01,0.00,0.00,S,6027975736,,CAD,CC
70003099,00317,06,3,20250406,145138,000000020201,3,7.49,22.47,7.49,0.00,S,6027975736,MB25W10,CAD,CC
70003100,00317,06,1,20250406,73635,000004492003,2,3.09,6.18,0.00,0.39,S,,,CAD,CC
70003100,00317,06,2,20250406,73635,000004472002,1,6.09,6.09,0.00,0.38,S,,,CAD,CC
70003100,00317,06,3,20250406,73635,000000005302,1,4.69,4.69,0.00,0.00,S,,,CAD,CC
70003100,00317,06,4,20250406,73635,000000040102,0.545,23.09,12.58,0.00,0.00,S,,,CAD,CC
70003100,00317,06,5,20250406,73635,000004471030,2,5.39,10.78,0.00,0.67,S,,,CAD,CC
70003101,01042,02,1,20250407,91111,000004472003,1,3.29,3.29,0.00,0.21,S,,,USD,CC
70003102,01042,01,1,20250407,73127,000000094203,0.970,1.49,1.45,0.00,0.00,S,,,USD,CC
70003102,01042,01,2,20250407,73127,000000020103,1,4.99,4.99,0.00,0.00,S,,,USD,CC
70003102,01042,01,3,20250407,73127,000000005201,1,3.99,3.99,0.00,0.00,S,,,USD,CC
70003102,01042,01,4,20250407,73127,000000551020,1,13.99,13.99,0.00,0.87,S,,,USD,CC
70003102,01042,01,5,20250407,73127,000000094201,1.955,1.69,3.30,0.00,0.00,S,,,USD,CC
70003103,01042,05,1,20250407,121727,000000030202,1,11.49,11.49,0.00,0.00,S,,,USD,DB
70003103,01042,05,2,20250407,121727,000000005302,1,3.49,3.49,0.00,0.00,S,,,USD,DB
70003104,01042,04,1,20250407,94222,000000094103,1,3.79,3.79,0.00,0.00,S,,,USD,DB
70003104,01042,04,2,20250407,94222,000004481002,1,7.99,7.99,0.00,0.50,S,,,USD,DB
70003104,01042,04,3,20250407,94222,000000005013,1,3.89,3.89,0.00,0.00,S,,,USD,DB
70003105,01107,01,1,20250407,121626,000004472003,1,3.29,3.29,0.00,0.21,S,,,USD,GC
70003105,01107,01,2,20250407,121626,000000093322,1.665,1.99,3.31,0.00,0.00,S,,,USD,GC
70003105,01107,01,3,20250407,121626,000000005012,1,3.99,3.99,0.00,0.00,S,,,USD,GC
70003106,01107,05,1,20250407,205852,000000552002,1,3.99,3.99,0.00,0.25,S,,,USD,DB
70003106,01107,05,2,20250407,205852,000000005012,1,3.99,3.99,0.00,0.00,S,,,USD,DB
70003106,01107,05,3,20250407,205852,000004481003,1,4.99,4.99,0.00,0.31,S,,,USD,DB
70003106,01107,05,4,20250407,205852,000000005102,1,5.49,5.49,0.00,0.00,S,,,USD,DB
70003107,01107,06,1,20250407,75529,000004473002,1,2.79,2.79,0.00,0.17,S,6037513765,,USD,DB
70003107,01107,06,2,20250407,75529,000000040202,3,14.99,44.97,14.99,0.00,S,6037513765,MB25W10,USD,DB
70003107,01107,06,3,20250407,75529,000000040202,3,14.99,44.97,14.99,0.00,S,6037513765,MB25W10,USD,DB
70003107,01107,06,4,20250407,75529,000004472003,1,3.29,3.29,0.00,0.21,S,6037513765,,USD,DB
70003108,01107,06,1,20250407,85621,000000562002,1,8.49,8.49,0.00,0.53,S,6008588770,,USD,GC
70003108,01107,06,2,20250407,85621,000000020103,1,4.99,4.99,0.00,0.00,S,6008588770,,USD,GC
70003109,02210,02,1,20250407,83647,000000094302,0.668,5.49,3.67,0.00,0.00,S,6087158415,,USD,CC
70003109,02210,02,2,20250407,83647,000000031102,1.567,19.99,31.32,0.00,0.00,S,6087158415,,USD,CC
70003109,02210,02,3,20250407,83647,000000040202,3,14.99,44.97,14.99,0.00,S,6087158415,MB25W10,USD,CC
70003109,02210,02,4,20250407,83647,000000031102,1.567,19.99,31.32,0.00,0.00,V,6087158415,,USD,CC
70003110,02210,06,1,20250407,161126,000000551021,1,11.99,11.99,0.00,0.75,S,,,USD,DB
70003111,02210,02,1,20250407,102151,000000093322,0.410,1.99,0.82,0.00,0.00,S,,,USD,CC
70003112,02210,02,1,20250407,101208,000004471023,1,3.49,3.49,0.00,0.22,S,6074260880,,USD,CC
70003113,02210,06,1,20250407,114233,000000094201,2.081,1.69,3.52,0.00,0.00,S,6096111102,,USD,CS
70003113,02210,06,2,20250407,114233,000000005102,1,5.49,5.49,0.00,0.00,S,6096111102,,USD,CS
70003113,02210,06,3,20250407,114233,000004472002,1,4.49,4.49,0.00,0.28,S,6096111102,,USD,CS
70003113,02210,06,4,20250407,114233,000000040101,1.508,18.99,28.64,0.00,0.00,S,6096111102,,USD,CS
70003114,02305,03,1,20250407,181012,000004471023,2,3.49,6.98,0.00,0.44,S,,,USD,GC
70003114,02305,03,2,20250407,181012,000000020201,3,5.49,16.47,5.49,0.00,S,,MB25W10,USD,GC
70003114,02305,03,3,20250407,181012,000004483001,1,4.99,4.99,0.00,0.31,S,,,USD,GC
70003114,02305,03,4,20250407,181012,000009999999,1,3.29,3.29,0.00,0.21,S,,,USD,GC
70003114,02305,03,5,20250407,181012,000000561002,1,7.49,7.49,0.00,0.47,S,,,USD,GC
70003114,02305,03,6,20250407,181012,000000093402,2.143,3.29,7.05,0.00,0.00,S,,,USD,GC
70003115,02305,05,1,20250407,91519,000004492001,1,1.79,1.79,0.00,0.11,S,6034721228,,USD,DB
70003115,02305,05,2,20250407,91519,000004493001,1,5.49,5.49,0.00,0.34,S,6034721228,,USD,DB
70003116,02305,03,1,20250407,212531,000004472002,2,4.49,8.98,0.00,0.56,S,6056124815,,USD,GC
70003116,02305,03,2,20250407,212531,000000030101,2,6.99,13.98,0.00,0.00,S,6056124815,,USD,GC
70003116,02305,03,3,20250407,212531,000000005202,1,5.99,5.99,0.00,0.00,S,6056124815,,USD,GC
70003116,02305,03,4,20250407,212531,000004492003,1,2.29,2.29,0.00,0.14,S,6056124815,,USD,GC
70003116,02305,03,5,20250407,212531,000004471023,1,3.49,3.49,0.00,0.22,S,6056124815,,USD,GC
70003116,02305,03,6,20250407,212531,000000030201,3,9.99,29.97,0.00,0.00,S,6056124815,,USD,GC
70003117,02305,04,1,20250407,72631,000000552001,3,4.49,13.47,0.00,0.84,S,,,USD,DB
70003117,02305,04,2,20250407,72631,000000561002,2,7.49,14.98,0.00,0.94,S,,,USD,DB
70003118,02305,01,1,20250407,175701,000000561001,1,9.99,9.99,0.00,0.62,S,,,USD,GC
70003119,02305,03,1,20250407,95612,000000094302,0.432,5.49,2.37,0.00,0.00,S,,,USD,GC
70003120,02305,01,1,20250407,210457,000000005201,1,3.99,3.99,0.00,0.00,S,,,USD,DB
70003120,02305,01,2,20250407,210457,000004493001,1,5.49,5.49,0.00,0.34,S,,,USD,DB
70003121,02305,06,1,20250407,123952,000004491002,3,6.99,20.97,0.00,1.31,S,,,USD,DB
70003121,02305,06,2,20250407,123952,000004473001,1,2.99,2.99,0.00,0.19,S,,,USD,DB
70003121,02305,06,3,20250407,123952,000000005103,1,6.99,6.99,0.00,0.00,S,,,USD,DB
70003122,02305,01,1,20250407,181900,000000552002,1,3.99,3.99,0.00,0.25,S,,,USD,DB
70003122,02305,01,2,20250407,181900,000004472003,1,3.29,3.29,0.00,0.21,S,,,USD,DB
70003122,02305,01,3,20250407,181900,000004482003,2,5.49,10.98,0.00,0.69,S,,,USD,DB
70003122,02305,01,4,20250407,181900,000004493001,2,5.49,10.98,0.00,0.69,S,,,USD,DB
70003122,02305,01,5,20250407,181900,000004493001,1,5.49,5.49,0.00,0.34,S,,,USD,DB
70003122,02305,01,6,20250407,181900,000000020102,1,3.49,3.49,0.00,0.00,S,,,USD,DB
70003123,03050,01,1,20250407,200419,000000093402,1.778,3.29,5.85,0.00,0.00,S,6085239868,,USD,CC
70003123,03050,01,2,20250407,200419,000004471023,2,3.49,6.98,0.00,0.44,S,6085239868,,USD,CC
70003123,03050,01,3,20250407,200419,000000040101,2.146,18.99,40.75,0.00,0.00,S,6085239868,,USD,CC
70003124,03050,06,1,20250407,112942,000004471024,2,3.49,6.98,0.00,0.44,S,6087431527,,USD,CC
70003124,03050,06,2,20250407,112942,000000005301,1,5.49,5.49,0.00,0.00,S,6087431527,,USD,CC
70003124,03050,06,3,20250407,112942,000004473001,2,2.99,5.98,0.00,0.37,S,6087431527,,USD,CC
70003125,03050,02,1,20250407,131109,000000005103,1,6.99,6.99,0.00,0.00,S,,,USD,DB
70003125,03050,02,2,20250407,131109,000000005012,1,3.99,3.99,0.00,0.00,S,,,USD,DB
70003125,03050,02,3,20250407,131109,000000094102,1,3.49,3.49,0.00,0.00,S,,,USD,DB
70003126,03050,02,1,20250407,201355,000000030201,1,9.99,9.99,0.00,0.00,S,,,USD,DB
70003126,03050,02,2,20250407,201355,000004473001,2,2.99,5.98,0.00,0.37,S,,,USD,DB
70003126,03050,02,3,20250407,201355,000000020203,1,6.49,6.49,0.00,0.00,S,,,USD,DB
70003126,03050,02,4,20250407,201355,000004482002,1,17.99,17.99,0.00,1.12,S,,,USD,DB
70003126,03050,02,5,20250407,201355,000004473001,2,2.99,5.98,0.00,0.37,S,,,USD,DB
70003127,03050,04,1,20250407,140839,000000020201,1,5.49,5.49,0.00,0.00,S,,,USD,GC
70003127,03050,04,2,20250407,140839,000000093401,1.324,5.49,7.27,0.00,0.00,S,,,USD,GC
70003127,03050,04,3,20250407,140839,000004472003,1,3.29,3.29,0.00,0.21,S,,,USD,GC
70003128,03050,01,1,20250407,105748,000000005202,1,5.99,5.99,0.00,0.00,S,,,USD,CS
70003128,03050,01,2,20250407,105748,000000094203,1.188,1.49,1.77,0.00,0.00,S,,,USD,CS
70003128,03050,01,3,20250407,105748,000000005301,2,5.49,10.98,0.00,0.00,S,,,USD,CS
70003128,03050,01,4,20250407,105748,000000093502,1,3.99,3.99,0.00,0.00,S,,,USD,CS
70003129,03050,02,1,20250407,85743,000000094202,0.254,1.99,0.51,0.00,0.00,S,,,USD,CC
70003129,03050,02,2,20250407,85743,000004491001,1,2.49,2.49,0.00,0.16,S,,,USD,CC
70003130,03050,04,1,20250407,195029,000004481001,3,7.99,23.97,0.00,1.50,S,,,USD,CC
70003130,03050,04,2,20250407,195029,000000040203,1,11.99,11.99,0.00,0.00,S,,,USD,CC
70003130,03050,04,3,20250407,195029,000000562002,1,8.49,8.49,0.00,0.53,S,,,USD,CC
70003131,03050,01,1,20250407,122737,000000040203,1,11.99,11.99,0.00,0.00,S,,,USD,GC
70003131,03050,01,2,20250407,122737,000000020101,1,2.49,2.49,0.00,0.00,S,,,USD,GC
70003131,03050,01,3,20250407,122737,000000020101,1,2.49,2.49,0.00,0.00,V,,,USD,GC
70003132,00317,01,1,20250407,193126,000000551021,1,16.29,16.29,0.00,1.02,S,,,CAD,CS
70003132,00317,01,2,20250407,193126,000000005012,1,5.39,5.39,0.00,0.00,S,,,CAD,CS
70003133,00317,01,1,20250407,112636,000000005302,1,4.69,4.69,0.00,0.00,S,6045018961,,CAD,CC
70003133,00317,01,2,20250407,112636,000004493002,1,5.39,5.39,0.81,0.29,S,6045018961,LY25W10,CAD,CC
70003134,00317,02,1,20250407,134521,000000030102,1,20.39,20.39,0.00,0.00,S,,,CAD,CC
70003135,00317,04,1,20250407,90437,000000005102,1,7.49,7.49,0.00,0.00,S,,,CAD,DB
70003136,00317,04,1,20250407,202232,000000030202,1,15.59,15.59,0.00,0.00,S,,,CAD,CC
70003136,00317,04,2,20250407,202232,000000030102,1,20.39,20.39,0.00,0.00,S,,,CAD,CC
70003136,00317,04,3,20250407,202232,000000020202,2,8.09,16.18,0.00,0.00,S,,,CAD,CC
70003137,00317,03,1,20250407,93343,000004492002,1,1.99,1.99,0.00,0.12,S,6005548851,,CAD,CS
70003137,00317,03,2,20250407,93343,000000040203,2,16.29,32.58,4.89,0.00,S,6005548851,LY25W10,CAD,CS
70003137,00317,03,3,20250407,93343,000000005103,3,9.49,28.47,0.00,0.00,S,6005548851,,CAD,CS
70003137,00317,03,4,20250407,93343,000000093410,1.687,5.39,9.09,0.00,0.00,S,6005548851,,CAD,CS
70003137,00317,03,5,20250407,93343,000000020101,1,3.39,3.39,0.00,0.00,S,6005548851,,CAD,CS
70003137,00317,03,6,20250407,93343,000004491003,1,2.69,2.69,0.00,0.17,S,6005548851,,CAD,CS
70003138,00317,04,1,20250407,165210,000004471040,1,3.39,3.39,0.00,0.21,S,,,CAD,CC
70003138,00317,04,2,20250407,165210,000000005301,1,7.49,7.49,0.00,0.00,S,,,CAD,CC
70003138,00317,04,3,20250407,165210,000004483002,2,4.69,9.38,0.00,0.59,S,,,CAD,CC
70003139,00317,02,1,20250407,202620,000000005012,1,5.39,5.39,0.00,0.00,S,,,CAD,CC
70003139,00317,02,2,20250407,202620,000004472002,1,6.09,6.09,0.00,0.38,S,,,CAD,CC
70003140,00317,01,1,20250407,215413,000000562002,1,11.49,11.49,0.00,0.72,S,6096180332,,CAD,CC
70003140,00317,01,2,20250407,215413,000000020101,1,3.39,3.39,0.00,0.00,S,6096180332,,CAD,CC
70003140,00317,01,3,20250407,215413,000000020203,3,8.79,26.37,0.00,0.00,S,6096180332,,CAD,CC
70003141,01042,02,1,20250408,193926,000000005301,1,5.49,5.49,0.00,0.00,S,,,USD,DB
70003141,01042,02,2,20250408,193926,000000030201,1,9.99,9.99,0.00,0.00,S,,,USD,DB
70003141,01042,02,3,20250408,193926,000000562002,2,8.49,16.98,0.00,1.06,S,,,USD,DB
70003142,01042,01,1,20250408,113302,000004471023,3,3.49,10.47,0.00,0.65,S,,,USD,CC
70003142,01042,01,2,20250408,113302,000004491002,1,6.99,6.99,0.00,0.44,S,,,USD,CC
70003142,01042,01,3,20250408,113302,000000093321,2.023,1.49,3.01,0.00,0.00,S,,,USD,CC
70003142,01042,01,4,20250408,113302,000000094102,1,3.49,3.49,0.00,0.00,S,,,USD,CC
70003142,01042,01,5,20250408,113302,000004482001,1,13.99,13.99,0.00,0.87,S,,,USD,CC
70003143,01042,05,1,20250408,180439,000004473001,1,2.99,2.99,0.00,0.19,S,,,USD,CC
70003143,01042,05,2,20250408,180439,000000005202,1,5.99,5.99,0.00,0.00,S,,,USD,CC
70003144,01042,04,1,20250408,191059,000004493001,1,5.49,5.49,0.00,0.34,S,6004328986,,USD,CC
70003144,01042,04,2,20250408,191059,000004471030,1,3.99,3.99,0.00,0.25,S,6004328986,,USD,CC
70003144,01042,04,3,20250408,191059,000000020103,2,4.99,9.98,0.00,0.00,S,6004328986,,USD,CC
70003144,01042,04,4,20250408,191059,000004492002,1,1.49,1.49,0.00,0.09,S,6004328986,,USD,CC
70003144,01042,04,5,20250408,191059,000000020101,1,2.49,2.49,0.00,0.00,S,6004328986,,USD,CC
70003144,01042,04,6,20250408,191059,000004491003,1,1.99,1.99,0.00,0.12,S,6004328986,,USD,CC
70003145,01042,04,1,20250408,195642,000004492002,1,1.49,1.49,0.00,0.09,S,,,USD,DB
70003145,01042,04,2,20250408,195642,000004491002,1,6.99,6.99,0.00,0.44,S,,,USD,DB
70003146,01042,02,1,20250408,150258,000000005013,1,3.89,3.89,0.00,0.00,R,,,USD,DB
70003147,01042,03,1,20250408,111519,000000562001,1,10.99,10.99,0.00,0.69,S,6090874064,,USD,CC
70003147,01042,03,2,20250408,111519,000000562001,1,10.99,10.99,0.00,0.69,V,6090874064,,USD,CC
70003148,01107,06,1,20250408,135659,000000005102,1,5.49,5.49,0.00,0.00,S,,,USD,GC
70003148,01107,06,2,20250408,135659,000004491002,1,6.99,6.99,0.00,0.44,S,,,USD,GC
70003148,01107,06,3,20250408,135659,000000020101,1,2.49,2.49,0.00,0.00,S,,,USD,GC
70003148,01107,06,4,20250408,135659,000000040201,1,8.99,8.99,0.00,0.00,S,,,USD,GC
70003148,01107,06,5,20250408,135659,000000020201,3,5.49,16.47,5.49,0.00,S,,MB25W10,USD,GC
70003148,01107,06,6,20250408,135659,000004482003,1,5.49,5.49,0.00,0.34,S,,,USD,GC
70003149,01107,01,1,20250408,173811,000000040201,1,8.99,8.99,0.00,0.00,S,6074172156,,USD,DB
70003150,01107,05,1,20250408,184959,000004473002,2,2.79,5.58,0.00,0.35,S,,,USD,CC
70003150,01107,05,2,20250408,184959,000000562001,1,10.99,10.99,0.00,0.69,S,,,USD,CC
70003150,01107,05,3,20250408,184959,000000005101,1,7.99,7.99,0.00,0.00,S,,,USD,CC
70003150,01107,05,4,20250408,184959,000000020201,3,5.49,16.47,5.49,0.00,S,,MB25W10,USD,CC
70003151,01107,02,1,20250230,104121,000004473001,1,2.99,2.99,0.00,0.19,S,,,USD,CS
70003151,01107,02,2,20250408,104121,000000040203,1,11.99,11.99,0.00,0.00,S,,,USD,CS
70003151,01107,02,3,20250408,104121,000000040202,1,14.99,14.99,0.00,0.00,S,,,USD,CS
70003152,01107,05,1,20250408,195731,000000551020,1,13.99,13.99,0.00,0.87,S,,,USD,CC
70003152,01107,05,2,20250408,195731,000000552002,3,3.99,11.97,0.00,0.75,S,,,USD,CC
70003153,01107,04,1,20250408,75502,000000040101,1.556,18.99,29.55,0.00,0.00,S,6019553560,,USD,CS
70003153,01107,04,2,20250408,75502,000004471040,1,2.49,2.49,0.00,0.16,S,6019553560,,USD,CS
70003153,01107,04,3,20250408,75502,000000005201,1,3.99,3.99,0.00,0.00,S,6019553560,,USD,CS
70003154,02210,05,1,20250408,155132,000004482001,2,13.99,27.98,0.00,1.75,S,,,USD,GC
70003154,02210,05,2,20250408,155132,000004493002,1,3.99,3.99,0.00,0.25,S,,,USD,GC
70003154,02210,05,3,20250408,155132,000000040101,1.820,18.99,34.56,0.00,0.00,S,,,USD,GC
70003155,02210,06,1,20250408,91821,000000561001,1,9.99,9.99,0.00,0.62,S,,,USD,DB
70003155,02210,06,2,20250408,91821,000000030103,1,8.99,8.99,0.00,0.00,S,,,USD,DB
70003156,02210,01,1,20250408,123503,000000005103,1,6.99,6.99,0.00,0.00,S,6051728975,,USD,CS
70003156,02210,01,2,20250408,123503,000000005012,1,3.99,3.99,0.00,0.00,S,6051728975,,USD,CS
70003156,02210,01,3,20250408,123503,000004492001,1,1.79,1.79,0.00,0.11,S,6051728975,,USD,CS
70003157,02210,05,1,20250408,184246,000004491001,1,2.49,2.49,0.00,0.16,S,,,USD,GC
70003157,02210,05,2,20250408,184246,000004491003,2,1.99,3.98,0.00,0.25,S,,,USD,GC
70003157,02210,05,3,20250408,184246,000004492001,1,1.79,1.79,0.00,0.11,S,,,USD,GC
70003157,02210,05,4,20250408,184246,000000094201,1.784,1.69,3.01,0.00,0.00,S,,,USD,GC
70003158,02211,02,1,20250408,102114,000000020201,1,5.49,5.49,0.00,0.00,S,6028080100,,USD,CC
70003158,02211,02,2,20250408,102114,000004472003,1,3.29,3.29,0.00,0.21,S,6028080100,,USD,CC
70003159,02211,05,1,20250408,82723,000004471024,1,3.49,3.49,0.00,0.22,S,6096727578,,USD,CC
70003159,02211,05,2,20250408,82723,000004473002,1,2.79,2.79,0.00,0.17,S,6096727578,,USD,CC
70003159,02211,05,3,20250408,82723,000004482001,1,13.99,13.99,0.00,0.87,S,6096727578,,USD,CC
70003160,02211,02,1,20250408,195226,000000040201,1,8.99,8.99,0.00,0.00,S,,,USD,DB
70003160,02211,02,2,20250408,195226,000000093501,1,4.49,4.49,0.00,0.00,S,,,USD,DB
70003160,02211,02,3,20250408,195226,000004491002,1,6.99,6.99,0.00,0.44,S,,,USD,DB
70003161,02305,02,1,20250408,74320,000004493002,1,3.99,3.99,0.60,0.21,S,6047705383,LY25W10,USD,GC
70003161,02305,02,2,20250408,74320,000000031101,1.182,24.99,29.54,0.00,0.00,S,6047705383,,USD,GC
70003161,02305,02,3,20250408,74320,000000030103,1,8.99,8.99,0.00,0.00,S,6047705383,,USD,GC
70003161,02305,02,4,20250408,74320,000000094202,0.953,1.99,1.90,0.00,0.00,S,6047705383,,USD,GC
70003161,02305,02,5,20250408,74320,000004483001,2,4.99,9.98,0.00,0.62,S,6047705383,,USD,GC
70003162,02305,03,1,20250408,134817,000000030103,1,8.99,8.99,0.00,0.00,S,,,USD,DB
70003162,02305,03,2,20250408,134817,000000093402,0.962,3.29,3.16,0.00,0.00,S,,,USD,DB
70003163,02305,02,1,20250408,83632,000000561002,1,7.49,7.49,0.00,0.47,S,,,USD,CC
70003163,02305,02,2,20250408,83632,000000093322,0.949,1.99,1.89,0.00,0.00,S,,,USD,CC
70003164,02305,03,1,20250408,201038,000004473003,1,3.49,3.49,0.00,0.22,S,6070184094,,USD,CC
70003164,02305,03,2,20250408,201038,000000093501,1,4.49,4.49,0.00,0.00,S,6070184094,,USD,CC
70003164,02305,03,3,20250408,201038,000000030102,1,14.99,14.99,0.00,0.00,S,6070184094,,USD,CC
70003164,02305,03,4,20250408,201038,000004492002,1,1.49,1.49,0.00,0.09,S,6070184094,,USD,CC
70003164,02305,03,5,20250408,201038,000004482003,1,5.49,5.49,0.00,0.34,S,6070184094,,USD,CC
70003164,02305,03,6,20250408,201038,000000005301,2,5.49,10.98,0.00,0.00,S,6070184094,,USD,CC
70003165,02305,06,1,20250408,84855,000000093322,0.662,1.99,1.32,0.00,0.00,S,,,USD,CC
70003165,02305,06,2,20250408,84855,000004473001,1,2.99,2.99,0.00,0.19,S,,,USD,CC
70003165,02305,06,3,20250408,84855,000000020201,3,5.49,16.47,5.49,0.00,S,,MB25W10,USD,CC
70003166,02305,04,1,20250408,130552,000004471030,1,3.99,3.99,0.00,0.25,S,6014837537,,USD,GC
70003166,02305,04,2,20250408,130552,000000551021,1,11.99,11.99,0.00,0.75,S,6014837537,,USD,GC
70003166,02305,04,3,20250408,130552,000000562002,1,8.49,8.49,0.00,0.53,S,6014837537,,USD,GC
70003166,02305,04,4,20250408,130552,000000562002,1,8.49,8.49,0.00,0.53,S,6014837537,,USD,GC
70003166,02305,04,5,20250408,130552,000000094201,1.298,1.69,2.19,0.00,0.00,S,6014837537,,USD,GC
70003167,02305,05,1,20250408,202426,000004492001,1,1.79,1.79,0.00,0.11,S,,,USD,CC
70003167,02305,05,2,20250408,202426,000004471030,1,3.99,3.99,0.00,0.25,S,,,USD,CC
70003167,02305,05,3,20250408,202426,000000094103,1,3.79,3.79,0.00,0.00,S,,,USD,CC
70003168,02305,01,1,20250408,163947,000000020202,1,5.99,5.99,0.00,0.00,S,,,USD,GC
70003168,02305,01,2,20250408,163947,000004481001,1,7.99,7.99,0.00,0.50,S,,,USD,GC
70003168,02305,01,3,20250408,163947,000004483001,1,4.99,4.99,0.00,0.31,S,,,USD,GC
70003168,02305,01,4,20250408,163947,000004471024,1,3.49,3.49,0.00,0.22,S,,,USD,GC
70003168,02305,01,5,20250408,163947,000000005201,1,3.99,3.99,0.00,0.00,S,,,USD,GC
70003169,02305,03,1,20250408,130205,000000094201,1.063,1.69,1.80,0.00,0.00,S,,,USD,DB
70003169,02305,03,2,20250408,130205,000004493001,1,5.49,5.49,0.00,0.34,S,,,USD,DB
70003169,02305,03,3,20250408,130205,000004481003,1,4.99,4.99,0.00,0.31,S,,,USD,DB
70003170,02305,06,1,20250408,142002,000004493002,2,3.99,7.98,0.00,0.50,S,,,USD,DB
70003170,02305,06,2,20250408,142002,000000005202,1,5.99,5.99,0.00,0.00,S,,,USD,DB
70003171,03050,02,1,20250408,135159,000000030201,1,9.99,9.99,0.00,0.00,S,,,USD,CC
70003172,03050,02,1,20250408,181508,000000020103,1,4.99,4.99,0.00,0.00,S,6030768104,,USD,CC
70003172,03050,02,2,20250408,181508,000000093501,3,4.49,13.47,0.00,0.00,S,6030768104,,USD,CC
70003172,03050,02,3,20250408,181508,000000551020,1,13.99,13.99,0.00,0.87,S,6030768104,,USD,CC
70003173,03050,04,1,20250408,152053,000000093501,1,4.49,4.49,0.00,0.00,S,,,USD,CC
70003173,03050,04,2,20250408,152053,000000561001,1,9.99,9.99,0.00,0.62,S,,,USD,CC
70003173,03050,04,3,20250408,152053,000000040203,1,11.99,11.99,0.00,0.00,S,,,USD,CC
70003174,03050,01,1,20250408,190601,000004482003,1,5.49,5.49,0.00,0.34,S,6045775847,,USD,CC
70003174,03050,01,2,20250408,190601,000000005301,1,5.49,5.49,0.00,0.00,S,6045775847,,USD,CC
70003175,03050,01,1,20250408,215705,000000005102,1,5.49,5.49,0.00,0.00,S,,,USD,CC
70003175,03050,01,2,20250408,215705,000004481003,1,4.99,4.99,0.00,0.31,S,,,USD,CC
70003175,03050,01,3,20250408,215705,000000020101,1,2.49,2.49,0.00,0.00,S,,,USD,CC
70003175,03050,01,4,20250408,215705,000004471040,1,2.49,2.49,0.00,0.16,S,,,USD,CC
70003175,03050,01,5,20250408,215705,000000093401,0.881,5.49,4.84,0.00,0.00,S,,,USD,CC
70003175,03050,01,6,20250408,215705,000004471040,1,2.49,2.49,0.00,0.16,S,,,USD,CC
70003176,03050,06,1,20250408,131840,000000094202,1.936,1.99,3.85,0.00,0.00,S,,,USD,CC
70003177,00317,05,1,20250408,100932,000004492003,1,3.09,3.09,0.00,0.19,R,,,CAD,CS
70003178,00317,05,1,20250408,122152,000000005020,1,6.09,6.09,0.00,0.00,S,,,CAD,DB
70003178,00317,05,2,20250408,122152,000000093401,1.727,7.49,12.94,0.00,0.00,S,,,CAD,DB
70003178,00317,05,3,20250408,122152,000000031101,1.244,33.99,42.28,0.00,0.00,S,,,CAD,DB
70003179,00317,01,1,20250408,90241,000004493001,1,7.49,7.49,0.00,0.47,S,,,CAD,DB
70003179,00317,01,2,20250408,90241,000000020101,1,3.39,3.39,0.00,0.00,S,,,CAD,DB
70003179,00317,01,3,20250408,90241,000000552002,1,5.39,5.39,0.00,0.34,S,,,CAD,DB
70003180,00317,04,1,20250408,105301,000000094102,1,4.69,4.69,0.00,0.00,S,,,CAD,CC
70003180,00317,04,2,20250408,105301,000000040102,0.469,23.09,10.83,0.00,0.00,S,,,CAD,CC
70003181,00317,03,1,20250408,112718,000000094103,2,5.19,10.38,0.00,0.00,S,,,CAD,CC
70003181,00317,03,2,20250408,112718,000000020103,1,6.79,6.79,0.00,0.00,S,,,CAD,CC
70003182,00317,06,1,20250408,215848,000000040102,1.410,23.09,32.56,0.00,0.00,S,,,CAD,CC
70003182,00317,06,2,20250408,215848,000004483002,1,4.69,4.69,0.00,0.29,S,,,CAD,CC
70003182,00317,06,3,20250408,215848,000000552001,2,6.09,12.18,0.00,0.76,S,,,CAD,CC
70003183,00317,02,1,20250408,215338,000000562001,1,14.89,14.89,0.00,0.93,S,6089847139,,CAD,DB
70003183,00317,02,2,20250408,215338,000000094101,1,5.39,5.39,0.00,0.00,S,6089847139,,CAD,DB
70003184,00317,03,1,20250408,201848,000000005012,2,5.39,10.78,0.00,0.00,S,,,CAD,CC
70003184,00317,03,2,20250408,201848,000000005103,2,9.49,18.98,0.00,0.00,S,,,CAD,CC
70003184,00317,03,3,20250408,201848,000000040102,0.853,23.09,19.70,0.00,0.00,S,,,CAD,CC
70003184,00317,03,4,20250408,201848,000000040202,3,20.39,61.17,20.39,0.00,S,,MB25W10,CAD,CC
70003184,00317,03,5,20250408,201848,000000005302,1,4.69,4.69,0.00,0.00,S,,,CAD,CC
70003185,00317,06,1,20250408,132936,000000093321,1.279,1.99,2.55,0.00,0.00,S,,,CAD,CC
70003185,00317,06,2,20250408,132936,000000020101,3,3.39,10.17,0.00,0.00,S,,,CAD,CC
70003185,00317,06,3,20250408,132936,000000562001,2,14.89,29.78,0.00,1.86,S,,,CAD,CC
70003185,00317,06,4,20250408,132936,000004471023,1,4.69,4.69,0.00,0.29,S,,,CAD,CC
70003186,01042,04,1,20250409,85330,000000005012,1,3.99,3.99,0.00,0.00,S,6024938430,,USD,DB
70003186,01042,04,2,20250409,85330,000000093402,0.688,3.29,2.26,0.00,0.00,S,6024938430,,USD,DB
70003186,01042,04,3,20250409,85330,000004472002,2,4.49,8.98,0.00,0.56,S,6024938430,,USD,DB
70003186,01042,04,4,20250409,85330,000004471024,1,3.49,3.49,0.00,0.22,S,6024938430,,USD,DB
70003187,01042,01,1,20250409,191314,000000094101,1,3.99,3.99,0.00,0.00,S,6082992299,,USD,DB
70003187,01042,01,2,20250409,191314,000000561001,1,9.99,9.99,0.00,0.62,S,6082992299,,USD,DB
70003188,01042,06,1,20250409,73729,000000040202,3,14.99,44.97,14.99,0.00,S,,MB25W10,USD,GC
70003188,01042,06,2,20250409,73729,000000030103,1,8.99,8.99,0.00,0.00,S,,,USD,GC
70003188,01042,06,3,20250409,73729,000000040202,3,14.99,44.97,14.99,0.00,S,,MB25W10,USD,GC
70003188,01042,06,4,20250409,73729,000000094201,0.867,1.69,1.47,0.00,0.00,S,,,USD,GC
70003188,01042,06,5,20250409,73729,000000005020,1,4.49,4.49,0.00,0.00,S,,,USD,GC
70003189,01042,01,1,20250409,91214,000000005101,1,7.99,7.99,0.00,0.00,S,,,USD,GC
70003189,01042,01,2,20250409,91214,000000005301,1,5.49,5.49,0.00,0.00,S,,,USD,GC
70003189,01042,01,3,20250409,91214,000000093325,0.509,3.99,2.03,0.00,0.00,S,,,USD,GC
70003189,01042,01,4,20250409,91214,000004481002,1,7.99,7.99,0.00,0.50,S,,,USD,GC
70003189,01042,01,5,20250409,91214,000000031101,1.544,24.99,38.58,0.00,0.00,S,,,USD,GC
70003189,01042,01,6,20250409,91214,000000005301,1,5.49,5.49,0.00,0.00,S,,,USD,GC
70003190,01042,06,1,20250409,135816,000000093410,0.904,3.99,3.61,0.00,0.00,S,,,USD,GC
70003191,01107,05,1,20250409,205350,000000020201,1,5.49,5.49,0.00,0.00,S,,,USD,DB
70003191,01107,05,2,20250409,205350,000004483002,1,3.49,3.49,0.00,0.22,S,,,USD,DB
70003191,01107,05,3,20250409,205350,000004473001,1,2.99,2.99,0.00,0.19,S,,,USD,DB
70003192,01107,04,1,20250409,84753,000004481003,3,4.99,14.97,4.99,0.62,S,6068719120,MB25W10,USD,CS
70003192,01107,04,2,20250409,84753,000004473001,1,2.99,2.99,0.00,0.19,S,6068719120,,USD,CS
70003193,01107,05,1,20250409,183515,000000040102,0.415,16.99,7.05,0.00,0.00,S,,,USD,GC
70003193,01107,05,2,20250409,183515,000000020102,1,3.49,3.49,0.00,0.00,S,,,USD,GC
70003193,01107,05,3,20250409,183515,000004491001,1,2.49,2.49,0.00,0.16,S,,,USD,GC
70003193,01107,05,4,20250409,183515,000004471024,1,3.49,3.49,0.00,0.22,S,,,USD,GC
70003193,01107,05,5,20250409,183515,000000005013,2,3.89,7.78,0.00,0.00,S,,,USD,GC
70003194,01107,03,1,20250409,70553,000000040101,2.023,18.99,38.42,0.00,0.00,S,,,USD,CS
70003194,01107,03,2,20250409,70553,000000005101,1,7.99,7.99,0.00,0.00,S,,,USD,CS
70003195,01107,04,1,20250409,150657,000000020201,3,5.49,16.47,5.49,0.00,S,,MB25W10,USD,DB
70003195,01107,04,2,20250409,150657,000004482002,1,17.99,17.99,0.00,1.12,S,,,USD,DB
70003195,01107,04,3,20250409,150657,000000020103,1,4.99,4.99,0.00,0.00,S,,,USD,DB
70003195,01107,04,4,20250409,150657,000004492002,1,1.49,1.49,0.00,0.09,S,,,USD,DB
70003196,02210,04,1,20250409,213529,000000030202,1,11.49,11.49,0.00,0.00,S,6041072728,,USD,CC
70003196,02210,04,2,20250409,213529,000004493002,2,3.99,7.98,1.20,0.42,S,6041072728,LY25W10,USD,CC
70003197,02210,04,1,20250409,170753,000000031102,0.457,19.99,9.14,0.00,0.00,S,6058148769,,USD,CS
70003197,02210,04,2,20250409,170753,000000094103,1,3.79,3.79,0.00,0.00,S,6058148769,,USD,CS
70003198,02210,06,1,20250409,145129,000004481003,3,4.99,14.97,4.99,0.62,S,,MB25W10,USD,CS
70003199,02210,03,1,20250409,94802,000000561001,1,9.99,9.99,0.00,0.62,S,,,USD,DB
70003199,02210,03,2,20250409,94802,000004482002,1,17.99,17.99,0.00,1.12,S,,,USD,DB
70003200,02210,01,1,20250409,155651,000000031102,0.589,19.99,11.77,0.00,0.00,S,,,USD,CS
70003200,02210,01,2,20250409,155651,000000040101,0.565,18.99,10.73,0.00,0.00,S,,,USD,CS
70003201,02211,06,1,20250409,145955,000004493002,1,3.99,3.99,0.60,0.21,S,6042893113,LY25W10,USD,GC
70003201,02211,06,2,20250409,145955,000000093322,1.890,1.99,3.76,0.00,0.00,S,6042893113,,USD,GC
70003201,02211,06,3,20250409,145955,000004481003,1,4.99,4.99,0.00,0.31,S,6042893113,,USD,GC
70003202,02211,02,1,20250409,93624,000000093325,1.300,3.99,5.19,0.00,0.00,S,6060138241,,USD,CS
70003203,02211,01,1,20250409,101007,000000005301,1,5.49,5.49,0.00,0.00,S,,,USD,CC
70003203,02211,01,2,20250409,101007,000000040201,1,8.99,8.99,0.00,0.00,S,,,USD,CC
70003203,02211,01,3,20250409,101007,000000020101,1,2.49,2.49,0.00,0.00,S,,,USD,CC
70003203,02211,01,4,20250409,101007,000000040201,1,8.99,8.99,0.00,0.00,S,,,USD,CC
70003204,02211,04,1,20250409,204402,000000005101,3,7.99,23.97,0.00,0.00,S,6013578529,,USD,DB
70003205,02211,05,1,20250409,193828,000000040203,1,11.99,11.99,0.00,0.00,S,,,USD,CC
70003205,02211,05,2,20250409,193828,000000020201,3,5.49,16.47,5.49,0.00,S,,MB25W10,USD,CC
70003206,02211,03,1,20250409,140608,000000020201,1,5.49,5.49,0.00,0.00,S,,,USD,DB
70003206,02211,03,2,20250409,140608,000000005020,1,4.49,4.49,0.00,0.00,S,,,USD,DB
70003206,02211,03,3,20250409,140608,000000005202,1,5.99,5.99,0.00,0.00,S,,,USD,DB
70003206,02211,03,4,20250409,140608,000000020201,3,5.49,16.47,5.49,0.00,S,,MB25W10,USD,DB
70003206,02211,03,5,20250409,140608,000000005301,1,5.49,5.49,0.00,0.00,S,,,USD,DB
70003207,02305,05,1,20250409,180758,000004471024,1,3.49,3.49,0.00,0.22,S,6003926142,,USD,DB
70003207,02305,05,2,20250409,180758,000004482003,1,5.49,5.49,0.00,0.34,S,6003926142,,USD,DB
70003207,02305,05,3,20250409,180758,000000005020,1,4.49,4.49,0.00,0.00,S,6003926142,,USD,DB
70003207,02305,05,4,20250409,180758,000000020101,1,2.49,2.49,0.00,0.00,S,6003926142,,USD,DB
70003207,02305,05,5,20250409,180758,000000094103,1,3.79,3.79,0.00,0.00,S,6003926142,,USD,DB
70003208,02305,01,1,20250409,215213,000000030203,1,8.49,8.49,0.00,0.00,S,,,USD,CC
70003209,02305,06,1,20250409,100503,000004482003,1,5.49,5.49,0.00,0.34,S,,,USD,DB
70003209,02305,06,2,20250409,100503,000004491003,1,1.99,1.99,0.00,0.12,S,,,USD,DB
70003209,02305,06,3,20250409,100503,000000030102,1,14.99,14.99,0.00,0.00,S,,,USD,DB
70003209,02305,06,4,20250409,100503,000004491002,1,6.99,6.99,0.00,0.44,S,,,USD,DB
70003209,02305,06,5,20250409,100503,000000030203,1,8.49,8.49,0.00,0.00,S,,,USD,DB
70003210,02305,05,1,20250409,213705,000004482003,1,5.49,5.49,0.00,0.34,S,6023478519,,USD,DB
70003211,02305,02,1,20250409,152913,000004473002,1,2.79,2.79,0.00,0.17,S,,,USD,DB
70003212,03050,03,1,20250409,174035,000000562002,2,8.49,16.98,0.00,1.06,S,6032484137,,USD,CS
70003212,03050,03,2,20250409,174035,000004483001,1,4.99,4.99,0.00,0.31,S,6032484137,,USD,CS
70003212,03050,03,3,20250409,174035,000000031101,1.419,24.99,35.46,0.00,0.00,S,6032484137,,USD,CS
70003212,03050,03,4,20250409,174035,000000030202,1,11.49,11.49,0.00,0.00,S,6032484137,,USD,CS
70003212,03050,03,5,20250409,174035,000000020103,1,4.99,4.99,0.00,0.00,S,6032484137,,USD,CS
70003212,03050,03,6,20250409,174035,000000561001,1,9.99,9.99,0.00,0.62,S,6032484137,,USD,CS
70003213,03050,04,1,20250409,80317,000000040101,0.956,18.99,18.15,0.00,0.00,S,,,USD,DB
70003213,03050,04,2,20250409,80317,000000093322,0.971,1.99,1.93,0.00,0.00,S,,,USD,DB
70003213,03050,04,3,20250409,80317,000004491003,1,1.99,1.99,0.00,0.12,S,,,USD,DB
70003214,03050,04,1,20250409,113530,000000030103,2,8.99,17.98,0.00,0.00,S,,,USD,CC
70003215,03050,04,1,20250409,111526,000000005202,1,5.99,5.99,0.00,0.00,S,,,USD,CC
70003215,03050,04,2,20250409,111526,000000094203,1.953,1.49,2.91,0.00,0.00,S,,,USD,CC
70003215,03050,04,3,20250409,111526,000000005103,1,6.99,6.99,0.00,0.00,S,,,USD,CC
70003215,03050,04,4,20250409,111526,000004493002,3,3.99,11.97,0.00,0.75,S,,,USD,CC
70003216,03050,06,1,20250409,192102,000000094203,1.096,1.49,1.63,0.00,0.00,S,,,USD,CC
70003216,03050,06,2,20250409,192102,000004482003,3,5.49,16.47,5.49,0.69,S,,MB25W10,USD,CC
70003216,03050,06,3,20250409,192102,000000562002,2,8.49,16.98,0.00,1.06,S,,,USD,CC
70003216,03050,06,4,20250409,192102,000000020203,1,6.49,6.49,0.00,0.00,S,,,USD,CC
70003217,00317,06,1,20250409,130231,000000030102,3,20.39,61.17,0.00,0.00,S,,,CAD,CC
70003217,00317,06,2,20250409,130231,000004493002,1,5.39,5.39,0.00,0.34,S,,,CAD,CC
70003218,00317,06,1,20250409,210656,000004481003,3,6.79,20.37,6.79,0.85,S,6059970629,MB25W10,CAD,DB
70003218,00317,06,2,20250409,210656,000004471023,1,4.69,4.69,0.00,0.29,S,6059970629,,CAD,DB
70003219,00317,02,1,20250409,122750,000000551020,1,18.99,18.99,0.00,1.19,S,,,CAD,CS
70003220,00317,02,1,20250409,165810,000004492001,1,2.39,2.39,0.00,0.15,S,,,CAD,DB
70003220,00317,02,2,20250409,165810,000000020101,1,3.39,3.39,0.00,0.00,S,,,CAD,DB
70003220,00317,02,3,20250409,165810,000000020201,1,7.49,7.49,0.00,0.00,S,,,CAD,DB
70003220,00317,02,4,20250409,165810,000000093503,1,5.79,5.79,0.00,0.00,S,,,CAD,DB
70003221,00317,03,1,20250409,193557,000004481003,3,6.79,20.37,6.79,0.85,S,6012880133,MB25W10,CAD,CC
70003221,00317,03,2,20250409,193557,000000093321,1.157,1.99,2.30,0.00,0.00,S,6012880133,,CAD,CC
70003222,00317,02,1,20250409,84008,000000561001,2,13.59,27.18,0.00,1.70,S,,,CAD,GC
70003222,00317,02,2,20250409,84008,000000040202,3,20.39,61.17,20.39,0.00,S,,MB25W10,CAD,GC
70003223,00317,03,1,20250409,80309,000000093503,1,5.79,5.79,0.00,0.00,S,,,CAD,CS
70003223,00317,03,2,20250409,80309,000000093502,3,5.39,16.17,0.00,0.00,S,,,CAD,CS
70003223,00317,03,3,20250409,80309,000000005012,1,5.39,5.39,0.00,0.00,S,,,CAD,CS
70003224,00317,05,1,20250409,103640,000004493002,1,5.39,5.39,0.81,0.29,S,6060798487,LY25W10,CAD,CC
70003224,00317,05,2,20250409,103640,000000551020,2,18.99,37.98,0.00,2.37,S,6060798487,,CAD,CC
70003225,01042,04,1,20250410,92552,000000094201,1.700,1.69,2.87,0.00,0.00,S,6015402119,,USD,DB
70003226,01042,03,1,20250410,121828,000004493002,1,3.99,3.99,0.00,0.25,S,,,USD,CS
70003227,01042,06,1,20250410,163329,000000031101,0.335,24.99,8.37,0.00,0.00,S,,,USD,DB
70003227,01042,06,2,20250410,163329,000004493001,1,5.49,5.49,0.00,0.34,S,,,USD,DB
70003228,01042,02,1,20250410,125016,000000020203,1,6.49,6.49,0.00,0.00,S,,,USD,CS
70003228,01042,02,2,20250410,125016,000004491002,1,6.99,6.99,0.00,0.44,S,,,USD,CS
70003228,01042,02,3,20250410,125016,000000093502,3,3.99,11.97,0.00,0.00,S,,,USD,CS
70003228,01042,02,4,20250410,125016,000004492001,1,1.79,1.79,0.00,0.11,S,,,USD,CS
70003228,01042,02,5,20250410,125016,000004492002,1,1.49,1.49,0.00,0.09,S,,,USD,CS
70003229,01042,05,1,20250410,201825,000000040203,1,11.99,11.99,0.00,0.00,S,,,USD,DB
70003229,01042,05,2,20250410,201825,000000562002,1,8.49,8.49,0.00,0.53,S,,,USD,DB
70003229,01042,05,3,20250410,201825,000000020101,2,2.49,4.98,0.00,0.00,S,,,USD,DB
70003229,01042,05,4,20250410,201825,000000005103,1,6.99,6.99,0.00,0.00,S,,,USD,DB
70003230,01042,02,1,20250410,105159,000004492003,1,2.29,2.29,0.00,0.14,S,6087182749,,USD,CS
70003230,01042,02,2,20250410,105159,000000093402,0.872,3.29,2.87,0.00,0.00,S,6087182749,,USD,CS
70003231,01042,04,1,20250410,74207,000004471023,1,3.49,3.49,0.00,0.22,S,6015454443,,USD,DB
70003231,01042,04,2,20250410,74207,000000093501,3,4.49,13.47,0.00,0.00,S,6015454443,,USD,DB
70003232,01042,06,1,20250410,172611,000000040202,1,14.99,14.99,0.00,0.00,S,6008501657,,USD,GC
70003232,01042,06,2,20250410,172611,000000551021,1,11.99,11.99,0.00,0.75,S,6008501657,,USD,GC
70003232,01042,06,3,20250410,172611,000000005012,2,3.99,7.98,0.00,0.00,S,6008501657,,USD,GC
70003232,01042,06,4,20250410,172611,000004483001,2,4.99,9.98,0.00,0.62,S,6008501657,,USD,GC
70003233,01042,03,1,20250410,204553,000000031102,0.455,19.99,9.10,0.00,0.00,S,,,USD,DB
70003233,01042,03,2,20250410,204553,000000020201,2,5.49,10.98,0.00,0.00,S,,,USD,DB
70003233,01042,03,3,20250410,204553,000004491001,2,2.49,4.98,0.00,0.31,S,,,USD,DB
70003233,01042,03,4,20250410,204553,000004473002,1,2.79,2.79,0.00,0.17,S,,,USD,DB
70003234,01042,05,1,20250410,94502,000000005301,1,5.49,5.49,0.00,0.00,S,6038320603,,USD,CS
70003235,01042,03,1,20250410,140340,000000030101,1,6.99,6.99,0.00,0.00,S,,,USD,CS
70003236,01107,06,1,20250410,214632,000004482001,1,13.99,13.99,0.00,0.87,S,,,USD,CC
70003236,01107,06,2,20250410,214632,000000005012,1,3.99,3.99,0.00,0.00,S,,,USD,CC
70003236,01107,06,3,20250410,214632,000004491002,1,6.99,6.99,0.00,0.44,S,,,USD,CC
70003237,01107,05,1,20250410,180159,000004481002,1,7.99,7.99,0.00,0.50,S,,,USD,CC
70003237,01107,05,2,20250410,180159,000000005020,1,4.49,4.49,0.00,0.00,S,,,USD,CC
70003237,01107,05,3,20250410,180159,000000040202,1,14.99,14.99,0.00,0.00,S,,,USD,CC
70003237,01107,05,4,20250410,180159,000000005302,1,3.49,3.49,0.00,0.00,S,,,USD,CC
70003237,01107,05,5,20250410,180159,000004481003,3,4.99,14.97,4.99,0.62,S,,MB25W10,USD,CC
70003238,01107,06,1,20250410,150429,000000040201,1,8.99,8.99,0.00,0.00,S,,,USD,DB
70003239,02210,03,1,20250410,162024,000004481002,2,7.99,15.98,0.00,1.00,S,,,USD,DB
70003239,02210,03,2,20250410,162024,000004491003,1,1.99,1.99,0.00,0.12,S,,,USD,DB
70003239,02210,03,3,20250410,162024,000000020101,1,2.49,2.49,0.00,0.00,S,,,USD,DB
70003240,02210,03,1,20250410,90545,000000005202,1,5.99,5.99,0.00,0.00,S,6014939252,,USD,DB
70003240,02210,03,2,20250410,90545,000000094301,0.912,4.39,4.00,0.00,0.00,S,6014939252,,USD,DB
70003241,02210,01,1,20250410,172843,000000551020,1,13.99,13.99,0.00,0.87,S,,,USD,DB
70003242,02210,03,1,20250410,104540,000000094202,1.115,1.99,2.22,0.00,0.00,S,,,USD,CC
70003242,02210,03,2,20250410,104540,000000040203,1,11.99,11.99,0.00,0.00,S,,,USD,CC
70003243,02210,04,1,20250410,84218,000000005101,1,7.99,7.99,0.00,0.00,S,6090947985,,USD,CC
70003244,02210,05,1,20250410,143819,000000020201,3,5.49,16.47,5.49,0.00,S,6034283644,MB25W10,USD,DB
70003244,02210,05,2,20250410,143819,000004482003,3,5.49,16.47,5.49,0.69,S,6034283644,MB25W10,USD,DB
70003244,02210,05,3,20250410,143819,000000093321,2.050,1.49,3.05,0.00,0.00,S,6034283644,,USD,DB
70003244,02210,05,4,20250410,143819,000000040101,0.353,18.99,6.70,0.00,0.00,S,6034283644,,USD,DB
70003244,02210,05,5,20250410,143819,000000005301,3,5.49,16.47,0.00,0.00,S,6034283644,,USD,DB
70003244,02210,05,6,20250410,143819,000000093410,1.043,3.99,4.16,0.00,0.00,S,6034283644,,USD,DB
70003245,02211,01,1,20250410,190155,000000020201,1,5.49,5.49,0.00,0.00,S,,,USD,CC
70003245,02211,01,2,20250410,190155,000000005202,1,5.99,5.99,0.00,0.00,S,,,USD,CC
70003245,02211,01,3,20250410,190155,000004481003,3,4.99,14.97,4.99,0.62,S,,MB25W10,USD,CC
70003246,02211,05,1,20250410,203942,000004481003,1,4.99,4.99,0.00,0.31,S,,,USD,CC
70003246,02211,05,2,20250410,203942,000000093410,1.096,3.99,4.37,0.00,0.00,S,,,USD,CC
70003246,02211,05,3,20250410,203942,000000020201,2,5.49,10.98,0.00,0.00,S,,,USD,CC
70003246,02211,05,4,20250410,203942,000000005103,2,6.99,13.98,0.00,0.00,S,,,USD,CC
70003246,02211,05,5,20250410,203942,000000040203,2,11.99,23.98,0.00,0.00,S,,,USD,CC
70003246,02211,05,6,20250410,203942,000004493002,1,3.99,3.99,0.00,0.25,S,,,USD,CC
70003247,02211,04,1,20250410,74712,000004482002,2,17.99,35.98,0.00,2.25,S,6098107964,,USD,CC
70003248,02211,06,1,20250410,180135,000000020201,3,5.49,16.47,5.49,0.00,S,6043260055,MB25W10,USD,CS
70003248,02211,06,2,20250410,180135,000004482003,3,5.49,16.47,5.49,0.69,S,6043260055,MB25W10,USD,CS
70003248,02211,06,3,20250410,180135,000004473003,1,3.49,3.49,0.00,0.22,S,6043260055,,USD,CS
70003249,02211,04,1,20250410,180235,000000094301,2.137,4.39,9.38,0.00,0.00,S,,,USD,DB
70003250,02211,01,1,20250410,111853,000000005302,1,3.49,3.49,0.00,0.00,S,6038497916,,USD,DB
70003250,02211,01,2,20250410,111853,000000005103,2,6.99,13.98,0.00,0.00,S,6038497916,,USD,DB
70003251,02305,05,1,20250410,160531,000004481003,3,4.99,14.97,4.99,0.62,S,6017537030,MB25W10,USD,DB
70003252,02305,06,1,20250410,153800,000000031101,0.339,24.99,8.47,0.00,0.00,S,,,USD,DB
70003252,02305,06,2,20250410,153800,000000005101,1,7.99,7.99,0.00,0.00,S,,,USD,DB
70003252,02305,06,3,20250410,153800,000000551021,3,11.99,35.97,0.00,2.25,S,,,USD,DB
70003252,02305,06,4,20250410,153800,000004482003,3,5.49,16.47,5.49,0.69,S,,MB25W10,USD,DB
70003253,02305,05,1,20250410,74629,000004483001,1,4.99,4.99,0.00,0.31,S,,,USD,CS
70003254,03050,04,1,20250410,185638,000000020102,1,3.49,3.49,0.00,0.00,S,,,USD,CC
70003254,03050,04,2,20250410,185638,000000030201,1,9.99,9.99,0.00,0.00,S,,,USD,CC
70003254,03050,04,3,20250410,185638,000000561001,2,9.99,19.98,0.00,1.25,S,,,USD,CC
70003254,03050,04,4,20250410,185638,000000030101,1,6.99,6.99,0.00,0.00,S,,,USD,CC
70003255,03050,05,1,20250410,113057,000000005102,1,5.49,5.49,0.00,0.00,S,,,USD,CS
70003255,03050,05,2,20250410,113057,000000020201,2,5.49,10.98,0.00,0.00,S,,,USD,CS
70003255,03050,05,3,20250410,113057,000000093321,1.237,1.49,1.84,0.00,0.00,S,,,USD,CS
70003255,03050,05,4,20250410,113057,000000561002,1,7.49,7.49,0.00,0.47,S,,,USD,CS
70003255,03050,05,5,20250410,113057,000000093501,1,4.49,4.49,0.00,0.00,S,,,USD,CS
70003255,03050,05,6,20250410,113057,000004471030,1,3.99,3.99,0.00,0.25,S,,,USD,CS
70003256,03050,03,1,20250410,184312,000000093321,0.369,1.49,0.55,0.00,0.00,S,,,USD,GC
70003256,03050,03,2,20250410,184312,000000093321,0.321,1.49,0.48,0.00,0.00,S,,,USD,GC
70003256,03050,03,3,20250410,184312,000000005013,2,3.89,7.78,0.00,0.00,S,,,USD,GC
70003256,03050,03,4,20250410,184312,000004472002,3,4.49,13.47,0.00,0.84,S,,,USD,GC
70003256,03050,03,5,20250410,184312,000000094102,2,3.49,6.98,0.00,0.00,S,,,USD,GC
70003257,03050,05,1,20250410,70505,000000030102,3,14.99,44.97,0.00,0.00,S,,,USD,CC
70003258,03050,04,1,20250410,120634,000004482003,3,5.49,16.47,5.49,0.69,S,6068784991,MB25W10,USD,DB
70003258,03050,04,2,20250410,120634,000000040202,3,14.99,44.97,14.99,0.00,S,6068784991,MB25W10,USD,DB
70003258,03050,04,3,20250410,120634,000000561001,2,9.99,19.98,0.00,1.25,S,6068784991,,USD,DB
70003258,03050,04,4,20250410,120634,000004471023,2,3.49,6.98,0.00,0.44,S,6068784991,,USD,DB
70003259,03050,06,1,20250410,131521,000000561001,2,9.99,19.98,0.00,1.25,S,,,USD,DB
70003259,03050,06,2,20250410,131521,000000020202,1,5.99,5.99,0.00,0.00,S,,,USD,DB
70003259,03050,06,3,20250410,131521,000004481003,3,4.99,14.97,4.99,0.62,S,,MB25W10,USD,DB
70003259,03050,06,4,20250410,131521,000000093501,2,4.49,8.98,0.00,0.00,S,,,USD,DB
70003259,03050,06,5,20250410,131521,000000093402,0.885,3.29,2.91,0.00,0.00,S,,,USD,DB
70003259,03050,06,6,20250410,131521,000000005101,1,7.99,7.99,0.00,0.00,S,,,USD,DB
70003260,03050,06,1,20250410,115402,000000005020,3,4.49,13.47,0.00,0.00,S,,,USD,CC
70003260,03050,06,2,20250410,115402,000000094103,1,3.79,3.79,0.00,0.00,S,,,USD,CC
70003260,03050,06,3,20250410,115402,000000561002,1,7.49,7.49,0.00,0.47,S,,,USD,CC
70003260,03050,06,4,20250410,115402,000000005202,2,5.99,11.98,0.00,0.00,S,,,USD,CC
70003261,00317,01,1,20250410,125842,000000005012,1,5.39,5.39,0.00,0.00,S,,,CAD,CC
70003261,00317,01,2,20250410,125842,000004482002,1,24.49,24.49,0.00,1.53,S,,,CAD,CC
70003262,00317,03,1,20250410,83859,000004482003,3,7.49,22.47,7.49,0.94,S,6008581670,MB25W10,CAD,GC
70003262,00317,03,2,20250410,83859,000000005012,1,5.39,5.39,0.00,0.00,S,6008581670,,CAD,GC
70003263,00317,06,1,20250410,203325,000000094201,0.884,2.29,2.02,0.00,0.00,S,,,CAD,CS
70003263,00317,06,2,20250410,203325,000000093410,1.127,5.39,6.07,0.00,0.00,S,,,CAD,CS
70003264,00317,02,1,20250410,195319,000000030103,1,12.19,12.19,0.00,0.00,S,6024648449,,CAD,CC
70003264,00317,02,2,20250410,195319,000000094102,1,4.69,4.69,0.00,0.00,S,6024648449,,CAD,CC
70003264,00317,02,3,20250410,195319,000004491001,1,3.39,3.39,0.00,0.21,S,6024648449,,CAD,CC
70003265,00317,06,1,20250410,123453,000004472002,1,6.09,6.09,0.00,0.38,S,,,CAD,CC
70003265,00317,06,2,20250410,123453,000000020201,3,7.49,22.47,7.49,0.00,S,,MB25W10,CAD,CC
70003265,00317,06,3,20250410,123453,000004481001,3,10.89,32.67,0.00,2.04,S,,,CAD,CC
70003266,00317,02,1,20250410,183030,000000093321,1.813,1.99,3.61,0.00,0.00,S,,,CAD,DB
70003266,00317,02,2,20250410,183030,000000020201,1,7.49,7.49,0.00,0.00,S,,,CAD,DB
70003266,00317,02,3,20250410,183030,000000040102,1.457,23.09,33.64,0.00,0.00,S,,,CAD,DB
70003267,00317,04,1,20250410,124828,000000030202,1,15.59,15.59,0.00,0.00,S,6005973642,,CAD,DB
70003267,00317,04,2,20250410,124828,000004472050,1,5.39,5.39,0.00,0.34,S,6005973642,,CAD,DB
70003267,00317,04,3,20250410,124828,000000552002,2,5.39,10.78,0.00,0.67,S,6005973642,,CAD,DB
70003268,00317,05,1,20250410,160258,000000562002,1,11.49,11.49,0.00,0.72,S,,,CAD,CC
70003268,00317,05,2,20250410,160258,000004482001,1,18.99,18.99,0.00,1.19,S,,,CAD,CC
70003269,00317,03,1,20250410,111221,000000561001,1,13.59,13.59,0.00,0.85,S,,,CAD,CC
70003270,00317,03,1,20250410,100526,000004473003,1,4.69,4.69,0.00,0.29,S,6077680898,,CAD,GC
70003270,00317,03,2,20250410,100526,000004471030,2,5.39,10.78,0.00,0.67,S,6077680898,,CAD,GC
70003271,01042,06,1,20250411,164047,000004473002,1,2.79,2.79,0.00,0.17,S,,,USD,CC
70003271,01042,06,2,20250411,164047,000000030103,2,8.99,17.98,0.00,0.00,S,,,USD,CC
70003272,01042,06,1,20250411,83241,000000020203,1,6.49,6.49,0.00,0.00,S,,,USD,CC
70003273,01042,06,1,20250411,84700,000000030103,2,8.99,17.98,0.00,0.00,S,,,USD,DB
70003273,01042,06,2,20250411,84700,000000005202,1,5.99,5.99,0.00,0.00,S,,,USD,DB
70003274,01042,02,1,20250411,204737,000004473002,1,2.79,2.79,0.00,0.17,S,,,USD,DB
70003274,01042,02,2,20250411,204737,000000040201,1,8.99,8.99,0.00,0.00,S,,,USD,DB
70003274,01042,02,3,20250411,204737,000004471030,1,3.99,3.99,0.00,0.25,S,,,USD,DB
70003274,01042,02,4,20250411,204737,000004481003,3,4.99,14.97,4.99,0.62,S,,MB25W10,USD,DB
70003274,01042,02,5,20250411,204737,000004471023,1,3.49,3.49,0.00,0.22,S,,,USD,DB
70003275,01042,05,1,20250411,211218,000000005102,1,5.49,5.49,0.00,0.00,S,,,USD,CC
70003276,01042,05,1,20250411,204041,000004471030,1,3.99,3.99,0.00,0.25,S,,,USD,CS
70003276,01042,05,2,20250411,204041,000000551021,1,11.99,11.99,0.00,0.75,S,,,USD,CS
70003276,01042,05,3,20250411,204041,000000094302,1.330,5.49,7.30,0.00,0.00,S,,,USD,CS
70003277,01107,02,1,20250411,121030,000004471040,3,2.49,7.47,0.00,0.47,S,6037312552,,USD,CS
70003278,01107,03,1,20250411,112824,000000552001,1,4.49,4.49,0.00,0.28,S,,,USD,CS
70003278,01107,03,2,20250411,112824,000000094102,1,3.49,3.49,0.00,0.00,S,,,USD,CS
70003278,01107,03,3,20250411,112824,000000094103,1,3.79,3.79,0.00,0.00,S,,,USD,CS
70003278,01107,03,4,20250411,112824,000000552001,1,4.49,4.49,0.00,0.28,S,,,USD,CS
70003278,01107,03,5,20250411,112824,000004481003,3,4.99,14.97,4.99,0.62,S,,MB25W10,USD,CS
70003278,01107,03,6,20250411,112824,000000020203,1,6.49,6.49,0.00,0.00,S,,,USD,CS
70003279,01107,02,1,20250411,193033,000000005101,1,7.99,7.99,0.00,0.00,S,,,USD,DB
70003280,01107,05,1,20250411,195630,000000040203,1,11.99,11.99,1.80,0.00,S,6009166010,LY25W10,USD,CC
70003281,01107,05,1,20250411,104735,000000040203,1,11.99,11.99,1.80,0.00,S,6058374907,LY25W10,USD,CC
70003281,01107,05,2,20250411,104735,000000040203,3,11.99,35.97,5.40,0.00,S,6058374907,LY25W10,USD,CC
70003281,01107,05,3,20250411,104735,000000020201,3,5.49,16.47,5.49,0.00,S,6058374907,MB25W10,USD,CC
70003281,01107,05,4,20250411,104735,000004481003,3,4.99,14.97,4.99,0.62,S,6058374907,MB25W10,USD,CC
70003281,01107,05,5,20250411,104735,000004493002,1,3.99,3.99,0.60,0.21,S,6058374907,LY25W10,USD,CC
70003282,01107,06,1,20250411,70348,000004481001,1,7.99,7.99,0.00,0.50,S,,,USD,CC
70003283,02210,02,1,20250411,173717,000004493002,1,3.99,3.99,0.00,0.25,S,,,USD,CC
70003283,02210,02,2,20250411,173717,000000020102,1,3.49,3.49,0.00,0.00,S,,,USD,CC
70003283,02210,02,3,20250411,173717,000000093322,2.030,1.99,4.04,0.00,0.00,S,,,USD,CC
70003283,02210,02,4,20250411,173717,000000040202,3,14.99,44.97,14.99,0.00,S,,MB25W10,USD,CC
70003284,02210,03,1,20250411,195037,000000040201,1,8.99,8.99,0.00,0.00,S,,,USD,GC
70003284,02210,03,2,20250411,195037,000000020102,1,3.49,3.49,0.00,0.00,S,,,USD,GC
70003285,02210,06,1,20250411,70937,000000093402,1.364,3.29,4.49,0.00,0.00,S,,,USD,CS
70003285,02210,06,2,20250411,70937,000000020201,2,5.49,10.98,0.00,0.00,S,,,USD,CS
70003285,02210,06,3,20250411,70937,000004483002,1,3.49,3.49,0.00,0.22,S,,,USD,CS
70003285,02210,06,4,20250411,70937,000000552001,1,4.49,4.49,0.00,0.28,S,,,USD,CS
70003285,02210,06,5,20250411,70937,000000093402,0.548,3.29,1.80,0.00,0.00,S,,,USD,CS
70003285,02210,06,6,20250411,70937,000000093503,1,4.29,4.29,0.00,0.00,S,,,USD,CS
70003286,02210,02,1,20250411,100541,000004491003,1,1.99,1.99,0.00,0.12,S,,,USD,DB
70003286,02210,02,2,20250411,100541,000000030202,1,11.49,11.49,0.00,0.00,S,,,USD,DB
70003286,02210,02,3,20250411,100541,000004482003,3,5.49,16.47,5.49,0.69,S,,MB25W10,USD,DB
70003286,02210,02,4,20250411,100541,000000020103,1,4.99,4.99,0.00,0.00,S,,,USD,DB
70003287,02210,05,1,20250411,83810,000000551021,1,11.99,11.99,0.00,0.75,S,6061213773,,USD,GC
70003287,02210,05,2,20250411,83810,000000552002,3,3.99,11.97,0.00,0.75,S,6061213773,,USD,GC
70003287,02210,05,3,20250411,83810,000004492003,1,2.29,2.29,0.00,0.14,S,6061213773,,USD,GC
70003287,02210,05,4,20250411,83810,000000020203,1,6.49,6.49,0.00,0.00,S,6061213773,,USD,GC
70003287,02210,05,5,20250411,83810,000000094203,1.379,1.49,2.05,0.31,0.00,S,6061213773,LY25W10,USD,GC
70003287,02210,05,6,20250411,83810,000000005301,2,5.49,10.98,0.00,0.00,S,6061213773,,USD,GC
70003288,02210,01,1,20250411,95250,000004481001,1,7.99,7.99,0.00,0.50,S,6059119186,,USD,CC
70003288,02210,01,2,20250411,95250,000000030101,1,6.99,6.99,0.00,0.00,S,6059119186,,USD,CC
70003289,02210,03,1,20250411,145838,000000005013,1,3.89,3.89,0.00,0.00,S,6082683230,,USD,CC
70003289,02210,03,2,20250411,145838,000000562001,1,10.99,10.99,0.00,0.69,S,6082683230,,USD,CC
70003289,02210,03,3,20250411,145838,000000005012,1,3.99,3.99,0.00,0.00,S,6082683230,,USD,CC
70003289,02210,03,4,20250411,145838,000000093502,2,3.99,7.98,0.00,0.00,S,6082683230,,USD,CC
70003290,02210,06,1,20250411,202508,000000020103,1,4.99,4.99,0.00,0.00,S,,,USD,CC
70003290,02210,06,2,20250411,202508,000004492003,2,2.29,4.58,0.00,0.29,S,,,USD,CC
70003290,02210,06,3,20250411,202508,000004492003,1,2.29,2.29,0.00,0.14,S,,,USD,CC
70003290,02210,06,4,20250411,202508,000004471030,1,3.99,3.99,0.00,0.25,S,,,USD,CC
70003290,02210,06,5,20250411,202508,000000094203,1.208,1.49,1.80,0.00,0.00,S,,,USD,CC
70003291,02211,04,1,20250411,114843,000000020201,1,5.49,5.49,0.00,0.00,S,6057422319,,USD,CC
70003291,02211,04,2,20250411,114843,000000005020,1,4.49,4.49,0.00,0.00,S,6057422319,,USD,CC
70003292,02211,01,1,20250411,81614,000004491002,1,6.99,6.99,0.00,0.44,S,6022068155,,USD,CC
70003293,02211,04,1,20250411,194709,000000005301,1,5.49,5.49,0.00,0.00,S,6058298493,,USD,GC
70003293,02211,04,2,20250411,194709,000000551020,2,13.99,27.98,0.00,1.75,S,6058298493,,USD,GC
70003293,02211,04,3,20250411,194709,000004493002,1,3.99,3.99,0.60,0.21,S,6058298493,LY25W10,USD,GC
70003294,02211,03,1,20250411,151647,000004482001,1,13.99,13.99,0.00,0.87,S,,,USD,GC
70003294,02211,03,2,20250411,151647,000004482001,1,13.99,13.99,0.00,0.87,S,,,USD,GC
70003294,02211,03,3,20250411,151647,000000005301,1,5.49,5.49,0.00,0.00,S,,,USD,GC
70003294,02211,03,4,20250411,151647,000004482003,3,5.49,16.47,5.49,0.69,S,,MB25W10,USD,GC
70003294,02211,03,5,20250411,151647,000000005101,1,7.99,7.99,0.00,0.00,S,,,USD,GC
70003295,02211,01,1,20250411,75014,000000040203,1,11.99,11.99,0.00,0.00,S,,,USD,DB
70003295,02211,01,2,20250411,75014,000000005202,1,5.99,5.99,0.00,0.00,S,,,USD,DB
70003295,02211,01,3,20250411,75014,000004491003,1,1.99,1.99,0.00,0.12,S,,,USD,DB
70003295,02211,01,4,20250411,75014,000000020201,1,5.49,5.49,0.00,0.00,S,,,USD,DB
70003296,02211,03,1,20250411,125428,000004482001,1,13.99,13.99,0.00,0.87,S,6096561014,,USD,CC
70003296,02211,03,2,20250411,125428,000004482003,1,5.49,5.49,0.00,0.34,S,6096561014,,USD,CC
70003297,02305,03,1,20250411,90229,000000561001,1,9.99,9.99,0.00,0.62,S,,,USD,DB
70003297,02305,03,2,20250411,90229,000000030103,2,8.99,17.98,0.00,0.00,S,,,USD,DB
70003297,02305,03,3,20250411,90229,000000020201,3,5.49,16.47,5.49,0.00,S,,MB25W10,USD,DB
70003297,02305,03,4,20250411,90229,000000005201,1,3.99,3.99,0.00,0.00,S,,,USD,DB
70003297,02305,03,5,20250411,90229,000000562001,2,10.99,21.98,0.00,1.37,S,,,USD,DB
70003298,02305,02,1,20250411,125834,000000030103,1,8.99,8.99,0.00,0.00,S,,,USD,CC
70003298,02305,02,2,20250411,125834,000000093503,1,4.29,4.29,0.00,0.00,S,,,USD,CC
70003298,02305,02,3,20250411,125834,000004471023,1,3.49,3.49,0.00,0.22,S,,,USD,CC
70003299,02305,05,1,20250411,193901,000004471024,1,3.49,3.49,0.00,0.22,S,6090833509,,USD,CS
70003299,02305,05,2,20250411,193901,000000040101,1.275,18.99,24.21,0.00,0.00,S,6090833509,,USD,CS
70003300,02305,04,1,20250411,115246,000000551020,1,13.99,13.99,0.00,0.87,S,6058665254,,USD,DB
70003301,02305,02,1,20250411,94719,000000005301,1,5.49,5.49,0.00,0.00,S,,,USD,CC
70003301,02305,02,2,20250411,94719,000000040202,3,14.99,44.97,14.99,0.00,S,,MB25W10,USD,CC
70003301,02305,02,3,20250411,94719,000000005301,2,5.49,10.98,0.00,0.00,S,,,USD,CC
70003301,02305,02,4,20250411,94719,000000005020,1,4.49,4.49,0.00,0.00,S,,,USD,CC
70003301,02305,02,5,20250411,94719,000000005020,1,4.49,4.49,0.00,0.00,S,,,USD,CC
70003302,02305,05,1,20250411,185555,000000005020,1,4.49,4.49,0.00,0.00,S,,,USD,DB
70003302,02305,05,2,20250411,185555,000000040102,1.817,16.99,30.87,0.00,0.00,S,,,USD,DB
70003302,02305,05,3,20250411,185555,000000005013,1,3.89,3.89,0.00,0.00,S,,,USD,DB
70003302,02305,05,4,20250411,185555,000004482003,3,5.49,16.47,5.49,0.69,S,,MB25W10,USD,DB
70003302,02305,05,5,20250411,185555,000000551021,1,11.99,11.99,0.00,0.75,S,,,USD,DB
70003303,02305,06,1,20250411,123704,000000005101,1,7.99,7.99,0.00,0.00,S,6071494981,,USD,GC
70003303,02305,06,2,20250411,123704,000004481003,2,4.99,9.98,0.00,0.62,S,6071494981,,USD,GC
70003303,02305,06,3,20250411,123704,000000020201,1,5.49,5.49,0.00,0.00,S,6071494981,,USD,GC
70003303,02305,06,4,20250411,123704,000000562002,1,8.49,8.49,0.00,0.53,S,6071494981,,USD,GC
70003303,02305,06,5,20250411,123704,000004471023,1,3.49,3.49,0.00,0.22,S,6071494981,,USD,GC
70003303,02305,06,6,20250411,123704,000000551020,1,13.99,13.99,0.00,0.87,S,6071494981,,USD,GC
70003304,03050,06,1,20250411,70657,000004481002,1,7.99,7.99,0.00,0.50,S,,,USD,DB
70003304,03050,06,2,20250411,70657,000000005103,1,6.99,6.99,0.00,0.00,S,,,USD,DB
70003304,03050,06,3,20250411,70657,000000562002,2,8.49,16.98,0.00,1.06,S,,,USD,DB
70003304,03050,06,4,20250411,70657,000004492002,1,1.49,1.49,0.00,0.09,S,,,USD,DB
70003304,03050,06,5,20250411,70657,000000031101,1.043,24.99,26.06,0.00,0.00,S,,,USD,DB
70003305,03050,02,1,20250411,100829,000000005201,1,3.99,3.99,0.00,0.00,S,,,USD,DB
70003305,03050,02,2,20250411,100829,000000005301,3,5.49,16.47,0.00,0.00,S,,,USD,DB
70003305,03050,02,3,20250411,100829,000000040101,1.061,18.99,20.15,0.00,0.00,S,,,USD,DB
70003305,03050,02,4,20250411,100829,000000093502,1,3.99,3.99,0.00,0.00,S,,,USD,DB
70003305,03050,02,5,20250411,100829,000004472001,2,3.99,7.98,0.00,0.50,S,,,USD,DB
70003306,03050,04,1,20250411,75039,000004472003,1,3.29,3.29,0.00,0.21,S,,,USD,DB
70003306,03050,04,2,20250411,75039,000000562001,1,10.99,10.99,0.00,0.69,S,,,USD,DB
70003307,03050,01,1,20250411,104206,000004491001,2,2.49,4.98,0.00,0.31,S,,,USD,CS
70003308,03050,04,1,20250411,213702,000004471023,1,3.49,3.49,0.00,0.22,S,6088754394,,USD,CC
70003309,03050,06,1,20250411,110055,000000030202,1,11.49,11.49,0.00,0.00,S,,,USD,CC
70003309,03050,06,2,20250411,110055,000000031101,2.159,24.99,53.95,0.00,0.00,S,,,USD,CC
70003309,03050,06,3,20250411,110055,000004472003,1,3.29,3.29,0.00,0.21,S,,,USD,CC
70003309,03050,06,4,20250411,110055,000000093502,2,3.99,7.98,0.00,0.00,S,,,USD,CC
70003309,03050,06,5,20250411,110055,000000094103,1,3.79,3.79,0.00,0.00,S,,,USD,CC
70003310,03050,04,1,20250411,120212,000000093503,2,4.29,8.58,0.00,0.00,S,,,USD,DB
70003310,03050,04,2,20250411,120212,000000005012,1,3.99,3.99,0.00,0.00,S,,,USD,DB
70003310,03050,04,3,20250411,120212,000000094203,0.396,1.49,0.59,0.00,0.00,S,,,USD,DB
70003310,03050,04,4,20250411,120212,000004483002,3,3.49,10.47,0.00,0.65,S,,,USD,DB
70003310,03050,04,5,20250411,120212,000004481003,1,4.99,4.99,0.00,0.31,S,,,USD,DB
70003310,03050,04,6,20250411,120212,000000005102,1,5.49,5.49,0.00,0.00,S,,,USD,DB
70003311,03050,02,1,20250411,175127,000000562002,3,8.49,25.47,0.00,1.59,S,6080038457,,USD,DB
70003311,03050,02,2,20250411,175127,000000093322,1.907,1.99,3.79,0.00,0.00,S,6080038457,,USD,DB
70003311,03050,02,3,20250411,175127,000004471030,1,3.99,3.99,0.00,0.25,S,6080038457,,USD,DB
70003312,00317,01,1,20250411,155724,000004481003,3,6.79,20.37,6.79,0.85,S,6088457831,MB25W10,CAD,DB
70003313,00317,06,1,20250411,145100,000000020101,1,3.39,3.39,0.00,0.00,R,,,CAD,DB
70003314,00317,04,1,20250411,194016,000000552001,1,6.09,6.09,0.00,0.38,S,6029960653,,CAD,CS
70003314,00317,04,2,20250411,194016,000000040102,1.136,23.09,26.23,0.00,0.00,S,6029960653,,CAD,CS
70003315,00317,06,1,20250411,142610,000004481003,1,6.79,6.79,0.00,0.42,S,,,CAD,DB
70003315,00317,06,2,20250411,142610,000004472002,1,6.09,6.09,0.00,0.38,S,,,CAD,DB
70003315,00317,06,3,20250411,142610,000000093401,1.658,7.49,12.42,0.00,0.00,S,,,CAD,DB
70003315,00317,06,4,20250411,142610,000000030201,1,13.59,13.59,0.00,0.00,S,,,CAD,DB
70003316,00317,03,1,20250411,113037,000000020101,1,3.39,3.39,0.00,0.00,S,,,CAD,GC
70003316,00317,03,2,20250411,113037,000000020202,1,8.09,8.09,0.00,0.00,S,,,CAD,GC
70003317,00317,04,1,20250411,80722,000004482003,3,7.49,22.47,7.49,0.94,S,6086850745,MB25W10,CAD,CC
70003317,00317,04,2,20250411,80722,000004491001,3,3.39,10.17,0.00,0.64,S,6086850745,,CAD,CC
70003317,00317,04,3,20250411,80722,000000552001,1,6.09,6.09,0.00,0.38,S,6086850745,,CAD,CC
70003317,00317,04,4,20250411,80722,000000031102,0.995,27.19,27.05,0.00,0.00,S,6086850745,,CAD,CC
70003317,00317,04,5,20250411,80722,000004472002,1,6.09,6.09,0.00,0.38,S,6086850745,,CAD,CC
70003317,00317,04,6,20250411,80722,000000005020,1,6.09,6.09,0.00,0.00,S,6086850745,,CAD,CC
70003318,00317,04,1,20250411,204006,000004493002,1,5.39,5.39,0.00,0.34,S,,,CAD,CS
70003318,00317,04,2,20250411,204006,000000005101,3,10.89,32.67,0.00,0.00,S,,,CAD,CS
70003318,00317,04,3,20250411,204006,000004482003,3,7.49,22.47,7.49,0.94,S,,MB25W10,CAD,CS
70003319,00317,03,1,20250411,143057,000004483001,1,6.79,6.79,0.00,0.42,S,,,CAD,GC
70003319,00317,03,2,20250411,143057,000000005201,1,5.39,5.39,0.00,0.00,S,,,CAD,GC
70003319,00317,03,3,20250411,143057,000000551020,2,18.99,37.98,0.00,2.37,S,,,CAD,GC
70003320,00317,05,1,20250411,100653,000000551021,1,16.29,16.29,0.00,1.02,S,,,CAD,GC
70003320,00317,05,2,20250411,100653,000004472050,1,5.39,5.39,0.00,0.34,S,,,CAD,GC
70003320,00317,05,3,20250411,100653,000000093325,0.393,5.39,2.12,0.00,0.00,S,,,CAD,GC
70003320,00317,05,4,20250411,100653,000000005012,1,5.39,5.39,0.00,0.00,S,,,CAD,GC
70003321,00317,02,1,20250411,163613,000004483001,1,6.79,6.79,0.00,0.42,S,,,CAD,CC
70003321,00317,02,2,20250411,163613,000000005013,1,5.29,5.29,0.00,0.00,S,,,CAD,CC
70003322,01042,05,1,20250412,110218,000004472002,1,4.49,4.49,0.00,0.28,S,,,USD,CC
70003323,01042,02,1,20250412,74434,000000005012,1,3.99,3.99,0.00,0.00,S,6043553795,,USD,CC
70003323,01042,02,2,20250412,74434,000004482003,1,5.49,5.49,0.00,0.34,S,6043553795,,USD,CC
70003324,01042,06,1,20250412,72731,000000093501,1,4.49,4.49,0.00,0.00,S,,,USD,DB
70003324,01042,06,2,20250412,72731,000000005301,2,5.49,10.98,0.00,0.00,S,,,USD,DB
70003324,01042,06,3,20250412,72731,000004471024,3,3.49,10.47,0.00,0.65,S,,,USD,DB
70003324,01042,06,4,20250412,72731,000000094203,2.028,1.49,3.02,0.00,0.00,S,,,USD,DB
70003324,01042,06,5,20250412,72731,000004491003,1,1.99,1.99,0.00,0.12,S,,,USD,DB
70003325,01042,02,1,20250412,100021,000004472003,1,3.29,3.29,0.00,0.21,S,,,USD,CC
70003325,01042,02,2,20250412,100021,000004482001,1,13.99,13.99,0.00,0.87,S,,,USD,CC
70003325,01042,02,3,20250412,100021,000000005012,1,3.99,3.99,0.00,0.00,S,,,USD,CC
70003325,01042,02,4,20250412,100021,000000040102,1.445,16.99,24.55,0.00,0.00,S,,,USD,CC
70003325,01042,02,5,20250412,100021,000000562001,1,10.99,10.99,0.00,0.69,S,,,USD,CC
70003326,01042,02,1,20250412,71017,000000005202,1,5.99,5.99,0.00,0.00,S,6022010912,,USD,DB
70003326,01042,02,2,20250412,71017,000000562002,1,8.49,8.49,0.00,0.53,S,6022010912,,USD,DB
70003326,01042,02,3,20250412,71017,000000040203,3,11.99,35.97,5.40,0.00,S,6022010912,LY25W10,USD,DB
70003326,01042,02,4,20250412,71017,000004473003,1,3.49,3.49,0.00,0.22,S,6022010912,,USD,DB
70003326,01042,02,5,20250412,71017,000000020201,3,5.49,16.47,5.49,0.00,S,6022010912,MB25W10,USD,DB
70003326,01042,02,6,20250412,71017,000004472001,1,3.99,3.99,0.00,0.25,S,6022010912,,USD,DB
70003327,01042,01,1,20250412,134145,000000005201,1,3.99,3.99,0.00,0.00,S,,,USD,DB
70003327,01042,01,2,20250412,134145,000004473001,1,2.99,2.99,0.00,0.19,S,,,USD,DB
70003327,01042,01,3,20250412,134145,000000093321,0.943,1.49,1.41,0.00,0.00,S,,,USD,DB
70003328,01042,02,1,20250412,80449,000004471023,1,3.49,3.49,0.00,0.22,S,,,USD,DB
70003328,01042,02,2,20250412,80449,000000040101,0.485,18.99,9.21,0.00,0.00,S,,,USD,DB
70003328,01042,02,3,20250412,80449,000004491003,1,1.99,1.99,0.00,0.12,S,,,USD,DB
70003328,01042,02,4,20250412,80449,000000020202,2,5.99,11.98,0.00,0.00,S,,,USD,DB
70003329,01042,06,1,20250412,214629,000000094201,1.097,1.69,1.85,0.00,0.00,S,,,USD,DB
70003330,01042,05,1,20250412,173856,000000005201,1,3.99,3.99,0.00,0.00,S,6034118822,,USD,CS
70003330,01042,05,2,20250412,173856,000000561001,1,9.99,9.99,0.00,0.62,S,6034118822,,USD,CS
70003330,01042,05,3,20250412,173856,000004471024,1,3.49,3.49,0.00,0.22,S,6034118822,,USD,CS
70003330,01042,05,4,20250412,173856,000000020101,1,2.49,2.49,0.00,0.00,S,6034118822,,USD,CS
70003331,01042,01,1,20250412,100926,000000094203,1.311,1.49,1.95,0.00,0.00,S,,,USD,DB
70003331,01042,01,2,20250412,100926,000000552002,1,3.99,3.99,0.00,0.25,S,,,USD,DB
70003331,01042,01,3,20250412,100926,000000093402,1.158,3.29,3.81,0.00,0.00,S,,,USD,DB
70003331,01042,01,4,20250412,100926,000000005013,1,3.89,3.89,0.00,0.00,S,,,USD,DB
70003331,01042,01,5,20250412,100926,000000562001,2,10.99,21.98,0.00,1.37,S,,,USD,DB
70003331,01042,01,6,20250412,100926,000004472002,1,4.49,4.49,0.00,0.28,S,,,USD,DB
70003332,01107,03,1,20250412,110233,000000020201,1,5.49,5.49,0.00,0.00,S,,,USD,CC
70003332,01107,03,2,20250412,110233,000004491002,1,6.99,6.99,0.00,0.44,S,,,USD,CC
70003332,01107,03,3,20250412,110233,000004472002,1,4.49,4.49,0.00,0.28,S,,,USD,CC
70003332,01107,03,4,20250412,110233,000004481003,1,4.99,4.99,0.00,0.31,S,,,USD,CC
70003332,01107,03,5,20250412,110233,000004473003,1,3.49,3.49,0.00,0.22,S,,,USD,CC
70003332,01107,03,6,20250412,110233,000004472003,1,3.29,3.29,0.00,0.21,S,,,USD,CC
70003333,01107,03,1,20250412,140801,000000020101,1,2.49,2.49,0.00,0.00,S,6012075011,,USD,CC
70003333,01107,03,2,20250412,140801,000000094202,0.686,1.99,1.37,0.00,0.00,S,6012075011,,USD,CC
70003334,01107,01,1,20250412,145355,000000005201,1,3.99,3.99,0.00,0.00,S,,,USD,CC
70003335,02210,02,1,20250412,181250,000004472003,1,3.29,3.29,0.00,0.21,S,,,USD,DB
70003335,02210,02,2,20250412,181250,000000005012,1,3.99,3.99,0.00,0.00,S,,,USD,DB
70003336,02210,01,1,20250412,215622,000004481003,2,4.99,9.98,0.00,0.62,S,6082683230,,USD,DB
70003336,02210,01,2,20250412,215622,000004471023,1,3.49,3.49,0.00,0.22,S,6082683230,,USD,DB
70003337,02210,06,1,20250412,173205,000004472001,1,3.99,3.99,0.00,0.25,S,,,USD,DB
70003337,02210,06,2,20250412,173205,000000040201,2,8.99,17.98,0.00,0.00,S,,,USD,DB
70003337,02210,06,3,20250412,173205,000000005013,1,3.89,3.89,0.00,0.00,S,,,USD,DB
70003337,02210,06,4,20250412,173205,000000005101,2,7.99,15.98,0.00,0.00,S,,,USD,DB
70003337,02210,06,5,20250412,173205,000000020103,1,4.99,4.99,0.00,0.00,S,,,USD,DB
70003338,02210,06,1,20250412,83227,000000005103,1,6.99,6.99,0.00,0.00,S,,,USD,DB
70003338,02210,06,2,20250412,83227,000000040201,1,8.99,8.99,0.00,0.00,S,,,USD,DB
70003338,02210,06,3,20250412,83227,000004473003,1,3.49,3.49,0.00,0.22,S,,,USD,DB
70003338,02210,06,4,20250412,83227,000004481002,1,7.99,7.99,0.00,0.50,S,,,USD,DB
70003339,02210,02,1,20250412,71044,000004493001,1,5.49,5.49,0.00,0.34,S,,,USD,GC
70003339,02210,02,2,20250412,71044,000004471030,1,3.99,3.99,0.00,0.25,S,,,USD,GC
70003339,02210,02,3,20250412,71044,000000562001,1,10.99,10.99,0.00,0.69,S,,,USD,GC
70003339,02210,02,4,20250412,71044,000000005302,1,3.49,3.49,0.00,0.00,S,,,USD,GC
70003339,02210,02,5,20250412,71044,000000561001,2,9.99,19.98,0.00,1.25,S,,,USD,GC
70003339,02210,02,6,20250412,71044,000000561001,1,9.99,9.99,0.00,0.62,S,,,USD,GC
70003340,02210,04,1,20250412,121822,000004482002,1,17.99,17.99,0.00,1.12,S,6040679176,,USD,DB
70003340,02210,04,2,20250412,121822,000004472001,1,3.99,3.99,0.00,0.25,S,6040679176,,USD,DB
70003340,02210,04,3,20250412,121822,000000005012,1,3.99,3.99,0.00,0.00,S,6040679176,,USD,DB
70003340,02210,04,4,20250412,121822,000000040102,0.575,16.99,9.77,0.00,0.00,S,6040679176,,USD,DB
70003341,02210,03,1,20250412,73202,000004473003,1,3.49,3.49,0.00,0.22,S,,,USD,DB
70003341,02210,03,2,20250412,73202,000000551021,1,11.99,11.99,0.00,0.75,S,,,USD,DB
70003342,02210,01,1,20250412,161302,000004471024,2,3.49,6.98,0.00,0.44,S,6037281793,,USD,CC
70003342,02210,01,2,20250412,161302,000000561002,1,7.49,7.49,0.00,0.47,S,6037281793,,USD,CC
70003343,02210,04,1,20250412,112853,000000030202,1,11.49,11.49,0.00,0.00,S,6018129826,,USD,GC
70003343,02210,04,2,20250412,112853,000000040203,1,11.99,11.99,1.80,0.00,S,6018129826,LY25W10,USD,GC
70003344,02210,06,1,20250412,141803,000000093321,0.831,1.49,1.24,0.00,0.00,S,,,USD,CC
70003345,02210,02,1,20250412,183819,000004493002,3,3.99,11.97,0.00,0.75,S,,,USD,GC
70003345,02210,02,2,20250412,183819,000000094101,1,3.99,3.99,0.00,0.00,S,,,USD,GC
70003345,02210,02,3,20250412,183819,000000094203,1.715,1.49,2.56,0.00,0.00,S,,,USD,GC
70003345,02210,02,4,20250412,183819,000000005012,2,3.99,7.98,0.00,0.00,S,,,USD,GC
70003345,02210,02,5,20250412,183819,000000094201,0.926,1.69,1.56,0.00,0.00,S,,,USD,GC
70003345,02210,02,6,20250412,183819,000000005012,1,3.99,3.99,0.00,0.00,S,,,USD,GC
70003346,02210,01,1,20250412,152411,000000561002,1,7.49,7.49,0.00,0.47,S,6003930870,,USD,CC
70003347,02210,04,1,20250412,145050,000004481003,3,4.99,14.97,4.99,0.62,S,,MB25W10,USD,CC
70003348,02211,03,1,20250412,202741,000004471040,1,2.49,2.49,0.00,0.16,S,6039080882,,USD,CS
70003348,02211,03,2,20250412,202741,000004472002,1,4.49,4.49,0.00,0.28,S,6039080882,,USD,CS
70003348,02211,03,3,20250412,202741,000004482003,1,5.49,5.49,0.00,0.34,S,6039080882,,USD,CS
70003348,02211,03,4,20250412,202741,000000020102,1,3.49,3.49,0.00,0.00,S,6039080882,,USD,CS
70003349,02211,04,1,20250412,210505,000000040101,1.565,18.99,29.72,0.00,0.00,S,6054384046,,USD,DB
70003350,02211,02,1,20250412,74710,000004481002,1,7.99,7.99,0.00,0.50,S,,,USD,DB
70003351,02211,06,1,20250412,201724,000000005201,1,3.99,3.99,0.00,0.00,S,,,USD,DB
70003351,02211,06,2,20250412,201724,000000005020,2,4.49,8.98,0.00,0.00,S,,,USD,DB
70003352,02211,06,1,20250412,94415,000004483001,1,4.99,4.99,0.00,0.31,S,6006436110,,USD,GC
70003352,02211,06,2,20250412,94415,000000552001,2,4.49,8.98,0.00,0.56,S,6006436110,,USD,GC
70003353,02305,01,1,20250412,71548,000004473003,1,3.49,3.49,0.00,0.22,S,6083253817,,USD,DB
70003354,02305,06,1,20250412,113034,000000093410,1.211,3.99,4.83,0.00,0.00,S,,,USD,DB
70003355,02305,01,1,20250412,114504,000000093322,1.060,1.99,2.11,0.00,0.00,S,,,USD,DB
70003356,02305,02,1,20250412,175141,000004491001,1,2.49,2.49,0.00,0.16,S,6072870320,,USD,DB
70003356,02305,02,2,20250412,175141,000000030103,1,8.99,8.99,0.00,0.00,S,6072870320,,USD,DB
70003356,02305,02,3,20250412,175141,000000031102,1.646,19.99,32.90,0.00,0.00,S,6072870320,,USD,DB
70003356,02305,02,4,20250412,175141,000004482002,1,17.99,17.99,0.00,1.12,S,6072870320,,USD,DB
70003356,02305,02,5,20250412,175141,000000094101,1,3.99,3.99,0.00,0.00,S,6072870320,,USD,DB
70003357,02305,04,1,20250412,213714,000000093503,1,4.29,4.29,0.00,0.00,S,6070653794,,USD,DB
70003357,02305,04,2,20250412,213714,000004481003,3,4.99,14.97,4.99,0.62,S,6070653794,MB25W10,USD,DB
70003357,02305,04,3,20250412,213714,000004472003,1,3.29,3.29,0.00,0.21,S,6070653794,,USD,DB
70003358,02305,02,1,20250412,115504,000000094203,0.926,1.49,1.38,0.21,0.00,S,6080172260,LY25W10,USD,GC
70003359,02305,02,1,20250412,132927,000004471030,1,3.99,3.99,0.00,0.25,S,6071136337,,USD,CC
70003359,02305,02,2,20250412,132927,000000020103,2,4.99,9.98,0.00,0.00,S,6071136337,,USD,CC
70003359,02305,02,3,20250412,132927,000000005012,1,3.99,3.99,0.00,0.00,S,6071136337,,USD,CC
70003359,02305,02,4,20250412,132927,000004493001,1,5.49,5.49,0.00,0.34,S,6071136337,,USD,CC
70003359,02305,02,5,20250412,132927,000004491002,1,6.99,6.99,0.00,0.44,S,6071136337,,USD,CC
70003359,02305,02,6,20250412,132927,000000040203,1,11.99,11.99,1.80,0.00,S,6071136337,LY25W10,USD,CC
70003360,02305,04,1,20250412,175640,000000005013,1,3.89,3.89,0.00,0.00,S,6045593766,,USD,CC
70003360,02305,04,2,20250412,175640,000000030201,1,9.99,9.99,0.00,0.00,S,6045593766,,USD,CC
70003361,02305,04,1,20250412,174939,000000094203,1.175,1.49,1.75,0.00,0.00,S,,,USD,CC
70003361,02305,04,2,20250412,174939,000000552002,1,3.99,3.99,0.00,0.25,S,,,USD,CC
70003361,02305,04,3,20250412,174939,000000093503,1,4.29,4.29,0.00,0.00,S,,,USD,CC
70003361,02305,04,4,20250412,174939,000004493002,2,3.99,7.98,0.00,0.50,S,,,USD,CC
70003362,02305,02,1,20250412,181925,000004481003,3,4.99,14.97,4.99,0.62,S,,MB25W10,USD,CC
70003362,02305,02,2,20250412,181925,000000093410,1.999,3.99,7.98,0.00,0.00,S,,,USD,CC
70003362,,02,3,20250412,181925,000004471024,1,3.49,3.49,0.00,0.22,S,,,USD,CC
70003363,02305,01,1,20250412,171129,000004482001,1,13.99,13.99,0.00,0.87,S,,,USD,DB
70003363,02305,01,2,20250412,171129,000004491003,1,1.99,1.99,0.00,0.12,S,,,USD,DB
70003363,02305,01,3,20250412,171129,000000562001,2,10.99,21.98,0.00,1.37,S,,,USD,DB
70003363,02305,01,4,20250412,171129,000000030202,1,11.49,11.49,0.00,0.00,S,,,USD,DB
70003363,02305,01,5,20250412,171129,000004492003,1,2.29,2.29,0.00,0.14,S,,,USD,DB
70003363,02305,01,6,20250412,171129,000000093325,0.762,3.99,3.04,0.00,0.00,S,,,USD,DB
70003364,02305,06,1,20250412,151530,000000040102,1.352,16.99,22.97,0.00,0.00,S,6067932798,,USD,CC
70003364,02305,06,2,20250412,151530,000000094203,1.615,1.49,2.41,0.36,0.00,S,6067932798,LY25W10,USD,CC
70003365,02305,04,1,20250412,72017,000004493002,1,3.99,3.99,0.00,0.25,S,,,USD,DB
70003365,02305,04,2,20250412,72017,000004482003,3,5.49,16.47,5.49,0.69,S,,MB25W10,USD,DB
70003365,02305,04,3,20250412,72017,000000093401,0.683,5.49,3.75,0.00,0.00,S,,,USD,DB
70003365,02305,04,4,20250412,72017,000004483001,1,4.99,4.99,0.00,0.31,S,,,USD,DB
70003365,02305,04,5,20250412,72017,000000030101,1,6.99,6.99,0.00,0.00,S,,,USD,DB
70003366,02305,06,1,20250412,133340,000000093502,1,3.99,3.99,0.00,0.00,S,,,USD,CC
70003367,02305,02,1,20250412,155235,000004472002,1,4.49,4.49,0.00,0.28,R,6085654310,,USD,CC
70003368,02305,02,1,20250412,162850,000004492003,1,2.29,2.29,0.00,0.14,S,6030347786,,USD,DB
70003368,02305,02,2,20250412,162850,000004492003,1,2.29,2.29,0.00,0.14,S,6030347786,,USD,DB
70003368,02305,02,3,20250412,162850,000004481002,1,7.99,7.99,0.00,0.50,S,6030347786,,USD,DB
70003368,02305,02,4,20250412,162850,000004482003,3,5.49,16.47,5.49,0.69,S,6030347786,MB25W10,USD,DB
70003369,02305,04,1,20250412,95507,000000040201,2,8.99,17.98,0.00,0.00,S,,,USD,CC
70003369,02305,04,2,20250412,95507,000004491001,1,2.49,2.49,0.00,0.16,S,,,USD,CC
70003369,02305,04,3,20250412,95507,000004481002,1,7.99,7.99,0.00,0.50,S,,,USD,CC
70003369,02305,04,4,20250412,95507,000004481003,3,4.99,14.97,4.99,0.62,S,,MB25W10,USD,CC
70003370,02305,01,1,20250412,201603,000000005020,1,4.49,4.49,0.00,0.00,S,,,USD,DB
70003370,02305,01,2,20250412,201603,000000562002,1,8.49,8.49,0.00,0.53,S,,,USD,DB
70003370,02305,01,3,20250412,201603,000004471024,2,3.49,6.98,0.00,0.44,S,,,USD,DB
70003371,02305,05,1,20250412,164216,000004471030,1,3.99,3.99,0.00,0.25,S,6032106133,,USD,GC
70003371,02305,05,2,20250412,164216,000000094302,0.357,5.49,1.96,0.00,0.00,S,6032106133,,USD,GC
70003371,02305,05,3,20250412,164216,000000031101,1.009,24.99,25.21,0.00,0.00,S,6032106133,,USD,GC
70003372,02305,01,1,20250412,114222,000000005301,1,5.49,5.49,0.00,0.00,S,,,USD,GC
70003372,02305,01,2,20250412,114222,000000040102,0.430,16.99,7.31,0.00,0.00,S,,,USD,GC
70003373,02305,06,1,20250412,92039,000004483001,1,4.99,4.99,0.00,0.31,S,,,USD,CS
70003373,02305,06,2,20250412,92039,000004473003,1,3.49,3.49,0.00,0.22,S,,,USD,CS
70003373,02305,06,3,20250412,92039,000000093321,1.655,1.49,2.47,0.00,0.00,S,,,USD,CS
70003373,02305,06,4,20250412,92039,000004492001,1,1.79,1.79,0.00,0.11,S,,,USD,CS
70003373,02305,06,5,20250412,92039,000000005102,1,5.49,5.49,0.00,0.00,S,,,USD,CS
70003374,03050,05,1,20250412,103630,000000093503,2,4.29,8.58,0.00,0.00,S,6012382965,,USD,CC
70003374,03050,05,2,20250412,103630,000004483001,1,4.99,4.99,0.00,0.31,S,6012382965,,USD,CC
70003374,03050,05,3,20250412,103630,000000040101,0.295,18.99,5.60,0.00,0.00,S,6012382965,,USD,CC
70003375,03050,05,1,20250412,181101,000000094102,1,3.49,3.49,0.00,0.00,S,6062053364,,USD,CS
70003375,03050,05,2,20250412,181101,000000040102,2.031,16.99,34.51,0.00,0.00,S,6062053364,,USD,CS
70003376,03050,01,1,20250412,152452,000000552001,1,4.49,4.49,0.00,0.28,S,6071175957,,USD,GC
70003376,03050,01,2,20250412,152452,000000040202,2,14.99,29.98,0.00,0.00,S,6071175957,,USD,GC
70003377,03050,04,1,20250412,192203,000000005201,2,3.99,7.98,0.00,0.00,S,,,USD,CC
70003377,03050,04,2,20250412,192203,000004492001,1,1.79,1.79,0.00,0.11,S,,,USD,CC
70003377,03050,04,3,20250412,192203,000004482003,1,5.49,5.49,0.00,0.34,S,,,USD,CC
70003378,03050,02,1,20250412,205807,000000552002,1,3.99,3.99,0.00,0.25,S,,,USD,CC
70003378,03050,02,2,20250412,205807,000000005102,1,5.49,5.49,0.00,0.00,S,,,USD,CC
70003378,03050,02,3,20250412,205807,000004471023,1,3.49,3.49,0.00,0.22,S,,,USD,CC
70003378,03050,02,4,20250412,205807,000004482003,1,5.49,5.49,0.00,0.34,S,,,USD,CC
70003379,03050,02,1,20250412,102930,000004491001,1,2.49,2.49,0.00,0.16,S,6055411082,,USD,CC
70003380,03050,05,1,20250412,143733,000000094102,1,3.49,3.49,0.00,0.00,S,,,USD,CC
70003380,03050,05,2,20250412,143733,000000040203,2,11.99,23.98,0.00,0.00,S,,,USD,CC
70003380,03050,05,3,20250412,143733,000000005102,1,5.49,5.49,0.00,0.00,S,,,USD,CC
70003381,03050,04,1,20250412,182315,000000093321,0.595,1.49,0.89,0.00,0.00,S,,,USD,CS
70003381,03050,04,2,20250412,182315,000000093325,0.379,3.99,1.51,0.00,0.00,S,,,USD,CS
70003381,03050,04,3,20250412,182315,000000020201,3,5.49,16.47,5.49,0.00,S,,MB25W10,USD,CS
70003381,03050,04,4,20250412,182315,000000093502,1,3.99,3.99,0.00,0.00,S,,,USD,CS
70003381,03050,04,5,20250412,182315,000000093410,1.143,3.99,4.56,0.00,0.00,S,,,USD,CS
70003381,03050,04,6,20250412,182315,000000093501,1,4.49,4.49,0.00,0.00,S,,,USD,CS
70003382,03050,01,1,20250412,203753,000000005101,1,7.99,7.99,0.00,0.00,S,6058891444,,USD,CS
70003382,03050,01,2,20250412,203753,000000020102,1,3.49,3.49,0.00,0.00,S,6058891444,,USD,CS
70003382,03050,01,3,20250412,203753,000000562002,1,8.49,8.49,0.00,0.53,S,6058891444,,USD,CS
70003383,03050,04,1,20250412,210556,000000005201,1,3.99,3.99,0.00,0.00,S,,,USD,CC
70003383,03050,04,2,20250412,210556,000004483002,3,3.49,10.47,0.00,0.65,S,,,USD,CC
70003383,03050,04,3,20250412,210556,000000094301,2.142,4.39,9.40,0.00,0.00,S,,,USD,CC
70003384,03050,05,1,20250412,85546,000000005012,1,3.99,3.99,0.00,0.00,S,,,USD,GC
70003384,03050,05,2,20250412,85546,000000093325,1.785,3.99,7.12,0.00,0.00,S,,,USD,GC
70003384,03050,05,3,20250412,85546,000004492002,2,1.49,2.98,0.00,0.19,S,,,USD,GC
70003385,03050,01,1,20250412,132741,000000005302,1,3.49,3.49,0.00,0.00,S,,,USD,DB
70003385,03050,01,2,20250412,132741,000000020201,3,5.49,16.47,5.49,0.00,S,,MB25W10,USD,DB
70003386,03050,01,1,20250412,152617,000004471030,1,3.99,3.99,0.00,0.25,S,6036374545,,USD,CC
70003386,03050,01,2,20250412,152617,000004471023,1,3.49,3.49,0.00,0.22,S,6036374545,,USD,CC
70003386,03050,01,3,20250412,152617,000000005302,1,3.49,3.49,0.00,0.00,S,6036374545,,USD,CC
70003387,00317,01,1,20250412,94939,000000020201,3,7.49,22.47,7.49,0.00,S,,MB25W10,CAD,CS
70003388,00317,03,1,20250412,120937,000000005103,1,9.49,9.49,0.00,0.00,S,6074064930,,CAD,DB
70003388,00317,03,2,20250412,120937,000004471024,1,4.69,4.69,0.00,0.29,S,6074064930,,CAD,DB
70003388,00317,03,3,20250412,120937,000000093502,1,5.39,5.39,0.00,0.00,S,6074064930,,CAD,DB
70003389,00317,01,1,20250412,173900,000000005102,1,7.49,7.49,0.00,0.00,S,,,CAD,CC
70003390,00317,03,1,20250412,93910,000000005101,1,10.89,10.89,0.00,0.00,S,,,CAD,GC
70003390,00317,03,2,20250412,93910,000004481003,1,6.79,6.79,0.00,0.42,S,,,CAD,GC
70003391,00317,06,1,20250412,93745,000004482003,1,7.49,7.49,0.00,0.47,S,,,CAD,CC
70003391,00317,06,2,20250412,93745,000000093401,0.350,7.49,2.62,0.00,0.00,S,,,CAD,CC
70003392,00317,04,1,20250412,74240,000000561002,1,10.19,10.19,0.00,0.64,S,6053544439,,CAD,CS
70003392,00317,04,2,20250412,74240,000000094302,1.256,7.49,9.41,0.00,0.00,S,6053544439,,CAD,CS
70003392,00317,04,3,20250412,74240,000004483002,1,4.69,4.69,0.00,0.29,S,6053544439,,CAD,CS
70003393,00317,04,1,20250412,150913,000000551020,1,18.99,18.99,0.00,1.19,S,,,CAD,DB
70003394,00317,03,1,20250412,173036,000000094203,0.686,1.99,1.37,0.00,0.00,S,,,CAD,DB
70003395,00317,01,1,20250412,121535,000000093502,1,5.39,5.39,0.00,0.00,S,,,CAD,CC
70003395,00317,01,2,20250412,121535,000004493002,1,5.39,5.39,0.00,0.34,S,,,CAD,CC
70003396,01042,04,1,20250413,180019,000000005302,1,3.49,3.49,0.00,0.00,S,6073477848,,USD,GC
70003397,01042,06,1,20250413,103247,000004473002,1,2.79,2.79,0.00,0.17,S,6088117298,,USD,CC
70003398,01042,06,1,20250413,140023,000004492001,1,1.79,1.79,0.00,0.11,S,6072959639,,USD,DB
70003398,01042,06,2,20250413,140023,000004493002,2,3.99,7.98,1.20,0.42,S,6072959639,LY25W10,USD,DB
70003399,01107,03,1,20250413,101258,000004481001,2,7.99,15.98,0.00,1.00,S,6031260432,,USD,DB
70003400,01107,04,1,20250413,212947,000004473001,1,2.99,2.99,0.00,0.19,S,,,USD,DB
70003401,01107,06,1,20250413,165705,000000020103,1,4.99,4.99,0.00,0.00,S,6028497185,,USD,CC
70003401,01107,06,2,20250413,165705,000004471024,2,3.49,6.98,0.00,0.44,S,6028497185,,USD,CC
70003402,01107,01,1,20250413,82317,000000094203,2.040,1.49,3.04,0.00,0.00,S,,,USD,GC
70003403,01107,01,1,20250413,132801,000000020103,2,4.99,9.98,0.00,0.00,S,,,USD,CS
70003403,01107,01,2,20250413,132801,000004482001,2,13.99,27.98,0.00,1.75,S,,,USD,CS
70003403,01107,01,3,20250413,132801,000004492001,1,1.79,1.79,0.00,0.11,S,,,USD,CS
70003404,01107,02,1,20250413,75026,000000005201,1,3.99,3.99,0.00,0.00,S,,,USD,DB
70003404,01107,02,2,20250413,75026,000000040203,1,11.99,11.99,0.00,0.00,S,,,USD,DB
70003404,01107,02,3,20250413,75026,000004473001,1,2.99,2.99,0.00,0.19,S,,,USD,DB
70003404,01107,02,4,20250413,75026,000004471023,1,3.49,3.49,0.00,0.22,S,,,USD,DB
70003404,01107,02,5,20250413,75026,000000020101,1,2.49,2.49,0.00,0.00,S,,,USD,DB
70003404,01107,02,6,20250413,75026,000000005012,1,3.99,3.99,0.00,0.00,S,,,USD,DB
70003405,02210,01,1,20250413,121718,000004492001,3,1.79,5.37,1.79,0.22,S,,MB25W11,USD,GC
70003405,02210,01,2,20250413,121718,000004472001,1,3.99,3.99,0.00,0.25,S,,,USD,GC
70003406,02210,02,1,20250413,210204,000004492001,3,1.79,5.37,1.79,0.22,S,,MB25W11,USD,CC
70003406,02210,02,2,20250413,210204,000000030103,1,8.99,8.99,0.00,0.00,S,,,USD,CC
70003406,02210,02,3,20250413,210204,000000093410,1.719,3.99,6.86,0.00,0.00,S,,,USD,CC
70003407,02210,02,1,20250413,124454,000000005201,1,3.99,3.99,0.00,0.00,S,6036371892,,USD,DB
70003408,02210,05,1,20250413,100828,000000040202,1,14.99,14.99,0.00,0.00,S,,,USD,DB
70003408,02210,05,2,20250413,100828,000004473001,1,2.99,2.99,0.00,0.19,S,,,USD,DB
70003409,02210,03,1,20250413,174702,000004473002,1,2.79,2.79,0.00,0.17,S,6076153966,,USD,CS
70003409,02210,03,2,20250413,174702,000000094201,0.309,1.69,0.52,0.00,0.00,S,6076153966,,USD,CS
70003410,02210,04,1,20250413,174958,000000093502,1,3.99,3.99,0.00,0.00,S,,,USD,DB
70003410,02210,04,2,20250413,174958,000000005301,1,5.49,5.49,0.00,0.00,S,,,USD,DB
70003410,02210,04,3,20250413,174958,000000093321,0.499,1.49,0.74,0.00,0.00,S,,,USD,DB
70003411,02210,03,1,20250413,105911,000000093402,1.420,3.29,4.67,0.00,0.00,R,,,USD,CC
70003412,02210,01,1,20250413,190412,000000020103,3,4.99,14.97,4.99,0.00,S,6052866929,MB25W11,USD,DB
70003412,02210,01,2,20250413,190412,000000040201,1,8.99,8.99,0.00,0.00,S,6052866929,,USD,DB
70003412,02210,01,3,20250413,190412,000000020203,1,6.49,6.49,0.00,0.00,S,6052866929,,USD,DB
70003412,02210,01,4,20250413,190412,000000093501,1,4.49,4.49,0.00,0.00,S,6052866929,,USD,DB
70003412,02210,01,5,20250413,190412,000000005301,1,5.49,5.49,0.00,0.00,S,6052866929,,USD,DB
70003412,02210,01,6,20250413,190412,000000094301,1.419,4.39,6.23,0.00,0.00,S,6052866929,,USD,DB
70003413,02210,06,1,20250413,185820,000000094202,1.055,1.99,2.10,0.00,0.00,S,,,USD,CC
70003413,02210,06,2,20250413,185820,000004473001,1,2.99,2.99,0.00,0.19,S,,,USD,CC
70003414,02211,06,1,20250413,204219,000000093502,1,3.99,3.99,0.00,0.00,S,,,USD,CS
70003415,02211,01,1,20250413,104801,000004483002,2,3.49,6.98,0.00,0.44,S,,,USD,CC
70003415,02211,01,2,20250413,104801,000000020203,1,6.49,6.49,0.00,0.00,S,,,USD,CC
70003416,02211,01,1,20250413,123344,000000020103,3,4.99,14.97,4.99,0.00,S,6050618538,MB25W11,USD,DB
70003416,02211,01,2,20250413,123344,000000040102,1.478,16.99,25.11,0.00,0.00,S,6050618538,,USD,DB
70003416,02211,01,3,20250413,123344,000004482001,1,13.99,13.99,0.00,0.87,S,6050618538,,USD,DB
70003417,02211,06,1,20250413,155916,000004493002,1,3.99,3.99,0.00,0.25,S,,,USD,DB
70003418,02211,05,1,20250413,95444,000000094103,1,3.79,3.79,0.00,0.00,S,,,USD,GC
70003419,02211,02,1,20250413,102705,000000040101,1.062,18.99,20.17,0.00,0.00,S,,,USD,CC
70003420,02305,05,1,20250413,182519,000004492001,3,1.79,5.37,1.79,0.22,S,,MB25W11,USD,CC
70003420,02305,05,2,20250413,182519,000004472002,1,4.49,4.49,0.00,0.28,S,,,USD,CC
70003420,02305,05,3,20250413,182519,000000020201,1,5.49,5.49,0.00,0.00,S,,,USD,CC
70003420,02305,05,4,20250413,182519,000004491001,1,2.49,2.49,0.00,0.16,S,,,USD,CC
70003420,02305,05,5,20250413,182519,000000093401,0.252,5.49,1.38,0.00,0.00,S,,,USD,CC
70003421,02305,02,1,20250413,72509,000004471030,1,3.99,3.99,0.00,0.25,S,,,USD,DB
70003421,02305,02,2,20250413,72509,000000020101,2,2.49,4.98,0.00,0.00,S,,,USD,DB
70003421,02305,02,3,20250413,72509,000000093325,1.007,3.99,4.02,0.00,0.00,S,,,USD,DB
70003422,02305,06,1,20250413,130341,000000040202,1,14.99,14.99,0.00,0.00,S,6059996504,,USD,GC
70003422,02305,06,2,20250413,130341,000000093410,1.281,3.99,5.11,0.00,0.00,S,6059996504,,USD,GC
70003422,02305,06,3,20250413,130341,000000093325,1.822,3.99,7.27,0.00,0.00,S,6059996504,,USD,GC
70003423,02305,02,1,20250413,95240,000000093501,1,4.49,4.49,0.00,0.00,S,6076297454,,USD,GC
70003423,02305,02,2,20250413,95240,000004471024,2,3.49,6.98,0.00,0.44,S,6076297454,,USD,GC
70003423,02305,02,3,20250413,95240,000004492001,3,1.79,5.37,1.79,0.22,S,6076297454,MB25W11,USD,GC
70003423,02305,02,4,20250413,95240,000000005302,1,3.49,3.49,0.00,0.00,S,6076297454,,USD,GC
70003423,02305,02,5,20250413,95240,000004481002,1,7.99,7.99,0.00,0.50,S,6076297454,,USD,GC
70003424,02305,04,1,20250413,70256,000000040203,1,11.99,11.99,1.80,0.00,S,6080635651,LY25W10,USD,CC
70003424,02305,04,2,20250413,70256,000000040102,2.128,16.99,36.15,0.00,0.00,S,6080635651,,USD,CC
70003424,02305,04,3,20250413,70256,000000552001,1,4.49,4.49,0.00,0.28,S,6080635651,,USD,CC
70003424,02305,04,4,20250413,70256,000000094302,2.160,5.49,11.86,0.00,0.00,S,6080635651,,USD,CC
70003425,02305,04,1,20250413,173955,000000005201,1,3.99,3.99,0.00,0.00,S,,,USD,CC
70003425,02305,04,2,20250413,173955,000000094302,1.337,5.49,7.34,0.00,0.00,S,,,USD,CC
70003426,02305,01,1,20250413,71253,000000030101,2,6.99,13.98,0.00,0.00,S,,,USD,CC
70003426,02305,01,2,20250413,71253,000000562001,1,10.99,10.99,0.00,0.69,S,,,USD,CC
70003426,02305,01,3,20250413,71253,000000005101,1,7.99,7.99,0.00,0.00,S,,,USD,CC
70003427,02305,01,1,20250413,132915,000000005012,1,3.99,3.99,0.00,0.00,S,,,USD,DB
70003428,02305,03,1,20250413,72203,000004491002,1,6.99,6.99,0.00,0.44,S,,,USD,CS
70003428,02305,03,2,20250413,72203,000000020102,1,3.49,3.49,0.00,0.00,S,,,USD,CS
70003429,00317,02,1,20250413,205936,000000040101,1.918,25.79,49.47,0.00,0.00,S,,,CAD,DB
70003430,00317,03,1,20250413,113510,000004491001,2,3.39,6.78,0.00,0.42,S,,,CAD,DB
70003431,00317,03,1,20250413,212731,000000031102,2.164,27.19,58.84,0.00,0.00,S,,,CAD,DB
70003431,00317,03,2,20250413,212731,000000040203,1,16.29,16.29,0.00,0.00,S,,,CAD,DB
70003431,00317,03,3,20250413,212731,000000005302,1,4.69,4.69,0.00,0.00,S,,,CAD,DB
70003431,00317,03,4,20250413,212731,000000005013,1,5.29,5.29,0.00,0.00,S,,,CAD,DB
70003431,00317,03,5,20250413,212731,000004481003,2,6.79,13.58,0.00,0.85,S,,,CAD,DB
70003432,00317,03,1,20250413,122321,000000005103,1,9.49,9.49,0.00,0.00,S,,,CAD,CS
70003432,00317,03,2,20250413,122321,000000030201,1,13.59,13.59,0.00,0.00,S,,,CAD,CS
70003433,00317,02,1,20250413,145411,000000094203,1.434,1.99,2.85,0.00,0.00,S,,,CAD,DB
70003433,00317,02,2,20250413,145411,000004493001,1,7.49,7.49,0.00,0.47,S,,,CAD,DB
70003433,00317,02,3,20250413,145411,000000093501,1,6.09,6.09,0.00,0.00,S,,,CAD,DB
70003433,00317,02,4,20250413,145411,000000005020,1,6.09,6.09,0.00,0.00,S,,,CAD,DB
70003433,00317,02,5,20250413,145411,000000551021,1,16.29,16.29,0.00,1.02,S,,,CAD,DB
70003434,00317,04,1,20250413,111053,000004492001,3,2.39,7.17,2.39,0.30,S,,MB25W11,CAD,CS
70003434,00317,04,2,20250413,111053,000000094103,1,5.19,5.19,0.00,0.00,S,,,CAD,CS
70003435,00317,02,1,20250413,94749,000000005301,1,7.49,7.49,0.00,0.00,S,,,CAD,DB
70003435,00317,02,2,20250413,94749,000004491001,2,3.39,6.78,0.00,0.42,S,,,CAD,DB
70003436,00317,01,1,20250413,123031,000004482002,1,24.49,24.49,0.00,1.53,S,,,CAD,DB
70003437,00317,05,1,20250413,83929,000004482002,1,24.49,24.49,0.00,1.53,S,6045018961,,CAD,CC
70003437,00317,05,2,20250413,83929,000000005013,1,5.29,5.29,0.00,0.00,S,6045018961,,CAD,CC
70003437,00317,05,3,20250413,83929,000004483001,2,6.79,13.58,0.00,0.85,S,6045018961,,CAD,CC
70003437,00317,05,4,20250413,83929,000000005101,1,10.89,10.89,0.00,0.00,S,6045018961,,CAD,CC
70003437,00317,05,5,20250413,83929,000000040201,1,12.19,12.19,0.00,0.00,S,6045018961,,CAD,CC
70003437,00317,05,6,20250413,83929,000000005101,1,10.89,10.89,0.00,0.00,V,6045018961,,CAD,CC
70003438,00317,01,1,20250413,150148,000000093502,1,5.39,5.39,0.00,0.00,S,,,CAD,GC
70003439,00317,01,1,20250413,123811,000004493001,1,7.49,7.49,0.00,0.47,S,,,CAD,DB
70003439,00317,01,2,20250413,123811,000000031101,1.651,33.99,56.12,0.00,0.00,S,,,CAD,DB
70003439,00317,01,3,20250413,123811,000000094301,1.423,5.99,8.52,0.00,0.00,S,,,CAD,DB
70003439,00317,01,4,20250413,123811,000000030203,2,11.49,22.98,0.00,0.00,S,,,CAD,DB
70003440,00317,03,1,20250413,84324,000004492050,1,2.99,2.99,0.00,0.19,S,,,CAD,CC
70003440,00317,03,2,20250413,84324,000000031101,0.458,33.99,15.57,0.00,0.00,S,,,CAD,CC
70003441,00317,01,1,20250413,114710,000000020101,1,3.39,3.39,0.00,0.00,S,,,CAD,CC
70003441,00317,01,2,20250413,114710,000000030101,1,9.49,9.49,0.00,0.00,S,,,CAD,CC
70003442,00317,04,1,20250413,83553,000004482003,1,7.49,7.49,0.00,0.47,S,,,CAD,DB
70003442,00317,04,2,20250413,83553,000000005103,1,9.49,9.49,0.00,0.00,S,,,CAD,DB
70003443,00317,03,1,20250413,83322,000000094203,1.622,1.99,3.23,0.48,0.00,S,6051651768,LY25W10,CAD,DB
70003443,00317,03,2,20250413,83322,000000005020,1,6.09,6.09,0.00,0.00,S,6051651768,,CAD,DB
70003443,00317,03,3,20250413,83322,000000020103,1,6.79,6.79,0.00,0.00,S,6051651768,,CAD,DB
70003443,00317,03,4,20250413,83322,000000562001,1,14.89,14.89,0.00,0.93,S,6051651768,,CAD,DB
70003444,00317,03,1,20250413,195140,000000005201,1,5.39,5.39,0.00,0.00,S,6016868548,,CAD,DB
70003444,00317,03,2,20250413,195140,000004471024,2,4.69,9.38,0.00,0.59,S,6016868548,,CAD,DB
70003445,00317,05,1,20250413,201239,000004473001,1,4.09,4.09,0.00,0.26,S,,,CAD,CS
70003445,00317,05,2,20250413,201239,000004472003,1,4.49,4.49,0.00,0.28,S,,,CAD,CS
70003446,01042,05,1,20250414,145235,000004483002,2,3.49,6.98,0.00,0.44,S,,,USD,CS
70003446,01042,05,2,20250414,145235,000000094203,0.297,1.49,0.44,0.00,0.00,S,,,USD,CS
70003447,01042,03,1,20250414,92940,000000030101,1,6.99,6.99,0.00,0.00,S,,,USD,CC
70003447,01042,03,2,20250414,92940,000000030203,1,8.49,8.49,0.00,0.00,S,,,USD,CC
70003447,01042,03,3,20250414,92940,000000030203,1,8.49,8.49,0.00,0.00,S,,,USD,CC
70003448,01042,06,1,20250414,94633,000000093402,1.013,3.29,3.33,0.00,0.00,S,,,USD,DB
70003449,01042,01,1,20250414,124517,000000093402,1.271,3.29,4.18,0.00,0.00,S,,,USD,CC
70003450,01042,04,1,20250414,95056,000000031102,1.224,19.99,24.47,0.00,0.00,S,,,USD,CC
70003450,01042,04,2,20250414,95056,000004481003,1,4.99,4.99,0.00,0.31,S,,,USD,CC
70003450,01042,04,3,20250414,95056,000004492001,2,1.79,3.58,0.00,0.22,S,,,USD,CC
70003450,01042,04,4,20250414,95056,000000562001,1,10.99,10.99,0.00,0.69,S,,,USD,CC
70003450,01042,04,5,20250414,95056,000004471023,3,3.49,10.47,0.00,0.65,S,,,USD,CC
70003451,01042,06,1,20250414,95425,000000005020,2,4.49,8.98,0.00,0.00,S,,,USD,DB
70003451,01042,06,2,20250414,95425,000004483002,2,3.49,6.98,0.00,0.44,S,,,USD,DB
70003451,01042,06,3,20250414,95425,000004472002,1,4.49,4.49,0.00,0.28,S,,,USD,DB
70003452,01042,04,1,20250414,91338,000004481003,1,4.99,4.99,0.00,0.31,S,,,USD,CS
70003452,01042,04,2,20250414,91338,000000005012,1,3.99,3.99,0.00,0.00,S,,,USD,CS
70003453,01107,05,1,20250414,194633,000004493002,1,3.99,3.99,0.00,0.25,S,,,USD,GC
70003453,01107,05,2,20250414,194633,000000040101,1.543,18.99,29.30,0.00,0.00,S,,,USD,GC
70003453,01107,05,3,20250414,194633,000004492001,1,1.79,1.79,0.00,0.11,S,,,USD,GC
70003453,01107,05,4,20250414,194633,000004471030,1,3.99,3.99,0.00,0.25,S,,,USD,GC
70003453,01107,05,5,20250414,194633,000000094203,1.247,1.49,1.86,0.00,0.00,S,,,USD,GC
70003453,01107,05,6,20250414,194633,000004493002,1,3.99,3.99,0.00,0.25,S,,,USD,GC
70003454,02210,02,1,20250414,81100,000004492001,1,1.79,1.79,0.00,0.11,S,,,USD,CC
70003454,02210,02,2,20250414,81100,000000040203,1,11.99,11.99,0.00,0.00,S,,,USD,CC
70003455,02210,03,1,20250414,192239,000000094202,2.186,1.99,4.35,0.00,0.00,S,,,USD,DB
70003455,02210,03,2,20250414,192239,000000005102,1,5.49,5.49,0.00,0.00,S,,,USD,DB
70003455,02210,03,3,20250414,192239,000000093401,0.611,5.49,3.35,0.00,0.00,S,,,USD,DB
70003455,02210,03,4,20250414,192239,000000005013,2,3.89,7.78,0.00,0.00,S,,,USD,DB
70003455,02210,03,5,20250414,192239,000000030201,3,9.99,29.97,9.99,0.00,S,,MB25W11,USD,DB
70003455,02210,03,6,20250414,192239,000000030102,1,14.99,14.99,0.00,0.00,S,,,USD,DB
70003456,02210,02,1,20250414,160607,000000005102,1,5.49,5.49,0.00,0.00,S,,,USD,CC
70003456,02210,02,2,20250414,160607,000000020102,1,3.49,3.49,0.00,0.00,S,,,USD,CC
70003456,02210,02,3,20250414,160607,000004472003,2,3.29,6.58,0.00,0.41,S,,,USD,CC
70003457,02210,03,1,20250414,215947,000000005013,1,3.89,3.89,0.00,0.00,S,,,USD,GC
70003458,02210,03,1,20250414,121450,000000005101,1,7.99,7.99,0.00,0.00,S,,,USD,DB
70003458,02210,03,2,20250414,121450,000000005202,2,5.99,11.98,0.00,0.00,S,,,USD,DB
70003458,02210,03,3,20250414,121450,000004492001,3,1.79,5.37,1.79,0.22,S,,MB25W11,USD,DB
70003459,02210,02,1,20250414,70322,000000093325,0.905,3.99,3.61,0.00,0.00,S,,,USD,DB
70003459,02210,02,2,20250414,70322,000004471040,1,2.49,2.49,0.00,0.16,S,,,USD,DB
70003460,02210,06,1,20250414,203308,000004482003,2,5.49,10.98,0.00,0.69,S,,,USD,CS
70003460,02210,06,2,20250414,203308,000000040203,1,11.99,11.99,0.00,0.00,S,,,USD,CS
70003460,02210,06,3,20250414,203308,000000552002,1,3.99,3.99,0.00,0.25,S,,,USD,CS
70003460,02210,06,4,20250414,203308,000000093321,1.082,1.49,1.61,0.00,0.00,S,,,USD,CS
70003460,02210,06,5,20250414,203308,000000094203,0.860,1.49,1.28,0.00,0.00,S,,,USD,CS
70003461,02210,02,1,20250414,173523,000000005101,1,7.99,7.99,0.00,0.00,S,6002428699,,USD,GC
70003461,02210,02,2,20250414,173523,000004491001,3,2.49,7.47,0.00,0.47,S,6002428699,,USD,GC
70003462,02211,03,1,20250414,124953,000004473003,2,3.49,6.98,0.00,0.44,S,,,USD,CC
70003462,02211,03,2,20250414,124953,000000005201,1,3.99,3.99,0.00,0.00,S,,,USD,CC
70003463,02211,03,1,20250414,91328,000004491003,1,1.99,1.99,0.00,0.12,S,6088147435,,USD,DB
70003463,02211,03,2,20250414,91328,000004481002,1,7.99,7.99,0.00,0.50,S,6088147435,,USD,DB
70003464,02211,04,1,20250414,132402,000004481002,1,7.99,7.99,0.00,0.50,S,6098808583,,USD,CC
70003464,02211,04,2,20250414,132402,000000020103,1,4.99,4.99,0.00,0.00,S,6098808583,,USD,CC
70003464,02211,04,3,20250414,132402,000000093410,1.234,3.99,4.92,0.00,0.00,S,6098808583,,USD,CC
70003465,02211,05,1,20250414,190505,000000040101,1.802,18.99,34.22,0.00,0.00,S,6099187240,,USD,GC
70003466,02305,02,1,20250414,210907,000000005102,1,5.49,5.49,0.00,0.00,S,,,USD,CS
70003466,02305,02,2,20250414,210907,000000005012,1,3.99,3.99,0.00,0.00,S,,,USD,CS
70003467,02305,02,1,20250414,122548,000004492001,1,1.79,1.79,0.00,0.11,S,,,USD,DB
70003468,02305,06,1,20250414,115736,000000020203,1,6.49,6.49,0.00,0.00,S,6072946671,,USD,CS
70003468,02305,06,2,20250414,115736,000004492001,1,1.79,1.79,0.00,0.11,S,6072946671,,USD,CS
70003469,02305,05,1,20250414,182548,000000005302,1,3.49,3.49,0.00,0.00,S,,,USD,CS
70003469,02305,05,2,20250414,182548,000004492002,1,1.49,1.49,0.00,0.09,S,,,USD,CS
70003469,02305,05,3,20250414,182548,000000040203,1,11.99,11.99,0.00,0.00,S,,,USD,CS
70003469,02305,05,4,20250414,182548,000000040102,1.459,16.99,24.79,0.00,0.00,S,,,USD,CS
70003469,02305,05,5,20250414,182548,000000094102,3,3.49,10.47,0.00,0.00,S,,,USD,CS
70003469,02305,05,6,20250414,182548,000000005202,2,5.99,11.98,0.00,0.00,S,,,USD,CS
70003470,02305,05,1,20250414,131543,000004471030,2,3.99,7.98,0.00,0.50,S,,,USD,GC
70003470,02305,05,2,20250414,131543,000004472001,1,3.99,3.99,0.00,0.25,S,,,USD,GC
70003470,02305,05,3,20250414,131543,000000040203,1,11.99,11.99,0.00,0.00,S,,,USD,GC
70003470,02305,05,4,20250414,131543,000000040202,1,14.99,14.99,0.00,0.00,S,,,USD,GC
70003470,02305,05,5,20250414,131543,000000093410,1.932,3.99,7.71,0.00,0.00,S,,,USD,GC
70003471,02305,02,1,20250414,120101,000000030201,3,9.99,29.97,9.99,0.00,S,6023116491,MB25W11,USD,DB
70003471,02305,02,2,20250414,120101,000004491002,1,6.99,6.99,0.00,0.44,S,6023116491,,USD,DB
70003471,02305,02,3,20250414,120101,000004473001,1,2.99,2.99,0.00,0.19,S,6023116491,,USD,DB
70003471,02305,02,4,20250414,120101,000000005012,2,3.99,7.98,0.00,0.00,S,6023116491,,USD,DB
70003471,02305,02,5,20250414,120101,000000031101,0.694,24.99,17.34,0.00,0.00,S,6023116491,,USD,DB
70003472,03050,06,1,20250414,134545,000004493002,1,3.99,3.99,0.00,0.25,S,,,USD,DB
70003473,03050,06,1,20250414,70314,000000005302,2,3.49,6.98,0.00,0.00,S,6022753046,,USD,CS
70003473,03050,06,2,20250414,70314,000004473001,1,2.99,2.99,0.00,0.19,S,6022753046,,USD,CS
70003473,03050,06,3,20250414,70314,000000094103,1,3.79,3.79,0.00,0.00,S,6022753046,,USD,CS
70003473,03050,06,4,20250414,70314,000004493002,1,3.99,3.99,0.60,0.21,S,6022753046,LY25W10,USD,CS
70003473,03050,06,5,20250414,70314,000000094101,1,3.99,3.99,0.00,0.00,S,6022753046,,USD,CS
70003473,03050,06,6,20250414,70314,000000093322,0.522,1.99,1.04,0.00,0.00,S,6022753046,,USD,CS
70003474,03050,02,1,20250414,91942,000004482003,2,5.49,10.98,0.00,0.69,S,,,USD,CC
70003474,03050,02,2,20250414,91942,000000552001,1,4.49,4.49,0.00,0.28,S,,,USD,CC
70003474,03050,02,3,20250414,91942,000000094203,2.012,1.49,3.00,0.00,0.00,S,,,USD,CC
70003475,03050,01,1,20250414,162310,000000094301,0.326,4.39,1.43,0.00,0.00,S,,,USD,CS
70003475,03050,01,2,20250414,162310,000000094202,0.961,1.99,1.91,0.00,0.00,S,,,USD,CS
70003475,03050,01,3,20250414,162310,000004493002,1,3.99,3.99,0.00,0.25,S,,,USD,CS
70003475,03050,01,4,20250414,162310,000004482003,1,5.49,5.49,0.00,0.34,S,,,USD,CS
70003475,03050,01,5,20250414,162310,000004472002,1,4.49,4.49,0.00,0.28,S,,,USD,CS
70003476,03050,03,1,20250414,150326,000000040203,1,11.99,11.99,0.00,0.00,S,,,USD,CC
70003476,,03,2,20250414,150326,000004471030,1,3.99,3.99,0.00,0.25,S,,,USD,CC
70003476,03050,03,3,20250414,150326,000004471030,1,3.99,3.99,0.00,0.25,S,,,USD,CC
70003477,03050,04,1,20250414,182520,000000005103,1,6.99,6.99,0.00,0.00,S,6045644948,,USD,DB
70003478,00317,04,1,20250414,194225,000000005101,1,10.89,10.89,0.00,0.00,S,,,CAD,CS
70003478,00317,04,2,20250414,194225,000004492050,3,2.99,8.97,2.99,0.37,S,,MB25W11,CAD,CS
70003478,00317,04,3,20250414,194225,000004473002,1,3.79,3.79,0.00,0.24,S,,,CAD,CS
70003479,00317,02,1,20250414,131801,000004471040,3,3.39,10.17,3.39,0.42,S,,MB25W11,CAD,CC
70003479,00317,02,2,20250414,131801,000004473002,1,3.79,3.79,0.00,0.24,S,,,CAD,CC
70003479,00317,02,3,20250414,131801,000000020103,3,6.79,20.37,6.79,0.00,S,,MB25W11,CAD,CC
70003480,00317,03,1,20250414,120424,000000020102,1,4.69,4.69,0.00,0.00,S,6030806958,,CAD,CC
70003480,00317,03,2,20250414,120424,000004473003,1,4.69,4.69,0.00,0.29,S,6030806958,,CAD,CC
70003480,00317,03,3,20250414,120424,000000094202,1.179,2.69,3.17,0.00,0.00,S,6030806958,,CAD,CC
70003480,00317,03,4,20250414,120424,000004491002,1,9.49,9.49,0.00,0.59,S,6030806958,,CAD,CC
70003481,00317,06,1,20250414,192107,000000020201,1,7.49,7.49,0.00,0.00,S,,,CAD,GC
70003481,00317,06,2,20250414,192107,000000094101,1,5.39,5.39,0.00,0.00,S,,,CAD,GC
70003482,00317,03,1,20250414,70748,000000093503,1,5.79,5.79,0.00,0.00,S,6090211586,,CAD,CC
70003482,00317,03,2,20250414,70748,000000005101,1,10.89,10.89,0.00,0.00,S,6090211586,,CAD,CC
70003482,00317,03,3,20250414,70748,000000040202,1,20.39,20.39,0.00,0.00,S,6090211586,,CAD,CC
70003482,00317,03,4,20250414,70748,000000094301,1.954,5.99,11.70,0.00,0.00,S,6090211586,,CAD,CC
70003483,00317,01,1,20250414,160642,000000093410,1.648,5.39,8.88,0.00,0.00,S,6016477251,,CAD,DB
70003483,00317,01,2,20250414,160642,000000040203,1,16.29,16.29,2.44,0.00,S,6016477251,LY25W10,CAD,DB
70003483,00317,01,3,20250414,160642,000004473002,1,3.79,3.79,0.00,0.24,S,6016477251,,CAD,DB
70003483,00317,01,4,20250414,160642,000000562001,1,14.89,14.89,0.00,0.93,S,6016477251,,CAD,DB
70003484,01042,01,1,20250415,152131,000004483001,2,4.99,9.98,0.00,0.62,S,,,USD,CS
70003485,01042,01,1,20250415,193134,000000093501,1,4.49,4.49,0.00,0.00,S,6019196570,,USD,CC
70003485,01042,01,2,20250415,193134,000004492002,3,1.49,4.47,0.00,0.28,S,6019196570,,USD,CC
70003485,01042,01,3,20250415,193134,000000094103,1,3.79,3.79,0.00,0.00,S,6019196570,,USD,CC
70003485,01042,01,4,20250415,193134,000004492001,3,1.79,5.37,1.79,0.22,S,6019196570,MB25W11,USD,CC
70003485,01042,01,5,20250415,193134,000009999999,1,9.99,9.99,0.00,0.62,S,6019196570,,USD,CC
70003486,01042,03,1,20250415,81633,000004492001,1,1.79,1.79,0.00,0.11,S,6011972181,,USD,CC
70003486,01042,03,2,20250415,81633,000004491002,1,6.99,6.99,0.00,0.44,S,6011972181,,USD,CC
70003486,01042,03,3,20250415,81633,000000005012,1,3.99,3.99,0.00,0.00,S,6011972181,,USD,CC
70003486,01042,03,4,20250415,81633,000000030201,3,9.99,29.97,9.99,0.00,S,6011972181,MB25W11,USD,CC
70003486,01042,03,5,20250415,81633,000004481002,1,7.99,7.99,0.00,0.50,S,6011972181,,USD,CC
70003487,01042,04,1,20250415,184720,000004473003,2,3.49,6.98,0.00,0.44,S,6062879232,,USD,CC
70003487,01042,04,2,20250415,184720,000000005301,1,5.49,5.49,0.00,0.00,S,6062879232,,USD,CC
70003487,01042,04,3,20250415,184720,000000094301,1.334,4.39,5.86,0.00,0.00,S,6062879232,,USD,CC
70003487,01042,04,4,20250415,184720,000000094201,0.736,1.69,1.24,0.00,0.00,S,6062879232,,USD,CC
70003487,01042,04,5,20250415,184720,000000005103,1,6.99,6.99,0.00,0.00,S,6062879232,,USD,CC
70003488,01042,02,1,20250415,105916,000000005302,3,3.49,10.47,0.00,0.00,S,,,USD,GC
70003488,01042,02,2,20250415,105916,000000094203,1.916,1.49,2.85,0.00,0.00,S,,,USD,GC
70003488,01042,02,3,20250415,105916,000004481003,1,4.99,4.99,0.00,0.31,S,,,USD,GC
70003488,01042,02,4,20250415,105916,000004492001,1,1.79,1.79,0.00,0.11,S,,,USD,GC
70003488,01042,02,5,20250415,105916,000000005302,1,3.49,3.49,0.00,0.00,S,,,USD,GC
70003488,01042,02,6,20250415,105916,000000030101,1,6.99,6.99,0.00,0.00,S,,,USD,GC
70003489,01042,02,1,20250415,134728,000000005013,1,3.89,3.89,0.00,0.00,S,,,USD,CC
70003489,01042,02,2,20250415,134728,000000040101,2.153,18.99,40.89,0.00,0.00,S,,,USD,CC
70003489,01042,02,3,20250415,134728,000000562001,1,10.99,10.99,0.00,0.69,S,,,USD,CC
70003489,01042,02,4,20250415,134728,000000020102,1,3.49,3.49,0.00,0.00,S,,,USD,CC
70003489,01042,02,5,20250415,134728,000000005013,1,3.89,3.89,0.00,0.00,S,,,USD,CC
70003489,01042,02,6,20250415,134728,000000561001,1,9.99,9.99,0.00,0.62,S,,,USD,CC
70003490,01042,01,1,20250415,195233,000004482002,3,17.99,53.97,0.00,3.37,S,,,USD,DB
70003491,01042,04,1,20250415,171916,000000094102,1,3.49,3.49,0.00,0.00,S,,,USD,DB
70003491,01042,04,2,20250415,171916,000004481002,2,7.99,15.98,0.00,1.00,S,,,USD,DB
70003491,01042,04,3,20250415,171916,000004473002,1,2.79,2.79,0.00,0.17,S,,,USD,DB
70003491,01042,04,4,20250415,171916,000000094101,2,3.99,7.98,0.00,0.00,S,,,USD,DB
70003491,01042,04,5,20250415,171916,000004471040,3,2.49,7.47,2.49,0.31,S,,MB25W11,USD,DB
70003491,01042,04,6,20250415,171916,000000093502,1,3.99,3.99,0.00,0.00,S,,,USD,DB
70003492,01107,02,1,20250415,171519,000004481003,2,4.99,9.98,0.00,0.62,S,,,USD,CC
70003492,01107,02,2,20250415,171519,000000005302,1,3.49,3.49,0.00,0.00,S,,,USD,CC
70003493,01107,03,1,20250415,144919,000004471024,1,3.49,3.49,0.00,0.22,R,,,USD,CC
70003494,01107,02,1,20250415,205319,000004472003,2,3.29,6.58,0.00,0.41,S,6081735984,,USD,DB
70003494,01107,02,2,20250415,205319,000000093503,1,4.29,4.29,0.00,0.00,S,6081735984,,USD,DB
70003494,01107,02,3,20250415,205319,000000020201,1,5.49,5.49,0.00,0.00,S,6081735984,,USD,DB
70003495,02210,06,1,20250415,101322,000000093410,2.196,3.99,8.76,0.00,0.00,S,,,USD,DB
70003495,02210,06,2,20250415,101322,000004482001,2,13.99,27.98,0.00,1.75,S,,,USD,DB
70003495,02210,06,3,20250415,101322,000000030203,1,8.49,8.49,0.00,0.00,S,,,USD,DB
70003495,02210,06,4,20250415,101322,000000552001,1,4.49,4.49,0.00,0.28,S,,,USD,DB
70003496,02210,01,1,20250415,144902,000000093503,1,4.29,4.29,0.00,0.00,S,,,USD,CS
70003497,02210,03,1,20250415,122035,000004493002,1,3.99,3.99,0.00,0.25,S,,,USD,DB
70003497,02210,03,2,20250415,122035,000000040102,0.437,16.99,7.42,0.00,0.00,S,,,USD,DB
70003498,02210,02,1,20250415,123841,000000094103,2,3.79,7.58,0.00,0.00,S,6014014011,,USD,CC
70003498,02210,02,2,20250415,123841,000000031101,0.910,24.99,22.74,0.00,0.00,S,6014014011,,USD,CC
70003498,02210,02,3,20250415,123841,000004493002,2,3.99,7.98,1.20,0.42,S,6014014011,LY25W10,USD,CC
70003499,02211,05,1,20250415,71636,000000020101,1,2.49,2.49,0.00,0.00,S,6004102767,,USD,GC
70003500,02211,03,1,20250415,72127,000004493001,1,5.49,5.49,0.00,0.34,S,6083325848,,USD,DB
70003501,02211,04,1,20250415,104841,000000093501,1,4.49,4.49,0.00,0.00,S,,,USD,CC
70003501,02211,04,2,20250415,104841,000004472003,2,3.29,6.58,0.00,0.41,S,,,USD,CC
70003501,02211,04,3,20250415,104841,000004471040,1,2.49,2.49,0.00,0.16,S,,,USD,CC
70003501,02211,04,4,20250415,104841,000000005201,2,3.99,7.98,0.00,0.00,S,,,USD,CC
70003502,02211,05,1,20250415,205854,000004472002,1,4.49,4.49,0.00,0.28,S,,,USD,CC
70003502,02211,05,2,20250415,205854,000000551020,1,13.99,13.99,0.00,0.87,S,,,USD,CC
70003502,02211,05,3,20250415,205854,000000020203,2,6.49,12.98,0.00,0.00,S,,,USD,CC
70003502,02211,05,4,20250415,205854,000000040203,1,11.99,11.99,0.00,0.00,S,,,USD,CC
70003502,02211,05,5,20250415,205854,000004481001,1,7.99,7.99,0.00,0.50,S,,,USD,CC
70003503,02211,02,1,20250415,195704,000004483002,1,3.49,3.49,0.00,0.22,S,6022783769,,USD,CS
70003504,02211,06,1,20250415,71449,000004491003,1,1.99,1.99,0.00,0.12,S,,,USD,CS
70003504,02211,06,2,20250415,71449,000004471040,3,2.49,7.47,2.49,0.31,S,,MB25W11,USD,CS
70003504,02211,06,3,20250415,71449,000004492001,1,1.79,1.79,0.00,0.11,S,,,USD,CS
70003504,02211,06,4,20250415,71449,000000040203,1,11.99,11.99,0.00,0.00,S,,,USD,CS
70003504,02211,06,5,20250415,71449,000004481001,1,7.99,7.99,0.00,0.50,S,,,USD,CS
70003504,02211,06,6,20250415,71449,000004492002,1,1.49,1.49,0.00,0.09,S,,,USD,CS
70003505,02305,06,1,20250415,94312,000004492001,1,1.79,1.79,0.00,0.11,S,,,USD,GC
70003506,02305,06,1,20250415,82747,000000005201,1,3.99,3.99,0.00,0.00,S,,,USD,DB
70003507,02305,05,1,20250415,200345,000004471040,3,2.49,7.47,2.49,0.31,S,,MB25W11,USD,GC
70003508,02305,05,1,20250415,151631,000000005103,3,6.99,20.97,0.00,0.00,S,6018972154,,USD,CS
70003508,02305,05,2,20250415,151631,000004493002,1,3.99,3.99,0.60,0.21,S,6018972154,LY25W10,USD,CS
70003508,02305,05,3,20250415,151631,000000552002,1,3.99,3.99,0.00,0.25,S,6018972154,,USD,CS
70003509,02305,01,1,20250415,180255,000000030101,1,6.99,6.99,0.00,0.00,S,,,USD,CS
70003509,02305,01,2,20250415,180255,000000005201,1,3.99,3.99,0.00,0.00,S,,,USD,CS
70003509,02305,01,3,20250415,180255,000000005013,1,3.89,3.89,0.00,0.00,S,,,USD,CS
70003509,02305,01,4,20250415,180255,000004471040,1,2.49,2.49,0.00,0.16,S,,,USD,CS
70003510,03050,02,1,20250415,113141,000000093402,1.506,3.29,4.95,0.00,0.00,S,,,USD,DB
70003510,03050,02,2,20250415,113141,000004481002,1,7.99,7.99,0.00,0.50,S,,,USD,DB
70003510,03050,02,3,20250415,113141,000004491001,1,2.49,2.49,0.00,0.16,S,,,USD,DB
70003510,03050,02,4,20250415,113141,000000094102,1,3.49,3.49,0.00,0.00,S,,,USD,DB
70003511,03050,04,1,20250415,173001,000000005103,1,6.99,6.99,0.00,0.00,S,,,USD,DB
70003511,03050,04,2,20250415,173001,000000551021,1,11.99,11.99,0.00,0.75,S,,,USD,DB
70003511,03050,04,3,20250415,173001,000000094101,1,3.99,3.99,0.00,0.00,S,,,USD,DB
70003512,00317,05,1,20250415,82029,000000030201,1,13.59,13.59,0.00,0.00,S,6044920749,,CAD,CC
70003512,00317,05,2,20250415,82029,000000030201,1,13.59,13.59,0.00,0.00,S,6044920749,,CAD,CC
70003513,00317,02,1,20250415,71504,000004481002,2,10.89,21.78,0.00,1.36,S,6046657437,,CAD,GC
70003513,00317,02,2,20250415,71504,000004483002,1,4.69,4.69,0.00,0.29,S,6046657437,,CAD,GC
70003514,00317,02,1,20250415,81304,000004473003,1,4.69,4.69,0.00,0.29,S,,,CAD,CS
70003514,00317,02,2,20250415,81304,000000030202,1,15.59,15.59,0.00,0.00,S,,,CAD,CS
70003515,00317,05,1,20250415,175424,000000094203,2.021,1.99,4.02,0.00,0.00,S,,,CAD,CC
70003515,00317,05,2,20250415,175424,000004481001,1,10.89,10.89,0.00,0.68,S,,,CAD,CC
70003516,00317,04,1,20250415,212000,000000093502,1,5.39,5.39,0.00,0.00,S,,,CAD,DB
70003517,01042,05,1,20250416,181657,000000551020,1,13.99,13.99,0.00,0.87,S,,,USD,DB
70003517,01042,05,2,20250416,181657,000000020103,3,4.99,14.97,4.99,0.00,S,,MB25W11,USD,DB
70003518,01042,02,1,20250416,83520,000000093410,1.291,3.99,5.15,0.00,0.00,S,,,USD,CS
70003518,01042,02,2,20250416,83520,000000040203,1,11.99,11.99,0.00,0.00,S,,,USD,CS
70003518,01042,02,3,20250416,83520,000000020201,2,5.49,10.98,0.00,0.00,S,,,USD,CS
70003518,01042,02,4,20250416,83520,000000094302,1.446,5.49,7.94,0.00,0.00,S,,,USD,CS
70003518,01042,02,5,20250416,83520,000000005101,2,7.99,15.98,0.00,0.00,S,,,USD,CS
70003519,01042,04,1,20250416,105351,000004491003,1,1.99,1.99,0.00,0.12,S,6072143643,,USD,DB
70003519,01042,04,2,20250416,105351,000000093503,2,4.29,8.58,0.00,0.00,S,6072143643,,USD,DB
70003519,01042,04,3,20250416,105351,000000005102,2,5.49,10.98,0.00,0.00,S,6072143643,,USD,DB
70003520,01042,03,1,20250416,175051,000004471040,3,2.49,7.47,2.49,0.31,S,,MB25W11,USD,DB
70003520,01042,03,2,20250416,175051,000000005202,1,5.99,5.99,0.00,0.00,S,,,USD,DB
70003520,01042,03,3,20250416,175051,000000551020,1,13.99,13.99,0.00,0.87,S,,,USD,DB
70003521,01107,05,1,20250416,203533,000000040202,2,14.99,29.98,0.00,0.00,S,,,USD,DB
70003521,01107,05,2,20250416,203533,000000040102,1.156,16.99,19.64,0.00,0.00,S,,,USD,DB
70003521,01107,05,3,20250416,203533,000004483002,1,3.49,3.49,0.00,0.22,S,,,USD,DB
70003522,01107,05,1,20250416,120057,000004471040,3,2.49,7.47,2.49,0.31,S,,MB25W11,USD,CS
70003522,01107,05,2,20250416,120057,000004482002,1,17.99,17.99,0.00,1.12,S,,,USD,CS
70003522,01107,05,3,20250416,120057,000004473003,1,3.49,3.49,0.00,0.22,S,,,USD,CS
70003522,01107,05,4,20250416,120057,000000005201,1,3.99,3.99,0.00,0.00,S,,,USD,CS
70003523,01107,04,1,20250416,91825,000000005302,2,3.49,6.98,0.00,0.00,S,,,USD,DB
70003523,01107,04,2,20250416,91825,000004471030,1,3.99,3.99,0.00,0.25,S,,,USD,DB
70003523,01107,04,3,20250416,91825,000004491003,1,1.99,1.99,0.00,0.12,S,,,USD,DB
70003523,01107,04,4,20250416,91825,000000040203,1,11.99,11.99,0.00,0.00,S,,,USD,DB
70003523,01107,04,5,20250416,91825,000004472001,2,3.99,7.98,0.00,0.50,S,,,USD,DB
70003523,01107,04,6,20250416,91825,000000040102,2.172,16.99,36.90,0.00,0.00,S,,,USD,DB
70003524,01107,03,1,20250416,171731,000000093325,1.041,3.99,4.15,0.00,0.00,S,,,USD,GC
70003524,01107,03,2,20250416,171731,000000040101,1.797,18.99,34.13,0.00,0.00,S,,,USD,GC
70003525,01107,02,1,20250416,173743,000004481003,1,4.99,4.99,0.00,0.31,S,,,USD,CC
70003525,01107,02,2,20250416,173743,000004473003,1,3.49,3.49,0.00,0.22,S,,,USD,CC
70003525,01107,02,3,20250416,173743,000000020203,1,6.49,6.49,0.00,0.00,S,,,USD,CC
70003525,01107,02,4,20250416,173743,000000020203,1,6.49,6.49,0.00,0.00,S,,,USD,CC
70003525,01107,02,5,20250416,173743,000004482003,1,5.49,5.49,0.00,0.34,S,,,USD,CC
70003526,02210,02,1,20250416,205136,000000005102,1,5.49,5.49,0.00,0.00,S,,,USD,CS
70003526,02210,02,2,20250416,205136,000000030101,1,6.99,6.99,0.00,0.00,S,,,USD,CS
70003526,02210,02,3,20250416,205136,000000094201,2.106,1.69,3.56,0.00,0.00,S,,,USD,CS
70003526,02210,02,4,20250416,205136,000004481003,2,4.99,9.98,0.00,0.62,S,,,USD,CS
70003526,02210,02,5,20250416,205136,000004482001,1,13.99,13.99,0.00,0.87,S,,,USD,CS
70003527,02210,02,1,20250416,133059,000000030201,1,9.99,9.99,0.00,0.00,S,6053733777,,USD,DB
70003528,02210,03,1,20250416,192538,000004472001,1,3.99,3.99,0.00,0.25,S,6040258835,,USD,CC
70003528,02210,03,2,20250416,192538,000000094201,1.380,1.69,2.33,0.00,0.00,S,6040258835,,USD,CC
70003528,02210,03,3,20250416,192538,000004471040,3,2.49,7.47,2.49,0.31,S,6040258835,MB25W11,USD,CC
70003528,02210,03,4,20250416,192538,000000005103,1,6.99,6.99,0.00,0.00,S,6040258835,,USD,CC
70003529,02210,06,1,20250416,182402,000000005013,1,3.89,3.89,0.00,0.00,S,6005097545,,USD,CS
70003529,02210,06,2,20250416,182402,000004491003,2,1.99,3.98,0.00,0.25,S,6005097545,,USD,CS
70003529,02210,06,3,20250416,182402,000000561001,1,9.99,9.99,0.00,0.62,S,6005097545,,USD,CS
70003529,02210,06,4,20250416,182402,000000094203,1.193,1.49,1.78,0.27,0.00,S,6005097545,LY25W10,USD,CS
70003530,02210,02,1,20250416,204905,000000030101,1,6.99,6.99,0.00,0.00,S,,,USD,CC
70003530,02210,02,2,20250416,204905,000000030202,1,11.49,11.49,0.00,0.00,S,,,USD,CC
70003530,02210,02,3,20250416,204905,000000040203,1,11.99,11.99,0.00,0.00,S,,,USD,CC
70003530,02210,02,4,20250416,204905,000004473002,1,2.79,2.79,0.00,0.17,S,,,USD,CC
70003531,02211,01,1,20250416,193455,000004482001,1,13.99,13.99,0.00,0.87,S,,,USD,DB
70003532,02211,01,1,20250416,73156,000000040202,1,14.99,14.99,0.00,0.00,S,,,USD,DB
70003532,02211,01,2,20250416,73156,000000040203,2,11.99,23.98,0.00,0.00,S,,,USD,DB
70003532,02211,01,3,20250416,73156,000004472001,1,3.99,3.99,0.00,0.25,S,,,USD,DB
70003533,02211,04,1,20250416,91610,000004493002,1,3.99,3.99,0.00,0.25,S,,,USD,CC
70003534,02211,04,1,20250416,104302,000004483001,3,4.99,14.97,0.00,0.94,S,6060229394,,USD,CC
70003534,02211,04,2,20250416,104302,000004482002,1,17.99,17.99,0.00,1.12,S,6060229394,,USD,CC
70003534,02211,04,3,20250416,104302,000000005201,1,3.99,3.99,0.00,0.00,S,6060229394,,USD,CC
70003534,02211,04,4,20250416,104302,000000030201,3,9.99,29.97,9.99,0.00,S,6060229394,MB25W11,USD,CC
70003535,02211,04,1,20250416,90302,000004481002,3,7.99,23.97,0.00,1.50,S,,,USD,CC
70003536,02211,05,1,20250416,161646,000004471024,1,3.49,3.49,0.00,0.22,S,,,USD,DB
70003537,02305,02,1,20250416,164853,000000551020,1,13.99,13.99,0.00,0.87,S,,,USD,DB
70003537,02305,02,2,20250416,164853,000000551020,3,13.99,41.97,0.00,2.62,S,,,USD,DB
70003537,02305,02,3,20250416,164853,000000030101,1,6.99,6.99,0.00,0.00,S,,,USD,DB
70003537,02305,02,4,20250416,164853,000004471023,3,3.49,10.47,0.00,0.65,S,,,USD,DB
70003537,02305,02,5,20250416,164853,000004471040,3,2.49,7.47,2.49,0.31,S,,MB25W11,USD,DB
70003538,02305,04,1,20250416,214842,000000551021,1,11.99,11.99,0.00,0.75,S,,,USD,CC
70003538,02305,04,2,20250416,214842,000004471040,3,2.49,7.47,2.49,0.31,S,,MB25W11,USD,CC
70003538,02305,04,3,20250416,214842,000004482003,2,5.49,10.98,0.00,0.69,S,,,USD,CC
70003538,02305,04,4,20250416,214842,000000094301,1.830,4.39,8.03,0.00,0.00,S,,,USD,CC
70003539,02305,06,1,20250416,190147,000004471030,1,3.99,3.99,0.00,0.25,S,,,USD,DB
70003539,02305,06,2,20250416,190147,000000005102,1,5.49,5.49,0.00,0.00,S,,,USD,DB
70003539,02305,06,3,20250416,190147,000000031101,0.403,24.99,10.07,0.00,0.00,S,,,USD,DB
70003539,02305,06,4,20250416,190147,000000093325,1.627,3.99,6.49,0.00,0.00,S,,,USD,DB
70003540,02305,03,1,20250416,92823,000004493002,2,3.99,7.98,0.00,0.50,S,,,USD,CC
70003540,02305,03,2,20250416,92823,000000020103,3,4.99,14.97,4.99,0.00,S,,MB25W11,USD,CC
70003540,02305,03,3,20250416,92823,000000562001,1,10.99,10.99,0.00,0.69,S,,,USD,CC
70003540,02305,03,4,20250416,92823,000000093321,1.156,1.49,1.72,0.00,0.00,S,,,USD,CC
70003541,02305,05,1,20250416,111935,000004493002,1,3.99,3.99,0.00,0.25,S,,,USD,DB
70003542,02305,03,1,20250416,103359,000000093402,1.968,3.29,6.47,0.00,0.00,S,6049822749,,USD,CC
70003542,02305,03,2,20250416,103359,000000093503,1,4.29,4.29,0.00,0.00,S,6049822749,,USD,CC
70003542,02305,03,3,20250416,103359,000000005012,1,3.99,3.99,0.00,0.00,S,6049822749,,USD,CC
70003542,02305,03,4,20250416,103359,000000040101,2.188,18.99,41.55,0.00,0.00,S,6049822749,,USD,CC
70003543,02305,02,1,20250416,105703,000000005301,1,5.49,5.49,0.00,0.00,S,6021667467,,USD,CS
70003543,02305,02,2,20250416,105703,000004482002,1,17.99,17.99,0.00,1.12,S,6021667467,,USD,CS
70003543,02305,02,3,20250416,105703,000000030201,1,9.99,9.99,0.00,0.00,S,6021667467,,USD,CS
70003543,02305,02,4,20250416,105703,000000040201,3,8.99,26.97,0.00,0.00,S,6021667467,,USD,CS
70003543,02305,02,5,20250416,105703,000004471040,1,2.49,2.49,0.00,0.16,S,6021667467,,USD,CS
70003543,02305,02,6,20250416,105703,000004491002,2,6.99,13.98,0.00,0.87,S,6021667467,,USD,CS
70003544,02305,02,1,20250416,201843,000000093501,2,4.49,8.98,0.00,0.00,S,,,USD,DB
70003544,02305,02,2,20250416,201843,000000005013,2,3.89,7.78,0.00,0.00,S,,,USD,DB
70003544,02305,02,3,20250416,201843,000004472002,1,4.49,4.49,0.00,0.28,S,,,USD,DB
70003544,02305,02,4,20250416,201843,000000030201,1,9.99,9.99,0.00,0.00,S,,,USD,DB
70003544,02305,02,5,20250416,201843,000000094103,2,3.79,7.58,0.00,0.00,S,,,USD,DB
70003545,03050,03,1,20250416,102241,000000005013,1,3.89,3.89,0.00,0.00,S,,,USD,CS
70003545,03050,03,2,20250416,102241,000000040101,1.061,18.99,20.15,0.00,0.00,S,,,USD,CS
70003545,03050,03,3,20250416,102241,000004491003,1,1.99,1.99,0.00,0.12,S,,,USD,CS
70003545,03050,03,4,20250416,102241,000000094301,1.180,4.39,5.18,0.00,0.00,S,,,USD,CS
70003545,03050,03,5,20250416,102241,000000005012,1,3.99,3.99,0.00,0.00,S,,,USD,CS
70003546,03050,06,1,20250416,113358,000004481002,1,7.99,7.99,0.00,0.50,S,,,USD,CC
70003547,03050,06,1,20250416,74329,000000005013,1,3.89,3.89,0.00,0.00,S,,,USD,DB
70003547,03050,06,2,20250416,74329,000000093325,1.141,3.99,4.55,0.00,0.00,S,,,USD,DB
70003547,03050,06,3,20250416,74329,000000093410,0.704,3.99,2.81,0.00,0.00,S,,,USD,DB
70003547,03050,06,4,20250416,74329,000004492001,1,1.79,1.79,0.00,0.11,S,,,USD,DB
70003547,03050,06,5,20250416,74329,000004471040,2,2.49,4.98,0.00,0.31,S,,,USD,DB
70003548,00317,06,1,20250416,80722,000000005013,3,5.29,15.87,0.00,0.00,S,,,CAD,CC
70003548,00317,06,2,20250416,80722,000000093322,0.307,2.69,0.83,0.00,0.00,S,,,CAD,CC
70003548,00317,06,3,20250416,80722,000004482001,1,18.99,18.99,0.00,1.19,S,,,CAD,CC
70003549,00317,06,1,20250416,125225,000000040201,1,12.19,12.19,0.00,0.00,S,,,CAD,CC
70003549,00317,06,2,20250416,125225,000004481001,1,10.89,10.89,0.00,0.68,S,,,CAD,CC
70003549,00317,06,3,20250416,125225,000000094203,1.274,1.99,2.54,0.00,0.00,S,,,CAD,CC
70003549,00317,06,4,20250416,125225,000000040101,1.051,25.79,27.11,0.00,0.00,S,,,CAD,CC
70003549,00317,06,5,20250416,125225,000000094301,0.406,5.99,2.43,0.00,0.00,S,,,CAD,CC
70003549,00317,06,6,20250416,125225,000000552001,1,6.09,6.09,0.00,0.38,S,,,CAD,CC
70003550,00317,05,1,20250416,120710,000000094201,0.570,2.29,1.31,0.00,0.00,S,6015353961,,CAD,CS
70003551,00317,05,1,20250416,105157,000004481003,1,6.79,6.79,0.00,0.42,S,6011091939,,CAD,GC
70003551,00317,05,2,20250416,105157,000000030201,3,13.59,40.77,13.59,0.00,S,6011091939,MB25W11,CAD,GC
70003552,00317,04,1,20250416,114453,000000005012,1,5.39,5.39,0.00,0.00,S,6075233438,,CAD,DB
70003552,00317,04,2,20250416,114453,000000552001,1,6.09,6.09,0.00,0.38,S,6075233438,,CAD,DB
70003552,00317,04,3,20250416,114453,000000093401,0.967,7.49,7.24,0.00,0.00,S,6075233438,,CAD,DB
70003552,00317,04,4,20250416,114453,000000005101,1,10.89,10.89,0.00,0.00,S,6075233438,,CAD,DB
70003553,00317,01,1,20250416,171731,000000562002,1,11.49,11.49,0.00,0.72,S,,,CAD,GC
70003554,01042,04,1,20250417,92842,000004492001,3,1.79,5.37,1.79,0.22,S,,MB25W11,USD,CC
70003554,01042,04,2,20250417,92842,000004471030,2,3.99,7.98,0.00,0.50,S,,,USD,CC
70003554,01042,04,3,20250417,92842,000004471040,3,2.49,7.47,2.49,0.31,S,,MB25W11,USD,CC
70003554,01042,04,4,20250417,92842,000000005201,2,3.99,7.98,0.00,0.00,S,,,USD,CC
70003554,01042,04,5,20250417,92842,000000020103,1,4.99,4.99,0.00,0.00,S,,,USD,CC
70003554,01042,04,6,20250417,92842,000000094101,1,3.99,3.99,0.00,0.00,S,,,USD,CC
70003555,01107,01,1,20250417,94546,000000040203,1,11.99,11.99,0.00,0.00,S,,,USD,CC
70003555,01107,01,2,20250417,94546,000000005103,1,6.99,6.99,0.00,0.00,S,,,USD,CC
70003556,01107,02,1,20250417,183120,000000005020,1,4.49,4.49,0.00,0.00,S,6070027206,,USD,CC
70003556,01107,02,2,20250417,183120,000004492001,3,1.79,5.37,1.79,0.22,S,6070027206,MB25W11,USD,CC
70003556,01107,02,3,20250417,183120,000000005101,1,7.99,7.99,0.00,0.00,S,6070027206,,USD,CC
70003556,01107,02,4,20250417,183120,000004471023,1,3.49,3.49,0.00,0.22,S,6070027206,,USD,CC
70003557,01107,04,1,20250417,112810,000000040101,1.825,18.99,34.66,0.00,0.00,S,,,USD,DB
70003557,01107,04,2,20250417,112810,000004473001,1,2.99,2.99,0.00,0.19,S,,,USD,DB
70003558,01107,03,1,20250417,132719,000004473002,1,2.79,2.79,0.00,0.17,S,6040258835,,USD,CS
70003558,01107,03,2,20250417,132719,000000005103,1,6.99,6.99,0.00,0.00,S,6040258835,,USD,CS
70003558,01107,03,3,20250417,132719,000000031102,1.686,19.99,33.70,0.00,0.00,S,6040258835,,USD,CS
70003558,01107,03,4,20250417,132719,000000040201,1,8.99,8.99,0.00,0.00,S,6040258835,,USD,CS
70003559,01107,02,1,20250417,214912,000000020202,1,5.99,5.99,0.00,0.00,S,,,USD,GC
70003559,01107,02,2,20250417,214912,000000020103,3,4.99,14.97,4.99,0.00,S,,MB25W11,USD,GC
70003559,01107,02,3,20250417,214912,000000020203,1,6.49,6.49,0.00,0.00,S,,,USD,GC
70003559,01107,02,4,20250417,214912,000000005012,1,3.99,3.99,0.00,0.00,S,,,USD,GC
70003559,01107,02,5,20250417,214912,000000020101,1,2.49,2.49,0.00,0.00,S,,,USD,GC
70003559,01107,02,6,20250417,214912,000000005301,1,5.49,5.49,0.00,0.00,S,,,USD,GC
70003560,02210,04,1,20250417,74210,000000005012,2,3.99,7.98,0.00,0.00,S,6088810798,,USD,CC
70003561,02210,05,1,20250417,101508,000000094103,1,3.79,3.79,0.00,0.00,S,,,USD,GC
70003561,02210,05,2,20250417,101508,000000005020,1,4.49,4.49,0.00,0.00,S,,,USD,GC
70003561,02210,05,3,20250417,101508,000004492003,1,2.29,2.29,0.00,0.14,S,,,USD,GC
70003561,02210,05,4,20250417,101508,000004482003,3,5.49,16.47,0.00,1.03,S,,,USD,GC
70003562,02210,06,1,20250417,101421,000000020203,2,6.49,12.98,0.00,0.00,S,,,USD,CC
70003562,02210,06,2,20250417,101421,000004471023,1,3.49,3.49,0.00,0.22,S,,,USD,CC
70003562,02210,06,3,20250417,101421,000000094203,1.864,1.49,2.78,0.00,0.00,S,,,USD,CC
70003562,02210,06,4,20250417,101421,000000005202,1,5.99,5.99,0.00,0.00,S,,,USD,CC
70003563,02210,06,1,20250417,125326,000004491003,1,1.99,1.99,0.00,0.12,S,,,USD,DB
70003564,02210,02,1,20250417,184132,000004471040,3,2.49,7.47,2.49,0.31,S,,MB25W11,USD,CC
70003565,02210,03,1,20250417,71758,000000561002,1,7.49,7.49,0.00,0.47,S,,,USD,CC
70003566,02211,01,1,20250417,74502,000000561002,1,7.49,7.49,0.00,0.47,S,,,USD,GC
70003566,02211,01,2,20250417,74502,000000030102,2,14.99,29.98,0.00,0.00,S,,,USD,GC
70003566,02211,01,3,20250417,74502,000004472001,1,3.99,3.99,0.00,0.25,S,,,USD,GC
70003567,02211,03,1,20250417,102839,000004482002,1,17.99,17.99,0.00,1.12,S,6008214862,,USD,DB
70003567,02211,03,2,20250417,102839,000000040101,2.123,18.99,40.32,0.00,0.00,S,6008214862,,USD,DB
70003567,02211,03,3,20250417,102839,000004471040,3,2.49,7.47,2.49,0.31,S,6008214862,MB25W11,USD,DB
70003568,02211,06,1,20250417,195740,000004472003,1,3.29,3.29,0.00,0.21,S,6025205664,,USD,DB
70003569,02211,05,1,20250417,143615,000004492001,3,1.79,5.37,1.79,0.22,S,,MB25W11,USD,CC
70003569,02211,05,2,20250417,143615,000000020201,1,5.49,5.49,0.00,0.00,S,,,USD,CC
70003570,02211,01,1,20250417,203122,000000040102,0.680,16.99,11.55,0.00,0.00,S,6045822067,,USD,DB
70003570,02211,01,2,20250417,203122,000004483002,3,3.49,10.47,0.00,0.65,S,6045822067,,USD,DB
70003570,02211,01,3,20250417,203122,000000040203,1,11.99,11.99,1.80,0.00,S,6045822067,LY25W10,USD,DB
70003570,02211,01,4,20250417,203122,000000040201,1,8.99,8.99,0.00,0.00,S,6045822067,,USD,DB
70003570,02211,01,5,20250417,203122,000000005101,1,7.99,7.99,0.00,0.00,S,6045822067,,USD,DB
70003571,02305,05,1,20250417,145539,000000552001,1,4.49,4.49,0.00,0.28,S,6032638902,,USD,CC
70003571,02305,05,2,20250417,145539,000004473001,1,2.99,2.99,0.00,0.19,S,6032638902,,USD,CC
70003571,02305,05,3,20250417,145539,000000093325,1.937,3.99,7.73,0.00,0.00,S,6032638902,,USD,CC
70003571,02305,05,4,20250417,145539,000004483001,2,4.99,9.98,0.00,0.62,S,6032638902,,USD,CC
70003572,02305,04,1,20250417,94542,000000093402,0.843,3.29,2.77,0.00,0.00,S,,,USD,DB
70003572,02305,04,2,20250417,94542,000000005202,1,5.99,5.99,0.00,0.00,S,,,USD,DB
70003573,02305,03,1,20250417,151236,000000094202,1.278,1.99,2.54,0.00,0.00,S,,,USD,CC
70003574,02305,02,1,20250417,150449,000004471024,1,3.49,3.49,0.00,0.22,S,6020962893,,USD,DB
70003574,02305,02,2,20250417,150449,000004492001,1,1.79,1.79,0.00,0.11,S,6020962893,,USD,DB
70003575,02305,01,1,20250417,192135,000004493002,2,3.99,7.98,0.00,0.50,S,,,USD,DB
70003575,02305,01,2,20250417,192135,000000093325,0.569,3.99,2.27,0.00,0.00,S,,,USD,DB
70003576,02305,01,1,20250417,163016,000000005013,1,3.89,3.89,0.00,0.00,S,,,USD,CC
70003576,02305,01,2,20250417,163016,000000094302,0.751,5.49,4.12,0.00,0.00,S,,,USD,CC
70003576,02305,01,3,20250417,163016,000004483002,1,3.49,3.49,0.00,0.22,S,,,USD,CC
70003576,02305,01,4,20250417,163016,000000005013,1,3.89,3.89,0.00,0.00,S,,,USD,CC
70003577,02305,01,1,20250417,130930,000000094203,1.497,1.49,2.23,0.00,0.00,S,,,USD,GC
70003577,02305,01,2,20250417,130930,000000031101,0.792,24.99,19.79,0.00,0.00,S,,,USD,GC
70003578,02305,01,1,20250417,150916,000000040102,2.032,16.99,34.52,0.00,0.00,S,,,USD,DB
70003578,02305,01,2,20250417,150916,000000093501,1,4.49,4.49,0.00,0.00,S,,,USD,DB
70003579,02305,02,1,20250417,184845,000004482003,1,5.49,5.49,0.00,0.34,S,,,USD,CS
70003580,02305,02,1,20250417,212622,000000094203,0.607,1.49,0.90,0.00,0.00,S,,,USD,CC
70003580,02305,02,2,20250417,212622,000004472003,2,3.29,6.58,0.00,0.41,S,,,USD,CC
70003580,02305,02,3,20250417,212622,000000093502,1,3.99,3.99,0.00,0.00,S,,,USD,CC
70003580,02305,02,4,20250417,212622,000000562001,1,10.99,10.99,0.00,0.69,S,,,USD,CC
70003580,02305,02,5,20250417,212622,000004473003,1,3.49,3.49,0.00,0.22,S,,,USD,CC
70003581,02305,01,1,20250417,150153,000000552002,2,3.99,7.98,0.00,0.50,S,6052895392,,USD,DB
70003581,02305,01,2,20250417,150153,000000030102,2,14.99,29.98,0.00,0.00,S,6052895392,,USD,DB
70003581,02305,01,3,20250417,150153,000000005301,1,5.49,5.49,0.00,0.00,S,6052895392,,USD,DB
70003581,02305,01,4,20250417,150153,000004493002,2,3.99,7.98,1.20,0.42,S,6052895392,LY25W10,USD,DB
70003582,02305,05,1,20250417,212737,000000020201,1,5.49,5.49,0.00,0.00,S,,,USD,DB
70003582,02305,05,2,20250417,212737,000000562001,1,10.99,10.99,0.00,0.69,S,,,USD,DB
70003582,02305,05,3,20250417,212737,000000552002,1,3.99,3.99,0.00,0.25,S,,,USD,DB
70003582,02305,05,4,20250417,212737,000000020201,1,5.49,5.49,0.00,0.00,S,,,USD,DB
70003582,02305,05,5,20250417,212737,000000005201,1,3.99,3.99,0.00,0.00,S,,,USD,DB
70003583,03050,02,1,20250417,135125,000000005103,1,6.99,6.99,0.00,0.00,S,,,USD,CC
70003583,03050,02,2,20250417,135125,000000040202,1,14.99,14.99,0.00,0.00,S,,,USD,CC
70003584,03050,01,1,20250417,205905,000004481002,3,7.99,23.97,0.00,1.50,S,6090211586,,USD,CC
70003584,03050,01,2,20250417,205905,000000094302,1.045,5.49,5.74,0.00,0.00,S,6090211586,,USD,CC
70003585,03050,02,1,20250417,85952,000000030101,3,6.99,20.97,0.00,0.00,S,,,USD,CC
70003585,03050,02,2,20250417,85952,000000030201,3,9.99,29.97,9.99,0.00,S,,MB25W11,USD,CC
70003586,03050,04,1,20250417,141847,000000562001,1,10.99,10.99,0.00,0.69,S,,,USD,GC
70003586,03050,04,2,20250417,141847,000000020103,2,4.99,9.98,0.00,0.00,S,,,USD,GC
70003586,03050,04,3,20250417,141847,000000005103,2,6.99,13.98,0.00,0.00,S,,,USD,GC
70003586,03050,04,4,20250417,141847,000000005102,1,5.49,5.49,0.00,0.00,S,,,USD,GC
70003586,03050,04,5,20250417,141847,000000094102,1,3.49,3.49,0.00,0.00,S,,,USD,GC
70003587,03050,02,1,20250417,204603,000004472002,1,4.49,4.49,0.00,0.28,S,,,USD,DB
70003588,03050,02,1,20250417,171443,000000094101,1,3.99,3.99,0.00,0.00,S,,,USD,CC
70003588,03050,02,2,20250417,171443,000000093322,2.011,1.99,4.00,0.00,0.00,S,,,USD,CC
70003588,03050,02,3,20250417,171443,000000020203,1,6.49,6.49,0.00,0.00,S,,,USD,CC
70003588,03050,02,4,20250417,171443,000004493002,1,3.99,3.99,0.00,0.25,S,,,USD,CC
70003588,03050,02,5,20250417,171443,000000005302,1,3.49,3.49,0.00,0.00,S,,,USD,CC
70003588,03050,02,6,20250417,171443,000000005103,1,6.99,6.99,0.00,0.00,S,,,USD,CC
70003589,03050,06,1,20250417,181359,000000005201,1,3.99,3.99,0.00,0.00,S,,,USD,DB
70003589,03050,06,2,20250417,181359,000000030103,1,8.99,8.99,0.00,0.00,S,,,USD,DB
70003590,00317,04,1,20250417,185521,000004471040,3,3.39,10.17,3.39,0.42,S,6068315893,MB25W11,CAD,DB
70003590,00317,04,2,20250417,185521,000000093402,1.407,4.49,6.32,0.00,0.00,S,6068315893,,CAD,DB
70003590,00317,04,3,20250417,185521,000000561001,1,13.59,13.59,0.00,0.85,S,6068315893,,CAD,DB
70003590,00317,04,4,20250417,185521,000004471030,1,5.39,5.39,0.00,0.34,S,6068315893,,CAD,DB
70003591,00317,05,1,20250417,143655,000000005102,1,7.49,7.49,0.00,0.00,S,6042717396,,CAD,GC
70003591,00317,05,2,20250417,143655,000000040202,1,20.39,20.39,0.00,0.00,S,6042717396,,CAD,GC
70003592,00317,05,1,20250417,161938,000004481001,1,10.89,10.89,0.00,0.68,S,,,CAD,CC
70003592,00317,05,2,20250417,161938,000000551020,3,18.99,56.97,0.00,3.56,S,,,CAD,CC
70003592,00317,05,3,20250417,161938,000000094203,2.020,1.99,4.02,0.00,0.00,S,,,CAD,CC
70003592,00317,05,4,20250417,161938,000004471040,1,3.39,3.39,0.00,0.21,S,,,CAD,CC
70003592,00317,05,5,20250417,161938,000000093402,2.064,4.49,9.27,0.00,0.00,S,,,CAD,CC
70003592,00317,05,6,20250417,161938,000000040102,0.365,23.09,8.43,0.00,0.00,S,,,CAD,CC
70003593,00317,02,1,20250417,212730,000004492002,1,1.99,1.99,0.00,0.12,S,,,CAD,CC
70003593,00317,02,2,20250417,212730,000000020202,1,8.09,8.09,0.00,0.00,S,,,CAD,CC
70003593,00317,02,3,20250417,212730,000000093325,0.656,5.39,3.54,0.00,0.00,S,,,CAD,CC
70003593,00317,02,4,20250417,212730,000004491003,2,2.69,5.38,0.00,0.34,S,,,CAD,CC
70003594,00317,06,1,20250417,164042,000004481001,2,10.89,21.78,0.00,1.36,S,6068705685,,CAD,CS
70003594,00317,06,2,20250417,164042,000000551021,1,16.29,16.29,0.00,1.02,S,6068705685,,CAD,CS
70003595,00317,02,1,20250417,194502,000000094203,0.854,1.99,1.70,0.00,0.00,S,,,CAD,DB
70003596,01042,05,1,20250418,194603,000000030102,2,14.99,29.98,0.00,0.00,S,,,USD,CC
70003597,01042,03,1,20250418,172725,000004492001,1,1.79,1.79,0.00,0.11,S,6072959639,,USD,DB
70003597,01042,03,2,20250418,172725,000004472002,1,4.49,4.49,0.00,0.28,S,6072959639,,USD,DB
70003597,01042,03,3,20250418,172725,000004473001,1,2.99,2.99,0.00,0.19,S,6072959639,,USD,DB
70003597,01042,03,4,20250418,172725,000004481003,1,4.99,4.99,0.00,0.31,S,6072959639,,USD,DB
70003598,01042,04,1,20250418,122120,000004483002,3,3.49,10.47,0.00,0.65,S,,,USD,DB
70003599,01042,02,1,20250418,184729,000000094202,1.174,1.99,2.34,0.00,0.00,S,6037183764,,USD,CC
70003599,01042,02,2,20250418,184729,000000005101,2,7.99,15.98,0.00,0.00,S,6037183764,,USD,CC
70003600,01042,02,1,20250418,152445,000000005103,1,6.99,6.99,0.00,0.00,S,,,USD,CS
70003600,01042,02,2,20250418,152445,000000561001,1,9.99,9.99,0.00,0.62,S,,,USD,CS
70003600,01042,02,3,20250418,152445,000004471030,1,3.99,3.99,0.00,0.25,S,,,USD,CS
70003601,01042,06,1,20250418,93824,000000030101,1,6.99,6.99,0.00,0.00,S,6002992959,,USD,CS
70003601,01042,06,2,20250418,93824,000004482001,3,13.99,41.97,0.00,2.62,S,6002992959,,USD,CS
70003601,01042,06,3,20250418,93824,000000551021,1,11.99,11.99,0.00,0.75,S,6002992959,,USD,CS
70003601,01042,06,4,20250418,93824,000004471030,1,3.99,3.99,0.00,0.25,S,6002992959,,USD,CS
70003601,01042,06,5,20250418,93824,000000005102,1,5.49,5.49,0.00,0.00,S,6002992959,,USD,CS
70003601,01042,06,6,20250418,93824,000000093502,2,3.99,7.98,0.00,0.00,S,6002992959,,USD,CS
70003602,01042,06,1,20250418,151557,000000005102,1,5.49,5.49,0.00,0.00,S,6007859321,,USD,GC
70003602,01042,06,2,20250418,151557,000000040202,1,14.99,14.99,0.00,0.00,S,6007859321,,USD,GC
70003602,01042,06,3,20250418,151557,000000040101,1.781,18.99,33.82,0.00,0.00,S,6007859321,,USD,GC
70003602,01042,06,4,20250418,151557,000000094203,0.545,1.49,0.81,0.12,0.00,S,6007859321,LY25W10,USD,GC
70003602,01042,06,5,20250418,151557,000004492003,1,2.29,2.29,0.00,0.14,S,6007859321,,USD,GC
70003602,01042,06,6,20250418,151557,000000005020,1,4.49,4.49,0.00,0.00,S,6007859321,,USD,GC
70003603,01107,01,1,20250418,181921,000000093325,1.681,3.99,6.71,0.00,0.00,S,6075150939,,USD,CS
70003603,01107,01,2,20250418,181921,000004473002,1,2.79,2.79,0.00,0.17,S,6075150939,,USD,CS
70003604,01107,05,1,20250418,163614,000000005101,1,7.99,7.99,0.00,0.00,S,6008304405,,USD,CC
70003604,01107,05,2,20250418,163614,000004493002,1,3.99,3.99,0.60,0.21,S,6008304405,LY25W10,USD,CC
70003605,02210,01,1,20250418,125108,000000561001,1,9.99,9.99,0.00,0.62,S,6023248763,,USD,DB
70003605,02210,01,2,20250418,125108,000000562001,1,10.99,10.99,0.00,0.69,S,6023248763,,USD,DB
70003605,02210,01,3,20250418,125108,000000094102,2,3.49,6.98,0.00,0.00,S,6023248763,,USD,DB
70003605,02210,01,4,20250418,125108,000004493002,3,3.99,11.97,1.80,0.64,S,6023248763,LY25W10,USD,DB
70003606,02210,05,1,20250418,162053,000004471030,1,3.99,3.99,0.00,0.25,S,,,USD,DB
70003606,02210,05,2,20250418,162053,000000093501,1,4.49,4.49,0.00,0.00,S,,,USD,DB
70003606,02210,05,3,20250418,162053,000000040203,1,11.99,11.99,0.00,0.00,S,,,USD,DB
70003606,02210,05,4,20250418,162053,000000005103,1,6.99,6.99,0.00,0.00,S,,,USD,DB
70003606,02210,05,5,20250418,162053,000000040102,0.672,16.99,11.42,0.00,0.00,S,,,USD,DB
70003606,02210,05,6,20250418,162053,000004492003,1,2.29,2.29,0.00,0.14,S,,,USD,DB
70003607,02210,05,1,20250418,200015,000000561002,2,7.49,14.98,0.00,0.94,S,6013273034,,USD,CC
70003608,02210,04,1,20250418,151921,000000020202,1,5.99,5.99,0.00,0.00,S,,,USD,CC
70003609,02210,01,1,20250418,72356,000004471040,2,2.49,4.98,0.00,0.31,S,,,USD,CS
70003610,02210,01,1,20250418,110901,000000093410,0.354,3.99,1.41,0.00,0.00,S,,,USD,DB
70003611,02210,05,1,20250418,192848,000000005301,2,5.49,10.98,0.00,0.00,S,,,USD,CC
70003611,02210,05,2,20250418,192848,000000093503,1,4.29,4.29,0.00,0.00,S,,,USD,CC
70003611,02210,05,3,20250418,192848,000004473001,1,2.99,2.99,0.00,0.19,S,,,USD,CC
70003612,02210,03,1,20250418,113635,000004471040,2,2.49,4.98,0.00,0.31,S,,,USD,DB
70003612,02210,03,2,20250418,113635,000000552002,1,3.99,3.99,0.00,0.25,S,,,USD,DB
70003612,02210,03,3,20250418,113635,000000094103,1,3.79,3.79,0.00,0.00,S,,,USD,DB
70003612,02210,03,4,20250418,113635,000000005103,2,6.99,13.98,0.00,0.00,S,,,USD,DB
70003612,02210,03,5,20250418,113635,000004493002,1,3.99,3.99,0.00,0.25,S,,,USD,DB
70003612,02210,03,6,20250418,113635,000004482003,1,5.49,5.49,0.00,0.34,S,,,USD,DB
70003613,02210,03,1,20250418,162444,000004491002,2,6.99,13.98,0.00,0.87,S,,,USD,CC
70003613,02210,03,2,20250418,162444,000004471024,1,3.49,3.49,0.00,0.22,S,,,USD,CC
70003614,02210,04,1,20250418,214108,000000005103,1,6.99,6.99,0.00,0.00,S,,,USD,CC
70003614,02210,04,2,20250418,214108,000000552001,1,4.49,4.49,0.00,0.28,S,,,USD,CC
70003615,02211,03,1,20250418,134922,000000005201,2,3.99,7.98,0.00,0.00,S,6002991406,,USD,DB
70003615,02211,03,2,20250418,134922,000000020203,2,6.49,12.98,0.00,0.00,S,6002991406,,USD,DB
70003616,02211,05,1,20250418,211351,000004492001,3,1.79,5.37,1.79,0.22,S,,MB25W11,USD,CC
70003617,02211,03,1,20250418,75854,000004482002,1,17.99,17.99,0.00,1.12,S,6005080184,,USD,CC
70003617,02211,03,2,20250418,75854,000004482001,1,13.99,13.99,0.00,0.87,S,6005080184,,USD,CC
70003617,02211,03,3,20250418,75854,000004492001,1,1.79,1.79,0.00,0.11,S,6005080184,,USD,CC
70003618,02211,01,1,20250418,183042,000004491001,1,2.49,2.49,0.00,0.16,S,6001347789,,USD,DB
70003618,02211,01,2,20250418,183042,000000005103,1,6.99,6.99,0.00,0.00,S,6001347789,,USD,DB
70003618,02211,01,3,20250418,183042,000000093325,1.257,3.99,5.02,0.00,0.00,S,6001347789,,USD,DB
70003618,02211,01,4,20250418,183042,000000040201,1,8.99,8.99,0.00,0.00,S,6001347789,,USD,DB
70003619,02211,04,1,20250418,114034,000004471030,1,3.99,3.99,0.00,0.25,S,6036577449,,USD,GC
70003619,02211,04,2,20250418,114034,000004492002,1,1.49,1.49,0.00,0.09,S,6036577449,,USD,GC
70003620,02305,04,1,20250418,164639,000004471040,3,2.49,7.47,2.49,0.31,S,,MB25W11,USD,GC
70003620,02305,04,2,20250418,164639,000004491001,1,2.49,2.49,0.00,0.16,S,,,USD,GC
70003620,02305,04,3,20250418,164639,000000093502,1,3.99,3.99,0.00,0.00,S,,,USD,GC
70003620,02305,04,4,20250418,164639,000000561002,1,7.49,7.49,0.00,0.47,S,,,USD,GC
70003620,02305,04,5,20250418,164639,000000005102,1,5.49,5.49,0.00,0.00,S,,,USD,GC
70003620,02305,04,6,20250418,164639,000000040201,1,8.99,8.99,0.00,0.00,S,,,USD,GC
70003621,02305,03,1,20250418,185830,000000094103,1,3.79,3.79,0.00,0.00,S,6000307562,,USD,CC
70003621,02305,03,2,20250418,185830,000004473003,1,3.49,3.49,0.00,0.22,S,6000307562,,USD,CC
70003622,02305,05,1,20250418,185704,000000020103,3,4.99,14.97,4.99,0.00,S,6009166010,MB25W11,USD,CC
70003622,02305,05,2,20250418,185704,000004473002,1,2.79,2.79,0.00,0.17,S,6009166010,,USD,CC
70003623,02305,03,1,20250418,110615,000000005102,2,5.49,10.98,0.00,0.00,S,,,USD,DB
70003623,02305,03,2,20250418,110615,000000030201,2,9.99,19.98,0.00,0.00,S,,,USD,DB
70003623,02305,03,3,20250418,110615,000004491002,1,6.99,6.99,0.00,0.44,S,,,USD,DB
70003623,02305,03,4,20250418,110615,000000040203,2,11.99,23.98,0.00,0.00,S,,,USD,DB
70003623,02305,03,5,20250418,110615,000000094301,0.838,4.39,3.68,0.00,0.00,S,,,USD,DB
70003624,02305,06,1,20250418,102702,000000030202,1,11.49,11.49,0.00,0.00,S,6049998279,,USD,DB
70003624,02305,06,2,20250418,102702,000000094302,0.788,5.49,4.33,0.00,0.00,S,6049998279,,USD,DB
70003624,02305,06,3,20250418,102702,000004471023,1,3.49,3.49,0.00,0.22,S,6049998279,,USD,DB
70003625,02305,03,1,20250418,75722,000000551020,1,13.99,13.99,0.00,0.87,S,6014837537,,USD,GC
70003625,02305,03,2,20250418,75722,000000551021,2,11.99,23.98,0.00,1.50,S,6014837537,,USD,GC
70003625,02305,03,3,20250418,75722,000000551020,1,13.99,13.99,0.00,0.87,S,6014837537,,USD,GC
70003626,02305,06,1,20250418,163020,000004491002,1,6.99,6.99,0.00,0.44,S,6012146147,,USD,CS
70003626,02305,06,2,20250418,163020,000004491003,1,1.99,1.99,0.00,0.12,S,6012146147,,USD,CS
70003627,02305,06,1,20250418,71030,000004493002,1,3.99,3.99,0.00,0.25,S,,,USD,CC
70003627,02305,06,2,20250418,71030,000000093321,1.949,1.49,2.90,0.00,0.00,S,,,USD,CC
70003627,02305,06,3,20250418,71030,000004481002,1,7.99,7.99,0.00,0.50,S,,,USD,CC
70003627,02305,06,4,20250418,71030,000000094201,1.348,1.69,2.28,0.00,0.00,S,,,USD,CC
70003627,02305,06,5,20250418,71030,000000005101,1,7.99,7.99,0.00,0.00,S,,,USD,CC
70003628,02305,04,1,20250418,150108,000004492002,1,1.49,1.49,0.00,0.09,S,,,USD,DB
70003628,02305,04,2,20250418,150108,000000093501,2,4.49,8.98,0.00,0.00,S,,,USD,DB
70003628,02305,04,3,20250418,150108,000004471040,1,2.49,2.49,0.00,0.16,S,,,USD,DB
70003628,02305,04,4,20250418,150108,000000040203,1,11.99,11.99,0.00,0.00,S,,,USD,DB
70003628,02305,04,5,20250418,150108,000000030202,1,11.49,11.49,0.00,0.00,S,,,USD,DB
70003629,02305,05,1,20250418,70408,000000030102,1,14.99,14.99,0.00,0.00,S,6010804661,,USD,GC
70003630,02305,04,1,20250418,214416,000000020203,1,6.49,6.49,0.00,0.00,S,,,USD,DB
70003630,02305,04,2,20250418,214416,000000552002,2,3.99,7.98,0.00,0.50,S,,,USD,DB
70003630,02305,04,3,20250418,214416,000000020101,2,2.49,4.98,0.00,0.00,S,,,USD,DB
70003630,02305,04,4,20250418,214416,000000005012,2,3.99,7.98,0.00,0.00,S,,,USD,DB
70003630,02305,04,5,20250418,214416,000004472003,1,3.29,3.29,0.00,0.21,S,,,USD,DB
70003631,02305,06,1,20250418,144135,000000040101,1.394,18.99,26.47,0.00,0.00,S,,,USD,CC
70003631,02305,06,2,20250418,144135,000000094203,0.516,1.49,0.77,0.00,0.00,S,,,USD,CC
70003631,02305,06,3,20250418,144135,000004471024,1,3.49,3.49,0.00,0.22,S,,,USD,CC
70003631,02305,06,4,20250418,144135,000000005301,1,5.49,5.49,0.00,0.00,S,,,USD,CC
70003631,02305,06,5,20250418,144135,000000093402,1.143,3.29,3.76,0.00,0.00,S,,,USD,CC
70003631,02305,06,6,20250418,144135,000000562001,1,10.99,10.99,0.00,0.69,S,,,USD,CC
70003632,03050,01,1,20250418,153213,000000005101,1,7.99,7.99,0.00,0.00,S,6062056341,,USD,CC
70003632,03050,01,2,20250418,153213,000000020103,3,4.99,14.97,4.99,0.00,S,6062056341,MB25W11,USD,CC
70003632,03050,01,3,20250418,153213,000000020203,3,6.49,19.47,0.00,0.00,S,6062056341,,USD,CC
70003632,03050,01,4,20250418,153213,000004493002,1,3.99,3.99,0.60,0.21,S,6062056341,LY25W10,USD,CC
70003632,03050,01,5,20250418,153213,000000005301,1,5.49,5.49,0.00,0.00,S,6062056341,,USD,CC
70003633,03050,04,1,20250418,113743,000000005302,1,3.49,3.49,0.00,0.00,S,,,USD,GC
70003633,03050,04,2,20250418,113743,000000005103,1,6.99,6.99,0.00,0.00,S,,,USD,GC
70003633,03050,04,3,20250418,113743,000000005102,2,5.49,10.98,0.00,0.00,S,,,USD,GC
70003633,03050,04,4,20250418,113743,000000030202,1,11.49,11.49,0.00,0.00,S,,,USD,GC
70003633,03050,04,5,20250418,113743,000000005103,1,6.99,6.99,0.00,0.00,S,,,USD,GC
70003633,03050,04,6,20250418,113743,000000093402,0.908,3.29,2.99,0.00,0.00,S,,,USD,GC
70003634,03050,02,1,20250418,174909,000000561002,2,7.49,14.98,0.00,0.94,S,,,USD,CC
70003634,03050,02,2,20250418,174909,000004492001,3,1.79,5.37,1.79,0.22,S,,MB25W11,USD,CC
70003635,03050,05,1,20250418,213452,000000020101,1,2.49,2.49,0.00,0.00,S,,,USD,DB
70003635,03050,05,2,20250418,213452,000000562001,2,10.99,21.98,0.00,1.37,S,,,USD,DB
70003635,03050,05,3,20250418,213452,000004483001,2,4.99,9.98,0.00,0.62,S,,,USD,DB
70003635,03050,05,4,20250418,213452,000000093322,1.478,1.99,2.94,0.00,0.00,S,,,USD,DB
70003636,03050,02,1,20250418,85455,000000005201,1,3.99,3.99,0.00,0.00,S,6077820582,,USD,GC
70003636,03050,02,2,20250418,85455,000004473001,2,2.99,5.98,0.00,0.37,S,6077820582,,USD,GC
70003636,03050,02,3,20250418,85455,000000031102,1.535,19.99,30.68,0.00,0.00,S,6077820582,,USD,GC
70003636,03050,02,4,20250418,85455,000000561001,1,9.99,9.99,0.00,0.62,S,6077820582,,USD,GC
70003636,03050,02,5,20250418,85455,000004481002,1,7.99,7.99,0.00,0.50,S,6077820582,,USD,GC
70003637,03050,03,1,20250418,124508,000000020203,1,6.49,6.49,0.00,0.00,S,6042786561,,USD,DB
70003637,03050,03,2,20250418,124508,000000040102,0.671,16.99,11.40,0.00,0.00,S,6042786561,,USD,DB
70003637,03050,03,3,20250418,124508,000004481002,1,7.99,7.99,0.00,0.50,S,6042786561,,USD,DB
70003637,03050,03,4,20250418,124508,000004481001,1,7.99,7.99,0.00,0.50,S,6042786561,,USD,DB
70003637,03050,03,5,20250418,124508,000000552001,1,4.49,4.49,0.00,0.28,S,6042786561,,USD,DB
70003638,00317,02,1,20250418,104309,000004481002,1,10.89,10.89,0.00,0.68,R,6077514010,,CAD,GC
70003639,00317,05,1,20250418,154614,000000030202,1,15.59,15.59,0.00,0.00,S,6053714732,,CAD,CC
70003640,00317,02,1,20250418,75906,000004493002,1,5.39,5.39,0.00,0.34,S,,,CAD,CS
70003641,00317,02,1,20250418,175541,000000030101,1,9.49,9.49,0.00,0.00,S,6041329715,,CAD,DB
70003641,00317,02,2,20250418,175541,000004492001,1,2.39,2.39,0.00,0.15,S,6041329715,,CAD,DB
70003641,00317,02,3,20250418,175541,000004471040,3,3.39,10.17,3.39,0.42,S,6041329715,MB25W11,CAD,DB
70003641,00317,02,4,20250418,175541,000000551020,1,18.99,18.99,0.00,1.19,S,6041329715,,CAD,DB
70003641,00317,02,5,20250418,175541,000000020203,2,8.79,17.58,0.00,0.00,S,6041329715,,CAD,DB
70003641,00317,02,6,20250418,175541,000004493002,1,5.39,5.39,0.81,0.29,S,6041329715,LY25W10,CAD,DB
70003642,00317,04,1,20250418,201455,000000005012,1,5.39,5.39,0.00,0.00,S,6065676618,,CAD,GC
70003642,00317,04,2,20250418,201455,000000093325,1.383,5.39,7.45,0.00,0.00,S,6065676618,,CAD,GC
70003642,00317,04,3,20250418,201455,000004482001,1,18.99,18.99,0.00,1.19,S,6065676618,,CAD,GC
70003642,00317,04,4,20250418,201455,000004493002,1,5.39,5.39,0.81,0.29,S,6065676618,LY25W10,CAD,GC
70003642,00317,04,5,20250418,201455,000000093501,1,6.09,6.09,0.00,0.00,S,6065676618,,CAD,GC
70003643,00317,02,1,20250418,144640,000000020202,1,8.09,8.09,0.00,0.00,S,,,CAD,CC
70003643,00317,02,2,20250418,144640,000000093502,1,5.39,5.39,0.00,0.00,S,,,CAD,CC
70003644,00317,06,1,20250418,171313,000000030201,1,13.59,13.59,0.00,0.00,S,,,CAD,CC
70003644,00317,06,2,20250418,171313,000000040202,1,20.39,20.39,0.00,0.00,S,,,CAD,CC
70003645,00317,01,1,20250418,192048,000000030203,1,11.49,11.49,0.00,0.00,S,,,CAD,CC
70003645,00317,01,2,20250418,192048,000000005103,3,9.49,28.47,0.00,0.00,S,,,CAD,CC
70003645,00317,01,3,20250418,192048,000004471030,2,5.39,10.78,0.00,0.67,S,,,CAD,CC
70003646,00317,06,1,20250418,194943,000000005201,1,5.39,5.39,0.00,0.00,S,6078498436,,CAD,DB
70003646,00317,06,2,20250418,194943,000000040203,1,16.29,16.29,2.44,0.00,S,6078498436,LY25W10,CAD,DB
70003647,00317,03,1,20250418,94752,000000005101,1,10.89,10.89,0.00,0.00,S,6098864976,,CAD,CC
70003647,00317,03,2,20250418,94752,000000040101,1.611,25.79,41.55,0.00,0.00,S,6098864976,,CAD,CC
70003648,00317,06,1,20250418,182229,000000040202,1,20.39,20.39,0.00,0.00,S,,,CAD,CC
70003648,00317,06,2,20250418,182229,000004481003,2,6.79,13.58,0.00,0.85,S,,,CAD,CC
70003648,00317,06,3,20250418,182229,000000005302,1,4.69,4.69,0.00,0.00,S,,,CAD,CC
70003648,00317,06,4,20250418,182229,000000093410,0.471,5.39,2.54,0.00,0.00,S,,,CAD,CC
70003649,00317,04,1,20250418,101804,000000005202,1,8.09,8.09,0.00,0.00,S,6097852491,,CAD,DB
70003649,00317,04,2,20250418,101804,000000093401,1.466,7.49,10.98,0.00,0.00,S,6097852491,,CAD,DB
70003649,00317,04,3,20250418,101804,000000031101,1.382,33.99,46.97,0.00,0.00,S,6097852491,,CAD,DB
70003650,00317,01,1,20250418,81130,000000562001,1,14.89,14.89,0.00,0.93,S,,,CAD,DB
70003651,00317,02,1,20250418,70440,000004472001,2,5.39,10.78,0.00,0.67,S,,,CAD,CC
70003651,00317,02,2,20250418,70440,000004471023,1,4.69,4.69,0.00,0.29,S,,,CAD,CC
70003651,00317,02,3,20250418,70440,000004482002,1,24.49,24.49,0.00,1.53,S,,,CAD,CC
70003651,00317,02,4,20250418,70440,000004471024,1,4.69,4.69,0.00,0.29,S,,,CAD,CC
70003651,00317,02,5,20250418,70440,000000040202,1,20.39,20.39,0.00,0.00,S,,,CAD,CC
70003652,00317,04,1,20250418,165045,000000031101,1.430,33.99,48.61,0.00,0.00,S,,,CAD,CS
70003652,00317,04,2,20250418,165045,000000020103,1,6.79,6.79,0.00,0.00,S,,,CAD,CS
70003653,00317,05,1,20250418,102055,000004492001,2,2.39,4.78,0.00,0.30,S,,,CAD,CC
70003653,00317,05,2,20250418,102055,000004482003,2,7.49,14.98,0.00,0.94,S,,,CAD,CC
70003653,00317,05,3,20250418,102055,000000030201,3,13.59,40.77,13.59,0.00,S,,MB25W11,CAD,CC
70003653,00317,05,4,20250418,102055,000000040201,1,12.19,12.19,0.00,0.00,S,,,CAD,CC
70003654,01042,02,1,20250419,120929,000000094103,1,3.79,3.79,0.00,0.00,S,6007053496,,USD,DB
70003654,01042,02,2,20250419,120929,000000040201,2,8.99,17.98,0.00,0.00,S,6007053496,,USD,DB
70003654,01042,02,3,20250419,120929,000000005013,1,3.89,3.89,0.00,0.00,S,6007053496,,USD,DB
70003654,01042,02,4,20250419,120929,000004481002,1,7.99,7.99,0.00,0.50,S,6007053496,,USD,DB
70003654,01042,02,5,20250419,120929,000000005012,1,3.99,3.99,0.00,0.00,S,6007053496,,USD,DB
70003655,01042,05,1,20250419,165130,000000093401,1.326,5.49,7.28,0.00,0.00,S,6010388629,,USD,CS
70003655,01042,05,2,20250419,165130,000000005012,1,3.99,3.99,0.00,0.00,S,6010388629,,USD,CS
70003656,01042,03,1,20250419,215603,000004492001,1,1.79,1.79,0.00,0.11,S,,,USD,GC
70003656,01042,03,2,20250419,215603,000000551021,1,11.99,11.99,0.00,0.75,S,,,USD,GC
70003657,01042,03,1,20250419,211320,000004473002,1,2.79,2.79,0.00,0.17,S,,,USD,DB
70003657,01042,03,2,20250419,211320,000000030202,1,11.49,11.49,0.00,0.00,S,,,USD,DB
70003657,01042,03,3,20250419,211320,000000040202,1,14.99,14.99,0.00,0.00,S,,,USD,DB
70003657,01042,03,4,20250419,211320,000004493002,2,3.99,7.98,0.00,0.50,S,,,USD,DB
70003657,01042,03,5,20250419,211320,000004483001,2,4.99,9.98,0.00,0.62,S,,,USD,DB
70003657,01042,03,6,20250419,211320,000000552002,1,3.99,3.99,0.00,0.25,S,,,USD,DB
70003658,01042,01,1,20250419,191337,000004482003,1,5.49,5.49,0.00,0.34,S,,,USD,CC
70003658,01042,01,2,20250419,191337,000000005201,1,3.99,3.99,0.00,0.00,S,,,USD,CC
70003659,01042,04,1,20250419,75319,000004471030,1,3.99,3.99,0.00,0.25,S,,,USD,CC
70003660,01107,03,1,20250419,92703,000004492003,2,2.29,4.58,0.00,0.29,S,,,USD,CS
70003660,01107,03,2,20250419,92703,000000040203,1,11.99,11.99,0.00,0.00,S,,,USD,CS
70003660,01107,03,3,20250419,92703,000004471030,1,3.99,3.99,0.00,0.25,S,,,USD,CS
70003661,01107,01,1,20250419,104949,000000005103,1,6.99,6.99,0.00,0.00,S,,,USD,GC
70003661,01107,01,2,20250419,104949,000000005302,1,3.49,3.49,0.00,0.00,S,,,USD,GC
70003661,01107,01,3,20250419,104949,000004491001,2,2.49,4.98,0.00,0.31,S,,,USD,GC
70003661,01107,01,4,20250419,104949,000004492003,1,2.29,2.29,0.00,0.14,S,,,USD,GC
70003661,01107,01,5,20250419,104949,000000020202,1,5.99,5.99,0.00,0.00,S,,,USD,GC
70003662,01107,05,1,20250419,191025,000004491003,1,1.99,1.99,0.00,0.12,S,,,USD,DB
70003662,01107,05,2,20250419,191025,000004481003,2,4.99,9.98,0.00,0.62,S,,,USD,DB
70003662,01107,05,3,20250419,191025,000004481001,1,7.99,7.99,0.00,0.50,S,,,USD,DB
70003662,01107,05,4,20250419,191025,000004481003,1,4.99,4.99,0.00,0.31,S,,,USD,DB
70003663,01107,06,1,20250419,170754,000004473003,1,3.49,3.49,0.00,0.22,S,,,USD,CC
70003663,01107,06,2,20250419,170754,000004481002,2,7.99,15.98,0.00,1.00,S,,,USD,CC
70003663,01107,06,3,20250419,170754,000000093401,1.486,5.49,8.16,0.00,0.00,S,,,USD,CC
70003664,02210,04,1,20250419,191710,000000093322,1.188,1.99,2.36,0.00,0.00,S,,,USD,DB
70003664,02210,04,2,20250419,191710,000000551020,1,13.99,13.99,0.00,0.87,S,,,USD,DB
70003664,02210,04,3,20250419,191710,000004471040,3,2.49,7.47,2.49,0.31,S,,MB25W11,USD,DB
70003664,02210,04,4,20250419,191710,000004473003,1,3.49,3.49,0.00,0.22,S,,,USD,DB
70003664,02210,04,5,20250419,191710,000000005020,1,4.49,4.49,0.00,0.00,S,,,USD,DB
70003664,02210,04,6,20250419,191710,000000094202,0.373,1.99,0.74,0.00,0.00,S,,,USD,DB
70003665,02210,06,1,20250419,191240,000004481003,1,4.99,4.99,0.00,0.31,S,,,USD,CC
70003665,02210,06,2,20250419,191240,000000005301,1,5.49,5.49,0.00,0.00,S,,,USD,CC
70003665,02210,06,3,20250419,191240,000000094302,1.004,5.49,5.51,0.00,0.00,S,,,USD,CC
70003665,02210,06,4,20250419,191240,000004491001,1,2.49,2.49,0.00,0.16,S,,,USD,CC
70003666,02210,04,1,20250419,152833,000004472001,3,3.99,11.97,0.00,0.75,S,6059597752,,USD,CC
70003667,02210,01,1,20250419,161847,000004471040,1,2.49,2.49,0.00,0.16,S,,,USD,GC
70003668,02210,01,1,20250419,192753,000000005103,1,6.99,6.99,0.00,0.00,S,6017990421,,USD,GC
70003669,02210,04,1,20250419,170804,000000040201,2,8.99,17.98,0.00,0.00,S,6098808583,,USD,GC
70003669,02210,04,2,20250419,170804,000000020102,1,3.49,3.49,0.00,0.00,S,6098808583,,USD,GC
70003670,02210,01,1,20250419,91938,000000094203,2.187,1.49,3.26,0.00,0.00,S,,,USD,CC
70003670,02210,01,2,20250419,91938,000004491003,1,1.99,1.99,0.00,0.12,S,,,USD,CC
70003670,02210,01,3,20250419,91938,000004471040,3,2.49,7.47,2.49,0.31,S,,MB25W11,USD,CC
70003671,02210,05,1,20250419,194628,000000551021,1,11.99,11.99,0.00,0.75,S,,,USD,CC
70003671,02210,05,2,20250419,194628,000000562002,1,8.49,8.49,0.00,0.53,S,,,USD,CC
70003671,02210,05,3,20250419,194628,000000094101,3,3.99,11.97,0.00,0.00,S,,,USD,CC
70003672,02210,01,1,20250419,194646,000004473001,3,2.99,8.97,0.00,0.56,S,6041328348,,USD,DB
70003672,02210,01,2,20250419,194646,000000094202,1.048,1.99,2.09,0.00,0.00,S,6041328348,,USD,DB
70003672,02210,01,3,20250419,194646,000004471024,2,3.49,6.98,0.00,0.44,S,6041328348,,USD,DB
70003672,02210,01,4,20250419,194646,000000093402,1.272,3.29,4.18,0.00,0.00,S,6041328348,,USD,DB
70003672,02210,01,5,20250419,194646,000004493002,1,3.99,3.99,0.60,0.21,S,6041328348,LY25W10,USD,DB
70003672,02210,01,6,20250419,194646,000004493002,1,3.99,3.99,0.60,0.21,S,6041328348,LY25W10,USD,DB
70003673,02210,05,1,20250419,181359,000000005101,1,7.99,7.99,0.00,0.00,S,,,USD,DB
70003674,02210,02,1,20250419,152949,000004481002,3,7.99,23.97,0.00,1.50,S,,,USD,DB
70003674,02210,02,2,20250419,152949,000000094201,1.591,1.69,2.69,0.00,0.00,S,,,USD,DB
70003674,02210,02,3,20250419,152949,000000005103,2,6.99,13.98,0.00,0.00,S,,,USD,DB
70003674,02210,02,4,20250419,152949,000000020202,1,5.99,5.99,0.00,0.00,S,,,USD,DB
70003675,02210,02,1,20250419,190625,000000020203,1,6.49,6.49,0.00,0.00,S,6062639343,,USD,GC
70003675,02210,02,2,20250419,190625,000004492003,1,2.29,2.29,0.00,0.14,S,6062639343,,USD,GC
70003676,02211,01,1,20250419,85600,000004472003,1,3.29,3.29,0.00,0.21,S,6087884434,,USD,DB
70003676,02211,01,2,20250419,85600,000004491002,1,6.99,6.99,0.00,0.44,S,6087884434,,USD,DB
70003676,02211,01,3,20250419,85600,000000020103,1,4.99,4.99,0.00,0.00,S,6087884434,,USD,DB
70003676,02211,01,4,20250419,85600,000000020203,1,6.49,6.49,0.00,0.00,S,6087884434,,USD,DB
70003676,02211,01,5,20250419,85600,000004493001,1,5.49,5.49,0.00,0.34,S,6087884434,,USD,DB
70003677,02211,05,1,20250419,110653,000000020101,2,2.49,4.98,0.00,0.00,S,6021965652,,USD,DB
70003677,02211,05,2,20250419,110653,000000020203,1,6.49,6.49,0.00,0.00,S,6021965652,,USD,DB
70003677,02211,05,3,20250419,110653,000004472002,1,4.49,4.49,0.00,0.28,S,6021965652,,USD,DB
70003678,02211,04,1,20250419,153104,000000562002,1,8.49,8.49,0.00,0.53,S,,,USD,CS
70003678,02211,04,2,20250419,153104,000000005101,1,7.99,7.99,0.00,0.00,S,,,USD,CS
70003678,02211,04,3,20250419,153104,000004471040,3,2.49,7.47,2.49,0.31,S,,MB25W11,USD,CS
70003679,02211,04,1,20250419,202631,000000030201,1,9.99,9.99,0.00,0.00,S,6060138241,,USD,GC
70003680,02211,02,1,20250419,102913,000000040203,1,11.99,11.99,0.00,0.00,S,,,USD,GC
70003680,02211,02,2,20250419,102913,000004482002,1,17.99,17.99,0.00,1.12,S,,,USD,GC
70003680,02211,02,3,20250419,102913,000004473003,1,3.49,3.49,0.00,0.22,S,,,USD,GC
70003680,02211,02,4,20250419,102913,000004471030,1,3.99,3.99,0.00,0.25,S,,,USD,GC
70003681,02211,05,1,20250419,194018,000004483002,1,3.49,3.49,0.00,0.22,S,6031465911,,USD,DB
70003681,02211,05,2,20250419,194018,000000561001,1,9.99,9.99,0.00,0.62,S,6031465911,,USD,DB
70003681,02211,05,3,20250419,194018,000000005013,1,3.89,3.89,0.00,0.00,S,6031465911,,USD,DB
70003682,02211,03,1,20250419,93345,000000005201,1,3.99,3.99,0.00,0.00,S,,,USD,DB
70003682,02211,03,2,20250419,93345,000004482001,2,13.99,27.98,0.00,1.75,S,,,USD,DB
70003683,02305,02,1,20250419,113315,000000005020,1,4.49,4.49,0.00,0.00,S,6080172260,,USD,CC
70003684,02305,02,1,20250419,130622,000000093501,1,4.49,4.49,0.00,0.00,S,,,USD,GC
70003684,02305,02,2,20250419,130622,000000020201,1,5.49,5.49,0.00,0.00,S,,,USD,GC
70003684,02305,02,3,20250419,130622,000000031102,0.977,19.99,19.53,0.00,0.00,S,,,USD,GC
70003684,02305,02,4,20250419,130622,000004473003,1,3.49,3.49,0.00,0.22,S,,,USD,GC
70003685,02305,06,1,20250419,152408,000004482002,1,17.99,17.99,0.00,1.12,S,6071576605,,USD,DB
70003685,02305,06,2,20250419,152408,000000031101,1.603,24.99,40.06,0.00,0.00,S,6071576605,,USD,DB
70003685,02305,06,3,20250419,152408,000000005302,1,3.49,3.49,0.00,0.00,S,6071576605,,USD,DB
70003686,02305,05,1,20250419,142042,000004492003,1,2.29,2.29,0.00,0.14,S,6014339527,,USD,CC
70003686,02305,05,2,20250419,142042,000004493002,1,3.99,3.99,0.60,0.21,S,6014339527,LY25W10,USD,CC
70003686,02305,05,3,20250419,142042,000000005201,1,3.99,3.99,0.00,0.00,S,6014339527,,USD,CC
70003687,02305,99,1,20250419,92602,000004471040,3,2.49,7.47,2.49,0.31,S,6045593766,MB25W11,USD,DB
70003687,02305,99,2,20250419,92602,000000030102,2,14.99,29.98,0.00,0.00,S,6045593766,,USD,DB
70003687,02305,99,3,20250419,92602,000000551021,1,11.99,11.99,0.00,0.75,S,6045593766,,USD,DB
70003687,02305,99,4,20250419,92602,000000005202,1,5.99,5.99,0.00,0.00,S,6045593766,,USD,DB
70003688,02305,06,1,20250419,162643,000004493002,3,3.99,11.97,0.00,0.75,S,,,USD,CC
70003688,02305,06,2,20250419,162643,000000005102,1,5.49,5.49,0.00,0.00,S,,,USD,CC
70003689,02305,06,1,20250419,111142,000004481001,1,7.99,7.99,0.00,0.50,S,,,USD,CS
70003689,02305,06,2,20250419,111142,000000093410,1.017,3.99,4.06,0.00,0.00,S,,,USD,CS
70003689,02305,06,3,20250419,111142,000000005101,1,7.99,7.99,0.00,0.00,S,,,USD,CS
70003689,02305,06,4,20250419,111142,000000031101,1.506,24.99,37.63,0.00,0.00,S,,,USD,CS
70003689,02305,06,5,20250419,111142,000000093502,1,3.99,3.99,0.00,0.00,S,,,USD,CS
70003690,02305,06,1,20250419,202852,000000005103,2,6.99,13.98,0.00,0.00,S,,,USD,CC
70003690,02305,06,2,20250419,202852,000000094203,0.929,1.49,1.38,0.00,0.00,S,,,USD,CC
70003691,02305,03,1,20250419,73517,000000094301,1.412,4.39,6.20,0.00,0.00,R,6023116491,,USD,CS
70003692,02305,04,1,20250419,153030,000004473002,2,2.79,5.58,0.00,0.35,S,,,USD,GC
70003692,02305,04,2,20250419,153030,000000005012,1,3.99,3.99,0.00,0.00,S,,,USD,GC
70003693,02305,03,1,20250419,210010,000004473003,1,3.49,3.49,0.00,0.22,S,,,USD,DB
70003693,02305,03,2,20250419,210010,000000094101,1,3.99,3.99,0.00,0.00,S,,,USD,DB
70003693,02305,03,3,20250419,210010,000000094202,1.950,1.99,3.88,0.00,0.00,S,,,USD,DB
70003693,02305,03,4,20250419,210010,000000094201,1.764,1.69,2.98,0.00,0.00,S,,,USD,DB
70003694,02305,06,1,20250419,141237,000000005302,1,3.49,3.49,0.00,0.00,S,6014060293,,USD,CC
70003695,03050,01,1,20250419,163044,000000005020,1,4.49,4.49,0.00,0.00,S,6006271531,,USD,DB
70003695,03050,01,2,20250419,163044,000000020201,2,5.49,10.98,0.00,0.00,S,6006271531,,USD,DB
70003696,03050,02,1,20250419,102408,000000005020,1,4.49,4.49,0.00,0.00,S,,,USD,CC
70003696,03050,02,2,20250419,102408,000004492001,1,1.79,1.79,0.00,0.11,S,,,USD,CC
70003696,03050,02,3,20250419,102408,000004481003,1,4.99,4.99,0.00,0.31,S,,,USD,CC
70003696,03050,02,4,20250419,102408,000000020203,1,6.49,6.49,0.00,0.00,S,,,USD,CC
70003696,03050,02,5,20250419,102408,000000040202,1,14.99,14.99,0.00,0.00,S,,,USD,CC
70003697,03050,03,1,20250419,213547,000000020101,2,2.49,4.98,0.00,0.00,S,6084577600,,USD,CC
70003697,03050,03,2,20250419,213547,000000094203,1.531,1.49,2.28,0.34,0.00,S,6084577600,LY25W10,USD,CC
70003697,03050,03,3,20250419,213547,000000020103,1,4.99,4.99,0.00,0.00,S,6084577600,,USD,CC
70003698,03050,05,1,20250419,192331,000000005102,1,5.49,5.49,0.00,0.00,S,,,USD,DB
70003698,03050,05,2,20250419,192331,000004473003,1,3.49,3.49,0.00,0.22,S,,,USD,DB
70003698,03050,05,3,20250419,192331,000000093401,1.947,5.49,10.69,0.00,0.00,S,,,USD,DB
70003699,03050,04,1,20250419,123504,000000093325,0.306,3.99,1.22,0.00,0.00,S,,,USD,DB
70003700,03050,02,1,20250419,145741,000000561001,1,9.99,9.99,0.00,0.62,S,,,USD,DB
70003700,03050,02,2,20250419,145741,000000561001,1,9.99,9.99,0.00,0.62,S,,,USD,DB
70003700,03050,02,3,20250419,145741,000004481001,1,7.99,7.99,0.00,0.50,S,,,USD,DB
70003700,03050,02,4,20250419,145741,000000040102,0.908,16.99,15.43,0.00,0.00,S,,,USD,DB
70003700,03050,02,5,20250419,145741,000000040202,1,14.99,14.99,0.00,0.00,S,,,USD,DB
70003700,03050,02,6,20250419,145741,000004482002,1,17.99,17.99,0.00,1.12,S,,,USD,DB
70003701,03050,04,1,20250419,111222,000000040101,1.503,18.99,28.54,0.00,0.00,S,6031537795,,USD,DB
70003701,03050,04,2,20250419,111222,000000030202,1,11.49,11.49,0.00,0.00,S,6031537795,,USD,DB
70003701,03050,04,3,20250419,111222,000000552001,1,4.49,4.49,0.00,0.28,S,6031537795,,USD,DB
70003701,03050,04,4,20250419,111222,000000005101,1,7.99,7.99,0.00,0.00,S,6031537795,,USD,DB
70003702,03050,01,1,20250419,140524,000000093501,2,4.49,8.98,0.00,0.00,S,,,USD,CC
70003702,03050,01,2,20250419,140524,000000040202,1,14.99,14.99,0.00,0.00,S,,,USD,CC
70003702,03050,01,3,20250419,140524,000000020103,1,4.99,4.99,0.00,0.00,S,,,USD,CC
70003702,03050,01,4,20250419,140524,000000561002,1,7.49,7.49,0.00,0.47,S,,,USD,CC
70003702,03050,01,5,20250419,140524,000000005302,1,3.49,3.49,0.00,0.00,S,,,USD,CC
70003702,03050,01,6,20250419,140524,000000020103,1,4.99,4.99,0.00,0.00,V,,,USD,CC
70003703,00317,04,1,20250419,75752,000000030103,1,12.19,12.19,0.00,0.00,S,6091476607,,CAD,DB
70003704,00317,04,1,20250419,142110,000000005102,1,7.49,7.49,0.00,0.00,S,6033750479,,CAD,CC
70003704,00317,04,2,20250419,142110,000000093401,0.959,7.49,7.18,0.00,0.00,S,6033750479,,CAD,CC
70003704,00317,04,3,20250419,142110,000004493002,2,5.39,10.78,1.62,0.57,S,6033750479,LY25W10,CAD,CC
70003704,00317,04,4,20250419,142110,000004471024,1,4.69,4.69,0.00,0.29,S,6033750479,,CAD,CC
70003705,00317,06,1,20250419,142224,000004482003,1,7.49,7.49,0.00,0.47,S,6011091939,,CAD,DB
70003705,00317,06,2,20250419,142224,000000031101,1.460,33.99,49.63,0.00,0.00,S,6011091939,,CAD,DB
70003706,00317,05,1,20250419,140032,000000093325,1.733,5.39,9.34,0.00,0.00,S,6057937639,,CAD,DB
70003706,00317,05,2,20250419,140032,000000093322,1.865,2.69,5.02,0.00,0.00,S,6057937639,,CAD,DB
70003706,00317,05,3,20250419,140032,000000031102,0.312,27.19,8.48,0.00,0.00,S,6057937639,,CAD,DB
70003706,00317,05,4,20250419,140032,000000005301,1,7.49,7.49,0.00,0.00,S,6057937639,,CAD,DB
70003707,00317,02,1,20250419,120640,000004492003,1,3.09,3.09,0.00,0.19,S,6004166241,,CAD,CC
70003707,00317,02,2,20250419,120640,000000094203,1.288,1.99,2.56,0.38,0.00,S,6004166241,LY25W10,CAD,CC
70003707,00317,02,3,20250419,120640,000000020101,2,3.39,6.78,0.00,0.00,S,6004166241,,CAD,CC
70003708,00317,05,1,20250419,172406,000004483001,2,6.79,13.58,0.00,0.85,S,6048235715,,CAD,DB
70003708,00317,05,2,20250419,172406,000004472050,1,5.39,5.39,0.00,0.34,S,6048235715,,CAD,DB
70003708,00317,05,3,20250419,172406,000000005202,1,8.09,8.09,0.00,0.00,S,6048235715,,CAD,DB
70003708,00317,05,4,20250419,172406,000000020103,3,6.79,20.37,6.79,0.00,S,6048235715,MB25W11,CAD,DB
70003709,01042,06,1,20250420,104932,000004493002,1,3.99,3.99,0.00,0.25,S,,,USD,CC
70003710,01042,06,1,20250420,142541,000004471040,1,2.49,2.49,0.00,0.16,S,,,USD,DB
70003710,01042,06,2,20250420,142541,000000040201,1,8.99,8.99,0.00,0.00,S,,,USD,DB
70003711,01042,01,1,20250420,132933,000000031101,0.515,24.99,12.87,0.00,0.00,S,,,USD,CS
70003711,01042,01,2,20250420,132933,000000093322,1.362,1.99,2.71,0.00,0.00,S,,,USD,CS
70003712,01042,06,1,20250420,71417,000000005102,1,5.49,5.49,1.10,0.00,S,6061968931,PC25W12,USD,CS
70003712,01042,06,2,20250420,71417,000000561001,1,9.99,9.99,0.00,0.62,S,6061968931,,USD,CS
70003713,01107,02,1,20250420,133215,000000005102,1,5.49,5.49,1.10,0.00,S,,PC25W12,USD,DB
70003713,01107,02,2,20250420,133215,000000040201,2,8.99,17.98,0.00,0.00,S,,,USD,DB
70003713,01107,02,3,20250420,133215,000000040202,1,14.99,14.99,0.00,0.00,S,,,USD,DB
70003714,01107,02,1,20250420,181023,000000552001,1,4.49,4.49,0.00,0.28,S,,,USD,GC
70003714,01107,02,2,20250420,181023,000000020202,1,5.99,5.99,0.00,0.00,S,,,USD,GC
70003715,01107,02,1,20250420,161342,000000005202,1,5.99,5.99,0.00,0.00,S,,,USD,CS
70003715,01107,02,2,20250420,161342,000004481003,1,4.99,4.99,0.00,0.31,S,,,USD,CS
70003715,01107,02,3,20250420,161342,000000005013,1,3.89,3.89,0.00,0.00,S,,,USD,CS
70003716,01107,06,1,20250420,124349,000004482003,1,5.49,5.49,0.00,0.34,S,,,USD,CS
70003716,01107,06,2,20250420,124349,000004471024,3,3.49,10.47,0.00,0.65,S,,,USD,CS
70003716,01107,06,3,20250420,124349,000000005012,1,3.99,3.99,0.00,0.00,S,,,USD,CS
70003716,01107,06,4,20250420,124349,000000040202,2,14.99,29.98,0.00,0.00,S,,,USD,CS
70003716,01107,06,5,20250420,124349,000004472003,1,3.29,3.29,0.00,0.21,S,,,USD,CS
70003717,01107,02,1,20250420,165345,000000040203,1,11.99,11.99,0.00,0.00,S,,,USD,CS
70003717,01107,02,2,20250420,165345,000000020203,2,6.49,12.98,0.00,0.00,S,,,USD,CS
70003718,02210,02,1,20250420,133233,000004472002,1,4.49,4.49,0.00,0.28,S,,,USD,DB
70003719,02210,05,1,20250420,134507,000000030202,1,11.49,11.49,0.00,0.00,S,6055333426,,USD,CC
70003719,02210,05,2,20250420,134507,000004493001,1,5.49,5.49,0.00,0.34,S,6055333426,,USD,CC
70003719,02210,05,3,20250420,134507,000000093325,0.568,3.99,2.27,0.45,0.00,S,6055333426,PC25W12,USD,CC
70003719,02210,05,4,20250420,134507,000000030103,1,8.99,8.99,0.00,0.00,S,6055333426,,USD,CC
70003720,02210,06,1,20250420,215746,000000094203,1.030,1.49,1.53,0.31,0.00,S,,PC25W12,USD,DB
70003720,02210,06,2,20250420,215746,000000031101,2.096,24.99,52.38,0.00,0.00,S,,,USD,DB
70003720,02210,06,3,20250420,215746,000000094202,1.853,1.99,3.69,0.00,0.00,S,,,USD,DB
70003720,02210,06,4,20250420,215746,000000551021,1,11.99,11.99,0.00,0.75,S,,,USD,DB
70003721,02210,03,1,20250420,133105,000000020103,3,4.99,14.97,4.99,0.00,S,,MB25W11,USD,CC
70003721,02210,03,2,20250420,133105,000000093501,1,4.49,4.49,0.00,0.00,S,,,USD,CC
70003722,02210,01,1,20250420,71445,000004471023,2,3.49,6.98,0.00,0.44,S,6086693465,,USD,CC
70003722,02210,01,2,20250420,71445,000000020202,1,5.99,5.99,0.00,0.00,S,6086693465,,USD,CC
70003722,02210,01,3,20250420,71445,000000552001,3,4.49,13.47,0.00,0.84,S,6086693465,,USD,CC
70003722,02210,01,4,20250420,71445,000004472002,2,4.49,8.98,0.00,0.56,S,6086693465,,USD,CC
70003722,02210,01,5,20250420,71445,000004492003,1,2.29,2.29,0.00,0.14,S,6086693465,,USD,CC
70003722,02210,01,6,20250420,71445,000000005101,1,7.99,7.99,0.00,0.00,S,6086693465,,USD,CC
70003723,02210,05,1,20250420,193328,000000562002,1,8.49,8.49,0.00,0.53,S,6071753556,,USD,GC
70003723,02210,05,2,20250420,193328,000000093322,1.767,1.99,3.52,0.00,0.00,S,6071753556,,USD,GC
70003724,02210,06,1,20250420,173735,000004492002,1,1.49,1.49,0.00,0.09,S,6030833016,,USD,CC
70003724,02210,06,2,20250420,173735,000004483001,1,4.99,4.99,0.00,0.31,S,6030833016,,USD,CC
70003724,02210,06,3,20250420,173735,000004482003,1,5.49,5.49,0.00,0.34,S,6030833016,,USD,CC
70003725,02210,04,1,20250420,84443,000004471040,3,2.49,7.47,2.49,0.31,S,6005097545,MB25W11,USD,CC
70003725,02210,04,2,20250420,84443,000000005301,2,5.49,10.98,0.00,0.00,S,6005097545,,USD,CC
70003726,02211,01,1,20250420,91358,000004482003,1,5.49,5.49,0.00,0.34,S,,,USD,DB
70003726,02211,01,2,20250420,91358,000000551020,1,13.99,13.99,0.00,0.87,S,,,USD,DB
70003727,02211,03,1,20250420,114329,000000040203,1,11.99,11.99,0.00,0.00,S,,,USD,GC
70003727,02211,03,2,20250420,114329,000004483001,1,4.99,4.99,0.00,0.31,S,,,USD,GC
70003727,02211,03,3,20250420,114329,000000020102,1,3.49,3.49,0.00,0.00,S,,,USD,GC
70003727,02211,03,4,20250420,114329,000004473001,1,2.99,2.99,0.00,0.19,S,,,USD,GC
70003728,02211,06,1,20250420,195809,000004482003,3,5.49,16.47,0.00,1.03,S,6092855749,,USD,GC
70003728,02211,06,2,20250420,195809,000000040102,0.559,16.99,9.50,0.00,0.00,S,6092855749,,USD,GC
70003728,02211,06,3,20250420,195809,000004482001,3,13.99,41.97,0.00,2.62,S,6092855749,,USD,GC
70003729,02211,03,1,20250420,71702,000004493001,1,5.49,5.49,0.00,0.34,S,6081995604,,USD,DB
70003729,02211,03,2,20250420,71702,000004471040,3,2.49,7.47,2.49,0.31,S,6081995604,MB25W11,USD,DB
70003729,02211,03,3,20250420,71702,000004482001,1,13.99,13.99,0.00,0.87,S,6081995604,,USD,DB
70003730,02211,06,1,20250420,164407,000004491001,1,2.49,2.49,0.00,0.16,S,,,USD,CC
70003730,02211,06,2,20250420,164407,000000020103,3,4.99,14.97,4.99,0.00,S,,MB25W11,USD,CC
70003730,02211,06,3,20250420,164407,000004492002,1,1.49,1.49,0.00,0.09,S,,,USD,CC
70003731,02211,03,1,20250420,190642,000000040102,1.723,16.99,29.27,0.00,0.00,S,,,USD,CC
70003731,02211,03,2,20250420,190642,000000094203,0.960,1.49,1.43,0.29,0.00,S,,PC25W12,USD,CC
70003732,02211,01,1,20250420,112015,000000020103,3,4.99,14.97,4.99,0.00,S,,MB25W11,USD,DB
70003732,02211,01,2,20250420,112015,000000040102,0.292,16.99,4.96,0.00,0.00,S,,,USD,DB
70003732,02211,01,3,20250420,112015,000004471030,1,3.99,3.99,0.80,0.20,S,,PC25W12,USD,DB
70003732,02211,01,4,20250420,112015,000000094201,0.630,1.69,1.06,0.00,0.00,S,,,USD,DB
70003732,02211,01,5,20250420,112015,000004473003,1,3.49,3.49,0.00,0.22,S,,,USD,DB
70003733,02211,04,1,20250420,135356,000000040203,1,11.99,11.99,0.00,0.00,S,6074573144,,USD,GC
70003733,02211,04,2,20250420,135356,000004492001,3,1.79,5.37,1.79,0.22,S,6074573144,MB25W11,USD,GC
70003733,02211,04,3,20250420,135356,000000005301,1,5.49,5.49,0.00,0.00,S,6074573144,,USD,GC
70003734,,02,1,20250420,165319,000000005103,1,6.99,6.99,0.00,0.00,S,,,USD,DB
70003734,02305,02,2,20250420,165319,000000562002,2,8.49,16.98,0.00,1.06,S,,,USD,DB
70003734,02305,02,3,20250420,165319,000000562001,1,10.99,10.99,0.00,0.69,S,,,USD,DB
70003735,02305,02,1,20250420,182807,000000562002,1,8.49,8.49,0.00,0.53,S,,,USD,CC
70003735,02305,02,2,20250420,182807,000000093321,1.586,1.49,2.36,0.00,0.00,S,,,USD,CC
70003735,02305,02,3,20250420,182807,000000030201,3,9.99,29.97,9.99,0.00,S,,MB25W11,USD,CC
70003735,02305,02,4,20250420,182807,000004473002,1,2.79,2.79,0.00,0.17,S,,,USD,CC
70003736,02305,01,1,20250420,190537,000004471040,2,2.49,4.98,0.00,0.31,S,6015353961,,USD,DB
70003736,02305,01,2,20250420,190537,000000030203,1,8.49,8.49,0.00,0.00,S,6015353961,,USD,DB
70003736,02305,01,3,20250420,190537,000000005102,1,5.49,5.49,1.10,0.00,S,6015353961,PC25W12,USD,DB
70003737,02305,04,1,20250420,210558,000000005302,3,3.49,10.47,0.00,0.00,S,6076896270,,USD,CC
70003737,02305,04,2,20250420,210558,000004473001,1,2.99,2.99,0.00,0.19,S,6076896270,,USD,CC
70003737,02305,04,3,20250420,210558,000004482003,1,5.49,5.49,0.00,0.34,S,6076896270,,USD,CC
70003738,02305,04,1,20250420,72857,000004491001,2,2.49,4.98,0.00,0.31,S,6008488725,,USD,DB
70003738,02305,04,2,20250420,72857,000000030201,1,9.99,9.99,0.00,0.00,S,6008488725,,USD,DB
70003738,02305,04,3,20250420,72857,000000005020,1,4.49,4.49,0.00,0.00,S,6008488725,,USD,DB
70003738,02305,04,4,20250420,72857,000004491002,1,6.99,6.99,1.40,0.35,S,6008488725,PC25W12,USD,DB
70003738,02305,04,5,20250420,72857,000000031101,1.015,24.99,25.36,0.00,0.00,S,6008488725,,USD,DB
70003739,02305,01,1,20250420,103321,000000562001,2,10.99,21.98,0.00,1.37,S,6035134261,,USD,DB
70003739,02305,01,2,20250420,103321,000000094202,1.957,1.99,3.89,0.00,0.00,S,6035134261,,USD,DB
70003739,02305,01,3,20250420,103321,000000093503,2,4.29,8.58,0.00,0.00,S,6035134261,,USD,DB
70003740,02305,01,1,20250420,80258,000004482002,3,17.99,53.97,0.00,3.37,S,6014837537,,USD,CC
70003740,02305,01,2,20250420,80258,000000094203,0.578,1.49,0.86,0.17,0.00,S,6014837537,PC25W12,USD,CC
70003740,02305,01,3,20250420,80258,000000093501,1,4.49,4.49,0.00,0.00,S,6014837537,,USD,CC
70003740,02305,01,4,20250420,80258,000000005202,2,5.99,11.98,0.00,0.00,S,6014837537,,USD,CC
70003740,02305,01,5,20250420,80258,000000093401,1.711,5.49,9.39,0.00,0.00,S,6014837537,,USD,CC
70003741,02305,04,1,20250420,104514,000000020101,1,2.49,2.49,0.00,0.00,S,,,USD,CC
70003742,02305,03,1,20250420,192608,000004473003,2,3.49,6.98,0.00,0.44,S,,,USD,CC
70003742,02305,03,2,20250420,192608,000004471030,1,3.99,3.99,0.80,0.20,S,,PC25W12,USD,CC
70003742,02305,03,3,20250420,192608,000000030102,3,14.99,44.97,0.00,0.00,S,,,USD,CC
70003742,02305,03,4,20250420,192608,000000094203,0.388,1.49,0.58,0.12,0.00,S,,PC25W12,USD,CC
70003742,02305,03,5,20250420,192608,000004471040,3,2.49,7.47,2.49,0.31,S,,MB25W11,USD,CC
70003742,02305,03,6,20250420,192608,000004491003,3,1.99,5.97,0.00,0.37,S,,,USD,CC
70003743,02305,04,1,20250420,144612,000004473001,1,2.99,2.99,0.00,0.19,S,,,USD,CC
70003743,02305,04,2,20250420,144612,000004482003,1,5.49,5.49,0.00,0.34,S,,,USD,CC
70003743,02305,04,3,20250420,144612,000000093325,1.226,3.99,4.89,0.98,0.00,S,,PC25W12,USD,CC
70003743,02305,04,4,20250420,144612,000000030103,1,8.99,8.99,0.00,0.00,S,,,USD,CC
70003744,02305,03,1,20250420,204814,000000094201,0.621,1.69,1.05,0.00,0.00,S,,,USD,CC
70003744,02305,03,2,20250420,204814,000000030103,1,8.99,8.99,0.00,0.00,S,,,USD,CC
70003744,02305,03,3,20250420,204814,000004491003,1,1.99,1.99,0.00,0.12,S,,,USD,CC
70003745,02305,04,1,20250420,143015,000004493001,2,5.49,10.98,0.00,0.69,S,,,USD,CS
70003745,02305,04,2,20250420,143015,000000020203,1,6.49,6.49,0.00,0.00,S,,,USD,CS
70003745,02305,04,3,20250420,143015,000000030203,1,8.49,8.49,0.00,0.00,S,,,USD,CS
70003745,02305,04,4,20250420,143015,000004492002,1,1.49,1.49,0.00,0.09,S,,,USD,CS
70003745,02305,04,5,20250420,143015,000000093503,1,4.29,4.29,0.00,0.00,S,,,USD,CS
70003746,03050,02,1,20250420,142524,000004472003,1,3.29,3.29,0.00,0.21,R,,,USD,CC
70003747,03050,04,1,20250420,71139,000000005102,1,5.49,5.49,1.10,0.00,S,,PC25W12,USD,CC
70003748,03050,03,1,20250420,201032,000000551020,1,13.99,13.99,0.00,0.87,S,,,USD,DB
70003748,03050,03,2,20250420,201032,000000093501,1,4.49,4.49,0.00,0.00,S,,,USD,DB
70003748,03050,03,3,20250420,201032,000000031101,2.106,24.99,52.63,0.00,0.00,S,,,USD,DB
70003748,03050,03,4,20250420,201032,000000030103,1,8.99,8.99,0.00,0.00,S,,,USD,DB
70003748,03050,03,5,20250420,201032,000009999999,1,14.99,14.99,0.00,0.00,S,,,USD,DB
70003748,03050,03,6,20250420,201032,000000093401,0.787,5.49,4.32,0.00,0.00,S,,,USD,DB
70003749,03050,04,1,20250420,201743,000000094103,2,3.79,7.58,0.00,0.00,S,6015273230,,USD,CC
70003749,03050,04,2,20250420,201743,000000005012,1,3.99,3.99,0.00,0.00,S,6015273230,,USD,CC
70003749,03050,04,3,20250420,201743,000000005301,2,5.49,10.98,0.00,0.00,S,6015273230,,USD,CC
70003750,03050,01,1,20250420,162711,000004472003,1,3.29,3.29,0.00,0.21,S,6016580464,,USD,CC
70003750,03050,01,2,20250420,162711,000000005012,1,3.99,3.99,0.00,0.00,S,6016580464,,USD,CC
70003750,03050,01,3,20250420,162711,000000093325,1.671,3.99,6.67,1.33,0.00,S,6016580464,PC25W12,USD,CC
70003750,03050,01,4,20250420,162711,000004493001,1,5.49,5.49,0.00,0.34,S,6016580464,,USD,CC
70003750,03050,01,5,20250420,162711,000000551021,2,11.99,23.98,0.00,1.50,S,6016580464,,USD,CC
70003751,03050,03,1,20250420,175228,000000030203,1,8.49,8.49,0.00,0.00,S,,,USD,DB
70003752,03050,03,1,20250420,83258,000000030103,2,8.99,17.98,0.00,0.00,S,,,USD,GC
70003752,03050,03,2,20250420,83258,000000094203,1.710,1.49,2.55,0.51,0.00,S,,PC25W12,USD,GC
70003752,03050,03,3,20250420,83258,000000093401,0.718,5.49,3.94,0.00,0.00,S,,,USD,GC
70003753,00317,01,1,20250420,191127,000000030202,1,15.59,15.59,0.00,0.00,S,6003865719,,CAD,DB
70003753,00317,01,2,20250420,191127,000004491002,1,9.49,9.49,1.90,0.47,S,6003865719,PC25W12,CAD,DB
70003754,00317,03,1,20250420,190321,000000030101,1,9.49,9.49,0.00,0.00,S,6062251790,,CAD,DB
70003755,00317,04,1,20250420,161943,000004491003,1,2.69,2.69,0.00,0.17,S,,,CAD,CC
70003755,00317,04,2,20250420,161943,000000040201,3,12.19,36.57,0.00,0.00,S,,,CAD,CC
70003755,00317,04,3,20250420,161943,000000030201,3,13.59,40.77,13.59,0.00,S,,MB25W11,CAD,CC
70003756,00317,04,1,20250420,152852,000004493001,1,7.49,7.49,0.00,0.47,S,,,CAD,DB
70003756,00317,04,2,20250420,152852,000000040101,0.385,25.79,9.93,0.00,0.00,S,,,CAD,DB
70003756,00317,04,3,20250420,152852,000004471030,2,5.39,10.78,2.16,0.54,S,,PC25W12,CAD,DB
70003757,00317,03,1,20250420,80236,000004491002,1,9.49,9.49,1.90,0.47,S,,PC25W12,CAD,CC
70003757,00317,03,2,20250420,80236,000004492001,1,2.39,2.39,0.00,0.15,S,,,CAD,CC
70003758,00317,06,1,20250420,212641,000000020202,1,8.09,8.09,0.00,0.00,S,6000307562,,CAD,GC
70003759,00317,04,1,20250420,145542,000000005202,1,8.09,8.09,0.00,0.00,S,,,CAD,GC
70003759,00317,04,2,20250420,145542,000004492001,1,2.39,2.39,0.00,0.15,S,,,CAD,GC
70003759,00317,04,3,20250420,145542,000000005013,2,5.29,10.58,0.00,0.00,S,,,CAD,GC
70003759,00317,04,4,20250420,145542,000004493001,1,7.49,7.49,0.00,0.47,S,,,CAD,GC
70003760,00317,02,1,20250420,142009,000004471030,1,5.39,5.39,1.08,0.27,S,,PC25W12,CAD,DB
70003760,00317,02,2,20250420,142009,000000005302,1,4.69,4.69,0.00,0.00,S,,,CAD,DB
70003761,00317,01,1,20250420,101856,000000030201,1,13.59,13.59,0.00,0.00,S,6082339845,,CAD,DB
70003762,00317,06,1,20250420,112854,000004473002,1,3.79,3.79,0.00,0.24,S,,,CAD,DB
70003762,00317,06,2,20250420,112854,000004492003,1,3.09,3.09,0.00,0.19,S,,,CAD,DB
70003763,01042,05,1,20250421,215646,000000093410,1.816,3.99,7.25,0.00,0.00,S,6058319971,,USD,CC
70003763,01042,05,2,20250421,215646,000000040101,1.288,18.99,24.46,0.00,0.00,S,6058319971,,USD,CC
70003763,01042,05,3,20250421,215646,000000094301,0.343,4.39,1.51,0.00,0.00,S,6058319971,,USD,CC
70003764,01107,05,1,20250421,125602,000004491002,1,6.99,6.99,1.40,0.35,S,6098392250,PC25W12,USD,GC
70003764,01107,05,2,20250421,125602,000000020203,1,6.49,6.49,0.00,0.00,S,6098392250,,USD,GC
70003764,01107,05,3,20250421,125602,000000005020,1,4.49,4.49,0.00,0.00,S,6098392250,,USD,GC
70003764,01107,05,4,20250421,125602,000004472002,2,4.49,8.98,0.00,0.56,S,6098392250,,USD,GC
70003765,01107,03,1,20250421,212611,000004492002,1,1.49,1.49,0.00,0.09,S,6068719120,,USD,CS
70003765,01107,03,2,20250421,212611,000004482003,3,5.49,16.47,0.00,1.03,S,6068719120,,USD,CS
70003766,02210,04,1,20250421,211159,000000005102,1,5.49,5.49,1.10,0.00,S,,PC25W12,USD,GC
70003766,02210,04,2,20250421,211159,000000094102,1,3.49,3.49,0.00,0.00,S,,,USD,GC
70003767,02210,02,1,20250421,95550,000000005102,1,5.49,5.49,1.10,0.00,S,,PC25W12,USD,CC
70003767,02210,02,2,20250421,95550,000004481001,1,7.99,7.99,0.00,0.50,S,,,USD,CC
70003767,02210,02,3,20250421,95550,000000552002,1,3.99,3.99,0.00,0.25,S,,,USD,CC
70003768,02210,05,1,20250421,170055,000000005101,1,7.99,7.99,0.00,0.00,S,6087256862,,USD,DB
70003768,02210,05,2,20250421,170055,000000561001,3,9.99,29.97,0.00,1.87,S,6087256862,,USD,DB
70003768,02210,05,3,20250421,170055,000004483001,1,4.99,4.99,0.00,0.31,S,6087256862,,USD,DB
70003768,02210,05,4,20250421,170055,000004483001,1,4.99,4.99,0.00,0.31,S,6087256862,,USD,DB
70003768,02210,05,5,20250421,170055,000000094302,1.191,5.49,6.54,0.00,0.00,S,6087256862,,USD,DB
70003769,02210,04,1,20250421,163203,000000561001,1,9.99,9.99,0.00,0.62,S,6098808583,,USD,DB
70003770,02210,03,1,20250421,84157,000000005012,2,3.99,7.98,0.00,0.00,S,6087729343,,USD,CS
70003770,02210,03,2,20250421,84157,000000005102,1,5.49,5.49,1.10,0.00,S,6087729343,PC25W12,USD,CS
70003770,02210,03,3,20250421,84157,000000005201,1,3.99,3.99,0.00,0.00,S,6087729343,,USD,CS
70003770,02210,03,4,20250421,84157,000004471040,3,2.49,7.47,2.49,0.31,S,6087729343,MB25W11,USD,CS
70003770,02210,03,5,20250421,84157,000000094203,1.833,1.49,2.73,0.55,0.00,S,6087729343,PC25W12,USD,CS
70003771,02210,06,1,20250421,184811,000004472002,1,4.49,4.49,0.00,0.28,S,6056909275,,USD,GC
70003771,02210,06,2,20250421,184811,000000094203,2.169,1.49,3.23,0.65,0.00,S,6056909275,PC25W12,USD,GC
70003771,02210,06,3,20250421,184811,000000005013,1,3.89,3.89,0.00,0.00,S,6056909275,,USD,GC
70003772,02211,04,1,20250421,151924,000000005020,1,4.49,4.49,0.00,0.00,S,6002428699,,USD,DB
70003773,02211,02,1,20250421,111304,000004491002,1,6.99,6.99,1.40,0.35,S,,PC25W12,USD,GC
70003773,02211,02,2,20250421,111304,000004492003,3,2.29,6.87,0.00,0.43,S,,,USD,GC
70003773,02211,02,3,20250230,111304,000004482001,1,13.99,13.99,0.00,0.87,S,,,USD,GC
70003774,02211,03,1,20250421,175250,000004491003,1,1.99,1.99,0.00,0.12,S,6058476094,,USD,GC
70003774,02211,03,2,20250421,175250,000004491003,2,1.99,3.98,0.00,0.25,S,6058476094,,USD,GC
70003774,02211,03,3,20250421,175250,000004491002,1,6.99,6.99,1.40,0.35,S,6058476094,PC25W12,USD,GC
70003775,02211,04,1,20250421,131538,000000005013,1,3.89,3.89,0.00,0.00,S,6081826886,,USD,CC
70003775,02211,04,2,20250421,131538,000000040203,1,11.99,11.99,0.00,0.00,S,6081826886,,USD,CC
70003775,02211,04,3,20250421,131538,000004471030,1,3.99,3.99,0.80,0.20,S,6081826886,PC25W12,USD,CC
70003775,02211,04,4,20250421,131538,000000005012,2,3.99,7.98,0.00,0.00,S,6081826886,,USD,CC
70003776,02211,04,1,20250421,214521,000004471030,1,3.99,3.99,0.80,0.20,S,,PC25W12,USD,DB
70003777,02211,03,1,20250421,201750,000004491002,1,6.99,6.99,1.40,0.35,S,6051702814,PC25W12,USD,CC
70003778,02305,04,1,20250421,135439,000000040203,1,11.99,11.99,0.00,0.00,S,6037213865,,USD,CC
70003778,02305,04,2,20250421,135439,000004481002,1,7.99,7.99,0.00,0.50,S,6037213865,,USD,CC
70003778,02305,04,3,20250421,135439,000000093503,1,4.29,4.29,0.00,0.00,S,6037213865,,USD,CC
70003779,02305,02,1,20250421,95336,000004473003,1,3.49,3.49,0.00,0.22,S,,,USD,CC
70003779,02305,02,2,20250421,95336,000004472001,1,3.99,3.99,0.00,0.25,S,,,USD,CC
70003779,02305,02,3,20250421,95336,000004473001,1,2.99,2.99,0.00,0.19,S,,,USD,CC
70003779,02305,02,4,20250421,95336,000000005013,1,3.89,3.89,0.00,0.00,S,,,USD,CC
70003779,02305,02,5,20250421,95336,000000005103,1,6.99,6.99,0.00,0.00,S,,,USD,CC
70003779,02305,02,6,20250421,95336,000004491001,3,2.49,7.47,0.00,0.47,S,,,USD,CC
70003780,02305,06,1,20250421,210648,000004471040,1,2.49,2.49,0.00,0.16,S,6020441384,,USD,DB
70003780,02305,06,2,20250421,210648,000000005013,2,3.89,7.78,0.00,0.00,S,6020441384,,USD,DB
70003781,02305,06,1,20250421,144616,000004482003,2,5.49,10.98,0.00,0.69,S,,,USD,DB
70003781,02305,06,2,20250421,144616,000000094102,1,3.49,3.49,0.00,0.00,S,,,USD,DB
70003781,02305,06,3,20250421,144616,000000562002,2,8.49,16.98,0.00,1.06,S,,,USD,DB
70003781,02305,06,4,20250421,144616,000000562002,2,8.49,16.98,0.00,1.06,V,,,USD,DB
70003782,02305,04,1,20250421,161434,000000005101,1,7.99,7.99,0.00,0.00,S,,,USD,DB
70003782,02305,04,2,20250421,161434,000000040203,2,11.99,23.98,0.00,0.00,S,,,USD,DB
70003783,02305,02,1,20250421,143507,000000094201,0.461,1.69,0.78,0.00,0.00,S,,,USD,CC
70003783,02305,02,2,20250421,143507,000000005102,1,5.49,5.49,1.10,0.00,S,,PC25W12,USD,CC
70003783,02305,02,3,20250421,143507,000000020103,3,4.99,14.97,4.99,0.00,S,,MB25W11,USD,CC
70003784,03050,02,1,20250421,164303,000000020101,2,2.49,4.98,0.00,0.00,S,6066176620,,USD,DB
70003784,03050,02,2,20250421,164303,000004483001,1,4.99,4.99,0.00,0.31,S,6066176620,,USD,DB
70003784,03050,02,3,20250421,164303,000004491002,1,6.99,6.99,1.40,0.35,S,6066176620,PC25W12,USD,DB
70003784,03050,02,4,20250421,164303,000000562001,1,10.99,10.99,0.00,0.69,S,6066176620,,USD,DB
70003784,03050,02,5,20250421,164303,000000005020,1,4.49,4.49,0.00,0.00,S,6066176620,,USD,DB
70003784,03050,02,6,20250421,164303,000004471023,1,3.49,3.49,0.00,0.22,S,6066176620,,USD,DB
70003785,03050,01,1,20250421,123935,000004493001,1,5.49,5.49,0.00,0.34,S,,,USD,DB
70003785,03050,01,2,20250421,123935,000004482002,1,17.99,17.99,0.00,1.12,S,,,USD,DB
70003785,03050,01,3,20250421,123935,000000005201,1,3.99,3.99,0.00,0.00,S,,,USD,DB
70003785,03050,01,4,20250421,123935,000000005013,3,3.89,11.67,0.00,0.00,S,,,USD,DB
70003785,03050,01,5,20250421,123935,000000005012,1,3.99,3.99,0.00,0.00,S,,,USD,DB
70003785,03050,01,6,20250421,123935,000000005201,1,3.99,3.99,0.00,0.00,S,,,USD,DB
70003786,03050,01,1,20250421,101309,000000005202,1,5.99,5.99,0.00,0.00,R,6000518449,,USD,GC
70003787,03050,02,1,20250421,101048,000000005301,1,5.49,5.49,0.00,0.00,S,6020165423,,USD,DB
70003787,03050,02,2,20250421,101048,000000094301,1.962,4.39,8.61,0.00,0.00,S,6020165423,,USD,DB
70003788,03050,06,1,20250421,121205,000000562001,1,10.99,10.99,0.00,0.69,S,,,USD,GC
70003788,03050,06,2,20250421,121205,000004481001,1,7.99,7.99,0.00,0.50,S,,,USD,GC
70003788,03050,06,3,20250421,121205,000000562002,1,8.49,8.49,0.00,0.53,S,,,USD,GC
70003789,03050,03,1,20250421,83622,000000040201,1,8.99,8.99,0.00,0.00,S,,,USD,CS
70003789,03050,03,2,20250421,83622,000004491001,1,2.49,2.49,0.00,0.16,S,,,USD,CS
70003789,03050,03,3,20250421,83622,000000093325,2.030,3.99,8.10,1.62,0.00,S,,PC25W12,USD,CS
70003789,03050,03,4,20250421,83622,000000094101,1,3.99,3.99,0.00,0.00,S,,,USD,CS
70003790,00317,04,1,20250421,211741,000004471040,3,3.39,10.17,3.39,0.42,S,6007779462,MB25W11,CAD,DB
70003791,00317,02,1,20250421,191156,000000020201,1,7.49,7.49,0.00,0.00,S,,,CAD,DB
70003791,00317,02,2,20250421,191156,000000040101,1.357,25.79,35.00,0.00,0.00,S,,,CAD,DB
70003791,00317,02,3,20250421,191156,000000020103,3,6.79,20.37,6.79,0.00,S,,MB25W11,CAD,DB
70003792,00317,05,1,20250421,184317,000004472001,1,5.39,5.39,0.00,0.34,S,,,CAD,DB
70003792,00317,05,2,20250421,184317,000000093401,0.967,7.49,7.24,0.00,0.00,S,,,CAD,DB
70003792,00317,05,3,20250421,184317,000004493001,2,7.49,14.98,0.00,0.94,S,,,CAD,DB
70003792,00317,05,4,20250421,184317,000000094203,0.783,1.99,1.56,0.31,0.00,S,,PC25W12,CAD,DB
70003793,00317,02,1,20250421,142611,000000040201,1,12.19,12.19,0.00,0.00,S,,,CAD,CC
70003793,00317,02,2,20250421,142611,000000030101,1,9.49,9.49,0.00,0.00,S,,,CAD,CC
70003793,00317,02,3,20250421,142611,000000005012,1,5.39,5.39,0.00,0.00,S,,,CAD,CC
70003794,00317,06,1,20250421,192540,000000093322,1.081,2.69,2.91,0.00,0.00,S,6062127602,,CAD,CC
70003794,00317,06,2,20250421,192540,000004492050,1,2.99,2.99,0.00,0.19,S,6062127602,,CAD,CC
70003794,00317,06,3,20250421,192540,000000031101,1.595,33.99,54.21,0.00,0.00,S,6062127602,,CAD,CC
70003794,00317,06,4,20250421,192540,000004471030,1,5.39,5.39,1.08,0.27,S,6062127602,PC25W12,CAD,CC
70003794,00317,06,5,20250421,192540,000000093503,1,5.79,5.79,0.00,0.00,S,6062127602,,CAD,CC
70003794,00317,06,6,20250421,192540,000004491002,1,9.49,9.49,1.90,0.47,S,6062127602,PC25W12,CAD,CC
70003795,00317,04,1,20250421,100105,000000020103,1,6.79,6.79,0.00,0.00,S,,,CAD,DB
70003795,00317,04,2,20250421,100105,000004471040,3,3.39,10.17,3.39,0.42,S,,MB25W11,CAD,DB
70003796,00317,01,1,20250421,75238,000004483002,1,4.69,4.69,0.00,0.29,S,,,CAD,CC
70003796,00317,01,2,20250421,75238,000004472003,1,4.49,4.49,0.00,0.28,S,,,CAD,CC
70003796,00317,01,3,20250421,75238,000000005103,1,9.49,9.49,0.00,0.00,S,,,CAD,CC
70003796,00317,01,4,20250421,75238,000004472002,1,6.09,6.09,0.00,0.38,S,,,CAD,CC
70003796,00317,01,5,20250421,75238,000000005301,1,7.49,7.49,0.00,0.00,S,,,CAD,CC
70003797,00317,01,1,20250421,194102,000004471040,1,3.39,3.39,0.00,0.21,S,6026042232,,CAD,DB
70003797,00317,01,2,20250421,194102,000000561002,1,10.19,10.19,0.00,0.64,S,6026042232,,CAD,DB
70003797,00317,01,3,20250421,194102,000004473003,1,4.69,4.69,0.00,0.29,S,6026042232,,CAD,DB
70003797,00317,01,4,20250421,194102,000000040101,0.301,25.79,7.76,0.00,0.00,S,6026042232,,CAD,DB
70003797,00317,01,5,20250421,194102,000004493001,1,7.49,7.49,0.00,0.47,S,6026042232,,CAD,DB
70003798,00317,06,1,20250421,121035,000000031102,0.557,27.19,15.14,0.00,0.00,S,6026153473,,CAD,GC
70003799,00317,04,1,20250421,91603,000000094101,1,5.39,5.39,0.00,0.00,S,,,CAD,CC
70003799,00317,04,2,20250421,91603,000000005012,2,5.39,10.78,0.00,0.00,S,,,CAD,CC
70003799,00317,04,3,20250421,91603,000000030103,1,12.19,12.19,0.00,0.00,S,,,CAD,CC
70003800,00317,05,1,20250421,110422,000004473002,1,3.79,3.79,0.00,0.24,S,,,CAD,CC
70003800,00317,05,2,20250421,110422,000000030102,1,20.39,20.39,0.00,0.00,S,,,CAD,CC
70003801,01042,05,1,20250422,90532,000000020102,1,3.49,3.49,0.00,0.00,S,,,USD,CC
70003801,01042,05,2,20250422,90532,000004491003,1,1.99,1.99,0.00,0.12,S,,,USD,CC
70003802,01042,04,1,20250422,170433,000004491001,1,2.49,2.49,0.00,0.16,S,6037213865,,USD,CS
70003802,01042,04,2,20250422,170433,000000020103,3,4.99,14.97,4.99,0.00,S,6037213865,MB25W11,USD,CS
70003802,01042,04,3,20250422,170433,000004491002,2,6.99,13.98,2.80,0.70,S,6037213865,PC25W12,USD,CS
70003802,01042,04,4,20250422,170433,000004472003,1,3.29,3.29,0.00,0.21,S,6037213865,,USD,CS
70003803,01042,03,1,20250422,211204,000000561002,1,7.49,7.49,0.00,0.47,S,6036321234,,USD,CC
70003803,01042,03,2,20250422,211204,000000562002,3,8.49,25.47,0.00,1.59,S,6036321234,,USD,CC
70003803,01042,03,3,20250422,211204,000004483002,1,3.49,3.49,0.00,0.22,S,6036321234,,USD,CC
70003803,01042,03,4,20250422,211204,000000031101,1.802,24.99,45.03,0.00,0.00,S,6036321234,,USD,CC
70003803,01042,03,5,20250422,211204,000000093502,1,3.99,3.99,0.00,0.00,S,6036321234,,USD,CC
70003804,01042,04,1,20250422,124616,000000094103,1,3.79,3.79,0.00,0.00,S,6021667467,,USD,CC
70003804,01042,04,2,20250422,124616,000000020102,3,3.49,10.47,0.00,0.00,S,6021667467,,USD,CC
70003804,01042,04,3,20250422,124616,000000005012,2,3.99,7.98,0.00,0.00,S,6021667467,,USD,CC
70003804,01042,04,4,20250422,124616,000000005202,1,5.99,5.99,0.00,0.00,S,6021667467,,USD,CC
70003804,01042,04,5,20250422,124616,000000093503,1,4.29,4.29,0.00,0.00,S,6021667467,,USD,CC
70003805,01042,03,1,20250422,124954,000000005202,1,5.99,5.99,0.00,0.00,S,6011856724,,USD,DB
70003805,01042,03,2,20250422,124954,000004482003,1,5.49,5.49,0.00,0.34,S,6011856724,,USD,DB
70003805,01042,03,3,20250422,124954,000004482001,1,13.99,13.99,0.00,0.87,S,6011856724,,USD,DB
70003806,01107,06,1,20250422,182806,000000551021,3,11.99,35.97,0.00,2.25,S,6071834404,,USD,CC
70003806,01107,06,2,20250422,182806,000000561002,1,7.49,7.49,0.00,0.47,S,6071834404,,USD,CC
70003806,01107,06,3,20250422,182806,000000562001,1,10.99,10.99,0.00,0.69,S,6071834404,,USD,CC
70003806,01107,06,4,20250422,182806,000000040203,1,11.99,11.99,0.00,0.00,S,6071834404,,USD,CC
70003807,01107,01,1,20250422,154951,000004471040,3,2.49,7.47,2.49,0.31,S,6072426423,MB25W11,USD,CC
70003807,01107,01,2,20250422,154951,000000005301,2,5.49,10.98,0.00,0.00,S,6072426423,,USD,CC
70003807,01107,01,3,20250422,154951,000004481003,1,4.99,4.99,0.00,0.31,S,6072426423,,USD,CC
70003807,01107,01,4,20250422,154951,000000094202,0.762,1.99,1.52,0.00,0.00,S,6072426423,,USD,CC
70003808,01107,03,1,20250422,124502,000004471040,2,2.49,4.98,0.00,0.31,S,,,USD,CC
70003808,01107,03,2,20250422,124502,000004482002,1,17.99,17.99,0.00,1.12,S,,,USD,CC
70003808,01107,03,3,20250422,124502,000000040102,1.605,16.99,27.27,0.00,0.00,S,,,USD,CC
70003808,01107,03,4,20250422,124502,000000040101,1.124,18.99,21.34,0.00,0.00,S,,,USD,CC
70003809,01107,04,1,20250422,103518,000000093501,1,4.49,4.49,0.00,0.00,S,,,USD,GC
70003809,01107,04,2,20250422,103518,000004491002,1,6.99,6.99,1.40,0.35,S,,PC25W12,USD,GC
70003810,01107,02,1,20250422,135710,000000040202,2,14.99,29.98,0.00,0.00,S,6014933163,,USD,CS
70003810,01107,02,2,20250422,135710,000000093401,0.374,5.49,2.05,0.00,0.00,S,6014933163,,USD,CS
70003810,01107,02,3,20250422,135710,000004483002,1,3.49,3.49,0.00,0.22,S,6014933163,,USD,CS
70003810,01107,02,4,20250422,135710,000000093321,1.924,1.49,2.87,0.00,0.00,S,6014933163,,USD,CS
70003810,01107,02,5,20250422,135710,000000020203,1,6.49,6.49,0.00,0.00,S,6014933163,,USD,CS
70003811,01107,06,1,20250422,145606,000004493002,1,3.99,3.99,0.00,0.25,S,,,USD,GC
70003812,02210,04,1,20250422,95508,000000040201,1,8.99,8.99,0.00,0.00,S,,,USD,CC
70003812,02210,04,2,20250422,95508,000000020102,1,3.49,3.49,0.00,0.00,S,,,USD,CC
70003812,02210,04,3,20250422,95508,000000005102,1,5.49,5.49,1.10,0.00,S,,PC25W12,USD,CC
70003812,02210,04,4,20250422,95508,000000093502,1,3.99,3.99,0.00,0.00,S,,,USD,CC
70003813,02210,05,1,20250422,90008,000000551021,1,11.99,11.99,0.00,0.75,S,6033154100,,USD,DB
70003813,02210,05,2,20250422,90008,000000020201,1,5.49,5.49,0.00,0.00,S,6033154100,,USD,DB
70003813,02210,05,3,20250422,90008,000000005102,1,5.49,5.49,1.10,0.00,S,6033154100,PC25W12,USD,DB
70003814,02210,04,1,20250422,195203,000000031101,1.563,24.99,39.06,0.00,0.00,S,6005097545,,USD,CS
70003814,02210,04,2,20250422,195203,000000040203,1,11.99,11.99,0.00,0.00,S,6005097545,,USD,CS
70003815,02210,03,1,20250422,80116,000004492001,1,1.79,1.79,0.00,0.11,S,,,USD,CC
70003816,02210,06,1,20250422,165751,000000040202,1,14.99,14.99,0.00,0.00,S,,,USD,GC
70003816,02210,06,2,20250422,165751,000000020203,1,6.49,6.49,0.00,0.00,S,,,USD,GC
70003817,02210,05,1,20250422,125743,000000005012,1,3.99,3.99,0.00,0.00,S,6079356465,,USD,CC
70003817,02210,05,2,20250422,125743,000004482003,1,5.49,5.49,0.00,0.34,S,6079356465,,USD,CC
70003817,02210,05,3,20250422,125743,000000040101,0.401,18.99,7.61,0.00,0.00,S,6079356465,,USD,CC
70003817,02210,05,4,20250422,125743,000000040202,1,14.99,14.99,0.00,0.00,S,6079356465,,USD,CC
70003817,02210,05,5,20250422,125743,000000020103,3,4.99,14.97,4.99,0.00,S,6079356465,MB25W11,USD,CC
70003818,02210,02,1,20250422,71212,000000094102,2,3.49,6.98,0.00,0.00,S,6001168646,,USD,CC
70003818,02210,02,2,20250422,71212,000004492002,3,1.49,4.47,0.00,0.28,S,6001168646,,USD,CC
70003818,02210,02,3,20250422,71212,000000005013,1,3.89,3.89,0.00,0.00,S,6001168646,,USD,CC
70003819,02210,02,1,20250422,152414,000004471040,3,2.49,7.47,2.49,0.31,S,6017656360,MB25W11,USD,DB
70003820,02210,05,1,20250422,181403,000000552002,2,3.99,7.98,0.00,0.50,S,,,USD,DB
70003820,02210,05,2,20250422,181403,000004471023,1,3.49,3.49,0.00,0.22,S,,,USD,DB
70003820,02210,05,3,20250422,181403,000000020103,1,4.99,4.99,0.00,0.00,S,,,USD,DB
70003821,02210,06,1,20250422,201131,000004491003,1,1.99,1.99,0.00,0.12,S,,,USD,CC
70003821,02210,06,2,20250422,201131,000000005201,1,3.99,3.99,0.00,0.00,S,,,USD,CC
70003822,02210,01,1,20250422,121327,000000094203,0.830,1.49,1.24,0.25,0.00,S,,PC25W12,USD,CS
70003822,02210,01,2,20250422,121327,000000020103,3,4.99,14.97,4.99,0.00,S,,MB25W11,USD,CS
70003822,02210,01,3,20250422,121327,000004473003,1,3.49,3.49,0.00,0.22,S,,,USD,CS
70003823,02210,01,1,20250422,110709,000000031101,0.353,24.99,8.82,0.00,0.00,S,,,USD,CS
70003823,02210,01,2,20250422,110709,000000020101,1,2.49,2.49,0.00,0.00,S,,,USD,CS
70003823,02210,01,3,20250422,110709,000000040102,0.346,16.99,5.88,0.00,0.00,S,,,USD,CS
70003824,02305,01,1,20250422,200524,000000020101,1,2.49,2.49,0.00,0.00,S,,,USD,CC
70003824,02305,01,2,20250422,200524,000004492001,3,1.79,5.37,1.79,0.22,S,,MB25W11,USD,CC
70003824,02305,01,3,20250422,200524,000004491002,1,6.99,6.99,1.40,0.35,S,,PC25W12,USD,CC
70003824,02305,01,4,20250422,200524,000004492001,1,1.79,1.79,0.00,0.11,S,,,USD,CC
70003825,02305,01,1,20250422,102802,000000030201,1,9.99,9.99,0.00,0.00,S,,,USD,CC
70003825,02305,01,2,20250422,102802,000000093401,1.507,5.49,8.27,0.00,0.00,S,,,USD,CC
70003825,02305,01,3,20250422,102802,000004471040,1,2.49,2.49,0.00,0.16,S,,,USD,CC
70003825,02305,01,4,20250422,102802,000004493002,1,3.99,3.99,0.00,0.25,S,,,USD,CC
70003825,02305,01,5,20250422,102802,000000552002,1,3.99,3.99,0.00,0.25,S,,,USD,CC
70003825,02305,01,6,20250422,102802,000000551021,1,11.99,11.99,0.00,0.75,S,,,USD,CC
70003826,02305,06,1,20250422,212652,000000005012,1,3.99,3.99,0.00,0.00,S,,,USD,GC
70003826,02305,06,2,20250422,212652,000000005202,3,5.99,17.97,0.00,0.00,S,,,USD,GC
70003827,02305,05,1,20250422,124845,000004471040,3,2.49,7.47,2.49,0.31,S,,MB25W11,USD,CS
70003827,02305,05,2,20250422,124845,000000030201,3,9.99,29.97,9.99,0.00,S,,MB25W11,USD,CS
70003827,02305,05,3,20250422,124845,000000005013,1,3.89,3.89,0.00,0.00,S,,,USD,CS
70003827,02305,05,4,20250422,124845,000004471040,3,2.49,7.47,2.49,0.31,S,,MB25W11,USD,CS
70003828,02305,05,1,20250422,143752,000004493001,2,5.49,10.98,0.00,0.69,S,,,USD,CS
70003828,02305,05,2,20250422,143752,000000562001,1,10.99,10.99,0.00,0.69,S,,,USD,CS
70003828,02305,05,3,20250422,143752,000000094101,1,3.99,3.99,0.00,0.00,S,,,USD,CS
70003828,02305,05,4,20250422,143752,000000551020,1,13.99,13.99,0.00,0.87,S,,,USD,CS
70003828,02305,05,5,20250422,143752,000000094302,0.923,5.49,5.07,0.00,0.00,S,,,USD,CS
70003829,02305,02,1,20250422,70057,000004472003,2,3.29,6.58,0.00,0.41,S,,,USD,CC
70003829,02305,02,2,20250422,70057,000000562002,1,8.49,8.49,0.00,0.53,S,,,USD,CC
70003829,02305,02,3,20250422,70057,000000005103,1,6.99,6.99,0.00,0.00,S,,,USD,CC
70003829,02305,02,4,20250422,70057,000000040201,1,8.99,8.99,0.00,0.00,S,,,USD,CC
70003830,02305,05,1,20250422,112649,000000005301,1,5.49,5.49,0.00,0.00,S,,,USD,CC
70003830,02305,05,2,20250422,112649,000000005302,1,3.49,3.49,0.00,0.00,S,,,USD,CC
70003830,02305,05,3,20250422,112649,000000030101,1,6.99,6.99,0.00,0.00,S,,,USD,CC
70003831,02305,06,1,20250422,195447,000004482002,1,17.99,17.99,0.00,1.12,S,6092459375,,USD,GC
70003832,02305,02,1,20250422,75006,000000561001,1,9.99,9.99,0.00,0.62,S,,,USD,CC
70003832,02305,02,2,20250422,75006,000004472001,1,3.99,3.99,0.00,0.25,S,,,USD,CC
70003832,02305,02,3,20250422,75006,000000005302,1,3.49,3.49,0.00,0.00,S,,,USD,CC
70003833,02305,06,1,20250422,81830,000000561001,1,9.99,9.99,0.00,0.62,S,6023478519,,USD,GC
70003833,02305,06,2,20250422,81830,000000562001,1,10.99,10.99,0.00,0.69,S,6023478519,,USD,GC
70003834,02305,05,1,20250422,184831,000000093502,1,3.99,3.99,0.00,0.00,S,,,USD,CC
70003834,02305,05,2,20250422,184831,000000020103,2,4.99,9.98,0.00,0.00,S,,,USD,CC
70003835,02305,06,1,20250422,180211,000004491003,1,1.99,1.99,0.00,0.12,S,,,USD,CC
70003835,02305,06,2,20250422,180211,000004473001,1,2.99,2.99,0.00,0.19,S,,,USD,CC
70003836,03050,05,1,20250422,172502,000000005012,1,3.99,3.99,0.00,0.00,S,,,USD,CC
70003836,03050,05,2,20250422,172502,000004491002,1,6.99,6.99,1.40,0.35,S,,PC25W12,USD,CC
70003836,03050,05,3,20250422,172502,000000005012,1,3.99,3.99,0.00,0.00,S,,,USD,CC
70003836,03050,05,4,20250422,172502,000000093321,1.106,1.49,1.65,0.00,0.00,S,,,USD,CC
70003836,03050,05,5,20250422,172502,000000552001,1,4.49,4.49,0.00,0.28,S,,,USD,CC
70003836,03050,05,6,20250422,172502,000000020103,1,4.99,4.99,0.00,0.00,S,,,USD,CC
70003837,03050,01,1,20250422,213545,000000093410,0.755,3.99,3.01,0.00,0.00,S,,,USD,CC
70003837,03050,01,2,20250422,213545,000000093401,0.537,5.49,2.95,0.00,0.00,S,,,USD,CC
70003837,03050,01,3,20250422,213545,000000031102,0.561,19.99,11.21,0.00,0.00,S,,,USD,CC
70003838,03050,05,1,20250422,123502,000000005302,1,3.49,3.49,0.00,0.00,S,,,USD,GC
70003839,03050,06,1,20250422,205137,000000005101,1,7.99,7.99,0.00,0.00,S,,,USD,DB
70003840,00317,02,1,20250422,134508,000000094302,0.893,7.49,6.69,0.00,0.00,S,6019196570,,CAD,CC
70003840,00317,02,2,20250422,134508,000004492050,1,2.99,2.99,0.00,0.19,S,6019196570,,CAD,CC
70003841,00317,05,1,20250422,163255,000004491002,1,9.49,9.49,1.90,0.47,S,,PC25W12,CAD,GC
70003842,00317,03,1,20250422,135442,000000093325,0.606,5.39,3.27,0.65,0.00,S,,PC25W12,CAD,DB
70003842,00317,03,2,20250422,135442,000004471030,2,5.39,10.78,2.16,0.54,S,,PC25W12,CAD,DB
70003842,00317,03,3,20250422,135442,000000094302,1.750,7.49,13.11,0.00,0.00,S,,,CAD,DB
70003842,00317,03,4,20250422,135442,000004473001,1,4.09,4.09,0.00,0.26,S,,,CAD,DB
70003842,00317,03,5,20250422,135442,000000005201,1,5.39,5.39,0.00,0.00,S,,,CAD,DB
70003842,00317,03,6,20250422,135442,000000030201,1,13.59,13.59,0.00,0.00,S,,,CAD,DB
70003843,00317,03,1,20250422,163259,000000020103,2,6.79,13.58,0.00,0.00,S,6033750479,,CAD,DB
70003843,00317,03,2,20250422,163259,000004482002,1,24.49,24.49,0.00,1.53,S,6033750479,,CAD,DB
70003844,00317,02,1,20250422,115127,000000094202,1.369,2.69,3.68,0.00,0.00,S,,,CAD,CC
70003844,00317,02,2,20250422,115127,000004492050,3,2.99,8.97,2.99,0.37,S,,MB25W11,CAD,CC
70003845,00317,06,1,20250422,125527,000004482002,1,24.49,24.49,0.00,1.53,S,6053433249,,CAD,CS
70003845,00317,06,2,20250422,125527,000000094302,1.920,7.49,14.38,0.00,0.00,S,6053433249,,CAD,CS
70003845,00317,06,3,20250422,125527,000000552002,1,5.39,5.39,0.00,0.34,S,6053433249,,CAD,CS
70003845,00317,06,4,20250422,125527,000000005103,1,9.49,9.49,0.00,0.00,S,6053433249,,CAD,CS
70003845,00317,06,5,20250422,125527,000000551021,1,16.29,16.29,0.00,1.02,S,6053433249,,CAD,CS
70003845,00317,06,6,20250422,125527,000000561002,2,10.19,20.38,0.00,1.27,S,6053433249,,CAD,CS
70003846,00317,01,1,20250422,134502,000000005201,2,5.39,10.78,0.00,0.00,S,6064455618,,CAD,DB
70003846,00317,01,2,20250422,134502,000000030102,1,20.39,20.39,0.00,0.00,S,6064455618,,CAD,DB
70003846,00317,01,3,20250422,134502,000000030101,2,9.49,18.98,0.00,0.00,S,6064455618,,CAD,DB
70003847,00317,06,1,20250422,130349,000000005102,1,7.49,7.49,1.50,0.00,S,,PC25W12,CAD,CC
70003848,00317,06,1,20250422,215112,000004492001,2,2.39,4.78,0.00,0.30,S,6072791033,,CAD,CC
70003848,00317,06,2,20250422,215112,000004481001,2,10.89,21.78,0.00,1.36,S,6072791033,,CAD,CC
70003848,00317,06,3,20250422,215112,000004491003,1,2.69,2.69,0.00,0.17,S,6072791033,,CAD,CC
70003848,00317,06,4,20250422,215112,000000005201,3,5.39,16.17,0.00,0.00,S,6072791033,,CAD,CC
70003848,00317,06,5,20250422,215112,000000005020,3,6.09,18.27,0.00,0.00,S,6072791033,,CAD,CC
70003849,00317,06,1,20250422,123840,000004472050,2,5.39,10.78,0.00,0.67,S,,,CAD,DB
70003849,00317,06,2,20250422,123840,000004491002,1,9.49,9.49,1.90,0.47,S,,PC25W12,CAD,DB
70003849,00317,06,3,20250422,123840,000004491003,1,2.69,2.69,0.00,0.17,S,,,CAD,DB
70003849,00317,06,4,20250422,123840,000004471030,1,5.39,5.39,1.08,0.27,S,,PC25W12,CAD,DB
70003850,01042,06,1,20250423,70448,000000040102,1.496,16.99,25.42,0.00,0.00,S,,,USD,DB
70003850,01042,06,2,20250423,70448,000000020203,1,6.49,6.49,0.00,0.00,S,,,USD,DB
70003851,01042,06,1,20250423,152531,000000020101,3,2.49,7.47,0.00,0.00,S,6080940476,,USD,CC
70003851,01042,06,2,20250423,152531,000004492002,1,1.49,1.49,0.00,0.09,S,6080940476,,USD,CC
70003851,01042,06,3,20250423,152531,000000020103,3,4.99,14.97,4.99,0.00,S,6080940476,MB25W11,USD,CC
70003851,01042,06,4,20250423,152531,000004491001,1,2.49,2.49,0.00,0.16,S,6080940476,,USD,CC
70003852,01042,06,1,20250423,104024,000000030201,1,9.99,9.99,0.00,0.00,S,,,USD,GC
70003852,01042,06,2,20250423,104024,000000040203,1,11.99,11.99,0.00,0.00,S,,,USD,GC
70003852,01042,06,3,20250423,104024,000000093325,1.147,3.99,4.58,0.92,0.00,S,,PC25W12,USD,GC
70003852,01042,06,4,20250423,104024,000000030201,3,9.99,29.97,9.99,0.00,S,,MB25W11,USD,GC
70003853,01107,04,1,20250423,151927,000004473002,1,2.79,2.79,0.00,0.17,S,6091073228,,USD,GC
70003853,01107,04,2,20250423,151927,000004481002,1,7.99,7.99,0.00,0.50,S,6091073228,,USD,GC
70003853,01107,04,3,20250423,151927,000000040102,1.845,16.99,31.35,0.00,0.00,S,6091073228,,USD,GC
70003854,01107,05,1,20250423,211217,000000030201,1,9.99,9.99,0.00,0.00,S,6086204485,,USD,DB
70003854,01107,05,2,20250423,211217,000000020203,1,6.49,6.49,0.00,0.00,S,6086204485,,USD,DB
70003854,01107,05,3,20250423,211217,000000005102,1,5.49,5.49,1.10,0.00,S,6086204485,PC25W12,USD,DB
70003855,01107,06,1,20250423,81305,000004492003,1,2.29,2.29,0.00,0.14,S,,,USD,CS
70003855,01107,06,2,20250423,81305,000000005013,1,3.89,3.89,0.00,0.00,S,,,USD,CS
70003855,01107,06,3,20250423,81305,000004483002,1,3.49,3.49,0.00,0.22,S,,,USD,CS
70003855,01107,06,4,20250423,81305,000000040102,1.666,16.99,28.31,0.00,0.00,S,,,USD,CS
70003855,01107,06,5,20250423,81305,000000005012,1,3.99,3.99,0.00,0.00,S,,,USD,CS
70003856,01107,06,1,20250423,132625,000004481003,2,4.99,9.98,0.00,0.62,S,6020616329,,USD,CC
70003856,01107,06,2,20250423,132625,000004471030,2,3.99,7.98,1.60,0.40,S,6020616329,PC25W12,USD,CC
70003857,02210,02,1,20250423,74737,000000093502,1,3.99,3.99,0.00,0.00,S,,,USD,DB
70003857,02210,02,2,20250423,74737,000004492003,1,2.29,2.29,0.00,0.14,S,,,USD,DB
70003857,02210,02,3,20250423,74737,000004492001,3,1.79,5.37,1.79,0.22,S,,MB25W11,USD,DB
70003858,02210,03,1,20250423,153834,000000030101,3,6.99,20.97,0.00,0.00,S,6072007843,,USD,DB
70003858,02210,03,2,20250423,153834,000000093502,2,3.99,7.98,0.00,0.00,S,6072007843,,USD,DB
70003858,02210,03,3,20250423,153834,000000040201,3,8.99,26.97,0.00,0.00,S,6072007843,,USD,DB
70003858,02210,03,4,20250423,153834,000000020202,1,5.99,5.99,0.00,0.00,S,6072007843,,USD,DB
70003859,02211,01,1,20250423,143659,000004471040,1,2.49,2.49,0.00,0.16,S,,,USD,GC
70003859,02211,01,2,20250423,143659,000004482003,2,5.49,10.98,0.00,0.69,S,,,USD,GC
70003859,02211,01,3,20250423,143659,000004482001,1,13.99,13.99,0.00,0.87,S,,,USD,GC
70003859,02211,01,4,20250423,143659,000000031102,1.345,19.99,26.89,0.00,0.00,S,,,USD,GC
70003859,02211,01,5,20250423,143659,000000020201,1,5.49,5.49,0.00,0.00,S,,,USD,GC
70003859,02211,01,6,20250423,143659,000004482002,1,17.99,17.99,0.00,1.12,S,,,USD,GC
70003860,02211,02,1,20250423,100407,000000020103,3,4.99,14.97,4.99,0.00,S,6002845765,MB25W11,USD,DB
70003860,02211,02,2,20250423,100407,000000040201,1,8.99,8.99,0.00,0.00,S,6002845765,,USD,DB
70003860,02211,02,3,20250423,100407,000000093410,1.234,3.99,4.92,0.00,0.00,S,6002845765,,USD,DB
70003861,02211,06,1,20250423,150943,000000040202,2,14.99,29.98,0.00,0.00,S,,,USD,DB
70003862,02211,03,1,20250423,185627,000000020102,1,3.49,3.49,0.00,0.00,S,,,USD,DB
70003862,02211,03,2,20250423,185627,000000093501,1,4.49,4.49,0.00,0.00,S,,,USD,DB
70003862,02211,03,3,20250423,185627,000000020102,1,3.49,3.49,0.00,0.00,S,,,USD,DB
70003862,02211,03,4,20250423,185627,000004481002,1,7.99,7.99,0.00,0.50,S,,,USD,DB
70003863,02211,04,1,20250423,193713,000004471024,1,3.49,3.49,0.00,0.22,S,,,USD,CC
70003863,02211,04,2,20250423,193713,000004483001,1,4.99,4.99,0.00,0.31,S,,,USD,CC
70003864,02305,04,1,20250423,94523,000000040201,1,8.99,8.99,0.00,0.00,S,6054159709,,USD,CC
70003865,02305,06,1,20250423,212904,000004481003,1,4.99,4.99,0.00,0.31,S,,,USD,CC
70003865,02305,06,2,20250423,212904,000000005301,3,5.49,16.47,0.00,0.00,S,,,USD,CC
70003865,02305,06,3,20250423,212904,000000040203,1,11.99,11.99,0.00,0.00,S,,,USD,CC
70003866,02305,01,1,20250423,144332,000004473003,1,3.49,3.49,0.00,0.22,S,6039930561,,USD,CS
70003866,02305,01,2,20250423,144332,000000005102,2,5.49,10.98,2.20,0.00,S,6039930561,PC25W12,USD,CS
70003866,02305,01,3,20250423,144332,000000040101,1.265,18.99,24.02,0.00,0.00,S,6039930561,,USD,CS
70003866,02305,01,4,20250423,144332,000000040201,2,8.99,17.98,0.00,0.00,S,6039930561,,USD,CS
70003867,02305,01,1,20250423,152116,000004492001,1,1.79,1.79,0.00,0.11,S,6007660464,,USD,CC
70003867,02305,01,2,20250423,152116,000000031101,0.873,24.99,21.82,0.00,0.00,S,6007660464,,USD,CC
70003868,02305,03,1,20250423,124717,000000020101,2,2.49,4.98,0.00,0.00,S,,,USD,GC
70003868,02305,03,2,20250423,124717,000000552002,2,3.99,7.98,0.00,0.50,S,,,USD,GC
70003869,02305,01,1,20250423,152044,000000093401,1.554,5.49,8.53,0.00,0.00,S,,,USD,CC
70003869,02305,01,2,20250423,152044,000000020103,1,4.99,4.99,0.00,0.00,S,,,USD,CC
70003870,02305,03,1,20250423,211813,000000030103,1,8.99,8.99,0.00,0.00,S,6054601585,,USD,DB
70003870,02305,03,2,20250423,211813,000000093325,0.419,3.99,1.67,0.33,0.00,S,6054601585,PC25W12,USD,DB
70003870,02305,03,3,20250423,211813,000000005201,1,3.99,3.99,0.00,0.00,S,6054601585,,USD,DB
70003871,02305,01,1,20250423,141955,000000551020,1,13.99,13.99,0.00,0.87,S,6078513854,,USD,CS
70003871,02305,01,2,20250423,141955,000004471040,1,2.49,2.49,0.00,0.16,S,6078513854,,USD,CS
70003871,02305,01,3,20250423,141955,000004493002,1,3.99,3.99,0.00,0.25,S,6078513854,,USD,CS
70003871,02305,01,4,20250423,141955,000000552002,1,3.99,3.99,0.00,0.25,S,6078513854,,USD,CS
70003871,02305,01,5,20250423,141955,000004493001,2,5.49,10.98,0.00,0.69,S,6078513854,,USD,CS
70003872,03050,04,1,20250423,150204,000004471030,1,3.99,3.99,0.80,0.20,S,,PC25W12,USD,CS
70003872,03050,04,2,20250423,150204,000000030201,1,9.99,9.99,0.00,0.00,S,,,USD,CS
70003873,03050,06,1,20250423,94050,000000020203,1,6.49,6.49,0.00,0.00,S,6068784991,,USD,GC
70003873,03050,06,2,20250423,94050,000000093322,1.792,1.99,3.57,0.00,0.00,S,6068784991,,USD,GC
70003873,03050,06,3,20250423,94050,000004492001,3,1.79,5.37,1.79,0.22,S,6068784991,MB25W11,USD,GC
70003874,03050,03,1,20250423,171246,000000020103,1,4.99,4.99,0.00,0.00,S,6065405153,,USD,CC
70003874,03050,03,2,20250423,171246,000000040203,1,11.99,11.99,0.00,0.00,S,6065405153,,USD,CC
70003874,03050,03,3,20250423,171246,000004481001,2,7.99,15.98,0.00,1.00,S,6065405153,,USD,CC
70003875,03050,01,1,20250423,175728,000000030203,2,8.49,16.98,0.00,0.00,S,,,USD,CC
70003875,03050,01,2,20250423,175728,000000093325,2.006,3.99,8.00,1.60,0.00,S,,PC25W12,USD,CC
70003875,03050,01,3,20250423,175728,000000040102,1.228,16.99,20.86,0.00,0.00,S,,,USD,CC
70003875,03050,01,4,20250423,175728,000004471040,1,2.49,2.49,0.00,0.16,S,,,USD,CC
70003875,03050,01,5,20250423,175728,000000005102,1,5.49,5.49,1.10,0.00,S,,PC25W12,USD,CC
70003876,03050,03,1,20250423,122230,000000552002,1,3.99,3.99,0.00,0.25,S,6022784699,,USD,GC
70003877,03050,05,1,20250423,170048,000004492001,1,1.79,1.79,0.00,0.11,S,,,USD,DB
70003877,03050,05,2,20250423,170048,000004482001,1,13.99,13.99,0.00,0.87,S,,,USD,DB
70003878,03050,04,1,20250423,152809,000004492001,3,1.79,5.37,1.79,0.22,S,,MB25W11,USD,CC
70003878,03050,04,2,20250423,152809,000000030101,1,6.99,6.99,0.00,0.00,S,,,USD,CC
70003879,00317,05,1,20250423,92343,000004492050,3,2.99,8.97,2.99,0.37,S,,MB25W11,CAD,CC
70003879,00317,05,2,20250423,92343,000000093501,1,6.09,6.09,0.00,0.00,S,,,CAD,CC
70003880,00317,06,1,20250423,181644,000004492003,1,3.09,3.09,0.00,0.19,S,,,CAD,GC
70003880,00317,06,2,20250423,181644,000000093401,0.766,7.49,5.74,0.00,0.00,S,,,CAD,GC
70003881,00317,02,1,20250423,155120,000004493001,2,7.49,14.98,0.00,0.94,S,,,CAD,CC
70003881,00317,02,2,20250423,155120,000000005301,1,7.49,7.49,0.00,0.00,S,,,CAD,CC
70003881,00317,02,3,20250423,155120,000000020103,3,6.79,20.37,6.79,0.00,S,,MB25W11,CAD,CC
70003882,00317,01,1,20250423,141134,000000030101,1,9.49,9.49,0.00,0.00,S,,,CAD,DB
70003882,00317,01,2,20250423,141134,000004491001,2,3.39,6.78,0.00,0.42,S,,,CAD,DB
70003883,00317,05,1,20250423,174344,000004492050,1,2.99,2.99,0.00,0.19,S,,,CAD,CC
70003884,00317,01,1,20250423,84807,000000040203,1,16.29,16.29,0.00,0.00,S,,,CAD,DB
70003884,00317,01,2,20250423,84807,000000030202,1,15.59,15.59,0.00,0.00,S,,,CAD,DB
70003884,00317,01,3,20250423,84807,000000093321,1.419,1.99,2.82,0.00,0.00,S,,,CAD,DB
70003884,00317,01,4,20250423,84807,000000561001,1,13.59,13.59,0.00,0.85,S,,,CAD,DB
70003885,00317,03,1,20250423,111542,000004492003,1,3.09,3.09,0.00,0.19,S,6007779462,,CAD,CS
70003885,00317,03,2,20250423,111542,000000031102,1.606,27.19,43.67,0.00,0.00,S,6007779462,,CAD,CS
70003886,01042,05,1,20250424,194035,000000093503,2,4.29,8.58,0.00,0.00,S,6098392250,,USD,DB
70003887,01042,02,1,20250424,203057,000004491002,1,6.99,6.99,1.40,0.35,S,6026153473,PC25W12,USD,CC
70003887,01042,02,2,20250424,203057,000000005102,1,5.49,5.49,1.10,0.00,S,6026153473,PC25W12,USD,CC
70003887,01042,02,3,20250424,203057,000000020102,1,3.49,3.49,0.00,0.00,S,6026153473,,USD,CC
70003887,01042,02,4,20250424,203057,000000093321,1.998,1.49,2.98,0.00,0.00,S,6026153473,,USD,CC
70003887,01042,02,5,20250424,203057,000004492001,3,1.79,5.37,1.79,0.22,S,6026153473,MB25W11,USD,CC
70003888,01042,06,1,20250424,74428,000000093410,0.709,3.99,2.83,0.00,0.00,S,6082992299,,USD,CC
70003888,01042,06,2,20250424,74428,000000040102,0.851,16.99,14.46,0.00,0.00,S,6082992299,,USD,CC
70003888,01042,06,3,20250424,74428,000000005101,2,7.99,15.98,0.00,0.00,S,6082992299,,USD,CC
70003888,01042,06,4,20250424,74428,000004471040,1,2.49,2.49,0.00,0.16,S,6082992299,,USD,CC
70003889,01042,04,1,20250424,101248,000000561002,1,7.49,7.49,0.00,0.47,S,6053544439,,USD,CS
70003889,01042,04,2,20250424,101248,000000020101,2,2.49,4.98,0.00,0.00,S,6053544439,,USD,CS
70003889,01042,04,3,20250424,101248,000000020202,1,5.99,5.99,0.00,0.00,S,6053544439,,USD,CS
70003889,01042,04,4,20250424,101248,000000040202,1,14.99,14.99,0.00,0.00,S,6053544439,,USD,CS
70003889,01042,04,5,20250424,101248,000000094102,1,3.49,3.49,0.00,0.00,S,6053544439,,USD,CS
70003890,01042,02,1,20250424,112931,000000005301,2,5.49,10.98,0.00,0.00,S,6049409762,,USD,CS
70003890,01042,02,2,20250424,112931,000000005013,2,3.89,7.78,0.00,0.00,S,6049409762,,USD,CS
70003891,01107,06,1,20250424,210902,000000020201,1,5.49,5.49,0.00,0.00,S,,,USD,DB
70003891,01107,06,2,20250424,210902,000004483001,1,4.99,4.99,0.00,0.31,S,,,USD,DB
70003891,01107,06,3,20250424,210902,000000005102,2,5.49,10.98,2.20,0.00,S,,PC25W12,USD,DB
70003891,01107,06,4,20250424,210902,000004491003,1,1.99,1.99,0.00,0.12,S,,,USD,DB
70003891,01107,06,5,20250424,210902,000004471030,2,3.99,7.98,1.60,0.40,S,,PC25W12,USD,DB
70003892,01107,02,1,20250424,124652,000000040201,3,8.99,26.97,0.00,0.00,S,,,USD,CS
70003893,01107,05,1,20250424,145848,000004473002,1,2.79,2.79,0.00,0.17,S,,,USD,CS
70003893,01107,05,2,20250424,145848,000004482002,2,17.99,35.98,0.00,2.25,S,,,USD,CS
70003894,01107,01,1,20250424,153920,000000005101,1,7.99,7.99,0.00,0.00,S,6093466766,,USD,CC
70003894,01107,01,2,20250424,153920,000004492001,3,1.79,5.37,1.79,0.22,S,6093466766,MB25W11,USD,CC
70003894,01107,01,3,20250424,153920,000000020202,1,5.99,5.99,0.00,0.00,S,6093466766,,USD,CC
70003895,02210,05,1,20250424,95303,000000040201,1,8.99,8.99,0.00,0.00,S,,,USD,CS
70003895,02210,05,2,20250424,95303,000000030201,1,9.99,9.99,0.00,0.00,S,,,USD,CS
70003895,02210,05,3,20250424,95303,000000552001,2,4.49,8.98,0.00,0.56,S,,,USD,CS
70003895,02210,05,4,20250424,95303,000000093325,2.012,3.99,8.03,1.61,0.00,S,,PC25W12,USD,CS
70003896,02210,02,1,20250424,90749,000000005301,1,5.49,5.49,0.00,0.00,S,6036890030,,USD,CS
70003896,02210,02,2,20250424,90749,000004471040,3,2.49,7.47,2.49,0.31,S,6036890030,MB25W11,USD,CS
70003896,02210,02,3,20250424,90749,000004473001,1,2.99,2.99,0.00,0.19,S,6036890030,,USD,CS
70003896,02210,02,4,20250424,90749,000004472001,1,3.99,3.99,0.00,0.25,S,6036890030,,USD,CS
70003896,02210,02,5,20250424,90749,000000552002,1,3.99,3.99,0.00,0.25,S,6036890030,,USD,CS
70003897,02210,04,1,20250424,91700,000000094103,1,3.79,3.79,0.00,0.00,S,,,USD,DB
70003897,02210,04,2,20250424,91700,000000094203,0.570,1.49,0.85,0.17,0.00,S,,PC25W12,USD,DB
70003897,02210,04,3,20250424,91700,000000030201,1,9.99,9.99,0.00,0.00,S,,,USD,DB
70003897,02210,04,4,20250424,91700,000004473002,2,2.79,5.58,0.00,0.35,S,,,USD,DB
70003897,02210,04,5,20250424,91700,000000020102,1,3.49,3.49,0.00,0.00,S,,,USD,DB
70003897,02210,04,6,20250424,91700,000000551020,1,13.99,13.99,0.00,0.87,S,,,USD,DB
70003898,02210,05,1,20250424,154352,000000094102,1,3.49,3.49,0.00,0.00,S,6056259045,,USD,CC
70003898,02210,05,2,20250424,154352,000004482002,2,17.99,35.98,0.00,2.25,S,6056259045,,USD,CC
70003898,02210,05,3,20250424,154352,000004471024,1,3.49,3.49,0.00,0.22,S,6056259045,,USD,CC
70003898,02210,05,4,20250424,154352,000000093322,1.127,1.99,2.24,0.00,0.00,S,6056259045,,USD,CC
70003899,02211,03,1,20250424,81719,000004483002,1,3.49,3.49,0.00,0.22,S,,,USD,CC
70003900,02211,01,1,20250424,91337,000000093501,1,4.49,4.49,0.00,0.00,S,6075899757,,USD,CC
70003901,02211,06,1,20250424,180235,000000005102,1,5.49,5.49,1.10,0.00,S,6091320330,PC25W12,USD,CC
70003902,02211,01,1,20250424,140501,000004483001,9999,4.99,4.99,0.00,0.31,S,6060138241,,USD,CC
70003902,02211,01,2,20250424,140501,000000005302,1,3.49,3.49,0.00,0.00,S,6060138241,,USD,CC
70003902,02211,01,3,20250424,140501,000000093322,1.615,1.99,3.21,0.00,0.00,S,6060138241,,USD,CC
70003902,02211,01,4,20250424,140501,000004491003,1,1.99,1.99,0.00,0.12,S,6060138241,,USD,CC
70003902,02211,01,5,20250424,140501,000004482001,2,13.99,27.98,0.00,1.75,S,6060138241,,USD,CC
70003903,02211,01,1,20250424,83250,000000040102,2.149,16.99,36.51,0.00,0.00,S,6067932798,,USD,DB
70003903,02211,01,2,20250424,83250,000000040201,2,8.99,17.98,0.00,0.00,S,6067932798,,USD,DB
70003903,02211,01,3,20250424,83250,000000094201,2.107,1.69,3.56,0.00,0.00,S,6067932798,,USD,DB
70003903,02211,01,4,20250424,83250,000004483001,1,4.99,4.99,0.00,0.31,S,6067932798,,USD,DB
70003904,02305,05,1,20250424,213715,000000552002,2,3.99,7.98,0.00,0.50,S,,,USD,CC
70003904,02305,05,2,20250424,213715,000004492001,1,1.79,1.79,0.00,0.11,S,,,USD,CC
70003905,02305,03,1,20250424,162519,000000030202,1,11.49,11.49,0.00,0.00,S,,,USD,CC
70003905,02305,03,2,20250424,162519,000000040201,1,8.99,8.99,0.00,0.00,S,,,USD,CC
70003905,02305,03,3,20250424,162519,000000020103,3,4.99,14.97,4.99,0.00,S,,MB25W11,USD,CC
70003906,02305,04,1,20250424,113625,000000094302,0.626,5.49,3.44,0.00,0.00,S,,,USD,CC
70003906,02305,04,2,20250424,113625,000000561002,1,7.49,7.49,0.00,0.47,S,,,USD,CC
70003907,02305,05,1,20250424,95000,000000093325,1.806,3.99,7.21,1.44,0.00,S,,PC25W12,USD,GC
70003907,02305,05,2,20250424,95000,000000005101,1,7.99,7.99,0.00,0.00,S,,,USD,GC
70003907,02305,05,3,20250424,95000,000004492001,1,1.79,1.79,0.00,0.11,S,,,USD,GC
70003907,02305,05,4,20250424,95000,000000005103,1,6.99,6.99,0.00,0.00,S,,,USD,GC
70003908,02305,05,1,20250424,175950,000004483002,1,3.49,3.49,0.00,0.22,S,6049409762,,USD,DB
70003908,02305,05,2,20250424,175950,000004471024,1,3.49,3.49,0.00,0.22,S,6049409762,,USD,DB
70003909,02305,03,1,20250424,214103,000000005102,1,5.49,5.49,1.10,0.00,S,,PC25W12,USD,CC
70003910,02305,04,1,20250424,163755,000000093502,1,3.99,3.99,0.00,0.00,S,,,USD,DB
70003910,02305,04,2,20250424,163755,000004473003,1,3.49,3.49,0.00,0.22,S,,,USD,DB
70003910,02305,04,3,20250424,163755,000000094203,0.282,1.49,0.42,0.08,0.00,S,,PC25W12,USD,DB
70003910,02305,04,4,20250424,163755,000000561001,1,9.99,9.99,0.00,0.62,S,,,USD,DB
70003910,02305,04,5,20250424,163755,000000005201,1,3.99,3.99,0.00,0.00,S,,,USD,DB
70003911,03050,02,1,20250424,173849,000004482001,2,13.99,27.98,0.00,1.75,S,6009081441,,USD,DB
70003911,03050,02,2,20250230,173849,000004472002,1,4.49,4.49,0.00,0.28,S,6009081441,,USD,DB
70003911,03050,02,3,20250424,173849,000000094202,0.340,1.99,0.68,0.00,0.00,S,6009081441,,USD,DB
70003912,03050,06,1,20250424,100605,000000005301,3,5.49,16.47,0.00,0.00,S,,,USD,DB
70003913,03050,01,1,20250424,173344,000000040201,1,8.99,8.99,0.00,0.00,S,6076921053,,USD,DB
70003913,03050,01,2,20250424,173344,000000005102,2,5.49,10.98,2.20,0.00,S,6076921053,PC25W12,USD,DB
70003913,03050,01,3,20250424,173344,000004482002,1,17.99,17.99,0.00,1.12,S,6076921053,,USD,DB
70003913,03050,01,4,20250424,173344,000004491001,1,2.49,2.49,0.00,0.16,S,6076921053,,USD,DB
70003913,03050,01,5,20250424,173344,000000040102,1.284,16.99,21.82,0.00,0.00,S,6076921053,,USD,DB
70003914,03050,01,1,20250424,185650,000000094203,1.324,1.49,1.97,0.39,0.00,S,6062056341,PC25W12,USD,CC
70003915,03050,01,1,20250424,132859,000000031101,2.018,24.99,50.43,0.00,0.00,S,,,USD,DB
70003915,03050,01,2,20250424,132859,000000094301,2.161,4.39,9.49,0.00,0.00,S,,,USD,DB
70003915,03050,01,3,20250424,132859,000004483001,1,4.99,4.99,0.00,0.31,S,,,USD,DB
70003915,03050,01,4,20250424,132859,000000093502,2,3.99,7.98,0.00,0.00,S,,,USD,DB
70003915,03050,01,5,20250424,132859,000000020203,1,6.49,6.49,0.00,0.00,S,,,USD,DB
70003915,03050,01,6,20250424,132859,000000005102,1,5.49,5.49,1.10,0.00,S,,PC25W12,USD,DB
70003916,03050,04,1,20250424,122734,000000094102,1,3.49,3.49,0.00,0.00,S,,,USD,CS
70003916,03050,04,2,20250424,122734,000000093321,1.929,1.49,2.87,0.00,0.00,S,,,USD,CS
70003916,03050,04,3,20250424,122734,000004481001,1,7.99,7.99,0.00,0.50,S,,,USD,CS
70003916,03050,04,4,20250424,122734,000000040201,2,8.99,17.98,0.00,0.00,S,,,USD,CS
70003916,03050,04,5,20250424,122734,000000552001,3,4.49,13.47,0.00,0.84,S,,,USD,CS
70003917,03050,02,1,20250424,85708,000000020103,3,4.99,14.97,4.99,0.00,S,,MB25W11,USD,CC
70003917,03050,02,2,20250424,85708,000004471030,1,3.99,3.99,0.80,0.20,S,,PC25W12,USD,CC
70003918,03050,01,1,20250424,143948,000004491001,1,2.49,2.49,0.00,0.16,S,6031537795,,USD,DB
70003919,03050,03,1,20250424,150311,000000005101,1,7.99,7.99,0.00,0.00,S,6039596292,,USD,GC
70003919,03050,03,2,20250424,150311,000000094301,0.889,4.39,3.90,0.00,0.00,S,6039596292,,USD,GC
70003920,00317,02,1,20250424,211813,000000030203,2,11.49,22.98,0.00,0.00,S,6042782079,,CAD,CC
70003921,00317,04,1,20250424,102735,000004492001,3,2.39,7.17,2.39,0.30,S,,MB25W11,CAD,CC
70003921,00317,04,2,20250424,102735,000000094202,1.669,2.69,4.49,0.00,0.00,S,,,CAD,CC
70003921,00317,04,3,20250424,102735,000000094202,2.102,2.69,5.65,0.00,0.00,S,,,CAD,CC
70003921,00317,04,4,20250424,102735,000004483001,2,6.79,13.58,0.00,0.85,S,,,CAD,CC
70003922,00317,04,1,20250424,142336,000004482002,1,24.49,24.49,0.00,1.53,S,6082043397,,CAD,CC
70003923,00317,01,1,20250424,85818,000000552001,1,6.09,6.09,0.00,0.38,S,,,CAD,DB
70003923,00317,01,2,20250424,85818,000000040202,1,20.39,20.39,0.00,0.00,S,,,CAD,DB
70003923,00317,01,3,20250424,85818,000000020202,3,8.09,24.27,0.00,0.00,S,,,CAD,DB
70003923,00317,01,4,20250424,85818,000000005102,1,7.49,7.49,1.50,0.00,S,,PC25W12,CAD,DB
70003924,00317,01,1,20250424,150057,000000005302,1,4.69,4.69,0.00,0.00,S,,,CAD,DB
70003924,00317,01,2,20250424,150057,000000040201,1,12.19,12.19,0.00,0.00,S,,,CAD,DB
70003924,00317,01,3,20250424,150057,000000040102,0.412,23.09,9.51,0.00,0.00,S,,,CAD,DB
70003924,00317,01,4,20250424,150057,000000552002,3,5.39,16.17,0.00,1.01,S,,,CAD,DB
70003924,00317,01,5,20250424,150057,000000020103,1,6.79,6.79,0.00,0.00,S,,,CAD,DB
70003924,00317,01,6,20250424,150057,000000005013,2,5.29,10.58,0.00,0.00,S,,,CAD,DB
70003925,00317,05,1,20250424,74803,000000030102,1,20.39,20.39,0.00,0.00,S,,,CAD,CC
70003926,00317,05,1,20250424,190537,000000005012,1,5.39,5.39,0.00,0.00,S,6060798487,,CAD,CC
70003926,00317,05,2,20250424,190537,000004471040,3,3.39,10.17,3.39,0.42,S,6060798487,MB25W11,CAD,CC
70003927,00317,01,1,20250424,110058,000000094301,0.309,5.99,1.85,0.00,0.00,S,,,CAD,GC
70003927,00317,01,2,20250424,110058,000000562002,3,11.49,34.47,0.00,2.15,S,,,CAD,GC
70003927,00317,01,3,20250424,110058,000004482002,1,24.49,24.49,0.00,1.53,S,,,CAD,GC
70003927,00317,01,4,20250424,110058,000000005103,2,9.49,18.98,0.00,0.00,S,,,CAD,GC
70003928,00317,05,1,20250424,201639,000004471030,2,5.39,10.78,2.16,0.54,S,,PC25W12,CAD,GC
70003928,00317,05,2,20250424,201639,000000093502,1,5.39,5.39,0.00,0.00,S,,,CAD,GC
70003929,00317,01,1,20250424,185529,000000561002,1,10.19,10.19,0.00,0.64,S,,,CAD,CC
70003930,00317,06,1,20250424,182706,000000005012,1,5.39,5.39,0.00,0.00,S,6061106273,,CAD,CC
70003930,00317,06,2,20250424,182706,000000005103,1,9.49,9.49,0.00,0.00,S,6061106273,,CAD,CC
70003931,00317,04,1,20250424,75610,000000094203,1.117,1.99,2.22,0.44,0.00,S,,PC25W12,CAD,CS
70003931,00317,04,2,20250424,75610,000000005301,1,7.49,7.49,0.00,0.00,S,,,CAD,CS
70003931,00317,04,3,20250424,75610,000000551020,1,18.99,18.99,0.00,1.19,S,,,CAD,CS
70003931,00317,04,4,20250424,75610,000000094302,1.624,7.49,12.16,0.00,0.00,S,,,CAD,CS
70003932,01042,06,1,20250425,150734,000000030202,1,11.49,11.49,0.00,0.00,S,,,USD,DB
70003933,01042,04,1,20250425,134556,000000005202,1,5.99,5.99,0.00,0.00,S,6056818209,,USD,CC
70003933,01042,04,2,20250425,134556,000000094203,0.506,1.49,0.75,0.15,0.00,S,6056818209,PC25W12,USD,CC
70003933,01042,04,3,20250425,134556,000000094201,2.018,1.69,3.41,0.00,0.00,S,6056818209,,USD,CC
70003933,01042,04,4,20250425,134556,000000093502,1,3.99,3.99,0.00,0.00,S,6056818209,,USD,CC
70003934,01042,04,1,20250425,154815,000000093502,1,3.99,3.99,0.00,0.00,S,6062879232,,USD,CC
70003935,01042,03,1,20250425,134248,000000005302,1,3.49,3.49,0.00,0.00,S,,,USD,CC
70003935,01042,03,2,20250425,134248,000000020202,1,5.99,5.99,0.00,0.00,S,,,USD,CC
70003935,01042,03,3,20250425,134248,000000020202,2,5.99,11.98,0.00,0.00,S,,,USD,CC
70003935,01042,03,4,20250425,134248,000000093410,1.772,3.99,7.07,0.00,0.00,S,,,USD,CC
70003935,01042,03,5,20250425,134248,000000020201,1,5.49,5.49,0.00,0.00,S,,,USD,CC
70003936,01042,02,1,20250425,170354,000000005202,2,5.99,11.98,0.00,0.00,S,,,USD,CS
70003937,01042,03,1,20250425,194817,000000561001,1,9.99,9.99,0.00,0.62,S,6045273466,,USD,CS
70003938,01042,05,1,20250425,90209,000004482001,1,13.99,13.99,0.00,0.87,S,,,USD,GC
70003938,01042,05,2,20250425,90209,000000005201,1,3.99,3.99,0.00,0.00,S,,,USD,GC
70003939,01042,06,1,20250425,180953,000000552001,1,4.49,4.49,0.00,0.28,S,,,USD,CS
70003939,01042,06,2,20250425,180953,000004482003,2,5.49,10.98,0.00,0.69,S,,,USD,CS
70003939,01042,06,3,20250425,180953,000000561001,2,9.99,19.98,0.00,1.25,S,,,USD,CS
70003939,01042,06,4,20250425,180953,000000551020,1,13.99,13.99,0.00,0.87,S,,,USD,CS
70003940,01042,01,1,20250425,73345,000004493002,1,3.99,3.99,0.00,0.25,S,6024648449,,USD,GC
70003940,01042,01,2,20250425,73345,000000030103,1,8.99,8.99,0.00,0.00,S,6024648449,,USD,GC
70003940,01042,01,3,20250425,73345,000000005101,2,7.99,15.98,0.00,0.00,S,6024648449,,USD,GC
70003941,01107,01,1,20250425,102618,000004481001,1,7.99,7.99,0.00,0.50,S,,,USD,CS
70003942,02210,05,1,20250425,153310,000000005013,1,3.89,3.89,0.00,0.00,S,,,USD,CC
70003942,02210,05,2,20250425,153310,000004491002,2,6.99,13.98,2.80,0.70,S,,PC25W12,USD,CC
70003942,02210,05,3,20250425,153310,000000040201,1,8.99,8.99,0.00,0.00,S,,,USD,CC
70003942,02210,05,4,20250425,153310,000000005103,3,6.99,20.97,0.00,0.00,S,,,USD,CC
70003942,02210,05,5,20250425,153310,000004471030,2,3.99,7.98,1.60,0.40,S,,PC25W12,USD,CC
70003942,02210,05,6,20250425,153310,000000005102,1,5.49,5.49,1.10,0.00,S,,PC25W12,USD,CC
70003943,02210,02,1,20250425,85302,000004473002,1,2.79,2.79,0.00,0.17,S,6053380339,,USD,DB
70003944,02210,02,1,20250425,191617,000004471023,1,3.49,3.49,0.00,0.22,S,6041328348,,USD,DB
70003945,02210,04,1,20250425,165645,000000094201,0.342,1.69,0.58,0.00,0.00,S,6071617688,,USD,DB
70003946,02210,06,1,20250425,131604,000000094301,1.988,4.39,8.73,0.00,0.00,S,6017993136,,USD,CC
70003946,02210,06,2,20250425,131604,000000093401,0.975,5.49,5.35,0.00,0.00,S,6017993136,,USD,CC
70003946,02210,06,3,20250425,131604,000004483002,1,3.49,3.49,0.00,0.22,S,6017993136,,USD,CC
70003947,02210,01,1,20250425,152629,000004492002,1,1.49,1.49,0.00,0.09,S,,,USD,CC
70003947,02210,01,2,20250425,152629,000004473003,1,3.49,3.49,0.00,0.22,S,,,USD,CC
70003948,02210,03,1,20250425,160251,000000005302,1,3.49,3.49,0.00,0.00,S,6005800851,,USD,DB
70003948,02210,03,2,20250425,160251,000000093325,1.771,3.99,7.07,1.41,0.00,S,6005800851,PC25W12,USD,DB
70003949,02210,05,1,20250425,85013,000000562002,2,8.49,16.98,0.00,1.06,S,6077220054,,USD,CC
70003949,02210,05,2,20250425,85013,000000040203,1,11.99,11.99,0.00,0.00,S,6077220054,,USD,CC
70003949,02210,05,3,20250425,85013,000000040201,1,8.99,8.99,0.00,0.00,S,6077220054,,USD,CC
70003949,02210,05,4,20250425,85013,000004482002,1,17.99,17.99,0.00,1.12,S,6077220054,,USD,CC
70003949,02210,05,5,20250425,85013,000000005102,1,5.49,5.49,1.10,0.00,S,6077220054,PC25W12,USD,CC
70003949,02210,05,6,20250425,85013,000000093325,1.408,3.99,5.62,1.12,0.00,S,6077220054,PC25W12,USD,CC
70003950,02211,06,1,20250425,181230,000004471030,1,3.99,3.99,0.00,0.25,R,,,USD,CC
70003951,02211,01,1,20250425,172419,000004491002,1,6.99,6.99,1.40,0.35,S,6064957823,PC25W12,USD,CC
70003951,02211,01,2,20250425,172419,000000020101,1,2.49,2.49,0.00,0.00,S,6064957823,,USD,CC
70003951,02211,01,3,20250425,172419,000004482001,1,13.99,13.99,0.00,0.87,S,6064957823,,USD,CC
70003952,02211,05,1,20250425,74646,000000040202,2,14.99,29.98,0.00,0.00,S,,,USD,GC
70003952,02211,05,2,20250425,74646,000000005202,1,5.99,5.99,0.00,0.00,S,,,USD,GC
70003953,02211,05,1,20250425,74106,000000020103,3,4.99,14.97,4.99,0.00,S,6099187240,MB25W11,USD,DB
70003954,02211,04,1,20250425,190708,000004471030,1,3.99,3.99,0.80,0.20,S,6021965652,PC25W12,USD,CC
70003954,02211,04,2,20250425,190708,000004471040,3,2.49,7.47,2.49,0.31,S,6021965652,MB25W11,USD,CC
70003954,02211,04,3,20250425,190708,000000020201,1,5.49,5.49,0.00,0.00,S,6021965652,,USD,CC
70003954,02211,04,4,20250425,190708,000000561001,1,9.99,9.99,0.00,0.62,S,6021965652,,USD,CC
70003955,02211,02,1,20250425,145150,000004471030,1,3.99,3.99,0.80,0.20,S,6092548121,PC25W12,USD,DB
70003955,02211,02,2,20250425,145150,000004473002,1,2.79,2.79,0.00,0.17,S,6092548121,,USD,DB
70003955,02211,02,3,20250425,145150,000004493002,1,3.99,3.99,0.00,0.25,S,6092548121,,USD,DB
70003955,02211,02,4,20250425,145150,000000030103,2,8.99,17.98,0.00,0.00,S,6092548121,,USD,DB
70003955,02211,02,5,20250425,145150,000000005301,1,5.49,5.49,0.00,0.00,S,6092548121,,USD,DB
70003956,02305,06,1,20250425,174915,000000094203,2.131,1.49,3.18,0.64,0.00,S,,PC25W12,USD,CS
70003957,02305,05,1,20250425,160356,000000093325,0.914,3.99,3.65,0.73,0.00,S,,PC25W12,USD,GC
70003957,02305,05,2,20250425,160356,000000005103,2,6.99,13.98,0.00,0.00,S,,,USD,GC
70003957,02305,05,3,20250425,160356,000000552002,1,3.99,3.99,0.00,0.25,S,,,USD,GC
70003957,02305,05,4,20250425,160356,000000094302,1.096,5.49,6.02,0.00,0.00,S,,,USD,GC
70003958,02305,02,1,20250425,123327,000000005301,1,5.49,5.49,0.00,0.00,S,,,USD,CC
70003958,02305,02,2,20250425,123327,000004492002,1,1.49,1.49,0.00,0.09,S,,,USD,CC
70003958,02305,02,3,20250425,123327,000000562002,1,8.49,8.49,0.00,0.53,S,,,USD,CC
70003959,02305,06,1,20250425,92112,000000094302,1.938,5.49,10.64,0.00,0.00,S,,,USD,CS
70003959,02305,06,2,20250425,92112,000004483001,2,4.99,9.98,0.00,0.62,S,,,USD,CS
70003959,02305,06,3,20250425,92112,000000020202,1,5.99,5.99,0.00,0.00,S,,,USD,CS
70003960,02305,01,1,20250425,95150,000004493002,1,3.99,3.99,0.00,0.25,S,,,USD,GC
70003960,02305,01,2,20250425,95150,000000551021,1,11.99,11.99,0.00,0.75,S,,,USD,GC
70003961,02305,06,1,20250425,181554,000000005103,1,6.99,6.99,0.00,0.00,S,6096932591,,USD,CC
70003961,02305,06,2,20250425,181554,000000005020,1,4.49,4.49,0.00,0.00,S,6096932591,,USD,CC
70003962,02305,03,1,20250425,124301,000004481002,1,7.99,7.99,0.00,0.50,S,,,USD,CC
70003962,02305,03,2,20250425,124301,000000005202,1,5.99,5.99,0.00,0.00,S,,,USD,CC
70003962,02305,03,3,20250425,124301,000000094201,1.034,1.69,1.75,0.00,0.00,S,,,USD,CC
70003962,02305,03,4,20250425,124301,000000040102,1.546,16.99,26.27,0.00,0.00,S,,,USD,CC
70003962,02305,03,5,20250425,124301,000004473002,1,2.79,2.79,0.00,0.17,S,,,USD,CC
70003963,02305,05,1,20250425,201536,000000030101,1,6.99,6.99,0.00,0.00,S,6037660144,,USD,CC
70003963,02305,05,2,20250425,201536,000000031101,0.670,24.99,16.74,0.00,0.00,S,6037660144,,USD,CC
70003963,02305,05,3,20250425,201536,000004473002,1,2.79,2.79,0.00,0.17,S,6037660144,,USD,CC
70003964,02305,03,1,20250425,75156,000000551020,1,13.99,13.99,0.00,0.87,S,,,USD,DB
70003964,02305,03,2,20250425,75156,000004481002,3,7.99,23.97,0.00,1.50,S,,,USD,DB
70003965,02305,05,1,20250425,73749,000000030201,3,9.99,29.97,9.99,0.00,S,,MB25W11,USD,CS
70003965,02305,05,2,20250425,73749,000000005102,2,5.49,10.98,2.20,0.00,S,,PC25W12,USD,CS
70003966,02305,04,1,20250425,201518,000000094203,2.062,1.49,3.07,0.61,0.00,S,,PC25W12,USD,DB
70003966,02305,04,2,20250425,201518,000004473003,2,3.49,6.98,0.00,0.44,S,,,USD,DB
70003966,02305,04,3,20250425,201518,000000094103,1,3.79,3.79,0.00,0.00,S,,,USD,DB
70003967,02305,01,1,20250425,130723,000000094203,1.463,1.49,2.18,0.44,0.00,S,6049735020,PC25W12,USD,CC
70003967,02305,01,2,20250425,130723,000000093325,0.544,3.99,2.17,0.43,0.00,S,6049735020,PC25W12,USD,CC
70003967,02305,01,3,20250425,130723,000000020202,1,5.99,5.99,0.00,0.00,S,6049735020,,USD,CC
70003968,02305,04,1,20250425,133554,000000040102,2.045,16.99,34.74,0.00,0.00,S,,,USD,GC
70003968,02305,04,2,20250425,133554,000004492003,1,2.29,2.29,0.00,0.14,S,,,USD,GC
70003969,02305,01,1,20250425,211814,000000562002,1,8.49,8.49,0.00,0.53,S,,,USD,CC
70003969,02305,01,2,20250425,211814,000000020202,1,5.99,5.99,0.00,0.00,S,,,USD,CC
70003969,02305,01,3,20250425,211814,000004471024,1,3.49,3.49,0.00,0.22,S,,,USD,CC
70003969,02305,01,4,20250425,211814,000000093502,1,3.99,3.99,0.00,0.00,S,,,USD,CC
70003970,02305,06,1,20250425,181352,000000020201,1,5.49,5.49,0.00,0.00,S,6041465111,,USD,CC
70003970,02305,06,2,20250425,181352,000004481003,1,4.99,4.99,0.00,0.31,S,6041465111,,USD,CC
70003970,02305,06,3,20250425,181352,000000093503,1,4.29,4.29,0.00,0.00,S,6041465111,,USD,CC
70003971,03050,04,1,20250425,81452,000000020103,1,4.99,4.99,0.00,0.00,S,,,USD,DB
70003971,03050,04,2,20250425,81452,000000005102,1,5.49,5.49,1.10,0.00,S,,PC25W12,USD,DB
70003972,03050,01,1,20250425,140939,000000005202,1,5.99,5.99,0.00,0.00,S,,,USD,DB
70003972,03050,01,2,20250425,140939,000004481003,2,4.99,9.98,0.00,0.62,S,,,USD,DB
70003972,03050,01,3,20250425,140939,000004472002,1,4.49,4.49,0.00,0.28,S,,,USD,DB
70003973,03050,06,1,20250425,143956,000000094203,1.192,1.49,1.78,0.36,0.00,S,6092513271,PC25W12,USD,CC
70003973,03050,06,2,20250425,143956,000004483001,1,4.99,4.99,0.00,0.31,S,6092513271,,USD,CC
70003973,03050,06,3,20250425,143956,000000005012,1,3.99,3.99,0.00,0.00,S,6092513271,,USD,CC
70003974,03050,03,1,20250425,143640,000000005012,1,3.99,3.99,0.00,0.00,S,,,USD,CC
70003974,03050,03,2,20250425,143640,000004481003,1,4.99,4.99,0.00,0.31,S,,,USD,CC
70003974,03050,03,3,20250425,143640,000000020103,3,4.99,14.97,4.99,0.00,S,,MB25W11,USD,CC
70003974,03050,03,4,20250425,143640,000004491002,1,6.99,6.99,1.40,0.35,S,,PC25W12,USD,CC
70003974,03050,03,5,20250425,143640,000000020101,1,2.49,2.49,0.00,0.00,S,,,USD,CC
70003974,03050,03,6,20250425,143640,000004471024,2,3.49,6.98,0.00,0.44,S,,,USD,CC
70003975,03050,03,1,20250425,141740,000000005102,1,5.49,5.49,1.10,0.00,S,6050074329,PC25W12,USD,DB
70003975,03050,03,2,20250425,141740,000000093402,2.153,3.29,7.08,0.00,0.00,S,6050074329,,USD,DB
70003976,03050,05,1,20250425,212916,000000094201,0.536,1.69,0.91,0.00,0.00,S,,,USD,CC
70003976,03050,05,2,20250425,212916,000004491002,1,6.99,6.99,1.40,0.35,S,,PC25W12,USD,CC
70003976,03050,05,3,20250425,212916,000000093501,1,4.49,4.49,0.00,0.00,S,,,USD,CC
70003976,03050,05,4,20250425,212916,000000030201,1,9.99,9.99,0.00,0.00,S,,,USD,CC
70003976,03050,05,5,20250425,212916,000000561002,1,7.49,7.49,0.00,0.47,S,,,USD,CC
70003977,03050,01,1,20250425,175501,000004473002,1,2.79,2.79,0.00,0.17,S,6089421044,,USD,CS
70003978,00317,05,1,20250425,171200,000000040101,0.663,25.79,17.10,0.00,0.00,S,,,CAD,DB
70003978,00317,05,2,20250425,171200,000000005201,1,5.39,5.39,0.00,0.00,S,,,CAD,DB
70003979,00317,05,1,20250425,71545,000000030101,2,9.49,18.98,0.00,0.00,S,,,CAD,CS
70003979,00317,05,2,20250425,71545,000000551020,2,18.99,37.98,0.00,2.37,S,,,CAD,CS
70003980,00317,05,1,20250425,75957,000000562002,3,11.49,34.47,0.00,2.15,S,,,CAD,CC
70003980,00317,05,2,20250425,75957,000000005020,1,6.09,6.09,0.00,0.00,S,,,CAD,CC
70003980,00317,05,3,20250425,75957,000004481002,1,10.89,10.89,0.00,0.68,S,,,CAD,CC
70003981,00317,05,1,20250425,73121,000000020202,1,8.09,8.09,0.00,0.00,S,,,CAD,CC
70003981,00317,05,2,20250425,73121,000004492050,1,2.99,2.99,0.00,0.19,S,,,CAD,CC
70003982,00317,06,1,20250425,144601,000004471040,2,3.39,6.78,0.00,0.42,S,,,CAD,DB
70003982,00317,06,2,20250425,144601,000000005020,1,6.09,6.09,0.00,0.00,S,,,CAD,DB
70003982,00317,06,3,20250425,144601,000004482003,1,7.49,7.49,0.00,0.47,S,,,CAD,DB
70003983,00317,04,1,20250425,80507,000000561001,1,13.59,13.59,0.00,0.85,S,,,CAD,CC
70003983,00317,04,2,20250425,80507,000000093325,0.889,5.39,4.79,0.96,0.00,S,,PC25W12,CAD,CC
70003983,00317,04,3,20250425,80507,000000040201,1,12.19,12.19,0.00,0.00,S,,,CAD,CC
70003983,00317,04,4,20250425,80507,000000093503,1,5.79,5.79,0.00,0.00,S,,,CAD,CC
70003984,00317,02,1,20250425,180824,000000094302,2.002,7.49,14.99,0.00,0.00,S,,,CAD,GC
70003984,00317,02,2,20250425,180824,000000030203,2,11.49,22.98,0.00,0.00,S,,,CAD,GC
70003985,00317,05,1,20250425,145905,000000005013,1,5.29,5.29,0.00,0.00,S,,,CAD,DB
70003985,00317,05,2,20250425,145905,000004482003,1,7.49,7.49,0.00,0.47,S,,,CAD,DB
70003985,00317,05,3,20250425,145905,000004491002,3,9.49,28.47,5.69,1.42,S,,PC25W12,CAD,DB
70003986,00317,04,1,20250425,115605,000000561001,1,13.59,13.59,0.00,0.85,S,,,CAD,CS
70003986,00317,04,2,20250425,115605,000000030201,3,13.59,40.77,13.59,0.00,S,,MB25W11,CAD,CS
70003986,00317,04,3,20250425,115605,000000094102,1,4.69,4.69,0.00,0.00,S,,,CAD,CS
70003986,00317,04,4,20250425,115605,000000031101,1.191,33.99,40.48,0.00,0.00,S,,,CAD,CS
70003986,00317,04,5,20250425,115605,000004482003,1,7.49,7.49,0.00,0.47,S,,,CAD,CS
70003986,00317,04,6,20250425,115605,000000030201,3,13.59,40.77,0.00,0.00,V,,,CAD,CS
70003987,00317,06,1,20250425,171916,000004473002,2,3.79,7.58,0.00,0.47,S,,,CAD,CC
70003988,00317,02,1,20250425,193517,000004492050,1,2.99,2.99,0.00,0.19,S,,,CAD,DB
70003988,00317,02,2,20250425,193517,000004492003,1,3.09,3.09,0.00,0.19,S,,,CAD,DB
70003989,00317,02,1,20250425,140948,000000551020,1,18.99,18.99,0.00,1.19,S,,,CAD,CC
70003990,00317,01,1,20250425,151414,000004471024,1,4.69,4.69,0.00,0.29,S,6023690362,,CAD,DB
70003991,01042,04,1,20250426,93516,000004472003,1,3.29,3.29,0.00,0.21,S,,,USD,CC
70003991,01042,04,2,20250426,93516,000000040202,3,14.99,44.97,0.00,0.00,S,,,USD,CC
70003992,01042,05,1,20250426,73827,000004482001,2,13.99,27.98,0.00,1.75,S,,,USD,DB
70003992,01042,05,2,20250426,73827,000000020201,1,5.49,5.49,0.00,0.00,S,,,USD,DB
70003993,01042,04,1,20250426,73814,000000005302,1,3.49,3.49,0.00,0.00,S,,,USD,CC
70003993,01042,04,2,20250426,73814,000000005103,2,6.99,13.98,0.00,0.00,S,,,USD,CC
70003994,01042,01,1,20250426,195739,000000030202,1,11.49,11.49,0.00,0.00,S,6061331552,,USD,CC
70003994,01042,01,2,20250426,195739,000000020102,1,3.49,3.49,0.00,0.00,S,6061331552,,USD,CC
70003995,01042,03,1,20250426,195823,000000093503,2,4.29,8.58,0.00,0.00,S,6070267288,,USD,CC
70003995,01042,03,2,20250426,195823,000004483001,1,4.99,4.99,0.00,0.31,S,6070267288,,USD,CC
70003995,01042,03,3,20250426,195823,000000094102,2,3.49,6.98,0.00,0.00,S,6070267288,,USD,CC
70003995,01042,03,4,20250426,195823,000004491003,1,1.99,1.99,0.00,0.12,S,6070267288,,USD,CC
70003996,01042,05,1,20250426,75904,000000020201,1,5.49,5.49,0.00,0.00,S,,,USD,DB
70003996,01042,05,2,20250426,75904,000000005103,1,6.99,6.99,0.00,0.00,S,,,USD,DB
70003996,01042,05,3,20250426,75904,000004483002,1,3.49,3.49,0.00,0.22,S,,,USD,DB
70003996,01042,05,4,20250426,75904,000000040203,2,11.99,23.98,0.00,0.00,S,,,USD,DB
70003996,01042,05,5,20250426,75904,000000562002,1,8.49,8.49,0.00,0.53,S,,,USD,DB
70003997,01042,04,1,20250426,161841,000000093501,2,4.49,8.98,0.00,0.00,S,6008677133,,USD,DB
70003998,01042,06,1,20250426,193609,000000005301,1,5.49,5.49,0.00,0.00,S,,,USD,CC
70003998,01042,06,2,20250426,193609,000000094301,1.430,4.39,6.28,0.00,0.00,S,,,USD,CC
70003998,01042,06,3,20250426,193609,000000561002,1,7.49,7.49,0.00,0.47,S,,,USD,CC
70003998,01042,06,4,20250426,193609,000004472003,1,3.29,3.29,0.00,0.21,S,,,USD,CC
70003998,01042,06,5,20250426,193609,000000561002,1,7.49,7.49,0.00,0.47,S,,,USD,CC
70003998,01042,06,6,20250426,193609,000000005202,2,5.99,11.98,0.00,0.00,S,,,USD,CC
70003999,01107,06,1,20250426,170714,000000005103,1,6.99,6.99,0.00,0.00,S,,,USD,CC
70003999,01107,06,2,20250426,170714,000004491001,1,2.49,2.49,0.00,0.16,S,,,USD,CC
70004000,01107,03,1,20250426,205448,000000040203,1,11.99,11.99,0.00,0.00,S,6074224386,,USD,CC
70004001,01107,03,1,20250426,193836,000000005302,2,3.49,6.98,0.00,0.00,S,6051315285,,USD,CC
70004001,01107,03,2,20250426,193836,000000040202,1,14.99,14.99,0.00,0.00,S,6051315285,,USD,CC
70004001,01107,03,3,20250426,193836,000000020203,1,6.49,6.49,0.00,0.00,S,6051315285,,USD,CC
70004001,01107,03,4,20250426,193836,000004481003,1,4.99,4.99,0.00,0.31,S,6051315285,,USD,CC
70004002,01107,01,1,20250426,120524,000000005301,2,5.49,10.98,0.00,0.00,S,,,USD,DB
70004002,01107,01,2,20250426,120524,000004473001,1,2.99,2.99,0.00,0.19,S,,,USD,DB
70004002,01107,01,3,20250426,120524,000000093321,1.442,1.49,2.15,0.00,0.00,S,,,USD,DB
70004002,01107,01,4,20250426,120524,000004481003,1,4.99,4.99,0.00,0.31,S,,,USD,DB
70004002,01107,01,5,20250426,120524,000000040203,1,11.99,11.99,0.00,0.00,S,,,USD,DB
70004002,01107,01,6,20250426,120524,000000020202,1,5.99,5.99,0.00,0.00,S,,,USD,DB
70004003,01107,05,1,20250426,114916,000000005102,1,5.49,5.49,1.10,0.00,S,,PC25W12,USD,CC
70004003,01107,05,2,20250426,114916,000004481001,1,7.99,7.99,0.00,0.50,S,,,USD,CC
70004004,01107,02,1,20250426,151431,000000005202,1,5.99,5.99,0.00,0.00,S,6034210890,,USD,CS
70004004,01107,02,2,20250426,151431,000004471030,1,3.99,3.99,0.80,0.20,S,6034210890,PC25W12,USD,CS
70004004,01107,02,3,20250426,151431,000004481003,2,4.99,9.98,0.00,0.62,S,6034210890,,USD,CS
70004004,01107,02,4,20250426,151431,000004471030,1,3.99,3.99,0.80,0.20,S,6034210890,PC25W12,USD,CS
70004004,01107,02,5,20250426,151431,000004492001,1,1.79,1.79,0.00,0.11,S,6034210890,,USD,CS
70004005,01107,04,1,20250426,141002,000004472002,1,4.49,4.49,0.00,0.28,S,,,USD,CC
70004005,01107,04,2,20250426,141002,000000005202,1,5.99,5.99,0.00,0.00,S,,,USD,CC
70004005,01107,04,3,20250426,141002,000000005102,1,5.49,5.49,1.10,0.00,S,,PC25W12,USD,CC
70004005,01107,04,4,20250426,141002,000000005013,1,3.89,3.89,0.00,0.00,S,,,USD,CC
70004005,01107,04,5,20250426,141002,000004492002,1,1.49,1.49,0.00,0.09,S,,,USD,CC
70004006,02210,04,1,20250426,170439,000000020201,1,5.49,5.49,0.00,0.00,S,,,USD,GC
70004006,02210,04,2,20250426,170439,000000093402,2.064,3.29,6.79,0.00,0.00,S,,,USD,GC
70004006,02210,04,3,20250426,170439,000000005020,1,4.49,4.49,0.00,0.00,S,,,USD,GC
70004006,02210,04,4,20250426,170439,000000094302,1.212,5.49,6.65,0.00,0.00,S,,,USD,GC
70004006,02210,04,5,20250426,170439,000000031101,0.669,24.99,16.72,0.00,0.00,S,,,USD,GC
70004007,02210,04,1,20250426,200944,000000005013,1,3.89,3.89,0.00,0.00,S,6049329668,,USD,CC
70004007,02210,04,2,20250426,200944,000004483001,1,4.99,4.99,0.00,0.31,S,6049329668,,USD,CC
70004007,02210,04,3,20250426,200944,000000552002,1,3.99,3.99,0.00,0.25,S,6049329668,,USD,CC
70004008,02210,02,1,20250426,82416,000000040201,1,8.99,8.99,0.00,0.00,S,,,USD,CS
70004008,02210,02,2,20250426,82416,000004481001,1,7.99,7.99,0.00,0.50,S,,,USD,CS
70004008,02210,02,3,20250426,82416,000004471030,1,3.99,3.99,0.80,0.20,S,,PC25W12,USD,CS
70004008,02210,02,4,20250426,82416,000004473003,1,3.49,3.49,0.00,0.22,S,,,USD,CS
70004009,02211,02,1,20250426,102255,000004482003,1,5.49,5.49,0.00,0.34,S,6088117298,,USD,DB
70004009,02211,02,2,20250426,102255,000000552001,1,4.49,4.49,0.00,0.28,S,6088117298,,USD,DB
70004009,02211,02,3,20250426,102255,000000020202,1,5.99,5.99,0.00,0.00,S,6088117298,,USD,DB
70004009,02211,02,4,20250426,102255,000000093503,1,4.29,4.29,0.00,0.00,S,6088117298,,USD,DB
70004010,02211,01,1,20250426,142848,000000020101,1,2.49,2.49,0.00,0.00,S,,,USD,DB
70004010,02211,01,2,20250426,142848,000004483001,2,4.99,9.98,0.00,0.62,S,,,USD,DB
70004010,02211,01,3,20250426,142848,000000005101,1,7.99,7.99,0.00,0.00,S,,,USD,DB
70004010,02211,01,4,20250426,142848,000004492003,3,2.29,6.87,0.00,0.43,S,,,USD,DB
70004010,02211,01,5,20250426,142848,000004472002,3,4.49,13.47,0.00,0.84,S,,,USD,DB
70004011,02211,02,1,20250426,124006,000000005013,1,3.89,3.89,0.00,0.00,S,,,USD,DB
70004011,02211,02,2,20250426,124006,000000040203,2,11.99,23.98,0.00,0.00,S,,,USD,DB
70004011,02211,02,3,20250426,124006,000004493001,1,5.49,5.49,0.00,0.34,S,,,USD,DB
70004012,02211,03,1,20250426,103916,000004481003,1,4.99,4.99,0.00,0.31,S,,,USD,CS
70004012,02211,03,2,20250426,103916,000000040201,1,8.99,8.99,0.00,0.00,S,,,USD,CS
70004013,02211,03,1,20250426,83836,000000005102,1,5.49,5.49,1.10,0.00,S,,PC25W12,USD,CC
70004013,02211,03,2,20250426,83836,000000020201,2,5.49,10.98,0.00,0.00,S,,,USD,CC
70004013,02211,03,3,20250426,83836,000000005101,1,7.99,7.99,0.00,0.00,S,,,USD,CC
70004013,02211,03,4,20250426,83836,000000040203,2,11.99,23.98,0.00,0.00,S,,,USD,CC
70004013,02211,03,5,20250426,83836,000000005103,2,6.99,13.98,0.00,0.00,S,,,USD,CC
70004013,02211,03,6,20250426,83836,000004482001,1,13.99,13.99,0.00,0.87,S,,,USD,CC
70004014,02211,05,1,20250426,113724,000004481001,1,7.99,7.99,0.00,0.50,S,,,USD,CC
70004014,02211,05,2,20250426,113724,000000030201,2,9.99,19.98,0.00,0.00,S,,,USD,CC
70004014,02211,05,3,20250426,113724,000004473001,1,2.99,2.99,0.00,0.19,S,,,USD,CC
70004014,02211,05,4,20250426,113724,000004493002,1,3.99,3.99,0.00,0.25,S,,,USD,CC
70004014,02211,05,5,20250426,113724,000004472003,1,3.29,3.29,0.00,0.21,S,,,USD,CC
70004014,02211,05,6,20250426,113724,000004491002,2,6.99,13.98,2.80,0.70,S,,PC25W12,USD,CC
70004015,02305,06,1,20250426,104728,000004482001,1,13.99,13.99,0.00,0.87,S,,,USD,DB
70004015,02305,06,2,20250426,104728,000000020103,1,4.99,4.99,0.00,0.00,S,,,USD,DB
70004015,02305,06,3,20250426,104728,000000005202,1,5.99,5.99,0.00,0.00,S,,,USD,DB
70004015,02305,06,4,20250426,104728,000000561001,1,9.99,9.99,0.00,0.62,S,,,USD,DB
70004015,02305,06,5,20250426,104728,000000562001,2,10.99,21.98,0.00,1.37,S,,,USD,DB
70004015,02305,06,6,20250426,104728,000004481001,1,7.99,7.99,0.00,0.50,S,,,USD,DB
70004016,02305,03,1,20250426,85226,000000094203,0.778,1.49,1.16,0.23,0.00,S,,PC25W12,USD,CS
70004016,02305,03,2,20250426,85226,000000031101,1.978,24.99,49.43,0.00,0.00,S,,,USD,CS
70004017,02305,01,1,20250426,202252,000000552002,1,3.99,3.99,0.00,0.25,S,6004023693,,USD,GC
70004017,02305,01,2,20250426,202252,000004481001,1,7.99,7.99,0.00,0.50,S,6004023693,,USD,GC
70004018,02305,06,1,20250426,74742,000000005202,1,5.99,5.99,0.00,0.00,S,6020995765,,USD,DB
70004018,02305,06,2,20250426,74742,000000005202,2,5.99,11.98,0.00,0.00,S,6020995765,,USD,DB
70004019,02305,04,1,20250426,145803,000000020201,1,5.49,5.49,0.00,0.00,S,,,USD,GC
70004019,02305,04,2,20250426,145803,000004492003,1,2.29,2.29,0.00,0.14,S,,,USD,GC
70004019,02305,04,3,20250426,145803,000004481001,1,7.99,7.99,0.00,0.50,S,,,USD,GC
70004019,02305,04,4,20250426,145803,000004471030,3,3.99,11.97,2.39,0.60,S,,PC25W12,USD,GC
70004019,02305,04,5,20250426,145803,000004472002,1,4.49,4.49,0.00,0.28,S,,,USD,GC
70004019,02305,04,6,20250426,145803,000000093501,2,4.49,8.98,0.00,0.00,S,,,USD,GC
70004020,02305,02,1,20250426,82808,000004493002,1,3.99,3.99,0.00,0.25,S,6061994237,,USD,CC
70004020,02305,02,2,20250426,82808,000000020103,3,4.99,14.97,4.99,0.00,S,6061994237,MB25W11,USD,CC
70004020,02305,02,3,20250426,82808,000000093321,0.350,1.49,0.52,0.00,0.00,S,6061994237,,USD,CC
70004020,02305,02,4,20250426,82808,000000020202,1,5.99,5.99,0.00,0.00,S,6061994237,,USD,CC
70004021,02305,02,1,20250426,140448,000000551021,2,11.99,23.98,0.00,1.50,S,6052450864,,USD,CS
70004021,02305,02,2,20250426,140448,000004471040,3,2.49,7.47,2.49,0.31,S,6052450864,MB25W11,USD,CS
70004021,02305,02,3,20250426,140448,000004471024,2,3.49,6.98,0.00,0.44,S,6052450864,,USD,CS
70004022,02305,04,1,20250426,200611,000000552001,1,4.49,4.49,0.00,0.28,S,,,USD,DB
70004022,02305,04,2,20250426,200611,000000093410,1.824,3.99,7.28,0.00,0.00,S,,,USD,DB
70004023,02305,03,1,20250426,114202,000000030203,1,8.49,8.49,0.00,0.00,S,,,USD,CS
70004024,02305,05,1,20250426,165740,000004491002,1,6.99,6.99,1.40,0.35,S,6076896270,PC25W12,USD,GC
70004024,02305,05,2,20250426,165740,000000005103,1,6.99,6.99,0.00,0.00,S,6076896270,,USD,GC
70004024,02305,05,3,20250426,165740,000000020102,1,3.49,3.49,0.00,0.00,S,6076896270,,USD,GC
70004024,02305,05,4,20250426,165740,000000551020,1,13.99,13.99,0.00,0.87,S,6076896270,,USD,GC
70004025,02305,04,1,20250426,162604,000004473002,1,2.79,2.79,0.00,0.17,S,6031310094,,USD,CS
70004025,02305,04,2,20250426,162604,000000005302,1,3.49,3.49,0.00,0.00,S,6031310094,,USD,CS
70004025,02305,04,3,20250426,162604,000004473002,1,2.79,2.79,0.00,0.17,S,6031310094,,USD,CS
70004026,02305,06,1,20250426,81925,000004492001,1,1.79,1.79,0.00,0.11,S,6077687290,,USD,GC
70004026,02305,06,2,20250426,81925,000004483001,1,4.99,4.99,0.00,0.31,S,6077687290,,USD,GC
70004026,02305,06,3,20250426,81925,000004491002,2,6.99,13.98,2.80,0.70,S,6077687290,PC25W12,USD,GC
70004026,02305,06,4,20250426,81925,000000020103,3,4.99,14.97,4.99,0.00,S,6077687290,MB25W11,USD,GC
70004026,02305,06,5,20250426,81925,000000005102,2,5.49,10.98,2.20,0.00,S,6077687290,PC25W12,USD,GC
70004026,02305,06,6,20250426,81925,000004472001,1,3.99,3.99,0.00,0.25,S,6077687290,,USD,GC
70004027,02305,04,1,20250426,91744,000000551021,1,11.99,11.99,0.00,0.75,S,,,USD,DB
70004027,02305,04,2,20250426,91744,000000005101,1,7.99,7.99,0.00,0.00,S,,,USD,DB
70004028,03050,04,1,20250426,185243,000000093503,1,4.29,4.29,0.00,0.00,S,,,USD,DB
70004029,03050,01,1,20250426,154723,000000552002,1,3.99,3.99,0.00,0.25,S,,,USD,DB
70004029,03050,01,2,20250426,154723,000000030102,1,14.99,14.99,0.00,0.00,S,,,USD,DB
70004029,03050,01,3,20250426,154723,000000094203,0.824,1.49,1.23,0.25,0.00,S,,PC25W12,USD,DB
70004029,03050,01,4,20250426,154723,000004471040,1,2.49,2.49,0.00,0.16,S,,,USD,DB
70004030,03050,06,1,20250426,92528,000000005013,1,3.89,3.89,0.00,0.00,S,6091508632,,USD,CS
70004030,03050,06,2,20250426,92528,000000020202,1,5.99,5.99,0.00,0.00,S,6091508632,,USD,CS
70004030,03050,06,3,20250426,92528,000004491002,1,6.99,6.99,1.40,0.35,S,6091508632,PC25W12,USD,CS
70004030,03050,06,4,20250426,92528,000000561002,1,7.49,7.49,0.00,0.47,S,6091508632,,USD,CS
70004030,03050,06,5,20250426,92528,000000005020,1,4.49,4.49,0.00,0.00,S,6091508632,,USD,CS
70004031,03050,05,1,20250426,212823,000000005102,1,5.49,5.49,1.10,0.00,S,,PC25W12,USD,DB
70004031,03050,05,2,20250426,212823,000004492001,1,1.79,1.79,0.00,0.11,S,,,USD,DB
70004031,03050,05,3,20250426,212823,000004483002,1,3.49,3.49,0.00,0.22,S,,,USD,DB
70004032,03050,05,1,20250426,110625,000000020102,2,3.49,6.98,0.00,0.00,S,,,USD,GC
70004032,03050,05,2,20250426,110625,000000030203,1,8.49,8.49,0.00,0.00,S,,,USD,GC
70004033,03050,03,1,20250426,164738,000000040101,0.343,18.99,6.51,0.00,0.00,S,6051951510,,USD,CS
70004033,03050,03,2,20250426,164738,000000040102,1.465,16.99,24.89,0.00,0.00,S,6051951510,,USD,CS
70004033,03050,03,3,20250426,164738,000000093402,1.743,3.29,5.73,0.00,0.00,S,6051951510,,USD,CS
70004033,03050,03,4,20250426,164738,000000094102,1,3.49,3.49,0.00,0.00,S,6051951510,,USD,CS
70004033,03050,03,5,20250426,164738,000000561001,2,9.99,19.98,0.00,1.25,S,6051951510,,USD,CS
70004034,03050,06,1,20250426,103130,000000020102,1,3.49,3.49,0.00,0.00,S,6090463766,,USD,DB
70004035,03050,01,1,20250426,172938,000004483002,1,3.49,3.49,0.00,0.22,S,,,USD,CC
70004035,03050,01,2,20250426,172938,000000093503,2,4.29,8.58,0.00,0.00,S,,,USD,CC
70004035,03050,01,3,20250426,172938,000004473001,1,2.99,2.99,0.00,0.19,S,,,USD,CC
70004036,03050,05,1,20250426,205328,000000005302,1,3.49,3.49,0.00,0.00,S,6024406306,,USD,DB
70004036,03050,05,2,20250426,205328,000004492001,2,1.79,3.58,0.00,0.22,S,6024406306,,USD,DB
70004036,03050,05,3,20250426,205328,000000040202,2,14.99,29.98,0.00,0.00,S,6024406306,,USD,DB
70004036,03050,05,4,20250426,205328,000000551021,2,11.99,23.98,0.00,1.50,S,6024406306,,USD,DB
70004036,03050,05,5,20250426,205328,000000020202,1,5.99,5.99,0.00,0.00,S,6024406306,,USD,DB
70004037,00317,04,1,20250426,215843,000000005013,2,5.29,10.58,0.00,0.00,S,,,CAD,CC
70004037,00317,04,2,20250426,215843,000000030201,1,13.59,13.59,0.00,0.00,S,,,CAD,CC
70004037,00317,04,3,20250426,215843,000000005102,1,7.49,7.49,1.50,0.00,S,,PC25W12,CAD,CC
70004038,00317,03,1,20250426,133030,000000094101,1,5.39,5.39,0.00,0.00,S,6044920749,,CAD,DB
70004038,00317,03,2,20250426,133030,000000005102,1,7.49,7.49,1.50,0.00,S,6044920749,PC25W12,CAD,DB
70004038,00317,03,3,20250426,133030,000000551020,1,18.99,18.99,0.00,1.19,S,6044920749,,CAD,DB
70004038,00317,03,4,20250426,133030,000000040203,1,16.29,16.29,0.00,0.00,S,6044920749,,CAD,DB
70004038,00317,03,5,20250426,133030,000004473002,1,3.79,3.79,0.00,0.24,S,6044920749,,CAD,DB
70004039,00317,06,1,20250426,145650,000004473002,1,3.79,3.79,0.00,0.24,S,,,CAD,CS
70004039,00317,06,2,20250426,145650,000004492050,3,2.99,8.97,2.99,0.37,S,,MB25W11,CAD,CS
70004039,00317,06,3,20250426,145650,000000020102,1,4.69,4.69,0.00,0.00,S,,,CAD,CS
70004039,00317,06,4,20250426,145650,000000005013,1,5.29,5.29,0.00,0.00,S,,,CAD,CS
70004039,00317,06,5,20250426,145650,000000030203,2,11.49,22.98,0.00,0.00,S,,,CAD,CS
70004040,00317,03,1,20250426,201824,000004483002,1,4.69,4.69,0.00,0.29,S,,,CAD,DB
70004040,00317,03,2,20250426,201824,000004472002,1,6.09,6.09,0.00,0.38,S,,,CAD,DB
70004040,00317,03,3,20250426,201824,000000552002,1,5.39,5.39,0.00,0.34,S,,,CAD,DB
70004041,00317,04,1,20250426,145040,000004481001,2,10.89,21.78,0.00,1.36,S,,,CAD,CC
70004042,00317,06,1,20250426,193742,000004491003,1,2.69,2.69,0.00,0.17,S,,,CAD,GC
70004042,00317,06,2,20250426,193742,000000005301,2,7.49,14.98,0.00,0.00,S,,,CAD,GC
70004042,00317,06,3,20250426,193742,000000005302,2,4.69,9.38,0.00,0.00,S,,,CAD,GC
70004042,00317,06,4,20250426,193742,000004471024,1,4.69,4.69,0.00,0.29,S,,,CAD,GC
70004043,00317,04,1,20250426,140809,000000094301,1.925,5.99,11.53,0.00,0.00,S,6011091939,,CAD,DB
70004043,00317,04,2,20250426,140809,000000561002,1,10.19,10.19,0.00,0.64,S,6011091939,,CAD,DB
70004044,00317,02,1,20250426,215533,000004471024,1,4.69,4.69,0.00,0.29,S,6052455574,,CAD,DB
70004044,00317,02,2,20250426,215533,000004482003,1,7.49,7.49,0.00,0.47,S,6052455574,,CAD,DB
70004044,00317,02,3,20250426,215533,000000020103,1,6.79,6.79,0.00,0.00,S,6052455574,,CAD,DB
70004044,00317,02,4,20250426,215533,000000020103,1,6.79,6.79,0.00,0.00,S,6052455574,,CAD,DB
70004044,00317,02,5,20250426,215533,000000020103,3,6.79,20.37,6.79,0.00,S,6052455574,MB25W11,CAD,DB
70004045,00317,06,1,20250426,115909,000004492001,3,2.39,7.17,2.39,0.30,S,,MB25W11,CAD,DB
70004045,00317,06,2,20250426,115909,000000005103,1,9.49,9.49,0.00,0.00,S,,,CAD,DB
70004045,00317,06,3,20250426,115909,000000561001,1,13.59,13.59,0.00,0.85,S,,,CAD,DB
70004045,00317,06,4,20250426,115909,000000005102,1,7.49,7.49,1.50,0.00,S,,PC25W12,CAD,DB
70004045,00317,06,5,20250426,115909,000000561002,1,10.19,10.19,0.00,0.64,S,,,CAD,DB
70004046,00317,04,1,20250426,155339,000000005301,1,7.49,7.49,0.00,0.00,S,6028733427,,CAD,CC
70004046,00317,04,2,20250426,155339,000004483002,2,4.69,9.38,0.00,0.59,S,6028733427,,CAD,CC
70004046,00317,04,3,20250426,155339,000000005202,1,8.09,8.09,0.00,0.00,S,6028733427,,CAD,CC
70004047,00317,04,1,20250426,113941,000004473003,1,4.69,4.69,0.00,0.29,S,,,CAD,CS
70004048,00317,03,1,20250426,184639,000000094101,1,5.39,5.39,0.00,0.00,S,,,CAD,CS
70004048,00317,03,2,20250426,184639,000004472003,1,4.49,4.49,0.00,0.28,S,,,CAD,CS
70004048,00317,03,3,20250426,184639,000000005101,1,10.89,10.89,0.00,0.00,S,,,CAD,CS
70004049,01042,05,1,20250427,91649,000004491002,1,6.99,6.99,1.40,0.35,S,,PC25W12,USD,CS
70004049,01042,05,2,20250427,91649,000000040203,2,11.99,23.98,0.00,0.00,S,,,USD,CS
70004049,01042,05,3,20250427,91649,000000040202,1,14.99,14.99,0.00,0.00,S,,,USD,CS
70004049,01042,05,4,20250427,91649,000004482003,3,5.49,16.47,0.00,1.03,S,,,USD,CS
70004050,01042,05,1,20250427,165759,000000040201,1,8.99,8.99,0.00,0.00,S,,,USD,GC
70004050,01042,05,2,20250427,165759,000000020201,1,5.49,5.49,0.00,0.00,S,,,USD,GC
70004050,01042,05,3,20250427,165759,000000005012,1,3.99,3.99,0.00,0.00,S,,,USD,GC
70004050,01042,05,4,20250427,165759,000004481002,2,7.99,15.98,0.00,1.00,S,,,USD,GC
70004050,01042,05,5,20250427,165759,000004472001,2,3.99,7.98,0.00,0.50,S,,,USD,GC
70004051,01042,05,1,20250427,152028,000000030203,2,8.49,16.98,0.00,0.00,S,,,USD,CS
70004051,01042,05,2,20250427,152028,000000093501,1,4.49,4.49,0.00,0.00,S,,,USD,CS
70004051,01042,05,3,20250427,152028,000004491002,1,6.99,6.99,1.40,0.35,S,,PC25W12,USD,CS
70004051,01042,05,4,20250427,152028,000000094203,1.381,1.49,2.06,0.41,0.00,S,,PC25W12,USD,CS
70004051,01042,05,5,20250427,152028,000000093325,0.949,3.99,3.79,0.76,0.00,S,,PC25W12,USD,CS
70004052,01042,06,1,20250427,75018,000000093321,0.555,1.49,0.83,0.00,0.00,S,,,USD,GC
70004052,01042,06,2,20250427,75018,000004473001,1,2.99,2.99,0.00,0.19,S,,,USD,GC
70004052,01042,06,3,20250427,75018,000000094302,1.035,5.49,5.68,0.00,0.00,S,,,USD,GC
70004052,01042,06,4,20250427,75018,000000005020,1,4.49,4.49,0.00,0.00,S,,,USD,GC
70004053,01042,04,1,20250427,173511,000004471040,2,2.49,4.98,0.00,0.31,S,,,USD,CC
70004053,01042,04,2,20250427,173511,000004492002,2,1.49,2.98,0.00,0.19,S,,,USD,CC
70004053,01042,04,3,20250427,173511,000000005013,2,3.89,7.78,0.00,0.00,S,,,USD,CC
70004054,01042,02,1,20250427,192214,000000093322,1.965,1.99,3.91,0.00,0.00,S,,,USD,CC
70004054,01042,02,2,20250427,192214,000000093410,1.599,3.99,6.38,0.00,0.00,S,,,USD,CC
70004054,01042,02,3,20250427,192214,000000040102,1.614,16.99,27.42,0.00,0.00,S,,,USD,CC
70004054,01042,02,4,20250427,192214,000000020102,3,3.49,10.47,0.00,0.00,S,,,USD,CC
70004055,01042,01,1,20250427,134315,000000005013,2,3.89,7.78,0.00,0.00,S,,,USD,CC
70004056,01042,02,1,20250427,192821,000000005101,1,7.99,7.99,0.00,0.00,S,6029148652,,USD,DB
70004056,01042,02,2,20250427,192821,000004472002,1,4.49,4.49,0.00,0.28,S,6029148652,,USD,DB
70004056,01042,02,3,20250427,192821,000000005302,1,3.49,3.49,0.00,0.00,S,6029148652,,USD,DB
70004056,01042,02,4,20250427,192821,000004493002,2,3.99,7.98,3.99,0.25,S,6029148652,BG25W13,USD,DB
70004057,01042,06,1,20250427,182532,000000040101,0.571,18.99,10.84,0.00,0.00,S,6010804661,,USD,CS
70004057,01042,06,2,20250427,182532,000004471030,1,3.99,3.99,0.80,0.20,S,6010804661,PC25W12,USD,CS
70004058,01042,01,1,20250427,185545,000004482001,1,13.99,13.99,0.00,0.87,S,,,USD,CS
70004058,01042,01,2,20250427,185545,000004493002,1,3.99,3.99,0.00,0.25,S,,,USD,CS
70004059,01107,05,1,20250427,95448,000000030203,3,8.49,25.47,8.49,0.00,S,,MB25W13,USD,DB
70004059,01107,05,2,20250427,95448,000004493001,3,5.49,16.47,5.49,0.69,S,,MB25W13,USD,DB
70004059,01107,05,3,20250427,95448,000004481001,3,7.99,23.97,7.99,1.00,S,,MB25W13,USD,DB
70004060,01107,03,1,20250427,73903,000000040101,0.427,18.99,8.11,0.00,0.00,S,6058374907,,USD,CC
70004060,01107,03,2,20250427,73903,000000093503,1,4.29,4.29,0.00,0.00,S,6058374907,,USD,CC
70004060,01107,03,3,20250427,73903,000000561002,1,7.49,7.49,0.00,0.47,S,6058374907,,USD,CC
70004060,01107,03,4,20250427,73903,000000551021,3,11.99,35.97,11.99,1.50,S,6058374907,MB25W13,USD,CC
70004060,01107,03,5,20250427,73903,000000005103,1,6.99,6.99,0.00,0.00,S,6058374907,,USD,CC
70004061,01107,02,1,20250427,183908,000000005202,1,5.99,5.99,0.00,0.00,S,,,USD,DB
70004062,01107,02,1,20250427,175909,000000094301,1.756,4.39,7.71,0.00,0.00,S,6064138367,,USD,DB
70004062,01107,02,2,20250427,175909,000000005302,2,3.49,6.98,0.00,0.00,S,6064138367,,USD,DB
70004062,01107,02,3,20250427,175909,000004492001,1,1.79,1.79,0.00,0.11,S,6064138367,,USD,DB
70004063,02210,05,1,20250427,132656,000000094201,0.532,1.69,0.90,0.00,0.00,S,6077514010,,USD,CS
70004063,02210,05,2,20250427,132656,000000040202,3,14.99,44.97,14.99,0.00,S,6077514010,MB25W13,USD,CS
70004063,02210,05,3,20250427,132656,000000094201,1.550,1.69,2.62,0.00,0.00,S,6077514010,,USD,CS
70004063,02210,05,4,20250427,132656,000000093402,1.135,3.29,3.73,0.00,0.00,S,6077514010,,USD,CS
70004063,02210,05,5,20250427,132656,000004482003,2,5.49,10.98,0.00,0.69,S,6077514010,,USD,CS
70004064,02210,05,1,20250427,193917,000000020202,1,5.99,5.99,0.00,0.00,S,,,USD,CC
70004065,02210,02,1,20250427,71656,000000020201,1,5.49,5.49,0.00,0.00,S,,,USD,GC
70004065,02210,02,2,20250427,71656,000004473001,1,2.99,2.99,0.00,0.19,S,,,USD,GC
70004065,02210,02,3,20250427,71656,000004483002,2,3.49,6.98,0.00,0.44,S,,,USD,GC
70004065,02210,02,4,20250427,71656,000000552002,1,3.99,3.99,0.00,0.25,S,,,USD,GC
70004065,02210,02,5,20250427,71656,000004471030,1,3.99,3.99,0.80,0.20,S,,PC25W12,USD,GC
70004066,02210,03,1,20250427,84246,000000005012,1,3.99,3.99,0.00,0.00,S,6040679176,,USD,CS
70004066,02210,03,2,20250427,84246,000000005301,2,5.49,10.98,0.00,0.00,S,6040679176,,USD,CS
70004066,02210,03,3,20250427,84246,000000552002,1,3.99,3.99,0.00,0.25,S,6040679176,,USD,CS
70004067,02210,05,1,20250427,181615,000000094201,0.675,1.69,1.14,0.00,0.00,S,6079356465,,USD,CS
70004068,02210,01,1,20250427,113059,000000040202,3,14.99,44.97,14.99,0.00,S,6061213773,MB25W13,USD,DB
70004068,02210,01,2,20250427,113059,000004483001,2,4.99,9.98,0.00,0.62,S,6061213773,,USD,DB
70004068,02210,01,3,20250427,113059,000004481001,3,7.99,23.97,7.99,1.00,S,6061213773,MB25W13,USD,DB
70004069,02211,03,1,20250427,93132,000004481001,2,7.99,15.98,0.00,1.00,S,6034774332,,USD,CC
70004070,02211,06,1,20250427,204440,000000040101,1.835,18.99,34.85,0.00,0.00,S,,,USD,CC
70004070,02211,06,2,20250427,204440,000000020202,2,5.99,11.98,0.00,0.00,S,,,USD,CC
70004070,02211,06,3,20250427,204440,000000030202,1,11.49,11.49,0.00,0.00,S,,,USD,CC
70004070,02211,06,4,20250427,204440,000000040203,2,11.99,23.98,0.00,0.00,S,,,USD,CC
70004071,02211,02,1,20250427,140318,000000005101,1,7.99,7.99,0.00,0.00,S,,,USD,CC
70004071,02211,02,2,20250427,140318,000004472002,1,4.49,4.49,0.00,0.28,S,,,USD,CC
70004071,02211,02,3,20250427,140318,000000020102,1,3.49,3.49,0.00,0.00,S,,,USD,CC
70004072,02211,06,1,20250427,85029,000004493001,1,5.49,5.49,0.00,0.34,S,,,USD,GC
70004072,02211,06,2,20250427,85029,000000005201,1,3.99,3.99,0.00,0.00,S,,,USD,GC
70004072,02211,06,3,20250427,85029,000000040202,3,14.99,44.97,14.99,0.00,S,,MB25W13,USD,GC
70004072,02211,06,4,20250427,85029,000000040102,1.368,16.99,23.24,0.00,0.00,S,,,USD,GC
70004073,02211,02,1,20250427,181342,000004482001,2,13.99,27.98,0.00,1.75,S,,,USD,GC
70004073,02211,02,2,20250427,181342,000000005302,1,3.49,3.49,0.00,0.00,S,,,USD,GC
70004073,02211,02,3,20250427,181342,000000005301,1,5.49,5.49,0.00,0.00,S,,,USD,GC
70004073,02211,02,4,20250427,181342,000000030103,1,8.99,8.99,0.00,0.00,S,,,USD,GC
70004073,02211,02,5,20250427,181342,000004491003,1,1.99,1.99,0.00,0.12,S,,,USD,GC
70004074,02211,05,1,20250427,151852,000000005102,2,5.49,10.98,2.20,0.00,S,,PC25W12,USD,CC
70004074,02211,05,2,20250427,151852,000000094202,2.068,1.99,4.12,0.00,0.00,S,,,USD,CC
70004075,02211,06,1,20250427,72350,000000005013,1,3.89,3.89,0.00,0.00,S,,,USD,CC
70004076,02211,02,1,20250427,110002,000004491001,1,2.49,2.49,0.00,0.16,S,6032145057,,USD,DB
70004077,02305,03,1,20250427,194226,000009999999,1,1.79,1.79,0.00,0.11,S,,,USD,GC
70004077,02305,03,2,20250427,194226,000000005302,1,3.49,3.49,0.00,0.00,S,,,USD,GC
70004077,02305,03,3,20250427,194226,000000030203,3,8.49,25.47,8.49,0.00,S,,MB25W13,USD,GC
70004077,02305,03,4,20250427,194226,000000005202,1,5.99,5.99,0.00,0.00,S,,,USD,GC
70004078,02305,01,1,20250427,211124,000004481001,1,7.99,7.99,0.00,0.50,S,,,USD,DB
70004078,02305,01,2,20250427,211124,000000551021,3,11.99,35.97,11.99,1.50,S,,MB25W13,USD,DB
70004078,02305,01,3,20250427,211124,000000030202,1,11.49,11.49,0.00,0.00,S,,,USD,DB
70004078,02305,01,4,20250427,211124,000000094102,2,3.49,6.98,0.00,0.00,S,,,USD,DB
70004078,02305,01,5,20250427,211124,000000005013,1,3.89,3.89,0.00,0.00,S,,,USD,DB
70004078,02305,01,6,20250427,211124,000004493001,2,5.49,10.98,0.00,0.69,S,,,USD,DB
70004079,02305,05,1,20250427,112801,000000040102,0.602,16.99,10.23,0.00,0.00,S,,,USD,DB
70004079,02305,05,2,20250427,112801,000000040102,0.717,16.99,12.18,0.00,0.00,S,,,USD,DB
70004079,02305,05,3,20250427,112801,000000093401,1.826,5.49,10.02,0.00,0.00,S,,,USD,DB
70004080,02305,04,1,20250427,190728,000000020201,1,5.49,5.49,0.00,0.00,S,6003579727,,USD,CS
70004080,02305,04,2,20250427,190728,000000551021,1,11.99,11.99,0.00,0.75,S,6003579727,,USD,CS
70004081,02305,05,1,20250427,70104,000004471024,1,3.49,3.49,0.00,0.22,S,,,USD,DB
70004081,02305,05,2,20250427,70104,000000005101,3,7.99,23.97,0.00,0.00,S,,,USD,DB
70004081,02305,05,3,20250427,70104,000000562002,1,8.49,8.49,0.00,0.53,S,,,USD,DB
70004081,02305,05,4,20250427,70104,000000040102,1.468,16.99,24.94,0.00,0.00,S,,,USD,DB
70004081,02305,05,5,20250427,70104,000004472002,2,4.49,8.98,0.00,0.56,S,,,USD,DB
70004082,02305,04,1,20250427,150941,000000040202,3,14.99,44.97,14.99,0.00,S,,MB25W13,USD,CS
70004082,02305,04,2,20250427,150941,000000005102,1,5.49,5.49,1.10,0.00,S,,PC25W12,USD,CS
70004082,02305,04,3,20250427,150941,000000561001,1,9.99,9.99,0.00,0.62,S,,,USD,CS
70004083,02305,01,1,20250427,183214,000004493002,1,3.99,3.99,0.00,0.25,S,6014837537,,USD,CC
70004083,02305,01,2,20250427,183214,000000020203,1,6.49,6.49,0.00,0.00,S,6014837537,,USD,CC
70004083,02305,01,3,20250427,183214,000000040102,1.077,16.99,18.30,0.00,0.00,S,6014837537,,USD,CC
70004083,02305,01,4,20250427,183214,000000040203,3,11.99,35.97,0.00,0.00,S,6014837537,,USD,CC
70004083,02305,01,5,20250427,183214,000004483002,1,3.49,3.49,0.00,0.22,S,6014837537,,USD,CC
70004084,02305,01,1,20250427,145225,000000094103,3,3.79,11.37,0.00,0.00,S,,,USD,DB
70004085,02305,04,1,20250427,114118,000000552002,1,3.99,3.99,0.00,0.25,R,6014339527,,USD,CS
70004086,03050,04,1,20250427,124126,000004493001,1,5.49,5.49,0.00,0.34,S,,,USD,DB
70004086,03050,04,2,20250427,124126,000004481001,1,7.99,7.99,0.00,0.50,S,,,USD,DB
70004086,03050,04,3,20250427,124126,000000030103,1,8.99,8.99,0.00,0.00,S,,,USD,DB
70004086,03050,04,4,20250427,124126,000000093322,1.086,1.99,2.16,0.00,0.00,S,,,USD,DB
70004087,03050,06,1,20250427,135341,000004483002,1,3.49,3.49,0.00,0.22,S,,,USD,GC
70004087,03050,06,2,20250427,135341,000000031102,1.805,19.99,36.08,0.00,0.00,S,,,USD,GC
70004087,03050,06,3,20250427,135341,000004483001,2,4.99,9.98,0.00,0.62,S,,,USD,GC
70004087,03050,06,4,20250427,135341,000004483002,3,3.49,10.47,0.00,0.65,S,,,USD,GC
70004087,03050,06,5,20250427,135341,000000020101,1,2.49,2.49,0.00,0.00,S,,,USD,GC
70004088,03050,02,1,20250427,211933,000000093321,2.024,1.49,3.02,0.00,0.00,S,,,USD,DB
70004088,03050,02,2,20250427,211933,000000005102,1,5.49,5.49,1.10,0.00,S,,PC25W12,USD,DB
70004088,03050,02,3,20250427,211933,000004493001,3,5.49,16.47,5.49,0.69,S,,MB25W13,USD,DB
70004088,03050,02,4,20250427,211933,000000030201,2,9.99,19.98,0.00,0.00,S,,,USD,DB
70004089,03050,05,1,20250427,195839,000000031101,1.020,24.99,25.49,0.00,0.00,S,,,USD,GC
70004089,03050,05,2,20250427,195839,000000094201,0.678,1.69,1.15,0.00,0.00,S,,,USD,GC
70004089,03050,05,3,20250427,195839,000004473002,1,2.79,2.79,0.00,0.17,S,,,USD,GC
70004089,03050,05,4,20250427,195839,000000005020,1,4.49,4.49,0.00,0.00,S,,,USD,GC
70004090,03050,04,1,20250427,172609,000004471023,3,3.49,10.47,0.00,0.65,S,,,USD,CS
70004091,03050,05,1,20250427,131110,000004483001,1,4.99,4.99,0.00,0.31,S,,,USD,CS
70004091,03050,05,2,20250427,131110,000000030101,1,6.99,6.99,0.00,0.00,S,,,USD,CS
70004091,03050,05,3,20250427,131110,000000093410,2.175,3.99,8.68,0.00,0.00,S,,,USD,CS
70004091,03050,05,4,20250427,131110,000004472002,1,4.49,4.49,0.00,0.28,S,,,USD,CS
70004091,03050,05,5,20250427,131110,000000094102,1,3.49,3.49,0.00,0.00,S,,,USD,CS
70004091,03050,05,6,20250427,131110,000000005102,3,5.49,16.47,3.29,0.00,S,,PC25W12,USD,CS
70004092,03050,01,1,20250427,102820,000004491003,1,1.99,1.99,0.00,0.12,S,6051502675,,USD,DB
70004092,03050,01,2,20250427,102820,000004493001,3,5.49,16.47,5.49,0.69,S,6051502675,MB25W13,USD,DB
70004092,03050,01,3,20250427,102820,000000031102,2.037,19.99,40.72,0.00,0.00,S,6051502675,,USD,DB
70004093,03050,03,1,20250427,173412,000000040201,1,8.99,8.99,0.00,0.00,S,,,USD,DB
70004093,03050,03,2,20250427,173412,000000094101,1,3.99,3.99,0.00,0.00,S,,,USD,DB
70004093,03050,03,3,20250427,173412,000000552002,1,3.99,3.99,0.00,0.25,S,,,USD,DB
70004093,03050,03,4,20250427,173412,000000031102,1.626,19.99,32.50,0.00,0.00,S,,,USD,DB
70004093,03050,03,5,20250427,173412,000004493001,1,5.49,5.49,0.00,0.34,S,,,USD,DB
70004093,03050,03,6,20250427,173412,000004491002,1,6.99,6.99,1.40,0.35,S,,PC25W12,USD,DB
70004094,03050,02,1,20250427,94749,000004481003,2,4.99,9.98,0.00,0.62,S,,,USD,DB
70004094,03050,02,2,20250427,94749,000000005101,3,7.99,23.97,0.00,0.00,S,,,USD,DB
70004095,03050,06,1,20250427,182911,000004492001,1,1.79,1.79,0.00,0.11,S,,,USD,DB
70004095,03050,06,2,20250427,182911,000000040202,1,14.99,14.99,0.00,0.00,S,,,USD,DB
70004095,03050,06,3,20250427,182911,000004471023,1,3.49,3.49,0.00,0.22,S,,,USD,DB
70004096,03050,03,1,20250427,93456,000000040201,1,8.99,8.99,0.00,0.00,S,6032290310,,USD,CC
70004096,03050,03,2,20250427,93456,000000552002,1,3.99,3.99,0.00,0.25,S,6032290310,,USD,CC
70004097,00317,02,1,20250427,210429,000000552002,1,5.39,5.39,0.00,0.34,S,,,CAD,DB
70004098,00317,05,1,20250427,94408,000000093501,1,6.09,6.09,0.00,0.00,S,6068705685,,CAD,DB
70004098,00317,05,2,20250427,94408,000000040102,1.744,23.09,40.27,0.00,0.00,S,6068705685,,CAD,DB
70004099,00317,05,1,20250427,131911,000000005020,1,6.09,6.09,0.00,0.00,S,,,CAD,CS
70004099,00317,05,2,20250427,131911,000000093503,2,5.79,11.58,5.79,0.00,S,,BG25W13,CAD,CS
70004099,00317,05,3,20250427,131911,000000005020,1,6.09,6.09,0.00,0.00,S,,,CAD,CS
70004099,00317,05,4,20250427,131911,000000551021,1,16.29,16.29,0.00,1.02,S,,,CAD,CS
70004099,00317,05,5,20250427,131911,000000005020,1,6.09,6.09,0.00,0.00,S,,,CAD,CS
70004100,00317,02,1,20250427,170920,000000005013,1,5.29,5.29,0.00,0.00,S,,,CAD,GC
70004101,00317,05,1,20250427,152813,000000040201,1,12.19,12.19,0.00,0.00,S,6050090255,,CAD,CS
70004101,00317,05,2,20250427,152813,000004493002,2,5.39,10.78,5.39,0.34,S,6050090255,BG25W13,CAD,CS
70004101,00317,05,3,20250427,152813,000000562001,2,14.89,29.78,0.00,1.86,S,6050090255,,CAD,CS
70004102,00317,05,1,20250427,201521,000000094201,1.610,2.29,3.69,0.00,0.00,S,6007779462,,CAD,CS
70004102,00317,05,2,20250427,201521,000004493001,1,7.49,7.49,0.00,0.47,S,6007779462,,CAD,CS
70004102,00317,05,3,20250427,201521,000000020202,1,8.09,8.09,0.00,0.00,S,6007779462,,CAD,CS
70004102,00317,05,4,20250427,201521,000000040102,1.407,23.09,32.49,0.00,0.00,S,6007779462,,CAD,CS
70004103,00317,01,1,20250427,143631,000004492050,1,2.99,2.99,0.00,0.19,S,,,CAD,DB
70004104,00317,06,1,20250427,214714,000004492002,1,1.99,1.99,0.00,0.12,S,6090793884,,CAD,CS
70004104,00317,06,2,20250427,214714,000004472002,1,6.09,6.09,0.00,0.38,S,6090793884,,CAD,CS
70004104,00317,06,3,20250427,214714,000000005013,2,5.29,10.58,0.00,0.00,S,6090793884,,CAD,CS
70004104,00317,06,4,20250427,214714,000004493002,1,5.39,5.39,0.00,0.34,S,6090793884,,CAD,CS
70004104,00317,06,5,20250427,214714,000000093410,0.549,5.39,2.96,0.00,0.00,S,6090793884,,CAD,CS
70004104,00317,06,6,20250427,214714,000000094203,1.761,1.99,3.50,0.70,0.00,S,6090793884,PC25W12,CAD,CS
70004105,00317,02,1,20250427,121946,000000030202,1,15.59,15.59,0.00,0.00,S,6005097545,,CAD,CC
70004106,00317,03,1,20250427,134010,000004481001,1,10.89,10.89,0.00,0.68,S,6091135996,,CAD,CC
70004107,00317,01,1,20250427,181528,000000040102,1.751,23.09,40.43,0.00,0.00,S,,,CAD,CS
70004107,00317,01,2,20250427,181528,000004481001,3,10.89,32.67,10.89,1.36,S,,MB25W13,CAD,CS
70004108,01042,02,1,20250428,94334,000000561001,1,9.99,9.99,0.00,0.62,S,,,USD,DB
70004108,01042,02,2,20250428,94334,000000020101,1,2.49,2.49,0.00,0.00,S,,,USD,DB
70004109,01042,03,1,20250428,203124,000000040203,1,11.99,11.99,0.00,0.00,S,6095979647,,USD,CS
70004110,01042,02,1,20250428,144855,000000551021,1,11.99,11.99,0.00,0.75,S,6080314998,,USD,CC
70004110,01042,02,2,20250428,144855,000004471023,1,3.49,3.49,0.00,0.22,S,6080314998,,USD,CC
70004110,01042,02,3,20250428,144855,000000094201,1.325,1.69,2.24,0.00,0.00,S,6080314998,,USD,CC
70004111,01042,05,1,20250428,84244,000004493001,1,5.49,5.49,0.00,0.34,S,6022827728,,USD,CC
70004111,01042,05,2,20250428,84244,000004493002,2,3.99,7.98,3.99,0.25,S,6022827728,BG25W13,USD,CC
70004112,01042,04,1,20250428,134750,000004471023,1,3.49,3.49,0.00,0.22,S,,,USD,CC
70004112,01042,04,2,20250428,134750,000000093322,1.528,1.99,3.04,0.00,0.00,S,,,USD,CC
70004112,01042,04,3,20250428,134750,000000020201,1,5.49,5.49,0.00,0.00,S,,,USD,CC
70004113,01042,06,1,20250428,123327,000000093321,0.304,1.49,0.45,0.00,0.00,S,,,USD,GC
70004113,01042,06,2,20250428,123327,000000093321,1.422,1.49,2.12,0.00,0.00,S,,,USD,GC
70004113,01042,06,3,20250428,123327,000000094201,0.324,1.69,0.55,0.00,0.00,S,,,USD,GC
70004113,01042,06,4,20250428,123327,000004472002,1,4.49,4.49,0.00,0.28,S,,,USD,GC
70004113,01042,06,5,20250428,123327,000000093503,2,4.29,8.58,4.29,0.00,S,,BG25W13,USD,GC
70004114,01042,01,1,20250428,161841,000004473003,2,3.49,6.98,0.00,0.44,S,,,USD,GC
70004114,01042,01,2,20250428,161841,000000562002,1,8.49,8.49,0.00,0.53,S,,,USD,GC
70004114,01042,01,3,20250428,161841,000004473002,2,2.79,5.58,0.00,0.35,S,,,USD,GC
70004114,01042,01,4,20250428,161841,000000030201,1,9.99,9.99,0.00,0.00,S,,,USD,GC
70004114,01042,01,5,20250428,161841,000000094201,1.054,1.69,1.78,0.00,0.00,S,,,USD,GC
70004115,02210,01,1,20250428,160023,000000040101,1.574,18.99,29.89,0.00,0.00,S,,,USD,DB
70004115,02210,01,2,20250428,160023,000000552001,1,4.49,4.49,0.00,0.28,S,,,USD,DB
70004115,02210,01,3,20250428,160023,000004481001,1,7.99,7.99,0.00,0.50,S,,,USD,DB
70004115,02210,01,4,20250428,160023,000000005103,1,6.99,6.99,0.00,0.00,S,,,USD,DB
70004115,02210,01,5,20250428,160023,000000030103,1,8.99,8.99,0.00,0.00,S,,,USD,DB
70004116,02210,02,1,20250428,140109,000000040202,1,14.99,14.99,0.00,0.00,S,,,USD,CC
70004116,02210,02,2,20250428,140109,000000551020,1,13.99,13.99,0.00,0.87,S,,,USD,CC
70004116,02210,02,3,20250428,140109,000004472003,1,3.29,3.29,0.00,0.21,S,,,USD,CC
70004117,02210,02,1,20250428,131100,000004492003,1,2.29,2.29,0.00,0.14,S,,,USD,CC
70004117,02210,02,2,20250428,131100,000000093321,0.961,1.49,1.43,0.00,0.00,S,,,USD,CC
70004117,02210,02,3,20250428,131100,000000040202,3,14.99,44.97,14.99,0.00,S,,MB25W13,USD,CC
70004117,02210,02,4,20250428,131100,000000005102,1,5.49,5.49,1.10,0.00,S,,PC25W12,USD,CC
70004118,02210,03,1,20250428,211555,000000093325,0.577,3.99,2.30,0.46,0.00,S,,PC25W12,USD,CC
70004118,02210,03,2,20250428,211555,000000005102,1,5.49,5.49,1.10,0.00,S,,PC25W12,USD,CC
70004118,02210,03,3,20250428,211555,000000005020,2,4.49,8.98,0.00,0.00,S,,,USD,CC
70004118,02210,03,4,20250428,211555,000000020203,1,6.49,6.49,0.00,0.00,S,,,USD,CC
70004119,02210,01,1,20250428,120748,000000561001,1,9.99,9.99,0.00,0.62,S,6077820582,,USD,CS
70004119,02210,01,2,20250428,120748,000004491002,1,6.99,6.99,1.40,0.35,S,6077820582,PC25W12,USD,CS
70004119,02210,01,3,20250428,120748,000004481003,2,4.99,9.98,0.00,0.62,S,6077820582,,USD,CS
70004119,02210,01,4,20250428,120748,000000030203,3,8.49,25.47,8.49,0.00,S,6077820582,MB25W13,USD,CS
70004119,02210,01,5,20250428,120748,000004483002,1,3.49,3.49,0.00,0.22,S,6077820582,,USD,CS
70004120,02211,04,1,20250428,132137,000004473002,2,2.79,5.58,0.00,0.35,S,,,USD,CC
70004121,02211,06,1,20250428,170738,000000005102,1,5.49,5.49,1.10,0.00,S,,PC25W12,USD,GC
70004121,02211,06,2,20250428,170738,000004482002,1,17.99,17.99,0.00,1.12,S,,,USD,GC
70004122,02211,02,1,20250428,212140,000000093321,1.703,1.49,2.54,0.00,0.00,S,,,USD,CC
70004122,02211,02,2,20250428,212140,000004491001,1,2.49,2.49,0.00,0.16,S,,,USD,CC
70004122,02211,02,3,20250428,212140,000000552001,2,4.49,8.98,0.00,0.56,S,,,USD,CC
70004122,02211,02,4,20250428,212140,000000005012,1,3.99,3.99,0.00,0.00,S,,,USD,CC
70004123,02305,06,1,20250428,114507,000000093502,2,3.99,7.98,0.00,0.00,S,,,USD,CS
70004123,02305,06,2,20250428,114507,000000030202,1,11.49,11.49,0.00,0.00,S,,,USD,CS
70004123,02305,06,3,20250428,114507,000004471024,3,3.49,10.47,0.00,0.65,S,,,USD,CS
70004123,02305,06,4,20250428,114507,000000040202,1,14.99,14.99,0.00,0.00,S,,,USD,CS
70004123,02305,06,5,20250428,114507,000000094103,1,3.79,3.79,0.00,0.00,S,,,USD,CS
70004123,02305,06,6,20250428,114507,000004472001,2,3.99,7.98,0.00,0.50,S,,,USD,CS
70004124,02305,05,1,20250428,91634,000000031101,1.372,24.99,34.29,0.00,0.00,S,,,USD,CC
70004124,02305,05,2,20250428,91634,000004481003,1,4.99,4.99,0.00,0.31,S,,,USD,CC
70004125,02305,01,1,20250428,162840,000000562002,1,8.49,8.49,0.00,0.53,S,,,USD,DB
70004125,02305,01,2,20250428,162840,000000030203,1,8.49,8.49,0.00,0.00,S,,,USD,DB
70004125,02305,01,3,20250428,162840,000004483002,2,3.49,6.98,0.00,0.44,S,,,USD,DB
70004125,02305,01,4,20250428,162840,000004493001,1,5.49,5.49,0.00,0.34,S,,,USD,DB
70004126,02305,06,1,20250428,155021,000000094102,1,3.49,3.49,0.00,0.00,S,,,USD,GC
70004126,02305,06,2,20250428,155021,000000551020,2,13.99,27.98,0.00,1.75,S,,,USD,GC
70004126,02305,06,3,20250428,155021,000000094203,0.512,1.49,0.76,0.15,0.00,S,,PC25W12,USD,GC
70004127,02305,02,1,20250428,132233,000004482003,1,5.49,5.49,0.00,0.34,S,,,USD,DB
70004127,02305,02,2,20250428,132233,000000005102,1,5.49,5.49,1.10,0.00,S,,PC25W12,USD,DB
70004127,02305,02,3,20250428,132233,000000020203,1,6.49,6.49,0.00,0.00,S,,,USD,DB
70004127,02305,02,4,20250428,132233,000004471030,1,3.99,3.99,0.80,0.20,S,,PC25W12,USD,DB
70004128,02305,01,1,20250428,131042,000000551021,3,11.99,35.97,11.99,1.50,S,,MB25W13,USD,CC
70004129,02305,02,1,20250428,94322,000000551020,1,13.99,13.99,0.00,0.87,S,,,USD,CS
70004129,02305,02,2,20250428,94322,000004482003,1,5.49,5.49,0.00,0.34,S,,,USD,CS
70004129,02305,02,3,20250428,94322,000000030203,3,8.49,25.47,8.49,0.00,S,,MB25W13,USD,CS
70004129,02305,02,4,20250428,94322,000000005102,1,5.49,5.49,1.10,0.00,S,,PC25W12,USD,CS
70004129,02305,02,5,20250428,94322,000004491003,1,1.99,1.99,0.00,0.12,S,,,USD,CS
70004130,02305,03,1,20250428,75557,000000551020,1,13.99,13.99,0.00,0.87,S,6025652704,,USD,CC
70004130,02305,03,2,20250428,75557,000000093410,0.939,3.99,3.75,0.00,0.00,S,6025652704,,USD,CC
70004131,02305,01,1,20250428,112724,000004491003,2,1.99,3.98,0.00,0.25,S,6096932591,,USD,DB
70004131,02305,01,2,20250428,112724,000000005012,1,3.99,3.99,0.00,0.00,S,6096932591,,USD,DB
70004131,02305,01,3,20250428,112724,000004473002,1,2.79,2.79,0.00,0.17,S,6096932591,,USD,DB
70004132,02305,03,1,20250428,111810,000000094301,1.067,4.39,4.68,0.00,0.00,S,6020995765,,USD,CC
70004132,02305,03,2,20250428,111810,000000562002,1,8.49,8.49,0.00,0.53,S,6020995765,,USD,CC
70004132,02305,03,3,20250428,111810,000000551021,1,11.99,11.99,0.00,0.75,S,6020995765,,USD,CC
70004132,02305,03,4,20250428,111810,000000040102,1.894,16.99,32.18,0.00,0.00,S,6020995765,,USD,CC
70004133,03050,05,1,20250428,203732,000000030202,3,11.49,34.47,0.00,0.00,S,,,USD,DB
70004133,03050,05,2,20250428,203732,000004492003,1,2.29,2.29,0.00,0.14,S,,,USD,DB
70004133,03050,05,3,20250428,203732,000004481002,1,7.99,7.99,0.00,0.50,S,,,USD,DB
70004133,03050,05,4,20250428,203732,000004493002,2,3.99,7.98,3.99,0.25,S,,BG25W13,USD,DB
70004134,03050,04,1,20250428,190451,000000040202,3,14.99,44.97,14.99,0.00,S,6016580464,MB25W13,USD,CS
70004134,03050,04,2,20250428,190451,000000093325,1.196,3.99,4.77,0.95,0.00,S,6016580464,PC25W12,USD,CS
70004134,03050,04,3,20250428,190451,000000040202,3,14.99,44.97,0.00,0.00,V,6016580464,,USD,CS
70004135,03050,05,1,20250428,183706,000000020102,1,3.49,3.49,0.00,0.00,S,6031537795,,USD,GC
70004135,03050,05,2,20250428,183706,000004471024,2,3.49,6.98,0.00,0.44,S,6031537795,,USD,GC
70004135,03050,05,3,20250428,183706,000004471040,1,2.49,2.49,0.00,0.16,S,6031537795,,USD,GC
70004135,03050,05,4,20250428,183706,000000094101,2,3.99,7.98,0.00,0.00,S,6031537795,,USD,GC
70004136,03050,06,1,20250428,71431,000000094101,1,3.99,3.99,0.00,0.00,S,6016580464,,USD,DB
70004136,03050,06,2,20250428,71431,000004493002,2,3.99,7.98,3.99,0.25,S,6016580464,BG25W13,USD,DB
70004136,03050,06,3,20250428,71431,000000562001,2,10.99,21.98,0.00,1.37,S,6016580464,,USD,DB
70004136,03050,06,4,20250428,71431,000000030101,1,6.99,6.99,0.00,0.00,S,6016580464,,USD,DB
70004137,03050,06,1,20250428,112815,000000020103,1,4.99,4.99,0.00,0.00,S,6043347228,,USD,CC
70004137,03050,06,2,20250428,112815,000000093503,1,4.29,4.29,0.00,0.00,S,6043347228,,USD,CC
70004138,03050,04,1,20250428,110751,000000040202,1,14.99,14.99,0.00,0.00,S,6068550789,,USD,CS
70004138,03050,04,2,20250428,110751,000004492001,1,1.79,1.79,0.00,0.11,S,6068550789,,USD,CS
70004139,03050,04,1,20250428,204022,000000005020,1,4.49,4.49,0.00,0.00,R,,,USD,CC
70004140,03050,01,1,20250428,213830,000004491002,1,6.99,6.99,1.40,0.35,S,,PC25W12,USD,DB
70004140,03050,01,2,20250428,213830,000004492003,1,2.29,2.29,0.00,0.14,S,,,USD,DB
70004140,03050,01,3,20250428,213830,000000094301,0.461,4.39,2.02,0.00,0.00,S,,,USD,DB
70004140,03050,01,4,20250428,213830,000000005302,1,3.49,3.49,0.00,0.00,S,,,USD,DB
70004140,03050,01,5,20250428,213830,000004493002,2,3.99,7.98,3.99,0.25,S,,BG25W13,USD,DB
70004141,00317,02,1,20250428,114826,000000020103,1,6.79,6.79,0.00,0.00,S,,,CAD,CC
70004141,00317,02,2,20250428,114826,000000005102,3,7.49,22.47,4.49,0.00,S,,PC25W12,CAD,CC
70004141,00317,02,3,20250428,114826,000004492002,1,1.99,1.99,0.00,0.12,S,,,CAD,CC
70004141,00317,02,4,20250428,114826,000004491002,1,9.49,9.49,1.90,0.47,S,,PC25W12,CAD,CC
70004142,00317,04,1,20250428,214318,000000040202,3,20.39,61.17,20.39,0.00,S,6028733427,MB25W13,CAD,CC
70004142,00317,04,2,20250428,214318,000000093401,1.156,7.49,8.66,0.00,0.00,S,6028733427,,CAD,CC
70004142,00317,04,3,20250428,214318,000004482001,1,18.99,18.99,0.00,1.19,S,6028733427,,CAD,CC
70004142,00317,04,4,20250428,214318,000000562001,1,14.89,14.89,0.00,0.93,S,6028733427,,CAD,CC
70004143,00317,05,1,20250428,213450,000000094203,0.492,1.99,0.98,0.20,0.00,S,6000170127,PC25W12,CAD,GC
70004144,00317,02,1,20250428,215230,000000094103,1,5.19,5.19,0.00,0.00,S,6095481497,,CAD,CC
70004144,00317,02,2,20250428,215230,000000093503,2,5.79,11.58,5.79,0.00,S,6095481497,BG25W13,CAD,CC
70004144,00317,02,3,20250428,215230,000004471024,1,4.69,4.69,0.00,0.29,S,6095481497,,CAD,CC
70004144,00317,02,4,20250428,215230,000000094101,1,5.39,5.39,0.00,0.00,S,6095481497,,CAD,CC
70004144,00317,02,5,20250428,215230,000000005013,1,5.29,5.29,0.00,0.00,S,6095481497,,CAD,CC
70004145,00317,02,1,20250428,170623,000000040102,0.784,23.09,18.10,0.00,0.00,S,,,CAD,DB
70004145,00317,02,2,20250428,170623,000004493001,3,7.49,22.47,7.49,0.94,S,,MB25W13,CAD,DB
70004146,00317,05,1,20250428,205102,000000040102,1.024,23.09,23.64,0.00,0.00,S,6003865719,,CAD,DB
70004146,00317,05,2,20250428,205102,000000005102,1,7.49,7.49,1.50,0.00,S,6003865719,PC25W12,CAD,DB
70004147,00317,03,1,20250428,100136,000000030103,1,12.19,12.19,0.00,0.00,S,,,CAD,CS
70004148,00317,02,1,20250428,83949,000000031102,1.524,27.19,41.44,0.00,0.00,S,6093831849,,CAD,CC
70004148,00317,02,2,20250428,83949,000000040202,3,20.39,61.17,20.39,0.00,S,6093831849,MB25W13,CAD,CC
70004148,00317,02,3,20250428,83949,000000030203,3,11.49,34.47,11.49,0.00,S,6093831849,MB25W13,CAD,CC
70004149,00317,03,1,20250428,112231,000000030203,1,11.49,11.49,0.00,0.00,S,6042661797,,CAD,CC
70004149,00317,03,2,20250428,112231,000000040101,0.271,25.79,6.99,0.00,0.00,S,6042661797,,CAD,CC
70004150,00317,02,1,20250428,84941,000000040201,1,12.19,12.19,0.00,0.00,S,,,CAD,DB
70004151,00317,01,1,20250428,85112,000000005101,1,10.89,10.89,0.00,0.00,S,6054610339,,CAD,CS
70004151,00317,01,2,20250428,85112,000000030203,3,11.49,34.47,11.49,0.00,S,6054610339,MB25W13,CAD,CS
70004151,00317,01,3,20250428,85112,000000093325,1.360,5.39,7.33,1.47,0.00,S,6054610339,PC25W12,CAD,CS
70004151,00317,01,4,20250428,85112,000000005302,2,4.69,9.38,0.00,0.00,S,6054610339,,CAD,CS
70004151,00317,01,5,20250428,85112,000000005102,2,7.49,14.98,3.00,0.00,S,6054610339,PC25W12,CAD,CS
70004151,00317,01,6,20250428,85112,000000005202,2,8.09,16.18,0.00,0.00,S,6054610339,,CAD,CS
70004152,00317,05,1,20250428,82006,000000094203,0.313,1.99,0.62,0.12,0.00,S,,PC25W12,CAD,CS
70004153,01042,01,1,20250429,212815,000000005012,1,3.99,3.99,0.00,0.00,S,,,USD,DB
70004154,01042,03,1,20250429,95940,000000040102,0.855,16.99,14.53,0.00,0.00,S,,,USD,CS
70004154,01042,03,2,20250429,95940,000004482003,1,5.49,5.49,0.00,0.34,S,,,USD,CS
70004154,01042,03,3,20250429,95940,000000020202,3,5.99,17.97,5.99,0.00,S,,MB25W13,USD,CS
70004154,01042,03,4,20250429,95940,000000093503,1,4.29,4.29,0.00,0.00,S,,,USD,CS
70004155,01042,02,1,20250429,171737,000004481002,2,7.99,15.98,0.00,1.00,S,6058891637,,USD,CC
70004155,01042,02,2,20250429,171737,000000094202,1.580,1.99,3.14,0.00,0.00,S,6058891637,,USD,CC
70004156,01042,06,1,20250429,123842,000000040101,1.187,18.99,22.54,0.00,0.00,S,,,USD,GC
70004156,01042,06,2,20250429,123842,000000040202,1,14.99,14.99,0.00,0.00,S,,,USD,GC
70004156,01042,06,3,20250429,123842,000004481003,1,4.99,4.99,0.00,0.31,S,,,USD,GC
70004157,01042,04,1,20250429,191909,000004491002,1,6.99,6.99,1.40,0.35,S,,PC25W12,USD,CC
70004157,01042,04,2,20250429,191909,000004493002,1,3.99,3.99,0.00,0.25,S,,,USD,CC
70004158,01107,01,1,20250429,81455,000004493002,2,3.99,7.98,3.99,0.25,S,,BG25W13,USD,GC
70004159,01107,04,1,20250429,142333,000000040102,0.725,16.99,12.32,0.00,0.00,S,,,USD,CC
70004159,01107,04,2,20250429,142333,000004493001,1,5.49,5.49,0.00,0.34,S,,,USD,CC
70004159,01107,04,3,20250429,142333,000004472003,2,3.29,6.58,0.00,0.41,S,,,USD,CC
70004159,01107,04,4,20250429,142333,000004473002,2,2.79,5.58,0.00,0.35,S,,,USD,CC
70004159,01107,04,5,20250429,142333,000000005302,1,3.49,3.49,0.00,0.00,S,,,USD,CC
70004160,01107,05,1,20250429,122334,000000020102,1,3.49,3.49,0.00,0.00,S,6037341678,,USD,CC
70004160,01107,05,2,20250429,122334,000004482003,1,5.49,5.49,0.00,0.34,S,6037341678,,USD,CC
70004161,01107,06,1,20250429,112148,000004471023,2,3.49,6.98,0.00,0.44,S,6071834404,,USD,GC
70004161,01107,06,2,20250429,112148,000000551021,3,11.99,35.97,11.99,1.50,S,6071834404,MB25W13,USD,GC
70004161,01107,06,3,20250429,112148,000000040203,2,11.99,23.98,0.00,0.00,S,6071834404,,USD,GC
70004161,01107,06,4,20250230,112148,000004472001,2,3.99,7.98,0.00,0.50,S,6071834404,,USD,GC
70004161,01107,06,5,20250429,112148,000000040203,1,11.99,11.99,0.00,0.00,S,6071834404,,USD,GC
70004162,01107,02,1,20250429,154747,000004493001,1,5.49,5.49,0.00,0.34,S,6028497185,,USD,GC
70004162,01107,02,2,20250429,154747,000004483001,1,4.99,4.99,0.00,0.31,S,6028497185,,USD,GC
70004162,01107,02,3,20250429,154747,000004481001,3,7.99,23.97,7.99,1.00,S,6028497185,MB25W13,USD,GC
70004163,01107,06,1,20250429,175433,000004481001,1,7.99,7.99,0.00,0.50,S,,,USD,DB
70004163,01107,06,2,20250429,175433,000004471023,1,3.49,3.49,0.00,0.22,S,,,USD,DB
70004164,02210,01,1,20250429,82226,000000040201,1,8.99,8.99,0.00,0.00,S,,,USD,DB
70004164,02210,01,2,20250429,82226,000000005102,3,5.49,16.47,3.29,0.00,S,,PC25W12,USD,DB
70004164,02210,01,3,20250429,82226,000000005202,1,5.99,5.99,0.00,0.00,S,,,USD,DB
70004165,02210,04,1,20250429,131235,000004492003,1,2.29,2.29,0.00,0.14,S,,,USD,DB
70004165,02210,04,2,20250429,131235,000000094202,1.898,1.99,3.78,0.00,0.00,S,,,USD,DB
70004166,02210,03,1,20250429,190614,000000030201,1,9.99,9.99,0.00,0.00,S,6075243728,,USD,DB
70004166,02210,03,2,20250429,190614,000000005102,1,5.49,5.49,1.10,0.00,S,6075243728,PC25W12,USD,DB
70004166,02210,03,3,20250429,190614,000000005302,1,3.49,3.49,0.00,0.00,S,6075243728,,USD,DB
70004167,02210,04,1,20250429,165347,000000030101,1,6.99,6.99,0.00,0.00,S,,,USD,CC
70004168,02210,06,1,20250429,82351,000000020101,1,2.49,2.49,0.00,0.00,S,,,USD,DB
70004169,02210,03,1,20250429,84858,000004471024,2,3.49,6.98,0.00,0.44,S,6075676670,,USD,CC
70004169,02210,03,2,20250429,84858,000000551021,1,11.99,11.99,0.00,0.75,S,6075676670,,USD,CC
70004169,02210,03,3,20250429,84858,000004481003,2,4.99,9.98,0.00,0.62,S,6075676670,,USD,CC
70004170,02211,01,1,20250429,121132,000004471024,1,3.49,3.49,0.00,0.22,S,,,USD,CC
70004170,02211,01,2,20250429,121132,000000093402,1.787,3.29,5.88,0.00,0.00,S,,,USD,CC
70004170,02211,01,3,20250429,121132,000004471024,1,3.49,3.49,0.00,0.22,S,,,USD,CC
70004170,02211,01,4,20250429,121132,000000005102,1,5.49,5.49,1.10,0.00,S,,PC25W12,USD,CC
70004171,02211,02,1,20250429,203948,000004493001,3,5.49,16.47,5.49,0.69,S,,MB25W13,USD,DB
70004171,02211,02,2,20250429,203948,000000005101,1,7.99,7.99,0.00,0.00,S,,,USD,DB
70004171,02211,02,3,20250429,203948,000004483001,1,4.99,4.99,0.00,0.31,S,,,USD,DB
70004172,02211,04,1,20250429,215911,000004481001,3,7.99,23.97,7.99,1.00,S,,MB25W13,USD,CC
70004172,02211,04,2,20250429,215911,000004472001,1,3.99,3.99,0.00,0.25,S,,,USD,CC
70004172,02211,04,3,20250429,215911,000000094103,1,3.79,3.79,0.00,0.00,S,,,USD,CC
70004172,02211,04,4,20250429,215911,000000040101,1.823,18.99,34.62,0.00,0.00,S,,,USD,CC
70004173,02211,05,1,20250429,171217,000000040202,3,14.99,44.97,14.99,0.00,S,6007482073,MB25W13,USD,CS
70004173,02211,05,2,20250429,171217,000004472003,1,3.29,3.29,0.00,0.21,S,6007482073,,USD,CS
70004173,02211,05,3,20250429,171217,000004473001,1,2.99,2.99,0.00,0.19,S,6007482073,,USD,CS
70004173,02211,05,4,20250429,171217,000000040201,1,8.99,8.99,0.00,0.00,S,6007482073,,USD,CS
70004173,02211,05,5,20250429,171217,000000020103,1,4.99,4.99,0.00,0.00,S,6007482073,,USD,CS
70004173,02211,05,6,20250429,171217,000000040102,0.468,16.99,7.95,0.00,0.00,S,6007482073,,USD,CS
70004174,02211,02,1,20250429,213715,000000093503,1,4.29,4.29,0.00,0.00,S,6056511810,,USD,CC
70004174,02211,02,2,20250429,213715,000000005012,1,3.99,3.99,0.00,0.00,S,6056511810,,USD,CC
70004174,02211,02,3,20250429,213715,000000561001,1,9.99,9.99,0.00,0.62,S,6056511810,,USD,CC
70004174,02211,02,4,20250429,213715,000000040201,1,8.99,8.99,0.00,0.00,S,6056511810,,USD,CC
70004174,02211,02,5,20250429,213715,000004471030,1,3.99,3.99,0.80,0.20,S,6056511810,PC25W12,USD,CC
70004175,02211,01,1,20250429,112511,000000005301,3,5.49,16.47,0.00,0.00,S,6028080100,,USD,CC
70004175,02211,01,2,20250429,112511,000000020201,1,5.49,5.49,0.00,0.00,S,6028080100,,USD,CC
70004175,02211,01,3,20250429,112511,000000005102,1,5.49,5.49,1.10,0.00,S,6028080100,PC25W12,USD,CC
70004175,02211,01,4,20250429,112511,000000040101,1.267,18.99,24.06,0.00,0.00,S,6028080100,,USD,CC
70004176,02305,03,1,20250429,164138,000004471023,1,3.49,3.49,0.00,0.22,S,6059856420,,USD,CS
70004177,02305,05,1,20250429,191927,000000020102,1,3.49,3.49,0.00,0.00,S,,,USD,DB
70004177,02305,05,2,20250429,191927,000004491002,1,6.99,6.99,1.40,0.35,S,,PC25W12,USD,DB
70004177,02305,05,3,20250429,191927,000000031101,1.438,24.99,35.94,0.00,0.00,S,,,USD,DB
70004178,02305,02,1,20250429,92014,000000030102,1,14.99,14.99,0.00,0.00,S,,,USD,DB
70004178,02305,02,2,20250429,92014,000000093325,0.500,3.99,2.00,0.40,0.00,S,,PC25W12,USD,DB
70004178,02305,02,3,20250429,92014,000000552001,3,4.49,13.47,0.00,0.84,S,,,USD,DB
70004178,02305,02,4,20250429,92014,000004483001,1,4.99,4.99,0.00,0.31,S,,,USD,DB
70004178,02305,02,5,20250429,92014,000000030203,3,8.49,25.47,8.49,0.00,S,,MB25W13,USD,DB
70004178,02305,02,6,20250429,92014,000004472003,1,3.29,3.29,0.00,0.21,S,,,USD,DB
70004179,02305,06,1,20250429,85137,000004493001,1,5.49,5.49,0.00,0.34,S,,,USD,GC
70004179,02305,06,2,20250429,85137,000000005201,1,3.99,3.99,0.00,0.00,S,,,USD,GC
70004180,02305,05,1,20250429,150430,000000005301,1,5.49,5.49,0.00,0.00,S,,,USD,DB
70004180,02305,05,2,20250429,150430,000000093322,1.130,1.99,2.25,0.00,0.00,S,,,USD,DB
70004180,02305,05,3,20250429,150430,000000094202,1.791,1.99,3.56,0.00,0.00,S,,,USD,DB
70004180,02305,05,4,20250429,150430,000000020101,1,2.49,2.49,0.00,0.00,S,,,USD,DB
70004180,02305,05,5,20250429,150430,000004481003,1,4.99,4.99,0.00,0.31,S,,,USD,DB
70004180,02305,05,6,20250429,150430,000000094103,1,3.79,3.79,0.00,0.00,S,,,USD,DB
70004181,02305,03,1,20250429,145036,000004481001,3,7.99,23.97,7.99,1.00,S,,MB25W13,USD,DB
70004181,02305,03,2,20250429,145036,000000005301,1,5.49,5.49,0.00,0.00,S,,,USD,DB
70004181,02305,03,3,20250429,145036,000000030203,3,8.49,25.47,8.49,0.00,S,,MB25W13,USD,DB
70004181,02305,03,4,20250429,145036,000000040102,0.952,16.99,16.17,0.00,0.00,S,,,USD,DB
70004181,02305,03,5,20250429,145036,000000005012,1,3.99,3.99,0.00,0.00,S,,,USD,DB
70004181,02305,03,6,20250429,145036,000004493001,3,5.49,16.47,5.49,0.69,S,,MB25W13,USD,DB
70004182,02305,04,1,20250429,74315,000000040203,1,11.99,11.99,0.00,0.00,S,,,USD,CS
70004182,02305,04,2,20250429,74315,000000005012,1,3.99,3.99,0.00,0.00,S,,,USD,CS
70004182,02305,04,3,20250429,74315,000000561001,1,9.99,9.99,0.00,0.62,S,,,USD,CS
70004182,02305,04,4,20250429,74315,000000094103,1,3.79,3.79,0.00,0.00,S,,,USD,CS
70004182,02305,04,5,20250429,74315,000000030202,2,11.49,22.98,0.00,0.00,S,,,USD,CS
70004182,02305,04,6,20250429,74315,000004471030,1,3.99,3.99,0.80,0.20,S,,PC25W12,USD,CS
70004183,03050,05,1,20250429,81913,000000020201,2,5.49,10.98,0.00,0.00,S,,,USD,DB
70004184,03050,04,1,20250429,83251,000000551021,1,11.99,11.99,0.00,0.75,S,6079806603,,USD,CS
70004184,03050,04,2,20250429,83251,000004491002,1,6.99,6.99,1.40,0.35,S,6079806603,PC25W12,USD,CS
70004184,03050,04,3,20250429,83251,000000093402,0.383,3.29,1.26,0.00,0.00,S,6079806603,,USD,CS
70004185,03050,06,1,20250429,131835,000000551021,3,11.99,35.97,11.99,1.50,S,,MB25W13,USD,DB
70004185,03050,06,2,20250429,131835,000000094201,1.690,1.69,2.86,0.00,0.00,S,,,USD,DB
70004185,03050,06,3,20250429,131835,000000020102,1,3.49,3.49,0.00,0.00,S,,,USD,DB
70004186,03050,03,1,20250429,171350,000000020203,1,6.49,6.49,0.00,0.00,S,6092842222,,USD,DB
70004186,03050,03,2,20250429,171350,000000093502,1,3.99,3.99,0.00,0.00,S,6092842222,,USD,DB
70004186,03050,03,3,20250429,171350,000004473001,1,2.99,2.99,0.00,0.19,S,6092842222,,USD,DB
70004187,03050,03,1,20250429,174350,000004471030,1,3.99,3.99,0.80,0.20,S,6049735020,PC25W12,USD,DB
70004187,03050,03,2,20250429,174350,000004473001,1,2.99,2.99,0.00,0.19,S,6049735020,,USD,DB
70004187,03050,03,3,20250429,174350,000000094101,3,3.99,11.97,0.00,0.00,S,6049735020,,USD,DB
70004188,03050,04,1,20250429,122246,000000551021,3,11.99,35.97,11.99,1.50,S,,MB25W13,USD,DB
70004188,03050,04,2,20250429,122246,000000005013,1,3.89,3.89,0.00,0.00,S,,,USD,DB
70004188,03050,04,3,20250429,122246,000000030203,2,8.49,16.98,0.00,0.00,S,,,USD,DB
70004188,03050,04,4,20250429,122246,000004481003,2,4.99,9.98,0.00,0.62,S,,,USD,DB
70004188,03050,04,5,20250429,122246,000000552001,1,4.49,4.49,0.00,0.28,S,,,USD,DB
70004188,03050,04,6,20250429,122246,000004481003,1,4.99,4.99,0.00,0.31,S,,,USD,DB
70004189,00317,05,1,20250429,114336,000004481001,3,10.89,32.67,10.89,1.36,S,,MB25W13,CAD,CC
70004189,00317,05,2,20250429,114336,000000030202,1,15.59,15.59,0.00,0.00,S,,,CAD,CC
70004189,00317,05,3,20250429,114336,000004493001,2,7.49,14.98,0.00,0.94,S,,,CAD,CC
70004189,00317,05,4,20250429,114336,000000020201,1,7.49,7.49,0.00,0.00,S,,,CAD,CC
70004189,00317,05,5,20250429,114336,000000030201,2,13.59,27.18,0.00,0.00,S,,,CAD,CC
70004189,00317,05,6,20250429,114336,000004472001,2,5.39,10.78,0.00,0.67,S,,,CAD,CC
70004190,00317,01,1,20250429,75354,000000005302,2,4.69,9.38,0.00,0.00,S,6022821781,,CAD,CS
70004190,00317,01,2,20250429,75354,000000093503,2,5.79,11.58,5.79,0.00,S,6022821781,BG25W13,CAD,CS
70004191,00317,02,1,20250429,104533,000004491002,1,9.49,9.49,1.90,0.47,S,6005830033,PC25W12,CAD,CC
70004191,00317,02,2,20250429,104533,000000094201,1.801,2.29,4.12,0.00,0.00,S,6005830033,,CAD,CC
70004192,00317,03,1,20250429,94322,000004493002,2,5.39,10.78,5.39,0.34,S,6040903802,BG25W13,CAD,DB
70004192,00317,03,2,20250429,94322,000004471030,2,5.39,10.78,2.16,0.54,S,6040903802,PC25W12,CAD,DB
70004192,00317,03,3,20250429,94322,000000020202,1,8.09,8.09,0.00,0.00,S,6040903802,,CAD,DB
70004192,00317,03,4,20250429,94322,000004471024,1,4.69,4.69,0.00,0.29,S,6040903802,,CAD,DB
70004192,00317,03,5,20250429,94322,000000562001,1,14.89,14.89,0.00,0.93,S,6040903802,,CAD,DB
70004192,00317,03,6,20250429,94322,000000005201,1,5.39,5.39,0.00,0.00,S,6040903802,,CAD,DB
70004193,00317,02,1,20250429,102855,000000094101,1,5.39,5.39,0.00,0.00,S,6012880133,,CAD,CS
70004193,00317,02,2,20250429,102855,000004491002,3,9.49,28.47,5.69,1.42,S,6012880133,PC25W12,CAD,CS
70004193,00317,02,3,20250429,102855,000004493002,2,5.39,10.78,5.39,0.34,S,6012880133,BG25W13,CAD,CS
70004193,00317,02,4,20250429,102855,000000030203,1,11.49,11.49,0.00,0.00,S,6012880133,,CAD,CS
70004193,00317,02,5,20250429,102855,000000040201,1,12.19,12.19,0.00,0.00,S,6012880133,,CAD,CS
70004193,00317,02,6,20250429,102855,000004471030,1,5.39,5.39,1.08,0.27,S,6012880133,PC25W12,CAD,CS
70004194,00317,05,1,20250429,132104,000000093402,0.907,4.49,4.07,0.00,0.00,S,,,CAD,GC
70004194,00317,05,2,20250429,132104,000000040102,1.376,23.09,31.77,0.00,0.00,S,,,CAD,GC
70004194,00317,05,3,20250429,132104,000004471024,1,4.69,4.69,0.00,0.29,S,,,CAD,GC
70004195,00317,05,1,20250429,101710,000004493002,2,5.39,10.78,5.39,0.34,S,,BG25W13,CAD,CS
70004196,00317,02,1,20250429,202939,000000094103,1,5.19,5.19,0.00,0.00,S,,,CAD,DB
70004196,00317,02,2,20250429,202939,000000030102,3,20.39,61.17,0.00,0.00,S,,,CAD,DB
70004197,00317,06,1,20250429,204704,000000040201,1,12.19,12.19,0.00,0.00,S,,,CAD,CC
70004197,00317,06,2,20250429,204704,000000005302,1,4.69,4.69,0.00,0.00,S,,,CAD,CC
70004198,00317,04,1,20250429,73109,000000093502,1,5.39,5.39,0.00,0.00,S,6007779462,,CAD,CC
70004198,00317,04,2,20250429,73109,000004472001,1,5.39,5.39,0.00,0.34,S,6007779462,,CAD,CC
70004199,00317,06,1,20250429,82831,000004482003,1,7.49,7.49,0.00,0.47,S,,,CAD,DB
70004199,00317,06,2,20250429,82831,000004482003,2,7.49,14.98,0.00,0.94,S,,,CAD,DB
70004200,00317,04,1,20250429,141543,000004481001,3,10.89,32.67,10.89,1.36,S,6090793884,MB25W13,CAD,GC
70004200,00317,04,2,20250429,141543,000000020202,1,8.09,8.09,0.00,0.00,S,6090793884,,CAD,GC
70004200,00317,04,3,20250429,141543,000000005012,1,5.39,5.39,0.00,0.00,S,6090793884,,CAD,GC
70004200,00317,04,4,20250429,141543,000000031102,0.766,27.19,20.83,0.00,0.00,S,6090793884,,CAD,GC
70004200,00317,04,5,20250429,141543,000000094301,1.677,5.99,10.05,0.00,0.00,S,6090793884,,CAD,GC
70004200,00317,04,6,20250429,141543,000000094201,1.477,2.29,3.38,0.00,0.00,S,6090793884,,CAD,GC
70004201,00317,01,1,20250429,174949,000000040101,1.053,25.79,27.16,0.00,0.00,S,,,CAD,DB
70004201,00317,01,2,20250429,174949,000000040101,2.186,25.79,56.38,0.00,0.00,S,,,CAD,DB
70004202,01042,06,1,20250430,84409,000000020102,2,3.49,6.98,0.00,0.00,S,,,USD,DB
70004202,01042,06,2,20250430,84409,000000005013,1,3.89,3.89,0.00,0.00,S,,,USD,DB
70004203,01042,06,1,20250430,132758,000000020202,1,5.99,5.99,0.00,0.00,S,6020575639,,USD,CC
70004203,01042,06,2,20250430,132758,000000094203,0.572,1.49,0.85,0.17,0.00,S,6020575639,PC25W12,USD,CC
70004203,01042,06,3,20250430,132758,000004482002,1,17.99,17.99,0.00,1.12,S,6020575639,,USD,CC
70004204,01042,01,1,20250430,191225,000000093410,1.010,3.99,4.03,0.00,0.00,S,,,USD,DB
70004205,01107,02,1,20250430,172129,000000020203,1,6.49,6.49,0.00,0.00,S,6077119918,,USD,CC
70004205,01107,02,2,20250430,172129,000000562002,1,8.49,8.49,0.00,0.53,S,6077119918,,USD,CC
70004205,01107,02,3,20250430,172129,000004473003,2,3.49,6.98,0.00,0.44,S,6077119918,,USD,CC
70004206,01107,02,1,20250430,140838,000004482001,1,13.99,13.99,0.00,0.87,S,,,USD,CS
70004206,01107,02,2,20250430,140838,000004481001,1,7.99,7.99,0.00,0.50,S,,,USD,CS
70004206,01107,02,3,20250430,140838,000004471023,1,3.49,3.49,0.00,0.22,S,,,USD,CS
70004206,01107,02,4,20250430,140838,000000005101,1,7.99,7.99,0.00,0.00,S,,,USD,CS
70004206,01107,02,5,20250430,140838,000004471030,1,3.99,3.99,0.80,0.20,S,,PC25W12,USD,CS
70004206,01107,02,6,20250430,140838,000000562002,1,8.49,8.49,0.00,0.53,S,,,USD,CS
70004207,01107,06,1,20250430,152657,000000562002,1,8.49,8.49,0.00,0.53,S,6081735984,,USD,DB
70004207,01107,06,2,20250430,152657,000004492002,1,1.49,1.49,0.00,0.09,S,6081735984,,USD,DB
70004208,01107,05,1,20250430,155835,000000005013,1,3.89,3.89,0.00,0.00,S,,,USD,DB
70004208,01107,05,2,20250430,155835,000004483001,2,4.99,9.98,0.00,0.62,S,,,USD,DB
70004208,01107,05,3,20250430,155835,000000040201,1,8.99,8.99,0.00,0.00,S,,,USD,DB
70004208,01107,05,4,20250430,155835,000000005101,1,7.99,7.99,0.00,0.00,S,,,USD,DB
70004208,01107,05,5,20250430,155835,000000005202,2,5.99,11.98,0.00,0.00,S,,,USD,DB
70004208,01107,05,6,20250430,155835,000000552001,1,4.49,4.49,0.00,0.28,S,,,USD,DB
70004209,01107,06,1,20250430,141157,000004491003,1,1.99,1.99,0.00,0.12,S,,,USD,DB
70004209,01107,06,2,20250430,141157,000000094103,2,3.79,7.58,0.00,0.00,S,,,USD,DB
70004210,01107,01,1,20250430,122931,000000040202,3,14.99,44.97,14.99,0.00,S,,MB25W13,USD,CC
70004211,02210,06,1,20250430,130816,000000094101,1,3.99,3.99,0.00,0.00,S,,,USD,DB
70004211,02210,06,2,20250430,130816,000000040201,1,8.99,8.99,0.00,0.00,S,,,USD,DB
70004211,02210,06,3,20250430,130816,000000552001,1,4.49,4.49,0.00,0.28,S,,,USD,DB
70004211,02210,06,4,20250430,130816,000004471023,2,3.49,6.98,0.00,0.44,S,,,USD,DB
70004212,02210,04,1,20250430,205729,000004471023,1,3.49,3.49,0.00,0.22,S,,,USD,CS
70004212,02210,04,2,20250430,205729,000000005102,3,5.49,16.47,3.29,0.00,S,,PC25W12,USD,CS
70004213,02210,03,1,20250430,172055,000000031101,1.095,24.99,27.36,0.00,0.00,S,6092499125,,USD,DB
70004213,02210,03,2,20250430,172055,000000030202,1,11.49,11.49,0.00,0.00,S,6092499125,,USD,DB
70004213,02210,03,3,20250430,172055,000000005301,1,5.49,5.49,0.00,0.00,S,6092499125,,USD,DB
70004213,02210,03,4,20250430,172055,000004482002,1,17.99,17.99,0.00,1.12,S,6092499125,,USD,DB
70004213,02210,03,5,20250430,172055,000000005102,1,5.49,5.49,1.10,0.00,S,6092499125,PC25W12,USD,DB
70004213,02210,03,6,20250430,172055,000004493001,1,5.49,5.49,0.00,0.34,S,6092499125,,USD,DB
70004214,02210,01,1,20250430,175337,000000551021,3,11.99,35.97,11.99,1.50,S,,MB25W13,USD,CC
70004214,02210,01,2,20250430,175337,000004492001,1,1.79,1.79,0.00,0.11,S,,,USD,CC
70004214,02210,01,3,20250430,175337,000004491003,1,1.99,1.99,0.00,0.12,S,,,USD,CC
70004214,02210,01,4,20250430,175337,000000094202,1.183,1.99,2.35,0.00,0.00,S,,,USD,CC
70004215,02210,04,1,20250430,215304,000000005102,2,5.49,10.98,2.20,0.00,S,6026265826,PC25W12,USD,CC
70004215,02210,04,2,20250430,215304,000000030103,2,8.99,17.98,0.00,0.00,S,6026265826,,USD,CC
70004215,02210,04,3,20250430,215304,000000552001,2,4.49,8.98,0.00,0.56,S,6026265826,,USD,CC
70004215,02210,04,4,20250430,215304,000000005101,1,7.99,7.99,0.00,0.00,S,6026265826,,USD,CC
70004216,02210,02,1,20250430,210609,000000551020,1,13.99,13.99,0.00,0.87,S,6052203684,,USD,DB
70004217,02210,05,1,20250430,134557,000000094301,1.888,4.39,8.29,0.00,0.00,S,6030091093,,USD,CC
70004218,02210,04,1,20250430,153014,000004472002,2,4.49,8.98,0.00,0.56,S,6092944551,,USD,CS
70004218,02210,04,2,20250430,153014,000000551020,1,13.99,13.99,0.00,0.87,S,6092944551,,USD,CS
70004219,02210,04,1,20250430,84558,000004493002,1,3.99,3.99,0.00,0.25,S,,,USD,CC
70004219,02210,04,2,20250430,84558,000000040202,1,14.99,14.99,0.00,0.00,S,,,USD,CC
70004219,02210,04,3,20250430,84558,000000005020,1,4.49,4.49,0.00,0.00,S,,,USD,CC
70004219,02210,04,4,20250430,84558,000000561001,1,9.99,9.99,0.00,0.62,S,,,USD,CC
70004220,02305,05,1,20250430,141133,000000093503,2,4.29,8.58,4.29,0.00,S,6088457831,BG25W13,USD,DB
70004221,02305,05,1,20250430,133228,000004472002,1,4.49,4.49,0.00,0.28,S,,,USD,GC
70004222,02305,02,1,20250430,112558,000000094101,3,3.99,11.97,0.00,0.00,S,6020594389,,USD,CC
70004222,02305,02,2,20250430,112558,000000005201,1,3.99,3.99,0.00,0.00,S,6020594389,,USD,CC
70004222,02305,02,3,20250430,112558,000000030202,2,11.49,22.98,0.00,0.00,S,6020594389,,USD,CC
70004222,02305,02,4,20250430,112558,000004481003,1,4.99,4.99,0.00,0.31,S,6020594389,,USD,CC
70004222,02305,02,5,20250430,112558,000004493002,2,3.99,7.98,3.99,0.25,S,6020594389,BG25W13,USD,CC
70004223,02305,03,1,20250430,124437,000004491002,1,6.99,6.99,1.40,0.35,S,,PC25W12,USD,CC
70004223,02305,03,2,20250430,124437,000004473003,1,3.49,3.49,0.00,0.22,S,,,USD,CC
70004223,02305,03,3,20250430,124437,000004491003,1,1.99,1.99,0.00,0.12,S,,,USD,CC
70004223,02305,03,4,20250430,124437,000004481001,3,7.99,23.97,7.99,1.00,S,,MB25W13,USD,CC
70004223,02305,03,5,20250430,124437,000004473003,1,3.49,3.49,0.00,0.22,V,,,USD,CC
70004224,02305,01,1,20250430,123759,000004493001,3,5.49,16.47,5.49,0.69,S,,MB25W13,USD,CC
70004225,02305,05,1,20250430,170104,000004482002,1,17.99,17.99,0.00,1.12,S,,,USD,CC
70004226,02305,04,1,20250430,170220,000000030202,1,11.49,11.49,0.00,0.00,S,,,USD,CS
70004226,02305,04,2,20250430,170220,000000040201,2,8.99,17.98,0.00,0.00,S,,,USD,CS
70004226,02305,04,3,20250430,170220,000000005201,1,3.99,3.99,0.00,0.00,S,,,USD,CS
70004227,02305,05,1,20250430,125934,000000093325,0.888,3.99,3.54,0.71,0.00,S,,PC25W12,USD,GC
70004227,02305,05,2,20250430,125934,000004493001,3,5.49,16.47,5.49,0.69,S,,MB25W13,USD,GC
70004227,02305,05,3,20250430,125934,000004483001,1,4.99,4.99,0.00,0.31,S,,,USD,GC
70004228,02305,04,1,20250430,132157,000000094103,2,3.79,7.58,0.00,0.00,S,6070184094,,USD,DB
70004228,02305,04,2,20250430,132157,000000094101,2,3.99,7.98,0.00,0.00,S,6070184094,,USD,DB
70004229,02305,01,1,20250430,195511,000000030103,2,8.99,17.98,0.00,0.00,S,,,USD,GC
70004229,02305,01,2,20250430,195511,000000005101,1,7.99,7.99,0.00,0.00,S,,,USD,GC
70004230,02305,04,1,20250430,155249,000000094201,1.575,1.69,2.66,0.00,0.00,S,6076896270,,USD,DB
70004230,02305,04,2,20250430,155249,000000005101,1,7.99,7.99,0.00,0.00,S,6076896270,,USD,DB
70004231,02305,02,1,20250430,83514,000004493002,2,3.99,7.98,3.99,0.25,S,,BG25W13,USD,CC
70004231,02305,02,2,20250430,83514,000000030101,1,6.99,6.99,0.00,0.00,S,,,USD,CC
70004231,02305,02,3,20250430,83514,000004482001,2,13.99,27.98,0.00,1.75,S,,,USD,CC
70004231,02305,02,4,20250430,83514,000004492002,1,1.49,1.49,0.00,0.09,S,,,USD,CC
70004231,02305,02,5,20250430,83514,000000093402,2.040,3.29,6.71,0.00,0.00,S,,,USD,CC
70004232,03050,05,1,20250430,184316,000000030203,1,8.49,8.49,0.00,0.00,S,,,USD,CC
70004233,03050,03,1,20250430,141618,000004492001,1,1.79,1.79,0.00,0.11,S,,,USD,DB
70004233,03050,03,2,20250430,141618,000000005302,1,3.49,3.49,0.00,0.00,S,,,USD,DB
70004233,03050,03,3,20250430,141618,000000030101,1,6.99,6.99,0.00,0.00,S,,,USD,DB
70004233,03050,03,4,20250430,141618,000000005020,1,4.49,4.49,0.00,0.00,S,,,USD,DB
70004233,03050,03,5,20250430,141618,000000094201,1.515,1.69,2.56,0.00,0.00,S,,,USD,DB
70004233,03050,03,6,20250430,141618,000004491003,3,1.99,5.97,0.00,0.37,S,,,USD,DB
70004234,03050,02,1,20250430,205958,000004473001,1,2.99,2.99,0.00,0.19,S,,,USD,DB
70004234,03050,02,2,20250430,205958,000000093503,2,4.29,8.58,4.29,0.00,S,,BG25W13,USD,DB
70004234,03050,02,3,20250430,205958,000000094203,0.840,1.49,1.25,0.25,0.00,S,,PC25W12,USD,DB
70004234,03050,02,4,20250430,205958,000000020103,1,4.99,4.99,0.00,0.00,S,,,USD,DB
70004235,03050,06,1,20250430,112040,000000093502,1,3.99,3.99,0.00,0.00,S,,,USD,DB
70004235,03050,06,2,20250430,112040,000000030102,1,14.99,14.99,0.00,0.00,S,,,USD,DB
70004235,03050,06,3,20250430,112040,000000040101,1.392,18.99,26.43,0.00,0.00,S,,,USD,DB
70004236,03050,04,1,20250430,161025,000000093402,0.778,3.29,2.56,0.00,0.00,S,6092513271,,USD,CC
70004236,03050,04,2,20250430,161025,000000020201,1,5.49,5.49,0.00,0.00,S,6092513271,,USD,CC
70004237,03050,01,1,20250430,203138,000004482001,1,13.99,13.99,0.00,0.87,S,,,USD,DB
70004237,03050,01,2,20250430,203138,000004472001,1,3.99,3.99,0.00,0.25,S,,,USD,DB
70004237,03050,01,3,20250430,203138,000000005201,1,3.99,3.99,0.00,0.00,S,,,USD,DB
70004237,03050,01,4,20250430,203138,000004482002,1,17.99,17.99,0.00,1.12,S,,,USD,DB
70004237,03050,01,5,20250430,203138,000000093325,1.062,3.99,4.24,0.85,0.00,S,,PC25W12,USD,DB
70004238,00317,06,1,20250430,215558,000000005201,2,5.39,10.78,0.00,0.00,S,,,CAD,DB
70004238,00317,06,2,20250430,215558,000000020203,1,8.79,8.79,0.00,0.00,S,,,CAD,DB
70004239,00317,03,1,20250430,114145,000000562001,1,14.89,14.89,0.00,0.93,S,6095481497,,CAD,CC
70004239,00317,03,2,20250430,114145,000004492050,1,2.99,2.99,0.00,0.19,S,6095481497,,CAD,CC
70004239,00317,03,3,20250430,114145,000000562001,1,14.89,14.89,0.00,0.93,S,6095481497,,CAD,CC
70004240,00317,05,1,20250430,163238,000004472002,1,6.09,6.09,0.00,0.38,S,,,CAD,GC
70004241,00317,02,1,20250430,213050,000000040202,3,20.39,61.17,20.39,0.00,S,,MB25W13,CAD,DB
70004241,00317,02,2,20250430,213050,000004491002,1,9.49,9.49,1.90,0.47,S,,PC25W12,CAD,DB
70004241,00317,02,3,20250430,213050,000000093502,1,5.39,5.39,0.00,0.00,S,,,CAD,DB
70004242,00317,02,1,20250430,121826,000004493002,2,5.39,10.78,5.39,0.34,S,,BG25W13,CAD,DB
70004243,00317,04,1,20250430,82402,000000005013,1,5.29,5.29,0.00,0.00,R,6004899642,,CAD,CC
70004244,00317,01,1,20250430,163316,000004473001,2,4.09,8.18,0.00,0.51,S,6047472197,,CAD,DB
70004245,00317,05,1,20250430,95541,000000093325,0.479,5.39,2.58,0.52,0.00,S,,PC25W12,CAD,DB
70004245,00317,05,2,20250430,95541,000000093325,1.033,5.39,5.57,1.11,0.00,S,,PC25W12,CAD,DB
70004245,00317,05,3,20250430,95541,000000005102,1,7.49,7.49,1.50,0.00,S,,PC25W12,CAD,DB
