TRX_ID,STR_NBR,REG_NBR,LN_NBR,TRX_DT,TRX_TM,ITM_ID,QTY,UNIT_PRC,EXT_AMT,DISC_AMT,TAX_AMT,TRX_TYP,LYL_CARD_NBR,PROMO_CD,CRNCY_CD,TNDR_CD
70011036,01042,04,1,20250901,120304,000000093410,0.393,3.99,1.57,0.00,0.00,S,,,USD,CC
70011036,01042,04,2,20250901,120304,000004482003,1,5.49,5.49,0.00,0.34,S,,,USD,CC
70011036,01042,04,3,20250901,120304,000004491002,1,6.99,6.99,0.00,0.44,S,,,USD,CC
70011036,01042,04,4,20250901,120304,000004471024,2,3.49,6.98,0.00,0.44,S,,,USD,CC
70011036,01042,04,5,20250901,120304,000004493002,2,3.99,7.98,3.99,0.25,S,,BG25W31,USD,CC
70011036,01042,04,6,20250901,120304,000000094201,0.363,1.69,0.61,0.00,0.00,S,,,USD,CC
70011037,01042,05,1,20250901,73751,000000040102,1.471,16.99,24.99,0.00,0.00,S,6098864976,,USD,CS
70011037,01042,05,2,20250901,73751,000004492001,2,1.79,3.58,0.00,0.22,S,6098864976,,USD,CS
70011038,01042,04,1,20250901,190811,000000005301,1,5.49,5.49,0.00,0.00,S,,,USD,DB
70011039,01042,05,1,20250901,111835,000000040201,1,8.99,8.99,0.00,0.00,S,6062879232,,USD,CS
70011039,01042,05,2,20250901,111835,000000093321,0.418,1.49,0.62,0.00,0.00,S,6062879232,,USD,CS
70011040,01042,05,1,20250901,133032,000004471023,1,3.49,3.49,0.00,0.22,S,,,USD,DB
70011040,01042,05,2,20250901,133032,000000005101,1,7.99,7.99,0.00,0.00,S,,,USD,DB
70011040,01042,05,3,20250901,133032,000000005201,1,3.99,3.99,0.00,0.00,S,,,USD,DB
70011040,01042,05,4,20250901,133032,000004473002,1,2.79,2.79,0.00,0.17,S,,,USD,DB
70011041,01042,06,1,20250901,115742,000004482002,2,17.99,35.98,0.00,2.25,S,,,USD,DB
70011041,01042,06,2,20250901,115742,000000093503,1,4.29,4.29,0.00,0.00,S,,,USD,DB
70011041,01042,06,3,20250901,115742,000000093321,1.978,1.49,2.95,0.00,0.00,S,,,USD,DB
70011041,01042,06,4,20250901,115742,000004472002,1,4.49,4.49,0.00,0.28,S,,,USD,DB
70011042,01042,01,1,20250901,73836,000004493002,3,3.99,11.97,3.99,0.50,S,,BG25W31,USD,CC
70011042,01042,01,2,20250901,73836,000000093410,0.893,3.99,3.56,0.00,0.00,S,,,USD,CC
70011042,01042,01,3,20250901,73836,000000093502,1,3.99,3.99,0.00,0.00,S,,,USD,CC
70011042,01042,01,4,20250901,73836,000000020101,1,2.49,2.49,0.00,0.00,S,,,USD,CC
70011042,01042,01,5,20250901,73836,000004493001,1,5.49,5.49,0.00,0.34,S,,,USD,CC
70011042,01042,01,6,20250901,73836,000000020102,3,3.49,10.47,0.00,0.00,S,,,USD,CC
70011043,01107,04,1,20250901,165104,000000020201,2,5.49,10.98,0.00,0.00,S,6068950097,,USD,DB
70011043,01107,04,2,20250901,165104,000004491002,2,6.99,13.98,0.00,0.87,S,6068950097,,USD,DB
70011043,01107,04,3,20250901,165104,000004493002,2,3.99,7.98,3.99,0.25,S,6068950097,BG25W31,USD,DB
70011044,01107,03,1,20250901,124848,000000005301,1,5.49,5.49,0.00,0.00,S,,,USD,CS
70011044,01107,03,2,20250901,124848,000004493001,2,5.49,10.98,0.00,0.69,S,,,USD,CS
70011044,01107,03,3,20250901,124848,000000040102,1.997,16.99,33.93,0.00,0.00,S,,,USD,CS
70011044,01107,03,4,20250901,124848,000000040201,1,8.99,8.99,0.00,0.00,S,,,USD,CS
70011044,01107,03,5,20250901,124848,000000020103,1,4.99,4.99,0.00,0.00,S,,,USD,CS
70011045,01107,01,1,20250901,160624,000000005301,2,5.49,10.98,0.00,0.00,S,6065549471,,USD,DB
70011045,01107,01,2,20250901,160624,000004481003,2,4.99,9.98,4.99,0.31,S,6065549471,BG25W31,USD,DB
70011045,01107,01,3,20250901,160624,000000020202,1,5.99,5.99,0.00,0.00,S,6065549471,,USD,DB
70011046,01107,03,1,20250901,132925,000000040101,1.091,18.99,20.72,0.00,0.00,S,6055269658,,USD,CC
70011046,01107,03,2,20250901,132925,000000040101,1.091,18.99,20.72,0.00,0.00,V,6055269658,,USD,CC
70011047,01107,06,1,20250901,111248,000000093321,0.871,1.49,1.30,0.00,0.00,S,6092774233,,USD,DB
70011047,01107,06,2,20250901,111248,000000020102,2,3.49,6.98,0.00,0.00,S,6092774233,,USD,DB
70011047,01107,06,3,20250901,111248,000004482001,1,13.99,13.99,0.00,0.87,S,6092774233,,USD,DB
70011048,02210,04,1,20250901,203822,000004493002,2,3.99,7.98,3.99,0.25,S,,BG25W31,USD,CC
70011049,02210,02,1,20250901,103351,000000030201,2,9.99,19.98,9.99,0.00,S,,BG25W31,USD,CC
70011049,02210,02,2,20250901,103351,000000040201,2,8.99,17.98,0.00,0.00,S,,,USD,CC
70011049,02210,02,3,20250901,103351,000000094102,1,3.49,3.49,0.00,0.00,S,,,USD,CC
70011050,02210,06,1,20250901,172750,000004491001,1,2.49,2.49,0.00,0.16,S,6005673030,,USD,CS
70011051,02210,06,1,20250901,133947,000000005013,1,3.89,3.89,0.00,0.00,S,,,USD,DB
70011051,02210,06,2,20250901,133947,000004481002,1,7.99,7.99,0.00,0.50,S,,,USD,DB
70011051,02210,06,3,20250901,133947,000000020101,1,2.49,2.49,0.00,0.00,S,,,USD,DB
70011052,02210,05,1,20250901,133611,000000093503,1,4.29,4.29,0.00,0.00,S,,,USD,DB
70011052,02210,05,2,20250901,133611,000000040101,1.051,18.99,19.96,0.00,0.00,S,,,USD,DB
70011052,02210,05,3,20250901,133611,000000040202,1,14.99,14.99,0.00,0.00,S,,,USD,DB
70011052,02210,05,4,20250901,133611,000004492003,2,2.29,4.58,2.29,0.14,S,,BG25W31,USD,DB
70011053,02210,06,1,20250901,121640,000004472003,1,3.29,3.29,0.00,0.21,S,,,USD,CS
70011053,02210,06,2,20250901,121640,000004492002,1,1.49,1.49,0.00,0.09,S,,,USD,CS
70011053,02210,06,3,20250901,121640,000000005302,1,3.49,3.49,0.00,0.00,S,,,USD,CS
70011053,02210,06,4,20250901,121640,000004481003,1,4.99,4.99,0.00,0.31,S,,,USD,CS
70011053,02210,06,5,20250901,121640,000004481002,1,7.99,7.99,0.00,0.50,S,,,USD,CS
70011054,02210,06,1,20250901,105323,000000040202,2,14.99,29.98,0.00,0.00,S,,,USD,GC
70011054,02210,06,2,20250901,105323,000004492002,1,1.49,1.49,0.00,0.09,S,,,USD,GC
70011055,02210,02,1,20250901,203604,000000020103,2,4.99,9.98,0.00,0.00,S,,,USD,CC
70011055,02210,02,2,20250901,203604,000000005020,1,4.49,4.49,0.00,0.00,S,,,USD,CC
70011055,02210,02,3,20250901,203604,000000005012,2,3.99,7.98,0.00,0.00,S,,,USD,CC
70011056,02210,05,1,20250901,194441,000004481003,2,4.99,9.98,4.99,0.31,S,,BG25W31,USD,GC
70011056,02210,05,2,20250901,194441,000004491002,1,6.99,6.99,0.00,0.44,S,,,USD,GC
70011056,02210,05,3,20250901,194441,000000005020,2,4.49,8.98,0.00,0.00,S,,,USD,GC
70011057,02210,02,1,20250901,172215,000004471040,2,2.49,4.98,0.00,0.31,S,,,USD,GC
70011058,02210,02,1,20250901,191122,000000093402,1.334,3.29,4.39,0.00,0.00,S,,,USD,CC
70011058,02210,02,2,20250901,191122,000000030201,1,9.99,9.99,0.00,0.00,S,,,USD,CC
70011059,02210,02,1,20250901,191218,000004471040,1,2.49,2.49,0.00,0.16,S,6077820582,,USD,CC
70011059,02210,02,2,20250901,191218,000000005020,1,4.49,4.49,0.00,0.00,S,6077820582,,USD,CC
70011059,02210,02,3,20250901,191218,000004492003,2,2.29,4.58,2.29,0.14,S,6077820582,BG25W31,USD,CC
70011059,02210,02,4,20250901,191218,000000561002,2,7.49,14.98,0.00,0.94,S,6077820582,,USD,CC
70011059,02210,02,5,20250901,191218,000004473003,1,3.49,3.49,0.00,0.22,S,6077820582,,USD,CC
70011059,02210,02,6,20250901,191218,000000005103,1,6.99,6.99,0.00,0.00,S,6077820582,,USD,CC
70011060,02211,03,1,20250901,211151,000000005202,2,5.99,11.98,0.00,0.00,S,,,USD,DB
70011061,02211,06,1,20250901,200921,000004481001,1,7.99,7.99,0.00,0.50,S,6022783769,,USD,GC
70011061,02211,06,2,20250901,200921,000004492002,1,1.49,1.49,0.00,0.09,S,6022783769,,USD,GC
70011061,02211,06,3,20250901,200921,000004492002,1,1.49,1.49,0.00,0.09,S,6022783769,,USD,GC
70011062,02211,06,1,20250901,184459,000000040101,1.106,18.99,21.00,0.00,0.00,S,,,USD,DB
70011063,02211,02,1,20250901,100028,000004493002,2,3.99,7.98,3.99,0.25,S,,BG25W31,USD,DB
70011063,02211,02,2,20250901,100028,000000040202,1,14.99,14.99,0.00,0.00,S,,,USD,DB
70011063,02211,02,3,20250901,100028,000004482003,1,5.49,5.49,0.00,0.34,S,,,USD,DB
70011064,02211,01,1,20250901,132822,000004493001,1,5.49,5.49,0.00,0.34,S,6001713023,,USD,DB
70011064,02211,01,2,20250901,132822,000004483002,1,3.49,3.49,0.00,0.22,S,6001713023,,USD,DB
70011065,02305,01,1,20250901,113635,000000093501,1,4.49,4.49,0.00,0.00,S,6042717396,,USD,CC
70011065,02305,01,2,20250901,113635,000000094203,1.232,1.49,1.84,0.00,0.00,S,6042717396,,USD,CC
70011066,02305,01,1,20250901,110455,000000551020,1,13.99,13.99,0.00,0.87,S,,,USD,GC
70011067,02305,02,1,20250901,135614,000000093503,1,4.29,4.29,0.00,0.00,S,,,USD,GC
70011067,02305,02,2,20250901,135614,000000030203,1,8.49,8.49,0.00,0.00,S,,,USD,GC
70011067,02305,02,3,20250901,135614,000004472003,1,3.29,3.29,0.00,0.21,S,,,USD,GC
70011067,02305,02,4,20250901,135614,000000094202,0.562,1.99,1.12,0.00,0.00,S,,,USD,GC
70011067,02305,02,5,20250901,135614,000000093322,1.345,1.99,2.68,0.00,0.00,S,,,USD,GC
70011068,02305,03,1,20250901,144017,000000020103,1,4.99,4.99,0.00,0.00,S,6077754781,,USD,CS
70011068,02305,03,2,20250901,144017,000000005102,3,5.49,16.47,0.00,0.00,S,6077754781,,USD,CS
70011069,03050,06,1,20250901,103654,000000093321,1.907,1.49,2.84,0.00,0.00,S,6076084958,,USD,DB
70011070,03050,03,1,20250901,180639,000004491001,2,2.49,4.98,0.00,0.31,S,,,USD,CC
70011071,03050,02,1,20250901,91934,000000551020,2,13.99,27.98,0.00,1.75,S,,,USD,CC
70011071,03050,02,2,20250901,91934,000000094203,2.073,1.49,3.09,0.00,0.00,S,,,USD,CC
70011071,03050,02,3,20250901,91934,000004492002,1,1.49,1.49,0.00,0.09,S,,,USD,CC
70011072,03050,03,1,20250901,170830,000000093502,1,3.99,3.99,0.00,0.00,S,,,USD,GC
70011072,03050,03,2,20250901,170830,000000040102,1.759,16.99,29.89,0.00,0.00,S,,,USD,GC
70011072,03050,03,3,20250901,170830,000000093321,1.750,1.49,2.61,0.00,0.00,S,,,USD,GC
70011072,03050,03,4,20250901,170830,000000030101,1,6.99,6.99,0.00,0.00,S,,,USD,GC
70011072,03050,03,5,20250901,170830,000004481002,2,7.99,15.98,0.00,1.00,S,,,USD,GC
70011073,00317,03,1,20250901,170423,000000005202,1,8.09,8.09,0.00,0.00,S,6088191485,,CAD,CS
70011073,00317,03,2,20250901,170423,000000551021,1,16.29,16.29,0.00,1.02,S,6088191485,,CAD,CS
70011074,00317,05,1,20250901,140444,000000040102,1.904,23.09,43.96,0.00,0.00,S,,,CAD,CC
70011074,00317,05,2,20250901,140444,000004473001,1,4.09,4.09,0.00,0.26,S,,,CAD,CC
70011075,00317,03,1,20250901,152203,000004491001,1,3.39,3.39,0.00,0.21,S,,,CAD,DB
70011075,00317,03,2,20250901,152203,000000005202,1,8.09,8.09,0.00,0.00,S,,,CAD,DB
70011076,00317,04,1,20250901,213117,000004473003,2,4.69,9.38,0.00,0.59,S,,,CAD,DB
70011076,00317,04,2,20250901,213117,000000005201,1,5.39,5.39,0.00,0.00,S,,,CAD,DB
70011076,00317,04,3,20250901,213117,000000020201,2,7.49,14.98,0.00,0.00,S,,,CAD,DB
70011077,00317,03,1,20250901,71803,000000093501,1,6.09,6.09,0.00,0.00,S,,,CAD,GC
70011077,00317,03,2,20250901,71803,000004482003,1,7.49,7.49,0.00,0.47,S,,,CAD,GC
70011077,00317,03,3,20250901,71803,000000005302,1,4.69,4.69,0.00,0.00,S,,,CAD,GC
70011077,00317,03,4,20250901,71803,000000005301,1,7.49,7.49,0.00,0.00,S,,,CAD,GC
70011077,00317,03,5,20250901,71803,000004471023,1,4.69,4.69,0.00,0.29,S,,,CAD,GC
70011078,00317,06,1,20250901,91838,000004471030,2,5.39,10.78,5.39,0.34,S,6055855665,BG25W31,CAD,GC
70011078,00317,06,2,20250901,91838,000004491002,1,9.49,9.49,0.00,0.59,S,6055855665,,CAD,GC
70011078,00317,06,3,20250901,91838,000004471040,2,3.39,6.78,0.00,0.42,S,6055855665,,CAD,GC
70011078,00317,06,4,20250901,91838,000000094201,0.927,2.29,2.12,0.00,0.00,S,6055855665,,CAD,GC
70011078,00317,06,5,20250901,91838,000000562002,1,11.49,11.49,0.00,0.72,S,6055855665,,CAD,GC
70011078,00317,06,6,20250901,91838,000004471040,1,3.39,3.39,0.00,0.21,S,6055855665,,CAD,GC
70011079,00317,04,1,20250901,195245,000000005302,1,4.69,4.69,0.00,0.00,S,,,CAD,CS
70011079,00317,04,2,20250901,195245,000000040203,1,16.29,16.29,0.00,0.00,S,,,CAD,CS
70011079,00317,04,3,20250901,195245,000000005301,1,7.49,7.49,0.00,0.00,S,,,CAD,CS
70011079,00317,04,4,20250901,195245,000000040203,1,16.29,16.29,0.00,0.00,S,,,CAD,CS
70011079,00317,04,5,20250901,195245,000004481003,2,6.79,13.58,6.79,0.42,S,,BG25W31,CAD,CS
70011080,00317,04,1,20250901,183259,000004492003,1,3.09,3.09,0.00,0.19,R,,,CAD,GC
70011081,00317,05,1,20250901,134036,000004471030,2,5.39,10.78,5.39,0.34,S,6023046184,BG25W31,CAD,GC
70011082,00317,03,1,20250901,211924,000000093401,0.375,7.49,2.81,0.00,0.00,S,,,CAD,DB
70011082,00317,03,2,20250901,211924,000004472003,1,4.49,4.49,0.00,0.28,S,,,CAD,DB
70011082,00317,03,3,20250901,211924,000004492003,2,3.09,6.18,3.09,0.19,S,,BG25W31,CAD,DB
70011083,00317,01,1,20250901,145717,000000030101,1,9.49,9.49,0.00,0.00,S,,,CAD,DB
70011084,00317,01,1,20250901,173318,000000093325,1.676,5.39,9.03,0.00,0.00,S,,,CAD,DB
70011084,00317,01,2,20250901,173318,000000551020,1,18.99,18.99,0.00,1.19,S,,,CAD,DB
70011085,00322,06,1,20250901,140558,000000551021,1,16.29,16.29,0.00,1.02,S,,,CAD,CC
70011085,00322,06,2,20250901,140558,000000040202,2,20.39,40.78,0.00,0.00,S,,,CAD,CC
70011085,00322,06,3,20250901,140558,000000030201,2,13.59,27.18,13.59,0.00,S,,BG25W31,CAD,CC
70011085,00322,06,4,20250901,140558,000004481003,1,6.79,6.79,0.00,0.42,S,,,CAD,CC
70011086,00322,02,1,20250901,150813,000004483002,1,4.69,4.69,0.00,0.29,S,6059572446,,CAD,CC
70011086,00322,02,2,20250901,150813,000004491001,1,3.39,3.39,0.00,0.21,S,6059572446,,CAD,CC
70011086,00322,02,3,20250901,150813,000000005101,1,10.89,10.89,0.00,0.00,S,6059572446,,CAD,CC
70011086,00322,02,4,20250901,150813,000004473001,2,4.09,8.18,0.00,0.51,S,6059572446,,CAD,CC
70011086,00322,02,5,20250901,150813,000004471040,1,3.39,3.39,0.00,0.21,S,6059572446,,CAD,CC
70011087,00322,05,1,20250901,191523,000000093501,1,6.09,6.09,0.00,0.00,S,,,CAD,GC
70011087,00322,05,2,20250901,191523,000004481003,2,6.79,13.58,6.79,0.42,S,,BG25W31,CAD,GC
70011088,00322,04,1,20250901,73516,000004493002,2,5.39,10.78,5.39,0.34,S,,BG25W31,CAD,CC
70011089,00322,04,1,20250901,172741,000004492003,2,3.09,6.18,3.09,0.19,S,,BG25W31,CAD,DB
70011089,00322,04,2,20250901,172741,000004471030,2,5.39,10.78,5.39,0.34,S,,BG25W31,CAD,DB
70011090,00322,04,1,20250901,154016,000004473001,1,4.09,4.09,0.00,0.26,S,,,CAD,GC
70011090,00322,04,2,20250901,154016,000000020102,1,4.69,4.69,0.00,0.00,S,,,CAD,GC
70011090,00322,04,3,20250901,154016,000000093503,1,5.79,5.79,0.00,0.00,S,,,CAD,GC
70011091,00322,01,1,20250901,135134,000000040202,1,20.39,20.39,0.00,0.00,S,6020165423,,CAD,CC
70011091,00322,01,2,20250901,135134,000000020101,1,3.39,3.39,0.00,0.00,S,6020165423,,CAD,CC
70011091,00322,01,3,20250901,135134,000000005020,1,6.09,6.09,0.00,0.00,S,6020165423,,CAD,CC
70011091,00322,01,4,20250901,135134,000000093321,1.894,1.99,3.77,0.00,0.00,S,6020165423,,CAD,CC
70011091,00322,01,5,20250901,135134,000004482003,1,7.49,7.49,0.00,0.47,S,6020165423,,CAD,CC
70011092,00322,05,1,20250901,114232,000004471030,2,5.39,10.78,5.39,0.34,S,,BG25W31,CAD,GC
70011092,00322,05,2,20250901,114232,000000093321,0.312,1.99,0.62,0.00,0.00,S,,,CAD,GC
70011092,00322,05,3,20250901,114232,000004471030,3,5.39,16.17,5.39,0.67,S,,BG25W31,CAD,GC
70011093,00322,04,1,20250901,72944,000000005202,1,8.09,8.09,0.00,0.00,S,,,CAD,CS
70011093,00322,04,2,20250901,72944,000004492002,1,1.99,1.99,0.00,0.12,S,,,CAD,CS
70011094,01042,01,1,20250902,203151,000000552001,1,4.49,4.49,0.00,0.28,S,6018637159,,USD,DB
70011094,01042,01,2,20250902,203151,000004473002,1,2.79,2.79,0.00,0.17,S,6018637159,,USD,DB
70011094,01042,01,3,20250902,203151,000000030103,1,8.99,8.99,0.00,0.00,S,6018637159,,USD,DB
70011095,01042,03,1,20250902,151917,000004493002,2,3.99,7.98,3.99,0.25,S,,BG25W31,USD,DB
70011096,01042,04,1,20250902,93610,000004482001,1,13.99,13.99,0.00,0.87,S,,,USD,GC
70011096,01042,04,2,20250902,93610,000000040102,1.334,16.99,22.66,0.00,0.00,S,,,USD,GC
70011096,01042,04,3,20250902,93610,000000005103,1,6.99,6.99,0.00,0.00,S,,,USD,GC
70011097,01042,05,1,20250902,82652,000000030101,1,6.99,6.99,0.00,0.00,S,,,USD,GC
70011097,01042,05,2,20250902,82652,000000093322,1.588,1.99,3.16,0.00,0.00,S,,,USD,GC
70011097,01042,05,3,20250902,82652,000000551020,1,13.99,13.99,0.00,0.87,S,,,USD,GC
70011098,01042,02,1,20250902,123301,000000005302,1,3.49,3.49,0.00,0.00,S,6002730086,,USD,CC
70011098,01042,02,2,20250902,123301,000000005201,2,3.99,7.98,0.00,0.00,S,6002730086,,USD,CC
70011098,01042,02,3,20250902,123301,000000030202,1,11.49,11.49,0.00,0.00,S,6002730086,,USD,CC
70011099,01042,02,1,20250902,205402,000000020103,1,4.99,4.99,0.00,0.00,S,6042175188,,USD,DB
70011100,01042,06,1,20250902,175732,000004491001,1,2.49,2.49,0.00,0.16,S,,,USD,CS
70011100,01042,06,2,20250902,175732,000000031102,2.137,19.99,42.72,0.00,0.00,S,,,USD,CS
70011100,01042,06,3,20250902,175732,000000561002,1,7.49,7.49,0.00,0.47,S,,,USD,CS
70011100,01042,06,4,20250902,175732,000000094101,1,3.99,3.99,0.00,0.00,S,,,USD,CS
70011100,01042,06,5,20250902,175732,000000005102,1,5.49,5.49,0.00,0.00,S,,,USD,CS
70011100,01042,06,6,20250902,175732,000004473001,1,2.99,2.99,0.00,0.19,S,,,USD,CS
70011101,01107,02,1,20250902,112134,000000005012,1,3.99,3.99,0.00,0.00,S,,,USD,DB
70011101,01107,02,2,20250902,112134,000004483001,1,4.99,4.99,0.00,0.31,S,,,USD,DB
70011102,01107,01,1,20250902,182047,000004481003,2,4.99,9.98,4.99,0.31,S,6075618537,BG25W31,USD,CS
70011103,02210,02,1,20250902,164714,000004481003,2,4.99,9.98,4.99,0.31,S,,BG25W31,USD,CC
70011103,02210,02,2,20250902,164714,000000551021,1,11.99,11.99,0.00,0.75,S,,,USD,CC
70011103,02210,02,3,20250902,164714,000000005202,2,5.99,11.98,0.00,0.00,S,,,USD,CC
70011103,02210,02,4,20250902,164714,000004492002,1,1.49,1.49,0.00,0.09,S,,,USD,CC
70011103,02210,02,5,20250902,164714,000004471023,1,3.49,3.49,0.00,0.22,S,,,USD,CC
70011103,02210,02,6,20250902,164714,000004473002,1,2.79,2.79,0.00,0.17,S,,,USD,CC
70011104,02210,06,1,20250902,112501,000000093402,0.363,3.29,1.19,0.00,0.00,S,,,USD,CS
70011105,02210,04,1,20250902,123541,000000551020,1,13.99,13.99,0.00,0.87,S,,,USD,DB
70011106,02210,02,1,20250902,170451,000000094103,1,3.79,3.79,0.00,0.00,S,6000720245,,USD,CS
70011106,02210,02,2,20250902,170451,000004493001,2,5.49,10.98,0.00,0.69,S,6000720245,,USD,CS
70011106,02210,02,3,20250902,170451,000000561001,1,9.99,9.99,0.00,0.62,S,6000720245,,USD,CS
70011106,02210,02,4,20250902,170451,000000094301,2.125,4.39,9.33,0.00,0.00,S,6000720245,,USD,CS
70011107,02210,02,1,20250902,190137,000004491002,1,6.99,6.99,0.00,0.44,S,6029208751,,USD,CS
70011107,02210,02,2,20250902,190137,000000005103,1,6.99,6.99,0.00,0.00,S,6029208751,,USD,CS
70011107,02210,02,3,20250902,190137,000004492003,1,2.29,2.29,0.00,0.14,S,6029208751,,USD,CS
70011107,02210,02,4,20250902,190137,000000561001,2,9.99,19.98,0.00,1.25,S,6029208751,,USD,CS
70011108,02210,05,1,20250902,212145,000000005201,2,3.99,7.98,0.00,0.00,S,,,USD,CC
70011108,02210,05,2,20250902,212145,000000005020,1,4.49,4.49,0.00,0.00,S,,,USD,CC
70011109,02211,01,1,20250902,191129,000000020103,1,4.99,4.99,0.00,0.00,S,6050124955,,USD,DB
70011109,02211,01,2,20250902,191129,000004473001,1,2.99,2.99,0.00,0.19,S,6050124955,,USD,DB
70011109,02211,01,3,20250902,191129,000004471030,2,3.99,7.98,3.99,0.25,S,6050124955,BG25W31,USD,DB
70011109,02211,01,4,20250902,191129,000000005101,2,7.99,15.98,0.00,0.00,S,6050124955,,USD,DB
70011109,02211,01,5,20250902,191129,000000020203,1,6.49,6.49,0.00,0.00,S,6050124955,,USD,DB
70011110,02211,04,1,20250902,120837,000000020203,1,6.49,6.49,0.00,0.00,S,6015122946,,USD,CC
70011110,02211,04,2,20250902,120837,000000040201,1,8.99,8.99,0.00,0.00,S,6015122946,,USD,CC
70011110,02211,04,3,20250902,120837,000000094301,1.176,4.39,5.16,0.00,0.00,S,6015122946,,USD,CC
70011111,02211,05,1,20250902,101530,000000561001,1,9.99,9.99,0.00,0.62,S,6087699842,,USD,DB
70011111,02211,05,2,20250902,101530,000004492001,2,1.79,3.58,0.00,0.22,S,6087699842,,USD,DB
70011112,02305,01,1,20250902,215513,000004471040,1,2.49,2.49,0.00,0.16,S,,,USD,CC
70011112,02305,01,2,20250902,215513,000000020101,1,2.49,2.49,0.00,0.00,S,,,USD,CC
70011113,02305,04,1,20250902,183157,000000040101,0.830,18.99,15.76,0.00,0.00,S,,,USD,GC
70011114,02305,01,1,20250902,70707,000000005013,1,3.89,3.89,0.00,0.00,S,,,USD,DB
70011114,02305,01,2,20250902,70707,000000031101,0.994,24.99,24.84,0.00,0.00,S,,,USD,DB
70011114,02305,01,3,20250902,70707,000000094202,1.173,1.99,2.33,0.00,0.00,S,,,USD,DB
70011114,02305,01,4,20250902,70707,000000005201,1,3.99,3.99,0.00,0.00,S,,,USD,DB
70011114,02305,01,5,20250902,70707,000004483002,1,3.49,3.49,0.00,0.22,S,,,USD,DB
70011115,02305,01,1,20250902,195737,000000030101,2,6.99,13.98,0.00,0.00,S,6050184819,,USD,CS
70011115,02305,01,2,20250902,195737,000004472001,2,3.99,7.98,0.00,0.50,S,6050184819,,USD,CS
70011115,02305,01,3,20250902,195737,000000005302,1,3.49,3.49,0.00,0.00,S,6050184819,,USD,CS
70011116,02305,01,1,20250902,90231,000000030201,2,9.99,19.98,9.99,0.00,S,6022161070,BG25W31,USD,CC
70011117,02305,05,1,20250902,80308,000000030201,2,9.99,19.98,9.99,0.00,S,,BG25W31,USD,DB
70011117,02305,05,2,20250902,80308,000004472001,1,3.99,3.99,0.00,0.25,S,,,USD,DB
70011117,02305,05,3,20250902,80308,000000552002,1,3.99,3.99,0.00,0.25,S,,,USD,DB
70011117,02305,05,4,20250902,80308,000000020102,2,3.49,6.98,0.00,0.00,S,,,USD,DB
70011117,02305,05,5,20250902,80308,000000030203,1,8.49,8.49,0.00,0.00,S,,,USD,DB
70011118,02305,06,1,20250902,104431,000000093321,0.252,1.49,0.38,0.00,0.00,S,,,USD,DB
70011118,02305,06,2,20250902,104431,000004493002,1,3.99,3.99,0.00,0.25,S,,,USD,DB
70011118,02305,06,3,20250902,104431,000004492003,1,2.29,2.29,0.00,0.14,S,,,USD,DB
70011118,02305,06,4,20250902,104431,000000094301,1.789,4.39,7.85,0.00,0.00,S,,,USD,DB
70011119,02305,04,1,20250902,201946,000004491001,1,2.49,2.49,0.00,0.16,S,,,USD,CC
70011119,02305,04,2,20250902,201946,000004482002,1,17.99,17.99,0.00,1.12,S,,,USD,CC
70011119,02305,04,3,20250902,201946,000000005101,1,7.99,7.99,0.00,0.00,S,,,USD,CC
70011120,02305,05,1,20250902,181558,000000040102,0.667,16.99,11.33,0.00,0.00,S,,,USD,DB
70011120,02305,05,2,20250902,181558,000000040102,1.088,16.99,18.49,0.00,0.00,S,,,USD,DB
70011121,02305,03,1,20250902,153017,000000552002,1,3.99,3.99,0.00,0.25,S,6037660144,,USD,DB
70011121,02305,03,2,20250902,153017,000000030103,1,8.99,8.99,0.00,0.00,S,6037660144,,USD,DB
70011122,03050,01,1,20250902,172750,000004492002,1,1.49,1.49,0.00,0.09,S,,,USD,GC
70011123,03050,02,1,20250902,141011,000000031101,1.873,24.99,46.81,0.00,0.00,S,6041659152,,USD,CC
70011123,03050,02,2,20250902,141011,000004492001,1,1.79,1.79,0.00,0.11,S,6041659152,,USD,CC
70011123,03050,02,3,20250902,141011,000000005201,2,3.99,7.98,0.00,0.00,S,6041659152,,USD,CC
70011123,03050,02,4,20250902,141011,000000005302,1,3.49,3.49,0.00,0.00,S,6041659152,,USD,CC
70011123,03050,02,5,20250902,141011,000004473002,1,2.79,2.79,0.00,0.17,S,6041659152,,USD,CC
70011124,03050,06,1,20250902,122153,000004481003,2,4.99,9.98,4.99,0.31,S,6096932591,BG25W31,USD,CC
70011124,03050,06,2,20250902,122153,000000094302,1.784,5.49,9.79,0.00,0.00,S,6096932591,,USD,CC
70011125,03050,04,1,20250902,111147,000000562002,1,8.49,8.49,0.00,0.53,S,6042786561,,USD,DB
70011125,03050,04,2,20250902,111147,000004491003,1,1.99,1.99,0.00,0.12,S,6042786561,,USD,DB
70011125,03050,04,3,20250902,111147,000000020102,1,3.49,3.49,0.00,0.00,S,6042786561,,USD,DB
70011125,03050,04,4,20250902,111147,000000030102,1,14.99,14.99,0.00,0.00,S,6042786561,,USD,DB
70011125,03050,04,5,20250902,111147,000000562002,1,8.49,8.49,0.00,0.53,S,6042786561,,USD,DB
70011125,03050,04,6,20250902,111147,000004471024,3,3.49,10.47,0.00,0.65,S,6042786561,,USD,DB
70011126,03050,05,1,20250902,140202,000000093503,1,4.29,4.29,0.00,0.00,S,,,USD,GC
70011126,03050,05,2,20250902,140202,000000030101,1,6.99,6.99,0.00,0.00,S,,,USD,GC
70011126,03050,05,3,20250902,140202,000004482002,1,17.99,17.99,0.00,1.12,S,,,USD,GC
70011126,03050,05,4,20250902,140202,000000005103,2,6.99,13.98,0.00,0.00,S,,,USD,GC
70011126,03050,05,5,20250902,140202,000004481002,1,7.99,7.99,0.00,0.50,S,,,USD,GC
70011126,03050,05,6,20250902,140202,000004481002,1,7.99,7.99,0.00,0.50,S,,,USD,GC
70011127,00317,02,1,20250902,171548,000000020203,3,8.79,26.37,0.00,0.00,S,,,CAD,DB
70011127,00317,02,2,20250902,171548,000000030101,1,9.49,9.49,0.00,0.00,S,,,CAD,DB
70011127,00317,02,3,20250902,171548,000000030202,1,15.59,15.59,0.00,0.00,S,,,CAD,DB
70011127,00317,02,4,20250902,171548,000004492003,2,3.09,6.18,3.09,0.19,S,,BG25W31,CAD,DB
70011127,00317,02,5,20250902,171548,000000030201,2,13.59,27.18,13.59,0.00,S,,BG25W31,CAD,DB
70011128,00317,02,1,20250902,111616,000000020102,1,4.69,4.69,0.00,0.00,S,6068893628,,CAD,CS
70011129,00317,02,1,20250902,215443,000000094301,1.321,5.99,7.91,0.00,0.00,S,,,CAD,CC
70011129,00317,02,2,20250902,215443,000000030201,2,13.59,27.18,13.59,0.00,S,,BG25W31,CAD,CC
70011130,00317,02,1,20250902,85444,000000562002,2,11.49,22.98,0.00,1.44,S,6026551104,,CAD,DB
70011130,00317,02,2,20250902,85444,000004492001,1,2.39,2.39,0.00,0.15,S,6026551104,,CAD,DB
70011130,00317,02,3,20250902,85444,000004471023,1,4.69,4.69,0.00,0.29,S,6026551104,,CAD,DB
70011131,00317,02,1,20250902,133139,000000030202,1,15.59,15.59,0.00,0.00,S,,,CAD,CS
70011131,00317,02,2,20250902,133139,000004492050,2,2.99,5.98,0.00,0.37,S,,,CAD,CS
70011132,00317,03,1,20250902,132627,000000094103,1,5.19,5.19,0.00,0.00,S,,,CAD,DB
70011132,00317,03,2,20250902,132627,000000562002,1,11.49,11.49,0.00,0.72,S,,,CAD,DB
70011133,00317,06,1,20250902,182313,000000040202,1,20.39,20.39,0.00,0.00,S,,,CAD,CS
70011133,00317,06,2,20250902,182313,000000093321,0.650,1.99,1.29,0.00,0.00,S,,,CAD,CS
70011133,00317,06,3,20250902,182313,000000562001,3,14.89,44.67,0.00,2.79,S,,,CAD,CS
70011133,00317,06,4,20250902,182313,000000040203,1,16.29,16.29,0.00,0.00,S,,,CAD,CS
70011134,00322,06,1,20250902,131820,000000030201,1,13.59,13.59,0.00,0.00,S,,,CAD,DB
70011134,00322,06,2,20250902,131820,000004481001,2,10.89,21.78,0.00,1.36,S,,,CAD,DB
70011134,00322,06,3,20250902,131820,000000005302,1,4.69,4.69,0.00,0.00,S,,,CAD,DB
70011134,00322,06,4,20250902,131820,000000020201,2,7.49,14.98,0.00,0.00,S,,,CAD,DB
70011135,00322,05,1,20250902,112545,000000093401,0.682,7.49,5.11,0.00,0.00,S,,,CAD,CC
70011135,00322,05,2,20250902,112545,000000093402,0.540,4.49,2.42,0.00,0.00,S,,,CAD,CC
70011135,00322,05,3,20250902,112545,000000093503,1,5.79,5.79,0.00,0.00,S,,,CAD,CC
70011136,00322,01,1,20250902,121723,000004481002,1,10.89,10.89,0.00,0.68,S,,,CAD,DB
70011136,00322,01,2,20250902,121723,000000005301,1,7.49,7.49,0.00,0.00,S,,,CAD,DB
70011137,00322,01,1,20250902,114948,000000562001,2,14.89,29.78,0.00,1.86,S,,,CAD,GC
70011137,00322,01,2,20250902,114948,000000093501,2,6.09,12.18,0.00,0.00,S,,,CAD,GC
70011138,01042,04,1,20250903,85050,000004491003,2,1.99,3.98,0.00,0.25,S,,,USD,DB
70011138,01042,04,2,20250903,85050,000004493001,1,5.49,5.49,0.00,0.34,S,,,USD,DB
70011139,01042,05,1,20250903,180859,000004473002,3,2.79,8.37,0.00,0.52,S,6055158886,,USD,GC
70011139,01042,05,2,20250903,180859,000000005103,1,6.99,6.99,0.00,0.00,S,6055158886,,USD,GC
70011139,01042,05,3,20250903,180859,000004492003,1,2.29,2.29,0.00,0.14,S,6055158886,,USD,GC
70011140,01042,03,1,20250903,130652,000000094201,0.397,1.69,0.67,0.00,0.00,S,,,USD,DB
70011140,01042,03,2,20250903,130652,000000561002,1,7.49,7.49,0.00,0.47,S,,,USD,DB
70011140,01042,03,3,20250903,130652,000000040201,1,8.99,8.99,0.00,0.00,S,,,USD,DB
70011141,01042,03,1,20250903,150404,000000031101,1.925,24.99,48.11,0.00,0.00,S,,,USD,GC
70011142,01042,04,1,20250903,193901,000000031101,1.521,24.99,38.01,0.00,0.00,S,,,USD,CC
70011142,01042,04,2,20250903,193901,000000552002,2,3.99,7.98,0.00,0.50,S,,,USD,CC
70011142,01042,04,3,20250903,193901,000004493002,2,3.99,7.98,3.99,0.25,S,,BG25W31,USD,CC
70011142,01042,04,4,20250903,193901,000000093502,1,3.99,3.99,0.00,0.00,S,,,USD,CC
70011143,01042,03,1,20250903,73300,000000093503,3,4.29,12.87,0.00,0.00,S,6049127113,,USD,DB
70011143,01042,03,2,20250903,73300,000004491003,2,1.99,3.98,0.00,0.25,S,6049127113,,USD,DB
70011143,01042,03,3,20250903,73300,000004472002,1,4.49,4.49,0.00,0.28,S,6049127113,,USD,DB
70011143,01042,03,4,20250903,73300,000004483001,1,4.99,4.99,0.00,0.31,S,6049127113,,USD,DB
70011144,01107,05,1,20250903,150047,000004473001,1,2.99,2.99,0.00,0.19,S,,,USD,DB
70011144,01107,05,2,20250903,150047,000004482001,1,13.99,13.99,0.00,0.87,S,,,USD,DB
70011145,01107,06,1,20250903,133234,000004481001,1,7.99,7.99,0.00,0.50,S,6058273902,,USD,CS
70011145,01107,06,2,20250903,133234,000004481003,2,4.99,9.98,4.99,0.31,S,6058273902,BG25W31,USD,CS
70011145,01107,06,3,20250903,133234,000004492001,1,1.79,1.79,0.00,0.11,S,6058273902,,USD,CS
70011145,01107,06,4,20250903,133234,000000040202,1,14.99,14.99,0.00,0.00,S,6058273902,,USD,CS
70011146,01107,04,1,20250903,205449,000000005102,1,5.49,5.49,0.00,0.00,S,,,USD,DB
70011147,01107,01,1,20250903,103059,000000040201,3,8.99,26.97,0.00,0.00,S,6049961659,,USD,CS
70011147,01107,01,2,20250903,103059,000004493002,2,3.99,7.98,3.99,0.25,S,6049961659,BG25W31,USD,CS
70011147,01107,01,3,20250903,103059,000004492002,1,1.49,1.49,0.00,0.09,S,6049961659,,USD,CS
70011148,01107,04,1,20250903,173230,000000005202,2,5.99,11.98,0.00,0.00,S,6041986652,,USD,CC
70011148,01107,04,2,20250903,173230,000004491001,1,2.49,2.49,0.00,0.16,S,6041986652,,USD,CC
70011148,01107,04,3,20250903,173230,000004473002,2,2.79,5.58,0.00,0.35,S,6041986652,,USD,CC
70011148,01107,04,4,20250903,173230,000004492002,1,1.49,1.49,0.00,0.09,S,6041986652,,USD,CC
70011149,02210,01,1,20250903,180311,000004471030,2,3.99,7.98,3.99,0.25,S,6092171747,BG25W31,USD,CC
70011149,02210,01,2,20250903,180311,000000094201,1.685,1.69,2.85,0.00,0.00,S,6092171747,,USD,CC
70011149,02210,01,3,20250903,180311,000000093402,0.882,3.29,2.90,0.00,0.00,S,6092171747,,USD,CC
70011150,02210,06,1,20250903,81634,000000094103,3,3.79,11.37,0.00,0.00,S,,,USD,DB
70011150,02210,06,2,20250903,81634,000004481003,2,4.99,9.98,4.99,0.31,S,,BG25W31,USD,DB
70011151,02210,06,1,20250903,103428,000000093322,1.689,1.99,3.36,0.00,0.00,S,6001168646,,USD,CC
70011151,02210,06,2,20250903,103428,000000094301,0.627,4.39,2.75,0.00,0.00,S,6001168646,,USD,CC
70011152,02210,02,1,20250903,143406,000000020202,1,5.99,5.99,0.00,0.00,S,6078515867,,USD,GC
70011153,02210,04,1,20250903,160535,000004481001,1,7.99,7.99,0.00,0.50,S,,,USD,CC
70011153,02210,04,2,20250903,160535,000004482002,1,17.99,17.99,0.00,1.12,S,,,USD,CC
70011153,02210,04,3,20250903,160535,000000561001,1,9.99,9.99,0.00,0.62,S,,,USD,CC
70011154,02210,01,1,20250903,100650,000000005102,1,5.49,5.49,0.00,0.00,S,6003926142,,USD,DB
70011154,02210,01,2,20250903,100650,000004481002,1,7.99,7.99,0.00,0.50,S,6003926142,,USD,DB
70011154,02210,01,3,20250903,100650,000000561001,1,9.99,9.99,0.00,0.62,S,6003926142,,USD,DB
70011155,02210,02,1,20250903,214148,000000005103,1,6.99,6.99,0.00,0.00,S,6090947985,,USD,CC
70011155,02210,02,2,20250903,214148,000000005012,1,3.99,3.99,0.00,0.00,S,6090947985,,USD,CC
70011155,02210,02,3,20250903,214148,000000040101,1.992,18.99,37.83,0.00,0.00,S,6090947985,,USD,CC
70011155,02210,02,4,20250903,214148,000004471023,1,3.49,3.49,0.00,0.22,S,6090947985,,USD,CC
70011155,02210,02,5,20250903,214148,000004481001,2,7.99,15.98,0.00,1.00,S,6090947985,,USD,CC
70011156,02211,03,1,20250903,150144,000000040202,1,14.99,14.99,0.00,0.00,S,,,USD,CC
70011156,02211,03,2,20250903,150144,000004482001,3,13.99,41.97,0.00,2.62,S,,,USD,CC
70011156,02211,03,3,20250903,150144,000000005302,1,3.49,3.49,0.00,0.00,S,,,USD,CC
70011156,02211,03,4,20250903,150144,000004472003,1,3.29,3.29,0.00,0.21,S,,,USD,CC
70011156,02211,03,5,20250903,150144,000000005201,2,3.99,7.98,0.00,0.00,S,,,USD,CC
70011156,02211,03,6,20250903,150144,000000005013,2,3.89,7.78,0.00,0.00,S,,,USD,CC
70011157,02211,04,1,20250903,85148,000000005102,1,5.49,5.49,0.00,0.00,S,6039080882,,USD,CS
70011157,02211,04,2,20250903,85148,000000552001,1,4.49,4.49,0.00,0.28,S,6039080882,,USD,CS
70011157,02211,04,3,20250903,85148,000000552001,1,4.49,4.49,0.00,0.28,S,6039080882,,USD,CS
70011158,02211,02,1,20250903,161342,000004491002,1,6.99,6.99,0.00,0.44,S,,,USD,CC
70011158,02211,02,2,20250903,161342,000004473002,1,2.79,2.79,0.00,0.17,S,,,USD,CC
70011158,02211,02,3,20250903,161342,000004472003,1,3.29,3.29,0.00,0.21,S,,,USD,CC
70011158,02211,02,4,20250903,161342,000004473002,1,2.79,2.79,0.00,0.17,S,,,USD,CC
70011159,02211,04,1,20250903,84125,000000093321,0.776,1.49,1.16,0.00,0.00,S,6096727578,,USD,GC
70011159,02211,04,2,20250903,84125,000000040202,1,14.99,14.99,0.00,0.00,S,6096727578,,USD,GC
70011159,02211,04,3,20250903,84125,000004493002,1,3.99,3.99,0.00,0.25,S,6096727578,,USD,GC
70011160,02305,03,1,20250903,180533,000004473002,1,2.79,2.79,0.00,0.17,S,6015848266,,USD,CC
70011160,02305,03,2,20250903,180533,000004482001,1,13.99,13.99,0.00,0.87,S,6015848266,,USD,CC
70011161,02305,05,1,20250903,165615,000000005013,1,3.89,3.89,0.00,0.00,S,6023116491,,USD,CS
70011161,02305,05,2,20250903,165615,000000552002,1,3.99,3.99,0.00,0.25,S,6023116491,,USD,CS
70011162,03050,02,1,20250903,141756,000004471040,1,2.49,2.49,0.00,0.16,S,6066742860,,USD,CC
70011162,03050,02,2,20250903,141756,000000005302,1,3.49,3.49,0.00,0.00,S,6066742860,,USD,CC
70011162,03050,02,3,20250903,141756,000004471040,2,2.49,4.98,0.00,0.31,S,6066742860,,USD,CC
70011162,03050,02,4,20250903,141756,000004491002,1,6.99,6.99,0.00,0.44,S,6066742860,,USD,CC
70011162,03050,02,5,20250903,141756,000000040101,2.130,18.99,40.45,0.00,0.00,S,6066742860,,USD,CC
70011162,03050,02,6,20250903,141756,000004482003,1,5.49,5.49,0.00,0.34,S,6066742860,,USD,CC
70011163,03050,06,1,20250903,100158,000000093503,3,4.29,12.87,0.00,0.00,S,,,USD,DB
70011163,03050,06,2,20250903,100158,000004492002,1,1.49,1.49,0.00,0.09,S,,,USD,DB
70011163,03050,06,3,20250903,100158,000004472001,1,3.99,3.99,0.00,0.25,S,,,USD,DB
70011163,03050,06,4,20250903,100158,000000094103,1,3.79,3.79,0.00,0.00,S,,,USD,DB
70011164,03050,02,1,20250903,165832,000000005202,1,5.99,5.99,0.00,0.00,S,6082661287,,USD,CC
70011164,03050,02,2,20250903,165832,000000094201,1.340,1.69,2.26,0.00,0.00,S,6082661287,,USD,CC
70011164,03050,02,3,20250903,165832,000000005201,1,3.99,3.99,0.00,0.00,S,6082661287,,USD,CC
70011164,03050,02,4,20250903,165832,000000094103,1,3.79,3.79,0.00,0.00,S,6082661287,,USD,CC
70011164,03050,02,5,20250903,165832,000000552002,1,3.99,3.99,0.00,0.25,S,6082661287,,USD,CC
70011164,03050,02,6,20250903,165832,000004492003,1,2.29,2.29,0.00,0.14,S,6082661287,,USD,CC
70011165,03050,04,1,20250903,211938,000004493002,2,3.99,7.98,3.99,0.25,S,6069155942,BG25W31,USD,DB
70011165,03050,04,2,20250903,211938,000000030202,1,11.49,11.49,0.00,0.00,S,6069155942,,USD,DB
70011166,03050,02,1,20250903,193927,000000561002,3,7.49,22.47,0.00,1.40,S,,,USD,DB
70011166,03050,02,2,20250903,193927,000000094302,0.364,5.49,2.00,0.00,0.00,S,,,USD,DB
70011167,03050,01,1,20250903,100549,000000005101,2,7.99,15.98,0.00,0.00,S,,,USD,DB
70011168,00317,02,1,20250903,201503,000000551020,1,18.99,18.99,0.00,1.19,S,,,CAD,CC
70011168,00317,02,2,20250903,201503,000000094102,1,4.69,4.69,0.00,0.00,S,,,CAD,CC
70011169,00317,06,1,20250903,201109,000000005301,2,7.49,14.98,0.00,0.00,S,6031170303,,CAD,CC
70011169,00317,06,2,20250903,201109,000000005101,1,10.89,10.89,0.00,0.00,S,6031170303,,CAD,CC
70011169,00317,06,3,20250903,201109,000000020202,1,8.09,8.09,0.00,0.00,S,6031170303,,CAD,CC
70011169,00317,06,4,20250903,201109,000004471040,2,3.39,6.78,0.00,0.42,S,6031170303,,CAD,CC
70011170,00317,02,1,20250903,81837,000000040203,1,16.29,16.29,0.00,0.00,S,,,CAD,CS
70011170,00317,02,2,20250903,81837,000000551021,1,16.29,16.29,0.00,1.02,S,,,CAD,CS
70011171,00317,04,1,20250903,181348,000004492050,1,2.99,2.99,0.00,0.19,S,,,CAD,CC
70011172,00317,05,1,20250903,210336,000000020102,1,4.69,4.69,0.00,0.00,S,6077680898,,CAD,DB
70011173,00317,05,1,20250903,143741,000004482003,1,7.49,7.49,0.00,0.47,S,6078847951,,CAD,DB
70011174,00317,02,1,20250903,90710,000000031101,1.068,33.99,36.30,0.00,0.00,S,,,CAD,GC
70011174,00317,02,2,20250903,90710,000004491003,1,2.69,2.69,0.00,0.17,S,,,CAD,GC
70011175,00317,04,1,20250903,201948,000000094203,1.296,1.99,2.58,0.00,0.00,S,,,CAD,CC
70011176,00317,03,1,20250903,184848,000004473003,2,4.69,9.38,0.00,0.59,S,6090793884,,CAD,GC
70011177,00317,04,1,20250903,92329,000004472003,1,4.49,4.49,0.00,0.28,S,6057759017,,CAD,CC
70011177,00317,04,2,20250903,92329,000000030103,2,12.19,24.38,0.00,0.00,S,6057759017,,CAD,CC
70011177,00317,04,3,20250903,92329,000004472001,1,5.39,5.39,0.00,0.34,S,6057759017,,CAD,CC
70011177,00317,04,4,20250903,92329,000000562001,1,14.89,14.89,0.00,0.93,S,6057759017,,CAD,CC
70011178,00322,02,1,20250903,85555,000000005102,1,7.49,7.49,0.00,0.00,S,6067726960,,CAD,DB
70011178,00322,02,2,20250903,85555,000000040201,1,12.19,12.19,0.00,0.00,S,6067726960,,CAD,DB
70011178,00322,02,3,20250903,85555,000004473002,2,3.79,7.58,0.00,0.47,S,6067726960,,CAD,DB
70011179,00322,01,1,20250903,175359,000000005202,1,8.09,8.09,0.00,0.00,S,6079334101,,CAD,CC
70011179,00322,01,2,20250903,175359,000000020202,1,8.09,8.09,0.00,0.00,S,6079334101,,CAD,CC
70011179,00322,01,3,20250903,175359,000000005013,1,5.29,5.29,0.00,0.00,S,6079334101,,CAD,CC
70011179,00322,01,4,20250903,175359,000004472002,2,6.09,12.18,0.00,0.76,S,6079334101,,CAD,CC
70011180,01042,05,1,20250904,112143,000000093501,2,4.49,8.98,0.00,0.00,S,6072143643,,USD,CC
70011180,01042,05,2,20250904,112143,000000551020,1,13.99,13.99,0.00,0.87,S,6072143643,,USD,CC
70011181,01042,06,1,20250904,133217,000004473002,2,2.79,5.58,0.00,0.35,S,6082097023,,USD,CS
70011181,01042,06,2,20250904,133217,000000030201,2,9.99,19.98,9.99,0.00,S,6082097023,BG25W31,USD,CS
70011181,01042,06,3,20250904,133217,000000030201,1,9.99,9.99,0.00,0.00,S,6082097023,,USD,CS
70011182,01042,05,1,20250904,124539,000004492002,1,1.49,1.49,0.00,0.09,S,,,USD,CS
70011182,01042,05,2,20250904,124539,000000005302,3,3.49,10.47,0.00,0.00,S,,,USD,CS
70011182,01042,05,3,20250904,124539,000000005012,1,3.99,3.99,0.00,0.00,S,,,USD,CS
70011182,01042,05,4,20250904,124539,000000020203,1,6.49,6.49,0.00,0.00,S,,,USD,CS
70011183,01042,06,1,20250904,115343,000000005103,2,6.99,13.98,0.00,0.00,S,,,USD,CC
70011184,01042,03,1,20250904,71520,000000551021,1,11.99,11.99,0.00,0.75,S,,,USD,DB
70011184,01042,03,2,20250904,71520,000000093503,1,4.29,4.29,0.00,0.00,S,,,USD,DB
70011184,01042,03,3,20250904,71520,000000005102,1,5.49,5.49,0.00,0.00,S,,,USD,DB
70011185,01042,02,1,20250904,191523,000000030203,1,8.49,8.49,0.00,0.00,S,6018272795,,USD,CC
70011186,01042,01,1,20250904,180606,000000093322,0.258,1.99,0.51,0.00,0.00,S,6013060906,,USD,CC
70011186,01042,01,2,20250904,180606,000000093325,0.747,3.99,2.98,0.00,0.00,S,6013060906,,USD,CC
70011186,01042,01,3,20250904,180606,000004473002,3,2.79,8.37,0.00,0.52,S,6013060906,,USD,CC
70011186,01042,01,4,20250904,180606,000004473002,3,2.79,8.37,0.00,0.52,V,6013060906,,USD,CC
70011187,01042,04,1,20250904,214945,000000005102,1,5.49,5.49,0.00,0.00,S,,,USD,DB
70011187,01042,04,2,20250904,214945,000004471030,2,3.99,7.98,3.99,0.25,S,,BG25W31,USD,DB
70011188,01107,04,1,20250904,182020,000000040202,1,14.99,14.99,0.00,0.00,S,6041022526,,USD,DB
70011188,01107,04,2,20250904,182020,000004481001,1,7.99,7.99,0.00,0.50,S,6041022526,,USD,DB
70011189,01107,02,1,20250904,130216,000000040102,0.743,16.99,12.62,0.00,0.00,S,,,USD,CC
70011189,01107,02,2,20250904,130216,000000561002,1,7.49,7.49,0.00,0.47,S,,,USD,CC
70011190,01107,01,1,20250904,124858,000000020203,2,6.49,12.98,0.00,0.00,S,,,USD,DB
70011190,01107,01,2,20250904,124858,000000020202,2,5.99,11.98,0.00,0.00,S,,,USD,DB
70011190,01107,01,3,20250904,124858,000000005103,1,6.99,6.99,0.00,0.00,S,,,USD,DB
70011190,01107,01,4,20250904,124858,000000020102,1,3.49,3.49,0.00,0.00,S,,,USD,DB
70011191,01107,05,1,20250904,92705,000000094103,2,3.79,7.58,0.00,0.00,S,6000848408,,USD,CS
70011191,01107,05,2,20250904,92705,000004472002,1,4.49,4.49,0.00,0.28,S,6000848408,,USD,CS
70011191,01107,05,3,20250904,92705,000000094302,0.251,5.49,1.38,0.00,0.00,S,6000848408,,USD,CS
70011192,02210,04,1,20250904,190417,000000005101,1,7.99,7.99,0.00,0.00,S,6036371892,,USD,CS
70011192,02210,04,2,20250904,190417,000000093402,0.662,3.29,2.18,0.00,0.00,S,6036371892,,USD,CS
70011192,02210,04,3,20250904,190417,000000020103,1,4.99,4.99,0.00,0.00,S,6036371892,,USD,CS
70011192,02210,04,4,20250904,190417,000000005102,2,5.49,10.98,0.00,0.00,S,6036371892,,USD,CS
70011193,02210,04,1,20250904,93850,000000020102,1,3.49,3.49,0.00,0.00,S,,,USD,DB
70011193,02210,04,2,20250904,93850,000004471040,1,2.49,2.49,0.00,0.16,S,,,USD,DB
70011193,02210,04,3,20250904,93850,000004471024,1,3.49,3.49,0.00,0.22,S,,,USD,DB
70011194,02210,05,1,20250904,75714,000000561002,1,7.49,7.49,0.00,0.47,S,6052866929,,USD,GC
70011194,02210,05,2,20250904,75714,000004483002,1,3.49,3.49,0.00,0.22,S,6052866929,,USD,GC
70011194,02210,05,3,20250904,75714,000004471040,1,2.49,2.49,0.00,0.16,S,6052866929,,USD,GC
70011195,02210,06,1,20250904,115035,000000040101,1.239,18.99,23.53,0.00,0.00,S,6033970519,,USD,CC
70011195,02210,06,2,20250904,115035,000004481003,2,4.99,9.98,4.99,0.31,S,6033970519,BG25W31,USD,CC
70011195,02210,06,3,20250904,115035,000000094101,2,3.99,7.98,0.00,0.00,S,6033970519,,USD,CC
70011195,02210,06,4,20250904,115035,000004491001,1,2.49,2.49,0.00,0.16,S,6033970519,,USD,CC
70011195,02210,06,5,20250904,115035,000000040203,1,11.99,11.99,0.00,0.00,S,6033970519,,USD,CC
70011195,02210,06,6,20250904,115035,000000551021,1,11.99,11.99,0.00,0.75,S,6033970519,,USD,CC
70011196,02210,03,1,20250904,185242,000000005101,1,7.99,7.99,0.00,0.00,S,,,USD,DB
70011196,02210,03,2,20250904,185242,000000005102,1,5.49,5.49,0.00,0.00,S,,,USD,DB
70011196,02210,03,3,20250904,185242,000000040203,1,11.99,11.99,0.00,0.00,S,,,USD,DB
70011196,02210,03,4,20250904,185242,000000005302,1,3.49,3.49,0.00,0.00,S,,,USD,DB
70011196,02210,03,5,20250904,185242,000000005102,2,5.49,10.98,0.00,0.00,S,,,USD,DB
70011197,02210,06,1,20250904,204057,000000094302,1.852,5.49,10.17,0.00,0.00,S,6025859177,,USD,GC
70011197,02210,06,2,20250904,204057,000004483001,1,4.99,4.99,0.00,0.31,S,6025859177,,USD,GC
70011198,02210,05,1,20250904,143820,000000040101,1.497,18.99,28.43,0.00,0.00,S,,,USD,CC
70011198,02210,05,2,20250904,143820,000000093503,2,4.29,8.58,0.00,0.00,S,,,USD,CC
70011199,02210,02,1,20250904,104742,000004481002,1,7.99,7.99,0.00,0.50,S,6050618538,,USD,DB
70011199,02210,02,2,20250904,104742,000004491003,1,1.99,1.99,0.00,0.12,S,6050618538,,USD,DB
70011199,02210,02,3,20250904,104742,000000030202,2,11.49,22.98,0.00,0.00,S,6050618538,,USD,DB
70011199,02210,02,4,20250904,104742,000000093502,1,3.99,3.99,0.00,0.00,S,6050618538,,USD,DB
70011200,02210,06,1,20250904,113206,000000552002,1,3.99,3.99,0.00,0.25,S,6086693465,,USD,CC
70011200,02210,06,2,20250904,113206,000004492001,2,1.79,3.58,0.00,0.22,S,6086693465,,USD,CC
70011200,02210,06,3,20250904,113206,000004482003,1,5.49,5.49,0.00,0.34,S,6086693465,,USD,CC
70011200,02210,06,4,20250904,113206,000000031102,1.225,19.99,24.49,0.00,0.00,S,6086693465,,USD,CC
70011201,02211,06,1,20250904,142428,000000040101,1.529,18.99,29.04,0.00,0.00,S,,,USD,DB
70011201,02211,06,2,20250904,142428,000004483001,2,4.99,9.98,0.00,0.62,S,,,USD,DB
70011202,02211,03,1,20250904,132936,000000040203,1,11.99,11.99,0.00,0.00,S,6031909248,,USD,DB
70011202,02211,03,2,20250904,132936,000004482002,2,17.99,35.98,0.00,2.25,S,6031909248,,USD,DB
70011202,02211,03,3,20250904,132936,000004492001,1,1.79,1.79,0.00,0.11,S,6031909248,,USD,DB
70011203,02211,06,1,20250904,91947,000000020201,2,5.49,10.98,0.00,0.00,S,,,USD,DB
70011203,02211,06,2,20250904,91947,000004471023,1,3.49,3.49,0.00,0.22,S,,,USD,DB
70011204,02211,04,1,20250904,185240,000004473002,1,2.79,2.79,0.00,0.17,S,,,USD,CC
70011204,02211,04,2,20250904,185240,000000040102,0.292,16.99,4.96,0.00,0.00,S,,,USD,CC
70011205,02211,05,1,20250904,203417,000004481003,2,4.99,9.98,4.99,0.31,S,6075902517,BG25W31,USD,CS
70011205,02211,05,2,20250904,203417,000004482003,1,5.49,5.49,0.00,0.34,S,6075902517,,USD,CS
70011205,02211,05,3,20250904,203417,000000552001,1,4.49,4.49,0.00,0.28,S,6075902517,,USD,CS
70011206,02211,02,1,20250904,212628,000004471023,1,3.49,3.49,0.00,0.22,S,,,USD,DB
70011206,02211,02,2,20250904,212628,000000005101,1,7.99,7.99,0.00,0.00,S,,,USD,DB
70011206,02211,02,3,20250904,212628,000004493002,2,3.99,7.98,3.99,0.25,S,,BG25W31,USD,DB
70011207,02305,03,1,20250904,145203,000000094301,1.308,4.39,5.74,0.00,0.00,S,,,USD,CS
70011207,02305,03,2,20250904,145203,000000005020,2,4.49,8.98,0.00,0.00,S,,,USD,CS
70011207,02305,03,3,20250904,145203,000000040203,2,11.99,23.98,0.00,0.00,S,,,USD,CS
70011208,02305,01,1,20250904,211940,000000005301,1,5.49,5.49,0.00,0.00,S,,,USD,CC
70011208,02305,01,2,20250904,211940,000000093402,0.965,3.29,3.17,0.00,0.00,S,,,USD,CC
70011208,02305,01,3,20250904,211940,000004481003,2,4.99,9.98,4.99,0.31,S,,BG25W31,USD,CC
70011208,02305,01,4,20250904,211940,000000030201,2,9.99,19.98,9.99,0.00,S,,BG25W31,USD,CC
70011209,02305,06,1,20250904,150600,000000552001,1,4.49,4.49,0.00,0.28,S,,,USD,DB
70011209,02305,06,2,20250904,150600,000000005102,1,5.49,5.49,0.00,0.00,S,,,USD,DB
70011209,02305,06,3,20250904,150600,000000040202,2,14.99,29.98,0.00,0.00,S,,,USD,DB
70011209,02305,06,4,20250904,150600,000000020102,1,3.49,3.49,0.00,0.00,S,,,USD,DB
70011210,02305,03,1,20250904,163454,000000005201,2,3.99,7.98,0.00,0.00,S,6050184819,,USD,CC
70011211,02305,03,1,20250904,83814,000000552001,1,4.49,4.49,0.00,0.28,S,6042175188,,USD,DB
70011211,02305,03,2,20250904,83814,000000005101,1,7.99,7.99,0.00,0.00,S,6042175188,,USD,DB
70011212,02305,03,1,20250904,130514,000000005101,1,7.99,7.99,0.00,0.00,S,6056341085,,USD,DB
70011213,02305,05,1,20250904,174232,000004482003,1,5.49,5.49,0.00,0.34,S,,,USD,CC
70011213,02305,05,2,20250904,174232,000004483002,1,3.49,3.49,0.00,0.22,S,,,USD,CC
70011213,02305,05,3,20250904,174232,000000031101,1.548,24.99,38.68,0.00,0.00,S,,,USD,CC
70011213,02305,05,4,20250904,174232,000004471030,2,3.99,7.98,3.99,0.25,S,,BG25W31,USD,CC
70011213,02305,05,5,20250904,174232,000000005102,1,5.49,5.49,0.00,0.00,S,,,USD,CC
70011214,02305,06,1,20250904,213658,000000561001,1,9.99,9.99,0.00,0.62,S,6014837537,,USD,CS
70011214,02305,06,2,20250904,213658,000000552001,1,4.49,4.49,0.00,0.28,S,6014837537,,USD,CS
70011215,02305,05,1,20250904,171145,000000551021,3,11.99,35.97,0.00,2.25,S,,,USD,DB
70011215,02305,05,2,20250904,171145,000004482001,1,13.99,13.99,0.00,0.87,S,,,USD,DB
70011215,02305,05,3,20250904,171145,000000005201,2,3.99,7.98,0.00,0.00,S,,,USD,DB
70011216,02305,04,1,20250904,94031,000000030202,1,11.49,11.49,0.00,0.00,S,,,USD,CC
70011216,02305,04,2,20250904,94031,000000005102,1,5.49,5.49,0.00,0.00,S,,,USD,CC
70011216,02305,04,3,20250904,94031,000004491003,1,1.99,1.99,0.00,0.12,S,,,USD,CC
70011217,02305,01,1,20250904,122456,000004492002,1,1.49,1.49,0.00,0.09,S,,,USD,CC
70011217,02305,01,2,20250904,122456,000004492003,2,2.29,4.58,2.29,0.14,S,,BG25W31,USD,CC
70011217,02305,01,3,20250904,122456,000000561001,1,9.99,9.99,0.00,0.62,S,,,USD,CC
70011217,02305,01,4,20250904,122456,000004471024,1,3.49,3.49,0.00,0.22,S,,,USD,CC
70011217,02305,01,5,20250904,122456,000000005201,1,3.99,3.99,0.00,0.00,S,,,USD,CC
70011218,02305,01,1,20250904,141755,000004481001,1,7.99,7.99,0.00,0.50,S,,,USD,DB
70011219,03050,05,1,20250904,153759,000000093410,0.855,3.99,3.41,0.00,0.00,S,,,USD,DB
70011219,03050,05,2,20250904,153759,000004481001,2,7.99,15.98,0.00,1.00,S,,,USD,DB
70011219,03050,05,3,20250904,153759,000000094202,0.768,1.99,1.53,0.00,0.00,S,,,USD,DB
70011220,03050,02,1,20250904,204428,000004473003,1,3.49,3.49,0.00,0.22,S,6000518449,,USD,CC
70011220,03050,02,2,20250904,204428,000000562001,1,10.99,10.99,0.00,0.69,S,6000518449,,USD,CC
70011220,03050,02,3,20250904,204428,000000020102,3,3.49,10.47,0.00,0.00,S,6000518449,,USD,CC
70011220,03050,02,4,20250904,204428,000004493001,1,5.49,5.49,0.00,0.34,S,6000518449,,USD,CC
70011220,03050,02,5,20250904,204428,000000093321,1.653,1.49,2.46,0.00,0.00,S,6000518449,,USD,CC
70011220,03050,02,6,20250904,204428,000000005302,1,3.49,3.49,0.00,0.00,S,6000518449,,USD,CC
70011221,03050,06,1,20250904,152621,000000093402,1.734,3.29,5.70,0.00,0.00,S,6024406306,,USD,DB
70011221,03050,06,2,20250904,152621,000004492003,1,2.29,2.29,0.00,0.14,S,6024406306,,USD,DB
70011221,03050,06,3,20250904,152621,000000020202,1,5.99,5.99,0.00,0.00,S,6024406306,,USD,DB
70011222,03050,01,1,20250904,151921,000000093401,0.882,5.49,4.84,0.00,0.00,S,6098386384,,USD,GC
70011223,03050,01,1,20250904,132506,000000005012,1,3.99,3.99,0.00,0.00,S,,,USD,CS
70011223,03050,01,2,20250904,132506,000000094103,1,3.79,3.79,0.00,0.00,S,,,USD,CS
70011223,03050,01,3,20250904,132506,000000005202,1,5.99,5.99,0.00,0.00,S,,,USD,CS
70011223,03050,01,4,20250904,132506,000004471024,1,3.49,3.49,0.00,0.22,S,,,USD,CS
70011223,03050,01,5,20250904,132506,000000551021,3,11.99,35.97,0.00,2.25,S,,,USD,CS
70011223,03050,01,6,20250904,132506,000004491002,1,6.99,6.99,0.00,0.44,S,,,USD,CS
70011224,03050,03,1,20250904,170742,000000094103,1,3.79,3.79,0.00,0.00,S,,,USD,CS
70011224,03050,03,2,20250904,170742,000000020102,1,3.49,3.49,0.00,0.00,S,,,USD,CS
70011224,03050,03,3,20250904,170742,000000005102,1,5.49,5.49,0.00,0.00,S,,,USD,CS
70011224,03050,03,4,20250904,170742,000000561001,1,9.99,9.99,0.00,0.62,S,,,USD,CS
70011224,03050,03,5,20250904,170742,000004471024,1,3.49,3.49,0.00,0.22,S,,,USD,CS
70011224,03050,03,6,20250904,170742,000000031102,0.312,19.99,6.24,0.00,0.00,S,,,USD,CS
70011225,00317,04,1,20250904,113052,000000040201,1,12.19,12.19,0.00,0.00,S,,,CAD,DB
70011225,00317,04,2,20250904,113052,000004491001,1,3.39,3.39,0.00,0.21,S,,,CAD,DB
70011226,00317,04,1,20250904,132021,000004472003,1,4.49,4.49,0.00,0.28,S,6023478519,,CAD,CC
70011226,00317,04,2,20250904,132021,000000005013,1,5.29,5.29,0.00,0.00,S,6023478519,,CAD,CC
70011226,00317,04,3,20250904,132021,000000561002,1,10.19,10.19,0.00,0.64,S,6023478519,,CAD,CC
70011226,00317,04,4,20250904,132021,000004493002,1,5.39,5.39,0.00,0.34,S,6023478519,,CAD,CC
70011227,00317,05,1,20250904,210633,000000005012,2,5.39,10.78,0.00,0.00,S,6048170580,,CAD,DB
70011227,00317,05,2,20250904,210633,000000030102,1,20.39,20.39,0.00,0.00,S,6048170580,,CAD,DB
70011227,00317,05,3,20250904,210633,000000552001,1,6.09,6.09,0.00,0.38,S,6048170580,,CAD,DB
70011227,00317,05,4,20250904,210633,000000030201,2,13.59,27.18,13.59,0.00,S,6048170580,BG25W31,CAD,DB
70011228,00317,06,1,20250904,190822,000000005020,2,6.09,12.18,0.00,0.00,S,6007779462,,CAD,GC
70011229,00317,05,1,20250904,103355,000004471024,1,4.69,4.69,0.00,0.29,S,6094398529,,CAD,CS
70011229,00317,05,2,20250904,103355,000000561002,2,10.19,20.38,0.00,1.27,S,6094398529,,CAD,CS
70011229,00317,05,3,20250904,103355,000000094202,0.443,2.69,1.19,0.00,0.00,S,6094398529,,CAD,CS
70011230,00317,02,1,20250904,130255,000000030102,2,20.39,40.78,0.00,0.00,S,,,CAD,DB
70011230,00317,02,2,20250904,130255,000000030103,1,12.19,12.19,0.00,0.00,S,,,CAD,DB
70011230,00317,02,3,20250904,130255,000000562001,2,14.89,29.78,0.00,1.86,S,,,CAD,DB
70011230,00317,02,4,20250904,130255,000004472001,1,5.39,5.39,0.00,0.34,S,,,CAD,DB
70011231,00317,05,1,20250904,90408,000000005012,1,5.39,5.39,0.00,0.00,S,6044925192,,CAD,CC
70011231,00317,05,2,20250904,90408,000000005013,1,5.29,5.29,0.00,0.00,S,6044925192,,CAD,CC
70011231,00317,05,3,20250904,90408,000000005201,1,5.39,5.39,0.00,0.00,S,6044925192,,CAD,CC
70011231,00317,05,4,20250904,90408,000004482003,1,7.49,7.49,0.00,0.47,S,6044925192,,CAD,CC
70011232,00317,02,1,20250904,100436,000004491003,1,2.69,2.69,0.00,0.17,S,,,CAD,CS
70011232,00317,02,2,20250904,100436,000000020103,1,6.79,6.79,0.00,0.00,S,,,CAD,CS
70011233,00317,04,1,20250904,150556,000000005013,2,5.29,10.58,0.00,0.00,S,6000307562,,CAD,CS
70011233,00317,04,2,20250904,150556,000004491001,1,3.39,3.39,0.00,0.21,S,6000307562,,CAD,CS
70011233,00317,04,3,20250904,150556,000000094302,1.656,7.49,12.40,0.00,0.00,S,6000307562,,CAD,CS
70011233,00317,04,4,20250904,150556,000000094203,1.851,1.99,3.68,0.00,0.00,S,6000307562,,CAD,CS
70011234,00317,06,1,20250904,122410,000000551020,1,18.99,18.99,0.00,1.19,S,,,CAD,DB
70011234,00317,06,2,20250904,122410,000004472003,3,4.49,13.47,0.00,0.84,S,,,CAD,DB
70011234,00317,06,3,20250904,122410,000004472003,1,4.49,4.49,0.00,0.28,S,,,CAD,DB
70011234,00317,06,4,20250904,122410,000000005012,1,5.39,5.39,0.00,0.00,S,,,CAD,DB
70011234,00317,06,5,20250904,122410,000004472003,1,4.49,4.49,0.00,0.28,S,,,CAD,DB
70011234,00317,06,6,20250904,122410,000000551020,1,18.99,18.99,0.00,1.19,S,,,CAD,DB
70011235,00317,04,1,20250904,84610,000000030201,2,13.59,27.18,13.59,0.00,S,,BG25W31,CAD,CC
70011235,00317,04,2,20250904,84610,000000552002,1,5.39,5.39,0.00,0.34,S,,,CAD,CC
70011236,00322,05,1,20250904,120602,000000551021,1,16.29,16.29,0.00,1.02,S,6011952436,,CAD,GC
70011236,00322,05,2,20250904,120602,000000020202,1,8.09,8.09,0.00,0.00,S,6011952436,,CAD,GC
70011237,00322,05,1,20250904,203948,000000561001,1,13.59,13.59,0.00,0.85,S,6020585277,,CAD,CC
70011237,00322,05,2,20250904,203948,000004493002,2,5.39,10.78,5.39,0.34,S,6020585277,BG25W31,CAD,CC
70011238,00322,06,1,20250904,100248,000004472002,1,6.09,6.09,0.00,0.38,S,,,CAD,CC
70011238,00322,06,2,20250904,100248,000000005013,2,5.29,10.58,0.00,0.00,S,,,CAD,CC
70011238,00322,06,3,20250904,100248,000004492050,1,2.99,2.99,0.00,0.19,S,,,CAD,CC
70011238,00322,06,4,20250904,100248,000000005302,1,4.69,4.69,0.00,0.00,S,,,CAD,CC
70011239,01042,03,1,20250905,141530,000000005013,1,3.89,3.89,0.00,0.00,S,6041448850,,USD,CS
70011239,01042,03,2,20250905,141530,000000030201,2,9.99,19.98,9.99,0.00,S,6041448850,BG25W31,USD,CS
70011239,01042,03,3,20250905,141530,000000005301,2,5.49,10.98,0.00,0.00,S,6041448850,,USD,CS
70011240,01042,01,1,20250905,80844,000000094102,1,3.49,3.49,0.00,0.00,S,,,USD,DB
70011240,01042,01,2,20250905,80844,000004481003,2,4.99,9.98,4.99,0.31,S,,BG25W31,USD,DB
70011240,01042,01,3,20250905,80844,000000040201,1,8.99,8.99,0.00,0.00,S,,,USD,DB
70011241,01042,06,1,20250905,153816,000000030101,1,6.99,6.99,0.00,0.00,S,6015454443,,USD,CC
70011241,01042,06,2,20250905,153816,000004473002,1,2.79,2.79,0.00,0.17,S,6015454443,,USD,CC
70011242,01042,02,1,20250905,154652,000000093322,0.739,1.99,1.47,0.00,0.00,S,6032033192,,USD,GC
70011243,01042,06,1,20250905,103844,000004471023,1,3.49,3.49,0.00,0.22,S,,,USD,GC
70011244,01042,04,1,20250905,200310,000004473001,2,2.99,5.98,0.00,0.37,S,,,USD,GC
70011244,01042,04,2,20250905,200310,000000005301,1,5.49,5.49,0.00,0.00,S,,,USD,GC
70011245,01042,02,1,20250905,84459,000004472002,1,4.49,4.49,0.00,0.28,S,6005487396,,USD,DB
70011245,01042,02,2,20250905,84459,000004481001,1,7.99,7.99,0.00,0.50,S,6005487396,,USD,DB
70011245,01042,02,3,20250905,84459,000000030201,2,9.99,19.98,9.99,0.00,S,6005487396,BG25W31,USD,DB
70011245,01042,02,4,20250905,84459,000004473003,1,3.49,3.49,0.00,0.22,S,6005487396,,USD,DB
70011245,01042,02,5,20250905,84459,000004491001,1,2.49,2.49,0.00,0.16,S,6005487396,,USD,DB
70011245,01042,02,6,20250905,84459,000000093325,1.279,3.99,5.10,0.00,0.00,S,6005487396,,USD,DB
70011246,01042,02,1,20250905,122706,000000020102,1,3.49,3.49,0.00,0.00,S,,,USD,DB
70011247,01042,03,1,20250905,182216,000000562001,1,10.99,10.99,0.00,0.69,S,,,USD,CS
70011248,01042,06,1,20250905,143647,000004493001,1,5.49,5.49,0.00,0.34,S,6005673030,,USD,CS
70011248,01042,06,2,20250905,143647,000000094302,1.229,5.49,6.75,0.00,0.00,S,6005673030,,USD,CS
70011248,01042,06,3,20250905,143647,000000020203,1,6.49,6.49,0.00,0.00,S,6005673030,,USD,CS
70011248,01042,06,4,20250905,143647,000004471023,1,3.49,3.49,0.00,0.22,S,6005673030,,USD,CS
70011249,01042,01,1,20250905,113128,000004493002,2,3.99,7.98,3.99,0.25,S,,BG25W31,USD,CS
70011249,01042,01,2,20250905,113128,000004471024,1,3.49,3.49,0.00,0.22,S,,,USD,CS
70011249,01042,01,3,20250905,113128,000004481003,2,4.99,9.98,4.99,0.31,S,,BG25W31,USD,CS
70011250,01107,02,1,20250905,153424,000000094101,1,3.99,3.99,0.00,0.00,S,,,USD,CC
70011250,01107,02,2,20250905,153424,000000020101,1,2.49,2.49,0.00,0.00,S,,,USD,CC
70011250,01107,02,3,20250905,153424,000000005301,1,5.49,5.49,0.00,0.00,S,,,USD,CC
70011250,01107,02,4,20250905,153424,000000040101,0.771,18.99,14.64,0.00,0.00,S,,,USD,CC
70011251,01107,04,1,20250905,215603,000000005020,3,4.49,13.47,0.00,0.00,S,,,USD,DB
70011251,01107,04,2,20250905,215603,000004471030,3,3.99,11.97,3.99,0.50,S,,BG25W31,USD,DB
70011251,01107,04,3,20250905,215603,000000040102,1.014,16.99,17.23,0.00,0.00,S,,,USD,DB
70011251,01107,04,4,20250905,215603,000004492003,1,2.29,2.29,0.00,0.14,S,,,USD,DB
70011251,01107,04,5,20250905,215603,000004481003,2,4.99,9.98,4.99,0.31,S,,BG25W31,USD,DB
70011251,01107,04,6,20250905,215603,000004483001,1,4.99,4.99,0.00,0.31,S,,,USD,DB
70011252,01107,01,1,20250905,145418,000004482001,3,13.99,41.97,0.00,2.62,S,,,USD,DB
70011252,01107,01,2,20250905,145418,000000040202,1,14.99,14.99,0.00,0.00,S,,,USD,DB
70011252,01107,01,3,20250905,145418,000004493002,1,3.99,3.99,0.00,0.25,S,,,USD,DB
70011253,01107,03,1,20250905,192421,000000020103,1,4.99,4.99,0.00,0.00,S,,,USD,CC
70011253,01107,03,2,20250905,192421,000000005201,2,3.99,7.98,0.00,0.00,S,,,USD,CC
70011253,01107,03,3,20250905,192421,000000005103,3,6.99,20.97,0.00,0.00,S,,,USD,CC
70011254,02210,03,1,20250905,75502,000000094101,2,3.99,7.98,0.00,0.00,S,,,USD,DB
70011255,02210,04,1,20250905,161413,000004491002,1,6.99,6.99,0.00,0.44,S,6072007843,,USD,CC
70011255,02210,04,2,20250905,161413,000000005102,2,5.49,10.98,0.00,0.00,S,6072007843,,USD,CC
70011255,02210,04,3,20250905,161413,000000030101,1,6.99,6.99,0.00,0.00,S,6072007843,,USD,CC
70011255,02210,04,4,20250905,161413,000000030201,2,9.99,19.98,9.99,0.00,S,6072007843,BG25W31,USD,CC
70011255,02210,04,5,20250905,161413,000000005012,1,3.99,3.99,0.00,0.00,S,6072007843,,USD,CC
70011255,02210,04,6,20250905,161413,000000561002,2,7.49,14.98,0.00,0.94,S,6072007843,,USD,CC
70011256,02210,01,1,20250905,215411,000000552002,2,3.99,7.98,0.00,0.50,S,,,USD,CC
70011256,02210,01,2,20250905,215411,000000093325,1.260,3.99,5.03,0.00,0.00,S,,,USD,CC
70011256,02210,01,3,20250905,215411,000004473002,1,2.79,2.79,0.00,0.17,S,,,USD,CC
70011256,02210,01,4,20250905,215411,000004491003,1,1.99,1.99,0.00,0.12,S,,,USD,CC
70011257,02210,01,1,20250905,164057,000000093402,0.514,3.29,1.69,0.00,0.00,S,,,USD,CC
70011257,02210,01,2,20250905,164057,000000005020,1,4.49,4.49,0.00,0.00,S,,,USD,CC
70011258,02210,05,1,20250905,211610,000004482001,1,13.99,13.99,0.00,0.87,S,6092171747,,USD,CS
70011259,02210,02,1,20250905,105422,000000040102,1.868,16.99,31.74,0.00,0.00,S,,,USD,DB
70011259,02210,02,2,20250905,105422,000000561001,1,9.99,9.99,0.00,0.62,S,,,USD,DB
70011259,02210,02,3,20250905,105422,000000005201,3,3.99,11.97,0.00,0.00,S,,,USD,DB
70011260,02210,02,1,20250905,80501,000004493002,2,3.99,7.98,3.99,0.25,S,,BG25W31,USD,CS
70011260,02210,02,2,20250905,80501,000004493002,2,3.99,7.98,3.99,0.25,S,,BG25W31,USD,CS
70011261,02210,01,1,20250905,214624,000000005020,1,4.49,4.49,0.00,0.00,S,,,USD,CC
70011261,02210,01,2,20250905,214624,000000093325,0.383,3.99,1.53,0.00,0.00,S,,,USD,CC
70011261,02210,01,3,20250905,214624,000004483002,1,3.49,3.49,0.00,0.22,S,,,USD,CC
70011261,02210,01,4,20250905,214624,000000093501,3,4.49,13.47,0.00,0.00,S,,,USD,CC
70011261,02210,01,5,20250905,214624,000004492003,1,2.29,2.29,0.00,0.14,S,,,USD,CC
70011262,02210,05,1,20250905,83218,000000005302,1,3.49,3.49,0.00,0.00,S,,,USD,DB
70011262,02210,05,2,20250905,83218,000000093402,1.416,3.29,4.66,0.00,0.00,S,,,USD,DB
70011263,02210,01,1,20250905,173854,000000094301,0.693,4.39,3.04,0.00,0.00,S,,,USD,CC
70011263,02210,01,2,20250905,173854,000000562002,2,8.49,16.98,0.00,1.06,S,,,USD,CC
70011263,02210,01,3,20250905,173854,000000040201,1,8.99,8.99,0.00,0.00,S,,,USD,CC
70011263,02210,01,4,20250905,173854,000004492001,1,1.79,1.79,0.00,0.11,S,,,USD,CC
70011263,02210,01,5,20250905,173854,000004472002,1,4.49,4.49,0.00,0.28,S,,,USD,CC
70011264,02211,05,1,20250905,95922,000000040202,1,14.99,14.99,0.00,0.00,S,6067345957,,USD,CC
70011265,02211,03,1,20250905,101819,000000020203,1,6.49,6.49,0.00,0.00,S,,,USD,CS
70011265,02211,03,2,20250905,101819,000000040101,0.862,18.99,16.37,0.00,0.00,S,,,USD,CS
70011265,02211,03,3,20250905,101819,000004492003,2,2.29,4.58,2.29,0.14,S,,BG25W31,USD,CS
70011266,02211,06,1,20250905,105322,000004473001,1,2.99,2.99,0.00,0.19,S,,,USD,CC
70011266,02211,06,2,20250905,105322,000000040201,1,8.99,8.99,0.00,0.00,S,,,USD,CC
70011267,02211,04,1,20250905,114218,000000094101,1,3.99,3.99,0.00,0.00,S,,,USD,DB
70011267,02211,04,2,20250905,114218,000000040202,1,14.99,14.99,0.00,0.00,S,,,USD,DB
70011267,02211,04,3,20250905,114218,000004472003,1,3.29,3.29,0.00,0.21,S,,,USD,DB
70011267,02211,04,4,20250905,114218,000000005102,1,5.49,5.49,0.00,0.00,S,,,USD,DB
70011267,02211,04,5,20250905,114218,000000040201,1,8.99,8.99,0.00,0.00,S,,,USD,DB
70011267,02211,04,6,20250905,114218,000004482003,1,5.49,5.49,0.00,0.34,S,,,USD,DB
70011268,02211,04,1,20250905,164951,000004481002,1,7.99,7.99,0.00,0.50,S,,,USD,CS
70011268,02211,04,2,20250905,164951,000000005201,1,3.99,3.99,0.00,0.00,S,,,USD,CS
70011268,02211,04,3,20250905,164951,000004492002,1,1.49,1.49,0.00,0.09,S,,,USD,CS
70011268,02211,04,4,20250905,164951,000004473003,1,3.49,3.49,0.00,0.22,S,,,USD,CS
70011268,02211,04,5,20250905,164951,000004491001,2,2.49,4.98,0.00,0.31,S,,,USD,CS
70011269,02211,04,1,20250905,122456,000000040202,3,14.99,44.97,0.00,0.00,S,,,USD,GC
70011269,02211,04,2,20250905,122456,000004473001,1,2.99,2.99,0.00,0.19,S,,,USD,GC
70011269,02211,04,3,20250905,122456,000004491002,2,6.99,13.98,0.00,0.87,S,,,USD,GC
70011269,02211,04,4,20250905,122456,000004481003,1,4.99,4.99,0.00,0.31,S,,,USD,GC
70011270,02211,03,1,20250905,173857,000004493002,2,3.99,7.98,3.99,0.25,S,6021962633,BG25W31,USD,GC
70011270,02211,03,2,20250905,173857,000004491002,1,6.99,6.99,0.00,0.44,S,6021962633,,USD,GC
70011270,02211,03,3,20250905,173857,000004481001,1,7.99,7.99,0.00,0.50,S,6021962633,,USD,GC
70011270,02211,03,4,20250905,173857,000000005101,1,7.99,7.99,0.00,0.00,S,6021962633,,USD,GC
70011271,02211,01,1,20250905,75403,000000040101,1.050,18.99,19.94,0.00,0.00,S,6032290310,,USD,DB
70011271,02211,01,2,20250905,75403,000000040203,1,11.99,11.99,0.00,0.00,S,6032290310,,USD,DB
70011271,02211,01,3,20250905,75403,000004472002,2,4.49,8.98,0.00,0.56,S,6032290310,,USD,DB
70011271,02211,01,4,20250905,75403,000000020102,1,3.49,3.49,0.00,0.00,S,6032290310,,USD,DB
70011271,02211,01,5,20250905,75403,000004491001,1,2.49,2.49,0.00,0.16,S,6032290310,,USD,DB
70011272,02305,01,1,20250905,195740,000004492002,1,1.49,1.49,0.00,0.09,S,6054801571,,USD,CC
70011272,02305,01,2,20250905,195740,000000094103,1,3.79,3.79,0.00,0.00,S,6054801571,,USD,CC
70011272,02305,01,3,20250905,195740,000000005012,2,3.99,7.98,0.00,0.00,S,6054801571,,USD,CC
70011272,02305,01,4,20250905,195740,000000094202,0.805,1.99,1.60,0.00,0.00,S,6054801571,,USD,CC
70011273,02305,04,1,20250905,95940,000000005202,3,5.99,17.97,0.00,0.00,S,6048595325,,USD,CC
70011273,02305,04,2,20250905,95940,000000005012,1,3.99,3.99,0.00,0.00,S,6048595325,,USD,CC
70011273,02305,04,3,20250905,95940,000000030103,1,8.99,8.99,0.00,0.00,S,6048595325,,USD,CC
70011273,02305,04,4,20250905,95940,000004473003,1,3.49,3.49,0.00,0.22,S,6048595325,,USD,CC
70011273,02305,04,5,20250905,95940,000000030201,1,9.99,9.99,0.00,0.00,S,6048595325,,USD,CC
70011274,02305,06,1,20250905,163219,000000020103,1,4.99,4.99,0.00,0.00,S,,,USD,DB
70011274,02305,06,2,20250905,163219,000004472003,2,3.29,6.58,0.00,0.41,S,,,USD,DB
70011274,02305,06,3,20250905,163219,000000093321,1.543,1.49,2.30,0.00,0.00,S,,,USD,DB
70011275,02305,03,1,20250905,164739,000000093325,1.759,3.99,7.02,0.00,0.00,S,,,USD,GC
70011275,02305,03,2,20250905,164739,000000020103,1,4.99,4.99,0.00,0.00,S,,,USD,GC
70011276,02305,05,1,20250905,100900,000000005201,2,3.99,7.98,0.00,0.00,S,6039240758,,USD,DB
70011276,02305,05,2,20250905,100900,000004471030,2,3.99,7.98,3.99,0.25,S,6039240758,BG25W31,USD,DB
70011276,02305,05,3,20250905,100900,000000094201,1.055,1.69,1.78,0.00,0.00,S,6039240758,,USD,DB
70011277,02305,04,1,20250905,131834,000000030202,1,11.49,11.49,0.00,0.00,S,6039660558,,USD,CC
70011277,02305,04,2,20250905,131834,000000020103,2,4.99,9.98,0.00,0.00,S,6039660558,,USD,CC
70011277,02305,04,3,20250905,131834,000000093501,1,4.49,4.49,0.00,0.00,S,6039660558,,USD,CC
70011277,02305,04,4,20250905,131834,000000040101,2.043,18.99,38.80,0.00,0.00,S,6039660558,,USD,CC
70011278,02305,03,1,20250905,104252,000000030102,1,14.99,14.99,0.00,0.00,S,6015353961,,USD,GC
70011278,02305,03,2,20250905,104252,000004492001,1,1.79,1.79,0.00,0.11,S,6015353961,,USD,GC
70011278,02305,03,3,20250905,104252,000000030101,1,6.99,6.99,0.00,0.00,S,6015353961,,USD,GC
70011279,02305,05,1,20250905,161237,000004482003,1,5.49,5.49,0.00,0.34,S,,,USD,GC
70011280,02305,01,1,20250905,215714,000000020201,1,5.49,5.49,0.00,0.00,S,,,USD,CS
70011281,02305,01,1,20250905,184231,000000093321,0.522,1.49,0.78,0.00,0.00,S,6037052635,,USD,CC
70011281,02305,01,2,20250905,184231,000000020102,3,3.49,10.47,0.00,0.00,S,6037052635,,USD,CC
70011282,02305,01,1,20250905,100903,000000030201,2,9.99,19.98,9.99,0.00,S,6042175188,BG25W31,USD,CC
70011282,02305,01,2,20250905,100903,000004481003,2,4.99,9.98,4.99,0.31,S,6042175188,BG25W31,USD,CC
70011283,02305,05,1,20250905,160114,000000020201,1,5.49,5.49,0.00,0.00,S,,,USD,GC
70011284,02305,03,1,20250905,152231,000000005101,3,7.99,23.97,0.00,0.00,S,6009775396,,USD,GC
70011284,02305,03,2,20250905,152231,000000005202,2,5.99,11.98,0.00,0.00,S,6009775396,,USD,GC
70011284,02305,03,3,20250905,152231,000000005101,1,7.99,7.99,0.00,0.00,S,6009775396,,USD,GC
70011285,03050,05,1,20250905,105909,000004482002,1,17.99,17.99,0.00,1.12,S,,,USD,CC
70011285,03050,05,2,20250905,105909,000000093321,1.492,1.49,2.22,0.00,0.00,S,,,USD,CC
70011285,03050,05,3,20250905,105909,000000094203,1.446,1.49,2.15,0.00,0.00,S,,,USD,CC
70011285,03050,05,4,20250905,105909,000000093503,1,4.29,4.29,0.00,0.00,S,,,USD,CC
70011285,03050,05,5,20250905,105909,000000005013,1,3.89,3.89,0.00,0.00,S,,,USD,CC
70011285,03050,05,6,20250905,105909,000000093322,2.088,1.99,4.16,0.00,0.00,S,,,USD,CC
70011286,03050,06,1,20250905,113558,000004491001,1,2.49,2.49,0.00,0.16,S,6017656360,,USD,CC
70011287,03050,03,1,20250905,195929,000004491001,1,2.49,2.49,0.00,0.16,S,6037312552,,USD,CC
70011287,03050,03,2,20250905,195929,000000005101,1,7.99,7.99,0.00,0.00,S,6037312552,,USD,CC
70011287,03050,03,3,20250905,195929,000000005103,1,6.99,6.99,0.00,0.00,S,6037312552,,USD,CC
70011287,03050,03,4,20250905,195929,000000094302,0.566,5.49,3.11,0.00,0.00,S,6037312552,,USD,CC
70011287,03050,03,5,20250905,195929,000000020103,1,4.99,4.99,0.00,0.00,S,6037312552,,USD,CC
70011288,03050,02,1,20250905,85620,000000551020,1,13.99,13.99,0.00,0.87,S,,,USD,GC
70011289,03050,01,1,20250905,192407,000000094203,1.087,1.49,1.62,0.00,0.00,S,,,USD,GC
70011290,03050,02,1,20250905,162619,000000020101,1,2.49,2.49,0.00,0.00,S,,,USD,CC
70011290,03050,02,2,20250905,162619,000000005013,1,3.89,3.89,0.00,0.00,S,,,USD,CC
70011291,00317,05,1,20250905,161921,000000005103,1,9.49,9.49,0.00,0.00,S,,,CAD,DB
70011291,00317,05,2,20250905,161921,000000040101,1.340,25.79,34.56,0.00,0.00,S,,,CAD,DB
70011291,00317,05,3,20250905,161921,000004481001,2,10.89,21.78,0.00,1.36,S,,,CAD,DB
70011291,00317,05,4,20250905,161921,000000020103,1,6.79,6.79,0.00,0.00,S,,,CAD,DB
70011292,00317,04,1,20250905,154824,000000005102,2,7.49,14.98,0.00,0.00,S,6083626448,,CAD,GC
70011292,00317,04,2,20250905,154824,000000020202,1,8.09,8.09,0.00,0.00,S,6083626448,,CAD,GC
70011292,00317,04,3,20250905,154824,000004471030,2,5.39,10.78,5.39,0.34,S,6083626448,BG25W31,CAD,GC
70011292,00317,04,4,20250905,154824,000000094102,1,4.69,4.69,0.00,0.00,S,6083626448,,CAD,GC
70011292,00317,04,5,20250905,154824,000000093321,1.200,1.99,2.39,0.00,0.00,S,6083626448,,CAD,GC
70011293,00317,01,1,20250905,182702,000004493002,2,5.39,10.78,5.39,0.34,S,,BG25W31,CAD,DB
70011293,00317,01,2,20250905,182702,000004481003,2,6.79,13.58,6.79,0.42,S,,BG25W31,CAD,DB
70011293,00317,01,3,20250905,182702,000004471024,1,4.69,4.69,0.00,0.29,S,,,CAD,DB
70011294,00317,03,1,20250905,70255,000000562001,1,14.89,14.89,0.00,0.93,S,,,CAD,CC
70011294,00317,03,2,20250905,70255,000000094202,1.962,2.69,5.28,0.00,0.00,S,,,CAD,CC
70011295,00317,03,1,20250905,80546,000000005201,1,5.39,5.39,0.00,0.00,S,6045822067,,CAD,CC
70011295,00317,03,2,20250905,80546,000004471030,2,5.39,10.78,5.39,0.34,S,6045822067,BG25W31,CAD,CC
70011296,00317,03,1,20250905,101428,000000094302,1.049,7.49,7.86,0.00,0.00,S,6008706626,,CAD,CC
70011296,00317,03,2,20250905,101428,000004471030,1,5.39,5.39,0.00,0.34,S,6008706626,,CAD,CC
70011297,00317,05,1,20250905,72829,000000093322,1.409,2.69,3.79,0.00,0.00,S,6044925192,,CAD,GC
70011297,00317,05,2,20250905,72829,000000094202,0.571,2.69,1.54,0.00,0.00,S,6044925192,,CAD,GC
70011298,00317,06,1,20250905,125213,000000030201,2,13.59,27.18,13.59,0.00,S,,BG25W31,CAD,CC
70011298,00317,06,2,20250905,125213,000000094102,1,4.69,4.69,0.00,0.00,S,,,CAD,CC
70011298,00317,06,3,20250905,125213,000004482002,2,24.49,48.98,0.00,3.06,S,,,CAD,CC
70011298,00317,06,4,20250905,125213,000000561002,1,10.19,10.19,0.00,0.64,S,,,CAD,CC
70011299,00317,03,1,20250905,155324,000000552001,2,6.09,12.18,0.00,0.76,S,6095481497,,CAD,DB
70011299,00317,03,2,20250905,155324,000004472001,1,5.39,5.39,0.00,0.34,S,6095481497,,CAD,DB
70011299,00317,03,3,20250905,155324,000000551020,2,18.99,37.98,0.00,2.37,S,6095481497,,CAD,DB
70011300,00317,03,1,20250905,184556,000000562001,1,14.89,14.89,0.00,0.93,S,,,CAD,DB
70011300,00317,03,2,20250905,184556,000000030201,3,13.59,40.77,13.59,0.00,S,,BG25W31,CAD,DB
70011300,00317,03,3,20250905,184556,000004473002,1,3.79,3.79,0.00,0.24,S,,,CAD,DB
70011300,00317,03,4,20250905,184556,000004483002,1,4.69,4.69,0.00,0.29,S,,,CAD,DB
70011300,00317,03,5,20250905,184556,000000031101,1.708,33.99,58.05,0.00,0.00,S,,,CAD,DB
70011301,00317,05,1,20250905,100540,000004492050,1,2.99,2.99,0.00,0.19,S,,,CAD,CC
70011302,00317,06,1,20250905,101537,000000093321,1.887,1.99,3.76,0.00,0.00,S,,,CAD,DB
70011302,00317,06,2,20250905,101537,000000093402,0.415,4.49,1.86,0.00,0.00,S,,,CAD,DB
70011302,00317,06,3,20250905,101537,000004473003,3,4.69,14.07,0.00,0.88,S,,,CAD,DB
70011302,00317,06,4,20250905,101537,000004472003,2,4.49,8.98,0.00,0.56,S,,,CAD,DB
70011302,00317,06,5,20250905,101537,000000552002,1,5.39,5.39,0.00,0.34,S,,,CAD,DB
70011302,00317,06,6,20250905,101537,000000093503,2,5.79,11.58,0.00,0.00,S,,,CAD,DB
70011303,00317,02,1,20250905,180416,000000094302,1.887,7.49,14.13,0.00,0.00,S,,,CAD,CC
70011304,00317,05,1,20250905,182146,000004493002,2,5.39,10.78,5.39,0.34,S,,BG25W31,CAD,GC
70011305,00322,02,1,20250905,174043,000000005103,1,9.49,9.49,0.00,0.00,S,6011952436,,CAD,CC
70011305,00322,02,2,20250905,174043,000004473002,1,3.79,3.79,0.00,0.24,S,6011952436,,CAD,CC
70011305,00322,02,3,20250905,174043,000004482002,1,24.49,24.49,0.00,1.53,S,6011952436,,CAD,CC
70011305,00322,02,4,20250905,174043,000000040102,1.452,23.09,33.53,0.00,0.00,S,6011952436,,CAD,CC
70011306,00322,06,1,20250905,172500,000004482002,1,24.49,24.49,0.00,1.53,S,,,CAD,CC
70011307,00322,06,1,20250905,123835,000004482003,1,7.49,7.49,0.00,0.47,S,,,CAD,CC
70011307,00322,06,2,20250905,123835,000004471030,2,5.39,10.78,5.39,0.34,S,,BG25W31,CAD,CC
70011307,00322,06,3,20250905,123835,000000020202,1,8.09,8.09,0.00,0.00,S,,,CAD,CC
70011307,00322,06,4,20250905,123835,000004473001,1,4.09,4.09,0.00,0.26,S,,,CAD,CC
70011308,00322,03,1,20250905,153953,000004473002,1,3.79,3.79,0.00,0.24,S,6020994510,,CAD,CC
70011308,00322,03,2,20250905,153953,000000040102,1.036,23.09,23.92,0.00,0.00,S,6020994510,,CAD,CC
70011308,00322,03,3,20250905,153953,000004481003,2,6.79,13.58,6.79,0.42,S,6020994510,BG25W31,CAD,CC
70011308,00322,03,4,20250905,153953,000004483002,1,4.69,4.69,0.00,0.29,S,6020994510,,CAD,CC
70011308,00322,03,5,20250905,153953,000000020103,2,6.79,13.58,0.00,0.00,S,6020994510,,CAD,CC
70011309,00322,04,1,20250905,214504,000004493001,1,7.49,7.49,0.00,0.47,S,6054647548,,CAD,DB
70011309,00322,04,2,20250905,214504,000000005020,1,6.09,6.09,0.00,0.00,S,6054647548,,CAD,DB
70011309,00322,04,3,20250905,214504,000000005020,3,6.09,18.27,0.00,0.00,S,6054647548,,CAD,DB
70011309,00322,04,4,20250905,214504,000004483001,1,6.79,6.79,0.00,0.42,S,6054647548,,CAD,DB
70011310,01042,06,1,20250906,202911,000000552002,2,3.99,7.98,0.00,0.50,S,,,USD,CC
70011310,01042,06,2,20250906,202911,000000005202,2,5.99,11.98,0.00,0.00,S,,,USD,CC
70011310,01042,06,3,20250906,202911,000000561001,1,9.99,9.99,0.00,0.62,S,,,USD,CC
70011311,01042,03,1,20250906,101327,000000552002,1,3.99,3.99,0.00,0.25,S,,,USD,DB
70011311,01042,03,2,20250906,101327,000000094103,1,3.79,3.79,0.00,0.00,S,,,USD,DB
70011311,01042,03,3,20250906,101327,000000030103,1,8.99,8.99,0.00,0.00,S,,,USD,DB
70011311,01042,03,4,20250906,101327,000004492003,2,2.29,4.58,2.29,0.14,S,,BG25W31,USD,DB
70011311,01042,03,5,20250906,101327,000004471030,2,3.99,7.98,3.99,0.25,S,,BG25W31,USD,DB
70011311,01042,03,6,20250906,101327,000000094102,1,3.49,3.49,0.00,0.00,S,,,USD,DB
70011312,01042,03,1,20250906,165513,000000094201,1.852,1.69,3.13,0.00,0.00,S,,,USD,CC
70011313,01042,04,1,20250906,143437,000004472001,1,3.99,3.99,0.00,0.25,S,,,USD,GC
70011314,01042,04,1,20250906,210838,000004482002,1,17.99,17.99,0.00,1.12,S,,,USD,DB
70011314,01042,04,2,20250906,210838,000004472002,1,4.49,4.49,0.00,0.28,S,,,USD,DB
70011315,01042,06,1,20250906,132237,000000005201,3,3.99,11.97,0.00,0.00,S,,,USD,DB
70011315,01042,06,2,20250906,132237,000000094102,1,3.49,3.49,0.00,0.00,S,,,USD,DB
70011315,01042,06,3,20250906,132237,000000551021,1,11.99,11.99,0.00,0.75,S,,,USD,DB
70011316,01042,05,1,20250906,132045,000004491002,2,6.99,13.98,0.00,0.87,S,6079417634,,USD,CS
70011317,01042,03,1,20250906,151235,000004491001,1,2.49,2.49,0.00,0.16,S,6095979647,,USD,CS
70011318,01042,02,1,20250906,211721,000000005201,2,3.99,7.98,0.00,0.00,S,,,USD,CS
70011318,01042,02,2,20250906,211721,000004493002,2,3.99,7.98,3.99,0.25,S,,BG25W31,USD,CS
70011318,01042,02,3,20250906,211721,000004471040,1,2.49,2.49,0.00,0.16,S,,,USD,CS
70011318,01042,02,4,20250906,211721,000000040202,1,14.99,14.99,0.00,0.00,S,,,USD,CS
70011319,01042,03,1,20250906,213059,000000093402,1.774,3.29,5.84,0.00,0.00,S,,,USD,CC
70011319,01042,03,2,20250906,213059,000000551021,1,11.99,11.99,0.00,0.75,S,,,USD,CC
70011319,01042,03,3,20250906,213059,000000005202,1,5.99,5.99,0.00,0.00,S,,,USD,CC
70011319,01042,03,4,20250906,213059,000000030202,1,11.49,11.49,0.00,0.00,S,,,USD,CC
70011320,01107,02,1,20250906,190344,000004481003,2,4.99,9.98,4.99,0.31,S,6042442043,BG25W31,USD,CS
70011320,01107,02,2,20250906,190344,000004492002,1,1.49,1.49,0.00,0.09,S,6042442043,,USD,CS
70011320,01107,02,3,20250906,190344,000000040202,3,14.99,44.97,0.00,0.00,S,6042442043,,USD,CS
70011320,01107,02,4,20250906,190344,000000561002,2,7.49,14.98,0.00,0.94,S,6042442043,,USD,CS
70011321,01107,01,1,20250906,104200,000000005201,1,3.99,3.99,0.00,0.00,S,,,USD,CS
70011321,01107,01,2,20250906,104200,000000093321,2.118,1.49,3.16,0.00,0.00,S,,,USD,CS
70011321,01107,01,3,20250906,104200,000000040102,1.433,16.99,24.35,0.00,0.00,S,,,USD,CS
70011322,02210,06,1,20250906,170757,000000093322,0.557,1.99,1.11,0.00,0.00,S,,,USD,CC
70011322,02210,06,2,20250906,170757,000000093410,1.414,3.99,5.64,0.00,0.00,S,,,USD,CC
70011322,02210,06,3,20250906,170757,000000551020,1,13.99,13.99,0.00,0.87,S,,,USD,CC
70011322,02210,06,4,20250906,170757,000000552001,1,4.49,4.49,0.00,0.28,S,,,USD,CC
70011322,02210,06,5,20250906,170757,000000040201,1,8.99,8.99,0.00,0.00,S,,,USD,CC
70011323,02210,04,1,20250906,200423,000000094302,0.511,5.49,2.81,0.00,0.00,S,,,USD,GC
70011323,02210,04,2,20250906,200423,000004471023,1,3.49,3.49,0.00,0.22,S,,,USD,GC
70011323,02210,04,3,20250906,200423,000000005201,2,3.99,7.98,0.00,0.00,S,,,USD,GC
70011324,02210,02,1,20250906,193019,000000561002,1,7.49,7.49,0.00,0.47,S,6055904259,,USD,DB
70011324,02210,02,2,20250906,193019,000004492002,1,1.49,1.49,0.00,0.09,S,6055904259,,USD,DB
70011324,02210,02,3,20250906,193019,000000005012,2,3.99,7.98,0.00,0.00,S,6055904259,,USD,DB
70011324,02210,02,4,20250906,193019,000000005102,1,5.49,5.49,0.00,0.00,S,6055904259,,USD,DB
70011325,02210,05,1,20250906,101921,000000094103,1,3.79,3.79,0.00,0.00,S,,,USD,CC
70011325,02210,05,2,20250906,101921,000004493002,2,3.99,7.98,3.99,0.25,S,,BG25W31,USD,CC
70011326,02210,99,1,20250906,161347,000000093410,2.092,3.99,8.35,0.00,0.00,S,6079356465,,USD,CC
70011326,02210,99,2,20250906,161347,000000561002,1,7.49,7.49,0.00,0.47,S,6079356465,,USD,CC
70011326,02210,99,3,20250906,161347,000000093321,0.562,1.49,0.84,0.00,0.00,S,6079356465,,USD,CC
70011326,02210,99,4,20250906,161347,000000005302,1,3.49,3.49,0.00,0.00,S,6079356465,,USD,CC
70011326,02210,99,5,20250906,161347,000000094103,1,3.79,3.79,0.00,0.00,S,6079356465,,USD,CC
70011327,02211,02,1,20250906,210901,000004492003,2,2.29,4.58,2.29,0.14,S,,BG25W31,USD,CC
70011327,02211,02,2,20250906,210901,000000005012,1,3.99,3.99,0.00,0.00,S,,,USD,CC
70011328,02211,05,1,20250906,121823,000004471040,1,2.49,2.49,0.00,0.16,S,,,USD,DB
70011328,02211,05,2,20250906,121823,000004492003,2,2.29,4.58,2.29,0.14,S,,BG25W31,USD,DB
70011328,02211,05,3,20250906,121823,000000005020,1,4.49,4.49,0.00,0.00,S,,,USD,DB
70011328,02211,05,4,20250906,121823,000004481001,1,7.99,7.99,0.00,0.50,S,,,USD,DB
70011328,02211,05,5,20250906,121823,000004471024,1,3.49,3.49,0.00,0.22,S,,,USD,DB
70011329,02211,05,1,20250906,155459,000000094202,0.335,1.99,0.67,0.00,0.00,S,,,USD,CC
70011330,02211,03,1,20250906,73348,000000005202,1,5.99,5.99,0.00,0.00,S,6099187240,,USD,CC
70011330,02211,03,2,20250906,73348,000004473003,1,3.49,3.49,0.00,0.22,S,6099187240,,USD,CC
70011330,02211,03,3,20250906,73348,000004471023,1,3.49,3.49,0.00,0.22,S,6099187240,,USD,CC
70011330,02211,03,4,20250906,73348,000004481001,1,7.99,7.99,0.00,0.50,S,6099187240,,USD,CC
70011331,02211,03,1,20250906,172741,000000551020,1,13.99,13.99,0.00,0.87,S,,,USD,GC
70011332,02305,02,1,20250906,73344,000000551020,1,13.99,13.99,0.00,0.87,S,6053765769,,USD,CC
70011332,02305,02,2,20250906,73344,000000020201,1,5.49,5.49,0.00,0.00,S,6053765769,,USD,CC
70011332,02305,02,3,20250906,73344,000000005012,1,3.99,3.99,0.00,0.00,S,6053765769,,USD,CC
70011332,02305,02,4,20250906,73344,000000020203,1,6.49,6.49,0.00,0.00,S,6053765769,,USD,CC
70011332,02305,02,5,20250906,73344,000004473001,1,2.99,2.99,0.00,0.19,S,6053765769,,USD,CC
70011332,02305,02,6,20250906,73344,000000552001,1,4.49,4.49,0.00,0.28,S,6053765769,,USD,CC
70011333,02305,06,1,20250906,151935,000000031102,0.821,19.99,16.41,0.00,0.00,S,,,USD,CC
70011334,02305,04,1,20250906,150546,000000005013,1,3.89,3.89,0.00,0.00,S,,,USD,GC
70011335,02305,03,1,20250906,142928,000000030103,2,8.99,17.98,0.00,0.00,S,,,USD,CC
70011335,02305,03,2,20250906,142928,000000030201,2,9.99,19.98,9.99,0.00,S,,BG25W31,USD,CC
70011336,02305,05,1,20250906,194930,000000094202,1.574,1.99,3.13,0.00,0.00,S,6017722560,,USD,CC
70011336,02305,05,2,20250906,194930,000000561002,1,7.49,7.49,0.00,0.47,S,6017722560,,USD,CC
70011337,02305,01,1,20250906,182210,000004481003,1,4.99,4.99,0.00,0.31,S,6069556076,,USD,GC
70011337,02305,01,2,20250906,182210,000000030203,1,8.49,8.49,0.00,0.00,S,6069556076,,USD,GC
70011337,02305,01,3,20250906,182210,000000040201,1,8.99,8.99,0.00,0.00,S,6069556076,,USD,GC
70011337,02305,01,4,20250906,182210,000000551021,3,11.99,35.97,0.00,2.25,S,6069556076,,USD,GC
70011338,02305,03,1,20250906,145646,000004471023,1,3.49,3.49,0.00,0.22,S,6054159709,,USD,CS
70011338,02305,03,2,20250906,145646,000000030101,1,6.99,6.99,0.00,0.00,S,6054159709,,USD,CS
70011338,02305,03,3,20250906,145646,000000020202,1,5.99,5.99,0.00,0.00,S,6054159709,,USD,CS
70011338,02305,03,4,20250906,145646,000000031101,0.961,24.99,24.02,0.00,0.00,S,6054159709,,USD,CS
70011339,02305,06,1,20250906,91340,000004473001,1,2.99,2.99,0.00,0.19,S,6025887449,,USD,GC
70011339,02305,06,2,20250906,91340,000000093501,1,4.49,4.49,0.00,0.00,S,6025887449,,USD,GC
70011340,02305,04,1,20250906,115747,000000005301,1,5.49,5.49,0.00,0.00,S,,,USD,DB
70011341,02305,01,1,20250906,175203,000000005012,2,3.99,7.98,0.00,0.00,S,6059779452,,USD,CS
70011341,02305,01,2,20250906,175203,000000562001,2,10.99,21.98,0.00,1.37,S,6059779452,,USD,CS
70011341,02305,01,3,20250906,175203,000000005202,2,5.99,11.98,0.00,0.00,S,6059779452,,USD,CS
70011341,02305,01,4,20250906,175203,000000040101,1.305,18.99,24.78,0.00,0.00,S,6059779452,,USD,CS
70011341,02305,01,5,20250906,175203,000000005301,1,5.49,5.49,0.00,0.00,S,6059779452,,USD,CS
70011342,02305,03,1,20250906,135332,000000030202,1,11.49,11.49,0.00,0.00,S,6006436110,,USD,DB
70011342,02305,03,2,20250906,135332,000000020203,1,6.49,6.49,0.00,0.00,S,6006436110,,USD,DB
70011342,02305,03,3,20250906,135332,000004472002,1,4.49,4.49,0.00,0.28,S,6006436110,,USD,DB
70011343,02305,05,1,20250906,172240,000000093410,0.582,3.99,2.32,0.00,0.00,S,,,USD,DB
70011343,02305,05,2,20250906,172240,000000094102,1,3.49,3.49,0.00,0.00,S,,,USD,DB
70011344,02305,01,1,20250906,85701,000000005101,2,7.99,15.98,0.00,0.00,S,,,USD,CS
70011345,02305,06,1,20250906,133856,000004472002,1,4.49,4.49,0.00,0.28,S,,,USD,CS
70011346,02305,02,1,20250906,184525,000000094203,0.611,1.49,0.91,0.00,0.00,S,,,USD,CS
70011346,02305,02,2,20250906,184525,000000005302,1,3.49,3.49,0.00,0.00,S,,,USD,CS
70011346,02305,02,3,20250906,184525,000004492001,1,1.79,1.79,0.00,0.11,S,,,USD,CS
70011346,02305,02,4,20250906,184525,000000020202,1,5.99,5.99,0.00,0.00,S,,,USD,CS
70011347,03050,05,1,20250906,202313,000004472001,1,3.99,3.99,0.00,0.25,S,6024268774,,USD,CC
70011347,03050,05,2,20250906,202313,000000552002,1,3.99,3.99,0.00,0.25,S,6024268774,,USD,CC
70011347,03050,05,3,20250906,202313,000000040101,2.172,18.99,41.25,0.00,0.00,S,6024268774,,USD,CC
70011347,03050,05,4,20250906,202313,000000040201,1,8.99,8.99,0.00,0.00,S,6024268774,,USD,CC
70011348,03050,03,1,20250906,124052,000000030101,1,6.99,6.99,0.00,0.00,S,6028973179,,USD,CC
70011348,03050,03,2,20250906,124052,000000020101,1,2.49,2.49,0.00,0.00,S,6028973179,,USD,CC
70011349,03050,02,1,20250906,185854,000004471023,1,3.49,3.49,0.00,0.22,S,,,USD,DB
70011349,03050,02,2,20250906,185854,000004473002,1,2.79,2.79,0.00,0.17,S,,,USD,DB
70011350,03050,05,1,20250906,95435,000000030103,1,8.99,8.99,0.00,0.00,S,,,USD,CC
70011350,03050,05,2,20250906,95435,000004491001,3,2.49,7.47,0.00,0.47,S,,,USD,CC
70011351,00317,01,1,20250906,100900,000004471024,1,4.69,4.69,0.00,0.29,S,6003700332,,CAD,DB
70011351,00317,01,2,20250906,100900,000000031101,0.438,33.99,14.89,0.00,0.00,S,6003700332,,CAD,DB
70011351,00317,01,3,20250906,100900,000004482002,1,24.49,24.49,0.00,1.53,S,6003700332,,CAD,DB
70011351,00317,01,4,20250906,100900,000004472001,2,5.39,10.78,0.00,0.67,S,6003700332,,CAD,DB
70011351,00317,01,5,20250906,100900,000000030103,1,12.19,12.19,0.00,0.00,S,6003700332,,CAD,DB
70011351,00317,01,6,20250906,100900,000004491002,1,9.49,9.49,0.00,0.59,S,6003700332,,CAD,DB
70011352,00317,06,1,20250906,170907,000000030101,1,9.49,9.49,0.00,0.00,S,,,CAD,DB
70011352,00317,06,2,20250906,170907,000000005020,2,6.09,12.18,0.00,0.00,S,,,CAD,DB
70011352,00317,06,3,20250906,170907,000000020103,1,6.79,6.79,0.00,0.00,S,,,CAD,DB
70011353,00317,04,1,20250906,92853,000004493001,2,7.49,14.98,0.00,0.94,S,6044920749,,CAD,CC
70011353,00317,04,2,20250906,92853,000000551021,3,16.29,48.87,0.00,3.05,S,6044920749,,CAD,CC
70011354,00317,05,1,20250906,184908,000004471024,1,4.69,4.69,0.00,0.29,S,,,CAD,CC
70011355,00317,01,1,20250906,105528,000000093321,1.243,1.99,2.47,0.00,0.00,S,,,CAD,CC
70011355,00317,01,2,20250906,105528,000000093321,1.341,1.99,2.67,0.00,0.00,S,,,CAD,CC
70011356,00317,02,1,20250906,184308,000004471024,1,4.69,4.69,0.00,0.29,S,,,CAD,GC
70011356,00317,02,2,20250906,184308,000004491002,1,9.49,9.49,0.00,0.59,S,,,CAD,GC
70011357,00317,06,1,20250906,182855,000004482003,1,7.49,7.49,0.00,0.47,S,6094398529,,CAD,CC
70011358,00317,01,1,20250906,92813,000000562001,1,14.89,14.89,0.00,0.93,S,,,CAD,DB
70011358,00317,01,2,20250906,92813,000000005013,1,5.29,5.29,0.00,0.00,S,,,CAD,DB
70011358,00317,01,3,20250906,92813,000004482001,1,18.99,18.99,0.00,1.19,S,,,CAD,DB
70011358,00317,01,4,20250906,92813,000000030201,2,13.59,27.18,13.59,0.00,S,,BG25W31,CAD,DB
70011359,00322,03,1,20250906,154204,000000040201,2,12.19,24.38,0.00,0.00,S,6078547772,,CAD,CS
70011359,00322,03,2,20250906,154204,000004492001,1,2.39,2.39,0.00,0.15,S,6078547772,,CAD,CS
70011359,00322,03,3,20250906,154204,000004492003,1,3.09,3.09,0.00,0.19,S,6078547772,,CAD,CS
70011359,00322,03,4,20250906,154204,000000040202,1,20.39,20.39,0.00,0.00,S,6078547772,,CAD,CS
70011359,00322,03,5,20250906,154204,000000040203,1,16.29,16.29,0.00,0.00,S,6078547772,,CAD,CS
70011360,00322,05,1,20250906,100314,000000005302,1,4.69,4.69,0.00,0.00,S,,,CAD,CS
70011360,00322,05,2,20250906,100314,000004471024,1,4.69,4.69,0.00,0.29,S,,,CAD,CS
70011360,00322,05,3,20250906,100314,000000093503,2,5.79,11.58,0.00,0.00,S,,,CAD,CS
70011361,00322,04,1,20250906,170552,000004473001,1,4.09,4.09,0.00,0.26,S,6013971870,,CAD,DB
70011361,00322,04,2,20250906,170552,000000020102,1,4.69,4.69,0.00,0.00,S,6013971870,,CAD,DB
70011362,00322,04,1,20250906,141826,000000040102,1.322,23.09,30.52,0.00,0.00,S,,,CAD,CC
70011362,00322,04,2,20250906,141826,000000093402,1.587,4.49,7.13,0.00,0.00,S,,,CAD,CC
70011362,00322,04,3,20250906,141826,000000040202,2,20.39,40.78,0.00,0.00,S,,,CAD,CC
70011362,00322,04,4,20250906,141826,000004492001,1,2.39,2.39,0.00,0.15,S,,,CAD,CC
70011362,00322,04,5,20250906,141826,000000005012,1,5.39,5.39,0.00,0.00,S,,,CAD,CC
70011363,00322,05,1,20250906,191406,000000020202,1,8.09,8.09,0.00,0.00,S,6029311005,,CAD,CC
70011363,00322,05,2,20250906,191406,000004471030,2,5.39,10.78,5.39,0.34,S,6029311005,BG25W31,CAD,CC
70011364,00322,05,1,20250906,125244,000000005020,1,6.09,6.09,0.00,0.00,S,6071795760,,CAD,CC
70011364,00322,05,2,20250906,125244,000000040101,1.491,25.79,38.45,0.00,0.00,S,6071795760,,CAD,CC
70011364,00322,05,3,20250906,125244,000000093322,0.874,2.69,2.35,0.00,0.00,S,6071795760,,CAD,CC
70011364,00322,05,4,20250906,125244,000000020203,3,8.79,26.37,0.00,0.00,S,6071795760,,CAD,CC
70011365,00322,05,1,20250906,203926,000000040203,1,16.29,16.29,0.00,0.00,S,6048463122,,CAD,CS
70011365,00322,05,2,20250906,203926,000000020202,1,8.09,8.09,0.00,0.00,S,6048463122,,CAD,CS
70011366,00322,04,1,20250906,212640,000000005102,3,7.49,22.47,0.00,0.00,S,6049961659,,CAD,DB
70011367,01042,01,1,20250907,101039,000004473002,1,2.79,2.79,0.00,0.17,S,6049673938,,USD,DB
70011367,01042,01,2,20250907,101039,000000005101,3,7.99,23.97,7.99,0.00,S,6049673938,MB25W32,USD,DB
70011367,01042,01,3,20250907,101039,000000093410,1.075,3.99,4.29,0.00,0.00,S,6049673938,,USD,DB
70011367,01042,01,4,20250907,101039,000004482003,1,5.49,5.49,0.00,0.34,S,6049673938,,USD,DB
70011368,01042,01,1,20250907,84825,000004493002,1,3.99,3.99,0.00,0.25,S,,,USD,CC
70011368,01042,01,2,20250907,84825,000004472001,1,3.99,3.99,1.00,0.19,S,,PC25W32,USD,CC
70011368,01042,01,3,20250907,84825,000000551020,1,13.99,13.99,0.00,0.87,S,,,USD,CC
70011368,01042,01,4,20250907,84825,000000093503,1,4.29,4.29,0.00,0.00,S,,,USD,CC
70011369,01042,06,1,20250907,153750,000004472002,2,4.49,8.98,0.00,0.56,S,,,USD,CC
70011369,01042,06,2,20250907,153750,000000552001,1,4.49,4.49,0.00,0.28,S,,,USD,CC
70011369,01042,06,3,20250907,153750,000000094202,0.529,1.99,1.05,0.00,0.00,S,,,USD,CC
70011369,01042,06,4,20250907,153750,000004491003,1,1.99,1.99,0.00,0.12,S,,,USD,CC
70011369,01042,06,5,20250907,153750,000000040202,1,14.99,14.99,0.00,0.00,S,,,USD,CC
70011370,01042,01,1,20250907,124356,000004472002,1,4.49,4.49,0.00,0.28,S,6036321234,,USD,CC
70011370,01042,01,2,20250907,124356,000000551020,1,13.99,13.99,0.00,0.87,S,6036321234,,USD,CC
70011371,01042,01,1,20250907,153823,000000005013,1,3.89,3.89,0.00,0.00,S,,,USD,CC
70011371,01042,01,2,20250907,153823,000004472001,1,3.99,3.99,1.00,0.19,S,,PC25W32,USD,CC
70011371,01042,01,3,20250907,153823,000000005101,3,7.99,23.97,7.99,0.00,S,,MB25W32,USD,CC
70011371,01042,01,4,20250907,153823,000000552002,1,3.99,3.99,0.00,0.25,S,,,USD,CC
70011372,01042,06,1,20250907,111634,000000040202,2,14.99,29.98,0.00,0.00,S,,,USD,DB
70011373,01042,05,1,20250907,164223,000000040203,1,11.99,11.99,0.00,0.00,S,,,USD,CC
70011373,01042,05,2,20250907,164223,000000094201,1.432,1.69,2.42,0.00,0.00,S,,,USD,CC
70011373,01042,05,3,20250907,164223,000000551021,2,11.99,23.98,0.00,1.50,S,,,USD,CC
70011373,01042,05,4,20250907,164223,000000561001,1,9.99,9.99,0.00,0.62,S,,,USD,CC
70011373,01042,05,5,20250907,164223,000000094301,1.760,4.39,7.73,0.00,0.00,S,,,USD,CC
70011374,01042,03,1,20250907,72822,000004491001,1,2.49,2.49,0.00,0.16,S,6041328348,,USD,CC
70011374,01042,03,2,20250907,72822,000000093325,0.584,3.99,2.33,0.00,0.00,S,6041328348,,USD,CC
70011374,01042,03,3,20250907,72822,000000093501,1,4.49,4.49,0.00,0.00,S,6041328348,,USD,CC
70011375,01042,01,1,20250907,111024,000000561002,1,7.49,7.49,0.00,0.47,S,6017751701,,USD,CC
70011375,01042,01,2,20250907,111024,000000561001,2,9.99,19.98,0.00,1.25,S,6017751701,,USD,CC
70011376,01107,01,1,20250907,191753,000004482001,3,13.99,41.97,0.00,2.62,S,6052696944,,USD,DB
70011376,01107,01,2,20250907,191753,000000005101,2,7.99,15.98,0.00,0.00,S,6052696944,,USD,DB
70011377,01107,06,1,20250907,82952,000004471040,2,2.49,4.98,0.00,0.31,S,,,USD,CC
70011377,01107,06,2,20250907,82952,000000020103,1,4.99,4.99,0.00,0.00,S,,,USD,CC
70011377,01107,06,3,20250907,82952,000000005301,1,5.49,5.49,0.00,0.00,S,,,USD,CC
70011378,01107,01,1,20250907,101344,000000005102,1,5.49,5.49,0.00,0.00,S,,,USD,DB
70011378,01107,01,2,20250907,101344,000004473002,1,2.79,2.79,0.00,0.17,S,,,USD,DB
70011378,01107,01,3,20250907,101344,000000005013,1,3.89,3.89,0.00,0.00,S,,,USD,DB
70011378,01107,01,4,20250907,101344,000000040203,1,11.99,11.99,0.00,0.00,S,,,USD,DB
70011379,01107,06,1,20250907,203734,000000094102,1,3.49,3.49,0.00,0.00,S,6056253135,,USD,CS
70011380,02210,01,1,20250907,74646,000004492001,2,1.79,3.58,0.00,0.22,S,6090947985,,USD,DB
70011380,02210,01,2,20250907,74646,000004471040,1,2.49,2.49,0.00,0.16,S,6090947985,,USD,DB
70011381,02210,02,1,20250907,113104,000000040202,1,14.99,14.99,0.00,0.00,S,,,USD,DB
70011381,02210,02,2,20250907,113104,000004471040,1,2.49,2.49,0.00,0.16,S,,,USD,DB
70011381,02210,02,3,20250907,113104,000000094102,1,3.49,3.49,0.00,0.00,S,,,USD,DB
70011381,02210,02,4,20250907,113104,000000094103,2,3.79,7.58,0.00,0.00,S,,,USD,DB
70011381,02210,02,5,20250907,113104,000004472003,1,3.29,3.29,0.00,0.21,S,,,USD,DB
70011381,02210,02,6,20250907,113104,000004473002,3,2.79,8.37,2.79,0.35,S,,MB25W32,USD,DB
70011382,02211,06,1,20250907,153510,000004491003,1,1.99,1.99,0.00,0.12,S,6028080100,,USD,GC
70011382,02211,06,2,20250907,153510,000000005102,1,5.49,5.49,0.00,0.00,S,6028080100,,USD,GC
70011382,02211,06,3,20250907,153510,000000551021,3,11.99,35.97,0.00,2.25,S,6028080100,,USD,GC
70011382,02211,06,4,20250907,153510,000000040203,1,11.99,11.99,0.00,0.00,S,6028080100,,USD,GC
70011382,02211,06,5,20250907,153510,000004491002,1,6.99,6.99,0.00,0.44,S,6028080100,,USD,GC
70011383,02211,01,1,20250907,132529,000000040201,1,8.99,8.99,0.00,0.00,S,6064957823,,USD,GC
70011383,02211,01,2,20250907,132529,000004491001,2,2.49,4.98,0.00,0.31,S,6064957823,,USD,GC
70011383,02211,01,3,20250907,132529,000000093410,2.084,3.99,8.32,0.00,0.00,S,6064957823,,USD,GC
70011383,02211,01,4,20250907,132529,000000020203,2,6.49,12.98,0.00,0.00,S,6064957823,,USD,GC
70011384,02211,06,1,20250907,100335,000000005101,3,7.99,23.97,7.99,0.00,S,,MB25W32,USD,DB
70011384,02211,06,2,20250907,100335,000004472002,1,4.49,4.49,0.00,0.28,S,,,USD,DB
70011385,02211,02,1,20250907,193941,000000005301,1,5.49,5.49,0.00,0.00,S,,,USD,DB
70011385,02211,02,2,20250907,193941,000000020101,1,2.49,2.49,0.00,0.00,S,,,USD,DB
70011385,02211,02,3,20250907,193941,000004482003,1,5.49,5.49,0.00,0.34,S,,,USD,DB
70011386,02211,04,1,20250907,84915,000004491001,1,2.49,2.49,0.00,0.16,S,,,USD,CC
70011386,02211,04,2,20250907,84915,000004492003,1,2.29,2.29,0.00,0.14,S,,,USD,CC
70011386,02211,04,3,20250907,84915,000000040202,1,14.99,14.99,0.00,0.00,S,,,USD,CC
70011387,02305,04,1,20250907,180045,000004482003,1,5.49,5.49,0.00,0.34,S,,,USD,DB
70011387,02305,04,2,20250907,180045,000004481003,1,4.99,4.99,0.00,0.31,S,,,USD,DB
70011387,02305,04,3,20250907,180045,000000005013,2,3.89,7.78,0.00,0.00,S,,,USD,DB
70011388,02305,04,1,20250907,160621,000000020103,1,4.99,4.99,0.00,0.00,S,6070184094,,USD,DB
70011388,02305,04,2,20250907,160621,000000005302,1,3.49,3.49,0.00,0.00,S,6070184094,,USD,DB
70011388,02305,04,3,20250907,160621,000004473002,1,2.79,2.79,0.00,0.17,S,6070184094,,USD,DB
70011389,02305,03,1,20250907,175117,000000040101,1.669,18.99,31.69,0.00,0.00,S,,,USD,GC
70011389,02305,03,2,20250907,175117,000000040101,1.370,18.99,26.02,0.00,0.00,S,,,USD,GC
70011389,02305,03,3,20250907,175117,000000030102,3,14.99,44.97,0.00,0.00,S,,,USD,GC
70011390,02305,03,1,20250907,71430,000004471030,1,3.99,3.99,0.00,0.25,S,,,USD,CC
70011390,02305,03,2,20250907,71430,000000040201,1,8.99,8.99,0.00,0.00,S,,,USD,CC
70011390,02305,03,3,20250907,71430,000000552002,1,3.99,3.99,0.00,0.25,S,,,USD,CC
70011390,02305,03,4,20250907,71430,000000562002,1,8.49,8.49,0.00,0.53,S,,,USD,CC
70011391,02305,06,1,20250907,92159,000000094301,0.262,4.39,1.15,0.00,0.00,S,6010720113,,USD,GC
70011391,02305,06,2,20250907,92159,000000031102,1.636,19.99,32.70,0.00,0.00,S,6010720113,,USD,GC
70011391,02305,06,3,20250907,92159,000004473002,3,2.79,8.37,2.79,0.35,S,6010720113,MB25W32,USD,GC
70011391,02305,06,4,20250907,92159,000000093402,2.076,3.29,6.83,0.00,0.00,S,6010720113,,USD,GC
70011391,02305,06,5,20250907,92159,000000005302,1,3.49,3.49,0.00,0.00,S,6010720113,,USD,GC
70011392,02305,05,1,20250907,84554,000000005202,1,5.99,5.99,0.00,0.00,S,,,USD,CC
70011392,02305,05,2,20250907,84554,000000551021,1,11.99,11.99,0.00,0.75,S,,,USD,CC
70011392,02305,05,3,20250907,84554,000000551020,1,13.99,13.99,0.00,0.87,S,,,USD,CC
70011392,02305,05,4,20250907,84554,000000551021,1,11.99,11.99,0.00,0.75,S,,,USD,CC
70011392,02305,05,5,20250907,84554,000000005013,1,3.89,3.89,0.00,0.00,S,,,USD,CC
70011392,02305,05,6,20250907,84554,000000094302,1.849,5.49,10.15,0.00,0.00,S,,,USD,CC
70011393,02305,04,1,20250907,75450,000004471030,1,3.99,3.99,0.00,0.25,S,6061994237,,USD,CS
70011393,02305,04,2,20250907,75450,000000020202,1,5.99,5.99,0.00,0.00,S,6061994237,,USD,CS
70011394,02305,02,1,20250907,80254,000000030103,1,8.99,8.99,2.25,0.00,S,6019422686,PC25W32,USD,CC
70011394,02305,02,2,20250907,80254,000004473001,1,2.99,2.99,0.00,0.19,S,6019422686,,USD,CC
70011394,02305,02,3,20250907,80254,000000005101,3,7.99,23.97,7.99,0.00,S,6019422686,MB25W32,USD,CC
70011394,02305,02,4,20250907,80254,000000551021,2,11.99,23.98,0.00,1.50,S,6019422686,,USD,CC
70011394,02305,02,5,20250907,80254,000004492001,3,1.79,5.37,1.79,0.22,S,6019422686,MB25W32,USD,CC
70011395,02305,03,1,20250907,180553,000000093402,0.895,3.29,2.94,0.00,0.00,S,,,USD,DB
70011395,02305,03,2,20250907,180553,000004483001,1,4.99,4.99,0.00,0.31,S,,,USD,DB
70011395,02305,03,3,20250907,180553,000000093502,1,3.99,3.99,0.00,0.00,S,,,USD,DB
70011395,02305,03,4,20250907,180553,000000031101,1.428,24.99,35.69,0.00,0.00,S,,,USD,DB
70011396,02305,05,1,20250907,91556,000000094101,1,3.99,3.99,0.00,0.00,S,6015353961,,USD,DB
70011396,02305,05,2,20250907,91556,000000094203,1.465,1.49,2.18,0.00,0.00,S,6015353961,,USD,DB
70011397,02305,04,1,20250907,153956,000000020201,2,5.49,10.98,0.00,0.00,S,,,USD,DB
70011397,02305,04,2,20250907,153956,000004473003,1,3.49,3.49,0.87,0.16,S,,PC25W32,USD,DB
70011397,02305,04,3,20250907,153956,000000020202,2,5.99,11.98,0.00,0.00,S,,,USD,DB
70011398,02305,04,1,20250907,182831,000000093502,2,3.99,7.98,0.00,0.00,S,,,USD,GC
70011398,02305,04,2,20250907,182831,000004471023,3,3.49,10.47,0.00,0.65,S,,,USD,GC
70011398,02305,04,3,20250907,182831,000000552001,2,4.49,8.98,0.00,0.56,S,,,USD,GC
70011398,02305,04,4,20250907,182831,000000020201,2,5.49,10.98,0.00,0.00,S,,,USD,GC
70011398,02305,04,5,20250907,182831,000000020203,1,6.49,6.49,0.00,0.00,S,,,USD,GC
70011399,02305,05,1,20250907,74311,000000030101,1,6.99,6.99,1.75,0.00,S,6043260055,PC25W32,USD,DB
70011399,02305,05,2,20250907,74311,000000562002,1,8.49,8.49,0.00,0.53,S,6043260055,,USD,DB
70011399,02305,05,3,20250907,74311,000000030102,1,14.99,14.99,0.00,0.00,S,6043260055,,USD,DB
70011399,02305,05,4,20250907,74311,000000094301,2.073,4.39,9.10,0.00,0.00,S,6043260055,,USD,DB
70011400,03050,02,1,20250907,110010,000004492003,1,2.29,2.29,0.00,0.14,S,,,USD,DB
70011400,03050,02,2,20250907,110010,000004491001,2,2.49,4.98,0.00,0.31,S,,,USD,DB
70011401,03050,02,1,20250907,190228,000000030101,1,6.99,6.99,1.75,0.00,S,,PC25W32,USD,GC
70011401,03050,02,2,20250907,190228,000000020201,1,5.49,5.49,0.00,0.00,S,,,USD,GC
70011401,03050,02,3,20250907,190228,000000094203,1.151,1.49,1.71,0.00,0.00,S,,,USD,GC
70011402,03050,04,1,20250907,90328,000000005301,1,5.49,5.49,0.00,0.00,S,,,USD,CS
70011402,03050,04,2,20250907,90328,000000040202,1,14.99,14.99,0.00,0.00,S,,,USD,CS
70011402,03050,04,3,20250907,90328,000004481002,1,7.99,7.99,0.00,0.50,S,,,USD,CS
70011402,03050,04,4,20250907,90328,000000561001,1,9.99,9.99,0.00,0.62,S,,,USD,CS
70011402,03050,04,5,20250907,90328,000000005012,1,3.99,3.99,0.00,0.00,S,,,USD,CS
70011402,03050,04,6,20250907,90328,000004473003,1,3.49,3.49,0.87,0.16,S,,PC25W32,USD,CS
70011403,03050,06,1,20250907,152121,000004492003,1,2.29,2.29,0.00,0.14,S,,,USD,GC
70011403,03050,06,2,20250907,152121,000000030103,1,8.99,8.99,2.25,0.00,S,,PC25W32,USD,GC
70011403,03050,06,3,20250907,152121,000000005301,1,5.49,5.49,0.00,0.00,S,,,USD,GC
70011404,03050,04,1,20250907,132933,000000020202,3,5.99,17.97,0.00,0.00,S,,,USD,DB
70011405,03050,06,1,20250907,93516,000000093410,0.689,3.99,2.75,0.00,0.00,R,6010022557,,USD,GC
70011406,03050,03,1,20250907,110228,000000030103,1,8.99,8.99,2.25,0.00,S,6045644948,PC25W32,USD,DB
70011406,03050,03,2,20250907,110228,000000030101,1,6.99,6.99,1.75,0.00,S,6045644948,PC25W32,USD,DB
70011407,00317,04,1,20250907,155338,000004472050,1,5.39,5.39,0.00,0.34,S,,,CAD,DB
70011408,00317,06,1,20250907,173639,000000094101,1,5.39,5.39,0.00,0.00,S,6068315893,,CAD,CC
70011408,00317,06,2,20250907,173639,000000030102,1,20.39,20.39,0.00,0.00,S,6068315893,,CAD,CC
70011408,00317,06,3,20250907,173639,000000094302,0.708,7.49,5.30,0.00,0.00,S,6068315893,,CAD,CC
70011409,00317,06,1,20250907,111350,000000005101,3,10.89,32.67,10.89,0.00,S,,MB25W32,CAD,DB
70011409,00317,06,2,20250907,111350,000004482002,1,24.49,24.49,0.00,1.53,S,,,CAD,DB
70011409,00317,06,3,20250907,111350,000004473002,3,3.79,11.37,3.79,0.47,S,,MB25W32,CAD,DB
70011409,00317,06,4,20250907,111350,000000093502,1,5.39,5.39,0.00,0.00,S,,,CAD,DB
70011410,00317,06,1,20250907,91044,000000030203,2,11.49,22.98,0.00,0.00,S,6081964825,,CAD,CC
70011410,00317,06,2,20250907,91044,000000030202,1,15.59,15.59,0.00,0.00,S,6081964825,,CAD,CC
70011410,00317,06,3,20250907,91044,000000552001,1,6.09,6.09,0.00,0.38,S,6081964825,,CAD,CC
70011410,00317,06,4,20250907,91044,000000030102,1,20.39,20.39,0.00,0.00,S,6081964825,,CAD,CC
70011410,00317,06,5,20250907,91044,000000040203,1,16.29,16.29,0.00,0.00,S,6081964825,,CAD,CC
70011411,00317,04,1,20250907,170621,000000005020,2,6.09,12.18,0.00,0.00,S,,,CAD,CC
70011411,00317,04,2,20250907,170621,000000040201,1,12.19,12.19,0.00,0.00,S,,,CAD,CC
70011411,00317,04,3,20250907,170621,000000040201,1,12.19,12.19,0.00,0.00,S,,,CAD,CC
70011412,00317,05,1,20250907,192340,000000561002,1,10.19,10.19,0.00,0.64,S,,,CAD,GC
70011412,00317,05,2,20250907,192340,000004472050,1,5.39,5.39,0.00,0.34,S,,,CAD,GC
70011412,00317,05,3,20250907,192340,000000005101,1,10.89,10.89,0.00,0.00,S,,,CAD,GC
70011412,00317,05,4,20250907,192340,000000030101,1,9.49,9.49,2.37,0.00,S,,PC25W32,CAD,GC
70011412,00317,05,5,20250907,192340,000000030101,1,9.49,9.49,2.37,0.00,S,,PC25W32,CAD,GC
70011413,00317,04,1,20250907,100609,000000020103,1,6.79,6.79,0.00,0.00,S,,,CAD,CS
70011413,00317,04,2,20250907,100609,000004473002,3,3.79,11.37,3.79,0.47,S,,MB25W32,CAD,CS
70011414,00317,05,1,20250907,80806,000000030103,1,12.19,12.19,3.05,0.00,S,6064455618,PC25W32,CAD,DB
70011414,00317,05,2,20250907,80806,000000040201,1,12.19,12.19,0.00,0.00,S,6064455618,,CAD,DB
70011415,00317,06,1,20250907,155328,000000552002,1,5.39,5.39,0.00,0.34,S,,,CAD,GC
70011415,00317,06,2,20250907,155328,000000094301,2.026,5.99,12.14,0.00,0.00,S,,,CAD,GC
70011416,00317,05,1,20250907,174908,000000020102,1,4.69,4.69,0.00,0.00,S,6085646799,,CAD,DB
70011416,00317,05,2,20250907,174908,000000005020,2,6.09,12.18,0.00,0.00,S,6085646799,,CAD,DB
70011417,00317,05,1,20250907,115036,000004491002,1,9.49,9.49,0.00,0.59,S,6043275604,,CAD,DB
70011417,00317,05,2,20250907,115036,000004481003,1,6.79,6.79,0.00,0.42,S,6043275604,,CAD,DB
70011417,00317,05,3,20250907,115036,000000562001,3,14.89,44.67,0.00,2.79,S,6043275604,,CAD,DB
70011417,00317,05,4,20250907,115036,000000562001,1,14.89,14.89,0.00,0.93,S,6043275604,,CAD,DB
70011418,00317,03,1,20250907,104808,000000005101,3,10.89,32.67,10.89,0.00,S,6012490352,MB25W32,CAD,CC
70011418,00317,03,2,20250907,104808,000004472002,1,6.09,6.09,0.00,0.38,S,6012490352,,CAD,CC
70011418,00317,03,3,20250907,104808,000000040203,1,16.29,16.29,0.00,0.00,S,6012490352,,CAD,CC
70011418,00317,03,4,20250907,104808,000000005101,3,10.89,32.67,10.89,0.00,S,6012490352,MB25W32,CAD,CC
70011418,00317,03,5,20250907,104808,000000030103,2,12.19,24.38,6.09,0.00,S,6012490352,PC25W32,CAD,CC
70011419,00317,02,1,20250907,81224,000000562002,1,11.49,11.49,0.00,0.72,S,,,CAD,CC
70011419,00317,02,2,20250907,81224,000004492003,1,3.09,3.09,0.00,0.19,S,,,CAD,CC
70011419,00317,02,3,20250907,81224,000004493001,1,7.49,7.49,0.00,0.47,S,,,CAD,CC
70011419,00317,02,4,20250907,81224,000004473002,3,3.79,11.37,3.79,0.47,S,,MB25W32,CAD,CC
70011420,00317,01,1,20250907,154109,000004473003,1,4.69,4.69,1.17,0.22,S,,PC25W32,CAD,CC
70011420,00317,01,2,20250907,154109,000004473003,3,4.69,14.07,3.52,0.66,S,,PC25W32,CAD,CC
70011420,00317,01,3,20250907,154109,000000093402,0.345,4.49,1.55,0.00,0.00,S,,,CAD,CC
70011421,00317,05,1,20250907,161655,000000030101,1,9.49,9.49,2.37,0.00,S,,PC25W32,CAD,GC
70011421,00317,05,2,20250907,161655,000000005013,1,5.29,5.29,0.00,0.00,S,,,CAD,GC
70011421,00317,05,3,20250907,161655,000000040203,1,16.29,16.29,0.00,0.00,S,,,CAD,GC
70011421,00317,05,4,20250907,161655,000004471040,2,3.39,6.78,0.00,0.42,S,,,CAD,GC
70011421,00317,05,5,20250907,161655,000000020202,3,8.09,24.27,0.00,0.00,S,,,CAD,GC
70011421,00317,05,6,20250907,161655,000000093401,1.833,7.49,13.73,0.00,0.00,S,,,CAD,GC
70011422,00322,05,1,20250907,81954,000000005201,1,5.39,5.39,0.00,0.00,S,,,CAD,DB
70011422,00322,05,2,20250907,81954,000004482001,1,18.99,18.99,0.00,1.19,S,,,CAD,DB
70011422,00322,05,3,20250907,81954,000000093321,1.547,1.99,3.08,0.00,0.00,S,,,CAD,DB
70011422,00322,05,4,20250907,81954,000000005102,1,7.49,7.49,0.00,0.00,S,,,CAD,DB
70011422,00322,05,5,20250907,81954,000004492001,2,2.39,4.78,0.00,0.30,S,,,CAD,DB
70011422,00322,05,6,20250907,81954,000000040202,1,20.39,20.39,0.00,0.00,S,,,CAD,DB
70011423,00322,01,1,20250907,125336,000000020202,1,8.09,8.09,0.00,0.00,S,6086694320,,CAD,CS
70011423,00322,01,2,20250907,125336,000000040203,1,16.29,16.29,0.00,0.00,S,6086694320,,CAD,CS
70011424,01042,01,1,20250908,100626,000000094102,1,3.49,3.49,0.00,0.00,S,,,USD,GC
70011425,01042,02,1,20250908,83114,000000020202,1,5.99,5.99,0.00,0.00,S,,,USD,CC
70011425,01042,02,2,20250908,83114,000000005202,1,5.99,5.99,0.00,0.00,S,,,USD,CC
70011426,01042,05,1,20250908,94531,000000040201,1,8.99,8.99,0.00,0.00,S,,,USD,CC
70011427,01042,04,1,20250908,100342,000004473002,1,2.79,2.79,0.00,0.17,R,,,USD,DB
70011428,01107,05,1,20250908,182711,000004471040,2,2.49,4.98,0.00,0.31,S,,,USD,GC
70011428,01107,05,2,20250908,182711,000004492001,1,1.79,1.79,0.00,0.11,S,,,USD,GC
70011429,01107,04,1,20250908,113959,000000005101,3,7.99,23.97,7.99,0.00,S,6058374907,MB25W32,USD,DB
70011429,01107,04,2,20250908,113959,000004473003,2,3.49,6.98,1.75,0.33,S,6058374907,PC25W32,USD,DB
70011429,01107,04,3,20250908,113959,000004473003,1,3.49,3.49,0.87,0.16,S,6058374907,PC25W32,USD,DB
70011430,01107,05,1,20250908,131619,000004472001,1,3.99,3.99,1.00,0.19,S,6033521103,PC25W32,USD,GC
70011431,01107,03,1,20250908,183522,000000094302,1.325,5.49,7.27,0.00,0.00,S,,,USD,GC
70011431,01107,03,2,20250908,183522,000004472001,1,3.99,3.99,1.00,0.19,S,,PC25W32,USD,GC
70011432,02210,03,1,20250908,184746,000004491002,1,6.99,6.99,0.00,0.44,S,6071753556,,USD,CC
70011432,02210,03,2,20250908,184746,000000094102,2,3.49,6.98,0.00,0.00,S,6071753556,,USD,CC
70011432,02210,03,3,20250908,184746,000000093322,0.340,1.99,0.68,0.00,0.00,S,6071753556,,USD,CC
70011432,02210,03,4,20250908,184746,000000562002,3,8.49,25.47,0.00,1.59,S,6071753556,,USD,CC
70011433,02210,02,1,20250908,211427,000000020103,1,4.99,4.99,0.00,0.00,S,6021556684,,USD,DB
70011433,02210,02,2,20250908,211427,000004472003,2,3.29,6.58,0.00,0.41,S,6021556684,,USD,DB
70011433,02210,02,3,20250908,211427,000000005102,1,5.49,5.49,0.00,0.00,S,6021556684,,USD,DB
70011434,02210,05,1,20250908,210351,000000093322,2.016,1.99,4.01,0.00,0.00,S,,,USD,CS
70011435,02211,02,1,20250908,152459,000000005012,1,3.99,3.99,0.00,0.00,S,,,USD,DB
70011435,02211,02,2,20250908,152459,000004491001,2,2.49,4.98,0.00,0.31,S,,,USD,DB
70011436,02211,05,1,20250908,161728,000004472001,1,3.99,3.99,1.00,0.19,S,6047350476,PC25W32,USD,DB
70011436,02211,05,2,20250908,161728,000000005020,1,4.49,4.49,0.00,0.00,S,6047350476,,USD,DB
70011437,02211,05,1,20250908,175836,000004481002,1,7.99,7.99,0.00,0.50,S,,,USD,CC
70011438,02305,05,1,20250908,75446,000000561001,1,9.99,9.99,0.00,0.62,S,6013760375,,USD,CC
70011438,02305,05,2,20250908,75446,000000561002,1,7.49,7.49,0.00,0.47,S,6013760375,,USD,CC
70011438,02305,05,3,20250908,75446,000000561001,1,9.99,9.99,0.00,0.62,S,6013760375,,USD,CC
70011438,02305,05,4,20250908,75446,000004473003,1,3.49,3.49,0.87,0.16,S,6013760375,PC25W32,USD,CC
70011439,02305,02,1,20250908,143108,000000005301,2,5.49,10.98,0.00,0.00,S,6025214526,,USD,CC
70011439,02305,02,2,20250908,143108,000000005101,1,7.99,7.99,0.00,0.00,S,6025214526,,USD,CC
70011440,02305,02,1,20250908,81821,000000093321,1.497,1.49,2.23,0.00,0.00,S,,,USD,CC
70011440,02305,02,2,20250908,81821,000000094102,1,3.49,3.49,0.00,0.00,S,,,USD,CC
70011440,02305,02,3,20250908,81821,000004472001,1,3.99,3.99,1.00,0.19,S,,PC25W32,USD,CC
70011440,02305,02,4,20250908,81821,000000030102,1,14.99,14.99,0.00,0.00,S,,,USD,CC
70011440,02305,02,5,20250908,81821,000004491002,1,6.99,6.99,0.00,0.44,S,,,USD,CC
70011441,02305,05,1,20250908,124716,000000005020,1,4.49,4.49,0.00,0.00,S,6002877217,,USD,DB
70011441,02305,05,2,20250908,124716,000000094103,2,3.79,7.58,0.00,0.00,S,6002877217,,USD,DB
70011441,02305,05,3,20250908,124716,000000030102,1,14.99,14.99,0.00,0.00,S,6002877217,,USD,DB
70011441,02305,05,4,20250908,124716,000004472002,1,4.49,4.49,0.00,0.28,S,6002877217,,USD,DB
70011441,02305,05,5,20250908,124716,000004481001,1,7.99,7.99,0.00,0.50,S,6002877217,,USD,DB
70011442,02305,05,1,20250908,91452,000004492002,1,1.49,1.49,0.00,0.09,S,,,USD,DB
70011442,02305,05,2,20250908,91452,000000093322,0.534,1.99,1.06,0.00,0.00,S,,,USD,DB
70011443,02305,06,1,20250908,134520,000000562002,1,8.49,8.49,0.00,0.53,S,,,USD,DB
70011444,02305,05,1,20250908,85444,000000005102,1,5.49,5.49,0.00,0.00,R,,,USD,CS
70011445,02305,05,1,20250908,141022,000000030101,1,6.99,6.99,1.75,0.00,S,,PC25W32,USD,CS
70011445,02305,05,2,20250908,141022,000000005020,1,4.49,4.49,0.00,0.00,S,,,USD,CS
70011445,02305,05,3,20250908,141022,000000030203,2,8.49,16.98,0.00,0.00,S,,,USD,CS
70011445,02305,05,4,20250908,141022,000004491001,1,2.49,2.49,0.00,0.16,S,,,USD,CS
70011445,02305,05,5,20250908,141022,000004481002,1,7.99,7.99,0.00,0.50,S,,,USD,CS
70011445,02305,05,6,20250908,141022,000004491003,2,1.99,3.98,0.00,0.25,S,,,USD,CS
70011446,02305,06,1,20250908,130432,000000020101,1,2.49,2.49,0.00,0.00,S,6065421406,,USD,CS
70011446,02305,06,2,20250908,130432,000004492003,1,2.29,2.29,0.00,0.14,S,6065421406,,USD,CS
70011446,02305,06,3,20250908,130432,000000005103,1,6.99,6.99,0.00,0.00,S,6065421406,,USD,CS
70011447,03050,05,1,20250908,74048,000000040201,1,8.99,8.99,0.00,0.00,S,6041022526,,USD,CC
70011448,03050,01,1,20250908,190011,000004481002,1,7.99,7.99,0.00,0.50,S,,,USD,CC
70011448,03050,01,2,20250908,190011,000000562001,1,10.99,10.99,0.00,0.69,S,,,USD,CC
70011448,03050,01,3,20250908,190011,000000020202,2,5.99,11.98,0.00,0.00,S,,,USD,CC
70011448,03050,01,4,20250908,190011,000000561002,1,7.49,7.49,0.00,0.47,S,,,USD,CC
70011448,03050,01,5,20250908,190011,000004492003,2,2.29,4.58,0.00,0.29,S,,,USD,CC
70011449,03050,01,1,20250908,160520,000004473001,1,2.99,2.99,0.00,0.19,S,6042271133,,USD,DB
70011449,03050,01,2,20250908,160520,000000040201,1,8.99,8.99,0.00,0.00,S,6042271133,,USD,DB
70011449,03050,01,3,20250908,160520,000000562002,1,8.49,8.49,0.00,0.53,S,6042271133,,USD,DB
70011449,03050,01,4,20250908,160520,000000551021,2,11.99,23.98,0.00,1.50,S,6042271133,,USD,DB
70011449,03050,01,5,20250908,160520,000000040102,0.398,16.99,6.76,0.00,0.00,S,6042271133,,USD,DB
70011450,03050,06,1,20250908,165654,000000094101,1,3.99,3.99,0.00,0.00,S,6076095431,,USD,GC
70011450,03050,06,2,20250908,165654,000000005020,2,4.49,8.98,0.00,0.00,S,6076095431,,USD,GC
70011450,03050,06,3,20250908,165654,000000093401,1.694,5.49,9.30,0.00,0.00,S,6076095431,,USD,GC
70011451,03050,05,1,20250908,81543,000000093410,1.071,3.99,4.27,0.00,0.00,S,,,USD,DB
70011451,03050,05,2,20250908,81543,000000005201,1,3.99,3.99,0.00,0.00,S,,,USD,DB
70011452,03050,03,1,20250908,193107,000004491003,1,1.99,1.99,0.00,0.12,S,,,USD,CS
70011452,03050,03,2,20250908,193107,000000005301,2,5.49,10.98,0.00,0.00,S,,,USD,CS
70011453,00317,04,1,20250908,72117,000000040102,1.856,23.09,42.86,0.00,0.00,S,6062251790,,CAD,DB
70011453,00317,04,2,20250908,72117,000000020201,1,7.49,7.49,0.00,0.00,S,6062251790,,CAD,DB
70011453,00317,04,3,20250908,72117,000000094302,1.226,7.49,9.18,0.00,0.00,S,6062251790,,CAD,DB
70011453,00317,04,4,20250908,72117,000004492002,1,1.99,1.99,0.00,0.12,S,6062251790,,CAD,DB
70011454,00317,02,1,20250908,192449,000004473002,1,3.79,3.79,0.00,0.24,S,6088191485,,CAD,CS
70011455,00317,03,1,20250908,101531,000000551020,2,18.99,37.98,0.00,2.37,S,6088269131,,CAD,DB
70011455,00317,03,2,20250908,101531,000000093410,0.657,5.39,3.54,0.00,0.00,S,6088269131,,CAD,DB
70011456,00317,04,1,20250908,141432,000000093503,1,5.79,5.79,0.00,0.00,S,,,CAD,DB
70011457,00317,04,1,20250908,203954,000004481003,1,6.79,6.79,0.00,0.42,S,6028478189,,CAD,CS
70011458,00317,01,1,20250908,104014,000000005102,1,7.49,7.49,0.00,0.00,S,,,CAD,DB
70011458,00317,01,2,20250908,104014,000004492003,1,3.09,3.09,0.00,0.19,S,,,CAD,DB
70011458,00317,01,3,20250908,104014,000000005301,1,7.49,7.49,0.00,0.00,S,,,CAD,DB
70011458,00317,01,4,20250908,104014,000004473001,1,4.09,4.09,0.00,0.26,S,,,CAD,DB
70011458,00317,01,5,20250908,104014,000000552002,3,5.39,16.17,0.00,1.01,S,,,CAD,DB
70011459,00317,02,1,20250908,90627,000000094203,0.838,1.99,1.67,0.00,0.00,S,6031910090,,CAD,CC
70011459,00317,02,2,20250908,90627,000000020102,1,4.69,4.69,0.00,0.00,S,6031910090,,CAD,CC
70011460,00322,06,1,20250908,175808,000000040202,1,20.39,20.39,0.00,0.00,S,,,CAD,CC
70011460,00322,06,2,20250908,175808,000000005302,3,4.69,14.07,0.00,0.00,S,,,CAD,CC
70011460,00322,06,3,20250908,175808,000000005102,1,7.49,7.49,0.00,0.00,S,,,CAD,CC
70011460,00322,06,4,20250908,175808,000004481001,2,10.89,21.78,0.00,1.36,S,,,CAD,CC
70011460,00322,06,5,20250908,175808,000004482002,3,24.49,73.47,0.00,4.59,S,,,CAD,CC
70011461,00322,05,1,20250908,200819,000000020101,1,3.39,3.39,0.00,0.00,S,,,CAD,GC
70011461,00322,05,2,20250908,200819,000004472003,1,4.49,4.49,0.00,0.28,S,,,CAD,GC
70011461,00322,05,3,20250908,200819,000004492002,1,1.99,1.99,0.00,0.12,S,,,CAD,GC
70011461,00322,05,4,20250908,200819,000000005201,1,5.39,5.39,0.00,0.00,S,,,CAD,GC
70011462,00322,03,1,20250908,124012,000004483001,2,6.79,13.58,0.00,0.85,S,,,CAD,CC
70011462,00322,03,2,20250908,124012,000000020102,1,4.69,4.69,0.00,0.00,S,,,CAD,CC
70011463,00322,03,1,20250908,95300,000004491001,1,3.39,3.39,0.00,0.21,S,,,CAD,CC
70011463,00322,03,2,20250908,95300,000000094301,2.039,5.99,12.21,0.00,0.00,S,,,CAD,CC
70011464,01042,02,1,20250909,135741,000004472001,2,3.99,7.98,2.00,0.37,S,,PC25W32,USD,GC
70011464,01042,02,2,20250909,135741,000000005302,1,3.49,3.49,0.00,0.00,S,,,USD,GC
70011465,01042,04,1,20250909,142022,000004471023,1,3.49,3.49,0.00,0.22,S,6035884183,,USD,CC
70011465,01042,04,2,20250909,142022,000004473002,1,2.79,2.79,0.00,0.17,S,6035884183,,USD,CC
70011465,01042,04,3,20250909,142022,000004483002,2,3.49,6.98,0.00,0.44,S,6035884183,,USD,CC
70011465,01042,04,4,20250909,142022,000004473002,1,2.79,2.79,0.00,0.17,S,6035884183,,USD,CC
70011465,01042,04,5,20250909,142022,000004472003,1,3.29,3.29,0.00,0.21,S,6035884183,,USD,CC
70011465,01042,04,6,20250909,142022,000000093325,1.570,3.99,6.26,0.00,0.00,S,6035884183,,USD,CC
70011466,01042,05,1,20250909,194159,000000561002,1,7.49,7.49,0.00,0.47,S,6024938430,,USD,CS
70011467,01042,01,1,20250909,90402,000000040101,0.638,18.99,12.12,0.00,0.00,S,,,USD,CS
70011467,01042,01,2,20250909,90402,000004472003,1,3.29,3.29,0.00,0.21,S,,,USD,CS
70011467,01042,01,3,20250909,90402,000000094101,1,3.99,3.99,0.00,0.00,S,,,USD,CS
70011467,01042,01,4,20250909,90402,000004493001,1,5.49,5.49,0.00,0.34,S,,,USD,CS
70011468,01042,03,1,20250909,190700,000000551021,1,11.99,11.99,0.00,0.75,S,6024572308,,USD,DB
70011468,01042,03,2,20250909,190700,000000093325,0.483,3.99,1.93,0.00,0.00,S,6024572308,,USD,DB
70011469,01042,06,1,20250909,160214,000004483001,2,4.99,9.98,0.00,0.62,S,6045273466,,USD,CC
70011470,01107,06,1,20250909,93015,000000040202,1,14.99,14.99,0.00,0.00,S,,,USD,DB
70011470,01107,06,2,20250909,93015,000000020101,1,2.49,2.49,0.00,0.00,S,,,USD,DB
70011471,01107,06,1,20250909,180932,000004473001,1,2.99,2.99,0.00,0.19,S,6016831139,,USD,CS
70011471,01107,06,2,20250909,180932,000000093501,1,4.49,4.49,0.00,0.00,S,6016831139,,USD,CS
70011472,01107,01,1,20250909,190851,000000005101,1,7.99,7.99,0.00,0.00,S,6094096105,,USD,DB
70011473,01107,06,1,20250909,74411,000000005103,2,6.99,13.98,0.00,0.00,S,,,USD,DB
70011473,01107,06,2,20250909,74411,000000040203,2,11.99,23.98,0.00,0.00,S,,,USD,DB
70011473,01107,06,3,20250909,74411,000004473002,3,2.79,8.37,2.79,0.35,S,,MB25W32,USD,DB
70011474,01107,06,1,20250909,113814,000004472001,2,3.99,7.98,2.00,0.37,S,6075150939,PC25W32,USD,GC
70011474,01107,06,2,20250909,113814,000004493001,1,5.49,5.49,0.00,0.34,S,6075150939,,USD,GC
70011474,01107,06,3,20250909,113814,000000030103,1,8.99,8.99,2.25,0.00,S,6075150939,PC25W32,USD,GC
70011474,01107,06,4,20250909,113814,000000562001,3,10.99,32.97,0.00,2.06,S,6075150939,,USD,GC
70011475,02210,02,1,20250909,140838,000004473003,1,3.49,3.49,0.00,0.22,R,6034283644,,USD,DB
70011476,02210,01,1,20250909,191414,000004472001,1,3.99,3.99,1.00,0.19,S,,PC25W32,USD,CC
70011477,02210,04,1,20250909,192404,000004481003,1,4.99,4.99,0.00,0.31,S,,,USD,DB
70011477,02210,04,2,20250909,192404,000000030101,1,6.99,6.99,1.75,0.00,S,,PC25W32,USD,DB
70011477,02210,04,3,20250909,192404,000004482002,1,17.99,17.99,0.00,1.12,S,,,USD,DB
70011477,02210,04,4,20250909,192404,000004471040,1,2.49,2.49,0.00,0.16,S,,,USD,DB
70011478,02210,06,1,20250909,170932,000000093501,1,4.49,4.49,0.00,0.00,S,,,USD,DB
70011478,02210,06,2,20250909,170932,000000562002,1,8.49,8.49,0.00,0.53,S,,,USD,DB
70011478,02210,06,3,20250909,170932,000004481003,1,4.99,4.99,0.00,0.31,S,,,USD,DB
70011478,02210,06,4,20250909,170932,000000040102,0.551,16.99,9.36,0.00,0.00,S,,,USD,DB
70011478,02210,06,5,20250909,170932,000000562002,1,8.49,8.49,0.00,0.53,S,,,USD,DB
70011479,02210,03,1,20250909,162755,000004473001,1,2.99,2.99,0.00,0.19,S,,,USD,GC
70011480,02210,04,1,20250909,113448,000004472001,2,3.99,7.98,2.00,0.37,S,,PC25W32,USD,CS
70011481,02210,05,1,20250909,181116,000000020101,1,2.49,2.49,0.00,0.00,S,6038282586,,USD,CS
70011481,02210,05,2,20250909,181116,000004473001,1,2.99,2.99,0.00,0.19,S,6038282586,,USD,CS
70011481,02210,05,3,20250909,181116,000000093325,1.413,3.99,5.64,0.00,0.00,S,6038282586,,USD,CS
70011481,02210,05,4,20250909,181116,000004471040,1,2.49,2.49,0.00,0.16,S,6038282586,,USD,CS
70011481,02210,05,5,20250909,181116,000000005020,2,4.49,8.98,0.00,0.00,S,6038282586,,USD,CS
70011481,02210,05,6,20250909,181116,000000005201,2,3.99,7.98,0.00,0.00,S,6038282586,,USD,CS
70011482,02211,02,1,20250909,164545,000004473001,2,2.99,5.98,0.00,0.37,S,6065180170,,USD,GC
70011482,02211,02,2,20250909,164545,000000005102,3,5.49,16.47,5.49,0.00,S,6065180170,MB25W32,USD,GC
70011482,02211,02,3,20250909,164545,000000005101,1,7.99,7.99,0.00,0.00,S,6065180170,,USD,GC
70011482,02211,02,4,20250909,164545,000000005302,1,3.49,3.49,0.00,0.00,S,6065180170,,USD,GC
70011483,02305,06,1,20250909,95704,000000030203,1,8.49,8.49,0.00,0.00,S,,,USD,CC
70011483,02305,06,2,20250909,95704,000004472001,3,3.99,11.97,2.99,0.56,S,,PC25W32,USD,CC
70011483,02305,06,3,20250909,95704,000004471024,1,3.49,3.49,0.00,0.22,S,,,USD,CC
70011483,02305,06,4,20250909,95704,000000551021,3,11.99,35.97,0.00,2.25,S,,,USD,CC
70011483,02305,06,5,20250909,95704,000004481002,1,7.99,7.99,0.00,0.50,S,,,USD,CC
70011483,02305,06,6,20250909,95704,000000005101,1,7.99,7.99,0.00,0.00,S,,,USD,CC
70011484,02305,02,1,20250909,113030,000004481001,1,7.99,7.99,0.00,0.50,S,,,USD,GC
70011484,02305,02,2,20250909,113030,000000005301,1,5.49,5.49,0.00,0.00,S,,,USD,GC
70011485,02305,01,1,20250909,190514,000004471024,1,3.49,3.49,0.00,0.22,S,,,USD,GC
70011485,02305,01,2,20250909,190514,000004471040,1,2.49,2.49,0.00,0.16,S,,,USD,GC
70011486,02305,05,1,20250909,150310,000000030102,1,14.99,14.99,0.00,0.00,S,6069556076,,USD,DB
70011486,02305,05,2,20250909,150310,000000030201,2,9.99,19.98,0.00,0.00,S,6069556076,,USD,DB
70011486,02305,05,3,20250909,150310,000000020203,1,6.49,6.49,0.00,0.00,S,6069556076,,USD,DB
70011487,02305,01,1,20250909,210524,000004492003,2,2.29,4.58,0.00,0.29,S,,,USD,CS
70011487,02305,01,2,20250909,210524,000000030102,2,14.99,29.98,0.00,0.00,S,,,USD,CS
70011487,02305,01,3,20250909,210524,000000030101,2,6.99,13.98,3.50,0.00,S,,PC25W32,USD,CS
70011487,02305,01,4,20250909,210524,000000562002,1,8.49,8.49,0.00,0.53,S,,,USD,CS
70011488,02305,01,1,20250909,122421,000000040101,0.470,18.99,8.93,0.00,0.00,S,6001061817,,USD,CC
70011489,02305,05,1,20250909,145142,000000005101,3,7.99,23.97,7.99,0.00,S,,MB25W32,USD,DB
70011490,03050,06,1,20250909,73217,000000030101,2,6.99,13.98,3.50,0.00,S,,PC25W32,USD,CC
70011490,03050,06,2,20250909,73217,000000094302,1.080,5.49,5.93,0.00,0.00,S,,,USD,CC
70011491,03050,05,1,20250909,100348,000004491001,2,2.49,4.98,0.00,0.31,S,6072266025,,USD,CC
70011491,03050,05,2,20250909,100348,000004483002,2,3.49,6.98,0.00,0.44,S,6072266025,,USD,CC
70011491,03050,05,3,20250909,100348,000004492002,1,1.49,1.49,0.00,0.09,S,6072266025,,USD,CC
70011492,03050,05,1,20250909,123237,000004482002,1,17.99,17.99,0.00,1.12,S,,,USD,CC
70011492,03050,05,2,20250909,123237,000000093321,1.746,1.49,2.60,0.00,0.00,S,,,USD,CC
70011492,03050,05,3,20250909,123237,000004491002,1,6.99,6.99,0.00,0.44,S,,,USD,CC
70011492,03050,05,4,20250909,123237,000004492001,3,1.79,5.37,1.79,0.22,S,,MB25W32,USD,CC
70011492,03050,05,5,20250909,123237,000004471040,1,2.49,2.49,0.00,0.16,S,,,USD,CC
70011493,00317,05,1,20250909,83815,000000040203,1,16.29,16.29,0.00,0.00,S,,,CAD,CS
70011493,00317,05,2,20250909,83815,000000020101,1,3.39,3.39,0.00,0.00,S,,,CAD,CS
70011493,00317,05,3,20250909,83815,000004473003,1,4.69,4.69,1.17,0.22,S,,PC25W32,CAD,CS
70011493,00317,05,4,20250909,83815,000000030101,2,9.49,18.98,4.75,0.00,S,,PC25W32,CAD,CS
70011493,00317,05,5,20250909,83815,000004483002,1,4.69,4.69,0.00,0.29,S,,,CAD,CS
70011493,00317,05,6,20250909,83815,000000094101,3,5.39,16.17,0.00,0.00,S,,,CAD,CS
70011494,00317,04,1,20250909,112200,000000552002,1,5.39,5.39,0.00,0.34,S,,,CAD,GC
70011494,00317,04,2,20250909,112200,000004491001,3,3.39,10.17,0.00,0.64,S,,,CAD,GC
70011494,00317,04,3,20250909,112200,000004492001,1,2.39,2.39,0.00,0.15,S,,,CAD,GC
70011494,00317,04,4,20250909,112200,000004482001,1,18.99,18.99,0.00,1.19,S,,,CAD,GC
70011495,00317,05,1,20250909,164552,000000094301,1.013,5.99,6.07,0.00,0.00,S,,,CAD,CS
70011495,00317,05,2,20250909,164552,000000040201,1,12.19,12.19,0.00,0.00,S,,,CAD,CS
70011495,00317,05,3,20250909,164552,000000562001,1,14.89,14.89,0.00,0.93,S,,,CAD,CS
70011496,00317,02,1,20250909,200737,000000005102,3,7.49,22.47,7.49,0.00,S,,MB25W32,CAD,CS
70011496,00317,02,2,20250909,200737,000004492001,1,2.39,2.39,0.00,0.15,S,,,CAD,CS
70011496,00317,02,3,20250909,200737,000000005302,1,4.69,4.69,0.00,0.00,S,,,CAD,CS
70011496,00317,02,4,20250909,200737,000000040201,2,12.19,24.38,0.00,0.00,S,,,CAD,CS
70011497,00317,01,1,20250909,123843,000000005013,3,5.29,15.87,0.00,0.00,S,6014708272,,CAD,DB
70011497,00317,01,2,20250909,123843,000000030103,1,12.19,12.19,3.05,0.00,S,6014708272,PC25W32,CAD,DB
70011498,00317,03,1,20250909,171429,000000552002,1,5.39,5.39,0.00,0.34,S,,,CAD,CC
70011498,00317,03,2,20250909,171429,000004483001,1,6.79,6.79,0.00,0.42,S,,,CAD,CC
70011498,00317,03,3,20250909,171429,000000094201,1.573,2.29,3.60,0.00,0.00,S,,,CAD,CC
70011498,00317,03,4,20250909,171429,000004472001,1,5.39,5.39,1.35,0.25,S,,PC25W32,CAD,CC
70011499,00317,05,1,20250909,164723,000000094302,0.867,7.49,6.49,0.00,0.00,S,6024648449,,CAD,CC
70011499,00317,05,2,20250909,164723,000000005302,2,4.69,9.38,0.00,0.00,S,6024648449,,CAD,CC
70011499,00317,05,3,20250909,164723,000000020202,1,8.09,8.09,0.00,0.00,S,6024648449,,CAD,CC
70011500,00317,03,1,20250909,154517,000004472003,1,4.49,4.49,0.00,0.28,S,,,CAD,CC
70011500,00317,03,2,20250909,154517,000000093410,1.323,5.39,7.13,0.00,0.00,S,,,CAD,CC
70011500,00317,03,3,20250909,154517,000000005101,3,10.89,32.67,10.89,0.00,S,,MB25W32,CAD,CC
70011501,00317,01,1,20250909,172901,000000093322,0.269,2.69,0.72,0.00,0.00,S,,,CAD,DB
70011501,00317,01,2,20250909,172901,000004481003,1,6.79,6.79,0.00,0.42,S,,,CAD,DB
70011501,00317,01,3,20250909,172901,000000005201,2,5.39,10.78,0.00,0.00,S,,,CAD,DB
70011501,00317,01,4,20250909,172901,000000005102,1,7.49,7.49,0.00,0.00,S,,,CAD,DB
70011502,00317,06,1,20250909,140112,000000040203,2,16.29,32.58,0.00,0.00,S,6068315893,,CAD,CS
70011503,00317,06,1,20250909,172920,000000031102,1.730,27.19,47.04,0.00,0.00,S,6048235715,,CAD,CC
70011504,00322,05,1,20250909,200934,000000040101,0.299,25.79,7.71,0.00,0.00,S,,,CAD,CC
70011504,00322,05,2,20250909,200934,000004481002,2,10.89,21.78,0.00,1.36,S,,,CAD,CC
70011504,00322,05,3,20250909,200934,000004472003,1,4.49,4.49,0.00,0.28,S,,,CAD,CC
70011504,00322,05,4,20250909,200934,000004473002,2,3.79,7.58,0.00,0.47,S,,,CAD,CC
70011504,00322,05,5,20250909,200934,000000020202,1,8.09,8.09,0.00,0.00,S,,,CAD,CC
70011504,00322,05,6,20250909,200934,000000040202,1,20.39,20.39,0.00,0.00,S,,,CAD,CC
70011505,00322,03,1,20250909,174259,000004471024,2,4.69,9.38,0.00,0.59,S,6033688444,,CAD,GC
70011505,00322,03,2,20250909,174259,000000020201,1,7.49,7.49,0.00,0.00,S,6033688444,,CAD,GC
70011505,00322,03,3,20250909,174259,000000093322,1.592,2.69,4.28,0.00,0.00,S,6033688444,,CAD,GC
70011505,00322,03,4,20250909,174259,000004472003,2,4.49,8.98,0.00,0.56,S,6033688444,,CAD,GC
70011506,00322,03,1,20250909,90216,000000040201,1,12.19,12.19,0.00,0.00,S,,,CAD,CC
70011506,00322,03,2,20250909,90216,000000005301,1,7.49,7.49,0.00,0.00,S,,,CAD,CC
70011507,00322,04,1,20250909,102447,000000005013,1,5.29,5.29,0.00,0.00,S,,,CAD,DB
70011507,00322,04,2,20250909,102447,000000020202,1,8.09,8.09,0.00,0.00,S,,,CAD,DB
70011507,00322,04,3,20250909,102447,000004492050,1,2.99,2.99,0.00,0.19,S,,,CAD,DB
70011508,00322,04,1,20250909,123158,000004473002,2,3.79,7.58,0.00,0.47,S,6055616814,,CAD,DB
70011508,00322,04,2,20250909,123158,000000020201,1,7.49,7.49,0.00,0.00,S,6055616814,,CAD,DB
70011508,00322,04,3,20250909,123158,000004491002,1,9.49,9.49,0.00,0.59,S,6055616814,,CAD,DB
70011508,00322,04,4,20250909,123158,000000093410,0.322,5.39,1.74,0.00,0.00,S,6055616814,,CAD,DB
70011508,00322,04,5,20250909,123158,000000005201,2,5.39,10.78,0.00,0.00,S,6055616814,,CAD,DB
70011508,00322,04,6,20250909,123158,000000094101,1,5.39,5.39,0.00,0.00,S,6055616814,,CAD,DB
70011509,00322,02,1,20250909,92354,000000005102,1,7.49,7.49,0.00,0.00,S,,,CAD,DB
70011510,00322,01,1,20250909,111505,000000005012,1,5.39,5.39,0.00,0.00,S,6046368157,,CAD,CS
70011510,00322,01,2,20250909,111505,000000005101,1,10.89,10.89,0.00,0.00,S,6046368157,,CAD,CS
70011511,01042,04,1,20250910,185108,000000005020,2,4.49,8.98,0.00,0.00,S,6095894773,,USD,CS
70011511,01042,04,2,20250910,185108,000000005101,1,7.99,7.99,0.00,0.00,S,6095894773,,USD,CS
70011511,01042,04,3,20250910,185108,000000552001,2,4.49,8.98,0.00,0.56,S,6095894773,,USD,CS
70011512,01042,01,1,20250910,190103,000004473002,3,2.79,8.37,2.79,0.35,S,,MB25W32,USD,CC
70011512,01042,01,2,20250910,190103,000004472001,1,3.99,3.99,1.00,0.19,S,,PC25W32,USD,CC
70011512,01042,01,3,20250910,190103,000000005103,1,6.99,6.99,0.00,0.00,S,,,USD,CC
70011512,01042,01,4,20250910,190103,000000551021,1,11.99,11.99,0.00,0.75,S,,,USD,CC
70011512,01042,01,5,20250910,190103,000000020202,1,5.99,5.99,0.00,0.00,S,,,USD,CC
70011513,01042,06,1,20250910,75316,000000552001,1,4.49,4.49,0.00,0.28,S,,,USD,DB
70011513,01042,06,2,20250910,75316,000000005302,1,3.49,3.49,0.00,0.00,S,,,USD,DB
70011513,01042,06,3,20250910,75316,000000094101,3,3.99,11.97,0.00,0.00,S,,,USD,DB
70011513,01042,06,4,20250910,75316,000000005201,2,3.99,7.98,0.00,0.00,S,,,USD,DB
70011514,01042,03,1,20250910,190303,000000005101,2,7.99,15.98,0.00,0.00,S,6018401184,,USD,CC
70011514,01042,03,2,20250910,190303,000004481003,1,4.99,4.99,0.00,0.31,S,6018401184,,USD,CC
70011515,01107,02,1,20250910,183536,000004472001,1,3.99,3.99,1.00,0.19,S,6068950097,PC25W32,USD,GC
70011515,01107,02,2,20250910,183536,000000094203,1.556,1.49,2.32,0.00,0.00,S,6068950097,,USD,GC
70011516,01107,04,1,20250910,153526,000004491003,1,1.99,1.99,0.00,0.12,S,,,USD,DB
70011516,01107,04,2,20250910,153526,000000093503,1,4.29,4.29,0.00,0.00,S,,,USD,DB
70011517,01107,03,1,20250910,120755,000000040201,2,8.99,17.98,0.00,0.00,S,6049111109,,USD,CC
70011517,01107,03,2,20250910,120755,000000020203,1,6.49,6.49,0.00,0.00,S,6049111109,,USD,CC
70011517,01107,03,3,20250910,120755,000000030102,1,14.99,14.99,0.00,0.00,S,6049111109,,USD,CC
70011517,01107,03,4,20250910,120755,000000093322,1.224,1.99,2.44,0.00,0.00,S,6049111109,,USD,CC
70011518,02210,01,1,20250910,191300,000004473003,1,3.49,3.49,0.87,0.16,S,,PC25W32,USD,DB
70011519,02210,06,1,20250910,93911,000004472001,1,3.99,3.99,1.00,0.19,S,6038282586,PC25W32,USD,DB
70011519,02210,06,2,20250910,93911,000000040203,1,11.99,11.99,0.00,0.00,S,6038282586,,USD,DB
70011519,02210,06,3,20250910,93911,000004471040,1,2.49,2.49,0.00,0.16,S,6038282586,,USD,DB
70011520,02210,05,1,20250910,171524,000004492001,3,1.79,5.37,1.79,0.22,S,6093008931,MB25W32,USD,CC
70011520,02210,05,2,20250910,171524,000000005013,1,3.89,3.89,0.00,0.00,S,6093008931,,USD,CC
70011520,02210,05,3,20250910,171524,000000005201,2,3.99,7.98,0.00,0.00,S,6093008931,,USD,CC
70011521,02210,02,1,20250910,215237,000000551020,1,13.99,13.99,0.00,0.87,S,6079457727,,USD,DB
70011521,02210,02,2,20250910,215237,000000093322,1.019,1.99,2.03,0.00,0.00,S,6079457727,,USD,DB
70011522,02210,04,1,20250910,204140,000004481001,1,7.99,7.99,0.00,0.50,S,6098386384,,USD,CS
70011522,02210,04,2,20250910,204140,000000093410,0.646,3.99,2.58,0.00,0.00,S,6098386384,,USD,CS
70011522,02210,04,3,20250910,204140,000000030101,1,6.99,6.99,1.75,0.00,S,6098386384,PC25W32,USD,CS
70011522,02210,04,4,20250910,204140,000000040102,1.063,16.99,18.06,0.00,0.00,S,6098386384,,USD,CS
70011523,02210,04,1,20250910,202642,000000094202,0.400,1.99,0.80,0.00,0.00,S,6014939252,,USD,DB
70011523,02210,04,2,20250910,202642,000000040201,1,8.99,8.99,0.00,0.00,S,6014939252,,USD,DB
70011523,02210,04,3,20250910,202642,000000005101,1,7.99,7.99,0.00,0.00,S,6014939252,,USD,DB
70011524,02210,02,1,20250910,115700,000000005012,1,3.99,3.99,0.00,0.00,S,,,USD,GC
70011524,02210,02,2,20250910,115700,000000093502,1,3.99,3.99,0.00,0.00,S,,,USD,GC
70011524,02210,02,3,20250910,115700,000004473002,1,2.79,2.79,0.00,0.17,S,,,USD,GC
70011524,02210,02,4,20250910,115700,000000094202,1.242,1.99,2.47,0.00,0.00,S,,,USD,GC
70011525,02210,01,1,20250910,184046,000000005101,3,7.99,23.97,7.99,0.00,S,,MB25W32,USD,CC
70011525,02210,01,2,20250910,184046,000004472001,1,3.99,3.99,1.00,0.19,S,,PC25W32,USD,CC
70011525,02210,01,3,20250910,184046,000000030103,1,8.99,8.99,2.25,0.00,S,,PC25W32,USD,CC
70011525,02210,01,4,20250910,184046,000004492001,1,1.79,1.79,0.00,0.11,S,,,USD,CC
70011525,02210,01,5,20250910,184046,000000020201,1,5.49,5.49,0.00,0.00,S,,,USD,CC
70011526,02211,04,1,20250910,75448,000000005202,2,5.99,11.98,0.00,0.00,S,6029311005,,USD,DB
70011526,02211,04,2,20250910,75448,000004492001,3,1.79,5.37,1.79,0.22,S,6029311005,MB25W32,USD,DB
70011526,02211,04,3,20250910,75448,000004491001,1,2.49,2.49,0.00,0.16,S,6029311005,,USD,DB
70011526,02211,04,4,20250910,75448,000000020102,1,3.49,3.49,0.00,0.00,S,6029311005,,USD,DB
70011527,02211,03,1,20250910,104131,000000020203,2,6.49,12.98,0.00,0.00,S,,,USD,DB
70011528,02305,06,1,20250910,92454,000000094301,1.756,4.39,7.71,0.00,0.00,S,,,USD,DB
70011528,02305,06,2,20250910,92454,000000030101,1,6.99,6.99,1.75,0.00,S,,PC25W32,USD,DB
70011528,02305,06,3,20250910,92454,000000005013,1,3.89,3.89,0.00,0.00,S,,,USD,DB
70011529,02305,05,1,20250910,84847,000000562002,2,8.49,16.98,0.00,1.06,S,6015353961,,USD,GC
70011530,02305,03,1,20250910,125947,000000552001,2,4.49,8.98,0.00,0.56,S,,,USD,CS
70011530,02305,03,2,20250910,125947,000000094103,1,3.79,3.79,0.00,0.00,S,,,USD,CS
70011530,02305,03,3,20250910,125947,000000094302,1.877,5.49,10.30,0.00,0.00,S,,,USD,CS
70011530,02305,03,4,20250910,125947,000004493002,1,3.99,3.99,0.00,0.25,S,,,USD,CS
70011530,02305,03,5,20250910,125947,000000040201,2,8.99,17.98,0.00,0.00,S,,,USD,CS
70011530,02305,03,6,20250910,125947,000000040201,2,8.99,17.98,0.00,0.00,S,,,USD,CS
70011531,02305,06,1,20250910,104203,000004492002,1,1.49,1.49,0.00,0.09,S,,,USD,CC
70011531,02305,06,2,20250910,104203,000000040203,1,11.99,11.99,0.00,0.00,S,,,USD,CC
70011532,02305,03,1,20250910,180759,000000005102,3,5.49,16.47,5.49,0.00,S,6017537030,MB25W32,USD,GC
70011532,02305,03,2,20250910,180759,000004491001,2,2.49,4.98,0.00,0.31,S,6017537030,,USD,GC
70011533,02305,01,1,20250910,180128,000000005013,1,3.89,3.89,0.00,0.00,S,6096932591,,USD,CS
70011533,02305,01,2,20250910,180128,000000031101,0.314,24.99,7.85,0.00,0.00,S,6096932591,,USD,CS
70011534,02305,01,1,20250910,152228,000004492001,1,1.79,1.79,0.00,0.11,S,,,USD,CC
70011534,02305,01,2,20250910,152228,000004471030,2,3.99,7.98,0.00,0.50,S,,,USD,CC
70011534,02305,01,3,20250910,152228,000000005012,1,3.99,3.99,0.00,0.00,S,,,USD,CC
70011534,02305,01,4,20250910,152228,000000562002,1,8.49,8.49,0.00,0.53,S,,,USD,CC
70011534,02305,01,5,20250910,152228,000004473002,2,2.79,5.58,0.00,0.35,S,,,USD,CC
70011534,02305,01,6,20250910,152228,000004492003,1,2.29,2.29,0.00,0.14,S,,,USD,CC
70011535,02305,03,1,20250910,140108,000000030203,1,8.49,8.49,0.00,0.00,S,6005053795,,USD,DB
70011535,02305,03,2,20250910,140108,000000030101,1,6.99,6.99,1.75,0.00,S,6005053795,PC25W32,USD,DB
70011536,02305,01,1,20250910,71023,000004483001,1,4.99,4.99,0.00,0.31,S,,,USD,GC
70011537,02305,02,1,20250910,162321,000000093401,1.101,5.49,6.04,0.00,0.00,S,6082742257,,USD,GC
70011537,02305,02,2,20250910,162321,000000040201,1,8.99,8.99,0.00,0.00,S,6082742257,,USD,GC
70011537,02305,02,3,20250910,162321,000004492002,1,1.49,1.49,0.00,0.09,S,6082742257,,USD,GC
70011538,02305,04,1,20250910,175726,000004483002,3,3.49,10.47,0.00,0.65,S,6092459375,,USD,CC
70011538,02305,04,2,20250910,175726,000000005103,3,6.99,20.97,0.00,0.00,S,6092459375,,USD,CC
70011538,02305,04,3,20250910,175726,000004493002,1,3.99,3.99,0.00,0.25,S,6092459375,,USD,CC
70011538,02305,04,4,20250910,175726,000000031102,0.783,19.99,15.65,0.00,0.00,S,6092459375,,USD,CC
70011538,02305,04,5,20250910,175726,000000005302,1,3.49,3.49,0.00,0.00,S,6092459375,,USD,CC
70011539,02305,06,1,20250910,151258,000004473002,1,2.79,2.79,0.00,0.17,S,,,USD,CC
70011540,02305,02,1,20250910,114538,000004471040,1,2.49,2.49,0.00,0.16,S,6014878245,,USD,CS
70011541,02305,06,1,20250910,201520,000000094302,1.232,5.49,6.76,0.00,0.00,S,,,USD,CS
70011541,02305,06,2,20250910,201520,000000094301,1.001,4.39,4.39,0.00,0.00,S,,,USD,CS
70011541,02305,06,3,20250910,201520,000000005103,1,6.99,6.99,0.00,0.00,S,,,USD,CS
70011541,02305,06,4,20250910,201520,000000561001,1,9.99,9.99,0.00,0.62,S,,,USD,CS
70011541,02305,06,5,20250910,201520,000000030202,1,11.49,11.49,0.00,0.00,S,,,USD,CS
70011542,03050,05,1,20250910,94858,000000093501,1,4.49,4.49,0.00,0.00,S,,,USD,GC
70011542,03050,05,2,20250910,94858,000004473003,1,3.49,3.49,0.87,0.16,S,,PC25W32,USD,GC
70011542,03050,05,3,20250910,94858,000000030201,3,9.99,29.97,0.00,0.00,S,,,USD,GC
70011543,03050,02,1,20250910,104019,000000093322,1.834,1.99,3.65,0.00,0.00,S,,,USD,CC
70011543,03050,02,2,20250910,104019,000000094201,1.346,1.69,2.27,0.00,0.00,S,,,USD,CC
70011543,03050,02,3,20250910,104019,000000040102,1.167,16.99,19.83,0.00,0.00,S,,,USD,CC
70011543,03050,02,4,20250910,104019,000004491002,1,6.99,6.99,0.00,0.44,S,,,USD,CC
70011543,03050,02,5,20250910,104019,000000005103,1,6.99,6.99,0.00,0.00,S,,,USD,CC
70011543,03050,02,6,20250910,104019,000000093325,1.929,3.99,7.70,0.00,0.00,S,,,USD,CC
70011544,03050,01,1,20250910,151202,000000093325,1.844,3.99,7.36,0.00,0.00,S,6029666676,,USD,GC
70011545,03050,03,1,20250910,85829,000004473001,1,2.99,2.99,0.00,0.19,S,6053460605,,USD,GC
70011546,00317,03,1,20250910,125458,000004473001,1,4.09,4.09,0.00,0.26,S,,,CAD,CC
70011546,00317,03,2,20250910,125458,000004492003,1,3.09,3.09,0.00,0.19,S,,,CAD,CC
70011546,00317,03,3,20250910,125458,000000094102,1,4.69,4.69,0.00,0.00,S,,,CAD,CC
70011547,00317,04,1,20250910,74400,000004492001,1,2.39,2.39,0.00,0.15,S,,,CAD,CC
70011548,00317,05,1,20250910,123045,000004472001,1,5.39,5.39,1.35,0.25,S,6030806958,PC25W32,CAD,CS
70011549,00317,03,1,20250910,183758,000000030103,1,12.19,12.19,3.05,0.00,S,,PC25W32,CAD,GC
70011550,00317,05,1,20250910,101528,000000094203,1.105,1.99,2.20,0.00,0.00,S,,,CAD,CC
70011550,00317,05,2,20250910,101528,000000040102,1.544,23.09,35.65,0.00,0.00,S,,,CAD,CC
70011550,00317,05,3,20250910,101528,000000040202,1,20.39,20.39,0.00,0.00,S,,,CAD,CC
70011551,00317,04,1,20250910,163834,000000562002,2,11.49,22.98,0.00,1.44,S,6030806958,,CAD,CC
70011551,00317,04,2,20250910,163834,000000094201,0.287,2.29,0.66,0.00,0.00,S,6030806958,,CAD,CC
70011552,00317,03,1,20250910,135726,000000551020,2,18.99,37.98,0.00,2.37,S,6091476607,,CAD,GC
70011553,00317,02,1,20250910,100718,000004483001,2,6.79,13.58,0.00,0.85,S,,,CAD,DB
70011553,00317,02,2,20250910,100718,000000030101,3,9.49,28.47,7.12,0.00,S,,PC25W32,CAD,DB
70011554,00317,03,1,20250910,144843,000004492001,3,2.39,7.17,2.39,0.30,S,6016477251,MB25W32,CAD,CC
70011554,00317,03,2,20250910,144843,000000005101,3,10.89,32.67,10.89,0.00,S,6016477251,MB25W32,CAD,CC
70011554,00317,03,3,20250910,144843,000000005201,1,5.39,5.39,0.00,0.00,S,6016477251,,CAD,CC
70011555,00317,03,1,20250910,180520,000004472003,1,4.49,4.49,0.00,0.28,S,,,CAD,DB
70011555,00317,03,2,20250910,180520,000004471024,2,4.69,9.38,0.00,0.59,S,,,CAD,DB
70011556,00317,01,1,20250910,180524,000000093503,1,5.79,5.79,0.00,0.00,S,6006684335,,CAD,CC
70011556,00317,01,2,20250910,180524,000000094102,2,4.69,9.38,0.00,0.00,S,6006684335,,CAD,CC
70011557,00317,01,1,20250910,85625,000000552001,3,6.09,18.27,0.00,1.14,S,,,CAD,CC
70011557,00317,01,2,20250910,85625,000000094101,1,5.39,5.39,0.00,0.00,S,,,CAD,CC
70011558,00317,06,1,20250910,141351,000000005013,1,5.29,5.29,0.00,0.00,S,,,CAD,CS
70011558,00317,06,2,20250910,141351,000004472003,1,4.49,4.49,0.00,0.28,S,,,CAD,CS
70011558,00317,06,3,20250910,141351,000000093503,2,5.79,11.58,0.00,0.00,S,,,CAD,CS
70011558,00317,06,4,20250910,141351,000000093321,0.434,1.99,0.86,0.00,0.00,S,,,CAD,CS
70011558,00317,06,5,20250910,141351,000000093501,1,6.09,6.09,0.00,0.00,S,,,CAD,CS
70011558,00317,06,6,20250910,141351,000000005302,1,4.69,4.69,0.00,0.00,S,,,CAD,CS
70011559,00317,02,1,20250910,110913,000000093502,1,5.39,5.39,0.00,0.00,S,,,CAD,DB
70011559,00317,02,2,20250910,110913,000000093502,1,5.39,5.39,0.00,0.00,S,,,CAD,DB
70011559,00317,02,3,20250910,110913,000000030101,1,9.49,9.49,2.37,0.00,S,,PC25W32,CAD,DB
70011559,00317,02,4,20250910,110913,000000005101,1,10.89,10.89,0.00,0.00,S,,,CAD,DB
70011559,00317,02,5,20250910,110913,000004493001,1,7.49,7.49,0.00,0.47,S,,,CAD,DB
70011559,00317,02,6,20250910,110913,000004483002,1,4.69,4.69,0.00,0.29,S,,,CAD,DB
70011560,00322,03,1,20250910,112932,000004471040,1,3.39,3.39,0.00,0.21,S,,,CAD,CS
70011560,00322,03,2,20250910,112932,000000020102,1,4.69,4.69,0.00,0.00,S,,,CAD,CS
70011560,00322,03,3,20250910,112932,000000005101,3,10.89,32.67,10.89,0.00,S,,MB25W32,CAD,CS
70011560,00322,03,4,20250910,112932,000004473002,3,3.79,11.37,3.79,0.47,S,,MB25W32,CAD,CS
70011560,00322,03,5,20250910,112932,000000093502,1,5.39,5.39,0.00,0.00,S,,,CAD,CS
70011561,00322,03,1,20250910,203149,000004492003,1,3.09,3.09,0.00,0.19,S,,,CAD,CC
70011561,00322,03,2,20250910,203149,000004472001,1,5.39,5.39,1.35,0.25,S,,PC25W32,CAD,CC
70011562,00322,01,1,20250910,122640,000000040102,1.491,23.09,34.43,0.00,0.00,S,6075844663,,CAD,DB
70011562,00322,01,2,20250910,122640,000000040203,2,16.29,32.58,0.00,0.00,S,6075844663,,CAD,DB
70011563,01042,04,1,20250911,180911,000004472002,1,4.49,4.49,0.00,0.28,S,6094065578,,USD,DB
70011563,01042,04,2,20250911,180911,000000031102,0.893,19.99,17.85,0.00,0.00,S,6094065578,,USD,DB
70011563,01042,04,3,20250911,180911,000004473001,1,2.99,2.99,0.00,0.19,S,6094065578,,USD,DB
70011563,01042,04,4,20250911,180911,000004493002,2,3.99,7.98,0.00,0.50,S,6094065578,,USD,DB
70011563,01042,04,5,20250911,180911,000004471030,1,3.99,3.99,0.00,0.25,S,6094065578,,USD,DB
70011563,01042,04,6,20250911,180911,000004471024,1,3.49,3.49,0.00,0.22,S,6094065578,,USD,DB
70011564,01042,03,1,20250911,150847,000004472001,1,3.99,3.99,1.00,0.19,S,,PC25W32,USD,DB
70011564,01042,03,2,20250911,150847,000004481002,1,7.99,7.99,0.00,0.50,S,,,USD,DB
70011564,01042,03,3,20250911,150847,000000005013,1,3.89,3.89,0.00,0.00,S,,,USD,DB
70011565,01042,01,1,20250911,192604,000000040102,0.720,16.99,12.23,0.00,0.00,S,,,USD,GC
70011565,01042,01,2,20250911,192604,000000030202,1,11.49,11.49,0.00,0.00,S,,,USD,GC
70011566,01042,05,1,20250911,124618,000004481002,1,7.99,7.99,0.00,0.50,S,6089119083,,USD,CS
70011567,01042,01,1,20250911,125410,000004473002,3,2.79,8.37,2.79,0.35,S,,MB25W32,USD,DB
70011567,01042,01,2,20250911,125410,000004483001,1,4.99,4.99,0.00,0.31,S,,,USD,DB
70011567,01042,01,3,20250911,125410,000004471040,1,2.49,2.49,0.00,0.16,S,,,USD,DB
70011567,01042,01,4,20250911,125410,000000551020,1,13.99,13.99,0.00,0.87,S,,,USD,DB
70011568,01042,06,1,20250911,151106,000000093503,1,4.29,4.29,0.00,0.00,S,6063266341,,USD,CC
70011568,01042,06,2,20250911,151106,000000040201,1,8.99,8.99,0.00,0.00,S,6063266341,,USD,CC
70011569,01042,02,1,20250911,91204,000004473003,1,3.49,3.49,0.87,0.16,S,,PC25W32,USD,CC
70011569,01042,02,2,20250911,91204,000000005102,3,5.49,16.47,5.49,0.00,S,,MB25W32,USD,CC
70011569,01042,02,3,20250911,91204,000000561002,1,7.49,7.49,0.00,0.47,S,,,USD,CC
70011569,01042,02,4,20250911,91204,000000031101,1.230,24.99,30.74,0.00,0.00,S,,,USD,CC
70011570,01042,02,1,20250911,111626,000000005102,3,5.49,16.47,5.49,0.00,S,,MB25W32,USD,CC
70011570,01042,02,2,20250911,111626,000004482002,1,17.99,17.99,0.00,1.12,S,,,USD,CC
70011571,01042,01,1,20250911,183139,000000094301,0.857,4.39,3.76,0.00,0.00,S,,,USD,DB
70011571,01042,01,2,20250911,183139,000000562001,1,10.99,10.99,0.00,0.69,S,,,USD,DB
70011571,01042,01,3,20250911,183139,000000005012,1,3.99,3.99,0.00,0.00,S,,,USD,DB
70011571,01042,01,4,20250911,183139,000000094203,1.814,1.49,2.70,0.00,0.00,S,,,USD,DB
70011572,01042,03,1,20250911,115057,000004472001,1,3.99,3.99,1.00,0.19,S,6043697093,PC25W32,USD,CS
70011572,01042,03,2,20250911,115057,000000040102,0.647,16.99,10.99,0.00,0.00,S,6043697093,,USD,CS
70011572,01042,03,3,20250911,115057,000000094102,1,3.49,3.49,0.00,0.00,S,6043697093,,USD,CS
70011572,01042,03,4,20250911,115057,000004483001,2,4.99,9.98,0.00,0.62,S,6043697093,,USD,CS
70011573,01107,05,1,20250911,213713,000000020203,1,6.49,6.49,0.00,0.00,S,,,USD,DB
70011573,01107,05,2,20250911,213713,000000005102,3,5.49,16.47,5.49,0.00,S,,MB25W32,USD,DB
70011574,01107,04,1,20250911,115926,000000030101,1,6.99,6.99,1.75,0.00,S,,PC25W32,USD,CC
70011574,01107,04,2,20250911,115926,000004492001,3,1.79,5.37,1.79,0.22,S,,MB25W32,USD,CC
70011574,01107,04,3,20250911,115926,000000020102,1,3.49,3.49,0.00,0.00,S,,,USD,CC
70011575,01107,03,1,20250911,72553,000000040203,1,11.99,11.99,0.00,0.00,S,6049329668,,USD,CC
70011575,01107,03,2,20250911,72553,000004493002,1,3.99,3.99,0.00,0.25,S,6049329668,,USD,CC
70011576,01107,02,1,20250911,110013,000000040201,1,8.99,8.99,0.00,0.00,S,6094096105,,USD,CC
70011576,01107,02,2,20250911,110013,000000005302,1,3.49,3.49,0.00,0.00,S,6094096105,,USD,CC
70011576,01107,02,3,20250911,110013,000000005201,1,3.99,3.99,0.00,0.00,S,6094096105,,USD,CC
70011576,01107,02,4,20250911,110013,000000005202,1,5.99,5.99,0.00,0.00,S,6094096105,,USD,CC
70011576,01107,02,5,20250911,110013,000000040203,1,11.99,11.99,0.00,0.00,S,6094096105,,USD,CC
70011577,02210,05,1,20250911,182404,000000005102,3,5.49,16.47,5.49,0.00,S,6061337184,MB25W32,USD,DB
70011577,02210,05,2,20250911,182404,000004493002,1,3.99,3.99,0.00,0.25,S,6061337184,,USD,DB
70011577,02210,05,3,20250911,182404,000000094203,1.209,1.49,1.80,0.00,0.00,S,6061337184,,USD,DB
70011577,02210,05,4,20250911,182404,000000005020,3,4.49,13.47,0.00,0.00,S,6061337184,,USD,DB
70011578,02211,03,1,20250911,174745,000000040202,1,14.99,14.99,0.00,0.00,S,,,USD,DB
70011578,02211,03,2,20250911,174745,000004492002,1,1.49,1.49,0.00,0.09,S,,,USD,DB
70011578,02211,03,3,20250911,174745,000000040202,3,14.99,44.97,0.00,0.00,S,,,USD,DB
70011578,02211,03,4,20250911,174745,000004472001,1,3.99,3.99,1.00,0.19,S,,PC25W32,USD,DB
70011579,02211,03,1,20250911,182904,000004473001,1,2.99,2.99,0.00,0.19,S,6036577449,,USD,DB
70011579,02211,03,2,20250911,182904,000004472001,1,3.99,3.99,1.00,0.19,S,6036577449,PC25W32,USD,DB
70011580,02211,04,1,20250911,143934,000004493001,1,5.49,5.49,0.00,0.34,S,6064957823,,USD,GC
70011581,02305,03,1,20250911,172648,000000094101,1,3.99,3.99,0.00,0.00,S,,,USD,CC
70011581,02305,03,2,20250911,172648,000004491003,1,1.99,1.99,0.00,0.12,S,,,USD,CC
70011581,02305,03,3,20250911,172648,000000005202,1,5.99,5.99,0.00,0.00,S,,,USD,CC
70011581,02305,03,4,20250911,172648,000000030103,1,8.99,8.99,2.25,0.00,S,,PC25W32,USD,CC
70011582,02305,05,1,20250911,131557,000004471024,3,3.49,10.47,0.00,0.65,S,6082210217,,USD,CS
70011582,02305,05,2,20250911,131557,000000040203,1,11.99,11.99,0.00,0.00,S,6082210217,,USD,CS
70011582,02305,05,3,20250911,131557,000000005101,3,7.99,23.97,7.99,0.00,S,6082210217,MB25W32,USD,CS
70011582,02305,05,4,20250911,131557,000004482001,1,13.99,13.99,0.00,0.87,S,6082210217,,USD,CS
70011583,02305,04,1,20250911,103406,000000030102,1,14.99,14.99,0.00,0.00,S,,,USD,CS
70011583,02305,04,2,20250911,103406,000000005201,3,3.99,11.97,0.00,0.00,S,,,USD,CS
70011584,02305,05,1,20250911,193123,000004481002,3,7.99,23.97,0.00,1.50,S,,,USD,DB
70011584,02305,05,2,20250911,193123,000000094202,1.828,1.99,3.64,0.00,0.00,S,,,USD,DB
70011584,02305,05,3,20250911,193123,000004481001,2,7.99,15.98,0.00,1.00,S,,,USD,DB
70011584,02305,05,4,20250911,193123,000004493002,3,3.99,11.97,0.00,0.75,S,,,USD,DB
70011585,02305,01,1,20250911,154220,000000005012,1,3.99,3.99,0.00,0.00,S,,,USD,GC
70011585,02305,01,2,20250911,154220,000000093321,1.815,1.49,2.70,0.00,0.00,S,,,USD,GC
70011586,02305,04,1,20250911,114135,000000094102,1,3.49,3.49,0.00,0.00,R,6050184819,,USD,GC
70011587,02305,02,1,20250911,82335,000000005102,3,5.49,16.47,5.49,0.00,S,6036060148,MB25W32,USD,DB
70011587,02305,02,2,20250911,82335,000000040201,1,8.99,8.99,0.00,0.00,S,6036060148,,USD,DB
70011587,02305,02,3,20250911,82335,000000093321,0.867,1.49,1.29,0.00,0.00,S,6036060148,,USD,DB
70011588,02305,01,1,20250911,145707,000000005201,1,3.99,3.99,0.00,0.00,S,,,USD,GC
70011588,02305,01,2,20250911,145707,000000020103,1,4.99,4.99,0.00,0.00,S,,,USD,GC
70011589,02305,06,1,20250911,205650,000000030201,1,9.99,9.99,0.00,0.00,S,6022161070,,USD,CS
70011589,02305,06,2,20250911,205650,000000020103,1,4.99,4.99,0.00,0.00,S,6022161070,,USD,CS
70011589,02305,06,3,20250911,205650,000000020103,1,4.99,4.99,0.00,0.00,S,6022161070,,USD,CS
70011590,02305,03,1,20250911,102944,000004491001,1,2.49,2.49,0.00,0.16,S,,,USD,CS
70011590,02305,03,2,20250911,102944,000000094301,0.306,4.39,1.34,0.00,0.00,S,,,USD,CS
70011590,02305,03,3,20250911,102944,000000005201,1,3.99,3.99,0.00,0.00,S,,,USD,CS
70011590,02305,03,4,20250911,102944,000000040101,2.084,18.99,39.58,0.00,0.00,S,,,USD,CS
70011590,02305,03,5,20250911,102944,000004481001,1,7.99,7.99,0.00,0.50,S,,,USD,CS
70011590,02305,03,6,20250911,102944,000000552002,1,3.99,3.99,0.00,0.25,S,,,USD,CS
70011590,02305,03,7,20250911,102944,000004481001,1,7.99,7.99,0.00,0.50,V,,,USD,CS
70011591,02305,02,1,20250911,204339,000000020201,2,5.49,10.98,0.00,0.00,S,6034721228,,USD,GC
70011591,02305,02,2,20250911,204339,000000094103,1,3.79,3.79,0.00,0.00,S,6034721228,,USD,GC
70011592,02305,01,1,20250911,182503,000000030103,1,8.99,8.99,2.25,0.00,S,6093802620,PC25W32,USD,GC
70011593,02305,05,1,20250911,145407,000000093325,1.926,3.99,7.68,0.00,0.00,S,6055616814,,USD,DB
70011593,02305,05,2,20250911,145407,000004492001,2,1.79,3.58,0.00,0.22,S,6055616814,,USD,DB
70011594,03050,04,1,20250911,190345,000004492001,1,1.79,1.79,0.00,0.11,S,,,USD,DB
70011595,03050,04,1,20250911,195509,000004492002,1,1.49,1.49,0.00,0.09,S,,,USD,CS
70011595,03050,04,2,20250911,195509,000000094201,0.502,1.69,0.85,0.00,0.00,S,,,USD,CS
70011595,03050,04,3,20250911,195509,000004492002,1,1.49,1.49,0.00,0.09,S,,,USD,CS
70011596,03050,02,1,20250911,171754,000000093401,1.056,5.49,5.80,0.00,0.00,S,6061203471,,USD,CC
70011597,03050,06,1,20250911,180639,000000005301,2,5.49,10.98,0.00,0.00,S,,,USD,CS
70011597,03050,06,2,20250911,180639,000004472001,1,3.99,3.99,1.00,0.19,S,,PC25W32,USD,CS
70011598,03050,01,1,20250911,212608,000004482001,1,13.99,13.99,0.00,0.87,S,,,USD,DB
70011598,03050,01,2,20250911,212608,000000093321,0.968,1.49,1.44,0.00,0.00,S,,,USD,DB
70011599,03050,05,1,20250911,72454,000004482003,1,5.49,5.49,0.00,0.34,S,,,USD,CS
70011599,03050,05,2,20250911,72454,000000031102,0.749,19.99,14.97,0.00,0.00,S,,,USD,CS
70011599,03050,05,3,20250911,72454,000004471024,1,3.49,3.49,0.00,0.22,S,,,USD,CS
70011599,03050,05,4,20250911,72454,000004482003,1,5.49,5.49,0.00,0.34,V,,,USD,CS
70011600,03050,01,1,20250911,71232,000004473003,1,3.49,3.49,0.87,0.16,S,,PC25W32,USD,CS
70011600,03050,01,2,20250911,71232,000000030103,3,8.99,26.97,6.74,0.00,S,,PC25W32,USD,CS
70011601,00317,04,1,20250911,191725,000000030103,1,12.19,12.19,3.05,0.00,S,,PC25W32,CAD,GC
70011601,00317,04,2,20250911,191725,000000093402,2.070,4.49,9.29,0.00,0.00,S,,,CAD,GC
70011602,00317,02,1,20250911,162911,000000030203,1,11.49,11.49,0.00,0.00,S,6031310094,,CAD,DB
70011602,00317,02,2,20250911,162911,000004472050,1,5.39,5.39,0.00,0.34,S,6031310094,,CAD,DB
70011602,00317,02,3,20250911,162911,000004492050,1,2.99,2.99,0.00,0.19,S,6031310094,,CAD,DB
70011603,00317,02,1,20250911,74552,000000040202,1,20.39,20.39,0.00,0.00,S,,,CAD,DB
70011603,00317,02,2,20250911,74552,000004483001,1,6.79,6.79,0.00,0.42,S,,,CAD,DB
70011604,00317,04,1,20250911,93528,000000030101,1,9.49,9.49,2.37,0.00,S,,PC25W32,CAD,CC
70011604,00317,04,2,20250911,93528,000004473002,1,3.79,3.79,0.00,0.24,S,,,CAD,CC
70011604,00317,04,3,20250911,93528,000004472002,1,6.09,6.09,0.00,0.38,S,,,CAD,CC
70011605,00317,01,1,20250911,91425,000004471024,1,4.69,4.69,0.00,0.29,S,6064455618,,CAD,DB
70011605,00317,01,2,20250911,91425,000000020101,1,3.39,3.39,0.00,0.00,S,6064455618,,CAD,DB
70011606,00317,06,1,20250911,115312,000000020203,2,8.79,17.58,0.00,0.00,S,,,CAD,CC
70011607,00317,02,1,20250911,75903,000000030101,3,9.49,28.47,7.12,0.00,S,6088191485,PC25W32,CAD,GC
70011608,00317,02,1,20250911,193227,000000552002,2,5.39,10.78,0.00,0.67,S,,,CAD,DB
70011608,00317,02,2,20250911,193227,000000005101,3,10.89,32.67,10.89,0.00,S,,MB25W32,CAD,DB
70011608,00317,02,3,20250911,193227,000000093502,2,5.39,10.78,0.00,0.00,S,,,CAD,DB
70011609,00317,04,1,20250911,181226,000000005101,1,10.89,10.89,0.00,0.00,R,,,CAD,DB
70011610,00317,04,1,20250911,101849,000004471040,2,3.39,6.78,0.00,0.42,S,,,CAD,DB
70011610,00317,04,2,20250911,101849,000000005103,1,9.49,9.49,0.00,0.00,S,,,CAD,DB
70011610,00317,04,3,20250911,101849,000000030202,2,15.59,31.18,0.00,0.00,S,,,CAD,DB
70011610,00317,04,4,20250911,101849,000000040102,1.028,23.09,23.74,0.00,0.00,S,,,CAD,DB
70011610,00317,04,5,20250911,101849,000000005202,1,8.09,8.09,0.00,0.00,S,,,CAD,DB
70011611,00317,03,1,20250911,181608,000004473002,3,3.79,11.37,3.79,0.47,S,6057937639,MB25W32,CAD,DB
70011612,00322,04,1,20250911,201517,000000040201,2,12.19,24.38,0.00,0.00,S,,,CAD,DB
70011613,00322,06,1,20250911,82252,000000020201,3,7.49,22.47,0.00,0.00,S,6097490961,,CAD,GC
70011613,00322,06,2,20250911,82252,000000005102,3,7.49,22.47,7.49,0.00,S,6097490961,MB25W32,CAD,GC
70011613,00322,06,3,20250911,82252,000004472001,1,5.39,5.39,1.35,0.25,S,6097490961,PC25W32,CAD,GC
70011614,00322,04,1,20250911,162150,000000040203,1,16.29,16.29,0.00,0.00,S,,,CAD,DB
70011614,00322,04,2,20250911,162150,000004483001,1,6.79,6.79,0.00,0.42,S,,,CAD,DB
70011615,01042,03,1,20250912,204007,000004482001,1,13.99,13.99,0.00,0.87,S,6098221053,,USD,DB
70011615,01042,03,2,20250912,204007,000004472001,3,3.99,11.97,2.99,0.56,S,6098221053,PC25W32,USD,DB
70011615,01042,03,3,20250912,204007,000000005102,3,5.49,16.47,5.49,0.00,S,6098221053,MB25W32,USD,DB
70011615,01042,03,4,20250912,204007,000000040203,3,11.99,35.97,0.00,0.00,S,6098221053,,USD,DB
70011615,01042,03,5,20250912,204007,000004471024,1,3.49,3.49,0.00,0.22,S,6098221053,,USD,DB
70011616,01042,05,1,20250912,83319,000004483001,1,4.99,4.99,0.00,0.31,S,,,USD,DB
70011617,01042,06,1,20250912,134145,000004473002,1,2.79,2.79,0.00,0.17,S,6003172351,,USD,DB
70011617,01042,06,2,20250912,134145,000000005013,1,3.89,3.89,0.00,0.00,S,6003172351,,USD,DB
70011617,01042,06,3,20250912,134145,000000005301,1,5.49,5.49,0.00,0.00,S,6003172351,,USD,DB
70011617,01042,06,4,20250912,134145,000004493001,2,5.49,10.98,0.00,0.69,S,6003172351,,USD,DB
70011618,01042,05,1,20250912,93900,000000020101,1,2.49,2.49,0.00,0.00,S,,,USD,DB
70011618,01042,05,2,20250912,93900,000000020103,1,4.99,4.99,0.00,0.00,S,,,USD,DB
70011619,01042,01,1,20250912,95503,000000094103,2,3.79,7.58,0.00,0.00,S,6035884183,,USD,CC
70011619,01042,01,2,20250912,95503,000000093321,0.315,1.49,0.47,0.00,0.00,S,6035884183,,USD,CC
70011619,01042,01,3,20250912,95503,000004483001,2,4.99,9.98,0.00,0.62,S,6035884183,,USD,CC
70011619,01042,01,4,20250912,95503,000000020101,2,2.49,4.98,0.00,0.00,S,6035884183,,USD,CC
70011619,01042,01,5,20250912,95503,000000040202,1,14.99,14.99,0.00,0.00,S,6035884183,,USD,CC
70011619,01042,01,6,20250912,95503,000000005101,3,7.99,23.97,7.99,0.00,S,6035884183,MB25W32,USD,CC
70011620,01042,04,1,20250912,71949,000000040101,1.089,18.99,20.68,0.00,0.00,S,,,USD,CC
70011621,01042,02,1,20250912,203445,000000005012,1,3.99,3.99,0.00,0.00,S,6028137214,,USD,GC
70011621,01042,02,2,20250912,203445,000000093410,1.410,3.99,5.63,0.00,0.00,S,6028137214,,USD,GC
70011621,01042,02,3,20250912,203445,000000552002,2,3.99,7.98,0.00,0.50,S,6028137214,,USD,GC
70011621,01042,02,4,20250912,203445,000000040203,1,11.99,11.99,0.00,0.00,S,6028137214,,USD,GC
70011621,01042,02,5,20250912,203445,000000005302,1,3.49,3.49,0.00,0.00,S,6028137214,,USD,GC
70011621,01042,02,6,20250912,203445,000000040101,0.261,18.99,4.96,0.00,0.00,S,6028137214,,USD,GC
70011622,01107,02,1,20250912,94001,000000005020,1,4.49,4.49,0.00,0.00,S,,,USD,CS
70011622,01107,02,2,20250912,94001,000004483002,2,3.49,6.98,0.00,0.44,S,,,USD,CS
70011622,01107,02,3,20250912,94001,000000040202,1,14.99,14.99,0.00,0.00,S,,,USD,CS
70011622,01107,02,4,20250912,94001,000004471030,1,3.99,3.99,0.00,0.25,S,,,USD,CS
70011623,01107,01,1,20250912,132923,000000040101,1.004,18.99,19.07,0.00,0.00,S,,,USD,GC
70011624,01107,01,1,20250912,183246,000000020103,2,4.99,9.98,0.00,0.00,S,6092753269,,USD,DB
70011624,01107,01,2,20250912,183246,000000020101,1,2.49,2.49,0.00,0.00,S,6092753269,,USD,DB
70011624,01107,01,3,20250912,183246,000000005101,3,7.99,23.97,7.99,0.00,S,6092753269,MB25W32,USD,DB
70011624,01107,01,4,20250912,183246,000000005201,1,3.99,3.99,0.00,0.00,S,6092753269,,USD,DB
70011624,01107,01,5,20250912,183246,000004491001,1,2.49,2.49,0.00,0.16,S,6092753269,,USD,DB
70011625,01107,05,1,20250912,80212,000004472002,2,4.49,8.98,0.00,0.56,S,,,USD,CC
70011625,01107,05,2,20250912,80212,000000040102,1.520,16.99,25.82,0.00,0.00,S,,,USD,CC
70011625,01107,05,3,20250912,80212,000004472001,1,3.99,3.99,1.00,0.19,S,,PC25W32,USD,CC
70011625,01107,05,4,20250912,80212,000004493002,1,3.99,3.99,0.00,0.25,S,,,USD,CC
70011625,01107,05,5,20250912,80212,000004483001,1,4.99,4.99,0.00,0.31,S,,,USD,CC
70011625,01107,05,6,20250912,80212,000000040202,1,14.99,14.99,0.00,0.00,S,,,USD,CC
70011626,01107,05,1,20250912,121629,000000005020,1,4.49,4.49,0.00,0.00,S,,,USD,DB
70011626,01107,05,2,20250912,121629,000000005103,1,6.99,6.99,0.00,0.00,S,,,USD,DB
70011626,01107,05,3,20250912,121629,000000040203,1,11.99,11.99,0.00,0.00,S,,,USD,DB
70011627,01107,02,1,20250912,115517,000000005201,1,3.99,3.99,0.00,0.00,S,6093466766,,USD,DB
70011627,01107,02,2,20250912,115517,000000562001,1,10.99,10.99,0.00,0.69,S,6093466766,,USD,DB
70011627,01107,02,3,20250912,115517,000000093401,0.607,5.49,3.33,0.00,0.00,S,6093466766,,USD,DB
70011628,01107,04,1,20250912,161716,000000552001,1,4.49,4.49,0.00,0.28,S,,,USD,DB
70011628,01107,04,2,20250912,161716,000004471030,1,3.99,3.99,0.00,0.25,S,,,USD,DB
70011628,01107,04,3,20250912,161716,000000551020,2,13.99,27.98,0.00,1.75,S,,,USD,DB
70011628,01107,04,4,20250912,161716,000004472001,1,3.99,3.99,1.00,0.19,S,,PC25W32,USD,DB
70011628,01107,04,5,20250912,161716,000004482001,1,13.99,13.99,0.00,0.87,S,,,USD,DB
70011629,02210,02,1,20250912,144829,000004492001,1,1.79,1.79,0.00,0.11,S,,,USD,CC
70011629,02210,02,2,20250912,144829,000004492002,2,1.49,2.98,0.00,0.19,S,,,USD,CC
70011630,02210,06,1,20250912,83553,000000040201,1,8.99,8.99,0.00,0.00,S,,,USD,CS
70011630,02210,06,2,20250912,83553,000000094101,3,3.99,11.97,0.00,0.00,S,,,USD,CS
70011630,02210,06,3,20250912,83553,000000005020,1,4.49,4.49,0.00,0.00,S,,,USD,CS
70011630,02210,06,4,20250912,83553,000000030103,2,8.99,17.98,4.50,0.00,S,,PC25W32,USD,CS
70011631,02210,04,1,20250912,93428,000004481002,1,7.99,7.99,0.00,0.50,S,6028519611,,USD,DB
70011631,02210,04,2,20250912,93428,000004491001,1,2.49,2.49,0.00,0.16,S,6028519611,,USD,DB
70011632,02210,03,1,20250912,211054,000004471030,2,3.99,7.98,0.00,0.50,S,6075676670,,USD,GC
70011632,02210,03,2,20250912,211054,000004483001,3,4.99,14.97,0.00,0.94,S,6075676670,,USD,GC
70011632,02210,03,3,20250912,211054,000004481001,1,7.99,7.99,0.00,0.50,S,6075676670,,USD,GC
70011632,02210,03,4,20250912,211054,000004481002,1,7.99,7.99,0.00,0.50,S,6075676670,,USD,GC
70011632,02210,03,5,20250912,211054,000004482003,1,5.49,5.49,0.00,0.34,S,6075676670,,USD,GC
70011633,02210,01,1,20250912,141253,000000094301,1.343,4.39,5.90,0.00,0.00,S,6038569557,,USD,DB
70011633,02210,01,2,20250912,141253,000004473002,1,2.79,2.79,0.00,0.17,S,6038569557,,USD,DB
70011634,02210,04,1,20250912,153944,000004491003,2,1.99,3.98,0.00,0.25,S,6082357845,,USD,DB
70011634,02210,04,2,20250912,153944,000004472001,1,3.99,3.99,1.00,0.19,S,6082357845,PC25W32,USD,DB
70011635,02210,01,1,20250912,102247,000000005301,3,5.49,16.47,0.00,0.00,S,,,USD,CC
70011636,02210,05,1,20250912,132503,000004473001,1,2.99,2.99,0.00,0.19,S,,,USD,GC
70011636,02210,05,2,20250912,132503,000000005103,2,6.99,13.98,0.00,0.00,S,,,USD,GC
70011636,02210,05,3,20250912,132503,000000005301,2,5.49,10.98,0.00,0.00,S,,,USD,GC
70011637,02210,01,1,20250912,202525,000000093401,0.465,5.49,2.55,0.00,0.00,S,,,USD,DB
70011637,02210,01,2,20250912,202525,000000094201,0.263,1.69,0.44,0.00,0.00,S,,,USD,DB
70011637,02210,01,3,20250912,202525,000004473003,1,3.49,3.49,0.87,0.16,S,,PC25W32,USD,DB
70011637,02210,01,4,20250912,202525,000000094203,0.957,1.49,1.43,0.00,0.00,S,,,USD,DB
70011637,02210,01,5,20250912,202525,000000030102,1,14.99,14.99,0.00,0.00,S,,,USD,DB
70011638,02211,01,1,20250912,92551,000004493002,2,3.99,7.98,0.00,0.50,S,6036279246,,USD,CS
70011639,02211,06,1,20250912,101443,000000040201,1,8.99,8.99,0.00,0.00,S,6074902504,,USD,CC
70011639,02211,06,2,20250912,101443,000000005102,3,5.49,16.47,5.49,0.00,S,6074902504,MB25W32,USD,CC
70011639,02211,06,3,20250912,101443,000000005301,1,5.49,5.49,0.00,0.00,S,6074902504,,USD,CC
70011640,02211,05,1,20250912,140254,000000005302,1,3.49,3.49,0.00,0.00,S,6086298579,,USD,CC
70011640,02211,05,2,20250912,140254,000004471024,2,3.49,6.98,0.00,0.44,S,6086298579,,USD,CC
70011640,02211,05,3,20250912,140254,000004483002,1,3.49,3.49,0.00,0.22,S,6086298579,,USD,CC
70011641,02211,05,1,20250912,194048,000004473003,3,3.49,10.47,2.62,0.49,S,,PC25W32,USD,CC
70011641,02211,05,2,20250912,194048,000000094202,2.173,1.99,4.32,0.00,0.00,S,,,USD,CC
70011642,02211,06,1,20250912,122422,000000005202,1,5.99,5.99,0.00,0.00,S,,,USD,CC
70011642,02211,06,2,20250912,122422,000004473002,3,2.79,8.37,2.79,0.35,S,,MB25W32,USD,CC
70011643,02211,05,1,20250912,152543,000004482001,1,13.99,13.99,0.00,0.87,S,6028341108,,USD,DB
70011643,02211,05,2,20250912,152543,000004472001,1,3.99,3.99,1.00,0.19,S,6028341108,PC25W32,USD,DB
70011643,02211,05,3,20250912,152543,000004491003,1,1.99,1.99,0.00,0.12,S,6028341108,,USD,DB
70011643,02211,05,4,20250912,152543,000000020101,1,2.49,2.49,0.00,0.00,S,6028341108,,USD,DB
70011644,02211,03,1,20250912,175229,000004481002,1,7.99,7.99,0.00,0.50,S,,,USD,GC
70011644,02211,03,2,20250912,175229,000000093321,1.320,1.49,1.97,0.00,0.00,S,,,USD,GC
70011644,02211,03,3,20250912,175229,000004473003,1,3.49,3.49,0.87,0.16,S,,PC25W32,USD,GC
70011644,02211,03,4,20250912,175229,000004472001,1,3.99,3.99,1.00,0.19,S,,PC25W32,USD,GC
70011644,02211,03,5,20250912,175229,000004492003,1,2.29,2.29,0.00,0.14,S,,,USD,GC
70011645,02305,01,1,20250912,100811,000004492001,3,1.79,5.37,1.79,0.22,S,,MB25W32,USD,DB
70011646,02305,02,1,20250912,145436,000000093501,1,4.49,4.49,0.00,0.00,S,6070184094,,USD,GC
70011646,02305,02,2,20250912,145436,000000561001,1,9.99,9.99,0.00,0.62,S,6070184094,,USD,GC
70011646,02305,02,3,20250912,145436,000004483002,2,3.49,6.98,0.00,0.44,S,6070184094,,USD,GC
70011646,02305,02,4,20250912,145436,000004493001,1,5.49,5.49,0.00,0.34,S,6070184094,,USD,GC
70011646,02305,02,5,20250912,145436,000004493002,2,3.99,7.98,0.00,0.50,S,6070184094,,USD,GC
70011646,02305,02,6,20250912,145436,000004491001,2,2.49,4.98,0.00,0.31,S,6070184094,,USD,GC
70011647,02305,05,1,20250912,132713,000004473001,1,2.99,2.99,0.00,0.19,S,,,USD,CS
70011647,02305,05,2,20250912,132713,000000040101,1.275,18.99,24.21,0.00,0.00,S,,,USD,CS
70011647,02305,05,3,20250912,132713,000004473003,1,3.49,3.49,0.87,0.16,S,,PC25W32,USD,CS
70011648,02305,06,1,20250912,102537,000000562001,1,10.99,10.99,0.00,0.69,S,,,USD,DB
70011649,02305,06,1,20250912,145954,000004482003,1,5.49,5.49,0.00,0.34,S,,,USD,CS
70011649,02305,06,2,20250912,145954,000000093321,1.465,1.49,2.18,0.00,0.00,S,,,USD,CS
70011650,02305,06,1,20250912,90541,000004472001,1,3.99,3.99,1.00,0.19,S,6000051553,PC25W32,USD,CS
70011650,02305,06,2,20250912,90541,000000094302,1.275,5.49,7.00,0.00,0.00,S,6000051553,,USD,CS
70011651,02305,03,1,20250912,133831,000004471024,1,3.49,3.49,0.00,0.22,S,,,USD,CC
70011651,02305,03,2,20250912,133831,000000551020,2,13.99,27.98,0.00,1.75,S,,,USD,CC
70011651,02305,03,3,20250912,133831,000004482003,1,5.49,5.49,0.00,0.34,S,,,USD,CC
70011651,02305,03,4,20250912,133831,000000020203,1,6.49,6.49,0.00,0.00,S,,,USD,CC
70011651,02305,03,5,20250912,133831,000004473002,1,2.79,2.79,0.00,0.17,S,,,USD,CC
70011651,02305,03,6,20250912,133831,000000561001,1,9.99,9.99,0.00,0.62,S,,,USD,CC
70011652,02305,06,1,20250912,154318,000004472002,1,4.49,4.49,0.00,0.28,S,,,USD,DB
70011652,02305,06,2,20250912,154318,000004482001,1,13.99,13.99,0.00,0.87,S,,,USD,DB
70011652,02305,06,3,20250912,154318,000000094301,1.890,4.39,8.30,0.00,0.00,S,,,USD,DB
70011653,02305,05,1,20250912,82352,000000030103,1,8.99,8.99,2.25,0.00,S,,PC25W32,USD,GC
70011653,02305,05,2,20250912,82352,000000020102,2,3.49,6.98,0.00,0.00,S,,,USD,GC
70011653,02305,05,3,20250912,82352,000000030103,2,8.99,17.98,4.50,0.00,S,,PC25W32,USD,GC
70011653,02305,05,4,20250912,82352,000000094302,0.864,5.49,4.74,0.00,0.00,S,,,USD,GC
70011654,02305,05,1,20250912,82610,000004472003,1,3.29,3.29,0.00,0.21,S,6057540900,,USD,DB
70011655,02305,02,1,20250912,93140,000004491001,1,2.49,2.49,0.00,0.16,S,,,USD,CC
70011655,02305,02,2,20250912,93140,000000030101,1,6.99,6.99,1.75,0.00,S,,PC25W32,USD,CC
70011655,02305,02,3,20250912,93140,000000005201,1,3.99,3.99,0.00,0.00,S,,,USD,CC
70011655,02305,02,4,20250912,93140,000004472002,1,4.49,4.49,0.00,0.28,S,,,USD,CC
70011656,02305,06,1,20250912,143831,000000551020,2,13.99,27.98,0.00,1.75,S,,,USD,CC
70011656,02305,06,2,20250912,143831,000000030102,1,14.99,14.99,0.00,0.00,S,,,USD,CC
70011656,02305,06,3,20250912,143831,000000040101,2.182,18.99,41.44,0.00,0.00,S,,,USD,CC
70011657,02305,01,1,20250912,182634,000000020201,1,5.49,5.49,0.00,0.00,S,,,USD,GC
70011657,02305,01,2,20250912,182634,000000040201,1,8.99,8.99,0.00,0.00,S,,,USD,GC
70011657,02305,01,3,20250912,182634,000000005020,2,4.49,8.98,0.00,0.00,S,,,USD,GC
70011657,02305,01,4,20250912,182634,000004473002,1,2.79,2.79,0.00,0.17,S,,,USD,GC
70011658,02305,06,1,20250912,133124,000004482003,1,5.49,5.49,0.00,0.34,S,6038164321,,USD,CC
70011658,02305,06,2,20250912,133124,000000020101,1,2.49,2.49,0.00,0.00,S,6038164321,,USD,CC
70011658,02305,06,3,20250912,133124,000004483002,1,3.49,3.49,0.00,0.22,S,6038164321,,USD,CC
70011659,03050,03,1,20250912,211754,000000005012,1,3.99,3.99,0.00,0.00,S,,,USD,CC
70011659,03050,03,2,20250912,211754,000000005101,3,7.99,23.97,7.99,0.00,S,,MB25W32,USD,CC
70011660,03050,04,1,20250912,102435,000004472001,1,3.99,3.99,1.00,0.19,S,6016580464,PC25W32,USD,CS
70011661,03050,04,1,20250912,204458,000004471024,2,3.49,6.98,0.00,0.44,S,,,USD,DB
70011662,03050,05,1,20250912,141249,000000040202,1,14.99,14.99,0.00,0.00,S,6060723111,,USD,DB
70011663,03050,04,1,20250912,170139,000000094203,1.670,1.49,2.49,0.00,0.00,S,6071175957,,USD,DB
70011664,03050,01,1,20250912,83353,000000552002,1,3.99,3.99,0.00,0.25,S,6090603202,,USD,CS
70011664,03050,01,2,20250912,83353,000000040201,1,8.99,8.99,0.00,0.00,S,6090603202,,USD,CS
70011664,03050,01,3,20250912,83353,000004491003,1,1.99,1.99,0.00,0.12,S,6090603202,,USD,CS
70011665,03050,06,1,20250912,144128,000004493002,1,3.99,3.99,0.00,0.25,S,,,USD,CS
70011666,03050,05,1,20250912,80620,000000094301,1.714,4.39,7.52,0.00,0.00,S,,,USD,DB
70011666,03050,05,2,20250912,80620,000000005102,3,5.49,16.47,5.49,0.00,S,,MB25W32,USD,DB
70011666,03050,05,3,20250912,80620,000000562001,1,10.99,10.99,0.00,0.69,S,,,USD,DB
70011666,03050,05,4,20250912,80620,000000093325,0.577,3.99,2.30,0.00,0.00,S,,,USD,DB
70011667,03050,04,1,20250912,151415,000000094301,2.048,4.39,8.99,0.00,0.00,S,6062053364,,USD,CC
70011667,03050,04,2,20250912,151415,000004491001,2,2.49,4.98,0.00,0.31,S,6062053364,,USD,CC
70011667,03050,04,3,20250912,151415,000000094301,1.123,4.39,4.93,0.00,0.00,S,6062053364,,USD,CC
70011667,03050,04,4,20250912,151415,000000093501,1,4.49,4.49,0.00,0.00,S,6062053364,,USD,CC
70011668,03050,01,1,20250912,92727,000000040102,1.177,16.99,20.00,0.00,0.00,S,,,USD,CC
70011668,03050,01,2,20250912,92727,000000561001,1,9.99,9.99,0.00,0.62,S,,,USD,CC
70011668,03050,01,3,20250912,92727,000000005302,1,3.49,3.49,0.00,0.00,S,,,USD,CC
70011668,03050,01,4,20250912,92727,000004491001,2,2.49,4.98,0.00,0.31,S,,,USD,CC
70011668,03050,01,5,20250912,92727,000000020103,1,4.99,4.99,0.00,0.00,S,,,USD,CC
70011669,03050,01,1,20250912,74835,000000005101,2,7.99,15.98,0.00,0.00,S,,,USD,CC
70011669,03050,01,2,20250912,74835,000004473003,1,3.49,3.49,0.87,0.16,S,,PC25W32,USD,CC
70011669,03050,01,3,20250912,74835,000000030202,1,11.49,11.49,0.00,0.00,S,,,USD,CC
70011669,03050,01,4,20250912,74835,000004493002,1,3.99,3.99,0.00,0.25,S,,,USD,CC
70011670,00317,06,1,20250912,203356,000000005013,1,5.29,5.29,0.00,0.00,S,,,CAD,CC
70011670,00317,06,2,20250912,203356,000000030101,1,9.49,9.49,2.37,0.00,S,,PC25W32,CAD,CC
70011671,00317,01,1,20250912,190414,000000093503,1,5.79,5.79,0.00,0.00,S,,,CAD,CC
70011671,00317,01,2,20250912,190414,000000561001,1,13.59,13.59,0.00,0.85,S,,,CAD,CC
70011671,00317,01,3,20250912,190414,000004473002,1,3.79,3.79,0.00,0.24,S,,,CAD,CC
70011671,00317,01,4,20250912,190414,000000093402,1.721,4.49,7.73,0.00,0.00,S,,,CAD,CC
70011671,00317,01,5,20250912,190414,000000040202,1,20.39,20.39,0.00,0.00,S,,,CAD,CC
70011671,00317,01,6,20250912,190414,000000093502,1,5.39,5.39,0.00,0.00,S,,,CAD,CC
70011672,00317,06,1,20250912,113053,000004481001,1,10.89,10.89,0.00,0.68,S,,,CAD,CS
70011672,00317,06,2,20250912,113053,000004491001,1,3.39,3.39,0.00,0.21,S,,,CAD,CS
70011672,00317,06,3,20250912,113053,000000093501,1,6.09,6.09,0.00,0.00,S,,,CAD,CS
70011673,00317,03,1,20250912,182415,000000005202,1,8.09,8.09,0.00,0.00,S,,,CAD,CC
70011673,00317,03,2,20250912,182415,000004471030,2,5.39,10.78,0.00,0.67,S,,,CAD,CC
70011674,00317,02,1,20250912,120538,000000094101,1,5.39,5.39,0.00,0.00,S,6082339845,,CAD,CC
70011674,00317,02,2,20250912,120538,000000094203,0.987,1.99,1.96,0.00,0.00,S,6082339845,,CAD,CC
70011674,00317,02,3,20250912,120538,000000005020,3,6.09,18.27,0.00,0.00,S,6082339845,,CAD,CC
70011674,00317,02,4,20250912,120538,000000030201,1,13.59,13.59,0.00,0.00,S,6082339845,,CAD,CC
70011675,00322,05,1,20250912,91114,000004482001,1,18.99,18.99,0.00,1.19,S,,,CAD,CC
70011675,00322,05,2,20250912,91114,000000020101,1,3.39,3.39,0.00,0.00,S,,,CAD,CC
70011676,00322,01,1,20250912,81330,000000005201,2,5.39,10.78,0.00,0.00,S,,,CAD,DB
70011676,00322,01,2,20250912,81330,000000040202,1,20.39,20.39,0.00,0.00,S,,,CAD,DB
70011677,00322,05,1,20250912,144109,000000020203,1,8.79,8.79,0.00,0.00,S,6091135996,,CAD,GC
70011678,00322,01,1,20250912,184239,000000031102,1.276,27.19,34.69,0.00,0.00,S,,,CAD,DB
70011678,00322,01,2,20250912,184239,000004492003,1,3.09,3.09,0.00,0.19,S,,,CAD,DB
70011678,00322,01,3,20250912,184239,000000005101,3,10.89,32.67,10.89,0.00,S,,MB25W32,CAD,DB
70011679,00322,06,1,20250912,192831,000000005202,1,8.09,8.09,0.00,0.00,S,,,CAD,CS
70011679,00322,06,2,20250912,192831,000004483001,3,6.79,20.37,0.00,1.27,S,,,CAD,CS
70011680,01042,01,1,20250913,181413,000004473003,1,3.49,3.49,0.87,0.16,S,,PC25W32,USD,CC
70011680,01042,01,2,20250913,181413,000000551021,2,11.99,23.98,0.00,1.50,S,,,USD,CC
70011681,01042,05,1,20250913,113503,000004471023,1,3.49,3.49,0.00,0.22,S,,,USD,DB
70011681,01042,05,2,20250913,113503,000004493001,1,5.49,5.49,0.00,0.34,S,,,USD,DB
70011681,01042,05,3,20250913,113503,000000093322,0.303,1.99,0.60,0.00,0.00,S,,,USD,DB
70011681,01042,05,4,20250913,113503,000000005201,1,3.99,3.99,0.00,0.00,S,,,USD,DB
70011682,01042,04,1,20250913,171417,000000562001,1,10.99,10.99,0.00,0.69,S,6014607455,,USD,CS
70011682,01042,04,2,20250913,171417,000004481003,1,4.99,4.99,0.00,0.31,S,6014607455,,USD,CS
70011682,01042,04,3,20250913,171417,000004491003,1,1.99,1.99,0.00,0.12,S,6014607455,,USD,CS
70011682,01042,04,4,20250913,171417,000000040202,1,14.99,14.99,0.00,0.00,S,6014607455,,USD,CS
70011682,01042,04,5,20250913,171417,000000040202,1,14.99,14.99,0.00,0.00,V,6014607455,,USD,CS
70011683,01042,03,1,20250913,74710,000004472002,1,4.49,4.49,0.00,0.28,S,,,USD,DB
70011683,01042,03,2,20250913,74710,000004483002,1,3.49,3.49,0.00,0.22,S,,,USD,DB
70011683,01042,03,3,20250913,74710,000004473002,1,2.79,2.79,0.00,0.17,S,,,USD,DB
70011683,01042,03,4,20250913,74710,000000094301,0.713,4.39,3.13,0.00,0.00,S,,,USD,DB
70011683,01042,03,5,20250913,74710,000000005013,1,3.89,3.89,0.00,0.00,S,,,USD,DB
70011683,01042,03,6,20250913,74710,000004492001,2,1.79,3.58,0.00,0.22,S,,,USD,DB
70011684,01042,01,1,20250913,133001,000000094101,1,3.99,3.99,0.00,0.00,S,6057978630,,USD,DB
70011685,01042,06,1,20250913,214515,000000093501,1,4.49,4.49,0.00,0.00,S,,,USD,DB
70011685,01042,06,2,20250913,214515,000000005020,1,4.49,4.49,0.00,0.00,S,,,USD,DB
70011685,01042,06,3,20250913,214515,000000020101,1,2.49,2.49,0.00,0.00,S,,,USD,DB
70011685,01042,06,4,20250913,214515,000000020103,1,4.99,4.99,0.00,0.00,S,,,USD,DB
70011686,01042,04,1,20250913,124553,000000030203,1,8.49,8.49,0.00,0.00,S,6028137214,,USD,GC
70011686,01042,04,2,20250913,124553,000000040102,1.785,16.99,30.33,0.00,0.00,S,6028137214,,USD,GC
70011686,01042,04,3,20250913,124553,000000005102,1,5.49,5.49,0.00,0.00,S,6028137214,,USD,GC
70011687,01042,04,1,20250913,71927,000000020203,1,6.49,6.49,0.00,0.00,S,6067658617,,USD,CS
70011687,01042,04,2,20250913,71927,000004471040,1,2.49,2.49,0.00,0.16,S,6067658617,,USD,CS
70011687,01042,04,3,20250913,71927,000004472001,3,3.99,11.97,2.99,0.56,S,6067658617,PC25W32,USD,CS
70011687,01042,04,4,20250913,71927,000000005201,1,3.99,3.99,0.00,0.00,S,6067658617,,USD,CS
70011687,01042,04,5,20250913,71927,000000094301,0.934,4.39,4.10,0.00,0.00,S,6067658617,,USD,CS
70011687,01042,04,6,20250913,71927,000000093410,1.456,3.99,5.81,0.00,0.00,S,6067658617,,USD,CS
70011688,01107,01,1,20250913,81322,000004473001,1,2.99,2.99,0.00,0.19,S,6014627301,,USD,CC
70011688,01107,01,2,20250913,81322,000000040201,1,8.99,8.99,0.00,0.00,S,6014627301,,USD,CC
70011689,01107,02,1,20250913,163721,000004473003,2,3.49,6.98,1.75,0.33,S,6055562833,PC25W32,USD,CC
70011689,01107,02,2,20250913,163721,000004491001,2,2.49,4.98,0.00,0.31,S,6055562833,,USD,CC
70011689,01107,02,3,20250913,163721,000004481002,2,7.99,15.98,0.00,1.00,S,6055562833,,USD,CC
70011690,01107,03,1,20250913,81225,000000005020,2,4.49,8.98,0.00,0.00,S,6009104300,,USD,CC
70011690,01107,03,2,20250913,81225,000004492002,2,1.49,2.98,0.00,0.19,S,6009104300,,USD,CC
70011690,01107,03,3,20250913,81225,000000040102,0.375,16.99,6.37,0.00,0.00,S,6009104300,,USD,CC
70011691,01107,05,1,20250913,191239,000000094203,0.950,1.49,1.42,0.00,0.00,S,6011972181,,USD,DB
70011691,01107,05,2,20250913,191239,000000040201,1,8.99,8.99,0.00,0.00,S,6011972181,,USD,DB
70011691,01107,05,3,20250913,191239,000004471024,1,3.49,3.49,0.00,0.22,S,6011972181,,USD,DB
70011691,01107,05,4,20250913,191239,000000094203,0.509,1.49,0.76,0.00,0.00,S,6011972181,,USD,DB
70011692,02210,05,1,20250913,183338,000004493002,1,3.99,3.99,0.00,0.25,S,6017990421,,USD,CC
70011692,02210,05,2,20250913,183338,000004482001,1,13.99,13.99,0.00,0.87,S,6017990421,,USD,CC
70011692,02210,05,3,20250913,183338,000000094301,1.108,4.39,4.86,0.00,0.00,S,6017990421,,USD,CC
70011692,02210,05,4,20250913,183338,000000020202,1,5.99,5.99,0.00,0.00,S,6017990421,,USD,CC
70011692,02210,05,5,20250913,183338,000000005102,3,5.49,16.47,5.49,0.00,S,6017990421,MB25W32,USD,CC
70011692,02210,05,6,20250913,183338,000004491001,1,2.49,2.49,0.00,0.16,S,6017990421,,USD,CC
70011693,02210,03,1,20250913,122527,000000552001,1,4.49,4.49,0.00,0.28,S,,,USD,GC
70011693,02210,03,2,20250913,122527,000000005302,1,3.49,3.49,0.00,0.00,S,,,USD,GC
70011693,02210,03,3,20250913,122527,000000040102,0.729,16.99,12.39,0.00,0.00,S,,,USD,GC
70011693,02210,03,4,20250913,122527,000000031101,1.119,24.99,27.96,0.00,0.00,S,,,USD,GC
70011693,02210,03,5,20250913,122527,000000093325,2.109,3.99,8.41,0.00,0.00,S,,,USD,GC
70011693,02210,03,6,20250913,122527,000000562002,2,8.49,16.98,0.00,1.06,S,,,USD,GC
70011694,02210,02,1,20250913,131628,000000030101,1,6.99,6.99,1.75,0.00,S,,PC25W32,USD,CC
70011694,02210,02,2,20250913,131628,000004483002,1,3.49,3.49,0.00,0.22,S,,,USD,CC
70011695,02210,01,1,20250913,195636,000004492001,1,1.79,1.79,0.00,0.11,S,,,USD,DB
70011695,02210,01,2,20250913,195636,000000093502,3,3.99,11.97,0.00,0.00,S,,,USD,DB
70011695,02210,01,3,20250913,195636,000004482001,2,13.99,27.98,0.00,1.75,S,,,USD,DB
70011696,02210,02,1,20250913,72413,000000094301,1.753,4.39,7.70,0.00,0.00,S,,,USD,CC
70011696,02210,02,2,20250913,72413,000000094301,1.413,4.39,6.20,0.00,0.00,S,,,USD,CC
70011697,02210,04,1,20250913,74310,000000020102,1,3.49,3.49,0.00,0.00,S,,,USD,CS
70011697,02210,04,2,20250913,74310,000000020102,1,3.49,3.49,0.00,0.00,S,,,USD,CS
70011697,02210,04,3,20250913,74310,000004482002,1,17.99,17.99,0.00,1.12,S,,,USD,CS
70011697,02210,04,4,20250913,74310,000004473002,1,2.79,2.79,0.00,0.17,S,,,USD,CS
70011698,02210,05,1,20250913,183432,000004493002,1,3.99,3.99,0.00,0.25,S,6056818209,,USD,CC
70011698,02210,05,2,20250913,183432,000000005202,1,5.99,5.99,0.00,0.00,S,6056818209,,USD,CC
70011698,02210,05,3,20250913,183432,000004473001,1,2.99,2.99,0.00,0.19,S,6056818209,,USD,CC
70011698,02210,05,4,20250913,183432,000000093402,1.111,3.29,3.66,0.00,0.00,S,6056818209,,USD,CC
70011699,02210,05,1,20250913,194742,000004482003,1,5.49,5.49,0.00,0.34,S,6028946420,,USD,CC
70011700,02210,01,1,20250913,93442,000004491003,1,1.99,1.99,0.00,0.12,S,,,USD,CC
70011701,02210,01,1,20250913,160318,000000030102,1,14.99,14.99,0.00,0.00,S,,,USD,DB
70011701,02210,01,2,20250913,160318,000000020101,1,2.49,2.49,0.00,0.00,S,,,USD,DB
70011701,02210,01,3,20250913,160318,000000005202,2,5.99,11.98,0.00,0.00,S,,,USD,DB
70011701,02210,01,4,20250913,160318,000000040101,1.274,18.99,24.19,0.00,0.00,S,,,USD,DB
70011701,02210,01,5,20250913,160318,000000020201,2,5.49,10.98,0.00,0.00,S,,,USD,DB
70011701,02210,01,6,20250913,160318,000000094103,1,3.79,3.79,0.00,0.00,S,,,USD,DB
70011702,02210,06,1,20250913,125631,000000030101,2,6.99,13.98,3.50,0.00,S,,PC25W32,USD,GC
70011702,02210,06,2,20250913,125631,000000005202,2,5.99,11.98,0.00,0.00,S,,,USD,GC
70011702,02210,06,3,20250913,125631,000000005012,1,3.99,3.99,0.00,0.00,S,,,USD,GC
70011702,02210,06,4,20250913,125631,000004471024,1,3.49,3.49,0.00,0.22,S,,,USD,GC
70011703,02210,06,1,20250913,133930,000000020101,1,2.49,2.49,0.00,0.00,S,,,USD,DB
70011704,02211,03,1,20250913,85833,000000040202,1,14.99,14.99,0.00,0.00,S,,,USD,DB
70011704,02211,03,2,20250913,85833,000004472001,1,3.99,3.99,1.00,0.19,S,,PC25W32,USD,DB
70011704,02211,03,3,20250913,85833,000004482001,1,13.99,13.99,0.00,0.87,S,,,USD,DB
70011705,02211,01,1,20250913,173923,000000020101,1,2.49,2.49,0.00,0.00,S,6052696944,,USD,DB
70011705,02211,01,2,20250913,173923,000000020202,2,5.99,11.98,0.00,0.00,S,6052696944,,USD,DB
70011705,02211,01,3,20250913,173923,000004493001,3,5.49,16.47,0.00,1.03,S,6052696944,,USD,DB
70011705,02211,01,4,20250913,173923,000000005013,2,3.89,7.78,0.00,0.00,S,6052696944,,USD,DB
70011705,02211,01,5,20250913,173923,000000020202,1,5.99,5.99,0.00,0.00,S,6052696944,,USD,DB
70011706,02211,02,1,20250913,100629,000000020201,1,5.49,5.49,0.00,0.00,S,,,USD,CC
70011706,02211,02,2,20250913,100629,000004482002,1,17.99,17.99,0.00,1.12,S,,,USD,CC
70011706,02211,02,3,20250913,100629,000000020203,1,6.49,6.49,0.00,0.00,S,,,USD,CC
70011706,02211,02,4,20250913,100629,000000094302,1.257,5.49,6.90,0.00,0.00,S,,,USD,CC
70011707,02305,06,1,20250913,151255,000000005103,1,6.99,6.99,0.00,0.00,S,,,USD,CC
70011707,02305,06,2,20250913,151255,000000005302,1,3.49,3.49,0.00,0.00,S,,,USD,CC
70011707,02305,06,3,20250913,151255,000000030102,1,14.99,14.99,0.00,0.00,S,,,USD,CC
70011708,02305,01,1,20250913,151608,000000552002,1,3.99,3.99,0.00,0.25,S,,,USD,CC
70011708,02305,01,2,20250913,151608,000000094201,1.136,1.69,1.92,0.00,0.00,S,,,USD,CC
70011708,02305,01,3,20250913,151608,000004473002,1,2.79,2.79,0.00,0.17,S,,,USD,CC
70011708,02305,01,4,20250913,151608,000000094102,1,3.49,3.49,0.00,0.00,S,,,USD,CC
70011708,02305,01,5,20250913,151608,000004492001,3,1.79,5.37,1.79,0.22,S,,MB25W32,USD,CC
70011709,02305,06,1,20250913,182214,000004473003,1,3.49,3.49,0.87,0.16,S,6057771183,PC25W32,USD,CC
70011709,02305,06,2,20250913,182214,000004472002,1,4.49,4.49,0.00,0.28,S,6057771183,,USD,CC
70011709,02305,06,3,20250913,182214,000004471040,1,2.49,2.49,0.00,0.16,S,6057771183,,USD,CC
70011710,02305,01,1,20250913,214641,000004492002,1,1.49,1.49,0.00,0.09,S,,,USD,GC
70011710,02305,01,2,20250913,214641,000000020201,1,5.49,5.49,0.00,0.00,S,,,USD,GC
70011710,02305,01,3,20250913,214641,000000040203,1,11.99,11.99,0.00,0.00,S,,,USD,GC
70011710,02305,01,4,20250913,214641,000000040102,0.603,16.99,10.24,0.00,0.00,S,,,USD,GC
70011711,02305,01,1,20250913,164836,000004471024,1,3.49,3.49,0.00,0.22,S,6067625153,,USD,CS
70011711,02305,01,2,20250913,164836,000004492001,1,1.79,1.79,0.00,0.11,S,6067625153,,USD,CS
70011712,02305,03,1,20250913,191009,000000005103,1,6.99,6.99,0.00,0.00,S,,,USD,DB
70011712,02305,03,2,20250913,191009,000004483001,1,4.99,4.99,0.00,0.31,S,,,USD,DB
70011712,02305,03,3,20250913,191009,000000552002,1,3.99,3.99,0.00,0.25,S,,,USD,DB
70011713,02305,01,1,20250913,113904,000000093325,2.057,3.99,8.21,0.00,0.00,S,6041209117,,USD,GC
70011713,02305,01,2,20250913,113904,000000005302,1,3.49,3.49,0.00,0.00,S,6041209117,,USD,GC
70011713,02305,01,3,20250913,113904,000000094101,1,3.99,3.99,0.00,0.00,S,6041209117,,USD,GC
70011713,02305,01,4,20250913,113904,000004472003,2,3.29,6.58,0.00,0.41,S,6041209117,,USD,GC
70011713,02305,01,5,20250913,113904,000000030103,1,8.99,8.99,2.25,0.00,S,6041209117,PC25W32,USD,GC
70011713,02305,01,6,20250913,113904,000004491001,2,2.49,4.98,0.00,0.31,S,6041209117,,USD,GC
70011714,02305,06,1,20250913,180531,000004483001,1,4.99,4.99,0.00,0.31,S,,,USD,CC
70011714,02305,06,2,20250913,180531,000004472001,1,3.99,3.99,1.00,0.19,S,,PC25W32,USD,CC
70011714,02305,06,3,20250913,180531,000000093501,1,4.49,4.49,0.00,0.00,S,,,USD,CC
70011714,02305,06,4,20250913,180531,000000094202,0.449,1.99,0.89,0.00,0.00,S,,,USD,CC
70011715,02305,03,1,20250913,170636,000004491002,1,6.99,6.99,0.00,0.44,S,6082210217,,USD,CC
70011715,02305,03,2,20250913,170636,000004493002,1,3.99,3.99,0.00,0.25,S,6082210217,,USD,CC
70011715,02305,03,3,20250913,170636,000000005101,3,7.99,23.97,7.99,0.00,S,6082210217,MB25W32,USD,CC
70011715,02305,03,4,20250913,170636,000000093402,1.140,3.29,3.75,0.00,0.00,S,6082210217,,USD,CC
70011715,02305,03,5,20250913,170636,000000005201,1,3.99,3.99,0.00,0.00,S,6082210217,,USD,CC
70011716,02305,06,1,20250913,205235,000000093410,1.193,3.99,4.76,0.00,0.00,S,,,USD,CC
70011716,02305,06,2,20250913,205235,000000005102,3,5.49,16.47,5.49,0.00,S,,MB25W32,USD,CC
70011716,02305,06,3,20250913,205235,000000030103,1,8.99,8.99,2.25,0.00,S,,PC25W32,USD,CC
70011717,02305,03,1,20250913,123210,000000020101,1,2.49,2.49,0.00,0.00,S,,,USD,CC
70011717,02305,03,2,20250913,123210,000000094302,0.768,5.49,4.22,0.00,0.00,S,,,USD,CC
70011717,02305,03,3,20250913,123210,000000030101,1,6.99,6.99,1.75,0.00,S,,PC25W32,USD,CC
70011717,02305,03,4,20250913,123210,000000094302,1.447,5.49,7.94,0.00,0.00,S,,,USD,CC
70011717,02305,03,5,20250913,123210,000004483001,1,4.99,4.99,0.00,0.31,S,,,USD,CC
70011718,02305,06,1,20250913,125905,000004473003,1,3.49,3.49,0.87,0.16,S,6058631441,PC25W32,USD,DB
70011718,02305,06,2,20250913,125905,000000040203,1,11.99,11.99,0.00,0.00,S,6058631441,,USD,DB
70011719,03050,06,1,20250913,184959,000000552002,1,3.99,3.99,0.00,0.25,S,,,USD,DB
70011720,03050,03,1,20250913,101840,000000093502,2,3.99,7.98,0.00,0.00,S,,,USD,DB
70011720,03050,03,2,20250913,101840,000004481002,1,7.99,7.99,0.00,0.50,S,,,USD,DB
70011720,03050,03,3,20250913,101840,000000005101,3,7.99,23.97,7.99,0.00,S,,MB25W32,USD,DB
70011720,03050,03,4,20250913,101840,000004473001,1,2.99,2.99,0.00,0.19,S,,,USD,DB
70011720,03050,03,5,20250913,101840,000000552001,3,4.49,13.47,0.00,0.84,S,,,USD,DB
70011720,03050,03,6,20250913,101840,000000040203,1,11.99,11.99,0.00,0.00,S,,,USD,DB
70011721,03050,05,1,20250913,143158,000000561001,1,9.99,9.99,0.00,0.62,S,,,USD,GC
70011721,03050,05,2,20250913,143158,000000093503,1,4.29,4.29,0.00,0.00,S,,,USD,GC
70011721,03050,05,3,20250913,143158,000004491001,2,2.49,4.98,0.00,0.31,S,,,USD,GC
70011721,03050,05,4,20250913,143158,000000040203,1,11.99,11.99,0.00,0.00,S,,,USD,GC
70011721,03050,05,5,20250913,143158,000000094101,1,3.99,3.99,0.00,0.00,S,,,USD,GC
70011721,03050,05,6,20250913,143158,000000020103,2,4.99,9.98,0.00,0.00,S,,,USD,GC
70011722,03050,04,1,20250913,132559,000004473001,1,2.99,2.99,0.00,0.19,S,,,USD,DB
70011722,03050,04,2,20250913,132559,000000030201,2,9.99,19.98,0.00,0.00,S,,,USD,DB
70011722,03050,04,3,20250913,132559,000000094201,1.607,1.69,2.72,0.00,0.00,S,,,USD,DB
70011723,03050,01,1,20250913,155041,000000040201,1,8.99,8.99,0.00,0.00,S,6006314035,,USD,CC
70011723,03050,01,2,20250913,155041,000000020101,1,2.49,2.49,0.00,0.00,S,6006314035,,USD,CC
70011723,03050,01,3,20250913,155041,000000094103,1,3.79,3.79,0.00,0.00,S,6006314035,,USD,CC
70011723,03050,01,4,20250913,155041,000004473003,1,3.49,3.49,0.87,0.16,S,6006314035,PC25W32,USD,CC
70011724,03050,01,1,20250913,214402,000004472001,1,3.99,3.99,1.00,0.19,S,,PC25W32,USD,CS
70011724,03050,01,2,20250913,214402,000000094201,0.786,1.69,1.33,0.00,0.00,S,,,USD,CS
70011724,03050,01,3,20250913,214402,000000040203,2,11.99,23.98,0.00,0.00,S,,,USD,CS
70011724,03050,01,4,20250913,214402,000004472001,3,3.99,11.97,2.99,0.56,S,,PC25W32,USD,CS
70011724,03050,01,5,20250913,214402,000000040201,1,8.99,8.99,0.00,0.00,S,,,USD,CS
70011725,03050,04,1,20250913,154207,000000562002,1,8.49,8.49,0.00,0.53,S,6055562833,,USD,CS
70011725,03050,04,2,20250913,154207,000000094202,1.349,1.99,2.68,0.00,0.00,S,6055562833,,USD,CS
70011725,03050,04,3,20250913,154207,000000040202,1,14.99,14.99,0.00,0.00,S,6055562833,,USD,CS
70011725,03050,04,4,20250913,154207,000000005201,2,3.99,7.98,0.00,0.00,S,6055562833,,USD,CS
70011726,03050,02,1,20250913,183655,000000005301,1,5.49,5.49,0.00,0.00,S,,,USD,CC
70011727,03050,01,1,20250913,140520,000000005012,1,3.99,3.99,0.00,0.00,S,,,USD,DB
70011728,03050,06,1,20250913,134411,000004472003,2,3.29,6.58,0.00,0.41,S,,,USD,CC
70011728,03050,06,2,20250913,134411,000004491003,1,1.99,1.99,0.00,0.12,S,,,USD,CC
70011729,03050,05,1,20250913,151011,000000005101,3,7.99,23.97,7.99,0.00,S,,MB25W32,USD,DB
70011730,03050,02,1,20250913,193155,000000005101,1,7.99,7.99,0.00,0.00,S,6073820236,,USD,GC
70011730,03050,02,2,20250913,193155,000000093402,1.618,3.29,5.32,0.00,0.00,S,6073820236,,USD,GC
70011731,03050,01,1,20250913,152454,000004471040,1,2.49,2.49,0.00,0.16,S,,,USD,GC
70011731,03050,01,2,20250913,152454,000000005302,2,3.49,6.98,0.00,0.00,S,,,USD,GC
70011731,03050,01,3,20250913,152454,000000094103,1,3.79,3.79,0.00,0.00,S,,,USD,GC
70011732,03050,01,1,20250913,81847,000004481002,1,7.99,7.99,0.00,0.50,S,6076921053,,USD,DB
70011732,03050,01,2,20250913,81847,000000030101,1,6.99,6.99,1.75,0.00,S,6076921053,PC25W32,USD,DB
70011732,03050,01,3,20250913,81847,000004491003,1,1.99,1.99,0.00,0.12,S,6076921053,,USD,DB
70011732,03050,01,4,20250913,81847,000004491001,1,2.49,2.49,0.00,0.16,S,6076921053,,USD,DB
70011733,00317,03,1,20250913,211310,000004481001,2,10.89,21.78,0.00,1.36,S,6002341326,,CAD,CC
70011734,00317,03,1,20250913,72855,000000552002,1,5.39,5.39,0.00,0.34,S,6020357134,,CAD,CC
70011734,00317,03,2,20250913,72855,000004471030,1,5.39,5.39,0.00,0.34,S,6020357134,,CAD,CC
70011735,00317,05,1,20250913,172609,000000005103,1,9.49,9.49,0.00,0.00,S,,,CAD,CC
70011736,00317,02,1,20250913,180955,000000040203,1,16.29,16.29,0.00,0.00,S,,,CAD,CC
70011736,00317,02,2,20250913,180955,000000562001,1,14.89,14.89,0.00,0.93,S,,,CAD,CC
70011737,00317,02,1,20250913,184845,000004491001,1,3.39,3.39,0.00,0.21,S,,,CAD,CS
70011737,00317,02,2,20250913,184845,000000005101,1,10.89,10.89,0.00,0.00,S,,,CAD,CS
70011737,00317,02,3,20250913,184845,000000094203,0.276,1.99,0.55,0.00,0.00,S,,,CAD,CS
70011737,00317,02,4,20250913,184845,000004483002,1,4.69,4.69,0.00,0.29,S,,,CAD,CS
70011737,00317,02,5,20250913,184845,000004472003,1,4.49,4.49,0.00,0.28,S,,,CAD,CS
70011738,00317,04,1,20250913,214523,000000093402,1.456,4.49,6.54,0.00,0.00,S,,,CAD,DB
70011739,00317,01,1,20250913,193736,000004471023,1,4.69,4.69,0.00,0.29,S,,,CAD,DB
70011739,00317,01,2,20250913,193736,000000005012,2,5.39,10.78,0.00,0.00,S,,,CAD,DB
70011739,00317,01,3,20250913,193736,000004473002,1,3.79,3.79,0.00,0.24,S,,,CAD,DB
70011740,00317,03,1,20250913,105251,000000551020,1,18.99,18.99,0.00,1.19,S,6095481497,,CAD,GC
70011740,00317,03,2,20250913,105251,000000551021,1,16.29,16.29,0.00,1.02,S,6095481497,,CAD,GC
70011741,00317,01,1,20250913,93223,000004471040,2,3.39,6.78,0.00,0.42,S,,,CAD,GC
70011742,00317,05,1,20250913,181407,000000094201,1.681,2.29,3.85,0.00,0.00,S,6057937639,,CAD,GC
70011742,00317,05,2,20250913,181407,000000094302,0.877,7.49,6.57,0.00,0.00,S,6057937639,,CAD,GC
70011742,00317,05,3,20250913,181407,000000020201,1,7.49,7.49,0.00,0.00,S,6057937639,,CAD,GC
70011743,00317,05,1,20250913,93817,000000040102,1.943,23.09,44.86,0.00,0.00,S,,,CAD,DB
70011743,00317,05,2,20250913,93817,000000093501,1,6.09,6.09,0.00,0.00,S,,,CAD,DB
70011743,00317,05,3,20250913,93817,000000093322,1.239,2.69,3.33,0.00,0.00,S,,,CAD,DB
70011743,00317,05,4,20250913,93817,000000005201,3,5.39,16.17,0.00,0.00,S,,,CAD,DB
70011744,00317,05,1,20250913,112852,000004471024,1,4.69,4.69,0.00,0.29,S,6016868548,,CAD,DB
70011744,00317,05,2,20250913,112852,000000005103,1,9.49,9.49,0.00,0.00,S,6016868548,,CAD,DB
70011744,00317,05,3,20250913,112852,000000040101,0.402,25.79,10.37,0.00,0.00,S,6016868548,,CAD,DB
70011745,00317,01,1,20250913,202334,000004473001,1,4.09,4.09,0.00,0.26,S,6044920749,,CAD,DB
70011745,00317,01,2,20250913,202334,000000030203,1,11.49,11.49,0.00,0.00,S,6044920749,,CAD,DB
70011745,00317,01,3,20250913,202334,000000005102,3,7.49,22.47,7.49,0.00,S,6044920749,MB25W32,CAD,DB
70011745,00317,01,4,20250913,202334,000000094302,1.155,7.49,8.65,0.00,0.00,S,6044920749,,CAD,DB
70011746,00322,06,1,20250913,150101,000004492001,3,2.39,7.17,2.39,0.30,S,,MB25W32,CAD,GC
70011746,00322,06,2,20250913,150101,000004492003,2,3.09,6.18,0.00,0.39,S,,,CAD,GC
70011747,00322,02,1,20250913,125726,000000005102,1,7.49,7.49,0.00,0.00,S,,,CAD,GC
70011748,00322,02,1,20250913,71007,000004471040,1,3.39,3.39,0.00,0.21,S,,,CAD,DB
70011748,00322,02,2,20250913,71007,000004493002,1,5.39,5.39,0.00,0.34,S,,,CAD,DB
70011748,00322,02,3,20250913,71007,000000020201,1,7.49,7.49,0.00,0.00,S,,,CAD,DB
70011748,00322,02,4,20250913,71007,000004473002,3,3.79,11.37,3.79,0.47,S,,MB25W32,CAD,DB
70011749,00322,03,1,20250913,110443,000004482001,1,18.99,18.99,0.00,1.19,S,,,CAD,DB
70011749,00322,03,2,20250913,110443,000000005103,1,9.49,9.49,0.00,0.00,S,,,CAD,DB
70011750,00322,05,1,20250913,91824,000004493002,1,5.39,5.39,0.00,0.34,S,6078547772,,CAD,GC
70011750,00322,05,2,20250913,91824,000000094202,0.780,2.69,2.10,0.00,0.00,S,6078547772,,CAD,GC
70011751,00322,02,1,20250913,104049,000000040102,2.009,23.09,46.39,0.00,0.00,S,,,CAD,GC
70011752,01042,04,1,20250914,155747,000004483002,1,3.49,3.49,0.00,0.22,S,6053544439,,USD,CC
70011752,01042,04,2,20250914,155747,000000020103,3,4.99,14.97,0.00,0.00,S,6053544439,,USD,CC
70011753,01042,04,1,20250914,203612,000000005301,1,5.49,5.49,0.00,0.00,S,,,USD,DB
70011753,01042,04,2,20250914,203612,000004471030,1,3.99,3.99,0.00,0.25,S,,,USD,DB
70011753,01042,04,3,20250914,203612,000000040203,2,11.99,23.98,0.00,0.00,S,,,USD,DB
70011753,01042,04,4,20250914,203612,000000094201,0.250,1.69,0.42,0.00,0.00,S,,,USD,DB
70011753,01042,04,5,20250914,203612,000000030101,3,6.99,20.97,5.24,0.00,S,,PC25W32,USD,DB
70011753,01042,04,6,20250914,203612,000000093410,0.435,3.99,1.74,0.00,0.00,S,,,USD,DB
70011754,01042,06,1,20250914,90139,000004491001,1,2.49,2.49,0.00,0.16,S,,,USD,CS
70011755,01042,01,1,20250914,165605,000004471040,2,2.49,4.98,0.00,0.31,S,,,USD,CC
70011755,01042,01,2,20250914,165605,000004473002,1,2.79,2.79,0.00,0.17,S,,,USD,CC
70011756,01042,06,1,20250914,193641,000000094302,1.205,5.49,6.62,0.00,0.00,S,,,USD,DB
70011756,01042,06,2,20250914,193641,000004491001,1,2.49,2.49,0.00,0.16,S,,,USD,DB
70011756,01042,06,3,20250914,193641,000000031101,1.326,24.99,33.14,0.00,0.00,S,,,USD,DB
70011756,01042,06,4,20250914,193641,000000561001,1,9.99,9.99,0.00,0.62,S,,,USD,DB
70011757,01042,01,1,20250914,110144,000000005201,1,3.99,3.99,0.80,0.00,S,,PC25W33,USD,CC
70011757,01042,01,2,20250914,110144,000004492003,1,2.29,2.29,0.00,0.14,S,,,USD,CC
70011758,01042,06,1,20250914,91710,000000005302,1,3.49,3.49,0.00,0.00,S,,,USD,CC
70011758,01042,06,2,20250914,91710,000004473002,1,2.79,2.79,0.00,0.17,S,,,USD,CC
70011759,01042,05,1,20250914,132913,000000005301,2,5.49,10.98,0.00,0.00,S,6068293844,,USD,DB
70011759,01042,05,2,20250914,132913,000000030101,1,6.99,6.99,1.75,0.00,S,6068293844,PC25W32,USD,DB
70011759,01042,05,3,20250914,132913,000004491002,1,6.99,6.99,0.00,0.44,S,6068293844,,USD,DB
70011759,01042,05,4,20250914,132913,000000005020,3,4.49,13.47,0.00,0.00,S,6068293844,,USD,DB
70011760,01042,03,1,20250914,74137,000000005103,2,6.99,13.98,0.00,0.00,S,,,USD,CS
70011760,01042,03,2,20250914,74137,000000005013,1,3.89,3.89,0.00,0.00,S,,,USD,CS
70011761,01042,05,1,20250914,94731,000000030101,1,6.99,6.99,1.75,0.00,S,6091792025,PC25W32,USD,CC
70011761,01042,05,2,20250914,94731,000000093402,1.847,3.29,6.08,0.00,0.00,S,6091792025,,USD,CC
70011762,01042,03,1,20250914,215338,000004473003,3,3.49,10.47,2.62,0.49,S,,PC25W32,USD,CC
70011762,01042,03,2,20250914,215338,000004482002,2,17.99,35.98,0.00,2.25,S,,,USD,CC
70011762,01042,03,3,20250914,215338,000000020203,1,6.49,6.49,0.00,0.00,S,,,USD,CC
70011762,01042,03,4,20250914,215338,000000552001,1,4.49,4.49,0.00,0.28,S,,,USD,CC
70011763,01107,04,1,20250914,120942,000004473003,1,3.49,3.49,0.87,0.16,S,,PC25W32,USD,CC
70011763,01107,04,2,20250914,120942,000004481001,1,7.99,7.99,0.00,0.50,S,,,USD,CC
70011763,01107,04,3,20250914,120942,000004482003,1,5.49,5.49,0.00,0.34,S,,,USD,CC
70011763,01107,04,4,20250914,120942,000000005012,1,3.99,3.99,0.00,0.00,S,,,USD,CC
70011763,01107,04,5,20250914,120942,000000020101,1,2.49,2.49,0.00,0.00,S,,,USD,CC
70011764,01107,05,1,20250914,112358,000000020101,1,2.49,2.49,0.00,0.00,S,,,USD,DB
70011764,01107,05,2,20250914,112358,000004482001,1,13.99,13.99,0.00,0.87,S,,,USD,DB
70011765,01107,03,1,20250914,90510,000000005013,1,3.89,3.89,0.00,0.00,S,6008761238,,USD,CC
70011765,01107,03,2,20250914,90510,000000005102,1,5.49,5.49,0.00,0.00,S,6008761238,,USD,CC
70011765,01107,03,3,20250914,90510,000000040201,1,8.99,8.99,0.00,0.00,S,6008761238,,USD,CC
70011765,01107,03,4,20250914,90510,000004491001,1,2.49,2.49,0.00,0.16,S,6008761238,,USD,CC
70011765,01107,03,5,20250914,90510,000004492003,1,2.29,2.29,0.00,0.14,S,6008761238,,USD,CC
70011765,01107,03,6,20250914,90510,000000552002,1,3.99,3.99,0.00,0.25,S,6008761238,,USD,CC
70011766,01107,06,1,20250914,111009,000000020202,1,5.99,5.99,0.00,0.00,S,6092753269,,USD,DB
70011767,01107,06,1,20250914,121726,000004471040,3,2.49,7.47,0.00,0.47,S,6059101570,,USD,DB
70011767,01107,06,2,20250914,121726,000004491001,2,2.49,4.98,0.00,0.31,S,6059101570,,USD,DB
70011768,02210,02,1,20250914,94940,000000030202,1,11.49,11.49,2.30,0.00,S,6048354884,PC25W33,USD,GC
70011768,02210,02,2,20250914,94940,000004491001,1,2.49,2.49,0.00,0.16,S,6048354884,,USD,GC
70011769,02210,03,1,20250914,73233,000004473001,1,2.99,2.99,0.00,0.19,S,,,USD,DB
70011769,02210,03,2,20250914,73233,000000005201,2,3.99,7.98,1.60,0.00,S,,PC25W33,USD,DB
70011769,02210,03,3,20250914,73233,000000094201,1.181,1.69,2.00,0.00,0.00,S,,,USD,DB
70011769,02210,03,4,20250914,73233,000004492003,2,2.29,4.58,0.00,0.29,S,,,USD,DB
70011769,02210,03,5,20250914,73233,000000093402,1.714,3.29,5.64,0.00,0.00,S,,,USD,DB
70011770,02210,03,1,20250914,181716,000004482001,1,13.99,13.99,0.00,0.87,S,,,USD,CC
70011770,02210,03,2,20250914,181716,000000094101,1,3.99,3.99,0.00,0.00,S,,,USD,CC
70011770,02210,03,3,20250914,181716,000004492002,1,1.49,1.49,0.00,0.09,S,,,USD,CC
70011770,02210,03,4,20250914,181716,000004483002,1,3.49,3.49,0.00,0.22,S,,,USD,CC
70011770,02210,03,5,20250914,181716,000004472003,1,3.29,3.29,0.00,0.21,S,,,USD,CC
70011770,02210,03,6,20250914,181716,000004471024,2,3.49,6.98,0.00,0.44,S,,,USD,CC
70011771,02210,01,1,20250914,74239,000000020202,1,5.99,5.99,0.00,0.00,S,,,USD,CC
70011771,02210,01,2,20250914,74239,000000030103,1,8.99,8.99,2.25,0.00,S,,PC25W32,USD,CC
70011771,02210,01,3,20250914,74239,000004493001,1,5.49,5.49,0.00,0.34,S,,,USD,CC
70011771,02210,01,4,20250914,74239,000000005101,1,7.99,7.99,0.00,0.00,S,,,USD,CC
70011772,02210,06,1,20250914,185823,000000005301,2,5.49,10.98,0.00,0.00,S,,,USD,CC
70011772,02210,06,2,20250914,185823,000000552002,1,3.99,3.99,0.00,0.25,S,,,USD,CC
70011772,02210,06,3,20250914,185823,000000005202,1,5.99,5.99,0.00,0.00,S,,,USD,CC
70011772,02210,06,4,20250914,185823,000004493002,2,3.99,7.98,0.00,0.50,S,,,USD,CC
70011773,02210,04,1,20250914,135438,000000552002,1,3.99,3.99,0.00,0.25,S,,,USD,CC
70011774,02211,01,1,20250914,121937,000000020202,1,5.99,5.99,0.00,0.00,S,,,USD,CC
70011775,02211,01,1,20250914,201811,000004483001,2,4.99,9.98,0.00,0.62,S,,,USD,DB
70011775,02211,01,2,20250914,201811,000000020102,1,3.49,3.49,0.00,0.00,S,,,USD,DB
70011776,02211,02,1,20250914,92539,000004492002,1,1.49,1.49,0.00,0.09,S,,,USD,CC
70011776,02211,02,2,20250914,92539,000000093502,1,3.99,3.99,0.00,0.00,S,,,USD,CC
70011776,02211,02,3,20250914,92539,000004491003,1,1.99,1.99,0.00,0.12,S,,,USD,CC
70011777,02211,01,1,20250914,151830,000004493001,1,5.49,5.49,0.00,0.34,S,6004102767,,USD,CS
70011777,02211,01,2,20250914,151830,000004472002,1,4.49,4.49,0.00,0.28,S,6004102767,,USD,CS
70011777,02211,01,3,20250914,151830,000004472003,1,3.29,3.29,0.00,0.21,S,6004102767,,USD,CS
70011777,02211,01,4,20250914,151830,000000040201,1,8.99,8.99,0.00,0.00,S,6004102767,,USD,CS
70011778,02305,03,1,20250914,152426,000000005201,1,3.99,3.99,0.00,0.00,R,,,USD,CC
70011779,02305,03,1,20250914,121524,000000040101,1.123,18.99,21.33,0.00,0.00,S,,,USD,CC
70011779,02305,03,2,20250914,121524,000000094103,1,3.79,3.79,0.00,0.00,S,,,USD,CC
70011779,02305,03,3,20250914,121524,000000093501,1,4.49,4.49,0.00,0.00,S,,,USD,CC
70011779,02305,03,4,20250914,121524,000000031101,0.306,24.99,7.65,0.00,0.00,S,,,USD,CC
70011779,02305,03,5,20250914,121524,000000005020,1,4.49,4.49,0.00,0.00,S,,,USD,CC
70011779,02305,03,6,20250914,121524,000000561001,1,9.99,9.99,0.00,0.62,S,,,USD,CC
70011780,02305,06,1,20250914,155909,000000094202,2.160,1.99,4.30,0.00,0.00,S,,,USD,DB
70011780,02305,06,2,20250914,155909,000004481003,1,4.99,4.99,1.00,0.25,S,,PC25W33,USD,DB
70011780,02305,06,3,20250914,155909,000000020202,1,5.99,5.99,0.00,0.00,S,,,USD,DB
70011780,02305,06,4,20250914,155909,000000005013,1,3.89,3.89,0.00,0.00,S,,,USD,DB
70011780,02305,06,5,20250914,155909,000000030103,1,8.99,8.99,2.25,0.00,S,,PC25W32,USD,DB
70011780,02305,06,6,20250914,155909,000000094103,1,3.79,3.79,0.00,0.00,S,,,USD,DB
70011781,02305,06,1,20250914,171730,000000005012,1,3.99,3.99,0.00,0.00,S,,,USD,GC
70011782,02305,05,1,20250914,121723,000004473003,1,3.49,3.49,0.87,0.16,S,,PC25W32,USD,DB
70011782,02305,05,2,20250914,121723,000004473002,2,2.79,5.58,0.00,0.35,S,,,USD,DB
70011782,02305,05,3,20250914,121723,000000093503,2,4.29,8.58,0.00,0.00,S,,,USD,DB
70011782,02305,05,4,20250914,121723,000000005013,1,3.89,3.89,0.00,0.00,S,,,USD,DB
70011783,02305,05,1,20250914,112634,000000031102,1.573,19.99,31.44,0.00,0.00,S,6096932591,,USD,CC
70011783,02305,05,2,20250914,112634,000004471040,1,2.49,2.49,0.00,0.16,S,6096932591,,USD,CC
70011783,02305,05,3,20250914,112634,000000005013,1,3.89,3.89,0.00,0.00,S,6096932591,,USD,CC
70011783,02305,05,4,20250914,112634,000004472002,1,4.49,4.49,0.00,0.28,S,6096932591,,USD,CC
70011784,02305,06,1,20250914,73601,000000040202,1,14.99,14.99,0.00,0.00,S,6016229991,,USD,CC
70011784,02305,06,2,20250914,73601,000004472001,1,3.99,3.99,1.00,0.19,S,6016229991,PC25W32,USD,CC
70011784,02305,06,3,20250914,73601,000004473003,2,3.49,6.98,1.75,0.33,S,6016229991,PC25W32,USD,CC
70011784,02305,06,4,20250914,73601,000000005103,1,6.99,6.99,0.00,0.00,S,6016229991,,USD,CC
70011785,02305,04,1,20250914,105114,000004472001,2,3.99,7.98,2.00,0.37,S,,PC25W32,USD,CS
70011786,02305,05,1,20250914,213845,000004482001,1,13.99,13.99,0.00,0.87,S,,,USD,CC
70011786,02305,05,2,20250914,213845,000004472002,2,4.49,8.98,0.00,0.56,S,,,USD,CC
70011786,02305,05,3,20250914,213845,000004481003,1,4.99,4.99,1.00,0.25,S,,PC25W33,USD,CC
70011787,02305,05,1,20250914,81751,000000005103,1,6.99,6.99,0.00,0.00,S,,,USD,DB
70011787,02305,05,2,20250914,81751,000000551021,2,11.99,23.98,0.00,1.50,S,,,USD,DB
70011788,02305,05,1,20250914,212415,000000005020,1,4.49,4.49,0.00,0.00,S,,,USD,GC
70011788,02305,05,2,20250914,212415,000000561002,1,7.49,7.49,1.50,0.37,S,,PC25W33,USD,GC
70011788,02305,05,3,20250914,212415,000000093321,0.387,1.49,0.58,0.00,0.00,S,,,USD,GC
70011789,02305,05,1,20250914,93557,000000005102,1,5.49,5.49,0.00,0.00,S,,,USD,DB
70011789,02305,05,2,20250914,93557,000000562001,2,10.99,21.98,0.00,1.37,S,,,USD,DB
70011790,02305,04,1,20250914,72251,000004491001,1,2.49,2.49,0.00,0.16,S,,,USD,CC
70011790,02305,04,2,20250914,72251,000000005012,1,3.99,3.99,0.00,0.00,S,,,USD,CC
70011790,02305,04,3,20250914,72251,000000094203,1.939,1.49,2.89,0.00,0.00,S,,,USD,CC
70011790,02305,04,4,20250914,72251,000000030201,1,9.99,9.99,0.00,0.00,S,,,USD,CC
70011791,02305,06,1,20250914,152333,000004473003,1,3.49,3.49,0.87,0.16,S,,PC25W32,USD,CC
70011792,02305,01,1,20250914,140841,000004472003,1,3.29,3.29,0.00,0.21,S,6014837537,,USD,CS
70011793,02305,02,1,20250914,141126,000000005102,1,5.49,5.49,0.00,0.00,S,6002437654,,USD,CC
70011794,02305,03,1,20250914,123559,000004483002,1,3.49,3.49,0.00,0.22,S,,,USD,CC
70011794,02305,03,2,20250914,123559,000004493002,1,3.99,3.99,0.00,0.25,S,,,USD,CC
70011794,02305,03,3,20250914,123559,000000040101,0.393,18.99,7.46,0.00,0.00,S,,,USD,CC
70011795,03050,01,1,20250914,93244,000004482001,2,13.99,27.98,0.00,1.75,S,,,USD,DB
70011795,03050,01,2,20250914,93244,000000093501,1,4.49,4.49,0.00,0.00,S,,,USD,DB
70011795,03050,01,3,20250914,93244,000000020201,1,5.49,5.49,0.00,0.00,S,,,USD,DB
70011795,03050,01,4,20250914,93244,000000020101,1,2.49,2.49,0.00,0.00,S,,,USD,DB
70011796,03050,01,1,20250914,183900,000004482002,1,17.99,17.99,0.00,1.12,S,,,USD,CS
70011796,03050,01,2,20250914,183900,000000030202,1,11.49,11.49,2.30,0.00,S,,PC25W33,USD,CS
70011797,03050,05,1,20250914,72303,000000005103,1,6.99,6.99,0.00,0.00,S,,,USD,DB
70011797,03050,05,2,20250914,72303,000004472001,1,3.99,3.99,1.00,0.19,S,,PC25W32,USD,DB
70011797,03050,05,3,20250914,72303,000000551020,1,13.99,13.99,0.00,0.87,S,,,USD,DB
70011797,03050,05,4,20250914,72303,000004491002,1,6.99,6.99,0.00,0.44,S,,,USD,DB
70011797,03050,05,5,20250914,72303,000000094302,1.364,5.49,7.49,0.00,0.00,S,,,USD,DB
70011798,03050,06,1,20250914,102200,000000093325,0.927,3.99,3.70,0.00,0.00,S,6099648997,,USD,DB
70011798,03050,06,2,20250914,102200,000004471024,1,3.49,3.49,0.00,0.22,S,6099648997,,USD,DB
70011798,03050,06,3,20250914,102200,000000561001,1,9.99,9.99,0.00,0.62,S,6099648997,,USD,DB
70011799,00317,05,1,20250914,71446,000000093410,1.558,5.39,8.40,0.00,0.00,S,,,CAD,CS
70011800,00317,03,1,20250914,162610,000000561001,1,13.59,13.59,0.00,0.85,S,6090211586,,CAD,CC
70011801,00317,03,1,20250914,140746,000000030101,1,9.49,9.49,2.37,0.00,S,,PC25W32,CAD,DB
70011802,00317,06,1,20250914,93154,000004483001,2,6.79,13.58,0.00,0.85,S,,,CAD,CC
70011802,00317,06,2,20250914,93154,000000020101,1,3.39,3.39,0.00,0.00,S,,,CAD,CC
70011802,00317,06,3,20250914,93154,000000005302,1,4.69,4.69,0.00,0.00,S,,,CAD,CC
70011802,00317,06,4,20250914,93154,000000552002,3,5.39,16.17,0.00,1.01,S,,,CAD,CC
70011803,00317,06,1,20250914,174218,000004472003,1,4.49,4.49,0.00,0.28,S,,,CAD,CS
70011803,00317,06,2,20250914,174218,000004492050,2,2.99,5.98,1.20,0.30,S,,PC25W33,CAD,CS
70011803,00317,06,3,20250914,174218,000000005103,1,9.49,9.49,0.00,0.00,S,,,CAD,CS
70011804,00317,02,1,20250914,213742,000004492002,1,1.99,1.99,0.00,0.12,S,6019719975,,CAD,CS
70011804,00317,02,2,20250914,213742,000004492003,1,3.09,3.09,0.00,0.19,S,6019719975,,CAD,CS
70011804,00317,02,3,20250914,213742,000004491003,1,2.69,2.69,0.00,0.17,S,6019719975,,CAD,CS
70011804,00317,02,4,20250914,213742,000000094201,1.128,2.29,2.58,0.00,0.00,S,6019719975,,CAD,CS
70011804,00317,02,5,20250914,213742,000000005201,1,5.39,5.39,1.08,0.00,S,6019719975,PC25W33,CAD,CS
70011805,00317,02,1,20250914,75026,000000040203,1,16.29,16.29,0.00,0.00,S,,,CAD,CC
70011805,00317,02,2,20250914,75026,000000040203,2,16.29,32.58,0.00,0.00,S,,,CAD,CC
70011805,00317,02,3,20250914,75026,000000094202,0.480,2.69,1.29,0.00,0.00,S,,,CAD,CC
70011805,00317,02,4,20250914,75026,000004471030,1,5.39,5.39,0.00,0.34,S,,,CAD,CC
70011805,00317,02,5,20250914,75026,000004491003,1,2.69,2.69,0.00,0.17,S,,,CAD,CC
70011805,00317,02,6,20250914,75026,000004473003,1,4.69,4.69,1.17,0.22,S,,PC25W32,CAD,CC
70011806,00317,02,1,20250914,201708,000004472001,1,5.39,5.39,1.35,0.25,S,,PC25W32,CAD,DB
70011806,00317,02,2,20250914,201708,000004481003,2,6.79,13.58,2.72,0.68,S,,PC25W33,CAD,DB
70011806,00317,02,3,20250914,201708,000000552001,1,6.09,6.09,0.00,0.38,S,,,CAD,DB
70011806,00317,02,4,20250914,201708,000000005020,1,6.09,6.09,0.00,0.00,S,,,CAD,DB
70011806,00317,02,5,20250914,201708,000004493002,1,5.39,5.39,0.00,0.34,S,,,CAD,DB
70011807,00317,05,1,20250914,174806,000000094103,1,5.19,5.19,0.00,0.00,S,6074064930,,CAD,DB
70011807,00317,05,2,20250914,174806,000000094103,2,5.19,10.38,0.00,0.00,S,6074064930,,CAD,DB
70011807,00317,05,3,20250914,174806,000000040101,1.265,25.79,32.62,0.00,0.00,S,6074064930,,CAD,DB
70011807,00317,05,4,20250914,174806,000000094101,1,5.39,5.39,0.00,0.00,S,6074064930,,CAD,DB
70011807,00317,05,5,20250914,174806,000000020202,1,8.09,8.09,0.00,0.00,S,6074064930,,CAD,DB
70011807,00317,05,6,20250914,174806,000004473001,1,4.09,4.09,0.00,0.26,S,6074064930,,CAD,DB
70011808,00317,01,1,20250914,74832,000004472002,1,6.09,6.09,0.00,0.38,S,6018489554,,CAD,DB
70011808,00317,01,2,20250914,74832,000004482003,1,7.49,7.49,0.00,0.47,S,6018489554,,CAD,DB
70011808,00317,01,3,20250914,74832,000000020201,1,7.49,7.49,0.00,0.00,S,6018489554,,CAD,DB
70011809,00317,06,1,20250914,195417,000004482002,1,24.49,24.49,0.00,1.53,S,6026042232,,CAD,DB
70011809,00317,06,2,20250914,195417,000004472001,1,5.39,5.39,1.35,0.25,S,6026042232,PC25W32,CAD,DB
70011810,00317,01,1,20250914,180916,000000031102,1.261,27.19,34.29,0.00,0.00,S,,,CAD,CS
70011810,00317,01,2,20250914,180916,000000093501,1,6.09,6.09,0.00,0.00,S,,,CAD,CS
70011811,00317,05,1,20250914,102221,000004471040,3,3.39,10.17,0.00,0.64,S,6095481497,,CAD,DB
70011812,00322,06,1,20250914,144415,000004471040,1,3.39,3.39,0.00,0.21,S,,,CAD,CS
70011812,00322,06,2,20250914,144415,000000093402,1.529,4.49,6.87,0.00,0.00,S,,,CAD,CS
70011812,00322,06,3,20250914,144415,000000040201,1,12.19,12.19,0.00,0.00,S,,,CAD,CS
70011812,00322,06,4,20250914,144415,000000093402,2.052,4.49,9.21,0.00,0.00,S,,,CAD,CS
70011813,00322,05,1,20250914,203714,000000005201,2,5.39,10.78,2.16,0.00,S,6057828410,PC25W33,CAD,CS
70011813,00322,05,2,20250914,203714,000004481002,1,10.89,10.89,0.00,0.68,S,6057828410,,CAD,CS
70011814,00322,05,1,20250914,215536,000000040202,1,20.39,20.39,0.00,0.00,S,,,CAD,DB
70011814,00322,05,2,20250914,215536,000004483001,1,6.79,6.79,0.00,0.42,S,,,CAD,DB
70011815,00322,05,1,20250914,153325,000000040201,1,12.19,12.19,0.00,0.00,S,6010414596,,CAD,CC
70011815,00322,05,2,20250914,153325,000004491002,1,9.49,9.49,0.00,0.59,S,6010414596,,CAD,CC
70011816,01042,04,1,20250915,170258,000000040202,1,14.99,14.99,0.00,0.00,S,6039235558,,USD,GC
70011816,01042,04,2,20250915,170258,000000094201,0.272,1.69,0.46,0.00,0.00,S,6039235558,,USD,GC
70011817,01042,06,1,20250915,80201,000000020101,1,2.49,2.49,0.00,0.00,S,6038320603,,USD,DB
70011817,01042,06,2,20250915,80201,000000094201,0.796,1.69,1.35,0.00,0.00,S,6038320603,,USD,DB
70011818,01042,04,1,20250915,80141,000000093401,1.750,5.49,9.61,0.00,0.00,S,6091792025,,USD,CS
70011818,01042,04,2,20250915,80141,000000552001,1,4.49,4.49,0.00,0.28,S,6091792025,,USD,CS
70011818,01042,04,3,20250915,80141,000004482002,3,17.99,53.97,0.00,3.37,S,6091792025,,USD,CS
70011818,01042,04,4,20250915,80141,000004481003,2,4.99,9.98,2.00,0.50,S,6091792025,PC25W33,USD,CS
70011818,01042,04,5,20250915,80141,000004473003,1,3.49,3.49,0.87,0.16,S,6091792025,PC25W32,USD,CS
70011819,01042,01,1,20250915,215915,000000005301,1,5.49,5.49,0.00,0.00,S,,,USD,DB
70011819,01042,01,2,20250915,215915,000000561002,1,7.49,7.49,1.50,0.37,S,,PC25W33,USD,DB
70011820,01042,02,1,20250915,103355,000000020201,1,5.49,5.49,0.00,0.00,S,6095026480,,USD,CC
70011820,01042,02,2,20250915,103355,000000030101,2,6.99,13.98,3.50,0.00,S,6095026480,PC25W32,USD,CC
70011821,01107,03,1,20250915,115021,000000040102,0.294,16.99,5.00,0.00,0.00,S,,,USD,DB
70011822,01107,03,1,20250915,191802,000004472001,1,3.99,3.99,1.00,0.19,S,,PC25W32,USD,DB
70011822,01107,03,2,20250915,191802,000000020102,2,3.49,6.98,0.00,0.00,S,,,USD,DB
70011822,01107,03,3,20250915,191802,000000040201,1,8.99,8.99,0.00,0.00,S,,,USD,DB
70011822,01107,03,4,20250915,191802,000004481003,1,4.99,4.99,1.00,0.25,S,,PC25W33,USD,DB
70011823,01107,01,1,20250915,71958,000000005301,1,5.49,5.49,0.00,0.00,S,,,USD,DB
70011823,01107,01,2,20250915,71958,000000030202,1,11.49,11.49,2.30,0.00,S,,PC25W33,USD,DB
70011824,01107,01,1,20250915,165451,000000094201,1.931,1.69,3.26,0.00,0.00,S,6086204485,,USD,CS
70011824,01107,01,2,20250915,165451,000004473003,2,3.49,6.98,1.75,0.33,S,6086204485,PC25W32,USD,CS
70011824,01107,01,3,20250915,165451,000004493002,2,3.99,7.98,0.00,0.50,S,6086204485,,USD,CS
70011824,01107,01,4,20250915,165451,000004481001,1,7.99,7.99,0.00,0.50,S,6086204485,,USD,CS
70011825,02210,01,1,20250915,113726,000000005102,1,5.49,5.49,0.00,0.00,S,6036637780,,USD,CC
70011826,02210,06,1,20250915,160152,000000020102,3,3.49,10.47,0.00,0.00,S,6053486401,,USD,DB
70011827,02210,02,1,20250915,134550,000000030103,1,8.99,8.99,2.25,0.00,S,6004145456,PC25W32,USD,DB
70011827,02210,02,2,20250915,134550,000004471030,3,3.99,11.97,0.00,0.75,S,6004145456,,USD,DB
70011828,02210,05,1,20250915,95556,000000561001,1,9.99,9.99,0.00,0.62,S,,,USD,CC
70011828,02210,05,2,20250915,95556,000000040203,1,11.99,11.99,0.00,0.00,S,,,USD,CC
70011828,02210,05,3,20250915,95556,000000561001,1,9.99,9.99,0.00,0.62,S,,,USD,CC
70011828,02210,05,4,20250915,95556,000000093322,1.260,1.99,2.51,0.00,0.00,S,,,USD,CC
70011828,02210,05,5,20250915,95556,000000094203,0.349,1.49,0.52,0.00,0.00,S,,,USD,CC
70011829,02210,04,1,20250915,184404,000000005201,1,3.99,3.99,0.80,0.00,S,,PC25W33,USD,CC
70011830,02210,06,1,20250915,143229,000000093502,2,3.99,7.98,0.00,0.00,S,,,USD,CC
70011830,02210,06,2,20250915,143229,000000094103,1,3.79,3.79,0.00,0.00,S,,,USD,CC
70011831,02210,01,1,20250915,71531,000004473003,1,3.49,3.49,0.87,0.16,S,6092988425,PC25W32,USD,DB
70011831,02210,01,2,20250915,71531,000004482002,1,17.99,17.99,0.00,1.12,S,6092988425,,USD,DB
70011831,02210,01,3,20250915,71531,000000093501,1,4.49,4.49,0.00,0.00,S,6092988425,,USD,DB
70011831,02210,01,4,20250915,71531,000004493001,1,5.49,5.49,0.00,0.34,S,6092988425,,USD,DB
70011832,02210,01,1,20250915,210047,000000094101,1,3.99,3.99,0.00,0.00,S,,,USD,DB
70011833,02210,05,1,20250915,80225,000000005301,2,5.49,10.98,0.00,0.00,S,6030091093,,USD,CC
70011834,02211,05,1,20250915,113215,000000020102,1,3.49,3.49,0.00,0.00,S,6022618962,,USD,CC
70011834,02211,05,2,20250915,113215,000004491002,1,6.99,6.99,0.00,0.44,S,6022618962,,USD,CC
70011835,02211,05,1,20250915,103510,000000020203,1,6.49,6.49,0.00,0.00,S,,,USD,DB
70011835,02211,05,2,20250915,103510,000000040102,1.400,16.99,23.79,0.00,0.00,S,,,USD,DB
70011836,02305,04,1,20250915,91909,000004492001,2,1.79,3.58,0.00,0.22,S,6072870320,,USD,GC
70011836,02305,04,2,20250915,91909,000000005202,1,5.99,5.99,0.00,0.00,S,6072870320,,USD,GC
70011837,02305,04,1,20250915,100655,000004493001,1,5.49,5.49,0.00,0.34,S,,,USD,DB
70011837,02305,04,2,20250915,100655,000004481002,3,7.99,23.97,0.00,1.50,S,,,USD,DB
70011838,02305,01,1,20250915,75448,000000094102,1,3.49,3.49,0.00,0.00,S,,,USD,DB
70011838,02305,01,2,20250915,75448,000000093503,1,4.29,4.29,0.00,0.00,S,,,USD,DB
70011839,02305,05,1,20250915,213231,000004483001,1,4.99,4.99,0.00,0.31,S,,,USD,CS
70011839,02305,05,2,20250915,213231,000004493001,2,5.49,10.98,0.00,0.69,S,,,USD,CS
70011839,02305,05,3,20250915,213231,000000093322,1.325,1.99,2.64,0.00,0.00,S,,,USD,CS
70011839,02305,05,4,20250915,213231,000000093502,1,3.99,3.99,0.00,0.00,S,,,USD,CS
70011839,02305,05,5,20250915,213231,000000031101,2.055,24.99,51.35,0.00,0.00,S,,,USD,CS
70011840,02305,04,1,20250915,80531,000000094203,0.654,1.49,0.97,0.00,0.00,S,,,USD,CC
70011841,02305,03,1,20250915,165742,000000030103,1,8.99,8.99,2.25,0.00,S,6067625153,PC25W32,USD,DB
70011841,02305,03,2,20250915,165742,000000094201,0.513,1.69,0.87,0.00,0.00,S,6067625153,,USD,DB
70011842,02305,01,1,20250915,83750,000000552002,1,3.99,3.99,0.00,0.25,S,,,USD,GC
70011842,02305,01,2,20250915,83750,000000005020,1,4.49,4.49,0.00,0.00,S,,,USD,GC
70011842,02305,01,3,20250915,83750,000000030101,2,6.99,13.98,3.50,0.00,S,,PC25W32,USD,GC
70011842,02305,01,4,20250915,83750,000000030103,1,8.99,8.99,2.25,0.00,S,,PC25W32,USD,GC
70011843,02305,03,1,20250915,182529,000000094101,2,3.99,7.98,0.00,0.00,S,,,USD,DB
70011843,02305,03,2,20250915,182529,000000030103,1,8.99,8.99,2.25,0.00,S,,PC25W32,USD,DB
70011843,02305,03,3,20250915,182529,000004473002,1,2.79,2.79,0.00,0.17,S,,,USD,DB
70011843,02305,03,4,20250915,182529,000004482001,1,13.99,13.99,0.00,0.87,S,,,USD,DB
70011843,02305,03,5,20250915,182529,000000093321,1.689,1.49,2.52,0.00,0.00,S,,,USD,DB
70011844,00317,06,1,20250915,165141,000004482002,1,24.49,24.49,0.00,1.53,S,,,CAD,DB
70011844,00317,06,2,20250915,165141,000000020203,1,8.79,8.79,0.00,0.00,S,,,CAD,DB
70011845,00317,05,1,20250915,154037,000000093401,0.709,7.49,5.31,0.00,0.00,S,,,CAD,CC
70011845,00317,05,2,20250915,154037,000000552001,1,6.09,6.09,0.00,0.38,S,,,CAD,CC
70011845,00317,05,3,20250915,154037,000004472001,2,5.39,10.78,2.69,0.51,S,,PC25W32,CAD,CC
70011846,00317,04,1,20250915,102402,000004483002,1,4.69,4.69,0.00,0.29,S,,,CAD,CC
70011846,00317,04,2,20250915,102402,000000552002,1,5.39,5.39,0.00,0.34,S,,,CAD,CC
70011847,00317,02,1,20250915,173302,000000020101,1,3.39,3.39,0.00,0.00,S,6061764750,,CAD,DB
70011847,00317,02,2,20250915,173302,000004481001,1,10.89,10.89,0.00,0.68,S,6061764750,,CAD,DB
70011847,00317,02,3,20250915,173302,000000094202,0.941,2.69,2.53,0.00,0.00,S,6061764750,,CAD,DB
70011847,00317,02,4,20250915,173302,000000093321,1.508,1.99,3.00,0.00,0.00,S,6061764750,,CAD,DB
70011848,00317,04,1,20250915,95736,000000030203,1,11.49,11.49,0.00,0.00,S,6095005070,,CAD,GC
70011848,00317,04,2,20250915,95736,000000040101,1.603,25.79,41.34,0.00,0.00,S,6095005070,,CAD,GC
70011849,00317,03,1,20250915,175557,000004483002,2,4.69,9.38,0.00,0.59,S,6049904530,,CAD,CS
70011849,00317,03,2,20250915,175557,000000551020,1,18.99,18.99,0.00,1.19,S,6049904530,,CAD,CS
70011849,00317,03,3,20250915,175557,000004481001,2,10.89,21.78,0.00,1.36,S,6049904530,,CAD,CS
70011850,00317,04,1,20250915,184234,000000093410,0.988,5.39,5.33,0.00,0.00,S,,,CAD,DB
70011850,00317,04,2,20250915,184234,000000020202,1,8.09,8.09,0.00,0.00,S,,,CAD,DB
70011850,00317,04,3,20250915,184234,000000020202,1,8.09,8.09,0.00,0.00,V,,,CAD,DB
70011851,00317,01,1,20250915,215843,000000005202,1,8.09,8.09,0.00,0.00,S,,,CAD,DB
70011851,00317,01,2,20250915,215843,000004482002,2,24.49,48.98,0.00,3.06,S,,,CAD,DB
70011851,00317,01,3,20250915,215843,000004482003,1,7.49,7.49,0.00,0.47,S,,,CAD,DB
70011852,00317,03,1,20250915,113122,000004472001,1,5.39,5.39,1.35,0.25,S,6051651768,PC25W32,CAD,GC
70011852,00317,03,2,20250915,113122,000000093502,1,5.39,5.39,0.00,0.00,S,6051651768,,CAD,GC
70011852,00317,03,3,20250915,113122,000000040202,2,20.39,40.78,0.00,0.00,S,6051651768,,CAD,GC
70011853,00322,06,1,20250915,174508,000000005201,3,5.39,16.17,3.23,0.00,S,6092855749,PC25W33,CAD,DB
70011853,00322,06,2,20250915,174508,000004471040,1,3.39,3.39,0.00,0.21,S,6092855749,,CAD,DB
70011853,00322,06,3,20250915,174508,000000020203,1,8.79,8.79,0.00,0.00,S,6092855749,,CAD,DB
70011853,00322,06,4,20250915,174508,000000005101,1,10.89,10.89,0.00,0.00,S,6092855749,,CAD,DB
70011853,00322,06,5,20250915,174508,000004472001,1,5.39,5.39,1.35,0.25,S,6092855749,PC25W32,CAD,DB
70011854,00322,05,1,20250915,145153,000000005013,1,5.29,5.29,0.00,0.00,S,,,CAD,CC
70011854,00322,05,2,20250915,145153,000000040101,2.116,25.79,54.57,0.00,0.00,S,,,CAD,CC
70011854,00322,05,3,20250915,145153,000000552002,1,5.39,5.39,0.00,0.34,S,,,CAD,CC
70011854,00322,05,4,20250915,145153,000000040202,1,20.39,20.39,0.00,0.00,S,,,CAD,CC
70011854,00322,05,5,20250915,145153,000000040102,1.138,23.09,26.28,0.00,0.00,S,,,CAD,CC
70011855,00322,05,1,20250915,183230,000004491001,1,3.39,3.39,0.00,0.21,S,6096227284,,CAD,GC
70011856,01042,03,1,20250916,214357,000000040102,1.644,16.99,27.93,0.00,0.00,S,6026527354,,USD,CS
70011856,01042,03,2,20250916,214357,000000562001,1,10.99,10.99,0.00,0.69,S,6026527354,,USD,CS
70011857,01042,04,1,20250916,91202,000000093402,1.364,3.29,4.49,0.00,0.00,S,,,USD,CC
70011857,01042,04,2,20250916,91202,000004473002,1,2.79,2.79,0.00,0.17,S,,,USD,CC
70011857,01042,04,3,20250916,91202,000000020102,1,3.49,3.49,0.00,0.00,S,,,USD,CC
70011857,01042,04,4,20250916,91202,000004493002,1,3.99,3.99,0.00,0.25,S,,,USD,CC
70011857,01042,04,5,20250916,91202,000000020103,1,4.99,4.99,0.00,0.00,S,,,USD,CC
70011858,01107,04,1,20250916,145323,000000094301,0.615,4.39,2.70,0.00,0.00,S,,,USD,GC
70011859,01107,03,1,20250916,191300,000000040202,2,14.99,29.98,0.00,0.00,S,,,USD,DB
70011859,01107,03,2,20250916,191300,000004482001,1,13.99,13.99,0.00,0.87,S,,,USD,DB
70011860,01107,03,1,20250916,81401,000000094301,1.319,4.39,5.79,0.00,0.00,S,6023046184,,USD,GC
70011861,01107,04,1,20250916,134542,000004483002,1,3.49,3.49,0.00,0.22,S,,,USD,DB
70011861,01107,04,2,20250916,134542,000004473003,1,3.49,3.49,0.87,0.16,S,,PC25W32,USD,DB
70011861,01107,04,3,20250916,134542,000004493002,1,3.99,3.99,0.00,0.25,S,,,USD,DB
70011862,02210,02,1,20250916,154343,000000005013,1,3.89,3.89,0.00,0.00,S,,,USD,GC
70011862,02210,02,2,20250916,154343,000000093501,1,4.49,4.49,0.00,0.00,S,,,USD,GC
70011862,02210,02,3,20250916,154343,000000005020,1,4.49,4.49,0.00,0.00,S,,,USD,GC
70011862,02210,02,4,20250916,154343,000004492003,1,2.29,2.29,0.00,0.14,S,,,USD,GC
70011862,02210,02,5,20250916,154343,000000031101,0.972,24.99,24.29,0.00,0.00,S,,,USD,GC
70011863,02210,06,1,20250916,100639,000000020103,2,4.99,9.98,0.00,0.00,S,,,USD,CC
70011863,02210,06,2,20250916,100639,000000005103,1,6.99,6.99,0.00,0.00,S,,,USD,CC
70011863,02210,06,3,20250916,100639,000000552001,1,4.49,4.49,0.00,0.28,S,,,USD,CC
70011863,02210,06,4,20250916,100639,000000040102,0.432,16.99,7.34,0.00,0.00,S,,,USD,CC
70011863,02210,06,5,20250916,100639,000000031101,1.427,24.99,35.66,0.00,0.00,S,,,USD,CC
70011863,02210,06,6,20250916,100639,000004481002,1,7.99,7.99,0.00,0.50,S,,,USD,CC
70011864,02210,04,1,20250916,144700,000004481001,2,7.99,15.98,0.00,1.00,S,,,USD,DB
70011864,02210,04,2,20250916,144700,000000020101,2,2.49,4.98,0.00,0.00,S,,,USD,DB
70011864,02210,04,3,20250916,144700,000000020203,1,6.49,6.49,0.00,0.00,S,,,USD,DB
70011864,02210,04,4,20250916,144700,000004472002,1,4.49,4.49,0.00,0.28,S,,,USD,DB
70011864,02210,04,5,20250916,144700,000004481002,1,7.99,7.99,0.00,0.50,S,,,USD,DB
70011865,02210,05,1,20250916,104313,000004472003,1,3.29,3.29,0.00,0.21,S,6029208751,,USD,CC
70011866,02210,01,1,20250916,170041,000000030101,1,6.99,6.99,1.75,0.00,S,6064970169,PC25W32,USD,DB
70011867,02210,02,1,20250916,211535,000004482002,1,17.99,17.99,0.00,1.12,S,6021697972,,USD,CC
70011867,02210,02,2,20250916,211535,000004482001,1,13.99,13.99,0.00,0.87,S,6021697972,,USD,CC
70011867,02210,02,3,20250916,211535,000000030202,1,11.49,11.49,2.30,0.00,S,6021697972,PC25W33,USD,CC
70011868,02211,01,1,20250916,201123,000004491001,1,2.49,2.49,0.00,0.16,S,6013407451,,USD,DB
70011868,02211,01,2,20250916,201123,000004481003,2,4.99,9.98,2.00,0.50,S,6013407451,PC25W33,USD,DB
70011869,02305,03,1,20250916,160356,000004491002,1,6.99,6.99,0.00,0.44,S,6072946671,,USD,DB
70011870,02305,06,1,20250916,170415,000004482003,1,5.49,5.49,0.00,0.34,R,6083253817,,USD,CC
70011871,02305,02,1,20250916,172530,000000094301,1.806,4.39,7.93,0.00,0.00,S,,,USD,DB
70011871,02305,02,2,20250916,172530,000000093410,0.827,3.99,3.30,0.00,0.00,S,,,USD,DB
70011871,02305,02,3,20250916,172530,000000093401,0.912,5.49,5.01,0.00,0.00,S,,,USD,DB
70011871,02305,02,4,20250916,172530,000004492001,1,1.79,1.79,0.00,0.11,S,,,USD,DB
70011872,02305,01,1,20250916,130941,000000020101,2,2.49,4.98,0.00,0.00,S,,,USD,CC
70011872,02305,01,2,20250916,130941,000004473001,1,2.99,2.99,0.00,0.19,S,,,USD,CC
70011872,02305,01,3,20250916,130941,000000005013,1,3.89,3.89,0.00,0.00,S,,,USD,CC
70011872,02305,01,4,20250916,130941,000004482003,1,5.49,5.49,0.00,0.34,S,,,USD,CC
70011873,02305,03,1,20250916,185657,000000040203,2,11.99,23.98,0.00,0.00,S,,,USD,DB
70011873,02305,03,2,20250916,185657,000000040101,1.283,18.99,24.36,0.00,0.00,S,,,USD,DB
70011873,02305,03,3,20250916,185657,000000040201,3,8.99,26.97,0.00,0.00,S,,,USD,DB
70011874,02305,03,1,20250916,155751,000000562002,1,8.49,8.49,0.00,0.53,S,,,USD,CC
70011874,02305,03,2,20250916,155751,000000005102,3,5.49,16.47,0.00,0.00,S,,,USD,CC
70011874,02305,03,3,20250916,155751,000000005012,2,3.99,7.98,0.00,0.00,S,,,USD,CC
70011874,02305,03,4,20250916,155751,000000030101,1,6.99,6.99,1.75,0.00,S,,PC25W32,USD,CC
70011874,02305,03,5,20250916,155751,000000551021,1,11.99,11.99,0.00,0.75,S,,,USD,CC
70011875,02305,05,1,20250916,215930,000004481001,1,7.99,7.99,0.00,0.50,S,6059779452,,USD,CC
70011875,02305,05,2,20250916,215930,000000020202,1,5.99,5.99,0.00,0.00,S,6059779452,,USD,CC
70011876,02305,99,1,20250916,95949,000000030203,1,8.49,8.49,0.00,0.00,S,,,USD,CC
70011876,02305,99,2,20250916,95949,000000093321,0.485,1.49,0.72,0.00,0.00,S,,,USD,CC
70011877,03050,02,1,20250916,172544,000004473001,2,2.99,5.98,0.00,0.37,S,6039596292,,USD,DB
70011878,03050,05,1,20250916,73856,000000040201,1,8.99,8.99,0.00,0.00,S,,,USD,CC
70011878,03050,05,2,20250916,73856,000004492003,1,2.29,2.29,0.00,0.14,S,,,USD,CC
70011878,03050,05,3,20250916,73856,000000020101,2,2.49,4.98,0.00,0.00,S,,,USD,CC
70011878,03050,05,4,20250916,73856,000000005302,2,3.49,6.98,0.00,0.00,S,,,USD,CC
70011879,03050,03,1,20250916,210430,000000005020,2,4.49,8.98,0.00,0.00,S,6030768104,,USD,CC
70011879,03050,03,2,20250916,210430,000000094202,0.790,1.99,1.57,0.00,0.00,S,6030768104,,USD,CC
70011880,03050,02,1,20250916,153009,000004492001,3,1.79,5.37,0.00,0.34,S,,,USD,DB
70011880,03050,02,2,20250916,153009,000004472001,1,3.99,3.99,1.00,0.19,S,,PC25W32,USD,DB
70011880,03050,02,3,20250916,153009,000004483001,1,4.99,4.99,0.00,0.31,S,,,USD,DB
70011880,03050,02,4,20250916,153009,000000020201,1,5.49,5.49,0.00,0.00,S,,,USD,DB
70011880,03050,02,5,20250916,153009,000000040101,0.496,18.99,9.42,0.00,0.00,S,,,USD,DB
70011881,03050,03,1,20250916,171337,000004493001,1,5.49,5.49,0.00,0.34,S,,,USD,CC
70011881,03050,03,2,20250916,171337,000000093402,1.829,3.29,6.02,0.00,0.00,S,,,USD,CC
70011882,03050,01,1,20250916,73225,000004493002,1,3.99,3.99,0.00,0.25,S,6003700332,,USD,GC
70011882,03050,01,2,20250916,73225,000004481002,1,7.99,7.99,0.00,0.50,S,6003700332,,USD,GC
70011882,03050,01,3,20250916,73225,000000030201,2,9.99,19.98,0.00,0.00,S,6003700332,,USD,GC
70011882,03050,01,4,20250916,73225,000000005201,1,3.99,3.99,0.80,0.00,S,6003700332,PC25W33,USD,GC
70011882,03050,01,5,20250916,73225,000000094201,0.545,1.69,0.92,0.00,0.00,S,6003700332,,USD,GC
70011882,03050,01,6,20250916,73225,000000040201,1,8.99,8.99,0.00,0.00,S,6003700332,,USD,GC
70011883,03050,06,1,20250916,212615,000000040102,1.365,16.99,23.19,0.00,0.00,S,6055411082,,USD,DB
70011883,03050,06,2,20250916,212615,000000094201,1.693,1.69,2.86,0.00,0.00,S,6055411082,,USD,DB
70011883,03050,06,3,20250916,212615,000000093325,1.545,3.99,6.16,0.00,0.00,S,6055411082,,USD,DB
70011883,03050,06,4,20250916,212615,000000094302,1.064,5.49,5.84,0.00,0.00,S,6055411082,,USD,DB
70011884,03050,05,1,20250916,211432,000000030103,1,8.99,8.99,2.25,0.00,S,,PC25W32,USD,DB
70011884,03050,05,2,20250916,211432,000000005201,1,3.99,3.99,0.80,0.00,S,,PC25W33,USD,DB
70011884,03050,05,3,20250916,211432,000004472001,1,3.99,3.99,1.00,0.19,S,,PC25W32,USD,DB
70011885,00317,03,1,20250916,215023,000000093501,1,6.09,6.09,0.00,0.00,S,,,CAD,DB
70011886,00317,03,1,20250916,170029,000000005302,1,4.69,4.69,0.00,0.00,S,,,CAD,DB
70011886,00317,03,2,20250916,170029,000000020102,2,4.69,9.38,0.00,0.00,S,,,CAD,DB
70011886,00317,03,3,20250916,170029,000000093503,1,5.79,5.79,0.00,0.00,S,,,CAD,DB
70011887,00317,01,1,20250916,100234,000000005101,3,10.89,32.67,0.00,0.00,S,6064455618,,CAD,GC
70011887,00317,01,2,20250916,100234,000000030101,2,9.49,18.98,4.75,0.00,S,6064455618,PC25W32,CAD,GC
70011888,00317,01,1,20250916,182059,000000005102,1,7.49,7.49,0.00,0.00,S,,,CAD,DB
70011888,00317,01,2,20250916,182059,000004491003,1,2.69,2.69,0.00,0.17,S,,,CAD,DB
70011888,00317,01,3,20250916,182059,000000005103,3,9.49,28.47,0.00,0.00,S,,,CAD,DB
70011889,00317,05,1,20250916,80628,000000030102,3,20.39,61.17,0.00,0.00,S,,,CAD,CC
70011889,00317,05,2,20250916,80628,000000005013,1,5.29,5.29,0.00,0.00,S,,,CAD,CC
70011889,00317,05,3,20250916,80628,000000561002,2,10.19,20.38,4.08,1.02,S,,PC25W33,CAD,CC
70011890,00317,04,1,20250916,173122,000000030103,1,12.19,12.19,3.05,0.00,S,6012880133,PC25W32,CAD,CC
70011890,00317,04,2,20250916,173122,000004482003,2,7.49,14.98,0.00,0.94,S,6012880133,,CAD,CC
70011891,00317,03,1,20250916,95502,000000551020,1,18.99,18.99,0.00,1.19,S,6005487396,,CAD,CS
70011891,00317,03,2,20250916,95502,000000030102,1,20.39,20.39,0.00,0.00,S,6005487396,,CAD,CS
70011891,00317,03,3,20250916,95502,000000030101,1,9.49,9.49,2.37,0.00,S,6005487396,PC25W32,CAD,CS
70011891,00317,03,4,20250916,95502,000000561002,1,10.19,10.19,2.04,0.51,S,6005487396,PC25W33,CAD,CS
70011891,00317,03,5,20250916,95502,000000094102,1,4.69,4.69,0.00,0.00,S,6005487396,,CAD,CS
70011892,00317,04,1,20250916,82253,000000005201,1,5.39,5.39,1.08,0.00,S,,PC25W33,CAD,CC
70011892,00317,04,2,20250916,82253,000004472001,2,5.39,10.78,2.69,0.51,S,,PC25W32,CAD,CC
70011892,00317,04,3,20250916,82253,000000561002,2,10.19,20.38,4.08,1.02,S,,PC25W33,CAD,CC
70011892,00317,04,4,20250916,82253,000004493001,3,7.49,22.47,0.00,1.40,S,,,CAD,CC
70011893,00317,03,1,20250916,113817,000000093402,0.691,4.49,3.10,0.00,0.00,S,6089848416,,CAD,CS
70011893,00317,03,2,20250916,113817,000004492050,2,2.99,5.98,1.20,0.30,S,6089848416,PC25W33,CAD,CS
70011893,00317,03,3,20250916,113817,000004481003,2,6.79,13.58,2.72,0.68,S,6089848416,PC25W33,CAD,CS
70011893,00317,03,4,20250916,113817,000000093321,0.496,1.99,0.99,0.00,0.00,S,6089848416,,CAD,CS
70011893,00317,03,5,20250916,113817,000004473001,1,4.09,4.09,0.00,0.26,S,6089848416,,CAD,CS
70011893,00317,03,6,20250916,113817,000004492050,3,2.99,8.97,1.79,0.45,S,6089848416,PC25W33,CAD,CS
70011894,00317,05,1,20250916,184957,000000562001,1,14.89,14.89,0.00,0.93,S,6088269131,,CAD,CS
70011894,00317,05,2,20250916,184957,000000094302,1.848,7.49,13.84,0.00,0.00,S,6088269131,,CAD,CS
70011894,00317,05,3,20250916,184957,000000093503,2,5.79,11.58,0.00,0.00,S,6088269131,,CAD,CS
70011895,00317,01,1,20250916,134711,000000561001,1,13.59,13.59,0.00,0.85,S,,,CAD,GC
70011895,00317,01,2,20250916,134711,000004472003,1,4.49,4.49,0.00,0.28,S,,,CAD,GC
70011896,00317,05,1,20250916,180528,000004491002,1,9.49,9.49,0.00,0.59,S,6028569146,,CAD,CC
70011896,00317,05,2,20250916,180528,000000040102,2.023,23.09,46.71,0.00,0.00,S,6028569146,,CAD,CC
70011897,00317,02,1,20250916,214507,000000005012,1,5.39,5.39,0.00,0.00,S,,,CAD,DB
70011897,00317,02,2,20250916,214507,000004492002,1,1.99,1.99,0.00,0.12,S,,,CAD,DB
70011897,00317,02,3,20250916,214507,000000094301,0.517,5.99,3.10,0.00,0.00,S,,,CAD,DB
70011897,00317,02,4,20250916,214507,000000093502,1,5.39,5.39,0.00,0.00,S,,,CAD,DB
70011897,00317,02,5,20250916,214507,000000005202,1,8.09,8.09,0.00,0.00,S,,,CAD,DB
70011897,00317,02,6,20250916,214507,000004471024,1,4.69,4.69,0.00,0.29,S,,,CAD,DB
70011898,00322,01,1,20250916,92503,000004472001,1,5.39,5.39,1.35,0.25,S,,PC25W32,CAD,GC
70011898,00322,01,2,20250916,92503,000000040202,1,20.39,20.39,0.00,0.00,S,,,CAD,GC
70011898,00322,01,3,20250916,92503,000000030201,1,13.59,13.59,0.00,0.00,S,,,CAD,GC
70011898,00322,01,4,20250916,92503,000000040203,2,16.29,32.58,0.00,0.00,S,,,CAD,GC
70011899,00322,06,1,20250916,122933,000000005201,1,5.39,5.39,1.08,0.00,S,,PC25W33,CAD,DB
70011899,00322,06,2,20250916,122933,000000031101,0.882,33.99,29.98,0.00,0.00,S,,,CAD,DB
70011899,00322,06,3,20250916,122933,000000005201,1,5.39,5.39,1.08,0.00,S,,PC25W33,CAD,DB
70011900,00322,05,1,20250916,182913,000000020202,2,8.09,16.18,0.00,0.00,S,,,CAD,CC
70011900,00322,05,2,20250916,182913,000004481003,2,6.79,13.58,2.72,0.68,S,,PC25W33,CAD,CC
70011900,00322,05,3,20250916,182913,000000020203,1,8.79,8.79,0.00,0.00,S,,,CAD,CC
70011901,00322,03,1,20250916,190226,000004472001,1,5.39,5.39,1.35,0.25,S,6038105955,PC25W32,CAD,CS
70011901,00322,03,2,20250916,190226,000000005101,2,10.89,21.78,0.00,0.00,S,6038105955,,CAD,CS
70011901,00322,03,3,20250916,190226,000000005013,1,5.29,5.29,0.00,0.00,S,6038105955,,CAD,CS
70011901,00322,03,4,20250916,190226,000000005201,3,5.39,16.17,3.23,0.00,S,6038105955,PC25W33,CAD,CS
70011901,00322,03,5,20250916,190226,000004472001,2,5.39,10.78,2.69,0.51,S,6038105955,PC25W32,CAD,CS
70011902,00322,02,1,20250916,183608,000004482002,2,24.49,48.98,0.00,3.06,S,6083182856,,CAD,CS
70011902,00322,02,2,20250916,183608,000000005103,1,9.49,9.49,0.00,0.00,S,6083182856,,CAD,CS
70011903,01042,03,1,20250917,212342,000004471040,2,2.49,4.98,0.00,0.31,S,6000915618,,USD,CS
70011903,01042,03,2,20250917,212342,000000093410,1.244,3.99,4.96,0.00,0.00,S,6000915618,,USD,CS
70011903,01042,03,3,20250917,212342,000000030101,1,6.99,6.99,1.75,0.00,S,6000915618,PC25W32,USD,CS
70011904,01042,06,1,20250917,180551,000000551020,1,13.99,13.99,0.00,0.87,S,,,USD,GC
70011904,01042,06,2,20250917,180551,000000093503,1,4.29,4.29,0.00,0.00,S,,,USD,GC
70011904,01042,06,3,20250917,180551,000000005013,1,3.89,3.89,0.00,0.00,S,,,USD,GC
70011904,01042,06,4,20250917,180551,000000005202,1,5.99,5.99,0.00,0.00,S,,,USD,GC
70011905,01042,04,1,20250917,134709,000000093502,1,3.99,3.99,0.00,0.00,S,6011231261,,USD,DB
70011905,01042,04,2,20250917,134709,000000005302,2,3.49,6.98,0.00,0.00,S,6011231261,,USD,DB
70011905,01042,04,3,20250917,134709,000000030101,3,6.99,20.97,5.24,0.00,S,6011231261,PC25W32,USD,DB
70011905,01042,04,4,20250917,134709,000000040203,1,11.99,11.99,0.00,0.00,S,6011231261,,USD,DB
70011905,01042,04,5,20250917,134709,000000020102,1,3.49,3.49,0.00,0.00,S,6011231261,,USD,DB
70011906,01042,05,1,20250917,215552,000000005302,1,3.49,3.49,0.00,0.00,S,6011554262,,USD,DB
70011906,01042,05,2,20250917,215552,000000030101,1,6.99,6.99,1.75,0.00,S,6011554262,PC25W32,USD,DB
70011906,01042,05,3,20250917,215552,000004492002,1,1.49,1.49,0.00,0.09,S,6011554262,,USD,DB
70011906,01042,05,4,20250917,215552,000004471030,1,3.99,3.99,0.00,0.25,S,6011554262,,USD,DB
70011907,01042,02,1,20250917,160020,000004482001,1,13.99,13.99,0.00,0.87,S,,,USD,DB
70011907,01042,02,2,20250917,160020,000000031102,1.607,19.99,32.12,0.00,0.00,S,,,USD,DB
70011907,01042,02,3,20250917,160020,000000551020,1,13.99,13.99,0.00,0.87,S,,,USD,DB
70011908,01042,04,1,20250917,83139,000000020201,2,5.49,10.98,0.00,0.00,S,,,USD,CC
70011908,01042,04,2,20250917,83139,000000030202,2,11.49,22.98,4.60,0.00,S,,PC25W33,USD,CC
70011908,01042,04,3,20250917,83139,000004482001,1,13.99,13.99,0.00,0.87,S,,,USD,CC
70011908,01042,04,4,20250917,83139,000000020103,2,4.99,9.98,0.00,0.00,S,,,USD,CC
70011908,01042,04,5,20250917,83139,000004472003,1,3.29,3.29,0.00,0.21,S,,,USD,CC
70011909,01107,05,1,20250917,164603,000000005012,1,3.99,3.99,0.00,0.00,S,,,USD,CC
70011909,01107,05,2,20250917,164603,000000561002,2,7.49,14.98,3.00,0.75,S,,PC25W33,USD,CC
70011910,01107,03,1,20250917,175544,000000005103,3,6.99,20.97,0.00,0.00,S,,,USD,CC
70011911,02210,06,1,20250917,102703,000000561002,2,7.49,14.98,3.00,0.75,S,6080442067,PC25W33,USD,CC
70011911,02210,06,2,20250917,102703,000000020102,1,3.49,3.49,0.00,0.00,S,6080442067,,USD,CC
70011911,02210,06,3,20250917,102703,000004492002,1,1.49,1.49,0.00,0.09,S,6080442067,,USD,CC
70011912,02210,05,1,20250917,181054,000000005201,1,3.99,3.99,0.80,0.00,S,,PC25W33,USD,DB
70011912,02210,05,2,20250917,181054,000000005020,1,4.49,4.49,0.00,0.00,S,,,USD,DB
70011912,02210,05,3,20250917,181054,000000040201,1,8.99,8.99,0.00,0.00,S,,,USD,DB
70011912,02210,05,4,20250917,181054,000000020203,1,6.49,6.49,0.00,0.00,S,,,USD,DB
70011913,02210,01,1,20250917,72855,000000552001,1,4.49,4.49,0.00,0.28,S,,,USD,DB
70011913,02210,01,2,20250917,72855,000000005302,1,3.49,3.49,0.00,0.00,S,,,USD,DB
70011914,02210,01,1,20250917,82154,000004473002,1,2.79,2.79,0.00,0.17,S,,,USD,DB
70011914,02210,01,2,20250917,82154,000000040203,1,11.99,11.99,0.00,0.00,S,,,USD,DB
70011914,02210,01,3,20250917,82154,000004492003,1,2.29,2.29,0.00,0.14,S,,,USD,DB
70011915,02210,02,1,20250917,92717,000004473001,3,2.99,8.97,0.00,0.56,S,,,USD,GC
70011915,02210,02,2,20250917,92717,000000005103,2,6.99,13.98,0.00,0.00,S,,,USD,GC
70011915,02210,02,3,20250917,92717,000000005202,1,5.99,5.99,0.00,0.00,S,,,USD,GC
70011915,02210,02,4,20250917,92717,000000094103,2,3.79,7.58,0.00,0.00,S,,,USD,GC
70011915,02210,02,5,20250917,92717,000004493001,1,5.49,5.49,0.00,0.34,S,,,USD,GC
70011915,02210,02,6,20250917,92717,000000005301,1,5.49,5.49,0.00,0.00,S,,,USD,GC
70011916,02210,06,1,20250917,131845,000000020101,1,2.49,2.49,0.00,0.00,S,,,USD,CC
70011916,02210,06,2,20250917,131845,000000094302,1.964,5.49,10.78,0.00,0.00,S,,,USD,CC
70011916,02210,06,3,20250917,131845,000000552001,2,4.49,8.98,0.00,0.56,S,,,USD,CC
70011916,02210,06,4,20250917,131845,000004481001,1,7.99,7.99,0.00,0.50,S,,,USD,CC
70011916,02210,06,5,20250917,131845,000004492003,1,2.29,2.29,0.00,0.14,S,,,USD,CC
70011917,02211,03,1,20250917,141750,000004483001,1,4.99,4.99,0.00,0.31,S,,,USD,CC
70011917,02211,03,2,20250917,141750,000000005202,1,5.99,5.99,0.00,0.00,S,,,USD,CC
70011917,02211,03,3,20250917,141750,000000030201,2,9.99,19.98,0.00,0.00,S,,,USD,CC
70011918,02211,99,1,20250917,180953,000004481003,2,4.99,9.98,2.00,0.50,S,6035989262,PC25W33,USD,DB
70011919,02211,06,1,20250917,214932,000004491001,1,2.49,2.49,0.00,0.16,S,6048736826,,USD,DB
70011920,02211,03,1,20250917,140955,000000020203,1,6.49,6.49,0.00,0.00,S,,,USD,GC
70011921,02211,02,1,20250917,214914,000000020101,1,2.49,2.49,0.00,0.00,S,,,USD,CC
70011921,02211,02,2,20250917,214914,000004472001,1,3.99,3.99,1.00,0.19,S,,PC25W32,USD,CC
70011921,02211,02,3,20250917,214914,000000040203,1,11.99,11.99,0.00,0.00,S,,,USD,CC
70011921,02211,02,4,20250917,214914,000000561001,1,9.99,9.99,0.00,0.62,S,,,USD,CC
70011921,02211,02,5,20250917,214914,000000005102,2,5.49,10.98,0.00,0.00,S,,,USD,CC
70011921,02211,02,6,20250917,214914,000000005201,2,3.99,7.98,1.60,0.00,S,,PC25W33,USD,CC
70011922,02211,06,1,20250917,125043,000004482002,1,17.99,17.99,0.00,1.12,S,,,USD,DB
70011922,02211,06,2,20250917,125043,000000020103,1,4.99,4.99,0.00,0.00,S,,,USD,DB
70011922,02211,06,3,20250917,125043,000000551020,2,13.99,27.98,0.00,1.75,S,,,USD,DB
70011923,02211,03,1,20250917,173127,000000040203,1,11.99,11.99,0.00,0.00,S,,,USD,CC
70011923,02211,03,2,20250917,173127,000004491003,1,1.99,1.99,0.00,0.12,S,,,USD,CC
70011923,02211,03,3,20250917,173127,000000020103,1,4.99,4.99,0.00,0.00,S,,,USD,CC
70011923,02211,03,4,20250917,173127,000004471023,1,3.49,3.49,0.00,0.22,S,,,USD,CC
70011923,02211,03,5,20250917,173127,000004481002,1,7.99,7.99,0.00,0.50,S,,,USD,CC
70011923,02211,03,6,20250917,173127,000004481002,1,7.99,7.99,0.00,0.50,V,,,USD,CC
70011924,02305,06,1,20250917,90559,000000005012,1,3.99,3.99,0.00,0.00,S,,,USD,GC
70011924,02305,06,2,20250917,90559,000000094202,0.462,1.99,0.92,0.00,0.00,S,,,USD,GC
70011925,02305,03,1,20250917,210243,000004471023,1,3.49,3.49,0.00,0.22,S,,,USD,DB
70011926,02305,02,1,20250917,154703,000000030203,1,8.49,8.49,0.00,0.00,S,,,USD,GC
70011926,02305,02,2,20250917,154703,000000005101,1,7.99,7.99,0.00,0.00,S,,,USD,GC
70011926,02305,02,3,20250917,154703,000000005202,1,5.99,5.99,0.00,0.00,S,,,USD,GC
70011926,02305,02,4,20250917,154703,000000040203,1,11.99,11.99,0.00,0.00,S,,,USD,GC
70011926,02305,02,5,20250917,154703,000004482001,1,13.99,13.99,0.00,0.87,S,,,USD,GC
70011927,02305,02,1,20250917,80208,000004472001,1,3.99,3.99,1.00,0.19,S,,PC25W32,USD,CC
70011927,02305,02,2,20250917,80208,000000020102,1,3.49,3.49,0.00,0.00,S,,,USD,CC
70011927,02305,02,3,20250917,80208,000004491003,1,1.99,1.99,0.00,0.12,S,,,USD,CC
70011927,02305,02,4,20250917,80208,000000005101,1,7.99,7.99,0.00,0.00,S,,,USD,CC
70011928,02305,06,1,20250917,123716,000004471040,1,2.49,2.49,0.00,0.16,S,,,USD,CS
70011928,02305,06,2,20250917,123716,000000094201,0.378,1.69,0.64,0.00,0.00,S,,,USD,CS
70011928,02305,06,3,20250917,123716,000004472002,2,4.49,8.98,0.00,0.56,S,,,USD,CS
70011928,02305,06,4,20250917,123716,000000040202,2,14.99,29.98,0.00,0.00,S,,,USD,CS
70011929,02305,04,1,20250917,110554,000000561002,1,7.49,7.49,1.50,0.37,S,6010752245,PC25W33,USD,DB
70011929,02305,04,2,20250917,110554,000000005202,1,5.99,5.99,0.00,0.00,S,6010752245,,USD,DB
70011929,02305,04,3,20250917,110554,000004482003,1,5.49,5.49,0.00,0.34,S,6010752245,,USD,DB
70011929,02305,04,4,20250917,110554,000000005201,1,3.99,3.99,0.80,0.00,S,6010752245,PC25W33,USD,DB
70011930,03050,06,1,20250917,164840,000004491002,1,6.99,6.99,0.00,0.44,S,,,USD,CC
70011930,03050,06,2,20250917,164840,000004482001,1,13.99,13.99,0.00,0.87,S,,,USD,CC
70011931,03050,06,1,20250917,153240,000000020101,1,2.49,2.49,0.00,0.00,S,,,USD,DB
70011931,03050,06,2,20250917,153240,000000094302,1.957,5.49,10.74,0.00,0.00,S,,,USD,DB
70011931,03050,06,3,20250917,153240,000004491002,1,6.99,6.99,0.00,0.44,S,,,USD,DB
70011931,03050,06,4,20250917,153240,000000005101,2,7.99,15.98,0.00,0.00,S,,,USD,DB
70011931,03050,06,5,20250917,153240,000004472001,1,3.99,3.99,1.00,0.19,S,,PC25W32,USD,DB
70011932,03050,04,1,20250917,210813,000000030101,2,6.99,13.98,3.50,0.00,S,6076921053,PC25W32,USD,CC
70011932,03050,04,2,20250917,210813,000000005020,1,4.49,4.49,0.00,0.00,S,6076921053,,USD,CC
70011932,03050,04,3,20250917,210813,000000005302,1,3.49,3.49,0.00,0.00,S,6076921053,,USD,CC
70011933,03050,03,1,20250917,91001,000000093321,0.406,1.49,0.60,0.00,0.00,S,6084145933,,USD,GC
70011933,03050,03,2,20250917,91001,000000094201,1.697,1.69,2.87,0.00,0.00,S,6084145933,,USD,GC
70011933,03050,03,3,20250917,91001,000004473002,1,2.79,2.79,0.00,0.17,S,6084145933,,USD,GC
70011933,03050,03,4,20250917,91001,000000005201,1,3.99,3.99,0.80,0.00,S,6084145933,PC25W33,USD,GC
70011933,03050,03,5,20250917,91001,000000020101,1,2.49,2.49,0.00,0.00,S,6084145933,,USD,GC
70011933,03050,03,6,20250917,91001,000004492002,1,1.49,1.49,0.00,0.09,S,6084145933,,USD,GC
70011934,03050,04,1,20250917,112539,000000040201,1,8.99,8.99,0.00,0.00,S,,,USD,DB
70011934,03050,04,2,20250917,112539,000004492002,2,1.49,2.98,0.00,0.19,S,,,USD,DB
70011934,03050,04,3,20250917,112539,000004483002,1,3.49,3.49,0.00,0.22,S,,,USD,DB
70011934,03050,04,4,20250917,112539,000004493001,2,5.49,10.98,0.00,0.69,S,,,USD,DB
70011934,03050,04,5,20250917,112539,000000020103,1,4.99,4.99,0.00,0.00,S,,,USD,DB
70011934,03050,04,6,20250917,112539,000000094201,0.699,1.69,1.18,0.00,0.00,S,,,USD,DB
70011935,00317,03,1,20250917,84054,000004483002,1,4.69,4.69,0.00,0.29,S,,,CAD,CS
70011935,00317,03,2,20250917,84054,000004472050,2,5.39,10.78,0.00,0.67,S,,,CAD,CS
70011935,00317,03,3,20250917,84054,000000030103,2,12.19,24.38,6.09,0.00,S,,PC25W32,CAD,CS
70011935,00317,03,4,20250917,84054,000004472050,3,5.39,16.17,0.00,1.01,S,,,CAD,CS
70011936,00317,02,1,20250917,104049,000000094201,0.862,2.29,1.97,0.00,0.00,S,,,CAD,GC
70011936,00317,02,2,20250917,104049,000004492050,1,2.99,2.99,0.60,0.15,S,,PC25W33,CAD,GC
70011937,00317,02,1,20250917,130015,000004473001,1,4.09,4.09,0.00,0.26,S,6071240659,,CAD,CC
70011937,00317,02,2,20250917,130015,000000005020,1,6.09,6.09,0.00,0.00,S,6071240659,,CAD,CC
70011937,00317,02,3,20250917,130015,000004471024,1,4.69,4.69,0.00,0.29,S,6071240659,,CAD,CC
70011937,00317,02,4,20250917,130015,000004492050,1,2.99,2.99,0.60,0.15,S,6071240659,PC25W33,CAD,CC
70011937,00317,02,5,20250917,130015,000000040203,1,16.29,16.29,0.00,0.00,S,6071240659,,CAD,CC
70011937,00317,02,6,20250917,130015,000000040102,0.671,23.09,15.49,0.00,0.00,S,6071240659,,CAD,CC
70011938,00317,05,1,20250917,94526,000000005012,1,5.39,5.39,0.00,0.00,S,,,CAD,DB
70011938,00317,05,2,20250917,94526,000000093322,1.932,2.69,5.20,0.00,0.00,S,,,CAD,DB
70011938,00317,05,3,20250917,94526,000004473001,2,4.09,8.18,0.00,0.51,S,,,CAD,DB
70011939,00317,05,1,20250917,163649,000000552001,1,6.09,6.09,0.00,0.38,S,6036533774,,CAD,CS
70011939,00317,05,2,20250917,163649,000004493002,1,5.39,5.39,0.00,0.34,S,6036533774,,CAD,CS
70011939,00317,05,3,20250917,163649,000000552002,1,5.39,5.39,0.00,0.34,S,6036533774,,CAD,CS
70011940,00322,02,1,20250917,70551,000000005102,1,7.49,7.49,0.00,0.00,S,6063296762,,CAD,CC
70011941,00322,05,1,20250917,114200,000004472050,2,5.39,10.78,0.00,0.67,S,6013971870,,CAD,CC
70011942,00322,03,1,20250917,84749,000000040203,3,16.29,48.87,0.00,0.00,S,6041465111,,CAD,CS
70011943,01042,03,1,20250918,70304,000000005020,1,4.49,4.49,0.00,0.00,S,,,USD,CS
70011943,01042,03,2,20250918,70304,000000005201,1,3.99,3.99,0.80,0.00,S,,PC25W33,USD,CS
70011944,01042,05,1,20250918,110159,000000030102,1,14.99,14.99,0.00,0.00,S,6047812248,,USD,CS
70011944,01042,05,2,20250918,110159,000000030103,1,8.99,8.99,2.25,0.00,S,6047812248,PC25W32,USD,CS
70011944,01042,05,3,20250918,110159,000000005302,1,3.49,3.49,0.00,0.00,S,6047812248,,USD,CS
70011944,01042,05,4,20250918,110159,000000562002,1,8.49,8.49,0.00,0.53,S,6047812248,,USD,CS
70011945,01042,01,1,20250918,190951,000000005202,1,5.99,5.99,0.00,0.00,S,,,USD,CC
70011945,01042,01,2,20250918,190951,000004472003,1,3.29,3.29,0.00,0.21,S,,,USD,CC
70011946,01042,03,1,20250918,130907,000000094102,1,3.49,3.49,0.00,0.00,S,,,USD,CS
70011947,01042,06,1,20250918,214658,000004473003,2,3.49,6.98,1.75,0.33,S,6084539862,PC25W32,USD,CC
70011947,01042,06,2,20250918,214658,000000005302,1,3.49,3.49,0.00,0.00,S,6084539862,,USD,CC
70011947,01042,06,3,20250918,214658,000000094202,1.984,1.99,3.95,0.00,0.00,S,6084539862,,USD,CC
70011947,01042,06,4,20250918,214658,000000093410,1.423,3.99,5.68,0.00,0.00,S,6084539862,,USD,CC
70011947,01042,06,5,20250918,214658,000004473003,1,3.49,3.49,0.87,0.16,S,6084539862,PC25W32,USD,CC
70011948,01042,01,1,20250918,85710,000000005102,1,5.49,5.49,0.00,0.00,S,6075233438,,USD,CC
70011948,01042,01,2,20250918,85710,000004473001,1,2.99,2.99,0.00,0.19,S,6075233438,,USD,CC
70011949,01042,03,1,20250918,162735,000000020103,1,4.99,4.99,0.00,0.00,S,,,USD,DB
70011950,01042,03,1,20250918,162708,000004483001,1,4.99,4.99,0.00,0.31,S,6085283061,,USD,CC
70011951,02210,04,1,20250918,91926,000000093503,1,4.29,4.29,0.00,0.00,S,6056909275,,USD,DB
70011951,02210,04,2,20250918,91926,000000094203,1.628,1.49,2.43,0.00,0.00,S,6056909275,,USD,DB
70011951,02210,04,3,20250918,91926,000000005103,1,6.99,6.99,0.00,0.00,S,6056909275,,USD,DB
70011952,02210,01,1,20250918,152045,000004481001,1,7.99,7.99,0.00,0.50,S,6005233027,,USD,CS
70011952,02210,01,2,20250918,152045,000004473001,1,2.99,2.99,0.00,0.19,S,6005233027,,USD,CS
70011952,02210,01,3,20250918,152045,000004492003,1,2.29,2.29,0.00,0.14,S,6005233027,,USD,CS
70011953,02210,05,1,20250918,214331,000000094201,0.835,1.69,1.41,0.00,0.00,R,,,USD,CS
70011954,02210,03,1,20250918,161405,000000020202,1,5.99,5.99,0.00,0.00,S,6045465535,,USD,DB
70011954,02210,03,2,20250918,161405,000004483001,1,4.99,4.99,0.00,0.31,S,6045465535,,USD,DB
70011954,02210,03,3,20250918,161405,000004471030,1,3.99,3.99,0.00,0.25,S,6045465535,,USD,DB
70011954,02210,03,4,20250918,161405,000000005012,2,3.99,7.98,0.00,0.00,S,6045465535,,USD,DB
70011954,02210,03,5,20250918,161405,000000030102,1,14.99,14.99,0.00,0.00,S,6045465535,,USD,DB
70011955,02210,06,1,20250918,152734,000000561002,1,7.49,7.49,1.50,0.37,S,6030120471,PC25W33,USD,CC
70011955,02210,06,2,20250918,152734,000000030101,1,6.99,6.99,1.75,0.00,S,6030120471,PC25W32,USD,CC
70011955,02210,06,3,20250918,152734,000000005103,1,6.99,6.99,0.00,0.00,S,6030120471,,USD,CC
70011955,02210,06,4,20250918,152734,000000094302,0.959,5.49,5.26,0.00,0.00,S,6030120471,,USD,CC
70011956,02210,06,1,20250918,140840,000004472002,1,4.49,4.49,0.00,0.28,S,6072143643,,USD,CS
70011956,02210,06,2,20250918,140840,000000005202,1,5.99,5.99,0.00,0.00,S,6072143643,,USD,CS
70011957,02210,04,1,20250918,70613,000004471040,2,2.49,4.98,0.00,0.31,S,6031538882,,USD,CS
70011957,02210,04,2,20250918,70613,000000040101,0.830,18.99,15.76,0.00,0.00,S,6031538882,,USD,CS
70011957,02210,04,3,20250918,70613,000000020101,3,2.49,7.47,0.00,0.00,S,6031538882,,USD,CS
70011958,02211,03,1,20250918,205332,000000040203,2,11.99,23.98,0.00,0.00,S,,,USD,CS
70011959,02211,02,1,20250918,81920,000000040102,1.296,16.99,22.02,0.00,0.00,S,,,USD,CS
70011959,02211,02,2,20250918,81920,000004472003,1,3.29,3.29,0.00,0.21,S,,,USD,CS
70011960,02211,04,1,20250918,102604,000000040202,2,14.99,29.98,0.00,0.00,S,,,USD,DB
70011960,02211,04,2,20250918,102604,000000040201,1,8.99,8.99,0.00,0.00,S,,,USD,DB
70011960,02211,04,3,20250918,102604,000004472002,1,4.49,4.49,0.00,0.28,S,,,USD,DB
70011960,02211,04,4,20250918,102604,000000094103,1,3.79,3.79,0.00,0.00,S,,,USD,DB
70011961,02211,05,1,20250918,162001,000000094101,2,3.99,7.98,0.00,0.00,S,6067345957,,USD,GC
70011961,02211,05,2,20250918,162001,000004482001,1,13.99,13.99,0.00,0.87,S,6067345957,,USD,GC
70011961,02211,05,3,20250918,162001,000004473001,3,2.99,8.97,0.00,0.56,S,6067345957,,USD,GC
70011961,02211,05,4,20250918,162001,000000020202,1,5.99,5.99,0.00,0.00,S,6067345957,,USD,GC
70011962,02211,05,1,20250918,120133,000004472001,1,3.99,3.99,1.00,0.19,S,,PC25W32,USD,CC
70011962,02211,05,2,20250918,120133,000000093410,0.748,3.99,2.98,0.00,0.00,S,,,USD,CC
70011962,02211,05,3,20250918,120133,000000040102,1.608,16.99,27.32,0.00,0.00,S,,,USD,CC
70011962,02211,05,4,20250918,120133,000004471024,1,3.49,3.49,0.00,0.22,S,,,USD,CC
70011963,02211,03,1,20250918,112458,000004471023,1,3.49,3.49,0.00,0.22,S,6050618538,,USD,GC
70011963,02211,03,2,20250918,112458,000000040101,1.792,18.99,34.03,0.00,0.00,S,6050618538,,USD,GC
70011963,02211,03,3,20250918,112458,000004491001,1,2.49,2.49,0.00,0.16,S,6050618538,,USD,GC
70011963,02211,03,4,20250918,112458,000004473003,1,3.49,3.49,0.87,0.16,S,6050618538,PC25W32,USD,GC
70011964,02305,03,1,20250918,94617,000000093401,2.072,5.49,11.38,0.00,0.00,S,,,USD,DB
70011964,02305,03,2,20250918,94617,000004472001,1,3.99,3.99,1.00,0.19,S,,PC25W32,USD,DB
70011964,02305,03,3,20250918,94617,000004492001,1,1.79,1.79,0.00,0.11,S,,,USD,DB
70011965,02305,04,1,20250918,194350,000000094203,1.573,1.49,2.34,0.00,0.00,S,6038480752,,USD,DB
70011966,02305,03,1,20250918,150738,000000020102,1,3.49,3.49,0.00,0.00,S,,,USD,GC
70011966,02305,03,2,20250918,150738,000004473002,1,2.79,2.79,0.00,0.17,S,,,USD,GC
70011966,02305,03,3,20250918,150738,000000093502,1,3.99,3.99,0.00,0.00,S,,,USD,GC
70011966,02305,03,4,20250918,150738,000000094201,1.569,1.69,2.65,0.00,0.00,S,,,USD,GC
70011967,02305,02,1,20250918,150931,000000030101,1,6.99,6.99,1.75,0.00,S,,PC25W32,USD,DB
70011967,02305,02,2,20250918,150931,000000005101,1,7.99,7.99,0.00,0.00,S,,,USD,DB
70011967,02305,02,3,20250918,150931,000000005012,1,3.99,3.99,0.00,0.00,S,,,USD,DB
70011967,02305,02,4,20250918,150931,000000094201,1.152,1.69,1.95,0.00,0.00,S,,,USD,DB
70011967,02305,02,5,20250918,150931,000004473003,1,3.49,3.49,0.87,0.16,S,,PC25W32,USD,DB
70011968,02305,02,1,20250918,143502,000000005102,2,5.49,10.98,0.00,0.00,S,6078729825,,USD,CC
70011968,02305,02,2,20250918,143502,000000040101,0.609,18.99,11.56,0.00,0.00,S,6078729825,,USD,CC
70011969,02305,01,1,20250918,165522,000000005013,1,3.89,3.89,0.00,0.00,S,6038164321,,USD,CC
70011969,02305,01,2,20250918,165522,000000031102,0.983,19.99,19.65,0.00,0.00,S,6038164321,,USD,CC
70011969,02305,01,3,20250918,165522,000000020102,1,3.49,3.49,0.00,0.00,S,6038164321,,USD,CC
70011969,02305,01,4,20250918,165522,000000030201,1,9.99,9.99,0.00,0.00,S,6038164321,,USD,CC
70011969,02305,01,5,20250918,165522,000000040202,1,14.99,14.99,0.00,0.00,S,6038164321,,USD,CC
70011970,02305,03,1,20250918,75124,000000030202,1,11.49,11.49,2.30,0.00,S,,PC25W33,USD,CC
70011970,02305,03,2,20250918,75124,000000005012,1,3.99,3.99,0.00,0.00,S,,,USD,CC
70011971,02305,05,1,20250918,152654,000000005103,1,6.99,6.99,0.00,0.00,S,,,USD,CC
70011971,02305,05,2,20250918,152654,000000005201,2,3.99,7.98,1.60,0.00,S,,PC25W33,USD,CC
70011972,02305,03,1,20250918,70753,000000040203,1,11.99,11.99,0.00,0.00,S,,,USD,DB
70011972,02305,03,2,20250918,70753,000000561001,1,9.99,9.99,0.00,0.62,S,,,USD,DB
70011972,02305,03,3,20250918,70753,000004481003,1,4.99,4.99,1.00,0.25,S,,PC25W33,USD,DB
70011973,02305,01,1,20250918,161146,000000094202,0.487,1.99,0.97,0.00,0.00,S,6037583094,,USD,DB
70011973,02305,01,2,20250918,161146,000000020102,1,3.49,3.49,0.00,0.00,S,6037583094,,USD,DB
70011974,02305,01,1,20250918,83405,000000562002,1,8.49,8.49,0.00,0.53,S,6086334141,,USD,CS
70011974,02305,01,2,20250918,83405,000004481003,1,4.99,4.99,1.00,0.25,S,6086334141,PC25W33,USD,CS
70011974,02305,01,3,20250918,83405,000000005201,1,3.99,3.99,0.80,0.00,S,6086334141,PC25W33,USD,CS
70011975,02305,04,1,20250918,125242,000000005013,1,3.89,3.89,0.00,0.00,S,6062671462,,USD,DB
70011975,02305,04,2,20250918,125242,000004481001,1,7.99,7.99,0.00,0.50,S,6062671462,,USD,DB
70011976,02305,04,1,20250918,133237,000000020203,2,6.49,12.98,0.00,0.00,S,6069212447,,USD,CS
70011976,02305,04,2,20250918,133237,000004481002,1,7.99,7.99,0.00,0.50,S,6069212447,,USD,CS
70011976,02305,04,3,20250918,133237,000000005302,1,3.49,3.49,0.00,0.00,S,6069212447,,USD,CS
70011976,02305,04,4,20250918,133237,000000093402,1.773,3.29,5.83,0.00,0.00,S,6069212447,,USD,CS
70011976,02305,04,5,20250918,133237,000004493002,1,3.99,3.99,0.00,0.25,S,6069212447,,USD,CS
70011977,03050,05,1,20250918,213906,000004481001,1,7.99,7.99,0.00,0.50,S,,,USD,CC
70011977,03050,05,2,20250918,213906,000000005201,1,3.99,3.99,0.80,0.00,S,,PC25W33,USD,CC
70011977,03050,05,3,20250918,213906,000004473001,2,2.99,5.98,0.00,0.37,S,,,USD,CC
70011977,03050,05,4,20250918,213906,000004493001,1,5.49,5.49,0.00,0.34,S,,,USD,CC
70011977,03050,05,5,20250918,213906,000000094103,2,3.79,7.58,0.00,0.00,S,,,USD,CC
70011977,03050,05,6,20250918,213906,000004482002,1,17.99,17.99,0.00,1.12,S,,,USD,CC
70011978,03050,02,1,20250918,183414,000004491003,1,1.99,1.99,0.00,0.12,S,,,USD,CS
70011979,03050,05,1,20250918,124612,000000005012,1,3.99,3.99,0.00,0.00,S,,,USD,DB
70011979,03050,05,2,20250918,124612,000004481003,1,4.99,4.99,1.00,0.25,S,,PC25W33,USD,DB
70011980,03050,01,1,20250918,93118,000000561002,1,7.49,7.49,1.50,0.37,S,,PC25W33,USD,CC
70011980,03050,01,2,20250918,93118,000000020102,1,3.49,3.49,0.00,0.00,S,,,USD,CC
70011981,03050,02,1,20250918,174840,000000005102,1,5.49,5.49,0.00,0.00,S,6053666144,,USD,GC
70011981,03050,02,2,20250918,174840,000000093402,2.164,3.29,7.12,0.00,0.00,S,6053666144,,USD,GC
70011982,00317,03,1,20250918,143700,000004482002,1,24.49,24.49,0.00,1.53,S,,,CAD,CS
70011982,00317,03,2,20250918,143700,000004492050,1,2.99,2.99,0.60,0.15,S,,PC25W33,CAD,CS
70011983,00317,02,1,20250918,160711,000004471024,1,4.69,4.69,0.00,0.29,S,,,CAD,CC
70011983,00317,02,2,20250918,160711,000004483001,1,6.79,6.79,0.00,0.42,S,,,CAD,CC
70011983,00317,02,3,20250918,160711,000004471030,2,5.39,10.78,0.00,0.67,S,,,CAD,CC
70011983,00317,02,4,20250918,160711,000000005301,1,7.49,7.49,0.00,0.00,S,,,CAD,CC
70011983,00317,02,5,20250918,160711,000000030202,1,15.59,15.59,3.12,0.00,S,,PC25W33,CAD,CC
70011984,00317,05,1,20250918,160006,000000030202,1,15.59,15.59,3.12,0.00,S,,PC25W33,CAD,DB
70011984,00317,05,2,20250918,160006,000000005201,1,5.39,5.39,1.08,0.00,S,,PC25W33,CAD,DB
70011984,00317,05,3,20250918,160006,000000030101,2,9.49,18.98,4.75,0.00,S,,PC25W32,CAD,DB
70011984,00317,05,4,20250918,160006,000004482002,2,24.49,48.98,0.00,3.06,S,,,CAD,DB
70011985,00317,03,1,20250918,131409,000004473003,1,4.69,4.69,1.17,0.22,S,,PC25W32,CAD,DB
70011985,00317,03,2,20250918,131409,000000093401,1.250,7.49,9.36,0.00,0.00,S,,,CAD,DB
70011985,00317,03,3,20250918,131409,000000005013,1,5.29,5.29,0.00,0.00,S,,,CAD,DB
70011985,00317,03,4,20250918,131409,000000093322,1.539,2.69,4.14,0.00,0.00,S,,,CAD,DB
70011985,00317,03,5,20250918,131409,000004473002,1,3.79,3.79,0.00,0.24,S,,,CAD,DB
70011986,00317,03,1,20250918,134542,000000020201,1,7.49,7.49,0.00,0.00,S,,,CAD,DB
70011986,00317,03,2,20250918,134542,000004472003,2,4.49,8.98,0.00,0.56,S,,,CAD,DB
70011986,00317,03,3,20250918,134542,000000005020,1,6.09,6.09,0.00,0.00,S,,,CAD,DB
70011986,00317,03,4,20250918,134542,000000005101,1,10.89,10.89,0.00,0.00,S,,,CAD,DB
70011986,00317,03,5,20250918,134542,000000094201,1.739,2.29,3.98,0.00,0.00,S,,,CAD,DB
70011987,00317,02,1,20250918,160356,000000020201,1,7.49,7.49,0.00,0.00,S,6021667467,,CAD,CC
70011987,00317,02,2,20250918,160356,000004483001,1,6.79,6.79,0.00,0.42,S,6021667467,,CAD,CC
70011988,00317,04,1,20250918,122357,000004473003,1,4.69,4.69,1.17,0.22,S,,PC25W32,CAD,DB
70011989,00322,03,1,20250918,164612,000004472003,1,4.49,4.49,0.00,0.28,S,,,CAD,CS
70011989,00322,03,2,20250918,164612,000000040202,1,20.39,20.39,0.00,0.00,S,,,CAD,CS
70011989,00322,03,3,20250918,164612,000000093321,1.474,1.99,2.93,0.00,0.00,S,,,CAD,CS
70011990,00322,03,1,20250918,93328,000004471030,1,5.39,5.39,0.00,0.34,S,6090340438,,CAD,CS
70011991,00322,02,1,20250918,93802,000000562002,1,11.49,11.49,0.00,0.72,S,,,CAD,GC
70011991,00322,02,2,20250918,93802,000004491002,1,9.49,9.49,0.00,0.59,S,,,CAD,GC
70011992,01042,04,1,20250919,210533,000004472001,1,3.99,3.99,1.00,0.19,S,6010804661,PC25W32,USD,CC
70011992,01042,04,2,20250919,210533,000000094202,0.554,1.99,1.10,0.00,0.00,S,6010804661,,USD,CC
70011993,01042,05,1,20250919,125742,000004483001,1,4.99,4.99,0.00,0.31,S,,,USD,DB
70011993,01042,05,2,20250919,125742,000000040202,1,14.99,14.99,0.00,0.00,S,,,USD,DB
70011994,01042,05,1,20250919,200849,000000005101,1,7.99,7.99,0.00,0.00,S,6076665674,,USD,DB
70011995,01042,03,1,20250919,103439,000004493001,1,5.49,5.49,0.00,0.34,S,6074905097,,USD,CC
70011995,01042,03,2,20250919,103439,000000030202,1,11.49,11.49,2.30,0.00,S,6074905097,PC25W33,USD,CC
70011996,01042,02,1,20250919,191047,000000094302,1.459,5.49,8.01,0.00,0.00,S,6028403339,,USD,DB
70011996,01042,02,2,20250919,191047,000004493002,1,3.99,3.99,0.00,0.25,S,6028403339,,USD,DB
70011996,01042,02,3,20250919,191047,000000093503,1,4.29,4.29,0.00,0.00,S,6028403339,,USD,DB
70011997,01042,03,1,20250919,135057,000004492002,1,1.49,1.49,0.00,0.09,S,,,USD,GC
70011997,01042,03,2,20250919,135057,000004492003,2,2.29,4.58,0.00,0.29,S,,,USD,GC
70011997,01042,03,3,20250919,135057,000000040202,1,14.99,14.99,0.00,0.00,S,,,USD,GC
70011998,01042,02,1,20250919,184722,000000005202,1,5.99,5.99,0.00,0.00,S,,,USD,GC
70011999,01042,06,1,20250919,112923,000004482002,1,17.99,17.99,0.00,1.12,S,6058148769,,USD,CC
70011999,01042,06,2,20250919,112923,000000005302,1,3.49,3.49,0.00,0.00,S,6058148769,,USD,CC
70011999,01042,06,3,20250919,112923,000004473002,1,2.79,2.79,0.00,0.17,S,6058148769,,USD,CC
70011999,01042,06,4,20250919,112923,000004493002,1,3.99,3.99,0.00,0.25,S,6058148769,,USD,CC
70011999,01042,06,5,20250919,112923,000000040101,1.937,18.99,36.78,0.00,0.00,S,6058148769,,USD,CC
70011999,01042,06,6,20250919,112923,000000020101,2,2.49,4.98,0.00,0.00,S,6058148769,,USD,CC
70012000,01042,06,1,20250919,93441,000004473003,1,3.49,3.49,0.87,0.16,S,,PC25W32,USD,CS
70012000,01042,06,2,20250919,93441,000000005101,2,7.99,15.98,0.00,0.00,S,,,USD,CS
70012000,01042,06,3,20250919,93441,000000093401,1.896,5.49,10.41,0.00,0.00,S,,,USD,CS
70012000,01042,06,4,20250919,93441,000000005101,1,7.99,7.99,0.00,0.00,S,,,USD,CS
70012000,01042,06,5,20250919,93441,000000020202,1,5.99,5.99,0.00,0.00,S,,,USD,CS
70012001,01042,05,1,20250919,194510,000000030103,1,8.99,8.99,2.25,0.00,S,,PC25W32,USD,DB
70012001,01042,05,2,20250919,194510,000004471030,1,3.99,3.99,0.00,0.25,S,,,USD,DB
70012002,01042,05,1,20250919,204554,000000030201,1,9.99,9.99,0.00,0.00,S,6003172351,,USD,CC
70012002,01042,05,2,20250919,204554,000000020201,1,5.49,5.49,0.00,0.00,S,6003172351,,USD,CC
70012003,01107,04,1,20250919,100619,000000094202,1.229,1.99,2.45,0.00,0.00,R,,,USD,DB
70012004,01107,04,1,20250919,81752,000004472002,1,4.49,4.49,0.00,0.28,S,6035339055,,USD,CC
70012004,01107,04,2,20250919,81752,000000005012,1,3.99,3.99,0.00,0.00,S,6035339055,,USD,CC
70012004,01107,04,3,20250919,81752,000004481003,2,4.99,9.98,2.00,0.50,S,6035339055,PC25W33,USD,CC
70012005,01107,04,1,20250919,142035,000004472001,1,3.99,3.99,1.00,0.19,S,6006512070,PC25W32,USD,CS
70012006,01107,01,1,20250919,145302,000004472003,2,3.29,6.58,0.00,0.41,S,,,USD,GC
70012006,01107,01,2,20250919,145302,000004472001,1,3.99,3.99,1.00,0.19,S,,PC25W32,USD,GC
70012006,01107,01,3,20250919,145302,000000020202,1,5.99,5.99,0.00,0.00,S,,,USD,GC
70012007,01107,05,1,20250919,73320,000000040102,0.625,16.99,10.62,0.00,0.00,S,,,USD,CS
70012007,01107,05,2,20250919,73320,000000005101,2,7.99,15.98,0.00,0.00,S,,,USD,CS
70012007,01107,05,3,20250919,73320,000000040202,1,14.99,14.99,0.00,0.00,S,,,USD,CS
70012008,02210,03,1,20250919,92858,000000005013,1,3.89,3.89,0.00,0.00,S,6016420595,,USD,DB
70012008,02210,03,2,20250919,92858,000004472003,2,3.29,6.58,0.00,0.41,S,6016420595,,USD,DB
70012009,02210,06,1,20250919,132649,000004471030,2,3.99,7.98,0.00,0.50,S,,,USD,CC
70012010,02210,01,1,20250919,90633,000000094202,0.335,1.99,0.67,0.00,0.00,S,6004145456,,USD,DB
70012010,02210,01,2,20250919,90633,000000094203,0.488,1.49,0.73,0.00,0.00,S,6004145456,,USD,DB
70012010,02210,01,3,20250919,90633,000000040102,1.207,16.99,20.51,0.00,0.00,S,6004145456,,USD,DB
70012011,02210,04,1,20250919,162202,000000561002,1,7.49,7.49,1.50,0.37,S,,PC25W33,USD,CC
70012011,02210,04,2,20250919,162202,000000031102,0.984,19.99,19.67,0.00,0.00,S,,,USD,CC
70012011,02210,04,3,20250919,162202,000000552002,1,3.99,3.99,0.00,0.25,S,,,USD,CC
70012011,02210,04,4,20250919,162202,000000562001,3,10.99,32.97,0.00,2.06,S,,,USD,CC
70012012,02210,06,1,20250919,92902,000004472002,2,4.49,8.98,0.00,0.56,S,6033154100,,USD,CS
70012012,02210,06,2,20250919,92902,000000040102,0.727,16.99,12.35,0.00,0.00,S,6033154100,,USD,CS
70012013,02210,03,1,20250919,210716,000000552002,1,3.99,3.99,0.00,0.25,S,6091508632,,USD,DB
70012014,02211,03,1,20250919,90324,000000005102,3,5.49,16.47,0.00,0.00,S,6006436110,,USD,DB
70012014,02211,03,2,20250919,90324,000004472001,1,3.99,3.99,1.00,0.19,S,6006436110,PC25W32,USD,DB
70012015,02211,01,1,20250919,100957,000000040101,2.063,18.99,39.18,0.00,0.00,S,,,USD,DB
70012015,02211,01,2,20250919,100957,000000040202,1,14.99,14.99,0.00,0.00,S,,,USD,DB
70012015,02211,01,3,20250919,100957,000000040102,1.586,16.99,26.95,0.00,0.00,S,,,USD,DB
70012015,02211,01,4,20250919,100957,000004491003,1,1.99,1.99,0.00,0.12,S,,,USD,DB
70012015,02211,01,5,20250919,100957,000004473001,1,2.99,2.99,0.00,0.19,S,,,USD,DB
70012015,02211,01,6,20250919,100957,000000020203,1,6.49,6.49,0.00,0.00,S,,,USD,DB
70012016,02305,01,1,20250919,110553,000004481003,1,4.99,4.99,1.00,0.25,S,,PC25W33,USD,GC
70012016,02305,01,2,20250919,110553,000000561001,1,9.99,9.99,0.00,0.62,S,,,USD,GC
70012016,02305,01,3,20250919,110553,000000005302,1,3.49,3.49,0.00,0.00,S,,,USD,GC
70012016,02305,01,4,20250919,110553,000000093401,1.450,5.49,7.96,0.00,0.00,S,,,USD,GC
70012016,02305,01,5,20250919,110553,000004472002,1,4.49,4.49,0.00,0.28,S,,,USD,GC
70012017,02305,06,1,20250919,204342,000004473001,1,2.99,2.99,0.00,0.19,S,6067625153,,USD,DB
70012017,02305,06,2,20250919,204342,000000005301,1,5.49,5.49,0.00,0.00,S,6067625153,,USD,DB
70012018,02305,06,1,20250919,164925,000000094302,1.734,5.49,9.52,0.00,0.00,S,,,USD,GC
70012018,02305,06,2,20250919,164925,000000562001,1,10.99,10.99,0.00,0.69,S,,,USD,GC
70012018,02305,06,3,20250919,164925,000000551020,1,13.99,13.99,0.00,0.87,S,,,USD,GC
70012019,02305,01,1,20250919,180815,000004493001,1,5.49,5.49,0.00,0.34,S,,,USD,CS
70012019,02305,01,2,20250919,180815,000004472003,1,3.29,3.29,0.00,0.21,S,,,USD,CS
70012020,02305,06,1,20250919,143334,000000094301,0.813,4.39,3.57,0.00,0.00,S,6003579727,,USD,CC
70012021,02305,04,1,20250919,205326,000000040101,2.019,18.99,38.34,0.00,0.00,S,6061675677,,USD,DB
70012022,02305,06,1,20250919,211327,000000005013,2,3.89,7.78,0.00,0.00,S,,,USD,CC
70012022,02305,06,2,20250919,211327,000000551021,1,11.99,11.99,0.00,0.75,S,,,USD,CC
70012022,02305,06,3,20250919,211327,000004473001,1,2.99,2.99,0.00,0.19,S,,,USD,CC
70012022,02305,06,4,20250919,211327,000000093325,0.303,3.99,1.21,0.00,0.00,S,,,USD,CC
70012022,02305,06,5,20250919,211327,000000020101,1,2.49,2.49,0.00,0.00,S,,,USD,CC
70012023,02305,02,1,20250919,163025,000004473003,1,3.49,3.49,0.87,0.16,S,6009938425,PC25W32,USD,DB
70012023,02305,02,2,20250919,163025,000000093402,0.635,3.29,2.09,0.00,0.00,S,6009938425,,USD,DB
70012023,02305,02,3,20250919,163025,000004481003,1,4.99,4.99,1.00,0.25,S,6009938425,PC25W33,USD,DB
70012023,02305,02,4,20250919,163025,000000094301,1.100,4.39,4.83,0.00,0.00,S,6009938425,,USD,DB
70012024,02305,05,1,20250919,190022,000000552002,1,3.99,3.99,0.00,0.25,S,6071494981,,USD,CS
70012024,02305,05,2,20250919,190022,000000040201,1,8.99,8.99,0.00,0.00,S,6071494981,,USD,CS
70012024,02305,05,3,20250919,190022,000000005302,1,3.49,3.49,0.00,0.00,S,6071494981,,USD,CS
70012024,02305,05,4,20250919,190022,000004491002,2,6.99,13.98,0.00,0.87,S,6071494981,,USD,CS
70012025,02305,02,1,20250919,83005,000000562001,1,10.99,10.99,0.00,0.69,S,,,USD,DB
70012026,02305,04,1,20250919,175728,000000005201,1,3.99,3.99,0.80,0.00,S,6002437654,PC25W33,USD,CC
70012026,02305,04,2,20250919,175728,000000093501,1,4.49,4.49,0.00,0.00,S,6002437654,,USD,CC
70012026,02305,04,3,20250919,175728,000004481003,2,4.99,9.98,2.00,0.50,S,6002437654,PC25W33,USD,CC
70012027,02305,05,1,20250919,215214,000000030103,1,8.99,8.99,2.25,0.00,S,6018718133,PC25W32,USD,GC
70012027,02305,05,2,20250919,215214,000000093410,1.638,3.99,6.54,0.00,0.00,S,6018718133,,USD,GC
70012028,02305,03,1,20250919,105931,000000040201,1,8.99,8.99,0.00,0.00,S,6047705383,,USD,GC
70012028,02305,03,2,20250919,105931,000004473001,1,2.99,2.99,0.00,0.19,S,6047705383,,USD,GC
70012029,02305,02,1,20250919,92328,000000093501,1,4.49,4.49,0.00,0.00,S,,,USD,DB
70012030,03050,02,1,20250919,83623,000000093502,1,3.99,3.99,0.00,0.00,S,6044294440,,USD,DB
70012030,03050,02,2,20250919,83623,000000551020,3,13.99,41.97,0.00,2.62,S,6044294440,,USD,DB
70012030,03050,02,3,20250919,83623,000000093325,1.957,3.99,7.81,0.00,0.00,S,6044294440,,USD,DB
70012031,03050,05,1,20250919,183732,000004471030,1,3.99,3.99,0.00,0.25,S,,,USD,CS
70012031,03050,05,2,20250919,183732,000000093503,1,4.29,4.29,0.00,0.00,S,,,USD,CS
70012031,03050,05,3,20250919,183732,000004471023,1,3.49,3.49,0.00,0.22,S,,,USD,CS
70012031,03050,05,4,20250919,183732,000004482002,1,17.99,17.99,0.00,1.12,S,,,USD,CS
70012032,03050,03,1,20250919,92849,000000005202,1,5.99,5.99,0.00,0.00,S,,,USD,CC
70012033,03050,04,1,20250919,131358,000004482001,1,13.99,13.99,0.00,0.87,S,,,USD,GC
70012034,00317,01,1,20250919,92235,000004491003,1,2.69,2.69,0.00,0.17,S,,,CAD,CC
70012034,00317,01,2,20250919,92235,000004482002,1,24.49,24.49,0.00,1.53,S,,,CAD,CC
70012034,00317,01,3,20250919,92235,000004491002,1,9.49,9.49,0.00,0.59,S,,,CAD,CC
70012035,00317,03,1,20250919,160426,000004471024,3,4.69,14.07,0.00,0.88,S,,,CAD,DB
70012035,00317,03,2,20250919,160426,000000005012,2,5.39,10.78,0.00,0.00,S,,,CAD,DB
70012035,00317,03,3,20250919,160426,000000094203,0.846,1.99,1.68,0.00,0.00,S,,,CAD,DB
70012035,00317,03,4,20250919,160426,000004492050,2,2.99,5.98,1.20,0.30,S,,PC25W33,CAD,DB
70012035,00317,03,5,20250919,160426,000000005103,1,9.49,9.49,0.00,0.00,S,,,CAD,DB
70012035,00317,03,6,20250919,160426,000000005302,1,4.69,4.69,0.00,0.00,S,,,CAD,DB
70012036,00317,03,1,20250919,83934,000004492003,2,3.09,6.18,0.00,0.39,S,,,CAD,DB
70012036,00317,03,2,20250919,83934,000000020201,1,7.49,7.49,0.00,0.00,S,,,CAD,DB
70012037,00317,04,1,20250919,102739,000004483001,1,6.79,6.79,0.00,0.42,S,6091476607,,CAD,DB
70012037,00317,04,2,20250919,102739,000000562001,1,14.89,14.89,0.00,0.93,S,6091476607,,CAD,DB
70012037,00317,04,3,20250919,102739,000000562001,1,14.89,14.89,0.00,0.93,S,6091476607,,CAD,DB
70012037,00317,04,4,20250919,102739,000004482002,1,24.49,24.49,0.00,1.53,S,6091476607,,CAD,DB
70012038,00317,02,1,20250919,214958,000000005302,1,4.69,4.69,0.00,0.00,S,6014987283,,CAD,CC
70012038,00317,02,2,20250919,214958,000004481003,1,6.79,6.79,1.36,0.34,S,6014987283,PC25W33,CAD,CC
70012038,00317,02,3,20250919,214958,000000005201,2,5.39,10.78,2.16,0.00,S,6014987283,PC25W33,CAD,CC
70012038,00317,02,4,20250919,214958,000000094201,1.462,2.29,3.35,0.00,0.00,S,6014987283,,CAD,CC
70012039,00317,06,1,20250919,81910,000000094102,1,4.69,4.69,0.00,0.00,S,,,CAD,CS
70012040,00317,03,1,20250919,111440,000000094101,1,5.39,5.39,0.00,0.00,S,,,CAD,GC
70012040,00317,03,2,20250919,111440,000000552002,1,5.39,5.39,0.00,0.34,S,,,CAD,GC
70012040,00317,03,3,20250919,111440,000000093503,1,5.79,5.79,0.00,0.00,S,,,CAD,GC
70012041,00317,01,1,20250919,170122,000000040203,1,16.29,16.29,0.00,0.00,S,,,CAD,DB
70012041,00317,01,2,20250919,170122,000000005102,1,7.49,7.49,0.00,0.00,S,,,CAD,DB
70012041,00317,01,3,20250919,170122,000004482003,1,7.49,7.49,0.00,0.47,S,,,CAD,DB
70012041,00317,01,4,20250919,170122,000000040202,1,20.39,20.39,0.00,0.00,S,,,CAD,DB
70012042,00317,04,1,20250919,83327,000000093503,1,5.79,5.79,0.00,0.00,S,6044920749,,CAD,DB
70012042,00317,04,2,20250919,83327,000004471040,1,3.39,3.39,0.00,0.21,S,6044920749,,CAD,DB
70012043,00317,01,1,20250919,135103,000004481003,1,6.79,6.79,1.36,0.34,S,6045018961,PC25W33,CAD,CS
70012043,00317,01,2,20250919,135103,000000005302,1,4.69,4.69,0.00,0.00,S,6045018961,,CAD,CS
70012044,00317,05,1,20250919,91928,000004473001,1,4.09,4.09,0.00,0.26,S,,,CAD,DB
70012045,00322,02,1,20250919,93619,000000552002,2,5.39,10.78,0.00,0.67,S,6030982150,,CAD,CC
70012045,00322,02,2,20250919,93619,000004473002,1,3.79,3.79,0.00,0.24,S,6030982150,,CAD,CC
70012045,00322,02,3,20250919,93619,000004481003,1,6.79,6.79,1.36,0.34,S,6030982150,PC25W33,CAD,CC
70012045,00322,02,4,20250919,93619,000000005302,3,4.69,14.07,0.00,0.00,S,6030982150,,CAD,CC
70012045,00322,02,5,20250919,93619,000004492050,3,2.99,8.97,1.79,0.45,S,6030982150,PC25W33,CAD,CC
70012045,00322,02,6,20250919,93619,000000020101,1,3.39,3.39,0.00,0.00,S,6030982150,,CAD,CC
70012046,00322,03,1,20250919,94811,000004472003,1,4.49,4.49,0.00,0.28,S,6011952436,,CAD,DB
70012046,00322,03,2,20250919,94811,000000561001,2,13.59,27.18,0.00,1.70,S,6011952436,,CAD,DB
70012046,00322,03,3,20250919,94811,000000005302,1,4.69,4.69,0.00,0.00,S,6011952436,,CAD,DB
70012046,00322,03,4,20250919,94811,000000040202,1,20.39,20.39,0.00,0.00,S,6011952436,,CAD,DB
70012047,00322,01,1,20250919,182214,000000030202,1,15.59,15.59,3.12,0.00,S,,PC25W33,CAD,CC
70012047,00322,01,2,20250919,182214,000000005012,2,5.39,10.78,0.00,0.00,S,,,CAD,CC
70012047,00322,01,3,20250919,182214,000004492002,1,1.99,1.99,0.00,0.12,S,,,CAD,CC
70012047,00322,01,4,20250919,182214,000000040101,0.354,25.79,9.13,0.00,0.00,S,,,CAD,CC
70012047,00322,01,5,20250919,182214,000004492001,1,2.39,2.39,0.00,0.15,S,,,CAD,CC
70012047,00322,01,6,20250919,182214,000004471040,1,3.39,3.39,0.00,0.21,S,,,CAD,CC
70012048,01042,06,1,20250920,124840,000000040201,2,8.99,17.98,0.00,0.00,S,6028497185,,USD,DB
70012048,01042,06,2,20250920,124840,000004472001,2,3.99,7.98,2.00,0.37,S,6028497185,PC25W32,USD,DB
70012048,01042,06,3,20250920,124840,000000005301,1,5.49,5.49,0.00,0.00,S,6028497185,,USD,DB
70012048,01042,06,4,20250920,124840,000000561002,1,7.49,7.49,1.50,0.37,S,6028497185,PC25W33,USD,DB
70012049,01042,06,1,20250920,212723,000000040201,2,8.99,17.98,0.00,0.00,S,6002730086,,USD,CC
70012050,01042,03,1,20250920,152430,000004491001,1,2.49,2.49,0.00,0.16,S,6007200642,,USD,DB
70012050,01042,03,2,20250920,152430,000000040203,3,11.99,35.97,0.00,0.00,S,6007200642,,USD,DB
70012050,01042,03,3,20250920,152430,000000020102,1,3.49,3.49,0.00,0.00,S,6007200642,,USD,DB
70012051,01042,04,1,20250920,173041,000000551021,2,11.99,23.98,0.00,1.50,S,,,USD,DB
70012051,01042,04,2,20250920,173041,000000561002,2,7.49,14.98,3.00,0.75,S,,PC25W33,USD,DB
70012051,01042,04,3,20250920,173041,000004473003,1,3.49,3.49,0.87,0.16,S,,PC25W32,USD,DB
70012051,01042,04,4,20250920,173041,000004472001,1,3.99,3.99,1.00,0.19,S,,PC25W32,USD,DB
70012051,01042,04,5,20250920,173041,000000094203,0.657,1.49,0.98,0.00,0.00,S,,,USD,DB
70012051,01042,04,6,20250920,173041,000004492002,1,1.49,1.49,0.00,0.09,S,,,USD,DB
70012052,01042,01,1,20250920,94449,000000030103,1,8.99,8.99,2.25,0.00,S,,PC25W32,USD,DB
70012052,01042,01,2,20250920,94449,000004491002,1,6.99,6.99,0.00,0.44,S,,,USD,DB
70012053,01042,03,1,20250920,114525,000004473003,1,3.49,3.49,0.87,0.16,S,6015632135,PC25W32,USD,DB
70012053,01042,03,2,20250920,114525,000004471024,2,3.49,6.98,0.00,0.44,S,6015632135,,USD,DB
70012054,01042,05,1,20250920,134302,000000005101,1,7.99,7.99,0.00,0.00,S,,,USD,GC
70012055,01042,06,1,20250920,93046,000004482001,1,13.99,13.99,0.00,0.87,S,6036321234,,USD,DB
70012055,01042,06,2,20250920,93046,000004493001,1,5.49,5.49,0.00,0.34,S,6036321234,,USD,DB
70012056,01042,03,1,20250920,135620,000004473003,2,3.49,6.98,1.75,0.33,S,,PC25W32,USD,DB
70012057,01042,02,1,20250920,123226,000004492002,1,1.49,1.49,0.00,0.09,S,,,USD,DB
70012057,01042,02,2,20250920,123226,000004481002,1,7.99,7.99,0.00,0.50,S,,,USD,DB
70012057,01042,02,3,20250920,123226,000000094103,3,3.79,11.37,0.00,0.00,S,,,USD,DB
70012058,01042,04,1,20250920,162110,000000030201,1,9.99,9.99,0.00,0.00,S,,,USD,GC
70012058,01042,04,2,20250920,162110,000000093325,1.913,3.99,7.63,0.00,0.00,S,,,USD,GC
70012058,01042,04,3,20250920,162110,000000020201,1,5.49,5.49,0.00,0.00,S,,,USD,GC
70012058,01042,04,4,20250920,162110,000000005201,1,3.99,3.99,0.80,0.00,S,,PC25W33,USD,GC
70012058,01042,04,5,20250920,162110,000000005012,1,3.99,3.99,0.00,0.00,S,,,USD,GC
70012058,01042,04,6,20250920,162110,000000005201,1,3.99,3.99,0.80,0.00,S,,PC25W33,USD,GC
70012059,01042,06,1,20250920,82216,000000030103,2,8.99,17.98,4.50,0.00,S,6037660144,PC25W32,USD,CC
70012059,01042,06,2,20250920,82216,000000005013,1,3.89,3.89,0.00,0.00,S,6037660144,,USD,CC
70012059,01042,06,3,20250920,82216,000000030203,1,8.49,8.49,0.00,0.00,S,6037660144,,USD,CC
70012059,01042,06,4,20250920,82216,000000030101,1,6.99,6.99,1.75,0.00,S,6037660144,PC25W32,USD,CC
70012060,01042,04,1,20250920,113244,000000005201,2,3.99,7.98,1.60,0.00,S,,PC25W33,USD,DB
70012060,01042,04,2,20250920,113244,000000562002,1,8.49,8.49,0.00,0.53,S,,,USD,DB
70012060,01042,04,3,20250920,113244,000000005202,1,5.99,5.99,0.00,0.00,S,,,USD,DB
70012060,01042,04,4,20250920,113244,000000030103,1,8.99,8.99,2.25,0.00,S,,PC25W32,USD,DB
70012060,01042,04,5,20250920,113244,000000020201,1,5.49,5.49,0.00,0.00,S,,,USD,DB
70012061,01042,06,1,20250920,132951,000000005102,3,5.49,16.47,0.00,0.00,S,,,USD,DB
70012061,01042,06,2,20250920,132951,000000093322,1.180,1.99,2.35,0.00,0.00,S,,,USD,DB
70012062,01107,02,1,20250920,195635,000004493002,1,3.99,3.99,0.00,0.25,S,,,USD,GC
70012062,01107,02,2,20250920,195635,000004481003,1,4.99,4.99,1.00,0.25,S,,PC25W33,USD,GC
70012062,01107,02,3,20250920,195635,000004483001,1,4.99,4.99,0.00,0.31,S,,,USD,GC
70012062,01107,02,4,20250920,195635,000000020201,3,5.49,16.47,0.00,0.00,S,,,USD,GC
70012062,01107,02,5,20250920,195635,000000040201,1,8.99,8.99,0.00,0.00,S,,,USD,GC
70012062,01107,02,6,20250920,195635,000000005101,1,7.99,7.99,0.00,0.00,S,,,USD,GC
70012063,01107,04,1,20250920,144329,000004472003,2,3.29,6.58,0.00,0.41,S,6013875927,,USD,CC
70012063,01107,04,2,20250920,144329,000000093322,1.566,1.99,3.12,0.00,0.00,S,6013875927,,USD,CC
70012063,01107,04,3,20250920,144329,000000040101,1.997,18.99,37.92,0.00,0.00,S,6013875927,,USD,CC
70012064,01107,01,1,20250920,132554,000004482002,1,17.99,17.99,0.00,1.12,S,6006969421,,USD,GC
70012065,01107,03,1,20250920,124929,000004482001,1,13.99,13.99,0.00,0.87,S,6094312908,,USD,GC
70012065,01107,03,2,20250920,124929,000000093402,2.093,3.29,6.89,0.00,0.00,S,6094312908,,USD,GC
70012065,01107,03,3,20250920,124929,000004482002,1,17.99,17.99,0.00,1.12,S,6094312908,,USD,GC
70012066,01107,06,1,20250920,185400,000000020203,1,6.49,6.49,0.00,0.00,S,,,USD,GC
70012066,01107,06,2,20250920,185400,000000040201,1,8.99,8.99,0.00,0.00,S,,,USD,GC
70012066,01107,06,3,20250920,185400,000004473003,1,3.49,3.49,0.87,0.16,S,,PC25W32,USD,GC
70012067,02210,03,1,20250920,80222,000000030203,1,8.49,8.49,0.00,0.00,S,6074573144,,USD,DB
70012067,02210,03,2,20250920,80222,000000094103,3,3.79,11.37,0.00,0.00,S,6074573144,,USD,DB
70012067,02210,03,3,20250920,80222,000000020102,1,3.49,3.49,0.00,0.00,S,6074573144,,USD,DB
70012067,02210,03,4,20250920,80222,000004471024,1,3.49,3.49,0.00,0.22,S,6074573144,,USD,DB
70012067,02210,03,5,20250920,80222,000000020102,2,3.49,6.98,0.00,0.00,S,6074573144,,USD,DB
70012068,02210,02,1,20250920,212216,000000562002,3,8.49,25.47,0.00,1.59,S,6027155188,,USD,CS
70012068,02210,02,2,20250920,212216,000000030103,2,8.99,17.98,4.50,0.00,S,6027155188,PC25W32,USD,CS
70012069,02210,06,1,20250920,142022,000000020103,1,4.99,4.99,0.00,0.00,S,,,USD,GC
70012069,02210,06,2,20250920,142022,000004473002,1,2.79,2.79,0.00,0.17,S,,,USD,GC
70012070,02210,01,1,20250920,71254,000004491002,1,6.99,6.99,0.00,0.44,S,,,USD,CC
70012070,02210,01,2,20250920,71254,000000030103,1,8.99,8.99,2.25,0.00,S,,PC25W32,USD,CC
70012071,02210,02,1,20250920,123351,000000094301,1.283,4.39,5.63,0.00,0.00,S,,,USD,GC
70012071,02210,02,2,20250920,123351,000000030101,1,6.99,6.99,1.75,0.00,S,,PC25W32,USD,GC
70012072,02210,01,1,20250920,93035,000004482002,1,17.99,17.99,0.00,1.12,S,,,USD,DB
70012072,02210,01,2,20250920,93035,000004492003,1,2.29,2.29,0.00,0.14,S,,,USD,DB
70012072,02210,01,3,20250920,93035,000000094201,2.130,1.69,3.60,0.00,0.00,S,,,USD,DB
70012072,02210,01,4,20250920,93035,000000030103,1,8.99,8.99,2.25,0.00,S,,PC25W32,USD,DB
70012072,02210,01,5,20250920,93035,000000093325,0.555,3.99,2.21,0.00,0.00,S,,,USD,DB
70012072,02210,01,6,20250920,93035,000000005012,2,3.99,7.98,0.00,0.00,S,,,USD,DB
70012073,02210,04,1,20250920,155526,000004471023,1,3.49,3.49,0.00,0.22,S,,,USD,DB
70012073,02210,04,2,20250920,155526,000004472003,2,3.29,6.58,0.00,0.41,S,,,USD,DB
70012073,02210,04,3,20250920,155526,000004473003,1,3.49,3.49,0.87,0.16,S,,PC25W32,USD,DB
70012073,02210,04,4,20250920,155526,000000030203,1,8.49,8.49,0.00,0.00,S,,,USD,DB
70012074,02210,01,1,20250920,165008,000000020102,1,3.49,3.49,0.00,0.00,S,6051728975,,USD,GC
70012074,02210,01,2,20250920,165008,000000020203,1,6.49,6.49,0.00,0.00,S,6051728975,,USD,GC
70012075,02210,06,1,20250920,215131,000004492002,1,1.49,1.49,0.00,0.09,S,,,USD,DB
70012075,02210,06,2,20250920,215131,000000030103,1,8.99,8.99,2.25,0.00,S,,PC25W32,USD,DB
70012075,02210,06,3,20250920,215131,000000093321,0.850,1.49,1.27,0.00,0.00,S,,,USD,DB
70012075,02210,06,4,20250920,215131,000004472002,1,4.49,4.49,0.00,0.28,S,,,USD,DB
70012075,02210,06,5,20250920,215131,000000093402,1.075,3.29,3.54,0.00,0.00,S,,,USD,DB
70012076,02210,03,1,20250920,124611,000000040203,1,11.99,11.99,0.00,0.00,S,6088805929,,USD,DB
70012076,02210,03,2,20250920,124611,000000040101,0.620,18.99,11.77,0.00,0.00,S,6088805929,,USD,DB
70012076,02210,03,3,20250920,124611,000000040203,1,11.99,11.99,0.00,0.00,S,6088805929,,USD,DB
70012076,02210,03,4,20250920,124611,000000562001,1,10.99,10.99,0.00,0.69,S,6088805929,,USD,DB
70012076,02210,03,5,20250920,124611,000000094101,1,3.99,3.99,0.00,0.00,S,6088805929,,USD,DB
70012076,02210,03,6,20250920,124611,000000030103,1,8.99,8.99,2.25,0.00,S,6088805929,PC25W32,USD,DB
70012077,02210,02,1,20250920,200919,000000005101,1,7.99,7.99,0.00,0.00,S,,,USD,CC
70012077,02210,02,2,20250920,200919,000000020103,1,4.99,4.99,0.00,0.00,S,,,USD,CC
70012077,02210,02,3,20250920,200919,000004473001,2,2.99,5.98,0.00,0.37,S,,,USD,CC
70012077,02210,02,4,20250920,200919,000000005101,1,7.99,7.99,0.00,0.00,S,,,USD,CC
70012077,02210,02,5,20250920,200919,000004491003,1,1.99,1.99,0.00,0.12,S,,,USD,CC
70012077,02210,02,6,20250920,200919,000004482001,1,13.99,13.99,0.00,0.87,S,,,USD,CC
70012078,02210,06,1,20250920,172311,000000020202,1,5.99,5.99,0.00,0.00,S,6033970519,,USD,DB
70012078,02210,06,2,20250920,172311,000000093322,0.676,1.99,1.35,0.00,0.00,S,6033970519,,USD,DB
70012079,02210,06,1,20250920,182654,000000005013,1,3.89,3.89,0.00,0.00,S,,,USD,CS
70012079,02210,06,2,20250920,182654,000000094102,1,3.49,3.49,0.00,0.00,S,,,USD,CS
70012079,02210,06,3,20250920,182654,000000040203,1,11.99,11.99,0.00,0.00,S,,,USD,CS
70012080,02210,05,1,20250920,153024,000000020103,1,4.99,4.99,0.00,0.00,S,6059597752,,USD,DB
70012080,02210,05,2,20250920,153024,000000030201,1,9.99,9.99,0.00,0.00,S,6059597752,,USD,DB
70012080,02210,05,3,20250920,153024,000000005101,2,7.99,15.98,0.00,0.00,S,6059597752,,USD,DB
70012080,02210,05,4,20250920,153024,000000094203,0.429,1.49,0.64,0.00,0.00,S,6059597752,,USD,DB
70012081,02210,01,1,20250920,161910,000000551020,2,13.99,27.98,0.00,1.75,S,6077514010,,USD,DB
70012081,02210,01,2,20250920,161910,000000030203,1,8.49,8.49,0.00,0.00,S,6077514010,,USD,DB
70012081,02210,01,3,20250920,161910,000000093321,0.846,1.49,1.26,0.00,0.00,S,6077514010,,USD,DB
70012082,02211,04,1,20250920,211648,000004491002,1,6.99,6.99,0.00,0.44,S,,,USD,CC
70012082,02211,04,2,20250920,211648,000004471024,2,3.49,6.98,0.00,0.44,S,,,USD,CC
70012082,02211,04,3,20250920,211648,000000005013,2,3.89,7.78,0.00,0.00,S,,,USD,CC
70012082,02211,04,4,20250920,211648,000000094302,2.002,5.49,10.99,0.00,0.00,S,,,USD,CC
70012082,02211,04,5,20250920,211648,000000005103,2,6.99,13.98,0.00,0.00,S,,,USD,CC
70012082,02211,04,6,20250920,211648,000000093325,1.458,3.99,5.82,0.00,0.00,S,,,USD,CC
70012083,02211,06,1,20250920,191051,000000031101,2.133,24.99,53.30,0.00,0.00,S,6042138820,,USD,GC
70012084,02211,05,1,20250920,111830,000004481001,2,7.99,15.98,0.00,1.00,S,6062128671,,USD,CC
70012085,02211,06,1,20250920,190010,000000040203,1,11.99,11.99,0.00,0.00,S,,,USD,CC
70012085,02211,06,2,20250920,190010,000004471030,1,3.99,3.99,0.00,0.25,S,,,USD,CC
70012086,02305,02,1,20250920,145220,000000093501,2,4.49,8.98,0.00,0.00,S,,,USD,CC
70012087,02305,01,1,20250920,154826,000000561001,1,9.99,9.99,0.00,0.62,S,6010752245,,USD,CC
70012087,02305,01,2,20250920,154826,000000094301,1.234,4.39,5.42,0.00,0.00,S,6010752245,,USD,CC
70012087,02305,01,3,20250920,154826,000004481003,1,4.99,4.99,1.00,0.25,S,6010752245,PC25W33,USD,CC
70012088,02305,06,1,20250920,70354,000000030202,1,11.49,11.49,2.30,0.00,S,,PC25W33,USD,GC
70012088,02305,06,2,20250920,70354,000004492001,1,1.79,1.79,0.00,0.11,S,,,USD,GC
70012088,02305,06,3,20250920,70354,000000005013,1,3.89,3.89,0.00,0.00,S,,,USD,GC
70012088,02305,06,4,20250920,70354,000004472001,2,3.99,7.98,2.00,0.37,S,,PC25W32,USD,GC
70012089,02305,06,1,20250920,180649,000004492002,1,1.49,1.49,0.00,0.09,S,,,USD,GC
70012090,02305,05,1,20250920,122426,000000005201,1,3.99,3.99,0.80,0.00,S,,PC25W33,USD,DB
70012090,02305,05,2,20250920,122426,000004472001,3,3.99,11.97,2.99,0.56,S,,PC25W32,USD,DB
70012090,02305,05,3,20250920,122426,000004481003,1,4.99,4.99,1.00,0.25,S,,PC25W33,USD,DB
70012090,02305,05,4,20250920,122426,000000561002,2,7.49,14.98,3.00,0.75,S,,PC25W33,USD,DB
70012091,02305,01,1,20250920,90348,000004473003,2,3.49,6.98,1.75,0.33,S,6097167433,PC25W32,USD,GC
70012092,02305,04,1,20250920,195308,000000040101,1.791,18.99,34.01,0.00,0.00,S,,,USD,DB
70012092,02305,04,2,20250920,195308,000000020201,1,5.49,5.49,0.00,0.00,S,,,USD,DB
70012092,02305,04,3,20250920,195308,000000093503,1,4.29,4.29,0.00,0.00,S,,,USD,DB
70012092,02305,04,4,20250920,195308,000004492001,1,1.79,1.79,0.00,0.11,S,,,USD,DB
70012093,02305,02,1,20250920,115551,000000031101,0.761,24.99,19.02,0.00,0.00,R,6034191825,,USD,GC
70012094,02305,04,1,20250920,134840,000000005101,1,7.99,7.99,0.00,0.00,S,,,USD,CS
70012094,02305,04,2,20250920,134840,000004491001,1,2.49,2.49,0.00,0.16,S,,,USD,CS
70012094,02305,04,3,20250920,134840,000000030103,2,8.99,17.98,4.50,0.00,S,,PC25W32,USD,CS
70012094,02305,04,4,20250920,134840,000000005020,1,4.49,4.49,0.00,0.00,S,,,USD,CS
70012094,02305,04,5,20250920,134840,000004482001,1,13.99,13.99,0.00,0.87,S,,,USD,CS
70012094,02305,04,6,20250920,134840,000000561002,1,7.49,7.49,1.50,0.37,S,,PC25W33,USD,CS
70012095,02305,02,1,20250920,113912,000000094103,1,3.79,3.79,0.00,0.00,S,6041209117,,USD,DB
70012095,02305,02,2,20250920,113912,000004473003,1,3.49,3.49,0.87,0.16,S,6041209117,PC25W32,USD,DB
70012096,02305,03,1,20250920,80303,000000005202,2,5.99,11.98,0.00,0.00,S,6044260781,,USD,CC
70012096,02305,03,2,20250920,80303,000000552001,1,4.49,4.49,0.00,0.28,S,6044260781,,USD,CC
70012096,02305,03,3,20250920,80303,000004472003,2,3.29,6.58,0.00,0.41,S,6044260781,,USD,CC
70012097,02305,05,1,20250920,84034,000004471030,1,3.99,3.99,0.00,0.25,S,,,USD,DB
70012097,02305,05,2,20250920,84034,000000561002,1,7.49,7.49,1.50,0.37,S,,PC25W33,USD,DB
70012098,03050,02,1,20250920,132505,000004482001,1,13.99,13.99,0.00,0.87,S,6015273230,,USD,DB
70012098,03050,02,2,20250920,132505,000000005012,1,3.99,3.99,0.00,0.00,S,6015273230,,USD,DB
70012099,03050,03,1,20250920,123850,000004481003,1,4.99,4.99,1.00,0.25,S,6038585424,PC25W33,USD,CS
70012099,03050,03,2,20250920,123850,000000093501,1,4.49,4.49,0.00,0.00,S,6038585424,,USD,CS
70012099,03050,03,3,20250920,123850,000000020201,2,5.49,10.98,0.00,0.00,S,6038585424,,USD,CS
70012099,03050,03,4,20250920,123850,000004481001,1,7.99,7.99,0.00,0.50,S,6038585424,,USD,CS
70012100,03050,03,1,20250920,104702,000004493001,1,5.49,5.49,0.00,0.34,S,6033738987,,USD,GC
70012100,03050,03,2,20250920,104702,000000030202,1,11.49,11.49,2.30,0.00,S,6033738987,PC25W33,USD,GC
70012100,03050,03,3,20250920,104702,000000031101,1.853,24.99,46.31,0.00,0.00,S,6033738987,,USD,GC
70012101,03050,02,1,20250920,73824,000000020201,1,5.49,5.49,0.00,0.00,S,,,USD,DB
70012101,03050,02,2,20250920,73824,000000561001,1,9.99,9.99,0.00,0.62,S,,,USD,DB
70012102,03050,04,1,20250920,195933,000000020203,1,6.49,6.49,0.00,0.00,S,,,USD,DB
70012102,03050,04,2,20250920,195933,000000094102,1,3.49,3.49,0.00,0.00,S,,,USD,DB
70012102,03050,04,3,20250920,195933,000000005201,1,3.99,3.99,0.80,0.00,S,,PC25W33,USD,DB
70012103,03050,06,1,20250920,131638,000004473002,1,2.79,2.79,0.00,0.17,S,,,USD,GC
70012103,03050,06,2,20250920,131638,000004492003,1,2.29,2.29,0.00,0.14,S,,,USD,GC
70012104,03050,01,1,20250920,80447,000000020103,1,4.99,4.99,0.00,0.00,S,,,USD,CC
70012105,03050,05,1,20250920,110114,000000093325,1.866,3.99,7.45,0.00,0.00,S,6068550789,,USD,CC
70012105,03050,05,2,20250920,110114,000000093401,0.413,5.49,2.27,0.00,0.00,S,6068550789,,USD,CC
70012106,03050,06,1,20250920,71733,000004473003,1,3.49,3.49,0.87,0.16,S,6042786561,PC25W32,USD,CC
70012107,03050,06,1,20250920,211539,000004481003,1,4.99,4.99,1.00,0.25,S,,PC25W33,USD,DB
70012107,03050,06,2,20250920,211539,000004473001,1,2.99,2.99,0.00,0.19,S,,,USD,DB
70012108,00317,02,1,20250920,72310,000000561002,2,10.19,20.38,4.08,1.02,S,,PC25W33,CAD,DB
70012109,00317,04,1,20250920,133512,000000005202,2,8.09,16.18,0.00,0.00,S,6042782079,,CAD,CC
70012110,00317,02,1,20250920,85718,000000005012,1,5.39,5.39,0.00,0.00,S,6086850745,,CAD,CC
70012110,00317,02,2,20250920,85718,000000040201,1,12.19,12.19,0.00,0.00,S,6086850745,,CAD,CC
70012111,00317,03,1,20250920,165119,000000093401,0.871,7.49,6.52,0.00,0.00,S,6028733427,,CAD,CC
70012112,00317,01,1,20250920,95134,000004492001,1,2.39,2.39,0.00,0.15,S,6005800851,,CAD,CC
70012112,00317,01,2,20250920,95134,000000093402,2.174,4.49,9.76,0.00,0.00,S,6005800851,,CAD,CC
70012113,00317,01,1,20250920,114657,000004472050,1,5.39,5.39,0.00,0.34,S,6078498436,,CAD,DB
70012113,00317,01,2,20250920,114657,000000005102,1,7.49,7.49,0.00,0.00,S,6078498436,,CAD,DB
70012113,00317,01,3,20250920,114657,000000094302,0.797,7.49,5.97,0.00,0.00,S,6078498436,,CAD,DB
70012113,00317,01,4,20250920,114657,000000040203,2,16.29,32.58,0.00,0.00,S,6078498436,,CAD,DB
70012113,00317,01,5,20250920,114657,000000005012,1,5.39,5.39,0.00,0.00,S,6078498436,,CAD,DB
70012114,00317,04,1,20250920,163900,000000093501,1,6.09,6.09,0.00,0.00,S,,,CAD,CC
70012115,00317,05,1,20250920,105101,000004492002,2,1.99,3.98,0.00,0.25,S,6028733427,,CAD,CS
70012116,00317,01,1,20250920,204720,000004471040,1,3.39,3.39,0.00,0.21,S,6068705685,,CAD,DB
70012117,00317,03,1,20250920,74920,000000040101,1.567,25.79,40.41,0.00,0.00,S,,,CAD,CC
70012117,00317,03,2,20250920,74920,000004481003,1,6.79,6.79,1.36,0.34,S,,PC25W33,CAD,CC
70012118,00317,04,1,20250920,102825,000000552001,1,6.09,6.09,0.00,0.38,S,,,CAD,CC
70012118,00317,04,2,20250920,102825,000004472001,1,5.39,5.39,1.35,0.25,S,,PC25W32,CAD,CC
70012118,00317,04,3,20250920,102825,000000031101,1.743,33.99,59.24,0.00,0.00,S,,,CAD,CC
70012118,00317,04,4,20250920,102825,000000561002,2,10.19,20.38,4.08,1.02,S,,PC25W33,CAD,CC
70012119,00317,03,1,20250920,132902,000000030101,1,9.49,9.49,2.37,0.00,S,6023690362,PC25W32,CAD,GC
70012120,00317,06,1,20250920,123038,000000005103,3,9.49,28.47,0.00,0.00,S,6022821781,,CAD,DB
70012120,00317,06,2,20250920,123038,000000561002,1,10.19,10.19,2.04,0.51,S,6022821781,PC25W33,CAD,DB
70012121,00317,03,1,20250920,101936,000000031102,0.503,27.19,13.68,0.00,0.00,S,6005973642,,CAD,CC
70012122,00317,01,1,20250920,212910,000004483002,1,4.69,4.69,0.00,0.29,S,,,CAD,CC
70012122,00317,01,2,20250920,212910,000000031102,0.952,27.19,25.88,0.00,0.00,S,,,CAD,CC
70012122,00317,01,3,20250920,212910,000000040101,0.569,25.79,14.67,0.00,0.00,S,,,CAD,CC
70012123,00322,05,1,20250920,211536,000004491001,1,3.39,3.39,0.00,0.21,S,6032806346,,CAD,DB
70012123,00322,05,2,20250920,211536,000004473003,1,4.69,4.69,1.17,0.22,S,6032806346,PC25W32,CAD,DB
70012123,00322,05,3,20250920,211536,000000005102,1,7.49,7.49,0.00,0.00,S,6032806346,,CAD,DB
70012123,00322,05,4,20250920,211536,000004481003,2,6.79,13.58,2.72,0.68,S,6032806346,PC25W33,CAD,DB
70012124,00322,03,1,20250920,103311,000004473003,1,4.69,4.69,1.17,0.22,S,6078700505,PC25W32,CAD,GC
70012124,00322,03,2,20250920,103311,000000093502,1,5.39,5.39,0.00,0.00,S,6078700505,,CAD,GC
70012125,00322,02,1,20250920,85427,000000020102,1,4.69,4.69,0.00,0.00,S,,,CAD,CC
70012125,00322,02,2,20250920,85427,000000005301,1,7.49,7.49,0.00,0.00,S,,,CAD,CC
70012125,00322,02,3,20250920,85427,000004492001,1,2.39,2.39,0.00,0.15,S,,,CAD,CC
70012125,00322,02,4,20250920,85427,000000020101,2,3.39,6.78,0.00,0.00,S,,,CAD,CC
70012125,00322,02,5,20250920,85427,000004492050,1,2.99,2.99,0.60,0.15,S,,PC25W33,CAD,CC
70012126,00322,05,1,20250920,214610,000000093401,2.053,7.49,15.38,0.00,0.00,S,,,CAD,DB
70012126,00322,05,2,20250920,214610,000004472002,2,6.09,12.18,0.00,0.76,S,,,CAD,DB
70012126,00322,05,3,20250920,214610,000004471040,1,3.39,3.39,0.00,0.21,S,,,CAD,DB
70012126,00322,05,4,20250920,214610,000000040203,1,16.29,16.29,0.00,0.00,S,,,CAD,DB
70012127,00322,03,1,20250920,211301,000004483002,1,4.69,4.69,0.00,0.29,S,,,CAD,CS
70012127,00322,03,2,20250920,211301,000000040203,1,16.29,16.29,0.00,0.00,S,,,CAD,CS
70012127,00322,03,3,20250920,211301,000000005202,2,8.09,16.18,0.00,0.00,S,,,CAD,CS
70012127,00322,03,4,20250920,211301,000000020103,1,6.79,6.79,0.00,0.00,S,,,CAD,CS
70012127,00322,03,5,20250920,211301,000004472002,1,6.09,6.09,0.00,0.38,S,,,CAD,CS
70012128,00322,06,1,20250920,153118,000004481002,2,10.89,21.78,0.00,1.36,S,6065024916,,CAD,CS
70012129,01042,06,1,20250921,75336,000004471024,1,3.49,3.49,0.00,0.22,S,6049822749,,USD,DB
70012129,01042,06,2,20250921,75336,000000561002,1,7.49,7.49,1.50,0.37,S,6049822749,PC25W33,USD,DB
70012129,01042,06,3,20250921,75336,000000020203,1,6.49,6.49,0.00,0.00,S,6049822749,,USD,DB
70012130,01042,04,1,20250921,75156,000000094301,1.628,4.39,7.15,0.00,0.00,S,,,USD,GC
70012131,01042,01,1,20250921,155231,000004492002,1,1.49,1.49,0.45,0.07,S,6072143643,PC25W34,USD,DB
70012131,01042,01,2,20250921,155231,000004471040,1,2.49,2.49,0.00,0.16,S,6072143643,,USD,DB
70012132,01042,03,1,20250921,162514,000000020203,1,6.49,6.49,0.00,0.00,S,,,USD,GC
70012132,01042,03,2,20250921,162514,000000005202,2,5.99,11.98,3.59,0.00,S,,PC25W34,USD,GC
70012132,01042,03,3,20250921,162514,000000030203,1,8.49,8.49,0.00,0.00,S,,,USD,GC
70012133,01042,06,1,20250921,170544,000000094203,1.564,1.49,2.33,0.00,0.00,S,,,USD,DB
70012133,01042,06,2,20250921,170544,000004472002,1,4.49,4.49,0.00,0.28,S,,,USD,DB
70012133,01042,06,3,20250921,170544,000004483002,1,3.49,3.49,0.00,0.22,S,,,USD,DB
70012134,01042,03,1,20250921,135633,000004473002,1,2.79,2.79,0.00,0.17,S,,,USD,CC
70012135,01042,02,1,20250921,102516,000000094301,1.192,4.39,5.23,0.00,0.00,S,6086879374,,USD,CC
70012135,01042,02,2,20250921,102516,000000005103,2,6.99,13.98,0.00,0.00,S,6086879374,,USD,CC
70012136,01107,03,1,20250921,180639,000000005302,1,3.49,3.49,0.00,0.00,S,,,USD,CS
70012136,01107,03,2,20250921,180639,000004471024,1,3.49,3.49,0.00,0.22,S,,,USD,CS
70012136,01107,03,3,20250921,180639,000000040201,1,8.99,8.99,0.00,0.00,S,,,USD,CS
70012136,01107,03,4,20250921,180639,000000562002,3,8.49,25.47,0.00,1.59,S,,,USD,CS
70012136,01107,03,5,20250921,180639,000004481001,1,7.99,7.99,0.00,0.50,S,,,USD,CS
70012137,01107,06,1,20250921,92332,000000020103,2,4.99,9.98,0.00,0.00,S,,,USD,DB
70012137,01107,06,2,20250921,92332,000000005202,2,5.99,11.98,3.59,0.00,S,,PC25W34,USD,DB
70012137,01107,06,3,20250921,92332,000000040101,0.522,18.99,9.91,0.00,0.00,S,,,USD,DB
70012137,01107,06,4,20250921,92332,000004473002,1,2.79,2.79,0.00,0.17,S,,,USD,DB
70012137,01107,06,5,20250921,92332,000004483001,2,4.99,9.98,0.00,0.62,S,,,USD,DB
70012138,01107,04,1,20250921,204000,000004492003,1,2.29,2.29,0.00,0.14,S,,,USD,DB
70012139,01107,03,1,20250921,140343,000000020201,1,5.49,5.49,0.00,0.00,S,,,USD,CC
70012139,01107,03,2,20250921,140343,000004472001,1,3.99,3.99,0.00,0.25,S,,,USD,CC
70012140,02210,02,1,20250921,74316,000000005102,1,5.49,5.49,0.00,0.00,S,,,USD,GC
70012140,02210,02,2,20250921,74316,000000561002,1,7.49,7.49,1.50,0.37,S,,PC25W33,USD,GC
70012140,02210,02,3,20250921,74316,000004471040,1,2.49,2.49,0.00,0.16,S,,,USD,GC
70012141,02210,01,1,20250921,153652,000000005201,1,3.99,3.99,0.80,0.00,S,6071494981,PC25W33,USD,CC
70012141,02210,01,2,20250921,153652,000004492002,2,1.49,2.98,0.89,0.13,S,6071494981,PC25W34,USD,CC
70012141,02210,01,3,20250921,153652,000000093321,1.391,1.49,2.07,0.00,0.00,S,6071494981,,USD,CC
70012141,02210,01,4,20250921,153652,000000030201,1,9.99,9.99,0.00,0.00,S,6071494981,,USD,CC
70012141,02210,01,5,20250921,153652,000000031102,1.258,19.99,25.15,0.00,0.00,S,6071494981,,USD,CC
70012141,02210,01,6,20250921,153652,000004492001,1,1.79,1.79,0.00,0.11,S,6071494981,,USD,CC
70012142,02211,03,1,20250921,122256,000004472002,1,4.49,4.49,0.00,0.28,S,,,USD,GC
70012142,02211,03,2,20250921,122256,000000005201,1,3.99,3.99,0.80,0.00,S,,PC25W33,USD,GC
70012143,02211,01,1,20250921,171741,000004482002,1,17.99,17.99,0.00,1.12,S,,,USD,DB
70012143,02211,01,2,20250921,171741,000000005202,3,5.99,17.97,5.39,0.00,S,,PC25W34,USD,DB
70012144,02211,01,1,20250921,74725,000000005013,3,3.89,11.67,3.50,0.00,S,,PC25W34,USD,CC
70012145,02211,01,1,20250921,172308,000000020102,3,3.49,10.47,0.00,0.00,S,,,USD,DB
70012145,02211,01,2,20250921,172308,000000030201,1,9.99,9.99,0.00,0.00,S,,,USD,DB
70012145,02211,01,3,20250921,172308,000000005020,1,4.49,4.49,0.00,0.00,S,,,USD,DB
70012145,02211,01,4,20250921,172308,000000005102,1,5.49,5.49,0.00,0.00,S,,,USD,DB
70012145,02211,01,5,20250921,172308,000000020101,2,2.49,4.98,0.00,0.00,S,,,USD,DB
70012145,02211,01,6,20250921,172308,000000020202,2,5.99,11.98,0.00,0.00,S,,,USD,DB
70012146,02211,01,1,20250921,123825,000000020102,1,3.49,3.49,0.00,0.00,S,,,USD,DB
70012146,02211,01,2,20250921,123825,000000040203,1,11.99,11.99,0.00,0.00,S,,,USD,DB
70012146,02211,01,3,20250921,123825,000000094202,0.333,1.99,0.66,0.00,0.00,S,,,USD,DB
70012146,02211,01,4,20250921,123825,000000561002,1,7.49,7.49,1.50,0.37,S,,PC25W33,USD,DB
70012146,02211,01,5,20250921,123825,000000005013,1,3.89,3.89,1.17,0.00,S,,PC25W34,USD,DB
70012147,02211,02,1,20250921,170500,000000005103,1,6.99,6.99,0.00,0.00,S,,,USD,CC
70012147,02211,02,2,20250921,170500,000000005012,2,3.99,7.98,0.00,0.00,S,,,USD,CC
70012148,02305,06,1,20250921,72415,000004492001,1,1.79,1.79,0.00,0.11,S,,,USD,CC
70012149,02305,03,1,20250921,215926,000000020102,1,3.49,3.49,0.00,0.00,S,6018972154,,USD,GC
70012150,02305,06,1,20250921,73332,000000094202,1.567,1.99,3.12,0.00,0.00,S,6070184094,,USD,CS
70012151,02305,03,1,20250921,72841,000000093321,0.265,1.49,0.39,0.00,0.00,S,,,USD,CC
70012152,02305,01,1,20250921,214046,000000020103,1,4.99,4.99,0.00,0.00,S,,,USD,CC
70012152,02305,01,2,20250921,214046,000000020202,1,5.99,5.99,0.00,0.00,S,,,USD,CC
70012152,02305,01,3,20250921,214046,000000020202,1,5.99,5.99,0.00,0.00,S,,,USD,CC
70012152,02305,01,4,20250921,214046,000000020201,1,5.49,5.49,0.00,0.00,S,,,USD,CC
70012152,02305,01,5,20250921,214046,000000094203,1.784,1.49,2.66,0.00,0.00,S,,,USD,CC
70012152,02305,01,6,20250921,214046,000000094203,1.405,1.49,2.09,0.00,0.00,S,,,USD,CC
70012153,02305,05,1,20250921,91811,000000020202,1,5.99,5.99,0.00,0.00,S,,,USD,CC
70012153,02305,05,2,20250921,91811,000000093321,1.526,1.49,2.27,0.00,0.00,S,,,USD,CC
70012153,02305,05,3,20250921,91811,000000561002,1,7.49,7.49,1.50,0.37,S,,PC25W33,USD,CC
70012153,02305,05,4,20250921,91811,000000030102,1,14.99,14.99,0.00,0.00,S,,,USD,CC
70012153,02305,05,5,20250921,91811,000000020102,1,3.49,3.49,0.00,0.00,S,,,USD,CC
70012153,02305,05,6,20250921,91811,000004481002,1,7.99,7.99,0.00,0.50,S,,,USD,CC
70012154,02305,04,1,20250921,201803,000000005101,2,7.99,15.98,0.00,0.00,S,6002437654,,USD,DB
70012154,02305,04,2,20250921,201803,000000093401,1.955,5.49,10.73,0.00,0.00,S,6002437654,,USD,DB
70012155,02305,05,1,20250921,71757,000000094201,0.818,1.69,1.38,0.00,0.00,S,,,USD,CS
70012155,02305,05,2,20250921,71757,000000094101,2,3.99,7.98,0.00,0.00,S,,,USD,CS
70012155,02305,05,3,20250921,71757,000004471040,2,2.49,4.98,0.00,0.31,S,,,USD,CS
70012155,02305,05,4,20250921,71757,000000094201,1.482,1.69,2.50,0.00,0.00,S,,,USD,CS
70012156,02305,01,1,20250921,212928,000004481003,1,4.99,4.99,1.00,0.25,S,6037660144,PC25W33,USD,DB
70012156,02305,01,2,20250921,212928,000000094103,1,3.79,3.79,0.00,0.00,S,6037660144,,USD,DB
70012156,02305,01,3,20250921,212928,000004483001,1,4.99,4.99,0.00,0.31,S,6037660144,,USD,DB
70012156,02305,01,4,20250921,212928,000000005012,1,3.99,3.99,0.00,0.00,S,6037660144,,USD,DB
70012156,02305,01,5,20250921,212928,000004493001,1,5.49,5.49,0.00,0.34,S,6037660144,,USD,DB
70012156,02305,01,6,20250921,212928,000000031102,1.081,19.99,21.61,0.00,0.00,S,6037660144,,USD,DB
70012157,03050,04,1,20250921,95732,000000031101,1.453,24.99,36.31,0.00,0.00,S,6075902517,,USD,DB
70012157,03050,04,2,20250921,95732,000000020201,1,5.49,5.49,0.00,0.00,S,6075902517,,USD,DB
70012157,03050,04,3,20250921,95732,000000094302,1.882,5.49,10.33,0.00,0.00,S,6075902517,,USD,DB
70012157,03050,04,4,20250921,95732,000004472002,3,4.49,13.47,0.00,0.84,S,6075902517,,USD,DB
70012157,03050,04,5,20250921,95732,000000005012,3,3.99,11.97,0.00,0.00,S,6075902517,,USD,DB
70012157,03050,04,6,20250921,95732,000000094103,1,3.79,3.79,0.00,0.00,S,6075902517,,USD,DB
70012158,03050,03,1,20250921,125629,000000093321,2.009,1.49,2.99,0.00,0.00,S,,,USD,CC
70012158,03050,03,2,20250921,125629,000004482001,1,13.99,13.99,0.00,0.87,S,,,USD,CC
70012158,03050,03,3,20250921,125629,000000094302,2.136,5.49,11.73,0.00,0.00,S,,,USD,CC
70012158,03050,03,4,20250921,125629,000004482002,1,17.99,17.99,0.00,1.12,S,,,USD,CC
70012159,03050,03,1,20250921,90137,000000093502,1,3.99,3.99,0.00,0.00,S,,,USD,DB
70012159,03050,03,2,20250921,90137,000004482001,1,13.99,13.99,0.00,0.87,S,,,USD,DB
70012159,03050,03,3,20250921,90137,000004492001,1,1.79,1.79,0.00,0.11,S,,,USD,DB
70012159,03050,03,4,20250921,90137,000000030202,1,11.49,11.49,2.30,0.00,S,,PC25W33,USD,DB
70012159,03050,03,5,20250921,90137,000000040203,2,11.99,23.98,0.00,0.00,S,,,USD,DB
70012160,03050,05,1,20250921,194916,000004472003,2,3.29,6.58,0.00,0.41,S,6038585424,,USD,CC
70012160,03050,05,2,20250921,194916,000000040202,1,14.99,14.99,0.00,0.00,S,6038585424,,USD,CC
70012160,03050,05,3,20250921,194916,000004481002,1,7.99,7.99,0.00,0.50,S,6038585424,,USD,CC
70012161,03050,02,1,20250921,103721,000000031101,1.408,24.99,35.19,0.00,0.00,S,,,USD,CC
70012161,03050,02,2,20250921,103721,000000093502,3,3.99,11.97,0.00,0.00,S,,,USD,CC
70012161,03050,02,3,20250921,103721,000000561002,1,7.49,7.49,1.50,0.37,S,,PC25W33,USD,CC
70012161,03050,02,4,20250921,103721,000004491001,1,2.49,2.49,0.00,0.16,S,,,USD,CC
70012162,03050,03,1,20250921,152840,000000040201,3,8.99,26.97,0.00,0.00,S,,,USD,CS
70012162,03050,03,2,20250921,152840,000000005202,1,5.99,5.99,1.80,0.00,S,,PC25W34,USD,CS
70012163,03050,01,1,20250921,201318,000000005301,1,5.49,5.49,0.00,0.00,S,,,USD,GC
70012163,03050,01,2,20250921,201318,000000005101,1,7.99,7.99,0.00,0.00,S,,,USD,GC
70012164,00317,01,1,20250921,91050,000000030101,1,9.49,9.49,0.00,0.00,S,,,CAD,CS
70012164,00317,01,2,20250921,91050,000004492002,1,1.99,1.99,0.60,0.09,S,,PC25W34,CAD,CS
70012164,00317,01,3,20250921,91050,000000093501,1,6.09,6.09,0.00,0.00,S,,,CAD,CS
70012165,00317,03,1,20250921,74356,000004472050,1,5.39,5.39,0.00,0.34,S,6088805929,,CAD,GC
70012165,00317,03,2,20250921,74356,000000005302,1,4.69,4.69,0.00,0.00,S,6088805929,,CAD,GC
70012165,00317,03,3,20250921,74356,000004492002,1,1.99,1.99,0.60,0.09,S,6088805929,PC25W34,CAD,GC
70012166,00317,01,1,20250921,85738,000000094102,1,4.69,4.69,1.41,0.00,S,,PC25W34,CAD,CC
70012166,00317,01,2,20250921,85738,000004492003,1,3.09,3.09,0.00,0.19,S,,,CAD,CC
70012167,00317,02,1,20250921,90939,000004472050,1,5.39,5.39,0.00,0.34,S,6085646799,,CAD,CC
70012168,00317,02,1,20250921,140104,000000020101,1,3.39,3.39,0.00,0.00,S,,,CAD,GC
70012168,00317,02,2,20250921,140104,000000094202,1.013,2.69,2.72,0.00,0.00,S,,,CAD,GC
70012169,00317,06,1,20250921,71316,000000561002,1,10.19,10.19,2.04,0.51,S,,PC25W33,CAD,CS
70012169,00317,06,2,20250921,71316,000000094302,1.728,7.49,12.94,0.00,0.00,S,,,CAD,CS
70012169,00317,06,3,20250921,71316,000000040201,1,12.19,12.19,0.00,0.00,S,,,CAD,CS
70012169,00317,06,4,20250921,71316,000000030202,1,15.59,15.59,3.12,0.00,S,,PC25W33,CAD,CS
70012169,00317,06,5,20250921,71316,000000030201,1,13.59,13.59,0.00,0.00,S,,,CAD,CS
70012170,00317,03,1,20250921,115842,000004493001,1,7.49,7.49,0.00,0.47,S,6088269131,,CAD,CS
70012170,00317,03,2,20250921,115842,000004481002,1,10.89,10.89,0.00,0.68,S,6088269131,,CAD,CS
70012170,00317,03,3,20250921,115842,000000020202,1,8.09,8.09,0.00,0.00,S,6088269131,,CAD,CS
70012171,00317,05,1,20250921,114551,000000005013,1,5.29,5.29,1.59,0.00,S,,PC25W34,CAD,DB
70012171,00317,05,2,20250921,114551,000004471023,1,4.69,4.69,0.00,0.29,S,,,CAD,DB
70012171,00317,05,3,20250921,114551,000004492001,2,2.39,4.78,0.00,0.30,S,,,CAD,DB
70012172,00317,02,1,20250921,175109,000000040201,1,12.19,12.19,0.00,0.00,S,,,CAD,GC
70012172,00317,02,2,20250921,175109,000004491001,1,3.39,3.39,0.00,0.21,S,,,CAD,GC
70012172,00317,02,3,20250921,175109,000000005102,1,7.49,7.49,0.00,0.00,S,,,CAD,GC
70012172,00317,02,4,20250921,175109,000004471030,1,5.39,5.39,0.00,0.34,S,,,CAD,GC
70012172,00317,02,5,20250921,175109,000000005013,1,5.29,5.29,1.59,0.00,S,,PC25W34,CAD,GC
70012173,00317,02,1,20250921,105453,000000093325,0.992,5.39,5.35,0.00,0.00,S,6089848416,,CAD,GC
70012173,00317,02,2,20250921,105453,000000020202,1,8.09,8.09,0.00,0.00,S,6089848416,,CAD,GC
70012174,00317,02,1,20250921,142415,000004471040,2,3.39,6.78,0.00,0.42,S,6044920749,,CAD,CS
70012174,00317,02,2,20250921,142415,000004491003,1,2.69,2.69,0.00,0.17,S,6044920749,,CAD,CS
70012174,00317,02,3,20250921,142415,000000005201,2,5.39,10.78,2.16,0.00,S,6044920749,PC25W33,CAD,CS
70012174,00317,02,4,20250921,142415,000004481003,1,6.79,6.79,1.36,0.34,S,6044920749,PC25W33,CAD,CS
70012174,00317,02,5,20250921,142415,000000094102,1,4.69,4.69,1.41,0.00,S,6044920749,PC25W34,CAD,CS
70012174,00317,02,6,20250921,142415,000000094201,1.363,2.29,3.12,0.00,0.00,S,6044920749,,CAD,CS
70012175,00317,05,1,20250921,133736,000004471040,1,3.39,3.39,0.00,0.21,S,,,CAD,CS
70012175,00317,05,2,20250921,133736,000004493001,1,7.49,7.49,0.00,0.47,S,,,CAD,CS
70012175,00317,05,3,20250921,133736,000000005012,1,5.39,5.39,0.00,0.00,S,,,CAD,CS
70012175,00317,05,4,20250921,133736,000004472001,1,5.39,5.39,0.00,0.34,S,,,CAD,CS
70012175,00317,05,5,20250921,133736,000004491001,1,3.39,3.39,0.00,0.21,S,,,CAD,CS
70012176,00317,05,1,20250921,150445,000000005202,1,8.09,8.09,0.00,0.00,R,6018433687,,CAD,DB
70012177,00322,01,1,20250921,70922,000004482003,1,7.49,7.49,0.00,0.47,S,,,CAD,DB
70012177,00322,01,2,20250921,70922,000000005201,1,5.39,5.39,1.08,0.00,S,,PC25W33,CAD,DB
70012177,00322,01,3,20250921,70922,000004492001,1,2.39,2.39,0.00,0.15,S,,,CAD,DB
70012178,00322,03,1,20250921,112811,000000005013,1,5.29,5.29,1.59,0.00,S,6028403339,PC25W34,CAD,CC
70012178,00322,03,2,20250921,112811,000000040202,1,20.39,20.39,0.00,0.00,S,6028403339,,CAD,CC
70012178,00322,03,3,20250921,112811,000000005201,2,5.39,10.78,2.16,0.00,S,6028403339,PC25W33,CAD,CC
70012178,00322,03,4,20250921,112811,000000005013,1,5.29,5.29,1.59,0.00,S,6028403339,PC25W34,CAD,CC
70012178,00322,03,5,20250921,112811,000004481002,1,10.89,10.89,0.00,0.68,S,6028403339,,CAD,CC
70012178,00322,03,6,20250921,112811,000004472001,1,5.39,5.39,0.00,0.34,S,6028403339,,CAD,CC
70012179,01042,04,1,20250922,144916,000000552002,2,3.99,7.98,0.00,0.50,S,,,USD,DB
70012179,01042,04,2,20250922,144916,000004471030,2,3.99,7.98,0.00,0.50,S,,,USD,DB
70012180,01042,05,1,20250922,81125,000000040202,1,14.99,14.99,0.00,0.00,S,,,USD,DB
70012180,01042,05,2,20250922,81125,000004473003,1,3.49,3.49,0.00,0.22,S,,,USD,DB
70012180,01042,05,3,20250922,81125,000004473001,1,2.99,2.99,0.00,0.19,S,,,USD,DB
70012180,01042,05,4,20250922,81125,000004492002,1,1.49,1.49,0.45,0.07,S,,PC25W34,USD,DB
70012181,01042,04,1,20250922,71230,000000551020,1,13.99,13.99,0.00,0.87,R,,,USD,DB
70012182,01042,05,1,20250922,140216,000000005201,1,3.99,3.99,0.80,0.00,S,,PC25W33,USD,CC
70012183,01042,01,1,20250922,103543,000004493002,1,3.99,3.99,0.00,0.25,S,,,USD,GC
70012184,01107,04,1,20250922,71914,000000005012,1,3.99,3.99,0.00,0.00,S,,,USD,DB
70012184,01107,04,2,20250922,71914,000000005102,1,5.49,5.49,0.00,0.00,S,,,USD,DB
70012185,01107,06,1,20250922,190655,000000005012,1,3.99,3.99,0.00,0.00,S,6039890983,,USD,CC
70012185,01107,06,2,20250922,190655,000000005103,2,6.99,13.98,0.00,0.00,S,6039890983,,USD,CC
70012185,01107,06,3,20250922,190655,000000561001,1,9.99,9.99,0.00,0.62,S,6039890983,,USD,CC
70012185,01107,06,4,20250922,190655,000000005102,1,5.49,5.49,0.00,0.00,S,6039890983,,USD,CC
70012186,01107,02,1,20250922,201627,000000040101,0.467,18.99,8.87,0.00,0.00,S,6026078701,,USD,CC
70012186,01107,02,2,20250922,201627,000000005103,1,6.99,6.99,0.00,0.00,S,6026078701,,USD,CC
70012186,01107,02,3,20250922,201627,000004483002,2,3.49,6.98,0.00,0.44,S,6026078701,,USD,CC
70012187,01107,04,1,20250922,183615,000004492002,1,1.49,1.49,0.45,0.07,S,6006728728,PC25W34,USD,CC
70012188,01107,02,1,20250922,182307,000000005301,2,5.49,10.98,0.00,0.00,S,,,USD,DB
70012188,01107,02,2,20250922,182307,000000020202,1,5.99,5.99,0.00,0.00,S,,,USD,DB
70012188,01107,02,3,20250922,182307,000000020101,1,2.49,2.49,0.00,0.00,S,,,USD,DB
70012189,01107,01,1,20250922,141432,000000005301,1,5.49,5.49,0.00,0.00,S,,,USD,CC
70012189,01107,01,2,20250922,141432,000004471040,1,2.49,2.49,0.00,0.16,S,,,USD,CC
70012190,02210,02,1,20250922,184946,000004491003,1,1.99,1.99,0.00,0.12,S,,,USD,CC
70012190,02210,02,2,20250922,184946,000000005302,1,3.49,3.49,0.00,0.00,S,,,USD,CC
70012190,02210,02,3,20250922,184946,000000040102,1.730,16.99,29.39,0.00,0.00,S,,,USD,CC
70012191,02210,04,1,20250922,121213,000000094102,1,3.49,3.49,1.05,0.00,S,,PC25W34,USD,CS
70012191,02210,04,2,20250922,121213,000000005103,1,6.99,6.99,0.00,0.00,S,,,USD,CS
70012191,02210,04,3,20250922,121213,000000040202,2,14.99,29.98,0.00,0.00,S,,,USD,CS
70012191,02210,04,4,20250922,121213,000004491002,1,6.99,6.99,0.00,0.44,S,,,USD,CS
70012191,02210,04,5,20250922,121213,000000005013,1,3.89,3.89,1.17,0.00,S,,PC25W34,USD,CS
70012191,02210,04,6,20250922,121213,000004481002,1,7.99,7.99,0.00,0.50,S,,,USD,CS
70012192,02210,04,1,20250922,134337,000000561002,1,7.49,7.49,1.50,0.37,S,,PC25W33,USD,CC
70012192,02210,04,2,20250922,134337,000000030102,1,14.99,14.99,0.00,0.00,S,,,USD,CC
70012193,02210,04,1,20250922,103635,000000093401,1.468,5.49,8.06,0.00,0.00,S,,,USD,GC
70012194,02210,03,1,20250922,83826,000000005201,1,3.99,3.99,0.80,0.00,S,6062639343,PC25W33,USD,GC
70012194,02210,03,2,20250922,83826,000000005302,1,3.49,3.49,0.00,0.00,S,6062639343,,USD,GC
70012194,02210,03,3,20250922,83826,000004482002,1,17.99,17.99,0.00,1.12,S,6062639343,,USD,GC
70012195,02210,06,1,20250922,205424,000000094302,2.167,5.49,11.90,0.00,0.00,S,6092222064,,USD,CC
70012195,02210,06,2,20250922,205424,000000005302,1,3.49,3.49,0.00,0.00,S,6092222064,,USD,CC
70012195,02210,06,3,20250922,205424,000000094301,0.835,4.39,3.67,0.00,0.00,S,6092222064,,USD,CC
70012196,02210,02,1,20250922,154231,000004492001,2,1.79,3.58,0.00,0.22,S,6092499125,,USD,DB
70012196,02210,02,2,20250922,154231,000000030201,3,9.99,29.97,0.00,0.00,S,6092499125,,USD,DB
70012197,02210,06,1,20250922,104403,000000020203,2,6.49,12.98,0.00,0.00,S,6011231261,,USD,GC
70012197,02210,06,2,20250922,104403,000000005013,1,3.89,3.89,1.17,0.00,S,6011231261,PC25W34,USD,GC
70012197,02210,06,3,20250922,104403,000000031101,1.161,24.99,29.01,0.00,0.00,S,6011231261,,USD,GC
70012198,02211,02,1,20250922,85012,000004491003,1,1.99,1.99,0.00,0.12,S,6064709006,,USD,CS
70012199,02211,04,1,20250922,175300,000000040201,2,8.99,17.98,0.00,0.00,S,,,USD,CC
70012199,02211,04,2,20250922,175300,000000005020,1,4.49,4.49,0.00,0.00,S,,,USD,CC
70012199,02211,04,3,20250922,175300,000000005013,1,3.89,3.89,1.17,0.00,S,,PC25W34,USD,CC
70012199,02211,04,4,20250922,175300,000000005103,2,6.99,13.98,0.00,0.00,S,,,USD,CC
70012199,02211,04,5,20250922,175300,000000040102,1.429,16.99,24.28,0.00,0.00,S,,,USD,CC
70012200,02211,05,1,20250922,183506,000004492002,1,1.49,1.49,0.45,0.07,S,,PC25W34,USD,CC
70012200,02211,05,2,20250922,183506,000004471023,2,3.49,6.98,0.00,0.44,S,,,USD,CC
70012200,02211,05,3,20250922,183506,000004471030,2,3.99,7.98,0.00,0.50,S,,,USD,CC
70012200,02211,05,4,20250922,183506,000000020203,1,6.49,6.49,0.00,0.00,S,,,USD,CC
70012200,02211,05,5,20250922,183506,000000005101,1,7.99,7.99,0.00,0.00,S,,,USD,CC
70012201,02211,01,1,20250922,183315,000000094302,0.797,5.49,4.38,0.00,0.00,S,,,USD,CS
70012201,02211,01,2,20250922,183315,000004471024,1,3.49,3.49,0.00,0.22,S,,,USD,CS
70012201,02211,01,3,20250922,183315,000004473001,1,2.99,2.99,0.00,0.19,S,,,USD,CS
70012201,02211,01,4,20250922,183315,000000005201,1,3.99,3.99,0.80,0.00,S,,PC25W33,USD,CS
70012202,02211,01,1,20250922,75643,000004471040,1,2.49,2.49,0.00,0.16,S,,,USD,CC
70012202,02211,01,2,20250922,75643,000000005202,1,5.99,5.99,1.80,0.00,S,,PC25W34,USD,CC
70012202,02211,01,3,20250922,75643,000004492002,3,1.49,4.47,1.34,0.20,S,,PC25W34,USD,CC
70012202,02211,01,4,20250922,75643,000000561002,1,7.49,7.49,1.50,0.37,S,,PC25W33,USD,CC
70012203,02305,03,1,20250922,113726,000004482003,2,5.49,10.98,0.00,0.69,S,,,USD,GC
70012203,02305,03,2,20250922,113726,000004481003,1,4.99,4.99,1.00,0.25,S,,PC25W33,USD,GC
70012204,02305,02,1,20250922,131732,000004492002,1,1.49,1.49,0.45,0.07,S,6055732573,PC25W34,USD,DB
70012205,02305,06,1,20250922,170042,000000094102,1,3.49,3.49,1.05,0.00,S,6011145768,PC25W34,USD,GC
70012205,02305,06,2,20250922,170042,000000031101,0.490,24.99,12.25,0.00,0.00,S,6011145768,,USD,GC
70012205,02305,06,3,20250922,170042,000000031101,1.905,24.99,47.61,0.00,0.00,S,6011145768,,USD,GC
70012206,02305,01,1,20250922,151825,000000094201,2.123,1.69,3.59,0.00,0.00,S,,,USD,CC
70012206,02305,01,2,20250922,151825,000004491001,1,2.49,2.49,0.00,0.16,S,,,USD,CC
70012206,02305,01,3,20250922,151825,000004481001,2,7.99,15.98,0.00,1.00,S,,,USD,CC
70012207,02305,02,1,20250922,211754,000004471024,2,3.49,6.98,0.00,0.44,S,6037660144,,USD,DB
70012207,02305,02,2,20250922,211754,000000093402,0.867,3.29,2.85,0.00,0.00,S,6037660144,,USD,DB
70012207,02305,02,3,20250922,211754,000000005013,2,3.89,7.78,2.33,0.00,S,6037660144,PC25W34,USD,DB
70012207,02305,02,4,20250922,211754,000004472003,1,3.29,3.29,0.00,0.21,S,6037660144,,USD,DB
70012207,02305,02,5,20250922,211754,000000093321,0.507,1.49,0.76,0.00,0.00,S,6037660144,,USD,DB
70012207,02305,02,6,20250922,211754,000000040201,1,8.99,8.99,0.00,0.00,S,6037660144,,USD,DB
70012208,02305,04,1,20250922,123817,000004493002,1,3.99,3.99,0.00,0.25,S,,,USD,CC
70012208,02305,04,2,20250922,123817,000004472001,1,3.99,3.99,0.00,0.25,S,,,USD,CC
70012209,03050,06,1,20250922,164554,000000040101,1.063,18.99,20.19,0.00,0.00,S,,,USD,DB
70012210,03050,05,1,20250922,111507,000000040203,2,11.99,23.98,0.00,0.00,S,,,USD,DB
70012210,03050,05,2,20250922,111507,000000030101,1,6.99,6.99,0.00,0.00,S,,,USD,DB
70012211,03050,05,1,20250922,110636,000000093321,1.414,1.49,2.11,0.00,0.00,S,,,USD,DB
70012211,03050,05,2,20250922,110636,000004472001,1,3.99,3.99,0.00,0.25,S,,,USD,DB
70012212,03050,06,1,20250922,110652,000004471040,1,2.49,2.49,0.00,0.16,S,6068784991,,USD,DB
70012212,03050,06,2,20250922,110652,000000030202,2,11.49,22.98,4.60,0.00,S,6068784991,PC25W33,USD,DB
70012212,03050,06,3,20250922,110652,000000094201,0.866,1.69,1.46,0.00,0.00,S,6068784991,,USD,DB
70012213,00317,01,1,20250922,143151,000000020202,1,8.09,8.09,0.00,0.00,S,,,CAD,CC
70012213,00317,01,2,20250922,143151,000004492050,1,2.99,2.99,0.60,0.15,S,,PC25W33,CAD,CC
70012213,00317,01,3,20250922,143151,000000040202,1,20.39,20.39,0.00,0.00,S,,,CAD,CC
70012213,00317,01,4,20250922,143151,000000005102,2,7.49,14.98,0.00,0.00,S,,,CAD,CC
70012213,00317,01,5,20250922,143151,000000094301,1.866,5.99,11.18,0.00,0.00,S,,,CAD,CC
70012213,00317,01,6,20250922,143151,000000020201,1,7.49,7.49,0.00,0.00,S,,,CAD,CC
70012214,00317,04,1,20250922,121508,000000093321,0.776,1.99,1.54,0.00,0.00,R,6014708272,,CAD,CC
70012215,00317,02,1,20250922,161912,000000551021,1,16.29,16.29,0.00,1.02,S,,,CAD,CS
70012215,00317,02,2,20250922,161912,000000005103,1,9.49,9.49,0.00,0.00,S,,,CAD,CS
70012215,00317,02,3,20250922,161912,000000005013,1,5.29,5.29,1.59,0.00,S,,PC25W34,CAD,CS
70012216,00317,05,1,20250922,203637,000004472002,1,6.09,6.09,0.00,0.38,S,6087020701,,CAD,CS
70012216,00317,05,2,20250922,203637,000000005013,1,5.29,5.29,1.59,0.00,S,6087020701,PC25W34,CAD,CS
70012217,00317,03,1,20250922,205121,000004481003,1,6.79,6.79,1.36,0.34,S,,PC25W33,CAD,DB
70012218,00317,06,1,20250922,180135,000004472001,1,5.39,5.39,0.00,0.34,S,,,CAD,DB
70012218,00317,06,2,20250922,180135,000000562002,1,11.49,11.49,0.00,0.72,S,,,CAD,DB
70012218,00317,06,3,20250922,180135,000000552001,1,6.09,6.09,0.00,0.38,S,,,CAD,DB
70012218,00317,06,4,20250922,180135,000004483001,1,6.79,6.79,0.00,0.42,S,,,CAD,DB
70012219,00317,06,1,20250922,143407,000004483001,1,6.79,6.79,0.00,0.42,S,,,CAD,CS
70012219,00317,06,2,20250922,143407,000000005020,1,6.09,6.09,0.00,0.00,S,,,CAD,CS
70012220,00317,99,1,20250922,193754,000000005020,1,6.09,6.09,0.00,0.00,S,6056532863,,CAD,CS
70012221,00317,06,1,20250922,171336,000004473001,1,4.09,4.09,0.00,0.26,S,6006684335,,CAD,DB
70012222,00317,06,1,20250922,213710,000000093402,1.777,4.49,7.98,0.00,0.00,S,,,CAD,DB
70012222,00317,06,2,20250922,213710,000004471040,1,3.39,3.39,0.00,0.21,S,,,CAD,DB
70012223,00317,05,1,20250922,84351,000004483001,1,6.79,6.79,0.00,0.42,S,6082043397,,CAD,DB
70012223,00317,05,2,20250922,84351,000004471024,2,4.69,9.38,0.00,0.59,S,6082043397,,CAD,DB
70012223,00317,05,3,20250922,84351,000000005302,1,4.69,4.69,0.00,0.00,S,6082043397,,CAD,DB
70012224,00317,01,1,20250922,83709,000000040202,1,20.39,20.39,0.00,0.00,S,6001168809,,CAD,DB
70012224,00317,01,2,20250922,83709,000000030203,1,11.49,11.49,0.00,0.00,S,6001168809,,CAD,DB
70012224,00317,01,3,20250922,83709,000000561002,1,10.19,10.19,2.04,0.51,S,6001168809,PC25W33,CAD,DB
70012225,00322,06,1,20250922,72615,000004491003,2,2.69,5.38,0.00,0.34,S,,,CAD,CC
70012225,00322,06,2,20250922,72615,000004483002,2,4.69,9.38,0.00,0.59,S,,,CAD,CC
70012225,00322,06,3,20250922,72615,000004471023,1,4.69,4.69,0.00,0.29,S,,,CAD,CC
70012225,00322,06,4,20250922,72615,000000005202,1,8.09,8.09,2.43,0.00,S,,PC25W34,CAD,CC
70012226,00322,02,1,20250922,102651,000000040202,1,20.39,20.39,0.00,0.00,S,6055743132,,CAD,CC
70012227,01042,01,1,20250923,142827,000004493002,1,3.99,3.99,0.00,0.25,S,,,USD,CC
70012228,01042,04,1,20250923,113928,000000020103,1,4.99,4.99,0.00,0.00,S,6043697093,,USD,CC
70012228,01042,04,2,20250923,113928,000000094103,1,3.79,3.79,0.00,0.00,S,6043697093,,USD,CC
70012228,01042,04,3,20250923,113928,000000094103,1,3.79,3.79,0.00,0.00,S,6043697093,,USD,CC
70012228,01042,04,4,20250923,113928,000004482002,1,17.99,17.99,0.00,1.12,S,6043697093,,USD,CC
70012228,01042,04,5,20250923,113928,000000020102,1,3.49,3.49,0.00,0.00,S,6043697093,,USD,CC
70012229,01042,01,1,20250923,130657,000004471040,1,2.49,2.49,0.00,0.16,S,,,USD,DB
70012229,01042,01,2,20250923,130657,000000020203,1,6.49,6.49,0.00,0.00,S,,,USD,DB
70012230,01042,04,1,20250923,155623,000000030201,2,9.99,19.98,0.00,0.00,S,,,USD,CS
70012230,01042,04,2,20250923,155623,000000561002,1,7.49,7.49,1.50,0.37,S,,PC25W33,USD,CS
70012230,01042,04,3,20250923,155623,000000020102,1,3.49,3.49,0.00,0.00,S,,,USD,CS
70012230,01042,04,4,20250923,155623,000000030201,1,9.99,9.99,0.00,0.00,S,,,USD,CS
70012230,01042,04,5,20250923,155623,000004481003,1,4.99,4.99,1.00,0.25,S,,PC25W33,USD,CS
70012230,01042,04,6,20250923,155623,000000093321,0.555,1.49,0.83,0.00,0.00,S,,,USD,CS
70012231,01042,06,1,20250923,135827,000000005013,2,3.89,7.78,2.33,0.00,S,,PC25W34,USD,CS
70012231,01042,06,2,20250923,135827,000000030203,3,8.49,25.47,0.00,0.00,S,,,USD,CS
70012231,01042,06,3,20250923,135827,000000005301,1,5.49,5.49,0.00,0.00,S,,,USD,CS
70012231,01042,06,4,20250923,135827,000004482003,2,5.49,10.98,0.00,0.69,S,,,USD,CS
70012232,01042,01,1,20250923,184715,000004481001,1,7.99,7.99,0.00,0.50,S,6002730086,,USD,CC
70012232,01042,01,2,20250923,184715,000000005012,1,3.99,3.99,0.00,0.00,S,6002730086,,USD,CC
70012232,01042,01,3,20250923,184715,000000005013,1,3.89,3.89,1.17,0.00,S,6002730086,PC25W34,USD,CC
70012232,01042,01,4,20250923,184715,000000040202,1,14.99,14.99,0.00,0.00,S,6002730086,,USD,CC
70012232,01042,01,5,20250923,184715,000004471023,1,3.49,3.49,0.00,0.22,S,6002730086,,USD,CC
70012233,01042,01,1,20250923,71608,000000551021,1,11.99,11.99,0.00,0.75,S,6095026480,,USD,GC
70012233,01042,01,2,20250923,71608,000004491002,1,6.99,6.99,0.00,0.44,S,6095026480,,USD,GC
70012233,01042,01,3,20250923,71608,000000030202,1,11.49,11.49,2.30,0.00,S,6095026480,PC25W33,USD,GC
70012233,01042,01,4,20250923,71608,000000040201,1,8.99,8.99,0.00,0.00,S,6095026480,,USD,GC
70012233,01042,01,5,20250923,71608,000000552001,1,4.49,4.49,0.00,0.28,S,6095026480,,USD,GC
70012233,01042,01,6,20250923,71608,000000040101,1.780,18.99,33.80,0.00,0.00,S,6095026480,,USD,GC
70012234,01042,06,1,20250923,85259,000000093503,1,4.29,4.29,0.00,0.00,S,6023460136,,USD,DB
70012234,01042,06,2,20250923,85259,000000005202,1,5.99,5.99,1.80,0.00,S,6023460136,PC25W34,USD,DB
70012234,01042,06,3,20250923,85259,000000020203,1,6.49,6.49,0.00,0.00,S,6023460136,,USD,DB
70012234,01042,06,4,20250923,85259,000004491002,2,6.99,13.98,0.00,0.87,S,6023460136,,USD,DB
70012235,01042,01,1,20250923,181427,000004482002,2,17.99,35.98,0.00,2.25,S,,,USD,CC
70012235,01042,01,2,20250923,181427,000000005103,1,6.99,6.99,0.00,0.00,S,,,USD,CC
70012235,01042,01,3,20250923,181427,000004483002,2,3.49,6.98,0.00,0.44,S,,,USD,CC
70012235,01042,01,4,20250923,181427,000004471030,1,3.99,3.99,0.00,0.25,S,,,USD,CC
70012236,01107,05,1,20250923,184431,000004472001,1,3.99,3.99,0.00,0.25,S,6008304405,,USD,CC
70012237,02210,01,1,20250923,213435,000000093503,1,4.29,4.29,0.00,0.00,S,6024214955,,USD,CC
70012237,02210,01,2,20250923,213435,000000561002,1,7.49,7.49,1.50,0.37,S,6024214955,PC25W33,USD,CC
70012237,02210,01,3,20250923,213435,000000093401,1.922,5.49,10.55,0.00,0.00,S,6024214955,,USD,CC
70012238,02210,02,1,20250923,185507,000004481003,2,4.99,9.98,2.00,0.50,S,6066270511,PC25W33,USD,DB
70012238,02210,02,2,20250923,185507,000000094101,1,3.99,3.99,0.00,0.00,S,6066270511,,USD,DB
70012239,02210,06,1,20250923,104131,000000030201,2,9.99,19.98,0.00,0.00,S,6005673030,,USD,CS
70012239,02210,06,2,20250923,104131,000004492002,2,1.49,2.98,0.89,0.13,S,6005673030,PC25W34,USD,CS
70012240,02210,03,1,20250923,100806,000000094201,0.517,1.69,0.87,0.00,0.00,S,,,USD,DB
70012240,02210,03,2,20250923,100806,000000030202,2,11.49,22.98,4.60,0.00,S,,PC25W33,USD,DB
70012240,02210,03,3,20250923,100806,000000040201,3,8.99,26.97,0.00,0.00,S,,,USD,DB
70012240,02210,03,4,20250923,100806,000000094102,1,3.49,3.49,1.05,0.00,S,,PC25W34,USD,DB
70012240,02210,03,5,20250923,100806,000004471030,1,3.99,3.99,0.00,0.25,S,,,USD,DB
70012240,02210,03,6,20250923,100806,000000005103,1,6.99,6.99,0.00,0.00,S,,,USD,DB
70012241,02210,04,1,20250923,124626,000000040102,1.403,16.99,23.84,0.00,0.00,S,,,USD,DB
70012241,02210,04,2,20250923,124626,000000094102,1,3.49,3.49,1.05,0.00,S,,PC25W34,USD,DB
70012241,02210,04,3,20250923,124626,000004472001,2,3.99,7.98,0.00,0.50,S,,,USD,DB
70012241,02210,04,4,20250923,124626,000000562002,1,8.49,8.49,0.00,0.53,S,,,USD,DB
70012242,02211,05,1,20250923,91301,000000093502,1,3.99,3.99,0.00,0.00,S,,,USD,DB
70012242,02211,05,2,20250923,91301,000000551020,1,13.99,13.99,0.00,0.87,S,,,USD,DB
70012243,02211,03,1,20250923,211435,000000020102,1,3.49,3.49,0.00,0.00,S,,,USD,DB
70012244,02305,02,1,20250923,101627,000000020202,1,5.99,5.99,0.00,0.00,S,,,USD,CC
70012244,02305,02,2,20250923,101627,000004482001,1,13.99,13.99,0.00,0.87,S,,,USD,CC
70012245,02305,06,1,20250923,183645,000000094203,1.819,1.49,2.71,0.00,0.00,S,,,USD,CC
70012245,02305,06,2,20250923,183645,000004472001,2,3.99,7.98,0.00,0.50,S,,,USD,CC
70012246,02305,05,1,20250923,173550,000000040202,1,14.99,14.99,0.00,0.00,S,,,USD,CC
70012246,02305,05,2,20250923,173550,000000005301,1,5.49,5.49,0.00,0.00,S,,,USD,CC
70012247,02305,05,1,20250923,160125,000000020201,1,5.49,5.49,0.00,0.00,S,6006330165,,USD,CC
70012248,02305,01,1,20250923,141343,000004471030,1,3.99,3.99,0.00,0.25,S,6055732573,,USD,GC
70012249,02305,06,1,20250923,130138,000000094102,1,3.49,3.49,1.05,0.00,S,6084776863,PC25W34,USD,CS
70012250,02305,02,1,20250923,211705,000000551020,1,13.99,13.99,0.00,0.87,S,,,USD,CC
70012250,02305,02,2,20250923,211705,000000040202,3,14.99,44.97,0.00,0.00,S,,,USD,CC
70012250,02305,02,3,20250923,211705,000004471024,1,3.49,3.49,0.00,0.22,S,,,USD,CC
70012251,02305,05,1,20250923,173513,000000005202,1,5.99,5.99,1.80,0.00,S,,PC25W34,USD,DB
70012252,03050,04,1,20250923,103320,000000005201,1,3.99,3.99,0.80,0.00,S,,PC25W33,USD,CC
70012252,03050,04,2,20250923,103320,000000030201,1,9.99,9.99,0.00,0.00,S,,,USD,CC
70012252,03050,04,3,20250923,103320,000000020201,1,5.49,5.49,0.00,0.00,S,,,USD,CC
70012252,03050,04,4,20250923,103320,000000005201,1,3.99,3.99,0.80,0.00,S,,PC25W33,USD,CC
70012252,03050,04,5,20250923,103320,000004491001,1,2.49,2.49,0.00,0.16,S,,,USD,CC
70012253,03050,05,1,20250923,81409,000000005101,2,7.99,15.98,0.00,0.00,S,6062056341,,USD,CC
70012253,03050,05,2,20250923,81409,000004471023,1,3.49,3.49,0.00,0.22,S,6062056341,,USD,CC
70012254,03050,03,1,20250923,152255,000000030202,1,11.49,11.49,2.30,0.00,S,6062053364,PC25W33,USD,CC
70012255,03050,05,1,20250923,133018,000000093501,1,4.49,4.49,0.00,0.00,S,,,USD,CC
70012255,03050,05,2,20250923,133018,000004492001,1,1.79,1.79,0.00,0.11,S,,,USD,CC
70012255,03050,05,3,20250923,133018,000000094301,1.557,4.39,6.84,0.00,0.00,S,,,USD,CC
70012255,03050,05,4,20250923,133018,000000030102,1,14.99,14.99,0.00,0.00,S,,,USD,CC
70012256,03050,02,1,20250923,205309,000000005013,1,3.89,3.89,1.17,0.00,S,,PC25W34,USD,DB
70012256,03050,02,2,20250923,205309,000004473003,1,3.49,3.49,0.00,0.22,S,,,USD,DB
70012257,03050,05,1,20250923,195803,000000030203,1,8.49,8.49,0.00,0.00,S,,,USD,CC
70012257,03050,05,2,20250923,195803,000004473002,1,2.79,2.79,0.00,0.17,S,,,USD,CC
70012258,03050,05,1,20250923,131135,000004473001,1,2.99,2.99,0.00,0.19,S,,,USD,GC
70012258,03050,05,2,20250923,131135,000000093322,1.253,1.99,2.49,0.00,0.00,S,,,USD,GC
70012259,03050,01,1,20250923,130658,000000005302,1,3.49,3.49,0.00,0.00,S,,,USD,CS
70012260,03050,03,1,20250923,91351,000000040203,1,11.99,11.99,0.00,0.00,S,,,USD,DB
70012260,03050,03,2,20250923,91351,000000005102,1,5.49,5.49,0.00,0.00,S,,,USD,DB
70012260,03050,03,3,20250923,91351,000000005012,1,3.99,3.99,0.00,0.00,S,,,USD,DB
70012260,03050,03,4,20250923,91351,000000005020,1,4.49,4.49,0.00,0.00,S,,,USD,DB
70012261,00317,01,1,20250923,91252,000000562002,1,11.49,11.49,0.00,0.72,S,,,CAD,CC
70012261,00317,01,2,20250923,91252,000004481001,1,10.89,10.89,0.00,0.68,S,,,CAD,CC
70012262,00317,03,1,20250923,104826,000000094301,2.128,5.99,12.75,0.00,0.00,S,6066176620,,CAD,CS
70012263,00317,06,1,20250923,120538,000004471023,2,4.69,9.38,0.00,0.59,S,6061106273,,CAD,CS
70012264,00317,01,1,20250923,212019,000000005013,1,5.29,5.29,1.59,0.00,S,6036060148,PC25W34,CAD,CC
70012264,00317,01,2,20250923,212019,000000093502,2,5.39,10.78,0.00,0.00,S,6036060148,,CAD,CC
70012264,00317,01,3,20250923,212019,000000552002,1,5.39,5.39,0.00,0.34,S,6036060148,,CAD,CC
70012264,00317,01,4,20250923,212019,000000031101,1.071,33.99,36.40,0.00,0.00,S,6036060148,,CAD,CC
70012265,00317,03,1,20250923,182212,000004491003,2,2.69,5.38,0.00,0.34,S,,,CAD,DB
70012265,00317,03,2,20250923,182212,000000093503,1,5.79,5.79,0.00,0.00,S,,,CAD,DB
70012265,00317,03,3,20250923,182212,000000005012,2,5.39,10.78,0.00,0.00,S,,,CAD,DB
70012265,00317,03,4,20250923,182212,000000094203,1.685,1.99,3.35,0.00,0.00,S,,,CAD,DB
70012265,00317,03,5,20250923,182212,000000020203,1,8.79,8.79,0.00,0.00,S,,,CAD,DB
70012265,00317,03,6,20250923,182212,000000094102,1,4.69,4.69,1.41,0.00,S,,PC25W34,CAD,DB
70012266,00317,05,1,20250923,200525,000004481002,1,10.89,10.89,0.00,0.68,S,,,CAD,DB
70012266,00317,05,2,20250923,200525,000004492002,1,1.99,1.99,0.60,0.09,S,,PC25W34,CAD,DB
70012266,00317,05,3,20250923,200525,000004481003,1,6.79,6.79,1.36,0.34,S,,PC25W33,CAD,DB
70012266,00317,05,4,20250923,200525,000000094102,2,4.69,9.38,2.81,0.00,S,,PC25W34,CAD,DB
70012266,00317,05,5,20250923,200525,000004481003,1,6.79,6.79,0.00,0.42,V,,,CAD,DB
70012267,00317,01,1,20250923,183456,000000551021,1,16.29,16.29,0.00,1.02,S,,,CAD,CC
70012267,00317,01,2,20250923,183456,000004493002,1,5.39,5.39,0.00,0.34,S,,,CAD,CC
70012267,00317,01,3,20250923,183456,000000093322,2.012,2.69,5.41,0.00,0.00,S,,,CAD,CC
70012267,00317,01,4,20250923,183456,000000094102,1,4.69,4.69,1.41,0.00,S,,PC25W34,CAD,CC
70012268,00317,06,1,20250923,140119,000000030203,1,11.49,11.49,0.00,0.00,S,,,CAD,CC
70012268,00317,06,2,20250923,140119,000000030202,1,15.59,15.59,3.12,0.00,S,,PC25W33,CAD,CC
70012268,00317,06,3,20250923,140119,000000020202,2,8.09,16.18,0.00,0.00,S,,,CAD,CC
70012269,00322,05,1,20250923,102831,000000040102,0.897,23.09,20.71,0.00,0.00,S,,,CAD,CC
70012269,00322,05,2,20250923,102831,000000005202,1,8.09,8.09,2.43,0.00,S,,PC25W34,CAD,CC
70012269,00322,05,3,20250923,102831,000004473002,2,3.79,7.58,0.00,0.47,S,,,CAD,CC
70012269,00322,05,4,20250923,102831,000000040102,1.306,23.09,30.16,0.00,0.00,S,,,CAD,CC
70012269,00322,05,5,20250923,102831,000000005202,1,8.09,8.09,2.43,0.00,S,,PC25W34,CAD,CC
70012270,00322,02,1,20250923,193816,000004492002,2,1.99,3.98,1.19,0.17,S,,PC25W34,CAD,GC
70012271,00322,04,1,20250923,84610,000000093501,1,6.09,6.09,0.00,0.00,S,6046368157,,CAD,CC
70012271,00322,04,2,20250923,84610,000004471024,2,4.69,9.38,0.00,0.59,S,6046368157,,CAD,CC
70012272,00322,01,1,20250923,135441,000004482002,1,24.49,24.49,0.00,1.53,S,,,CAD,CS
70012272,00322,01,2,20250923,135441,000000005202,1,8.09,8.09,2.43,0.00,S,,PC25W34,CAD,CS
70012272,00322,01,3,20250923,135441,000004492001,2,2.39,4.78,0.00,0.30,S,,,CAD,CS
70012273,01042,04,1,20250924,174930,000000094103,1,3.79,3.79,0.00,0.00,S,6035365419,,USD,GC
70012273,01042,04,2,20250924,174930,000000030202,1,11.49,11.49,2.30,0.00,S,6035365419,PC25W33,USD,GC
70012274,01042,06,1,20250924,114737,000004473002,1,2.79,2.79,0.00,0.17,S,,,USD,CS
70012275,01042,05,1,20250924,130051,000000552002,1,3.99,3.99,0.00,0.25,S,6015152638,,USD,CC
70012276,01107,01,1,20250924,205718,000000040202,2,14.99,29.98,0.00,0.00,S,,,USD,GC
70012276,01107,01,2,20250924,205718,000004493002,1,3.99,3.99,0.00,0.25,S,,,USD,GC
70012277,02210,06,1,20250924,171108,000000040102,0.548,16.99,9.31,0.00,0.00,S,,,USD,CS
70012277,02210,06,2,20250924,171108,000000094202,2.053,1.99,4.09,0.00,0.00,S,,,USD,CS
70012277,02210,06,3,20250924,171108,000000094302,1.394,5.49,7.65,0.00,0.00,S,,,USD,CS
70012278,02210,04,1,20250924,201803,000004483002,2,3.49,6.98,0.00,0.44,S,6017993136,,USD,CC
70012278,02210,04,2,20250924,201803,000000040101,1.574,18.99,29.89,0.00,0.00,S,6017993136,,USD,CC
70012278,02210,04,3,20250924,201803,000000094301,1.066,4.39,4.68,0.00,0.00,S,6017993136,,USD,CC
70012278,02210,04,4,20250924,201803,000000020103,1,4.99,4.99,0.00,0.00,S,6017993136,,USD,CC
70012278,02210,04,5,20250924,201803,000004483002,1,3.49,3.49,0.00,0.22,S,6017993136,,USD,CC
70012279,02210,04,1,20250924,90214,000000551020,1,13.99,13.99,0.00,0.87,S,,,USD,CC
70012279,02210,04,2,20250924,90214,000000005202,3,5.99,17.97,5.39,0.00,S,,PC25W34,USD,CC
70012279,02210,04,3,20250924,90214,000004472002,1,4.49,4.49,0.00,0.28,S,,,USD,CC
70012279,02210,04,4,20250924,90214,000000005013,1,3.89,3.89,1.17,0.00,S,,PC25W34,USD,CC
70012279,02210,04,5,20250924,90214,000000005202,1,5.99,5.99,1.80,0.00,S,,PC25W34,USD,CC
70012279,02210,04,6,20250924,90214,000000005012,1,3.99,3.99,0.00,0.00,S,,,USD,CC
70012280,02210,06,1,20250924,212615,000004482001,1,13.99,13.99,0.00,0.87,R,,,USD,CC
70012281,02210,01,1,20250924,144806,000000020203,3,6.49,19.47,0.00,0.00,S,,,USD,CC
70012281,02210,01,2,20250924,144806,000000020203,1,6.49,6.49,0.00,0.00,S,,,USD,CC
70012281,02210,01,3,20250924,144806,000000093402,0.716,3.29,2.36,0.00,0.00,S,,,USD,CC
70012282,02211,05,1,20250924,115053,000004493001,1,5.49,5.49,0.00,0.34,S,6091320330,,USD,DB
70012282,02211,05,2,20250924,115053,000000040101,1.988,18.99,37.75,0.00,0.00,S,6091320330,,USD,DB
70012283,02211,04,1,20250924,163316,000000040101,0.448,18.99,8.51,0.00,0.00,S,,,USD,CC
70012283,02211,04,2,20250924,163316,000000005012,1,3.99,3.99,0.00,0.00,S,,,USD,CC
70012283,02211,04,3,20250924,163316,000000020103,3,4.99,14.97,0.00,0.00,S,,,USD,CC
70012283,02211,04,4,20250924,163316,000004472002,2,4.49,8.98,0.00,0.56,S,,,USD,CC
70012284,02211,05,1,20250924,114513,000004473001,3,2.99,8.97,0.00,0.56,S,6022618962,,USD,CC
70012285,02211,04,1,20250924,154626,000004473003,1,3.49,3.49,0.00,0.22,S,,,USD,DB
70012285,02211,04,2,20250924,154626,000000020202,1,5.99,5.99,0.00,0.00,S,,,USD,DB
70012285,02211,04,3,20250924,154626,000004473001,1,2.99,2.99,0.00,0.19,S,,,USD,DB
70012285,02211,04,4,20250924,154626,000000040101,1.606,18.99,30.50,0.00,0.00,S,,,USD,DB
70012285,02211,04,5,20250924,154626,000000005101,1,7.99,7.99,0.00,0.00,S,,,USD,DB
70012285,02211,04,6,20250924,154626,000000005012,1,3.99,3.99,0.00,0.00,S,,,USD,DB
70012286,02305,03,1,20250924,144749,000004471023,1,3.49,3.49,0.00,0.22,S,,,USD,DB
70012287,02305,03,1,20250924,204435,000000005201,1,3.99,3.99,0.80,0.00,S,,PC25W33,USD,CC
70012288,02305,05,1,20250924,174905,000000094203,0.546,1.49,0.81,0.00,0.00,S,6002562588,,USD,CC
70012288,02305,05,2,20250924,174905,000004473001,2,2.99,5.98,0.00,0.37,S,6002562588,,USD,CC
70012288,02305,05,3,20250924,174905,000004481002,1,7.99,7.99,0.00,0.50,S,6002562588,,USD,CC
70012288,02305,05,4,20250924,174905,000000005202,1,5.99,5.99,1.80,0.00,S,6002562588,PC25W34,USD,CC
70012288,02305,05,5,20250924,174905,000000005020,1,4.49,4.49,0.00,0.00,S,6002562588,,USD,CC
70012288,02305,05,6,20250924,174905,000000020202,1,5.99,5.99,0.00,0.00,S,6002562588,,USD,CC
70012289,02305,06,1,20250924,132142,000004471030,2,3.99,7.98,0.00,0.50,S,,,USD,DB
70012289,02305,06,2,20250924,132142,000000040203,1,11.99,11.99,0.00,0.00,S,,,USD,DB
70012289,02305,06,3,20250924,132142,000000551020,2,13.99,27.98,0.00,1.75,S,,,USD,DB
70012289,02305,06,4,20250924,132142,000004473003,1,3.49,3.49,0.00,0.22,S,,,USD,DB
70012289,02305,06,5,20250924,132142,000004482003,1,5.49,5.49,0.00,0.34,S,,,USD,DB
70012289,02305,06,6,20250924,132142,000000093503,2,4.29,8.58,0.00,0.00,S,,,USD,DB
70012290,02305,04,1,20250924,132920,000004492003,1,2.29,2.29,0.00,0.14,S,,,USD,DB
70012290,02305,04,2,20250924,132920,000004493001,1,5.49,5.49,0.00,0.34,S,,,USD,DB
70012290,02305,04,3,20250924,132920,000004492002,1,1.49,1.49,0.45,0.07,S,,PC25W34,USD,DB
70012290,02305,04,4,20250924,132920,000004491003,1,1.99,1.99,0.00,0.12,S,,,USD,DB
70012291,02305,06,1,20250924,150718,000000005012,1,3.99,3.99,0.00,0.00,S,6052895392,,USD,GC
70012292,02305,04,1,20250924,132411,000000030103,1,8.99,8.99,0.00,0.00,S,,,USD,GC
70012292,02305,04,2,20250924,132411,000004491001,1,2.49,2.49,0.00,0.16,S,,,USD,GC
70012293,02305,05,1,20250924,145253,000000020101,2,2.49,4.98,0.00,0.00,S,,,USD,DB
70012293,02305,05,2,20250924,145253,000000040101,1.113,18.99,21.14,0.00,0.00,S,,,USD,DB
70012293,02305,05,3,20250924,145253,000000031101,2.102,24.99,52.53,0.00,0.00,S,,,USD,DB
70012294,02305,03,1,20250924,205412,000000094102,2,3.49,6.98,2.09,0.00,S,6082210217,PC25W34,USD,CC
70012294,02305,03,2,20250924,205412,000000561002,2,7.49,14.98,3.00,0.75,S,6082210217,PC25W33,USD,CC
70012295,02305,04,1,20250924,124106,000004471030,3,3.99,11.97,0.00,0.75,S,,,USD,CS
70012295,02305,04,2,20250924,124106,000000562001,1,10.99,10.99,0.00,0.69,S,,,USD,CS
70012295,02305,04,3,20250924,124106,000004471040,1,2.49,2.49,0.00,0.16,S,,,USD,CS
70012296,03050,01,1,20250924,85329,000000040101,2.199,18.99,41.76,0.00,0.00,S,6051502675,,USD,DB
70012296,03050,01,2,20250924,85329,000004473001,1,2.99,2.99,0.00,0.19,S,6051502675,,USD,DB
70012296,03050,01,3,20250924,85329,000004473003,1,3.49,3.49,0.00,0.22,S,6051502675,,USD,DB
70012296,03050,01,4,20250924,85329,000000020103,1,4.99,4.99,0.00,0.00,S,6051502675,,USD,DB
70012297,03050,06,1,20250924,151543,000004492003,1,2.29,2.29,0.00,0.14,S,,,USD,CC
70012297,03050,06,2,20250924,151543,000000093503,2,4.29,8.58,0.00,0.00,S,,,USD,CC
70012297,03050,06,3,20250924,151543,000000562001,1,10.99,10.99,0.00,0.69,S,,,USD,CC
70012298,03050,02,1,20250924,111921,000000005201,1,3.99,3.99,0.80,0.00,S,,PC25W33,USD,GC
70012298,03050,02,2,20250924,111921,000000562001,1,10.99,10.99,0.00,0.69,S,,,USD,GC
70012298,03050,02,3,20250924,111921,000000005101,1,7.99,7.99,0.00,0.00,S,,,USD,GC
70012298,03050,02,4,20250924,111921,000000551021,1,11.99,11.99,0.00,0.75,S,,,USD,GC
70012298,03050,02,5,20250924,111921,000000030203,1,8.49,8.49,0.00,0.00,S,,,USD,GC
70012298,03050,02,6,20250924,111921,000004471023,3,3.49,10.47,0.00,0.65,S,,,USD,GC
70012299,03050,04,1,20250924,104722,000004491002,1,6.99,6.99,0.00,0.44,S,6056124815,,USD,CC
70012299,03050,04,2,20250924,104722,000000005302,1,3.49,3.49,0.00,0.00,S,6056124815,,USD,CC
70012299,03050,04,3,20250924,104722,000004473003,3,3.49,10.47,0.00,0.65,S,6056124815,,USD,CC
70012299,03050,04,4,20250924,104722,000000094103,1,3.79,3.79,0.00,0.00,S,6056124815,,USD,CC
70012300,03050,01,1,20250924,194551,000000562001,1,10.99,10.99,0.00,0.69,S,6036374545,,USD,GC
70012300,03050,01,2,20250924,194551,000000093325,2.098,3.99,8.37,0.00,0.00,S,6036374545,,USD,GC
70012300,03050,01,3,20250924,194551,000000020203,1,6.49,6.49,0.00,0.00,S,6036374545,,USD,GC
70012300,03050,01,4,20250924,194551,000000005202,1,5.99,5.99,1.80,0.00,S,6036374545,PC25W34,USD,GC
70012301,03050,04,1,20250924,210250,000000005302,1,3.49,3.49,0.00,0.00,S,6062053364,,USD,CS
70012301,03050,04,2,20250924,210250,000000040201,1,8.99,8.99,0.00,0.00,S,6062053364,,USD,CS
70012302,03050,04,1,20250924,214345,000000030202,1,11.49,11.49,2.30,0.00,S,,PC25W33,USD,CC
70012302,03050,04,2,20250924,214345,000000551021,1,11.99,11.99,0.00,0.75,S,,,USD,CC
70012302,03050,04,3,20250924,214345,000004472002,1,4.49,4.49,0.00,0.28,S,,,USD,CC
70012302,03050,04,4,20250924,214345,000004473002,1,2.79,2.79,0.00,0.17,S,,,USD,CC
70012302,03050,04,5,20250924,214345,000004483001,1,4.99,4.99,0.00,0.31,S,,,USD,CC
70012303,03050,05,1,20250924,215232,000000093325,1.360,3.99,5.43,0.00,0.00,S,6022784699,,USD,GC
70012303,03050,05,2,20250924,215232,000000020202,1,5.99,5.99,0.00,0.00,S,6022784699,,USD,GC
70012303,03050,05,3,20250924,215232,000004492003,1,2.29,2.29,0.00,0.14,S,6022784699,,USD,GC
70012304,00317,06,1,20250924,73134,000000093410,0.517,5.39,2.79,0.00,0.00,S,6089623091,,CAD,CS
70012304,00317,06,2,20250924,73134,000000020203,3,8.79,26.37,0.00,0.00,S,6089623091,,CAD,CS
70012304,00317,06,3,20250924,73134,000004471023,1,4.69,4.69,0.00,0.29,S,6089623091,,CAD,CS
70012304,00317,06,4,20250924,73134,000000020101,1,3.39,3.39,0.00,0.00,S,6089623091,,CAD,CS
70012304,00317,06,5,20250924,73134,000004481003,3,6.79,20.37,4.07,1.02,S,6089623091,PC25W33,CAD,CS
70012304,00317,06,6,20250924,73134,000000020101,1,3.39,3.39,0.00,0.00,S,6089623091,,CAD,CS
70012305,00317,05,1,20250924,135018,000000094302,0.643,7.49,4.82,0.00,0.00,S,,,CAD,CS
70012306,00317,01,1,20250924,192438,000000005201,1,5.39,5.39,1.08,0.00,S,,PC25W33,CAD,DB
70012306,00317,01,2,20250924,192438,000004482003,2,7.49,14.98,0.00,0.94,S,,,CAD,DB
70012306,00317,01,3,20250924,192438,000000005302,1,4.69,4.69,0.00,0.00,S,,,CAD,DB
70012307,00317,03,1,20250924,94705,000004492001,1,2.39,2.39,0.00,0.15,S,,,CAD,DB
70012307,00317,03,2,20250924,94705,000000005301,1,7.49,7.49,0.00,0.00,S,,,CAD,DB
70012307,00317,03,3,20250924,94705,000000040201,1,12.19,12.19,0.00,0.00,S,,,CAD,DB
70012307,00317,03,4,20250924,94705,000000093401,1.900,7.49,14.23,0.00,0.00,S,,,CAD,DB
70012308,00322,04,1,20250924,75352,000000020103,1,6.79,6.79,0.00,0.00,S,,,CAD,DB
70012308,00322,04,2,20250924,75352,000004471023,1,4.69,4.69,0.00,0.29,S,,,CAD,DB
70012308,00322,04,3,20250924,75352,000000551021,1,16.29,16.29,0.00,1.02,S,,,CAD,DB
70012309,00322,03,1,20250924,214536,000004471030,1,5.39,5.39,0.00,0.34,S,6052450864,,CAD,CC
70012309,00322,03,2,20250924,214536,000000005013,1,5.29,5.29,1.59,0.00,S,6052450864,PC25W34,CAD,CC
70012310,00322,06,1,20250924,134533,000000040202,1,20.39,20.39,0.00,0.00,S,6048695946,,CAD,GC
70012310,00322,06,2,20250924,134533,000000093410,0.968,5.39,5.22,0.00,0.00,S,6048695946,,CAD,GC
70012310,00322,06,3,20250924,134533,000004493002,1,5.39,5.39,0.00,0.34,S,6048695946,,CAD,GC
70012310,00322,06,4,20250924,134533,000000094103,1,5.19,5.19,0.00,0.00,S,6048695946,,CAD,GC
70012310,00322,06,5,20250924,134533,000000040201,1,12.19,12.19,0.00,0.00,S,6048695946,,CAD,GC
70012311,00322,02,1,20250924,174953,000000005020,1,6.09,6.09,0.00,0.00,S,6057422319,,CAD,CC
70012311,00322,02,2,20250924,174953,000004471024,1,4.69,4.69,0.00,0.29,S,6057422319,,CAD,CC
70012311,00322,02,3,20250924,174953,000000005202,1,8.09,8.09,2.43,0.00,S,6057422319,PC25W34,CAD,CC
70012311,00322,02,4,20250924,174953,000000094302,2.183,7.49,16.35,0.00,0.00,S,6057422319,,CAD,CC
70012312,00322,06,1,20250924,171233,000000040202,3,20.39,61.17,0.00,0.00,S,6080741209,,CAD,GC
70012312,00322,06,2,20250924,171233,000000020201,1,7.49,7.49,0.00,0.00,S,6080741209,,CAD,GC
70012313,01042,06,1,20250925,93352,000000040202,1,14.99,14.99,0.00,0.00,S,,,USD,DB
70012313,01042,06,2,20250925,93352,000000005013,1,3.89,3.89,1.17,0.00,S,,PC25W34,USD,DB
70012313,01042,06,3,20250925,93352,000000020203,3,6.49,19.47,0.00,0.00,S,,,USD,DB
70012313,01042,06,4,20250925,93352,000004493002,1,3.99,3.99,0.00,0.25,S,,,USD,DB
70012314,01042,02,1,20250925,113413,000000005101,1,7.99,7.99,0.00,0.00,S,6010388629,,USD,CS
70012314,01042,02,2,20250925,113413,000004491001,1,2.49,2.49,0.00,0.16,S,6010388629,,USD,CS
70012314,01042,02,3,20250925,113413,000000094202,0.605,1.99,1.20,0.00,0.00,S,6010388629,,USD,CS
70012315,01042,01,1,20250925,152800,000000020101,2,2.49,4.98,0.00,0.00,S,,,USD,GC
70012315,01042,01,2,20250925,152800,000000020102,1,3.49,3.49,0.00,0.00,S,,,USD,GC
70012315,01042,01,3,20250925,152800,000004471040,1,2.49,2.49,0.00,0.16,S,,,USD,GC
70012316,01042,06,1,20250925,174322,000004492002,1,1.49,1.49,0.45,0.07,S,,PC25W34,USD,CS
70012316,01042,06,2,20250925,174322,000000020102,1,3.49,3.49,0.00,0.00,S,,,USD,CS
70012316,01042,06,3,20250925,174322,000000005202,1,5.99,5.99,1.80,0.00,S,,PC25W34,USD,CS
70012317,01042,06,1,20250925,170510,000000561002,1,7.49,7.49,1.50,0.37,S,6040755366,PC25W33,USD,GC
70012317,01042,06,2,20250925,170510,000000040101,0.319,18.99,6.06,0.00,0.00,S,6040755366,,USD,GC
70012318,01042,02,1,20250925,124438,000000020201,1,5.49,5.49,0.00,0.00,S,,,USD,CC
70012318,01042,02,2,20250925,124438,000004481001,1,7.99,7.99,0.00,0.50,S,,,USD,CC
70012319,01042,05,1,20250925,192821,000004471030,1,3.99,3.99,0.00,0.25,S,,,USD,CC
70012319,01042,05,2,20250925,192821,000000020102,3,3.49,10.47,0.00,0.00,S,,,USD,CC
70012320,01107,06,1,20250925,215109,000000005020,1,4.49,4.49,0.00,0.00,S,,,USD,DB
70012320,01107,06,2,20250925,215109,000004471040,2,2.49,4.98,0.00,0.31,S,,,USD,DB
70012320,01107,06,3,20250925,215109,000000005013,1,3.89,3.89,1.17,0.00,S,,PC25W34,USD,DB
70012320,01107,06,4,20250925,215109,000000094203,1.121,1.49,1.67,0.00,0.00,S,,,USD,DB
70012320,01107,06,5,20250925,215109,000000005013,1,3.89,3.89,1.17,0.00,S,,PC25W34,USD,DB
70012321,01107,03,1,20250925,94338,000000020203,1,6.49,6.49,0.00,0.00,S,6039561372,,USD,GC
70012321,01107,03,2,20250925,94338,000000005301,2,5.49,10.98,0.00,0.00,S,6039561372,,USD,GC
70012321,01107,03,3,20250925,94338,000000094102,1,3.49,3.49,1.05,0.00,S,6039561372,PC25W34,USD,GC
70012321,01107,03,4,20250925,94338,000000040101,1.720,18.99,32.66,0.00,0.00,S,6039561372,,USD,GC
70012321,01107,03,5,20250925,94338,000000040203,1,11.99,11.99,0.00,0.00,S,6039561372,,USD,GC
70012322,02210,01,1,20250925,124355,000000094102,1,3.49,3.49,1.05,0.00,S,6028519611,PC25W34,USD,CC
70012322,02210,01,2,20250925,124355,000000040202,1,14.99,14.99,0.00,0.00,S,6028519611,,USD,CC
70012323,02210,04,1,20250925,90117,000000551020,1,13.99,13.99,0.00,0.87,S,,,USD,CS
70012323,02210,04,2,20250925,90117,000000005202,1,5.99,5.99,1.80,0.00,S,,PC25W34,USD,CS
70012323,02210,04,3,20250925,90117,000000005103,1,6.99,6.99,0.00,0.00,S,,,USD,CS
70012324,02210,06,1,20250925,184901,000000552002,1,3.99,3.99,0.00,0.25,S,,,USD,CC
70012324,02210,06,2,20250925,184901,000000094201,0.310,1.69,0.52,0.00,0.00,S,,,USD,CC
70012324,02210,06,3,20250925,184901,000000040201,1,8.99,8.99,0.00,0.00,S,,,USD,CC
70012324,02210,06,4,20250925,184901,000000030203,2,8.49,16.98,0.00,0.00,S,,,USD,CC
70012325,02210,04,1,20250925,135630,000000093402,1.515,3.29,4.98,0.00,0.00,S,,,USD,DB
70012325,02210,04,2,20250925,135630,000000093321,0.710,1.49,1.06,0.00,0.00,S,,,USD,DB
70012326,02210,06,1,20250925,181551,000000094103,1,3.79,3.79,0.00,0.00,S,,,USD,DB
70012327,02210,03,1,20250925,195047,000000020203,1,6.49,6.49,0.00,0.00,S,,,USD,GC
70012327,02210,03,2,20250925,195047,000000094101,1,3.99,3.99,0.00,0.00,S,,,USD,GC
70012327,02210,03,3,20250925,195047,000004481003,1,4.99,4.99,1.00,0.25,S,,PC25W33,USD,GC
70012327,02210,03,4,20250925,195047,000004492003,1,2.29,2.29,0.00,0.14,S,,,USD,GC
70012327,02210,03,5,20250925,195047,000004473003,1,3.49,3.49,0.00,0.22,S,,,USD,GC
70012327,02210,03,6,20250925,195047,000004471023,1,3.49,3.49,0.00,0.22,S,,,USD,GC
70012328,02210,02,1,20250925,114905,000000552002,3,3.99,11.97,0.00,0.75,S,6098819277,,USD,DB
70012329,02210,02,1,20250925,114951,000000040101,0.524,18.99,9.95,0.00,0.00,S,,,USD,CC
70012329,02210,02,2,20250925,114951,000004481001,1,7.99,7.99,0.00,0.50,S,,,USD,CC
70012329,02210,02,3,20250925,114951,000000094301,2.030,4.39,8.91,0.00,0.00,S,,,USD,CC
70012329,02210,02,4,20250925,114951,000000020203,1,6.49,6.49,0.00,0.00,S,,,USD,CC
70012329,02210,02,5,20250925,114951,000000561001,1,9.99,9.99,0.00,0.62,S,,,USD,CC
70012329,02210,02,6,20250925,114951,000000020202,2,5.99,11.98,0.00,0.00,S,,,USD,CC
70012330,02210,01,1,20250925,213407,000000005302,3,3.49,10.47,0.00,0.00,S,6000934596,,USD,CC
70012331,02210,01,1,20250925,75535,000004492001,1,1.79,1.79,0.00,0.11,S,6017993136,,USD,CS
70012332,02210,04,1,20250925,155010,000004471030,1,3.99,3.99,0.00,0.25,S,,,USD,CS
70012332,02210,04,2,20250925,155010,000004491003,1,1.99,1.99,0.00,0.12,S,,,USD,CS
70012332,02210,04,3,20250925,155010,000004493002,1,3.99,3.99,0.00,0.25,S,,,USD,CS
70012333,02211,06,1,20250925,160158,000000005201,2,3.99,7.98,1.60,0.00,S,,PC25W33,USD,DB
70012333,02211,06,2,20250925,160158,000004493001,1,5.49,5.49,0.00,0.34,S,,,USD,DB
70012334,02211,02,1,20250925,80101,000004492001,2,1.79,3.58,0.00,0.22,S,6092855445,,USD,CS
70012334,02211,02,2,20250925,80101,000004481002,1,7.99,7.99,0.00,0.50,S,6092855445,,USD,CS
70012334,02211,02,3,20250925,80101,000004472002,1,4.49,4.49,0.00,0.28,S,6092855445,,USD,CS
70012334,02211,02,4,20250925,80101,000000094301,0.486,4.39,2.13,0.00,0.00,S,6092855445,,USD,CS
70012334,02211,02,5,20250925,80101,000004483002,1,3.49,3.49,0.00,0.22,S,6092855445,,USD,CS
70012335,02211,05,1,20250925,133456,000004472002,1,4.49,4.49,0.00,0.28,S,,,USD,CC
70012335,02211,05,2,20250925,133456,000000561002,1,7.49,7.49,1.50,0.37,S,,PC25W33,USD,CC
70012335,02211,05,3,20250925,133456,000004492002,2,1.49,2.98,0.89,0.13,S,,PC25W34,USD,CC
70012335,02211,05,4,20250925,133456,000004491003,1,1.99,1.99,0.00,0.12,S,,,USD,CC
70012336,02211,03,1,20250925,154338,000000005101,1,7.99,7.99,0.00,0.00,S,6042893113,,USD,DB
70012336,02211,03,2,20250925,154338,000000005013,2,3.89,7.78,2.33,0.00,S,6042893113,PC25W34,USD,DB
70012336,02211,03,3,20250925,154338,000000094203,1.364,1.49,2.03,0.00,0.00,S,6042893113,,USD,DB
70012336,02211,03,4,20250925,154338,000004473002,1,2.79,2.79,0.00,0.17,S,6042893113,,USD,DB
70012337,02211,01,1,20250925,135147,000000094203,1.387,1.49,2.07,0.00,0.00,S,,,USD,CS
70012337,02211,01,2,20250925,135147,000000005301,1,5.49,5.49,0.00,0.00,S,,,USD,CS
70012338,02211,01,1,20250925,72734,000004492002,2,1.49,2.98,0.89,0.13,S,6019787180,PC25W34,USD,CC
70012338,02211,01,2,20250925,72734,000000561002,1,7.49,7.49,1.50,0.37,S,6019787180,PC25W33,USD,CC
70012338,02211,01,3,20250925,72734,000004491001,1,2.49,2.49,0.00,0.16,S,6019787180,,USD,CC
70012338,02211,01,4,20250925,72734,000000040101,1.257,18.99,23.87,0.00,0.00,S,6019787180,,USD,CC
70012339,02305,03,1,20250925,182005,000000040201,2,8.99,17.98,0.00,0.00,S,,,USD,CC
70012339,02305,03,2,20250925,182005,000000551020,2,13.99,27.98,0.00,1.75,S,,,USD,CC
70012340,02305,05,1,20250925,112057,000000005013,1,3.89,3.89,1.17,0.00,S,,PC25W34,USD,DB
70012341,02305,03,1,20250925,204108,000000093322,1.312,1.99,2.61,0.00,0.00,S,,,USD,CS
70012341,02305,03,2,20250925,204108,000004471024,2,3.49,6.98,0.00,0.44,S,,,USD,CS
70012341,02305,03,3,20250925,204108,000004481003,1,4.99,4.99,1.00,0.25,S,,PC25W33,USD,CS
70012341,02305,03,4,20250925,204108,000000030102,2,14.99,29.98,0.00,0.00,S,,,USD,CS
70012341,02305,03,5,20250925,204108,000000005103,1,6.99,6.99,0.00,0.00,S,,,USD,CS
70012342,02305,06,1,20250925,72950,000004473003,1,3.49,3.49,0.00,0.22,S,,,USD,DB
70012342,02305,06,2,20250925,72950,000000040201,1,8.99,8.99,0.00,0.00,S,,,USD,DB
70012342,02305,06,3,20250925,72950,000000020101,1,2.49,2.49,0.00,0.00,S,,,USD,DB
70012342,02305,06,4,20250925,72950,000000020203,1,6.49,6.49,0.00,0.00,S,,,USD,DB
70012342,02305,06,5,20250925,72950,000004492002,1,1.49,1.49,0.45,0.07,S,,PC25W34,USD,DB
70012343,02305,06,1,20250925,191613,000004481003,1,4.99,4.99,1.00,0.25,S,6057771183,PC25W33,USD,CC
70012343,02305,06,2,20250925,191613,000000562001,2,10.99,21.98,0.00,1.37,S,6057771183,,USD,CC
70012344,02305,02,1,20250925,191252,000000005301,1,5.49,5.49,0.00,0.00,S,,,USD,CC
70012344,02305,02,2,20250925,191252,000004483002,2,3.49,6.98,0.00,0.44,S,,,USD,CC
70012344,02305,02,3,20250925,191252,000004482001,3,13.99,41.97,0.00,2.62,S,,,USD,CC
70012344,02305,02,4,20250925,191252,000000020101,3,2.49,7.47,0.00,0.00,S,,,USD,CC
70012345,02305,06,1,20250925,184253,000004473003,1,3.49,3.49,0.00,0.22,S,,,USD,DB
70012345,02305,06,2,20250925,184253,000004472002,1,4.49,4.49,0.00,0.28,S,,,USD,DB
70012346,02305,06,1,20250925,74340,000000040102,0.256,16.99,4.35,0.00,0.00,S,,,USD,DB
70012347,02305,04,1,20250925,71824,000004492002,1,1.49,1.49,0.45,0.07,S,6081664969,PC25W34,USD,CS
70012347,02305,04,2,20250925,71824,000004473003,2,3.49,6.98,0.00,0.44,S,6081664969,,USD,CS
70012347,02305,04,3,20250925,71824,000004483002,1,3.49,3.49,0.00,0.22,S,6081664969,,USD,CS
70012347,02305,04,4,20250925,71824,000000005101,1,7.99,7.99,0.00,0.00,S,6081664969,,USD,CS
70012348,03050,05,1,20250925,134311,000000031102,1.678,19.99,33.54,0.00,0.00,S,,,USD,CC
70012348,03050,05,2,20250925,134311,000004473002,1,2.79,2.79,0.00,0.17,S,,,USD,CC
70012348,03050,05,3,20250925,134311,000000093503,1,4.29,4.29,0.00,0.00,S,,,USD,CC
70012349,03050,03,1,20250925,212039,000004481003,1,4.99,4.99,1.00,0.25,S,,PC25W33,USD,GC
70012350,03050,01,1,20250925,94237,000004472003,2,3.29,6.58,0.00,0.41,S,,,USD,CC
70012350,03050,01,2,20250925,94237,000000094102,1,3.49,3.49,1.05,0.00,S,,PC25W34,USD,CC
70012350,03050,01,3,20250925,94237,000000031102,1.477,19.99,29.53,0.00,0.00,S,,,USD,CC
70012351,03050,01,1,20250925,194755,000004492002,1,1.49,1.49,0.45,0.07,S,6032106133,PC25W34,USD,DB
70012352,03050,06,1,20250925,191521,000004481001,1,7.99,7.99,0.00,0.50,S,,,USD,CC
70012352,03050,06,2,20250925,191521,000000040101,1.633,18.99,31.01,0.00,0.00,S,,,USD,CC
70012352,03050,06,3,20250925,191521,000004482002,3,17.99,53.97,0.00,3.37,S,,,USD,CC
70012352,03050,06,4,20250925,191521,000000094102,1,3.49,3.49,1.05,0.00,S,,PC25W34,USD,CC
70012353,03050,02,1,20250925,155110,000000005102,1,5.49,5.49,0.00,0.00,S,,,USD,GC
70012353,03050,02,2,20250925,155110,000000020103,2,4.99,9.98,0.00,0.00,S,,,USD,GC
70012354,03050,04,1,20250925,170116,000000005013,2,3.89,7.78,2.33,0.00,S,,PC25W34,USD,CC
70012354,03050,04,2,20250925,170116,000004471023,1,3.49,3.49,0.00,0.22,S,,,USD,CC
70012354,03050,04,3,20250925,170116,000000031101,1.443,24.99,36.06,0.00,0.00,S,,,USD,CC
70012354,03050,04,4,20250925,170116,000004492001,1,1.79,1.79,0.00,0.11,S,,,USD,CC
70012355,00317,01,1,20250925,112324,000004492050,1,2.99,2.99,0.60,0.15,S,6094398529,PC25W33,CAD,DB
70012355,00317,01,2,20250925,112324,000000552001,1,6.09,6.09,0.00,0.38,S,6094398529,,CAD,DB
70012355,00317,01,3,20250925,112324,000000030103,1,12.19,12.19,0.00,0.00,S,6094398529,,CAD,DB
70012355,00317,01,4,20250925,112324,000000040201,2,12.19,24.38,0.00,0.00,S,6094398529,,CAD,DB
70012355,00317,01,5,20250925,112324,000000094102,1,4.69,4.69,1.41,0.00,S,6094398529,PC25W34,CAD,DB
70012356,00317,01,1,20250925,91658,000000005103,1,9.49,9.49,0.00,0.00,S,,,CAD,CC
70012357,00317,04,1,20250925,80822,000000561002,2,10.19,20.38,4.08,1.02,S,,PC25W33,CAD,DB
70012357,00317,04,2,20250925,80822,000004492050,1,2.99,2.99,0.60,0.15,S,,PC25W33,CAD,DB
70012357,00317,04,3,20250925,80822,000000040102,0.593,23.09,13.69,0.00,0.00,S,,,CAD,DB
70012357,00317,04,4,20250925,80822,000004492050,1,2.99,2.99,0.60,0.15,S,,PC25W33,CAD,DB
70012357,00317,04,5,20250925,80822,000000094201,1.031,2.29,2.36,0.00,0.00,S,,,CAD,DB
70012357,00317,04,6,20250925,80822,000000005101,1,10.89,10.89,0.00,0.00,S,,,CAD,DB
70012358,00317,03,1,20250925,132846,000000093410,1.047,5.39,5.64,0.00,0.00,S,,,CAD,CC
70012358,00317,03,2,20250925,132846,000000551020,1,18.99,18.99,0.00,1.19,S,,,CAD,CC
70012359,00317,05,1,20250925,90239,000004491003,1,2.69,2.69,0.00,0.17,S,6058298493,,CAD,GC
70012359,00317,05,2,20250925,90239,000000005202,1,8.09,8.09,2.43,0.00,S,6058298493,PC25W34,CAD,GC
70012359,00317,05,3,20250925,90239,000004481001,1,10.89,10.89,0.00,0.68,S,6058298493,,CAD,GC
70012360,00317,04,1,20250925,104225,000004482002,2,24.49,48.98,0.00,3.06,S,6082043397,,CAD,CC
70012360,00317,04,2,20250925,104225,000000005202,1,8.09,8.09,2.43,0.00,S,6082043397,PC25W34,CAD,CC
70012360,00317,04,3,20250925,104225,000000020103,1,6.79,6.79,0.00,0.00,S,6082043397,,CAD,CC
70012361,00317,01,1,20250925,130249,000004482002,1,24.49,24.49,0.00,1.53,S,6094398529,,CAD,DB
70012361,00317,01,2,20250925,130249,000000005202,3,8.09,24.27,7.28,0.00,S,6094398529,PC25W34,CAD,DB
70012361,00317,01,3,20250925,130249,000000094101,1,5.39,5.39,0.00,0.00,S,6094398529,,CAD,DB
70012362,00317,03,1,20250925,212718,000000094302,1.245,7.49,9.33,0.00,0.00,S,,,CAD,GC
70012363,00322,02,1,20250925,114113,000004483002,2,4.69,9.38,0.00,0.59,S,,,CAD,GC
70012363,00322,02,2,20250925,114113,000004473002,3,3.79,11.37,0.00,0.71,S,,,CAD,GC
70012363,00322,02,3,20250925,114113,000004482002,2,24.49,48.98,0.00,3.06,S,,,CAD,GC
70012363,00322,02,4,20250925,114113,000000093322,0.345,2.69,0.93,0.00,0.00,S,,,CAD,GC
70012363,00322,02,5,20250925,114113,000000020102,2,4.69,9.38,0.00,0.00,S,,,CAD,GC
70012364,00322,06,1,20250925,161641,000000040201,1,12.19,12.19,0.00,0.00,S,,,CAD,DB
70012364,00322,06,2,20250925,161641,000000040101,0.574,25.79,14.80,0.00,0.00,S,,,CAD,DB
70012364,00322,06,3,20250925,161641,000004491001,1,3.39,3.39,0.00,0.21,S,,,CAD,DB
70012364,00322,06,4,20250925,161641,000000020101,1,3.39,3.39,0.00,0.00,S,,,CAD,DB
70012364,00322,06,5,20250925,161641,000004482001,1,18.99,18.99,0.00,1.19,S,,,CAD,DB
70012364,00322,06,6,20250925,161641,000000005102,1,7.49,7.49,0.00,0.00,S,,,CAD,DB
70012365,00322,03,1,20250925,120540,000004491001,1,3.39,3.39,0.00,0.21,S,,,CAD,GC
70012365,00322,03,2,20250925,120540,000000020101,1,3.39,3.39,0.00,0.00,S,,,CAD,GC
70012365,00322,03,3,20250925,120540,000004482001,3,18.99,56.97,0.00,3.56,S,,,CAD,GC
70012365,00322,03,4,20250925,120540,000000040102,1.288,23.09,29.74,0.00,0.00,S,,,CAD,GC
70012366,00322,06,1,20250925,85034,000000093502,1,5.39,5.39,0.00,0.00,S,,,CAD,CS
70012366,00322,06,2,20250925,85034,000000005101,1,10.89,10.89,0.00,0.00,S,,,CAD,CS
70012366,00322,06,3,20250925,85034,000004471024,1,4.69,4.69,0.00,0.29,S,,,CAD,CS
70012366,00322,06,4,20250925,85034,000004481003,1,6.79,6.79,1.36,0.34,S,,PC25W33,CAD,CS
70012366,00322,06,5,20250925,85034,000004492050,1,2.99,2.99,0.60,0.15,S,,PC25W33,CAD,CS
70012366,00322,06,6,20250925,85034,000004492002,1,1.99,1.99,0.60,0.09,S,,PC25W34,CAD,CS
70012367,00322,04,1,20250925,70302,000004491002,1,9.49,9.49,0.00,0.59,S,6046729949,,CAD,DB
70012367,00322,04,2,20250925,70302,000000005201,2,5.39,10.78,2.16,0.00,S,6046729949,PC25W33,CAD,DB
70012368,01042,06,1,20250926,103531,000000020203,2,6.49,12.98,0.00,0.00,S,,,USD,GC
70012369,01042,05,1,20250926,72247,000000005202,1,5.99,5.99,1.80,0.00,S,,PC25W34,USD,GC
70012369,01042,05,2,20250926,72247,000000094103,1,3.79,3.79,0.00,0.00,S,,,USD,GC
70012369,01042,05,3,20250926,72247,000000093325,2.010,3.99,8.02,0.00,0.00,S,,,USD,GC
70012369,01042,05,4,20250926,72247,000000094203,0.998,1.49,1.49,0.00,0.00,S,,,USD,GC
70012369,01042,05,5,20250926,72247,000004481003,1,4.99,4.99,1.00,0.25,S,,PC25W33,USD,GC
70012369,01042,05,6,20250926,72247,000000094201,0.398,1.69,0.67,0.00,0.00,S,,,USD,GC
70012370,01042,05,1,20250926,110511,000004481002,1,7.99,7.99,0.00,0.50,S,6035365419,,USD,CS
70012370,01042,05,2,20250926,110511,000000551021,1,11.99,11.99,0.00,0.75,S,6035365419,,USD,CS
70012370,01042,05,3,20250926,110511,000000093325,0.591,3.99,2.36,0.00,0.00,S,6035365419,,USD,CS
70012371,01042,03,1,20250926,200554,000000005013,1,3.89,3.89,1.17,0.00,S,,PC25W34,USD,CS
70012371,01042,03,2,20250926,200554,000004472002,1,4.49,4.49,0.00,0.28,S,,,USD,CS
70012372,01042,06,1,20250926,72735,000000093410,0.758,3.99,3.02,0.00,0.00,S,,,USD,DB
70012372,01042,06,2,20250926,72735,000004471040,2,2.49,4.98,0.00,0.31,S,,,USD,DB
70012372,01042,06,3,20250926,72735,000000094301,2.112,4.39,9.27,0.00,0.00,S,,,USD,DB
70012373,01042,01,1,20250926,215902,000000562002,1,8.49,8.49,0.00,0.53,S,,,USD,DB
70012374,01042,05,1,20250926,172125,000000093501,1,4.49,4.49,0.00,0.00,S,6075884252,,USD,DB
70012374,01042,05,2,20250926,172125,000000093321,1.967,1.49,2.93,0.00,0.00,S,6075884252,,USD,DB
70012375,01107,03,1,20250926,71546,000004471040,1,2.49,2.49,0.00,0.16,S,,,USD,DB
70012376,01107,03,1,20250926,115507,000000005302,1,3.49,3.49,0.00,0.00,S,,,USD,DB
70012376,01107,03,2,20250926,115507,000004492002,1,1.49,1.49,0.45,0.07,S,,PC25W34,USD,DB
70012376,01107,03,3,20250926,115507,000004471024,1,3.49,3.49,0.00,0.22,S,,,USD,DB
70012376,01107,03,4,20250926,115507,000000562001,2,10.99,21.98,0.00,1.37,S,,,USD,DB
70012376,01107,03,5,20250926,115507,000004492003,1,2.29,2.29,0.00,0.14,S,,,USD,DB
70012377,02210,06,1,20250926,190019,000000040102,0.426,16.99,7.24,0.00,0.00,S,6032424154,,USD,CC
70012377,02210,06,2,20250926,190019,000004472001,1,3.99,3.99,0.00,0.25,S,6032424154,,USD,CC
70012377,02210,06,3,20250926,190019,000004492002,1,1.49,1.49,0.45,0.07,S,6032424154,PC25W34,USD,CC
70012377,02210,06,4,20250926,190019,000000040203,1,11.99,11.99,0.00,0.00,S,6032424154,,USD,CC
70012378,02210,02,1,20250926,110304,000004491003,2,1.99,3.98,0.00,0.25,S,,,USD,CC
70012378,02210,02,2,20250926,110304,000000094102,1,3.49,3.49,1.05,0.00,S,,PC25W34,USD,CC
70012378,02210,02,3,20250926,110304,000004481002,1,7.99,7.99,0.00,0.50,S,,,USD,CC
70012378,02210,02,4,20250926,110304,000004473001,2,2.99,5.98,0.00,0.37,S,,,USD,CC
70012378,02210,02,5,20250926,110304,000000005102,3,5.49,16.47,0.00,0.00,S,,,USD,CC
70012379,02210,05,1,20250926,164204,000004482003,2,5.49,10.98,0.00,0.69,S,6039407016,,USD,CS
70012379,02210,05,2,20250926,164204,000004471023,1,3.49,3.49,0.00,0.22,S,6039407016,,USD,CS
70012380,02210,06,1,20250926,70647,000004492001,1,1.79,1.79,0.00,0.11,S,,,USD,DB
70012381,02210,04,1,20250926,85526,000000093321,0.376,1.49,0.56,0.00,0.00,S,,,USD,DB
70012381,02210,04,2,20250926,85526,000000093402,1.532,3.29,5.04,0.00,0.00,S,,,USD,DB
70012381,02210,04,3,20250926,85526,000004492002,2,1.49,2.98,0.89,0.13,S,,PC25W34,USD,DB
70012381,02210,04,4,20250926,85526,000004481001,1,7.99,7.99,0.00,0.50,S,,,USD,DB
70012381,02210,04,5,20250926,85526,000000020101,2,2.49,4.98,0.00,0.00,S,,,USD,DB
70012381,02210,04,6,20250926,85526,000000005012,1,3.99,3.99,0.00,0.00,S,,,USD,DB
70012382,02210,02,1,20250926,81708,000000040203,1,11.99,11.99,0.00,0.00,S,6062575326,,USD,CS
70012382,02210,02,2,20250926,81708,000000040201,3,8.99,26.97,0.00,0.00,S,6062575326,,USD,CS
70012382,02210,02,3,20250926,81708,000000094103,1,3.79,3.79,0.00,0.00,S,6062575326,,USD,CS
70012383,02210,04,1,20250926,85705,000004481003,1,4.99,4.99,1.00,0.25,S,6074907539,PC25W33,USD,CC
70012383,02210,04,2,20250926,85705,000000551020,3,13.99,41.97,0.00,2.62,S,6074907539,,USD,CC
70012383,02210,04,3,20250926,85705,000004471030,2,3.99,7.98,0.00,0.50,S,6074907539,,USD,CC
70012384,02210,01,1,20250926,140000,000004473003,3,3.49,10.47,0.00,0.65,S,6023248763,,USD,DB
70012384,02210,01,2,20250926,140000,000004481003,1,4.99,4.99,1.00,0.25,S,6023248763,PC25W33,USD,DB
70012384,02210,01,3,20250926,140000,000000040101,0.558,18.99,10.60,0.00,0.00,S,6023248763,,USD,DB
70012384,02210,01,4,20250926,140000,000004492002,1,1.49,1.49,0.45,0.07,S,6023248763,PC25W34,USD,DB
70012384,02210,01,5,20250926,140000,000000020102,1,3.49,3.49,0.00,0.00,S,6023248763,,USD,DB
70012384,02210,01,6,20250926,140000,000000020103,1,4.99,4.99,0.00,0.00,S,6023248763,,USD,DB
70012385,02211,05,1,20250926,100336,000004491001,1,2.49,2.49,0.00,0.16,S,,,USD,DB
70012385,02211,05,2,20250926,100336,000000020202,1,5.99,5.99,0.00,0.00,S,,,USD,DB
70012386,02211,04,1,20250926,193630,000004492001,1,1.79,1.79,0.00,0.11,S,,,USD,DB
70012386,02211,04,2,20250926,193630,000000005103,1,6.99,6.99,0.00,0.00,S,,,USD,DB
70012387,02211,02,1,20250926,143253,000004473002,1,2.79,2.79,0.00,0.17,S,,,USD,DB
70012387,02211,02,2,20250926,143253,000004491003,1,1.99,1.99,0.00,0.12,S,,,USD,DB
70012387,02211,02,3,20250926,143253,000004472003,1,3.29,3.29,0.00,0.21,S,,,USD,DB
70012387,02211,02,4,20250926,143253,000000020101,1,2.49,2.49,0.00,0.00,S,,,USD,DB
70012388,02211,05,1,20250926,142722,000004493001,1,5.49,5.49,0.00,0.34,S,6073816846,,USD,GC
70012388,02211,05,2,20250926,142722,000000030202,1,11.49,11.49,2.30,0.00,S,6073816846,PC25W33,USD,GC
70012388,02211,05,3,20250926,142722,000004471023,3,3.49,10.47,0.00,0.65,S,6073816846,,USD,GC
70012389,02305,03,1,20250926,174213,000000094203,1.499,1.49,2.23,0.00,0.00,S,,,USD,DB
70012389,02305,03,2,20250926,174213,000000005103,1,6.99,6.99,0.00,0.00,S,,,USD,DB
70012389,02305,03,3,20250926,174213,000000552001,1,4.49,4.49,0.00,0.28,S,,,USD,DB
70012389,02305,03,4,20250926,174213,000004471030,1,3.99,3.99,0.00,0.25,S,,,USD,DB
70012390,02305,02,1,20250926,100247,000004492001,1,1.79,1.79,0.00,0.11,S,,,USD,CC
70012390,02305,02,2,20250926,100247,000000005013,1,3.89,3.89,1.17,0.00,S,,PC25W34,USD,CC
70012390,02305,02,3,20250926,100247,000000005013,1,3.89,3.89,0.00,0.00,V,,,USD,CC
70012391,02305,05,1,20250926,180520,000004471040,2,2.49,4.98,0.00,0.31,S,,,USD,DB
70012392,02305,04,1,20250926,131027,000000561002,1,7.49,7.49,1.50,0.37,S,6032145057,PC25W33,USD,CC
70012393,02305,05,1,20250926,120731,000000093325,0.518,3.99,2.07,0.00,0.00,S,6005053795,,USD,CC
70012394,02305,06,1,20250926,182609,000000030202,2,11.49,22.98,4.60,0.00,S,,PC25W33,USD,CS
70012394,02305,06,2,20250926,182609,000004481003,1,4.99,4.99,1.00,0.25,S,,PC25W33,USD,CS
70012394,02305,06,3,20250926,182609,000000031102,1.566,19.99,31.30,0.00,0.00,S,,,USD,CS
70012395,02305,01,1,20250926,165055,000004492001,1,1.79,1.79,0.00,0.11,S,,,USD,CS
70012395,02305,01,2,20250926,165055,000004471040,2,2.49,4.98,0.00,0.31,S,,,USD,CS
70012396,02305,02,1,20250926,144539,000000005013,1,3.89,3.89,1.17,0.00,S,6039660558,PC25W34,USD,GC
70012396,02305,02,2,20250926,144539,000004472003,1,3.29,3.29,0.00,0.21,S,6039660558,,USD,GC
70012396,02305,02,3,20250926,144539,000000093410,0.338,3.99,1.35,0.00,0.00,S,6039660558,,USD,GC
70012396,02305,02,4,20250926,144539,000000040203,3,11.99,35.97,0.00,0.00,S,6039660558,,USD,GC
70012396,02305,02,5,20250926,144539,000000020201,1,5.49,5.49,0.00,0.00,S,6039660558,,USD,GC
70012396,02305,02,6,20250926,144539,000004491002,3,6.99,20.97,0.00,1.31,S,6039660558,,USD,GC
70012397,02305,06,1,20250926,194719,000000030103,1,8.99,8.99,0.00,0.00,S,,,USD,GC
70012397,02305,06,2,20250926,194719,000004491001,1,2.49,2.49,0.00,0.16,S,,,USD,GC
70012397,02305,06,3,20250926,194719,000004482001,1,13.99,13.99,0.00,0.87,S,,,USD,GC
70012397,02305,06,4,20250926,194719,000000030201,1,9.99,9.99,0.00,0.00,S,,,USD,GC
70012397,02305,06,5,20250926,194719,000000094301,1.285,4.39,5.64,0.00,0.00,S,,,USD,GC
70012398,02305,02,1,20250926,94106,000000551021,1,11.99,11.99,0.00,0.75,S,,,USD,DB
70012399,02305,03,1,20250926,161300,000000561002,1,7.49,7.49,1.50,0.37,S,,PC25W33,USD,DB
70012400,02305,04,1,20250926,161246,000004482003,1,5.49,5.49,0.00,0.34,S,,,USD,CC
70012400,02305,04,2,20250926,161246,000000005202,1,5.99,5.99,1.80,0.00,S,,PC25W34,USD,CC
70012401,03050,02,1,20250926,154347,000000020103,3,4.99,14.97,0.00,0.00,S,,,USD,DB
70012401,03050,02,2,20250926,154347,000004481002,1,7.99,7.99,0.00,0.50,S,,,USD,DB
70012401,03050,02,3,20250926,154347,000000093501,1,4.49,4.49,0.00,0.00,S,,,USD,DB
70012401,03050,02,4,20250926,154347,000004472003,1,3.29,3.29,0.00,0.21,S,,,USD,DB
70012401,03050,02,5,20250926,154347,000000040201,1,8.99,8.99,0.00,0.00,S,,,USD,DB
70012402,03050,06,1,20250926,165856,000000094103,2,3.79,7.58,0.00,0.00,S,6024268774,,USD,DB
70012402,03050,06,2,20250926,165856,000000020101,1,2.49,2.49,0.00,0.00,S,6024268774,,USD,DB
70012402,03050,06,3,20250926,165856,000000094201,1.662,1.69,2.81,0.00,0.00,S,6024268774,,USD,DB
70012402,03050,06,4,20250926,165856,000000031102,0.644,19.99,12.87,0.00,0.00,S,6024268774,,USD,DB
70012403,03050,01,1,20250926,190000,000000094102,1,3.49,3.49,1.05,0.00,S,6025699611,PC25W34,USD,DB
70012404,03050,05,1,20250926,213229,000000005202,1,5.99,5.99,1.80,0.00,S,6003911142,PC25W34,USD,DB
70012404,03050,05,2,20250926,213229,000000030203,1,8.49,8.49,0.00,0.00,S,6003911142,,USD,DB
70012404,03050,05,3,20250926,213229,000000005202,1,5.99,5.99,0.00,0.00,V,6003911142,,USD,DB
70012405,03050,04,1,20250926,181442,000000093502,1,3.99,3.99,0.00,0.00,S,,,USD,GC
70012405,03050,04,2,20250926,181442,000000094102,1,3.49,3.49,1.05,0.00,S,,PC25W34,USD,GC
70012406,03050,05,1,20250926,150549,000000094101,1,3.99,3.99,0.00,0.00,S,,,USD,CC
70012406,03050,05,2,20250926,150549,000004481003,1,4.99,4.99,1.00,0.25,S,,PC25W33,USD,CC
70012406,03050,05,3,20250926,150549,000000030201,1,9.99,9.99,0.00,0.00,S,,,USD,CC
70012407,03050,05,1,20250926,130515,000000093402,1.913,3.29,6.29,0.00,0.00,S,6026620157,,USD,GC
70012407,03050,05,2,20250926,130515,000000005103,2,6.99,13.98,0.00,0.00,S,6026620157,,USD,GC
70012407,03050,05,3,20250926,130515,000000005302,2,3.49,6.98,0.00,0.00,S,6026620157,,USD,GC
70012407,03050,05,4,20250926,130515,000004472002,1,4.49,4.49,0.00,0.28,S,6026620157,,USD,GC
70012408,03050,03,1,20250926,114730,000000005202,1,5.99,5.99,1.80,0.00,S,6052450864,PC25W34,USD,CS
70012408,03050,03,2,20250926,114730,000000005103,1,6.99,6.99,0.00,0.00,S,6052450864,,USD,CS
70012408,03050,03,3,20250926,114730,000004473001,1,2.99,2.99,0.00,0.19,S,6052450864,,USD,CS
70012408,03050,03,4,20250926,114730,000004491001,1,2.49,2.49,0.00,0.16,S,6052450864,,USD,CS
70012408,03050,03,5,20250926,114730,000000094101,1,3.99,3.99,0.00,0.00,S,6052450864,,USD,CS
70012408,03050,03,6,20250926,114730,000000030202,1,11.49,11.49,2.30,0.00,S,6052450864,PC25W33,USD,CS
70012409,03050,03,1,20250926,105448,000000005013,1,3.89,3.89,1.17,0.00,S,,PC25W34,USD,CS
70012409,03050,03,2,20250926,105448,000000020202,1,5.99,5.99,0.00,0.00,S,,,USD,CS
70012409,03050,03,3,20250926,105448,000000040201,1,8.99,8.99,0.00,0.00,S,,,USD,CS
70012409,03050,03,4,20250926,105448,000000093501,1,4.49,4.49,0.00,0.00,S,,,USD,CS
70012409,03050,03,5,20250926,105448,000004482002,2,17.99,35.98,0.00,2.25,S,,,USD,CS
70012410,03050,03,1,20250926,192016,000000030102,1,14.99,14.99,0.00,0.00,S,6026368970,,USD,CS
70012410,03050,03,2,20250926,192016,000004472001,2,3.99,7.98,0.00,0.50,S,6026368970,,USD,CS
70012410,03050,03,3,20250926,192016,000000030102,1,14.99,14.99,0.00,0.00,S,6026368970,,USD,CS
70012410,03050,03,4,20250926,192016,000004492003,1,2.29,2.29,0.00,0.14,S,6026368970,,USD,CS
70012410,03050,03,5,20250926,192016,000000005013,2,3.89,7.78,2.33,0.00,S,6026368970,PC25W34,USD,CS
70012410,03050,03,6,20250926,192016,000000020203,1,6.49,6.49,0.00,0.00,S,6026368970,,USD,CS
70012411,00317,02,1,20250926,74553,000000005202,1,8.09,8.09,2.43,0.00,S,,PC25W34,CAD,GC
70012411,00317,02,2,20250926,74553,000000005301,1,7.49,7.49,0.00,0.00,S,,,CAD,GC
70012411,00317,02,3,20250926,74553,000004473002,1,3.79,3.79,0.00,0.24,S,,,CAD,GC
70012411,00317,02,4,20250926,74553,000000005101,1,10.89,10.89,0.00,0.00,S,,,CAD,GC
70012411,00317,02,5,20250926,74553,000000005302,1,4.69,4.69,0.00,0.00,S,,,CAD,GC
70012411,00317,02,6,20250926,74553,000000005101,1,10.89,10.89,0.00,0.00,S,,,CAD,GC
70012412,00317,01,1,20250926,151756,000000552001,1,6.09,6.09,0.00,0.38,S,6078847951,,CAD,DB
70012412,00317,01,2,20250926,151756,000004472002,1,6.09,6.09,0.00,0.38,S,6078847951,,CAD,DB
70012412,00317,01,3,20250926,151756,000000094102,1,4.69,4.69,1.41,0.00,S,6078847951,PC25W34,CAD,DB
70012413,00317,03,1,20250926,141601,000004471040,1,3.39,3.39,0.00,0.21,S,6011231261,,CAD,CS
70012413,00317,03,2,20250926,141601,000000552002,1,5.39,5.39,0.00,0.34,S,6011231261,,CAD,CS
70012414,00317,01,1,20250926,164955,000000551020,1,18.99,18.99,0.00,1.19,S,,,CAD,DB
70012414,00317,01,2,20250926,164955,000004492002,1,1.99,1.99,0.60,0.09,S,,PC25W34,CAD,DB
70012414,00317,01,3,20250926,164955,000000094201,1.758,2.29,4.03,0.00,0.00,S,,,CAD,DB
70012414,00317,01,4,20250926,164955,000000040101,1.762,25.79,45.44,0.00,0.00,S,,,CAD,DB
70012414,00317,01,5,20250926,164955,000004481002,1,10.89,10.89,0.00,0.68,S,,,CAD,DB
70012415,00317,05,1,20250926,72748,000004473001,1,4.09,4.09,0.00,0.26,S,,,CAD,DB
70012415,00317,05,2,20250926,72748,000000552002,1,5.39,5.39,0.00,0.34,S,,,CAD,DB
70012415,00317,05,3,20250926,72748,000004473003,1,4.69,4.69,0.00,0.29,S,,,CAD,DB
70012415,00317,05,4,20250926,72748,000000552002,1,5.39,5.39,0.00,0.34,S,,,CAD,DB
70012416,00317,02,1,20250926,181735,000004491002,1,9.49,9.49,0.00,0.59,S,,,CAD,DB
70012417,00317,04,1,20250926,193609,000000094102,2,4.69,9.38,2.81,0.00,S,6052963863,PC25W34,CAD,DB
70012417,00317,04,2,20250926,193609,000000030201,1,13.59,13.59,0.00,0.00,S,6052963863,,CAD,DB
70012418,00317,02,1,20250926,113303,000004481002,1,10.89,10.89,0.00,0.68,S,6057784872,,CAD,GC
70012418,00317,02,2,20250926,113303,000000094201,0.442,2.29,1.01,0.00,0.00,S,6057784872,,CAD,GC
70012419,00322,03,1,20250926,141627,000000005201,1,5.39,5.39,1.08,0.00,S,,PC25W33,CAD,CC
70012420,00322,01,1,20250926,145016,000000005102,1,7.49,7.49,0.00,0.00,S,,,CAD,DB
70012420,00322,01,2,20250926,145016,000000005201,1,5.39,5.39,1.08,0.00,S,,PC25W33,CAD,DB
70012421,00322,01,1,20250926,210806,000000040101,1.187,25.79,30.61,0.00,0.00,S,,,CAD,DB
70012421,00322,01,2,20250926,210806,000004483001,1,6.79,6.79,0.00,0.42,S,,,CAD,DB
70012421,00322,01,3,20250926,210806,000000005102,1,7.49,7.49,0.00,0.00,S,,,CAD,DB
70012422,01042,06,1,20250927,172351,000004482003,3,5.49,16.47,0.00,1.03,S,,,USD,DB
70012422,01042,06,2,20250927,172351,000004471024,1,3.49,3.49,0.00,0.22,S,,,USD,DB
70012422,01042,06,3,20250927,172351,000004471030,2,3.99,7.98,0.00,0.50,S,,,USD,DB
70012423,01042,02,1,20250927,70028,000000094102,1,3.49,3.49,1.05,0.00,S,,PC25W34,USD,DB
70012423,01042,02,2,20250927,70028,000000040201,1,8.99,8.99,0.00,0.00,S,,,USD,DB
70012424,01042,05,1,20250927,85222,000000093402,2.081,3.29,6.85,0.00,0.00,S,,,USD,CC
70012424,01042,05,2,20250927,85222,000000005103,1,6.99,6.99,0.00,0.00,S,,,USD,CC
70012424,01042,05,3,20250927,85222,000004492002,2,1.49,2.98,0.89,0.13,S,,PC25W34,USD,CC
70012425,01042,03,1,20250927,93744,000000020102,2,3.49,6.98,0.00,0.00,S,6081974005,,USD,CS
70012425,01042,03,2,20250927,93744,000004472003,1,3.29,3.29,0.00,0.21,S,6081974005,,USD,CS
70012425,01042,03,3,20250927,93744,000004472002,1,4.49,4.49,0.00,0.28,S,6081974005,,USD,CS
70012426,01042,03,1,20250927,213013,000004473002,1,2.79,2.79,0.00,0.17,S,6087182749,,USD,DB
70012427,01042,02,1,20250927,211225,000004483001,2,4.99,9.98,0.00,0.62,S,,,USD,DB
70012427,01042,02,2,20250927,211225,000000005202,1,5.99,5.99,1.80,0.00,S,,PC25W34,USD,DB
70012428,01107,06,1,20250927,161855,000000005202,1,5.99,5.99,1.80,0.00,S,,PC25W34,USD,DB
70012429,01107,06,1,20250927,191432,000004471040,1,2.49,2.49,0.00,0.16,S,6076665674,,USD,DB
70012429,01107,06,2,20250927,191432,000004493001,1,5.49,5.49,0.00,0.34,S,6076665674,,USD,DB
70012429,01107,06,3,20250927,191432,000000005013,1,3.89,3.89,1.17,0.00,S,6076665674,PC25W34,USD,DB
70012430,01107,03,1,20250927,92220,000000093501,1,4.49,4.49,0.00,0.00,S,,,USD,CC
70012431,02210,04,1,20250927,134824,000000005202,1,5.99,5.99,1.80,0.00,S,,PC25W34,USD,GC
70012431,02210,04,2,20250927,134824,000000005101,1,7.99,7.99,0.00,0.00,S,,,USD,GC
70012432,02210,03,1,20250927,94124,000000561002,1,7.49,7.49,1.50,0.37,S,,PC25W33,USD,GC
70012433,02210,01,1,20250927,121533,000000005201,3,3.99,11.97,2.39,0.00,S,,PC25W33,USD,CC
70012433,02210,01,2,20250927,121533,000000005013,2,3.89,7.78,2.33,0.00,S,,PC25W34,USD,CC
70012433,02210,01,3,20250927,121533,000000005201,1,3.99,3.99,0.80,0.00,S,,PC25W33,USD,CC
70012433,02210,01,4,20250927,121533,000004482002,1,17.99,17.99,0.00,1.12,S,,,USD,CC
70012433,02210,01,5,20250927,121533,000004493002,3,3.99,11.97,0.00,0.75,S,,,USD,CC
70012433,02210,01,6,20250927,121533,000000005103,2,6.99,13.98,0.00,0.00,S,,,USD,CC
70012434,02210,01,1,20250927,192711,000000030102,1,14.99,14.99,0.00,0.00,S,,,USD,GC
70012434,02210,01,2,20250927,192711,000000020101,1,2.49,2.49,0.00,0.00,S,,,USD,GC
70012434,02210,01,3,20250927,192711,000000005301,1,5.49,5.49,0.00,0.00,S,,,USD,GC
70012434,02210,01,4,20250927,192711,000000562002,2,8.49,16.98,0.00,1.06,S,,,USD,GC
70012435,02210,01,1,20250927,210326,000000005013,1,3.89,3.89,1.17,0.00,S,,PC25W34,USD,CC
70012435,02210,01,2,20250927,210326,000000040201,1,8.99,8.99,0.00,0.00,S,,,USD,CC
70012435,02210,01,3,20250927,210326,000000551020,1,13.99,13.99,0.00,0.87,S,,,USD,CC
70012436,02210,05,1,20250927,205757,000000561002,3,7.49,22.47,4.49,1.12,S,,PC25W33,USD,CC
70012436,02210,05,2,20250927,205757,000000030102,1,14.99,14.99,0.00,0.00,S,,,USD,CC
70012437,02211,02,1,20250927,115140,000000020202,1,5.99,5.99,0.00,0.00,S,6057978630,,USD,CS
70012437,02211,02,2,20250927,115140,000000093501,1,4.49,4.49,0.00,0.00,S,6057978630,,USD,CS
70012437,02211,02,3,20250927,115140,000004472001,1,3.99,3.99,0.00,0.25,S,6057978630,,USD,CS
70012438,02211,04,1,20250927,193758,000004472002,2,4.49,8.98,0.00,0.56,S,6077167014,,USD,CC
70012438,02211,04,2,20250927,193758,000004471030,1,3.99,3.99,0.00,0.25,S,6077167014,,USD,CC
70012438,02211,04,3,20250927,193758,000004471023,1,3.49,3.49,0.00,0.22,S,6077167014,,USD,CC
70012439,02211,06,1,20250927,184210,000000040203,1,11.99,11.99,0.00,0.00,S,,,USD,CC
70012439,02211,06,2,20250927,184210,000000005013,3,3.89,11.67,3.50,0.00,S,,PC25W34,USD,CC
70012439,02211,06,3,20250927,184210,000004481002,1,7.99,7.99,0.00,0.50,S,,,USD,CC
70012440,02211,06,1,20250927,173952,000004481003,1,4.99,4.99,1.00,0.25,S,,PC25W33,USD,CC
70012441,02305,04,1,20250927,213444,000000093401,1.028,5.49,5.64,0.00,0.00,S,,,USD,DB
70012441,02305,04,2,20250927,213444,000000551020,2,13.99,27.98,0.00,1.75,S,,,USD,DB
70012441,02305,04,3,20250927,213444,000000005201,1,3.99,3.99,0.80,0.00,S,,PC25W33,USD,DB
70012442,02305,01,1,20250927,85207,000000093501,1,4.49,4.49,0.00,0.00,S,,,USD,CC
70012442,02305,01,2,20250927,85207,000004492001,1,1.79,1.79,0.00,0.11,S,,,USD,CC
70012442,02305,01,3,20250927,85207,000000020101,1,2.49,2.49,0.00,0.00,S,,,USD,CC
70012442,02305,01,4,20250927,85207,000000040201,1,8.99,8.99,0.00,0.00,S,,,USD,CC
70012442,02305,01,5,20250927,85207,000000040201,1,8.99,8.99,0.00,0.00,V,,,USD,CC
70012443,02305,06,1,20250927,83740,000004472003,1,3.29,3.29,0.00,0.21,S,6054801571,,USD,CS
70012443,02305,06,2,20250927,83740,000004482003,2,5.49,10.98,0.00,0.69,S,6054801571,,USD,CS
70012443,02305,06,3,20250927,83740,000000561001,1,9.99,9.99,0.00,0.62,S,6054801571,,USD,CS
70012443,02305,06,4,20250927,83740,000004492002,1,1.49,1.49,0.45,0.07,S,6054801571,PC25W34,USD,CS
70012443,02305,06,5,20250927,83740,000004472001,1,3.99,3.99,0.00,0.25,S,6054801571,,USD,CS
70012443,02305,06,6,20250927,83740,000004492001,3,1.79,5.37,0.00,0.34,S,6054801571,,USD,CS
70012444,02305,05,1,20250927,151611,000004492001,1,1.79,1.79,0.00,0.11,S,,,USD,GC
70012444,02305,05,2,20250927,151611,000000093503,2,4.29,8.58,0.00,0.00,S,,,USD,GC
70012445,02305,02,1,20250927,90000,000000094201,1.747,1.69,2.95,0.00,0.00,S,6077687290,,USD,CC
70012445,02305,02,2,20250927,90000,000000005201,1,3.99,3.99,0.80,0.00,S,6077687290,PC25W33,USD,CC
70012445,02305,02,3,20250927,90000,000000005301,1,5.49,5.49,0.00,0.00,S,6077687290,,USD,CC
70012445,02305,02,4,20250927,90000,000000005103,1,6.99,6.99,0.00,0.00,S,6077687290,,USD,CC
70012445,02305,02,5,20250927,90000,000000020102,1,3.49,3.49,0.00,0.00,S,6077687290,,USD,CC
70012446,02305,06,1,20250927,150031,000000031102,2.137,19.99,42.72,0.00,0.00,S,,,USD,CC
70012447,02305,03,1,20250927,142505,000000031101,0.847,24.99,21.17,0.00,0.00,S,,,USD,DB
70012447,02305,03,2,20250927,142505,000004492001,2,1.79,3.58,0.00,0.22,S,,,USD,DB
70012447,02305,03,3,20250927,142505,000000093502,1,3.99,3.99,0.00,0.00,S,,,USD,DB
70012448,02305,02,1,20250927,141601,000000094201,1.393,1.69,2.35,0.00,0.00,S,6029839542,,USD,CS
70012448,02305,02,2,20250927,141601,000000030102,1,14.99,14.99,0.00,0.00,S,6029839542,,USD,CS
70012448,02305,02,3,20250927,141601,000004493001,1,5.49,5.49,0.00,0.34,S,6029839542,,USD,CS
70012448,02305,02,4,20250927,141601,000000031102,1.429,19.99,28.57,0.00,0.00,S,6029839542,,USD,CS
70012448,02305,02,5,20250927,141601,000000031102,0.771,19.99,15.41,0.00,0.00,S,6029839542,,USD,CS
70012449,02305,01,1,20250927,162512,000000093501,1,4.49,4.49,0.00,0.00,S,6076072348,,USD,CC
70012449,02305,01,2,20250927,162512,000000040203,1,11.99,11.99,0.00,0.00,S,6076072348,,USD,CC
70012449,02305,01,3,20250927,162512,000000551020,1,13.99,13.99,0.00,0.87,S,6076072348,,USD,CC
70012449,02305,01,4,20250927,162512,000000030203,2,8.49,16.98,0.00,0.00,S,6076072348,,USD,CC
70012450,02305,02,1,20250927,122935,000000005301,1,5.49,5.49,0.00,0.00,S,6025214526,,USD,CS
70012451,02305,99,1,20250927,165533,000004482002,1,17.99,17.99,0.00,1.12,S,6023116491,,USD,DB
70012451,02305,99,2,20250927,165533,000000005301,1,5.49,5.49,0.00,0.00,S,6023116491,,USD,DB
70012451,02305,99,3,20250927,165533,000000094301,0.298,4.39,1.31,0.00,0.00,S,6023116491,,USD,DB
70012452,02305,02,1,20250927,115325,000004491003,1,1.99,1.99,0.00,0.12,S,,,USD,CS
70012452,02305,02,2,20250927,115325,000000094102,1,3.49,3.49,1.05,0.00,S,,PC25W34,USD,CS
70012452,02305,02,3,20250927,115325,000000040202,1,14.99,14.99,0.00,0.00,S,,,USD,CS
70012453,02305,02,1,20250927,71422,000000561002,1,7.49,7.49,1.50,0.37,S,,PC25W33,USD,CS
70012453,02305,02,2,20250927,71422,000000561002,1,7.49,7.49,1.50,0.37,S,,PC25W33,USD,CS
70012453,02305,02,3,20250927,71422,000000094202,0.299,1.99,0.60,0.00,0.00,S,,,USD,CS
70012453,02305,02,4,20250927,71422,000000561001,1,9.99,9.99,0.00,0.62,S,,,USD,CS
70012453,02305,02,5,20250927,71422,000000040202,1,14.99,14.99,0.00,0.00,S,,,USD,CS
70012453,02305,02,6,20250927,71422,000000094202,1.125,1.99,2.24,0.00,0.00,S,,,USD,CS
70012454,02305,04,1,20250927,111015,000004481002,1,7.99,7.99,0.00,0.50,S,,,USD,CS
70012454,02305,04,2,20250927,111015,000000020102,1,3.49,3.49,0.00,0.00,S,,,USD,CS
70012454,02305,04,3,20250927,111015,000004472001,1,3.99,3.99,0.00,0.25,S,,,USD,CS
70012454,02305,04,4,20250927,111015,000000094101,1,3.99,3.99,0.00,0.00,S,,,USD,CS
70012454,02305,04,5,20250927,111015,000000094102,1,3.49,3.49,1.05,0.00,S,,PC25W34,USD,CS
70012455,02305,03,1,20250927,140539,000000551021,3,11.99,35.97,0.00,2.25,S,6071576605,,USD,GC
70012455,02305,03,2,20250927,140539,000000040202,2,14.99,29.98,0.00,0.00,S,6071576605,,USD,GC
70012455,02305,03,3,20250927,140539,000000030202,1,11.49,11.49,2.30,0.00,S,6071576605,PC25W33,USD,GC
70012456,02305,03,1,20250927,102446,000000005301,1,5.49,5.49,0.00,0.00,S,6082210217,,USD,CS
70012456,02305,03,2,20250927,102446,000000094301,1.570,4.39,6.89,0.00,0.00,S,6082210217,,USD,CS
70012457,02305,05,1,20250927,142236,000004471030,2,3.99,7.98,0.00,0.50,S,,,USD,GC
70012457,02305,05,2,20250927,142236,000004492002,1,1.49,1.49,0.45,0.07,S,,PC25W34,USD,GC
70012458,02305,01,1,20250927,201141,000000094301,1.099,4.39,4.82,0.00,0.00,S,6009775396,,USD,DB
70012458,02305,01,2,20250927,201141,000000094101,1,3.99,3.99,0.00,0.00,S,6009775396,,USD,DB
70012458,02305,01,3,20250927,201141,000000561002,1,7.49,7.49,1.50,0.37,S,6009775396,PC25W33,USD,DB
70012458,02305,01,4,20250927,201141,000004473002,1,2.79,2.79,0.00,0.17,S,6009775396,,USD,DB
70012459,02305,03,1,20250927,202020,000004481001,1,7.99,7.99,0.00,0.50,S,6089119083,,USD,DB
70012459,02305,03,2,20250927,202020,000000020202,1,5.99,5.99,0.00,0.00,S,6089119083,,USD,DB
70012459,02305,03,3,20250927,202020,000000020101,1,2.49,2.49,0.00,0.00,S,6089119083,,USD,DB
70012459,02305,03,4,20250927,202020,000004472002,1,4.49,4.49,0.00,0.28,S,6089119083,,USD,DB
70012459,02305,03,5,20250927,202020,000000093325,0.438,3.99,1.75,0.00,0.00,S,6089119083,,USD,DB
70012460,03050,01,1,20250927,75822,000000005301,1,5.49,5.49,0.00,0.00,S,6040559342,,USD,DB
70012460,03050,01,2,20250927,75822,000004491001,1,2.49,2.49,0.00,0.16,S,6040559342,,USD,DB
70012460,03050,01,3,20250927,75822,000004473003,1,3.49,3.49,0.00,0.22,S,6040559342,,USD,DB
70012460,03050,01,4,20250927,75822,000000094102,3,3.49,10.47,3.14,0.00,S,6040559342,PC25W34,USD,DB
70012461,03050,06,1,20250927,100532,000004481003,1,4.99,4.99,1.00,0.25,S,,PC25W33,USD,CS
70012461,03050,06,2,20250927,100532,000000562001,1,10.99,10.99,0.00,0.69,S,,,USD,CS
70012462,03050,01,1,20250927,72647,000000093503,1,4.29,4.29,0.00,0.00,S,6033688444,,USD,CS
70012462,03050,01,2,20250927,72647,000004482003,1,5.49,5.49,0.00,0.34,S,6033688444,,USD,CS
70012463,03050,03,1,20250927,165319,000000020101,1,2.49,2.49,0.00,0.00,S,,,USD,CC
70012464,03050,06,1,20250927,190437,000004482003,2,5.49,10.98,0.00,0.69,S,6080038457,,USD,CC
70012464,03050,06,2,20250927,190437,000004493002,1,3.99,3.99,0.00,0.25,S,6080038457,,USD,CC
70012464,03050,06,3,20250927,190437,000000093321,0.776,1.49,1.16,0.00,0.00,S,6080038457,,USD,CC
70012465,03050,06,1,20250927,173026,000000005020,1,4.49,4.49,0.00,0.00,S,6031537795,,USD,CC
70012465,03050,06,2,20250927,173026,000000094102,1,3.49,3.49,1.05,0.00,S,6031537795,PC25W34,USD,CC
70012466,03050,01,1,20250927,163235,000000552002,1,3.99,3.99,0.00,0.25,S,6035707139,,USD,CC
70012466,03050,01,2,20250927,163235,000000005202,2,5.99,11.98,3.59,0.00,S,6035707139,PC25W34,USD,CC
70012467,03050,03,1,20250927,93814,000004492002,1,1.49,1.49,0.45,0.07,S,,PC25W34,USD,CC
70012467,03050,03,2,20250927,93814,000004471040,1,2.49,2.49,0.00,0.16,S,,,USD,CC
70012468,00317,06,1,20250927,190413,000000094102,1,4.69,4.69,1.41,0.00,S,6004797480,PC25W34,CAD,CC
70012468,00317,06,2,20250927,190413,000000030202,1,15.59,15.59,3.12,0.00,S,6004797480,PC25W33,CAD,CC
70012469,00317,04,1,20250927,94213,000000094103,1,5.19,5.19,0.00,0.00,S,,,CAD,CS
70012469,00317,04,2,20250927,94213,000004482002,1,24.49,24.49,0.00,1.53,S,,,CAD,CS
70012470,00317,01,1,20250927,195327,000000561001,1,13.59,13.59,0.00,0.85,S,,,CAD,GC
70012470,00317,01,2,20250927,195327,000000040203,2,16.29,32.58,0.00,0.00,S,,,CAD,GC
70012470,00317,01,3,20250927,195327,000000020201,1,7.49,7.49,0.00,0.00,S,,,CAD,GC
70012470,00317,01,4,20250927,195327,000000561002,1,10.19,10.19,2.04,0.51,S,,PC25W33,CAD,GC
70012470,00317,01,5,20250927,195327,000000094302,1.315,7.49,9.85,0.00,0.00,S,,,CAD,GC
70012471,00317,01,1,20250927,102351,000000093502,3,5.39,16.17,0.00,0.00,S,6001372151,,CAD,DB
70012472,00317,05,1,20250927,181828,000004492003,1,3.09,3.09,0.00,0.19,S,,,CAD,CS
70012472,00317,05,2,20250927,181828,000004472050,2,5.39,10.78,0.00,0.67,S,,,CAD,CS
70012472,00317,05,3,20250927,181828,000000005102,1,7.49,7.49,0.00,0.00,S,,,CAD,CS
70012472,00317,05,4,20250927,181828,000000005201,2,5.39,10.78,2.16,0.00,S,,PC25W33,CAD,CS
70012472,00317,05,5,20250927,181828,000000094102,1,4.69,4.69,1.41,0.00,S,,PC25W34,CAD,CS
70012473,00317,06,1,20250927,110711,000004481003,3,6.79,20.37,4.07,1.02,S,,PC25W33,CAD,DB
70012473,00317,06,2,20250927,110711,000000094102,1,4.69,4.69,1.41,0.00,S,,PC25W34,CAD,DB
70012474,00317,01,1,20250927,74618,000004491002,1,9.49,9.49,0.00,0.59,S,,,CAD,DB
70012474,00317,01,2,20250927,74618,000000551020,1,18.99,18.99,0.00,1.19,S,,,CAD,DB
70012474,00317,01,3,20250927,74618,000000094203,0.797,1.99,1.59,0.00,0.00,S,,,CAD,DB
70012475,00317,01,1,20250927,153419,000000030201,2,13.59,27.18,0.00,0.00,S,6019906234,,CAD,DB
70012475,00317,01,2,20250927,153419,000004472050,1,5.39,5.39,0.00,0.34,S,6019906234,,CAD,DB
70012475,00317,01,3,20250927,153419,000000093501,1,6.09,6.09,0.00,0.00,S,6019906234,,CAD,DB
70012476,00317,01,1,20250927,174056,000004481001,3,10.89,32.67,0.00,2.04,S,6068094149,,CAD,DB
70012477,00317,04,1,20250927,72541,000000093401,1.787,7.49,13.38,0.00,0.00,S,,,CAD,GC
70012478,00317,03,1,20250927,190102,000004492050,1,2.99,2.99,0.60,0.15,S,,PC25W33,CAD,GC
70012478,00317,03,2,20250927,190102,000000093325,1.731,5.39,9.33,0.00,0.00,S,,,CAD,GC
70012478,00317,03,3,20250927,190102,000000094101,1,5.39,5.39,0.00,0.00,S,,,CAD,GC
70012478,00317,03,4,20250927,190102,000004493002,1,5.39,5.39,0.00,0.34,S,,,CAD,GC
70012479,00317,04,1,20250927,80137,000000552001,1,6.09,6.09,0.00,0.38,S,,,CAD,GC
70012479,00317,04,2,20250927,80137,000000040202,1,20.39,20.39,0.00,0.00,S,,,CAD,GC
70012480,00317,04,1,20250927,85745,000000094301,1.040,5.99,6.23,0.00,0.00,S,,,CAD,CC
70012480,00317,04,2,20250927,85745,000004481002,1,10.89,10.89,0.00,0.68,S,,,CAD,CC
70012480,00317,04,3,20250927,85745,000004491002,1,9.49,9.49,0.00,0.59,S,,,CAD,CC
70012480,00317,04,4,20250927,85745,000004482002,1,24.49,24.49,0.00,1.53,S,,,CAD,CC
70012481,00317,06,1,20250927,163800,000004473003,2,4.69,9.38,0.00,0.59,S,,,CAD,CC
70012481,00317,06,2,20250927,163800,000000020203,1,8.79,8.79,0.00,0.00,S,,,CAD,CC
70012481,00317,06,3,20250927,163800,000000561002,1,10.19,10.19,2.04,0.51,S,,PC25W33,CAD,CC
70012481,00317,06,4,20250927,163800,000000094301,1.696,5.99,10.16,0.00,0.00,S,,,CAD,CC
70012482,00322,06,1,20250927,181859,000000040202,1,20.39,20.39,0.00,0.00,S,6040559342,,CAD,CC
70012482,00322,06,2,20250927,181859,000000005013,2,5.29,10.58,3.17,0.00,S,6040559342,PC25W34,CAD,CC
70012483,00322,04,1,20250927,125805,000004492050,1,2.99,2.99,0.60,0.15,S,,PC25W33,CAD,GC
70012483,00322,04,2,20250927,125805,000004493002,2,5.39,10.78,0.00,0.67,S,,,CAD,GC
70012483,00322,04,3,20250927,125805,000000040101,2.128,25.79,54.88,0.00,0.00,S,,,CAD,GC
70012483,00322,04,4,20250927,125805,000004492001,1,2.39,2.39,0.00,0.15,S,,,CAD,GC
70012483,00322,04,5,20250927,125805,000004492002,1,1.99,1.99,0.60,0.09,S,,PC25W34,CAD,GC
70012483,00322,04,6,20250927,125805,000004491003,1,2.69,2.69,0.00,0.17,S,,,CAD,GC
70012484,00322,04,1,20250927,115007,000000020203,1,8.79,8.79,0.00,0.00,S,6024214955,,CAD,CS
70012484,00322,04,2,20250927,115007,000004492001,1,2.39,2.39,0.00,0.15,S,6024214955,,CAD,CS
70012484,00322,04,3,20250927,115007,000004492050,1,2.99,2.99,0.60,0.15,S,6024214955,PC25W33,CAD,CS
70012485,00322,02,1,20250927,194730,000004492003,1,3.09,3.09,0.00,0.19,S,,,CAD,CS
70012486,00322,01,1,20250927,83656,000004481003,1,6.79,6.79,1.36,0.34,S,,PC25W33,CAD,DB
70012486,00322,01,2,20250927,83656,000004492002,1,1.99,1.99,0.60,0.09,S,,PC25W34,CAD,DB
70012487,01042,03,1,20250928,94433,000000020101,1,2.49,2.49,0.00,0.00,S,,,USD,DB
70012487,01042,03,2,20250928,94433,000000020102,1,3.49,3.49,0.00,0.00,S,,,USD,DB
70012488,01042,03,1,20250928,194233,000000030101,1,6.99,6.99,0.00,0.00,S,,,USD,DB
70012488,01042,03,2,20250928,194233,000004472002,2,4.49,8.98,0.00,0.56,S,,,USD,DB
70012488,01042,03,3,20250928,194233,000004481003,1,4.99,4.99,0.00,0.31,S,,,USD,DB
70012488,01042,03,4,20250928,194233,000000031101,1.399,24.99,34.96,0.00,0.00,S,,,USD,DB
70012489,01042,03,1,20250928,161536,000000030103,1,8.99,8.99,0.00,0.00,S,6084539862,,USD,DB
70012490,01042,05,1,20250928,94919,000000040202,1,14.99,14.99,0.00,0.00,S,,,USD,DB
70012491,01042,06,1,20250928,170942,000000093401,0.330,5.49,1.81,0.00,0.00,S,,,USD,CC
70012491,01042,06,2,20250928,170942,000000093502,1,3.99,3.99,0.00,0.00,S,,,USD,CC
70012491,01042,06,3,20250928,170942,000000551021,1,11.99,11.99,0.00,0.75,S,,,USD,CC
70012491,01042,06,4,20250928,170942,000004481003,1,4.99,4.99,0.00,0.31,S,,,USD,CC
70012491,01042,06,5,20250928,170942,000004472001,1,3.99,3.99,0.00,0.25,S,,,USD,CC
70012492,01042,04,1,20250928,155505,000000005102,1,5.49,5.49,0.00,0.00,S,,,USD,DB
70012492,01042,04,2,20250928,155505,000000040102,1.557,16.99,26.45,0.00,0.00,S,,,USD,DB
70012493,01042,01,1,20250928,92711,000004482003,1,5.49,5.49,0.00,0.34,S,6070267288,,USD,CC
70012493,01042,01,2,20250928,92711,000000020203,1,6.49,6.49,0.00,0.00,S,6070267288,,USD,CC
70012493,01042,01,3,20250928,92711,000000093502,1,3.99,3.99,0.00,0.00,S,6070267288,,USD,CC
70012493,01042,01,4,20250928,92711,000004481001,3,7.99,23.97,0.00,1.50,S,6070267288,,USD,CC
70012493,01042,01,5,20250928,92711,000000030102,1,14.99,14.99,0.00,0.00,S,6070267288,,USD,CC
70012493,01042,01,6,20250928,92711,000000020203,1,6.49,6.49,0.00,0.00,S,6070267288,,USD,CC
70012494,01042,06,1,20250928,135617,000000005020,3,4.49,13.47,0.00,0.00,S,,,USD,DB
70012494,01042,06,2,20250928,135617,000004472003,1,3.29,3.29,0.00,0.21,S,,,USD,DB
70012495,01042,05,1,20250928,214734,000000005102,2,5.49,10.98,0.00,0.00,S,6030982150,,USD,DB
70012495,01042,05,2,20250928,214734,000000005201,2,3.99,7.98,0.00,0.00,S,6030982150,,USD,DB
70012496,01107,03,1,20250928,160906,000004471030,1,3.99,3.99,0.00,0.25,S,6042340163,,USD,CS
70012496,01107,03,2,20250928,160906,000000040203,3,11.99,35.97,0.00,0.00,S,6042340163,,USD,CS
70012497,01107,02,1,20250928,141743,000000005101,1,7.99,7.99,0.00,0.00,S,,,USD,CC
70012497,01107,02,2,20250928,141743,000004471023,1,3.49,3.49,0.00,0.22,S,,,USD,CC
70012497,01107,02,3,20250928,141743,000000005101,1,7.99,7.99,0.00,0.00,S,,,USD,CC
70012497,01107,02,4,20250928,141743,000000040202,1,14.99,14.99,0.00,0.00,S,,,USD,CC
70012498,01107,03,1,20250928,160843,000004473002,1,2.79,2.79,0.00,0.17,S,,,USD,CC
70012498,01107,03,2,20250928,160843,000000005013,1,3.89,3.89,0.00,0.00,S,,,USD,CC
70012498,01107,03,3,20250928,160843,000004472001,1,3.99,3.99,0.00,0.25,S,,,USD,CC
70012498,01107,03,4,20250928,160843,000000040101,0.613,18.99,11.64,0.00,0.00,S,,,USD,CC
70012498,01107,03,5,20250928,160843,000000005012,1,3.99,3.99,0.00,0.00,S,,,USD,CC
70012499,01107,04,1,20250928,190850,000000020202,1,5.99,5.99,0.00,0.00,S,,,USD,DB
70012500,02210,05,1,20250928,142206,000000093502,1,3.99,3.99,0.00,0.00,S,6093121637,,USD,DB
70012500,02210,05,2,20250928,142206,000004491001,1,2.49,2.49,0.00,0.16,S,6093121637,,USD,DB
70012500,02210,05,3,20250928,142206,000000005202,3,5.99,17.97,0.00,0.00,S,6093121637,,USD,DB
70012500,02210,05,4,20250928,142206,000000020103,2,4.99,9.98,0.00,0.00,S,6093121637,,USD,DB
70012500,02210,05,5,20250928,142206,000004492001,2,1.79,3.58,0.00,0.22,S,6093121637,,USD,DB
70012501,02210,01,1,20250928,135252,000000005102,1,5.49,5.49,0.00,0.00,S,,,USD,CS
70012502,02210,05,1,20250928,81716,000004481001,1,7.99,7.99,0.00,0.50,S,6096111102,,USD,DB
70012502,02210,05,2,20250928,81716,000000005012,1,3.99,3.99,0.00,0.00,S,6096111102,,USD,DB
70012502,02210,05,3,20250928,81716,000000005012,2,3.99,7.98,0.00,0.00,S,6096111102,,USD,DB
70012503,02210,03,1,20250928,110724,000000040101,1.268,18.99,24.08,0.00,0.00,S,6021556684,,USD,CS
70012504,02210,04,1,20250928,182323,000004472001,1,3.99,3.99,0.00,0.25,S,,,USD,DB
70012504,02210,04,2,20250928,182323,000004471024,2,3.49,6.98,0.00,0.44,S,,,USD,DB
70012504,02210,04,3,20250928,182323,000004491001,1,2.49,2.49,0.00,0.16,S,,,USD,DB
70012504,02210,04,4,20250928,182323,000000005302,1,3.49,3.49,0.00,0.00,S,,,USD,DB
70012505,02210,06,1,20250928,130520,000000030103,2,8.99,17.98,0.00,0.00,S,,,USD,DB
70012505,02210,06,2,20250928,130520,000000552001,1,4.49,4.49,0.00,0.28,S,,,USD,DB
70012505,02210,06,3,20250928,130520,000000093502,1,3.99,3.99,0.00,0.00,S,,,USD,DB
70012506,02210,04,1,20250928,140134,000000031102,1.222,19.99,24.43,0.00,0.00,S,6053765769,,USD,GC
70012506,02210,04,2,20250928,140134,000000094302,1.139,5.49,6.25,0.00,0.00,S,6053765769,,USD,GC
70012506,02210,04,3,20250928,140134,000000031101,1.879,24.99,46.96,7.04,0.00,S,6053765769,LY25W35,USD,GC
70012506,02210,04,4,20250928,140134,000000093410,0.481,3.99,1.92,0.29,0.00,S,6053765769,LY25W35,USD,GC
70012507,02210,04,1,20250928,83005,000000005102,2,5.49,10.98,0.00,0.00,S,,,USD,DB
70012508,02210,02,1,20250928,164341,000000094201,2.135,1.69,3.61,0.00,0.00,S,,,USD,DB
70012508,02210,02,2,20250928,164341,000000561001,1,9.99,9.99,0.00,0.62,S,,,USD,DB
70012509,02210,03,1,20250928,90754,000000040202,1,14.99,14.99,0.00,0.00,S,6092745238,,USD,GC
70012510,02210,01,1,20250928,90037,000000094203,1.849,1.49,2.76,0.00,0.00,S,,,USD,GC
70012510,02210,01,2,20250928,90037,000004493001,1,5.49,5.49,0.00,0.34,S,,,USD,GC
70012511,02211,03,1,20250928,140607,000004471040,1,2.49,2.49,0.00,0.16,S,,,USD,DB
70012511,02211,03,2,20250928,140607,000000005301,1,5.49,5.49,0.00,0.00,S,,,USD,DB
70012512,02211,02,1,20250928,130954,000000094101,1,3.99,3.99,0.00,0.00,S,,,USD,GC
70012512,02211,02,2,20250928,130954,000004491002,1,6.99,6.99,0.00,0.44,S,,,USD,GC
70012512,02211,02,3,20250928,130954,000000020102,1,3.49,3.49,0.00,0.00,S,,,USD,GC
70012512,02211,02,4,20250928,130954,000004493002,1,3.99,3.99,0.00,0.25,S,,,USD,GC
70012513,02211,02,1,20250928,151850,000004482003,2,5.49,10.98,5.49,0.34,S,,BG25W35,USD,DB
70012513,02211,02,2,20250928,151850,000000040101,1.671,18.99,31.73,0.00,0.00,S,,,USD,DB
70012513,02211,02,3,20250928,151850,000004482003,2,5.49,10.98,5.49,0.34,S,,BG25W35,USD,DB
70012514,02211,04,1,20250928,84753,000004482003,2,5.49,10.98,5.49,0.34,S,,BG25W35,USD,CS
70012514,02211,04,2,20250928,84753,000004482003,2,5.49,10.98,5.49,0.34,S,,BG25W35,USD,CS
70012515,02305,01,1,20250928,164228,000004481003,2,4.99,9.98,0.00,0.62,S,,,USD,CC
70012515,02305,01,2,20250928,164228,000000005302,1,3.49,3.49,0.00,0.00,S,,,USD,CC
70012515,02305,01,3,20250928,164228,000000040202,2,14.99,29.98,0.00,0.00,S,,,USD,CC
70012516,02305,04,1,20250928,185902,000000005101,1,7.99,7.99,0.00,0.00,S,,,USD,CC
70012516,02305,04,2,20250928,185902,000004471023,2,3.49,6.98,0.00,0.44,S,,,USD,CC
70012517,02305,03,1,20250928,124953,000000030202,2,11.49,22.98,0.00,0.00,S,,,USD,DB
70012517,02305,03,2,20250928,124953,000000040202,1,14.99,14.99,0.00,0.00,S,,,USD,DB
70012517,02305,03,3,20250928,124953,000000040202,1,14.99,14.99,0.00,0.00,V,,,USD,DB
70012518,02305,02,1,20250928,105449,000000561001,2,9.99,19.98,9.99,0.62,S,,BG25W35,USD,CC
70012518,02305,02,2,20250928,105449,000000020103,1,4.99,4.99,0.00,0.00,S,,,USD,CC
70012519,02305,05,1,20250928,184305,000004482003,2,5.49,10.98,5.49,0.34,S,,BG25W35,USD,CC
70012519,02305,05,2,20250928,184305,000004493001,1,5.49,5.49,0.00,0.34,S,,,USD,CC
70012520,02305,06,1,20250928,140612,000004472001,2,3.99,7.98,0.00,0.50,S,6076297454,,USD,GC
70012520,02305,06,2,20250928,140612,000000094101,1,3.99,3.99,0.00,0.00,S,6076297454,,USD,GC
70012521,02305,05,1,20250928,121023,000000005013,1,3.89,3.89,0.00,0.00,S,6038497916,,USD,DB
70012522,02305,05,1,20250928,122100,000000005013,1,3.89,3.89,0.00,0.00,S,,,USD,CS
70012522,02305,05,2,20250928,122100,000004481001,2,7.99,15.98,0.00,1.00,S,,,USD,CS
70012522,02305,05,3,20250928,122100,000000020202,1,5.99,5.99,0.00,0.00,S,,,USD,CS
70012523,02305,02,1,20250928,75408,000000093410,0.996,3.99,3.97,0.00,0.00,S,,,USD,DB
70012523,02305,02,2,20250928,75408,000000031102,1.746,19.99,34.90,0.00,0.00,S,,,USD,DB
70012524,03050,03,1,20250928,81205,000000031101,1.721,24.99,43.01,6.45,0.00,S,6039596292,LY25W35,USD,CS
70012524,03050,03,2,20250928,81205,000000030201,3,9.99,29.97,4.50,0.00,S,6039596292,LY25W35,USD,CS
70012525,03050,03,1,20250928,204706,000000040202,1,14.99,14.99,0.00,0.00,S,6024406306,,USD,DB
70012525,03050,03,2,20250928,204706,000000093502,1,3.99,3.99,0.00,0.00,S,6024406306,,USD,DB
70012525,03050,03,3,20250928,204706,000000551020,3,13.99,41.97,0.00,2.62,S,6024406306,,USD,DB
70012526,03050,01,1,20250928,203745,000004482002,2,17.99,35.98,0.00,2.25,S,,,USD,DB
70012526,03050,01,2,20250928,203745,000000093401,0.580,5.49,3.18,0.00,0.00,S,,,USD,DB
70012527,03050,01,1,20250928,114855,000000020103,1,4.99,4.99,0.00,0.00,S,,,USD,DB
70012527,03050,01,2,20250928,114855,000000093402,0.951,3.29,3.13,0.00,0.00,S,,,USD,DB
70012527,03050,01,3,20250928,114855,000004473001,1,2.99,2.99,0.00,0.19,S,,,USD,DB
70012527,03050,01,4,20250928,114855,000000005101,1,7.99,7.99,0.00,0.00,S,,,USD,DB
70012527,03050,01,5,20250928,114855,000000020202,1,5.99,5.99,0.00,0.00,S,,,USD,DB
70012527,03050,01,6,20250928,114855,000000093503,1,4.29,4.29,0.00,0.00,S,,,USD,DB
70012528,03050,05,1,20250928,82705,000000551021,1,11.99,11.99,0.00,0.75,R,6089421044,,USD,CC
70012529,03050,01,1,20250928,85605,000000094103,1,3.79,3.79,0.00,0.00,S,6003911142,,USD,CC
70012529,03050,01,2,20250928,85605,000004491003,1,1.99,1.99,0.00,0.12,S,6003911142,,USD,CC
70012529,03050,01,3,20250928,85605,000000005013,1,3.89,3.89,0.00,0.00,S,6003911142,,USD,CC
70012529,03050,01,4,20250928,85605,000004471040,1,2.49,2.49,0.00,0.16,S,6003911142,,USD,CC
70012529,03050,01,5,20250928,85605,000000020102,1,3.49,3.49,0.52,0.00,S,6003911142,LY25W35,USD,CC
70012530,03050,01,1,20250928,214048,000000562002,2,8.49,16.98,0.00,1.06,S,,,USD,CC
70012530,03050,01,2,20250928,214048,000004492001,2,1.79,3.58,0.00,0.22,S,,,USD,CC
70012530,03050,01,3,20250928,214048,000000561001,1,9.99,9.99,0.00,0.62,S,,,USD,CC
70012530,03050,01,4,20250928,214048,000000040202,1,14.99,14.99,0.00,0.00,S,,,USD,CC
70012530,03050,01,5,20250928,214048,000000094202,0.437,1.99,0.87,0.00,0.00,S,,,USD,CC
70012531,00317,05,1,20250928,175435,000000094202,1.287,2.69,3.46,0.00,0.00,S,,,CAD,DB
70012532,00317,05,1,20250928,133302,000000093503,1,5.79,5.79,0.00,0.00,S,6020952004,,CAD,CC
70012532,00317,05,2,20250928,133302,000004472001,1,5.39,5.39,0.00,0.34,S,6020952004,,CAD,CC
70012533,00317,06,1,20250928,173748,000000040201,1,12.19,12.19,0.00,0.00,S,,,CAD,DB
70012533,00317,06,2,20250928,173748,000000094101,1,5.39,5.39,0.00,0.00,S,,,CAD,DB
70012533,00317,06,3,20250928,173748,000000031102,1.926,27.19,52.37,0.00,0.00,S,,,CAD,DB
70012533,00317,06,4,20250928,173748,000004482003,2,7.49,14.98,7.49,0.47,S,,BG25W35,CAD,DB
70012534,00317,01,1,20250928,203628,000000093503,2,5.79,11.58,0.00,0.00,S,,,CAD,CC
70012535,00317,01,1,20250928,92054,000000040202,2,20.39,40.78,0.00,0.00,S,,,CAD,CC
70012535,00317,01,2,20250928,92054,000000094101,1,5.39,5.39,0.00,0.00,S,,,CAD,CC
70012536,00317,04,1,20250928,144429,000000094103,1,5.19,5.19,0.00,0.00,S,,,CAD,DB
70012536,00317,04,2,20250928,144429,000000030101,1,9.49,9.49,0.00,0.00,S,,,CAD,DB
70012536,00317,04,3,20250928,144429,000000093322,0.878,2.69,2.36,0.00,0.00,S,,,CAD,DB
70012536,00317,04,4,20250928,144429,000000030201,1,13.59,13.59,0.00,0.00,S,,,CAD,DB
70012536,00317,04,5,20250928,144429,000004493002,2,5.39,10.78,0.00,0.67,S,,,CAD,DB
70012536,00317,04,6,20250928,144429,000000030202,1,15.59,15.59,0.00,0.00,S,,,CAD,DB
70012537,00317,03,1,20250928,73048,000000093410,0.576,5.39,3.10,0.46,0.00,S,6078507208,LY25W35,CAD,CC
70012537,00317,03,2,20250928,73048,000000040201,2,12.19,24.38,0.00,0.00,S,6078507208,,CAD,CC
70012537,00317,03,3,20250928,73048,000004493002,1,5.39,5.39,0.00,0.34,S,6078507208,,CAD,CC
70012537,00317,03,4,20250928,73048,000000562001,1,14.89,14.89,0.00,0.93,S,6078507208,,CAD,CC
70012538,00317,03,1,20250928,92555,000004493002,3,5.39,16.17,0.00,1.01,S,6057383959,,CAD,CC
70012538,00317,03,2,20250928,92555,000004471024,3,4.69,14.07,0.00,0.88,S,6057383959,,CAD,CC
70012538,00317,03,3,20250928,92555,000004492050,1,2.99,2.99,0.00,0.19,S,6057383959,,CAD,CC
70012538,00317,03,4,20250928,92555,000000005013,1,5.29,5.29,0.00,0.00,S,6057383959,,CAD,CC
70012538,00317,03,5,20250928,92555,000000561001,1,13.59,13.59,0.00,0.85,S,6057383959,,CAD,CC
70012538,00317,03,6,20250928,92555,000000005103,1,9.49,9.49,0.00,0.00,S,6057383959,,CAD,CC
70012539,00317,06,1,20250928,73306,000000020101,1,3.39,3.39,0.00,0.00,S,,,CAD,CC
70012539,00317,06,2,20250928,73306,000000093321,1.769,1.99,3.52,0.00,0.00,S,,,CAD,CC
70012539,00317,06,3,20250928,73306,000000030103,1,12.19,12.19,0.00,0.00,S,,,CAD,CC
70012539,00317,06,4,20250928,73306,000000040201,1,12.19,12.19,0.00,0.00,S,,,CAD,CC
70012539,00317,06,5,20250928,73306,000004482003,2,7.49,14.98,7.49,0.47,S,,BG25W35,CAD,CC
70012540,00317,06,1,20250928,203033,000000040101,0.800,25.79,20.63,0.00,0.00,S,,,CAD,CC
70012540,00317,06,2,20250928,203033,000000005201,1,5.39,5.39,0.00,0.00,S,,,CAD,CC
70012541,01042,01,1,20250929,130327,000004483002,2,3.49,6.98,0.00,0.44,S,6038320603,,USD,CC
70012541,01042,01,2,20250929,130327,000000020102,3,3.49,10.47,1.57,0.00,S,6038320603,LY25W35,USD,CC
70012541,01042,01,3,20250929,130327,000000093322,1.801,1.99,3.58,0.00,0.00,S,6038320603,,USD,CC
70012542,01042,06,1,20250929,205606,000004471030,2,3.99,7.98,0.00,0.50,S,6059149750,,USD,DB
70012542,01042,06,2,20250929,205606,000004491002,1,6.99,6.99,0.00,0.44,S,6059149750,,USD,DB
70012542,01042,06,3,20250929,205606,000000561001,1,9.99,9.99,0.00,0.62,S,6059149750,,USD,DB
70012543,01042,01,1,20250929,201356,000000093402,0.484,3.29,1.59,0.00,0.00,S,,,USD,DB
70012543,01042,01,2,20250929,201356,000000020201,1,5.49,5.49,0.00,0.00,S,,,USD,DB
70012544,01042,06,1,20250929,130400,000000030103,1,8.99,8.99,0.00,0.00,S,6034255638,,USD,CC
70012544,01042,06,2,20250929,130400,000004472003,2,3.29,6.58,0.00,0.41,S,6034255638,,USD,CC
70012544,01042,06,3,20250929,130400,000000005101,1,7.99,7.99,0.00,0.00,S,6034255638,,USD,CC
70012544,01042,06,4,20250929,130400,000000093401,1.629,5.49,8.94,1.34,0.00,S,6034255638,LY25W35,USD,CC
70012544,01042,06,5,20250929,130400,000000093401,1.807,5.49,9.92,1.49,0.00,S,6034255638,LY25W35,USD,CC
70012544,01042,06,6,20250929,130400,000000030103,1,8.99,8.99,0.00,0.00,S,6034255638,,USD,CC
70012545,01042,03,1,20250929,193027,000000093502,1,3.99,3.99,0.00,0.00,S,,,USD,GC
70012545,01042,03,2,20250929,193027,000000561002,1,7.49,7.49,0.00,0.47,S,,,USD,GC
70012546,01107,03,1,20250929,121842,000000561002,1,7.49,7.49,0.00,0.47,S,,,USD,DB
70012546,01107,03,2,20250929,121842,000000005103,1,6.99,6.99,0.00,0.00,S,,,USD,DB
70012547,02210,04,1,20250929,75607,000000030203,1,8.49,8.49,0.00,0.00,S,6005097545,,USD,CC
70012547,02210,04,2,20250929,75607,000000020201,3,5.49,16.47,0.00,0.00,S,6005097545,,USD,CC
70012547,02210,04,3,20250929,75607,000004481003,1,4.99,4.99,0.00,0.31,S,6005097545,,USD,CC
70012547,02210,04,4,20250929,75607,000000005102,1,5.49,5.49,0.00,0.00,S,6005097545,,USD,CC
70012547,02210,04,5,20250929,75607,000000031101,1.095,24.99,27.36,4.10,0.00,S,6005097545,LY25W35,USD,CC
70012547,02210,04,6,20250929,75607,000004482003,2,5.49,10.98,5.49,0.34,S,6005097545,BG25W35,USD,CC
70012548,02210,05,1,20250929,111940,000000030103,1,8.99,8.99,0.00,0.00,S,,,USD,CC
70012548,02210,05,2,20250929,111940,000004472003,1,3.29,3.29,0.00,0.21,S,,,USD,CC
70012548,02210,05,3,20250929,111940,000000005103,1,6.99,6.99,0.00,0.00,S,,,USD,CC
70012548,02210,05,4,20250929,111940,000004492003,2,2.29,4.58,0.00,0.29,S,,,USD,CC
70012549,02210,04,1,20250929,173521,000000093321,0.948,1.49,1.41,0.00,0.00,S,,,USD,CC
70012549,02210,04,2,20250929,173521,000000561001,2,9.99,19.98,9.99,0.62,S,,BG25W35,USD,CC
70012550,02210,04,1,20250929,204158,000000005020,1,4.49,4.49,0.00,0.00,S,,,USD,DB
70012550,02210,04,2,20250929,204158,000004471024,1,3.49,3.49,0.00,0.22,S,,,USD,DB
70012550,02210,04,3,20250929,204158,000000030103,1,8.99,8.99,0.00,0.00,S,,,USD,DB
70012550,02210,04,4,20250929,204158,000000094202,0.259,1.99,0.52,0.00,0.00,S,,,USD,DB
70012550,02210,04,5,20250929,204158,000000005301,1,5.49,5.49,0.00,0.00,S,,,USD,DB
70012550,02210,04,6,20250929,204158,000000561001,2,9.99,19.98,9.99,0.62,S,,BG25W35,USD,DB
70012551,02210,03,1,20250929,155604,000000093402,2.146,3.29,7.06,0.00,0.00,S,,,USD,DB
70012551,02210,03,2,20250929,155604,000004491002,1,6.99,6.99,0.00,0.44,S,,,USD,DB
70012552,02210,05,1,20250929,92328,000000093321,2.068,1.49,3.08,0.00,0.00,S,6029148652,,USD,CS
70012552,02210,05,2,20250929,92328,000000094102,1,3.49,3.49,0.00,0.00,S,6029148652,,USD,CS
70012553,02210,03,1,20250929,163626,000004481002,1,7.99,7.99,0.00,0.50,S,6061337184,,USD,DB
70012553,02210,03,2,20250929,163626,000000094102,1,3.49,3.49,0.00,0.00,S,6061337184,,USD,DB
70012553,02210,03,3,20250929,163626,000004481002,3,7.99,23.97,0.00,1.50,S,6061337184,,USD,DB
70012554,02211,04,1,20250929,115931,000000020202,1,5.99,5.99,0.00,0.00,R,,,USD,CC
70012555,02211,03,1,20250929,215008,000004491001,1,2.49,2.49,0.00,0.16,S,,,USD,CC
70012555,02211,03,2,20250929,215008,000004481002,2,7.99,15.98,0.00,1.00,S,,,USD,CC
70012556,02211,03,1,20250929,142718,000000020102,2,3.49,6.98,0.00,0.00,S,,,USD,CC
70012556,02211,03,2,20250929,142718,000000005013,1,3.89,3.89,0.00,0.00,S,,,USD,CC
70012557,02211,03,1,20250929,154652,000000005012,2,3.99,7.98,0.00,0.00,S,6085627187,,USD,CS
70012557,02211,03,2,20250929,154652,000000020101,1,2.49,2.49,0.00,0.00,S,6085627187,,USD,CS
70012557,02211,03,3,20250929,154652,000000094102,1,3.49,3.49,0.00,0.00,S,6085627187,,USD,CS
70012557,02211,03,4,20250929,154652,000000094102,1,3.49,3.49,0.00,0.00,V,6085627187,,USD,CS
70012558,02211,06,1,20250929,85458,000004483001,2,4.99,9.98,0.00,0.62,S,6088147435,,USD,CC
70012559,02305,06,1,20250929,70526,000004491002,1,6.99,6.99,0.00,0.44,S,6017320309,,USD,DB
70012559,02305,06,2,20250929,70526,000000040201,1,8.99,8.99,0.00,0.00,S,6017320309,,USD,DB
70012559,02305,06,3,20250929,70526,000004493002,1,3.99,3.99,0.00,0.25,S,6017320309,,USD,DB
70012559,02305,06,4,20250929,70526,000000005301,1,5.49,5.49,0.00,0.00,S,6017320309,,USD,DB
70012560,02305,05,1,20250929,151438,000004482002,2,17.99,35.98,0.00,2.25,S,,,USD,DB
70012560,02305,05,2,20250929,151438,000000030203,1,8.49,8.49,0.00,0.00,S,,,USD,DB
70012561,02305,01,1,20250929,213816,000000005101,2,7.99,15.98,0.00,0.00,S,,,USD,CC
70012561,02305,01,2,20250929,213816,000004472003,1,3.29,3.29,0.00,0.21,S,,,USD,CC
70012561,02305,01,3,20250929,213816,000000005302,2,3.49,6.98,0.00,0.00,S,,,USD,CC
70012562,02305,03,1,20250929,102828,000000093325,1.711,3.99,6.83,0.00,0.00,S,,,USD,GC
70012562,02305,03,2,20250929,102828,000000005101,1,7.99,7.99,0.00,0.00,S,,,USD,GC
70012563,02305,04,1,20250929,181544,000004481002,2,7.99,15.98,0.00,1.00,S,,,USD,CS
70012563,02305,04,2,20250929,181544,000000040102,0.727,16.99,12.35,0.00,0.00,S,,,USD,CS
70012563,02305,04,3,20250929,181544,000000094302,1.067,5.49,5.86,0.00,0.00,S,,,USD,CS
70012563,02305,04,4,20250929,181544,000000093503,1,4.29,4.29,0.00,0.00,S,,,USD,CS
70012563,02305,04,5,20250929,181544,000000005202,3,5.99,17.97,0.00,0.00,S,,,USD,CS
70012564,02305,03,1,20250929,123009,000000005020,1,4.49,4.49,0.00,0.00,S,,,USD,CC
70012564,02305,03,2,20250929,123009,000000005302,1,3.49,3.49,0.00,0.00,S,,,USD,CC
70012564,02305,03,3,20250929,123009,000004472002,2,4.49,8.98,0.00,0.56,S,,,USD,CC
70012564,02305,03,4,20250929,123009,000000031101,1.930,24.99,48.23,0.00,0.00,S,,,USD,CC
70012564,02305,03,5,20250929,123009,000000552001,1,4.49,4.49,0.00,0.28,S,,,USD,CC
70012564,02305,03,6,20250929,123009,000004481001,1,7.99,7.99,0.00,0.50,S,,,USD,CC
70012565,02305,05,1,20250929,82155,000004491002,2,6.99,13.98,0.00,0.87,S,6053765769,,USD,CC
70012565,02305,05,2,20250929,82155,000004471030,1,3.99,3.99,0.00,0.25,S,6053765769,,USD,CC
70012565,02305,05,3,20250929,82155,000000030203,1,8.49,8.49,0.00,0.00,S,6053765769,,USD,CC
70012566,03050,04,1,20250929,151431,000000030201,1,9.99,9.99,0.00,0.00,S,,,USD,DB
70012566,03050,04,2,20250929,151431,000000005020,1,4.49,4.49,0.00,0.00,S,,,USD,DB
70012566,03050,04,3,20250929,151431,000000094302,1.146,5.49,6.29,0.00,0.00,S,,,USD,DB
70012567,03050,04,1,20250929,195816,000000005101,1,7.99,7.99,0.00,0.00,S,6088255629,,USD,CC
70012567,03050,04,2,20250929,195816,000000093402,1.480,3.29,4.87,0.00,0.00,S,6088255629,,USD,CC
70012567,03050,04,3,20250929,195816,000000020102,2,3.49,6.98,1.05,0.00,S,6088255629,LY25W35,USD,CC
70012568,03050,04,1,20250929,141639,000000030101,1,6.99,6.99,0.00,0.00,S,,,USD,CC
70012568,03050,04,2,20250929,141639,000000005202,1,5.99,5.99,0.00,0.00,S,,,USD,CC
70012568,03050,04,3,20250929,141639,000004483001,1,4.99,4.99,0.00,0.31,S,,,USD,CC
70012568,03050,04,4,20250929,141639,000000040102,1.814,16.99,30.82,0.00,0.00,S,,,USD,CC
70012569,03050,05,1,20250929,104428,000000030102,1,14.99,14.99,0.00,0.00,S,,,USD,CC
70012569,03050,05,2,20250929,104428,000000030201,1,9.99,9.99,0.00,0.00,S,,,USD,CC
70012569,03050,05,3,20250929,104428,000000093502,1,3.99,3.99,0.00,0.00,S,,,USD,CC
70012569,03050,05,4,20250929,104428,000000040202,1,14.99,14.99,0.00,0.00,S,,,USD,CC
70012570,03050,06,1,20250929,115300,000004471040,1,2.49,2.49,0.00,0.16,S,,,USD,CC
70012570,03050,06,2,20250929,115300,000004483001,3,4.99,14.97,0.00,0.94,S,,,USD,CC
70012570,03050,06,3,20250929,115300,000004471040,1,2.49,2.49,0.00,0.16,S,,,USD,CC
70012570,03050,06,4,20250929,115300,000000030201,1,9.99,9.99,0.00,0.00,S,,,USD,CC
70012571,03050,02,1,20250929,192835,000000030201,1,9.99,9.99,0.00,0.00,S,,,USD,DB
70012572,03050,02,1,20250929,161837,000000551020,1,13.99,13.99,0.00,0.87,S,,,USD,DB
70012572,03050,02,2,20250929,161837,000004482003,2,5.49,10.98,5.49,0.34,S,,BG25W35,USD,DB
70012572,03050,02,3,20250929,161837,000000040201,1,8.99,8.99,0.00,0.00,S,,,USD,DB
70012572,03050,02,4,20250929,161837,000000093503,3,4.29,12.87,0.00,0.00,S,,,USD,DB
70012573,00317,02,1,20250929,165320,000000094102,1,4.69,4.69,0.00,0.00,S,,,CAD,CC
70012573,00317,02,2,20250929,165320,000004491003,2,2.69,5.38,0.00,0.34,S,,,CAD,CC
70012573,00317,02,3,20250929,165320,000000031101,1.798,33.99,61.11,0.00,0.00,S,,,CAD,CC
70012573,00317,02,4,20250929,165320,000000040203,1,16.29,16.29,0.00,0.00,S,,,CAD,CC
70012574,00317,04,1,20250929,91157,000000005012,1,5.39,5.39,0.00,0.00,S,,,CAD,CS
70012574,00317,04,2,20250929,91157,000004482001,1,18.99,18.99,0.00,1.19,S,,,CAD,CS
70012574,00317,04,3,20250929,91157,000004471030,1,5.39,5.39,0.00,0.34,S,,,CAD,CS
70012575,00317,05,1,20250929,193640,000000093402,0.886,4.49,3.98,0.00,0.00,S,,,CAD,CC
70012575,00317,05,2,20250929,193640,000004483002,1,4.69,4.69,0.00,0.29,S,,,CAD,CC
70012575,00317,05,3,20250929,193640,000004491002,2,9.49,18.98,0.00,1.19,S,,,CAD,CC
70012575,00317,05,4,20250929,193640,000000093410,2.191,5.39,11.81,0.00,0.00,S,,,CAD,CC
70012576,00317,05,1,20250929,183711,000004471030,1,5.39,5.39,0.00,0.34,S,,,CAD,CS
70012576,00317,05,2,20250929,183711,000000005301,1,7.49,7.49,0.00,0.00,S,,,CAD,CS
70012576,00317,05,3,20250929,183711,000004482002,1,24.49,24.49,0.00,1.53,S,,,CAD,CS
70012577,00317,02,1,20250929,101155,000004472001,1,5.39,5.39,0.00,0.34,S,,,CAD,CS
70012577,00317,02,2,20250929,101155,000004472001,1,5.39,5.39,0.00,0.34,V,,,CAD,CS
70012578,00317,03,1,20250929,100204,000000005202,1,8.09,8.09,0.00,0.00,S,,,CAD,DB
70012578,00317,03,2,20250929,100204,000004493001,1,7.49,7.49,0.00,0.47,S,,,CAD,DB
70012578,00317,03,3,20250929,100204,000004493001,1,7.49,7.49,0.00,0.47,S,,,CAD,DB
70012578,00317,03,4,20250929,100204,000000030201,1,13.59,13.59,0.00,0.00,S,,,CAD,DB
70012578,00317,03,5,20250929,100204,000004473003,2,4.69,9.38,4.69,0.29,S,,BG25W35,CAD,DB
70012578,00317,03,6,20250929,100204,000004473002,1,3.79,3.79,0.00,0.24,S,,,CAD,DB
70012579,00317,02,1,20250929,90701,000000561001,2,13.59,27.18,13.59,0.85,S,,BG25W35,CAD,GC
70012579,00317,02,2,20250929,90701,000000094101,3,5.39,16.17,0.00,0.00,S,,,CAD,GC
70012580,00317,03,1,20250929,93358,000000562001,2,14.89,29.78,0.00,1.86,S,6084245088,,CAD,DB
70012581,00317,04,1,20250929,81818,000000093410,1.751,5.39,9.44,0.00,0.00,S,,,CAD,GC
70012582,00322,01,1,20250929,164431,000004492050,1,2.99,2.99,0.00,0.19,S,,,CAD,CC
70012582,00322,01,2,20250929,164431,000004472050,1,5.39,5.39,0.00,0.34,S,,,CAD,CC
70012583,00322,04,1,20250929,134725,000004471023,1,4.69,4.69,0.00,0.29,S,6000053474,,CAD,CC
70012583,00322,04,2,20250929,134725,000004491001,1,3.39,3.39,0.00,0.21,S,6000053474,,CAD,CC
70012583,00322,04,3,20250929,134725,000000005101,1,10.89,10.89,0.00,0.00,S,6000053474,,CAD,CC
70012583,00322,04,4,20250929,134725,000004493002,1,5.39,5.39,0.00,0.34,S,6000053474,,CAD,CC
70012583,00322,04,5,20250929,134725,000004483001,1,6.79,6.79,0.00,0.42,S,6000053474,,CAD,CC
70012584,00322,05,1,20250929,173427,000000020101,1,3.39,3.39,0.00,0.00,S,6077220054,,CAD,CC
70012584,00322,05,2,20250929,173427,000004493001,2,7.49,14.98,0.00,0.94,S,6077220054,,CAD,CC
70012584,00322,05,3,20250929,173427,000000020103,1,6.79,6.79,0.00,0.00,S,6077220054,,CAD,CC
70012584,00322,05,4,20250929,173427,000000005302,1,4.69,4.69,0.00,0.00,S,6077220054,,CAD,CC
70012585,00322,03,1,20250929,143605,000000562001,1,14.89,14.89,0.00,0.93,S,,,CAD,DB
70012585,00322,03,2,20250929,143605,000004473001,2,4.09,8.18,0.00,0.51,S,,,CAD,DB
70012586,00322,05,1,20250929,193110,000004471040,1,3.39,3.39,0.00,0.21,S,,,CAD,GC
70012587,01042,04,1,20250930,153212,000004482003,2,5.49,10.98,5.49,0.34,S,,BG25W35,USD,CC
70012587,01042,04,2,20250930,153212,000000093401,1.328,5.49,7.29,0.00,0.00,S,,,USD,CC
70012587,01042,04,3,20250930,153212,000000031102,0.950,19.99,18.99,0.00,0.00,S,,,USD,CC
70012587,01042,04,4,20250930,153212,000000020201,1,5.49,5.49,0.00,0.00,S,,,USD,CC
70012588,01042,03,1,20250930,120540,000000005101,1,7.99,7.99,0.00,0.00,S,6049127113,,USD,GC
70012589,01042,06,1,20250930,192735,000000040201,1,8.99,8.99,0.00,0.00,S,,,USD,CC
70012589,01042,06,2,20250930,192735,000000020102,1,3.49,3.49,0.00,0.00,S,,,USD,CC
70012589,01042,06,3,20250930,192735,000000561001,1,9.99,9.99,0.00,0.62,S,,,USD,CC
70012589,01042,06,4,20250930,192735,000000093321,1.729,1.49,2.58,0.00,0.00,S,,,USD,CC
70012590,01042,06,1,20250930,153733,000004482001,1,13.99,13.99,0.00,0.87,S,6038044210,,USD,CS
70012591,01042,03,1,20250930,93734,000000005301,1,5.49,5.49,0.00,0.00,S,,,USD,DB
70012591,01042,03,2,20250930,93734,000000030102,1,14.99,14.99,0.00,0.00,S,,,USD,DB
70012592,01042,05,1,20250930,172618,000000093410,1.256,3.99,5.01,0.00,0.00,S,,,USD,CC
70012592,01042,05,2,20250930,172618,000004473002,1,2.79,2.79,0.00,0.17,S,,,USD,CC
70012593,01107,02,1,20250930,95552,000004482003,2,5.49,10.98,5.49,0.34,S,,BG25W35,USD,DB
70012593,01107,02,2,20250930,95552,000000094301,0.355,4.39,1.56,0.00,0.00,S,,,USD,DB
70012594,01107,02,1,20250930,213141,000004473003,2,3.49,6.98,3.49,0.22,S,6058683390,BG25W35,USD,CC
70012594,01107,02,2,20250930,213141,000004493002,2,3.99,7.98,0.00,0.50,S,6058683390,,USD,CC
70012594,01107,02,3,20250930,213141,000004482002,1,17.99,17.99,0.00,1.12,S,6058683390,,USD,CC
70012595,01107,04,1,20250930,125724,000000005013,1,3.89,3.89,0.00,0.00,S,6009166010,,USD,CC
70012596,01107,01,1,20250930,212604,000000020201,2,5.49,10.98,0.00,0.00,S,,,USD,CC
70012596,01107,01,2,20250930,212604,000000093503,1,4.29,4.29,0.00,0.00,S,,,USD,CC
70012596,01107,01,3,20250930,212604,000004471030,1,3.99,3.99,0.00,0.25,S,,,USD,CC
70012596,01107,01,4,20250930,212604,000000020201,2,5.49,10.98,0.00,0.00,S,,,USD,CC
70012596,01107,01,5,20250930,212604,000000040203,1,11.99,11.99,0.00,0.00,S,,,USD,CC
70012596,01107,01,6,20250930,212604,000004471023,1,3.49,3.49,0.00,0.22,S,,,USD,CC
70012597,01107,02,1,20250930,90039,000000020201,1,5.49,5.49,0.00,0.00,S,6010094388,,USD,GC
70012597,01107,02,2,20250930,90039,000000040203,2,11.99,23.98,0.00,0.00,S,6010094388,,USD,GC
70012597,01107,02,3,20250930,90039,000000040203,2,11.99,23.98,0.00,0.00,S,6010094388,,USD,GC
70012597,01107,02,4,20250930,90039,000000552002,2,3.99,7.98,0.00,0.50,S,6010094388,,USD,GC
70012598,02210,05,1,20250930,70551,000004492003,1,2.29,2.29,0.00,0.14,S,6078515867,,USD,CS
70012598,02210,05,2,20250930,70551,000000031101,0.534,24.99,13.34,2.00,0.00,S,6078515867,LY25W35,USD,CS
70012598,02210,05,3,20250930,70551,000000005012,1,3.99,3.99,0.00,0.00,S,6078515867,,USD,CS
70012599,02210,03,1,20250930,100909,000000551021,2,11.99,23.98,0.00,1.50,S,6072084964,,USD,CS
70012599,02210,03,2,20250930,100909,000000030202,1,11.49,11.49,0.00,0.00,S,6072084964,,USD,CS
70012600,02210,05,1,20250930,110158,000000005020,1,4.49,4.49,0.00,0.00,S,6051728975,,USD,CS
70012601,02210,04,1,20250930,135449,000004472003,2,3.29,6.58,0.00,0.41,S,,,USD,CS
70012601,02210,04,2,20250930,135449,000004491002,1,6.99,6.99,0.00,0.44,S,,,USD,CS
70012601,02210,04,3,20250930,135449,000004492001,1,1.79,1.79,0.00,0.11,S,,,USD,CS
70012601,02210,04,4,20250930,135449,000000005301,1,5.49,5.49,0.00,0.00,S,,,USD,CS
70012602,02210,02,1,20250930,93748,000004482001,1,13.99,13.99,0.00,0.87,S,6077820582,,USD,CC
70012603,02210,06,1,20250930,160041,000000020101,1,2.49,2.49,0.00,0.00,S,,,USD,GC
70012603,02210,06,2,20250930,160041,000004483001,1,4.99,4.99,0.00,0.31,S,,,USD,GC
70012604,02210,02,1,20250930,160455,000004471024,1,3.49,3.49,0.00,0.22,S,,,USD,GC
70012605,02305,03,1,20250930,212326,000000551020,1,13.99,13.99,0.00,0.87,S,6032145057,,USD,GC
70012605,02305,03,2,20250930,212326,000000040201,1,8.99,8.99,0.00,0.00,S,6032145057,,USD,GC
70012605,02305,03,3,20250930,212326,000000094302,1.062,5.49,5.83,0.00,0.00,S,6032145057,,USD,GC
70012606,02305,02,1,20250930,130658,000000094301,1.373,4.39,6.03,0.00,0.00,S,6007392013,,USD,GC
70012607,02305,01,1,20250930,123507,000000094302,0.634,5.49,3.48,0.00,0.00,S,,,USD,CC
70012607,02305,01,2,20250930,123507,000000552001,1,4.49,4.49,0.00,0.28,S,,,USD,CC
70012607,02305,01,3,20250930,123507,000000093410,1.814,3.99,7.24,0.00,0.00,S,,,USD,CC
70012608,02305,02,1,20250930,214840,000000020203,1,6.49,6.49,0.00,0.00,S,6054601585,,USD,DB
70012609,02305,05,1,20250930,75723,000000552002,1,3.99,3.99,0.00,0.25,S,6019422686,,USD,CC
70012609,02305,05,2,20250930,75723,000004471023,2,3.49,6.98,0.00,0.44,S,6019422686,,USD,CC
70012609,02305,05,3,20250930,75723,000000094202,0.566,1.99,1.13,0.00,0.00,S,6019422686,,USD,CC
70012609,02305,05,4,20250930,75723,000000094302,1.488,5.49,8.17,0.00,0.00,S,6019422686,,USD,CC
70012610,02305,03,1,20250930,82313,000000030201,1,9.99,9.99,0.00,0.00,S,,,USD,DB
70012610,02305,03,2,20250930,82313,000000093410,1.105,3.99,4.41,0.00,0.00,S,,,USD,DB
70012610,02305,03,3,20250930,82313,000004481002,1,7.99,7.99,0.00,0.50,S,,,USD,DB
70012610,02305,03,4,20250930,82313,000004472001,2,3.99,7.98,0.00,0.50,S,,,USD,DB
70012611,02305,05,1,20250930,205350,000000030202,2,11.49,22.98,0.00,0.00,S,,,USD,GC
70012611,02305,05,2,20250930,205350,000000093325,1.595,3.99,6.36,0.00,0.00,S,,,USD,GC
70012611,02305,05,3,20250930,205350,000004491002,2,6.99,13.98,0.00,0.87,S,,,USD,GC
70012612,02305,03,1,20250930,183314,000004491003,2,1.99,3.98,0.00,0.25,S,,,USD,CC
70012612,02305,03,2,20250930,183314,000004472003,2,3.29,6.58,0.00,0.41,S,,,USD,CC
70012613,03050,06,1,20250930,192626,000000005302,1,3.49,3.49,0.00,0.00,S,,,USD,DB
70012613,03050,06,2,20250930,192626,000000031101,1.202,24.99,30.04,0.00,0.00,S,,,USD,DB
70012613,03050,06,3,20250930,192626,000000093321,0.431,1.49,0.64,0.00,0.00,S,,,USD,DB
70012613,03050,06,4,20250930,192626,000004471024,2,3.49,6.98,0.00,0.44,S,,,USD,DB
70012613,03050,06,5,20250930,192626,000000005202,2,5.99,11.98,0.00,0.00,S,,,USD,DB
70012613,03050,06,6,20250930,192626,000000094101,1,3.99,3.99,0.00,0.00,S,,,USD,DB
70012614,03050,05,1,20250930,115414,000000093322,1.072,1.99,2.13,0.00,0.00,S,6035775949,,USD,GC
70012615,03050,03,1,20250930,160305,000000561001,1,9.99,9.99,0.00,0.62,S,6014627301,,USD,GC
70012615,03050,03,2,20250930,160305,000000040102,0.617,16.99,10.48,0.00,0.00,S,6014627301,,USD,GC
70012615,03050,03,3,20250930,160305,000004492003,1,2.29,2.29,0.00,0.14,S,6014627301,,USD,GC
70012616,03050,04,1,20250930,103928,000000020101,1,2.49,2.49,0.00,0.00,S,,,USD,GC
70012616,03050,04,2,20250930,103928,000000551020,1,13.99,13.99,0.00,0.87,S,,,USD,GC
70012617,03050,02,1,20250930,70536,000004481002,1,7.99,7.99,0.00,0.50,S,6033721885,,USD,CC
70012617,03050,02,2,20250930,70536,000004482003,1,5.49,5.49,0.00,0.34,S,6033721885,,USD,CC
70012617,03050,02,3,20250930,70536,000000005013,1,3.89,3.89,0.00,0.00,S,6033721885,,USD,CC
70012617,03050,02,4,20250930,70536,000000005201,1,3.99,3.99,0.00,0.00,S,6033721885,,USD,CC
70012618,03050,01,1,20250930,112758,000004473001,1,2.99,2.99,0.00,0.19,S,6060045212,,USD,DB
70012619,03050,02,1,20250930,75640,000004472003,3,3.29,9.87,0.00,0.62,S,6033738987,,USD,CC
70012619,03050,02,2,20250930,75640,000000031101,2.077,24.99,51.90,7.78,0.00,S,6033738987,LY25W35,USD,CC
70012619,03050,02,3,20250930,75640,000004493002,2,3.99,7.98,0.00,0.50,S,6033738987,,USD,CC
70012619,03050,02,4,20250930,75640,000000093501,1,4.49,4.49,0.00,0.00,S,6033738987,,USD,CC
70012619,03050,02,5,20250930,75640,000000005012,1,3.99,3.99,0.00,0.00,S,6033738987,,USD,CC
70012620,00317,06,1,20250930,185811,000000005102,1,7.49,7.49,0.00,0.00,R,,,CAD,CC
70012621,00317,01,1,20250930,135826,000000094103,1,5.19,5.19,0.00,0.00,S,,,CAD,CC
70012621,00317,01,2,20250930,135826,000000030203,1,11.49,11.49,0.00,0.00,S,,,CAD,CC
70012622,00317,02,1,20250930,211343,000000031101,0.636,33.99,21.62,0.00,0.00,S,,,CAD,DB
70012623,00317,02,1,20250930,115703,000000040101,1.696,25.79,43.74,0.00,0.00,S,6078754181,,CAD,CC
70012623,00317,02,2,20250930,115703,000000040101,2.019,25.79,52.07,0.00,0.00,S,6078754181,,CAD,CC
70012624,00317,04,1,20250930,85116,000000005101,1,10.89,10.89,0.00,0.00,S,,,CAD,DB
70012624,00317,04,2,20250930,85116,000004482003,2,7.49,14.98,7.49,0.47,S,,BG25W35,CAD,DB
70012624,00317,04,3,20250930,85116,000004492002,1,1.99,1.99,0.00,0.12,S,,,CAD,DB
70012625,00317,04,1,20250930,213912,000000020102,1,4.69,4.69,0.00,0.00,S,,,CAD,CC
70012626,00317,03,1,20250930,134051,000000094102,1,4.69,4.69,0.00,0.00,S,,,CAD,CC
70012626,00317,03,2,20250930,134051,000000093321,0.330,1.99,0.66,0.00,0.00,S,,,CAD,CC
70012626,00317,03,3,20250930,134051,000004492001,1,2.39,2.39,0.00,0.15,S,,,CAD,CC
70012627,00317,03,1,20250930,175449,000000562002,2,11.49,22.98,0.00,1.44,S,,,CAD,DB
70012627,00317,03,2,20250930,175449,000004472002,1,6.09,6.09,0.00,0.38,S,,,CAD,DB
70012627,00317,03,3,20250930,175449,000000020102,1,4.69,4.69,0.00,0.00,S,,,CAD,DB
70012627,00317,03,4,20250930,175449,000004481001,2,10.89,21.78,0.00,1.36,S,,,CAD,DB
70012627,00317,03,5,20250930,175449,000000005020,3,6.09,18.27,0.00,0.00,S,,,CAD,DB
70012628,00317,01,1,20250930,75017,000000031102,1.130,27.19,30.72,0.00,0.00,S,,,CAD,DB
70012628,00317,01,2,20250930,75017,000000093402,1.239,4.49,5.56,0.00,0.00,S,,,CAD,DB
70012628,00317,01,3,20250930,75017,000000020101,1,3.39,3.39,0.00,0.00,S,,,CAD,DB
70012628,00317,01,4,20250930,75017,000000020201,1,7.49,7.49,0.00,0.00,S,,,CAD,DB
70012629,00317,02,1,20250930,74728,000000031101,0.661,33.99,22.47,3.37,0.00,S,6064455618,LY25W35,CAD,GC
70012630,00322,01,1,20250930,115320,000004473003,2,4.69,9.38,4.69,0.29,S,,BG25W35,CAD,CS
70012630,00322,01,2,20250930,115320,000000020102,1,4.69,4.69,0.00,0.00,S,,,CAD,CS
70012630,00322,01,3,20250930,115320,000004471024,1,4.69,4.69,0.00,0.29,S,,,CAD,CS
70012630,00322,01,4,20250930,115320,000004491002,2,9.49,18.98,0.00,1.19,S,,,CAD,CS
70012630,00322,01,5,20250930,115320,000000005102,1,7.49,7.49,0.00,0.00,S,,,CAD,CS
70012630,00322,01,6,20250930,115320,000000005103,1,9.49,9.49,0.00,0.00,S,,,CAD,CS
70012631,00322,04,1,20250930,94314,000000020102,1,4.69,4.69,0.00,0.00,S,,,CAD,CC
70012631,00322,04,2,20250930,94314,000000040201,1,12.19,12.19,0.00,0.00,S,,,CAD,CC
