TRX_ID,STR_NBR,REG_NBR,LN_NBR,TRX_DT,TRX_TM,ITM_ID,QTY,UNIT_PRC,EXT_AMT,DISC_AMT,TAX_AMT,TRX_TYP,LYL_CARD_NBR,PROMO_CD,CRNCY_CD,TNDR_CD
70001207,01042,01,1,20250301,141413,000004482003,2,5.49,10.98,5.49,0.34,S,6000915618,BG25W04,USD,CC
70001208,01042,03,1,20250301,101035,000000561002,3,7.49,22.47,0.00,1.40,S,,,USD,DB
70001208,01042,03,2,20250301,101035,000000005201,1,3.99,3.99,0.00,0.00,S,,,USD,DB
70001209,01042,05,1,20250301,74900,000000005202,1,5.99,5.99,0.00,0.00,S,,,USD,CS
70001210,01107,02,1,20250301,145152,000000005013,1,3.89,3.89,0.00,0.00,S,,,USD,DB
70001210,01107,02,2,20250301,145152,000004481001,2,7.99,15.98,0.00,1.00,S,,,USD,DB
70001210,01107,02,3,20250301,145152,000000040203,1,11.99,11.99,0.00,0.00,S,,,USD,DB
70001211,01107,01,1,20250301,195415,000000005102,1,5.49,5.49,0.00,0.00,S,,,USD,GC
70001211,01107,01,2,20250301,195415,000004472001,1,3.99,3.99,0.00,0.25,S,,,USD,GC
70001212,01107,06,1,20250301,175121,000004482002,3,17.99,53.97,17.99,2.25,S,6081964825,MB25W03,USD,GC
70001212,01107,06,2,20250301,175121,000004493001,1,5.49,5.49,0.00,0.34,S,6081964825,,USD,GC
70001212,01107,06,3,20250301,175121,000000005202,1,5.99,5.99,0.00,0.00,S,6081964825,,USD,GC
70001212,01107,06,4,20250301,175121,000004481001,1,7.99,7.99,0.00,0.50,S,6081964825,,USD,GC
70001212,01107,06,5,20250301,175121,000004472003,3,3.29,9.87,0.00,0.62,S,6081964825,,USD,GC
70001212,01107,06,6,20250301,175121,000000093325,1.726,3.99,6.89,0.00,0.00,S,6081964825,,USD,GC
70001213,01107,05,1,20250301,93743,000004482001,1,13.99,13.99,0.00,0.87,S,,,USD,CS
70001213,01107,05,2,20250301,93743,000000094302,1.731,5.49,9.50,0.00,0.00,S,,,USD,CS
70001213,01107,05,3,20250301,93743,000004483001,1,4.99,4.99,0.00,0.31,S,,,USD,CS
70001213,01107,05,4,20250301,93743,000004483001,1,4.99,4.99,0.00,0.31,S,,,USD,CS
70001214,01107,04,1,20250301,201300,000004483001,1,4.99,4.99,0.00,0.31,S,6049329668,,USD,DB
70001215,01107,06,1,20250301,85713,000000005101,1,7.99,7.99,0.00,0.00,S,,,USD,GC
70001215,01107,06,2,20250301,85713,000000040203,1,11.99,11.99,0.00,0.00,S,,,USD,GC
70001215,01107,06,3,20250301,85713,000000040202,2,14.99,29.98,0.00,0.00,S,,,USD,GC
70001215,01107,06,4,20250301,85713,000000005302,1,3.49,3.49,0.00,0.00,S,,,USD,GC
70001215,01107,06,5,20250301,85713,000000094102,1,3.49,3.49,0.00,0.00,S,,,USD,GC
70001215,01107,06,6,20250301,85713,000000020203,2,6.49,12.98,0.00,0.00,S,,,USD,GC
70001216,02210,06,1,20250301,114252,000000005012,3,3.99,11.97,3.99,0.00,S,6075681429,MB25W03,USD,CC
70001216,02210,06,2,20250301,114252,000004491002,2,6.99,13.98,0.00,0.87,S,6075681429,,USD,CC
70001216,02210,06,3,20250301,114252,000004482001,1,13.99,13.99,0.00,0.87,S,6075681429,,USD,CC
70001216,02210,06,4,20250301,114252,000004472003,1,3.29,3.29,0.00,0.21,S,6075681429,,USD,CC
70001216,02210,06,5,20250301,114252,000000561001,2,9.99,19.98,9.99,0.62,S,6075681429,BG25W04B,USD,CC
70001217,02210,03,1,20250301,165419,000000005202,1,5.99,5.99,0.00,0.00,S,,,USD,CS
70001217,02210,03,2,20250301,165419,000000562001,3,10.99,32.97,10.99,1.37,S,,MB25W03,USD,CS
70001217,02210,03,3,20250301,165419,000004493002,1,3.99,3.99,0.00,0.25,S,,,USD,CS
70001218,02210,04,1,20250301,185727,000000005102,1,5.49,5.49,0.00,0.00,S,6062575326,,USD,DB
70001218,02210,04,2,20250301,185727,000000093321,1.097,1.49,1.63,0.00,0.00,S,6062575326,,USD,DB
70001219,02210,05,1,20250301,133253,000000561001,2,9.99,19.98,9.99,0.62,S,,BG25W04B,USD,CC
70001219,02210,05,2,20250301,133253,000000040202,1,14.99,14.99,0.00,0.00,S,,,USD,CC
70001219,02210,05,3,20250301,133253,000000040101,1.100,18.99,20.89,0.00,0.00,S,,,USD,CC
70001219,02210,05,4,20250301,133253,000000552002,1,3.99,3.99,0.00,0.25,S,,,USD,CC
70001220,02210,02,1,20250301,133453,000004492003,2,2.29,4.58,0.00,0.29,S,,,USD,DB
70001220,02210,02,2,20250301,133453,000000020202,1,5.99,5.99,0.00,0.00,S,,,USD,DB
70001220,02210,02,3,20250301,133453,000000094202,1.641,1.99,3.27,0.00,0.00,S,,,USD,DB
70001221,02210,02,1,20250301,132944,000000005020,2,4.49,8.98,0.00,0.00,S,,,USD,CC
70001221,02210,02,2,20250301,132944,000000040203,1,11.99,11.99,0.00,0.00,S,,,USD,CC
70001221,02210,02,3,20250301,132944,000000031102,1.051,19.99,21.01,0.00,0.00,S,,,USD,CC
70001222,02210,06,1,20250301,143024,000000020202,2,5.99,11.98,0.00,0.00,S,,,USD,GC
70001222,02210,06,2,20250301,143024,000000093503,2,4.29,8.58,4.29,0.00,S,,BG25W04B,USD,GC
70001222,02210,06,3,20250301,143024,000000005012,3,3.99,11.97,3.99,0.00,S,,MB25W03,USD,GC
70001222,02210,06,4,20250301,143024,000004492001,2,1.79,3.58,0.00,0.22,S,,,USD,GC
70001222,02210,06,5,20250301,143024,000004491002,1,6.99,6.99,0.00,0.44,S,,,USD,GC
70001223,02211,99,1,20250301,184057,000000005302,1,3.49,3.49,0.00,0.00,S,,,USD,DB
70001223,02211,99,2,20250301,184057,000000005103,1,6.99,6.99,0.00,0.00,S,,,USD,DB
70001223,02211,99,3,20250301,184057,000004491001,3,2.49,7.47,0.00,0.47,S,,,USD,DB
70001224,02211,04,1,20250301,122257,000000040201,3,8.99,26.97,0.00,0.00,S,6052280156,,USD,DB
70001224,02211,04,2,20250301,122257,000000030201,2,9.99,19.98,0.00,0.00,S,6052280156,,USD,DB
70001225,02211,06,1,20250301,100558,000000020103,1,4.99,4.99,0.00,0.00,S,,,USD,CC
70001225,02211,06,2,20250301,100558,000004482002,3,17.99,53.97,17.99,2.25,S,,MB25W03,USD,CC
70001226,02211,02,1,20250301,121631,000000093503,2,4.29,8.58,4.29,0.00,S,,BG25W04B,USD,CS
70001226,02211,02,2,20250301,121631,000000020101,1,2.49,2.49,0.00,0.00,S,,,USD,CS
70001226,02211,02,3,20250301,121631,000004481003,3,4.99,14.97,0.00,0.94,S,,,USD,CS
70001226,02211,02,4,20250301,121631,000000005012,1,3.99,3.99,0.00,0.00,S,,,USD,CS
70001227,02211,01,1,20250301,84143,000000005102,1,5.49,5.49,0.00,0.00,S,6076769915,,USD,GC
70001228,02211,03,1,20250301,175033,000000005013,2,3.89,7.78,0.00,0.00,S,,,USD,CS
70001228,02211,03,2,20250301,175033,000004472003,1,3.29,3.29,0.00,0.21,S,,,USD,CS
70001228,02211,03,3,20250301,175033,000000562001,3,10.99,32.97,10.99,1.37,S,,MB25W03,USD,CS
70001228,02211,03,4,20250301,175033,000000005301,1,5.49,5.49,0.00,0.00,S,,,USD,CS
70001228,02211,03,5,20250301,175033,000000040102,1.180,16.99,20.05,0.00,0.00,S,,,USD,CS
70001229,02211,04,1,20250301,82640,000004491003,2,1.99,3.98,0.00,0.25,S,6042893113,,USD,GC
70001229,02211,04,2,20250301,82640,000000020201,1,5.49,5.49,0.00,0.00,S,6042893113,,USD,GC
70001230,02211,03,1,20250301,174718,000004492001,1,1.79,1.79,0.00,0.11,S,,,USD,CC
70001230,02211,03,2,20250301,174718,000004493001,1,5.49,5.49,0.00,0.34,S,,,USD,CC
70001231,02305,03,1,20250301,90345,000000005103,1,6.99,6.99,0.00,0.00,S,6031910090,,USD,CS
70001231,02305,03,2,20250301,90345,000000552002,1,3.99,3.99,0.00,0.25,S,6031910090,,USD,CS
70001232,02305,04,1,20250301,92709,000004472001,2,3.99,7.98,3.99,0.25,S,6072946671,BG25W04,USD,GC
70001233,02305,05,1,20250301,72159,000000093501,1,4.49,4.49,0.00,0.00,S,,,USD,DB
70001233,02305,05,2,20250301,72159,000000005102,1,5.49,5.49,0.00,0.00,S,,,USD,DB
70001233,02305,05,3,20250301,72159,000004482002,3,17.99,53.97,17.99,2.25,S,,MB25W03,USD,DB
70001233,02305,05,4,20250301,72159,000004482001,1,13.99,13.99,0.00,0.87,S,,,USD,DB
70001234,02305,04,1,20250301,174214,000000005013,1,3.89,3.89,0.00,0.00,S,,,USD,GC
70001234,02305,04,2,20250301,174214,000000040101,1.224,18.99,23.24,0.00,0.00,S,,,USD,GC
70001234,02305,04,3,20250301,174214,000000005102,2,5.49,10.98,0.00,0.00,S,,,USD,GC
70001235,02305,01,1,20250301,204339,000000093501,2,4.49,8.98,0.00,0.00,S,6090705626,,USD,CS
70001235,02305,01,2,20250301,204339,000004491001,3,2.49,7.47,0.00,0.47,S,6090705626,,USD,CS
70001236,02305,06,1,20250301,150210,000000040101,1.258,18.99,23.89,0.00,0.00,S,,,USD,DB
70001236,02305,06,2,20250301,150210,000000030103,2,8.99,17.98,8.99,0.00,S,,BG25W04B,USD,DB
70001236,02305,06,3,20250301,150210,000004491002,1,6.99,6.99,0.00,0.44,S,,,USD,DB
70001236,02305,06,4,20250301,150210,000000093502,1,3.99,3.99,0.00,0.00,S,,,USD,DB
70001236,02305,06,5,20250301,150210,000004492002,3,1.49,4.47,0.00,0.28,S,,,USD,DB
70001236,02305,06,6,20250301,150210,000000561001,2,9.99,19.98,9.99,0.62,S,,BG25W04B,USD,DB
70001237,02305,06,1,20250301,211905,000000005102,1,5.49,5.49,0.00,0.00,S,,,USD,CC
70001238,02305,03,1,20250301,193424,000000030203,1,8.49,8.49,0.00,0.00,S,,,USD,CC
70001238,02305,03,2,20250301,193424,000000005301,2,5.49,10.98,0.00,0.00,S,,,USD,CC
70001238,02305,03,3,20250301,193424,000000093502,1,3.99,3.99,0.00,0.00,S,,,USD,CC
70001238,02305,03,4,20250301,193424,000000093321,0.620,1.49,0.92,0.00,0.00,S,,,USD,CC
70001239,02305,05,1,20250301,101826,000000005012,3,3.99,11.97,3.99,0.00,S,6039930561,MB25W03,USD,CS
70001239,02305,05,2,20250301,101826,000000562002,1,8.49,8.49,0.00,0.53,S,6039930561,,USD,CS
70001240,02305,05,1,20250301,90156,000000093402,1.948,3.29,6.41,0.00,0.00,S,6071122182,,USD,DB
70001240,02305,05,2,20250301,90156,000000005012,1,3.99,3.99,0.00,0.00,S,6071122182,,USD,DB
70001241,02305,02,1,20250301,171052,000000561001,2,9.99,19.98,9.99,0.62,S,6056242201,BG25W04B,USD,GC
70001241,02305,02,2,20250301,171052,000000005201,1,3.99,3.99,0.00,0.00,S,6056242201,,USD,GC
70001241,02305,02,3,20250301,171052,000000040201,3,8.99,26.97,0.00,0.00,S,6056242201,,USD,GC
70001241,02305,02,4,20250301,171052,000000030103,2,8.99,17.98,8.99,0.00,S,6056242201,BG25W04B,USD,GC
70001242,02305,03,1,20250301,214542,000004473003,1,3.49,3.49,0.00,0.22,S,6091320330,,USD,DB
70001242,02305,03,2,20250301,214542,000000093410,1.859,3.99,7.42,0.00,0.00,S,6091320330,,USD,DB
70001242,02305,03,3,20250301,214542,000004483001,1,4.99,4.99,0.00,0.31,S,6091320330,,USD,DB
70001243,02305,01,1,20250301,124941,000000005020,1,4.49,4.49,0.00,0.00,S,,,USD,CC
70001244,03050,02,1,20250301,90440,000000552002,1,3.99,3.99,0.00,0.25,S,6045886792,,USD,CC
70001244,03050,02,2,20250301,90440,000000040101,1.559,18.99,29.61,0.00,0.00,S,6045886792,,USD,CC
70001244,03050,02,3,20250301,90440,000000005201,1,3.99,3.99,0.00,0.00,S,6045886792,,USD,CC
70001244,03050,02,4,20250301,90440,000000030103,2,8.99,17.98,8.99,0.00,S,6045886792,BG25W04B,USD,CC
70001245,03050,03,1,20250301,120054,000000030103,2,8.99,17.98,8.99,0.00,S,6026368970,BG25W04B,USD,CC
70001245,03050,03,2,20250301,120054,000000094102,1,3.49,3.49,0.00,0.00,S,6026368970,,USD,CC
70001245,03050,03,3,20250301,120054,000004482003,1,5.49,5.49,0.00,0.34,S,6026368970,,USD,CC
70001245,03050,03,4,20250301,120054,000000040202,1,14.99,14.99,0.00,0.00,S,6026368970,,USD,CC
70001245,03050,03,5,20250301,120054,000000020103,1,4.99,4.99,0.00,0.00,S,6026368970,,USD,CC
70001246,03050,06,1,20250301,74428,000000005101,1,7.99,7.99,0.00,0.00,S,,,USD,DB
70001246,03050,06,2,20250301,74428,000004473002,1,2.79,2.79,0.00,0.17,S,,,USD,DB
70001247,03050,06,1,20250301,74155,000004473001,1,2.99,2.99,0.00,0.19,S,,,USD,DB
70001248,03050,03,1,20250301,211542,000004471024,1,3.49,3.49,0.00,0.22,S,,,USD,DB
70001248,03050,03,2,20250301,211542,000000093410,1.404,3.99,5.60,0.00,0.00,S,,,USD,DB
70001248,03050,03,3,20250301,211542,000000561001,1,9.99,9.99,0.00,0.62,S,,,USD,DB
70001248,03050,03,4,20250301,211542,000004482002,1,17.99,17.99,0.00,1.12,S,,,USD,DB
70001249,03050,06,1,20250301,124521,000000005302,1,3.49,3.49,0.00,0.00,S,6023179556,,USD,CC
70001250,03050,01,1,20250301,160719,000000551021,2,11.99,23.98,0.00,1.50,S,,,USD,GC
70001250,03050,01,2,20250301,160719,000000020201,1,5.49,5.49,0.00,0.00,S,,,USD,GC
70001250,03050,01,3,20250301,160719,000004483002,1,3.49,3.49,0.00,0.22,S,,,USD,GC
70001250,03050,01,4,20250301,160719,000000040101,0.742,18.99,14.09,0.00,0.00,S,,,USD,GC
70001250,03050,01,5,20250301,160719,000000020103,3,4.99,14.97,0.00,0.00,S,,,USD,GC
70001250,03050,01,6,20250301,160719,000000040102,0.552,16.99,9.38,0.00,0.00,S,,,USD,GC
70001251,03050,04,1,20250301,150205,000004492003,1,2.29,2.29,0.00,0.14,S,,,USD,DB
70001252,03050,06,1,20250301,123735,000000005102,2,5.49,10.98,0.00,0.00,S,,,USD,CS
70001253,03050,02,1,20250301,83748,000004472001,2,3.99,7.98,3.99,0.25,S,,BG25W04,USD,GC
70001253,03050,02,2,20250301,83748,000000020203,1,6.49,6.49,0.00,0.00,S,,,USD,GC
70001254,03050,04,1,20250301,114921,000004482002,1,17.99,17.99,0.00,1.12,S,6022784699,,USD,GC
70001254,03050,04,2,20250301,114921,000004491002,1,6.99,6.99,0.00,0.44,S,6022784699,,USD,GC
70001254,03050,04,3,20250301,114921,000000552001,1,4.49,4.49,0.00,0.28,S,6022784699,,USD,GC
70001254,03050,04,4,20250301,114921,000004491003,1,1.99,1.99,0.00,0.12,S,6022784699,,USD,GC
70001254,03050,04,5,20250301,114921,000000020202,1,5.99,5.99,0.00,0.00,S,6022784699,,USD,GC
70001254,03050,04,6,20250301,114921,000000094101,1,3.99,3.99,0.00,0.00,S,6022784699,,USD,GC
70001255,00317,01,1,20250301,214522,000000562001,3,14.89,44.67,14.89,1.86,S,,MB25W03,CAD,DB
70001255,00317,01,2,20250301,214522,000000005101,1,10.89,10.89,0.00,0.00,S,,,CAD,DB
70001255,00317,01,3,20250301,214522,000000005201,1,5.39,5.39,0.00,0.00,S,,,CAD,DB
70001256,00317,03,1,20250301,100604,000000030101,1,9.49,9.49,0.00,0.00,S,6026153473,,CAD,DB
70001256,00317,03,2,20250301,100604,000004481003,1,6.79,6.79,0.00,0.42,S,6026153473,,CAD,DB
70001257,00317,05,1,20250301,91413,000004481001,2,10.89,21.78,0.00,1.36,S,,,CAD,CS
70001257,00317,05,2,20250301,91413,000004483002,1,4.69,4.69,0.00,0.29,S,,,CAD,CS
70001257,00317,05,3,20250301,91413,000004473003,1,4.69,4.69,0.00,0.29,S,,,CAD,CS
70001257,00317,05,4,20250301,91413,000000561001,1,13.59,13.59,0.00,0.85,S,,,CAD,CS
70001257,00317,05,5,20250301,91413,000004482002,3,24.49,73.47,24.49,3.06,S,,MB25W03,CAD,CS
70001258,00317,01,1,20250301,102530,000000005012,3,5.39,16.17,5.39,0.00,S,6045109109,MB25W03,CAD,DB
70001259,00317,04,1,20250301,94855,000000005020,2,6.09,12.18,0.00,0.00,S,,,CAD,DB
70001259,00317,04,2,20250301,94855,000000030202,1,15.59,15.59,0.00,0.00,S,,,CAD,DB
70001259,00317,04,3,20250301,94855,000000094102,1,4.69,4.69,0.00,0.00,S,,,CAD,DB
70001259,00317,04,4,20250301,94855,000000040203,1,16.29,16.29,0.00,0.00,S,,,CAD,DB
70001259,00317,04,5,20250301,94855,000000005020,1,6.09,6.09,0.00,0.00,S,,,CAD,DB
70001260,00317,03,1,20250301,180654,000000094301,1.669,5.99,10.00,0.00,0.00,S,6096421522,,CAD,GC
70001260,00317,03,2,20250301,180654,000004481003,1,6.79,6.79,0.00,0.42,S,6096421522,,CAD,GC
70001260,00317,03,3,20250301,180654,000004492050,1,2.99,2.99,0.00,0.19,S,6096421522,,CAD,GC
70001260,00317,03,4,20250301,180654,000004472003,1,4.49,4.49,0.00,0.28,S,6096421522,,CAD,GC
70001260,00317,03,5,20250301,180654,000004483002,1,4.69,4.69,0.00,0.29,S,6096421522,,CAD,GC
70001261,00317,02,1,20250301,91449,000000005103,1,9.49,9.49,0.00,0.00,S,,,CAD,DB
70001261,00317,02,2,20250301,91449,000000031102,1.331,27.19,36.19,0.00,0.00,S,,,CAD,DB
70001261,00317,02,3,20250301,91449,000000005012,3,5.39,16.17,5.39,0.00,S,,MB25W03,CAD,DB
70001261,00317,02,4,20250301,91449,000000562002,1,11.49,11.49,0.00,0.72,S,,,CAD,DB
70001261,00317,02,5,20250301,91449,000000005012,1,5.39,5.39,0.00,0.00,S,,,CAD,DB
70001262,00317,02,1,20250301,164721,000004483001,2,6.79,13.58,0.00,0.85,S,6010587525,,CAD,DB
70001262,00317,02,2,20250301,164721,000000551020,1,18.99,18.99,0.00,1.19,S,6010587525,,CAD,DB
70001262,00317,02,3,20250301,164721,000004491001,1,3.39,3.39,0.00,0.21,S,6010587525,,CAD,DB
70001262,00317,02,4,20250301,164721,000000005301,1,7.49,7.49,0.00,0.00,S,6010587525,,CAD,DB
70001262,00317,02,5,20250301,164721,000000020202,2,8.09,16.18,0.00,0.00,S,6010587525,,CAD,DB
70001263,00317,01,1,20250301,135225,000000020103,1,6.79,6.79,0.00,0.00,S,,,CAD,CC
70001263,00317,01,2,20250301,135225,000000040203,1,16.29,16.29,0.00,0.00,S,,,CAD,CC
70001263,00317,01,3,20250301,135225,000000551021,1,16.29,16.29,0.00,1.02,S,,,CAD,CC
70001263,00317,01,4,20250301,135225,000004482002,3,24.49,73.47,24.49,3.06,S,,MB25W03,CAD,CC
70001263,00317,01,5,20250301,135225,000000562002,1,11.49,11.49,0.00,0.72,S,,,CAD,CC
70001264,00317,06,1,20250301,144535,000000031102,0.494,27.19,13.43,0.00,0.00,S,,,CAD,CC
70001264,00317,06,2,20250301,144535,000000093410,0.401,5.39,2.16,0.00,0.00,S,,,CAD,CC
70001264,00317,06,3,20250301,144535,000004493001,2,7.49,14.98,0.00,0.94,S,,,CAD,CC
70001264,00317,06,4,20250301,144535,000000005201,1,5.39,5.39,0.00,0.00,S,,,CAD,CC
70001265,00317,05,1,20250301,171624,000000561001,2,13.59,27.18,13.59,0.85,S,,BG25W04B,CAD,GC
70001266,00317,02,1,20250301,84131,000000093410,1.113,5.39,6.00,0.00,0.00,S,,,CAD,CC
70001266,00317,02,2,20250301,84131,000000020203,1,8.79,8.79,0.00,0.00,S,,,CAD,CC
70001266,00317,02,3,20250301,84131,000004482001,2,18.99,37.98,0.00,2.37,S,,,CAD,CC
70001266,00317,02,4,20250301,84131,000004482003,2,7.49,14.98,7.49,0.47,S,,BG25W04,CAD,CC
70001267,00317,02,1,20250301,75651,000000005103,3,9.49,28.47,0.00,0.00,S,6060798487,,CAD,GC
70001267,00317,02,2,20250301,75651,000000561001,2,13.59,27.18,13.59,0.85,S,6060798487,BG25W04B,CAD,GC
70001267,00317,02,3,20250301,75651,000004483001,1,6.79,6.79,0.00,0.42,S,6060798487,,CAD,GC
70001267,00317,02,4,20250301,75651,000004483001,1,6.79,6.79,0.00,0.42,S,6060798487,,CAD,GC
70001268,00317,02,1,20250301,130038,000000093503,2,5.79,11.58,5.79,0.00,S,,BG25W04B,CAD,DB
70001268,00317,02,2,20250301,130038,000004473001,1,4.09,4.09,0.00,0.26,S,,,CAD,DB
70001268,00317,02,3,20250301,130038,000004493001,1,7.49,7.49,0.00,0.47,S,,,CAD,DB
70001268,00317,02,4,20250301,130038,000004493001,1,7.49,7.49,0.00,0.47,S,,,CAD,DB
70001268,00317,02,5,20250301,130038,000004481001,1,10.89,10.89,0.00,0.68,S,,,CAD,DB
70001269,00317,05,1,20250301,124000,000004482003,2,7.49,14.98,7.49,0.47,S,6005973642,BG25W04,CAD,CC
70001269,00317,05,2,20250301,124000,000000005101,3,10.89,32.67,0.00,0.00,S,6005973642,,CAD,CC
70001269,00317,05,3,20250301,124000,000004472003,2,4.49,8.98,0.00,0.56,S,6005973642,,CAD,CC
70001269,00317,05,4,20250301,124000,000000040202,1,20.39,20.39,0.00,0.00,S,6005973642,,CAD,CC
70001269,00317,05,5,20250301,124000,000000094203,0.906,1.99,1.80,0.00,0.00,S,6005973642,,CAD,CC
70001270,00317,04,1,20250301,71452,000004471024,1,4.69,4.69,0.00,0.29,S,,,CAD,GC
70001270,00317,04,2,20250301,71452,000000005012,3,5.39,16.17,5.39,0.00,S,,MB25W03,CAD,GC
70001270,00317,04,3,20250301,71452,000000020103,1,6.79,6.79,0.00,0.00,S,,,CAD,GC
70001270,00317,04,4,20250301,71452,000000005013,1,5.29,5.29,0.00,0.00,S,,,CAD,GC
70001270,00317,04,5,20250301,71452,000000094201,1.563,2.29,3.58,0.00,0.00,S,,,CAD,GC
70001270,00317,04,6,20250301,71452,000004473001,1,4.09,4.09,0.00,0.26,S,,,CAD,GC
70001271,01042,05,1,20250302,104803,000000040202,1,14.99,14.99,0.00,0.00,S,,,USD,DB
70001271,01042,05,2,20250302,104803,000000561002,1,7.49,7.49,0.00,0.47,S,,,USD,DB
70001271,01042,05,3,20250302,104803,000000040203,1,11.99,11.99,0.00,0.00,S,,,USD,DB
70001271,01042,05,4,20250302,104803,000000093322,0.352,1.99,0.70,0.00,0.00,S,,,USD,DB
70001272,01042,02,1,20250302,70831,000000031102,0.738,19.99,14.75,0.00,0.00,S,6008545667,,USD,CC
70001272,01042,02,2,20250302,70831,000000030101,1,6.99,6.99,0.00,0.00,S,6008545667,,USD,CC
70001272,01042,02,3,20250302,70831,000000005012,1,3.99,3.99,0.60,0.00,S,6008545667,LY25W05,USD,CC
70001273,01042,01,1,20250302,204656,000000020103,2,4.99,9.98,0.00,0.00,S,,,USD,GC
70001273,01042,01,2,20250302,204656,000000552001,1,4.49,4.49,0.00,0.28,S,,,USD,GC
70001273,01042,01,3,20250302,204656,000000005101,1,7.99,7.99,0.00,0.00,S,,,USD,GC
70001273,01042,01,4,20250302,204656,000000020102,2,3.49,6.98,0.00,0.00,S,,,USD,GC
70001274,01042,02,1,20250302,163554,000000040102,1.076,16.99,18.28,0.00,0.00,S,,,USD,GC
70001275,01042,05,1,20250302,103106,000000093503,1,4.29,4.29,0.00,0.00,S,6019553560,,USD,CS
70001275,01042,05,2,20250302,103106,000000020101,1,2.49,2.49,0.00,0.00,S,6019553560,,USD,CS
70001276,01042,05,1,20250302,155842,000000552001,1,4.49,4.49,0.00,0.28,S,,,USD,DB
70001277,01042,05,1,20250302,163227,000000005013,1,3.89,3.89,0.00,0.00,S,,,USD,DB
70001277,01042,05,2,20250302,163227,000000094203,0.471,1.49,0.70,0.00,0.00,S,,,USD,DB
70001277,01042,05,3,20250302,163227,000000093325,0.763,3.99,3.04,0.00,0.00,S,,,USD,DB
70001277,01042,05,4,20250302,163227,000000094103,1,3.79,3.79,0.00,0.00,S,,,USD,DB
70001277,01042,05,5,20250302,163227,000000562002,3,8.49,25.47,0.00,1.59,S,,,USD,DB
70001278,01107,01,1,20250302,104242,000004483001,1,4.99,4.99,0.00,0.31,S,6022161070,,USD,DB
70001278,01107,01,2,20250302,104242,000000040203,1,11.99,11.99,0.00,0.00,S,6022161070,,USD,DB
70001278,01107,01,3,20250302,104242,000000093410,1.694,3.99,6.76,0.00,0.00,S,6022161070,,USD,DB
70001278,01107,01,4,20250302,104242,000000040203,1,11.99,11.99,0.00,0.00,V,6022161070,,USD,DB
70001279,01107,01,1,20250302,184927,000004481001,1,7.99,7.99,0.00,0.50,S,,,USD,CC
70001279,01107,01,2,20250302,184927,000000031102,0.471,19.99,9.42,0.00,0.00,S,,,USD,CC
70001280,01107,04,1,20250302,110206,000004481001,1,7.99,7.99,0.00,0.50,S,,,USD,DB
70001280,01107,04,2,20250302,110206,000000040102,1.395,16.99,23.70,0.00,0.00,S,,,USD,DB
70001280,01107,04,3,20250302,110206,000000005301,1,5.49,5.49,0.00,0.00,S,,,USD,DB
70001281,01107,05,1,20250302,210603,000000020103,1,4.99,4.99,0.00,0.00,S,,,USD,DB
70001281,01107,05,2,20250302,210603,000004473003,2,3.49,6.98,0.00,0.44,S,,,USD,DB
70001282,01107,03,1,20250302,144000,000000040202,3,14.99,44.97,0.00,0.00,S,,,USD,DB
70001282,01107,03,2,20250302,144000,000000093325,1.963,3.99,7.83,0.00,0.00,S,,,USD,DB
70001282,01107,03,3,20250302,144000,000000005301,1,5.49,5.49,0.00,0.00,S,,,USD,DB
70001282,01107,03,4,20250302,144000,000004471030,2,3.99,7.98,0.00,0.50,S,,,USD,DB
70001283,02210,01,1,20250302,122057,000000093503,2,4.29,8.58,0.00,0.00,S,6080442067,,USD,GC
70001283,02210,01,2,20250302,122057,000004473001,1,2.99,2.99,0.00,0.19,S,6080442067,,USD,GC
70001284,02210,02,1,20250302,193303,000000094301,0.442,4.39,1.94,0.00,0.00,S,6092499125,,USD,GC
70001284,02210,02,2,20250302,193303,000000005301,1,5.49,5.49,0.00,0.00,S,6092499125,,USD,GC
70001285,02210,04,1,20250302,125326,000000020203,2,6.49,12.98,0.00,0.00,S,,,USD,CS
70001285,02210,04,2,20250302,125326,000000093401,1.565,5.49,8.59,0.00,0.00,S,,,USD,CS
70001285,02210,04,3,20250302,125326,000004491001,2,2.49,4.98,0.00,0.31,S,,,USD,CS
70001285,02210,04,4,20250302,125326,000004491001,1,2.49,2.49,0.00,0.16,S,,,USD,CS
70001286,02210,05,1,20250302,74942,000004481001,1,7.99,7.99,0.00,0.50,S,,,USD,CC
70001286,02210,05,2,20250302,74942,000000094202,1.277,1.99,2.54,0.00,0.00,S,,,USD,CC
70001286,02210,05,3,20250302,74942,000000552001,1,4.49,4.49,0.00,0.28,S,,,USD,CC
70001286,02210,05,4,20250302,74942,000000031101,0.793,24.99,19.82,0.00,0.00,S,,,USD,CC
70001286,02210,05,5,20250302,74942,000000030103,1,8.99,8.99,0.00,0.00,S,,,USD,CC
70001287,02210,06,1,20250302,185446,000004471023,1,3.49,3.49,0.00,0.22,S,,,USD,CC
70001287,02210,06,2,20250302,185446,000000005020,2,4.49,8.98,0.00,0.00,S,,,USD,CC
70001288,02210,02,1,20250302,214315,000000020101,1,2.49,2.49,0.00,0.00,S,,,USD,GC
70001288,02210,02,2,20250302,214315,000000005012,1,3.99,3.99,0.00,0.00,S,,,USD,GC
70001289,02210,05,1,20250302,172506,000000040201,1,8.99,8.99,0.00,0.00,S,,,USD,CS
70001289,02210,05,2,20250302,172506,000004493001,1,5.49,5.49,0.00,0.34,S,,,USD,CS
70001289,02210,05,3,20250302,172506,000000040203,1,11.99,11.99,0.00,0.00,S,,,USD,CS
70001289,02210,05,4,20250302,172506,000000093402,1.673,3.29,5.50,0.00,0.00,S,,,USD,CS
70001290,02210,05,1,20250302,104426,000000030201,1,9.99,9.99,0.00,0.00,S,,,USD,CC
70001290,02210,05,2,20250302,104426,000000093410,0.775,3.99,3.09,0.00,0.00,S,,,USD,CC
70001290,02210,05,3,20250302,104426,000004483002,2,3.49,6.98,0.00,0.44,S,,,USD,CC
70001290,02210,05,4,20250302,104426,000004492003,1,2.29,2.29,0.00,0.14,S,,,USD,CC
70001290,02210,05,5,20250302,104426,000004481003,2,4.99,9.98,0.00,0.62,S,,,USD,CC
70001291,02210,05,1,20250302,202335,000000093325,2.122,3.99,8.47,0.00,0.00,S,,,USD,CC
70001291,02210,05,2,20250302,202335,000004481001,1,7.99,7.99,0.00,0.50,S,,,USD,CC
70001291,02210,05,3,20250302,202335,000004492002,1,1.49,1.49,0.00,0.09,S,,,USD,CC
70001291,02210,05,4,20250302,202335,000004471030,1,3.99,3.99,0.00,0.25,S,,,USD,CC
70001292,02210,03,1,20250302,160421,000000031101,1.086,24.99,27.14,0.00,0.00,S,6036820506,,USD,DB
70001292,02210,03,2,20250302,160421,000000005201,1,3.99,3.99,0.00,0.00,S,6036820506,,USD,DB
70001292,02210,03,3,20250302,160421,000000552001,1,4.49,4.49,0.00,0.28,S,6036820506,,USD,DB
70001293,02210,04,1,20250302,160011,000000020203,1,6.49,6.49,0.00,0.00,S,6064970169,,USD,GC
70001293,02210,04,2,20250302,160011,000004483002,1,3.49,3.49,0.00,0.22,S,6064970169,,USD,GC
70001293,02210,04,3,20250302,160011,000000020101,1,2.49,2.49,0.00,0.00,S,6064970169,,USD,GC
70001294,02210,03,1,20250302,184924,000000093321,1.926,1.49,2.87,0.00,0.00,S,,,USD,CC
70001294,02210,03,2,20250302,184924,000000030202,1,11.49,11.49,0.00,0.00,S,,,USD,CC
70001294,02210,03,3,20250302,184924,000004472003,3,3.29,9.87,0.00,0.62,S,,,USD,CC
70001295,02210,01,1,20250302,172742,000000561001,1,9.99,9.99,0.00,0.62,S,6061337184,,USD,CC
70001295,02210,01,2,20250302,172742,000004471040,1,2.49,2.49,0.37,0.13,S,6061337184,LY25W05,USD,CC
70001295,02210,01,3,20250302,172742,000000005101,1,7.99,7.99,0.00,0.00,S,6061337184,,USD,CC
70001296,02211,01,1,20250302,192351,000000040101,1.536,18.99,29.17,0.00,0.00,S,,,USD,CC
70001297,02211,02,1,20250302,75524,000000020102,3,3.49,10.47,0.00,0.00,S,6051702814,,USD,CS
70001297,02211,02,2,20250302,75524,000000040201,1,8.99,8.99,0.00,0.00,S,6051702814,,USD,CS
70001297,02211,02,3,20250302,75524,000000040202,1,14.99,14.99,0.00,0.00,S,6051702814,,USD,CS
70001297,02211,02,4,20250302,75524,000000040203,1,11.99,11.99,0.00,0.00,S,6051702814,,USD,CS
70001298,02211,02,1,20250302,170910,000004491003,1,1.99,1.99,0.00,0.12,S,,,USD,DB
70001298,02211,02,2,20250302,170910,000004491001,1,2.49,2.49,0.00,0.16,S,,,USD,DB
70001299,02211,01,1,20250302,71302,000000005102,1,5.49,5.49,0.00,0.00,S,,,USD,CS
70001299,02211,01,2,20250302,71302,000000040203,1,11.99,11.99,0.00,0.00,S,,,USD,CS
70001300,02211,05,1,20250302,135027,000000561001,1,9.99,9.99,0.00,0.62,R,,,USD,CC
70001301,02211,04,1,20250302,85633,000000040202,1,14.99,14.99,0.00,0.00,S,,,USD,CC
70001301,02211,04,2,20250302,85633,000004491002,1,6.99,6.99,0.00,0.44,S,,,USD,CC
70001301,02211,04,3,20250302,85633,000000030203,3,8.49,25.47,0.00,0.00,S,,,USD,CC
70001301,02211,04,4,20250302,85633,000000005202,1,5.99,5.99,0.00,0.00,S,,,USD,CC
70001301,02211,04,5,20250302,85633,000000020102,1,3.49,3.49,0.00,0.00,S,,,USD,CC
70001302,02211,03,1,20250302,141211,000004471023,1,3.49,3.49,0.52,0.19,S,6053544439,LY25W05,USD,CS
70001302,02211,03,2,20250302,141211,000000040102,1.518,16.99,25.79,0.00,0.00,S,6053544439,,USD,CS
70001302,02211,03,3,20250302,141211,000000005012,1,3.99,3.99,0.60,0.00,S,6053544439,LY25W05,USD,CS
70001302,02211,03,4,20250302,141211,000000040202,1,14.99,14.99,0.00,0.00,S,6053544439,,USD,CS
70001302,02211,03,5,20250302,141211,000004471023,1,3.49,3.49,0.52,0.19,S,6053544439,LY25W05,USD,CS
70001303,02211,06,1,20250302,162513,000004472002,1,4.49,4.49,0.00,0.28,S,,,USD,CC
70001304,02305,05,1,20250302,132646,000004491003,1,1.99,1.99,0.00,0.12,S,6031310094,,USD,GC
70001305,02305,04,1,20250302,135630,000000040202,1,14.99,14.99,0.00,0.00,S,,,USD,CC
70001305,02305,04,2,20250302,135630,000000094202,0.385,1.99,0.77,0.00,0.00,S,,,USD,CC
70001305,02305,04,3,20250302,135630,000000005012,1,3.99,3.99,0.00,0.00,S,,,USD,CC
70001305,02305,04,4,20250302,135630,000000552001,1,4.49,4.49,0.00,0.28,S,,,USD,CC
70001306,02305,02,1,20250302,201325,000000551020,2,13.99,27.98,0.00,1.75,S,6072946671,,USD,DB
70001306,02305,02,2,20250302,201325,000000005103,1,6.99,6.99,0.00,0.00,S,6072946671,,USD,DB
70001306,02305,02,3,20250302,201325,000000005202,1,5.99,5.99,0.00,0.00,S,6072946671,,USD,DB
70001307,02305,01,1,20250302,134518,000000040203,1,11.99,11.99,0.00,0.00,S,,,USD,CC
70001307,02305,01,2,20250302,134518,000004471030,1,3.99,3.99,0.00,0.25,S,,,USD,CC
70001307,02305,01,3,20250302,134518,000000030201,1,9.99,9.99,0.00,0.00,S,,,USD,CC
70001307,02305,01,4,20250302,134518,000004492003,1,2.29,2.29,0.00,0.14,S,,,USD,CC
70001308,02305,03,1,20250302,172838,000000040203,1,11.99,11.99,0.00,0.00,S,,,USD,CC
70001308,02305,03,2,20250302,172838,000004471030,2,3.99,7.98,0.00,0.50,S,,,USD,CC
70001308,02305,03,3,20250302,172838,000000562002,1,8.49,8.49,0.00,0.53,S,,,USD,CC
70001308,02305,03,4,20250302,172838,000000093410,1.320,3.99,5.27,0.00,0.00,S,,,USD,CC
70001308,02305,03,5,20250302,172838,000004482003,2,5.49,10.98,0.00,0.69,S,,,USD,CC
70001309,02305,06,1,20250302,164640,000004472001,1,3.99,3.99,0.00,0.25,S,6093126978,,USD,CC
70001309,02305,06,2,20250302,164640,000000552002,3,3.99,11.97,0.00,0.75,S,6093126978,,USD,CC
70001309,02305,06,3,20250302,164640,000004481003,1,4.99,4.99,0.00,0.31,S,6093126978,,USD,CC
70001309,02305,06,4,20250302,164640,000004472001,3,3.99,11.97,0.00,0.75,S,6093126978,,USD,CC
70001309,02305,06,5,20250302,164640,000000093410,0.358,3.99,1.43,0.00,0.00,S,6093126978,,USD,CC
70001309,02305,06,6,20250302,164640,000000552001,1,4.49,4.49,0.00,0.28,S,6093126978,,USD,CC
70001310,02305,03,1,20250302,190725,000000093501,1,4.49,4.49,0.00,0.00,S,6090705626,,USD,CC
70001311,02305,06,1,20250302,112507,000000094203,0.931,1.49,1.39,0.00,0.00,S,6026042232,,USD,DB
70001311,02305,06,2,20250302,112507,000004471023,1,3.49,3.49,0.52,0.19,S,6026042232,LY25W05,USD,DB
70001311,02305,06,3,20250302,112507,000000093322,0.747,1.99,1.49,0.00,0.00,S,6026042232,,USD,DB
70001311,02305,06,4,20250302,112507,000004493001,1,5.49,5.49,0.00,0.34,S,6026042232,,USD,DB
70001311,02305,06,5,20250302,112507,000000005012,1,3.99,3.99,0.60,0.00,S,6026042232,LY25W05,USD,DB
70001312,02305,03,1,20250302,121954,000000005102,1,5.49,5.49,0.00,0.00,S,,,USD,CS
70001312,02305,03,2,20250302,121954,000004481003,1,4.99,4.99,0.00,0.31,S,,,USD,CS
70001313,02305,04,1,20250302,170229,000000093502,1,3.99,3.99,0.00,0.00,S,,,USD,DB
70001313,02305,04,2,20250302,170229,000000561001,1,9.99,9.99,0.00,0.62,S,,,USD,DB
70001314,02305,06,1,20250302,161356,000000040201,1,8.99,8.99,0.00,0.00,S,6039930561,,USD,GC
70001314,02305,06,2,20250302,161356,000000005103,1,6.99,6.99,0.00,0.00,S,6039930561,,USD,GC
70001314,02305,06,3,20250302,161356,000000094301,1.106,4.39,4.86,0.00,0.00,S,6039930561,,USD,GC
70001314,02305,06,4,20250302,161356,000004492001,1,1.79,1.79,0.00,0.11,S,6039930561,,USD,GC
70001315,02305,06,1,20250302,115951,000004492002,2,1.49,2.98,0.00,0.19,S,,,USD,GC
70001315,02305,06,2,20250302,115951,000004471024,1,3.49,3.49,0.00,0.22,S,,,USD,GC
70001315,02305,06,3,20250302,115951,000000551021,2,11.99,23.98,0.00,1.50,S,,,USD,GC
70001315,02305,06,4,20250302,115951,000004471030,1,3.99,3.99,0.00,0.25,S,,,USD,GC
70001315,02305,06,5,20250302,115951,000000005012,1,3.99,3.99,0.00,0.00,S,,,USD,GC
70001315,02305,06,6,20250302,115951,000000040201,1,8.99,8.99,0.00,0.00,S,,,USD,GC
70001316,03050,04,1,20250302,120857,000004471024,1,3.49,3.49,0.00,0.22,S,6006065274,,USD,CC
70001317,00317,01,1,20250302,212831,000000030201,1,13.59,13.59,0.00,0.00,S,6003865719,,CAD,CS
70001317,00317,01,2,20250302,212831,000004471030,1,5.39,5.39,0.81,0.29,S,6003865719,LY25W05,CAD,CS
70001317,00317,01,3,20250302,212831,000004473001,1,4.09,4.09,0.00,0.26,S,6003865719,,CAD,CS
70001317,00317,01,4,20250302,212831,000004472002,2,6.09,12.18,0.00,0.76,S,6003865719,,CAD,CS
70001318,00317,05,1,20250302,72151,000004492003,1,3.09,3.09,0.00,0.19,S,,,CAD,CC
70001318,00317,05,2,20250302,72151,000000040203,2,16.29,32.58,0.00,0.00,S,,,CAD,CC
70001319,00317,06,1,20250302,202951,000000562001,1,14.89,14.89,0.00,0.93,S,,,CAD,CC
70001320,00317,06,1,20250302,143638,000000005020,1,6.09,6.09,0.00,0.00,S,,,CAD,CC
70001321,00317,01,1,20250302,164739,000000005101,2,10.89,21.78,0.00,0.00,S,,,CAD,GC
70001321,00317,01,2,20250302,164739,000000005201,1,5.39,5.39,0.00,0.00,S,,,CAD,GC
70001321,00317,01,3,20250302,164739,000000094102,1,4.69,4.69,0.00,0.00,S,,,CAD,GC
70001322,00317,03,1,20250302,113628,000004481003,2,6.79,13.58,0.00,0.85,S,,,CAD,CC
70001322,00317,03,2,20250302,113628,000000094202,1.070,2.69,2.88,0.00,0.00,S,,,CAD,CC
70001323,01042,03,1,20250303,72834,000004483002,1,3.49,3.49,0.00,0.22,S,,,USD,DB
70001323,01042,03,2,20250303,72834,000004473003,1,3.49,3.49,0.00,0.22,S,,,USD,DB
70001323,01042,03,3,20250303,72834,000000030103,1,8.99,8.99,0.00,0.00,S,,,USD,DB
70001323,01042,03,4,20250303,72834,000000562002,3,8.49,25.47,0.00,1.59,S,,,USD,DB
70001324,01042,03,1,20250303,153115,000000551020,1,13.99,13.99,0.00,0.87,S,,,USD,CC
70001324,01042,03,2,20250303,153115,000000040102,1.455,16.99,24.72,0.00,0.00,S,,,USD,CC
70001325,01042,05,1,20250303,164753,000000005302,1,3.49,3.49,0.00,0.00,S,6091476607,,USD,CS
70001325,01042,05,2,20250303,164753,000004472001,1,3.99,3.99,0.00,0.25,S,6091476607,,USD,CS
70001325,01042,05,3,20250303,164753,000000030203,1,8.49,8.49,0.00,0.00,S,6091476607,,USD,CS
70001326,01042,06,1,20250303,112421,000004493002,1,3.99,3.99,0.00,0.25,S,,,USD,DB
70001327,01042,03,1,20250303,211220,000004491002,1,6.99,6.99,0.00,0.44,S,6035884183,,USD,DB
70001327,01042,03,2,20250303,211220,000000005201,2,3.99,7.98,0.00,0.00,S,6035884183,,USD,DB
70001327,01042,03,3,20250303,211220,000000005302,1,3.49,3.49,0.00,0.00,S,6035884183,,USD,DB
70001328,01042,02,1,20250303,184438,000000005103,1,6.99,6.99,0.00,0.00,S,,,USD,GC
70001328,01042,02,2,20250303,184438,000004491002,1,6.99,6.99,0.00,0.44,S,,,USD,GC
70001329,01107,05,1,20250303,213809,000000561001,1,9.99,9.99,0.00,0.62,S,,,USD,DB
70001330,01107,03,1,20250303,160128,000000040101,2.188,18.99,41.55,0.00,0.00,S,,,USD,GC
70001330,01107,03,2,20250303,160128,000004471023,1,3.49,3.49,0.00,0.22,S,,,USD,GC
70001331,01107,06,1,20250303,130427,000000093501,1,4.49,4.49,0.00,0.00,S,6060138241,,USD,DB
70001332,02210,04,1,20250303,154440,000000093503,1,4.29,4.29,0.00,0.00,S,,,USD,DB
70001332,02210,04,2,20250303,154440,000004491001,2,2.49,4.98,0.00,0.31,S,,,USD,DB
70001332,02210,04,3,20250303,154440,000000005012,2,3.99,7.98,0.00,0.00,S,,,USD,DB
70001333,02210,02,1,20250303,145204,000004471024,1,3.49,3.49,0.00,0.22,S,,,USD,DB
70001333,02210,02,2,20250303,145204,000004482003,1,5.49,5.49,0.00,0.34,S,,,USD,DB
70001333,02210,02,3,20250303,145204,000004482003,1,5.49,5.49,0.00,0.34,S,,,USD,DB
70001333,02210,02,4,20250303,145204,000004482002,1,17.99,17.99,0.00,1.12,S,,,USD,DB
70001334,02210,01,1,20250303,85650,000000093502,1,3.99,3.99,0.00,0.00,S,,,USD,CC
70001334,02210,01,2,20250303,85650,000000031102,1.524,19.99,30.46,0.00,0.00,S,,,USD,CC
70001334,02210,01,3,20250303,85650,000000093401,0.699,5.49,3.84,0.00,0.00,S,,,USD,CC
70001335,02210,06,1,20250303,134120,000004472001,1,3.99,3.99,0.00,0.25,S,,,USD,GC
70001335,02210,06,2,20250303,134120,000000552001,1,4.49,4.49,0.00,0.28,S,,,USD,GC
70001335,02210,06,3,20250303,134120,000004483002,1,3.49,3.49,0.00,0.22,S,,,USD,GC
70001335,02210,06,4,20250303,134120,000004491001,3,2.49,7.47,0.00,0.47,S,,,USD,GC
70001336,02210,05,1,20250303,140025,000000030203,1,8.49,8.49,0.00,0.00,S,6095883734,,USD,CS
70001336,02210,05,2,20250303,140025,000000551021,1,11.99,11.99,0.00,0.75,S,6095883734,,USD,CS
70001336,02210,05,3,20250303,140025,000004483001,1,4.99,4.99,0.00,0.31,S,6095883734,,USD,CS
70001337,02210,02,1,20250303,141801,000004471030,2,3.99,7.98,1.20,0.42,S,6063370502,LY25W05,USD,CS
70001337,02210,02,2,20250303,141801,000004472002,1,4.49,4.49,0.00,0.28,S,6063370502,,USD,CS
70001338,02210,06,1,20250303,141058,000000005013,1,3.89,3.89,0.00,0.00,S,,,USD,DB
70001338,02210,06,2,20250303,141058,000004482001,1,13.99,13.99,0.00,0.87,S,,,USD,DB
70001338,02210,06,3,20250303,141058,000004491002,2,6.99,13.98,0.00,0.87,S,,,USD,DB
70001338,02210,06,4,20250303,141058,000000552002,1,3.99,3.99,0.00,0.25,S,,,USD,DB
70001339,02210,04,1,20250303,135856,000000040203,2,11.99,23.98,0.00,0.00,S,,,USD,CC
70001340,02211,04,1,20250303,203829,000000020103,1,4.99,4.99,0.00,0.00,S,,,USD,DB
70001340,02211,04,2,20250303,203829,000004471023,2,3.49,6.98,0.00,0.44,S,,,USD,DB
70001340,02211,04,3,20250303,203829,000004471030,1,3.99,3.99,0.00,0.25,S,,,USD,DB
70001341,02211,06,1,20250303,80125,000004472002,1,4.49,4.49,0.00,0.28,S,,,USD,DB
70001341,02211,06,2,20250303,80125,000004472003,1,3.29,3.29,0.00,0.21,S,,,USD,DB
70001342,02211,02,1,20250303,190246,000004493001,1,5.49,5.49,0.00,0.34,S,6031060053,,USD,CC
70001342,02211,02,2,20250303,190246,000000040101,0.340,18.99,6.46,0.00,0.00,S,6031060053,,USD,CC
70001343,02211,01,1,20250303,193700,000000005101,1,7.99,7.99,0.00,0.00,S,,,USD,CC
70001343,02211,01,2,20250303,193700,000000005013,1,3.89,3.89,0.00,0.00,S,,,USD,CC
70001343,02211,01,3,20250303,193700,000000020203,3,6.49,19.47,0.00,0.00,S,,,USD,CC
70001343,02211,01,4,20250303,193700,000004481001,1,7.99,7.99,0.00,0.50,S,,,USD,CC
70001343,02211,01,5,20250303,193700,000000040201,2,8.99,17.98,0.00,0.00,S,,,USD,CC
70001344,02211,01,1,20250303,70613,000004493002,1,3.99,3.99,0.00,0.25,S,6079497567,,USD,CC
70001345,02211,02,1,20250303,191945,000000030201,1,9.99,9.99,0.00,0.00,S,,,USD,CC
70001345,02211,02,2,20250303,191945,000004473003,1,3.49,3.49,0.00,0.22,S,,,USD,CC
70001346,02211,06,1,20250303,83251,000000093402,1.168,3.29,3.84,0.00,0.00,S,,,USD,CS
70001346,02211,06,2,20250303,83251,000000094101,2,3.99,7.98,0.00,0.00,S,,,USD,CS
70001346,02211,06,3,20250303,83251,000000551020,1,13.99,13.99,0.00,0.87,S,,,USD,CS
70001347,02305,03,1,20250303,81630,000000562002,2,8.49,16.98,0.00,1.06,S,,,USD,CC
70001347,02305,03,2,20250303,81630,000000040203,1,11.99,11.99,0.00,0.00,S,,,USD,CC
70001347,02305,03,3,20250303,81630,000000040202,2,14.99,29.98,0.00,0.00,S,,,USD,CC
70001348,02305,03,1,20250303,204624,000004472001,1,3.99,3.99,0.00,0.25,S,,,USD,GC
70001348,02305,03,2,20250303,204624,000004473001,1,2.99,2.99,0.00,0.19,S,,,USD,GC
70001349,02305,03,1,20250303,123810,000004481002,1,7.99,7.99,0.00,0.50,S,6072946671,,USD,GC
70001349,02305,03,2,20250303,123810,000004491001,1,2.49,2.49,0.00,0.16,S,6072946671,,USD,GC
70001350,03050,04,1,20250303,85927,000000093321,2.131,1.49,3.18,0.00,0.00,S,,,USD,CS
70001350,03050,04,2,20250303,85927,000000093322,1.223,1.99,2.43,0.00,0.00,S,,,USD,CS
70001350,03050,04,3,20250303,85927,000004472003,2,3.29,6.58,0.00,0.41,S,,,USD,CS
70001350,03050,04,4,20250303,85927,000000093325,1.209,3.99,4.82,0.00,0.00,S,,,USD,CS
70001350,03050,04,5,20250303,85927,000000005301,1,5.49,5.49,0.00,0.00,S,,,USD,CS
70001351,03050,03,1,20250303,83950,000000562001,1,10.99,10.99,0.00,0.69,S,,,USD,CS
70001351,03050,03,2,20250303,83950,000000005103,1,6.99,6.99,0.00,0.00,S,,,USD,CS
70001351,03050,03,3,20250303,83950,000000093410,0.335,3.99,1.34,0.00,0.00,S,,,USD,CS
70001352,03050,01,1,20250303,191048,000000040102,1.454,16.99,24.70,0.00,0.00,S,,,USD,GC
70001352,03050,01,2,20250303,191048,000000551020,1,13.99,13.99,0.00,0.87,S,,,USD,GC
70001352,03050,01,3,20250303,191048,000000094201,1.547,1.69,2.61,0.00,0.00,S,,,USD,GC
70001352,03050,01,4,20250303,191048,000000093325,2.018,3.99,8.05,0.00,0.00,S,,,USD,GC
70001352,03050,01,5,20250303,191048,000000094302,1.536,5.49,8.43,0.00,0.00,S,,,USD,GC
70001353,03050,06,1,20250303,144846,000000005201,1,3.99,3.99,0.00,0.00,S,,,USD,CS
70001353,03050,06,2,20250303,144846,000004491002,1,6.99,6.99,0.00,0.44,S,,,USD,CS
70001354,03050,06,1,20250303,113447,000000005012,2,3.99,7.98,1.20,0.00,S,6029960653,LY25W05,USD,CS
70001354,03050,06,2,20250303,113447,000000005202,1,5.99,5.99,0.00,0.00,S,6029960653,,USD,CS
70001354,03050,06,3,20250303,113447,000004492002,1,1.49,1.49,0.00,0.09,S,6029960653,,USD,CS
70001354,03050,06,4,20250303,113447,000000005102,1,5.49,5.49,0.00,0.00,S,6029960653,,USD,CS
70001355,03050,03,1,20250303,145706,000000005201,1,3.99,3.99,0.00,0.00,S,6071175957,,USD,GC
70001355,03050,03,2,20250303,145706,000000094203,1.329,1.49,1.98,0.00,0.00,S,6071175957,,USD,GC
70001356,03050,05,1,20250303,114250,000000561002,1,7.49,7.49,0.00,0.47,S,6011145768,,USD,DB
70001357,03050,02,1,20250303,152639,000000005103,1,6.99,6.99,0.00,0.00,S,,,USD,CS
70001358,00317,03,1,20250303,214259,000004482001,2,18.99,37.98,0.00,2.37,S,6064455618,,CAD,DB
70001358,00317,03,2,20250303,214259,000000093325,1.760,5.39,9.49,0.00,0.00,S,6064455618,,CAD,DB
70001359,00317,04,1,20250303,80626,000000005012,1,5.39,5.39,0.00,0.00,S,,,CAD,GC
70001360,00317,01,1,20250303,142039,000000040102,0.371,23.09,8.57,0.00,0.00,S,,,CAD,DB
70001360,00317,01,2,20250303,142039,000000562002,1,11.49,11.49,0.00,0.72,S,,,CAD,DB
70001360,00317,01,3,20250303,142039,000004482003,1,7.49,7.49,0.00,0.47,S,,,CAD,DB
70001360,00317,01,4,20250303,142039,000000040203,1,16.29,16.29,0.00,0.00,S,,,CAD,DB
70001361,00317,04,1,20250303,172522,000004473003,3,4.69,14.07,0.00,0.88,S,6068887189,,CAD,CC
70001361,00317,04,2,20250303,172522,000000093501,3,6.09,18.27,0.00,0.00,S,6068887189,,CAD,CC
70001361,00317,04,3,20250303,172522,000000040201,2,12.19,24.38,0.00,0.00,S,6068887189,,CAD,CC
70001361,00317,04,4,20250303,172522,000004482003,1,7.49,7.49,1.12,0.40,S,6068887189,LY25W05,CAD,CC
70001361,00317,04,5,20250303,172522,000004473002,2,3.79,7.58,0.00,0.47,S,6068887189,,CAD,CC
70001361,00317,04,6,20250303,172522,000000562002,1,11.49,11.49,0.00,0.72,S,6068887189,,CAD,CC
70001362,00317,05,1,20250303,213438,000004481003,1,6.79,6.79,0.00,0.42,S,,,CAD,DB
70001362,00317,05,2,20250303,213438,000004493002,1,5.39,5.39,0.00,0.34,S,,,CAD,DB
70001362,00317,05,3,20250303,213438,000000030101,1,9.49,9.49,0.00,0.00,S,,,CAD,DB
70001362,00317,05,4,20250303,213438,000000093321,1.010,1.99,2.01,0.00,0.00,S,,,CAD,DB
70001362,00317,05,5,20250303,213438,000000005102,3,7.49,22.47,0.00,0.00,S,,,CAD,DB
70001363,00317,02,1,20250303,204455,000000093502,1,5.39,5.39,0.00,0.00,S,,,CAD,CC
70001364,00317,06,1,20250303,70125,000000005012,1,5.39,5.39,0.00,0.00,S,,,CAD,CC
70001364,00317,06,2,20250303,70125,000004483002,1,4.69,4.69,0.00,0.29,S,,,CAD,CC
70001364,00317,06,3,20250303,70125,000004471023,1,4.69,4.69,0.00,0.29,S,,,CAD,CC
70001364,00317,06,4,20250303,70125,000004472050,1,5.39,5.39,0.00,0.34,S,,,CAD,CC
70001364,00317,06,5,20250303,70125,000000561002,2,10.19,20.38,0.00,1.27,S,,,CAD,CC
70001364,00317,06,6,20250303,70125,000000093502,1,5.39,5.39,0.00,0.00,S,,,CAD,CC
70001365,00317,05,1,20250303,151728,000000030203,1,11.49,11.49,0.00,0.00,S,6079071416,,CAD,CC
70001365,00317,05,2,20250303,151728,000004493001,1,7.49,7.49,0.00,0.47,S,6079071416,,CAD,CC
70001365,00317,05,3,20250303,151728,000000562002,1,11.49,11.49,0.00,0.72,S,6079071416,,CAD,CC
70001365,00317,05,4,20250303,151728,000000005301,1,7.49,7.49,0.00,0.00,S,6079071416,,CAD,CC
70001365,00317,05,5,20250303,151728,000000562002,1,11.49,11.49,0.00,0.72,V,6079071416,,CAD,CC
70001366,00317,02,1,20250303,72636,000000030102,1,20.39,20.39,0.00,0.00,S,6018718133,,CAD,CS
70001366,00317,02,2,20250303,72636,000004492050,1,2.99,2.99,0.00,0.19,S,6018718133,,CAD,CS
70001367,00317,03,1,20250303,90752,000000005201,3,5.39,16.17,0.00,0.00,S,6064455618,,CAD,CC
70001367,00317,03,2,20250303,90752,000000030203,1,11.49,11.49,0.00,0.00,S,6064455618,,CAD,CC
70001368,00317,05,1,20250303,91128,000000040101,0.815,25.79,21.02,0.00,0.00,S,,,CAD,DB
70001368,00317,05,2,20250303,91128,000000094302,2.076,7.49,15.55,0.00,0.00,S,,,CAD,DB
70001368,00317,05,3,20250303,91128,000000093402,2.054,4.49,9.22,0.00,0.00,S,,,CAD,DB
70001369,01042,03,1,20250304,175924,000000005201,1,3.99,3.99,0.00,0.00,S,,,USD,DB
70001369,01042,03,2,20250304,175924,000004482001,2,13.99,27.98,0.00,1.75,S,,,USD,DB
70001369,01042,03,3,20250304,175924,000000005101,1,7.99,7.99,0.00,0.00,S,,,USD,DB
70001369,01042,03,4,20250304,175924,000004471040,1,2.49,2.49,0.00,0.16,S,,,USD,DB
70001370,01042,03,1,20250304,104226,000000020202,1,5.99,5.99,0.00,0.00,S,,,USD,GC
70001370,01042,03,2,20250304,104226,000000094203,1.903,1.49,2.84,0.00,0.00,S,,,USD,GC
70001371,01042,02,1,20250304,122429,000004482001,2,13.99,27.98,0.00,1.75,S,,,USD,DB
70001371,01042,02,2,20250304,122429,000000040102,0.620,16.99,10.53,0.00,0.00,S,,,USD,DB
70001371,01042,02,3,20250304,122429,000000031102,0.932,19.99,18.63,0.00,0.00,S,,,USD,DB
70001372,01042,01,1,20250304,202726,000000031102,1.326,19.99,26.51,0.00,0.00,S,,,USD,DB
70001372,01042,01,2,20250304,202726,000000093321,1.309,1.49,1.95,0.00,0.00,S,,,USD,DB
70001372,01042,01,3,20250304,202726,000000030101,1,6.99,6.99,0.00,0.00,S,,,USD,DB
70001372,01042,01,4,20250304,202726,000004491002,2,6.99,13.98,0.00,0.87,S,,,USD,DB
70001372,01042,01,5,20250304,202726,000000093502,1,3.99,3.99,0.00,0.00,S,,,USD,DB
70001372,01042,01,6,20250304,202726,000000005101,1,7.99,7.99,0.00,0.00,S,,,USD,DB
70001373,01042,01,1,20250304,70833,000000005202,1,5.99,5.99,0.00,0.00,S,6066742860,,USD,DB
70001373,01042,01,2,20250304,70833,000000005012,1,3.99,3.99,0.60,0.00,S,6066742860,LY25W05,USD,DB
70001373,01042,01,3,20250304,70833,000000094201,1.535,1.69,2.59,0.00,0.00,S,6066742860,,USD,DB
70001373,01042,01,4,20250304,70833,000000005013,1,3.89,3.89,0.00,0.00,S,6066742860,,USD,DB
70001374,01042,05,1,20250304,135433,000004481001,1,7.99,7.99,0.00,0.50,S,6090874064,,USD,GC
70001374,01042,05,2,20250304,135433,000000005101,1,7.99,7.99,0.00,0.00,S,6090874064,,USD,GC
70001375,01107,01,1,20250304,155019,000000020202,1,5.99,5.99,0.00,0.00,S,,,USD,CC
70001376,01107,05,1,20250304,173422,000004473001,1,2.99,2.99,0.00,0.19,S,,,USD,CS
70001377,02210,05,1,20250304,212931,000000005302,1,3.49,3.49,0.00,0.00,S,,,USD,GC
70001377,02210,05,2,20250304,212931,000004471023,1,3.49,3.49,0.00,0.22,S,,,USD,GC
70001378,02210,04,1,20250304,135318,000004471023,2,3.49,6.98,0.00,0.44,S,,,USD,GC
70001378,02210,04,2,20250304,135318,000000005012,1,3.99,3.99,0.00,0.00,S,,,USD,GC
70001378,02210,04,3,20250304,135318,000000093325,1.560,3.99,6.22,0.00,0.00,S,,,USD,GC
70001379,02210,05,1,20250304,144115,000000093402,1.548,3.29,5.09,0.00,0.00,S,,,USD,CC
70001379,02210,05,2,20250304,144115,000004481001,1,7.99,7.99,0.00,0.50,S,,,USD,CC
70001379,02210,05,3,20250304,144115,000000093325,1.337,3.99,5.33,0.00,0.00,S,,,USD,CC
70001380,02210,03,1,20250304,70447,000004493002,1,3.99,3.99,0.00,0.25,S,,,USD,CS
70001380,02210,03,2,20250304,70447,000000094202,2.094,1.99,4.17,0.00,0.00,S,,,USD,CS
70001381,02210,05,1,20250304,113830,000004471030,1,3.99,3.99,0.60,0.21,S,6082683230,LY25W05,USD,GC
70001381,02210,05,2,20250304,113830,000000093322,2.192,1.99,4.36,0.00,0.00,S,6082683230,,USD,GC
70001382,02210,04,1,20250304,203640,000004482002,1,17.99,17.99,0.00,1.12,S,,,USD,CS
70001382,02210,04,2,20250304,203640,000000030203,1,8.49,8.49,0.00,0.00,S,,,USD,CS
70001382,02210,04,3,20250304,203640,000004471023,1,3.49,3.49,0.00,0.22,S,,,USD,CS
70001382,02210,04,4,20250304,203640,000000005012,3,3.99,11.97,0.00,0.00,S,,,USD,CS
70001382,02210,04,5,20250304,203640,000004483001,2,4.99,9.98,0.00,0.62,S,,,USD,CS
70001382,02210,04,6,20250304,203640,000000005012,1,3.99,3.99,0.00,0.00,S,,,USD,CS
70001383,02211,05,1,20250304,121350,000000005302,1,3.49,3.49,0.00,0.00,S,,,USD,CC
70001383,02211,05,2,20250304,121350,000004473003,1,3.49,3.49,0.00,0.22,S,,,USD,CC
70001383,02211,05,3,20250304,121350,000000040101,2.142,18.99,40.68,0.00,0.00,S,,,USD,CC
70001383,02211,05,4,20250304,121350,000004482003,1,5.49,5.49,0.00,0.34,S,,,USD,CC
70001383,02211,05,5,20250304,121350,000000020201,1,5.49,5.49,0.00,0.00,S,,,USD,CC
70001383,02211,05,6,20250304,121350,000000552001,1,4.49,4.49,0.00,0.28,S,,,USD,CC
70001384,02211,05,1,20250304,110653,000000005101,1,7.99,7.99,0.00,0.00,S,,,USD,CC
70001384,02211,05,2,20250304,110653,000000040101,2.025,18.99,38.45,0.00,0.00,S,,,USD,CC
70001384,02211,05,3,20250304,110653,000004483002,1,3.49,3.49,0.00,0.22,S,,,USD,CC
70001384,02211,05,4,20250304,110653,000004491001,1,2.49,2.49,0.00,0.16,S,,,USD,CC
70001384,02211,05,5,20250304,110653,000000005101,1,7.99,7.99,0.00,0.00,S,,,USD,CC
70001385,02211,05,1,20250304,161808,000004482003,1,5.49,5.49,0.00,0.34,S,,,USD,GC
70001386,02305,04,1,20250304,101508,000000552002,1,3.99,3.99,0.00,0.25,S,,,USD,CC
70001387,02305,06,1,20250304,124326,000000005302,1,3.49,3.49,0.00,0.00,S,,,USD,CS
70001387,02305,06,2,20250304,124326,000000040201,1,8.99,8.99,0.00,0.00,S,,,USD,CS
70001387,02305,06,3,20250304,124326,000000020101,1,2.49,2.49,0.00,0.00,S,,,USD,CS
70001388,02305,05,1,20250304,93032,000000020103,1,4.99,4.99,0.00,0.00,S,6080172260,,USD,GC
70001388,02305,05,2,20250304,93032,000000093401,1.033,5.49,5.67,0.00,0.00,S,6080172260,,USD,GC
70001388,02305,05,3,20250304,93032,000000005103,1,6.99,6.99,0.00,0.00,S,6080172260,,USD,GC
70001388,02305,05,4,20250304,93032,000000551021,1,11.99,11.99,0.00,0.75,S,6080172260,,USD,GC
70001389,02305,03,1,20250304,173306,000000094201,0.540,1.69,0.91,0.00,0.00,S,6061675677,,USD,DB
70001389,02305,03,2,20250304,173306,000000005301,2,5.49,10.98,0.00,0.00,S,6061675677,,USD,DB
70001389,02305,03,3,20250304,173306,000004471023,2,3.49,6.98,1.05,0.37,S,6061675677,LY25W05,USD,DB
70001390,02305,05,1,20250304,171850,000004473003,1,3.49,3.49,0.00,0.22,R,,,USD,CC
70001391,02305,03,1,20250304,174734,000004471023,1,3.49,3.49,0.00,0.22,S,,,USD,CS
70001391,02305,03,2,20250304,174734,000004492001,2,1.79,3.58,0.00,0.22,S,,,USD,CS
70001392,03050,06,1,20250304,201416,000004471030,1,3.99,3.99,0.60,0.21,S,6039060480,LY25W05,USD,CC
70001392,03050,06,2,20250304,201416,000000005102,2,5.49,10.98,0.00,0.00,S,6039060480,,USD,CC
70001393,03050,02,1,20250304,210507,000000040202,1,14.99,14.99,0.00,0.00,S,,,USD,DB
70001393,03050,02,2,20250304,210507,000004471023,1,3.49,3.49,0.00,0.22,S,,,USD,DB
70001393,03050,02,3,20250304,210507,000004483001,1,4.99,4.99,0.00,0.31,S,,,USD,DB
70001393,03050,02,4,20250304,210507,000004492001,2,1.79,3.58,0.00,0.22,S,,,USD,DB
70001393,03050,02,5,20250304,210507,000000094103,1,3.79,3.79,0.00,0.00,S,,,USD,DB
70001393,03050,02,6,20250304,210507,000004473001,3,2.99,8.97,0.00,0.56,S,,,USD,DB
70001394,03050,02,1,20250304,152040,000004491001,1,2.49,2.49,0.00,0.16,S,,,USD,CS
70001394,03050,02,2,20250304,152040,000000093502,1,3.99,3.99,0.00,0.00,S,,,USD,CS
70001394,03050,02,3,20250304,152040,000000040203,3,11.99,35.97,0.00,0.00,S,,,USD,CS
70001394,03050,02,4,20250304,152040,000000031102,1.560,19.99,31.18,0.00,0.00,S,,,USD,CS
70001394,03050,02,5,20250304,152040,000000020101,1,2.49,2.49,0.00,0.00,S,,,USD,CS
70001395,03050,03,1,20250304,132452,000004492002,1,1.49,1.49,0.00,0.09,S,6013060906,,USD,CC
70001395,03050,03,2,20250304,132452,000000031102,0.615,19.99,12.29,0.00,0.00,S,6013060906,,USD,CC
70001396,03050,01,1,20250304,125257,000000040203,1,11.99,11.99,0.00,0.00,S,6051868926,,USD,DB
70001396,03050,01,2,20250304,125257,000000094103,1,3.79,3.79,0.00,0.00,S,6051868926,,USD,DB
70001396,03050,01,3,20250304,125257,000000561001,1,9.99,9.99,0.00,0.62,S,6051868926,,USD,DB
70001396,03050,01,4,20250304,125257,000004472002,1,4.49,4.49,0.00,0.28,S,6051868926,,USD,DB
70001396,03050,01,5,20250304,125257,000000020202,3,5.99,17.97,0.00,0.00,S,6051868926,,USD,DB
70001397,00317,05,1,20250304,160455,000000031101,1.171,33.99,39.80,0.00,0.00,S,,,CAD,DB
70001397,00317,05,2,20250304,160455,000000005013,1,5.29,5.29,0.00,0.00,S,,,CAD,DB
70001397,00317,05,3,20250304,160455,000000040102,1.460,23.09,33.71,0.00,0.00,S,,,CAD,DB
70001397,00317,05,4,20250304,160455,000000094203,1.691,1.99,3.37,0.00,0.00,S,,,CAD,DB
70001398,00317,06,1,20250304,85215,000004492003,1,3.09,3.09,0.00,0.19,S,,,CAD,CC
70001398,00317,06,2,20250304,85215,000004481001,1,10.89,10.89,0.00,0.68,S,,,CAD,CC
70001398,00317,06,3,20250304,85215,000000561001,1,13.59,13.59,0.00,0.85,S,,,CAD,CC
70001399,00317,01,1,20250304,114337,000004472050,1,5.39,5.39,0.00,0.34,S,6003865719,,CAD,GC
70001399,00317,01,2,20250304,114337,000000562001,1,14.89,14.89,0.00,0.93,S,6003865719,,CAD,GC
70001400,00317,01,1,20250304,133717,000004482001,1,18.99,18.99,0.00,1.19,S,,,CAD,CC
70001400,00317,01,2,20250304,133717,000000031102,1.990,27.19,54.11,0.00,0.00,S,,,CAD,CC
70001401,00317,01,1,20250304,210140,000004482001,1,18.99,18.99,0.00,1.19,S,6090835723,,CAD,CS
70001401,00317,01,2,20250304,210140,000004471040,2,3.39,6.78,1.02,0.36,S,6090835723,LY25W05,CAD,CS
70001401,00317,01,3,20250304,210140,000000020103,1,6.79,6.79,0.00,0.00,S,6090835723,,CAD,CS
70001401,00317,01,4,20250304,210140,000000020203,1,8.79,8.79,0.00,0.00,S,6090835723,,CAD,CS
70001401,00317,01,5,20250304,210140,000004493002,2,5.39,10.78,0.00,0.67,S,6090835723,,CAD,CS
70001402,00317,06,1,20250304,193443,000004492001,1,2.39,2.39,0.00,0.15,S,,,CAD,CC
70001403,00317,02,1,20250304,190054,000000561001,1,13.59,13.59,0.00,0.85,S,,,CAD,CS
70001403,00317,02,2,20250304,190054,000000005302,1,4.69,4.69,0.00,0.00,S,,,CAD,CS
70001403,00317,02,3,20250304,190054,000000094203,1.116,1.99,2.22,0.00,0.00,S,,,CAD,CS
70001403,00317,02,4,20250304,190054,000004492050,1,2.99,2.99,0.00,0.19,S,,,CAD,CS
70001404,01042,02,1,20250305,105721,000000551021,1,11.99,11.99,0.00,0.75,S,6074905097,,USD,DB
70001404,01042,02,2,20250305,105721,000000094302,1.217,5.49,6.68,0.00,0.00,S,6074905097,,USD,DB
70001404,01042,02,3,20250305,105721,000000005013,1,3.89,3.89,0.00,0.00,S,6074905097,,USD,DB
70001404,01042,02,4,20250305,105721,000000005103,2,6.99,13.98,0.00,0.00,S,6074905097,,USD,DB
70001405,01042,02,1,20250305,162449,000004482003,1,5.49,5.49,0.00,0.34,S,,,USD,DB
70001405,01042,02,2,20250305,162449,000004471040,1,2.49,2.49,0.00,0.16,S,,,USD,DB
70001405,01042,02,3,20250305,162449,000000093503,1,4.29,4.29,0.00,0.00,S,,,USD,DB
70001405,01042,02,4,20250305,162449,000000020203,2,6.49,12.98,0.00,0.00,S,,,USD,DB
70001406,01042,02,1,20250305,133545,000000094202,1.698,1.99,3.38,0.00,0.00,S,,,USD,DB
70001407,01042,04,1,20250305,132422,000000005202,2,5.99,11.98,0.00,0.00,S,6060847068,,USD,CS
70001407,01042,04,2,20250305,132422,000000562002,1,8.49,8.49,0.00,0.53,S,6060847068,,USD,CS
70001407,01042,04,3,20250305,132422,000000030102,3,14.99,44.97,0.00,0.00,S,6060847068,,USD,CS
70001407,01042,04,4,20250305,132422,000000094103,1,3.79,3.79,0.00,0.00,S,6060847068,,USD,CS
70001407,01042,04,5,20250305,132422,000004471023,1,3.49,3.49,0.52,0.19,S,6060847068,LY25W05,USD,CS
70001407,01042,04,6,20250305,132422,000004491003,1,1.99,1.99,0.00,0.12,S,6060847068,,USD,CS
70001408,01042,01,1,20250305,144203,000000094202,1.813,1.99,3.61,0.00,0.00,S,,,USD,GC
70001408,01042,01,2,20250305,144203,000004471030,1,3.99,3.99,0.00,0.25,S,,,USD,GC
70001408,01042,01,3,20250305,144203,000000030202,1,11.49,11.49,0.00,0.00,S,,,USD,GC
70001409,01042,05,1,20250305,204501,000000093325,0.885,3.99,3.53,0.00,0.00,S,,,USD,GC
70001410,01042,06,1,20250305,184936,000000030102,1,14.99,14.99,0.00,0.00,S,,,USD,DB
70001410,01042,06,2,20250305,184936,000004493002,1,3.99,3.99,0.00,0.25,S,,,USD,DB
70001410,01042,06,3,20250305,184936,000004481001,1,7.99,7.99,0.00,0.50,S,,,USD,DB
70001410,01042,06,4,20250305,184936,000004471030,2,3.99,7.98,0.00,0.50,S,,,USD,DB
70001411,01042,03,1,20250305,212639,000000020101,2,2.49,4.98,0.00,0.00,S,6050272751,,USD,CC
70001411,01042,03,2,20250305,212639,000000093402,1.797,3.29,5.91,0.00,0.00,S,6050272751,,USD,CC
70001411,01042,03,3,20250305,212639,000000005012,1,3.99,3.99,0.60,0.00,S,6050272751,LY25W05,USD,CC
70001412,01042,04,1,20250305,202031,000004471030,1,3.99,3.99,0.60,0.21,S,6024938430,LY25W05,USD,CS
70001412,01042,04,2,20250305,202031,000000040102,2.140,16.99,36.36,0.00,0.00,S,6024938430,,USD,CS
70001413,01042,06,1,20250305,183123,000004471030,1,3.99,3.99,0.60,0.21,S,6024938430,LY25W05,USD,CC
70001413,01042,06,2,20250305,183123,000000551020,1,13.99,13.99,0.00,0.87,S,6024938430,,USD,CC
70001413,01042,06,3,20250305,183123,000004471040,1,2.49,2.49,0.37,0.13,S,6024938430,LY25W05,USD,CC
70001413,01042,06,4,20250305,183123,000000005012,1,3.99,3.99,0.60,0.00,S,6024938430,LY25W05,USD,CC
70001413,01042,06,5,20250305,183123,000000030101,1,6.99,6.99,0.00,0.00,S,6024938430,,USD,CC
70001413,01042,06,6,20250305,183123,000000030203,1,8.49,8.49,0.00,0.00,S,6024938430,,USD,CC
70001414,01107,04,1,20250305,72041,000004473003,3,3.49,10.47,0.00,0.65,S,,,USD,CC
70001414,01107,04,2,20250305,72041,000000093501,1,4.49,4.49,0.00,0.00,S,,,USD,CC
70001415,01107,04,1,20250305,84045,000000562001,1,10.99,10.99,0.00,0.69,S,,,USD,CC
70001415,01107,04,2,20250305,84045,000000020201,1,5.49,5.49,0.00,0.00,S,,,USD,CC
70001416,01107,03,1,20250305,143756,000000030102,1,14.99,14.99,0.00,0.00,S,,,USD,GC
70001416,01107,03,2,20250305,143756,000000005020,1,4.49,4.49,0.00,0.00,S,,,USD,GC
70001417,01107,04,1,20250305,181059,000004492002,1,1.49,1.49,0.00,0.09,S,6060423597,,USD,DB
70001418,01107,01,1,20250305,155000,000000552001,2,4.49,8.98,0.00,0.56,S,,,USD,GC
70001418,01107,01,2,20250305,155000,000004471040,2,2.49,4.98,0.00,0.31,S,,,USD,GC
70001418,01107,01,3,20250305,155000,000000093401,1.957,5.49,10.74,0.00,0.00,S,,,USD,GC
70001418,01107,01,4,20250305,155000,000000040201,1,8.99,8.99,0.00,0.00,S,,,USD,GC
70001418,01107,01,5,20250305,155000,000000005102,1,5.49,5.49,0.00,0.00,S,,,USD,GC
70001419,02210,02,1,20250305,80810,000000093322,1.892,1.99,3.77,0.00,0.00,S,,,USD,DB
70001419,02210,02,2,20250305,80810,000000005012,1,3.99,3.99,0.00,0.00,S,,,USD,DB
70001420,02210,04,1,20250305,172920,000004481001,1,7.99,7.99,0.00,0.50,S,6052203684,,USD,DB
70001420,02210,04,2,20250305,172920,000000020201,3,5.49,16.47,2.47,0.00,S,6052203684,LY25W05,USD,DB
70001420,02210,04,3,20250305,172920,000000040101,2.064,18.99,39.20,0.00,0.00,S,6052203684,,USD,DB
70001421,02210,01,1,20250305,115609,000004481003,1,4.99,4.99,0.00,0.31,S,,,USD,CC
70001422,02210,04,1,20250305,123939,000004471030,1,3.99,3.99,0.00,0.25,S,,,USD,GC
70001422,02210,04,2,20250305,123939,000000005103,3,6.99,20.97,0.00,0.00,S,,,USD,GC
70001422,02210,04,3,20250305,123939,000004481003,1,4.99,4.99,0.00,0.31,S,,,USD,GC
70001423,02210,03,1,20250305,102441,000000094201,0.376,1.69,0.64,0.00,0.00,S,,,USD,DB
70001423,02210,03,2,20250305,102441,000000030201,1,9.99,9.99,0.00,0.00,S,,,USD,DB
70001423,02210,03,3,20250305,102441,000000551020,2,13.99,27.98,0.00,1.75,S,,,USD,DB
70001423,02210,03,4,20250305,102441,000000020202,2,5.99,11.98,0.00,0.00,S,,,USD,DB
70001424,02210,02,1,20250305,83557,000000093325,1.293,3.99,5.16,0.00,0.00,S,6041328348,,USD,DB
70001425,02210,04,1,20250305,180519,000000005020,1,4.49,4.49,0.00,0.00,S,,,USD,CC
70001425,02210,04,2,20250305,180519,000004471030,2,3.99,7.98,0.00,0.50,S,,,USD,CC
70001426,02210,01,1,20250305,172239,000004482003,1,5.49,5.49,0.82,0.29,S,6087158415,LY25W05,USD,CC
70001427,02210,01,1,20250305,135622,000004472002,1,4.49,4.49,0.00,0.28,S,,,USD,CC
70001427,02210,01,2,20250305,135622,000000030103,1,8.99,8.99,0.00,0.00,S,,,USD,CC
70001427,02210,01,3,20250305,135622,000004482001,1,13.99,13.99,0.00,0.87,S,,,USD,CC
70001427,02210,01,4,20250305,135622,000004471040,1,2.49,2.49,0.00,0.16,S,,,USD,CC
70001427,02210,01,5,20250305,135622,000000094101,2,3.99,7.98,0.00,0.00,S,,,USD,CC
70001428,02210,06,1,20250305,81920,000000005012,1,3.99,3.99,0.00,0.00,S,,,USD,DB
70001428,02210,06,2,20250305,81920,000004473003,1,3.49,3.49,0.00,0.22,S,,,USD,DB
70001428,02210,06,3,20250305,81920,000004491003,1,1.99,1.99,0.00,0.12,S,,,USD,DB
70001428,02210,06,4,20250305,81920,000004491003,1,1.99,1.99,0.00,0.12,S,,,USD,DB
70001429,02211,06,1,20250305,85218,000000040203,1,11.99,11.99,0.00,0.00,S,,,USD,GC
70001429,02211,06,2,20250305,85218,000004471023,3,3.49,10.47,0.00,0.65,S,,,USD,GC
70001429,02211,06,3,20250305,85218,000000005102,3,5.49,16.47,0.00,0.00,S,,,USD,GC
70001429,02211,06,4,20250305,85218,000004472002,1,4.49,4.49,0.00,0.28,S,,,USD,GC
70001429,02211,06,5,20250305,85218,000000040202,1,14.99,14.99,0.00,0.00,S,,,USD,GC
70001430,02211,06,1,20250305,154850,000000094202,1.936,1.99,3.85,0.00,0.00,S,6085239868,,USD,DB
70001431,02211,03,1,20250305,180502,000000005201,1,3.99,3.99,0.00,0.00,S,6096727578,,USD,CC
70001431,02211,03,2,20250305,180502,000000040203,1,11.99,11.99,0.00,0.00,S,6096727578,,USD,CC
70001431,02211,03,3,20250305,180502,000000005013,3,3.89,11.67,0.00,0.00,S,6096727578,,USD,CC
70001431,02211,03,4,20250305,180502,000000094101,1,3.99,3.99,0.00,0.00,S,6096727578,,USD,CC
70001431,02211,03,5,20250305,180502,000000020203,1,6.49,6.49,0.00,0.00,S,6096727578,,USD,CC
70001431,02211,03,6,20250305,180502,000000040203,2,11.99,23.98,0.00,0.00,S,6096727578,,USD,CC
70001432,02211,04,1,20250305,155111,000000040202,1,14.99,14.99,0.00,0.00,S,,,USD,GC
70001432,02211,04,2,20250305,155111,000000020201,1,5.49,5.49,0.00,0.00,S,,,USD,GC
70001433,02211,03,1,20250305,120355,000000020201,1,5.49,5.49,0.82,0.00,S,6073816846,LY25W05,USD,DB
70001434,02305,03,1,20250305,191413,000004493002,2,3.99,7.98,0.00,0.50,S,,,USD,CC
70001434,02305,03,2,20250305,191413,000000020203,1,6.49,6.49,0.00,0.00,S,,,USD,CC
70001434,02305,03,3,20250305,191413,000000040201,1,8.99,8.99,0.00,0.00,S,,,USD,CC
70001435,02305,01,1,20250305,100213,000000093401,1.612,5.49,8.85,0.00,0.00,S,,,USD,DB
70001435,02305,01,2,20250305,100213,000000093401,0.931,5.49,5.11,0.00,0.00,S,,,USD,DB
70001435,02305,01,3,20250305,100213,000004491002,2,6.99,13.98,0.00,0.87,S,,,USD,DB
70001435,02305,01,4,20250305,100213,000000030201,1,9.99,9.99,0.00,0.00,S,,,USD,DB
70001436,02305,02,1,20250305,71327,000004491002,1,6.99,6.99,0.00,0.44,S,6002437654,,USD,CS
70001437,02305,01,1,20250305,192121,000000030201,1,9.99,9.99,0.00,0.00,S,,,USD,CC
70001437,02305,01,2,20250305,192121,000000020202,1,5.99,5.99,0.00,0.00,S,,,USD,CC
70001438,02305,02,1,20250305,133431,000000005020,1,4.49,4.49,0.00,0.00,S,,,USD,GC
70001438,02305,02,2,20250305,133431,000004471030,1,3.99,3.99,0.00,0.25,S,,,USD,GC
70001439,02305,06,1,20250305,142629,000000040203,1,11.99,11.99,0.00,0.00,S,,,USD,CS
70001440,02305,01,1,20250305,105452,000000552002,2,3.99,7.98,0.00,0.50,S,,,USD,CC
70001440,02305,01,2,20250305,105452,000004492001,1,1.79,1.79,0.00,0.11,S,,,USD,CC
70001440,02305,01,3,20250305,105452,000004473003,1,3.49,3.49,0.00,0.22,S,,,USD,CC
70001440,02305,01,4,20250305,105452,000000094302,2.176,5.49,11.95,0.00,0.00,S,,,USD,CC
70001440,02305,01,5,20250305,105452,000004481001,1,7.99,7.99,0.00,0.50,S,,,USD,CC
70001441,03050,02,1,20250305,164924,000000093325,1.777,3.99,7.09,0.00,0.00,S,,,USD,CC
70001442,03050,06,1,20250305,140621,000004491001,1,2.49,2.49,0.00,0.16,S,,,USD,CS
70001442,03050,06,2,20250305,140621,000004472001,1,3.99,3.99,0.00,0.25,S,,,USD,CS
70001442,03050,06,3,20250305,140621,000000094102,2,3.49,6.98,0.00,0.00,S,,,USD,CS
70001442,03050,06,4,20250305,140621,000000093325,0.273,3.99,1.09,0.00,0.00,S,,,USD,CS
70001443,03050,06,1,20250305,120631,000000094101,1,3.99,3.99,0.00,0.00,S,,,USD,CS
70001443,03050,06,2,20250305,120631,000000093503,1,4.29,4.29,0.00,0.00,S,,,USD,CS
70001443,03050,06,3,20250305,120631,000000005301,1,5.49,5.49,0.00,0.00,S,,,USD,CS
70001443,03050,06,4,20250305,120631,000000552002,1,3.99,3.99,0.00,0.25,S,,,USD,CS
70001444,03050,05,1,20250305,131113,000004471023,1,3.49,3.49,0.52,0.19,S,6038164321,LY25W05,USD,CC
70001444,03050,05,2,20250305,131113,000000005302,1,3.49,3.49,0.00,0.00,S,6038164321,,USD,CC
70001444,03050,05,3,20250305,131113,000000030102,1,14.99,14.99,0.00,0.00,S,6038164321,,USD,CC
70001444,03050,05,4,20250305,131113,000004491002,1,6.99,6.99,0.00,0.44,S,6038164321,,USD,CC
70001445,00317,04,1,20250305,183228,000000552001,1,6.09,6.09,0.00,0.38,S,6011182422,,CAD,DB
70001445,00317,04,2,20250305,183228,000004482003,1,7.49,7.49,1.12,0.40,S,6011182422,LY25W05,CAD,DB
70001445,00317,04,3,20250305,183228,000000020102,1,4.69,4.69,0.00,0.00,S,6011182422,,CAD,DB
70001445,00317,04,4,20250305,183228,000004483002,2,4.69,9.38,0.00,0.59,S,6011182422,,CAD,DB
70001446,00317,05,1,20250305,204947,000000094301,1.148,5.99,6.88,0.00,0.00,S,,,CAD,GC
70001446,00317,05,2,20250305,204947,000000030203,2,11.49,22.98,0.00,0.00,S,,,CAD,GC
70001446,00317,05,3,20250305,204947,000000020103,1,6.79,6.79,0.00,0.00,S,,,CAD,GC
70001447,00317,05,1,20250305,185008,000000020202,1,8.09,8.09,0.00,0.00,S,6057937639,,CAD,CS
70001447,00317,05,2,20250305,185008,000000093401,1.091,7.49,8.17,0.00,0.00,S,6057937639,,CAD,CS
70001447,00317,05,3,20250305,185008,000004491001,3,3.39,10.17,0.00,0.64,S,6057937639,,CAD,CS
70001447,00317,05,4,20250305,185008,000004471040,1,3.39,3.39,0.51,0.18,S,6057937639,LY25W05,CAD,CS
70001448,01042,05,1,20250306,161049,000004481001,3,7.99,23.97,0.00,1.50,S,6084539862,,USD,CS
70001449,01042,04,1,20250306,211943,000004492001,1,1.79,1.79,0.00,0.11,S,6060917798,,USD,CC
70001450,01042,05,1,20250306,193623,000000040202,1,14.99,14.99,0.00,0.00,S,,,USD,CC
70001450,01042,05,2,20250306,193623,000000093321,1.588,1.49,2.37,0.00,0.00,S,,,USD,CC
70001450,01042,05,3,20250306,193623,000000093322,1.279,1.99,2.55,0.00,0.00,S,,,USD,CC
70001450,01042,05,4,20250306,193623,000000005202,1,5.99,5.99,0.00,0.00,S,,,USD,CC
70001450,01042,05,5,20250306,193623,000004492001,1,1.79,1.79,0.00,0.11,S,,,USD,CC
70001450,01042,05,6,20250306,193623,000000030202,1,11.49,11.49,0.00,0.00,S,,,USD,CC
70001451,01042,03,1,20250306,100208,000000005301,1,5.49,5.49,0.00,0.00,S,,,USD,CC
70001452,01042,01,1,20250306,131552,000000093410,0.690,3.99,2.75,0.00,0.00,S,6003697117,,USD,CC
70001452,01042,01,2,20250306,131552,000004471030,1,3.99,3.99,0.60,0.21,S,6003697117,LY25W05,USD,CC
70001452,01042,01,3,20250306,131552,000004471024,1,3.49,3.49,0.00,0.22,S,6003697117,,USD,CC
70001453,01042,02,1,20250306,171752,000004471023,2,3.49,6.98,0.00,0.44,S,,,USD,CC
70001454,01042,04,1,20250306,82957,000000005012,1,3.99,3.99,0.00,0.00,S,,,USD,DB
70001455,01107,06,1,20250306,75302,000004492002,1,1.49,1.49,0.00,0.09,S,,,USD,CC
70001456,01107,03,1,20250306,104553,000000551020,2,13.99,27.98,0.00,1.75,S,6031060053,,USD,DB
70001457,01107,04,1,20250306,155007,000000040102,1.532,16.99,26.03,0.00,0.00,S,6000053474,,USD,DB
70001457,01107,04,2,20250306,155007,000000093501,1,4.49,4.49,0.00,0.00,S,6000053474,,USD,DB
70001457,01107,04,3,20250306,155007,000004492003,2,2.29,4.58,0.00,0.29,S,6000053474,,USD,DB
70001457,01107,04,4,20250306,155007,000004471030,3,3.99,11.97,1.80,0.64,S,6000053474,LY25W05,USD,DB
70001458,02210,03,1,20250306,192302,000000020203,3,6.49,19.47,0.00,0.00,S,6023248763,,USD,CC
70001458,02210,03,2,20250306,192302,000000040102,0.682,16.99,11.59,0.00,0.00,S,6023248763,,USD,CC
70001458,02210,03,3,20250306,192302,000000093410,1.234,3.99,4.92,0.00,0.00,S,6023248763,,USD,CC
70001458,02210,03,4,20250306,192302,000004471023,1,3.49,3.49,0.52,0.19,S,6023248763,LY25W05,USD,CC
70001459,02210,02,1,20250306,155310,000000020103,3,4.99,14.97,0.00,0.00,S,6074907539,,USD,GC
70001459,02210,02,2,20250306,155310,000004471040,1,2.49,2.49,0.37,0.13,S,6074907539,LY25W05,USD,GC
70001459,02210,02,3,20250306,155310,000004493002,2,3.99,7.98,0.00,0.50,S,6074907539,,USD,GC
70001460,02210,06,1,20250306,200451,000000093322,0.456,1.99,0.91,0.00,0.00,S,,,USD,GC
70001460,02210,06,2,20250306,200451,000004482002,1,17.99,17.99,0.00,1.12,S,,,USD,GC
70001461,02210,01,1,20250306,132010,000004492001,1,1.79,1.79,0.00,0.11,S,6011145768,,USD,CC
70001462,02210,03,1,20250306,203131,000000005020,1,4.49,4.49,0.00,0.00,S,,,USD,DB
70001462,02210,03,2,20250306,203131,000000040203,1,11.99,11.99,0.00,0.00,S,,,USD,DB
70001462,02210,03,3,20250306,203131,000004482003,2,5.49,10.98,0.00,0.69,S,,,USD,DB
70001462,02210,03,4,20250306,203131,000004472002,1,4.49,4.49,0.00,0.28,S,,,USD,DB
70001462,02210,03,5,20250306,203131,000004473003,1,3.49,3.49,0.00,0.22,S,,,USD,DB
70001463,02210,06,1,20250306,204838,000004472001,1,3.99,3.99,0.00,0.25,R,,,USD,DB
70001464,02210,05,1,20250306,82744,000000020201,1,5.49,5.49,0.00,0.00,S,,,USD,DB
70001464,02210,05,2,20250306,82744,000000093402,0.528,3.29,1.74,0.00,0.00,S,,,USD,DB
70001464,02210,05,3,20250306,82744,000000562001,1,10.99,10.99,0.00,0.69,S,,,USD,DB
70001464,02210,05,4,20250306,82744,000004482002,1,17.99,17.99,0.00,1.12,S,,,USD,DB
70001465,02210,02,1,20250306,122357,000004492002,3,1.49,4.47,0.00,0.28,S,6056909275,,USD,CC
70001466,02210,03,1,20250306,103351,000004483001,1,4.99,4.99,0.00,0.31,S,,,USD,GC
70001466,02210,03,2,20250306,103351,000000020201,1,5.49,5.49,0.00,0.00,S,,,USD,GC
70001467,02210,01,1,20250306,95412,000000030101,2,6.99,13.98,0.00,0.00,S,6043958739,,USD,CC
70001467,02210,01,2,20250306,95412,000000040201,1,8.99,8.99,0.00,0.00,S,6043958739,,USD,CC
70001468,02210,04,1,20250306,100927,000004481001,1,7.99,7.99,0.00,0.50,S,,,USD,DB
70001469,02211,01,1,20250306,131823,000000040203,1,11.99,11.99,0.00,0.00,S,6075902517,,USD,CS
70001470,02211,05,1,20250306,95955,000004482003,1,5.49,5.49,0.00,0.34,S,,,USD,GC
70001471,02211,01,1,20250306,205340,000004493002,1,3.99,3.99,0.00,0.25,S,,,USD,CC
70001471,02211,01,2,20250306,205340,000000020202,2,5.99,11.98,0.00,0.00,S,,,USD,CC
70001471,02211,01,3,20250306,205340,000004472002,1,4.49,4.49,0.00,0.28,S,,,USD,CC
70001472,02211,04,1,20250306,152618,000000093402,0.938,3.29,3.09,0.00,0.00,S,,,USD,CS
70001472,02211,04,2,20250306,152618,000004471024,2,3.49,6.98,0.00,0.44,S,,,USD,CS
70001473,02211,03,1,20250306,172630,000004482002,1,17.99,17.99,0.00,1.12,S,,,USD,DB
70001473,02211,03,2,20250306,172630,000000005012,1,3.99,3.99,0.00,0.00,S,,,USD,DB
70001473,02211,03,3,20250306,172630,000004491001,1,2.49,2.49,0.00,0.16,S,,,USD,DB
70001473,02211,03,4,20250306,172630,000000040202,1,14.99,14.99,0.00,0.00,S,,,USD,DB
70001473,02211,03,5,20250306,172630,000004471030,1,3.99,3.99,0.00,0.25,S,,,USD,DB
70001474,02211,06,1,20250306,165128,000004471030,2,3.99,7.98,0.00,0.50,S,,,USD,CS
70001475,02305,02,1,20250306,104405,000000093502,1,3.99,3.99,0.00,0.00,S,,,USD,CC
70001475,02305,02,2,20250306,104405,000000094103,1,3.79,3.79,0.00,0.00,S,,,USD,CC
70001476,02305,05,1,20250306,121613,000000094103,1,3.79,3.79,0.00,0.00,S,6007392013,,USD,GC
70001476,02305,05,2,20250306,121613,000004471030,1,3.99,3.99,0.60,0.21,S,6007392013,LY25W05,USD,GC
70001477,02305,04,1,20250306,173201,000000562001,1,10.99,10.99,0.00,0.69,S,,,USD,CC
70001477,02305,04,2,20250306,173201,000004471023,1,3.49,3.49,0.00,0.22,S,,,USD,CC
70001477,02305,04,3,20250306,173201,000000562002,2,8.49,16.98,0.00,1.06,S,,,USD,CC
70001478,02305,04,1,20250306,153415,000000031101,1.056,24.99,26.39,0.00,0.00,S,6057540900,,USD,CC
70001478,02305,04,2,20250306,153415,000000005020,2,4.49,8.98,0.00,0.00,S,6057540900,,USD,CC
70001478,02305,04,3,20250306,153415,000004482001,1,13.99,13.99,0.00,0.87,S,6057540900,,USD,CC
70001478,02305,04,4,20250306,153415,000000040101,1.178,18.99,22.37,0.00,0.00,S,6057540900,,USD,CC
70001478,02305,04,5,20250306,153415,000000093402,0.695,3.29,2.29,0.00,0.00,S,6057540900,,USD,CC
70001478,02305,04,6,20250306,153415,000004471040,2,2.49,4.98,0.75,0.26,S,6057540900,LY25W05,USD,CC
70001479,03050,05,1,20250306,74400,000000551020,1,13.99,13.99,0.00,0.87,S,6082661287,,USD,DB
70001480,03050,04,1,20250306,185201,000000005202,1,5.99,5.99,0.00,0.00,S,,,USD,DB
70001480,03050,04,2,20250306,185201,000004491001,1,2.49,2.49,0.00,0.16,S,,,USD,DB
70001480,03050,04,3,20250306,185201,000000040202,1,14.99,14.99,0.00,0.00,S,,,USD,DB
70001480,03050,04,4,20250306,185201,000000094202,0.562,1.99,1.12,0.00,0.00,S,,,USD,DB
70001481,03050,02,1,20250306,112229,000000020101,3,2.49,7.47,0.00,0.00,S,6056124815,,USD,GC
70001482,03050,01,1,20250306,191608,000000093325,0.462,3.99,1.84,0.00,0.00,S,,,USD,CC
70001482,03050,01,2,20250306,191608,000000552002,2,3.99,7.98,0.00,0.50,S,,,USD,CC
70001482,03050,01,3,20250306,191608,000000093502,1,3.99,3.99,0.00,0.00,S,,,USD,CC
70001482,03050,01,4,20250306,191608,000000005301,1,5.49,5.49,0.00,0.00,S,,,USD,CC
70001483,03050,03,1,20250306,125328,000000551021,1,11.99,11.99,0.00,0.75,S,,,USD,GC
70001483,03050,03,2,20250306,125328,000004481003,1,4.99,4.99,0.00,0.31,S,,,USD,GC
70001484,03050,04,1,20250306,183552,000004472001,1,3.99,3.99,0.00,0.25,S,,,USD,CC
70001484,03050,04,2,20250306,183552,000000093410,1.552,3.99,6.19,0.00,0.00,S,,,USD,CC
70001484,03050,04,3,20250306,183552,000000005202,2,5.99,11.98,0.00,0.00,S,,,USD,CC
70001485,00317,05,1,20250306,192021,000004491002,1,9.49,9.49,0.00,0.59,S,,,CAD,CS
70001485,00317,05,2,20250306,192021,000000031102,1.823,27.19,49.57,0.00,0.00,S,,,CAD,CS
70001485,00317,05,3,20250306,192021,000000020201,1,7.49,7.49,0.00,0.00,S,,,CAD,CS
70001486,00317,02,1,20250306,135222,000004471024,1,4.69,4.69,0.00,0.29,S,6034606664,,CAD,GC
70001486,00317,02,2,20250306,135222,000004482001,1,18.99,18.99,0.00,1.19,S,6034606664,,CAD,GC
70001486,00317,02,3,20250306,135222,000000562001,1,14.89,14.89,0.00,0.93,S,6034606664,,CAD,GC
70001486,00317,02,4,20250306,135222,000000020202,1,8.09,8.09,0.00,0.00,S,6034606664,,CAD,GC
70001487,00317,06,1,20250306,210751,000000005201,1,5.39,5.39,0.00,0.00,S,,,CAD,CC
70001487,00317,06,2,20250306,210751,000000005013,1,5.29,5.29,0.00,0.00,S,,,CAD,CC
70001488,00317,05,1,20250306,142441,000004483001,2,6.79,13.58,0.00,0.85,S,,,CAD,CC
70001488,00317,05,2,20250306,142441,000000093503,1,5.79,5.79,0.00,0.00,S,,,CAD,CC
70001489,00317,05,1,20250306,131713,000000005013,2,5.29,10.58,0.00,0.00,S,,,CAD,DB
70001489,00317,05,2,20250306,131713,000000093501,1,6.09,6.09,0.00,0.00,S,,,CAD,DB
70001490,00317,02,1,20250306,123935,000000005103,1,9.49,9.49,0.00,0.00,S,6058108358,,CAD,GC
70001491,00317,06,1,20250306,163943,000004481001,1,10.89,10.89,0.00,0.68,S,,,CAD,CC
70001492,00317,05,1,20250306,150513,000000561001,2,13.59,27.18,0.00,1.70,S,,,CAD,DB
70001492,00317,05,2,20250306,150513,000000562001,2,14.89,29.78,0.00,1.86,S,,,CAD,DB
70001492,00317,05,3,20250306,150513,000000562001,2,14.89,29.78,0.00,1.86,S,,,CAD,DB
70001493,00317,05,1,20250306,144458,000004482003,1,7.49,7.49,0.00,0.47,S,,,CAD,DB
70001493,00317,05,2,20250306,144458,000000020203,1,8.79,8.79,0.00,0.00,S,,,CAD,DB
70001494,00317,06,1,20250306,161853,000004491003,1,2.69,2.69,0.00,0.17,S,6055743132,,CAD,CS
70001494,00317,06,2,20250306,161853,000000562001,1,14.89,14.89,0.00,0.93,S,6055743132,,CAD,CS
70001494,00317,06,3,20250306,161853,000000005012,1,5.39,5.39,0.81,0.00,S,6055743132,LY25W05,CAD,CS
70001494,00317,06,4,20250306,161853,000000040101,0.415,25.79,10.70,0.00,0.00,S,6055743132,,CAD,CS
70001494,00317,06,5,20250306,161853,000004471024,1,4.69,4.69,0.00,0.29,S,6055743132,,CAD,CS
70001495,01042,01,1,20250307,145753,000000040102,1.121,16.99,19.05,0.00,0.00,S,6043347228,,USD,CC
70001496,01042,04,1,20250307,215135,000000020202,2,5.99,11.98,0.00,0.00,S,6038044210,,USD,GC
70001496,01042,04,2,20250307,215135,000000005101,1,7.99,7.99,0.00,0.00,S,6038044210,,USD,GC
70001496,01042,04,3,20250307,215135,000000551021,2,11.99,23.98,0.00,1.50,S,6038044210,,USD,GC
70001497,01042,06,1,20250307,112220,000000030203,1,8.49,8.49,0.00,0.00,S,6072143643,,USD,CC
70001497,01042,06,2,20250307,112220,000000020102,2,3.49,6.98,0.00,0.00,S,6072143643,,USD,CC
70001497,01042,06,3,20250307,112220,000000040202,1,14.99,14.99,0.00,0.00,S,6072143643,,USD,CC
70001497,01042,06,4,20250307,112220,000000005301,1,5.49,5.49,0.00,0.00,S,6072143643,,USD,CC
70001498,01042,05,1,20250307,110151,000004493001,1,5.49,5.49,0.00,0.34,S,6000687616,,USD,CC
70001499,01042,05,1,20250307,213854,000000005103,1,6.99,6.99,0.00,0.00,S,,,USD,DB
70001499,01042,05,2,20250307,213854,000004492002,1,1.49,1.49,0.00,0.09,S,,,USD,DB
70001500,01042,03,1,20250307,70444,000000562001,1,10.99,10.99,0.00,0.69,S,6035339055,,USD,GC
70001501,01042,05,1,20250307,81813,000000005101,1,7.99,7.99,0.00,0.00,S,,,USD,CC
70001501,01042,05,2,20250307,81813,000000005012,2,3.99,7.98,0.00,0.00,S,,,USD,CC
70001501,01042,05,3,20250307,81813,000000005202,3,5.99,17.97,0.00,0.00,S,,,USD,CC
70001501,01042,05,4,20250307,81813,000000030201,1,9.99,9.99,0.00,0.00,S,,,USD,CC
70001501,01042,05,5,20250307,81813,000000094102,2,3.49,6.98,0.00,0.00,S,,,USD,CC
70001501,01042,05,6,20250307,81813,000000561001,1,9.99,9.99,0.00,0.62,S,,,USD,CC
70001502,01107,01,1,20250307,174821,000004471040,2,2.49,4.98,0.00,0.31,S,,,USD,CC
70001502,01107,01,2,20250307,174821,000004471040,1,2.49,2.49,0.00,0.16,S,,,USD,CC
70001502,01107,01,3,20250307,174821,000000094103,2,3.79,7.58,0.00,0.00,S,,,USD,CC
70001502,01107,01,4,20250307,174821,000004471040,2,2.49,4.98,0.00,0.31,S,,,USD,CC
70001502,01107,01,5,20250307,174821,000000094301,0.978,4.39,4.29,0.00,0.00,S,,,USD,CC
70001503,01107,03,1,20250307,162932,000004482003,1,5.49,5.49,0.00,0.34,S,,,USD,CC
70001503,01107,03,2,20250307,162932,000004473002,2,2.79,5.58,0.00,0.35,S,,,USD,CC
70001503,01107,03,3,20250307,162932,000000040102,0.660,16.99,11.21,0.00,0.00,S,,,USD,CC
70001503,01107,03,4,20250307,162932,000004491001,2,2.49,4.98,0.00,0.31,S,,,USD,CC
70001504,01107,05,1,20250307,211040,000004471023,1,3.49,3.49,0.52,0.19,S,6014987283,LY25W05,USD,CC
70001504,01107,05,2,20250307,211040,000000552002,1,3.99,3.99,0.00,0.25,S,6014987283,,USD,CC
70001504,01107,05,3,20250307,211040,000004471030,1,3.99,3.99,0.60,0.21,S,6014987283,LY25W05,USD,CC
70001504,01107,05,4,20250307,211040,000000005103,1,6.99,6.99,0.00,0.00,S,6014987283,,USD,CC
70001504,01107,05,5,20250307,211040,000000020101,1,2.49,2.49,0.00,0.00,S,6014987283,,USD,CC
70001504,01107,05,6,20250307,211040,000004492002,2,1.49,2.98,0.00,0.19,S,6014987283,,USD,CC
70001505,01107,04,1,20250307,130304,000000005012,1,3.99,3.99,0.00,0.00,S,,,USD,CS
70001505,01107,04,2,20250307,130304,000000020101,1,2.49,2.49,0.00,0.00,S,,,USD,CS
70001505,01107,04,3,20250307,130304,000004482001,2,13.99,27.98,0.00,1.75,S,,,USD,CS
70001505,01107,04,4,20250307,130304,000000040202,3,14.99,44.97,0.00,0.00,S,,,USD,CS
70001506,01107,04,1,20250307,165710,000000005020,1,4.49,4.49,0.00,0.00,S,,,USD,DB
70001507,01107,03,1,20250307,103046,000000020202,1,5.99,5.99,0.00,0.00,S,6065565033,,USD,CC
70001507,01107,03,2,20250307,103046,000004471040,1,2.49,2.49,0.37,0.13,S,6065565033,LY25W05,USD,CC
70001508,02210,02,1,20250307,203054,000004472002,2,4.49,8.98,0.00,0.56,S,,,USD,DB
70001508,02210,02,2,20250307,203054,000000093325,1.793,3.99,7.15,0.00,0.00,S,,,USD,DB
70001508,02210,02,3,20250307,203054,000000031101,0.881,24.99,22.02,0.00,0.00,S,,,USD,DB
70001509,02210,05,1,20250307,73322,000004492001,1,1.79,1.79,0.00,0.11,S,,,USD,GC
70001509,02210,05,2,20250307,73322,000000093402,0.994,3.29,3.27,0.00,0.00,S,,,USD,GC
70001510,02210,04,1,20250307,163529,000000040203,1,11.99,11.99,0.00,0.00,S,,,USD,GC
70001510,02210,04,2,20250307,163529,000000093501,1,4.49,4.49,0.00,0.00,S,,,USD,GC
70001510,02210,04,3,20250307,163529,000000562002,1,8.49,8.49,0.00,0.53,S,,,USD,GC
70001511,02210,06,1,20250307,104020,000004481002,1,7.99,7.99,0.00,0.50,S,,,USD,DB
70001511,02210,06,2,20250307,104020,000000005102,1,5.49,5.49,0.00,0.00,S,,,USD,DB
70001512,02210,01,1,20250307,73253,000000561001,1,9.99,9.99,0.00,0.62,S,,,USD,CS
70001512,02210,01,2,20250307,73253,000004492002,1,1.49,1.49,0.00,0.09,S,,,USD,CS
70001512,02210,01,3,20250307,73253,000000561001,1,9.99,9.99,0.00,0.62,S,,,USD,CS
70001512,02210,01,4,20250307,73253,000000005101,1,7.99,7.99,0.00,0.00,S,,,USD,CS
70001513,02210,06,1,20250307,155149,000004471023,1,3.49,3.49,0.52,0.19,S,6075676670,LY25W05,USD,CC
70001513,02210,06,2,20250307,155149,000000005013,2,3.89,7.78,0.00,0.00,S,6075676670,,USD,CC
70001513,02210,06,3,20250307,155149,000000552001,1,4.49,4.49,0.00,0.28,S,6075676670,,USD,CC
70001514,02210,05,1,20250307,201142,000004472001,1,3.99,3.99,0.00,0.25,S,,,USD,CS
70001514,02210,05,2,20250307,201142,000000005101,1,7.99,7.99,0.00,0.00,S,,,USD,CS
70001514,02210,05,3,20250307,201142,000000030203,1,8.49,8.49,0.00,0.00,S,,,USD,CS
70001514,02210,05,4,20250307,201142,000000040101,0.901,18.99,17.11,0.00,0.00,S,,,USD,CS
70001515,02210,06,1,20250307,153906,000000093402,1.806,3.29,5.94,0.00,0.00,S,6036637780,,USD,CC
70001515,02210,06,2,20250307,153906,000000020201,3,5.49,16.47,2.47,0.00,S,6036637780,LY25W05,USD,CC
70001516,02210,01,1,20250307,143205,000004482001,1,13.99,13.99,0.00,0.87,S,,,USD,CC
70001517,02210,04,1,20250307,200558,000004471040,2,2.49,4.98,0.00,0.31,S,,,USD,CC
70001517,02210,04,2,20250307,200558,000004493002,1,3.99,3.99,0.00,0.25,S,,,USD,CC
70001517,02210,04,3,20250307,200558,000000562001,2,10.99,21.98,0.00,1.37,S,,,USD,CC
70001518,02211,06,1,20250307,214937,000000005201,1,3.99,3.99,0.00,0.00,S,6053892187,,USD,GC
70001518,02211,06,2,20250307,214937,000004473003,1,3.49,3.49,0.00,0.22,S,6053892187,,USD,GC
70001519,02305,02,1,20250307,140831,000004471030,1,3.99,3.99,0.60,0.21,S,6030347786,LY25W05,USD,CC
70001520,02305,04,1,20250307,180619,000000030201,1,9.99,9.99,0.00,0.00,S,6031884852,,USD,CC
70001521,02305,02,1,20250307,171506,000000005012,2,3.99,7.98,0.00,0.00,S,,,USD,CS
70001522,02305,01,1,20250307,164002,000000093321,1.565,1.49,2.33,0.00,0.00,S,,,USD,CS
70001523,02305,01,1,20250307,140052,000004471023,1,3.49,3.49,0.52,0.19,S,6071576605,LY25W05,USD,GC
70001523,02305,01,2,20250307,140052,000000093401,0.424,5.49,2.33,0.00,0.00,S,6071576605,,USD,GC
70001523,02305,01,3,20250307,140052,000000551021,1,11.99,11.99,0.00,0.75,S,6071576605,,USD,GC
70001524,02305,01,1,20250307,183603,000000093502,1,3.99,3.99,0.00,0.00,S,,,USD,CC
70001524,02305,01,2,20250307,183603,000004482003,1,5.49,5.49,0.00,0.34,S,,,USD,CC
70001524,02305,01,3,20250307,183603,000000005302,3,3.49,10.47,0.00,0.00,S,,,USD,CC
70001524,02305,01,4,20250307,183603,000004492001,2,1.79,3.58,0.00,0.22,S,,,USD,CC
70001525,02305,03,1,20250307,181220,000000005302,1,3.49,3.49,0.00,0.00,S,6041724825,,USD,CC
70001525,02305,03,2,20250307,181220,000004483002,2,3.49,6.98,0.00,0.44,S,6041724825,,USD,CC
70001525,02305,03,3,20250307,181220,000004492001,2,1.79,3.58,0.00,0.22,S,6041724825,,USD,CC
70001525,02305,03,4,20250307,181220,000004471023,1,3.49,3.49,0.52,0.19,S,6041724825,LY25W05,USD,CC
70001526,02305,02,1,20250307,123514,000000040101,0.748,18.99,14.20,0.00,0.00,S,6009775396,,USD,DB
70001526,02305,02,2,20250307,123514,000000552001,2,4.49,8.98,0.00,0.56,S,6009775396,,USD,DB
70001526,02305,02,3,20250307,123514,000000040201,1,8.99,8.99,0.00,0.00,S,6009775396,,USD,DB
70001527,02305,01,1,20250307,204922,000000093402,1.566,3.29,5.15,0.00,0.00,S,,,USD,DB
70001527,02305,01,2,20250307,204922,000000094102,2,3.49,6.98,0.00,0.00,S,,,USD,DB
70001528,02305,02,1,20250307,161712,000004493002,1,3.99,3.99,0.00,0.25,S,,,USD,CC
70001528,02305,02,2,20250307,161712,000004472001,1,3.99,3.99,0.00,0.25,S,,,USD,CC
70001528,02305,02,3,20250307,161712,000004493001,1,5.49,5.49,0.00,0.34,S,,,USD,CC
70001528,02305,02,4,20250307,161712,000004481003,2,4.99,9.98,0.00,0.62,S,,,USD,CC
70001529,02305,99,1,20250307,193733,000000561001,3,9.99,29.97,0.00,1.87,S,,,USD,CC
70001529,02305,99,2,20250307,193733,000000005020,1,4.49,4.49,0.00,0.00,S,,,USD,CC
70001530,02305,03,1,20250307,152556,000000030103,2,8.99,17.98,0.00,0.00,S,,,USD,CC
70001530,02305,03,2,20250307,152556,000004471030,1,3.99,3.99,0.00,0.25,S,,,USD,CC
70001530,02305,03,3,20250307,152556,000004482003,1,5.49,5.49,0.00,0.34,S,,,USD,CC
70001530,02305,03,4,20250307,152556,000000030203,1,8.49,8.49,0.00,0.00,S,,,USD,CC
70001530,02305,03,5,20250307,152556,000000094102,1,3.49,3.49,0.00,0.00,S,,,USD,CC
70001531,03050,06,1,20250307,174628,000004471040,1,2.49,2.49,0.00,0.16,S,,,USD,DB
70001531,03050,06,2,20250307,174628,000000030103,3,8.99,26.97,0.00,0.00,S,,,USD,DB
70001532,03050,03,1,20250307,204825,000000562001,1,10.99,10.99,0.00,0.69,S,6082661287,,USD,CS
70001533,03050,05,1,20250307,75214,000004483001,1,4.99,4.99,0.00,0.31,S,,,USD,CC
70001534,03050,02,1,20250307,183231,000004492002,1,1.49,1.49,0.00,0.09,S,,,USD,DB
70001535,03050,06,1,20250307,195424,000000005101,1,7.99,7.99,0.00,0.00,S,6090603202,,USD,DB
70001535,03050,06,2,20250307,195424,000000561001,1,9.99,9.99,0.00,0.62,S,6090603202,,USD,DB
70001536,03050,02,1,20250307,175756,000004471024,1,3.49,3.49,0.00,0.22,S,,,USD,CS
70001537,03050,04,1,20250307,163943,000004472003,1,3.29,3.29,0.00,0.21,S,,,USD,CC
70001538,03050,05,1,20250307,150649,000004473003,1,3.49,3.49,0.00,0.22,S,,,USD,CC
70001539,03050,06,1,20250307,142130,000000005020,2,4.49,8.98,0.00,0.00,S,,,USD,DB
70001540,03050,03,1,20250307,135159,000000005302,2,3.49,6.98,0.00,0.00,S,,,USD,CC
70001540,03050,03,2,20250307,135159,000000005020,1,4.49,4.49,0.00,0.00,S,,,USD,CC
70001540,03050,03,3,20250307,135159,000000031101,1.327,24.99,33.16,0.00,0.00,S,,,USD,CC
70001540,03050,03,4,20250307,135159,000000093325,1.197,3.99,4.78,0.00,0.00,S,,,USD,CC
70001540,03050,03,5,20250307,135159,000004482003,1,5.49,5.49,0.00,0.34,S,,,USD,CC
70001541,03050,05,1,20250307,152524,000004492003,1,2.29,2.29,0.00,0.14,S,,,USD,DB
70001541,03050,05,2,20250307,152524,000000551021,1,11.99,11.99,0.00,0.75,S,,,USD,DB
70001541,03050,05,3,20250307,152524,000000094102,1,3.49,3.49,0.00,0.00,S,,,USD,DB
70001542,00317,03,1,20250307,154144,000004471023,1,4.69,4.69,0.70,0.25,S,6094398529,LY25W05,CAD,CC
70001542,00317,03,2,20250307,154144,000000093401,1.025,7.49,7.68,0.00,0.00,S,6094398529,,CAD,CC
70001542,00317,03,3,20250307,154144,000000561001,3,13.59,40.77,0.00,2.55,S,6094398529,,CAD,CC
70001543,00317,04,1,20250307,182820,000000040202,1,20.39,20.39,0.00,0.00,S,6023690362,,CAD,CC
70001543,00317,04,2,20250307,182820,000000093321,1.604,1.99,3.19,0.00,0.00,S,6023690362,,CAD,CC
70001543,00317,04,3,20250307,182820,000000020102,1,4.69,4.69,0.00,0.00,S,6023690362,,CAD,CC
70001543,00317,04,4,20250307,182820,000000040203,1,16.29,16.29,0.00,0.00,S,6023690362,,CAD,CC
70001544,00317,01,1,20250307,205210,000000040202,1,20.39,20.39,0.00,0.00,S,,,CAD,CC
70001545,00317,03,1,20250307,172112,000000094201,1.959,2.29,4.49,0.00,0.00,S,,,CAD,CC
70001545,00317,03,2,20250307,172112,000004472002,2,6.09,12.18,0.00,0.76,S,,,CAD,CC
70001545,00317,03,3,20250307,172112,000000005012,1,5.39,5.39,0.00,0.00,S,,,CAD,CC
70001546,00317,06,1,20250307,141431,000000040202,3,20.39,61.17,0.00,0.00,S,,,CAD,DB
70001546,00317,06,2,20250307,141431,000000005012,1,5.39,5.39,0.00,0.00,S,,,CAD,DB
70001546,00317,06,3,20250307,141431,000000040201,3,12.19,36.57,0.00,0.00,S,,,CAD,DB
70001546,00317,06,4,20250307,141431,000000020203,1,8.79,8.79,0.00,0.00,S,,,CAD,DB
70001546,00317,06,5,20250307,141431,000004471030,1,5.39,5.39,0.00,0.34,S,,,CAD,DB
70001546,00317,06,6,20250307,141431,000000005012,1,5.39,5.39,0.00,0.00,S,,,CAD,DB
70001547,00317,01,1,20250307,114056,000004481002,1,10.89,10.89,0.00,0.68,S,,,CAD,CC
70001547,00317,01,2,20250307,114056,000004472002,1,6.09,6.09,0.00,0.38,S,,,CAD,CC
70001547,00317,01,3,20250307,114056,000004491002,1,9.49,9.49,0.00,0.59,S,,,CAD,CC
70001547,00317,01,4,20250307,114056,000000040202,1,20.39,20.39,0.00,0.00,S,,,CAD,CC
70001548,00317,02,1,20250307,110540,000000030201,1,13.59,13.59,0.00,0.00,S,6098864976,,CAD,DB
70001548,00317,02,2,20250307,110540,000000094302,1.846,7.49,13.83,0.00,0.00,S,6098864976,,CAD,DB
70001548,00317,02,3,20250307,110540,000004491001,1,3.39,3.39,0.00,0.21,S,6098864976,,CAD,DB
70001548,00317,02,4,20250307,110540,000004491002,2,9.49,18.98,0.00,1.19,S,6098864976,,CAD,DB
70001549,00317,05,1,20250307,141919,000000030102,1,20.39,20.39,0.00,0.00,R,6049904530,,CAD,CC
70001550,00317,03,1,20250307,72705,000000093325,2.108,5.39,11.36,0.00,0.00,S,6039060480,,CAD,CC
70001550,00317,03,2,20250307,72705,000000005020,1,6.09,6.09,0.00,0.00,S,6039060480,,CAD,CC
70001550,00317,03,3,20250307,72705,000000020201,1,7.49,7.49,1.12,0.00,S,6039060480,LY25W05,CAD,CC
70001550,00317,03,4,20250307,72705,000004492001,1,2.39,2.39,0.00,0.15,S,6039060480,,CAD,CC
70001550,00317,03,5,20250307,72705,000000005102,1,7.49,7.49,0.00,0.00,S,6039060480,,CAD,CC
70001551,00317,02,1,20250307,183312,000000562002,3,11.49,34.47,0.00,2.15,S,6011091939,,CAD,CC
70001551,00317,02,2,20250307,183312,000004492003,1,3.09,3.09,0.00,0.19,S,6011091939,,CAD,CC
70001551,00317,02,3,20250307,183312,000000562001,1,14.89,14.89,0.00,0.93,S,6011091939,,CAD,CC
70001552,00317,06,1,20250307,71412,000004471030,1,5.39,5.39,0.00,0.34,S,,,CAD,DB
70001552,00317,06,2,20250307,71412,000000005020,1,6.09,6.09,0.00,0.00,S,,,CAD,DB
70001553,00317,04,1,20250307,192417,000000093502,1,5.39,5.39,0.00,0.00,S,,,CAD,GC
70001554,00317,01,1,20250307,84329,000000562002,2,11.49,22.98,0.00,1.44,S,,,CAD,DB
70001554,00317,01,2,20250307,84329,000000093410,2.068,5.39,11.15,0.00,0.00,S,,,CAD,DB
70001554,00317,01,3,20250307,84329,000000005301,1,7.49,7.49,0.00,0.00,S,,,CAD,DB
70001554,00317,01,4,20250307,84329,000000093502,1,5.39,5.39,0.00,0.00,S,,,CAD,DB
70001554,00317,01,5,20250307,84329,000000040201,1,12.19,12.19,0.00,0.00,S,,,CAD,DB
70001554,00317,01,6,20250307,84329,000000031102,1.871,27.19,50.87,0.00,0.00,S,,,CAD,DB
70001555,00317,04,1,20250307,132212,000000020201,3,7.49,22.47,0.00,0.00,S,,,CAD,CS
70001555,00317,04,2,20250307,132212,000000030103,1,12.19,12.19,0.00,0.00,S,,,CAD,CS
70001555,00317,04,3,20250307,132212,000000040201,1,12.19,12.19,0.00,0.00,S,,,CAD,CS
70001556,01042,02,1,20250308,172522,000004472001,1,3.99,3.99,0.00,0.25,S,6061968931,,USD,CC
70001557,01042,01,1,20250308,201120,000004473001,3,2.99,8.97,0.00,0.56,S,6094065578,,USD,CC
70001557,01042,01,2,20250308,201120,000000094102,1,3.49,3.49,0.00,0.00,S,6094065578,,USD,CC
70001557,01042,01,3,20250308,201120,000004483002,1,3.49,3.49,0.00,0.22,S,6094065578,,USD,CC
70001557,01042,01,4,20250308,201120,000000093410,2.026,3.99,8.08,0.00,0.00,S,6094065578,,USD,CC
70001558,01042,06,1,20250308,82214,000000552001,1,4.49,4.49,0.00,0.28,S,,,USD,CS
70001558,01042,06,2,20250308,82214,000004471040,1,2.49,2.49,0.00,0.16,S,,,USD,CS
70001558,01042,06,3,20250308,82214,000004471024,1,3.49,3.49,0.00,0.22,S,,,USD,CS
70001559,01042,06,1,20250308,192632,000004471024,1,3.49,3.49,0.00,0.22,S,,,USD,CC
70001559,01042,06,2,20250308,192632,000004473002,1,2.79,2.79,0.00,0.17,S,,,USD,CC
70001559,01042,06,3,20250308,192632,000004471040,3,2.49,7.47,0.00,0.47,S,,,USD,CC
70001560,01042,01,1,20250308,83135,000004471040,1,2.49,2.49,0.00,0.16,S,,,USD,DB
70001561,01042,01,1,20250308,163029,000000552001,1,4.49,4.49,0.00,0.28,S,,,USD,CC
70001561,01042,01,2,20250308,163029,000004472001,1,3.99,3.99,0.00,0.25,S,,,USD,CC
70001561,01042,01,3,20250308,163029,000000005012,2,3.99,7.98,0.00,0.00,S,,,USD,CC
70001561,01042,01,4,20250308,163029,000000005020,1,4.49,4.49,0.00,0.00,S,,,USD,CC
70001562,01042,04,1,20250308,175818,000000030201,1,9.99,9.99,0.00,0.00,S,,,USD,DB
70001562,01042,04,2,20250308,175818,000000551021,2,11.99,23.98,0.00,1.50,S,,,USD,DB
70001563,01042,06,1,20250308,195501,000004473002,1,2.79,2.79,0.00,0.17,S,,,USD,CC
70001563,01042,06,2,20250308,195501,000004471040,2,2.49,4.98,0.00,0.31,S,,,USD,CC
70001564,01107,05,1,20250308,191215,000000005013,1,3.89,3.89,0.00,0.00,S,,,USD,CC
70001564,01107,05,2,20250308,191215,000000020201,2,5.49,10.98,0.00,0.00,S,,,USD,CC
70001565,02210,03,1,20250308,210007,000004473003,1,3.49,3.49,0.00,0.22,S,6005080184,,USD,GC
70001565,02210,03,2,20250308,210007,000000005012,1,3.99,3.99,0.60,0.00,S,6005080184,LY25W05,USD,GC
70001566,02210,06,1,20250308,170425,000000093321,1.821,1.49,2.71,0.00,0.00,S,6092944551,,USD,CC
70001566,02210,06,2,20250308,170425,000000005201,1,3.99,3.99,0.00,0.00,S,6092944551,,USD,CC
70001566,02210,06,3,20250308,170425,000000552002,1,3.99,3.99,0.00,0.25,S,6092944551,,USD,CC
70001566,02210,06,4,20250308,170425,000000005102,1,5.49,5.49,0.00,0.00,S,6092944551,,USD,CC
70001566,02210,06,5,20250308,170425,000000005013,1,3.89,3.89,0.00,0.00,S,6092944551,,USD,CC
70001567,02210,04,1,20250308,111632,000000093402,0.497,3.29,1.64,0.00,0.00,S,6082683230,,USD,DB
70001567,02210,04,2,20250308,111632,000004491002,1,6.99,6.99,0.00,0.44,S,6082683230,,USD,DB
70001567,02210,04,3,20250308,111632,000000094203,1.544,1.49,2.30,0.00,0.00,S,6082683230,,USD,DB
70001567,02210,04,4,20250308,111632,000004491003,1,1.99,1.99,0.00,0.12,S,6082683230,,USD,DB
70001567,02210,04,5,20250308,111632,000000005201,1,3.99,3.99,0.00,0.00,S,6082683230,,USD,DB
70001568,02210,03,1,20250308,184413,000000031101,1.936,24.99,48.38,0.00,0.00,S,,,USD,DB
70001568,02210,03,2,20250308,184413,000000005201,2,3.99,7.98,0.00,0.00,S,,,USD,DB
70001568,02210,03,3,20250308,184413,000004491003,1,1.99,1.99,0.00,0.12,S,,,USD,DB
70001569,02210,03,1,20250308,120743,000000093502,1,3.99,3.99,0.00,0.00,R,,,USD,DB
70001570,02210,01,1,20250308,150315,000004493002,1,3.99,3.99,0.00,0.25,S,,,USD,DB
70001570,02210,01,2,20250308,150315,000004471023,1,3.49,3.49,0.00,0.22,S,,,USD,DB
70001571,02210,03,1,20250308,172230,000004471023,2,3.49,6.98,0.00,0.44,S,,,USD,CS
70001571,02210,03,2,20250308,172230,000004481003,1,4.99,4.99,0.00,0.31,S,,,USD,CS
70001571,02210,03,3,20250308,172230,000000094102,2,3.49,6.98,0.00,0.00,S,,,USD,CS
70001572,02210,01,1,20250308,205419,000000005013,1,3.89,3.89,0.00,0.00,S,,,USD,CC
70001572,02210,01,2,20250308,205419,000000040102,1.133,16.99,19.25,0.00,0.00,S,,,USD,CC
70001572,02210,01,3,20250308,205419,000000093321,0.579,1.49,0.86,0.00,0.00,S,,,USD,CC
70001573,02210,04,1,20250308,101452,000000040201,1,8.99,8.99,0.00,0.00,S,,,USD,CC
70001573,02210,04,2,20250308,101452,000000093503,1,4.29,4.29,0.00,0.00,S,,,USD,CC
70001573,02210,04,3,20250308,101452,000000094103,1,3.79,3.79,0.00,0.00,S,,,USD,CC
70001574,02210,02,1,20250308,94757,000004491002,1,6.99,6.99,0.00,0.44,S,,,USD,GC
70001574,02210,02,2,20250308,94757,000004471023,1,3.49,3.49,0.00,0.22,S,,,USD,GC
70001574,02210,02,3,20250308,94757,000000020201,1,5.49,5.49,0.00,0.00,S,,,USD,GC
70001574,02210,02,4,20250308,94757,000004471023,1,3.49,3.49,0.00,0.22,S,,,USD,GC
70001575,02210,02,1,20250308,104359,000000040101,0.775,18.99,14.72,0.00,0.00,S,,,USD,CC
70001575,02210,02,2,20250308,104359,000000031102,0.382,19.99,7.64,0.00,0.00,S,,,USD,CC
70001575,02210,02,3,20250308,104359,000000005103,1,6.99,6.99,0.00,0.00,S,,,USD,CC
70001575,02210,02,4,20250308,104359,000004483001,1,4.99,4.99,0.00,0.31,S,,,USD,CC
70001575,02210,02,5,20250308,104359,000004482003,1,5.49,5.49,0.00,0.34,S,,,USD,CC
70001575,02210,02,6,20250308,104359,000004482002,2,17.99,35.98,0.00,2.25,S,,,USD,CC
70001576,02210,06,1,20250308,105639,000000040201,1,8.99,8.99,0.00,0.00,S,6023248763,,USD,CS
70001576,02210,06,2,20250308,105639,000004482001,1,13.99,13.99,0.00,0.87,S,6023248763,,USD,CS
70001576,02210,06,3,20250308,105639,000000020103,1,4.99,4.99,0.00,0.00,S,6023248763,,USD,CS
70001576,02210,06,4,20250308,105639,000000093325,1.759,3.99,7.02,0.00,0.00,S,6023248763,,USD,CS
70001577,02211,02,1,20250308,163251,000000005013,1,3.89,3.89,0.00,0.00,S,,,USD,GC
70001578,02211,05,1,20250308,84626,000000040203,1,11.99,11.99,0.00,0.00,S,,,USD,CC
70001579,02211,06,1,20250308,174110,000004483001,2,4.99,9.98,0.00,0.62,S,6093699951,,USD,CC
70001580,02211,01,1,20250308,171833,000000005201,1,3.99,3.99,0.00,0.00,S,6000217659,,USD,DB
70001580,02211,01,2,20250308,171833,000000040203,2,11.99,23.98,0.00,0.00,S,6000217659,,USD,DB
70001580,02211,01,3,20250308,171833,000000020101,3,2.49,7.47,0.00,0.00,S,6000217659,,USD,DB
70001580,02211,01,4,20250308,171833,000000552002,1,3.99,3.99,0.00,0.25,S,6000217659,,USD,DB
70001581,02305,06,1,20250308,174103,000004493002,1,3.99,3.99,0.00,0.25,S,6063280944,,USD,DB
70001581,02305,06,2,20250308,174103,000000005012,2,3.99,7.98,1.20,0.00,S,6063280944,LY25W05,USD,DB
70001581,02305,06,3,20250308,174103,000004493002,2,3.99,7.98,0.00,0.50,S,6063280944,,USD,DB
70001582,02305,06,1,20250308,151858,000004493001,1,5.49,5.49,0.00,0.34,S,,,USD,CC
70001582,02305,06,2,20250308,151858,000000552002,1,3.99,3.99,0.00,0.25,S,,,USD,CC
70001582,02305,06,3,20250308,151858,000004482003,1,5.49,5.49,0.00,0.34,S,,,USD,CC
70001583,02305,06,1,20250308,183501,000000093322,1.604,1.99,3.19,0.00,0.00,S,6031910090,,USD,CS
70001583,02305,06,2,20250308,183501,000000005012,1,3.99,3.99,0.60,0.00,S,6031910090,LY25W05,USD,CS
70001583,02305,06,3,20250308,183501,000004472001,1,3.99,3.99,0.00,0.25,S,6031910090,,USD,CS
70001584,02305,06,1,20250308,154806,000000094103,1,3.79,3.79,0.00,0.00,S,,,USD,CC
70001584,02305,06,2,20250308,154806,000004492003,1,2.29,2.29,0.00,0.14,S,,,USD,CC
70001584,02305,06,3,20250308,154806,000000030201,1,9.99,9.99,0.00,0.00,S,,,USD,CC
70001584,02305,06,4,20250308,154806,000000040203,1,11.99,11.99,0.00,0.00,S,,,USD,CC
70001584,02305,06,5,20250308,154806,000004491003,1,1.99,1.99,0.00,0.12,S,,,USD,CC
70001585,02305,04,1,20250308,75922,000004482002,2,17.99,35.98,0.00,2.25,S,,,USD,CC
70001585,02305,04,2,20250308,75922,000000094202,0.361,1.99,0.72,0.00,0.00,S,,,USD,CC
70001586,02305,04,1,20250308,184004,000000093402,1.761,3.29,5.79,0.00,0.00,S,,,USD,DB
70001587,02305,02,1,20250308,71649,000004473003,1,3.49,3.49,0.00,0.22,S,6081664969,,USD,CS
70001588,02305,02,1,20250308,154428,000000005103,2,6.99,13.98,0.00,0.00,S,6025803056,,USD,DB
70001589,02305,03,1,20250308,144531,000000005201,1,3.99,3.99,0.00,0.00,S,,,USD,CS
70001589,02305,03,2,20250308,144531,000000552002,1,3.99,3.99,0.00,0.25,S,,,USD,CS
70001589,02305,03,3,20250308,144531,000000093325,0.937,3.99,3.74,0.00,0.00,S,,,USD,CS
70001590,02305,03,1,20250308,113219,000004481003,1,4.99,4.99,0.00,0.31,S,6052250139,,USD,CS
70001590,02305,03,2,20250308,113219,000000094202,1.594,1.99,3.17,0.00,0.00,S,6052250139,,USD,CS
70001591,02305,01,1,20250308,203356,000004492001,1,1.79,1.79,0.00,0.11,S,6023116491,,USD,CC
70001591,02305,01,2,20250308,203356,000004482003,1,5.49,5.49,0.82,0.29,S,6023116491,LY25W05,USD,CC
70001591,02305,01,3,20250308,203356,000004492001,1,1.79,1.79,0.00,0.11,S,6023116491,,USD,CC
70001591,02305,01,4,20250308,203356,000004472003,1,3.29,3.29,0.00,0.21,S,6023116491,,USD,CC
70001591,02305,01,5,20250308,203356,000000093503,1,4.29,4.29,0.00,0.00,S,6023116491,,USD,CC
70001592,02305,06,1,20250308,82337,000000005012,1,3.99,3.99,0.00,0.00,S,,,USD,CC
70001592,02305,06,2,20250308,82337,000004483002,1,3.49,3.49,0.00,0.22,S,,,USD,CC
70001592,02305,06,3,20250308,82337,000004481001,2,7.99,15.98,0.00,1.00,S,,,USD,CC
70001592,02305,06,4,20250308,82337,000000020101,1,2.49,2.49,0.00,0.00,S,,,USD,CC
70001592,02305,06,5,20250308,82337,000004471023,1,3.49,3.49,0.00,0.22,S,,,USD,CC
70001592,02305,06,6,20250308,82337,000000030102,1,14.99,14.99,0.00,0.00,S,,,USD,CC
70001593,02305,06,1,20250308,210040,000000005201,1,3.99,3.99,0.00,0.00,S,6037052635,,USD,DB
70001593,02305,06,2,20250308,210040,000004483002,1,3.49,3.49,0.00,0.22,S,6037052635,,USD,DB
70001594,03050,06,1,20250308,163501,000000030203,1,8.49,8.49,0.00,0.00,S,,,USD,GC
70001594,03050,06,2,20250308,163501,000000094202,1.058,1.99,2.11,0.00,0.00,S,,,USD,GC
70001594,03050,06,3,20250308,163501,000000030203,2,8.49,16.98,0.00,0.00,S,,,USD,GC
70001594,03050,06,4,20250308,163501,000000005103,1,6.99,6.99,0.00,0.00,S,,,USD,GC
70001594,03050,06,5,20250308,163501,000004492001,1,1.79,1.79,0.00,0.11,S,,,USD,GC
70001594,03050,06,6,20250308,163501,000000094302,0.289,5.49,1.59,0.00,0.00,S,,,USD,GC
70001595,03050,04,1,20250308,93251,000000030103,1,8.99,8.99,0.00,0.00,S,,,USD,CC
70001595,03050,04,2,20250308,93251,000000552002,1,3.99,3.99,0.00,0.25,S,,,USD,CC
70001596,03050,01,1,20250308,143407,000000005013,2,3.89,7.78,0.00,0.00,S,,,USD,DB
70001596,03050,01,2,20250308,143407,000004471040,1,2.49,2.49,0.00,0.16,S,,,USD,DB
70001596,03050,01,3,20250308,143407,000000030102,1,14.99,14.99,0.00,0.00,S,,,USD,DB
70001597,03050,03,1,20250308,200256,000000093410,1.882,3.99,7.51,0.00,0.00,S,6045886792,,USD,DB
70001597,03050,03,2,20250308,200256,000000093322,0.997,1.99,1.98,0.00,0.00,S,6045886792,,USD,DB
70001597,03050,03,3,20250308,200256,000000094103,1,3.79,3.79,0.00,0.00,S,6045886792,,USD,DB
70001597,03050,03,4,20250308,200256,000000020101,2,2.49,4.98,0.00,0.00,S,6045886792,,USD,DB
70001597,03050,03,5,20250308,200256,000004481003,1,4.99,4.99,0.00,0.31,S,6045886792,,USD,DB
70001597,03050,03,6,20250308,200256,000000094103,1,3.79,3.79,0.00,0.00,S,6045886792,,USD,DB
70001598,03050,03,1,20250308,73622,000004481002,1,7.99,7.99,0.00,0.50,R,6026368970,,USD,GC
70001599,03050,02,1,20250308,115903,000004473001,3,2.99,8.97,0.00,0.56,S,,,USD,CC
70001599,03050,02,2,20250308,115903,000000020103,1,4.99,4.99,0.00,0.00,S,,,USD,CC
70001599,03050,02,3,20250308,115903,000004482003,1,5.49,5.49,0.00,0.34,S,,,USD,CC
70001599,03050,02,4,20250308,115903,000000005302,1,3.49,3.49,0.00,0.00,S,,,USD,CC
70001599,03050,02,5,20250308,115903,000000093325,0.952,3.99,3.80,0.00,0.00,S,,,USD,CC
70001599,03050,02,6,20250308,115903,000004471024,1,3.49,3.49,0.00,0.22,S,,,USD,CC
70001600,00317,01,1,20250308,184933,000004472003,1,4.49,4.49,0.00,0.28,S,6057937639,,CAD,CS
70001600,00317,01,2,20250308,184933,000000040202,1,20.39,20.39,0.00,0.00,S,6057937639,,CAD,CS
70001600,00317,01,3,20250308,184933,000004472050,1,5.39,5.39,0.00,0.34,S,6057937639,,CAD,CS
70001600,00317,01,4,20250308,184933,000004471030,1,5.39,5.39,0.81,0.29,S,6057937639,LY25W05,CAD,CS
70001601,00317,03,1,20250308,133325,000000093322,0.690,2.69,1.86,0.00,0.00,S,,,CAD,DB
70001601,00317,03,2,20250308,133325,000000093402,1.529,4.49,6.87,0.00,0.00,S,,,CAD,DB
70001602,00317,02,1,20250308,183306,000000005301,3,7.49,22.47,0.00,0.00,S,6057937639,,CAD,GC
70001602,00317,02,2,20250308,183306,000000020103,3,6.79,20.37,0.00,0.00,S,6057937639,,CAD,GC
70001603,00317,05,1,20250308,170600,000004472003,2,4.49,8.98,0.00,0.56,S,6052455574,,CAD,CS
70001603,00317,05,2,20250308,170600,000004471023,2,4.69,9.38,1.41,0.50,S,6052455574,LY25W05,CAD,CS
70001603,00317,05,3,20250308,170600,000004481003,3,6.79,20.37,0.00,1.27,S,6052455574,,CAD,CS
70001604,00317,02,1,20250308,70336,000000040201,1,12.19,12.19,0.00,0.00,S,,,CAD,DB
70001604,00317,02,2,20250308,70336,000000030201,2,13.59,27.18,0.00,0.00,S,,,CAD,DB
70001605,00317,04,1,20250308,71657,000004482003,1,7.49,7.49,1.12,0.40,S,6028715399,LY25W05,CAD,CS
70001605,00317,04,2,20250308,71657,000004472003,2,4.49,8.98,0.00,0.56,S,6028715399,,CAD,CS
70001605,00317,04,3,20250308,71657,000004481003,2,6.79,13.58,0.00,0.85,S,6028715399,,CAD,CS
70001606,00317,02,1,20250308,100451,000000093322,0.322,2.69,0.87,0.00,0.00,S,,,CAD,CC
70001606,00317,02,2,20250308,100451,000000005103,2,9.49,18.98,0.00,0.00,S,,,CAD,CC
70001607,00317,02,1,20250308,112431,000000093321,1.881,1.99,3.74,0.00,0.00,S,6090793884,,CAD,CC
70001607,00317,02,2,20250308,112431,000000005012,2,5.39,10.78,1.62,0.00,S,6090793884,LY25W05,CAD,CC
70001607,00317,02,3,20250308,112431,000000020201,1,7.49,7.49,1.12,0.00,S,6090793884,LY25W05,CAD,CC
70001607,00317,02,4,20250308,112431,000000562001,1,14.89,14.89,0.00,0.93,S,6090793884,,CAD,CC
70001607,00317,02,5,20250308,112431,000004471030,1,5.39,5.39,0.81,0.29,S,6090793884,LY25W05,CAD,CC
70001607,00317,02,6,20250308,112431,000000030102,1,20.39,20.39,0.00,0.00,S,6090793884,,CAD,CC
70001608,00317,02,1,20250308,72425,000000093503,1,5.79,5.79,0.00,0.00,S,6044920749,,CAD,CC
70001609,00317,06,1,20250308,190324,000000020102,1,4.69,4.69,0.00,0.00,S,6049603358,,CAD,GC
70001609,00317,06,2,20250308,190324,000000030201,1,13.59,13.59,0.00,0.00,S,6049603358,,CAD,GC
70001609,00317,06,3,20250308,190324,000000005101,1,10.89,10.89,0.00,0.00,S,6049603358,,CAD,GC
70001609,00317,06,4,20250308,190324,000004491001,1,3.39,3.39,0.00,0.21,S,6049603358,,CAD,GC
70001610,00317,04,1,20250308,205826,000000551021,1,16.29,16.29,0.00,1.02,S,,,CAD,CC
70001610,00317,04,2,20250308,205826,000000030202,1,15.59,15.59,0.00,0.00,S,,,CAD,CC
70001611,00317,05,1,20250308,112840,000000562002,1,11.49,11.49,0.00,0.72,S,,,CAD,DB
70001612,00317,04,1,20250308,95859,000000030202,1,15.59,15.59,0.00,0.00,S,6057784872,,CAD,GC
70001613,01042,04,1,20250309,103331,000000551021,1,11.99,11.99,0.00,0.75,S,,,USD,DB
70001613,01042,04,2,20250309,103331,000000093325,0.613,3.99,2.45,0.00,0.00,S,,,USD,DB
70001614,01042,05,1,20250309,103457,000000031101,0.674,24.99,16.84,0.00,0.00,S,,,USD,CC
70001614,01042,05,2,20250309,103457,000004471023,1,3.49,3.49,0.00,0.22,S,,,USD,CC
70001614,01042,05,3,20250309,103457,000004491003,2,1.99,3.98,0.00,0.25,S,,,USD,CC
70001614,01042,05,4,20250309,103457,000000031102,1.910,19.99,38.18,0.00,0.00,S,,,USD,CC
70001614,01042,05,5,20250309,103457,000004491001,3,2.49,7.47,0.00,0.47,S,,,USD,CC
70001614,01042,05,6,20250309,103457,000000030102,1,14.99,14.99,0.00,0.00,S,,,USD,CC
70001615,01042,05,1,20250309,113451,000004483002,1,3.49,3.49,0.00,0.22,S,,,USD,GC
70001616,01042,06,1,20250309,73747,000000005013,2,3.89,7.78,0.00,0.00,S,6001284008,,USD,DB
70001616,01042,06,2,20250309,73747,000004482003,2,5.49,10.98,0.00,0.69,S,6001284008,,USD,DB
70001616,01042,06,3,20250309,73747,000004492003,1,2.29,2.29,0.00,0.14,S,6001284008,,USD,DB
70001617,01042,05,1,20250309,173615,000000005202,1,5.99,5.99,0.00,0.00,S,,,USD,CC
70001617,01042,05,2,20250309,173615,000000005201,1,3.99,3.99,0.00,0.00,S,,,USD,CC
70001617,01042,05,3,20250309,173615,000000094202,1.180,1.99,2.35,0.00,0.00,S,,,USD,CC
70001617,01042,05,4,20250309,173615,000000020202,2,5.99,11.98,5.99,0.00,S,,BG25W06,USD,CC
70001618,01042,05,1,20250309,81630,000000031101,0.806,24.99,20.14,0.00,0.00,S,,,USD,CC
70001618,01042,05,2,20250309,81630,000004491003,1,1.99,1.99,0.00,0.12,S,,,USD,CC
70001618,01042,05,3,20250309,81630,000004473001,1,2.99,2.99,0.00,0.19,S,,,USD,CC
70001619,01042,06,1,20250309,133633,000000005302,2,3.49,6.98,0.00,0.00,S,6024572308,,USD,CC
70001619,01042,06,2,20250309,133633,000000093401,1.847,5.49,10.14,0.00,0.00,S,6024572308,,USD,CC
70001619,01042,06,3,20250309,133633,000004481001,2,7.99,15.98,0.00,1.00,S,6024572308,,USD,CC
70001619,01042,06,4,20250309,133633,000004473001,1,2.99,2.99,0.00,0.19,S,6024572308,,USD,CC
70001619,01042,06,5,20250309,133633,000004491003,1,1.99,1.99,0.00,0.12,S,6024572308,,USD,CC
70001620,01042,03,1,20250309,142821,000000005201,1,3.99,3.99,0.00,0.00,S,6035365419,,USD,DB
70001620,01042,03,2,20250309,142821,000000005020,1,4.49,4.49,0.00,0.00,S,6035365419,,USD,DB
70001621,01042,04,1,20250309,73840,000000030103,1,8.99,8.99,0.00,0.00,S,6083258238,,USD,DB
70001621,01042,04,2,20250309,73840,000000093410,1.908,3.99,7.61,0.00,0.00,S,6083258238,,USD,DB
70001621,01042,04,3,20250309,73840,000004471040,1,2.49,2.49,0.00,0.16,S,6083258238,,USD,DB
70001621,01042,04,4,20250309,73840,000000094302,0.832,5.49,4.57,0.00,0.00,S,6083258238,,USD,DB
70001621,01042,04,5,20250309,73840,000000094102,2,3.49,6.98,0.00,0.00,S,6083258238,,USD,DB
70001622,01042,02,1,20250309,131704,000000094103,2,3.79,7.58,0.00,0.00,S,6045644948,,USD,DB
70001623,01107,06,1,20250309,201338,000000551021,2,11.99,23.98,0.00,1.50,S,,,USD,CC
70001624,01107,05,1,20250309,145826,000004473001,1,2.99,2.99,0.00,0.19,S,,,USD,CC
70001624,01107,05,2,20250309,145826,000000005302,1,3.49,3.49,0.00,0.00,S,,,USD,CC
70001624,01107,05,3,20250309,145826,000000005201,1,3.99,3.99,0.00,0.00,S,,,USD,CC
70001625,01107,06,1,20250309,74002,000004473002,1,2.79,2.79,0.00,0.17,S,6081376742,,USD,CC
70001625,01107,06,2,20250309,74002,000000020201,1,5.49,5.49,0.00,0.00,S,6081376742,,USD,CC
70001626,01107,01,1,20250309,113948,000000093401,0.625,5.49,3.43,0.00,0.00,S,,,USD,CC
70001626,01107,01,2,20250309,113948,000000094203,0.822,1.49,1.22,0.00,0.00,S,,,USD,CC
70001626,01107,01,3,20250309,113948,000004493002,2,3.99,7.98,3.99,0.25,S,,BG25W06,USD,CC
70001626,01107,01,4,20250309,113948,000000094302,0.814,5.49,4.47,0.00,0.00,S,,,USD,CC
70001627,02210,01,1,20250309,80426,000000020101,1,2.49,2.49,0.00,0.00,S,,,USD,DB
70001627,02210,01,2,20250309,80426,000004472002,1,4.49,4.49,0.00,0.28,S,,,USD,DB
70001627,02210,01,3,20250309,80426,000000005103,1,6.99,6.99,0.00,0.00,S,,,USD,DB
70001627,02210,01,4,20250309,80426,000000040101,1.090,18.99,20.70,0.00,0.00,S,,,USD,DB
70001628,02210,03,1,20250309,115156,000000040102,0.507,16.99,8.61,0.00,0.00,S,6043861259,,USD,CC
70001629,02210,01,1,20250309,81102,000000094301,1.097,4.39,4.82,0.00,0.00,S,6005673030,,USD,CC
70001629,02210,01,2,20250309,81102,000004481003,1,4.99,4.99,0.00,0.31,S,6005673030,,USD,CC
70001630,02210,03,1,20250309,114732,000000020202,1,5.99,5.99,0.00,0.00,S,6075681429,,USD,GC
70001631,02210,01,1,20250309,73921,000000093325,1.681,3.99,6.71,0.00,0.00,S,,,USD,GC
70001632,02210,03,1,20250309,201127,000000005202,1,5.99,5.99,0.00,0.00,S,,,USD,CS
70001632,02210,03,2,20250309,201127,000000005201,1,3.99,3.99,0.00,0.00,S,,,USD,CS
70001632,02210,03,3,20250309,201127,000004481002,1,7.99,7.99,0.00,0.50,S,,,USD,CS
70001633,02210,05,1,20250309,180940,000000094201,1.883,1.69,3.18,0.00,0.00,S,,,USD,CC
70001633,02210,05,2,20250309,180940,000004471023,1,3.49,3.49,0.00,0.22,S,,,USD,CC
70001633,02210,05,3,20250309,180940,000004471040,2,2.49,4.98,0.00,0.31,S,,,USD,CC
70001634,02211,05,1,20250309,194527,000004473002,1,2.79,2.79,0.00,0.17,S,,,USD,DB
70001634,02211,05,2,20250309,194527,000004492003,1,2.29,2.29,0.00,0.14,S,,,USD,DB
70001634,02211,05,3,20250309,194527,000000020103,1,4.99,4.99,0.00,0.00,S,,,USD,DB
70001635,02305,03,1,20250309,94221,000000005201,3,3.99,11.97,3.99,0.00,S,6039660558,MB25W06,USD,GC
70001635,02305,03,2,20250309,94221,000000030101,1,6.99,6.99,0.00,0.00,S,6039660558,,USD,GC
70001635,02305,03,3,20250309,94221,000000031102,0.584,19.99,11.67,0.00,0.00,S,6039660558,,USD,GC
70001635,02305,03,4,20250309,94221,000004471040,2,2.49,4.98,0.00,0.31,S,6039660558,,USD,GC
70001635,02305,03,5,20250309,94221,000000093402,0.287,3.29,0.94,0.00,0.00,S,6039660558,,USD,GC
70001635,02305,03,6,20250309,94221,000000005103,1,6.99,6.99,0.00,0.00,S,6039660558,,USD,GC
70001636,02305,04,1,20250309,161425,000000094101,1,3.99,3.99,0.00,0.00,S,6052250139,,USD,DB
70001636,02305,04,2,20250309,161425,000000040203,3,11.99,35.97,11.99,0.00,S,6052250139,MB25W06,USD,DB
70001637,02305,01,1,20250309,151619,000004481001,2,7.99,15.98,0.00,1.00,S,,,USD,CC
70001637,02305,01,2,20250309,151619,000000040102,0.411,16.99,6.98,0.00,0.00,S,,,USD,CC
70001637,02305,01,3,20250309,151619,000004493001,1,5.49,5.49,0.00,0.34,S,,,USD,CC
70001637,02305,01,4,20250309,151619,000000561002,1,7.49,7.49,0.00,0.47,S,,,USD,CC
70001638,02305,04,1,20250309,192454,000000093322,2.130,1.99,4.24,0.00,0.00,S,,,USD,GC
70001638,02305,04,2,20250309,192454,000000005012,1,3.99,3.99,0.00,0.00,S,,,USD,GC
70001639,02305,05,1,20250309,185539,000004471023,1,3.49,3.49,0.00,0.22,S,,,USD,GC
70001639,02305,05,2,20250309,185539,000000020202,2,5.99,11.98,5.99,0.00,S,,BG25W06,USD,GC
70001639,02305,05,3,20250309,185539,000004473003,1,3.49,3.49,0.00,0.22,S,,,USD,GC
70001640,02305,06,1,20250309,144743,000000094202,0.345,1.99,0.69,0.00,0.00,S,6071576605,,USD,CC
70001641,02305,05,1,20250309,143428,000004482001,1,13.99,13.99,0.00,0.87,S,,,USD,DB
70001641,02305,05,2,20250309,143428,000000562002,2,8.49,16.98,0.00,1.06,S,,,USD,DB
70001641,02305,05,3,20250309,143428,000000552001,1,4.49,4.49,0.00,0.28,S,,,USD,DB
70001641,02305,05,4,20250309,143428,000000030101,1,6.99,6.99,0.00,0.00,S,,,USD,DB
70001642,02305,01,1,20250309,134606,000000040202,1,14.99,14.99,0.00,0.00,S,6095073214,,USD,CC
70001643,02305,06,1,20250309,123908,000000030101,1,6.99,6.99,0.00,0.00,S,,,USD,CC
70001643,02305,06,2,20250309,123908,000000552001,1,4.49,4.49,0.00,0.28,S,,,USD,CC
70001643,02305,06,3,20250309,123908,000004493002,2,3.99,7.98,3.99,0.25,S,,BG25W06,USD,CC
70001644,02305,01,1,20250309,190930,000004472002,2,4.49,8.98,0.00,0.56,S,,,USD,CS
70001644,02305,01,2,20250309,190930,000000030202,1,11.49,11.49,0.00,0.00,S,,,USD,CS
70001644,02305,01,3,20250309,190930,000004471040,1,2.49,2.49,0.00,0.16,S,,,USD,CS
70001645,02305,06,1,20250309,215912,000000093502,3,3.99,11.97,3.99,0.00,S,,MB25W06,USD,CC
70001645,02305,06,2,20250309,215912,000004493001,1,5.49,5.49,0.00,0.34,S,,,USD,CC
70001645,02305,06,3,20250309,215912,000000040102,1.800,16.99,30.58,0.00,0.00,S,,,USD,CC
70001645,02305,06,4,20250309,215912,000000562001,1,10.99,10.99,0.00,0.69,S,,,USD,CC
70001645,02305,06,5,20250309,215912,000004493002,2,3.99,7.98,3.99,0.25,S,,BG25W06,USD,CC
70001645,02305,06,6,20250309,215912,000000552002,1,3.99,3.99,0.00,0.25,S,,,USD,CC
70001646,02305,04,1,20250309,205254,000004471040,1,2.49,2.49,0.00,0.16,S,,,USD,CC
70001646,02305,04,2,20250309,205254,000000094203,1.230,1.49,1.83,0.00,0.00,S,,,USD,CC
70001646,02305,04,3,20250309,205254,000004472003,1,3.29,3.29,0.00,0.21,S,,,USD,CC
70001647,02305,01,1,20250309,181113,000000040203,1,11.99,11.99,0.00,0.00,S,6035134261,,USD,DB
70001647,02305,01,2,20250309,181113,000000005102,1,5.49,5.49,0.00,0.00,S,6035134261,,USD,DB
70001647,02305,01,3,20250309,181113,000004471024,1,3.49,3.49,0.00,0.22,S,6035134261,,USD,DB
70001647,02305,01,4,20250309,181113,000004491003,1,1.99,1.99,0.00,0.12,S,6035134261,,USD,DB
70001648,03050,06,1,20250309,193304,000000020202,2,5.99,11.98,5.99,0.00,S,,BG25W06,USD,DB
70001649,03050,01,1,20250309,101641,000004482003,2,5.49,10.98,0.00,0.69,S,,,USD,CS
70001649,03050,01,2,20250309,101641,000004482003,1,5.49,5.49,0.00,0.34,S,,,USD,CS
70001650,03050,04,1,20250309,182224,000000005101,1,7.99,7.99,0.00,0.00,S,,,USD,DB
70001650,03050,04,2,20250309,182224,000004471024,1,3.49,3.49,0.00,0.22,S,,,USD,DB
70001650,03050,04,3,20250309,182224,000000020103,1,4.99,4.99,0.00,0.00,S,,,USD,DB
70001650,03050,04,4,20250309,182224,000000094102,1,3.49,3.49,0.00,0.00,S,,,USD,DB
70001651,03050,06,1,20250309,191124,000004471024,3,3.49,10.47,0.00,0.65,S,,,USD,GC
70001651,03050,06,2,20250309,191124,000000093410,0.912,3.99,3.64,0.00,0.00,S,,,USD,GC
70001652,03050,04,1,20250309,150338,000000093325,2.068,3.99,8.25,0.00,0.00,S,6056124815,,USD,DB
70001652,03050,04,2,20250309,150338,000000093502,3,3.99,11.97,3.99,0.00,S,6056124815,MB25W06,USD,DB
70001652,03050,04,3,20250309,150338,000004473002,1,2.79,2.79,0.00,0.17,S,6056124815,,USD,DB
70001652,03050,04,4,20250309,150338,000004473002,2,2.79,5.58,0.00,0.35,S,6056124815,,USD,DB
70001653,03050,02,1,20250309,214923,000000093501,2,4.49,8.98,0.00,0.00,S,,,USD,CC
70001653,03050,02,2,20250309,214923,000004482001,1,13.99,13.99,0.00,0.87,S,,,USD,CC
70001654,03050,02,1,20250309,92122,000000005201,1,3.99,3.99,0.00,0.00,S,,,USD,GC
70001655,00317,06,1,20250309,200830,000000020203,1,8.79,8.79,0.00,0.00,S,6062127602,,CAD,DB
70001655,00317,06,2,20250309,200830,000000020203,3,8.79,26.37,0.00,0.00,S,6062127602,,CAD,DB
70001655,00317,06,3,20250309,200830,000004471023,1,4.69,4.69,0.00,0.29,S,6062127602,,CAD,DB
70001656,00317,05,1,20250309,74734,000004493002,1,5.39,5.39,0.00,0.34,S,6082043397,,CAD,DB
70001656,00317,05,2,20250309,74734,000000093321,1.989,1.99,3.96,0.00,0.00,S,6082043397,,CAD,DB
70001656,00317,05,3,20250309,74734,000004471040,1,3.39,3.39,0.00,0.21,S,6082043397,,CAD,DB
70001657,00317,05,1,20250309,162401,000004492050,1,2.99,2.99,0.00,0.19,S,,,CAD,CC
70001657,00317,05,2,20250309,162401,000004471030,1,5.39,5.39,0.00,0.34,S,,,CAD,CC
70001657,00317,05,3,20250309,162401,000000094302,1.701,7.49,12.74,0.00,0.00,S,,,CAD,CC
70001657,00317,05,4,20250309,162401,000000031101,1.241,33.99,42.18,0.00,0.00,S,,,CAD,CC
70001658,00317,04,1,20250309,85801,000000005302,1,4.69,4.69,0.00,0.00,S,6068094149,,CAD,CS
70001658,00317,04,2,20250309,85801,000004471024,1,4.69,4.69,0.00,0.29,S,6068094149,,CAD,CS
70001659,00317,06,1,20250309,195635,000004481001,1,10.89,10.89,0.00,0.68,S,,,CAD,GC
70001659,00317,06,2,20250309,195635,000000031102,0.871,27.19,23.68,0.00,0.00,S,,,CAD,GC
70001660,00317,06,1,20250309,215356,000000551020,1,18.99,18.99,0.00,1.19,S,6087020701,,CAD,GC
70001661,00317,03,1,20250309,132909,000000093410,1.061,5.39,5.72,0.00,0.00,S,,,CAD,CC
70001661,00317,03,2,20250309,132909,000000093410,1.968,5.39,10.61,0.00,0.00,S,,,CAD,CC
70001661,00317,03,3,20250309,132909,000004491003,3,2.69,8.07,0.00,0.50,S,,,CAD,CC
70001661,00317,03,4,20250309,132909,000000030103,1,12.19,12.19,0.00,0.00,S,,,CAD,CC
70001662,00317,04,1,20250309,193932,000000094203,1.012,1.99,2.01,0.00,0.00,S,6023850371,,CAD,GC
70001662,00317,04,2,20250309,193932,000000094102,1,4.69,4.69,0.00,0.00,S,6023850371,,CAD,GC
70001662,00317,04,3,20250309,193932,000004473003,2,4.69,9.38,0.00,0.59,S,6023850371,,CAD,GC
70001662,00317,04,4,20250309,193932,000000094202,1.397,2.69,3.76,0.00,0.00,S,6023850371,,CAD,GC
70001663,01042,06,1,20250310,175555,000000020202,2,5.99,11.98,5.99,0.00,S,,BG25W06,USD,GC
70001663,01042,06,2,20250310,175555,000000040102,0.511,16.99,8.68,0.00,0.00,S,,,USD,GC
70001664,01042,04,1,20250310,120914,000000094102,1,3.49,3.49,0.00,0.00,S,,,USD,CS
70001665,01042,06,1,20250310,131322,000000005202,1,5.99,5.99,0.00,0.00,S,6043017646,,USD,GC
70001665,01042,06,2,20250310,131322,000004471023,1,3.49,3.49,0.00,0.22,S,6043017646,,USD,GC
70001666,01042,05,1,20250310,172513,000000031102,0.603,19.99,12.05,0.00,0.00,S,6057422319,,USD,CS
70001666,01042,05,2,20250310,172513,000000094101,1,3.99,3.99,0.00,0.00,S,6057422319,,USD,CS
70001667,01107,03,1,20250310,141424,000004471023,2,3.49,6.98,0.00,0.44,S,6076153966,,USD,CC
70001667,01107,03,2,20250310,141424,000004481003,1,4.99,4.99,0.00,0.31,S,6076153966,,USD,CC
70001667,01107,03,3,20250310,141424,000004472001,1,3.99,3.99,0.00,0.25,S,6076153966,,USD,CC
70001667,01107,03,4,20250310,141424,000000040102,1.303,16.99,22.14,0.00,0.00,S,6076153966,,USD,CC
70001668,02210,04,1,20250310,132546,000004473001,1,2.99,2.99,0.00,0.19,S,,,USD,CC
70001668,02210,04,2,20250310,132546,000004483001,1,4.99,4.99,0.00,0.31,S,,,USD,CC
70001668,02210,04,3,20250310,132546,000004472003,1,3.29,3.29,0.00,0.21,S,,,USD,CC
70001669,02210,02,1,20250310,80617,000000005103,1,6.99,6.99,0.00,0.00,S,6043275604,,USD,CC
70001669,02210,02,2,20250310,80617,000004483001,3,4.99,14.97,0.00,0.94,S,6043275604,,USD,CC
70001670,02210,01,1,20250310,151301,000000005103,1,6.99,6.99,0.00,0.00,S,6051364424,,USD,DB
70001671,02210,04,1,20250310,211412,000004481001,1,7.99,7.99,0.00,0.50,S,,,USD,CC
70001671,02210,04,2,20250310,211412,000000005102,1,5.49,5.49,0.00,0.00,S,,,USD,CC
70001672,02210,06,1,20250310,160056,000004481001,1,7.99,7.99,0.00,0.50,S,6062776572,,USD,DB
70001672,02210,06,2,20250310,160056,000004471040,1,2.49,2.49,0.00,0.16,S,6062776572,,USD,DB
70001672,02210,06,3,20250310,160056,000004483002,1,3.49,3.49,0.00,0.22,S,6062776572,,USD,DB
70001673,02210,06,1,20250310,201951,000000093410,1.361,3.99,5.43,0.00,0.00,S,6052963863,,USD,DB
70001674,02210,02,1,20250310,155937,000000005102,1,5.49,5.49,0.00,0.00,S,6055562833,,USD,GC
70001674,02210,02,2,20250310,155937,000004482002,1,17.99,17.99,0.00,1.12,S,6055562833,,USD,GC
70001674,02210,02,3,20250310,155937,000000005013,1,3.89,3.89,0.00,0.00,S,6055562833,,USD,GC
70001674,02210,02,4,20250310,155937,000000040102,2.115,16.99,35.93,0.00,0.00,S,6055562833,,USD,GC
70001674,02210,02,5,20250310,155937,000000561001,1,9.99,9.99,0.00,0.62,S,6055562833,,USD,GC
70001674,02210,02,6,20250310,155937,000000562001,1,10.99,10.99,0.00,0.69,S,6055562833,,USD,GC
70001675,02210,02,1,20250310,112114,000000093322,1.958,1.99,3.90,0.00,0.00,S,,,USD,GC
70001675,02210,02,2,20250310,112114,000000005020,1,4.49,4.49,0.00,0.00,S,,,USD,GC
70001675,02210,02,3,20250310,112114,000000093325,1.353,3.99,5.40,0.00,0.00,S,,,USD,GC
70001675,02210,02,4,20250310,112114,000000093322,1.427,1.99,2.84,0.00,0.00,S,,,USD,GC
70001675,02210,02,5,20250310,112114,000000094202,1.098,1.99,2.19,0.00,0.00,S,,,USD,GC
70001676,02210,04,1,20250310,180136,000004473002,1,2.79,2.79,0.00,0.17,S,6004102767,,USD,CC
70001676,02210,04,2,20250310,180136,000000020203,1,6.49,6.49,0.00,0.00,S,6004102767,,USD,CC
70001677,02211,01,1,20250310,133401,000000040102,1.037,16.99,17.62,0.00,0.00,S,6025205664,,USD,DB
70001678,02211,05,1,20250310,173246,000004481003,1,4.99,4.99,0.00,0.31,S,,,USD,CC
70001678,02211,05,2,20250310,173246,000000020202,2,5.99,11.98,5.99,0.00,S,,BG25W06,USD,CC
70001678,02211,05,3,20250310,173246,000004471040,1,2.49,2.49,0.00,0.16,S,,,USD,CC
70001679,02211,01,1,20250310,213534,000004472002,1,4.49,4.49,0.00,0.28,S,,,USD,CS
70001679,02211,01,2,20250310,213534,000000005103,1,6.99,6.99,0.00,0.00,S,,,USD,CS
70001680,02211,02,1,20250310,145335,000004492003,1,2.29,2.29,0.00,0.14,S,6098831030,,USD,DB
70001680,02211,02,2,20250310,145335,000000005302,1,3.49,3.49,0.00,0.00,S,6098831030,,USD,DB
70001681,02211,04,1,20250310,171637,000000040202,2,14.99,29.98,0.00,0.00,S,6082300478,,USD,CS
70001681,02211,04,2,20250310,171637,000004471030,2,3.99,7.98,0.00,0.50,S,6082300478,,USD,CS
70001681,02211,04,3,20250310,171637,000000040102,0.664,16.99,11.28,0.00,0.00,S,6082300478,,USD,CS
70001681,02211,04,4,20250310,171637,000004483002,1,3.49,3.49,0.00,0.22,S,6082300478,,USD,CS
70001681,02211,04,5,20250310,171637,000004482001,2,13.99,27.98,0.00,1.75,S,6082300478,,USD,CS
70001681,02211,04,6,20250310,171637,000000094101,1,3.99,3.99,0.00,0.00,S,6082300478,,USD,CS
70001682,02211,01,1,20250310,72013,000004483001,2,4.99,9.98,0.00,0.62,S,6007482073,,USD,CC
70001682,02211,01,2,20250310,72013,000000093501,1,4.49,4.49,0.00,0.00,S,6007482073,,USD,CC
70001682,02211,01,3,20250310,72013,000004492001,3,1.79,5.37,0.00,0.34,S,6007482073,,USD,CC
70001683,02305,04,1,20250310,171022,000000005302,1,3.49,3.49,0.00,0.00,S,,,USD,CC
70001683,02305,04,2,20250310,171022,000004492003,1,2.29,2.29,0.00,0.14,S,,,USD,CC
70001683,02305,04,3,20250310,171022,000000561002,1,7.49,7.49,0.00,0.47,S,,,USD,CC
70001683,02305,04,4,20250310,171022,000004482002,1,17.99,17.99,0.00,1.12,S,,,USD,CC
70001683,02305,04,5,20250310,171022,000004472002,2,4.49,8.98,0.00,0.56,S,,,USD,CC
70001683,02305,04,6,20250310,171022,000000551021,1,11.99,11.99,0.00,0.75,S,,,USD,CC
70001683,02305,04,7,20250310,171022,000000561002,1,7.49,7.49,0.00,0.47,V,,,USD,CC
70001684,02305,04,1,20250310,102254,000004483002,1,3.49,3.49,0.00,0.22,S,6017751701,,USD,CS
70001684,02305,04,2,20250310,102254,000004491003,1,1.99,1.99,0.00,0.12,S,6017751701,,USD,CS
70001685,02305,01,1,20250310,181854,000000040101,1.505,18.99,28.58,0.00,0.00,S,,,USD,CC
70001686,02305,06,1,20250310,71944,000004492001,1,1.79,1.79,0.00,0.11,S,,,USD,CS
70001686,02305,06,2,20250310,71944,000004471023,2,3.49,6.98,0.00,0.44,S,,,USD,CS
70001687,02305,05,1,20250310,204606,000004473001,1,2.99,2.99,0.00,0.19,S,6019787180,,USD,DB
70001687,02305,05,2,20250310,204606,000000040203,3,11.99,35.97,11.99,0.00,S,6019787180,MB25W06,USD,DB
70001688,02305,02,1,20250310,70315,000000020102,1,3.49,3.49,0.00,0.00,S,,,USD,GC
70001689,02305,01,1,20250310,101535,000000561002,3,7.49,22.47,0.00,1.40,S,,,USD,CS
70001689,02305,01,2,20250310,101535,000000005301,1,5.49,5.49,0.00,0.00,S,,,USD,CS
70001689,02305,01,3,20250310,101535,000004493002,1,3.99,3.99,0.00,0.25,S,,,USD,CS
70001689,02305,01,4,20250310,101535,000000552002,1,3.99,3.99,0.00,0.25,S,,,USD,CS
70001690,02305,06,1,20250310,132908,000000020202,2,5.99,11.98,5.99,0.00,S,,BG25W06,USD,CC
70001690,02305,06,2,20250310,132908,000004493001,1,5.49,5.49,0.00,0.34,S,,,USD,CC
70001690,02305,06,3,20250310,132908,000004492001,1,1.79,1.79,0.00,0.11,S,,,USD,CC
70001691,02305,05,1,20250310,103723,000000005202,1,5.99,5.99,0.00,0.00,R,,,USD,DB
70001692,02305,01,1,20250310,214927,000004493002,1,3.99,3.99,0.00,0.25,S,,,USD,GC
70001693,02305,03,1,20250310,135340,000000020102,1,3.49,3.49,0.00,0.00,S,,,USD,DB
70001693,02305,03,2,20250310,135340,000000094202,1.570,1.99,3.12,0.00,0.00,S,,,USD,DB
70001693,02305,03,3,20250310,135340,000000005302,1,3.49,3.49,0.00,0.00,S,,,USD,DB
70001693,02305,03,4,20250310,135340,000000552002,1,3.99,3.99,0.00,0.25,S,,,USD,DB
70001694,02305,02,1,20250310,215426,000000005020,1,4.49,4.49,0.00,0.00,S,,,USD,CC
70001695,03050,05,1,20250310,142717,000004481003,1,4.99,4.99,0.00,0.31,S,,,USD,DB
70001695,03050,05,2,20250310,142717,000000551020,1,13.99,13.99,0.00,0.87,S,,,USD,DB
70001696,03050,06,1,20250310,193509,000000093322,1.635,1.99,3.25,0.00,0.00,S,,,USD,CS
70001697,03050,01,1,20250310,73634,000004491003,1,1.99,1.99,0.00,0.12,S,,,USD,CS
70001697,03050,01,2,20250310,73634,000004491001,1,2.49,2.49,0.00,0.16,S,,,USD,CS
70001697,03050,01,3,20250310,73634,000000094203,1.386,1.49,2.07,0.00,0.00,S,,,USD,CS
70001698,03050,02,1,20250310,113158,000000005101,1,7.99,7.99,0.00,0.00,S,,,USD,GC
70001698,03050,02,2,20250310,113158,000000094302,1.738,5.49,9.54,0.00,0.00,S,,,USD,GC
70001698,03050,02,3,20250310,113158,000004493002,2,3.99,7.98,3.99,0.25,S,,BG25W06,USD,GC
70001698,03050,02,4,20250310,113158,000000551020,1,13.99,13.99,0.00,0.87,S,,,USD,GC
70001698,03050,02,5,20250310,113158,000000093501,1,4.49,4.49,0.00,0.00,S,,,USD,GC
70001699,03050,04,1,20250310,84507,000000020202,1,5.99,5.99,0.00,0.00,S,,,USD,CS
70001699,03050,04,2,20250310,84507,000000551021,1,11.99,11.99,0.00,0.75,S,,,USD,CS
70001700,00317,04,1,20250310,171534,000000093401,2.155,7.49,16.14,0.00,0.00,S,6044920749,,CAD,DB
70001701,00317,04,1,20250310,135644,000000020202,2,8.09,16.18,8.09,0.00,S,6083626448,BG25W06,CAD,DB
70001701,00317,04,2,20250310,135644,000000040102,0.822,23.09,18.98,0.00,0.00,S,6083626448,,CAD,DB
70001702,00317,04,1,20250310,101122,000004471024,3,4.69,14.07,0.00,0.88,S,,,CAD,CC
70001702,00317,04,2,20250310,101122,000000005302,1,4.69,4.69,0.00,0.00,S,,,CAD,CC
70001703,00317,01,1,20250310,181021,000000005102,1,7.49,7.49,0.00,0.00,S,6043275604,,CAD,DB
70001704,00317,02,1,20250310,194444,000000093321,2.079,1.99,4.14,0.00,0.00,S,,,CAD,DB
70001704,00317,02,2,20250310,194444,000004492050,2,2.99,5.98,2.99,0.19,S,,BG25W06,CAD,DB
70001704,00317,02,3,20250310,194444,000000561001,1,13.59,13.59,0.00,0.85,S,,,CAD,DB
70001704,00317,02,4,20250310,194444,000004471030,1,5.39,5.39,0.00,0.34,S,,,CAD,DB
70001704,00317,02,5,20250310,194444,000000093410,0.947,5.39,5.10,0.00,0.00,S,,,CAD,DB
70001704,00317,02,6,20250310,194444,000000552001,3,6.09,18.27,6.09,0.76,S,,MB25W06,CAD,DB
70001705,00317,02,1,20250310,154833,000004472002,1,6.09,6.09,0.00,0.38,S,,,CAD,CS
70001705,00317,02,2,20250310,154833,000004471023,1,4.69,4.69,0.00,0.29,S,,,CAD,CS
70001705,00317,02,3,20250310,154833,000000094301,2.179,5.99,13.05,0.00,0.00,S,,,CAD,CS
70001706,00317,01,1,20250310,112628,000004482003,1,7.49,7.49,0.00,0.47,S,,,CAD,DB
70001706,00317,01,2,20250310,112628,000000551020,1,18.99,18.99,0.00,1.19,S,,,CAD,DB
70001706,00317,01,3,20250310,112628,000004481002,1,10.89,10.89,0.00,0.68,S,,,CAD,DB
70001707,00317,02,1,20250310,93116,000000030201,1,13.59,13.59,0.00,0.00,S,6044925192,,CAD,CC
70001708,00317,02,1,20250310,154214,000000031102,0.519,27.19,14.11,0.00,0.00,S,,,CAD,DB
70001708,00317,02,2,20250310,154214,000000093502,1,5.39,5.39,0.00,0.00,S,,,CAD,DB
70001708,00317,02,3,20250310,154214,000000093321,0.846,1.99,1.68,0.00,0.00,S,,,CAD,DB
70001708,00317,02,4,20250310,154214,000000005201,1,5.39,5.39,0.00,0.00,S,,,CAD,DB
70001708,00317,02,5,20250310,154214,000004482003,1,7.49,7.49,0.00,0.47,S,,,CAD,DB
70001709,00317,04,1,20250310,145616,000000093502,3,5.39,16.17,5.39,0.00,S,,MB25W06,CAD,CS
70001710,00317,04,1,20250310,150829,000000093321,0.471,1.99,0.94,0.00,0.00,S,,,CAD,DB
70001710,00317,04,2,20250310,150829,000000094203,1.223,1.99,2.43,0.00,0.00,S,,,CAD,DB
70001711,01042,03,1,20250311,91957,000000552001,3,4.49,13.47,4.49,0.56,S,6008424560,MB25W06,USD,CC
70001712,01042,02,1,20250311,170249,000000094302,1.690,5.49,9.28,0.00,0.00,S,6033569392,,USD,CC
70001712,01042,02,2,20250311,170249,000004491001,1,2.49,2.49,0.00,0.16,S,6033569392,,USD,CC
70001712,01042,02,3,20250311,170249,000000031102,1.385,19.99,27.69,0.00,0.00,S,6033569392,,USD,CC
70001712,01042,02,4,20250311,170249,000000093325,1.427,3.99,5.69,0.00,0.00,S,6033569392,,USD,CC
70001712,01042,02,5,20250311,170249,000000005201,3,3.99,11.97,3.99,0.00,S,6033569392,MB25W06,USD,CC
70001712,01042,02,6,20250311,170249,000000093501,1,4.49,4.49,0.00,0.00,S,6033569392,,USD,CC
70001713,01042,02,1,20250311,103527,000000005012,1,3.99,3.99,0.00,0.00,S,,,USD,CS
70001713,01042,02,2,20250311,103527,000000093502,1,3.99,3.99,0.00,0.00,S,,,USD,CS
70001713,01042,02,3,20250311,103527,000000030203,1,8.49,8.49,0.00,0.00,S,,,USD,CS
70001713,01042,02,4,20250311,103527,000000030201,1,9.99,9.99,0.00,0.00,S,,,USD,CS
70001713,01042,02,5,20250311,103527,000000020101,1,2.49,2.49,0.00,0.00,S,,,USD,CS
70001713,01042,02,6,20250311,103527,000004482001,2,13.99,27.98,0.00,1.75,S,,,USD,CS
70001714,01042,01,1,20250311,193743,000004482002,1,17.99,17.99,0.00,1.12,S,,,USD,CC
70001714,01042,01,2,20250311,193743,000000030101,1,6.99,6.99,0.00,0.00,S,,,USD,CC
70001714,01042,01,3,20250311,193743,000004492001,1,1.79,1.79,0.00,0.11,S,,,USD,CC
70001714,01042,01,4,20250311,193743,000000093410,0.701,3.99,2.80,0.00,0.00,S,,,USD,CC
70001714,01042,01,5,20250311,193743,000004472002,1,4.49,4.49,0.00,0.28,S,,,USD,CC
70001714,01042,01,6,20250311,193743,000000552001,3,4.49,13.47,4.49,0.56,S,,MB25W06,USD,CC
70001715,01042,04,1,20250311,164815,000000005102,1,5.49,5.49,0.00,0.00,S,,,USD,GC
70001716,01042,04,1,20250311,143609,000000020203,1,6.49,6.49,0.00,0.00,S,6036133254,,USD,CS
70001716,01042,04,2,20250311,143609,000004483002,2,3.49,6.98,0.00,0.44,S,6036133254,,USD,CS
70001716,01042,04,3,20250311,143609,000004471030,1,3.99,3.99,0.00,0.25,S,6036133254,,USD,CS
70001717,01042,03,1,20250311,105319,000000040203,1,11.99,11.99,0.00,0.00,S,,,USD,CS
70001717,01042,03,2,20250311,105319,000000093502,3,3.99,11.97,3.99,0.00,S,,MB25W06,USD,CS
70001717,01042,03,3,20250311,105319,000004483002,2,3.49,6.98,0.00,0.44,S,,,USD,CS
70001717,01042,03,4,20250311,105319,000004481001,3,7.99,23.97,0.00,1.50,S,,,USD,CS
70001717,01042,03,5,20250311,105319,000000093321,1.196,1.49,1.78,0.00,0.00,S,,,USD,CS
70001718,01042,03,1,20250311,153411,000000005102,1,5.49,5.49,0.00,0.00,S,6012209949,,USD,CC
70001718,01042,03,2,20250311,153411,000000020103,1,4.99,4.99,0.00,0.00,S,6012209949,,USD,CC
70001718,01042,03,3,20250311,153411,000004483002,1,3.49,3.49,0.00,0.22,S,6012209949,,USD,CC
70001719,01107,05,1,20250311,125018,000000040102,1.235,16.99,20.98,0.00,0.00,S,6065565033,,USD,DB
70001719,01107,05,2,20250311,125018,000000020102,1,3.49,3.49,0.00,0.00,S,6065565033,,USD,DB
70001719,01107,05,3,20250311,125018,000000093322,1.066,1.99,2.12,0.00,0.00,S,6065565033,,USD,DB
70001719,01107,05,4,20250311,125018,000004481002,1,7.99,7.99,0.00,0.50,S,6065565033,,USD,DB
70001720,01107,02,1,20250311,192954,000000552001,3,4.49,13.47,4.49,0.56,S,,MB25W06,USD,GC
70001720,01107,02,2,20250311,192954,000000040101,0.479,18.99,9.10,0.00,0.00,S,,,USD,GC
70001721,02210,04,1,20250311,181931,000004471024,1,3.49,3.49,0.00,0.22,R,6098953439,,USD,DB
70001722,02210,05,1,20250311,182620,000000040102,0.738,16.99,12.54,0.00,0.00,S,6001168646,,USD,CC
70001722,02210,05,2,20250311,182620,000004471024,2,3.49,6.98,0.00,0.44,S,6001168646,,USD,CC
70001723,02210,01,1,20250311,191954,000000094202,0.530,1.99,1.05,0.00,0.00,S,6071617688,,USD,GC
70001724,02210,01,1,20250311,91052,000000005202,2,5.99,11.98,0.00,0.00,S,,,USD,GC
70001724,02210,01,2,20250311,91052,000000040201,1,8.99,8.99,0.00,0.00,S,,,USD,GC
70001724,02210,01,3,20250311,91052,000000020203,1,6.49,6.49,0.00,0.00,S,,,USD,GC
70001725,02210,02,1,20250311,160057,000000093502,3,3.99,11.97,3.99,0.00,S,,MB25W06,USD,CS
70001725,02210,02,2,20250311,160057,000000005201,2,3.99,7.98,0.00,0.00,S,,,USD,CS
70001725,02210,02,3,20250311,160057,000000561001,1,9.99,9.99,0.00,0.62,S,,,USD,CS
70001725,02210,02,4,20250311,160057,000000005101,1,7.99,7.99,0.00,0.00,S,,,USD,CS
70001726,02210,01,1,20250311,140802,000000005302,2,3.49,6.98,0.00,0.00,S,,,USD,DB
70001726,02210,01,2,20250311,140802,000004482002,1,17.99,17.99,0.00,1.12,S,,,USD,DB
70001726,02210,01,3,20250311,140802,000000093401,1.523,5.49,8.36,0.00,0.00,S,,,USD,DB
70001726,02210,01,4,20250311,140802,000000094301,0.543,4.39,2.38,0.00,0.00,S,,,USD,DB
70001727,02211,02,1,20250311,152824,000004481001,1,7.99,7.99,0.00,0.50,S,,,USD,CC
70001727,02211,02,2,20250311,152824,000000020103,1,4.99,4.99,0.00,0.00,S,,,USD,CC
70001727,02211,02,3,20250311,152824,000000005020,1,4.49,4.49,0.00,0.00,S,,,USD,CC
70001727,02211,02,4,20250311,152824,000004493002,2,3.99,7.98,3.99,0.25,S,,BG25W06,USD,CC
70001728,02211,06,1,20250311,182913,000000093325,1.974,3.99,7.88,0.00,0.00,S,6011223386,,USD,DB
70001728,02211,06,2,20250311,182913,000004471030,1,3.99,3.99,0.00,0.25,S,6011223386,,USD,DB
70001728,02211,06,3,20250311,182913,000004491003,1,1.99,1.99,0.00,0.12,S,6011223386,,USD,DB
70001729,02211,01,1,20250311,180703,000000005101,1,7.99,7.99,0.00,0.00,S,,,USD,DB
70001729,02211,01,2,20250311,180703,000000094202,0.637,1.99,1.27,0.00,0.00,S,,,USD,DB
70001729,02211,01,3,20250311,180703,000000005012,1,3.99,3.99,0.00,0.00,S,,,USD,DB
70001730,02211,01,1,20250311,104433,000000552001,1,4.49,4.49,0.00,0.28,S,6064957823,,USD,DB
70001730,02211,01,2,20250311,104433,000000562001,1,10.99,10.99,0.00,0.69,S,6064957823,,USD,DB
70001730,02211,01,3,20250311,104433,000004493001,1,5.49,5.49,0.00,0.34,S,6064957823,,USD,DB
70001730,02211,01,4,20250311,104433,000000020202,2,5.99,11.98,5.99,0.00,S,6064957823,BG25W06,USD,DB
70001730,02211,01,5,20250311,104433,000004491002,1,6.99,6.99,0.00,0.44,S,6064957823,,USD,DB
70001731,02305,04,1,20250311,81751,000000093501,1,4.49,4.49,0.00,0.00,S,,,USD,CC
70001731,02305,04,2,20250311,81751,000004472001,3,3.99,11.97,0.00,0.75,S,,,USD,CC
70001731,02305,04,3,20250311,81751,000000094101,2,3.99,7.98,0.00,0.00,S,,,USD,CC
70001732,02305,02,1,20250311,180255,000004482001,2,13.99,27.98,0.00,1.75,S,6053765769,,USD,CS
70001732,02305,02,2,20250311,180255,000000093502,3,3.99,11.97,3.99,0.00,S,6053765769,MB25W06,USD,CS
70001733,02305,03,1,20250311,215345,000004472002,3,4.49,13.47,0.00,0.84,S,,,USD,DB
70001734,02305,05,1,20250311,214842,000004473003,1,3.49,3.49,0.00,0.22,S,,,USD,GC
70001734,02305,05,2,20250311,214842,000000020103,1,4.99,4.99,0.00,0.00,S,,,USD,GC
70001735,02305,05,1,20250311,72410,000000093401,0.529,5.49,2.90,0.00,0.00,S,,,USD,CS
70001735,02305,05,2,20250311,72410,000000551020,1,13.99,13.99,0.00,0.87,S,,,USD,CS
70001736,02305,01,1,20250311,70615,000000005012,1,3.99,3.99,0.00,0.00,S,,,USD,CC
70001736,02305,01,2,20250311,70615,000000094202,0.813,1.99,1.62,0.00,0.00,S,,,USD,CC
70001736,02305,01,3,20250311,70615,000004482001,1,13.99,13.99,0.00,0.87,S,,,USD,CC
70001736,02305,01,4,20250311,70615,000004483002,1,3.49,3.49,0.00,0.22,S,,,USD,CC
70001736,02305,01,5,20250311,70615,000000561002,1,7.49,7.49,0.00,0.47,S,,,USD,CC
70001737,02305,03,1,20250311,160445,000004491003,2,1.99,3.98,0.00,0.25,S,,,USD,DB
70001737,02305,03,2,20250311,160445,000004492003,1,2.29,2.29,0.00,0.14,S,,,USD,DB
70001737,02305,03,3,20250311,160445,000000093410,1.574,3.99,6.28,0.00,0.00,S,,,USD,DB
70001738,02305,05,1,20250311,181359,000004493002,2,3.99,7.98,3.99,0.25,S,,BG25W06,USD,CC
70001738,02305,05,2,20250311,181359,000004492002,1,1.49,1.49,0.00,0.09,S,,,USD,CC
70001738,02305,05,3,20250311,181359,000000005201,1,3.99,3.99,0.00,0.00,S,,,USD,CC
70001739,02305,06,1,20250311,94007,000000005201,3,3.99,11.97,3.99,0.00,S,,MB25W06,USD,CS
70001740,02305,06,1,20250311,195112,000000030201,1,9.99,9.99,0.00,0.00,S,,,USD,DB
70001741,02305,01,1,20250311,173150,000004481001,2,7.99,15.98,0.00,1.00,S,6066270511,,USD,GC
70001742,02305,01,1,20250311,165704,000000020202,1,5.99,5.99,0.00,0.00,S,6057771183,,USD,CC
70001742,02305,01,2,20250311,165704,000000562002,2,8.49,16.98,0.00,1.06,S,6057771183,,USD,CC
70001742,02305,01,3,20250311,165704,000000030102,1,14.99,14.99,0.00,0.00,S,6057771183,,USD,CC
70001742,02305,01,4,20250311,165704,000000040102,2.121,16.99,36.04,0.00,0.00,S,6057771183,,USD,CC
70001742,02305,01,5,20250311,165704,000000094103,1,3.79,3.79,0.00,0.00,S,6057771183,,USD,CC
70001743,02305,02,1,20250311,151518,000000552001,3,4.49,13.47,4.49,0.56,S,6008488725,MB25W06,USD,CC
70001743,02305,02,2,20250311,151518,000000005020,1,4.49,4.49,0.00,0.00,S,6008488725,,USD,CC
70001743,02305,02,3,20250311,151518,000004482001,3,13.99,41.97,0.00,2.62,S,6008488725,,USD,CC
70001744,02305,04,1,20250311,202527,000004491003,1,1.99,1.99,0.00,0.12,S,,,USD,DB
70001744,02305,04,2,20250311,202527,000000552001,2,4.49,8.98,0.00,0.56,S,,,USD,DB
70001745,02305,06,1,20250311,103531,000004492003,1,2.29,2.29,0.00,0.14,S,6014743974,,USD,DB
70001745,02305,06,2,20250311,103531,000004491003,1,1.99,1.99,0.00,0.12,S,6014743974,,USD,DB
70001745,02305,06,3,20250311,103531,000004493002,2,3.99,7.98,3.99,0.25,S,6014743974,BG25W06,USD,DB
70001745,02305,06,4,20250311,103531,000000005102,1,5.49,5.49,0.00,0.00,S,6014743974,,USD,DB
70001746,03050,03,1,20250311,93830,000004483001,1,4.99,4.99,0.00,0.31,S,6046306000,,USD,DB
70001747,03050,01,1,20250311,213614,000000020201,1,5.49,5.49,0.00,0.00,S,,,USD,CC
70001747,03050,01,2,20250311,213614,000004483001,1,4.99,4.99,0.00,0.31,S,,,USD,CC
70001748,03050,05,1,20250311,161248,000000030103,3,8.99,26.97,0.00,0.00,S,,,USD,DB
70001749,03050,02,1,20250311,144550,000000093502,1,3.99,3.99,0.00,0.00,S,,,USD,DB
70001749,03050,02,2,20250311,144550,000004471024,3,3.49,10.47,0.00,0.65,S,,,USD,DB
70001749,03050,02,3,20250311,144550,000000020202,2,5.99,11.98,5.99,0.00,S,,BG25W06,USD,DB
70001749,03050,02,4,20250311,144550,000004491002,2,6.99,13.98,0.00,0.87,S,,,USD,DB
70001749,03050,02,5,20250311,144550,000004472002,2,4.49,8.98,0.00,0.56,S,,,USD,DB
70001749,03050,02,6,20250311,144550,000004493002,2,3.99,7.98,3.99,0.25,S,,BG25W06,USD,DB
70001750,03050,04,1,20250311,93343,000000094302,1.404,5.49,7.71,0.00,0.00,S,,,USD,DB
70001750,03050,04,2,20250311,93343,000004473003,1,3.49,3.49,0.00,0.22,S,,,USD,DB
70001750,03050,04,3,20250311,93343,000000094301,2.066,4.39,9.07,0.00,0.00,S,,,USD,DB
70001750,03050,04,4,20250311,93343,000000030102,1,14.99,14.99,0.00,0.00,S,,,USD,DB
70001750,03050,04,5,20250311,93343,000000005201,1,3.99,3.99,0.00,0.00,S,,,USD,DB
70001750,03050,04,6,20250311,93343,000004493002,2,3.99,7.98,3.99,0.25,S,,BG25W06,USD,DB
70001751,03050,05,1,20250311,85637,000000093401,1.259,5.49,6.91,0.00,0.00,S,,,USD,CS
70001751,03050,05,2,20250311,85637,000000005202,1,5.99,5.99,0.00,0.00,S,,,USD,CS
70001752,00317,04,1,20250311,84944,000000005201,3,5.39,16.17,5.39,0.00,S,6043275604,MB25W06,CAD,DB
70001752,00317,04,2,20250311,84944,000000005013,1,5.29,5.29,0.00,0.00,S,6043275604,,CAD,DB
70001752,00317,04,3,20250311,84944,000000005102,1,7.49,7.49,0.00,0.00,S,6043275604,,CAD,DB
70001752,00317,04,4,20250311,84944,000004492050,2,2.99,5.98,2.99,0.19,S,6043275604,BG25W06,CAD,DB
70001753,00317,05,1,20250311,174941,000000552001,3,6.09,18.27,6.09,0.76,S,6018723335,MB25W06,CAD,GC
70001753,00317,05,2,20250311,174941,000000030203,1,11.49,11.49,0.00,0.00,S,6018723335,,CAD,GC
70001754,00317,05,1,20250311,85528,000000005202,2,8.09,16.18,0.00,0.00,S,,,CAD,GC
70001754,00317,05,2,20250311,85528,000000040102,2.131,23.09,49.20,0.00,0.00,S,,,CAD,GC
70001754,00317,05,3,20250311,85528,000000094201,0.478,2.29,1.09,0.00,0.00,S,,,CAD,GC
70001754,00317,05,4,20250311,85528,000004491002,1,9.49,9.49,0.00,0.59,S,,,CAD,GC
70001754,00317,05,5,20250311,85528,000004482001,1,18.99,18.99,0.00,1.19,S,,,CAD,GC
70001755,00317,03,1,20250311,85217,000000030103,2,12.19,24.38,0.00,0.00,S,,,CAD,CC
70001755,00317,03,2,20250311,85217,000000093501,1,6.09,6.09,0.00,0.00,S,,,CAD,CC
70001755,00317,03,3,20250311,85217,000000030202,1,15.59,15.59,0.00,0.00,S,,,CAD,CC
70001755,00317,03,4,20250311,85217,000000093410,0.753,5.39,4.06,0.00,0.00,S,,,CAD,CC
70001755,00317,03,5,20250311,85217,000000040203,3,16.29,48.87,16.29,0.00,S,,MB25W06,CAD,CC
70001756,01042,05,1,20250312,125150,000004493002,2,3.99,7.98,3.99,0.25,S,6097339776,BG25W06,USD,DB
70001757,01042,03,1,20250312,133203,000000094101,2,3.99,7.98,0.00,0.00,S,,,USD,DB
70001757,01042,03,2,20250312,133203,000000005020,1,4.49,4.49,0.00,0.00,S,,,USD,DB
70001757,01042,03,3,20250312,133203,000000561002,1,7.49,7.49,0.00,0.47,S,,,USD,DB
70001758,01042,03,1,20250312,194200,000000005013,1,3.89,3.89,0.00,0.00,S,,,USD,DB
70001758,01042,03,2,20250312,194200,000000094202,2.132,1.99,4.24,0.00,0.00,S,,,USD,DB
70001759,01042,02,1,20250312,131405,000000020103,1,4.99,4.99,0.00,0.00,S,,,USD,CS
70001760,01042,05,1,20250312,160855,000000020202,1,5.99,5.99,0.00,0.00,S,,,USD,DB
70001760,01042,05,2,20250312,160855,000004482002,1,17.99,17.99,0.00,1.12,S,,,USD,DB
70001760,01042,05,3,20250312,160855,000004471040,1,2.49,2.49,0.00,0.16,S,,,USD,DB
70001761,01042,05,1,20250312,105934,000000020202,2,5.99,11.98,5.99,0.00,S,6002877217,BG25W06,USD,CS
70001762,01107,04,1,20250312,93545,000000094201,0.560,1.69,0.95,0.00,0.00,S,,,USD,CS
70001763,01107,04,1,20250312,152810,000000005102,2,5.49,10.98,0.00,0.00,S,,,USD,CC
70001763,01107,04,2,20250312,152810,000004471024,1,3.49,3.49,0.00,0.22,S,,,USD,CC
70001764,01107,04,1,20250312,180343,000000094103,1,3.79,3.79,0.00,0.00,S,,,USD,CC
70001765,02210,03,1,20250312,100513,000000094201,0.780,1.69,1.32,0.00,0.00,S,,,USD,DB
70001765,02210,03,2,20250312,100513,000004471024,1,3.49,3.49,0.00,0.22,S,,,USD,DB
70001765,02210,03,3,20250312,100513,000000093325,0.353,3.99,1.41,0.00,0.00,S,,,USD,DB
70001765,02210,03,4,20250312,100513,000000093410,1.726,3.99,6.89,0.00,0.00,S,,,USD,DB
70001766,02210,01,1,20250312,173907,000000030103,1,8.99,8.99,0.00,0.00,S,,,USD,CC
70001766,02210,01,2,20250312,173907,000004472001,1,3.99,3.99,0.00,0.25,S,,,USD,CC
70001766,02210,01,3,20250312,173907,000004493002,2,3.99,7.98,3.99,0.25,S,,BG25W06,USD,CC
70001766,02210,01,4,20250312,173907,000000005201,1,3.99,3.99,0.00,0.00,S,,,USD,CC
70001767,02210,03,1,20250312,210101,000000020102,2,3.49,6.98,0.00,0.00,S,6098808583,,USD,CS
70001767,02210,03,2,20250312,210101,000004492003,1,2.29,2.29,0.00,0.14,S,6098808583,,USD,CS
70001767,02210,03,3,20250312,210101,000004493001,2,5.49,10.98,0.00,0.69,S,6098808583,,USD,CS
70001767,02210,03,4,20250312,210101,000000030203,1,8.49,8.49,0.00,0.00,S,6098808583,,USD,CS
70001767,02210,03,5,20250312,210101,000004482003,2,5.49,10.98,0.00,0.69,S,6098808583,,USD,CS
70001768,02210,03,1,20250312,74456,000004473001,1,2.99,2.99,0.00,0.19,S,6009209819,,USD,DB
70001768,02210,03,2,20250312,74456,000000020202,1,5.99,5.99,0.00,0.00,S,6009209819,,USD,DB
70001769,02210,01,1,20250312,192551,000004483002,2,3.49,6.98,0.00,0.44,S,,,USD,DB
70001770,02210,01,1,20250312,194827,000000094302,1.470,5.49,8.07,0.00,0.00,S,,,USD,GC
70001770,02210,01,2,20250312,194827,000000005013,1,3.89,3.89,0.00,0.00,S,,,USD,GC
70001770,02210,01,3,20250312,194827,000000093502,3,3.99,11.97,3.99,0.00,S,,MB25W06,USD,GC
70001770,02210,01,4,20250312,194827,000000020201,1,5.49,5.49,0.00,0.00,S,,,USD,GC
70001771,02210,06,1,20250312,191727,000000094203,2.041,1.49,3.04,0.00,0.00,S,6091251778,,USD,CC
70001771,02210,06,2,20250312,191727,000000005301,3,5.49,16.47,0.00,0.00,S,6091251778,,USD,CC
70001771,02210,06,3,20250312,191727,000004493001,1,5.49,5.49,0.00,0.34,S,6091251778,,USD,CC
70001771,02210,06,4,20250312,191727,000000094203,1.796,1.49,2.68,0.00,0.00,S,6091251778,,USD,CC
70001771,02210,06,5,20250312,191727,000000005301,1,5.49,5.49,0.00,0.00,S,6091251778,,USD,CC
70001771,02210,06,6,20250312,191727,000000040102,1.536,16.99,26.10,0.00,0.00,S,6091251778,,USD,CC
70001772,02210,05,1,20250312,102643,000004482003,1,5.49,5.49,0.00,0.34,S,,,USD,DB
70001772,02210,05,2,20250312,102643,000000030101,1,6.99,6.99,0.00,0.00,S,,,USD,DB
70001773,02210,03,1,20250312,93710,000000093321,1.503,1.49,2.24,0.00,0.00,S,6000720245,,USD,CS
70001773,02210,03,2,20250312,93710,000004483001,1,4.99,4.99,0.00,0.31,S,6000720245,,USD,CS
70001774,02211,05,1,20250312,181231,000000020103,1,4.99,4.99,0.00,0.00,S,6044260781,,USD,DB
70001774,02211,05,2,20250312,181231,000000040102,1.263,16.99,21.46,0.00,0.00,S,6044260781,,USD,DB
70001774,02211,05,3,20250312,181231,000000005302,1,3.49,3.49,0.00,0.00,S,6044260781,,USD,DB
70001774,02211,05,4,20250312,181231,000000040203,3,11.99,35.97,11.99,0.00,S,6044260781,MB25W06,USD,DB
70001774,02211,05,5,20250312,181231,000000020103,1,4.99,4.99,0.00,0.00,S,6044260781,,USD,DB
70001775,02211,05,1,20250312,111711,000004471023,1,3.49,3.49,0.00,0.22,S,,,USD,CS
70001775,02211,05,2,20250312,111711,000004493002,1,3.99,3.99,0.00,0.25,S,,,USD,CS
70001775,02211,05,3,20250312,111711,000004491001,1,2.49,2.49,0.00,0.16,S,,,USD,CS
70001775,02211,05,4,20250312,111711,000000040102,1.906,16.99,32.38,0.00,0.00,S,,,USD,CS
70001776,02305,01,1,20250312,213212,000000093401,0.513,5.49,2.82,0.00,0.00,S,,,USD,DB
70001776,02305,01,2,20250312,213212,000000094102,1,3.49,3.49,0.00,0.00,S,,,USD,DB
70001776,02305,01,3,20250312,213212,000004471024,1,3.49,3.49,0.00,0.22,S,,,USD,DB
70001776,02305,01,4,20250312,213212,000000020203,1,6.49,6.49,0.00,0.00,S,,,USD,DB
70001776,02305,01,5,20250312,213212,000000552001,1,4.49,4.49,0.00,0.28,S,,,USD,DB
70001776,02305,01,6,20250312,213212,000000020101,1,2.49,2.49,0.00,0.00,S,,,USD,DB
70001777,02305,02,1,20250312,92320,000004483001,1,4.99,4.99,0.00,0.31,S,,,USD,CC
70001778,02305,04,1,20250312,133009,000000093322,1.737,1.99,3.46,0.00,0.00,S,,,USD,CC
70001779,02305,06,1,20250312,104701,000000040201,1,8.99,8.99,0.00,0.00,S,,,USD,DB
70001780,02305,01,1,20250312,155413,000004482003,1,5.49,5.49,0.00,0.34,S,6017320309,,USD,DB
70001780,02305,01,2,20250312,155413,000000562002,2,8.49,16.98,0.00,1.06,S,6017320309,,USD,DB
70001780,02305,01,3,20250312,155413,000000040101,2.111,18.99,40.09,0.00,0.00,S,6017320309,,USD,DB
70001781,02305,06,1,20250312,175327,000000030201,1,9.99,9.99,0.00,0.00,S,6066270511,,USD,CS
70001782,02305,02,1,20250312,205102,000000562002,1,8.49,8.49,0.00,0.53,S,,,USD,DB
70001783,02305,04,1,20250312,160337,000000093325,1.043,3.99,4.16,0.00,0.00,S,,,USD,CS
70001783,02305,04,2,20250312,160337,000000040203,1,11.99,11.99,0.00,0.00,S,,,USD,CS
70001783,02305,04,3,20250312,160337,000004481002,1,7.99,7.99,0.00,0.50,S,,,USD,CS
70001784,02305,01,1,20250312,184019,000004481002,1,7.99,7.99,0.00,0.50,S,6017722560,,USD,GC
70001785,02305,05,1,20250312,201647,000000094302,1.010,5.49,5.54,0.00,0.00,S,,,USD,CS
70001785,02305,05,2,20250312,201647,000000005202,2,5.99,11.98,0.00,0.00,S,,,USD,CS
70001786,02305,01,1,20250312,85138,000000094102,1,3.49,3.49,0.00,0.00,S,6017722560,,USD,CC
70001786,02305,01,2,20250312,85138,000000030102,1,14.99,14.99,0.00,0.00,S,6017722560,,USD,CC
70001786,02305,01,3,20250312,85138,000004482003,1,5.49,5.49,0.00,0.34,S,6017722560,,USD,CC
70001787,03050,06,1,20250312,194431,000000031101,1.979,24.99,49.46,0.00,0.00,S,,,USD,DB
70001787,03050,06,2,20250312,194431,000000030202,1,11.49,11.49,0.00,0.00,S,,,USD,DB
70001788,03050,01,1,20250312,84632,000004491002,1,6.99,6.99,0.00,0.44,S,6032290310,,USD,CS
70001788,03050,01,2,20250312,84632,000000020202,2,5.99,11.98,5.99,0.00,S,6032290310,BG25W06,USD,CS
70001788,03050,01,3,20250312,84632,000004473001,1,2.99,2.99,0.00,0.19,S,6032290310,,USD,CS
70001788,03050,01,4,20250312,84632,000004491001,2,2.49,4.98,0.00,0.31,S,6032290310,,USD,CS
70001789,03050,05,1,20250312,132018,000000093503,1,4.29,4.29,0.00,0.00,S,,,USD,DB
70001789,03050,05,2,20250312,132018,000004471030,3,3.99,11.97,0.00,0.75,S,,,USD,DB
70001789,03050,05,3,20250312,132018,000000005012,1,3.99,3.99,0.00,0.00,S,,,USD,DB
70001789,03050,05,4,20250312,132018,000000005101,1,7.99,7.99,0.00,0.00,S,,,USD,DB
70001790,03050,01,1,20250312,121337,000000093503,1,4.29,4.29,0.00,0.00,S,,,USD,GC
70001790,03050,01,2,20250312,121337,000000551020,1,13.99,13.99,0.00,0.87,S,,,USD,GC
70001791,03050,03,1,20250312,140526,000004473001,1,2.99,2.99,0.00,0.19,S,,,USD,CC
70001791,03050,03,2,20250312,140526,000004483001,1,4.99,4.99,0.00,0.31,S,,,USD,CC
70001792,03050,03,1,20250312,121741,000000093503,1,4.29,4.29,0.00,0.00,S,,,USD,CC
70001792,03050,03,2,20250312,121741,000000093503,1,4.29,4.29,0.00,0.00,S,,,USD,CC
70001793,03050,04,1,20250312,172253,000000040101,2.186,18.99,41.51,0.00,0.00,S,,,USD,DB
70001794,03050,01,1,20250312,152015,000004482003,1,5.49,5.49,0.00,0.34,S,6039994853,,USD,CC
70001794,03050,01,2,20250312,152015,000004493002,2,3.99,7.98,3.99,0.25,S,6039994853,BG25W06,USD,CC
70001794,03050,01,3,20250312,152015,000004482003,1,5.49,5.49,0.00,0.34,S,6039994853,,USD,CC
70001794,03050,01,4,20250312,152015,000004492002,1,1.49,1.49,0.00,0.09,S,6039994853,,USD,CC
70001794,03050,01,5,20250312,152015,000000005202,1,5.99,5.99,0.00,0.00,S,6039994853,,USD,CC
70001795,00317,03,1,20250312,133807,000004483002,2,4.69,9.38,0.00,0.59,S,,,CAD,DB
70001795,00317,03,2,20250312,133807,000004481003,2,6.79,13.58,0.00,0.85,S,,,CAD,DB
70001795,00317,03,3,20250312,133807,000000093501,1,6.09,6.09,0.00,0.00,S,,,CAD,DB
70001795,00317,03,4,20250312,133807,000004473001,1,4.09,4.09,0.00,0.26,S,,,CAD,DB
70001796,00317,05,1,20250312,160313,000004471023,1,4.69,4.69,0.00,0.29,S,6005548851,,CAD,DB
70001796,00317,05,2,20250312,160313,000004481002,1,10.89,10.89,0.00,0.68,S,6005548851,,CAD,DB
70001796,00317,05,3,20250312,160313,000004483002,1,4.69,4.69,0.00,0.29,S,6005548851,,CAD,DB
70001796,00317,05,4,20250312,160313,000004472003,1,4.49,4.49,0.00,0.28,S,6005548851,,CAD,DB
70001796,00317,05,5,20250312,160313,000000030103,1,12.19,12.19,0.00,0.00,S,6005548851,,CAD,DB
70001797,01042,04,1,20250313,154038,000000005103,1,6.99,6.99,0.00,0.00,S,6041659152,,USD,CC
70001797,01042,04,2,20250313,154038,000000005012,1,3.99,3.99,0.00,0.00,S,6041659152,,USD,CC
70001798,01042,06,1,20250313,195003,000000005101,1,7.99,7.99,0.00,0.00,S,,,USD,CC
70001798,01042,06,2,20250313,195003,000000093401,0.769,5.49,4.22,0.00,0.00,S,,,USD,CC
70001799,01107,01,1,20250313,204825,000004472003,1,3.29,3.29,0.00,0.21,S,,,USD,DB
70001799,01107,01,2,20250313,204825,000000005202,1,5.99,5.99,0.00,0.00,S,,,USD,DB
70001799,01107,01,3,20250313,204825,000004491002,1,6.99,6.99,0.00,0.44,S,,,USD,DB
70001800,01107,02,1,20250313,161418,000000005201,1,3.99,3.99,0.00,0.00,S,,,USD,DB
70001800,01107,02,2,20250313,161418,000000020201,1,5.49,5.49,0.00,0.00,S,,,USD,DB
70001801,01107,01,1,20250313,113858,000004493002,2,3.99,7.98,3.99,0.25,S,,BG25W06,USD,GC
70001801,01107,01,2,20250313,113858,000004471023,1,3.49,3.49,0.00,0.22,S,,,USD,GC
70001801,01107,01,3,20250313,113858,000004472002,1,4.49,4.49,0.00,0.28,S,,,USD,GC
70001801,01107,01,4,20250313,113858,000000020202,1,5.99,5.99,0.00,0.00,S,,,USD,GC
70001802,01107,06,1,20250313,110344,000000040102,0.687,16.99,11.67,0.00,0.00,S,,,USD,CC
70001802,01107,06,2,20250313,110344,000004471024,1,3.49,3.49,0.00,0.22,S,,,USD,CC
70001802,01107,06,3,20250313,110344,000004482003,1,5.49,5.49,0.00,0.34,S,,,USD,CC
70001803,01107,01,1,20250313,110332,000000020101,2,2.49,4.98,0.00,0.00,S,6055269658,,USD,DB
70001804,01107,05,1,20250313,193226,000000005012,1,3.99,3.99,0.00,0.00,S,,,USD,GC
70001804,01107,05,2,20250313,193226,000000005201,3,3.99,11.97,3.99,0.00,S,,MB25W06,USD,GC
70001804,01107,05,3,20250313,193226,000000020101,1,2.49,2.49,0.00,0.00,S,,,USD,GC
70001804,01107,05,4,20250313,193226,000000094203,1.530,1.49,2.28,0.00,0.00,S,,,USD,GC
70001804,01107,05,5,20250313,193226,000000005201,1,3.99,3.99,0.00,0.00,S,,,USD,GC
70001804,01107,05,6,20250313,193226,000000040101,1.371,18.99,26.04,0.00,0.00,S,,,USD,GC
70001805,01107,06,1,20250313,201031,000004482002,1,17.99,17.99,0.00,1.12,S,6023688767,,USD,CC
70001805,01107,06,2,20250313,201031,000000562001,1,10.99,10.99,0.00,0.69,S,6023688767,,USD,CC
70001806,02210,05,1,20250313,163513,000004473001,1,2.99,2.99,0.00,0.19,S,6005080184,,USD,CS
70001806,02210,05,2,20250313,163513,000000093410,1.893,3.99,7.55,0.00,0.00,S,6005080184,,USD,CS
70001806,02210,05,3,20250313,163513,000004491003,1,1.99,1.99,0.00,0.12,S,6005080184,,USD,CS
70001806,02210,05,4,20250313,163513,000000020202,2,5.99,11.98,5.99,0.00,S,6005080184,BG25W06,USD,CS
70001807,02210,03,1,20250313,172130,000000030201,1,9.99,9.99,0.00,0.00,S,,,USD,GC
70001807,02210,03,2,20250313,172130,000000040102,0.383,16.99,6.51,0.00,0.00,S,,,USD,GC
70001807,02210,03,3,20250313,172130,000000030201,1,9.99,9.99,0.00,0.00,S,,,USD,GC
70001807,02210,03,4,20250313,172130,000004482001,1,13.99,13.99,0.00,0.87,S,,,USD,GC
70001807,02210,03,5,20250313,172130,000004481001,1,7.99,7.99,0.00,0.50,S,,,USD,GC
70001808,02210,05,1,20250313,72711,000000551020,1,13.99,13.99,0.00,0.87,S,,,USD,CC
70001809,02210,05,1,20250313,131137,000000094201,1.111,1.69,1.88,0.00,0.00,S,6044294440,,USD,GC
70001809,02210,05,2,20250313,131137,000000093501,2,4.49,8.98,0.00,0.00,S,6044294440,,USD,GC
70001809,02210,05,3,20250313,131137,000000093325,2.191,3.99,8.74,0.00,0.00,S,6044294440,,USD,GC
70001809,02210,05,4,20250313,131137,000000562002,1,8.49,8.49,0.00,0.53,S,6044294440,,USD,GC
70001809,02210,05,5,20250313,131137,000000020201,1,5.49,5.49,0.00,0.00,S,6044294440,,USD,GC
70001810,02210,02,1,20250313,93007,000000093502,3,3.99,11.97,3.99,0.00,S,6019952980,MB25W06,USD,DB
70001810,02210,02,2,20250313,93007,000000551020,1,13.99,13.99,0.00,0.87,S,6019952980,,USD,DB
70001811,02210,05,1,20250313,175952,000000005020,1,4.49,4.49,0.00,0.00,S,,,USD,DB
70001811,02210,05,2,20250313,175952,000000093321,0.916,1.49,1.36,0.00,0.00,S,,,USD,DB
70001811,02210,05,3,20250313,175952,000000005302,1,3.49,3.49,0.00,0.00,S,,,USD,DB
70001812,02210,05,1,20250313,211803,000000031102,1.743,19.99,34.84,0.00,0.00,S,6017993136,,USD,DB
70001812,02210,05,2,20250313,211803,000004491002,1,6.99,6.99,0.00,0.44,S,6017993136,,USD,DB
70001812,02210,05,3,20250313,211803,000000030203,1,8.49,8.49,0.00,0.00,S,6017993136,,USD,DB
70001813,02210,06,1,20250313,163627,000000005301,1,5.49,5.49,0.00,0.00,S,6011145768,,USD,CC
70001813,02210,06,2,20250313,163627,000000031101,0.254,24.99,6.35,0.00,0.00,S,6011145768,,USD,CC
70001813,02210,06,3,20250313,163627,000000020102,2,3.49,6.98,0.00,0.00,S,6011145768,,USD,CC
70001814,02210,03,1,20250313,214533,000004471040,1,2.49,2.49,0.00,0.16,S,6025730662,,USD,DB
70001815,02211,02,1,20250313,94200,000000020202,2,5.99,11.98,5.99,0.00,S,6002991406,BG25W06,USD,CC
70001815,02211,02,2,20250313,94200,000000005020,1,4.49,4.49,0.00,0.00,S,6002991406,,USD,CC
70001815,02211,02,3,20250313,94200,000000040203,1,11.99,11.99,0.00,0.00,S,6002991406,,USD,CC
70001816,02211,02,1,20250313,154425,000000020101,2,2.49,4.98,0.00,0.00,S,,,USD,CC
70001816,02211,02,2,20250313,154425,000000020201,2,5.49,10.98,0.00,0.00,S,,,USD,CC
70001816,02211,02,3,20250313,154425,000004481002,1,7.99,7.99,0.00,0.50,S,,,USD,CC
70001816,02211,02,4,20250313,154425,000000093325,1.910,3.99,7.62,0.00,0.00,S,,,USD,CC
70001816,02211,02,5,20250313,154425,000004482001,2,13.99,27.98,0.00,1.75,S,,,USD,CC
70001816,02211,02,6,20250313,154425,000000020202,2,5.99,11.98,5.99,0.00,S,,BG25W06,USD,CC
70001817,02211,02,1,20250313,150118,000000040101,1.760,18.99,33.42,0.00,0.00,S,6066188924,,USD,CS
70001817,02211,02,2,20250313,150118,000000005103,1,6.99,6.99,0.00,0.00,S,6066188924,,USD,CS
70001817,02211,02,3,20250313,150118,000000005102,2,5.49,10.98,0.00,0.00,S,6066188924,,USD,CS
70001817,02211,02,4,20250313,150118,000004492003,1,2.29,2.29,0.00,0.14,S,6066188924,,USD,CS
70001817,02211,02,5,20250313,150118,000000005101,1,7.99,7.99,0.00,0.00,S,6066188924,,USD,CS
70001818,02211,04,1,20250313,90756,000000040201,1,8.99,8.99,0.00,0.00,S,,,USD,DB
70001818,02211,04,2,20250313,90756,000000551020,1,13.99,13.99,0.00,0.87,S,,,USD,DB
70001819,02211,05,1,20250313,124103,000004493002,2,3.99,7.98,3.99,0.25,S,6053703824,BG25W06,USD,DB
70001819,02211,05,2,20250313,124103,000004473001,2,2.99,5.98,0.00,0.37,S,6053703824,,USD,DB
70001820,02211,04,1,20250313,75150,000004472002,1,4.49,4.49,0.00,0.28,S,,,USD,CC
70001820,02211,04,2,20250313,75150,000004493002,2,3.99,7.98,3.99,0.25,S,,BG25W06,USD,CC
70001820,02211,04,3,20250313,75150,000000020202,2,5.99,11.98,5.99,0.00,S,,BG25W06,USD,CC
70001820,02211,04,4,20250313,75150,000000031101,0.419,24.99,10.47,0.00,0.00,S,,,USD,CC
70001821,02305,02,1,20250313,72654,000000093501,2,4.49,8.98,0.00,0.00,S,,,USD,DB
70001821,02305,02,2,20250313,72654,000000093325,0.799,3.99,3.19,0.00,0.00,S,,,USD,DB
70001821,02305,02,3,20250313,72654,000004481001,3,7.99,23.97,0.00,1.50,S,,,USD,DB
70001821,02305,02,4,20250313,72654,000004491001,1,2.49,2.49,0.00,0.16,S,,,USD,DB
70001822,02305,01,1,20250313,84045,000000040203,3,11.99,35.97,11.99,0.00,S,6071494981,MB25W06,USD,CC
70001822,02305,01,2,20250313,84045,000004472002,1,4.49,4.49,0.00,0.28,S,6071494981,,USD,CC
70001823,02305,04,1,20250313,135924,000000005012,1,3.99,3.99,0.00,0.00,S,,,USD,DB
70001823,02305,04,2,20250313,135924,000000005012,2,3.99,7.98,0.00,0.00,S,,,USD,DB
70001823,02305,04,3,20250313,135924,000000552001,3,4.49,13.47,4.49,0.56,S,,MB25W06,USD,DB
70001823,02305,04,4,20250313,135924,000004472001,1,3.99,3.99,0.00,0.25,S,,,USD,DB
70001823,02305,04,5,20250313,135924,000004481002,3,7.99,23.97,0.00,1.50,S,,,USD,DB
70001824,02305,03,1,20250313,164131,000004481001,1,7.99,7.99,0.00,0.50,S,6023116491,,USD,CC
70001824,02305,03,2,20250313,164131,000000020202,2,5.99,11.98,5.99,0.00,S,6023116491,BG25W06,USD,CC
70001824,02305,03,3,20250313,164131,000000552001,3,4.49,13.47,4.49,0.56,S,6023116491,MB25W06,USD,CC
70001824,02305,03,4,20250313,164131,000000031102,0.707,19.99,14.13,0.00,0.00,S,6023116491,,USD,CC
70001824,02305,03,5,20250313,164131,000004483001,1,4.99,4.99,0.00,0.31,S,6023116491,,USD,CC
70001824,02305,03,6,20250313,164131,000000094201,1.496,1.69,2.53,0.00,0.00,S,6023116491,,USD,CC
70001825,02305,03,1,20250313,102029,000004483001,2,4.99,9.98,0.00,0.62,S,6070653794,,USD,DB
70001826,02305,04,1,20250313,72913,000004493001,3,5.49,16.47,0.00,1.03,S,,,USD,CC
70001826,02305,04,2,20250313,72913,000004493002,2,3.99,7.98,3.99,0.25,S,,BG25W06,USD,CC
70001826,02305,04,3,20250313,72913,000004481003,1,4.99,4.99,0.00,0.31,S,,,USD,CC
70001827,02305,05,1,20250313,195656,000000094101,3,3.99,11.97,0.00,0.00,S,,,USD,DB
70001827,02305,05,2,20250313,195656,000004492003,1,2.29,2.29,0.00,0.14,S,,,USD,DB
70001828,02305,04,1,20250313,162239,000004481003,2,4.99,9.98,0.00,0.62,S,6076072348,,USD,CC
70001828,02305,04,2,20250313,162239,000004493001,1,5.49,5.49,0.00,0.34,S,6076072348,,USD,CC
70001828,02305,04,3,20250313,162239,000000020103,1,4.99,4.99,0.00,0.00,S,6076072348,,USD,CC
70001828,02305,04,4,20250313,162239,000000005101,1,7.99,7.99,0.00,0.00,S,6076072348,,USD,CC
70001829,03050,05,1,20250313,85818,000004481002,1,7.99,7.99,0.00,0.50,S,6032638902,,USD,DB
70001829,03050,05,2,20250313,85818,000004482003,1,5.49,5.49,0.00,0.34,S,6032638902,,USD,DB
70001829,03050,05,3,20250313,85818,000000005013,1,3.89,3.89,0.00,0.00,S,6032638902,,USD,DB
70001829,03050,05,4,20250313,85818,000000094203,1.662,1.49,2.48,0.00,0.00,S,6032638902,,USD,DB
70001829,03050,05,5,20250313,85818,000004483001,2,4.99,9.98,0.00,0.62,S,6032638902,,USD,DB
70001830,03050,06,1,20250313,124731,000004471024,1,3.49,3.49,0.00,0.22,S,6033721885,,USD,CS
70001830,03050,06,2,20250313,124731,000000040102,1.481,16.99,25.16,0.00,0.00,S,6033721885,,USD,CS
70001831,03050,03,1,20250313,115850,000004492002,1,1.49,1.49,0.00,0.09,S,,,USD,CC
70001831,03050,03,2,20250313,115850,000000093322,1.083,1.99,2.16,0.00,0.00,S,,,USD,CC
70001831,03050,03,3,20250313,115850,000000031102,1.006,19.99,20.11,0.00,0.00,S,,,USD,CC
70001832,03050,02,1,20250313,201721,000000094302,1.139,5.49,6.25,0.00,0.00,S,,,USD,DB
70001832,03050,02,2,20250313,201721,000004493001,1,5.49,5.49,0.00,0.34,S,,,USD,DB
70001832,03050,02,3,20250313,201721,000000552002,1,3.99,3.99,0.00,0.25,S,,,USD,DB
70001833,03050,03,1,20250313,152112,000000020102,1,3.49,3.49,0.00,0.00,S,,,USD,CC
70001833,03050,03,2,20250313,152112,000000562001,2,10.99,21.98,0.00,1.37,S,,,USD,CC
70001833,03050,03,3,20250313,152112,000000005201,3,3.99,11.97,3.99,0.00,S,,MB25W06,USD,CC
70001833,03050,03,4,20250313,152112,000000093321,2.140,1.49,3.19,0.00,0.00,S,,,USD,CC
70001834,03050,06,1,20250313,153404,000000040203,3,11.99,35.97,11.99,0.00,S,6058891444,MB25W06,USD,CC
70001835,03050,05,1,20250313,84224,000004471030,2,3.99,7.98,0.00,0.50,S,6013875927,,USD,GC
70001835,03050,05,2,20250313,84224,000004471040,1,2.49,2.49,0.00,0.16,S,6013875927,,USD,GC
70001835,03050,05,3,20250313,84224,000004482003,1,5.49,5.49,0.00,0.34,S,6013875927,,USD,GC
70001836,03050,05,1,20250313,84438,000000094301,1.315,4.39,5.77,0.00,0.00,S,,,USD,CC
70001836,03050,05,2,20250313,84438,000000093501,1,4.49,4.49,0.00,0.00,S,,,USD,CC
70001836,03050,05,3,20250313,84438,000000020202,2,5.99,11.98,5.99,0.00,S,,BG25W06,USD,CC
70001836,03050,05,4,20250313,84438,000000005201,2,3.99,7.98,0.00,0.00,S,,,USD,CC
70001836,03050,05,5,20250313,84438,000000094302,0.799,5.49,4.39,0.00,0.00,S,,,USD,CC
70001836,03050,05,6,20250313,84438,000000030101,2,6.99,13.98,0.00,0.00,S,,,USD,CC
70001837,03050,04,1,20250313,101601,000000040203,2,11.99,23.98,0.00,0.00,S,,,USD,DB
70001838,03050,05,1,20250313,91245,000004472003,1,3.29,3.29,0.00,0.21,S,6039740148,,USD,GC
70001838,03050,05,2,20250313,91245,000004481001,1,7.99,7.99,0.00,0.50,S,6039740148,,USD,GC
70001838,03050,05,3,20250313,91245,000000561002,2,7.49,14.98,0.00,0.94,S,6039740148,,USD,GC
70001838,03050,05,4,20250313,91245,000000094103,2,3.79,7.58,0.00,0.00,S,6039740148,,USD,GC
70001839,00317,02,1,20250313,213315,000004473003,3,4.69,14.07,0.00,0.88,S,6082043397,,CAD,DB
70001839,00317,02,2,20250313,213315,000000093325,0.741,5.39,3.99,0.00,0.00,S,6082043397,,CAD,DB
70001840,00317,04,1,20250313,134922,000000005013,1,5.29,5.29,0.00,0.00,S,6093831849,,CAD,DB
70001840,00317,04,2,20250313,134922,000000020101,1,3.39,3.39,0.00,0.00,S,6093831849,,CAD,DB
70001840,00317,04,3,20250313,134922,000000093401,1.814,7.49,13.59,0.00,0.00,S,6093831849,,CAD,DB
70001841,00317,02,1,20250313,163221,000000094201,1.332,2.29,3.05,0.00,0.00,S,6093831849,,CAD,CS
70001841,00317,02,2,20250313,163221,000000005020,1,6.09,6.09,0.00,0.00,S,6093831849,,CAD,CS
70001841,00317,02,3,20250313,163221,000000562002,1,11.49,11.49,0.00,0.72,S,6093831849,,CAD,CS
70001841,00317,02,4,20250313,163221,000000020202,2,8.09,16.18,8.09,0.00,S,6093831849,BG25W06,CAD,CS
70001841,00317,02,5,20250313,163221,000004492003,1,3.09,3.09,0.00,0.19,S,6093831849,,CAD,CS
70001842,00317,01,1,20250313,212506,000004471030,3,5.39,16.17,0.00,1.01,S,,,CAD,GC
70001842,00317,01,2,20250313,212506,000000094202,1.211,2.69,3.26,0.00,0.00,S,,,CAD,GC
70001843,00317,03,1,20250313,175017,000000030202,1,15.59,15.59,0.00,0.00,S,6015454470,,CAD,DB
70001843,00317,03,2,20250313,175017,000004471040,1,3.39,3.39,0.00,0.21,S,6015454470,,CAD,DB
70001844,00317,04,1,20250313,103544,000000552002,1,5.39,5.39,0.00,0.34,S,6068893628,,CAD,DB
70001845,00317,02,1,20250313,205819,000000005101,1,10.89,10.89,0.00,0.00,S,6089847139,,CAD,DB
70001845,00317,02,2,20250313,205819,000004472050,1,5.39,5.39,0.00,0.34,S,6089847139,,CAD,DB
70001846,00317,03,1,20250313,102633,000000093410,1.000,5.39,5.39,0.00,0.00,S,,,CAD,CC
70001847,00317,05,1,20250313,103948,000000093402,1.789,4.49,8.03,0.00,0.00,S,,,CAD,CC
70001847,00317,05,2,20250313,103948,000000030103,1,12.19,12.19,0.00,0.00,S,,,CAD,CC
70001847,00317,05,3,20250313,103948,000000005202,3,8.09,24.27,0.00,0.00,S,,,CAD,CC
70001847,00317,05,4,20250313,103948,000004482003,3,7.49,22.47,0.00,1.40,S,,,CAD,CC
70001847,00317,05,5,20250313,103948,000004493001,1,7.49,7.49,0.00,0.47,S,,,CAD,CC
70001847,00317,05,6,20250313,103948,000004473003,2,4.69,9.38,0.00,0.59,S,,,CAD,CC
70001848,01042,02,1,20250314,181128,000000005102,2,5.49,10.98,0.00,0.00,S,,,USD,CC
70001848,01042,02,2,20250314,181128,000000093501,1,4.49,4.49,0.00,0.00,S,,,USD,CC
70001848,01042,02,3,20250314,181128,000000551020,1,13.99,13.99,0.00,0.87,S,,,USD,CC
70001848,01042,02,4,20250314,181128,000000094301,0.944,4.39,4.14,0.00,0.00,S,,,USD,CC
70001849,01042,01,1,20250314,94757,000000040201,1,8.99,8.99,0.00,0.00,S,,,USD,CS
70001850,01042,01,1,20250314,81007,000000005202,1,5.99,5.99,0.00,0.00,S,6014477324,,USD,DB
70001850,01042,01,2,20250314,81007,000004471040,2,2.49,4.98,0.00,0.31,S,6014477324,,USD,DB
70001851,01042,06,1,20250314,170801,000000020102,1,3.49,3.49,0.00,0.00,S,,,USD,CC
70001851,01042,06,2,20250314,170801,000000005020,1,4.49,4.49,0.00,0.00,S,,,USD,CC
70001851,01042,06,3,20250314,170801,000004473003,1,3.49,3.49,0.00,0.22,S,,,USD,CC
70001852,01042,06,1,20250314,102606,000000020102,1,3.49,3.49,0.00,0.00,S,,,USD,DB
70001852,01042,06,2,20250314,102606,000000005202,1,5.99,5.99,0.00,0.00,S,,,USD,DB
70001853,01042,03,1,20250314,203529,000000005012,1,3.99,3.99,0.00,0.00,S,6071690618,,USD,CC
70001853,01042,03,2,20250314,203529,000004493002,1,3.99,3.99,0.00,0.25,S,6071690618,,USD,CC
70001853,01042,03,3,20250314,203529,000000093402,1.799,3.29,5.92,0.00,0.00,S,6071690618,,USD,CC
70001853,01042,03,4,20250314,203529,000004492001,1,1.79,1.79,0.00,0.11,S,6071690618,,USD,CC
70001853,01042,03,5,20250314,203529,000004473001,1,2.99,2.99,0.00,0.19,S,6071690618,,USD,CC
70001854,01042,06,1,20250314,203448,000000030201,1,9.99,9.99,0.00,0.00,S,6012796114,,USD,DB
70001854,01042,06,2,20250314,203448,000000005201,1,3.99,3.99,0.00,0.00,S,6012796114,,USD,DB
70001854,01042,06,3,20250314,203448,000000005103,1,6.99,6.99,0.00,0.00,S,6012796114,,USD,DB
70001855,01042,05,1,20250314,215935,000000005013,2,3.89,7.78,0.00,0.00,S,6041966645,,USD,GC
70001855,01042,05,2,20250314,215935,000000030201,1,9.99,9.99,0.00,0.00,S,6041966645,,USD,GC
70001855,01042,05,3,20250314,215935,000004493002,2,3.99,7.98,3.99,0.25,S,6041966645,BG25W06,USD,GC
70001856,01042,06,1,20250314,141618,000000040202,2,14.99,29.98,0.00,0.00,S,6018272795,,USD,GC
70001856,01042,06,2,20250314,141618,000000093501,1,4.49,4.49,0.00,0.00,S,6018272795,,USD,GC
70001856,01042,06,3,20250314,141618,000000005102,1,5.49,5.49,0.00,0.00,S,6018272795,,USD,GC
70001856,01042,06,4,20250314,141618,000004483001,2,4.99,9.98,0.00,0.62,S,6018272795,,USD,GC
70001857,01042,05,1,20250314,112329,000004493001,1,5.49,5.49,0.00,0.34,S,,,USD,DB
70001858,01042,02,1,20250314,185932,000000005202,1,5.99,5.99,0.00,0.00,S,6075233438,,USD,DB
70001858,01042,02,2,20250314,185932,000004472001,1,3.99,3.99,0.00,0.25,S,6075233438,,USD,DB
70001858,01042,02,3,20250314,185932,000004482001,1,13.99,13.99,0.00,0.87,S,6075233438,,USD,DB
70001858,01042,02,4,20250314,185932,000000020101,2,2.49,4.98,0.00,0.00,S,6075233438,,USD,DB
70001858,01042,02,5,20250314,185932,000000093501,1,4.49,4.49,0.00,0.00,S,6075233438,,USD,DB
70001859,01042,03,1,20250314,142912,000000031101,0.857,24.99,21.42,0.00,0.00,S,6088436604,,USD,DB
70001859,01042,03,2,20250314,142912,000000005301,1,5.49,5.49,0.00,0.00,S,6088436604,,USD,DB
70001860,01107,01,1,20250314,192712,000000005201,2,3.99,7.98,0.00,0.00,S,,,USD,DB
70001860,01107,01,2,20250314,192712,000004473001,2,2.99,5.98,0.00,0.37,S,,,USD,DB
70001860,01107,01,3,20250314,192712,000004472001,1,3.99,3.99,0.00,0.25,S,,,USD,DB
70001860,01107,01,4,20250314,192712,000004482001,1,13.99,13.99,0.00,0.87,S,,,USD,DB
70001861,01107,02,1,20250314,104044,000004483001,2,4.99,9.98,0.00,0.62,S,,,USD,GC
70001862,01107,05,1,20250314,194835,000000005013,1,3.89,3.89,0.00,0.00,S,,,USD,CS
70001862,01107,05,2,20250314,194835,000004492001,1,1.79,1.79,0.00,0.11,S,,,USD,CS
70001862,01107,05,3,20250314,194835,000004492003,1,2.29,2.29,0.00,0.14,S,,,USD,CS
70001862,01107,05,4,20250314,194835,000000005301,1,5.49,5.49,0.00,0.00,S,,,USD,CS
70001863,01107,06,1,20250314,92016,000000005101,2,7.99,15.98,0.00,0.00,S,,,USD,CC
70001863,01107,06,2,20250314,92016,000000040201,2,8.99,17.98,0.00,0.00,S,,,USD,CC
70001863,01107,06,3,20250314,92016,000000040101,2.015,18.99,38.26,0.00,0.00,S,,,USD,CC
70001863,01107,06,4,20250314,92016,000000020103,1,4.99,4.99,0.00,0.00,S,,,USD,CC
70001863,01107,06,5,20250314,92016,000004473002,1,2.79,2.79,0.00,0.17,S,,,USD,CC
70001864,02210,01,1,20250314,193708,000000040102,1.585,16.99,26.93,0.00,0.00,S,,,USD,CC
70001864,02210,01,2,20250314,193708,000004482002,2,17.99,35.98,0.00,2.25,S,,,USD,CC
70001864,02210,01,3,20250314,193708,000000094102,1,3.49,3.49,0.00,0.00,S,,,USD,CC
70001864,02210,01,4,20250314,193708,000000040101,1.606,18.99,30.50,0.00,0.00,S,,,USD,CC
70001865,02210,04,1,20250314,112238,000004482001,1,13.99,13.99,0.00,0.87,S,,,USD,CC
70001866,02210,03,1,20250314,103710,000000561002,1,7.49,7.49,0.00,0.47,S,6062639343,,USD,CS
70001866,02210,03,2,20250314,103710,000000031101,0.822,24.99,20.54,0.00,0.00,S,6062639343,,USD,CS
70001866,02210,03,3,20250314,103710,000000005301,2,5.49,10.98,0.00,0.00,S,6062639343,,USD,CS
70001866,02210,03,4,20250314,103710,000000030102,1,14.99,14.99,0.00,0.00,S,6062639343,,USD,CS
70001867,02210,02,1,20250314,134044,000000005101,1,7.99,7.99,0.00,0.00,S,6042177625,,USD,DB
70001868,02210,04,1,20250314,151501,000000094103,1,3.79,3.79,0.00,0.00,S,,,USD,DB
70001868,02210,04,2,20250314,151501,000000005302,1,3.49,3.49,0.00,0.00,S,,,USD,DB
70001868,02210,04,3,20250314,151501,000004471023,2,3.49,6.98,0.00,0.44,S,,,USD,DB
70001868,02210,04,4,20250314,151501,000004481002,2,7.99,15.98,0.00,1.00,S,,,USD,DB
70001868,02210,04,5,20250314,151501,000000005201,1,3.99,3.99,0.00,0.00,S,,,USD,DB
70001869,02210,02,1,20250314,113808,000000093402,1.565,3.29,5.15,0.00,0.00,S,,,USD,CC
70001869,02210,02,2,20250314,113808,000004472002,1,4.49,4.49,0.00,0.28,S,,,USD,CC
70001870,02210,02,1,20250314,212014,000004482003,1,5.49,5.49,0.00,0.34,R,,,USD,CC
70001871,02210,06,1,20250314,162102,000000005201,1,3.99,3.99,0.00,0.00,S,,,USD,GC
70001871,02210,06,2,20250314,162102,000004481003,1,4.99,4.99,0.00,0.31,S,,,USD,GC
70001871,02210,06,3,20250314,162102,000000005201,1,3.99,3.99,0.00,0.00,S,,,USD,GC
70001872,02211,05,1,20250314,175939,000000005102,1,5.49,5.49,0.00,0.00,S,,,USD,CC
70001872,02211,05,2,20250314,175939,000000093503,3,4.29,12.87,0.00,0.00,S,,,USD,CC
70001872,02211,05,3,20250314,175939,000000005102,2,5.49,10.98,0.00,0.00,S,,,USD,CC
70001872,02211,05,4,20250314,175939,000004471040,1,2.49,2.49,0.00,0.16,S,,,USD,CC
70001872,02211,05,5,20250314,175939,000004471030,1,3.99,3.99,0.00,0.25,S,,,USD,CC
70001872,02211,05,6,20250314,175939,000000005020,1,4.49,4.49,0.00,0.00,S,,,USD,CC
70001873,02211,04,1,20250314,130805,000000093322,1.448,1.99,2.88,0.00,0.00,S,,,USD,CC
70001873,02211,04,2,20250314,130805,000004493001,1,5.49,5.49,0.00,0.34,S,,,USD,CC
70001873,02211,04,3,20250314,130805,000000020103,1,4.99,4.99,0.00,0.00,S,,,USD,CC
70001874,02211,04,1,20250314,144605,000000005201,1,3.99,3.99,0.00,0.00,S,,,USD,CS
70001874,02211,04,2,20250314,144605,000004473002,1,2.79,2.79,0.00,0.17,S,,,USD,CS
70001875,02211,03,1,20250314,105417,000000040202,1,14.99,14.99,0.00,0.00,S,,,USD,GC
70001876,02305,02,1,20250314,111553,000000093502,3,3.99,11.97,3.99,0.00,S,,MB25W06,USD,CC
70001876,02305,02,2,20250314,111553,000004482001,1,13.99,13.99,0.00,0.87,S,,,USD,CC
70001877,02305,06,1,20250314,194425,000004482001,1,13.99,13.99,0.00,0.87,S,6006229231,,USD,DB
70001877,02305,06,2,20250314,194425,000000005013,1,3.89,3.89,0.00,0.00,S,6006229231,,USD,DB
70001877,02305,06,3,20250314,194425,000004493001,1,5.49,5.49,0.00,0.34,S,6006229231,,USD,DB
70001877,02305,06,4,20250314,194425,000000562002,1,8.49,8.49,0.00,0.53,S,6006229231,,USD,DB
70001877,02305,06,5,20250314,194425,000000094201,0.363,1.69,0.61,0.00,0.00,S,6006229231,,USD,DB
70001878,02305,03,1,20250314,123858,000004473002,1,2.79,2.79,0.00,0.17,S,,,USD,GC
70001878,02305,03,2,20250314,123858,000000005102,1,5.49,5.49,0.00,0.00,S,,,USD,GC
70001878,02305,03,3,20250314,123858,000000005202,1,5.99,5.99,0.00,0.00,S,,,USD,GC
70001879,02305,01,1,20250314,83447,000004472003,2,3.29,6.58,0.00,0.41,S,6076297454,,USD,CC
70001879,02305,01,2,20250314,83447,000000093502,1,3.99,3.99,0.00,0.00,S,6076297454,,USD,CC
70001879,02305,01,3,20250314,83447,000000094201,2.156,1.69,3.64,0.00,0.00,S,6076297454,,USD,CC
70001879,02305,01,4,20250314,83447,000004481003,2,4.99,9.98,0.00,0.62,S,6076297454,,USD,CC
70001879,02305,01,5,20250314,83447,000000040203,2,11.99,23.98,0.00,0.00,S,6076297454,,USD,CC
70001879,02305,01,6,20250314,83447,000004492002,1,1.49,1.49,0.00,0.09,S,6076297454,,USD,CC
70001880,02305,05,1,20250314,135032,000004493001,1,5.49,5.49,0.00,0.34,S,,,USD,CS
70001881,02305,05,1,20250314,91315,000000093321,1.559,1.49,2.32,0.00,0.00,S,,,USD,CC
70001881,02305,05,2,20250314,91315,000000551020,1,13.99,13.99,0.00,0.87,S,,,USD,CC
70001881,02305,05,3,20250314,91315,000000031101,0.607,24.99,15.17,0.00,0.00,S,,,USD,CC
70001881,02305,05,4,20250314,91315,000004471040,2,2.49,4.98,0.00,0.31,S,,,USD,CC
70001881,02305,05,5,20250314,91315,000000020202,1,5.99,5.99,0.00,0.00,S,,,USD,CC
70001881,02305,05,6,20250314,91315,000000093322,0.271,1.99,0.54,0.00,0.00,S,,,USD,CC
70001882,02305,03,1,20250314,194707,000000005301,1,5.49,5.49,0.00,0.00,S,,,USD,CS
70001882,02305,03,2,20250314,194707,000000005103,1,6.99,6.99,0.00,0.00,S,,,USD,CS
70001882,02305,03,3,20250314,194707,000004483002,1,3.49,3.49,0.00,0.22,S,,,USD,CS
70001882,02305,03,4,20250314,194707,000004492003,1,2.29,2.29,0.00,0.14,S,,,USD,CS
70001883,02305,01,1,20250314,175402,000004493002,1,3.99,3.99,0.00,0.25,S,6039994853,,USD,CS
70001883,02305,01,2,20250314,175402,000000093402,1.650,3.29,5.43,0.00,0.00,S,6039994853,,USD,CS
70001883,02305,01,3,20250314,175402,000004471030,1,3.99,3.99,0.00,0.25,S,6039994853,,USD,CS
70001884,02305,06,1,20250314,104303,000000040203,1,11.99,11.99,0.00,0.00,S,,,USD,GC
70001884,02305,06,2,20250314,104303,000004482002,1,17.99,17.99,0.00,1.12,S,,,USD,GC
70001884,02305,06,3,20250314,104303,000000093401,1.001,5.49,5.50,0.00,0.00,S,,,USD,GC
70001884,02305,06,4,20250314,104303,000004471024,1,3.49,3.49,0.00,0.22,S,,,USD,GC
70001884,02305,06,5,20250314,104303,000000093410,0.523,3.99,2.09,0.00,0.00,S,,,USD,GC
70001884,02305,06,6,20250314,104303,000000093402,0.578,3.29,1.90,0.00,0.00,S,,,USD,GC
70001885,02305,04,1,20250314,84358,000000005201,3,3.99,11.97,3.99,0.00,S,,MB25W06,USD,DB
70001886,02305,06,1,20250314,143606,000004493002,2,3.99,7.98,3.99,0.25,S,,BG25W06,USD,CC
70001886,02305,06,2,20250314,143606,000004481003,1,4.99,4.99,0.00,0.31,S,,,USD,CC
70001886,02305,06,3,20250314,143606,000000030203,1,8.49,8.49,0.00,0.00,S,,,USD,CC
70001887,02305,01,1,20250314,204020,000000562002,1,8.49,8.49,0.00,0.53,S,,,USD,GC
70001888,02305,03,1,20250314,81432,000000030103,1,8.99,8.99,0.00,0.00,S,,,USD,DB
70001888,02305,03,2,20250314,81432,000000005020,2,4.49,8.98,0.00,0.00,S,,,USD,DB
70001888,02305,03,3,20250314,81432,000000005301,1,5.49,5.49,0.00,0.00,S,,,USD,DB
70001888,02305,03,4,20250314,81432,000004492003,1,2.29,2.29,0.00,0.14,S,,,USD,DB
70001888,02305,03,5,20250314,81432,000000551021,3,11.99,35.97,0.00,2.25,S,,,USD,DB
70001889,02305,05,1,20250314,173012,000004473001,3,2.99,8.97,0.00,0.56,S,,,USD,CS
70001889,02305,05,2,20250314,173012,000000005020,1,4.49,4.49,0.00,0.00,S,,,USD,CS
70001889,02305,05,3,20250314,173012,000000020102,1,3.49,3.49,0.00,0.00,S,,,USD,CS
70001889,02305,05,4,20250314,173012,000000020101,1,2.49,2.49,0.00,0.00,S,,,USD,CS
70001890,02305,03,1,20250314,182403,000004491003,2,1.99,3.98,0.00,0.25,S,6010587525,,USD,GC
70001890,02305,03,2,20250314,182403,000000005301,1,5.49,5.49,0.00,0.00,S,6010587525,,USD,GC
70001891,03050,03,1,20250314,184100,000000094301,1.307,4.39,5.74,0.00,0.00,S,,,USD,CC
70001892,03050,06,1,20250314,83454,000000005201,3,3.99,11.97,3.99,0.00,S,,MB25W06,USD,CS
70001892,03050,06,2,20250314,83454,000000030101,2,6.99,13.98,0.00,0.00,S,,,USD,CS
70001892,03050,06,3,20250314,83454,000000561001,2,9.99,19.98,0.00,1.25,S,,,USD,CS
70001892,03050,06,4,20250314,83454,000004481002,1,7.99,7.99,0.00,0.50,S,,,USD,CS
70001893,03050,01,1,20250314,140821,000000552002,1,3.99,3.99,0.00,0.25,S,6000892196,,USD,GC
70001893,03050,01,2,20250314,140821,000004481002,2,7.99,15.98,0.00,1.00,S,6000892196,,USD,GC
70001894,03050,02,1,20250314,134621,000000551021,1,11.99,11.99,0.00,0.75,S,,,USD,GC
70001894,03050,02,2,20250314,134621,000004493002,2,3.99,7.98,3.99,0.25,S,,BG25W06,USD,GC
70001894,03050,02,3,20250314,134621,000004471030,1,3.99,3.99,0.00,0.25,S,,,USD,GC
70001894,03050,02,4,20250314,134621,000004471023,2,3.49,6.98,0.00,0.44,S,,,USD,GC
70001895,03050,06,1,20250314,91840,000000093503,2,4.29,8.58,0.00,0.00,S,6026949684,,USD,DB
70001895,03050,06,2,20250314,91840,000000551020,3,13.99,41.97,0.00,2.62,S,6026949684,,USD,DB
70001896,03050,05,1,20250314,183554,000000005302,2,3.49,6.98,0.00,0.00,S,,,USD,GC
70001896,03050,05,2,20250314,183554,000000031101,1.534,24.99,38.33,0.00,0.00,S,,,USD,GC
70001896,03050,05,3,20250314,183554,000004481002,1,7.99,7.99,0.00,0.50,S,,,USD,GC
70001896,03050,05,4,20250314,183554,000004473002,1,2.79,2.79,0.00,0.17,S,,,USD,GC
70001896,03050,05,5,20250314,183554,000000005101,1,7.99,7.99,0.00,0.00,S,,,USD,GC
70001896,03050,05,6,20250314,183554,000004471023,1,3.49,3.49,0.00,0.22,S,,,USD,GC
70001897,03050,04,1,20250314,141948,000000040203,3,11.99,35.97,11.99,0.00,S,,MB25W06,USD,CC
70001898,03050,03,1,20250314,195014,000000005020,3,4.49,13.47,0.00,0.00,S,,,USD,GC
70001899,03050,01,1,20250314,90155,000000093502,3,3.99,11.97,3.99,0.00,S,6019952980,MB25W06,USD,GC
70001899,03050,01,2,20250314,90155,000004491002,1,6.99,6.99,0.00,0.44,S,6019952980,,USD,GC
70001900,03050,03,1,20250314,202718,000000005201,3,3.99,11.97,3.99,0.00,S,,MB25W06,USD,GC
70001900,03050,03,2,20250314,202718,000004472003,1,3.29,3.29,0.00,0.21,S,,,USD,GC
70001900,03050,03,3,20250314,202718,000000005201,3,3.99,11.97,0.00,0.00,V,,,USD,GC
70001901,00317,01,1,20250314,81645,000004482001,1,18.99,18.99,0.00,1.19,S,6061106273,,CAD,CC
70001901,00317,01,2,20250314,81645,000000005201,1,5.39,5.39,0.00,0.00,S,6061106273,,CAD,CC
70001901,00317,01,3,20250314,81645,000004491001,1,3.39,3.39,0.00,0.21,S,6061106273,,CAD,CC
70001901,00317,01,4,20250314,81645,000004492003,1,3.09,3.09,0.00,0.19,S,6061106273,,CAD,CC
70001902,00317,02,1,20250314,103344,000000005201,2,5.39,10.78,0.00,0.00,S,,,CAD,CC
70001902,00317,02,2,20250314,103344,000004472001,1,5.39,5.39,0.00,0.34,S,,,CAD,CC
70001903,00317,02,1,20250314,200620,000000030203,2,11.49,22.98,0.00,0.00,S,6063731495,,CAD,CS
70001904,00317,06,1,20250314,111722,000000094101,1,5.39,5.39,0.00,0.00,S,,,CAD,GC
70001904,00317,06,2,20250314,111722,000000040202,2,20.39,40.78,0.00,0.00,S,,,CAD,GC
70001904,00317,06,3,20250314,111722,000004471023,1,4.69,4.69,0.00,0.29,S,,,CAD,GC
70001905,00317,03,1,20250314,211157,000000094103,1,5.19,5.19,0.00,0.00,S,,,CAD,CS
70001905,00317,03,2,20250314,211157,000004472002,1,6.09,6.09,0.00,0.38,S,,,CAD,CS
70001906,00317,04,1,20250314,202922,000004472003,1,4.49,4.49,0.00,0.28,S,,,CAD,CC
70001906,00317,04,2,20250314,202922,000000094302,2.167,7.49,16.23,0.00,0.00,S,,,CAD,CC
70001906,00317,04,3,20250314,202922,000000094102,1,4.69,4.69,0.00,0.00,S,,,CAD,CC
70001906,00317,04,4,20250314,202922,000000552002,2,5.39,10.78,0.00,0.67,S,,,CAD,CC
70001906,00317,04,5,20250314,202922,000004472003,1,4.49,4.49,0.00,0.28,S,,,CAD,CC
70001906,00317,04,6,20250314,202922,000000020201,1,7.49,7.49,0.00,0.00,S,,,CAD,CC
70001907,00317,03,1,20250314,90810,000000005102,1,7.49,7.49,0.00,0.00,S,6090211586,,CAD,CS
70001907,00317,03,2,20250314,90810,000000005202,1,8.09,8.09,0.00,0.00,S,6090211586,,CAD,CS
70001907,00317,03,3,20250314,90810,000000005102,1,7.49,7.49,0.00,0.00,S,6090211586,,CAD,CS
70001907,00317,03,4,20250314,90810,000000020202,2,8.09,16.18,8.09,0.00,S,6090211586,BG25W06,CAD,CS
70001908,00317,04,1,20250314,153012,000000040203,3,16.29,48.87,16.29,0.00,S,6013305319,MB25W06,CAD,CS
70001909,00317,06,1,20250314,110731,000004471023,1,4.69,4.69,0.00,0.29,S,,,CAD,DB
70001909,00317,06,2,20250314,110731,000004492050,1,2.99,2.99,0.00,0.19,S,,,CAD,DB
70001909,00317,06,3,20250314,110731,000000561001,2,13.59,27.18,0.00,1.70,S,,,CAD,DB
70001910,00317,06,1,20250314,124153,000000093502,3,5.39,16.17,5.39,0.00,S,,MB25W06,CAD,CS
70001910,00317,06,2,20250314,124153,000004482002,1,24.49,24.49,0.00,1.53,S,,,CAD,CS
70001911,00317,03,1,20250314,135655,000000093502,2,5.39,10.78,0.00,0.00,S,,,CAD,CC
70001912,00317,02,1,20250314,93425,000004492002,1,1.99,1.99,0.00,0.12,S,,,CAD,CS
70001912,00317,02,2,20250314,93425,000000020203,1,8.79,8.79,0.00,0.00,S,,,CAD,CS
70001913,00317,02,1,20250314,133650,000000561001,1,13.59,13.59,0.00,0.85,S,,,CAD,GC
70001913,00317,02,2,20250314,133650,000004492001,1,2.39,2.39,0.00,0.15,S,,,CAD,GC
70001913,00317,02,3,20250314,133650,000000005012,1,5.39,5.39,0.00,0.00,S,,,CAD,GC
70001913,00317,02,4,20250314,133650,000000020102,1,4.69,4.69,0.00,0.00,S,,,CAD,GC
70001914,00317,06,1,20250314,145457,000000093501,1,6.09,6.09,0.00,0.00,S,,,CAD,CC
70001914,00317,06,2,20250314,145457,000000094101,1,5.39,5.39,0.00,0.00,S,,,CAD,CC
70001914,00317,06,3,20250314,145457,000004471030,1,5.39,5.39,0.00,0.34,S,,,CAD,CC
70001914,00317,06,4,20250314,145457,000000005302,2,4.69,9.38,0.00,0.00,S,,,CAD,CC
70001914,00317,06,5,20250314,145457,000000020202,1,8.09,8.09,0.00,0.00,S,,,CAD,CC
70001914,00317,06,6,20250314,145457,000004473001,1,4.09,4.09,0.00,0.26,S,,,CAD,CC
70001915,01042,02,1,20250315,91854,000000094202,1.365,1.99,2.72,0.00,0.00,S,6003172351,,USD,CC
70001915,01042,02,2,20250315,91854,000000040101,1.122,18.99,21.31,0.00,0.00,S,6003172351,,USD,CC
70001915,01042,02,3,20250315,91854,000000005020,2,4.49,8.98,0.00,0.00,S,6003172351,,USD,CC
70001915,01042,02,4,20250315,91854,000000020101,1,2.49,2.49,0.00,0.00,S,6003172351,,USD,CC
70001916,01042,01,1,20250315,132126,000004471023,1,3.49,3.49,0.00,0.22,S,,,USD,DB
70001916,01042,01,2,20250315,132126,000004481002,1,7.99,7.99,0.00,0.50,S,,,USD,DB
70001916,01042,01,3,20250315,132126,000004492001,1,1.79,1.79,0.00,0.11,S,,,USD,DB
70001917,01107,06,1,20250315,151512,000004492002,1,1.49,1.49,0.00,0.09,S,,,USD,CC
70001917,01107,06,2,20250315,151512,000000040101,1.110,18.99,21.08,0.00,0.00,S,,,USD,CC
70001917,01107,06,3,20250315,151512,000000552002,1,3.99,3.99,0.00,0.25,S,,,USD,CC
70001918,01107,05,1,20250315,161156,000004482003,1,5.49,5.49,0.00,0.34,R,,,USD,DB
70001919,01107,01,1,20250315,82136,000004472002,1,4.49,4.49,0.00,0.28,S,,,USD,CC
70001919,01107,01,2,20250315,82136,000000020202,1,5.99,5.99,0.00,0.00,S,,,USD,CC
70001919,01107,01,3,20250315,82136,000004491003,1,1.99,1.99,0.00,0.12,S,,,USD,CC
70001919,01107,01,4,20250315,82136,000000005020,2,4.49,8.98,0.00,0.00,S,,,USD,CC
70001919,01107,01,5,20250315,82136,000000094302,0.781,5.49,4.29,0.00,0.00,S,,,USD,CC
70001920,01107,02,1,20250315,144720,000004493002,2,3.99,7.98,3.99,0.25,S,6008267734,BG25W06,USD,CC
70001920,01107,02,2,20250315,144720,000000005101,1,7.99,7.99,0.00,0.00,S,6008267734,,USD,CC
70001920,01107,02,3,20250315,144720,000000040201,1,8.99,8.99,0.00,0.00,S,6008267734,,USD,CC
70001920,01107,02,4,20250315,144720,000004493002,2,3.99,7.98,3.99,0.25,S,6008267734,BG25W06,USD,CC
70001920,01107,02,5,20250315,144720,000000561001,3,9.99,29.97,0.00,1.87,S,6008267734,,USD,CC
70001921,01107,04,1,20250315,133359,000000040201,1,8.99,8.99,0.00,0.00,S,6068719120,,USD,DB
70001921,01107,04,2,20250315,133359,000004481002,1,7.99,7.99,0.00,0.50,S,6068719120,,USD,DB
70001922,01107,03,1,20250315,132105,000004481002,1,7.99,7.99,0.00,0.50,S,,,USD,CC
70001922,01107,03,2,20250315,132105,000004472002,2,4.49,8.98,0.00,0.56,S,,,USD,CC
70001922,01107,03,3,20250315,132105,000004493002,1,3.99,3.99,0.00,0.25,S,,,USD,CC
70001923,01107,03,1,20250315,94559,000004471030,2,3.99,7.98,0.00,0.50,S,,,USD,CC
70001924,01107,06,1,20250315,140322,000000005301,1,5.49,5.49,0.00,0.00,S,,,USD,CC
70001925,01107,03,1,20250315,191754,000004471024,1,3.49,3.49,0.00,0.22,S,,,USD,DB
70001926,02210,06,1,20250315,154942,000000020202,2,5.99,11.98,5.99,0.00,S,,BG25W06,USD,DB
70001927,02210,02,1,20250315,114727,000000020103,2,4.99,9.98,0.00,0.00,S,6013273034,,USD,CC
70001927,02210,02,2,20250315,114727,000004472001,1,3.99,3.99,0.00,0.25,S,6013273034,,USD,CC
70001927,02210,02,3,20250315,114727,000004492001,1,1.79,1.79,0.00,0.11,S,6013273034,,USD,CC
70001927,02210,02,4,20250315,114727,000000040203,3,11.99,35.97,11.99,0.00,S,6013273034,MB25W06,USD,CC
70001928,02210,06,1,20250315,130426,000004482003,1,5.49,5.49,0.00,0.34,S,,,USD,CC
70001928,02210,06,2,20250315,130426,000004491003,1,1.99,1.99,0.00,0.12,S,,,USD,CC
70001928,02210,06,3,20250315,130426,000000031102,1.937,19.99,38.72,0.00,0.00,S,,,USD,CC
70001928,02210,06,4,20250315,130426,000000093322,0.862,1.99,1.72,0.00,0.00,S,,,USD,CC
70001929,02210,05,1,20250315,203511,000004493002,1,3.99,3.99,0.00,0.25,S,,,USD,CS
70001930,02210,03,1,20250315,201047,000004471040,1,2.49,2.49,0.00,0.16,S,,,USD,CS
70001930,02210,03,2,20250315,201047,000004493002,2,3.99,7.98,3.99,0.25,S,,BG25W06,USD,CS
70001930,02210,03,3,20250315,201047,000000030202,2,11.49,22.98,0.00,0.00,S,,,USD,CS
70001930,02210,03,4,20250315,201047,000004473003,1,3.49,3.49,0.00,0.22,S,,,USD,CS
70001930,02210,03,5,20250315,201047,000000093321,1.879,1.49,2.80,0.00,0.00,S,,,USD,CS
70001930,02210,03,6,20250315,201047,000000552001,3,4.49,13.47,4.49,0.56,S,,MB25W06,USD,CS
70001931,02210,05,1,20250315,211605,000004481002,1,7.99,7.99,0.00,0.50,S,6000720245,,USD,DB
70001931,02210,05,2,20250315,211605,000004473003,1,3.49,3.49,0.00,0.22,S,6000720245,,USD,DB
70001931,02210,05,3,20250315,211605,000000093402,0.799,3.29,2.63,0.00,0.00,S,6000720245,,USD,DB
70001932,02210,02,1,20250315,213607,000000552002,1,3.99,3.99,0.00,0.25,S,,,USD,GC
70001932,02210,02,2,20250315,213607,000004482002,1,17.99,17.99,0.00,1.12,S,,,USD,GC
70001933,02210,02,1,20250315,111515,000000020202,2,5.99,11.98,5.99,0.00,S,6087158415,BG25W06,USD,CC
70001933,02210,02,2,20250315,111515,000004472002,1,4.49,4.49,0.00,0.28,S,6087158415,,USD,CC
70001933,02210,02,3,20250315,111515,000004493002,2,3.99,7.98,3.99,0.25,S,6087158415,BG25W06,USD,CC
70001933,02210,02,4,20250315,111515,000000005103,1,6.99,6.99,0.00,0.00,S,6087158415,,USD,CC
70001934,02210,05,1,20250315,150643,000000094103,2,3.79,7.58,0.00,0.00,S,6040679176,,USD,DB
70001934,02210,05,2,20250315,150643,000000005301,1,5.49,5.49,0.00,0.00,S,6040679176,,USD,DB
70001934,02210,05,3,20250315,150643,000000005201,1,3.99,3.99,0.00,0.00,S,6040679176,,USD,DB
70001934,02210,05,4,20250315,150643,000004483002,1,3.49,3.49,0.00,0.22,S,6040679176,,USD,DB
70001935,02210,03,1,20250315,192337,000000031102,0.631,19.99,12.61,0.00,0.00,S,,,USD,CC
70001935,02210,03,2,20250315,192337,000000005201,1,3.99,3.99,0.00,0.00,S,,,USD,CC
70001936,02211,05,1,20250315,80041,000000020201,1,5.49,5.49,0.00,0.00,S,6024739500,,USD,DB
70001937,02211,03,1,20250315,190339,000004471023,3,3.49,10.47,0.00,0.65,S,6002428699,,USD,CC
70001937,02211,03,2,20250315,190339,000004471030,1,3.99,3.99,0.00,0.25,S,6002428699,,USD,CC
70001938,02211,06,1,20250315,113509,000000552002,3,3.99,11.97,0.00,0.75,S,,,USD,CC
70001938,02211,06,2,20250315,113509,000004471023,2,3.49,6.98,0.00,0.44,S,,,USD,CC
70001939,02211,01,1,20250315,191517,000000020201,3,5.49,16.47,0.00,0.00,S,6098831030,,USD,CC
70001939,02211,01,2,20250315,191517,000000040203,3,11.99,35.97,11.99,0.00,S,6098831030,MB25W06,USD,CC
70001939,02211,01,3,20250315,191517,000004482001,1,13.99,13.99,0.00,0.87,S,6098831030,,USD,CC
70001939,02211,01,4,20250315,191517,000000020201,3,5.49,16.47,0.00,0.00,V,6098831030,,USD,CC
70001940,02305,05,1,20250315,184137,000000031102,1.520,19.99,30.38,0.00,0.00,S,6026620157,,USD,CC
70001940,02305,05,2,20250315,184137,000000031101,1.308,24.99,32.69,0.00,0.00,S,6026620157,,USD,CC
70001941,02305,04,1,20250315,153005,000004482002,1,17.99,17.99,0.00,1.12,S,6016229991,,USD,CC
70001941,02305,04,2,20250315,153005,000004473002,1,2.79,2.79,0.00,0.17,S,6016229991,,USD,CC
70001942,02305,02,1,20250315,185218,000000093410,2.077,3.99,8.29,0.00,0.00,S,,,USD,CC
70001942,02305,02,2,20250315,185218,000000030201,1,9.99,9.99,0.00,0.00,S,,,USD,CC
70001943,02305,04,1,20250315,114551,000004482001,1,13.99,13.99,0.00,0.87,S,6028397620,,USD,CC
70001943,02305,04,2,20250315,114551,000000093502,3,3.99,11.97,3.99,0.00,S,6028397620,MB25W06,USD,CC
70001943,02305,04,3,20250315,114551,000000562001,1,10.99,10.99,0.00,0.69,S,6028397620,,USD,CC
70001944,02305,04,1,20250315,144605,000000094102,2,3.49,6.98,0.00,0.00,S,,,USD,CS
70001944,02305,04,2,20250315,144605,000000030101,1,6.99,6.99,0.00,0.00,S,,,USD,CS
70001944,02305,04,3,20250315,144605,000000040201,1,8.99,8.99,0.00,0.00,S,,,USD,CS
70001944,02305,04,4,20250315,144605,000000005301,2,5.49,10.98,0.00,0.00,S,,,USD,CS
70001944,02305,04,5,20250315,144605,000000030103,3,8.99,26.97,0.00,0.00,S,,,USD,CS
70001945,02305,03,1,20250315,171518,000000094103,1,3.79,3.79,0.00,0.00,S,,,USD,DB
70001945,02305,03,2,20250315,171518,000004481002,1,7.99,7.99,0.00,0.50,S,,,USD,DB
70001945,02305,03,3,20250315,171518,000000093501,1,4.49,4.49,0.00,0.00,S,,,USD,DB
70001945,02305,03,4,20250315,171518,000000094101,1,3.99,3.99,0.00,0.00,S,,,USD,DB
70001945,02305,03,5,20250315,171518,000000093402,0.272,3.29,0.89,0.00,0.00,S,,,USD,DB
70001946,02305,03,1,20250315,112443,000004491002,1,6.99,6.99,0.00,0.44,S,,,USD,CC
70001946,02305,03,2,20250315,112443,000000005201,3,3.99,11.97,3.99,0.00,S,,MB25W06,USD,CC
70001946,02305,03,3,20250315,112443,000000093501,1,4.49,4.49,0.00,0.00,S,,,USD,CC
70001947,02305,04,1,20250315,143049,000000020103,1,4.99,4.99,0.00,0.00,S,6006503121,,USD,DB
70001948,02305,02,1,20250315,175158,000000093502,3,3.99,11.97,3.99,0.00,S,6005053795,MB25W06,USD,CC
70001949,02305,05,1,20250315,132809,000004483001,1,4.99,4.99,0.00,0.31,S,6087920698,,USD,CC
70001949,02305,05,2,20250315,132809,000000005201,3,3.99,11.97,3.99,0.00,S,6087920698,MB25W06,USD,CC
70001949,02305,05,3,20250315,132809,000000030202,1,11.49,11.49,0.00,0.00,S,6087920698,,USD,CC
70001949,02305,05,4,20250315,132809,000004471030,1,3.99,3.99,0.00,0.25,S,6087920698,,USD,CC
70001949,02305,05,5,20250315,132809,000000093402,1.732,3.29,5.70,0.00,0.00,S,6087920698,,USD,CC
70001950,02305,05,1,20250315,211833,000000005301,1,5.49,5.49,0.00,0.00,S,6013760375,,USD,DB
70001950,02305,05,2,20250315,211833,000004491003,1,1.99,1.99,0.00,0.12,S,6013760375,,USD,DB
70001951,02305,05,1,20250315,195752,000000020202,2,5.99,11.98,5.99,0.00,S,,BG25W06,USD,CC
70001951,02305,05,2,20250315,195752,000000030101,2,6.99,13.98,0.00,0.00,S,,,USD,CC
70001951,02305,05,3,20250315,195752,000000561002,2,7.49,14.98,0.00,0.94,S,,,USD,CC
70001952,02305,01,1,20250315,155524,000004493002,2,3.99,7.98,3.99,0.25,S,6062056341,BG25W06,USD,GC
70001953,02305,06,1,20250315,203754,000000093503,1,4.29,4.29,0.00,0.00,S,6041209117,,USD,GC
70001953,02305,06,2,20250315,203754,000000094202,1.848,1.99,3.68,0.00,0.00,S,6041209117,,USD,GC
70001954,02305,01,1,20250315,104859,000004483001,1,4.99,4.99,0.00,0.31,S,,,USD,CS
70001955,02305,05,1,20250315,114317,000000005302,1,3.49,3.49,0.00,0.00,S,6088147435,,USD,GC
70001955,02305,05,2,20250315,114317,000000030201,2,9.99,19.98,0.00,0.00,S,6088147435,,USD,GC
70001955,02305,05,3,20250315,114317,000000094102,1,3.49,3.49,0.00,0.00,S,6088147435,,USD,GC
70001956,03050,04,1,20250315,160610,000004471030,1,3.99,3.99,0.00,0.25,S,,,USD,CC
70001956,03050,04,2,20250315,160610,000000005020,2,4.49,8.98,0.00,0.00,S,,,USD,CC
70001956,03050,04,3,20250315,160610,000004481001,1,7.99,7.99,0.00,0.50,S,,,USD,CC
70001957,03050,04,1,20250315,74422,000000030101,1,6.99,6.99,0.00,0.00,S,6092766372,,USD,CC
70001957,03050,04,2,20250315,74422,000000094103,1,3.79,3.79,0.00,0.00,S,6092766372,,USD,CC
70001957,03050,04,3,20250315,74422,000000030201,1,9.99,9.99,0.00,0.00,S,6092766372,,USD,CC
70001957,03050,04,4,20250315,74422,000000552002,1,3.99,3.99,0.00,0.25,S,6092766372,,USD,CC
70001957,03050,04,5,20250315,74422,000004472001,1,3.99,3.99,0.00,0.25,S,6092766372,,USD,CC
70001958,03050,02,1,20250315,121024,000000005103,3,6.99,20.97,0.00,0.00,S,6079723200,,USD,CC
70001958,03050,02,2,20250315,121024,000004481001,1,7.99,7.99,0.00,0.50,S,6079723200,,USD,CC
70001958,03050,02,3,20250315,121024,000000005103,1,6.99,6.99,0.00,0.00,S,6079723200,,USD,CC
70001958,03050,02,4,20250315,121024,000000040202,1,14.99,14.99,0.00,0.00,S,6079723200,,USD,CC
70001959,03050,01,1,20250315,184541,000004473001,1,2.99,2.99,0.00,0.19,S,6010756335,,USD,CS
70001959,03050,01,2,20250315,184541,000000020202,2,5.99,11.98,5.99,0.00,S,6010756335,BG25W06,USD,CS
70001959,03050,01,3,20250315,184541,000000093410,0.956,3.99,3.81,0.00,0.00,S,6010756335,,USD,CS
70001959,03050,01,4,20250315,184541,000000094203,0.887,1.49,1.32,0.00,0.00,S,6010756335,,USD,CS
70001959,03050,01,5,20250315,184541,000004493001,2,5.49,10.98,0.00,0.69,S,6010756335,,USD,CS
70001960,03050,02,1,20250315,104124,000000040203,1,11.99,11.99,0.00,0.00,S,6069155942,,USD,CC
70001960,03050,02,2,20250315,104124,000000552001,1,4.49,4.49,0.00,0.28,S,6069155942,,USD,CC
70001960,03050,02,3,20250315,104124,000000020101,1,2.49,2.49,0.00,0.00,S,6069155942,,USD,CC
70001961,03050,06,1,20250315,142228,000000005202,2,5.99,11.98,0.00,0.00,S,6064138367,,USD,CS
70001961,03050,06,2,20250315,142228,000004491001,1,2.49,2.49,0.00,0.16,S,6064138367,,USD,CS
70001962,00317,01,1,20250315,145926,000000094102,1,4.69,4.69,0.00,0.00,S,,,CAD,DB
70001963,00317,04,1,20250315,182743,000004491001,3,3.39,10.17,0.00,0.64,S,,,CAD,CC
70001963,00317,04,2,20250315,182743,000004473003,1,4.69,4.69,0.00,0.29,S,,,CAD,CC
70001963,00317,04,3,20250315,182743,000000093322,1.356,2.69,3.65,0.00,0.00,S,,,CAD,CC
70001964,00317,02,1,20250315,100423,000000551020,1,18.99,18.99,0.00,1.19,S,6025730662,,CAD,GC
70001965,00317,05,1,20250315,115740,000000093325,2.130,5.39,11.48,0.00,0.00,S,6037312552,,CAD,DB
70001965,00317,05,2,20250315,115740,000004473002,1,3.79,3.79,0.00,0.24,S,6037312552,,CAD,DB
70001965,00317,05,3,20250315,115740,000000093501,1,6.09,6.09,0.00,0.00,S,6037312552,,CAD,DB
70001966,00317,06,1,20250315,182718,000000005012,1,5.39,5.39,0.00,0.00,S,6051651768,,CAD,DB
70001967,00317,03,1,20250315,124949,000004473002,1,3.79,3.79,0.00,0.24,S,,,CAD,DB
70001967,00317,03,2,20250315,124949,000000552001,3,6.09,18.27,6.09,0.76,S,,MB25W06,CAD,DB
70001967,00317,03,3,20250315,124949,000000094302,1.134,7.49,8.49,0.00,0.00,S,,,CAD,DB
70001968,00317,03,1,20250315,191445,000004492002,1,1.99,1.99,0.00,0.12,S,6044920749,,CAD,DB
70001968,00317,03,2,20250315,191445,000004492050,1,2.99,2.99,0.00,0.19,S,6044920749,,CAD,DB
70001969,00317,01,1,20250315,165934,000000094201,0.326,2.29,0.75,0.00,0.00,S,,,CAD,GC
70001969,00317,01,2,20250315,165934,000004471023,1,4.69,4.69,0.00,0.29,S,,,CAD,GC
70001970,00317,04,1,20250315,71643,000000094202,0.870,2.69,2.34,0.00,0.00,S,,,CAD,DB
70001970,00317,04,2,20250315,71643,000000093502,3,5.39,16.17,5.39,0.00,S,,MB25W06,CAD,DB
70001970,00317,04,3,20250315,71643,000000005013,2,5.29,10.58,0.00,0.00,S,,,CAD,DB
70001970,00317,04,4,20250315,71643,000004473001,1,4.09,4.09,0.00,0.26,S,,,CAD,DB
70001970,00317,04,5,20250315,71643,000000093502,1,5.39,5.39,0.00,0.00,S,,,CAD,DB
70001971,00317,04,1,20250315,170107,000000094103,1,5.19,5.19,0.00,0.00,S,,,CAD,CS
70001972,01042,02,1,20250316,135807,000000551020,2,13.99,27.98,0.00,1.75,S,,,USD,GC
70001972,01042,02,2,20250316,135807,000000020203,1,6.49,6.49,0.00,0.00,S,,,USD,GC
70001972,01042,02,3,20250316,135807,000004482001,1,13.99,13.99,0.00,0.87,S,,,USD,GC
70001972,01042,02,4,20250316,135807,000000561002,1,7.49,7.49,0.00,0.47,S,,,USD,GC
70001973,01042,04,1,20250316,103543,000000093401,2.128,5.49,11.68,0.00,0.00,S,6033569392,,USD,CC
70001973,01042,04,2,20250316,103543,000000561002,1,7.49,7.49,0.00,0.47,S,6033569392,,USD,CC
70001973,01042,04,3,20250316,103543,000000094202,1.499,1.99,2.98,0.00,0.00,S,6033569392,,USD,CC
70001973,01042,04,4,20250316,103543,000000020202,2,5.99,11.98,5.99,0.00,S,6033569392,BG25W06,USD,CC
70001973,01042,04,5,20250316,103543,000000020103,2,4.99,9.98,0.00,0.00,S,6033569392,,USD,CC
70001974,01042,03,1,20250316,122917,000004492002,1,1.49,1.49,0.00,0.09,S,6073476427,,USD,DB
70001974,01042,03,2,20250316,122917,000000030102,1,14.99,14.99,0.00,0.00,S,6073476427,,USD,DB
70001974,01042,03,3,20250316,122917,000000005103,3,6.99,20.97,6.99,0.00,S,6073476427,MB25W07,USD,DB
70001974,01042,03,4,20250316,122917,000004473003,1,3.49,3.49,0.00,0.22,S,6073476427,,USD,DB
70001974,01042,03,5,20250316,122917,000000030103,1,8.99,8.99,0.00,0.00,S,6073476427,,USD,DB
70001975,01042,01,1,20250316,160158,000000094301,2.093,4.39,9.19,0.00,0.00,S,,,USD,CC
70001975,01042,01,2,20250316,160158,000004471030,1,3.99,3.99,0.00,0.25,S,,,USD,CC
70001976,01042,03,1,20250316,160927,000000094102,3,3.49,10.47,0.00,0.00,S,,,USD,CS
70001976,01042,03,2,20250316,160927,000004482003,1,5.49,5.49,0.00,0.34,S,,,USD,CS
70001977,01042,06,1,20250316,135531,000000040102,1.156,16.99,19.64,0.00,0.00,S,,,USD,DB
70001977,01042,06,2,20250316,135531,000000093322,2.027,1.99,4.03,0.00,0.00,S,,,USD,DB
70001977,01042,06,3,20250316,135531,000000040203,1,11.99,11.99,0.00,0.00,S,,,USD,DB
70001977,01042,06,4,20250316,135531,000000551021,1,11.99,11.99,0.00,0.75,S,,,USD,DB
70001977,01042,06,5,20250316,135531,000000005302,1,3.49,3.49,0.00,0.00,S,,,USD,DB
70001978,01042,04,1,20250316,140550,000004471023,2,3.49,6.98,0.00,0.44,S,,,USD,DB
70001978,01042,04,2,20250316,140550,000004472002,1,4.49,4.49,0.00,0.28,S,,,USD,DB
70001978,01042,04,3,20250316,140550,000004482003,2,5.49,10.98,0.00,0.69,S,,,USD,DB
70001979,01042,02,1,20250316,151355,000000005012,2,3.99,7.98,0.00,0.00,S,6049127113,,USD,DB
70001980,01042,01,1,20250316,132417,000004492001,1,1.79,1.79,0.00,0.11,S,6064921518,,USD,GC
70001980,01042,01,2,20250316,132417,000000005101,1,7.99,7.99,0.00,0.00,S,6064921518,,USD,GC
70001980,01042,01,3,20250316,132417,000000040203,1,11.99,11.99,0.00,0.00,S,6064921518,,USD,GC
70001980,01042,01,4,20250316,132417,000000093325,1.228,3.99,4.90,0.00,0.00,S,6064921518,,USD,GC
70001980,01042,01,5,20250316,132417,000000005201,1,3.99,3.99,0.00,0.00,S,6064921518,,USD,GC
70001980,01042,01,6,20250316,132417,000004491003,1,1.99,1.99,0.00,0.12,S,6064921518,,USD,GC
70001981,01042,01,1,20250316,134237,000000031102,1.279,19.99,25.57,0.00,0.00,S,,,USD,CC
70001982,01107,05,1,20250316,213022,000004492003,1,2.29,2.29,0.00,0.14,S,,,USD,GC
70001983,01107,04,1,20250316,215337,000000020102,2,3.49,6.98,0.00,0.00,S,,,USD,DB
70001984,01107,02,1,20250316,182301,000004492002,1,1.49,1.49,0.00,0.09,S,,,USD,CS
70001984,01107,02,2,20250316,182301,000000020202,2,5.99,11.98,5.99,0.00,S,,BG25W06,USD,CS
70001984,01107,02,3,20250316,182301,000000020102,2,3.49,6.98,0.00,0.00,S,,,USD,CS
70001984,01107,02,4,20250316,182301,000000040202,1,14.99,14.99,0.00,0.00,S,,,USD,CS
70001984,01107,02,5,20250316,182301,000000040201,1,8.99,8.99,0.00,0.00,S,,,USD,CS
70001985,01107,06,1,20250316,112320,000000005202,1,5.99,5.99,0.00,0.00,S,,,USD,CC
70001985,01107,06,2,20250316,112320,000004483001,1,4.99,4.99,0.00,0.31,S,,,USD,CC
70001985,01107,06,3,20250316,112320,000000552002,1,3.99,3.99,0.00,0.25,S,,,USD,CC
70001985,01107,06,4,20250316,112320,000000020103,1,4.99,4.99,0.00,0.00,S,,,USD,CC
70001986,01107,02,1,20250316,210127,000000040201,1,8.99,8.99,0.00,0.00,S,6049127113,,USD,CS
70001986,01107,02,2,20250316,210127,000000040101,1.036,18.99,19.67,0.00,0.00,S,6049127113,,USD,CS
70001987,02210,06,1,20250316,170829,000000005102,1,5.49,5.49,0.00,0.00,S,,,USD,CC
70001988,02210,05,1,20250316,104743,000000093402,0.414,3.29,1.36,0.00,0.00,S,6016781126,,USD,DB
70001989,02210,01,1,20250316,82225,000004471023,1,3.49,3.49,0.00,0.22,S,,,USD,DB
70001989,02210,01,2,20250316,82225,000000093502,3,3.99,11.97,0.00,0.00,S,,,USD,DB
70001990,02210,03,1,20250316,120819,000000094101,1,3.99,3.99,0.00,0.00,S,6076122868,,USD,GC
70001990,02210,03,2,20250316,120819,000000094201,0.798,1.69,1.35,0.00,0.00,S,6076122868,,USD,GC
70001990,02210,03,3,20250316,120819,000000552001,2,4.49,8.98,0.00,0.56,S,6076122868,,USD,GC
70001990,02210,03,4,20250316,120819,000004481002,1,7.99,7.99,0.00,0.50,S,6076122868,,USD,GC
70001990,02210,03,5,20250316,120819,000004493002,3,3.99,11.97,3.99,0.50,S,6076122868,BG25W06,USD,GC
70001991,02210,01,1,20250316,163447,000000005013,1,3.89,3.89,0.00,0.00,S,,,USD,CC
70001991,02210,01,2,20250316,163447,000000020101,2,2.49,4.98,0.00,0.00,S,,,USD,CC
70001991,02210,01,3,20250316,163447,000000030203,3,8.49,25.47,8.49,0.00,S,,MB25W07,USD,CC
70001992,02210,02,1,20250316,201639,000000005103,3,6.99,20.97,6.99,0.00,S,6017656360,MB25W07,USD,DB
70001992,02210,02,2,20250316,201639,000000030202,3,11.49,34.47,0.00,0.00,S,6017656360,,USD,DB
70001992,02210,02,3,20250316,201639,000000093402,1.764,3.29,5.80,0.00,0.00,S,6017656360,,USD,DB
70001992,02210,02,4,20250316,201639,000004481002,1,7.99,7.99,0.00,0.50,S,6017656360,,USD,DB
70001992,02210,02,5,20250316,201639,000004471030,1,3.99,3.99,0.00,0.25,S,6017656360,,USD,DB
70001993,02210,05,1,20250316,84944,000000552002,2,3.99,7.98,0.00,0.50,S,,,USD,DB
70001993,02210,05,2,20250316,84944,000004491001,2,2.49,4.98,0.00,0.31,S,,,USD,DB
70001993,02210,05,3,20250316,84944,000000005103,2,6.99,13.98,0.00,0.00,S,,,USD,DB
70001994,02211,03,1,20250316,92347,000000005013,1,3.89,3.89,0.00,0.00,S,6011223386,,USD,CS
70001994,02211,03,2,20250316,92347,000000020102,1,3.49,3.49,0.00,0.00,S,6011223386,,USD,CS
70001994,02211,03,3,20250316,92347,000000020102,1,3.49,3.49,0.00,0.00,S,6011223386,,USD,CS
70001995,02211,01,1,20250316,215219,000000005301,1,5.49,5.49,0.00,0.00,S,6057494902,,USD,CC
70001995,02211,01,2,20250316,215219,000000040201,1,8.99,8.99,0.00,0.00,S,6057494902,,USD,CC
70001995,02211,01,3,20250316,215219,000004493002,1,3.99,3.99,0.00,0.25,S,6057494902,,USD,CC
70001996,02211,05,1,20250316,160439,000000020202,1,5.99,5.99,0.00,0.00,S,,,USD,GC
70001996,02211,05,2,20250316,160439,000000005302,3,3.49,10.47,0.00,0.00,S,,,USD,GC
70001997,02211,02,1,20250316,95947,000000040201,1,8.99,8.99,0.00,0.00,S,,,USD,DB
70001998,02211,01,1,20250316,122839,000000005103,3,6.99,20.97,6.99,0.00,S,,MB25W07,USD,CC
70001998,02211,01,2,20250316,122839,000004482003,1,5.49,5.49,0.00,0.34,S,,,USD,CC
70001999,02305,01,1,20250316,174515,000000020103,1,4.99,4.99,0.00,0.00,S,,,USD,CC
70001999,02305,01,2,20250316,174515,000000093501,1,4.49,4.49,0.00,0.00,S,,,USD,CC
70001999,02305,01,3,20250316,174515,000000020101,1,2.49,2.49,0.00,0.00,S,,,USD,CC
70002000,02305,04,1,20250316,70432,000000030201,2,9.99,19.98,0.00,0.00,S,6020165423,,USD,DB
70002000,02305,04,2,20250316,70432,000000005302,2,3.49,6.98,0.00,0.00,S,6020165423,,USD,DB
70002000,02305,04,3,20250316,70432,000000562002,1,8.49,8.49,0.00,0.53,S,6020165423,,USD,DB
70002001,02305,03,1,20250316,81723,000000094202,0.746,1.99,1.48,0.00,0.00,S,,,USD,CC
70002001,02305,03,2,20250316,81723,000000020103,1,4.99,4.99,0.00,0.00,S,,,USD,CC
70002002,02305,03,1,20250316,152345,000000040101,2.145,18.99,40.73,0.00,0.00,S,6069556076,,USD,GC
70002002,02305,03,2,20250316,152345,000000093321,1.539,1.49,2.29,0.00,0.00,S,6069556076,,USD,GC
70002002,02305,03,3,20250316,152345,000000030203,3,8.49,25.47,8.49,0.00,S,6069556076,MB25W07,USD,GC
70002003,02305,02,1,20250316,81434,000004481002,2,7.99,15.98,0.00,1.00,S,,,USD,CC
70002004,02305,02,1,20250316,92633,000000005020,1,4.49,4.49,0.00,0.00,S,6084776863,,USD,CC
70002004,02305,02,2,20250316,92633,000004471024,2,3.49,6.98,0.00,0.44,S,6084776863,,USD,CC
70002004,02305,02,3,20250316,92633,000000005202,2,5.99,11.98,0.00,0.00,S,6084776863,,USD,CC
70002004,02305,02,4,20250316,92633,000004471030,2,3.99,7.98,0.00,0.50,S,6084776863,,USD,CC
70002004,02305,02,5,20250316,92633,000000093502,1,3.99,3.99,0.00,0.00,S,6084776863,,USD,CC
70002005,02305,06,1,20250316,192323,000004471040,1,2.49,2.49,0.00,0.16,S,6050344694,,USD,GC
70002005,02305,06,2,20250316,192323,000000093321,1.214,1.49,1.81,0.00,0.00,S,6050344694,,USD,GC
70002006,02305,06,1,20250316,193629,000000005103,1,6.99,6.99,0.00,0.00,S,6071136337,,USD,DB
70002006,02305,06,2,20250316,193629,000000040102,1.949,16.99,33.11,0.00,0.00,S,6071136337,,USD,DB
70002006,02305,06,3,20250316,193629,000000093502,1,3.99,3.99,0.00,0.00,S,6071136337,,USD,DB
70002007,02305,06,1,20250316,111934,000000093503,1,4.29,4.29,0.00,0.00,S,6072426423,,USD,DB
70002007,02305,06,2,20250316,111934,000000005202,1,5.99,5.99,0.00,0.00,S,6072426423,,USD,DB
70002008,02305,02,1,20250316,215442,000004482002,1,17.99,17.99,0.00,1.12,S,,,USD,DB
70002008,02305,02,2,20250316,215442,000004471040,1,2.49,2.49,0.00,0.16,S,,,USD,DB
70002008,02305,02,3,20250316,215442,000000093402,2.007,3.29,6.60,0.00,0.00,S,,,USD,DB
70002008,02305,02,4,20250316,215442,000000005301,1,5.49,5.49,0.00,0.00,S,,,USD,DB
70002008,02305,02,5,20250316,215442,000000093321,0.732,1.49,1.09,0.00,0.00,S,,,USD,DB
70002009,02305,04,1,20250316,123748,000000093410,1.957,3.99,7.81,0.00,0.00,S,,,USD,DB
70002009,02305,04,2,20250316,123748,000000005202,1,5.99,5.99,0.00,0.00,S,,,USD,DB
70002009,02305,04,3,20250316,123748,000000040201,1,8.99,8.99,0.00,0.00,S,,,USD,DB
70002009,02305,04,4,20250316,123748,000004492001,1,1.79,1.79,0.00,0.11,S,,,USD,DB
70002009,02305,04,5,20250316,123748,000000030101,1,6.99,6.99,0.00,0.00,S,,,USD,DB
70002010,02305,05,1,20250316,115615,000000005020,1,4.49,4.49,0.00,0.00,S,6072513552,,USD,CC
70002010,02305,05,2,20250316,115615,000004482002,1,17.99,17.99,0.00,1.12,S,6072513552,,USD,CC
70002010,02305,05,3,20250316,115615,000000040201,2,8.99,17.98,0.00,0.00,S,6072513552,,USD,CC
70002010,02305,05,4,20250316,115615,000000005102,1,5.49,5.49,0.00,0.00,S,6072513552,,USD,CC
70002010,02305,05,5,20250316,115615,000000561001,1,9.99,9.99,0.00,0.62,S,6072513552,,USD,CC
70002011,03050,06,1,20250316,102218,000000030203,3,8.49,25.47,8.49,0.00,S,,MB25W07,USD,DB
70002011,03050,06,2,20250316,102218,000000094203,1.629,1.49,2.43,0.00,0.00,S,,,USD,DB
70002011,03050,06,3,20250316,102218,000004481003,1,4.99,4.99,0.00,0.31,S,,,USD,DB
70002012,03050,06,1,20250316,84510,000000005301,1,5.49,5.49,0.00,0.00,S,,,USD,CS
70002013,03050,05,1,20250316,153604,000004471030,1,3.99,3.99,0.00,0.25,S,6082661287,,USD,GC
70002013,03050,05,2,20250316,153604,000004491003,1,1.99,1.99,0.00,0.12,S,6082661287,,USD,GC
70002014,03050,06,1,20250316,140101,000000094101,1,3.99,3.99,0.00,0.00,S,6038105955,,USD,CC
70002014,03050,06,2,20250316,140101,000000094301,1.884,4.39,8.27,0.00,0.00,S,6038105955,,USD,CC
70002014,03050,06,3,20250316,140101,000000094203,0.293,1.49,0.44,0.00,0.00,S,6038105955,,USD,CC
70002014,03050,06,4,20250316,140101,000000020202,2,5.99,11.98,5.99,0.00,S,6038105955,BG25W06,USD,CC
70002014,03050,06,5,20250316,140101,000004472002,3,4.49,13.47,0.00,0.84,S,6038105955,,USD,CC
70002015,03050,05,1,20250316,82205,000000030202,1,11.49,11.49,0.00,0.00,S,,,USD,CS
70002015,03050,05,2,20250316,82205,000000020103,1,4.99,4.99,0.00,0.00,S,,,USD,CS
70002016,03050,02,1,20250316,95733,000000005020,1,4.49,4.49,0.00,0.00,S,,,USD,DB
70002016,03050,02,2,20250316,95733,000000030201,1,9.99,9.99,0.00,0.00,S,,,USD,DB
70002016,03050,02,3,20250316,95733,000004472003,1,3.29,3.29,0.00,0.21,S,,,USD,DB
70002017,03050,06,1,20250316,74552,000000040201,1,8.99,8.99,0.00,0.00,S,,,USD,CC
70002017,03050,06,2,20250316,74552,000004491001,1,2.49,2.49,0.00,0.16,S,,,USD,CC
70002017,03050,06,3,20250316,74552,000004482003,1,5.49,5.49,0.00,0.34,S,,,USD,CC
70002017,03050,06,4,20250316,74552,000004491001,1,2.49,2.49,0.00,0.16,S,,,USD,CC
70002017,03050,06,5,20250316,74552,000004493002,1,3.99,3.99,0.00,0.25,S,,,USD,CC
70002017,03050,06,6,20250316,74552,000004492002,2,1.49,2.98,0.00,0.19,S,,,USD,CC
70002018,00317,04,1,20250316,172715,000004472001,1,5.39,5.39,0.00,0.34,S,6089623091,,CAD,DB
70002018,00317,04,2,20250316,172715,000000040101,2.160,25.79,55.71,0.00,0.00,S,6089623091,,CAD,DB
70002019,00317,05,1,20250316,163516,000004492003,1,3.09,3.09,0.00,0.19,S,6038736704,,CAD,DB
70002020,00317,04,1,20250316,205920,000000040101,1.974,25.79,50.91,0.00,0.00,S,6022068155,,CAD,DB
70002021,00317,01,1,20250316,151236,000000020101,1,3.39,3.39,0.00,0.00,S,,,CAD,DB
70002022,00317,06,1,20250316,202918,000004472001,1,5.39,5.39,0.00,0.34,R,6034255638,,CAD,DB
70002023,00317,06,1,20250316,180355,000000552002,1,5.39,5.39,0.00,0.34,S,6005800851,,CAD,DB
70002023,00317,06,2,20250316,180355,000000552002,3,5.39,16.17,5.39,0.67,S,6005800851,MB25W07,CAD,DB
70002023,00317,06,3,20250316,180355,000000020101,1,3.39,3.39,0.00,0.00,S,6005800851,,CAD,DB
70002023,00317,06,4,20250316,180355,000000005013,1,5.29,5.29,0.00,0.00,S,6005800851,,CAD,DB
70002023,00317,06,5,20250316,180355,000000005103,3,9.49,28.47,9.49,0.00,S,6005800851,MB25W07,CAD,DB
70002023,00317,06,6,20250316,180355,000000005102,2,7.49,14.98,0.00,0.00,S,6005800851,,CAD,DB
70002024,00317,04,1,20250316,163831,000000094103,1,5.19,5.19,0.00,0.00,S,6013305319,,CAD,CS
70002024,00317,04,2,20250316,163831,000000094101,1,5.39,5.39,0.00,0.00,S,6013305319,,CAD,CS
70002025,00317,02,1,20250316,181350,000000020201,3,7.49,22.47,0.00,0.00,S,,,CAD,CS
70002025,00317,02,2,20250316,181350,000000020101,1,3.39,3.39,0.00,0.00,S,,,CAD,CS
70002026,01042,04,1,20250317,182455,000000561002,1,7.49,7.49,0.00,0.47,S,6065469681,,USD,DB
70002026,01042,04,2,20250317,182455,000004471030,3,3.99,11.97,0.00,0.75,S,6065469681,,USD,DB
70002027,01042,01,1,20250317,145919,000000562002,2,8.49,16.98,0.00,1.06,S,,,USD,DB
70002027,01042,01,2,20250317,145919,000004482001,1,13.99,13.99,0.00,0.87,S,,,USD,DB
70002027,01042,01,3,20250317,145919,000000040202,2,14.99,29.98,0.00,0.00,S,,,USD,DB
70002027,01042,01,4,20250317,145919,000004472001,1,3.99,3.99,0.00,0.25,S,,,USD,DB
70002027,01042,01,5,20250317,145919,000004471023,2,3.49,6.98,0.00,0.44,S,,,USD,DB
70002028,01042,05,1,20250317,142039,000000094201,1.922,1.69,3.25,0.00,0.00,S,6010414596,,USD,DB
70002028,01042,05,2,20250317,142039,000004473003,1,3.49,3.49,0.00,0.22,S,6010414596,,USD,DB
70002029,01042,01,1,20250317,111458,000004483001,1,4.99,4.99,0.00,0.31,S,,,USD,DB
70002029,01042,01,2,20250317,111458,000004481002,1,7.99,7.99,0.00,0.50,S,,,USD,DB
70002029,01042,01,3,20250317,111458,000000030101,1,6.99,6.99,0.00,0.00,S,,,USD,DB
70002030,01042,04,1,20250317,211536,000000030103,1,8.99,8.99,0.00,0.00,S,,,USD,GC
70002030,01042,04,2,20250317,211536,000000094302,1.839,5.49,10.10,0.00,0.00,S,,,USD,GC
70002030,01042,04,3,20250317,211536,000000030203,3,8.49,25.47,8.49,0.00,S,,MB25W07,USD,GC
70002030,01042,04,4,20250317,211536,000000093325,2.190,3.99,8.74,0.00,0.00,S,,,USD,GC
70002031,01042,03,1,20250317,193147,000000005302,3,3.49,10.47,0.00,0.00,S,,,USD,DB
70002031,01042,03,2,20250317,193147,000000020103,1,4.99,4.99,0.00,0.00,S,,,USD,DB
70002031,01042,03,3,20250317,193147,000000020101,2,2.49,4.98,0.00,0.00,S,,,USD,DB
70002031,01042,03,4,20250317,193147,000000094301,1.647,4.39,7.23,0.00,0.00,S,,,USD,DB
70002032,01042,06,1,20250317,75449,000004482002,1,17.99,17.99,0.00,1.12,S,6024938430,,USD,CC
70002033,01042,03,1,20250317,192735,000000005020,1,4.49,4.49,0.00,0.00,S,,,USD,CS
70002034,01107,01,1,20250317,215916,000000561001,1,9.99,9.99,0.00,0.62,S,,,USD,GC
70002034,01107,01,2,20250317,215916,000004483002,1,3.49,3.49,0.00,0.22,S,,,USD,GC
70002034,01107,01,3,20250317,215916,000000005103,3,6.99,20.97,6.99,0.00,S,,MB25W07,USD,GC
70002034,01107,01,4,20250317,215916,000004492001,2,1.79,3.58,0.00,0.22,S,,,USD,GC
70002034,01107,01,5,20250317,215916,000000005202,1,5.99,5.99,0.00,0.00,S,,,USD,GC
70002035,01107,06,1,20250317,75815,000004473001,1,2.99,2.99,0.00,0.19,S,,,USD,CS
70002035,01107,06,2,20250317,75815,000000561002,1,7.49,7.49,0.00,0.47,S,,,USD,CS
70002036,01107,01,1,20250317,153029,000004473001,1,2.99,2.99,0.00,0.19,S,,,USD,CC
70002037,01107,05,1,20250317,174442,000000040203,3,11.99,35.97,0.00,0.00,S,,,USD,DB
70002037,01107,05,2,20250317,174442,000000020202,1,5.99,5.99,0.00,0.00,S,,,USD,DB
70002038,01107,01,1,20250317,100841,000000093503,1,4.29,4.29,0.00,0.00,S,,,USD,CC
70002038,01107,01,2,20250317,100841,000000020101,3,2.49,7.47,0.00,0.00,S,,,USD,CC
70002038,01107,01,3,20250317,100841,000000094103,3,3.79,11.37,0.00,0.00,S,,,USD,CC
70002039,01107,05,1,20250317,104936,000004472001,1,3.99,3.99,0.00,0.25,S,6070027206,,USD,CS
70002039,01107,05,2,20250317,104936,000000094202,1.926,1.99,3.83,0.00,0.00,S,6070027206,,USD,CS
70002039,01107,05,3,20250317,104936,000000005103,3,6.99,20.97,6.99,0.00,S,6070027206,MB25W07,USD,CS
70002039,01107,05,4,20250317,104936,000000093325,2.130,3.99,8.50,0.00,0.00,S,6070027206,,USD,CS
70002040,02210,04,1,20250317,205016,000000005302,2,3.49,6.98,0.00,0.00,S,,,USD,CC
70002040,02210,04,2,20250317,205016,000000030103,1,8.99,8.99,0.00,0.00,S,,,USD,CC
70002041,02210,01,1,20250317,104807,000000020202,2,5.99,11.98,5.99,0.00,S,6060229394,BG25W06,USD,DB
70002041,02210,01,2,20250317,104807,000000093501,1,4.49,4.49,0.00,0.00,S,6060229394,,USD,DB
70002041,02210,01,3,20250317,104807,000000094102,2,3.49,6.98,0.00,0.00,S,6060229394,,USD,DB
70002041,02210,01,4,20250317,104807,000000030201,3,9.99,29.97,0.00,0.00,S,6060229394,,USD,DB
70002041,02210,01,5,20250317,104807,000000040101,0.779,18.99,14.79,0.00,0.00,S,6060229394,,USD,DB
70002042,02210,02,1,20250317,82718,000004472001,1,3.99,3.99,0.00,0.25,S,6071617688,,USD,CC
70002042,02210,02,2,20250317,82718,000000005013,1,3.89,3.89,0.00,0.00,S,6071617688,,USD,CC
70002042,02210,02,3,20250317,82718,000000561002,1,7.49,7.49,0.00,0.47,S,6071617688,,USD,CC
70002043,02210,04,1,20250317,151927,000004492002,1,1.49,1.49,0.00,0.09,S,,,USD,CC
70002043,02210,04,2,20250317,151927,000004472003,1,3.29,3.29,0.00,0.21,S,,,USD,CC
70002043,02210,04,3,20250317,151927,000000030203,3,8.49,25.47,8.49,0.00,S,,MB25W07,USD,CC
70002043,02210,04,4,20250317,151927,000004481002,1,7.99,7.99,0.00,0.50,S,,,USD,CC
70002044,02210,03,1,20250317,193720,000004471040,1,2.49,2.49,0.00,0.16,S,,,USD,CC
70002045,02210,03,1,20250317,213624,000000020101,1,2.49,2.49,0.00,0.00,S,6078515867,,USD,GC
70002045,02210,03,2,20250317,213624,000000005020,1,4.49,4.49,0.00,0.00,S,6078515867,,USD,GC
70002046,02211,04,1,20250317,102444,000000005012,1,3.99,3.99,0.00,0.00,S,,,USD,GC
70002046,02211,04,2,20250317,102444,000000040101,0.263,18.99,4.99,0.00,0.00,S,,,USD,GC
70002046,02211,04,3,20250317,102444,000000040202,2,14.99,29.98,0.00,0.00,S,,,USD,GC
70002046,02211,04,4,20250317,102444,000004482002,2,17.99,35.98,0.00,2.25,S,,,USD,GC
70002046,02211,04,5,20250317,102444,000000093402,2.153,3.29,7.08,0.00,0.00,S,,,USD,GC
70002047,02305,06,1,20250317,172137,000000030203,1,8.49,8.49,0.00,0.00,S,,,USD,CC
70002047,02305,06,2,20250317,172137,000004482003,1,5.49,5.49,0.00,0.34,S,,,USD,CC
70002047,02305,06,3,20250317,172137,000004473001,1,2.99,2.99,0.00,0.19,S,,,USD,CC
70002048,02305,02,1,20250317,93647,000000094301,1.242,4.39,5.45,0.00,0.00,S,6039240758,,USD,DB
70002048,02305,02,2,20250317,93647,000000094301,1.242,4.39,5.45,0.00,0.00,V,6039240758,,USD,DB
70002049,02305,01,1,20250317,93255,000000005020,1,4.49,4.49,0.00,0.00,S,,,USD,DB
70002050,02305,01,1,20250317,163705,000004473001,2,2.99,5.98,0.00,0.37,S,6025652704,,USD,GC
70002050,02305,01,2,20250317,163705,000000020202,2,5.99,11.98,5.99,0.00,S,6025652704,BG25W06,USD,GC
70002050,02305,01,3,20250317,163705,000004471030,1,3.99,3.99,0.00,0.25,S,6025652704,,USD,GC
70002050,02305,01,4,20250317,163705,000000005103,3,6.99,20.97,6.99,0.00,S,6025652704,MB25W07,USD,GC
70002050,02305,01,5,20250317,163705,000000093501,1,4.49,4.49,0.00,0.00,S,6025652704,,USD,GC
70002051,02305,03,1,20250317,144914,000000093321,1.867,1.49,2.78,0.00,0.00,S,,,USD,DB
70002051,02305,03,2,20250317,144914,000000030102,1,14.99,14.99,0.00,0.00,S,,,USD,DB
70002051,02305,03,3,20250317,144914,000004471023,2,3.49,6.98,0.00,0.44,S,,,USD,DB
70002051,02305,03,4,20250317,144914,000000551021,1,11.99,11.99,0.00,0.75,S,,,USD,DB
70002051,02305,03,5,20250317,144914,000004471024,1,3.49,3.49,0.00,0.22,S,,,USD,DB
70002052,02305,02,1,20250317,120047,000004492001,1,1.79,1.79,0.00,0.11,S,,,USD,DB
70002052,02305,02,2,20250317,120047,000000031102,0.994,19.99,19.87,0.00,0.00,S,,,USD,DB
70002053,02305,04,1,20250317,183406,000004471040,1,2.49,2.49,0.00,0.16,S,,,USD,DB
70002053,02305,04,2,20250317,183406,000000005012,1,3.99,3.99,0.00,0.00,S,,,USD,DB
70002054,02305,01,1,20250317,85951,000000005013,1,3.89,3.89,0.00,0.00,S,6037513765,,USD,CS
70002054,02305,01,2,20250317,85951,000000020202,2,5.99,11.98,5.99,0.00,S,6037513765,BG25W06,USD,CS
70002054,02305,01,3,20250317,85951,000000030203,1,8.49,8.49,0.00,0.00,S,6037513765,,USD,CS
70002055,02305,04,1,20250317,210142,000000020102,1,3.49,3.49,0.00,0.00,S,,,USD,DB
70002055,02305,04,2,20250317,210142,000000093402,1.168,3.29,3.84,0.00,0.00,S,,,USD,DB
70002055,02305,04,3,20250317,210142,000000040201,3,8.99,26.97,0.00,0.00,S,,,USD,DB
70002055,02305,04,4,20250317,210142,000000552002,1,3.99,3.99,0.00,0.25,S,,,USD,DB
70002055,02305,04,5,20250317,210142,000000094301,1.417,4.39,6.22,0.00,0.00,S,,,USD,DB
70002056,03050,02,1,20250317,115252,000000020103,1,4.99,4.99,0.00,0.00,S,,,USD,DB
70002056,03050,02,2,20250317,115252,000000093321,1.020,1.49,1.52,0.00,0.00,S,,,USD,DB
70002056,03050,02,3,20250317,115252,000000005201,3,3.99,11.97,0.00,0.00,S,,,USD,DB
70002057,03050,01,1,20250317,194350,000000040202,1,14.99,14.99,0.00,0.00,S,,,USD,CC
70002057,03050,01,2,20250317,194350,000000094103,1,3.79,3.79,0.00,0.00,S,,,USD,CC
70002057,03050,01,3,20250317,194350,000000552001,1,4.49,4.49,0.00,0.28,S,,,USD,CC
70002058,03050,02,1,20250317,190640,000000552001,1,4.49,4.49,0.00,0.28,S,,,USD,CS
70002058,03050,02,2,20250317,190640,000000020201,1,5.49,5.49,0.00,0.00,S,,,USD,CS
70002059,03050,06,1,20250317,85912,000000561002,3,7.49,22.47,0.00,1.40,S,,,USD,CS
70002059,03050,06,2,20250317,85912,000000005012,2,3.99,7.98,0.00,0.00,S,,,USD,CS
70002060,03050,04,1,20250317,155206,000000040102,1.790,16.99,30.41,0.00,0.00,S,,,USD,CC
70002060,03050,04,2,20250317,155206,000004482001,1,13.99,13.99,0.00,0.87,S,,,USD,CC
70002061,03050,01,1,20250317,164316,000000561001,1,9.99,9.99,0.00,0.62,S,6071175957,,USD,GC
70002061,03050,01,2,20250317,164316,000004481002,1,7.99,7.99,0.00,0.50,S,6071175957,,USD,GC
70002061,03050,01,3,20250317,164316,000000093502,2,3.99,7.98,0.00,0.00,S,6071175957,,USD,GC
70002061,03050,01,4,20250317,164316,000000094302,0.999,5.49,5.48,0.00,0.00,S,6071175957,,USD,GC
70002061,03050,01,5,20250317,164316,000004471030,2,3.99,7.98,0.00,0.50,S,6071175957,,USD,GC
70002062,03050,02,1,20250317,92137,000000005101,1,7.99,7.99,0.00,0.00,S,,,USD,DB
70002062,03050,02,2,20250317,92137,000004471023,1,3.49,3.49,0.00,0.22,S,,,USD,DB
70002062,03050,02,3,20250317,92137,000000020102,1,3.49,3.49,0.00,0.00,S,,,USD,DB
70002063,03050,03,1,20250317,92703,000000005102,1,5.49,5.49,0.00,0.00,S,,,USD,CC
70002063,03050,03,2,20250317,92703,000000030201,1,9.99,9.99,0.00,0.00,S,,,USD,CC
70002063,03050,03,3,20250317,92703,000000020103,1,4.99,4.99,0.00,0.00,S,,,USD,CC
70002064,03050,04,1,20250317,190905,000004493001,1,5.49,5.49,0.00,0.34,S,,,USD,DB
70002064,03050,04,2,20250317,190905,000000094202,1.281,1.99,2.55,0.00,0.00,S,,,USD,DB
70002064,03050,04,3,20250317,190905,000000020101,2,2.49,4.98,0.00,0.00,S,,,USD,DB
70002064,03050,04,4,20250317,190905,000000030101,1,6.99,6.99,0.00,0.00,S,,,USD,DB
70002065,03050,04,1,20250317,182411,000000094203,0.326,1.49,0.49,0.00,0.00,S,,,USD,DB
70002065,03050,04,2,20250317,182411,000000005301,1,5.49,5.49,0.00,0.00,S,,,USD,DB
70002066,00317,05,1,20250317,83319,000000562001,2,14.89,29.78,0.00,1.86,S,,,CAD,DB
70002066,00317,05,2,20250317,83319,000000005202,1,8.09,8.09,0.00,0.00,S,,,CAD,DB
70002066,00317,05,3,20250317,83319,000000005301,1,7.49,7.49,0.00,0.00,S,,,CAD,DB
70002066,00317,05,4,20250317,83319,000000020203,1,8.79,8.79,0.00,0.00,S,,,CAD,DB
70002066,00317,05,5,20250317,83319,000000551020,1,18.99,18.99,0.00,1.19,S,,,CAD,DB
70002066,00317,05,6,20250317,83319,000000094302,1.131,7.49,8.47,0.00,0.00,S,,,CAD,DB
70002067,00317,01,1,20250317,74728,000000030203,3,11.49,34.47,11.49,0.00,S,6069666309,MB25W07,CAD,DB
70002067,00317,01,2,20250317,74728,000004482003,1,7.49,7.49,0.00,0.47,S,6069666309,,CAD,DB
70002067,00317,01,3,20250317,74728,000000094202,0.305,2.69,0.82,0.00,0.00,S,6069666309,,CAD,DB
70002068,00317,01,1,20250317,80425,000000030203,1,11.49,11.49,0.00,0.00,S,,,CAD,DB
70002068,00317,01,2,20250317,80425,000000094201,2.000,2.29,4.58,0.00,0.00,S,,,CAD,DB
70002068,00317,01,3,20250317,80425,000004492003,1,3.09,3.09,0.00,0.19,S,,,CAD,DB
70002068,00317,01,4,20250317,80425,000000094103,1,5.19,5.19,0.00,0.00,S,,,CAD,DB
70002069,00317,01,1,20250317,152904,000000005102,1,7.49,7.49,0.00,0.00,S,,,CAD,DB
70002069,00317,01,2,20250317,152904,000000040201,2,12.19,24.38,0.00,0.00,S,,,CAD,DB
70002070,00317,03,1,20250317,172618,000004472002,2,6.09,12.18,0.00,0.76,S,,,CAD,CS
70002070,00317,03,2,20250317,172618,000000561001,1,13.59,13.59,0.00,0.85,S,,,CAD,CS
70002070,00317,03,3,20250317,172618,000000005012,3,5.39,16.17,0.00,0.00,S,,,CAD,CS
70002071,00317,01,1,20250317,152357,000004492002,2,1.99,3.98,0.00,0.25,S,,,CAD,DB
70002072,00317,02,1,20250317,92325,000000005103,3,9.49,28.47,9.49,0.00,S,,MB25W07,CAD,GC
70002073,00317,02,1,20250317,142923,000004483002,1,4.69,4.69,0.00,0.29,S,,,CAD,CC
70002073,00317,02,2,20250317,142923,000004482001,1,18.99,18.99,0.00,1.19,S,,,CAD,CC
70002073,00317,02,3,20250317,142923,000000094203,1.833,1.99,3.65,0.00,0.00,S,,,CAD,CC
70002073,00317,02,4,20250317,142923,000000005202,1,8.09,8.09,0.00,0.00,S,,,CAD,CC
70002074,00317,03,1,20250317,202059,000000552002,3,5.39,16.17,5.39,0.67,S,6041176741,MB25W07,CAD,GC
70002074,00317,03,2,20250317,202059,000004493001,1,7.49,7.49,0.00,0.47,S,6041176741,,CAD,GC
70002075,00317,04,1,20250317,201956,000000020201,2,7.49,14.98,0.00,0.00,S,,,CAD,CC
70002075,00317,04,2,20250317,201956,000000020102,1,4.69,4.69,0.00,0.00,S,,,CAD,CC
70002075,00317,04,3,20250317,201956,000000030101,1,9.49,9.49,0.00,0.00,S,,,CAD,CC
70002076,00317,04,1,20250317,142138,000004492050,1,2.99,2.99,0.00,0.19,S,,,CAD,GC
70002076,00317,04,2,20250317,142138,000000094201,0.951,2.29,2.18,0.00,0.00,S,,,CAD,GC
70002077,00317,04,1,20250317,104929,000004483002,2,4.69,9.38,0.00,0.59,S,,,CAD,DB
70002077,00317,04,2,20250317,104929,000000005301,3,7.49,22.47,0.00,0.00,S,,,CAD,DB
70002077,00317,04,3,20250317,104929,000000561002,2,10.19,20.38,0.00,1.27,S,,,CAD,DB
70002077,00317,04,4,20250317,104929,000004493001,1,7.49,7.49,0.00,0.47,S,,,CAD,DB
70002078,00317,04,1,20250317,204624,000000005201,1,5.39,5.39,0.00,0.00,S,,,CAD,DB
70002078,00317,04,2,20250317,204624,000004491003,2,2.69,5.38,0.00,0.34,S,,,CAD,DB
70002078,00317,04,3,20250317,204624,000000093325,1.586,5.39,8.55,0.00,0.00,S,,,CAD,DB
70002078,00317,04,4,20250317,204624,000004481001,1,10.89,10.89,0.00,0.68,S,,,CAD,DB
70002079,01042,04,1,20250318,151601,000000093502,1,3.99,3.99,0.00,0.00,S,6030468750,,USD,CC
70002079,01042,04,2,20250318,151601,000000030202,1,11.49,11.49,0.00,0.00,S,6030468750,,USD,CC
70002079,01042,04,3,20250318,151601,000000005020,1,4.49,4.49,0.00,0.00,S,6030468750,,USD,CC
70002080,01042,06,1,20250318,181354,000000040201,1,8.99,8.99,0.00,0.00,S,6028463920,,USD,DB
70002080,01042,06,2,20250318,181354,000000005102,1,5.49,5.49,0.00,0.00,S,6028463920,,USD,DB
70002080,01042,06,3,20250318,181354,000000005012,1,3.99,3.99,0.00,0.00,S,6028463920,,USD,DB
70002080,01042,06,4,20250318,181354,000000093322,1.955,1.99,3.89,0.00,0.00,S,6028463920,,USD,DB
70002081,01042,04,1,20250318,191922,000000093402,0.901,3.29,2.96,0.00,0.00,S,,,USD,CC
70002082,01042,05,1,20250318,74913,000000005201,1,3.99,3.99,0.00,0.00,S,,,USD,CC
70002082,01042,05,2,20250318,74913,000000093402,2.185,3.29,7.19,0.00,0.00,S,,,USD,CC
70002082,01042,05,3,20250318,74913,000000005102,1,5.49,5.49,0.00,0.00,S,,,USD,CC
70002082,01042,05,4,20250318,74913,000000020103,1,4.99,4.99,0.00,0.00,S,,,USD,CC
70002082,01042,05,5,20250318,74913,000000551020,1,13.99,13.99,0.00,0.87,S,,,USD,CC
70002083,01042,04,1,20250318,114027,000000040102,1.823,16.99,30.97,0.00,0.00,S,,,USD,CS
70002083,01042,04,2,20250318,114027,000000093402,0.653,3.29,2.15,0.00,0.00,S,,,USD,CS
70002083,01042,04,3,20250318,114027,000000552002,1,3.99,3.99,0.00,0.25,S,,,USD,CS
70002083,01042,04,4,20250318,114027,000004491003,1,1.99,1.99,0.00,0.12,S,,,USD,CS
70002083,01042,04,5,20250318,114027,000004481002,1,7.99,7.99,0.00,0.50,S,,,USD,CS
70002083,01042,04,6,20250318,114027,000000020102,1,3.49,3.49,0.00,0.00,S,,,USD,CS
70002084,01042,05,1,20250318,72050,000000030203,1,8.49,8.49,0.00,0.00,S,,,USD,DB
70002084,01042,05,2,20250318,72050,000000040102,0.756,16.99,12.84,0.00,0.00,S,,,USD,DB
70002084,01042,05,3,20250318,72050,000000093501,1,4.49,4.49,0.00,0.00,S,,,USD,DB
70002084,01042,05,4,20250318,72050,000000005202,1,5.99,5.99,0.00,0.00,S,,,USD,DB
70002084,01042,05,5,20250318,72050,000000005103,1,6.99,6.99,0.00,0.00,S,,,USD,DB
70002085,01107,03,1,20250318,94330,000004473002,1,2.79,2.79,0.00,0.17,S,6090833509,,USD,GC
70002085,01107,03,2,20250318,94330,000000093321,0.768,1.49,1.14,0.00,0.00,S,6090833509,,USD,GC
70002085,01107,03,3,20250318,94330,000000561002,1,7.49,7.49,0.00,0.47,S,6090833509,,USD,GC
70002086,01107,01,1,20250318,135333,000004481001,1,7.99,7.99,0.00,0.50,S,,,USD,CC
70002086,01107,01,2,20250318,135333,000004471040,1,2.49,2.49,0.00,0.16,S,,,USD,CC
70002086,01107,01,3,20250318,135333,000000093410,1.528,3.99,6.10,0.00,0.00,S,,,USD,CC
70002086,01107,01,4,20250318,135333,000000020102,1,3.49,3.49,0.00,0.00,S,,,USD,CC
70002087,01107,03,1,20250318,111715,000004482003,1,5.49,5.49,0.00,0.34,S,,,USD,CS
70002087,01107,03,2,20250318,111715,000000020101,1,2.49,2.49,0.00,0.00,S,,,USD,CS
70002087,01107,03,3,20250318,111715,000004493002,2,3.99,7.98,3.99,0.25,S,,BG25W06,USD,CS
70002087,01107,03,4,20250318,111715,000004493002,1,3.99,3.99,0.00,0.25,S,,,USD,CS
70002088,01107,02,1,20250318,110019,000000562001,1,10.99,10.99,0.00,0.69,S,6080741209,,USD,GC
70002089,02210,02,1,20250318,203237,000000093325,0.587,3.99,2.34,0.00,0.00,R,,,USD,DB
70002090,02210,05,1,20250318,105123,000000093503,1,4.29,4.29,0.00,0.00,S,,,USD,DB
70002090,02210,05,2,20250318,105123,000000005013,1,3.89,3.89,0.00,0.00,S,,,USD,DB
70002091,02210,04,1,20250318,83315,000000030102,1,14.99,14.99,0.00,0.00,S,6093143866,,USD,DB
70002091,02210,04,2,20250318,83315,000000040101,0.978,18.99,18.57,0.00,0.00,S,6093143866,,USD,DB
70002091,02210,04,3,20250318,83315,000000040101,1.721,18.99,32.68,0.00,0.00,S,6093143866,,USD,DB
70002091,02210,04,4,20250318,83315,000004491002,1,6.99,6.99,0.00,0.44,S,6093143866,,USD,DB
70002091,02210,04,5,20250318,83315,000000561002,1,7.49,7.49,0.00,0.47,S,6093143866,,USD,DB
70002091,02210,04,6,20250318,83315,000004491002,3,6.99,20.97,0.00,1.31,S,6093143866,,USD,DB
70002092,02210,05,1,20250318,115102,000000005013,1,3.89,3.89,0.00,0.00,S,,,USD,DB
70002092,02210,05,2,20250318,115102,000000005012,1,3.99,3.99,0.00,0.00,S,,,USD,DB
70002092,02210,05,3,20250318,115102,000000030201,1,9.99,9.99,0.00,0.00,S,,,USD,DB
70002092,02210,05,4,20250318,115102,000000552002,1,3.99,3.99,0.00,0.25,S,,,USD,DB
70002092,02210,05,5,20250318,115102,000000552002,1,3.99,3.99,0.00,0.25,V,,,USD,DB
70002093,02210,06,1,20250318,194040,000000020203,1,6.49,6.49,0.00,0.00,S,,,USD,DB
70002093,02210,06,2,20250318,194040,000004493002,1,3.99,3.99,0.00,0.25,S,,,USD,DB
70002094,02210,05,1,20250318,140858,000000031102,2.071,19.99,41.40,0.00,0.00,S,,,USD,CC
70002094,02210,05,2,20250318,140858,000004493002,2,3.99,7.98,3.99,0.25,S,,BG25W06,USD,CC
70002095,02210,03,1,20250318,120908,000000020101,1,2.49,2.49,0.00,0.00,S,,,USD,GC
70002096,02210,06,1,20250318,193511,000000020202,1,5.99,5.99,0.00,0.00,S,6075243728,,USD,DB
70002096,02210,06,2,20250318,193511,000000030201,1,9.99,9.99,0.00,0.00,S,6075243728,,USD,DB
70002096,02210,06,3,20250318,193511,000000005101,1,7.99,7.99,0.00,0.00,S,6075243728,,USD,DB
70002097,02210,06,1,20250318,154722,000004491001,1,2.49,2.49,0.00,0.16,S,6000687616,,USD,DB
70002097,02210,06,2,20250318,154722,000000005013,2,3.89,7.78,0.00,0.00,S,6000687616,,USD,DB
70002097,02210,06,3,20250318,154722,000000094201,2.081,1.69,3.52,0.00,0.00,S,6000687616,,USD,DB
70002097,02210,06,4,20250318,154722,000000093410,1.536,3.99,6.13,0.00,0.00,S,6000687616,,USD,DB
70002098,02210,01,1,20250318,121134,000000005013,1,3.89,3.89,0.00,0.00,S,,,USD,GC
70002098,02210,01,2,20250318,121134,000000093503,1,4.29,4.29,0.00,0.00,S,,,USD,GC
70002098,02210,01,3,20250318,121134,000000552001,1,4.49,4.49,0.00,0.28,S,,,USD,GC
70002099,02211,02,1,20250318,171118,000004492003,1,2.29,2.29,0.00,0.14,S,,,USD,CC
70002099,02211,02,2,20250318,171118,000000005020,3,4.49,13.47,0.00,0.00,S,,,USD,CC
70002099,02211,02,3,20250318,171118,000004471040,1,2.49,2.49,0.00,0.16,S,,,USD,CC
70002099,02211,02,4,20250318,171118,000000020202,2,5.99,11.98,5.99,0.00,S,,BG25W06,USD,CC
70002100,02211,06,1,20250318,114308,000000005202,1,5.99,5.99,0.00,0.00,S,,,USD,CC
70002100,02211,06,2,20250318,114308,000004482003,1,5.49,5.49,0.00,0.34,S,,,USD,CC
70002100,02211,06,3,20250318,114308,000000020101,1,2.49,2.49,0.00,0.00,S,,,USD,CC
70002100,02211,06,4,20250318,114308,000000020201,1,5.49,5.49,0.00,0.00,S,,,USD,CC
70002101,02211,03,1,20250318,172458,000000040202,1,14.99,14.99,0.00,0.00,S,,,USD,CC
70002101,02211,03,2,20250318,172458,000004472003,1,3.29,3.29,0.00,0.21,S,,,USD,CC
70002101,02211,03,3,20250318,172458,000000005012,1,3.99,3.99,0.00,0.00,S,,,USD,CC
70002101,02211,03,4,20250318,172458,000000020101,1,2.49,2.49,0.00,0.00,S,,,USD,CC
70002101,02211,03,5,20250318,172458,000004481003,1,4.99,4.99,0.00,0.31,S,,,USD,CC
70002102,02305,01,1,20250318,75345,000000093503,3,4.29,12.87,0.00,0.00,S,,,USD,CC
70002102,02305,01,2,20250318,75345,000004481001,1,7.99,7.99,0.00,0.50,S,,,USD,CC
70002103,02305,01,1,20250318,90752,000004481002,1,7.99,7.99,0.00,0.50,S,,,USD,CC
70002104,02305,05,1,20250318,200455,000000094202,0.464,1.99,0.92,0.00,0.00,S,,,USD,DB
70002104,02305,05,2,20250318,200455,000000562002,1,8.49,8.49,0.00,0.53,S,,,USD,DB
70002105,02305,05,1,20250318,113059,000004471023,1,3.49,3.49,0.00,0.22,S,,,USD,DB
70002105,02305,05,2,20250318,113059,000000030203,1,8.49,8.49,0.00,0.00,S,,,USD,DB
70002105,02305,05,3,20250318,113059,000000020202,1,5.99,5.99,0.00,0.00,S,,,USD,DB
70002105,02305,05,4,20250318,113059,000000561002,1,7.49,7.49,0.00,0.47,S,,,USD,DB
70002106,02305,06,1,20250318,130608,000000005202,1,5.99,5.99,0.00,0.00,S,6098221040,,USD,DB
70002106,02305,06,2,20250318,130608,000004493001,1,5.49,5.49,0.00,0.34,S,6098221040,,USD,DB
70002106,02305,06,3,20250318,130608,000000030202,2,11.49,22.98,0.00,0.00,S,6098221040,,USD,DB
70002106,02305,06,4,20250318,130608,000000030203,3,8.49,25.47,8.49,0.00,S,6098221040,MB25W07,USD,DB
70002107,02305,01,1,20250318,83109,000000040102,1.839,16.99,31.24,0.00,0.00,S,,,USD,DB
70002108,02305,05,1,20250318,182313,000000030203,1,8.49,8.49,0.00,0.00,S,,,USD,DB
70002109,02305,05,1,20250318,145355,000000005012,1,3.99,3.99,0.00,0.00,S,,,USD,DB
70002109,02305,05,2,20250318,145355,000000030102,2,14.99,29.98,0.00,0.00,S,,,USD,DB
70002109,02305,05,3,20250318,145355,000000094203,1.609,1.49,2.40,0.00,0.00,S,,,USD,DB
70002109,02305,05,4,20250318,145355,000004483001,1,4.99,4.99,0.00,0.31,S,,,USD,DB
70002110,02305,06,1,20250318,182131,000000020103,1,4.99,4.99,0.00,0.00,S,6002437654,,USD,DB
70002111,03050,01,1,20250318,83619,000004482003,1,5.49,5.49,0.00,0.34,S,,,USD,CC
70002111,03050,01,2,20250318,83619,000000093322,1.999,1.99,3.98,0.00,0.00,S,,,USD,CC
70002111,03050,01,3,20250318,83619,000000020102,1,3.49,3.49,0.00,0.00,S,,,USD,CC
70002111,03050,01,4,20250318,83619,000000030102,1,14.99,14.99,0.00,0.00,S,,,USD,CC
70002112,03050,05,1,20250318,124313,000004473002,1,2.79,2.79,0.00,0.17,S,6013717850,,USD,CC
70002112,03050,05,2,20250318,124313,000000561001,1,9.99,9.99,0.00,0.62,S,6013717850,,USD,CC
70002112,03050,05,3,20250318,124313,000004481001,1,7.99,7.99,0.00,0.50,S,6013717850,,USD,CC
70002113,03050,06,1,20250318,115436,000000030202,1,11.49,11.49,0.00,0.00,S,6092842222,,USD,CC
70002113,03050,06,2,20250318,115436,000000094302,1.062,5.49,5.83,0.00,0.00,S,6092842222,,USD,CC
70002114,03050,05,1,20250318,175830,000004471030,1,3.99,3.99,0.00,0.25,S,,,USD,DB
70002114,03050,05,2,20250318,175830,000000551021,2,11.99,23.98,0.00,1.50,S,,,USD,DB
70002114,03050,05,3,20250318,175830,000000030203,3,8.49,25.47,8.49,0.00,S,,MB25W07,USD,DB
70002114,03050,05,4,20250318,175830,000000093410,0.907,3.99,3.62,0.00,0.00,S,,,USD,DB
70002114,03050,05,5,20250318,175830,000004482003,1,5.49,5.49,0.00,0.34,S,,,USD,DB
70002114,03050,05,6,20250318,175830,000000005012,1,3.99,3.99,0.00,0.00,S,,,USD,DB
70002115,03050,01,1,20250318,85412,000004492002,1,1.49,1.49,0.00,0.09,S,6010022557,,USD,CC
70002115,03050,01,2,20250318,85412,000000040102,1.223,16.99,20.78,0.00,0.00,S,6010022557,,USD,CC
70002115,03050,01,3,20250318,85412,000000005101,1,7.99,7.99,0.00,0.00,S,6010022557,,USD,CC
70002115,03050,01,4,20250318,85412,000000005103,3,6.99,20.97,6.99,0.00,S,6010022557,MB25W07,USD,CC
70002115,03050,01,5,20250318,85412,000004481002,1,7.99,7.99,0.00,0.50,S,6010022557,,USD,CC
70002115,03050,01,6,20250318,85412,000000031101,2.131,24.99,53.25,0.00,0.00,S,6010022557,,USD,CC
70002116,00317,02,1,20250318,142810,000004493001,1,7.49,7.49,0.00,0.47,S,,,CAD,CC
70002117,00317,06,1,20250318,112016,000000005202,1,8.09,8.09,0.00,0.00,S,6093831849,,CAD,CC
70002118,00317,02,1,20250318,200438,000004491001,1,3.39,3.39,0.00,0.21,S,,,CAD,CC
70002118,00317,02,2,20250318,200438,000004482002,1,24.49,24.49,0.00,1.53,S,,,CAD,CC
70002118,00317,02,3,20250318,200438,000000040101,0.307,25.79,7.92,0.00,0.00,S,,,CAD,CC
70002119,00317,03,1,20250318,114732,000000562001,1,14.89,14.89,0.00,0.93,S,6044920749,,CAD,CC
70002119,00317,03,2,20250318,114732,000000005102,1,7.49,7.49,0.00,0.00,S,6044920749,,CAD,CC
70002119,00317,03,3,20250318,114732,000000020102,2,4.69,9.38,0.00,0.00,S,6044920749,,CAD,CC
70002119,00317,03,4,20250318,114732,000000005202,1,8.09,8.09,0.00,0.00,S,6044920749,,CAD,CC
70002119,00317,03,5,20250318,114732,000004493001,1,7.49,7.49,0.00,0.47,S,6044920749,,CAD,CC
70002120,00317,03,1,20250318,181202,000004471023,1,4.69,4.69,0.00,0.29,S,6062554026,,CAD,DB
70002120,00317,03,2,20250318,181202,000004473003,1,4.69,4.69,0.00,0.29,S,6062554026,,CAD,DB
70002120,00317,03,3,20250318,181202,000000094201,0.980,2.29,2.24,0.00,0.00,S,6062554026,,CAD,DB
70002120,00317,03,4,20250318,181202,000004481003,1,6.79,6.79,0.00,0.42,S,6062554026,,CAD,DB
70002121,01042,05,1,20250319,210734,000004493001,1,5.49,5.49,0.00,0.34,S,,,USD,DB
70002121,01042,05,2,20250319,210734,000004481001,1,7.99,7.99,0.00,0.50,S,,,USD,DB
70002121,01042,05,3,20250319,210734,000000040101,0.751,18.99,14.26,0.00,0.00,S,,,USD,DB
70002122,01042,01,1,20250319,112248,000000040203,2,11.99,23.98,0.00,0.00,S,6011856724,,USD,GC
70002122,01042,01,2,20250319,112248,000000094302,0.791,5.49,4.34,0.00,0.00,S,6011856724,,USD,GC
70002122,01042,01,3,20250319,112248,000004492001,1,1.79,1.79,0.00,0.11,S,6011856724,,USD,GC
70002123,01042,02,1,20250319,191756,000000093325,0.535,3.99,2.13,0.00,0.00,S,,,USD,GC
70002124,01042,04,1,20250319,104521,000004471023,1,3.49,3.49,0.00,0.22,S,,,USD,CC
70002124,01042,04,2,20250319,104521,000004481003,2,4.99,9.98,0.00,0.62,S,,,USD,CC
70002125,01042,05,1,20250319,104250,000000562001,2,10.99,21.98,0.00,1.37,S,6025652704,,USD,DB
70002125,01042,05,2,20250319,104250,000004471030,3,3.99,11.97,0.00,0.75,S,6025652704,,USD,DB
70002125,01042,05,3,20250319,104250,000000552002,1,3.99,3.99,0.00,0.25,S,6025652704,,USD,DB
70002125,01042,05,4,20250319,104250,000004483002,2,3.49,6.98,0.00,0.44,S,6025652704,,USD,DB
70002126,01042,03,1,20250319,192710,000000005103,1,6.99,6.99,0.00,0.00,S,6075233438,,USD,GC
70002127,01042,02,1,20250319,82440,000000562002,1,8.49,8.49,0.00,0.53,S,,,USD,DB
70002127,01042,02,2,20250319,82440,000000005020,1,4.49,4.49,0.00,0.00,S,,,USD,DB
70002128,02210,02,1,20250319,121413,000004482003,1,5.49,5.49,0.00,0.34,S,,,USD,CC
70002128,02210,02,2,20250319,121413,000000552002,3,3.99,11.97,3.99,0.50,S,,MB25W07,USD,CC
70002128,02210,02,3,20250319,121413,000004472002,1,4.49,4.49,0.00,0.28,S,,,USD,CC
70002128,02210,02,4,20250319,121413,000000551021,1,11.99,11.99,0.00,0.75,S,,,USD,CC
70002128,02210,02,5,20250319,121413,000000561002,1,7.49,7.49,0.00,0.47,S,,,USD,CC
70002129,02210,01,1,20250319,83124,000004491001,2,2.49,4.98,0.00,0.31,S,,,USD,CS
70002129,02210,01,2,20250319,83124,000000561002,1,7.49,7.49,0.00,0.47,S,,,USD,CS
70002130,02210,05,1,20250319,193617,000004473002,3,2.79,8.37,0.00,0.52,S,6064970169,,USD,CC
70002130,02210,05,2,20250319,193617,000004483002,2,3.49,6.98,0.00,0.44,S,6064970169,,USD,CC
70002130,02210,05,3,20250319,193617,000004491003,2,1.99,3.98,0.00,0.25,S,6064970169,,USD,CC
70002130,02210,05,4,20250319,193617,000004481001,1,7.99,7.99,0.00,0.50,S,6064970169,,USD,CC
70002131,02210,01,1,20250319,91410,000004482001,1,13.99,13.99,0.00,0.87,S,,,USD,CC
70002131,02210,01,2,20250319,91410,000004493002,2,3.99,7.98,3.99,0.25,S,,BG25W06,USD,CC
70002131,02210,01,3,20250319,91410,000004483001,2,4.99,9.98,0.00,0.62,S,,,USD,CC
70002131,02210,01,4,20250319,91410,000000020101,2,2.49,4.98,0.00,0.00,S,,,USD,CC
70002131,02210,01,5,20250319,91410,000000094302,0.502,5.49,2.76,0.00,0.00,S,,,USD,CC
70002131,02210,01,6,20250319,91410,000000552002,3,3.99,11.97,3.99,0.50,S,,MB25W07,USD,CC
70002132,02210,02,1,20250319,103023,000004483001,1,4.99,4.99,0.00,0.31,S,,,USD,DB
70002133,02211,02,1,20250319,181013,000004481002,1,7.99,7.99,0.00,0.50,S,6026801824,,USD,CC
70002133,02211,02,2,20250319,181013,000004471040,1,2.49,2.49,0.00,0.16,S,6026801824,,USD,CC
70002133,02211,02,3,20250319,181013,000004492001,1,1.79,1.79,0.00,0.11,S,6026801824,,USD,CC
70002134,02211,06,1,20250319,112814,000000040101,1.850,18.99,35.13,0.00,0.00,S,6056178688,,USD,CC
70002134,02211,06,2,20250319,112814,000000020203,1,6.49,6.49,0.00,0.00,S,6056178688,,USD,CC
70002134,02211,06,3,20250319,112814,000000005102,1,5.49,5.49,0.00,0.00,S,6056178688,,USD,CC
70002134,02211,06,4,20250319,112814,000004491002,1,6.99,6.99,0.00,0.44,S,6056178688,,USD,CC
70002135,02211,05,1,20250319,153544,000004472003,1,3.29,3.29,0.00,0.21,S,,,USD,DB
70002135,02211,05,2,20250319,153544,000000020202,1,5.99,5.99,0.00,0.00,S,,,USD,DB
70002135,02211,05,3,20250319,153544,000000020102,1,3.49,3.49,0.00,0.00,S,,,USD,DB
70002135,02211,05,4,20250319,153544,000004471023,1,3.49,3.49,0.00,0.22,S,,,USD,DB
70002136,02211,06,1,20250319,132949,000000005103,1,6.99,6.99,0.00,0.00,S,,,USD,GC
70002137,02305,02,1,20250319,100131,000000005103,1,6.99,6.99,0.00,0.00,S,,,USD,CS
70002137,02305,02,2,20250319,100131,000000093322,0.316,1.99,0.63,0.00,0.00,S,,,USD,CS
70002138,02305,06,1,20250319,165420,000000020202,2,5.99,11.98,5.99,0.00,S,,BG25W06,USD,CC
70002139,02305,03,1,20250319,213832,000004481001,1,7.99,7.99,0.00,0.50,S,,,USD,CS
70002139,02305,03,2,20250319,213832,000004473002,3,2.79,8.37,0.00,0.52,S,,,USD,CS
70002139,02305,03,3,20250319,213832,000000093402,0.480,3.29,1.58,0.00,0.00,S,,,USD,CS
70002140,02305,02,1,20250319,174031,000004473001,2,2.99,5.98,0.00,0.37,S,6072946671,,USD,GC
70002141,02305,04,1,20250319,190418,000000030203,3,8.49,25.47,8.49,0.00,S,6091476607,MB25W07,USD,DB
70002141,02305,04,2,20250319,190418,000004491002,1,6.99,6.99,0.00,0.44,S,6091476607,,USD,DB
70002142,02305,04,1,20250319,71127,000000020203,3,6.49,19.47,0.00,0.00,S,,,USD,GC
70002142,02305,04,2,20250319,71127,000000005012,2,3.99,7.98,0.00,0.00,S,,,USD,GC
70002142,02305,04,3,20250319,71127,000004472002,1,4.49,4.49,0.00,0.28,S,,,USD,GC
70002142,02305,04,4,20250319,71127,000000040101,1.184,18.99,22.48,0.00,0.00,S,,,USD,GC
70002142,02305,04,5,20250319,71127,000000562002,1,8.49,8.49,0.00,0.53,S,,,USD,GC
70002143,02305,01,1,20250319,211525,000000552002,1,3.99,3.99,0.00,0.25,S,,,USD,DB
70002144,02305,06,1,20250319,150313,000000040102,0.482,16.99,8.19,0.00,0.00,S,6038480752,,USD,DB
70002144,02305,06,2,20250319,150313,000000093322,1.058,1.99,2.11,0.00,0.00,S,6038480752,,USD,DB
70002145,02305,05,1,20250319,210033,000000561002,2,7.49,14.98,0.00,0.94,S,,,USD,GC
70002145,02305,05,2,20250319,210033,000004492003,1,2.29,2.29,0.00,0.14,S,,,USD,GC
70002145,02305,05,3,20250319,210033,000000020201,1,5.49,5.49,0.00,0.00,S,,,USD,GC
70002146,03050,03,1,20250319,115319,000000093402,1.712,3.29,5.63,0.00,0.00,S,,,USD,GC
70002146,03050,03,2,20250319,115319,000000020102,1,3.49,3.49,0.00,0.00,S,,,USD,GC
70002146,03050,03,3,20250319,115319,000000030101,1,6.99,6.99,0.00,0.00,S,,,USD,GC
70002147,03050,01,1,20250319,193006,000000093322,2.145,1.99,4.27,0.00,0.00,S,,,USD,DB
70002147,03050,01,2,20250319,193006,000000562001,1,10.99,10.99,0.00,0.69,S,,,USD,DB
70002148,03050,05,1,20250319,111548,000000094201,2.049,1.69,3.46,0.00,0.00,S,6044857086,,USD,DB
70002149,03050,04,1,20250319,211446,000004492003,1,2.29,2.29,0.00,0.14,S,,,USD,CC
70002149,03050,04,2,20250319,211446,000000005103,3,6.99,20.97,6.99,0.00,S,,MB25W07,USD,CC
70002149,03050,04,3,20250319,211446,000000030203,3,8.49,25.47,8.49,0.00,S,,MB25W07,USD,CC
70002149,03050,04,4,20250319,211446,000000561001,1,9.99,9.99,0.00,0.62,S,,,USD,CC
70002149,03050,04,5,20250319,211446,000000031101,1.382,24.99,34.54,0.00,0.00,S,,,USD,CC
70002150,03050,03,1,20250319,175250,000000551020,1,13.99,13.99,0.00,0.87,S,6035775949,,USD,DB
70002150,03050,03,2,20250319,175250,000000020202,1,5.99,5.99,0.00,0.00,S,6035775949,,USD,DB
70002151,03050,05,1,20250319,80712,000000093503,1,4.29,4.29,0.00,0.00,S,6071122182,,USD,CS
70002152,00317,06,1,20250319,213603,000000040203,1,16.29,16.29,0.00,0.00,S,6000687616,,CAD,DB
70002152,00317,06,2,20250319,213603,000000040203,1,16.29,16.29,0.00,0.00,S,6000687616,,CAD,DB
70002152,00317,06,3,20250319,213603,000004492003,2,3.09,6.18,0.00,0.39,S,6000687616,,CAD,DB
70002152,00317,06,4,20250319,213603,000004493002,2,5.39,10.78,5.39,0.34,S,6000687616,BG25W06,CAD,DB
70002152,00317,06,5,20250319,213603,000000040203,1,16.29,16.29,0.00,0.00,S,6000687616,,CAD,DB
70002153,00317,03,1,20250319,215143,000000030203,1,11.49,11.49,0.00,0.00,S,6093831849,,CAD,DB
70002153,00317,03,2,20250319,215143,000000094201,1.288,2.29,2.95,0.00,0.00,S,6093831849,,CAD,DB
70002153,00317,03,3,20250319,215143,000000561002,1,10.19,10.19,0.00,0.64,S,6093831849,,CAD,DB
70002154,00317,05,1,20250319,71552,000004483001,1,6.79,6.79,0.00,0.42,S,6036533774,,CAD,CS
70002154,00317,05,2,20250319,71552,000000030102,1,20.39,20.39,0.00,0.00,S,6036533774,,CAD,CS
70002154,00317,05,3,20250319,71552,000004492002,1,1.99,1.99,0.00,0.12,S,6036533774,,CAD,CS
70002154,00317,05,4,20250319,71552,000000562001,1,14.89,14.89,0.00,0.93,S,6036533774,,CAD,CS
70002154,00317,05,5,20250319,71552,000000005202,3,8.09,24.27,0.00,0.00,S,6036533774,,CAD,CS
70002155,00317,01,1,20250319,95648,000000094302,1.979,7.49,14.82,0.00,0.00,S,,,CAD,CS
70002155,00317,01,2,20250319,95648,000004481001,1,10.89,10.89,0.00,0.68,S,,,CAD,CS
70002155,00317,01,3,20250319,95648,000004493001,1,7.49,7.49,0.00,0.47,S,,,CAD,CS
70002155,00317,01,4,20250319,95648,000000561001,3,13.59,40.77,0.00,2.55,S,,,CAD,CS
70002155,00317,01,5,20250319,95648,000004482001,1,18.99,18.99,0.00,1.19,S,,,CAD,CS
70002156,00317,01,1,20250319,114648,000004492002,2,1.99,3.98,0.00,0.25,S,,,CAD,CC
70002156,00317,01,2,20250319,114648,000000094203,1.334,1.99,2.65,0.00,0.00,S,,,CAD,CC
70002157,00317,03,1,20250319,123645,000000005202,1,8.09,8.09,0.00,0.00,R,6057759017,,CAD,CS
70002158,00317,05,1,20250319,214958,000004481003,1,6.79,6.79,0.00,0.42,S,,,CAD,CS
70002159,00317,05,1,20250319,184523,000000005201,1,5.39,5.39,0.00,0.00,S,6024648449,,CAD,CC
70002159,00317,05,2,20250319,184523,000000005102,1,7.49,7.49,0.00,0.00,S,6024648449,,CAD,CC
70002160,00317,05,1,20250319,173528,000004493001,1,7.49,7.49,0.00,0.47,S,6010587525,,CAD,CC
70002160,00317,05,2,20250319,173528,000000552002,1,5.39,5.39,0.00,0.34,S,6010587525,,CAD,CC
70002160,00317,05,3,20250319,173528,000000552002,3,5.39,16.17,5.39,0.67,S,6010587525,MB25W07,CAD,CC
70002160,00317,05,4,20250319,173528,000000005020,1,6.09,6.09,0.00,0.00,S,6010587525,,CAD,CC
70002160,00317,05,5,20250319,173528,000000561002,1,10.19,10.19,0.00,0.64,S,6010587525,,CAD,CC
70002161,00317,03,1,20250319,104458,000000094302,0.471,7.49,3.53,0.00,0.00,S,,,CAD,CC
70002161,00317,03,2,20250319,104458,000000562001,1,14.89,14.89,0.00,0.93,S,,,CAD,CC
70002162,00317,02,1,20250319,155948,000004473002,1,3.79,3.79,0.00,0.24,S,6056532863,,CAD,GC
70002162,00317,02,2,20250319,155948,000000093322,0.489,2.69,1.32,0.00,0.00,S,6056532863,,CAD,GC
70002163,00317,02,1,20250319,213802,000000030203,3,11.49,34.47,11.49,0.00,S,,MB25W07,CAD,CC
70002164,01042,01,1,20250320,214711,000000005013,1,3.89,3.89,0.00,0.00,S,6079417634,,USD,CC
70002164,01042,01,2,20250320,214711,000004493001,1,5.49,5.49,0.00,0.34,S,6079417634,,USD,CC
70002164,01042,01,3,20250320,214711,000000005020,1,4.49,4.49,0.00,0.00,S,6079417634,,USD,CC
70002164,01042,01,4,20250320,214711,000000020202,2,5.99,11.98,5.99,0.00,S,6079417634,BG25W06,USD,CC
70002165,01042,06,1,20250320,72723,000004473003,1,3.49,3.49,0.00,0.22,S,,,USD,CC
70002165,01042,06,2,20250320,72723,000000020202,2,5.99,11.98,5.99,0.00,S,,BG25W06,USD,CC
70002165,01042,06,3,20250320,72723,000004491001,1,2.49,2.49,0.00,0.16,S,,,USD,CC
70002166,01042,05,1,20250320,182721,000000094203,1.193,1.49,1.78,0.00,0.00,S,6036133254,,USD,GC
70002166,01042,05,2,20250320,182721,000004482003,1,5.49,5.49,0.00,0.34,S,6036133254,,USD,GC
70002166,01042,05,3,20250320,182721,000004492001,1,1.79,1.79,0.00,0.11,S,6036133254,,USD,GC
70002167,01042,05,1,20250320,72748,000004473002,1,2.79,2.79,0.00,0.17,S,,,USD,GC
70002167,01042,05,2,20250320,72748,000000040201,2,8.99,17.98,0.00,0.00,S,,,USD,GC
70002168,01042,01,1,20250320,172207,000004473002,1,2.79,2.79,0.00,0.17,S,,,USD,CC
70002168,01042,01,2,20250320,172207,000004471024,1,3.49,3.49,0.00,0.22,S,,,USD,CC
70002168,01042,01,3,20250320,172207,000000030101,2,6.99,13.98,0.00,0.00,S,,,USD,CC
70002168,01042,01,4,20250320,172207,000000005020,1,4.49,4.49,0.00,0.00,S,,,USD,CC
70002168,01042,01,5,20250320,172207,000004482003,2,5.49,10.98,0.00,0.69,S,,,USD,CC
70002168,01042,01,6,20250320,172207,000004483001,1,4.99,4.99,0.00,0.31,S,,,USD,CC
70002169,01042,06,1,20250320,214208,000000030201,2,9.99,19.98,0.00,0.00,S,,,USD,CC
70002169,01042,06,2,20250320,214208,000004472001,2,3.99,7.98,0.00,0.50,S,,,USD,CC
70002170,01042,04,1,20250320,164940,000000094103,1,3.79,3.79,0.00,0.00,S,,,USD,DB
70002170,01042,04,2,20250320,164940,000004483001,1,4.99,4.99,0.00,0.31,S,,,USD,DB
70002170,01042,04,3,20250320,164940,000000005103,3,6.99,20.97,6.99,0.00,S,,MB25W07,USD,DB
70002171,01107,03,1,20250320,104113,000000020202,1,5.99,5.99,0.00,0.00,S,6012075011,,USD,DB
70002171,01107,03,2,20250320,104113,000004492002,1,1.49,1.49,0.00,0.09,S,6012075011,,USD,DB
70002171,01107,03,3,20250320,104113,000004491002,1,6.99,6.99,0.00,0.44,S,6012075011,,USD,DB
70002172,01107,02,1,20250320,114256,000004493002,2,3.99,7.98,3.99,0.25,S,6052696944,BG25W06,USD,GC
70002172,01107,02,2,20250320,114256,000004483002,1,3.49,3.49,0.00,0.22,S,6052696944,,USD,GC
70002172,01107,02,3,20250320,114256,000004472001,1,3.99,3.99,0.00,0.25,S,6052696944,,USD,GC
70002173,01107,02,1,20250320,160826,000000005103,3,6.99,20.97,6.99,0.00,S,,MB25W07,USD,CS
70002173,01107,02,2,20250320,160826,000000005013,1,3.89,3.89,0.00,0.00,S,,,USD,CS
70002173,01107,02,3,20250320,160826,000000031102,2.019,19.99,40.36,0.00,0.00,S,,,USD,CS
70002173,01107,02,4,20250320,160826,000000040102,2.077,16.99,35.29,0.00,0.00,S,,,USD,CS
70002173,01107,02,5,20250320,160826,000004491002,1,6.99,6.99,0.00,0.44,S,,,USD,CS
70002174,02210,03,1,20250320,114106,000000005103,1,6.99,6.99,0.00,0.00,S,6030833016,,USD,DB
70002174,02210,03,2,20250320,114106,000000005020,1,4.49,4.49,0.00,0.00,S,6030833016,,USD,DB
70002175,02210,06,1,20250320,192554,000000005202,1,5.99,5.99,0.00,0.00,S,,,USD,DB
70002175,02210,06,2,20250320,192554,000000005202,1,5.99,5.99,0.00,0.00,S,,,USD,DB
70002175,02210,06,3,20250320,192554,000000020102,1,3.49,3.49,0.00,0.00,S,,,USD,DB
70002176,02210,01,1,20250320,70450,000000005020,1,4.49,4.49,0.00,0.00,S,,,USD,CC
70002176,02210,01,2,20250320,70450,000004482001,1,13.99,13.99,0.00,0.87,S,,,USD,CC
70002176,02210,01,3,20250320,70450,000000005103,3,6.99,20.97,6.99,0.00,S,,MB25W07,USD,CC
70002177,02210,06,1,20250320,124626,000000020102,1,3.49,3.49,0.00,0.00,S,,,USD,DB
70002177,02210,06,2,20250320,124626,000000005012,1,3.99,3.99,0.00,0.00,S,,,USD,DB
70002178,02210,06,1,20250320,121752,000000031101,0.991,24.99,24.77,0.00,0.00,S,,,USD,CC
70002178,02210,06,2,20250320,121752,000000094102,1,3.49,3.49,0.00,0.00,S,,,USD,CC
70002178,02210,06,3,20250320,121752,000004482002,1,17.99,17.99,0.00,1.12,S,,,USD,CC
70002179,02210,01,1,20250320,183017,000000094103,1,3.79,3.79,0.00,0.00,S,6065180170,,USD,CC
70002179,02210,01,2,20250320,183017,000000030102,1,14.99,14.99,0.00,0.00,S,6065180170,,USD,CC
70002180,02210,04,1,20250320,82608,000000093502,1,3.99,3.99,0.00,0.00,S,,,USD,DB
70002180,02210,04,2,20250320,82608,000000030201,1,9.99,9.99,0.00,0.00,S,,,USD,DB
70002180,02210,04,3,20250320,82608,000000030103,1,8.99,8.99,0.00,0.00,S,,,USD,DB
70002180,02210,04,4,20250320,82608,000004481003,1,4.99,4.99,0.00,0.31,S,,,USD,DB
70002180,02210,04,5,20250320,82608,000000030203,2,8.49,16.98,0.00,0.00,S,,,USD,DB
70002180,02210,04,6,20250320,82608,000000005012,1,3.99,3.99,0.00,0.00,S,,,USD,DB
70002181,02211,06,1,20250320,182549,000000093325,0.808,3.99,3.22,0.00,0.00,S,,,USD,DB
70002182,02211,02,1,20250320,191847,000000020201,2,5.49,10.98,0.00,0.00,S,,,USD,CC
70002182,02211,02,2,20250320,191847,000000020103,1,4.99,4.99,0.00,0.00,S,,,USD,CC
70002183,02305,06,1,20250320,210900,000000020103,1,4.99,4.99,0.00,0.00,S,,,USD,CC
70002183,02305,06,2,20250320,210900,000004472003,1,3.29,3.29,0.00,0.21,S,,,USD,CC
70002183,02305,06,3,20250320,210900,000000094301,1.364,4.39,5.99,0.00,0.00,S,,,USD,CC
70002183,02305,06,4,20250320,210900,000004471023,1,3.49,3.49,0.00,0.22,S,,,USD,CC
70002183,02305,06,5,20250320,210900,000000005103,2,6.99,13.98,0.00,0.00,S,,,USD,CC
70002183,02305,06,6,20250320,210900,000000005202,1,5.99,5.99,0.00,0.00,S,,,USD,CC
70002184,02305,05,1,20250320,171819,000000094203,1.274,1.49,1.90,0.00,0.00,S,,,USD,DB
70002184,02305,05,2,20250320,171819,000004471040,1,2.49,2.49,0.00,0.16,S,,,USD,DB
70002184,02305,05,3,20250320,171819,000004491002,1,6.99,6.99,0.00,0.44,S,,,USD,DB
70002185,02305,02,1,20250320,84249,000000005103,3,6.99,20.97,6.99,0.00,S,,MB25W07,USD,GC
70002185,02305,02,2,20250320,84249,000000093401,0.374,5.49,2.05,0.00,0.00,S,,,USD,GC
70002186,02305,01,1,20250320,204410,000000561002,2,7.49,14.98,0.00,0.94,S,,,USD,GC
70002186,02305,01,2,20250320,204410,000004473001,1,2.99,2.99,0.00,0.19,S,,,USD,GC
70002186,02305,01,3,20250320,204410,000000094101,1,3.99,3.99,0.00,0.00,S,,,USD,GC
70002186,02305,01,4,20250320,204410,000000093402,0.575,3.29,1.89,0.00,0.00,S,,,USD,GC
70002187,02305,02,1,20250320,152145,000000030103,2,8.99,17.98,0.00,0.00,S,6051017397,,USD,DB
70002187,02305,02,2,20250320,152145,000000093325,1.677,3.99,6.69,0.00,0.00,S,6051017397,,USD,DB
70002187,02305,02,3,20250320,152145,000000562002,1,8.49,8.49,0.00,0.53,S,6051017397,,USD,DB
70002188,02305,03,1,20250320,193039,000000093322,0.485,1.99,0.97,0.00,0.00,S,6013305319,,USD,DB
70002188,02305,03,2,20250320,193039,000000030103,1,8.99,8.99,0.00,0.00,S,6013305319,,USD,DB
70002188,02305,03,3,20250320,193039,000000040203,1,11.99,11.99,0.00,0.00,S,6013305319,,USD,DB
70002188,02305,03,4,20250320,193039,000000005102,1,5.49,5.49,0.00,0.00,S,6013305319,,USD,DB
70002188,02305,03,5,20250320,193039,000004471040,1,2.49,2.49,0.00,0.16,S,6013305319,,USD,DB
70002189,02305,05,1,20250320,120029,000000552001,1,4.49,4.49,0.00,0.28,S,6034679121,,USD,GC
70002189,02305,05,2,20250320,120029,000000093501,1,4.49,4.49,0.00,0.00,S,6034679121,,USD,GC
70002190,02305,06,1,20250320,145656,000004491003,1,1.99,1.99,0.00,0.12,S,,,USD,CC
70002191,02305,02,1,20250320,205342,000000020202,1,5.99,5.99,0.00,0.00,S,,,USD,DB
70002192,02305,01,1,20250320,71402,000000552002,3,3.99,11.97,3.99,0.50,S,6055416431,MB25W07,USD,CC
70002192,02305,01,2,20250320,71402,000000020202,2,5.99,11.98,5.99,0.00,S,6055416431,BG25W06,USD,CC
70002192,02305,01,3,20250320,71402,000004471024,2,3.49,6.98,0.00,0.44,S,6055416431,,USD,CC
70002192,02305,01,4,20250320,71402,000000020101,1,2.49,2.49,0.00,0.00,S,6055416431,,USD,CC
70002192,02305,01,5,20250320,71402,000004472003,1,3.29,3.29,0.00,0.21,S,6055416431,,USD,CC
70002193,02305,03,1,20250320,134312,000000005302,1,3.49,3.49,0.00,0.00,S,6017537030,,USD,CS
70002193,02305,03,2,20250320,134312,000004473001,2,2.99,5.98,0.00,0.37,S,6017537030,,USD,CS
70002193,02305,03,3,20250320,134312,000004491002,1,6.99,6.99,0.00,0.44,S,6017537030,,USD,CS
70002193,02305,03,4,20250320,134312,000004481003,1,4.99,4.99,0.00,0.31,S,6017537030,,USD,CS
70002193,02305,03,5,20250320,134312,000000552002,1,3.99,3.99,0.00,0.25,S,6017537030,,USD,CS
70002193,02305,03,6,20250320,134312,000004471040,1,2.49,2.49,0.00,0.16,S,6017537030,,USD,CS
70002194,02305,01,1,20250320,144839,000000040203,1,11.99,11.99,0.00,0.00,S,,,USD,CC
70002195,03050,05,1,20250320,104309,000000005012,1,3.99,3.99,0.00,0.00,S,,,USD,CC
70002195,03050,05,2,20250320,104309,000000005012,2,3.99,7.98,0.00,0.00,S,,,USD,CC
70002195,03050,05,3,20250320,104309,000000562002,1,8.49,8.49,0.00,0.53,S,,,USD,CC
70002195,03050,05,4,20250320,104309,000004493002,2,3.99,7.98,3.99,0.25,S,,BG25W06,USD,CC
70002195,03050,05,5,20250320,104309,000000005012,1,3.99,3.99,0.00,0.00,S,,,USD,CC
70002196,03050,02,1,20250320,125435,000000030102,3,14.99,44.97,0.00,0.00,S,,,USD,DB
70002197,03050,03,1,20250320,155214,000000020202,2,5.99,11.98,5.99,0.00,S,,BG25W06,USD,CC
70002197,03050,03,2,20250320,155214,000004471040,1,2.49,2.49,0.00,0.16,S,,,USD,CC
70002197,03050,03,3,20250320,155214,000000020101,3,2.49,7.47,0.00,0.00,S,,,USD,CC
70002197,03050,03,4,20250320,155214,000000005103,3,6.99,20.97,6.99,0.00,S,,MB25W07,USD,CC
70002197,03050,03,5,20250320,155214,000000005103,3,6.99,20.97,6.99,0.00,S,,MB25W07,USD,CC
70002198,03050,04,1,20250320,72824,000004492003,1,2.29,2.29,0.00,0.14,S,,,USD,CC
70002199,03050,04,1,20250320,192509,000004491002,1,6.99,6.99,0.00,0.44,S,,,USD,CS
70002199,03050,04,2,20250320,192509,000000005103,3,6.99,20.97,6.99,0.00,S,,MB25W07,USD,CS
70002200,03050,03,1,20250320,94730,000004473003,2,3.49,6.98,0.00,0.44,S,6055411082,,USD,CC
70002200,03050,03,2,20250320,94730,000000020103,1,4.99,4.99,0.00,0.00,S,6055411082,,USD,CC
70002201,03050,06,1,20250320,214054,000004471024,1,3.49,3.49,0.00,0.22,S,,,USD,DB
70002202,00317,05,1,20250320,95946,000000030102,1,20.39,20.39,0.00,0.00,S,6016025643,,CAD,GC
70002202,00317,05,2,20250320,95946,000004493002,2,5.39,10.78,5.39,0.34,S,6016025643,BG25W06,CAD,GC
70002202,00317,05,3,20250320,95946,000004472002,1,6.09,6.09,0.00,0.38,S,6016025643,,CAD,GC
70002203,00317,03,1,20250320,172242,000000094101,1,5.39,5.39,0.00,0.00,S,,,CAD,CS
70002203,00317,03,2,20250320,172242,000000030203,3,11.49,34.47,11.49,0.00,S,,MB25W07,CAD,CS
70002204,00317,04,1,20250320,154941,000000005301,1,7.49,7.49,0.00,0.00,R,,,CAD,CC
70002205,00317,04,1,20250320,70453,000004493002,2,5.39,10.78,5.39,0.34,S,6094398529,BG25W06,CAD,CC
70002206,00317,02,1,20250320,201047,000004492003,1,3.09,3.09,0.00,0.19,S,6020357134,,CAD,CC
70002207,01042,06,1,20250321,82712,000004473002,1,2.79,2.79,0.00,0.17,S,,,USD,CC
70002207,01042,06,2,20250321,82712,000000005012,1,3.99,3.99,0.00,0.00,S,,,USD,CC
70002208,01042,02,1,20250321,125816,000004493002,2,3.99,7.98,3.99,0.25,S,,BG25W06,USD,CC
70002209,01042,03,1,20250321,161812,000000005012,1,3.99,3.99,0.00,0.00,S,,,USD,DB
70002209,01042,03,2,20250321,161812,000000040101,0.262,18.99,4.98,0.00,0.00,S,,,USD,DB
70002210,01042,03,1,20250321,191226,000000005102,2,5.49,10.98,0.00,0.00,S,,,USD,GC
70002211,01042,01,1,20250321,215956,000004493002,2,3.99,7.98,3.99,0.25,S,6094065578,BG25W06,USD,CC
70002211,01042,01,2,20250321,215956,000000030202,1,11.49,11.49,0.00,0.00,S,6094065578,,USD,CC
70002212,01042,03,1,20250321,161217,000004493002,2,3.99,7.98,3.99,0.25,S,,BG25W06,USD,DB
70002212,01042,03,2,20250321,161217,000000005102,1,5.49,5.49,0.00,0.00,S,,,USD,DB
70002212,01042,03,3,20250321,161217,000004473002,1,2.79,2.79,0.00,0.17,S,,,USD,DB
70002213,01107,04,1,20250321,123040,000004493002,2,3.99,7.98,3.99,0.25,S,,BG25W06,USD,DB
70002214,01107,04,1,20250321,152447,000004482001,1,13.99,13.99,0.00,0.87,S,6037638821,,USD,DB
70002214,01107,04,2,20250321,152447,000004481001,1,7.99,7.99,0.00,0.50,S,6037638821,,USD,DB
70002214,01107,04,3,20250321,152447,000004491002,2,6.99,13.98,0.00,0.87,S,6037638821,,USD,DB
70002214,01107,04,4,20250321,152447,000004491002,1,6.99,6.99,0.00,0.44,S,6037638821,,USD,DB
70002215,01107,01,1,20250321,125126,000000005302,1,3.49,3.49,0.00,0.00,S,6041022526,,USD,CC
70002215,01107,01,2,20250321,125126,000000005301,1,5.49,5.49,0.00,0.00,S,6041022526,,USD,CC
70002215,01107,01,3,20250321,125126,000004482002,2,17.99,35.98,0.00,2.25,S,6041022526,,USD,CC
70002215,01107,01,4,20250321,125126,000000020203,1,6.49,6.49,0.00,0.00,S,6041022526,,USD,CC
70002215,01107,01,5,20250321,125126,000000094101,1,3.99,3.99,0.00,0.00,S,6041022526,,USD,CC
70002215,01107,01,6,20250321,125126,000000040101,1.652,18.99,31.37,0.00,0.00,S,6041022526,,USD,CC
70002216,01107,06,1,20250321,74240,000000020201,1,5.49,5.49,0.00,0.00,S,6070587722,,USD,CS
70002217,02210,02,1,20250321,104015,000000005201,1,3.99,3.99,0.00,0.00,S,,,USD,DB
70002218,02210,03,1,20250321,192903,000004481002,1,7.99,7.99,0.00,0.50,S,,,USD,DB
70002218,02210,03,2,20250321,192903,000000020202,2,5.99,11.98,5.99,0.00,S,,BG25W06,USD,DB
70002218,02210,03,3,20250321,192903,000000093321,0.546,1.49,0.81,0.00,0.00,S,,,USD,DB
70002218,02210,03,4,20250321,192903,000000005012,1,3.99,3.99,0.00,0.00,S,,,USD,DB
70002218,02210,03,5,20250321,192903,000000020102,1,3.49,3.49,0.00,0.00,S,,,USD,DB
70002218,02210,03,6,20250321,192903,000000040101,1.343,18.99,25.50,0.00,0.00,S,,,USD,DB
70002219,02210,05,1,20250321,212936,000000561002,1,7.49,7.49,0.00,0.47,S,6066270511,,USD,CC
70002219,02210,05,2,20250321,212936,000000030102,1,14.99,14.99,0.00,0.00,S,6066270511,,USD,CC
70002219,02210,05,3,20250321,212936,000004493002,2,3.99,7.98,3.99,0.25,S,6066270511,BG25W06,USD,CC
70002219,02210,05,4,20250321,212936,000000093325,1.959,3.99,7.82,0.00,0.00,S,6066270511,,USD,CC
70002219,02210,05,5,20250321,212936,000000094302,0.968,5.49,5.31,0.00,0.00,S,6066270511,,USD,CC
70002219,02210,05,6,20250321,212936,000000005302,3,3.49,10.47,0.00,0.00,S,6066270511,,USD,CC
70002220,02210,04,1,20250321,174659,000000040102,1.432,16.99,24.33,0.00,0.00,S,,,USD,GC
70002220,02210,04,2,20250321,174659,000004472002,1,4.49,4.49,0.00,0.28,S,,,USD,GC
70002220,02210,04,3,20250321,174659,000004471024,1,3.49,3.49,0.00,0.22,S,,,USD,GC
70002220,02210,04,4,20250321,174659,000004471024,1,3.49,3.49,0.00,0.22,S,,,USD,GC
70002220,02210,04,5,20250321,174659,000004493001,1,5.49,5.49,0.00,0.34,S,,,USD,GC
70002221,02211,04,1,20250321,90753,000004492003,1,2.29,2.29,0.00,0.14,R,,,USD,CS
70002222,02211,02,1,20250321,92412,000004473001,1,2.99,2.99,0.00,0.19,S,,,USD,DB
70002222,02211,02,2,20250321,92412,000000020202,2,5.99,11.98,5.99,0.00,S,,BG25W06,USD,DB
70002223,02211,06,1,20250321,132035,000000005201,1,3.99,3.99,0.00,0.00,S,6001713023,,USD,CC
70002223,02211,06,2,20250321,132035,000004472002,1,4.49,4.49,0.00,0.28,S,6001713023,,USD,CC
70002224,02211,02,1,20250321,92243,000004493002,2,3.99,7.98,3.99,0.25,S,6022783769,BG25W06,USD,CC
70002224,02211,02,2,20250321,92243,000004483002,3,3.49,10.47,0.00,0.65,S,6022783769,,USD,CC
70002224,02211,02,3,20250321,92243,000000093322,1.420,1.99,2.83,0.00,0.00,S,6022783769,,USD,CC
70002225,02211,01,1,20250321,191911,000004473003,1,3.49,3.49,0.00,0.22,S,,,USD,CC
70002225,02211,01,2,20250321,191911,000004471030,1,3.99,3.99,0.00,0.25,S,,,USD,CC
70002226,02305,05,1,20250321,80326,000000005020,1,4.49,4.49,0.00,0.00,S,6077251996,,USD,CS
70002226,02305,05,2,20250321,80326,000000551020,1,13.99,13.99,0.00,0.87,S,6077251996,,USD,CS
70002226,02305,05,3,20250321,80326,000004482001,1,13.99,13.99,0.00,0.87,S,6077251996,,USD,CS
70002226,02305,05,4,20250321,80326,000000093502,1,3.99,3.99,0.00,0.00,S,6077251996,,USD,CS
70002227,02305,04,1,20250321,121436,000004471023,1,3.49,3.49,0.00,0.22,S,,,USD,CC
70002227,02305,04,2,20250321,121436,000000005103,3,6.99,20.97,6.99,0.00,S,,MB25W07,USD,CC
70002227,02305,04,3,20250321,121436,000004482002,1,17.99,17.99,0.00,1.12,S,,,USD,CC
70002227,02305,04,4,20250321,121436,000000030102,1,14.99,14.99,0.00,0.00,S,,,USD,CC
70002227,02305,04,5,20250321,121436,000000030201,1,9.99,9.99,0.00,0.00,S,,,USD,CC
70002228,02305,02,1,20250321,181417,000000093410,1.931,3.99,7.70,0.00,0.00,S,6067625153,,USD,CS
70002229,02305,05,1,20250321,181715,000000005012,1,3.99,3.99,0.00,0.00,S,,,USD,GC
70002229,02305,05,2,20250321,181715,000004483002,1,3.49,3.49,0.00,0.22,S,,,USD,GC
70002229,02305,05,3,20250321,181715,000000020202,3,5.99,17.97,5.99,0.00,S,,BG25W06,USD,GC
70002229,02305,05,4,20250321,181715,000004472002,1,4.49,4.49,0.00,0.28,S,,,USD,GC
70002229,02305,05,5,20250321,181715,000000561001,1,9.99,9.99,0.00,0.62,S,,,USD,GC
70002230,02305,04,1,20250321,183419,000004491001,1,2.49,2.49,0.00,0.16,S,6023116491,,USD,CC
70002230,02305,04,2,20250321,183419,000000094203,1.961,1.49,2.92,0.00,0.00,S,6023116491,,USD,CC
70002230,02305,04,3,20250321,183419,000000040102,0.557,16.99,9.46,0.00,0.00,S,6023116491,,USD,CC
70002231,02305,03,1,20250321,111550,000004473002,1,2.79,2.79,0.00,0.17,S,6048463122,,USD,DB
70002231,02305,03,2,20250321,111550,000000020202,1,5.99,5.99,0.00,0.00,S,6048463122,,USD,DB
70002232,02305,01,1,20250321,142844,000000561002,2,7.49,14.98,0.00,0.94,S,6010943969,,USD,DB
70002232,02305,01,2,20250321,142844,000000093410,0.573,3.99,2.29,0.00,0.00,S,6010943969,,USD,DB
70002232,02305,01,3,20250321,142844,000000020201,2,5.49,10.98,0.00,0.00,S,6010943969,,USD,DB
70002232,02305,01,4,20250321,142844,000004471040,2,2.49,4.98,0.00,0.31,S,6010943969,,USD,DB
70002233,02305,03,1,20250321,73909,000004492002,1,1.49,1.49,0.00,0.09,S,6032106133,,USD,CC
70002233,02305,03,2,20250321,73909,000004481002,1,7.99,7.99,0.00,0.50,S,6032106133,,USD,CC
70002233,02305,03,3,20250321,73909,000004493002,2,3.99,7.98,3.99,0.25,S,6032106133,BG25W06,USD,CC
70002234,02305,05,1,20250321,125733,000004481002,1,7.99,7.99,0.00,0.50,S,,,USD,CS
70002234,02305,05,2,20250321,125733,000000005102,1,5.49,5.49,0.00,0.00,S,,,USD,CS
70002235,02305,03,1,20250321,93436,000004471040,1,2.49,2.49,0.00,0.16,S,,,USD,GC
70002236,02305,04,1,20250321,120505,000000552002,1,3.99,3.99,0.00,0.25,S,6039660558,,USD,CC
70002237,02305,05,1,20250321,82242,000004491001,1,2.49,2.49,0.00,0.16,S,,,USD,DB
70002237,02305,05,2,20250321,82242,000000005103,3,6.99,20.97,6.99,0.00,S,,MB25W07,USD,DB
70002237,02305,05,3,20250321,82242,000000030103,1,8.99,8.99,0.00,0.00,S,,,USD,DB
70002237,02305,05,4,20250321,82242,000000552002,1,3.99,3.99,0.00,0.25,S,,,USD,DB
70002238,02305,03,1,20250321,104254,000004472002,2,4.49,8.98,0.00,0.56,S,6093783063,,USD,CS
70002238,02305,03,2,20250321,104254,000004481002,3,7.99,23.97,0.00,1.50,S,6093783063,,USD,CS
70002238,02305,03,3,20250321,104254,000000040101,1.971,18.99,37.43,0.00,0.00,S,6093783063,,USD,CS
70002238,02305,03,4,20250321,104254,000000005101,2,7.99,15.98,0.00,0.00,S,6093783063,,USD,CS
70002238,02305,03,5,20250321,104254,000004481001,3,7.99,23.97,0.00,1.50,S,6093783063,,USD,CS
70002238,02305,03,6,20250321,104254,000004493002,2,3.99,7.98,3.99,0.25,S,6093783063,BG25W06,USD,CS
70002239,02305,04,1,20250321,73109,000000030202,1,11.49,11.49,0.00,0.00,S,,,USD,DB
70002239,02305,04,2,20250321,73109,000000030203,1,8.49,8.49,0.00,0.00,S,,,USD,DB
70002239,02305,04,3,20250321,73109,000004471040,1,2.49,2.49,0.00,0.16,S,,,USD,DB
70002240,02305,02,1,20250321,153035,000000094201,2.098,1.69,3.55,0.00,0.00,S,6092587964,,USD,CS
70002240,02305,02,2,20250321,153035,000000040203,1,11.99,11.99,0.00,0.00,S,6092587964,,USD,CS
70002241,02305,05,1,20250321,91356,000000040101,0.976,18.99,18.53,0.00,0.00,S,,,USD,GC
70002241,02305,05,2,20250321,91356,000000005012,1,3.99,3.99,0.00,0.00,S,,,USD,GC
70002241,02305,05,3,20250321,91356,000004481002,1,7.99,7.99,0.00,0.50,S,,,USD,GC
70002242,02305,01,1,20250321,201630,000000094203,0.613,1.49,0.91,0.00,0.00,S,6083253817,,USD,DB
70002242,02305,01,2,20250321,201630,000000040102,1.959,16.99,33.28,0.00,0.00,S,6083253817,,USD,DB
70002242,02305,01,3,20250321,201630,000000093322,1.469,1.99,2.92,0.00,0.00,S,6083253817,,USD,DB
70002242,02305,01,4,20250321,201630,000000552002,3,3.99,11.97,3.99,0.50,S,6083253817,MB25W07,USD,DB
70002243,02305,02,1,20250321,170238,000004473002,1,2.79,2.79,0.00,0.17,S,,,USD,DB
70002244,02305,01,1,20250321,190735,000004471040,3,2.49,7.47,0.00,0.47,S,6034721228,,USD,CC
70002244,02305,01,2,20250321,190735,000000040203,1,11.99,11.99,0.00,0.00,S,6034721228,,USD,CC
70002244,02305,01,3,20250321,190735,000000020202,2,5.99,11.98,5.99,0.00,S,6034721228,BG25W06,USD,CC
70002244,02305,01,4,20250321,190735,000000030203,1,8.49,8.49,0.00,0.00,S,6034721228,,USD,CC
70002245,02305,06,1,20250321,213329,000004483002,1,3.49,3.49,0.00,0.22,S,6000307562,,USD,GC
70002245,02305,06,2,20250321,213329,000000551021,2,11.99,23.98,0.00,1.50,S,6000307562,,USD,GC
70002245,02305,06,3,20250321,213329,000004482002,1,17.99,17.99,0.00,1.12,S,6000307562,,USD,GC
70002245,02305,06,4,20250321,213329,000004481003,1,4.99,4.99,0.00,0.31,S,6000307562,,USD,GC
70002245,02305,06,5,20250321,213329,000000094101,1,3.99,3.99,0.00,0.00,S,6000307562,,USD,GC
70002245,02305,06,6,20250321,213329,000004473003,1,3.49,3.49,0.00,0.22,S,6000307562,,USD,GC
70002246,02305,03,1,20250321,102702,000000094301,1.381,4.39,6.06,0.00,0.00,S,6002877217,,USD,DB
70002246,02305,03,2,20250321,102702,000000020202,2,5.99,11.98,5.99,0.00,S,6002877217,BG25W06,USD,DB
70002246,02305,03,3,20250321,102702,000004493002,2,3.99,7.98,3.99,0.25,S,6002877217,BG25W06,USD,DB
70002246,02305,03,4,20250321,102702,000004481002,1,7.99,7.99,0.00,0.50,S,6002877217,,USD,DB
70002246,02305,03,5,20250321,102702,000000005201,2,3.99,7.98,0.00,0.00,S,6002877217,,USD,DB
70002247,03050,02,1,20250321,193336,000004492001,2,1.79,3.58,0.00,0.22,S,6016420595,,USD,DB
70002247,03050,02,2,20250321,193336,000004492002,1,1.49,1.49,0.00,0.09,S,6016420595,,USD,DB
70002248,03050,03,1,20250321,131843,000000093325,1.115,3.99,4.45,0.00,0.00,S,,,USD,CC
70002248,03050,03,2,20250321,131843,000000005102,1,5.49,5.49,0.00,0.00,S,,,USD,CC
70002248,03050,03,3,20250321,131843,000000094302,1.076,5.49,5.91,0.00,0.00,S,,,USD,CC
70002249,03050,04,1,20250321,101309,000000561002,1,7.49,7.49,0.00,0.47,S,6092624945,,USD,CS
70002249,03050,04,2,20250321,101309,000000040201,1,8.99,8.99,0.00,0.00,S,6092624945,,USD,CS
70002250,03050,01,1,20250321,170802,000000094103,1,3.79,3.79,0.00,0.00,S,6073820236,,USD,CS
70002250,03050,01,2,20250321,170802,000000093502,1,3.99,3.99,0.00,0.00,S,6073820236,,USD,CS
70002250,03050,01,3,20250321,170802,000000030103,2,8.99,17.98,0.00,0.00,S,6073820236,,USD,CS
70002250,03050,01,4,20250321,170802,000000005020,1,4.49,4.49,0.00,0.00,S,6073820236,,USD,CS
70002251,03050,04,1,20250321,124014,000004483002,1,3.49,3.49,0.00,0.22,S,,,USD,GC
70002251,03050,04,2,20250321,124014,000004472001,2,3.99,7.98,0.00,0.50,S,,,USD,GC
70002251,03050,04,3,20250321,124014,000004492003,1,2.29,2.29,0.00,0.14,S,,,USD,GC
70002251,03050,04,4,20250321,124014,000000094302,0.605,5.49,3.32,0.00,0.00,S,,,USD,GC
70002251,03050,04,5,20250321,124014,000000552001,1,4.49,4.49,0.00,0.28,S,,,USD,GC
70002251,03050,04,6,20250321,124014,000000005020,1,4.49,4.49,0.00,0.00,S,,,USD,GC
70002252,03050,01,1,20250321,154048,000004482001,1,13.99,13.99,0.00,0.87,S,,,USD,CS
70002252,03050,01,2,20250321,154048,000000094202,1.906,1.99,3.79,0.00,0.00,S,,,USD,CS
70002252,03050,01,3,20250321,154048,000004491001,3,2.49,7.47,0.00,0.47,S,,,USD,CS
70002253,03050,01,1,20250321,71320,000000562002,1,8.49,8.49,0.00,0.53,S,,,USD,DB
70002253,03050,01,2,20250321,71320,000004482002,1,17.99,17.99,0.00,1.12,S,,,USD,DB
70002254,03050,03,1,20250321,104935,000000040201,1,8.99,8.99,0.00,0.00,S,6022753046,,USD,DB
70002254,03050,03,2,20250321,104935,000000040102,1.723,16.99,29.27,0.00,0.00,S,6022753046,,USD,DB
70002254,03050,03,3,20250321,104935,000000040102,0.982,16.99,16.68,0.00,0.00,S,6022753046,,USD,DB
70002254,03050,03,4,20250321,104935,000004473002,1,2.79,2.79,0.00,0.17,S,6022753046,,USD,DB
70002255,03050,05,1,20250321,125042,000004473001,1,2.99,2.99,0.00,0.19,S,,,USD,CC
70002255,03050,05,2,20250321,125042,000000030203,3,8.49,25.47,8.49,0.00,S,,MB25W07,USD,CC
70002255,03050,05,3,20250321,125042,000000094203,1.384,1.49,2.06,0.00,0.00,S,,,USD,CC
70002255,03050,05,4,20250321,125042,000004472001,1,3.99,3.99,0.00,0.25,S,,,USD,CC
70002256,03050,05,1,20250321,141014,000004492002,1,1.49,1.49,0.00,0.09,S,6072084964,,USD,DB
70002256,03050,05,2,20250321,141014,000000093402,0.469,3.29,1.54,0.00,0.00,S,6072084964,,USD,DB
70002257,00317,03,1,20250321,152713,000004471030,1,5.39,5.39,0.00,0.34,S,,,CAD,CS
70002257,00317,03,2,20250321,152713,000004493002,2,5.39,10.78,5.39,0.34,S,,BG25W06,CAD,CS
70002258,00317,04,1,20250321,84427,000004473002,1,3.79,3.79,0.00,0.24,S,,,CAD,GC
70002258,00317,04,2,20250321,84427,000000093501,1,6.09,6.09,0.00,0.00,S,,,CAD,GC
70002258,00317,04,3,20250321,84427,000000093503,1,5.79,5.79,0.00,0.00,S,,,CAD,GC
70002259,00317,02,1,20250321,105606,000004472001,1,5.39,5.39,0.00,0.34,S,6004432701,,CAD,GC
70002260,00317,01,1,20250321,122657,000000040202,1,20.39,20.39,0.00,0.00,S,,,CAD,CC
70002260,00317,01,2,20250321,122657,000004471030,1,5.39,5.39,0.00,0.34,S,,,CAD,CC
70002261,00317,06,1,20250321,210505,000004493002,1,5.39,5.39,0.00,0.34,S,,,CAD,CS
70002261,00317,06,2,20250321,210505,000000020202,2,8.09,16.18,8.09,0.00,S,,BG25W06,CAD,CS
70002262,00317,03,1,20250321,110422,000004491001,1,3.39,3.39,0.00,0.21,S,,,CAD,DB
70002262,00317,03,2,20250321,110422,000000020202,2,8.09,16.18,8.09,0.00,S,,BG25W06,CAD,DB
70002262,00317,03,3,20250321,110422,000004481003,1,6.79,6.79,0.00,0.42,S,,,CAD,DB
70002263,00317,03,1,20250321,150921,000000020101,1,3.39,3.39,0.00,0.00,S,,,CAD,GC
70002263,00317,03,2,20250321,150921,000000093322,1.453,2.69,3.91,0.00,0.00,S,,,CAD,GC
70002263,00317,03,3,20250321,150921,000000020101,1,3.39,3.39,0.00,0.00,S,,,CAD,GC
70002263,00317,03,4,20250321,150921,000000094201,1.221,2.29,2.80,0.00,0.00,S,,,CAD,GC
70002263,00317,03,5,20250321,150921,000000551020,1,18.99,18.99,0.00,1.19,S,,,CAD,GC
70002264,00317,01,1,20250321,131427,000000040102,1.376,23.09,31.77,0.00,0.00,S,6089848416,,CAD,GC
70002264,00317,01,2,20250321,131427,000004493002,2,5.39,10.78,5.39,0.34,S,6089848416,BG25W06,CAD,GC
70002264,00317,01,3,20250321,131427,000004491001,1,3.39,3.39,0.00,0.21,S,6089848416,,CAD,GC
70002264,00317,01,4,20250321,131427,000004471040,1,3.39,3.39,0.00,0.21,S,6089848416,,CAD,GC
70002264,00317,01,5,20250321,131427,000000005013,1,5.29,5.29,0.00,0.00,S,6089848416,,CAD,GC
70002265,00317,04,1,20250321,122400,000004482003,1,7.49,7.49,0.00,0.47,S,6065240778,,CAD,CC
70002265,00317,04,2,20250321,122400,000000561001,1,13.59,13.59,0.00,0.85,S,6065240778,,CAD,CC
70002265,00317,04,3,20250321,122400,000000094201,0.924,2.29,2.12,0.00,0.00,S,6065240778,,CAD,CC
70002265,00317,04,4,20250321,122400,000004472003,1,4.49,4.49,0.00,0.28,S,6065240778,,CAD,CC
70002265,00317,04,5,20250321,122400,000000005013,1,5.29,5.29,0.00,0.00,S,6065240778,,CAD,CC
70002266,00317,05,1,20250321,113845,000004483002,1,4.69,4.69,0.00,0.29,S,6019948837,,CAD,DB
70002266,00317,05,2,20250321,113845,000000552002,1,5.39,5.39,0.00,0.34,S,6019948837,,CAD,DB
70002267,00317,06,1,20250321,161913,000004471040,1,3.39,3.39,0.00,0.21,S,6047472197,,CAD,GC
70002267,00317,06,2,20250321,161913,000004482001,1,18.99,18.99,0.00,1.19,S,6047472197,,CAD,GC
70002268,00317,03,1,20250321,140305,000004473002,1,3.79,3.79,0.00,0.24,S,,,CAD,DB
70002268,00317,03,2,20250321,140305,000000552002,3,5.39,16.17,5.39,0.67,S,,MB25W07,CAD,DB
70002269,00317,04,1,20250321,205536,000000093325,0.799,5.39,4.31,0.00,0.00,S,,,CAD,DB
70002270,00317,03,1,20250321,184231,000000030201,1,13.59,13.59,0.00,0.00,S,6099323123,,CAD,GC
70002271,01042,05,1,20250322,164257,000004472001,1,3.99,3.99,0.00,0.25,S,,,USD,DB
70002272,01042,06,1,20250322,123014,000000005102,1,5.49,5.49,0.00,0.00,S,,,USD,CC
70002273,01042,03,1,20250322,213909,000000094202,1.231,1.99,2.45,0.00,0.00,S,,,USD,DB
70002273,01042,03,2,20250322,213909,000000005202,1,5.99,5.99,0.00,0.00,S,,,USD,DB
70002273,01042,03,3,20250322,213909,000004482002,1,17.99,17.99,0.00,1.12,S,,,USD,DB
70002273,01042,03,4,20250322,213909,000004473002,1,2.79,2.79,0.00,0.17,S,,,USD,DB
70002274,01042,02,1,20250322,74500,000000040101,1.780,18.99,33.80,0.00,0.00,S,6038320603,,USD,CC
70002275,01042,06,1,20250322,90156,000000562002,2,8.49,16.98,0.00,1.06,S,,,USD,DB
70002275,01042,06,2,20250322,90156,000004491003,2,1.99,3.98,0.00,0.25,S,,,USD,DB
70002275,01042,06,3,20250322,90156,000000005103,1,6.99,6.99,0.00,0.00,S,,,USD,DB
70002276,01042,04,1,20250322,145317,000000093325,0.740,3.99,2.95,0.00,0.00,S,,,USD,GC
70002276,01042,04,2,20250322,145317,000000040102,0.987,16.99,16.77,0.00,0.00,S,,,USD,GC
70002277,01042,02,1,20250322,203819,000004471040,2,2.49,4.98,0.00,0.31,S,,,USD,GC
70002277,01042,02,2,20250322,203819,000000094103,1,3.79,3.79,0.00,0.00,S,,,USD,GC
70002277,01042,02,3,20250322,203819,000000094203,2.015,1.49,3.00,0.00,0.00,S,,,USD,GC
70002277,01042,02,4,20250322,203819,000000551021,1,11.99,11.99,0.00,0.75,S,,,USD,GC
70002278,01042,06,1,20250322,172323,000000005103,3,6.99,20.97,6.99,0.00,S,,MB25W07,USD,DB
70002278,01042,06,2,20250322,172323,000004493001,1,5.49,5.49,0.00,0.34,S,,,USD,DB
70002279,01107,03,1,20250322,194620,000000005202,1,5.99,5.99,0.00,0.00,S,,,USD,DB
70002279,01107,03,2,20250322,194620,000000020202,2,5.99,11.98,5.99,0.00,S,,BG25W06,USD,DB
70002279,01107,03,3,20250322,194620,000000020102,1,3.49,3.49,0.00,0.00,S,,,USD,DB
70002280,01107,04,1,20250322,121210,000004473002,1,2.79,2.79,0.00,0.17,R,6080185694,,USD,DB
70002281,01107,06,1,20250322,195102,000000031102,1.381,19.99,27.61,0.00,0.00,S,6088263435,,USD,DB
70002281,01107,06,2,20250322,195102,000004483001,1,4.99,4.99,0.00,0.31,S,6088263435,,USD,DB
70002281,01107,06,3,20250322,195102,000000020201,1,5.49,5.49,0.00,0.00,S,6088263435,,USD,DB
70002282,01107,01,1,20250322,200009,000004491003,1,1.99,1.99,0.00,0.12,S,,,USD,DB
70002282,01107,01,2,20250322,200009,000004472002,1,4.49,4.49,0.00,0.28,S,,,USD,DB
70002282,01107,01,3,20250322,200009,000000094201,0.372,1.69,0.63,0.00,0.00,S,,,USD,DB
70002282,01107,01,4,20250322,200009,000000005102,1,5.49,5.49,0.00,0.00,S,,,USD,DB
70002282,01107,01,5,20250322,200009,000004493001,1,5.49,5.49,0.00,0.34,S,,,USD,DB
70002283,01107,06,1,20250322,85737,000000561001,1,9.99,9.99,0.00,0.62,S,,,USD,DB
70002283,01107,06,2,20250322,85737,000000020203,2,6.49,12.98,0.00,0.00,S,,,USD,DB
70002284,01107,02,1,20250322,181740,000000005201,3,3.99,11.97,0.00,0.00,S,,,USD,CC
70002284,01107,02,2,20250322,181740,000000040202,1,14.99,14.99,0.00,0.00,S,,,USD,CC
70002284,01107,02,3,20250322,181740,000004471024,1,3.49,3.49,0.00,0.22,S,,,USD,CC
70002284,01107,02,4,20250322,181740,000004482002,1,17.99,17.99,0.00,1.12,S,,,USD,CC
70002284,01107,02,5,20250322,181740,000000093325,0.538,3.99,2.15,0.00,0.00,S,,,USD,CC
70002285,02210,06,1,20250322,160338,000004473002,1,2.79,2.79,0.00,0.17,S,6006940960,,USD,DB
70002286,02210,05,1,20250322,205155,000000030103,1,8.99,8.99,0.00,0.00,S,,,USD,CS
70002286,02210,05,2,20250322,205155,000000093503,1,4.29,4.29,0.00,0.00,S,,,USD,CS
70002287,02210,06,1,20250322,94937,000000093502,1,3.99,3.99,0.00,0.00,S,6028946420,,USD,DB
70002288,02210,01,1,20250322,112210,000000094302,2.140,5.49,11.75,0.00,0.00,S,,,USD,GC
70002288,02210,01,2,20250322,112210,000004471023,1,3.49,3.49,0.00,0.22,S,,,USD,GC
70002288,02210,01,3,20250322,112210,000000094203,0.531,1.49,0.79,0.00,0.00,S,,,USD,GC
70002288,02210,01,4,20250322,112210,000000094102,1,3.49,3.49,0.00,0.00,S,,,USD,GC
70002289,02210,04,1,20250322,144253,000000005202,1,5.99,5.99,0.00,0.00,S,,,USD,CS
70002290,02211,06,1,20250322,180721,000004481002,1,7.99,7.99,0.00,0.50,S,6060138241,,USD,DB
70002290,02211,06,2,20250322,180721,000000093325,1.394,3.99,5.56,0.00,0.00,S,6060138241,,USD,DB
70002290,02211,06,3,20250322,180721,000000005201,1,3.99,3.99,0.00,0.00,S,6060138241,,USD,DB
70002290,02211,06,4,20250322,180721,000000093322,2.134,1.99,4.25,0.00,0.00,S,6060138241,,USD,DB
70002291,02305,06,1,20250322,131550,000000030102,1,14.99,14.99,0.00,0.00,S,,,USD,DB
70002292,02305,03,1,20250322,124930,000000031102,2.086,19.99,41.70,0.00,0.00,S,,,USD,CC
70002292,02305,03,2,20250322,124930,000004473001,1,2.99,2.99,0.00,0.19,S,,,USD,CC
70002292,02305,03,3,20250322,124930,000000040101,0.836,18.99,15.88,0.00,0.00,S,,,USD,CC
70002292,02305,03,4,20250322,124930,000004491003,1,1.99,1.99,0.00,0.12,S,,,USD,CC
70002292,02305,03,5,20250322,124930,000000094201,0.278,1.69,0.47,0.00,0.00,S,,,USD,CC
70002292,02305,03,6,20250322,124930,000000020202,2,5.99,11.98,5.99,0.00,S,,BG25W06,USD,CC
70002293,02305,05,1,20250322,171028,000000020102,1,3.49,3.49,0.00,0.00,S,,,USD,GC
70002294,02305,03,1,20250322,111200,000000094301,0.366,4.39,1.61,0.00,0.00,S,,,USD,CS
70002295,02305,04,1,20250322,93503,000004481002,1,7.99,7.99,0.00,0.50,S,6032106133,,USD,DB
70002295,02305,04,2,20250322,93503,000004491003,2,1.99,3.98,0.00,0.25,S,6032106133,,USD,DB
70002295,02305,04,3,20250322,93503,000000040203,2,11.99,23.98,0.00,0.00,S,6032106133,,USD,DB
70002295,02305,04,4,20250322,93503,000000562001,1,10.99,10.99,0.00,0.69,S,6032106133,,USD,DB
70002296,02305,04,1,20250322,114812,000004482003,1,5.49,5.49,0.00,0.34,S,6054801571,,USD,CS
70002297,02305,06,1,20250322,94511,000000030201,1,9.99,9.99,0.00,0.00,S,,,USD,CS
70002297,02305,06,2,20250322,94511,000000020203,1,6.49,6.49,0.00,0.00,S,,,USD,CS
70002298,02305,02,1,20250322,74809,000000005102,1,5.49,5.49,0.00,0.00,S,,,USD,DB
70002298,02305,02,2,20250322,74809,000000030201,2,9.99,19.98,0.00,0.00,S,,,USD,DB
70002298,02305,02,3,20250322,74809,000000005103,1,6.99,6.99,0.00,0.00,S,,,USD,DB
70002298,02305,02,4,20250322,74809,000004491002,1,6.99,6.99,0.00,0.44,S,,,USD,DB
70002299,02305,05,1,20250322,172156,000000020102,1,3.49,3.49,0.00,0.00,S,,,USD,CS
70002299,02305,05,2,20250322,172156,000000561001,1,9.99,9.99,0.00,0.62,S,,,USD,CS
70002300,02305,06,1,20250322,132524,000000094102,1,3.49,3.49,0.00,0.00,S,6091093371,,USD,DB
70002301,02305,06,1,20250322,160141,000000094102,1,3.49,3.49,0.00,0.00,S,,,USD,DB
70002301,02305,06,2,20250322,160141,000004493002,2,3.99,7.98,3.99,0.25,S,,BG25W06,USD,DB
70002301,02305,06,3,20250322,160141,000000093401,0.971,5.49,5.33,0.00,0.00,S,,,USD,DB
70002301,02305,06,4,20250322,160141,000000551020,1,13.99,13.99,0.00,0.87,S,,,USD,DB
70002301,02305,06,5,20250322,160141,000004471024,1,3.49,3.49,0.00,0.22,S,,,USD,DB
70002302,02305,04,1,20250322,161310,000000005012,1,3.99,3.99,0.00,0.00,S,,,USD,CS
70002302,02305,04,2,20250322,161310,000000005012,1,3.99,3.99,0.00,0.00,S,,,USD,CS
70002303,02305,06,1,20250322,85954,000004482003,1,5.49,5.49,0.00,0.34,S,,,USD,GC
70002303,02305,06,2,20250322,85954,000000093501,1,4.49,4.49,0.00,0.00,S,,,USD,GC
70002304,02305,05,1,20250322,125001,000000005013,1,3.89,3.89,0.00,0.00,S,6002437654,,USD,DB
70002304,02305,05,2,20250322,125001,000004472003,1,3.29,3.29,0.00,0.21,S,6002437654,,USD,DB
70002304,02305,05,3,20250322,125001,000004491001,1,2.49,2.49,0.00,0.16,S,6002437654,,USD,DB
70002304,02305,05,4,20250322,125001,000000030102,2,14.99,29.98,0.00,0.00,S,6002437654,,USD,DB
70002304,02305,05,5,20250322,125001,000000030202,1,11.49,11.49,0.00,0.00,S,6002437654,,USD,DB
70002304,02305,05,6,20250322,125001,000000030203,1,8.49,8.49,0.00,0.00,S,6002437654,,USD,DB
70002305,03050,03,1,20250322,191253,000000552002,3,3.99,11.97,3.99,0.50,S,,MB25W07,USD,GC
70002305,03050,03,2,20250322,191253,000000020101,1,2.49,2.49,0.00,0.00,S,,,USD,GC
70002305,03050,03,3,20250322,191253,000004491002,1,6.99,6.99,0.00,0.44,S,,,USD,GC
70002306,03050,02,1,20250322,122924,000000040102,1.988,16.99,33.78,0.00,0.00,S,,,USD,CC
70002306,03050,02,2,20250322,122924,000000030103,1,8.99,8.99,0.00,0.00,S,,,USD,CC
70002307,03050,02,1,20250322,181854,000000093501,1,4.49,4.49,0.00,0.00,S,,,USD,CC
70002307,03050,02,2,20250322,181854,000000552002,3,3.99,11.97,3.99,0.50,S,,MB25W07,USD,CC
70002307,03050,02,3,20250322,181854,000000020103,1,4.99,4.99,0.00,0.00,S,,,USD,CC
70002307,03050,02,4,20250322,181854,000004472003,1,3.29,3.29,0.00,0.21,S,,,USD,CC
70002307,03050,02,5,20250322,181854,000000020102,1,3.49,3.49,0.00,0.00,S,,,USD,CC
70002308,03050,05,1,20250322,93611,000000020201,3,5.49,16.47,0.00,0.00,S,,,USD,CC
70002308,03050,05,2,20250322,93611,000000093402,2.054,3.29,6.76,0.00,0.00,S,,,USD,CC
70002309,03050,01,1,20250322,72158,000004471023,1,3.49,3.49,0.00,0.22,S,,,USD,DB
70002310,03050,04,1,20250322,145715,000000552001,1,4.49,4.49,0.00,0.28,S,,,USD,CS
70002310,03050,04,2,20250322,145715,000000020203,2,6.49,12.98,0.00,0.00,S,,,USD,CS
70002310,03050,04,3,20250322,145715,000004482001,1,13.99,13.99,0.00,0.87,S,,,USD,CS
70002310,03050,04,4,20250322,145715,000000040202,1,14.99,14.99,0.00,0.00,S,,,USD,CS
70002311,03050,02,1,20250322,164229,000004482003,1,5.49,5.49,0.00,0.34,S,,,USD,GC
70002311,03050,02,2,20250322,164229,000000005301,1,5.49,5.49,0.00,0.00,S,,,USD,GC
70002311,03050,02,3,20250322,164229,000000020202,2,5.99,11.98,5.99,0.00,S,,BG25W06,USD,GC
70002311,03050,02,4,20250322,164229,000000030103,1,8.99,8.99,0.00,0.00,S,,,USD,GC
70002311,03050,02,5,20250322,164229,000000093410,1.839,3.99,7.34,0.00,0.00,S,,,USD,GC
70002311,03050,02,6,20250322,164229,000004472002,2,4.49,8.98,0.00,0.56,S,,,USD,GC
70002312,03050,05,1,20250322,75725,000000093322,1.439,1.99,2.86,0.00,0.00,S,,,USD,CC
70002313,03050,02,1,20250322,193827,000000020202,2,5.99,11.98,5.99,0.00,S,6024268774,BG25W06,USD,CS
70002313,03050,02,2,20250322,193827,000004471040,1,2.49,2.49,0.00,0.16,S,6024268774,,USD,CS
70002313,03050,02,3,20250322,193827,000000005201,1,3.99,3.99,0.00,0.00,S,6024268774,,USD,CS
70002314,00317,01,1,20250322,190014,000004493002,2,5.39,10.78,5.39,0.34,S,,BG25W06,CAD,DB
70002314,00317,01,2,20250322,190014,000004491002,1,9.49,9.49,0.00,0.59,S,,,CAD,DB
70002315,00317,06,1,20250322,81204,000000093322,0.806,2.69,2.17,0.00,0.00,S,,,CAD,DB
70002316,00317,02,1,20250322,114440,000000030201,2,13.59,27.18,0.00,0.00,S,6001322342,,CAD,GC
70002316,00317,02,2,20250322,114440,000004472002,1,6.09,6.09,0.00,0.38,S,6001322342,,CAD,GC
70002316,00317,02,3,20250322,114440,000000093402,1.917,4.49,8.61,0.00,0.00,S,6001322342,,CAD,GC
70002316,00317,02,4,20250322,114440,000004482002,1,24.49,24.49,0.00,1.53,S,6001322342,,CAD,GC
70002316,00317,02,5,20250322,114440,000000094101,1,5.39,5.39,0.00,0.00,S,6001322342,,CAD,GC
70002317,00317,05,1,20250322,204051,000000040201,1,12.19,12.19,0.00,0.00,S,,,CAD,DB
70002317,00317,05,2,20250322,204051,000000093402,1.407,4.49,6.32,0.00,0.00,S,,,CAD,DB
70002318,00317,02,1,20250322,150906,000004492002,1,1.99,1.99,0.00,0.12,S,6042954316,,CAD,CS
70002318,00317,02,2,20250322,150906,000000040201,2,12.19,24.38,0.00,0.00,S,6042954316,,CAD,CS
70002318,00317,02,3,20250322,150906,000000552002,3,5.39,16.17,5.39,0.67,S,6042954316,MB25W07,CAD,CS
70002318,00317,02,4,20250322,150906,000000030203,1,11.49,11.49,0.00,0.00,S,6042954316,,CAD,CS
70002318,00317,02,5,20250322,150906,000000005020,1,6.09,6.09,0.00,0.00,S,6042954316,,CAD,CS
70002319,00317,04,1,20250322,80320,000000020202,2,8.09,16.18,8.09,0.00,S,,BG25W06,CAD,CS
70002319,00317,04,2,20250322,80320,000000040101,0.379,25.79,9.77,0.00,0.00,S,,,CAD,CS
70002319,00317,04,3,20250322,80320,000000093501,1,6.09,6.09,0.00,0.00,S,,,CAD,CS
70002319,00317,04,4,20250322,80320,000000552001,1,6.09,6.09,0.00,0.38,S,,,CAD,CS
70002320,00317,02,1,20250322,155545,000000094301,1.240,5.99,7.43,0.00,0.00,S,6086879374,,CAD,GC
70002320,00317,02,2,20250322,155545,000000005101,1,10.89,10.89,0.00,0.00,S,6086879374,,CAD,GC
70002321,00317,06,1,20250322,115106,000000031101,1.419,33.99,48.23,0.00,0.00,S,,,CAD,CC
70002321,00317,06,2,20250322,115106,000000020102,1,4.69,4.69,0.00,0.00,S,,,CAD,CC
70002321,00317,06,3,20250322,115106,000004493002,2,5.39,10.78,5.39,0.34,S,,BG25W06,CAD,CC
70002321,00317,06,4,20250322,115106,000000030102,2,20.39,40.78,0.00,0.00,S,,,CAD,CC
70002322,00317,04,1,20250322,82832,000000093501,1,6.09,6.09,0.00,0.00,S,,,CAD,CC
70002322,00317,04,2,20250322,82832,000000093502,1,5.39,5.39,0.00,0.00,S,,,CAD,CC
70002322,00317,04,3,20250322,82832,000000005102,1,7.49,7.49,0.00,0.00,S,,,CAD,CC
70002323,00317,06,1,20250322,151948,000004473003,1,4.69,4.69,0.00,0.29,S,,,CAD,GC
70002323,00317,06,2,20250322,151948,000004471023,1,4.69,4.69,0.00,0.29,S,,,CAD,GC
70002323,00317,06,3,20250322,151948,000000020102,3,4.69,14.07,0.00,0.00,S,,,CAD,GC
70002324,00317,04,1,20250322,151828,000000094202,0.727,2.69,1.96,0.00,0.00,S,,,CAD,DB
70002324,00317,04,2,20250322,151828,000000040203,1,16.29,16.29,0.00,0.00,S,,,CAD,DB
70002324,00317,04,3,20250322,151828,000000020101,1,3.39,3.39,0.00,0.00,S,,,CAD,DB
70002325,00317,02,1,20250322,105605,000000005103,1,9.49,9.49,0.00,0.00,S,,,CAD,DB
70002325,00317,02,2,20250322,105605,000004472003,1,4.49,4.49,0.00,0.28,S,,,CAD,DB
70002325,00317,02,3,20250322,105605,000000094302,1.331,7.49,9.97,0.00,0.00,S,,,CAD,DB
70002325,00317,02,4,20250322,105605,000004492002,1,1.99,1.99,0.00,0.12,S,,,CAD,DB
70002325,00317,02,5,20250322,105605,000004493002,2,5.39,10.78,5.39,0.34,S,,BG25W06,CAD,DB
70002326,00317,06,1,20250322,75217,000004481003,1,6.79,6.79,0.00,0.42,S,,,CAD,CC
70002326,00317,06,2,20250322,75217,000000551020,1,18.99,18.99,0.00,1.19,S,,,CAD,CC
70002327,00317,03,1,20250322,190712,000004492003,2,3.09,6.18,0.00,0.39,S,,,CAD,CC
70002327,00317,03,2,20250322,190712,000004481002,1,10.89,10.89,0.00,0.68,S,,,CAD,CC
70002328,00317,06,1,20250322,180547,000000093501,3,6.09,18.27,0.00,0.00,S,,,CAD,CC
70002328,00317,06,2,20250322,180547,000000040202,2,20.39,40.78,0.00,0.00,S,,,CAD,CC
70002328,00317,06,3,20250322,180547,000004482002,2,24.49,48.98,0.00,3.06,S,,,CAD,CC
70002328,00317,06,4,20250322,180547,000000020103,1,6.79,6.79,0.00,0.00,S,,,CAD,CC
70002328,00317,06,5,20250322,180547,000000040201,1,12.19,12.19,0.00,0.00,S,,,CAD,CC
70002329,01042,04,1,20250323,71212,000000020103,1,4.99,4.99,0.00,0.00,S,6080715695,,USD,CC
70002329,01042,04,2,20250323,71212,000000093410,0.541,3.99,2.16,0.00,0.00,S,6080715695,,USD,CC
70002329,01042,04,3,20250323,71212,000000005013,2,3.89,7.78,0.00,0.00,S,6080715695,,USD,CC
70002329,01042,04,4,20250323,71212,000004482001,1,13.99,13.99,0.00,0.87,S,6080715695,,USD,CC
70002329,01042,04,5,20250323,71212,000000005301,2,5.49,10.98,0.00,0.00,S,6080715695,,USD,CC
70002329,01042,04,6,20250323,71212,000004491003,3,1.99,5.97,1.99,0.25,S,6080715695,MB25W08,USD,CC
70002330,01042,02,1,20250323,195122,000004483001,1,4.99,4.99,0.00,0.31,S,6090874064,,USD,DB
70002331,01042,02,1,20250323,122119,000000030202,2,11.49,22.98,0.00,0.00,S,,,USD,GC
70002331,01042,02,2,20250323,122119,000000005101,3,7.99,23.97,0.00,0.00,S,,,USD,GC
70002331,01042,02,3,20250323,122119,000004473003,1,3.49,3.49,0.00,0.22,S,,,USD,GC
70002331,01042,02,4,20250323,122119,000000094301,1.312,4.39,5.76,0.00,0.00,S,,,USD,GC
70002332,01042,02,1,20250323,101145,000000094201,1.986,1.69,3.36,0.00,0.00,S,6098808583,,USD,CS
70002332,01042,02,2,20250323,101145,000000093502,1,3.99,3.99,0.00,0.00,S,6098808583,,USD,CS
70002332,01042,02,3,20250323,101145,000000005102,3,5.49,16.47,0.00,0.00,S,6098808583,,USD,CS
70002333,01107,05,1,20250323,114601,000000005202,2,5.99,11.98,0.00,0.00,S,,,USD,DB
70002333,01107,05,2,20250323,114601,000000040102,1.718,16.99,29.19,7.30,0.00,S,,PC25W08,USD,DB
70002333,01107,05,3,20250323,114601,000000020101,2,2.49,4.98,1.25,0.00,S,,PC25W08,USD,DB
70002333,01107,05,4,20250323,114601,000004492002,3,1.49,4.47,1.49,0.19,S,,MB25W08,USD,DB
70002333,01107,05,5,20250323,114601,000004492002,3,1.49,4.47,1.49,0.19,S,,MB25W08,USD,DB
70002334,02210,01,1,20250323,142735,000004471024,2,3.49,6.98,0.00,0.44,S,,,USD,GC
70002334,02210,01,2,20250323,142735,000000561001,1,9.99,9.99,0.00,0.62,S,,,USD,GC
70002334,02210,01,3,20250323,142735,000000040202,1,14.99,14.99,3.75,0.00,S,,PC25W08,USD,GC
70002334,02210,01,4,20250323,142735,000000093321,2.043,1.49,3.04,0.00,0.00,S,,,USD,GC
70002335,02210,04,1,20250323,92248,000004471030,3,3.99,11.97,3.99,0.50,S,6038569557,MB25W08,USD,CS
70002336,02210,04,1,20250323,182326,000004471023,1,3.49,3.49,0.00,0.22,S,6091251778,,USD,DB
70002336,02210,04,2,20250323,182326,000000093401,1.785,5.49,9.80,0.00,0.00,S,6091251778,,USD,DB
70002336,02210,04,3,20250323,182326,000000030201,1,9.99,9.99,0.00,0.00,S,6091251778,,USD,DB
70002336,02210,04,4,20250323,182326,000000030202,1,11.49,11.49,0.00,0.00,S,6091251778,,USD,DB
70002336,02210,04,5,20250323,182326,000000040202,1,14.99,14.99,3.75,0.00,S,6091251778,PC25W08,USD,DB
70002336,02210,04,6,20250323,182326,000000030203,1,8.49,8.49,0.00,0.00,S,6091251778,,USD,DB
70002337,02210,06,1,20250323,142513,000000094201,1.666,1.69,2.82,0.00,0.00,S,6085758512,,USD,CS
70002337,02210,06,2,20250323,142513,000004471030,1,3.99,3.99,0.00,0.25,S,6085758512,,USD,CS
70002337,02210,06,3,20250323,142513,000000040102,1.833,16.99,31.14,7.79,0.00,S,6085758512,PC25W08,USD,CS
70002338,02210,03,1,20250323,173047,000004471023,1,3.49,3.49,0.00,0.22,S,,,USD,GC
70002338,02210,03,2,20250323,173047,000004482003,1,5.49,5.49,0.00,0.34,S,,,USD,GC
70002338,02210,03,3,20250323,173047,000000094202,1.171,1.99,2.33,0.00,0.00,S,,,USD,GC
70002339,02210,03,1,20250323,160036,000004492003,1,2.29,2.29,0.00,0.14,S,6021556684,,USD,GC
70002339,02210,03,2,20250323,160036,000000005103,1,6.99,6.99,0.00,0.00,S,6021556684,,USD,GC
70002339,02210,03,3,20250323,160036,000000005012,1,3.99,3.99,0.00,0.00,S,6021556684,,USD,GC
70002340,02210,04,1,20250323,154835,000000005102,1,5.49,5.49,0.00,0.00,S,,,USD,CC
70002340,02210,04,2,20250323,154835,000004491003,3,1.99,5.97,1.99,0.25,S,,MB25W08,USD,CC
70002340,02210,04,3,20250323,154835,000004493002,3,3.99,11.97,2.99,0.56,S,,PC25W08,USD,CC
70002340,02210,04,4,20250323,154835,000000005201,1,3.99,3.99,0.00,0.00,S,,,USD,CC
70002340,02210,04,5,20250323,154835,000000005302,1,3.49,3.49,0.00,0.00,S,,,USD,CC
70002340,02210,04,6,20250323,154835,000004472002,2,4.49,8.98,0.00,0.56,S,,,USD,CC
70002340,02210,04,7,20250323,154835,000000005102,1,5.49,5.49,0.00,0.00,V,,,USD,CC
70002341,02210,03,1,20250323,113949,000004481002,1,7.99,7.99,0.00,0.50,S,,,USD,DB
70002341,02210,03,2,20250323,113949,000000562001,1,10.99,10.99,0.00,0.69,S,,,USD,DB
70002341,02210,03,3,20250323,113949,000000093321,0.765,1.49,1.14,0.00,0.00,S,,,USD,DB
70002341,02210,03,4,20250323,113949,000000093401,0.525,5.49,2.88,0.00,0.00,S,,,USD,DB
70002341,02210,03,5,20250323,113949,000000094301,1.608,4.39,7.06,0.00,0.00,S,,,USD,DB
70002342,02210,04,1,20250323,134945,000000093402,1.925,3.29,6.33,0.00,0.00,S,,,USD,DB
70002342,02210,04,2,20250323,134945,000004471024,1,3.49,3.49,0.00,0.22,S,,,USD,DB
70002342,02210,04,3,20250323,134945,000004481002,1,7.99,7.99,0.00,0.50,S,,,USD,DB
70002343,02210,02,1,20250323,124555,000000562001,1,10.99,10.99,0.00,0.69,S,6021697972,,USD,CS
70002344,02211,05,1,20250323,113600,000000005012,1,3.99,3.99,0.00,0.00,S,,,USD,DB
70002344,02211,05,2,20250323,113600,000004491003,3,1.99,5.97,1.99,0.25,S,,MB25W08,USD,DB
70002344,02211,05,3,20250323,113600,000000005302,1,3.49,3.49,0.00,0.00,S,,,USD,DB
70002344,02211,05,4,20250323,113600,000000005102,1,5.49,5.49,0.00,0.00,S,,,USD,DB
70002344,02211,05,5,20250323,113600,000000005301,1,5.49,5.49,0.00,0.00,S,,,USD,DB
70002344,02211,05,6,20250323,113600,000000040101,2.179,18.99,41.38,0.00,0.00,S,,,USD,DB
70002345,02211,02,1,20250323,70606,000004493001,2,5.49,10.98,0.00,0.69,S,,,USD,DB
70002345,02211,02,2,20250323,70606,000004491001,1,2.49,2.49,0.00,0.16,S,,,USD,DB
70002345,02211,02,3,20250323,70606,000000020103,1,4.99,4.99,0.00,0.00,S,,,USD,DB
70002345,02211,02,4,20250323,70606,000000020101,1,2.49,2.49,0.62,0.00,S,,PC25W08,USD,DB
70002346,02211,01,1,20250323,125136,000000005012,1,3.99,3.99,0.00,0.00,S,,,USD,CC
70002346,02211,01,2,20250323,125136,000000040101,0.522,18.99,9.91,0.00,0.00,S,,,USD,CC
70002346,02211,01,3,20250323,125136,000000005202,1,5.99,5.99,0.00,0.00,S,,,USD,CC
70002346,02211,01,4,20250323,125136,000000020102,1,3.49,3.49,0.00,0.00,S,,,USD,CC
70002346,02211,01,5,20250323,125136,000000005201,1,3.99,3.99,0.00,0.00,S,,,USD,CC
70002346,02211,01,6,20250323,125136,000004473003,1,3.49,3.49,0.00,0.22,S,,,USD,CC
70002347,02211,02,1,20250323,74315,000000561002,1,7.49,7.49,0.00,0.47,S,,,USD,DB
70002347,02211,02,2,20250323,74315,000000005102,2,5.49,10.98,0.00,0.00,S,,,USD,DB
70002348,02211,06,1,20250323,163847,000004492001,1,1.79,1.79,0.00,0.11,S,,,USD,GC
70002348,02211,06,2,20250323,163847,000000020101,2,2.49,4.98,1.25,0.00,S,,PC25W08,USD,GC
70002348,02211,06,3,20250323,163847,000004472002,1,4.49,4.49,0.00,0.28,S,,,USD,GC
70002348,02211,06,4,20250323,163847,000000020102,1,3.49,3.49,0.00,0.00,S,,,USD,GC
70002348,02211,06,5,20250323,163847,000004491002,1,6.99,6.99,0.00,0.44,S,,,USD,GC
70002349,02211,02,1,20250323,90354,000004482002,1,17.99,17.99,0.00,1.12,S,,,USD,DB
70002349,02211,02,2,20250323,90354,000000020101,1,2.49,2.49,0.62,0.00,S,,PC25W08,USD,DB
70002349,02211,02,3,20250323,90354,000000040102,1.129,16.99,19.18,4.79,0.00,S,,PC25W08,USD,DB
70002350,02211,06,1,20250323,121645,000000040201,1,8.99,8.99,0.00,0.00,S,,,USD,CC
70002350,02211,06,2,20250323,121645,000000005301,2,5.49,10.98,0.00,0.00,S,,,USD,CC
70002351,02305,06,1,20250323,140241,000000005103,3,6.99,20.97,0.00,0.00,S,,,USD,CS
70002351,02305,06,2,20250323,140241,000004473001,1,2.99,2.99,0.00,0.19,S,,,USD,CS
70002351,02305,06,3,20250323,140241,000000005301,1,5.49,5.49,0.00,0.00,S,,,USD,CS
70002351,02305,06,4,20250323,140241,000004481001,1,7.99,7.99,0.00,0.50,S,,,USD,CS
70002352,02305,01,1,20250323,133932,000000094102,1,3.49,3.49,0.00,0.00,S,,,USD,CC
70002352,02305,01,2,20250323,133932,000000094301,1.801,4.39,7.91,0.00,0.00,S,,,USD,CC
70002352,02305,01,3,20250323,133932,000000005102,1,5.49,5.49,0.00,0.00,S,,,USD,CC
70002353,02305,05,1,20250323,130008,000004482001,1,13.99,13.99,0.00,0.87,S,6037213290,,USD,DB
70002353,02305,05,2,20250323,130008,000000093503,1,4.29,4.29,0.00,0.00,S,6037213290,,USD,DB
70002353,02305,05,3,20250323,130008,000000020102,1,3.49,3.49,0.00,0.00,S,6037213290,,USD,DB
70002353,02305,05,4,20250323,130008,000000094203,1.125,1.49,1.68,0.00,0.00,S,6037213290,,USD,DB
70002353,02305,05,5,20250323,130008,000004492001,1,1.79,1.79,0.00,0.11,S,6037213290,,USD,DB
70002353,02305,05,6,20250323,130008,000000020101,1,2.49,2.49,0.62,0.00,S,6037213290,PC25W08,USD,DB
70002354,02305,05,1,20250323,114402,000000005102,1,5.49,5.49,0.00,0.00,S,,,USD,DB
70002354,02305,05,2,20250323,114402,000000094103,1,3.79,3.79,0.00,0.00,S,,,USD,DB
70002354,02305,05,3,20250323,114402,000004493001,1,5.49,5.49,0.00,0.34,S,,,USD,DB
70002354,02305,05,4,20250323,114402,000000030203,1,8.49,8.49,0.00,0.00,S,,,USD,DB
70002355,02305,02,1,20250323,204616,000000093321,0.449,1.49,0.67,0.00,0.00,S,6082210217,,USD,DB
70002355,02305,02,2,20250323,204616,000004482001,1,13.99,13.99,0.00,0.87,S,6082210217,,USD,DB
70002355,02305,02,3,20250323,204616,000004472002,2,4.49,8.98,0.00,0.56,S,6082210217,,USD,DB
70002355,02305,02,4,20250323,204616,000004473003,1,3.49,3.49,0.00,0.22,S,6082210217,,USD,DB
70002355,02305,02,5,20250323,204616,000000031102,1.018,19.99,20.35,0.00,0.00,S,6082210217,,USD,DB
70002356,02305,04,1,20250323,123602,000000030101,1,6.99,6.99,0.00,0.00,R,6028397620,,USD,CS
70002357,02305,02,1,20250323,170702,000000020101,1,2.49,2.49,0.62,0.00,S,6007392013,PC25W08,USD,DB
70002357,02305,02,2,20250323,170702,000004471030,3,3.99,11.97,3.99,0.50,S,6007392013,MB25W08,USD,DB
70002357,02305,02,3,20250323,170702,000000093325,2.155,3.99,8.60,0.00,0.00,S,6007392013,,USD,DB
70002357,02305,02,4,20250323,170702,000000005102,1,5.49,5.49,0.00,0.00,S,6007392013,,USD,DB
70002358,02305,03,1,20250323,180633,000000020202,1,5.99,5.99,0.00,0.00,S,,,USD,CC
70002359,02305,05,1,20250323,142356,000004491002,1,6.99,6.99,0.00,0.44,S,,,USD,CS
70002359,02305,05,2,20250323,142356,000000005302,2,3.49,6.98,0.00,0.00,S,,,USD,CS
70002359,02305,05,3,20250323,142356,000000093410,0.470,3.99,1.88,0.00,0.00,S,,,USD,CS
70002359,02305,05,4,20250323,142356,000000005301,1,5.49,5.49,0.00,0.00,S,,,USD,CS
70002359,02305,05,5,20250323,142356,000004471040,1,2.49,2.49,0.00,0.16,S,,,USD,CS
70002360,02305,05,1,20250323,213256,000000040102,1.755,16.99,29.82,7.46,0.00,S,6061675677,PC25W08,USD,CC
70002360,02305,05,2,20250323,213256,000000005103,1,6.99,6.99,0.00,0.00,S,6061675677,,USD,CC
70002360,02305,05,3,20250323,213256,000000093402,0.637,3.29,2.10,0.00,0.00,S,6061675677,,USD,CC
70002360,02305,05,4,20250323,213256,000000005103,2,6.99,13.98,0.00,0.00,S,6061675677,,USD,CC
70002361,02305,06,1,20250323,192022,000000094203,1.403,1.49,2.09,0.00,0.00,S,,,USD,DB
70002361,02305,06,2,20250323,192022,000004483002,1,3.49,3.49,0.00,0.22,S,,,USD,DB
70002362,02305,02,1,20250323,70548,000004481002,1,7.99,7.99,0.00,0.50,S,,,USD,CC
70002362,02305,02,2,20250323,70548,000004493001,2,5.49,10.98,0.00,0.69,S,,,USD,CC
70002362,02305,02,3,20250323,70548,000000020102,2,3.49,6.98,0.00,0.00,S,,,USD,CC
70002362,02305,02,4,20250323,70548,000004481002,1,7.99,7.99,0.00,0.50,S,,,USD,CC
70002363,02305,04,1,20250323,144906,000004482002,1,17.99,17.99,0.00,1.12,S,,,USD,CC
70002363,02305,04,2,20250323,144906,000000093501,2,4.49,8.98,0.00,0.00,S,,,USD,CC
70002363,02305,04,3,20250323,144906,000000020203,1,6.49,6.49,0.00,0.00,S,,,USD,CC
70002363,02305,04,4,20250323,144906,000004473001,1,2.99,2.99,0.00,0.19,S,,,USD,CC
70002363,02305,04,5,20250323,144906,000000030103,1,8.99,8.99,0.00,0.00,S,,,USD,CC
70002363,02305,04,6,20250323,144906,000000030103,1,8.99,8.99,0.00,0.00,S,,,USD,CC
70002364,02305,04,1,20250323,81649,000000094103,3,3.79,11.37,3.79,0.00,S,,MB25W08,USD,CC
70002364,02305,04,2,20250323,81649,000004492003,3,2.29,6.87,0.00,0.43,S,,,USD,CC
70002365,03050,02,1,20250323,105752,000000030201,2,9.99,19.98,0.00,0.00,S,,,USD,GC
70002366,03050,02,1,20250323,201500,000004472001,1,3.99,3.99,0.00,0.25,S,,,USD,DB
70002366,03050,02,2,20250323,201500,000004471030,2,3.99,7.98,0.00,0.50,S,,,USD,DB
70002366,03050,02,3,20250323,201500,000004492001,3,1.79,5.37,0.00,0.34,S,,,USD,DB
70002366,03050,02,4,20250323,201500,000000094201,1.234,1.69,2.09,0.00,0.00,S,,,USD,DB
70002367,03050,01,1,20250323,195953,000004473001,3,2.99,8.97,0.00,0.56,S,,,USD,CC
70002367,03050,01,2,20250323,195953,000004471030,1,3.99,3.99,0.00,0.25,S,,,USD,CC
70002367,03050,01,3,20250323,195953,000000040201,1,8.99,8.99,0.00,0.00,S,,,USD,CC
70002368,03050,04,1,20250323,201005,000000094202,2.077,1.99,4.13,0.00,0.00,S,6090463766,,USD,GC
70002368,03050,04,2,20250323,201005,000000005020,1,4.49,4.49,0.00,0.00,S,6090463766,,USD,GC
70002368,03050,04,3,20250323,201005,000000040102,1.147,16.99,19.49,4.87,0.00,S,6090463766,PC25W08,USD,GC
70002368,03050,04,4,20250323,201005,000000552001,2,4.49,8.98,2.25,0.42,S,6090463766,PC25W08,USD,GC
70002368,03050,04,5,20250323,201005,000004491001,1,2.49,2.49,0.00,0.16,S,6090463766,,USD,GC
70002368,03050,04,6,20250323,201005,000004482003,1,5.49,5.49,0.00,0.34,S,6090463766,,USD,GC
70002369,03050,02,1,20250323,114705,000004473002,1,2.79,2.79,0.00,0.17,S,6013717850,,USD,CC
70002369,03050,02,2,20250323,114705,000000093502,1,3.99,3.99,0.00,0.00,S,6013717850,,USD,CC
70002369,03050,02,3,20250323,114705,000000562002,2,8.49,16.98,0.00,1.06,S,6013717850,,USD,CC
70002370,03050,02,1,20250323,91705,000004471030,2,3.99,7.98,0.00,0.50,S,,,USD,CC
70002370,03050,02,2,20250323,91705,000000030201,1,9.99,9.99,0.00,0.00,S,,,USD,CC
70002370,03050,02,3,20250323,91705,000000020101,1,2.49,2.49,0.62,0.00,S,,PC25W08,USD,CC
70002370,03050,02,4,20250323,91705,000004471030,3,3.99,11.97,3.99,0.50,S,,MB25W08,USD,CC
70002371,03050,05,1,20250323,105916,000000094202,0.344,1.99,0.68,0.00,0.00,S,,,USD,CS
70002371,03050,05,2,20250323,105916,000004471024,2,3.49,6.98,0.00,0.44,S,,,USD,CS
70002371,03050,05,3,20250323,105916,000004491003,2,1.99,3.98,0.00,0.25,S,,,USD,CS
70002371,03050,05,4,20250323,105916,000004492001,1,1.79,1.79,0.00,0.11,S,,,USD,CS
70002371,03050,05,5,20250323,105916,000000005012,1,3.99,3.99,0.00,0.00,S,,,USD,CS
70002371,03050,05,6,20250323,105916,000000093402,1.379,3.29,4.54,0.00,0.00,S,,,USD,CS
70002372,03050,05,1,20250323,163506,000004471024,1,3.49,3.49,0.00,0.22,S,,,USD,DB
70002372,03050,05,2,20250323,163506,000000040202,1,14.99,14.99,3.75,0.00,S,,PC25W08,USD,DB
70002372,03050,05,3,20250323,163506,000004471024,2,3.49,6.98,0.00,0.44,S,,,USD,DB
70002372,03050,05,4,20250323,163506,000004493002,1,3.99,3.99,1.00,0.19,S,,PC25W08,USD,DB
70002372,03050,05,5,20250323,163506,000004471030,1,3.99,3.99,0.00,0.25,S,,,USD,DB
70002372,03050,05,6,20250323,163506,000000562001,2,10.99,21.98,0.00,1.37,S,,,USD,DB
70002373,03050,01,1,20250323,154643,000000005013,1,3.89,3.89,0.00,0.00,S,,,USD,CS
70002373,03050,01,2,20250323,154643,000000094202,0.866,1.99,1.72,0.00,0.00,S,,,USD,CS
70002373,03050,01,3,20250323,154643,000000005020,1,4.49,4.49,0.00,0.00,S,,,USD,CS
70002373,03050,01,4,20250323,154643,000004492002,1,1.49,1.49,0.00,0.09,S,,,USD,CS
70002374,03050,06,1,20250323,75717,000004492002,1,1.49,1.49,0.00,0.09,S,6006157276,,USD,GC
70002374,03050,06,2,20250323,75717,000000094201,2.070,1.69,3.50,0.00,0.00,S,6006157276,,USD,GC
70002374,03050,06,3,20250323,75717,000000040202,2,14.99,29.98,7.50,0.00,S,6006157276,PC25W08,USD,GC
70002374,03050,06,4,20250323,75717,000000561001,1,9.99,9.99,0.00,0.62,S,6006157276,,USD,GC
70002375,03050,03,1,20250323,155854,000000552002,1,3.99,3.99,0.00,0.25,S,,,USD,GC
70002375,03050,03,2,20250323,155854,000004483002,2,3.49,6.98,0.00,0.44,S,,,USD,GC
70002375,03050,03,3,20250323,155854,000004473001,1,2.99,2.99,0.00,0.19,S,,,USD,GC
70002375,03050,03,4,20250323,155854,000000020103,2,4.99,9.98,0.00,0.00,S,,,USD,GC
70002376,03050,02,1,20250323,160358,000000005012,2,3.99,7.98,0.00,0.00,S,,,USD,DB
70002376,03050,02,2,20250323,160358,000004481002,2,7.99,15.98,0.00,1.00,S,,,USD,DB
70002376,03050,02,3,20250323,160358,000000005101,1,7.99,7.99,0.00,0.00,S,,,USD,DB
70002376,03050,02,4,20250323,160358,000004471040,1,2.49,2.49,0.00,0.16,S,,,USD,DB
70002376,03050,02,5,20250323,160358,000004491001,1,2.49,2.49,0.00,0.16,S,,,USD,DB
70002376,03050,02,6,20250323,160358,000000005201,1,3.99,3.99,0.00,0.00,S,,,USD,DB
70002377,00317,05,1,20250323,122308,000000040201,1,12.19,12.19,0.00,0.00,S,,,CAD,DB
70002378,00317,04,1,20250323,132619,000004472002,2,6.09,12.18,0.00,0.76,S,,,CAD,DB
70002378,00317,04,2,20250323,132619,000000030201,1,13.59,13.59,0.00,0.00,S,,,CAD,DB
70002378,00317,04,3,20250323,132619,000000562002,1,11.49,11.49,0.00,0.72,S,,,CAD,DB
70002378,00317,04,4,20250323,132619,000000005101,1,10.89,10.89,0.00,0.00,S,,,CAD,DB
70002379,00317,01,1,20250323,212236,000000040202,1,20.39,20.39,5.10,0.00,S,,PC25W08,CAD,DB
70002379,00317,01,2,20250323,212236,000004492002,1,1.99,1.99,0.00,0.12,S,,,CAD,DB
70002379,00317,01,3,20250323,212236,000000020202,1,8.09,8.09,0.00,0.00,S,,,CAD,DB
70002379,00317,01,4,20250323,212236,000000040201,1,12.19,12.19,0.00,0.00,S,,,CAD,DB
70002379,00317,01,5,20250323,212236,000000040203,1,16.29,16.29,0.00,0.00,S,,,CAD,DB
70002380,00317,01,1,20250323,82735,000000093502,3,5.39,16.17,0.00,0.00,S,,,CAD,GC
70002380,00317,01,2,20250323,82735,000004491002,1,9.49,9.49,0.00,0.59,S,,,CAD,GC
70002381,00317,03,1,20250323,213731,000000030103,1,12.19,12.19,0.00,0.00,S,,,CAD,GC
70002381,00317,03,2,20250323,213731,000000093321,0.448,1.99,0.89,0.00,0.00,S,,,CAD,GC
70002381,00317,03,3,20250323,213731,000000040202,1,20.39,20.39,5.10,0.00,S,,PC25W08,CAD,GC
70002381,00317,03,4,20250323,213731,000004491002,1,9.49,9.49,0.00,0.59,S,,,CAD,GC
70002381,00317,03,5,20250323,213731,000000005202,1,8.09,8.09,0.00,0.00,S,,,CAD,GC
70002382,00317,06,1,20250323,112056,000000020103,2,6.79,13.58,0.00,0.00,S,6087920698,,CAD,GC
70002382,00317,06,2,20250323,112056,000000093401,1.384,7.49,10.37,0.00,0.00,S,6087920698,,CAD,GC
70002382,00317,06,3,20250323,112056,000000561002,2,10.19,20.38,0.00,1.27,S,6087920698,,CAD,GC
70002382,00317,06,4,20250323,112056,000000093503,1,5.79,5.79,0.00,0.00,S,6087920698,,CAD,GC
70002382,00317,06,5,20250323,112056,000000005102,1,7.49,7.49,0.00,0.00,S,6087920698,,CAD,GC
70002382,00317,06,6,20250323,112056,000000040102,0.418,23.09,9.65,2.41,0.00,S,6087920698,PC25W08,CAD,GC
70002383,00317,06,1,20250323,71614,000004473001,1,4.09,4.09,0.00,0.26,S,6005973642,,CAD,DB
70002383,00317,06,2,20250323,71614,000000094202,0.788,2.69,2.12,0.00,0.00,S,6005973642,,CAD,DB
70002383,00317,06,3,20250323,71614,000000094103,3,5.19,15.57,5.19,0.00,S,6005973642,MB25W08,CAD,DB
70002383,00317,06,4,20250323,71614,000004491003,3,2.69,8.07,2.69,0.34,S,6005973642,MB25W08,CAD,DB
70002384,00317,02,1,20250323,114422,000004491002,1,9.49,9.49,0.00,0.59,S,6077680898,,CAD,CC
70002384,00317,02,2,20250323,114422,000004493001,3,7.49,22.47,0.00,1.40,S,6077680898,,CAD,CC
70002384,00317,02,3,20250323,114422,000000093502,2,5.39,10.78,0.00,0.00,S,6077680898,,CAD,CC
70002385,01042,04,1,20250324,90559,000000020101,1,2.49,2.49,0.62,0.00,S,6040376137,PC25W08,USD,CC
70002385,01042,04,2,20250324,90559,000004493002,2,3.99,7.98,2.00,0.37,S,6040376137,PC25W08,USD,CC
70002385,01042,04,3,20250324,90559,000000005302,1,3.49,3.49,0.00,0.00,S,6040376137,,USD,CC
70002385,01042,04,4,20250324,90559,000000005020,1,4.49,4.49,0.00,0.00,S,6040376137,,USD,CC
70002385,01042,04,5,20250324,90559,000000040203,1,11.99,11.99,0.00,0.00,S,6040376137,,USD,CC
70002385,01042,04,6,20250324,90559,000000094103,1,3.79,3.79,0.00,0.00,S,6040376137,,USD,CC
70002386,01042,04,1,20250324,93443,000000040102,0.691,16.99,11.74,2.94,0.00,S,6008424560,PC25W08,USD,CC
70002387,01042,03,1,20250324,164908,000000040202,1,14.99,14.99,3.75,0.00,S,6098819277,PC25W08,USD,DB
70002387,01042,03,2,20250324,164908,000000020202,1,5.99,5.99,0.00,0.00,S,6098819277,,USD,DB
70002387,01042,03,3,20250324,164908,000000094302,2.121,5.49,11.64,0.00,0.00,S,6098819277,,USD,DB
70002387,01042,03,4,20250324,164908,000004471024,1,3.49,3.49,0.00,0.22,S,6098819277,,USD,DB
70002388,01042,01,1,20250324,111932,000000005101,1,7.99,7.99,0.00,0.00,S,,,USD,DB
70002389,01107,04,1,20250324,122150,000004493002,1,3.99,3.99,1.00,0.19,S,,PC25W08,USD,CC
70002389,01107,04,2,20250324,122150,000000040201,1,8.99,8.99,0.00,0.00,S,,,USD,CC
70002390,01107,05,1,20250324,123024,000004482001,1,13.99,13.99,0.00,0.87,S,,,USD,CS
70002390,01107,05,2,20250324,123024,000000005101,2,7.99,15.98,0.00,0.00,S,,,USD,CS
70002390,01107,05,3,20250324,123024,000004472001,1,3.99,3.99,0.00,0.25,S,,,USD,CS
70002390,01107,05,4,20250324,123024,000000552001,2,4.49,8.98,2.25,0.42,S,,PC25W08,USD,CS
70002391,02210,05,1,20250324,140003,000000005012,1,3.99,3.99,0.00,0.00,S,6079772369,,USD,CC
70002391,02210,05,2,20250324,140003,000000094103,1,3.79,3.79,0.00,0.00,S,6079772369,,USD,CC
70002391,02210,05,3,20250324,140003,000000030101,1,6.99,6.99,0.00,0.00,S,6079772369,,USD,CC
70002391,02210,05,4,20250324,140003,000000020103,1,4.99,4.99,0.00,0.00,S,6079772369,,USD,CC
70002391,02210,05,5,20250324,140003,000004483002,1,3.49,3.49,0.00,0.22,S,6079772369,,USD,CC
70002392,02210,01,1,20250324,153329,000000020101,1,2.49,2.49,0.62,0.00,S,,PC25W08,USD,CC
70002392,02210,01,2,20250324,153329,000000094302,0.963,5.49,5.29,0.00,0.00,S,,,USD,CC
70002392,02210,01,3,20250324,153329,000000093501,1,4.49,4.49,0.00,0.00,S,,,USD,CC
70002393,02210,05,1,20250324,140952,000000040102,0.296,16.99,5.03,1.26,0.00,S,6092222064,PC25W08,USD,DB
70002394,02210,05,1,20250324,75938,000000093401,1.391,5.49,7.64,0.00,0.00,S,6029208751,,USD,CC
70002394,02210,05,2,20250324,75938,000004473001,2,2.99,5.98,0.00,0.37,S,6029208751,,USD,CC
70002394,02210,05,3,20250324,75938,000000020201,1,5.49,5.49,0.00,0.00,S,6029208751,,USD,CC
70002395,02210,01,1,20250324,172634,000004492002,3,1.49,4.47,1.49,0.19,S,,MB25W08,USD,DB
70002396,02210,01,1,20250324,203746,000004471030,1,3.99,3.99,0.00,0.25,S,,,USD,DB
70002396,02210,01,2,20250324,203746,000004491003,3,1.99,5.97,1.99,0.25,S,,MB25W08,USD,DB
70002396,02210,01,3,20250324,203746,000004492001,1,1.79,1.79,0.00,0.11,S,,,USD,DB
70002396,02210,01,4,20250324,203746,000000094101,1,3.99,3.99,0.00,0.00,S,,,USD,DB
70002396,02210,01,5,20250324,203746,000000040202,1,14.99,14.99,3.75,0.00,S,,PC25W08,USD,DB
70002397,02210,05,1,20250324,90113,000000093402,2.017,3.29,6.64,0.00,0.00,S,6006940960,,USD,DB
70002397,02210,05,2,20250324,90113,000004491003,3,1.99,5.97,1.99,0.25,S,6006940960,MB25W08,USD,DB
70002397,02210,05,3,20250324,90113,000000020102,1,3.49,3.49,0.00,0.00,S,6006940960,,USD,DB
70002397,02210,05,4,20250324,90113,000000005101,1,7.99,7.99,0.00,0.00,S,6006940960,,USD,DB
70002397,02210,05,5,20250324,90113,000004492001,1,1.79,1.79,0.00,0.11,S,6006940960,,USD,DB
70002398,02210,05,1,20250324,70200,000004482003,2,5.49,10.98,0.00,0.69,S,,,USD,DB
70002398,02210,05,2,20250324,70200,000004493001,2,5.49,10.98,0.00,0.69,S,,,USD,DB
70002398,02210,05,3,20250324,70200,000000093502,2,3.99,7.98,0.00,0.00,S,,,USD,DB
70002399,02210,02,1,20250324,101746,000000040202,1,14.99,14.99,3.75,0.00,S,,PC25W08,USD,DB
70002399,02210,02,2,20250324,101746,000000005013,1,3.89,3.89,0.00,0.00,S,,,USD,DB
70002399,02210,02,3,20250324,101746,000000094202,1.065,1.99,2.12,0.00,0.00,S,,,USD,DB
70002400,02210,05,1,20250324,170018,000000094102,1,3.49,3.49,0.00,0.00,S,6066270511,,USD,CC
70002400,02210,05,2,20250324,170018,000004472003,1,3.29,3.29,0.00,0.21,S,6066270511,,USD,CC
70002401,02210,02,1,20250324,191948,000000020101,1,2.49,2.49,0.62,0.00,S,6053733777,PC25W08,USD,DB
70002401,02210,02,2,20250324,191948,000000005103,2,6.99,13.98,0.00,0.00,S,6053733777,,USD,DB
70002401,02210,02,3,20250324,191948,000000005302,1,3.49,3.49,0.00,0.00,S,6053733777,,USD,DB
70002402,02210,06,1,20250324,93341,000004491003,1,1.99,1.99,0.00,0.12,S,,,USD,CC
70002402,02210,06,2,20250324,93341,000000005201,1,3.99,3.99,0.00,0.00,S,,,USD,CC
70002403,02211,02,1,20250324,151853,000000005101,2,7.99,15.98,0.00,0.00,S,,,USD,CC
70002403,02211,02,2,20250324,151853,000004483002,1,3.49,3.49,0.00,0.22,S,,,USD,CC
70002403,02211,02,3,20250324,151853,000004473002,1,2.79,2.79,0.00,0.17,S,,,USD,CC
70002404,02211,01,1,20250324,152302,000000040202,2,14.99,29.98,7.50,0.00,S,,PC25W08,USD,CS
70002404,02211,01,2,20250324,152302,000000005020,1,4.49,4.49,0.00,0.00,S,,,USD,CS
70002404,02211,01,3,20250324,152302,000000040102,0.331,16.99,5.62,1.41,0.00,S,,PC25W08,USD,CS
70002404,02211,01,4,20250324,152302,000000005103,1,6.99,6.99,0.00,0.00,S,,,USD,CS
70002405,02211,03,1,20250324,71009,000000005302,2,3.49,6.98,0.00,0.00,S,,,USD,CC
70002405,02211,03,2,20250324,71009,000004473001,1,2.99,2.99,0.00,0.19,S,,,USD,CC
70002405,02211,03,3,20250324,71009,000000020201,1,5.49,5.49,0.00,0.00,S,,,USD,CC
70002405,02211,03,4,20250324,71009,000004491003,1,1.99,1.99,0.00,0.12,S,,,USD,CC
70002405,02211,03,5,20250324,71009,000000005012,1,3.99,3.99,0.00,0.00,S,,,USD,CC
70002406,02211,03,1,20250324,160139,000000551021,1,11.99,11.99,0.00,0.75,S,,,USD,CS
70002406,02211,03,2,20250324,160139,000000005020,1,4.49,4.49,0.00,0.00,S,,,USD,CS
70002406,02211,03,3,20250324,160139,000000040201,2,8.99,17.98,0.00,0.00,S,,,USD,CS
70002407,02305,01,1,20250324,94505,000000005202,1,5.99,5.99,0.00,0.00,S,6071136337,,USD,GC
70002407,02305,01,2,20250324,94505,000000005201,2,3.99,7.98,0.00,0.00,S,6071136337,,USD,GC
70002407,02305,01,3,20250324,94505,000004492002,1,1.49,1.49,0.00,0.09,S,6071136337,,USD,GC
70002407,02305,01,4,20250324,94505,000000040202,1,14.99,14.99,3.75,0.00,S,6071136337,PC25W08,USD,GC
70002407,02305,01,5,20250324,94505,000000093321,0.778,1.49,1.16,0.00,0.00,S,6071136337,,USD,GC
70002407,02305,01,6,20250324,94505,000000030102,1,14.99,14.99,0.00,0.00,S,6071136337,,USD,GC
70002408,02305,05,1,20250324,112046,000004493002,1,3.99,3.99,1.00,0.19,S,,PC25W08,USD,GC
70002408,02305,05,2,20250324,112046,000000005020,1,4.49,4.49,0.00,0.00,S,,,USD,GC
70002409,02305,03,1,20250324,124937,000004493002,2,3.99,7.98,2.00,0.37,S,6087510979,PC25W08,USD,CC
70002410,02305,04,1,20250324,193058,000000005103,1,6.99,6.99,0.00,0.00,S,,,USD,CC
70002411,02305,02,1,20250324,175803,000000562002,1,8.49,8.49,0.00,0.53,S,,,USD,DB
70002411,02305,02,2,20250324,175803,000000020203,2,6.49,12.98,0.00,0.00,S,,,USD,DB
70002412,02305,03,1,20250324,103429,000000005102,1,5.49,5.49,0.00,0.00,S,6093126978,,USD,CC
70002412,02305,03,2,20250324,103429,000000020203,2,6.49,12.98,0.00,0.00,S,6093126978,,USD,CC
70002413,02305,02,1,20250324,123626,000000030202,1,11.49,11.49,0.00,0.00,S,6018972154,,USD,CC
70002413,02305,02,2,20250324,123626,000000040202,1,14.99,14.99,3.75,0.00,S,6018972154,PC25W08,USD,CC
70002413,02305,02,3,20250324,123626,000000030201,1,9.99,9.99,0.00,0.00,S,6018972154,,USD,CC
70002414,02305,02,1,20250324,72012,000000040202,1,14.99,14.99,3.75,0.00,S,,PC25W08,USD,CS
70002414,02305,02,2,20250324,72012,000000552001,1,4.49,4.49,1.12,0.21,S,,PC25W08,USD,CS
70002414,02305,02,3,20250324,72012,000000005103,1,6.99,6.99,0.00,0.00,S,,,USD,CS
70002414,02305,02,4,20250324,72012,000000093401,1.255,5.49,6.89,0.00,0.00,S,,,USD,CS
70002414,02305,02,5,20250324,72012,000000040102,1.943,16.99,33.01,8.25,0.00,S,,PC25W08,USD,CS
70002414,02305,02,6,20250324,72012,000000551020,1,13.99,13.99,0.00,0.87,S,,,USD,CS
70002415,02305,05,1,20250324,90351,000000093325,1.605,3.99,6.40,0.00,0.00,S,,,USD,CC
70002416,02305,04,1,20250324,131256,000000040101,1.313,18.99,24.93,0.00,0.00,S,,,USD,DB
70002416,02305,04,2,20250324,131256,000000005103,2,6.99,13.98,0.00,0.00,S,,,USD,DB
70002416,02305,04,3,20250324,131256,000000020202,1,5.99,5.99,0.00,0.00,S,,,USD,DB
70002416,02305,04,4,20250324,131256,000004493002,2,3.99,7.98,2.00,0.37,S,,PC25W08,USD,DB
70002417,02305,01,1,20250324,174718,000000030103,1,8.99,8.99,0.00,0.00,S,6084776863,,USD,DB
70002417,02305,01,2,20250324,174718,000000005101,1,7.99,7.99,0.00,0.00,S,6084776863,,USD,DB
70002417,02305,01,3,20250324,174718,000000094202,0.839,1.99,1.67,0.00,0.00,S,6084776863,,USD,DB
70002418,02305,03,1,20250324,110420,000000020203,1,6.49,6.49,0.00,0.00,S,6088814311,,USD,CS
70002418,02305,03,2,20250324,110420,000004492003,1,2.29,2.29,0.00,0.14,S,6088814311,,USD,CS
70002418,02305,03,3,20250324,110420,000004472001,1,3.99,3.99,0.00,0.25,S,6088814311,,USD,CS
70002418,02305,03,4,20250324,110420,000004491003,1,1.99,1.99,0.00,0.12,S,6088814311,,USD,CS
70002418,02305,03,5,20250324,110420,000004493002,1,3.99,3.99,1.00,0.19,S,6088814311,PC25W08,USD,CS
70002418,02305,03,6,20250324,110420,000004472001,1,3.99,3.99,0.00,0.25,S,6088814311,,USD,CS
70002419,02305,01,1,20250324,125217,000000005020,3,4.49,13.47,0.00,0.00,S,6014060293,,USD,CC
70002419,02305,01,2,20250324,125217,000004481002,1,7.99,7.99,0.00,0.50,S,6014060293,,USD,CC
70002419,02305,01,3,20250324,125217,000000030102,3,14.99,44.97,0.00,0.00,S,6014060293,,USD,CC
70002419,02305,01,4,20250324,125217,000000020201,1,5.49,5.49,0.00,0.00,S,6014060293,,USD,CC
70002419,02305,01,5,20250324,125217,000004491003,1,1.99,1.99,0.00,0.12,S,6014060293,,USD,CC
70002420,02305,06,1,20250324,114511,000000030102,1,14.99,14.99,0.00,0.00,S,,,USD,GC
70002420,02305,06,2,20250324,114511,000000040102,1.938,16.99,32.93,8.23,0.00,S,,PC25W08,USD,GC
70002420,02305,06,3,20250324,114511,000000005020,2,4.49,8.98,0.00,0.00,S,,,USD,GC
70002420,02305,06,4,20250324,114511,000000094201,0.781,1.69,1.32,0.00,0.00,S,,,USD,GC
70002420,02305,06,5,20250324,114511,000000094103,3,3.79,11.37,3.79,0.00,S,,MB25W08,USD,GC
70002421,02305,06,1,20250324,113016,000004492002,2,1.49,2.98,0.00,0.19,S,,,USD,CC
70002421,02305,06,2,20250324,113016,000000093321,0.425,1.49,0.63,0.00,0.00,S,,,USD,CC
70002421,02305,06,3,20250324,113016,000004471030,1,3.99,3.99,0.00,0.25,S,,,USD,CC
70002421,02305,06,4,20250324,113016,000000094101,1,3.99,3.99,0.00,0.00,S,,,USD,CC
70002421,02305,06,5,20250324,113016,000000093502,1,3.99,3.99,0.00,0.00,S,,,USD,CC
70002422,03050,02,1,20250324,155908,000000561002,1,7.49,7.49,0.00,0.47,S,6031537795,,USD,DB
70002423,03050,02,1,20250324,132357,000004492003,1,2.29,2.29,0.00,0.14,S,,,USD,GC
70002424,03050,04,1,20250324,80135,000000005103,2,6.99,13.98,0.00,0.00,S,,,USD,CS
70002424,03050,04,2,20250324,80135,000000093325,0.460,3.99,1.84,0.00,0.00,S,,,USD,CS
70002424,03050,04,3,20250324,80135,000000020103,1,4.99,4.99,0.00,0.00,S,,,USD,CS
70002424,03050,04,4,20250324,80135,000000030203,2,8.49,16.98,0.00,0.00,S,,,USD,CS
70002424,03050,04,5,20250324,80135,000004493001,1,5.49,5.49,0.00,0.34,S,,,USD,CS
70002425,03050,05,1,20250324,213700,000000031101,2.017,24.99,50.40,0.00,0.00,S,6052450864,,USD,GC
70002425,03050,05,2,20250324,213700,000004493001,2,5.49,10.98,0.00,0.69,S,6052450864,,USD,GC
70002426,03050,03,1,20250324,205326,000000030102,1,14.99,14.99,0.00,0.00,S,,,USD,CC
70002426,03050,03,2,20250324,205326,000000030203,1,8.49,8.49,0.00,0.00,S,,,USD,CC
70002426,03050,03,3,20250324,205326,000000005013,1,3.89,3.89,0.00,0.00,S,,,USD,CC
70002426,03050,03,4,20250324,205326,000000030101,1,6.99,6.99,0.00,0.00,S,,,USD,CC
70002427,03050,02,1,20250324,74600,000000005013,3,3.89,11.67,0.00,0.00,S,,,USD,DB
70002428,00317,03,1,20250324,201434,000000020103,1,6.79,6.79,0.00,0.00,S,,,CAD,DB
70002428,00317,03,2,20250324,201434,000004482001,1,18.99,18.99,0.00,1.19,S,,,CAD,DB
70002428,00317,03,3,20250324,201434,000000093401,1.684,7.49,12.61,0.00,0.00,S,,,CAD,DB
70002428,00317,03,4,20250324,201434,000000005102,1,7.49,7.49,0.00,0.00,S,,,CAD,DB
70002429,00317,05,1,20250324,203243,000000030103,1,12.19,12.19,0.00,0.00,S,,,CAD,DB
70002429,00317,05,2,20250324,203243,000000030203,1,11.49,11.49,0.00,0.00,S,,,CAD,DB
70002429,00317,05,3,20250324,203243,000000030103,1,12.19,12.19,0.00,0.00,S,,,CAD,DB
70002429,00317,05,4,20250324,203243,000000030201,1,13.59,13.59,0.00,0.00,S,,,CAD,DB
70002429,00317,05,5,20250324,203243,000000020103,2,6.79,13.58,0.00,0.00,S,,,CAD,DB
70002429,00317,05,6,20250324,203243,000000020203,1,8.79,8.79,0.00,0.00,S,,,CAD,DB
70002430,00317,04,1,20250324,144530,000000030102,1,20.39,20.39,0.00,0.00,S,,,CAD,DB
70002430,00317,04,2,20250324,144530,000004471024,2,4.69,9.38,0.00,0.59,S,,,CAD,DB
70002430,00317,04,3,20250324,144530,000000040102,1.773,23.09,40.94,10.23,0.00,S,,PC25W08,CAD,DB
70002430,00317,04,4,20250324,144530,000000030202,1,15.59,15.59,0.00,0.00,S,,,CAD,DB
70002430,00317,04,5,20250324,144530,000000094302,2.116,7.49,15.85,0.00,0.00,S,,,CAD,DB
70002430,00317,04,6,20250324,144530,000000005012,1,5.39,5.39,0.00,0.00,S,,,CAD,DB
70002431,00317,05,1,20250324,115636,000004481001,1,10.89,10.89,0.00,0.68,S,6099323123,,CAD,DB
70002431,00317,05,2,20250324,115636,000004493002,1,5.39,5.39,1.35,0.25,S,6099323123,PC25W08,CAD,DB
70002431,00317,05,3,20250324,115636,000004493002,1,5.39,5.39,1.35,0.25,S,6099323123,PC25W08,CAD,DB
70002431,00317,05,4,20250324,115636,000000040202,1,20.39,20.39,5.10,0.00,S,6099323123,PC25W08,CAD,DB
70002431,00317,05,5,20250324,115636,000000551020,1,18.99,18.99,0.00,1.19,S,6099323123,,CAD,DB
70002431,00317,05,6,20250324,115636,000000005020,3,6.09,18.27,0.00,0.00,S,6099323123,,CAD,DB
70002432,00317,03,1,20250324,183300,000004491001,1,3.39,3.39,0.00,0.21,S,,,CAD,CC
70002432,00317,03,2,20250324,183300,000004481003,1,6.79,6.79,0.00,0.42,S,,,CAD,CC
70002433,00317,03,1,20250324,85205,000004492002,3,1.99,5.97,1.99,0.25,S,,MB25W08,CAD,CC
70002433,00317,03,2,20250324,85205,000000040203,1,16.29,16.29,0.00,0.00,S,,,CAD,CC
70002433,00317,03,3,20250324,85205,000000020201,1,7.49,7.49,0.00,0.00,S,,,CAD,CC
70002434,00317,02,1,20250324,91545,000000020201,1,7.49,7.49,0.00,0.00,S,6092624945,,CAD,DB
70002434,00317,02,2,20250324,91545,000000040202,1,20.39,20.39,5.10,0.00,S,6092624945,PC25W08,CAD,DB
70002435,01042,02,1,20250325,175557,000000093321,0.493,1.49,0.73,0.00,0.00,S,,,USD,DB
70002436,01042,01,1,20250325,155413,000000093321,1.120,1.49,1.67,0.00,0.00,S,,,USD,DB
70002436,01042,01,2,20250325,155413,000000005302,1,3.49,3.49,0.00,0.00,S,,,USD,DB
70002436,01042,01,3,20250325,155413,000004471030,3,3.99,11.97,3.99,0.50,S,,MB25W08,USD,DB
70002436,01042,01,4,20250325,155413,000004481003,1,4.99,4.99,0.00,0.31,S,,,USD,DB
70002436,01042,01,5,20250325,155413,000000562001,2,10.99,21.98,0.00,1.37,S,,,USD,DB
70002437,01042,05,1,20250325,103822,000000005020,1,4.49,4.49,0.00,0.00,S,,,USD,CC
70002438,02210,05,1,20250325,85803,000000552001,1,4.49,4.49,1.12,0.21,S,,PC25W08,USD,CS
70002438,02210,05,2,20250325,85803,000004483002,1,3.49,3.49,0.00,0.22,S,,,USD,CS
70002439,02210,05,1,20250325,113102,000000040201,1,8.99,8.99,0.00,0.00,S,,,USD,DB
70002440,02210,02,1,20250325,134244,000000093401,0.688,5.49,3.78,0.00,0.00,S,,,USD,CC
70002440,02210,02,2,20250325,134244,000000093325,1.655,3.99,6.60,0.00,0.00,S,,,USD,CC
70002440,02210,02,3,20250325,134244,000000094103,3,3.79,11.37,3.79,0.00,S,,MB25W08,USD,CC
70002440,02210,02,4,20250325,134244,000000093325,0.697,3.99,2.78,0.00,0.00,S,,,USD,CC
70002440,02210,02,5,20250325,134244,000000040202,1,14.99,14.99,3.75,0.00,S,,PC25W08,USD,CC
70002441,02210,01,1,20250325,84027,000000551020,1,13.99,13.99,0.00,0.87,S,,,USD,GC
70002441,02210,01,2,20250325,84027,000004471040,1,2.49,2.49,0.00,0.16,S,,,USD,GC
70002441,02210,01,3,20250325,84027,000000040201,1,8.99,8.99,0.00,0.00,S,,,USD,GC
70002441,02210,01,4,20250325,84027,000004491001,1,2.49,2.49,0.00,0.16,S,,,USD,GC
70002441,02210,01,5,20250325,84027,000000094101,1,3.99,3.99,0.00,0.00,S,,,USD,GC
70002441,02210,01,6,20250325,84027,000004491001,1,2.49,2.49,0.00,0.16,S,,,USD,GC
70002442,02210,01,1,20250325,125117,000000005101,1,7.99,7.99,0.00,0.00,S,,,USD,GC
70002442,02210,01,2,20250325,125117,000000093325,0.911,3.99,3.63,0.00,0.00,S,,,USD,GC
70002442,02210,01,3,20250325,125117,000000020102,1,3.49,3.49,0.00,0.00,S,,,USD,GC
70002442,02210,01,4,20250325,125117,000000551020,1,13.99,13.99,0.00,0.87,S,,,USD,GC
70002442,02210,01,5,20250325,125117,000000005302,1,3.49,3.49,0.00,0.00,S,,,USD,GC
70002442,02210,01,6,20250325,125117,000000040203,1,11.99,11.99,0.00,0.00,S,,,USD,GC
70002443,02210,02,1,20250325,165706,000004491003,3,1.99,5.97,1.99,0.25,S,,MB25W08,USD,CC
70002444,02211,02,1,20250325,135008,000000020201,1,5.49,5.49,0.00,0.00,S,,,USD,GC
70002444,02211,02,2,20250325,135008,000004482003,1,5.49,5.49,0.00,0.34,S,,,USD,GC
70002444,02211,02,3,20250325,135008,000000020101,1,2.49,2.49,0.62,0.00,S,,PC25W08,USD,GC
70002444,02211,02,4,20250325,135008,000000005013,1,3.89,3.89,0.00,0.00,S,,,USD,GC
70002444,02211,02,5,20250325,135008,000004493002,1,3.99,3.99,1.00,0.19,S,,PC25W08,USD,GC
70002444,02211,02,6,20250325,135008,000004493002,1,3.99,3.99,1.00,0.19,S,,PC25W08,USD,GC
70002445,02211,05,1,20250325,190012,000004492002,3,1.49,4.47,1.49,0.19,S,,MB25W08,USD,CS
70002445,02211,05,2,20250325,190012,000000005102,1,5.49,5.49,0.00,0.00,S,,,USD,CS
70002445,02211,05,3,20250325,190012,000004473001,1,2.99,2.99,0.00,0.19,S,,,USD,CS
70002446,02211,06,1,20250325,171857,000000040201,2,8.99,17.98,0.00,0.00,S,,,USD,CC
70002446,02211,06,2,20250325,171857,000000005103,1,6.99,6.99,0.00,0.00,S,,,USD,CC
70002447,02211,03,1,20250325,152833,000000094203,1.252,1.49,1.87,0.00,0.00,S,6050124955,,USD,CC
70002447,02211,03,2,20250325,152833,000004492002,2,1.49,2.98,0.00,0.19,S,6050124955,,USD,CC
70002447,02211,03,3,20250325,152833,000004482002,1,17.99,17.99,0.00,1.12,S,6050124955,,USD,CC
70002448,02305,06,1,20250325,123420,000000030103,1,8.99,8.99,0.00,0.00,S,,,USD,GC
70002448,02305,06,2,20250325,123420,000000005101,1,7.99,7.99,0.00,0.00,S,,,USD,GC
70002448,02305,06,3,20250325,123420,000000093321,2.100,1.49,3.13,0.00,0.00,S,,,USD,GC
70002448,02305,06,4,20250325,123420,000000040202,1,14.99,14.99,3.75,0.00,S,,PC25W08,USD,GC
70002449,02305,06,1,20250325,132330,000000093401,1.806,5.49,9.91,0.00,0.00,S,,,USD,CC
70002449,02305,06,2,20250325,132330,000004482003,1,5.49,5.49,0.00,0.34,S,,,USD,CC
70002449,02305,06,3,20250325,132330,000000005103,1,6.99,6.99,0.00,0.00,S,,,USD,CC
70002450,02305,03,1,20250325,112908,000004483001,2,4.99,9.98,0.00,0.62,S,,,USD,CS
70002451,02305,01,1,20250325,153258,000004473001,1,2.99,2.99,0.00,0.19,S,6072946671,,USD,CC
70002451,02305,01,2,20250325,153258,000000005012,1,3.99,3.99,0.00,0.00,S,6072946671,,USD,CC
70002451,02305,01,3,20250325,153258,000000093401,0.685,5.49,3.76,0.00,0.00,S,6072946671,,USD,CC
70002452,02305,03,1,20250325,192325,000004472002,1,4.49,4.49,0.00,0.28,S,6041022526,,USD,DB
70002452,02305,03,2,20250325,192325,000000093502,1,3.99,3.99,0.00,0.00,S,6041022526,,USD,DB
70002452,02305,03,3,20250325,192325,000000030202,1,11.49,11.49,0.00,0.00,S,6041022526,,USD,DB
70002452,02305,03,4,20250325,192325,000000005012,2,3.99,7.98,0.00,0.00,S,6041022526,,USD,DB
70002452,02305,03,5,20250325,192325,000004471030,1,3.99,3.99,0.00,0.25,S,6041022526,,USD,DB
70002452,02305,03,6,20250325,192325,000004473003,1,3.49,3.49,0.00,0.22,S,6041022526,,USD,DB
70002453,02305,04,1,20250325,170910,000004473002,1,2.79,2.79,0.00,0.17,S,6023478519,,USD,GC
70002454,02305,02,1,20250325,91705,000000552002,1,3.99,3.99,0.00,0.25,S,,,USD,DB
70002454,02305,02,2,20250325,91705,000000030201,2,9.99,19.98,0.00,0.00,S,,,USD,DB
70002455,02305,01,1,20250325,71702,000000030103,1,8.99,8.99,0.00,0.00,S,,,USD,CS
70002456,03050,02,1,20250325,152912,000004492002,1,1.49,1.49,0.00,0.09,S,,,USD,GC
70002456,03050,02,2,20250325,152912,000004481002,1,7.99,7.99,0.00,0.50,S,,,USD,GC
70002456,03050,02,3,20250325,152912,000004472002,1,4.49,4.49,0.00,0.28,S,,,USD,GC
70002456,03050,02,4,20250325,152912,000004471023,2,3.49,6.98,0.00,0.44,S,,,USD,GC
70002457,03050,04,1,20250325,82333,000000094203,1.095,1.49,1.63,0.00,0.00,S,6048235715,,USD,DB
70002457,03050,04,2,20250325,82333,000000094102,2,3.49,6.98,0.00,0.00,S,6048235715,,USD,DB
70002457,03050,04,3,20250325,82333,000000005301,1,5.49,5.49,0.00,0.00,S,6048235715,,USD,DB
70002457,03050,04,4,20250325,82333,000000031101,1.323,24.99,33.06,0.00,0.00,S,6048235715,,USD,DB
70002457,03050,04,5,20250325,82333,000000094302,2.188,5.49,12.01,0.00,0.00,S,6048235715,,USD,DB
70002458,03050,02,1,20250325,133940,000004493002,1,3.99,3.99,1.00,0.19,S,,PC25W08,USD,CS
70002459,03050,06,1,20250325,71947,000000093501,2,4.49,8.98,0.00,0.00,S,,,USD,CC
70002459,03050,06,2,20250325,71947,000004493002,1,3.99,3.99,1.00,0.19,S,,PC25W08,USD,CC
70002459,03050,06,3,20250325,71947,000000020103,1,4.99,4.99,0.00,0.00,S,,,USD,CC
70002460,00317,01,1,20250325,181132,000000094302,1.364,7.49,10.22,0.00,0.00,S,,,CAD,GC
70002460,00317,01,2,20250325,181132,000000030102,1,20.39,20.39,0.00,0.00,S,,,CAD,GC
70002461,00317,02,1,20250325,121343,000004491003,3,2.69,8.07,2.69,0.34,S,,MB25W08,CAD,DB
70002462,00317,02,1,20250325,183340,000000005302,1,4.69,4.69,0.00,0.00,S,,,CAD,CS
70002463,00317,02,1,20250325,182816,000004483001,1,6.79,6.79,0.00,0.42,S,,,CAD,DB
70002463,00317,02,2,20250325,182816,000000020101,1,3.39,3.39,0.85,0.00,S,,PC25W08,CAD,DB
70002463,00317,02,3,20250325,182816,000000030202,2,15.59,31.18,0.00,0.00,S,,,CAD,DB
70002463,00317,02,4,20250325,182816,000000093321,1.022,1.99,2.03,0.00,0.00,S,,,CAD,DB
70002464,00317,02,1,20250325,144128,000004491003,3,2.69,8.07,2.69,0.34,S,6046657437,MB25W08,CAD,DB
70002464,00317,02,2,20250325,144128,000000093321,1.353,1.99,2.69,0.00,0.00,S,6046657437,,CAD,DB
70002464,00317,02,3,20250325,144128,000004472002,1,6.09,6.09,0.00,0.38,S,6046657437,,CAD,DB
70002464,00317,02,4,20250325,144128,000000094202,1.805,2.69,4.86,0.00,0.00,S,6046657437,,CAD,DB
70002464,00317,02,5,20250325,144128,000000093502,1,5.39,5.39,0.00,0.00,S,6046657437,,CAD,DB
70002464,00317,02,6,20250325,144128,000000030203,1,11.49,11.49,0.00,0.00,S,6046657437,,CAD,DB
70002465,01107,02,1,20250326,190736,000004482002,1,17.99,17.99,0.00,1.12,S,6098402891,,USD,DB
70002465,01107,02,2,20250326,190736,000000005301,1,5.49,5.49,0.00,0.00,S,6098402891,,USD,DB
70002465,01107,02,3,20250326,190736,000000005301,2,5.49,10.98,0.00,0.00,S,6098402891,,USD,DB
70002465,01107,02,4,20250326,190736,000000094301,1.594,4.39,7.00,0.00,0.00,S,6098402891,,USD,DB
70002465,01107,02,5,20250326,190736,000000005103,1,6.99,6.99,0.00,0.00,S,6098402891,,USD,DB
70002465,01107,02,6,20250326,190736,000004492001,2,1.79,3.58,0.00,0.22,S,6098402891,,USD,DB
70002466,01107,04,1,20250326,105148,000000094201,1.122,1.69,1.90,0.00,0.00,S,,,USD,CC
70002466,01107,04,2,20250326,105148,000000094103,1,3.79,3.79,0.00,0.00,S,,,USD,CC
70002466,01107,04,3,20250326,105148,000004493002,1,3.99,3.99,1.00,0.19,S,,PC25W08,USD,CC
70002466,01107,04,4,20250326,105148,000004492003,1,2.29,2.29,0.00,0.14,S,,,USD,CC
70002466,01107,04,5,20250326,105148,000004493002,1,3.99,3.99,1.00,0.19,S,,PC25W08,USD,CC
70002466,01107,04,6,20250326,105148,000000093322,1.552,1.99,3.09,0.00,0.00,S,,,USD,CC
70002467,01107,03,1,20250326,115209,000000020203,3,6.49,19.47,0.00,0.00,S,6010032365,,USD,CC
70002467,01107,03,2,20250326,115209,000000005301,2,5.49,10.98,0.00,0.00,S,6010032365,,USD,CC
70002467,01107,03,3,20250326,115209,000000093401,1.674,5.49,9.19,0.00,0.00,S,6010032365,,USD,CC
70002467,01107,03,4,20250326,115209,000004491002,1,6.99,6.99,0.00,0.44,S,6010032365,,USD,CC
70002467,01107,03,5,20250326,115209,000000005202,1,5.99,5.99,0.00,0.00,S,6010032365,,USD,CC
70002468,01107,05,1,20250326,165527,000004492001,1,1.79,1.79,0.00,0.11,S,,,USD,CC
70002469,02210,03,1,20250326,212243,000000040203,1,11.99,11.99,0.00,0.00,S,,,USD,CC
70002469,02210,03,2,20250326,212243,000004482002,3,17.99,53.97,0.00,3.37,S,,,USD,CC
70002469,02210,03,3,20250326,212243,000000094302,0.796,5.49,4.37,0.00,0.00,S,,,USD,CC
70002470,02210,06,1,20250326,143442,000000094202,1.027,1.99,2.04,0.00,0.00,S,,,USD,CS
70002471,02210,02,1,20250326,70905,000004492001,1,1.79,1.79,0.00,0.11,S,,,USD,CC
70002471,02210,02,2,20250326,70905,000000040202,1,14.99,14.99,3.75,0.00,S,,PC25W08,USD,CC
70002471,02210,02,3,20250326,70905,000004473001,1,2.99,2.99,0.00,0.19,S,,,USD,CC
70002471,02210,02,4,20250326,70905,000000552001,1,4.49,4.49,1.12,0.21,S,,PC25W08,USD,CC
70002471,02210,02,5,20250326,70905,000000093501,1,4.49,4.49,0.00,0.00,S,,,USD,CC
70002471,02210,02,6,20250326,70905,000000005012,1,3.99,3.99,0.00,0.00,S,,,USD,CC
70002472,02210,03,1,20250326,90516,000000005013,1,3.89,3.89,0.00,0.00,S,,,USD,CC
70002472,02210,03,2,20250326,90516,000000005301,1,5.49,5.49,0.00,0.00,S,,,USD,CC
70002473,02210,02,1,20250326,101751,000000040101,0.858,18.99,16.29,0.00,0.00,S,6090797727,,USD,DB
70002474,02210,05,1,20250326,114033,000004491003,1,1.99,1.99,0.00,0.12,S,,,USD,CC
70002474,02210,05,2,20250326,114033,000004491003,3,1.99,5.97,1.99,0.25,S,,MB25W08,USD,CC
70002474,02210,05,3,20250326,114033,000004492001,1,1.79,1.79,0.00,0.11,S,,,USD,CC
70002474,02210,05,4,20250326,114033,000004471040,1,2.49,2.49,0.00,0.16,S,,,USD,CC
70002475,02210,05,1,20250326,172156,000000040101,1.114,18.99,21.15,0.00,0.00,S,,,USD,GC
70002475,02210,05,2,20250326,172156,000000561002,1,7.49,7.49,0.00,0.47,S,,,USD,GC
70002476,02210,01,1,20250326,192228,000000093325,0.428,3.99,1.71,0.00,0.00,S,,,USD,CS
70002476,02210,01,2,20250326,192228,000000030202,1,11.49,11.49,0.00,0.00,S,,,USD,CS
70002476,02210,01,3,20250326,192228,000000093402,1.102,3.29,3.63,0.00,0.00,S,,,USD,CS
70002476,02210,01,4,20250326,192228,000000040102,0.507,16.99,8.61,2.15,0.00,S,,PC25W08,USD,CS
70002476,02210,01,5,20250326,192228,000004482002,1,17.99,17.99,0.00,1.12,S,,,USD,CS
70002477,02210,05,1,20250326,152456,000004473001,1,2.99,2.99,0.00,0.19,S,,,USD,DB
70002478,02210,02,1,20250326,150609,000000093321,1.908,1.49,2.84,0.00,0.00,S,,,USD,CC
70002478,02210,02,2,20250326,150609,000004491003,3,1.99,5.97,1.99,0.25,S,,MB25W08,USD,CC
70002478,02210,02,3,20250326,150609,000000093402,0.798,3.29,2.63,0.00,0.00,S,,,USD,CC
70002478,02210,02,4,20250326,150609,000004491003,3,1.99,5.97,1.99,0.25,S,,MB25W08,USD,CC
70002478,02210,02,5,20250326,150609,000000040102,1.427,16.99,24.24,6.06,0.00,S,,PC25W08,USD,CC
70002479,02211,05,1,20250326,83818,000000005201,1,3.99,3.99,0.00,0.00,S,,,USD,DB
70002479,02211,05,2,20250326,83818,000000005020,1,4.49,4.49,0.00,0.00,S,,,USD,DB
70002479,02211,05,3,20250326,83818,000004481003,1,4.99,4.99,0.00,0.31,S,,,USD,DB
70002479,02211,05,4,20250326,83818,000000005102,1,5.49,5.49,0.00,0.00,S,,,USD,DB
70002479,02211,05,5,20250326,83818,000004492002,3,1.49,4.47,1.49,0.19,S,,MB25W08,USD,DB
70002479,02211,05,6,20250326,83818,000000040202,1,14.99,14.99,3.75,0.00,S,,PC25W08,USD,DB
70002480,02211,06,1,20250326,71312,000000040102,1.618,16.99,27.49,6.87,0.00,S,6088147435,PC25W08,USD,DB
70002480,02211,06,2,20250326,71312,000004473001,3,2.99,8.97,0.00,0.56,S,6088147435,,USD,DB
70002480,02211,06,3,20250326,71312,000004471030,3,3.99,11.97,3.99,0.50,S,6088147435,MB25W08,USD,DB
70002480,02211,06,4,20250326,71312,000000094102,1,3.49,3.49,0.00,0.00,S,6088147435,,USD,DB
70002480,02211,06,5,20250326,71312,000004471024,1,3.49,3.49,0.00,0.22,S,6088147435,,USD,DB
70002480,02211,06,6,20250326,71312,000004471030,1,3.99,3.99,0.00,0.25,S,6088147435,,USD,DB
70002481,02305,05,1,20250326,175018,000000040202,1,14.99,14.99,3.75,0.00,S,,PC25W08,USD,CC
70002481,02305,05,2,20250326,175018,000000093410,2.181,3.99,8.70,0.00,0.00,S,,,USD,CC
70002481,02305,05,3,20250326,175018,000000020101,1,2.49,2.49,0.62,0.00,S,,PC25W08,USD,CC
70002482,02305,03,1,20250326,174451,000000094301,2.155,4.39,9.46,0.00,0.00,S,6083253817,,USD,CS
70002482,02305,03,2,20250326,174451,000000094201,1.435,1.69,2.43,0.00,0.00,S,6083253817,,USD,CS
70002482,02305,03,3,20250326,174451,000000031102,0.541,19.99,10.81,0.00,0.00,S,6083253817,,USD,CS
70002482,02305,03,4,20250326,174451,000004491002,1,6.99,6.99,0.00,0.44,S,6083253817,,USD,CS
70002482,02305,03,5,20250326,174451,000004471023,1,3.49,3.49,0.00,0.22,S,6083253817,,USD,CS
70002482,02305,03,6,20250326,174451,000004471040,1,2.49,2.49,0.00,0.16,S,6083253817,,USD,CS
70002483,02305,03,1,20250326,172615,000000094103,3,3.79,11.37,3.79,0.00,S,6005053795,MB25W08,USD,CC
70002483,02305,03,2,20250326,172615,000000031101,0.989,24.99,24.72,0.00,0.00,S,6005053795,,USD,CC
70002483,02305,03,3,20250326,172615,000000094101,1,3.99,3.99,0.00,0.00,S,6005053795,,USD,CC
70002483,02305,03,4,20250326,172615,000000005012,1,3.99,3.99,0.00,0.00,S,6005053795,,USD,CC
70002483,02305,03,5,20250326,172615,000000093402,1.603,3.29,5.27,0.00,0.00,S,6005053795,,USD,CC
70002484,02305,02,1,20250326,121325,000000093502,1,3.99,3.99,0.00,0.00,S,6075844663,,USD,CC
70002485,02305,05,1,20250326,80901,000000040101,0.707,18.99,13.43,0.00,0.00,S,6004891382,,USD,GC
70002485,02305,05,2,20250326,80901,000000093325,0.658,3.99,2.63,0.00,0.00,S,6004891382,,USD,GC
70002485,02305,05,3,20250326,80901,000004492003,1,2.29,2.29,0.00,0.14,S,6004891382,,USD,GC
70002485,02305,05,4,20250326,80901,000004473003,1,3.49,3.49,0.00,0.22,S,6004891382,,USD,GC
70002485,02305,05,5,20250326,80901,000004493001,1,5.49,5.49,0.00,0.34,S,6004891382,,USD,GC
70002485,02305,05,6,20250326,80901,000000020101,1,2.49,2.49,0.62,0.00,S,6004891382,PC25W08,USD,GC
70002486,02305,01,1,20250326,102141,000004471030,1,3.99,3.99,0.00,0.25,S,6065952014,,USD,GC
70002486,02305,01,2,20250326,102141,000000040102,0.902,16.99,15.32,3.83,0.00,S,6065952014,PC25W08,USD,GC
70002487,02305,03,1,20250326,135927,000000094103,1,3.79,3.79,0.00,0.00,S,6082043397,,USD,GC
70002487,02305,03,2,20250326,135927,000000031102,0.976,19.99,19.51,0.00,0.00,S,6082043397,,USD,GC
70002487,02305,03,3,20250326,135927,000004481002,1,7.99,7.99,0.00,0.50,S,6082043397,,USD,GC
70002487,02305,03,4,20250326,135927,000000005103,2,6.99,13.98,0.00,0.00,S,6082043397,,USD,GC
70002488,02305,02,1,20250326,105035,000000031101,0.933,24.99,23.32,0.00,0.00,S,,,USD,DB
70002488,02305,02,2,20250326,105035,000000005201,1,3.99,3.99,0.00,0.00,S,,,USD,DB
70002488,02305,02,3,20250326,105035,000000030201,1,9.99,9.99,0.00,0.00,S,,,USD,DB
70002488,02305,02,4,20250326,105035,000000552001,1,4.49,4.49,1.12,0.21,S,,PC25W08,USD,DB
70002488,02305,02,5,20250326,105035,000000005103,3,6.99,20.97,0.00,0.00,S,,,USD,DB
70002489,02305,04,1,20250326,103703,000004493001,1,5.49,5.49,0.00,0.34,S,,,USD,DB
70002489,02305,04,2,20250326,103703,000004471024,1,3.49,3.49,0.00,0.22,S,,,USD,DB
70002489,02305,04,3,20250326,103703,000000094203,1.353,1.49,2.02,0.00,0.00,S,,,USD,DB
70002490,02305,06,1,20250326,140200,000000020203,1,6.49,6.49,0.00,0.00,S,,,USD,DB
70002490,02305,06,2,20250326,140200,000004481002,1,7.99,7.99,0.00,0.50,S,,,USD,DB
70002491,02305,02,1,20250326,173037,000000093322,0.634,1.99,1.26,0.00,0.00,S,,,USD,CS
70002492,03050,05,1,20250326,203059,000000005202,1,5.99,5.99,0.00,0.00,S,6026620157,,USD,DB
70002492,03050,05,2,20250326,203059,000004492003,1,2.29,2.29,0.00,0.14,S,6026620157,,USD,DB
70002492,03050,05,3,20250326,203059,000000040102,1.699,16.99,28.87,7.22,0.00,S,6026620157,PC25W08,USD,DB
70002492,03050,05,4,20250326,203059,000004481001,1,7.99,7.99,0.00,0.50,S,6026620157,,USD,DB
70002492,03050,05,5,20250326,203059,000000094103,3,3.79,11.37,3.79,0.00,S,6026620157,MB25W08,USD,DB
70002492,03050,05,6,20250326,203059,000000552001,1,4.49,4.49,1.12,0.21,S,6026620157,PC25W08,USD,DB
70002493,03050,03,1,20250326,95305,000004493002,1,3.99,3.99,1.00,0.19,S,,PC25W08,USD,CC
70002493,03050,03,2,20250326,95305,000000030101,1,6.99,6.99,0.00,0.00,S,,,USD,CC
70002494,03050,05,1,20250326,213311,000004472001,1,3.99,3.99,0.00,0.25,S,6028179340,,USD,GC
70002494,03050,05,2,20250326,213311,000000020101,1,2.49,2.49,0.62,0.00,S,6028179340,PC25W08,USD,GC
70002494,03050,05,3,20250326,213311,000000031102,1.703,19.99,34.04,0.00,0.00,S,6028179340,,USD,GC
70002494,03050,05,4,20250326,213311,000004482001,1,13.99,13.99,0.00,0.87,S,6028179340,,USD,GC
70002495,03050,03,1,20250326,192236,000004492002,1,1.49,1.49,0.00,0.09,S,,,USD,CC
70002495,03050,03,2,20250326,192236,000004473003,1,3.49,3.49,0.00,0.22,S,,,USD,CC
70002495,03050,03,3,20250326,192236,000004483002,1,3.49,3.49,0.00,0.22,S,,,USD,CC
70002495,03050,03,4,20250326,192236,000000005301,1,5.49,5.49,0.00,0.00,S,,,USD,CC
70002496,03050,03,1,20250326,121052,000004473003,1,3.49,3.49,0.00,0.22,S,,,USD,DB
70002497,03050,05,1,20250326,114735,000000093322,1.308,1.99,2.60,0.00,0.00,S,6006314035,,USD,CS
70002497,03050,05,2,20250326,114735,000000562001,1,10.99,10.99,0.00,0.69,S,6006314035,,USD,CS
70002498,03050,03,1,20250326,194113,000000094103,1,3.79,3.79,0.00,0.00,S,,,USD,CC
70002498,03050,03,2,20250326,194113,000000094103,3,3.79,11.37,3.79,0.00,S,,MB25W08,USD,CC
70002498,03050,03,3,20250326,194113,000004493002,3,3.99,11.97,2.99,0.56,S,,PC25W08,USD,CC
70002498,03050,03,4,20250326,194113,000004482002,1,17.99,17.99,0.00,1.12,S,,,USD,CC
70002499,00317,02,1,20250326,180356,000004482002,1,24.49,24.49,0.00,1.53,S,,,CAD,CC
70002499,00317,02,2,20250326,180356,000000562002,2,11.49,22.98,0.00,1.44,S,,,CAD,CC
70002499,00317,02,3,20250326,180356,000000562002,1,11.49,11.49,0.00,0.72,S,,,CAD,CC
70002500,00317,04,1,20250326,161010,000000020103,1,6.79,6.79,0.00,0.00,S,6069284511,,CAD,CS
70002500,00317,04,2,20250326,161010,000004481001,1,10.89,10.89,0.00,0.68,S,6069284511,,CAD,CS
70002500,00317,04,3,20250326,161010,000000005013,3,5.29,15.87,0.00,0.00,S,6069284511,,CAD,CS
70002500,00317,04,4,20250326,161010,000000094301,2.158,5.99,12.93,0.00,0.00,S,6069284511,,CAD,CS
70002501,00317,05,1,20250326,112224,000000561001,1,13.59,13.59,0.00,0.85,S,,,CAD,CC
70002501,00317,05,2,20250326,112224,000004472050,1,5.39,5.39,0.00,0.34,S,,,CAD,CC
70002502,00317,02,1,20250326,134851,000004481001,1,10.89,10.89,0.00,0.68,S,6090333736,,CAD,CC
70002503,00317,06,1,20250326,213719,000004491001,1,3.39,3.39,0.00,0.21,S,,,CAD,CS
70002503,00317,06,2,20250326,213719,000000005012,1,5.39,5.39,0.00,0.00,S,,,CAD,CS
70002504,00317,05,1,20250326,171200,000004473003,1,4.69,4.69,0.00,0.29,S,,,CAD,CS
70002505,00317,04,1,20250326,211657,000004493002,1,5.39,5.39,1.35,0.25,S,,PC25W08,CAD,CC
70002505,00317,04,2,20250326,211657,000000005020,1,6.09,6.09,0.00,0.00,S,,,CAD,CC
70002505,00317,04,3,20250326,211657,000004472003,1,4.49,4.49,0.00,0.28,S,,,CAD,CC
70002506,00317,06,1,20250326,104506,000000040203,2,16.29,32.58,0.00,0.00,S,6040903802,,CAD,CC
70002506,00317,06,2,20250326,104506,000000005102,1,7.49,7.49,0.00,0.00,S,6040903802,,CAD,CC
70002506,00317,06,3,20250326,104506,000004491003,1,2.69,2.69,0.00,0.17,S,6040903802,,CAD,CC
70002506,00317,06,4,20250326,104506,000000094203,1.597,1.99,3.18,0.00,0.00,S,6040903802,,CAD,CC
70002506,00317,06,5,20250326,104506,000004492003,1,3.09,3.09,0.00,0.19,S,6040903802,,CAD,CC
70002507,01042,04,1,20250327,120844,000000040102,1.924,16.99,32.69,8.17,0.00,S,,PC25W08,USD,CC
70002508,01042,06,1,20250327,140135,000000030202,2,11.49,22.98,0.00,0.00,S,,,USD,GC
70002508,01042,06,2,20250327,140135,000000093402,1.742,3.29,5.73,0.00,0.00,S,,,USD,GC
70002508,01042,06,3,20250327,140135,000000005103,1,6.99,6.99,0.00,0.00,S,,,USD,GC
70002508,01042,06,4,20250327,140135,000000030102,1,14.99,14.99,0.00,0.00,S,,,USD,GC
70002509,01042,06,1,20250327,95121,000000030101,1,6.99,6.99,0.00,0.00,S,,,USD,GC
70002509,01042,06,2,20250327,95121,000000005202,1,5.99,5.99,0.00,0.00,S,,,USD,GC
70002510,01042,01,1,20250327,134726,000000005101,2,7.99,15.98,0.00,0.00,S,6005487396,,USD,CS
70002510,01042,01,2,20250327,134726,000000561001,1,9.99,9.99,0.00,0.62,S,6005487396,,USD,CS
70002510,01042,01,3,20250327,134726,000000020201,1,5.49,5.49,0.00,0.00,S,6005487396,,USD,CS
70002510,01042,01,4,20250327,134726,000004491003,3,1.99,5.97,1.99,0.25,S,6005487396,MB25W08,USD,CS
70002511,01042,03,1,20250327,121426,000000030201,2,9.99,19.98,0.00,0.00,S,,,USD,CC
70002511,01042,03,2,20250327,121426,000000020101,1,2.49,2.49,0.62,0.00,S,,PC25W08,USD,CC
70002511,01042,03,3,20250327,121426,000000005301,1,5.49,5.49,0.00,0.00,S,,,USD,CC
70002511,01042,03,4,20250327,121426,000000093501,1,4.49,4.49,0.00,0.00,S,,,USD,CC
70002511,01042,03,5,20250327,121426,000000020101,1,2.49,2.49,0.62,0.00,S,,PC25W08,USD,CC
70002512,01042,02,1,20250327,102809,000004473003,1,3.49,3.49,0.00,0.22,S,6073476427,,USD,CC
70002512,01042,02,2,20250327,102809,000004493002,1,3.99,3.99,1.00,0.19,S,6073476427,PC25W08,USD,CC
70002512,01042,02,3,20250327,102809,000000031101,1.872,24.99,46.78,0.00,0.00,S,6073476427,,USD,CC
70002512,01042,02,4,20250327,102809,000000005102,1,5.49,5.49,0.00,0.00,S,6073476427,,USD,CC
70002513,01107,02,1,20250327,205804,000000005012,1,3.99,3.99,0.00,0.00,S,,,USD,DB
70002513,01107,02,2,20250327,205804,000000005301,1,5.49,5.49,0.00,0.00,S,,,USD,DB
70002513,01107,02,3,20250327,205804,000000040102,0.422,16.99,7.17,1.79,0.00,S,,PC25W08,USD,DB
70002513,01107,02,4,20250327,205804,000000040201,1,8.99,8.99,0.00,0.00,S,,,USD,DB
70002513,01107,02,5,20250327,205804,000004491003,1,1.99,1.99,0.00,0.12,S,,,USD,DB
70002514,01107,05,1,20250327,104047,000000040101,0.621,18.99,11.79,0.00,0.00,S,,,USD,CC
70002514,01107,05,2,20250327,104047,000000020101,1,2.49,2.49,0.62,0.00,S,,PC25W08,USD,CC
70002514,01107,05,3,20250327,104047,000004473003,1,3.49,3.49,0.00,0.22,S,,,USD,CC
70002514,01107,05,4,20250327,104047,000004471030,3,3.99,11.97,3.99,0.50,S,,MB25W08,USD,CC
70002514,01107,05,5,20250327,104047,000000040201,2,8.99,17.98,0.00,0.00,S,,,USD,CC
70002515,01107,06,1,20250327,92532,000000040202,1,14.99,14.99,3.75,0.00,S,,PC25W08,USD,GC
70002515,01107,06,2,20250327,92532,000004492002,1,1.49,1.49,0.00,0.09,S,,,USD,GC
70002515,01107,06,3,20250327,92532,000000005103,1,6.99,6.99,0.00,0.00,S,,,USD,GC
70002515,01107,06,4,20250327,92532,000000094301,2.140,4.39,9.39,0.00,0.00,S,,,USD,GC
70002516,01107,03,1,20250327,142305,000004492003,1,2.29,2.29,0.00,0.14,S,,,USD,CS
70002516,01107,03,2,20250327,142305,000000005201,1,3.99,3.99,0.00,0.00,S,,,USD,CS
70002516,01107,03,3,20250327,142305,000004472001,1,3.99,3.99,0.00,0.25,S,,,USD,CS
70002516,01107,03,4,20250327,142305,000004472003,1,3.29,3.29,0.00,0.21,S,,,USD,CS
70002516,01107,03,5,20250327,142305,000004491001,3,2.49,7.47,0.00,0.47,S,,,USD,CS
70002516,01107,03,6,20250327,142305,000000040102,1.153,16.99,19.59,4.90,0.00,S,,PC25W08,USD,CS
70002517,01107,03,1,20250327,160833,000004471024,2,3.49,6.98,0.00,0.44,S,6081699570,,USD,CC
70002518,02210,03,1,20250327,130017,000000093502,2,3.99,7.98,0.00,0.00,S,,,USD,CC
70002518,02210,03,2,20250327,130017,000000552002,1,3.99,3.99,0.00,0.25,S,,,USD,CC
70002518,02210,03,3,20250327,130017,000004493002,1,3.99,3.99,1.00,0.19,S,,PC25W08,USD,CC
70002518,02210,03,4,20250327,130017,000000094301,1.316,4.39,5.78,0.00,0.00,S,,,USD,CC
70002519,02211,02,1,20250327,80006,000000040202,1,14.99,14.99,3.75,0.00,S,6074172156,PC25W08,USD,CC
70002519,02211,02,2,20250327,80006,000004472002,3,4.49,13.47,0.00,0.84,S,6074172156,,USD,CC
70002519,02211,02,3,20250327,80006,000004473003,1,3.49,3.49,0.00,0.22,S,6074172156,,USD,CC
70002520,02211,06,1,20250327,192303,000004473003,1,3.49,3.49,0.00,0.22,S,,,USD,CC
70002521,02211,04,1,20250327,204609,000000020202,1,5.99,5.99,0.00,0.00,S,,,USD,DB
70002521,02211,04,2,20250327,204609,000004471023,1,3.49,3.49,0.00,0.22,S,,,USD,DB
70002522,02211,05,1,20250327,162909,000004473002,1,2.79,2.79,0.00,0.17,S,,,USD,GC
70002522,02211,05,2,20250327,162909,000000005013,1,3.89,3.89,0.00,0.00,S,,,USD,GC
70002523,02211,04,1,20250327,201153,000000040102,1.339,16.99,22.75,5.69,0.00,S,,PC25W08,USD,CC
70002523,02211,04,2,20250327,201153,000004491003,3,1.99,5.97,1.99,0.25,S,,MB25W08,USD,CC
70002524,02211,06,1,20250327,174522,000000552001,1,4.49,4.49,1.12,0.21,S,,PC25W08,USD,CC
70002524,02211,06,2,20250327,174522,000000093401,1.875,5.49,10.29,0.00,0.00,S,,,USD,CC
70002525,02305,02,1,20250327,190008,000000094302,1.551,5.49,8.51,0.00,0.00,S,6058273902,,USD,DB
70002525,02305,02,2,20250327,190008,000004483001,1,4.99,4.99,0.00,0.31,S,6058273902,,USD,DB
70002525,02305,02,3,20250327,190008,000000093402,1.849,3.29,6.08,0.00,0.00,S,6058273902,,USD,DB
70002526,02305,04,1,20250327,174151,000000005302,1,3.49,3.49,0.00,0.00,S,,,USD,CC
70002526,02305,04,2,20250327,174151,000000551021,1,11.99,11.99,0.00,0.75,S,,,USD,CC
70002526,02305,04,3,20250327,174151,000004471024,1,3.49,3.49,0.00,0.22,S,,,USD,CC
70002526,02305,04,4,20250327,174151,000004491002,1,6.99,6.99,0.00,0.44,S,,,USD,CC
70002526,02305,04,5,20250327,174151,000000561001,1,9.99,9.99,0.00,0.62,S,,,USD,CC
70002526,02305,04,6,20250327,174151,000000031101,1.589,24.99,39.71,0.00,0.00,S,,,USD,CC
70002527,02305,01,1,20250327,134233,000000005020,2,4.49,8.98,0.00,0.00,S,,,USD,GC
70002527,02305,01,2,20250327,134233,000004483001,1,4.99,4.99,0.00,0.31,S,,,USD,GC
70002527,02305,01,3,20250327,134233,000004493001,2,5.49,10.98,0.00,0.69,S,,,USD,GC
70002527,02305,01,4,20250327,134233,000000094103,1,3.79,3.79,0.00,0.00,S,,,USD,GC
70002527,02305,01,5,20250327,134233,000000005013,1,3.89,3.89,0.00,0.00,S,,,USD,GC
70002527,02305,01,6,20250327,134233,000000040101,0.554,18.99,10.52,0.00,0.00,S,,,USD,GC
70002528,02305,06,1,20250327,215109,000000020101,1,2.49,2.49,0.62,0.00,S,6028397620,PC25W08,USD,GC
70002528,02305,06,2,20250327,215109,000000005012,2,3.99,7.98,0.00,0.00,S,6028397620,,USD,GC
70002528,02305,06,3,20250327,215109,000000094101,1,3.99,3.99,0.00,0.00,S,6028397620,,USD,GC
70002528,02305,06,4,20250327,215109,000000030201,1,9.99,9.99,0.00,0.00,S,6028397620,,USD,GC
70002529,02305,06,1,20250327,142025,000000561001,2,9.99,19.98,0.00,1.25,S,,,USD,CC
70002529,02305,06,2,20250327,142025,000000551020,1,13.99,13.99,0.00,0.87,S,,,USD,CC
70002529,02305,06,3,20250327,142025,000004491003,3,1.99,5.97,1.99,0.25,S,,MB25W08,USD,CC
70002529,02305,06,4,20250327,142025,000000030102,1,14.99,14.99,0.00,0.00,S,,,USD,CC
70002529,02305,06,5,20250327,142025,000000030102,3,14.99,44.97,0.00,0.00,S,,,USD,CC
70002529,02305,06,6,20250327,142025,000000005101,1,7.99,7.99,0.00,0.00,S,,,USD,CC
70002530,02305,01,1,20250327,143257,000000031102,1.039,19.99,20.77,0.00,0.00,S,6029839542,,USD,DB
70002530,02305,01,2,20250327,143257,000000020102,1,3.49,3.49,0.00,0.00,S,6029839542,,USD,DB
70002530,02305,01,3,20250327,143257,000004481001,1,7.99,7.99,0.00,0.50,S,6029839542,,USD,DB
70002530,02305,01,4,20250327,143257,000004482001,1,13.99,13.99,0.00,0.87,S,6029839542,,USD,DB
70002530,02305,01,5,20250327,143257,000000020102,1,3.49,3.49,0.00,0.00,S,6029839542,,USD,DB
70002530,02305,01,6,20250327,143257,000000562001,1,10.99,10.99,0.00,0.69,S,6029839542,,USD,DB
70002531,02305,02,1,20250327,74243,000000005201,1,3.99,3.99,0.00,0.00,S,6009209819,,USD,CC
70002531,02305,02,2,20250327,74243,000000030203,1,8.49,8.49,0.00,0.00,S,6009209819,,USD,CC
70002531,02305,02,3,20250327,74243,000000094102,1,3.49,3.49,0.00,0.00,S,6009209819,,USD,CC
70002531,02305,02,4,20250327,74243,000004471024,2,3.49,6.98,0.00,0.44,S,6009209819,,USD,CC
70002532,02305,04,1,20250327,120055,000000552001,1,4.49,4.49,1.12,0.21,S,6017722560,PC25W08,USD,DB
70002532,02305,04,2,20250327,120055,000000094202,1.076,1.99,2.14,0.00,0.00,S,6017722560,,USD,DB
70002532,02305,04,3,20250327,120055,000000552001,1,4.49,4.49,1.12,0.21,S,6017722560,PC25W08,USD,DB
70002532,02305,04,4,20250327,120055,000000030103,2,8.99,17.98,0.00,0.00,S,6017722560,,USD,DB
70002533,02305,04,1,20250327,83734,000004473002,1,2.79,2.79,0.00,0.17,S,,,USD,DB
70002533,02305,04,2,20250327,83734,000000093410,1.008,3.99,4.02,0.00,0.00,S,,,USD,DB
70002533,02305,04,3,20250327,83734,000000094301,1.786,4.39,7.84,0.00,0.00,S,,,USD,DB
70002534,02305,01,1,20250327,81110,000000093502,1,3.99,3.99,0.00,0.00,S,,,USD,CS
70002535,02305,05,1,20250327,194311,000000093502,1,3.99,3.99,0.00,0.00,S,,,USD,GC
70002536,02305,03,1,20250327,112911,000000020103,1,4.99,4.99,0.00,0.00,S,6010720113,,USD,CC
70002536,02305,03,2,20250327,112911,000000093321,1.576,1.49,2.35,0.00,0.00,S,6010720113,,USD,CC
70002536,02305,03,3,20250327,112911,000000562001,2,10.99,21.98,0.00,1.37,S,6010720113,,USD,CC
70002536,02305,03,4,20250327,112911,000000561001,1,9.99,9.99,0.00,0.62,S,6010720113,,USD,CC
70002537,03050,06,1,20250327,191811,000000551020,2,13.99,27.98,0.00,1.75,S,6059970629,,USD,CC
70002537,03050,06,2,20250327,191811,000000040101,0.374,18.99,7.10,0.00,0.00,S,6059970629,,USD,CC
70002538,03050,06,1,20250327,194753,000004491003,1,1.99,1.99,0.00,0.12,S,6086700900,,USD,CC
70002539,03050,04,1,20250327,210456,000000040101,0.693,18.99,13.16,0.00,0.00,S,6036374545,,USD,CC
70002539,03050,04,2,20250327,210456,000000005202,1,5.99,5.99,0.00,0.00,S,6036374545,,USD,CC
70002539,03050,04,3,20250327,210456,000004472001,1,3.99,3.99,0.00,0.25,S,6036374545,,USD,CC
70002540,00317,06,1,20250327,200248,000000094202,0.562,2.69,1.51,0.00,0.00,S,6004166241,,CAD,CC
70002541,00317,06,1,20250327,182213,000000040202,1,20.39,20.39,5.10,0.00,S,6024648449,PC25W08,CAD,GC
70002542,00317,05,1,20250327,175737,000000005302,1,4.69,4.69,0.00,0.00,S,,,CAD,DB
70002542,00317,05,2,20250327,175737,000000561002,2,10.19,20.38,0.00,1.27,S,,,CAD,DB
70002542,00317,05,3,20250327,175737,000000561001,1,13.59,13.59,0.00,0.85,S,,,CAD,DB
70002543,00317,03,1,20250327,73422,000000094101,1,5.39,5.39,0.00,0.00,S,,,CAD,CS
70002543,00317,03,2,20250327,73422,000000030101,3,9.49,28.47,0.00,0.00,S,,,CAD,CS
70002544,00317,05,1,20250327,113755,000004473003,3,4.69,14.07,0.00,0.88,S,,,CAD,CS
70002544,00317,05,2,20250327,113755,000004473001,1,4.09,4.09,0.00,0.26,S,,,CAD,CS
70002544,00317,05,3,20250327,113755,000000005302,2,4.69,9.38,0.00,0.00,S,,,CAD,CS
70002544,00317,05,4,20250327,113755,000000020203,1,8.79,8.79,0.00,0.00,S,,,CAD,CS
70002544,00317,05,5,20250327,113755,000004471040,2,3.39,6.78,0.00,0.42,S,,,CAD,CS
70002545,00317,04,1,20250327,111653,000000005301,1,7.49,7.49,0.00,0.00,R,6077680898,,CAD,DB
70002546,00317,06,1,20250327,85750,000004493001,1,7.49,7.49,0.00,0.47,S,6044920749,,CAD,DB
70002546,00317,06,2,20250327,85750,000004491002,1,9.49,9.49,0.00,0.59,S,6044920749,,CAD,DB
70002546,00317,06,3,20250327,85750,000004471030,1,5.39,5.39,0.00,0.34,S,6044920749,,CAD,DB
70002546,00317,06,4,20250327,85750,000004472001,2,5.39,10.78,0.00,0.67,S,6044920749,,CAD,DB
70002546,00317,06,5,20250327,85750,000000093325,0.452,5.39,2.44,0.00,0.00,S,6044920749,,CAD,DB
70002546,00317,06,6,20250327,85750,000004492050,1,2.99,2.99,0.00,0.19,S,6044920749,,CAD,DB
70002547,00317,01,1,20250327,173842,000004472001,2,5.39,10.78,0.00,0.67,S,,,CAD,DB
70002547,00317,01,2,20250327,173842,000004491002,1,9.49,9.49,0.00,0.59,S,,,CAD,DB
70002547,00317,01,3,20250327,173842,000000562001,2,14.89,29.78,0.00,1.86,S,,,CAD,DB
70002548,00317,01,1,20250327,215837,000000561002,1,10.19,10.19,0.00,0.64,S,,,CAD,DB
70002548,00317,01,2,20250327,215837,000000005020,1,6.09,6.09,0.00,0.00,S,,,CAD,DB
70002549,00317,06,1,20250327,162713,000000040201,3,12.19,36.57,0.00,0.00,S,6073477848,,CAD,CS
70002549,00317,06,2,20250327,162713,000000005201,2,5.39,10.78,0.00,0.00,S,6073477848,,CAD,CS
70002549,00317,06,3,20250327,162713,000000005012,1,5.39,5.39,0.00,0.00,S,6073477848,,CAD,CS
70002550,00317,01,1,20250327,120953,000004491002,1,9.49,9.49,0.00,0.59,S,6074064930,,CAD,DB
70002550,00317,01,2,20250327,120953,000000005012,1,5.39,5.39,0.00,0.00,S,6074064930,,CAD,DB
70002550,00317,01,3,20250327,120953,000004472001,1,5.39,5.39,0.00,0.34,S,6074064930,,CAD,DB
70002551,00317,02,1,20250327,214201,000004471040,2,3.39,6.78,0.00,0.42,S,,,CAD,CS
70002552,00317,05,1,20250327,83900,000004472002,1,6.09,6.09,0.00,0.38,S,6088269131,,CAD,CC
70002552,00317,05,2,20250327,83900,000004473003,1,4.69,4.69,0.00,0.29,S,6088269131,,CAD,CC
70002552,00317,05,3,20250327,83900,000000040201,1,12.19,12.19,0.00,0.00,S,6088269131,,CAD,CC
70002552,00317,05,4,20250327,83900,000000005302,1,4.69,4.69,0.00,0.00,S,6088269131,,CAD,CC
70002552,00317,05,5,20250327,83900,000004492003,1,3.09,3.09,0.00,0.19,S,6088269131,,CAD,CC
70002553,00317,03,1,20250327,125417,000000020101,1,3.39,3.39,0.85,0.00,S,6079071416,PC25W08,CAD,DB
70002553,00317,03,2,20250327,125417,000000094103,3,5.19,15.57,5.19,0.00,S,6079071416,MB25W08,CAD,DB
70002553,00317,03,3,20250327,125417,000000562001,1,14.89,14.89,0.00,0.93,S,6079071416,,CAD,DB
70002553,00317,03,4,20250327,125417,000004492050,1,2.99,2.99,0.00,0.19,S,6079071416,,CAD,DB
70002553,00317,03,5,20250327,125417,000004481002,1,10.89,10.89,0.00,0.68,S,6079071416,,CAD,DB
70002554,00317,05,1,20250327,193738,000000005101,1,10.89,10.89,0.00,0.00,S,,,CAD,DB
70002555,00317,02,1,20250327,105349,000000005101,1,10.89,10.89,0.00,0.00,S,,,CAD,CS
70002555,00317,02,2,20250327,105349,000000030201,1,13.59,13.59,0.00,0.00,S,,,CAD,CS
70002555,00317,02,3,20250327,105349,000004492002,3,1.99,5.97,1.99,0.25,S,,MB25W08,CAD,CS
70002555,00317,02,4,20250327,105349,000004473002,1,3.79,3.79,0.00,0.24,S,,,CAD,CS
70002555,00317,02,5,20250327,105349,000004473001,1,4.09,4.09,0.00,0.26,S,,,CAD,CS
70002556,01042,06,1,20250328,205243,000000040203,1,11.99,11.99,0.00,0.00,S,,,USD,CS
70002556,01042,06,2,20250328,205243,000000020102,1,3.49,3.49,0.00,0.00,S,,,USD,CS
70002557,01042,01,1,20250328,173432,000000005302,1,3.49,3.49,0.00,0.00,S,,,USD,DB
70002558,01042,04,1,20250328,144252,000004481003,1,4.99,4.99,0.00,0.31,S,,,USD,DB
70002559,01107,01,1,20250328,191408,000004492003,3,2.29,6.87,0.00,0.43,S,,,USD,DB
70002559,01107,01,2,20250328,191408,000004493002,1,3.99,3.99,1.00,0.19,S,,PC25W08,USD,DB
70002559,01107,01,3,20250328,191408,000000020201,1,5.49,5.49,0.00,0.00,S,,,USD,DB
70002559,01107,01,4,20250328,191408,000004481002,1,7.99,7.99,0.00,0.50,S,,,USD,DB
70002559,01107,01,5,20250328,191408,000000005103,1,6.99,6.99,0.00,0.00,S,,,USD,DB
70002559,01107,01,6,20250328,191408,000000040202,1,14.99,14.99,3.75,0.00,S,,PC25W08,USD,DB
70002560,01107,06,1,20250328,130217,000000030102,2,14.99,29.98,0.00,0.00,S,,,USD,CS
70002561,01107,06,1,20250328,162810,000000005103,1,6.99,6.99,0.00,0.00,S,,,USD,DB
70002561,01107,06,2,20250328,162810,000000552001,1,4.49,4.49,1.12,0.21,S,,PC25W08,USD,DB
70002561,01107,06,3,20250328,162810,000000094103,3,3.79,11.37,3.79,0.00,S,,MB25W08,USD,DB
70002562,01107,02,1,20250328,141607,000000005202,1,5.99,5.99,0.00,0.00,S,6088263435,,USD,CC
70002562,01107,02,2,20250328,141607,000000020203,2,6.49,12.98,0.00,0.00,S,6088263435,,USD,CC
70002563,02210,03,1,20250328,212419,000000005103,1,6.99,6.99,0.00,0.00,S,,,USD,CC
70002563,02210,03,2,20250328,212419,000000005013,1,3.89,3.89,0.00,0.00,S,,,USD,CC
70002563,02210,03,3,20250328,212419,000000020101,1,2.49,2.49,0.62,0.00,S,,PC25W08,USD,CC
70002563,02210,03,4,20250328,212419,000000005101,1,7.99,7.99,0.00,0.00,S,,,USD,CC
70002564,02210,06,1,20250328,141858,000000562001,1,10.99,10.99,0.00,0.69,S,,,USD,DB
70002564,02210,06,2,20250328,141858,000000005101,1,7.99,7.99,0.00,0.00,S,,,USD,DB
70002565,02210,02,1,20250328,191626,000004492002,3,1.49,4.47,1.49,0.19,S,,MB25W08,USD,CC
70002566,02210,02,1,20250328,162004,000004492002,1,1.49,1.49,0.00,0.09,S,6021697972,,USD,CS
70002566,02210,02,2,20250328,162004,000004481003,1,4.99,4.99,0.00,0.31,S,6021697972,,USD,CS
70002566,02210,02,3,20250328,162004,000000094103,1,3.79,3.79,0.00,0.00,S,6021697972,,USD,CS
70002566,02210,02,4,20250328,162004,000000552002,2,3.99,7.98,0.00,0.50,S,6021697972,,USD,CS
70002566,02210,02,5,20250328,162004,000000093502,1,3.99,3.99,0.00,0.00,S,6021697972,,USD,CS
70002566,02210,02,6,20250328,162004,000000020103,2,4.99,9.98,0.00,0.00,S,6021697972,,USD,CS
70002567,02210,04,1,20250328,161224,000004482002,1,17.99,17.99,0.00,1.12,S,,,USD,CS
70002567,02210,04,2,20250328,161224,000000093325,1.820,3.99,7.26,0.00,0.00,S,,,USD,CS
70002567,02210,04,3,20250328,161224,000000562001,1,10.99,10.99,0.00,0.69,S,,,USD,CS
70002567,02210,04,4,20250328,161224,000000005201,1,3.99,3.99,0.00,0.00,S,,,USD,CS
70002567,02210,04,5,20250328,161224,000000005202,1,5.99,5.99,0.00,0.00,S,,,USD,CS
70002567,02210,04,6,20250328,161224,000000005202,2,5.99,11.98,0.00,0.00,S,,,USD,CS
70002568,02210,06,1,20250328,104330,000000005302,1,3.49,3.49,0.00,0.00,S,,,USD,CC
70002568,02210,06,2,20250328,104330,000004492003,1,2.29,2.29,0.00,0.14,S,,,USD,CC
70002568,02210,06,3,20250328,104330,000004483001,1,4.99,4.99,0.00,0.31,S,,,USD,CC
70002569,02210,05,1,20250328,192249,000000005302,1,3.49,3.49,0.00,0.00,S,,,USD,CC
70002569,02210,05,2,20250328,192249,000000562002,1,8.49,8.49,0.00,0.53,S,,,USD,CC
70002569,02210,05,3,20250328,192249,000000005301,1,5.49,5.49,0.00,0.00,S,,,USD,CC
70002569,02210,05,4,20250328,192249,000004481002,1,7.99,7.99,0.00,0.50,S,,,USD,CC
70002569,02210,05,5,20250328,192249,000000094201,0.409,1.69,0.69,0.00,0.00,S,,,USD,CC
70002570,02210,06,1,20250328,195204,000000040203,1,11.99,11.99,0.00,0.00,S,6057627023,,USD,CS
70002570,02210,06,2,20250328,195204,000004471040,1,2.49,2.49,0.00,0.16,S,6057627023,,USD,CS
70002570,02210,06,3,20250328,195204,000004471023,1,3.49,3.49,0.00,0.22,S,6057627023,,USD,CS
70002570,02210,06,4,20250328,195204,000000040202,2,14.99,29.98,7.50,0.00,S,6057627023,PC25W08,USD,CS
70002570,02210,06,5,20250328,195204,000004473001,2,2.99,5.98,0.00,0.37,S,6057627023,,USD,CS
70002570,02210,06,6,20250328,195204,000004492002,1,1.49,1.49,0.00,0.09,S,6057627023,,USD,CS
70002571,02211,03,1,20250328,101740,000000561001,2,9.99,19.98,0.00,1.25,S,6083325848,,USD,DB
70002571,02211,03,2,20250328,101740,000000020101,1,2.49,2.49,0.62,0.00,S,6083325848,PC25W08,USD,DB
70002572,02211,02,1,20250328,190016,000004472001,1,3.99,3.99,0.00,0.25,S,,,USD,CC
70002572,02211,02,2,20250328,190016,000000020103,1,4.99,4.99,0.00,0.00,S,,,USD,CC
70002572,02211,02,3,20250328,190016,000000094201,1.365,1.69,2.31,0.00,0.00,S,,,USD,CC
70002572,02211,02,4,20250328,190016,000004481002,1,7.99,7.99,0.00,0.50,S,,,USD,CC
70002573,02211,03,1,20250328,152821,000000020202,1,5.99,5.99,0.00,0.00,R,6031465911,,USD,DB
70002574,02211,03,1,20250328,192217,000004471040,1,2.49,2.49,0.00,0.16,S,,,USD,CC
70002575,02211,02,1,20250328,193324,000000094101,1,3.99,3.99,0.00,0.00,S,6051702814,,USD,GC
70002575,02211,02,2,20250328,193324,000004473001,3,2.99,8.97,0.00,0.56,S,6051702814,,USD,GC
70002575,02211,02,3,20250328,193324,000004472002,3,4.49,13.47,0.00,0.84,S,6051702814,,USD,GC
70002575,02211,02,4,20250328,193324,000000005101,1,7.99,7.99,0.00,0.00,S,6051702814,,USD,GC
70002575,02211,02,5,20250328,193324,000004472001,3,3.99,11.97,0.00,0.75,S,6051702814,,USD,GC
70002576,02305,05,1,20250328,91944,000004472002,1,4.49,4.49,0.00,0.28,S,,,USD,CS
70002576,02305,05,2,20250328,91944,000004471023,1,3.49,3.49,0.00,0.22,S,,,USD,CS
70002576,02305,05,3,20250328,91944,000004482001,1,13.99,13.99,0.00,0.87,S,,,USD,CS
70002576,02305,05,4,20250328,91944,000004481002,1,7.99,7.99,0.00,0.50,S,,,USD,CS
70002577,02305,04,1,20250328,84741,000000094103,2,3.79,7.58,0.00,0.00,S,6080635651,,USD,CC
70002578,02305,01,1,20250328,91852,000000020103,1,4.99,4.99,0.00,0.00,S,6047705383,,USD,DB
70002578,02305,01,2,20250328,91852,000000552002,2,3.99,7.98,0.00,0.50,S,6047705383,,USD,DB
70002578,02305,01,3,20250328,91852,000004492003,1,2.29,2.29,0.00,0.14,S,6047705383,,USD,DB
70002578,02305,01,4,20250328,91852,000000020101,1,2.49,2.49,0.62,0.00,S,6047705383,PC25W08,USD,DB
70002578,02305,01,5,20250328,91852,000000094103,2,3.79,7.58,0.00,0.00,S,6047705383,,USD,DB
70002579,02305,01,1,20250328,205020,000000093410,1.185,3.99,4.73,0.00,0.00,S,6040971231,,USD,CS
70002580,02305,06,1,20250328,214805,000000562001,1,10.99,10.99,0.00,0.69,S,,,USD,DB
70002580,02305,06,2,20250328,214805,000004491003,3,1.99,5.97,1.99,0.25,S,,MB25W08,USD,DB
70002580,02305,06,3,20250328,214805,000004491001,1,2.49,2.49,0.00,0.16,S,,,USD,DB
70002580,02305,06,4,20250328,214805,000000562001,2,10.99,21.98,0.00,1.37,S,,,USD,DB
70002581,02305,02,1,20250328,85553,000000093501,2,4.49,8.98,0.00,0.00,S,,,USD,DB
70002581,02305,02,2,20250328,85553,000000020101,1,2.49,2.49,0.62,0.00,S,,PC25W08,USD,DB
70002581,02305,02,3,20250328,85553,000000005012,1,3.99,3.99,0.00,0.00,S,,,USD,DB
70002581,02305,02,4,20250328,85553,000000094301,2.081,4.39,9.14,0.00,0.00,S,,,USD,DB
70002581,02305,02,5,20250328,85553,000000561002,2,7.49,14.98,0.00,0.94,S,,,USD,DB
70002582,02305,02,1,20250328,142355,000004472001,1,3.99,3.99,0.00,0.25,S,,,USD,DB
70002582,02305,02,2,20250328,142355,000000005102,1,5.49,5.49,0.00,0.00,S,,,USD,DB
70002582,02305,02,3,20250328,142355,000004491002,3,6.99,20.97,0.00,1.31,S,,,USD,DB
70002583,02305,02,1,20250328,183657,000000030201,1,9.99,9.99,0.00,0.00,S,,,USD,DB
70002583,02305,02,2,20250328,183657,000000005202,2,5.99,11.98,0.00,0.00,S,,,USD,DB
70002583,02305,02,3,20250328,183657,000000005302,1,3.49,3.49,0.00,0.00,S,,,USD,DB
70002583,02305,02,4,20250328,183657,000000552002,2,3.99,7.98,0.00,0.50,S,,,USD,DB
70002583,02305,02,5,20250328,183657,000004473002,1,2.79,2.79,0.00,0.17,S,,,USD,DB
70002583,02305,02,6,20250328,183657,000000093402,0.929,3.29,3.06,0.00,0.00,S,,,USD,DB
70002584,02305,02,1,20250328,104047,000000005013,1,3.89,3.89,0.00,0.00,S,6029839542,,USD,DB
70002584,02305,02,2,20250328,104047,000000005103,1,6.99,6.99,0.00,0.00,S,6029839542,,USD,DB
70002584,02305,02,3,20250328,104047,000000005102,1,5.49,5.49,0.00,0.00,S,6029839542,,USD,DB
70002584,02305,02,4,20250328,104047,000000020203,1,6.49,6.49,0.00,0.00,S,6029839542,,USD,DB
70002585,02305,02,1,20250328,93359,000000094201,1.086,1.69,1.84,0.00,0.00,S,,,USD,CS
70002585,02305,02,2,20250328,93359,000000040203,1,11.99,11.99,0.00,0.00,S,,,USD,CS
70002586,02305,01,1,20250328,213011,000000094201,1.045,1.69,1.77,0.00,0.00,S,6049998279,,USD,CS
70002586,02305,01,2,20250328,213011,000000031101,1.709,24.99,42.71,0.00,0.00,S,6049998279,,USD,CS
70002587,02305,06,1,20250328,81058,000004481003,1,4.99,4.99,0.00,0.31,S,6078729825,,USD,CS
70002587,02305,06,2,20250328,81058,000000005103,1,6.99,6.99,0.00,0.00,S,6078729825,,USD,CS
70002588,02305,01,1,20250328,112619,000000020201,1,5.49,5.49,0.00,0.00,S,,,USD,DB
70002588,02305,01,2,20250328,112619,000004482002,1,17.99,17.99,0.00,1.12,S,,,USD,DB
70002589,02305,01,1,20250328,101234,000000093501,1,4.49,4.49,0.00,0.00,S,,,USD,CC
70002589,02305,01,2,20250328,101234,000004471023,1,3.49,3.49,0.00,0.22,S,,,USD,CC
70002589,02305,01,3,20250328,101234,000000020102,2,3.49,6.98,0.00,0.00,S,,,USD,CC
70002589,02305,01,4,20250328,101234,000000005202,2,5.99,11.98,0.00,0.00,S,,,USD,CC
70002590,02305,04,1,20250328,194322,000004493002,1,3.99,3.99,1.00,0.19,S,6062543617,PC25W08,USD,CC
70002590,02305,04,2,20250328,194322,000000031101,2.165,24.99,54.10,0.00,0.00,S,6062543617,,USD,CC
70002590,02305,04,3,20250328,194322,000000005301,1,5.49,5.49,0.00,0.00,S,6062543617,,USD,CC
70002590,02305,04,4,20250328,194322,000004483002,1,3.49,3.49,0.00,0.22,S,6062543617,,USD,CC
70002590,02305,04,5,20250328,194322,000000040203,1,11.99,11.99,0.00,0.00,S,6062543617,,USD,CC
70002591,02305,02,1,20250328,84655,000004473001,1,2.99,2.99,0.00,0.19,S,,,USD,DB
70002591,02305,02,2,20250328,84655,000000094203,0.711,1.49,1.06,0.00,0.00,S,,,USD,DB
70002592,03050,05,1,20250328,160709,000004492003,2,2.29,4.58,0.00,0.29,S,,,USD,CS
70002592,03050,05,2,20250328,160709,000000040102,1.912,16.99,32.48,8.12,0.00,S,,PC25W08,USD,CS
70002592,03050,05,3,20250328,160709,000004473002,1,2.79,2.79,0.00,0.17,S,,,USD,CS
70002592,03050,05,4,20250328,160709,000000094302,1.947,5.49,10.69,0.00,0.00,S,,,USD,CS
70002592,03050,05,5,20250328,160709,000000552002,1,3.99,3.99,0.00,0.25,S,,,USD,CS
70002592,03050,05,6,20250328,160709,000004471030,1,3.99,3.99,0.00,0.25,S,,,USD,CS
70002593,03050,05,1,20250328,80921,000000030102,1,14.99,14.99,0.00,0.00,S,6088754394,,USD,DB
70002593,03050,05,2,20250328,80921,000004483002,2,3.49,6.98,0.00,0.44,S,6088754394,,USD,DB
70002593,03050,05,3,20250328,80921,000000040102,0.455,16.99,7.73,1.93,0.00,S,6088754394,PC25W08,USD,DB
70002593,03050,05,4,20250328,80921,000000094302,0.983,5.49,5.40,0.00,0.00,S,6088754394,,USD,DB
70002594,03050,03,1,20250328,182656,000000020102,2,3.49,6.98,0.00,0.00,S,6087431527,,USD,DB
70002594,03050,03,2,20250328,182656,000000093501,2,4.49,8.98,0.00,0.00,S,6087431527,,USD,DB
70002594,03050,03,3,20250328,182656,000000094103,1,3.79,3.79,0.00,0.00,S,6087431527,,USD,DB
70002594,03050,03,4,20250328,182656,000004491003,1,1.99,1.99,0.00,0.12,S,6087431527,,USD,DB
70002595,03050,04,1,20250328,150354,000004472001,1,3.99,3.99,0.00,0.25,S,,,USD,CS
70002595,03050,04,2,20250328,150354,000004492002,3,1.49,4.47,1.49,0.19,S,,MB25W08,USD,CS
70002595,03050,04,3,20250328,150354,000000005202,1,5.99,5.99,0.00,0.00,S,,,USD,CS
70002595,03050,04,4,20250328,150354,000000094202,1.076,1.99,2.14,0.00,0.00,S,,,USD,CS
70002595,03050,04,5,20250328,150354,000004481002,1,7.99,7.99,0.00,0.50,S,,,USD,CS
70002595,03050,04,6,20250328,150354,000000030202,1,11.49,11.49,0.00,0.00,S,,,USD,CS
70002596,03050,02,1,20250328,131142,000000005301,1,5.49,5.49,0.00,0.00,S,,,USD,CC
70002597,03050,02,1,20250328,102037,000000005302,1,3.49,3.49,0.00,0.00,S,6035707139,,USD,DB
70002597,03050,02,2,20250328,102037,000000030201,1,9.99,9.99,0.00,0.00,S,6035707139,,USD,DB
70002598,03050,04,1,20250328,121040,000000020202,1,5.99,5.99,0.00,0.00,S,6021267888,,USD,GC
70002598,03050,04,2,20250328,121040,000000093503,1,4.29,4.29,0.00,0.00,S,6021267888,,USD,GC
70002599,03050,04,1,20250328,74917,000004492001,1,1.79,1.79,0.00,0.11,S,6016420595,,USD,CC
70002599,03050,04,2,20250328,74917,000004492002,1,1.49,1.49,0.00,0.09,S,6016420595,,USD,CC
70002599,03050,04,3,20250328,74917,000004492003,1,2.29,2.29,0.00,0.14,S,6016420595,,USD,CC
70002599,03050,04,4,20250328,74917,000004491001,1,2.49,2.49,0.00,0.16,S,6016420595,,USD,CC
70002599,03050,04,5,20250328,74917,000000005101,1,7.99,7.99,0.00,0.00,S,6016420595,,USD,CC
70002599,03050,04,6,20250328,74917,000004482002,1,17.99,17.99,0.00,1.12,S,6016420595,,USD,CC
70002600,03050,03,1,20250328,140720,000000020101,1,2.49,2.49,0.62,0.00,S,6065405153,PC25W08,USD,DB
70002600,03050,03,2,20250328,140720,000000005102,1,5.49,5.49,0.00,0.00,S,6065405153,,USD,DB
70002600,03050,03,3,20250328,140720,000000005302,3,3.49,10.47,0.00,0.00,S,6065405153,,USD,DB
70002600,03050,03,4,20250328,140720,000000093503,1,4.29,4.29,0.00,0.00,S,6065405153,,USD,DB
70002600,03050,03,5,20250328,140720,000004473003,1,3.49,3.49,0.00,0.22,S,6065405153,,USD,DB
70002601,00317,06,1,20250328,74821,000000094202,0.631,2.69,1.70,0.00,0.00,S,,,CAD,DB
70002601,00317,06,2,20250328,74821,000000040201,1,12.19,12.19,0.00,0.00,S,,,CAD,DB
70002601,00317,06,3,20250328,74821,000000020201,1,7.49,7.49,0.00,0.00,S,,,CAD,DB
70002602,00317,06,1,20250328,153254,000000093325,1.641,5.39,8.84,0.00,0.00,S,,,CAD,GC
70002602,00317,06,2,20250328,153254,000004471030,1,5.39,5.39,0.00,0.34,S,,,CAD,GC
70002602,00317,06,3,20250328,153254,000004473001,2,4.09,8.18,0.00,0.51,S,,,CAD,GC
70002602,00317,06,4,20250328,153254,000004472001,1,5.39,5.39,0.00,0.34,S,,,CAD,GC
70002602,00317,06,5,20250328,153254,000004471030,1,5.39,5.39,0.00,0.34,S,,,CAD,GC
70002603,00317,04,1,20250328,213341,000000562002,1,11.49,11.49,0.00,0.72,S,,,CAD,CC
70002603,00317,04,2,20250328,213341,000004492050,1,2.99,2.99,0.00,0.19,S,,,CAD,CC
70002603,00317,04,3,20250328,213341,000000005202,1,8.09,8.09,0.00,0.00,S,,,CAD,CC
70002604,00317,06,1,20250328,90633,000004492003,1,3.09,3.09,0.00,0.19,S,6094398529,,CAD,CC
70002604,00317,06,2,20250328,90633,000004471030,1,5.39,5.39,0.00,0.34,S,6094398529,,CAD,CC
70002604,00317,06,3,20250328,90633,000000040102,1.035,23.09,23.90,5.97,0.00,S,6094398529,PC25W08,CAD,CC
70002604,00317,06,4,20250328,90633,000000020203,1,8.79,8.79,0.00,0.00,S,6094398529,,CAD,CC
70002604,00317,06,5,20250328,90633,000004481003,1,6.79,6.79,0.00,0.42,S,6094398529,,CAD,CC
70002605,00317,02,1,20250328,165235,000000040201,1,12.19,12.19,0.00,0.00,S,,,CAD,CC
70002605,00317,02,2,20250328,165235,000000093402,1.823,4.49,8.19,0.00,0.00,S,,,CAD,CC
70002606,00317,01,1,20250328,82114,000000020101,1,3.39,3.39,0.85,0.00,S,6089848416,PC25W08,CAD,CC
70002607,00317,04,1,20250328,214335,000000094102,1,4.69,4.69,0.00,0.00,S,,,CAD,CC
70002607,00317,04,2,20250328,214335,000004482002,1,24.49,24.49,0.00,1.53,S,,,CAD,CC
70002607,00317,04,3,20250328,214335,000004483002,1,4.69,4.69,0.00,0.29,S,,,CAD,CC
70002608,00317,05,1,20250328,113626,000000020103,2,6.79,13.58,0.00,0.00,S,,,CAD,CC
70002608,00317,05,2,20250328,113626,000000005103,1,9.49,9.49,0.00,0.00,S,,,CAD,CC
70002608,00317,05,3,20250328,113626,000000005020,1,6.09,6.09,0.00,0.00,S,,,CAD,CC
70002608,00317,05,4,20250328,113626,000004492003,1,3.09,3.09,0.00,0.19,S,,,CAD,CC
70002609,00317,05,1,20250328,211005,000004491003,3,2.69,8.07,2.69,0.34,S,,MB25W08,CAD,CS
70002609,00317,05,2,20250328,211005,000004471040,1,3.39,3.39,0.00,0.21,S,,,CAD,CS
70002610,00317,03,1,20250328,150617,000004481003,1,6.79,6.79,0.00,0.42,S,,,CAD,DB
70002610,00317,03,2,20250328,150617,000000093325,1.258,5.39,6.78,0.00,0.00,S,,,CAD,DB
70002611,00317,02,1,20250328,181415,000000020202,1,8.09,8.09,0.00,0.00,S,,,CAD,DB
70002611,00317,02,2,20250328,181415,000004492003,1,3.09,3.09,0.00,0.19,S,,,CAD,DB
70002611,00317,02,3,20250328,181415,000004481002,1,10.89,10.89,0.00,0.68,S,,,CAD,DB
70002611,00317,02,4,20250328,181415,000000030101,1,9.49,9.49,0.00,0.00,S,,,CAD,DB
70002611,00317,02,5,20250328,181415,000004492002,3,1.99,5.97,1.99,0.25,S,,MB25W08,CAD,DB
70002611,00317,02,6,20250328,181415,000004473001,1,4.09,4.09,0.00,0.26,S,,,CAD,DB
70002612,00317,02,1,20250328,103943,000000030102,1,20.39,20.39,0.00,0.00,S,,,CAD,GC
70002612,00317,02,2,20250328,103943,000000005202,1,8.09,8.09,0.00,0.00,S,,,CAD,GC
70002612,00317,02,3,20250328,103943,000004473003,1,4.69,4.69,0.00,0.29,S,,,CAD,GC
70002612,00317,02,4,20250328,103943,000000093322,1.498,2.69,4.03,0.00,0.00,S,,,CAD,GC
70002612,00317,02,5,20250328,103943,000000005101,1,10.89,10.89,0.00,0.00,S,,,CAD,GC
70002613,01042,02,1,20250329,190456,000000040202,1,14.99,14.99,3.75,0.00,S,,PC25W08,USD,CC
70002613,01042,02,2,20250329,190456,000004492003,1,2.29,2.29,0.00,0.14,S,,,USD,CC
70002614,01042,04,1,20250329,194633,000000005101,1,7.99,7.99,0.00,0.00,S,,,USD,CC
70002614,01042,04,2,20250329,194633,000000562002,1,8.49,8.49,0.00,0.53,S,,,USD,CC
70002614,01042,04,3,20250329,194633,000000020102,1,3.49,3.49,0.00,0.00,S,,,USD,CC
70002615,01042,01,1,20250329,191458,000000040102,2.118,16.99,35.98,8.99,0.00,S,6076297454,PC25W08,USD,DB
70002616,01042,06,1,20250329,112457,000000020102,1,3.49,3.49,0.00,0.00,S,,,USD,DB
70002617,01042,04,1,20250329,74253,000000030102,1,14.99,14.99,0.00,0.00,S,,,USD,GC
70002618,01042,01,1,20250329,161427,000000030103,2,8.99,17.98,0.00,0.00,S,,,USD,CS
70002618,01042,01,2,20250329,161427,000000031102,0.444,19.99,8.88,0.00,0.00,S,,,USD,CS
70002618,01042,01,3,20250329,161427,000000093502,1,3.99,3.99,0.00,0.00,S,,,USD,CS
70002618,01042,01,4,20250329,161427,000004483001,1,4.99,4.99,0.00,0.31,S,,,USD,CS
70002619,01042,03,1,20250329,183133,000004493002,1,3.99,3.99,1.00,0.19,S,,PC25W08,USD,GC
70002619,01042,03,2,20250329,183133,000000562002,1,8.49,8.49,0.00,0.53,S,,,USD,GC
70002619,01042,03,3,20250329,183133,000004482003,1,5.49,5.49,0.00,0.34,S,,,USD,GC
70002619,01042,03,4,20250329,183133,000000093321,1.202,1.49,1.79,0.00,0.00,S,,,USD,GC
70002619,01042,03,5,20250329,183133,000000005020,1,4.49,4.49,0.00,0.00,S,,,USD,GC
70002619,01042,03,6,20250329,183133,000000005102,2,5.49,10.98,0.00,0.00,S,,,USD,GC
70002620,01042,03,1,20250329,190454,000000020202,1,5.99,5.99,0.00,0.00,S,6055904259,,USD,CS
70002621,01042,02,1,20250329,134106,000000093321,0.770,1.49,1.15,0.00,0.00,S,,,USD,CC
70002621,01042,02,2,20250329,134106,000004471024,1,3.49,3.49,0.00,0.22,S,,,USD,CC
70002621,01042,02,3,20250329,134106,000004481003,2,4.99,9.98,0.00,0.62,S,,,USD,CC
70002622,01107,05,1,20250329,91101,000000094103,1,3.79,3.79,0.00,0.00,S,,,USD,GC
70002622,01107,05,2,20250329,91101,000000040202,1,14.99,14.99,3.75,0.00,S,,PC25W08,USD,GC
70002622,01107,05,3,20250329,91101,000004482003,1,5.49,5.49,0.00,0.34,S,,,USD,GC
70002622,01107,05,4,20250329,91101,000000005202,3,5.99,17.97,0.00,0.00,S,,,USD,GC
70002622,01107,05,5,20250329,91101,000004493002,2,3.99,7.98,2.00,0.37,S,,PC25W08,USD,GC
70002623,01107,02,1,20250329,174424,000000040202,2,14.99,29.98,7.50,0.00,S,,PC25W08,USD,CC
70002623,01107,02,2,20250329,174424,000004483001,2,4.99,9.98,0.00,0.62,S,,,USD,CC
70002623,01107,02,3,20250329,174424,000004491002,1,6.99,6.99,0.00,0.44,S,,,USD,CC
70002623,01107,02,4,20250329,174424,000004491001,1,2.49,2.49,0.00,0.16,S,,,USD,CC
70002624,01107,02,1,20250329,142854,000000005012,2,3.99,7.98,0.00,0.00,S,6033720948,,USD,CC
70002624,01107,02,2,20250329,142854,000004493002,1,3.99,3.99,1.00,0.19,S,6033720948,PC25W08,USD,CC
70002624,01107,02,3,20250329,142854,000004482003,1,5.49,5.49,0.00,0.34,S,6033720948,,USD,CC
70002624,01107,02,4,20250329,142854,000004491003,1,1.99,1.99,0.00,0.12,S,6033720948,,USD,CC
70002625,01107,03,1,20250329,114615,000000040202,1,14.99,14.99,3.75,0.00,S,,PC25W08,USD,CS
70002625,01107,03,2,20250329,114615,000000005020,1,4.49,4.49,0.00,0.00,S,,,USD,CS
70002625,01107,03,3,20250329,114615,000000094101,1,3.99,3.99,0.00,0.00,S,,,USD,CS
70002626,01107,04,1,20250329,201640,000004471024,1,3.49,3.49,0.00,0.22,S,6037513765,,USD,CS
70002626,01107,04,2,20250329,201640,000000005103,1,6.99,6.99,0.00,0.00,S,6037513765,,USD,CS
70002627,02210,06,1,20250329,73240,000000005302,1,3.49,3.49,0.00,0.00,S,6060302992,,USD,GC
70002627,02210,06,2,20250329,73240,000000552001,1,4.49,4.49,1.12,0.21,S,6060302992,PC25W08,USD,GC
70002627,02210,06,3,20250329,73240,000004493002,1,3.99,3.99,1.00,0.19,S,6060302992,PC25W08,USD,GC
70002627,02210,06,4,20250329,73240,000000040202,1,14.99,14.99,3.75,0.00,S,6060302992,PC25W08,USD,GC
70002627,02210,06,5,20250329,73240,000000005102,1,5.49,5.49,0.00,0.00,S,6060302992,,USD,GC
70002628,02210,01,1,20250329,93836,000000030203,1,8.49,8.49,0.00,0.00,S,,,USD,CC
70002628,02210,01,2,20250329,93836,000004482001,1,13.99,13.99,0.00,0.87,S,,,USD,CC
70002628,02210,01,3,20250329,93836,000000005301,2,5.49,10.98,0.00,0.00,S,,,USD,CC
70002628,02210,01,4,20250329,93836,000004471030,3,3.99,11.97,3.99,0.50,S,,MB25W08,USD,CC
70002629,02210,05,1,20250329,95319,000000562001,1,10.99,10.99,0.00,0.69,S,,,USD,GC
70002629,02210,05,2,20250329,95319,000000093325,0.678,3.99,2.71,0.00,0.00,S,,,USD,GC
70002629,02210,05,3,20250329,95319,000000093501,1,4.49,4.49,0.00,0.00,S,,,USD,GC
70002629,02210,05,4,20250329,95319,000000551021,1,11.99,11.99,0.00,0.75,S,,,USD,GC
70002630,02210,03,1,20250329,112809,000004493001,3,5.49,16.47,0.00,1.03,S,6018129826,,USD,DB
70002630,02210,03,2,20250329,112809,000004491003,3,1.99,5.97,1.99,0.25,S,6018129826,MB25W08,USD,DB
70002630,02210,03,3,20250329,112809,000000005302,1,3.49,3.49,0.00,0.00,S,6018129826,,USD,DB
70002630,02210,03,4,20250329,112809,000004493002,2,3.99,7.98,2.00,0.37,S,6018129826,PC25W08,USD,DB
70002631,02210,01,1,20250329,191134,000000040101,0.866,18.99,16.45,0.00,0.00,S,,,USD,GC
70002631,02210,01,2,20250329,191134,000000552002,1,3.99,3.99,0.00,0.25,S,,,USD,GC
70002631,02210,01,3,20250329,191134,000000040202,2,14.99,29.98,7.50,0.00,S,,PC25W08,USD,GC
70002631,02210,01,4,20250329,191134,000000005101,2,7.99,15.98,0.00,0.00,S,,,USD,GC
70002631,02210,01,5,20250329,191134,000000094201,0.378,1.69,0.64,0.00,0.00,S,,,USD,GC
70002632,02210,02,1,20250329,120622,000000094103,2,3.79,7.58,0.00,0.00,S,,,USD,DB
70002633,02210,02,1,20250329,170627,000004472002,1,4.49,4.49,0.00,0.28,S,,,USD,CC
70002633,02210,02,2,20250329,170627,000000094301,1.758,4.39,7.72,0.00,0.00,S,,,USD,CC
70002633,02210,02,3,20250329,170627,000004492001,1,1.79,1.79,0.00,0.11,S,,,USD,CC
70002634,02210,01,1,20250329,205134,000000005101,1,7.99,7.99,0.00,0.00,S,6039243588,,USD,DB
70002634,02210,01,2,20250329,205134,000000020103,1,4.99,4.99,0.00,0.00,S,6039243588,,USD,DB
70002635,02210,03,1,20250329,184459,000004492002,3,1.49,4.47,1.49,0.19,S,6060302992,MB25W08,USD,DB
70002636,02210,02,1,20250329,185933,000000005302,1,3.49,3.49,0.00,0.00,S,,,USD,CC
70002636,02210,02,2,20250329,185933,000000094101,1,3.99,3.99,0.00,0.00,S,,,USD,CC
70002637,02210,03,1,20250329,85913,000004481002,2,7.99,15.98,0.00,1.00,S,,,USD,DB
70002637,02210,03,2,20250329,85913,000004491003,3,1.99,5.97,1.99,0.25,S,,MB25W08,USD,DB
70002637,02210,03,3,20250329,85913,000000551020,1,13.99,13.99,0.00,0.87,S,,,USD,DB
70002638,02210,03,1,20250329,161737,000000005202,1,5.99,5.99,0.00,0.00,S,6059597752,,USD,CC
70002638,02210,03,2,20250329,161737,000000561001,2,9.99,19.98,0.00,1.25,S,6059597752,,USD,CC
70002638,02210,03,3,20250329,161737,000004473003,1,3.49,3.49,0.00,0.22,S,6059597752,,USD,CC
70002638,02210,03,4,20250329,161737,000000030202,2,11.49,22.98,0.00,0.00,S,6059597752,,USD,CC
70002638,02210,03,5,20250329,161737,000004493002,1,3.99,3.99,1.00,0.19,S,6059597752,PC25W08,USD,CC
70002638,02210,03,6,20250329,161737,000000552001,2,4.49,8.98,2.25,0.42,S,6059597752,PC25W08,USD,CC
70002639,02211,06,1,20250329,160105,000004493001,3,5.49,16.47,0.00,1.03,S,6064647154,,USD,GC
70002639,02211,06,2,20250329,160105,000000005202,1,5.99,5.99,0.00,0.00,S,6064647154,,USD,GC
70002639,02211,06,3,20250329,160105,000004473003,2,3.49,6.98,0.00,0.44,S,6064647154,,USD,GC
70002639,02211,06,4,20250329,160105,000004493002,1,3.99,3.99,1.00,0.19,S,6064647154,PC25W08,USD,GC
70002639,02211,06,5,20250329,160105,000000005202,1,5.99,5.99,0.00,0.00,S,6064647154,,USD,GC
70002640,02211,04,1,20250329,85218,000000552001,2,4.49,8.98,2.25,0.42,S,,PC25W08,USD,CC
70002640,02211,04,2,20250329,85218,000004483002,1,3.49,3.49,0.00,0.22,S,,,USD,CC
70002640,02211,04,3,20250329,85218,000004482001,2,13.99,27.98,0.00,1.75,S,,,USD,CC
70002640,02211,04,4,20250329,85218,000000020103,2,4.99,9.98,0.00,0.00,S,,,USD,CC
70002641,02211,05,1,20250329,133235,000000020201,1,5.49,5.49,0.00,0.00,S,,,USD,CC
70002641,02211,05,2,20250329,133235,000000040201,1,8.99,8.99,0.00,0.00,S,,,USD,CC
70002641,02211,05,3,20250329,133235,000004482001,1,13.99,13.99,0.00,0.87,S,,,USD,CC
70002641,02211,05,4,20250329,133235,000000005301,1,5.49,5.49,0.00,0.00,S,,,USD,CC
70002641,02211,05,5,20250329,133235,000000020203,2,6.49,12.98,0.00,0.00,S,,,USD,CC
70002642,02211,04,1,20250329,81625,000004482002,2,17.99,35.98,0.00,2.25,S,,,USD,CS
70002642,02211,04,2,20250329,81625,000000093322,2.007,1.99,3.99,0.00,0.00,S,,,USD,CS
70002642,02211,04,3,20250329,81625,000004492003,2,2.29,4.58,0.00,0.29,S,,,USD,CS
70002643,02211,01,1,20250329,123030,000004472001,1,3.99,3.99,0.00,0.25,S,6089899217,,USD,CC
70002643,02211,01,2,20250329,123030,000000551021,3,11.99,35.97,0.00,2.25,S,6089899217,,USD,CC
70002643,02211,01,3,20250329,123030,000000005302,1,3.49,3.49,0.00,0.00,S,6089899217,,USD,CC
70002643,02211,01,4,20250329,123030,000004473001,1,2.99,2.99,0.00,0.19,S,6089899217,,USD,CC
70002643,02211,01,5,20250329,123030,000000020101,1,2.49,2.49,0.62,0.00,S,6089899217,PC25W08,USD,CC
70002644,02211,04,1,20250329,194624,000000005013,1,3.89,3.89,0.00,0.00,S,,,USD,DB
70002645,02211,01,1,20250329,111331,000000040102,1.405,16.99,23.87,5.97,0.00,S,6040790569,PC25W08,USD,DB
70002645,02211,01,2,20250329,111331,000000005013,1,3.89,3.89,0.00,0.00,S,6040790569,,USD,DB
70002645,02211,01,3,20250329,111331,000000020101,1,2.49,2.49,0.62,0.00,S,6040790569,PC25W08,USD,DB
70002646,02211,05,1,20250329,102949,000000005301,1,5.49,5.49,0.00,0.00,S,,,USD,CC
70002646,02211,05,2,20250329,102949,000004482002,1,17.99,17.99,0.00,1.12,S,,,USD,CC
70002647,02211,03,1,20250329,181649,000004472002,1,4.49,4.49,0.00,0.28,S,,,USD,CC
70002647,02211,03,2,20250329,181649,000000005013,1,3.89,3.89,0.00,0.00,S,,,USD,CC
70002647,02211,03,3,20250329,181649,000000005201,1,3.99,3.99,0.00,0.00,S,,,USD,CC
70002648,02305,06,1,20250329,124907,000000030103,2,8.99,17.98,0.00,0.00,S,6054159709,,USD,GC
70002648,02305,06,2,20250329,124907,000000030103,1,8.99,8.99,0.00,0.00,S,6054159709,,USD,GC
70002648,02305,06,3,20250329,124907,000000020101,1,2.49,2.49,0.62,0.00,S,6054159709,PC25W08,USD,GC
70002648,02305,06,4,20250329,124907,000000020203,1,6.49,6.49,0.00,0.00,S,6054159709,,USD,GC
70002648,02305,06,5,20250329,124907,000004471024,2,3.49,6.98,0.00,0.44,S,6054159709,,USD,GC
70002648,02305,06,6,20250329,124907,000004473002,1,2.79,2.79,0.00,0.17,S,6054159709,,USD,GC
70002649,02305,06,1,20250329,193343,000000005102,1,5.49,5.49,0.00,0.00,S,,,USD,CC
70002649,02305,06,2,20250329,193343,000004491003,3,1.99,5.97,1.99,0.25,S,,MB25W08,USD,CC
70002649,02305,06,3,20250329,193343,000004493002,1,3.99,3.99,1.00,0.19,S,,PC25W08,USD,CC
70002650,02305,04,1,20250329,93234,000000020203,2,6.49,12.98,0.00,0.00,S,,,USD,CS
70002651,02305,03,1,20250329,94048,000000094301,0.863,4.39,3.79,0.00,0.00,S,6025120734,,USD,DB
70002652,02305,06,1,20250329,112428,000000561002,1,7.49,7.49,0.00,0.47,S,6093802620,,USD,CC
70002652,02305,06,2,20250329,112428,000000020102,2,3.49,6.98,0.00,0.00,S,6093802620,,USD,CC
70002652,02305,06,3,20250329,112428,000000093503,1,4.29,4.29,0.00,0.00,S,6093802620,,USD,CC
70002652,02305,06,4,20250329,112428,000000552001,1,4.49,4.49,1.12,0.21,S,6093802620,PC25W08,USD,CC
70002653,02305,05,1,20250329,145526,000000005103,1,6.99,6.99,0.00,0.00,S,,,USD,CC
70002653,02305,05,2,20250329,145526,000000005301,1,5.49,5.49,0.00,0.00,S,,,USD,CC
70002653,02305,05,3,20250329,145526,000000020103,1,4.99,4.99,0.00,0.00,S,,,USD,CC
70002653,02305,05,4,20250329,145526,000000030101,1,6.99,6.99,0.00,0.00,S,,,USD,CC
70002653,02305,05,5,20250329,145526,000000561001,1,9.99,9.99,0.00,0.62,S,,,USD,CC
70002653,02305,05,6,20250329,145526,000000094301,0.824,4.39,3.62,0.00,0.00,S,,,USD,CC
70002654,02305,04,1,20250329,72801,000000094201,0.723,1.69,1.22,0.00,0.00,S,6002437654,,USD,CC
70002654,02305,04,2,20250329,72801,000000030203,3,8.49,25.47,0.00,0.00,S,6002437654,,USD,CC
70002655,02305,01,1,20250329,82223,000000561001,1,9.99,9.99,0.00,0.62,S,6072946671,,USD,CC
70002655,02305,01,2,20250329,82223,000000005103,1,6.99,6.99,0.00,0.00,S,6072946671,,USD,CC
70002655,02305,01,3,20250329,82223,000000005202,1,5.99,5.99,0.00,0.00,S,6072946671,,USD,CC
70002655,02305,01,4,20250329,82223,000004482002,1,17.99,17.99,0.00,1.12,S,6072946671,,USD,CC
70002656,02305,06,1,20250329,211552,000000031102,0.375,19.99,7.50,0.00,0.00,S,,,USD,CC
70002656,02305,06,2,20250329,211552,000000031101,1.595,24.99,39.86,0.00,0.00,S,,,USD,CC
70002656,02305,06,3,20250329,211552,000004471030,3,3.99,11.97,3.99,0.50,S,,MB25W08,USD,CC
70002656,02305,06,4,20250329,211552,000004482001,1,13.99,13.99,0.00,0.87,S,,,USD,CC
70002656,02305,06,5,20250329,211552,000004472003,1,3.29,3.29,0.00,0.21,S,,,USD,CC
70002657,03050,02,1,20250329,193042,000000094103,3,3.79,11.37,3.79,0.00,S,,MB25W08,USD,GC
70002657,03050,02,2,20250329,193042,000000094201,0.627,1.69,1.06,0.00,0.00,S,,,USD,GC
70002657,03050,02,3,20250329,193042,000004473003,2,3.49,6.98,0.00,0.44,S,,,USD,GC
70002658,03050,05,1,20250329,185012,000000094201,1.459,1.69,2.47,0.00,0.00,S,6052450864,,USD,CC
70002659,03050,02,1,20250329,121916,000000020202,1,5.99,5.99,0.00,0.00,S,6072266025,,USD,GC
70002659,03050,02,2,20250329,121916,000000030101,2,6.99,13.98,0.00,0.00,S,6072266025,,USD,GC
70002659,03050,02,3,20250329,121916,000000094101,1,3.99,3.99,0.00,0.00,S,6072266025,,USD,GC
70002659,03050,02,4,20250329,121916,000000561001,1,9.99,9.99,0.00,0.62,S,6072266025,,USD,GC
70002659,03050,02,5,20250329,121916,000004491002,1,6.99,6.99,0.00,0.44,S,6072266025,,USD,GC
70002659,03050,02,6,20250329,121916,000000030203,1,8.49,8.49,0.00,0.00,S,6072266025,,USD,GC
70002660,03050,05,1,20250329,82124,000004471030,3,3.99,11.97,3.99,0.50,S,6080038457,MB25W08,USD,DB
70002660,03050,05,2,20250329,82124,000000005201,1,3.99,3.99,0.00,0.00,S,6080038457,,USD,DB
70002661,03050,02,1,20250329,143343,000000020202,1,5.99,5.99,0.00,0.00,S,,,USD,DB
70002661,03050,02,2,20250329,143343,000000093322,0.423,1.99,0.84,0.00,0.00,S,,,USD,DB
70002662,00317,02,1,20250329,112659,000004483002,1,4.69,4.69,0.00,0.29,S,,,CAD,GC
70002662,00317,02,2,20250329,112659,000004491002,1,9.49,9.49,0.00,0.59,S,,,CAD,GC
70002662,00317,02,3,20250329,112659,000000094103,1,5.19,5.19,0.00,0.00,S,,,CAD,GC
70002663,00317,04,1,20250329,91925,000004473001,1,4.09,4.09,0.00,0.26,S,,,CAD,CC
70002664,00317,06,1,20250329,75557,000000094101,1,5.39,5.39,0.00,0.00,S,6017990421,,CAD,CC
70002664,00317,06,2,20250329,75557,000000040101,2.145,25.79,55.32,0.00,0.00,S,6017990421,,CAD,CC
70002664,00317,06,3,20250329,75557,000000094203,2.088,1.99,4.16,0.00,0.00,S,6017990421,,CAD,CC
70002664,00317,06,4,20250329,75557,000000031101,0.840,33.99,28.55,0.00,0.00,S,6017990421,,CAD,CC
70002665,00317,02,1,20250329,131516,000000031102,0.604,27.19,16.42,0.00,0.00,S,6005830033,,CAD,CC
70002665,00317,02,2,20250329,131516,000000005012,1,5.39,5.39,0.00,0.00,S,6005830033,,CAD,CC
70002665,00317,02,3,20250329,131516,000004472003,1,4.49,4.49,0.00,0.28,S,6005830033,,CAD,CC
70002665,00317,02,4,20250329,131516,000004471030,3,5.39,16.17,5.39,0.67,S,6005830033,MB25W08,CAD,CC
70002666,00317,01,1,20250329,73425,000004471030,1,5.39,5.39,0.00,0.34,S,6000307562,,CAD,CS
70002666,00317,01,2,20250329,73425,000000094102,1,4.69,4.69,0.00,0.00,S,6000307562,,CAD,CS
70002666,00317,01,3,20250329,73425,000004473002,1,3.79,3.79,0.00,0.24,S,6000307562,,CAD,CS
70002667,00317,05,1,20250329,95352,000000031101,1.448,33.99,49.22,0.00,0.00,S,,,CAD,DB
70002667,00317,05,2,20250329,95352,000004471024,1,4.69,4.69,0.00,0.29,S,,,CAD,DB
70002667,00317,05,3,20250329,95352,000000020101,1,3.39,3.39,0.85,0.00,S,,PC25W08,CAD,DB
70002667,00317,05,4,20250329,95352,000004482002,1,24.49,24.49,0.00,1.53,S,,,CAD,DB
70002668,00317,05,1,20250329,154841,000004493002,1,5.39,5.39,1.35,0.25,S,,PC25W08,CAD,CS
70002669,00317,06,1,20250329,191114,000000040201,1,12.19,12.19,0.00,0.00,S,,,CAD,CC
70002669,00317,06,2,20250329,191114,000000094203,0.954,1.99,1.90,0.00,0.00,S,,,CAD,CC
70002669,00317,06,3,20250329,191114,000000005301,2,7.49,14.98,0.00,0.00,S,,,CAD,CC
70002670,00317,04,1,20250329,214632,000004471024,1,4.69,4.69,0.00,0.29,S,,,CAD,CC
70002670,00317,04,2,20250329,214632,000000020201,1,7.49,7.49,0.00,0.00,S,,,CAD,CC
70002671,00317,05,1,20250329,160647,000000561001,1,13.59,13.59,0.00,0.85,S,6064455618,,CAD,CC
70002671,00317,05,2,20250329,160647,000004493002,1,5.39,5.39,1.35,0.25,S,6064455618,PC25W08,CAD,CC
70002671,00317,05,3,20250329,160647,000000094202,0.869,2.69,2.34,0.00,0.00,S,6064455618,,CAD,CC
70002671,00317,05,4,20250329,160647,000000030202,1,15.59,15.59,0.00,0.00,S,6064455618,,CAD,CC
70002672,00317,03,1,20250329,84837,000004481002,1,10.89,10.89,0.00,0.68,S,6049478730,,CAD,CC
70002672,00317,03,2,20250329,84837,000004491001,1,3.39,3.39,0.00,0.21,S,6049478730,,CAD,CC
70002673,01042,02,1,20250330,111444,000000562002,1,8.49,8.49,1.27,0.45,S,6004023693,LY25W09,USD,DB
70002674,01042,05,1,20250330,152342,000000005201,2,3.99,7.98,0.00,0.00,S,,,USD,DB
70002675,01042,04,1,20250330,82821,000004482001,1,13.99,13.99,0.00,0.87,S,,,USD,DB
70002675,01042,04,2,20250330,82821,000004483002,1,3.49,3.49,0.00,0.22,S,,,USD,DB
70002676,01042,02,1,20250330,112344,000000031101,0.351,24.99,8.77,0.00,0.00,S,6034255638,,USD,GC
70002676,01042,02,2,20250330,112344,000004492002,2,1.49,2.98,0.00,0.19,S,6034255638,,USD,GC
70002677,01042,01,1,20250330,210132,000004492003,1,2.29,2.29,0.00,0.14,R,6043017646,,USD,GC
70002678,01042,04,1,20250330,72843,000004492003,1,2.29,2.29,0.00,0.14,S,,,USD,DB
70002678,01042,04,2,20250330,72843,000004481002,1,7.99,7.99,0.00,0.50,S,,,USD,DB
70002678,01042,04,3,20250330,72843,000000005012,1,3.99,3.99,0.00,0.00,S,,,USD,DB
70002678,01042,04,4,20250330,72843,000000020101,1,2.49,2.49,0.62,0.00,S,,PC25W08,USD,DB
70002679,01042,01,1,20250330,192146,000000020103,1,4.99,4.99,0.00,0.00,S,,,USD,CC
70002679,01042,01,2,20250330,192146,000004471023,2,3.49,6.98,0.00,0.44,S,,,USD,CC
70002679,01042,01,3,20250330,192146,000000030102,2,14.99,29.98,0.00,0.00,S,,,USD,CC
70002679,01042,01,4,20250330,192146,000004471040,1,2.49,2.49,0.00,0.16,S,,,USD,CC
70002679,01042,01,5,20250330,192146,000000031101,1.277,24.99,31.91,0.00,0.00,S,,,USD,CC
70002679,01042,01,6,20250330,192146,000000005102,1,5.49,5.49,0.00,0.00,S,,,USD,CC
70002680,01107,03,1,20250330,104259,000000005301,2,5.49,10.98,0.00,0.00,S,,,USD,DB
70002680,01107,03,2,20250330,104259,000000005020,1,4.49,4.49,0.00,0.00,S,,,USD,DB
70002681,01107,06,1,20250330,73352,000004492002,1,1.49,1.49,0.00,0.09,S,6047414070,,USD,DB
70002682,01107,06,1,20250330,85727,000000094102,1,3.49,3.49,0.00,0.00,S,,,USD,DB
70002682,01107,06,2,20250330,85727,000000005102,1,5.49,5.49,0.00,0.00,S,,,USD,DB
70002682,01107,06,3,20250330,85727,000004473002,1,2.79,2.79,0.00,0.17,S,,,USD,DB
70002682,01107,06,4,20250330,85727,000004481003,2,4.99,9.98,0.00,0.62,S,,,USD,DB
70002682,01107,06,5,20250330,85727,000004481001,1,7.99,7.99,0.00,0.50,S,,,USD,DB
70002683,01107,04,1,20250330,152915,000004472003,1,3.29,3.29,0.00,0.21,S,6098221040,,USD,CC
70002683,01107,04,2,20250330,152915,000004483002,1,3.49,3.49,0.00,0.22,S,6098221040,,USD,CC
70002683,01107,04,3,20250330,152915,000000005013,2,3.89,7.78,0.00,0.00,S,6098221040,,USD,CC
70002683,01107,04,4,20250330,152915,000000561001,2,9.99,19.98,0.00,1.25,S,6098221040,,USD,CC
70002684,02210,04,1,20250330,181552,000000040201,1,8.99,8.99,0.00,0.00,S,6072084964,,USD,GC
70002684,02210,04,2,20250330,181552,000000005103,2,6.99,13.98,0.00,0.00,S,6072084964,,USD,GC
70002684,02210,04,3,20250330,181552,000000020103,1,4.99,4.99,0.00,0.00,S,6072084964,,USD,GC
70002685,02210,01,1,20250330,151215,000000005103,1,6.99,6.99,0.00,0.00,S,6019525690,,USD,DB
70002685,02210,01,2,20250330,151215,000004481002,1,7.99,7.99,0.00,0.50,S,6019525690,,USD,DB
70002686,02210,04,1,20250330,80340,000000030103,1,8.99,8.99,0.00,0.00,S,,,USD,DB
70002686,02210,04,2,20250330,80340,000000005101,3,7.99,23.97,0.00,0.00,S,,,USD,DB
70002686,02210,04,3,20250330,80340,000000030202,1,11.49,11.49,0.00,0.00,S,,,USD,DB
70002686,02210,04,4,20250330,80340,000000005102,1,5.49,5.49,0.00,0.00,S,,,USD,DB
70002687,02210,04,1,20250330,112947,000004472002,1,4.49,4.49,0.67,0.24,S,6051240568,LY25W09,USD,DB
70002687,02210,04,2,20250330,112947,000000005202,1,5.99,5.99,0.00,0.00,S,6051240568,,USD,DB
70002687,02210,04,3,20250330,112947,000004473002,1,2.79,2.79,0.00,0.17,S,6051240568,,USD,DB
70002688,02210,01,1,20250330,140958,000004471040,1,2.49,2.49,0.00,0.16,S,,,USD,CC
70002688,02210,01,2,20250330,140958,000000005012,1,3.99,3.99,0.00,0.00,S,,,USD,CC
70002688,02210,01,3,20250330,140958,000004473001,1,2.99,2.99,0.00,0.19,S,,,USD,CC
70002689,02210,06,1,20250330,84534,000000040101,0.490,18.99,9.31,0.00,0.00,S,6058870715,,USD,CC
70002690,02210,04,1,20250330,93210,000000093321,1.284,1.49,1.91,0.00,0.00,S,,,USD,CS
70002690,02210,04,2,20250330,93210,000000040202,2,14.99,29.98,7.50,0.00,S,,PC25W08,USD,CS
70002690,02210,04,3,20250330,93210,000000040102,1.306,16.99,22.19,5.55,0.00,S,,PC25W08,USD,CS
70002690,02210,04,4,20250330,93210,000000093401,1.642,5.49,9.01,0.00,0.00,S,,,USD,CS
70002690,02210,04,5,20250330,93210,000000551020,1,13.99,13.99,0.00,0.87,S,,,USD,CS
70002691,02210,03,1,20250330,151252,000000093325,1.436,3.99,5.73,0.00,0.00,S,6053988547,,USD,GC
70002692,02210,04,1,20250330,122834,000000551020,3,13.99,41.97,0.00,2.62,S,6028946420,,USD,DB
70002692,02210,04,2,20250330,122834,000000094101,1,3.99,3.99,0.00,0.00,S,6028946420,,USD,DB
70002693,02210,05,1,20250330,75215,000000094201,1.216,1.69,2.06,0.00,0.00,S,6045587716,,USD,CC
70002693,02210,05,2,20250330,75215,000000562001,1,10.99,10.99,0.00,0.69,S,6045587716,,USD,CC
70002693,02210,05,3,20250330,75215,000000020102,2,3.49,6.98,0.00,0.00,S,6045587716,,USD,CC
70002694,02211,02,1,20250330,162716,000004481003,1,4.99,4.99,0.00,0.31,S,,,USD,CC
70002694,02211,02,2,20250330,162716,000000005020,1,4.49,4.49,0.00,0.00,S,,,USD,CC
70002694,02211,02,3,20250330,162716,000000020101,1,2.49,2.49,0.62,0.00,S,,PC25W08,USD,CC
70002695,02211,05,1,20250330,133919,000000005102,1,5.49,5.49,0.00,0.00,S,,,USD,CC
70002696,02211,02,1,20250330,84119,000004493002,2,3.99,7.98,2.00,0.37,S,,PC25W08,USD,CC
70002696,02211,02,2,20250330,84119,000000040102,2.094,16.99,35.58,8.89,0.00,S,,PC25W08,USD,CC
70002697,02211,04,1,20250330,100936,000000562002,2,8.49,16.98,2.55,0.90,S,6026801824,LY25W09,USD,CS
70002697,02211,04,2,20250330,100936,000004472003,3,3.29,9.87,0.00,0.62,S,6026801824,,USD,CS
70002697,02211,04,3,20250330,100936,000004472001,1,3.99,3.99,0.00,0.25,S,6026801824,,USD,CS
70002697,02211,04,4,20250330,100936,000000040203,1,11.99,11.99,0.00,0.00,S,6026801824,,USD,CS
70002698,02211,01,1,20250330,171223,000000005102,1,5.49,5.49,0.00,0.00,S,6087354378,,USD,DB
70002698,02211,01,2,20250330,171223,000000020201,1,5.49,5.49,0.00,0.00,S,6087354378,,USD,DB
70002698,02211,01,3,20250330,171223,000000040101,1.187,18.99,22.54,0.00,0.00,S,6087354378,,USD,DB
70002699,02305,05,1,20250330,90755,000000020102,1,3.49,3.49,0.00,0.00,S,,,USD,DB
70002699,02305,05,2,20250330,90755,000000562001,1,10.99,10.99,0.00,0.69,S,,,USD,DB
70002700,02305,01,1,20250330,201219,000000020202,1,5.99,5.99,0.00,0.00,S,,,USD,GC
70002700,02305,01,2,20250330,201219,000000005012,1,3.99,3.99,0.00,0.00,S,,,USD,GC
70002701,02305,01,1,20250330,145945,000000040102,0.920,16.99,15.63,3.91,0.00,S,6078729825,PC25W08,USD,CC
70002701,02305,01,2,20250330,145945,000000040202,3,14.99,44.97,11.24,0.00,S,6078729825,PC25W08,USD,CC
70002702,02305,05,1,20250330,90212,000000551020,1,13.99,13.99,0.00,0.87,S,,,USD,DB
70002703,02305,05,1,20250330,125536,000000094203,1.678,1.49,2.50,0.00,0.00,S,6041724825,,USD,DB
70002703,02305,05,2,20250330,125536,000000020203,1,6.49,6.49,0.00,0.00,S,6041724825,,USD,DB
70002703,02305,05,3,20250330,125536,000004472001,1,3.99,3.99,0.00,0.25,S,6041724825,,USD,DB
70002703,02305,05,4,20250330,125536,000004472001,1,3.99,3.99,0.00,0.25,S,6041724825,,USD,DB
70002703,02305,05,5,20250330,125536,000000093402,1.561,3.29,5.14,0.00,0.00,S,6041724825,,USD,DB
70002703,02305,05,6,20250330,125536,000004471030,1,3.99,3.99,0.00,0.25,S,6041724825,,USD,DB
70002704,02305,06,1,20250330,80027,000000094301,1.479,4.39,6.49,0.00,0.00,S,,,USD,CS
70002705,02305,02,1,20250330,135955,000004472003,1,3.29,3.29,0.00,0.21,S,6083253817,,USD,CS
70002705,02305,02,2,20250330,135955,000004472002,1,4.49,4.49,0.67,0.24,S,6083253817,LY25W09,USD,CS
70002705,02305,02,3,20250330,135955,000000552001,1,4.49,4.49,1.12,0.21,S,6083253817,PC25W08,USD,CS
70002705,02305,02,4,20250330,135955,000000005020,1,4.49,4.49,0.00,0.00,S,6083253817,,USD,CS
70002705,02305,02,5,20250330,135955,000000030102,1,14.99,14.99,0.00,0.00,S,6083253817,,USD,CS
70002705,02305,02,6,20250330,135955,000000094203,1.588,1.49,2.37,0.00,0.00,S,6083253817,,USD,CS
70002706,02305,02,1,20250330,150636,000000031102,1.849,19.99,36.96,0.00,0.00,S,6018297168,,USD,CS
70002706,02305,02,2,20250330,150636,000000020201,2,5.49,10.98,0.00,0.00,S,6018297168,,USD,CS
70002707,02305,06,1,20250330,212601,000000551021,1,11.99,11.99,0.00,0.75,S,,,USD,CC
70002707,02305,06,2,20250330,212601,000004472001,1,3.99,3.99,0.00,0.25,S,,,USD,CC
70002707,02305,06,3,20250330,212601,000004482003,3,5.49,16.47,0.00,1.03,S,,,USD,CC
70002708,02305,05,1,20250330,95547,000004491003,1,1.99,1.99,0.00,0.12,S,6015353961,,USD,DB
70002708,02305,05,2,20250330,95547,000000093321,1.788,1.49,2.66,0.00,0.00,S,6015353961,,USD,DB
70002708,02305,05,3,20250330,95547,000000093402,1.113,3.29,3.66,0.00,0.00,S,6015353961,,USD,DB
70002709,03050,01,1,20250330,132146,000004482003,1,5.49,5.49,0.00,0.34,S,6045775847,,USD,CS
70002709,03050,01,2,20250330,132146,000000552002,1,3.99,3.99,0.00,0.25,S,6045775847,,USD,CS
70002710,03050,02,1,20250330,213456,000000005201,2,3.99,7.98,0.00,0.00,S,6033721885,,USD,DB
70002710,03050,02,2,20250330,213456,000000020103,1,4.99,4.99,0.00,0.00,S,6033721885,,USD,DB
70002710,03050,02,3,20250330,213456,000000552001,2,4.49,8.98,2.25,0.42,S,6033721885,PC25W08,USD,DB
70002710,03050,02,4,20250330,213456,000000094301,1.009,4.39,4.43,0.00,0.00,S,6033721885,,USD,DB
70002710,03050,02,5,20250330,213456,000000020101,2,2.49,4.98,1.25,0.00,S,6033721885,PC25W08,USD,DB
70002710,03050,02,6,20250330,213456,000000020203,1,6.49,6.49,0.00,0.00,S,6033721885,,USD,DB
70002711,03050,04,1,20250330,150405,000004472002,1,4.49,4.49,0.67,0.24,S,6048628720,LY25W09,USD,CC
70002711,03050,04,2,20250330,150405,000004472002,1,4.49,4.49,0.67,0.24,S,6048628720,LY25W09,USD,CC
70002711,03050,04,3,20250330,150405,000004483001,1,4.99,4.99,0.00,0.31,S,6048628720,,USD,CC
70002712,03050,02,1,20250330,170153,000000094301,1.110,4.39,4.87,0.00,0.00,S,6084145933,,USD,DB
70002712,03050,02,2,20250330,170153,000004472001,2,3.99,7.98,0.00,0.50,S,6084145933,,USD,DB
70002712,03050,02,3,20250330,170153,000004471040,1,2.49,2.49,0.00,0.16,S,6084145933,,USD,DB
70002712,03050,02,4,20250330,170153,000000552002,3,3.99,11.97,0.00,0.75,S,6084145933,,USD,DB
70002713,03050,02,1,20250330,182855,000000562001,1,10.99,10.99,0.00,0.69,S,6013665722,,USD,CC
70002713,03050,02,2,20250330,182855,000000005012,1,3.99,3.99,0.00,0.00,S,6013665722,,USD,CC
70002713,03050,02,3,20250330,182855,000004493002,2,3.99,7.98,2.00,0.37,S,6013665722,PC25W08,USD,CC
70002713,03050,02,4,20250330,182855,000000005103,2,6.99,13.98,0.00,0.00,S,6013665722,,USD,CC
70002713,03050,02,5,20250330,182855,000000562001,1,10.99,10.99,0.00,0.69,S,6013665722,,USD,CC
70002713,03050,02,6,20250330,182855,000000005302,1,3.49,3.49,0.00,0.00,S,6013665722,,USD,CC
70002714,03050,02,1,20250330,205127,000000552001,1,4.49,4.49,1.12,0.21,S,6059970629,PC25W08,USD,CC
70002715,03050,02,1,20250330,215046,000000094103,1,3.79,3.79,0.00,0.00,S,,,USD,DB
70002715,03050,02,2,20250330,215046,000004491002,1,6.99,6.99,0.00,0.44,S,,,USD,DB
70002716,00317,01,1,20250330,201241,000004472002,1,6.09,6.09,0.00,0.38,S,,,CAD,CC
70002716,00317,01,2,20250330,201241,000004481001,2,10.89,21.78,0.00,1.36,S,,,CAD,CC
70002716,00317,01,3,20250330,201241,000004492003,1,3.09,3.09,0.00,0.19,S,,,CAD,CC
70002716,00317,01,4,20250330,201241,000000040102,1.581,23.09,36.51,9.13,0.00,S,,PC25W08,CAD,CC
70002716,00317,01,5,20250330,201241,000000093322,0.432,2.69,1.16,0.00,0.00,S,,,CAD,CC
70002717,00317,03,1,20250330,210644,000004472001,1,5.39,5.39,0.00,0.34,S,,,CAD,CS
70002717,00317,03,2,20250330,210644,000004493002,1,5.39,5.39,1.35,0.25,S,,PC25W08,CAD,CS
70002717,00317,03,3,20250330,210644,000000005102,1,7.49,7.49,0.00,0.00,S,,,CAD,CS
70002717,00317,03,4,20250330,210644,000000005012,1,5.39,5.39,0.00,0.00,S,,,CAD,CS
70002718,00317,02,1,20250330,203124,000000551020,1,18.99,18.99,0.00,1.19,S,6020357134,,CAD,CS
70002718,00317,02,2,20250330,203124,000000030201,1,13.59,13.59,0.00,0.00,S,6020357134,,CAD,CS
70002718,00317,02,3,20250330,203124,000004471023,1,4.69,4.69,0.00,0.29,S,6020357134,,CAD,CS
70002718,00317,02,4,20250330,203124,000000005103,1,9.49,9.49,0.00,0.00,S,6020357134,,CAD,CS
70002719,00317,02,1,20250330,70854,000000094201,0.493,2.29,1.13,0.00,0.00,S,6074224386,,CAD,DB
70002719,00317,02,2,20250330,70854,000000093322,1.544,2.69,4.15,0.00,0.00,S,6074224386,,CAD,DB
70002719,00317,02,3,20250330,70854,000004482001,1,18.99,18.99,0.00,1.19,S,6074224386,,CAD,DB
70002719,00317,02,4,20250330,70854,000004483002,2,4.69,9.38,0.00,0.59,S,6074224386,,CAD,DB
70002719,00317,02,5,20250330,70854,000004472002,1,6.09,6.09,0.91,0.32,S,6074224386,LY25W09,CAD,DB
70002720,00317,06,1,20250330,84621,000000005012,1,5.39,5.39,0.00,0.00,R,,,CAD,CC
70002721,00317,06,1,20250330,214223,000000561002,1,10.19,10.19,0.00,0.64,S,,,CAD,CC
70002722,00317,06,1,20250330,152006,000004471040,1,3.39,3.39,0.00,0.21,S,,,CAD,GC
70002722,00317,06,2,20250330,152006,000004473002,1,3.79,3.79,0.00,0.24,S,,,CAD,GC
70002723,00317,06,1,20250330,93229,000000094203,1.189,1.99,2.37,0.00,0.00,S,6004432701,,CAD,DB
70002724,00317,06,1,20250330,71409,000004472050,1,5.39,5.39,0.00,0.34,S,,,CAD,GC
70002725,00317,01,1,20250330,115827,000000562001,2,14.89,29.78,0.00,1.86,S,,,CAD,CS
70002726,00317,06,1,20250330,105353,000000094103,1,5.19,5.19,0.00,0.00,S,,,CAD,CC
70002727,00317,06,1,20250330,202349,000000030103,1,12.19,12.19,0.00,0.00,S,6064455618,,CAD,DB
70002727,00317,06,2,20250330,202349,000000020101,1,3.39,3.39,0.85,0.00,S,6064455618,PC25W08,CAD,DB
70002727,00317,06,3,20250330,202349,000004471040,1,3.39,3.39,0.00,0.21,S,6064455618,,CAD,DB
70002727,00317,06,4,20250330,202349,000000005103,1,9.49,9.49,0.00,0.00,S,6064455618,,CAD,DB
70002727,00317,06,5,20250330,202349,000000093410,1.111,5.39,5.99,0.00,0.00,S,6064455618,,CAD,DB
70002728,00317,02,1,20250330,104755,000004472050,1,5.39,5.39,0.00,0.34,S,,,CAD,DB
70002728,00317,02,2,20250330,104755,000000093402,1.934,4.49,8.68,0.00,0.00,S,,,CAD,DB
70002728,00317,02,3,20250330,104755,000004472002,1,6.09,6.09,0.00,0.38,S,,,CAD,DB
70002728,00317,02,4,20250330,104755,000004472001,1,5.39,5.39,0.00,0.34,S,,,CAD,DB
70002728,00317,02,5,20250330,104755,000000093402,0.786,4.49,3.53,0.00,0.00,S,,,CAD,DB
70002729,00317,02,1,20250330,133647,000004471040,1,3.39,3.39,0.00,0.21,S,6020952004,,CAD,GC
70002730,00317,01,1,20250330,112004,000004493002,2,5.39,10.78,2.69,0.51,S,6039235558,PC25W08,CAD,CS
70002730,00317,01,2,20250330,112004,000004482003,1,7.49,7.49,0.00,0.47,S,6039235558,,CAD,CS
70002730,00317,01,3,20250330,112004,000000094101,1,5.39,5.39,0.00,0.00,S,6039235558,,CAD,CS
70002731,01042,05,1,20250331,94350,000000005202,1,5.99,5.99,0.00,0.00,S,,,USD,GC
70002731,01042,05,2,20250331,94350,000004471040,2,2.49,4.98,0.00,0.31,S,,,USD,GC
70002731,01042,05,3,20250331,94350,000000005302,1,3.49,3.49,0.00,0.00,S,,,USD,GC
70002731,01042,05,4,20250331,94350,000000005013,1,3.89,3.89,0.00,0.00,S,,,USD,GC
70002732,01042,06,1,20250331,184123,000000040102,1.084,16.99,18.42,4.61,0.00,S,,PC25W08,USD,CS
70002732,01042,06,2,20250331,184123,000000093502,1,3.99,3.99,0.00,0.00,S,,,USD,CS
70002732,01042,06,3,20250331,184123,000004493002,1,3.99,3.99,1.00,0.19,S,,PC25W08,USD,CS
70002733,01042,04,1,20250331,151655,000000561001,1,9.99,9.99,0.00,0.62,S,,,USD,GC
70002733,01042,04,2,20250331,151655,000000030103,1,8.99,8.99,0.00,0.00,S,,,USD,GC
70002733,01042,04,3,20250331,151655,000000031101,1.553,24.99,38.81,0.00,0.00,S,,,USD,GC
70002733,01042,04,4,20250331,151655,000000551020,1,13.99,13.99,0.00,0.87,S,,,USD,GC
70002734,01042,04,1,20250331,133527,000000005020,1,4.49,4.49,0.00,0.00,S,,,USD,DB
70002734,01042,04,2,20250331,133527,000000020203,1,6.49,6.49,0.00,0.00,S,,,USD,DB
70002734,01042,04,3,20250331,133527,000000030203,1,8.49,8.49,0.00,0.00,S,,,USD,DB
70002734,01042,04,4,20250331,133527,000004472001,1,3.99,3.99,0.00,0.25,S,,,USD,DB
70002735,01042,03,1,20250331,153907,000004471024,1,3.49,3.49,0.00,0.22,S,6032033192,,USD,CC
70002735,01042,03,2,20250331,153907,000000093321,0.622,1.49,0.93,0.00,0.00,S,6032033192,,USD,CC
70002735,01042,03,3,20250331,153907,000000094202,1.154,1.99,2.30,0.00,0.00,S,6032033192,,USD,CC
70002735,01042,03,4,20250331,153907,000004491001,1,2.49,2.49,0.00,0.16,S,6032033192,,USD,CC
70002735,01042,03,5,20250331,153907,000000093322,0.953,1.99,1.90,0.00,0.00,S,6032033192,,USD,CC
70002736,01042,02,1,20250331,123720,000000005013,1,3.89,3.89,0.00,0.00,S,6015093771,,USD,CS
70002736,01042,02,2,20250331,123720,000000093501,1,4.49,4.49,0.00,0.00,S,6015093771,,USD,CS
70002736,01042,02,3,20250331,123720,000000005020,1,4.49,4.49,0.00,0.00,S,6015093771,,USD,CS
70002736,01042,02,4,20250331,123720,000000093502,2,3.99,7.98,0.00,0.00,S,6015093771,,USD,CS
70002736,01042,02,5,20250331,123720,000000040202,1,14.99,14.99,3.75,0.00,S,6015093771,PC25W08,USD,CS
70002736,01042,02,6,20250331,123720,000004492001,3,1.79,5.37,0.00,0.34,S,6015093771,,USD,CS
70002737,01042,06,1,20250331,80835,000000005013,1,3.89,3.89,0.00,0.00,S,6075233438,,USD,CS
70002737,01042,06,2,20250331,80835,000000094102,2,3.49,6.98,0.00,0.00,S,6075233438,,USD,CS
70002738,01042,02,1,20250331,151121,000000093503,1,4.29,4.29,0.64,0.00,S,6014607455,LY25W09,USD,GC
70002738,01042,02,2,20250331,151121,000000030201,1,9.99,9.99,0.00,0.00,S,6014607455,,USD,GC
70002738,01042,02,3,20250331,151121,000004483001,1,4.99,4.99,0.00,0.31,S,6014607455,,USD,GC
70002738,01042,02,4,20250331,151121,000004481003,1,4.99,4.99,0.00,0.31,S,6014607455,,USD,GC
70002739,01042,03,1,20250331,184450,000000040101,1.212,18.99,23.02,0.00,0.00,S,,,USD,DB
70002740,01107,06,1,20250331,150647,000000020202,1,5.99,5.99,0.00,0.00,S,6042752308,,USD,GC
70002741,01107,04,1,20250331,71524,000004491002,1,6.99,6.99,0.00,0.44,S,6068887189,,USD,CC
70002741,01107,04,2,20250331,71524,000000040203,3,11.99,35.97,0.00,0.00,S,6068887189,,USD,CC
70002742,01107,06,1,20250331,185314,000004481001,1,7.99,7.99,0.00,0.50,S,,,USD,CC
70002743,01107,04,1,20250331,93215,000000040202,1,14.99,14.99,3.75,0.00,S,,PC25W08,USD,CS
70002743,01107,04,2,20250331,93215,000000040102,1.485,16.99,25.23,6.31,0.00,S,,PC25W08,USD,CS
70002744,01107,05,1,20250331,180855,000004491001,1,2.49,2.49,0.00,0.16,S,6023306046,,USD,GC
70002745,01107,04,1,20250331,91442,000004472002,1,4.49,4.49,0.67,0.24,S,6038585424,LY25W09,USD,DB
70002745,01107,04,2,20250331,91442,000004472002,1,4.49,4.49,0.67,0.24,S,6038585424,LY25W09,USD,DB
70002746,02210,03,1,20250331,134902,000000031102,1.792,19.99,35.82,0.00,0.00,S,,,USD,CC
70002746,02210,03,2,20250331,134902,000004483001,1,4.99,4.99,0.00,0.31,S,,,USD,CC
70002746,02210,03,3,20250331,134902,000000094302,1.444,5.49,7.93,0.00,0.00,S,,,USD,CC
70002747,02210,04,1,20250331,204035,000004482003,1,5.49,5.49,0.00,0.34,S,6033970519,,USD,CS
70002747,02210,04,2,20250331,204035,000000005201,3,3.99,11.97,0.00,0.00,S,6033970519,,USD,CS
70002748,02210,01,1,20250331,150012,000000005013,1,3.89,3.89,0.00,0.00,S,,,USD,GC
70002748,02210,01,2,20250331,150012,000000561001,1,9.99,9.99,0.00,0.62,S,,,USD,GC
70002748,02210,01,3,20250331,150012,000000093503,3,4.29,12.87,0.00,0.00,S,,,USD,GC
70002748,02210,01,4,20250331,150012,000000005201,2,3.99,7.98,0.00,0.00,S,,,USD,GC
70002749,02210,01,1,20250331,185923,000000562001,1,10.99,10.99,0.00,0.69,S,,,USD,CC
70002749,02210,01,2,20250331,185923,000004481001,1,7.99,7.99,0.00,0.50,S,,,USD,CC
70002749,02210,01,3,20250331,185923,000004481001,1,7.99,7.99,0.00,0.50,S,,,USD,CC
70002750,02210,04,1,20250331,123902,000000040102,1.813,16.99,30.80,7.70,0.00,S,6047715910,PC25W08,USD,CC
70002751,02210,06,1,20250331,101110,000000561002,1,7.49,7.49,0.00,0.47,S,6051364424,,USD,DB
70002751,02210,06,2,20250331,101110,000000040201,1,8.99,8.99,0.00,0.00,S,6051364424,,USD,DB
70002751,02210,06,3,20250331,101110,000000093502,1,3.99,3.99,0.00,0.00,S,6051364424,,USD,DB
70002751,02210,06,4,20250331,101110,000004493001,1,5.49,5.49,0.00,0.34,S,6051364424,,USD,DB
70002751,02210,06,5,20250331,101110,000004472003,1,3.29,3.29,0.00,0.21,S,6051364424,,USD,DB
70002752,02210,06,1,20250331,74236,000004493002,1,3.99,3.99,1.00,0.19,S,,PC25W08,USD,DB
70002753,02210,01,1,20250331,85521,000000005202,1,5.99,5.99,0.00,0.00,S,,,USD,CC
70002753,02210,01,2,20250331,85521,000000005013,1,3.89,3.89,0.00,0.00,S,,,USD,CC
70002754,02210,02,1,20250331,205836,000000030103,1,8.99,8.99,0.00,0.00,S,,,USD,CC
70002754,02210,02,2,20250331,205836,000000005202,1,5.99,5.99,0.00,0.00,S,,,USD,CC
70002754,02210,02,3,20250331,205836,000000031102,0.500,19.99,9.99,0.00,0.00,S,,,USD,CC
70002754,02210,02,4,20250331,205836,000000561002,1,7.49,7.49,0.00,0.47,S,,,USD,CC
70002754,02210,02,5,20250331,205836,000000030102,2,14.99,29.98,0.00,0.00,S,,,USD,CC
70002754,02210,02,6,20250331,205836,000000020203,1,6.49,6.49,0.00,0.00,S,,,USD,CC
70002755,02211,03,1,20250331,173543,000000040202,1,14.99,14.99,3.75,0.00,S,,PC25W08,USD,DB
70002755,02211,03,2,20250331,173543,000004482001,1,13.99,13.99,0.00,0.87,S,,,USD,DB
70002755,02211,03,3,20250331,173543,000004472002,2,4.49,8.98,0.00,0.56,S,,,USD,DB
70002755,02211,03,4,20250331,173543,000004472002,1,4.49,4.49,0.00,0.28,S,,,USD,DB
70002755,02211,03,5,20250331,173543,000000094202,1.386,1.99,2.76,0.00,0.00,S,,,USD,DB
70002756,02211,03,1,20250331,195404,000004491003,1,1.99,1.99,0.00,0.12,S,,,USD,DB
70002757,02211,05,1,20250331,115517,000000552002,2,3.99,7.98,0.00,0.50,S,6086334141,,USD,CC
70002757,02211,05,2,20250331,115517,000000020101,2,2.49,4.98,1.25,0.00,S,6086334141,PC25W08,USD,CC
70002758,02211,01,1,20250331,85043,000004482003,1,5.49,5.49,0.00,0.34,S,,,USD,GC
70002758,02211,01,2,20250331,85043,000000031101,0.538,24.99,13.44,0.00,0.00,S,,,USD,GC
70002758,02211,01,3,20250331,85043,000000040101,0.986,18.99,18.72,0.00,0.00,S,,,USD,GC
70002758,02211,01,4,20250331,85043,000004493002,1,3.99,3.99,1.00,0.19,S,,PC25W08,USD,GC
70002759,02305,01,1,20250331,152710,000000040202,1,14.99,14.99,3.75,0.00,S,6025214526,PC25W08,USD,CC
70002759,02305,01,2,20250331,152710,000000005013,1,3.89,3.89,0.00,0.00,S,6025214526,,USD,CC
70002759,02305,01,3,20250331,152710,000004482003,1,5.49,5.49,0.00,0.34,S,6025214526,,USD,CC
70002760,02305,03,1,20250331,190510,000000094202,1.099,1.99,2.19,0.00,0.00,S,6005053795,,USD,DB
70002760,02305,03,2,20250331,190510,000004471030,1,3.99,3.99,0.00,0.25,S,6005053795,,USD,DB
70002760,02305,03,3,20250331,190510,000000093503,1,4.29,4.29,0.64,0.00,S,6005053795,LY25W09,USD,DB
70002760,02305,03,4,20250331,190510,000004492002,2,1.49,2.98,0.00,0.19,S,6005053795,,USD,DB
70002760,02305,03,5,20250331,190510,000000020101,1,2.49,2.49,0.62,0.00,S,6005053795,PC25W08,USD,DB
70002761,02305,06,1,20250331,82021,000004493001,1,5.49,5.49,0.00,0.34,S,,,USD,CC
70002761,02305,06,2,20250331,82021,000000093501,1,4.49,4.49,0.00,0.00,S,,,USD,CC
70002761,02305,06,3,20250331,82021,000000551020,1,13.99,13.99,0.00,0.87,S,,,USD,CC
70002761,02305,06,4,20250331,82021,000000031102,1.432,19.99,28.63,0.00,0.00,S,,,USD,CC
70002761,02305,06,5,20250331,82021,000000094101,1,3.99,3.99,0.00,0.00,S,,,USD,CC
70002762,02305,05,1,20250331,182713,000004471030,1,3.99,3.99,0.00,0.25,S,6084608106,,USD,CC
70002762,02305,05,2,20250331,182713,000004471024,2,3.49,6.98,0.00,0.44,S,6084608106,,USD,CC
70002762,02305,05,3,20250331,182713,000000005102,2,5.49,10.98,0.00,0.00,S,6084608106,,USD,CC
70002763,02305,03,1,20250331,213632,000000030102,1,14.99,14.99,0.00,0.00,S,,,USD,CC
70002763,02305,03,2,20250331,213632,000000030203,1,8.49,8.49,0.00,0.00,S,,,USD,CC
70002763,02305,03,3,20250331,213632,000004471030,1,3.99,3.99,0.00,0.25,S,,,USD,CC
70002763,02305,03,4,20250331,213632,000000005201,2,3.99,7.98,0.00,0.00,S,,,USD,CC
70002763,02305,03,5,20250331,213632,000000562002,1,8.49,8.49,0.00,0.53,S,,,USD,CC
70002763,02305,03,6,20250331,213632,000000020103,2,4.99,9.98,0.00,0.00,S,,,USD,CC
70002764,02305,05,1,20250331,73102,000000093501,1,4.49,4.49,0.00,0.00,S,6036060148,,USD,DB
70002765,02305,05,1,20250331,175924,000000031102,1.093,19.99,21.85,0.00,0.00,S,6004023693,,USD,CC
70002765,02305,05,2,20250331,175924,000000020101,1,2.49,2.49,0.62,0.00,S,6004023693,PC25W08,USD,CC
70002765,02305,05,3,20250331,175924,000004493001,1,5.49,5.49,0.00,0.34,S,6004023693,,USD,CC
70002765,02305,05,4,20250331,175924,000000005201,1,3.99,3.99,0.00,0.00,S,6004023693,,USD,CC
70002766,02305,02,1,20250331,192848,000000040203,1,11.99,11.99,0.00,0.00,S,6028397620,,USD,CC
70002766,02305,02,2,20250331,192848,000000005101,1,7.99,7.99,0.00,0.00,S,6028397620,,USD,CC
70002766,02305,02,3,20250331,192848,000004492003,1,2.29,2.29,0.00,0.14,S,6028397620,,USD,CC
70002767,02305,04,1,20250331,102954,000004472002,1,4.49,4.49,0.00,0.28,S,,,USD,DB
70002768,02305,06,1,20250331,131548,000004492002,1,1.49,1.49,0.00,0.09,S,,,USD,CC
70002768,02305,06,2,20250331,131548,000000562002,1,8.49,8.49,0.00,0.53,S,,,USD,CC
70002769,03050,05,1,20250331,80941,000000040102,0.934,16.99,15.87,3.97,0.00,S,6010804661,PC25W08,USD,GC
70002769,03050,05,2,20250331,80941,000000020101,1,2.49,2.49,0.62,0.00,S,6010804661,PC25W08,USD,GC
70002769,03050,05,3,20250331,80941,000000093502,1,3.99,3.99,0.00,0.00,S,6010804661,,USD,GC
70002769,03050,05,4,20250331,80941,000000005202,1,5.99,5.99,0.00,0.00,S,6010804661,,USD,GC
70002770,03050,04,1,20250331,81720,000004483002,1,3.49,3.49,0.00,0.22,S,6039740148,,USD,DB
70002770,03050,04,2,20250331,81720,000004492001,1,1.79,1.79,0.00,0.11,S,6039740148,,USD,DB
70002771,03050,03,1,20250331,190826,000000561001,2,9.99,19.98,0.00,1.25,S,,,USD,CS
70002771,03050,03,2,20250331,190826,000000562002,1,8.49,8.49,0.00,0.53,S,,,USD,CS
70002772,03050,03,1,20250331,210830,000000094302,1.682,5.49,9.23,0.00,0.00,S,6044857086,,USD,CS
70002772,03050,03,2,20250331,210830,000004491001,1,2.49,2.49,0.00,0.16,S,6044857086,,USD,CS
70002772,03050,03,3,20250331,210830,000004491002,1,6.99,6.99,0.00,0.44,S,6044857086,,USD,CS
70002772,03050,03,4,20250331,210830,000004471040,1,2.49,2.49,0.00,0.16,S,6044857086,,USD,CS
70002772,03050,03,5,20250331,210830,000000030101,1,6.99,6.99,0.00,0.00,S,6044857086,,USD,CS
70002773,03050,06,1,20250331,122601,000000094202,1.860,1.99,3.70,0.00,0.00,S,6084145933,,USD,CC
70002773,03050,06,2,20250331,122601,000000020201,1,5.49,5.49,0.00,0.00,S,6084145933,,USD,CC
70002774,03050,05,1,20250331,122301,000000005202,1,5.99,5.99,0.00,0.00,S,,,USD,CC
70002774,03050,05,2,20250331,122301,000000094202,1.980,1.99,3.94,0.00,0.00,S,,,USD,CC
70002774,03050,05,3,20250331,122301,000004471030,1,3.99,3.99,0.00,0.25,S,,,USD,CC
70002775,03050,02,1,20250331,200804,000000094302,0.782,5.49,4.29,0.00,0.00,S,,,USD,CC
70002775,03050,02,2,20250331,200804,000000552002,1,3.99,3.99,0.00,0.25,S,,,USD,CC
70002775,03050,02,3,20250331,200804,000000094301,0.536,4.39,2.35,0.00,0.00,S,,,USD,CC
70002776,00317,06,1,20250331,170545,000004491003,1,2.69,2.69,0.00,0.17,S,6044920749,,CAD,DB
70002776,00317,06,2,20250331,170545,000004491001,2,3.39,6.78,0.00,0.42,S,6044920749,,CAD,DB
70002776,00317,06,3,20250331,170545,000000040102,1.224,23.09,28.26,7.07,0.00,S,6044920749,PC25W08,CAD,DB
70002777,00317,03,1,20250331,140244,000000093401,0.812,7.49,6.08,0.00,0.00,S,,,CAD,DB
70002778,00317,03,1,20250331,153307,000000093503,2,5.79,11.58,1.74,0.00,S,6016800610,LY25W09,CAD,CS
70002779,00317,04,1,20250331,143841,000004483002,1,4.69,4.69,0.00,0.29,S,,,CAD,DB
70002779,00317,04,2,20250331,143841,000000030201,2,13.59,27.18,0.00,0.00,S,,,CAD,DB
70002779,00317,04,3,20250331,143841,000000552001,2,6.09,12.18,3.04,0.57,S,,PC25W08,CAD,DB
70002779,00317,04,4,20250331,143841,000000005020,1,6.09,6.09,0.00,0.00,S,,,CAD,DB
70002779,00317,04,5,20250331,143841,000000031101,2.063,33.99,70.12,0.00,0.00,S,,,CAD,DB
70002779,00317,04,6,20250331,143841,000004492001,1,2.39,2.39,0.00,0.15,S,,,CAD,DB
70002780,00317,05,1,20250331,85147,000000005020,1,6.09,6.09,0.00,0.00,S,,,CAD,GC
70002780,00317,05,2,20250331,85147,000000562002,1,11.49,11.49,0.00,0.72,S,,,CAD,GC
70002780,00317,05,3,20250331,85147,000004471030,1,5.39,5.39,0.00,0.34,S,,,CAD,GC
70002780,00317,05,4,20250331,85147,000000093410,0.277,5.39,1.49,0.00,0.00,S,,,CAD,GC
70002780,00317,05,5,20250331,85147,000004492050,3,2.99,8.97,0.00,0.56,S,,,CAD,GC
70002781,00317,02,1,20250331,123148,000000020101,1,3.39,3.39,0.85,0.00,S,6039080882,PC25W08,CAD,DB
70002781,00317,02,2,20250331,123148,000000094203,1.686,1.99,3.36,0.00,0.00,S,6039080882,,CAD,DB
70002781,00317,02,3,20250331,123148,000004492003,1,3.09,3.09,0.00,0.19,S,6039080882,,CAD,DB
70002781,00317,02,4,20250331,123148,000000551020,1,18.99,18.99,0.00,1.19,S,6039080882,,CAD,DB
70002781,00317,02,5,20250331,123148,000000093321,0.697,1.99,1.39,0.00,0.00,S,6039080882,,CAD,DB
70002782,00317,01,1,20250331,210601,000000005302,1,4.69,4.69,0.00,0.00,S,,,CAD,GC
70002783,00317,04,1,20250331,135553,000000094102,1,4.69,4.69,0.00,0.00,S,6088191485,,CAD,CS
70002783,00317,04,2,20250331,135553,000000005012,1,5.39,5.39,0.00,0.00,S,6088191485,,CAD,CS
70002783,00317,04,3,20250331,135553,000000094302,0.466,7.49,3.49,0.00,0.00,S,6088191485,,CAD,CS
70002783,00317,04,4,20250331,135553,000004481002,1,10.89,10.89,0.00,0.68,S,6088191485,,CAD,CS
70002784,00317,01,1,20250331,91442,000004481001,1,10.89,10.89,0.00,0.68,S,,,CAD,GC
70002784,00317,01,2,20250331,91442,000000020202,1,8.09,8.09,0.00,0.00,S,,,CAD,GC
70002784,00317,01,3,20250331,91442,000004492050,1,2.99,2.99,0.00,0.19,S,,,CAD,GC
70002784,00317,01,4,20250331,91442,000000005020,1,6.09,6.09,0.00,0.00,S,,,CAD,GC
70002784,00317,01,5,20250331,91442,000000005202,2,8.09,16.18,0.00,0.00,S,,,CAD,GC
70002784,00317,01,6,20250331,91442,000000005020,1,6.09,6.09,0.00,0.00,S,,,CAD,GC
70002785,00317,06,1,20250331,71852,000000005013,1,5.29,5.29,0.00,0.00,S,6063731495,,CAD,CC
70002785,00317,06,2,20250331,71852,000004472050,1,5.39,5.39,0.00,0.34,S,6063731495,,CAD,CC
70002785,00317,06,3,20250331,71852,000000005302,1,4.69,4.69,0.00,0.00,S,6063731495,,CAD,CC
70002785,00317,06,4,20250331,71852,000000005301,1,7.49,7.49,0.00,0.00,S,6063731495,,CAD,CC
70002785,00317,06,5,20250331,71852,000004492001,2,2.39,4.78,0.00,0.30,S,6063731495,,CAD,CC
70002786,00317,05,1,20250331,201632,000004471030,1,5.39,5.39,0.00,0.34,S,6057937639,,CAD,DB
70002786,00317,05,2,20250331,201632,000004482003,1,7.49,7.49,0.00,0.47,S,6057937639,,CAD,DB
70002786,00317,05,3,20250331,201632,000000005301,1,7.49,7.49,0.00,0.00,S,6057937639,,CAD,DB
70002786,00317,05,4,20250331,201632,000000030101,1,9.49,9.49,0.00,0.00,S,6057937639,,CAD,DB
70002786,00317,05,5,20250331,201632,000004481001,3,10.89,32.67,4.90,1.74,S,6057937639,LY25W09,CAD,DB
70002786,00317,05,6,20250331,201632,000004471030,1,5.39,5.39,0.00,0.34,S,6057937639,,CAD,DB
70002787,00317,04,1,20250331,135223,000000005020,1,6.09,6.09,0.00,0.00,S,,,CAD,CS
70002787,00317,04,2,20250331,135223,000004483002,1,4.69,4.69,0.00,0.29,S,,,CAD,CS
70002787,00317,04,3,20250331,135223,000004481001,2,10.89,21.78,0.00,1.36,S,,,CAD,CS
70002788,00317,02,1,20250331,143324,000000562002,1,11.49,11.49,0.00,0.72,S,,,CAD,GC
70002789,00317,06,1,20250331,115224,000000040202,1,20.39,20.39,5.10,0.00,S,6081964825,PC25W08,CAD,CC
70002789,00317,06,2,20250331,115224,000000005102,1,7.49,7.49,0.00,0.00,S,6081964825,,CAD,CC
70002789,00317,06,3,20250331,115224,000004482002,1,24.49,24.49,0.00,1.53,S,6081964825,,CAD,CC
70002789,00317,06,4,20250331,115224,000000030103,3,12.19,36.57,0.00,0.00,S,6081964825,,CAD,CC
70002789,00317,06,5,20250331,115224,000000020201,1,7.49,7.49,0.00,0.00,S,6081964825,,CAD,CC
