TRX_ID,STR_NBR,REG_NBR,LN_NBR,TRX_DT,TRX_TM,ITM_ID,QTY,UNIT_PRC,EXT_AMT,DISC_AMT,TAX_AMT,TRX_TYP,LYL_CARD_NBR,PROMO_CD,CRNCY_CD,TNDR_CD
70024844,01042,01,1,20260501,122419,000000093501,1,4.49,4.49,0.00,0.00,S,6055616814,,USD,CC
70024844,01042,01,2,20260501,122419,000000094102,1,3.49,3.49,0.00,0.00,S,6055616814,,USD,CC
70024844,01042,01,3,20260501,122419,000000562002,1,8.49,8.49,0.00,0.53,S,6055616814,,USD,CC
70024844,01042,01,4,20260501,122419,000000094301,1.304,4.39,5.72,1.14,0.00,S,6055616814,PC26W13,USD,CC
70024845,01042,03,1,20260501,125023,000004481003,2,4.99,9.98,0.00,0.62,S,6095026480,,USD,CC
70024845,01042,03,2,20260501,125023,000004483002,1,3.49,3.49,0.00,0.22,S,6095026480,,USD,CC
70024845,01042,03,3,20260501,125023,000000040203,1,11.99,11.99,0.00,0.00,S,6095026480,,USD,CC
70024845,01042,03,4,20260501,125023,000000005102,1,5.49,5.49,0.00,0.00,S,6095026480,,USD,CC
70024845,01042,03,5,20260501,125023,000000020201,1,5.49,5.49,0.00,0.00,S,6095026480,,USD,CC
70024846,01042,06,1,20260501,213310,000004491002,1,6.99,6.99,1.40,0.35,S,,PC26W13,USD,CC
70024846,01042,06,2,20260501,213310,000000020101,1,2.49,2.49,0.00,0.00,S,,,USD,CC
70024846,01042,06,3,20260501,213310,000000005302,1,3.49,3.49,0.00,0.00,S,,,USD,CC
70024847,01042,04,1,20260501,202810,000000020101,1,2.49,2.49,0.00,0.00,S,6000687616,,USD,DB
70024847,01042,04,2,20260501,202810,000004483001,1,4.99,4.99,0.00,0.31,S,6000687616,,USD,DB
70024847,01042,04,3,20260501,202810,000000005201,1,3.99,3.99,0.80,0.00,S,6000687616,PC26W12,USD,DB
70024847,01042,04,4,20260501,202810,000004471030,3,3.99,11.97,3.99,0.50,S,6000687616,MB26W13,USD,DB
70024847,01042,04,5,20260501,202810,000000093503,1,4.29,4.29,0.00,0.00,S,6000687616,,USD,DB
70024848,01042,04,1,20260501,114455,000000030103,1,8.99,8.99,0.00,0.00,S,,,USD,CC
70024849,01042,05,1,20260501,100955,000000005020,2,4.49,8.98,0.00,0.00,S,6035365419,,USD,CC
70024850,01042,05,1,20260501,144056,000000040201,1,8.99,8.99,1.80,0.00,S,6003717058,PC26W12,USD,CS
70024850,01042,05,2,20260501,144056,000000094102,1,3.49,3.49,0.00,0.00,S,6003717058,,USD,CS
70024850,01042,05,3,20260501,144056,000004492003,3,2.29,6.87,2.29,0.29,S,6003717058,MB26W13,USD,CS
70024850,01042,05,4,20260501,144056,000004482001,1,13.99,13.99,2.80,0.70,S,6003717058,PC26W13,USD,CS
70024850,01042,05,5,20260501,144056,000004471023,1,3.49,3.49,0.00,0.22,S,6003717058,,USD,CS
70024851,01042,03,1,20260501,113028,000000005202,1,5.99,5.99,0.00,0.00,S,6040376137,,USD,CC
70024852,01042,01,1,20260501,124744,000004482001,1,13.99,13.99,2.80,0.70,S,6078596969,PC26W13,USD,CC
70024853,01042,05,1,20260501,85558,000004491003,1,1.99,1.99,0.00,0.12,S,6037183764,,USD,GC
70024853,01042,05,2,20260501,85558,000000040201,1,8.99,8.99,1.80,0.00,S,6037183764,PC26W12,USD,GC
70024853,01042,05,3,20260501,85558,000000005103,1,6.99,6.99,1.40,0.00,S,6037183764,PC26W12,USD,GC
70024854,01042,04,1,20260501,181217,000000005103,1,6.99,6.99,1.40,0.00,S,,PC26W12,USD,GC
70024854,01042,04,2,20260501,181217,000000020202,1,5.99,5.99,0.00,0.00,S,,,USD,GC
70024855,01042,06,1,20260501,210558,000000551021,1,11.99,11.99,0.00,0.75,S,6037213865,,USD,CS
70024856,01107,03,1,20260501,173841,000000093325,2.192,3.99,8.75,0.00,0.00,S,6014987283,,USD,CC
70024856,01107,03,2,20260501,173841,000000094302,0.547,5.49,3.00,0.00,0.00,S,6014987283,,USD,CC
70024857,01107,05,1,20260501,185352,000000040203,1,11.99,11.99,0.00,0.00,S,6050537666,,USD,DB
70024857,01107,05,2,20260501,185352,000004482003,1,5.49,5.49,0.00,0.34,S,6050537666,,USD,DB
70024857,01107,05,3,20260501,185352,000000040201,1,8.99,8.99,1.80,0.00,S,6050537666,PC26W12,USD,DB
70024857,01107,05,4,20260501,185352,000000005201,2,3.99,7.98,1.60,0.00,S,6050537666,PC26W12,USD,DB
70024858,02210,02,1,20260501,123034,000000093325,1.821,3.99,7.27,0.00,0.00,S,6059597752,,USD,CC
70024858,02210,02,2,20260501,123034,000004481001,1,7.99,7.99,0.00,0.50,S,6059597752,,USD,CC
70024859,02210,05,1,20260501,215922,000000005101,1,7.99,7.99,0.00,0.00,S,,,USD,CC
70024859,02210,05,2,20260501,215922,000000562001,1,10.99,10.99,0.00,0.69,S,,,USD,CC
70024859,02210,05,3,20260501,215922,000004493002,2,3.99,7.98,0.00,0.50,S,,,USD,CC
70024859,02210,05,4,20260501,215922,000000040201,1,8.99,8.99,1.80,0.00,S,,PC26W12,USD,CC
70024860,02210,02,1,20260501,162358,000000093501,3,4.49,13.47,4.49,0.00,S,6088450615,MB26W13,USD,CC
70024860,02210,02,2,20260501,162358,000000551020,1,13.99,13.99,0.00,0.87,S,6088450615,,USD,CC
70024861,02210,03,1,20260501,131505,000004482003,1,5.49,5.49,0.00,0.34,S,,,USD,CC
70024861,02210,03,2,20260501,131505,000004473003,1,3.49,3.49,0.00,0.22,S,,,USD,CC
70024862,02210,04,1,20260501,150439,000004491001,1,2.49,2.49,0.00,0.16,S,6025120734,,USD,GC
70024862,02210,04,2,20260501,150439,000004482002,1,17.99,17.99,0.00,1.12,S,6025120734,,USD,GC
70024863,02210,03,1,20260501,182104,000004482003,2,5.49,10.98,0.00,0.69,S,,,USD,CS
70024863,02210,03,2,20260501,182104,000000094201,1.146,1.69,1.94,0.00,0.00,S,,,USD,CS
70024863,02210,03,3,20260501,182104,000004471030,3,3.99,11.97,3.99,0.50,S,,MB26W13,USD,CS
70024863,02210,03,4,20260501,182104,000000093402,0.653,3.29,2.15,0.00,0.00,S,,,USD,CS
70024863,02210,03,5,20260501,182104,000000093322,1.941,1.99,3.86,0.00,0.00,S,,,USD,CS
70024864,02210,04,1,20260501,103153,000000552001,1,4.49,4.49,0.00,0.28,S,6052873397,,USD,CC
70024865,02210,06,1,20260501,105253,000000020103,1,4.99,4.99,0.00,0.00,S,,,USD,DB
70024865,02210,06,2,20260501,105253,000004492003,2,2.29,4.58,0.00,0.29,S,,,USD,DB
70024866,02210,05,1,20260501,94741,000000093501,3,4.49,13.47,4.49,0.00,S,,MB26W13,USD,DB
70024867,02210,01,1,20260501,145945,000004472001,2,3.99,7.98,0.00,0.50,S,,,USD,DB
70024868,02210,05,1,20260501,141944,000004471023,1,3.49,3.49,0.00,0.22,S,6067066253,,USD,GC
70024868,02210,05,2,20260501,141944,000000040102,2.087,16.99,35.46,0.00,0.00,S,6067066253,,USD,GC
70024868,02210,05,3,20260501,141944,000000093321,1.111,1.49,1.66,0.00,0.00,S,6067066253,,USD,GC
70024868,02210,05,4,20260501,141944,000000005020,1,4.49,4.49,0.00,0.00,S,6067066253,,USD,GC
70024868,02210,05,5,20260501,141944,000004473003,1,3.49,3.49,0.00,0.22,S,6067066253,,USD,GC
70024869,02211,04,1,20260501,71924,000000020201,1,5.49,5.49,0.00,0.00,S,6038167423,,USD,GC
70024869,02211,04,2,20260501,71924,000004492003,1,2.29,2.29,0.00,0.14,S,6038167423,,USD,GC
70024869,02211,04,3,20260501,71924,000004473001,1,2.99,2.99,0.00,0.19,S,6038167423,,USD,GC
70024869,02211,04,4,20260501,71924,000004482001,1,13.99,13.99,2.80,0.70,S,6038167423,PC26W13,USD,GC
70024869,02211,04,5,20260501,71924,000000551021,3,11.99,35.97,0.00,2.25,S,6038167423,,USD,GC
70024869,02211,04,6,20260501,71924,000004473002,1,2.79,2.79,0.00,0.17,S,6038167423,,USD,GC
70024870,02211,02,1,20260501,125205,000004473001,1,2.99,2.99,0.00,0.19,S,,,USD,DB
70024870,02211,02,2,20260501,125205,000004491003,3,1.99,5.97,1.99,0.25,S,,MB26W13,USD,DB
70024870,02211,02,3,20260501,125205,000000020102,1,3.49,3.49,0.00,0.00,S,,,USD,DB
70024870,02211,02,4,20260501,125205,000000030203,1,8.49,8.49,0.00,0.00,S,,,USD,DB
70024870,02211,02,5,20260501,125205,000000005302,1,3.49,3.49,0.00,0.00,S,,,USD,DB
70024870,02211,02,6,20260501,125205,000000020102,1,3.49,3.49,0.00,0.00,S,,,USD,DB
70024871,02211,06,1,20260501,130201,000000005201,2,3.99,7.98,1.60,0.00,S,,PC26W12,USD,DB
70024871,02211,06,2,20260501,130201,000004493002,1,3.99,3.99,0.00,0.25,S,,,USD,DB
70024871,02211,06,3,20260501,130201,000000020201,2,5.49,10.98,0.00,0.00,S,,,USD,DB
70024871,02211,06,4,20260501,130201,000004491002,1,6.99,6.99,1.40,0.35,S,,PC26W13,USD,DB
70024872,02211,06,1,20260501,81314,000000094101,1,3.99,3.99,0.00,0.00,S,6099187240,,USD,CC
70024872,02211,06,2,20260501,81314,000004471030,3,3.99,11.97,3.99,0.50,S,6099187240,MB26W13,USD,CC
70024872,02211,06,3,20260501,81314,000004483002,1,3.49,3.49,0.00,0.22,S,6099187240,,USD,CC
70024872,02211,06,4,20260501,81314,000000020101,1,2.49,2.49,0.00,0.00,S,6099187240,,USD,CC
70024872,02211,06,5,20260501,81314,000000040201,1,8.99,8.99,1.80,0.00,S,6099187240,PC26W12,USD,CC
70024872,02211,06,6,20260501,81314,000000005013,1,3.89,3.89,0.78,0.00,S,6099187240,PC26W13,USD,CC
70024873,02211,01,1,20260501,202539,000004473003,1,3.49,3.49,0.00,0.22,S,6008340242,,USD,CS
70024873,02211,01,2,20260501,202539,000000005301,1,5.49,5.49,0.00,0.00,S,6008340242,,USD,CS
70024873,02211,01,3,20260501,202539,000000005101,1,7.99,7.99,0.00,0.00,S,6008340242,,USD,CS
70024874,02211,02,1,20260501,121223,000004471023,1,3.49,3.49,0.00,0.22,S,6003697117,,USD,CC
70024874,02211,02,2,20260501,121223,000004473002,3,2.79,8.37,2.79,0.35,S,6003697117,MB26W13,USD,CC
70024874,02211,02,3,20260501,121223,000004472003,2,3.29,6.58,0.00,0.41,S,6003697117,,USD,CC
70024874,02211,02,4,20260501,121223,000000005202,2,5.99,11.98,0.00,0.00,S,6003697117,,USD,CC
70024874,02211,02,5,20260501,121223,000000005302,1,3.49,3.49,0.00,0.00,S,6003697117,,USD,CC
70024874,02211,02,6,20260501,121223,000004491001,1,2.49,2.49,0.00,0.16,S,6003697117,,USD,CC
70024875,02211,03,1,20260501,100330,000004473003,2,3.49,6.98,0.00,0.44,S,,,USD,DB
70024875,02211,03,2,20260501,100330,000004471023,1,3.49,3.49,0.00,0.22,S,,,USD,DB
70024875,02211,03,3,20260501,100330,000000005013,1,3.89,3.89,0.78,0.00,S,,PC26W13,USD,DB
70024875,02211,03,4,20260501,100330,000000040101,2.029,18.99,38.53,0.00,0.00,S,,,USD,DB
70024875,02211,03,5,20260501,100330,000004471030,3,3.99,11.97,3.99,0.50,S,,MB26W13,USD,DB
70024876,02305,03,1,20260501,104330,000000040201,2,8.99,17.98,3.60,0.00,S,,PC26W12,USD,DB
70024876,02305,03,2,20260501,104330,000000093325,0.382,3.99,1.52,0.00,0.00,S,,,USD,DB
70024876,02305,03,3,20260501,104330,000000005101,1,7.99,7.99,0.00,0.00,S,,,USD,DB
70024876,02305,03,4,20260501,104330,000004473002,1,2.79,2.79,0.00,0.17,S,,,USD,DB
70024876,02305,03,5,20260501,104330,000000005103,1,6.99,6.99,1.40,0.00,S,,PC26W12,USD,DB
70024877,02305,01,1,20260501,114425,000000093502,1,3.99,3.99,0.00,0.00,S,,,USD,GC
70024877,02305,01,2,20260501,114425,000004472001,1,3.99,3.99,0.00,0.25,S,,,USD,GC
70024878,02305,01,1,20260501,174240,000000020103,1,4.99,4.99,0.00,0.00,S,,,USD,GC
70024878,02305,01,2,20260501,174240,000000005301,1,5.49,5.49,0.00,0.00,S,,,USD,GC
70024878,02305,01,3,20260501,174240,000000561002,1,7.49,7.49,0.00,0.47,S,,,USD,GC
70024878,02305,01,4,20260501,174240,000000020201,1,5.49,5.49,0.00,0.00,S,,,USD,GC
70024878,02305,01,5,20260501,174240,000000030103,2,8.99,17.98,0.00,0.00,S,,,USD,GC
70024879,02305,06,1,20260501,184424,000004491003,3,1.99,5.97,1.99,0.25,S,6030347786,MB26W13,USD,CS
70024879,02305,06,2,20260501,184424,000000040203,3,11.99,35.97,0.00,0.00,S,6030347786,,USD,CS
70024879,02305,06,3,20260501,184424,000000093321,1.464,1.49,2.18,0.00,0.00,S,6030347786,,USD,CS
70024879,02305,06,4,20260501,184424,000004492003,3,2.29,6.87,2.29,0.29,S,6030347786,MB26W13,USD,CS
70024880,02305,01,1,20260501,162140,000000562001,1,10.99,10.99,0.00,0.69,S,,,USD,DB
70024880,02305,01,2,20260501,162140,000000020103,2,4.99,9.98,0.00,0.00,S,,,USD,DB
70024880,02305,01,3,20260501,162140,000004482001,2,13.99,27.98,5.60,1.40,S,,PC26W13,USD,DB
70024881,02305,02,1,20260501,112923,000000030103,1,8.99,8.99,0.00,0.00,S,6093783063,,USD,CC
70024881,02305,02,2,20260501,112923,000000005201,1,3.99,3.99,0.80,0.00,S,6093783063,PC26W12,USD,CC
70024881,02305,02,3,20260501,112923,000000094201,1.601,1.69,2.71,0.00,0.00,S,6093783063,,USD,CC
70024882,02305,05,1,20260501,115228,000000005202,2,5.99,11.98,0.00,0.00,S,,,USD,CS
70024882,02305,05,2,20260501,115228,000000031102,0.956,19.99,19.11,0.00,0.00,S,,,USD,CS
70024882,02305,05,3,20260501,115228,000000030103,3,8.99,26.97,8.99,0.00,S,,MB26W13,USD,CS
70024882,02305,05,4,20260501,115228,000000561001,2,9.99,19.98,0.00,1.25,S,,,USD,CS
70024882,02305,05,5,20260501,115228,000000552001,1,4.49,4.49,0.00,0.28,S,,,USD,CS
70024883,02305,05,1,20260501,182907,000000551021,1,11.99,11.99,0.00,0.75,S,,,USD,GC
70024883,02305,05,2,20260501,182907,000000030201,1,9.99,9.99,0.00,0.00,S,,,USD,GC
70024884,02305,02,1,20260501,123819,000000020202,1,5.99,5.99,0.00,0.00,S,,,USD,CS
70024885,02305,02,1,20260501,154321,000000552001,1,4.49,4.49,0.00,0.28,S,6067625153,,USD,CC
70024885,02305,02,2,20260501,154321,000000551021,1,11.99,11.99,0.00,0.75,S,6067625153,,USD,CC
70024885,02305,02,3,20260501,154321,000004492002,1,1.49,1.49,0.00,0.09,S,6067625153,,USD,CC
70024885,02305,02,4,20260501,154321,000000040102,0.551,16.99,9.36,0.00,0.00,S,6067625153,,USD,CC
70024885,02305,02,5,20260501,154321,000000093322,0.293,1.99,0.58,0.00,0.00,S,6067625153,,USD,CC
70024886,02305,05,1,20260501,120338,000004472003,1,3.29,3.29,0.00,0.21,S,,,USD,CC
70024886,02305,05,2,20260501,120338,000000093410,1.366,3.99,5.45,0.00,0.00,S,,,USD,CC
70024887,02305,05,1,20260501,121027,000000031101,0.915,24.99,22.87,0.00,0.00,S,,,USD,CC
70024887,02305,05,2,20260501,121027,000004481003,1,4.99,4.99,0.00,0.31,S,,,USD,CC
70024887,02305,05,3,20260501,121027,000000030203,1,8.49,8.49,0.00,0.00,S,,,USD,CC
70024887,02305,05,4,20260501,121027,000004491001,1,2.49,2.49,0.00,0.16,S,,,USD,CC
70024887,02305,05,5,20260501,121027,000000005201,1,3.99,3.99,0.80,0.00,S,,PC26W12,USD,CC
70024888,02305,02,1,20260501,94104,000000005012,1,3.99,3.99,0.00,0.00,S,6018297168,,USD,CC
70024888,02305,02,2,20260501,94104,000000562002,1,8.49,8.49,0.00,0.53,S,6018297168,,USD,CC
70024889,02305,01,1,20260501,191018,000004482003,1,5.49,5.49,0.00,0.34,S,6047705383,,USD,CS
70024890,03050,03,1,20260501,193416,000000093325,0.310,3.99,1.24,0.00,0.00,S,,,USD,CS
70024890,03050,03,2,20260501,193416,000004473002,2,2.79,5.58,0.00,0.35,S,,,USD,CS
70024890,03050,03,3,20260501,193416,000000040202,1,14.99,14.99,0.00,0.00,S,,,USD,CS
70024890,03050,03,4,20260501,193416,000000020102,1,3.49,3.49,0.00,0.00,S,,,USD,CS
70024890,03050,03,5,20260501,193416,000004483002,1,3.49,3.49,0.00,0.22,S,,,USD,CS
70024891,03050,05,1,20260501,172521,000004473003,1,3.49,3.49,0.00,0.22,S,,,USD,CS
70024891,03050,05,2,20260501,172521,000004492001,1,1.79,1.79,0.00,0.11,S,,,USD,CS
70024891,03050,05,3,20260501,172521,000000094302,1.882,5.49,10.33,0.00,0.00,S,,,USD,CS
70024892,03050,01,1,20260501,204821,000000094301,0.313,4.39,1.37,0.27,0.00,S,,PC26W13,USD,CC
70024892,03050,01,2,20260501,204821,000004491003,1,1.99,1.99,0.00,0.12,S,,,USD,CC
70024892,03050,01,3,20260501,204821,000004483001,1,4.99,4.99,0.00,0.31,S,,,USD,CC
70024892,03050,01,4,20260501,204821,000000020202,3,5.99,17.97,0.00,0.00,S,,,USD,CC
70024893,03050,06,1,20260501,163206,000000005020,1,4.49,4.49,0.00,0.00,S,,,USD,CS
70024893,03050,06,2,20260501,163206,000000094203,1.935,1.49,2.88,0.00,0.00,S,,,USD,CS
70024893,03050,06,3,20260501,163206,000004473002,3,2.79,8.37,2.79,0.35,S,,MB26W13,USD,CS
70024894,03050,02,1,20260501,120753,000000561001,1,9.99,9.99,0.00,0.62,S,,,USD,CS
70024894,03050,02,2,20260501,120753,000000005103,1,6.99,6.99,1.40,0.00,S,,PC26W12,USD,CS
70024894,03050,02,3,20260501,120753,000000094301,1.391,4.39,6.11,1.22,0.00,S,,PC26W13,USD,CS
70024894,03050,02,4,20260501,120753,000000093410,1.587,3.99,6.33,0.00,0.00,S,,,USD,CS
70024894,03050,02,5,20260501,120753,000004492002,1,1.49,1.49,0.00,0.09,S,,,USD,CS
70024894,03050,02,6,20260501,120753,000000040201,1,8.99,8.99,1.80,0.00,S,,PC26W12,USD,CS
70024895,03050,02,1,20260501,113741,000004491003,3,1.99,5.97,1.99,0.25,S,6053460605,MB26W13,USD,DB
70024895,03050,02,2,20260501,113741,000000561002,1,7.49,7.49,0.00,0.47,S,6053460605,,USD,DB
70024895,03050,02,3,20260501,113741,000000020102,1,3.49,3.49,0.00,0.00,S,6053460605,,USD,DB
70024896,00317,04,1,20260501,74649,000000030202,1,15.59,15.59,0.00,0.00,S,,,CAD,CC
70024896,00317,04,2,20260501,74649,000000094301,1.182,5.99,7.08,1.42,0.00,S,,PC26W13,CAD,CC
70024896,00317,04,3,20260501,74649,000000040201,1,12.19,12.19,2.44,0.00,S,,PC26W12,CAD,CC
70024897,00317,03,1,20260501,120903,000000094301,1.966,5.99,11.78,2.36,0.00,S,,PC26W13,CAD,CS
70024897,00317,03,2,20260501,120903,000000005202,1,8.09,8.09,0.00,0.00,S,,,CAD,CS
70024897,00317,03,3,20260501,120903,000000030202,1,15.59,15.59,0.00,0.00,S,,,CAD,CS
70024897,00317,03,4,20260501,120903,000000094102,2,4.69,9.38,0.00,0.00,S,,,CAD,CS
70024897,00317,03,5,20260501,120903,000000005101,2,10.89,21.78,0.00,0.00,S,,,CAD,CS
70024897,00317,03,6,20260501,120903,000004491001,1,3.39,3.39,0.00,0.21,S,,,CAD,CS
70024898,00317,06,1,20260501,81200,000000094302,1.613,7.49,12.08,0.00,0.00,S,6099323123,,CAD,GC
70024898,00317,06,2,20260501,81200,000000030201,2,13.59,27.18,0.00,0.00,S,6099323123,,CAD,GC
70024898,00317,06,3,20260501,81200,000004471040,1,3.39,3.39,0.00,0.21,S,6099323123,,CAD,GC
70024898,00317,06,4,20260501,81200,000004492003,3,3.09,9.27,3.09,0.39,S,6099323123,MB26W13,CAD,GC
70024898,00317,06,5,20260501,81200,000004473003,1,4.69,4.69,0.00,0.29,S,6099323123,,CAD,GC
70024899,00317,01,1,20260501,163914,000000093501,3,6.09,18.27,6.09,0.00,S,,MB26W13,CAD,CS
70024899,00317,01,2,20260501,163914,000000093503,2,5.79,11.58,0.00,0.00,S,,,CAD,CS
70024899,00317,01,3,20260501,163914,000004482002,1,24.49,24.49,0.00,1.53,S,,,CAD,CS
70024900,00317,06,1,20260501,83056,000000093501,3,6.09,18.27,6.09,0.00,S,6041132579,MB26W13,CAD,CC
70024900,00317,06,2,20260501,83056,000000093401,2.133,7.49,15.98,0.00,0.00,S,6041132579,,CAD,CC
70024900,00317,06,3,20260501,83056,000000031102,1.261,27.19,34.29,0.00,0.00,S,6041132579,,CAD,CC
70024901,00317,01,1,20260501,174014,000000030102,1,20.39,20.39,0.00,0.00,S,,,CAD,GC
70024901,00317,01,2,20260501,174014,000000094302,1.940,7.49,14.53,0.00,0.00,S,,,CAD,GC
70024901,00317,01,3,20260501,174014,000000094201,0.773,2.29,1.77,0.00,0.00,S,,,CAD,GC
70024902,00317,05,1,20260501,175403,000000093503,2,5.79,11.58,0.00,0.00,S,,,CAD,GC
70024902,00317,05,2,20260501,175403,000000093501,3,6.09,18.27,6.09,0.00,S,,MB26W13,CAD,GC
70024902,00317,05,3,20260501,175403,000000031102,1.950,27.19,53.02,0.00,0.00,S,,,CAD,GC
70024902,00317,05,4,20260501,175403,000000030101,1,9.49,9.49,0.00,0.00,S,,,CAD,GC
70024902,00317,05,5,20260501,175403,000000562001,1,14.89,14.89,0.00,0.93,S,,,CAD,GC
70024902,00317,05,6,20260501,175403,000004492003,1,3.09,3.09,0.00,0.19,S,,,CAD,GC
70024903,00317,06,1,20260501,210741,000000093410,1.118,5.39,6.03,0.00,0.00,S,6088191485,,CAD,GC
70024904,00317,03,1,20260501,213128,000000005102,1,7.49,7.49,0.00,0.00,S,,,CAD,DB
70024905,00317,02,1,20260501,122751,000004481003,1,6.79,6.79,0.00,0.42,S,,,CAD,DB
70024905,00317,02,2,20260501,122751,000000094102,1,4.69,4.69,0.00,0.00,S,,,CAD,DB
70024905,00317,02,3,20260501,122751,000004491001,1,3.39,3.39,0.00,0.21,S,,,CAD,DB
70024906,00317,06,1,20260501,114923,000004471040,1,3.39,3.39,0.00,0.21,S,,,CAD,GC
70024907,00322,05,1,20260501,152550,000000020202,1,8.09,8.09,0.00,0.00,S,,,CAD,CC
70024907,00322,05,2,20260501,152550,000004483002,1,4.69,4.69,0.00,0.29,S,,,CAD,CC
70024907,00322,05,3,20260501,152550,000004473001,1,4.09,4.09,0.00,0.26,S,,,CAD,CC
70024907,00322,05,4,20260501,152550,000000040203,1,16.29,16.29,0.00,0.00,S,,,CAD,CC
70024908,00322,04,1,20260501,184810,000000020202,1,8.09,8.09,0.00,0.00,S,,,CAD,GC
70024908,00322,04,2,20260501,184810,000004491002,1,9.49,9.49,1.90,0.47,S,,PC26W13,CAD,GC
70024909,01042,06,1,20260502,135051,000000005102,1,5.49,5.49,0.00,0.00,S,6049822749,,USD,DB
70024910,01042,04,1,20260502,201915,000000552001,1,4.49,4.49,0.00,0.28,S,6012710267,,USD,CS
70024911,01042,05,1,20260502,162325,000000094301,1.552,4.39,6.81,1.36,0.00,S,,PC26W13,USD,CS
70024911,01042,05,2,20260502,162325,000004471030,3,3.99,11.97,3.99,0.50,S,,MB26W13,USD,CS
70024911,01042,05,3,20260502,162325,000004471030,3,3.99,11.97,3.99,0.50,S,,MB26W13,USD,CS
70024911,01042,05,4,20260502,162325,000000552001,1,4.49,4.49,0.00,0.28,S,,,USD,CS
70024912,01042,06,1,20260502,215847,000004473003,1,3.49,3.49,0.00,0.22,S,6045273466,,USD,DB
70024912,01042,06,2,20260502,215847,000004492001,1,1.79,1.79,0.00,0.11,S,6045273466,,USD,DB
70024912,01042,06,3,20260502,215847,000000005301,1,5.49,5.49,0.00,0.00,S,6045273466,,USD,DB
70024912,01042,06,4,20260502,215847,000004481001,1,7.99,7.99,0.00,0.50,S,6045273466,,USD,DB
70024912,01042,06,5,20260502,215847,000004482001,1,13.99,13.99,2.80,0.70,S,6045273466,PC26W13,USD,DB
70024912,01042,06,6,20260502,215847,000004472003,1,3.29,3.29,0.00,0.21,S,6045273466,,USD,DB
70024913,01042,01,1,20260502,201913,000004473003,1,3.49,3.49,0.00,0.22,S,6014607455,,USD,DB
70024913,01042,01,2,20260502,201913,000000561001,1,9.99,9.99,0.00,0.62,S,6014607455,,USD,DB
70024913,01042,01,3,20260502,201913,000000094102,1,3.49,3.49,0.00,0.00,S,6014607455,,USD,DB
70024913,01042,01,4,20260502,201913,000000552001,1,4.49,4.49,0.00,0.28,S,6014607455,,USD,DB
70024914,01042,06,1,20260502,213412,000000005201,1,3.99,3.99,0.80,0.00,S,6035365419,PC26W12,USD,DB
70024914,01042,06,2,20260502,213412,000000005103,2,6.99,13.98,2.80,0.00,S,6035365419,PC26W12,USD,DB
70024914,01042,06,3,20260502,213412,000004491003,2,1.99,3.98,0.00,0.25,S,6035365419,,USD,DB
70024914,01042,06,4,20260502,213412,000000005202,1,5.99,5.99,0.00,0.00,S,6035365419,,USD,DB
70024915,01042,04,1,20260502,120536,000000030102,1,14.99,14.99,0.00,0.00,S,,,USD,DB
70024915,01042,04,2,20260502,120536,000000020201,1,5.49,5.49,0.00,0.00,S,,,USD,DB
70024915,01042,04,3,20260502,120536,000000030203,2,8.49,16.98,0.00,0.00,S,,,USD,DB
70024915,01042,04,4,20260502,120536,000000030103,3,8.99,26.97,8.99,0.00,S,,MB26W13,USD,DB
70024915,01042,04,5,20260502,120536,000004491002,1,6.99,6.99,1.40,0.35,S,,PC26W13,USD,DB
70024916,01107,06,1,20260502,173159,000004492003,3,2.29,6.87,2.29,0.29,S,,MB26W13,USD,GC
70024917,01107,06,1,20260502,114554,000004483001,2,4.99,9.98,0.00,0.62,S,,,USD,CC
70024917,01107,06,2,20260502,114554,000000551020,2,13.99,27.98,0.00,1.75,S,,,USD,CC
70024917,01107,06,3,20260502,114554,000004483002,1,3.49,3.49,0.00,0.22,S,,,USD,CC
70024917,01107,06,4,20260502,114554,000004493002,1,3.99,3.99,0.00,0.25,S,,,USD,CC
70024918,01107,01,1,20260502,165548,000000040102,0.566,16.99,9.62,0.00,0.00,S,6042340163,,USD,DB
70024918,01107,01,2,20260502,165548,000004491002,1,6.99,6.99,1.40,0.35,S,6042340163,PC26W13,USD,DB
70024919,01107,01,1,20260502,194800,000000005302,2,3.49,6.98,0.00,0.00,S,6049961659,,USD,GC
70024919,01107,01,2,20260502,194800,000000040202,1,14.99,14.99,0.00,0.00,S,6049961659,,USD,GC
70024919,01107,01,3,20260502,194800,000000040102,1.023,16.99,17.38,0.00,0.00,S,6049961659,,USD,GC
70024920,01107,03,1,20260502,130358,000000005301,1,5.49,5.49,0.00,0.00,S,,,USD,GC
70024920,01107,03,2,20260502,130358,000000040203,1,11.99,11.99,0.00,0.00,S,,,USD,GC
70024920,01107,03,3,20260502,130358,000000561001,1,9.99,9.99,0.00,0.62,S,,,USD,GC
70024920,01107,03,4,20260502,130358,000000093501,1,4.49,4.49,0.00,0.00,S,,,USD,GC
70024920,01107,03,5,20260502,130358,000000020101,1,2.49,2.49,0.00,0.00,S,,,USD,GC
70024921,01107,03,1,20260502,100100,000000005101,1,7.99,7.99,0.00,0.00,S,,,USD,DB
70024921,01107,03,2,20260502,100100,000004492003,2,2.29,4.58,0.00,0.29,S,,,USD,DB
70024921,01107,03,3,20260502,100100,000004493001,1,5.49,5.49,0.00,0.34,S,,,USD,DB
70024921,01107,03,4,20260502,100100,000000040101,1.059,18.99,20.11,0.00,0.00,S,,,USD,DB
70024922,01107,06,1,20260502,165300,000000040203,1,11.99,11.99,0.00,0.00,S,,,USD,DB
70024922,01107,06,2,20260502,165300,000000040203,1,11.99,11.99,0.00,0.00,S,,,USD,DB
70024922,01107,06,3,20260502,165300,000004473001,1,2.99,2.99,0.00,0.19,S,,,USD,DB
70024922,01107,06,4,20260502,165300,000000093401,0.347,5.49,1.91,0.00,0.00,S,,,USD,DB
70024923,02210,02,1,20260502,154321,000004491002,1,6.99,6.99,1.40,0.35,S,,PC26W13,USD,CC
70024923,02210,02,2,20260502,154321,000000031101,0.708,24.99,17.69,0.00,0.00,S,,,USD,CC
70024923,02210,02,3,20260502,154321,000004482001,1,13.99,13.99,2.80,0.70,S,,PC26W13,USD,CC
70024923,02210,02,4,20260502,154321,000000093410,0.758,3.99,3.02,0.00,0.00,S,,,USD,CC
70024923,02210,02,5,20260502,154321,000004473003,1,3.49,3.49,0.00,0.22,S,,,USD,CC
70024924,02210,03,1,20260502,195633,000000093321,1.119,1.49,1.67,0.00,0.00,R,,,USD,CC
70024925,02210,05,1,20260502,111545,000000020103,2,4.99,9.98,0.00,0.00,S,6080442067,,USD,GC
70024926,02210,06,1,20260502,184139,000004473003,1,3.49,3.49,0.00,0.22,S,6071753556,,USD,DB
70024926,02210,06,2,20260502,184139,000000551020,1,13.99,13.99,0.00,0.87,S,6071753556,,USD,DB
70024926,02210,06,3,20260502,184139,000000030101,1,6.99,6.99,0.00,0.00,S,6071753556,,USD,DB
70024927,02210,06,1,20260502,93455,000000093402,0.929,3.29,3.06,0.00,0.00,S,,,USD,CS
70024927,02210,06,2,20260502,93455,000000020103,1,4.99,4.99,0.00,0.00,S,,,USD,CS
70024927,02210,06,3,20260502,93455,000004492002,2,1.49,2.98,0.00,0.19,S,,,USD,CS
70024928,02210,04,1,20260502,145941,000004481003,1,4.99,4.99,0.00,0.31,S,6045273466,,USD,CS
70024928,02210,04,2,20260502,145941,000004483002,1,3.49,3.49,0.00,0.22,S,6045273466,,USD,CS
70024928,02210,04,3,20260502,145941,000000093503,1,4.29,4.29,0.00,0.00,S,6045273466,,USD,CS
70024928,02210,04,4,20260502,145941,000000030101,1,6.99,6.99,0.00,0.00,S,6045273466,,USD,CS
70024928,02210,04,5,20260502,145941,000004491003,3,1.99,5.97,1.99,0.25,S,6045273466,MB26W13,USD,CS
70024928,02210,04,6,20260502,145941,000000093503,1,4.29,4.29,0.00,0.00,S,6045273466,,USD,CS
70024929,02210,04,1,20260502,93634,000000005301,1,5.49,5.49,0.00,0.00,S,,,USD,CC
70024929,02210,04,2,20260502,93634,000004491003,1,1.99,1.99,0.00,0.12,S,,,USD,CC
70024929,02210,04,3,20260502,93634,000000094203,1.343,1.49,2.00,0.00,0.00,S,,,USD,CC
70024929,02210,04,4,20260502,93634,000000020101,1,2.49,2.49,0.00,0.00,S,,,USD,CC
70024930,02210,05,1,20260502,103757,000004493002,1,3.99,3.99,0.00,0.25,S,6088810798,,USD,DB
70024931,02210,04,1,20260502,154145,000000005103,2,6.99,13.98,2.80,0.00,S,6056909275,PC26W12,USD,DB
70024931,02210,04,2,20260502,154145,000004482001,1,13.99,13.99,2.80,0.70,S,6056909275,PC26W13,USD,DB
70024931,02210,04,3,20260502,154145,000000551021,1,11.99,11.99,0.00,0.75,S,6056909275,,USD,DB
70024931,02210,04,4,20260502,154145,000000005103,3,6.99,20.97,4.19,0.00,S,6056909275,PC26W12,USD,DB
70024931,02210,04,5,20260502,154145,000000005202,1,5.99,5.99,0.00,0.00,S,6056909275,,USD,DB
70024932,02210,06,1,20260502,150416,000000020101,1,2.49,2.49,0.00,0.00,S,6091792025,,USD,GC
70024932,02210,06,2,20260502,150416,000004483002,1,3.49,3.49,0.00,0.22,S,6091792025,,USD,GC
70024933,02210,01,1,20260502,182637,000004473002,3,2.79,8.37,2.79,0.35,S,6036890030,MB26W13,USD,CS
70024933,02210,01,2,20260502,182637,000004473003,1,3.49,3.49,0.00,0.22,S,6036890030,,USD,CS
70024933,02210,01,3,20260502,182637,000004491002,1,6.99,6.99,1.40,0.35,S,6036890030,PC26W13,USD,CS
70024933,02210,01,4,20260502,182637,000004472003,1,3.29,3.29,0.00,0.21,S,6036890030,,USD,CS
70024933,02210,01,5,20260502,182637,000000031101,1.541,24.99,38.51,0.00,0.00,S,6036890030,,USD,CS
70024934,02210,05,1,20260502,111405,000000552001,1,4.49,4.49,0.00,0.28,S,6027617075,,USD,CS
70024935,02210,06,1,20260502,141022,000000040102,2.162,16.99,36.73,0.00,0.00,S,,,USD,CC
70024935,02210,06,2,20260502,141022,000000030103,1,8.99,8.99,0.00,0.00,S,,,USD,CC
70024935,02210,06,3,20260502,141022,000000020202,3,5.99,17.97,0.00,0.00,S,,,USD,CC
70024935,02210,06,4,20260502,141022,000000031102,0.582,19.99,11.63,0.00,0.00,S,,,USD,CC
70024935,02210,06,5,20260502,141022,000000030101,1,6.99,6.99,0.00,0.00,S,,,USD,CC
70024935,02210,06,6,20260502,141022,000000093325,1.811,3.99,7.23,0.00,0.00,S,,,USD,CC
70024936,02210,02,1,20260502,92925,000000005013,1,3.89,3.89,0.78,0.00,S,6093143866,PC26W13,USD,DB
70024936,02210,02,2,20260502,92925,000000040101,0.390,18.99,7.41,0.00,0.00,S,6093143866,,USD,DB
70024936,02210,02,3,20260502,92925,000000020102,1,3.49,3.49,0.00,0.00,S,6093143866,,USD,DB
70024936,02210,02,4,20260502,92925,000000020103,1,4.99,4.99,0.00,0.00,S,6093143866,,USD,DB
70024936,02210,02,5,20260502,92925,000000552001,1,4.49,4.49,0.00,0.28,S,6093143866,,USD,DB
70024936,02210,02,6,20260502,92925,000000040201,1,8.99,8.99,1.80,0.00,S,6093143866,PC26W12,USD,DB
70024937,02210,05,1,20260502,110735,000000094102,2,3.49,6.98,0.00,0.00,S,,,USD,DB
70024937,02210,05,2,20260502,110735,000000020101,1,2.49,2.49,0.00,0.00,S,,,USD,DB
70024937,02210,05,3,20260502,110735,000004473001,1,2.99,2.99,0.00,0.19,S,,,USD,DB
70024937,02210,05,4,20260502,110735,000004491002,1,6.99,6.99,1.40,0.35,S,,PC26W13,USD,DB
70024937,02210,05,5,20260502,110735,000000562001,1,10.99,10.99,0.00,0.69,S,,,USD,DB
70024938,02210,06,1,20260502,125912,000000094302,1.005,5.49,5.52,0.00,0.00,S,6056972521,,USD,DB
70024938,02210,06,2,20260502,125912,000000030103,1,8.99,8.99,0.00,0.00,S,6056972521,,USD,DB
70024939,02211,01,1,20260502,101703,000000040101,1.101,18.99,20.91,0.00,0.00,S,6039666134,,USD,GC
70024939,02211,01,2,20260502,101703,000004492002,2,1.49,2.98,0.00,0.19,S,6039666134,,USD,GC
70024940,02211,01,1,20260502,71325,000000093401,1.891,5.49,10.38,0.00,0.00,S,6077167014,,USD,DB
70024940,02211,01,2,20260502,71325,000000005103,1,6.99,6.99,1.40,0.00,S,6077167014,PC26W12,USD,DB
70024940,02211,01,3,20260502,71325,000004492001,1,1.79,1.79,0.00,0.11,S,6077167014,,USD,DB
70024940,02211,01,4,20260502,71325,000000020201,1,5.49,5.49,0.00,0.00,S,6077167014,,USD,DB
70024940,02211,01,5,20260502,71325,000000040203,2,11.99,23.98,0.00,0.00,S,6077167014,,USD,DB
70024941,02211,02,1,20260502,171957,000004492003,1,2.29,2.29,0.00,0.14,S,6014973153,,USD,CC
70024941,02211,02,2,20260502,171957,000000005103,2,6.99,13.98,2.80,0.00,S,6014973153,PC26W12,USD,CC
70024941,02211,02,3,20260502,171957,000000005013,1,3.89,3.89,0.78,0.00,S,6014973153,PC26W13,USD,CC
70024941,02211,02,4,20260502,171957,000000093402,1.981,3.29,6.52,0.00,0.00,S,6014973153,,USD,CC
70024941,02211,02,5,20260502,171957,000004481001,1,7.99,7.99,0.00,0.50,S,6014973153,,USD,CC
70024942,02211,01,1,20260502,192733,000004482001,3,13.99,41.97,8.39,2.10,S,6041321147,PC26W13,USD,DB
70024942,02211,01,2,20260502,192733,000004481001,1,7.99,7.99,0.00,0.50,S,6041321147,,USD,DB
70024943,02211,03,1,20260502,130901,000000094102,1,3.49,3.49,0.00,0.00,S,,,USD,DB
70024944,02305,03,1,20260502,92357,000004482001,1,13.99,13.99,2.80,0.70,S,,PC26W13,USD,CS
70024944,02305,03,2,20260502,92357,000000561002,2,7.49,14.98,0.00,0.94,S,,,USD,CS
70024944,02305,03,3,20260502,92357,000000005103,2,6.99,13.98,2.80,0.00,S,,PC26W12,USD,CS
70024945,02305,02,1,20260502,204039,000000562001,2,10.99,21.98,0.00,1.37,S,6039930561,,USD,CC
70024945,02305,02,2,20260502,204039,000004472002,1,4.49,4.49,0.00,0.28,S,6039930561,,USD,CC
70024945,02305,02,3,20260502,204039,000000005101,1,7.99,7.99,0.00,0.00,S,6039930561,,USD,CC
70024945,02305,02,4,20260502,204039,000000561002,1,7.49,7.49,0.00,0.47,S,6039930561,,USD,CC
70024945,02305,02,5,20260502,204039,000000030101,1,6.99,6.99,0.00,0.00,S,6039930561,,USD,CC
70024945,02305,02,6,20260502,204039,000000040203,3,11.99,35.97,0.00,0.00,S,6039930561,,USD,CC
70024946,02305,06,1,20260502,111505,000000005012,1,3.99,3.99,0.00,0.00,S,,,USD,CC
70024946,02305,06,2,20260502,111505,000000005101,2,7.99,15.98,0.00,0.00,S,,,USD,CC
70024946,02305,06,3,20260502,111505,000004492003,3,2.29,6.87,2.29,0.29,S,,MB26W13,USD,CC
70024946,02305,06,4,20260502,111505,000000093401,1.523,5.49,8.36,0.00,0.00,S,,,USD,CC
70024946,02305,06,5,20260502,111505,000000030103,3,8.99,26.97,8.99,0.00,S,,MB26W13,USD,CC
70024947,02305,04,1,20260502,212753,000000094201,1.200,1.69,2.03,0.00,0.00,S,6036577449,,USD,CS
70024948,02305,04,1,20260502,161242,000000094301,1.046,4.39,4.59,0.92,0.00,S,6076297454,PC26W13,USD,GC
70024948,02305,04,2,20260502,161242,000000020102,1,3.49,3.49,0.00,0.00,S,6076297454,,USD,GC
70024948,02305,04,3,20260502,161242,000004472003,1,3.29,3.29,0.00,0.21,S,6076297454,,USD,GC
70024948,02305,04,4,20260502,161242,000004492003,3,2.29,6.87,2.29,0.29,S,6076297454,MB26W13,USD,GC
70024949,02305,05,1,20260502,130538,000000005103,1,6.99,6.99,1.40,0.00,S,6010943969,PC26W12,USD,CC
70024949,02305,05,2,20260502,130538,000000094301,1.270,4.39,5.58,1.12,0.00,S,6010943969,PC26W13,USD,CC
70024950,02305,04,1,20260502,201534,000000005201,2,3.99,7.98,1.60,0.00,S,,PC26W12,USD,CS
70024951,02305,05,1,20260502,81306,000000094102,1,3.49,3.49,0.00,0.00,S,6060229394,,USD,GC
70024951,02305,05,2,20260502,81306,000000562002,1,8.49,8.49,0.00,0.53,S,6060229394,,USD,GC
70024952,02305,05,1,20260502,120727,000000094301,1.781,4.39,7.82,1.56,0.00,S,,PC26W13,USD,CS
70024952,02305,05,2,20260502,120727,000004481001,2,7.99,15.98,0.00,1.00,S,,,USD,CS
70024953,02305,02,1,20260502,212545,000000030103,1,8.99,8.99,0.00,0.00,S,,,USD,DB
70024953,02305,02,2,20260502,212545,000004492001,1,1.79,1.79,0.00,0.11,S,,,USD,DB
70024953,02305,02,3,20260502,212545,000000005013,1,3.89,3.89,0.78,0.00,S,,PC26W13,USD,DB
70024953,02305,02,4,20260502,212545,000000030103,3,8.99,26.97,8.99,0.00,S,,MB26W13,USD,DB
70024953,02305,02,5,20260502,212545,000004471023,1,3.49,3.49,0.00,0.22,S,,,USD,DB
70024953,02305,02,6,20260502,212545,000004491001,1,2.49,2.49,0.00,0.16,S,,,USD,DB
70024954,02305,06,1,20260502,115155,000004483002,1,3.49,3.49,0.00,0.22,S,,,USD,CC
70024954,02305,06,2,20260502,115155,000004471030,3,3.99,11.97,3.99,0.50,S,,MB26W13,USD,CC
70024954,02305,06,3,20260502,115155,000004491003,3,1.99,5.97,1.99,0.25,S,,MB26W13,USD,CC
70024954,02305,06,4,20260502,115155,000004481003,1,4.99,4.99,0.00,0.31,S,,,USD,CC
70024954,02305,06,5,20260502,115155,000000093402,2.049,3.29,6.74,0.00,0.00,S,,,USD,CC
70024955,02305,04,1,20260502,153410,000000040201,1,8.99,8.99,1.80,0.00,S,,PC26W12,USD,CC
70024955,02305,04,2,20260502,153410,000000005103,1,6.99,6.99,1.40,0.00,S,,PC26W12,USD,CC
70024955,02305,04,3,20260502,153410,000000093402,0.582,3.29,1.91,0.00,0.00,S,,,USD,CC
70024956,02305,05,1,20260502,215743,000000551020,1,13.99,13.99,0.00,0.87,S,6004797480,,USD,GC
70024957,03050,05,1,20260502,131406,000000561002,2,7.49,14.98,0.00,0.94,S,6030120471,,USD,CC
70024958,03050,02,1,20260502,185554,000000040203,2,11.99,23.98,0.00,0.00,S,,,USD,DB
70024959,03050,04,1,20260502,204131,000004482002,1,17.99,17.99,0.00,1.12,S,6044857086,,USD,DB
70024959,03050,04,2,20260502,204131,000000005201,2,3.99,7.98,1.60,0.00,S,6044857086,PC26W12,USD,DB
70024959,03050,04,3,20260502,204131,000000020101,2,2.49,4.98,0.00,0.00,S,6044857086,,USD,DB
70024960,03050,05,1,20260502,165713,000000005201,1,3.99,3.99,0.80,0.00,S,,PC26W12,USD,CC
70024960,03050,05,2,20260502,165713,000000093410,0.310,3.99,1.24,0.00,0.00,S,,,USD,CC
70024961,03050,05,1,20260502,84514,000000093322,1.216,1.99,2.42,0.00,0.00,S,6024406306,,USD,GC
70024962,03050,06,1,20260502,174145,000004472003,2,3.29,6.58,0.00,0.41,S,,,USD,DB
70024963,03050,01,1,20260502,144407,000000561002,2,7.49,14.98,0.00,0.94,S,6069366343,,USD,CS
70024963,03050,01,2,20260502,144407,000000094301,1.695,4.39,7.44,1.49,0.00,S,6069366343,PC26W13,USD,CS
70024963,03050,01,3,20260502,144407,000004481001,1,7.99,7.99,0.00,0.50,S,6069366343,,USD,CS
70024963,03050,01,4,20260502,144407,000004482001,1,13.99,13.99,2.80,0.70,S,6069366343,PC26W13,USD,CS
70024963,03050,01,5,20260502,144407,000000040201,1,8.99,8.99,1.80,0.00,S,6069366343,PC26W12,USD,CS
70024963,03050,01,6,20260502,144407,000004491003,2,1.99,3.98,0.00,0.25,S,6069366343,,USD,CS
70024964,03050,03,1,20260502,173300,000004473001,2,2.99,5.98,0.00,0.37,S,6058891444,,USD,DB
70024964,03050,03,2,20260502,173300,000000551021,1,11.99,11.99,0.00,0.75,S,6058891444,,USD,DB
70024964,03050,03,3,20260502,173300,000000020103,2,4.99,9.98,0.00,0.00,S,6058891444,,USD,DB
70024964,03050,03,4,20260502,173300,000004491002,1,6.99,6.99,1.40,0.35,S,6058891444,PC26W13,USD,DB
70024964,03050,03,5,20260502,173300,000000094103,1,3.79,3.79,0.00,0.00,S,6058891444,,USD,DB
70024964,03050,03,6,20260502,173300,000000005013,1,3.89,3.89,0.78,0.00,S,6058891444,PC26W13,USD,DB
70024965,03050,05,1,20260502,182137,000000005103,1,6.99,6.99,1.40,0.00,S,,PC26W12,USD,DB
70024965,03050,05,2,20260502,182137,000004482001,1,13.99,13.99,2.80,0.70,S,,PC26W13,USD,DB
70024965,03050,05,3,20260502,182137,000000551021,1,11.99,11.99,0.00,0.75,S,,,USD,DB
70024966,03050,01,1,20260502,141227,000000094202,0.984,1.99,1.96,0.00,0.00,S,,,USD,CS
70024966,03050,01,2,20260502,141227,000000040203,1,11.99,11.99,0.00,0.00,S,,,USD,CS
70024966,03050,01,3,20260502,141227,000004481003,1,4.99,4.99,0.00,0.31,S,,,USD,CS
70024967,03050,04,1,20260502,171303,000000040203,2,11.99,23.98,0.00,0.00,S,,,USD,CC
70024967,03050,04,2,20260502,171303,000000020201,1,5.49,5.49,0.00,0.00,S,,,USD,CC
70024967,03050,04,3,20260502,171303,000004482001,1,13.99,13.99,2.80,0.70,S,,PC26W13,USD,CC
70024968,03050,04,1,20260502,193242,000000005201,1,3.99,3.99,0.80,0.00,S,,PC26W12,USD,DB
70024968,03050,04,2,20260502,193242,000000005102,1,5.49,5.49,0.00,0.00,S,,,USD,DB
70024968,03050,04,3,20260502,193242,000000094301,0.258,4.39,1.13,0.23,0.00,S,,PC26W13,USD,DB
70024968,03050,04,4,20260502,193242,000004473002,3,2.79,8.37,2.79,0.35,S,,MB26W13,USD,DB
70024969,03050,05,1,20260502,93000,000004493002,1,3.99,3.99,0.00,0.25,S,6059970629,,USD,DB
70024969,03050,05,2,20260502,93000,000000005202,1,5.99,5.99,0.00,0.00,S,6059970629,,USD,DB
70024970,03050,03,1,20260502,100045,000000093410,0.568,3.99,2.27,0.00,0.00,S,6044857086,,USD,DB
70024970,03050,03,2,20260502,100045,000000094102,2,3.49,6.98,0.00,0.00,S,6044857086,,USD,DB
70024971,00317,04,1,20260502,180204,000000020101,3,3.39,10.17,0.00,0.00,S,6078498436,,CAD,CS
70024971,00317,04,2,20260502,180204,000000040202,2,20.39,40.78,0.00,0.00,S,6078498436,,CAD,CS
70024971,00317,04,3,20260502,180204,000004492001,1,2.39,2.39,0.00,0.15,S,6078498436,,CAD,CS
70024972,00317,02,1,20260502,215824,000004472002,1,6.09,6.09,0.00,0.38,S,6073816846,,CAD,CS
70024972,00317,02,2,20260502,215824,000000093501,2,6.09,12.18,0.00,0.00,S,6073816846,,CAD,CS
70024972,00317,02,3,20260502,215824,000000093402,0.762,4.49,3.42,0.00,0.00,S,6073816846,,CAD,CS
70024973,00317,03,1,20260502,115542,000004483002,1,4.69,4.69,0.00,0.29,S,,,CAD,DB
70024974,00317,01,1,20260502,182158,000000020102,1,4.69,4.69,0.00,0.00,S,,,CAD,CS
70024974,00317,01,2,20260502,182158,000000030203,1,11.49,11.49,0.00,0.00,S,,,CAD,CS
70024974,00317,01,3,20260502,182158,000004482001,1,18.99,18.99,3.80,0.95,S,,PC26W13,CAD,CS
70024974,00317,01,4,20260502,182158,000000093502,2,5.39,10.78,0.00,0.00,S,,,CAD,CS
70024975,00317,03,1,20260502,103620,000004473001,3,4.09,12.27,0.00,0.77,S,6000307562,,CAD,GC
70024975,00317,03,2,20260502,103620,000000005102,1,7.49,7.49,0.00,0.00,S,6000307562,,CAD,GC
70024975,00317,03,3,20260502,103620,000000005201,1,5.39,5.39,1.08,0.00,S,6000307562,PC26W12,CAD,GC
70024975,00317,03,4,20260502,103620,000000094301,1.807,5.99,10.82,2.16,0.00,S,6000307562,PC26W13,CAD,GC
70024976,00317,03,1,20260502,73302,000000005013,1,5.29,5.29,1.06,0.00,S,,PC26W13,CAD,CS
70024976,00317,03,2,20260502,73302,000000020101,1,3.39,3.39,0.00,0.00,S,,,CAD,CS
70024976,00317,03,3,20260502,73302,000000005301,1,7.49,7.49,0.00,0.00,S,,,CAD,CS
70024977,00317,05,1,20260502,73829,000004491003,3,2.69,8.07,2.69,0.34,S,6052455574,MB26W13,CAD,CS
70024977,00317,05,2,20260502,73829,000000094103,3,5.19,15.57,0.00,0.00,S,6052455574,,CAD,CS
70024977,00317,05,3,20260502,73829,000004492003,1,3.09,3.09,0.00,0.19,S,6052455574,,CAD,CS
70024977,00317,05,4,20260502,73829,000004481001,1,10.89,10.89,0.00,0.68,S,6052455574,,CAD,CS
70024977,00317,05,5,20260502,73829,000004472050,1,5.39,5.39,0.00,0.34,S,6052455574,,CAD,CS
70024977,00317,05,6,20260502,73829,000000005013,2,5.29,10.58,2.12,0.00,S,6052455574,PC26W13,CAD,CS
70024978,00317,01,1,20260502,112137,000000094301,0.622,5.99,3.73,0.75,0.00,S,6069284511,PC26W13,CAD,CS
70024978,00317,01,2,20260502,112137,000000040202,2,20.39,40.78,0.00,0.00,S,6069284511,,CAD,CS
70024979,00317,02,1,20260502,110859,000004493002,1,5.39,5.39,0.00,0.34,S,,,CAD,CC
70024979,00317,02,2,20260502,110859,000004493002,1,5.39,5.39,0.00,0.34,S,,,CAD,CC
70024979,00317,02,3,20260502,110859,000000030202,1,15.59,15.59,0.00,0.00,S,,,CAD,CC
70024980,00317,03,1,20260502,183219,000000030101,1,9.49,9.49,0.00,0.00,S,,,CAD,GC
70024980,00317,03,2,20260502,183219,000004481003,1,6.79,6.79,0.00,0.42,S,,,CAD,GC
70024980,00317,03,3,20260502,183219,000000093503,2,5.79,11.58,0.00,0.00,S,,,CAD,GC
70024980,00317,03,4,20260502,183219,000000030101,1,9.49,9.49,0.00,0.00,S,,,CAD,GC
70024980,00317,03,5,20260502,183219,000000005201,1,5.39,5.39,1.08,0.00,S,,PC26W12,CAD,GC
70024980,00317,03,6,20260502,183219,000004493001,1,7.49,7.49,0.00,0.47,S,,,CAD,GC
70024981,00317,06,1,20260502,104318,000000093502,2,5.39,10.78,0.00,0.00,S,,,CAD,CS
70024982,00317,06,1,20260502,160140,000000551021,1,16.29,16.29,0.00,1.02,S,6075679825,,CAD,CC
70024982,00317,06,2,20260502,160140,000000005302,1,4.69,4.69,0.00,0.00,S,6075679825,,CAD,CC
70024983,00317,06,1,20260502,93748,000000005201,1,5.39,5.39,0.00,0.00,R,6018433687,,CAD,CC
70024984,00322,06,1,20260502,215946,000004482001,1,18.99,18.99,3.80,0.95,S,,PC26W13,CAD,CS
70024984,00322,06,2,20260502,215946,000004471030,1,5.39,5.39,0.00,0.34,S,,,CAD,CS
70024984,00322,06,3,20260502,215946,000000020201,1,7.49,7.49,0.00,0.00,S,,,CAD,CS
70024984,00322,06,4,20260502,215946,000004471023,2,4.69,9.38,0.00,0.59,S,,,CAD,CS
70024985,00322,03,1,20260502,163220,000000040203,1,16.29,16.29,0.00,0.00,S,,,CAD,CS
70024985,00322,03,2,20260502,163220,000004491001,1,3.39,3.39,0.00,0.21,S,,,CAD,CS
70024985,00322,03,3,20260502,163220,000000020103,1,6.79,6.79,0.00,0.00,S,,,CAD,CS
70024986,00322,04,1,20260502,194948,000000093402,1.204,4.49,5.41,0.00,0.00,S,,,CAD,CS
70024986,00322,04,2,20260502,194948,000000561001,1,13.59,13.59,0.00,0.85,S,,,CAD,CS
70024986,00322,04,3,20260502,194948,000004491003,1,2.69,2.69,0.00,0.17,S,,,CAD,CS
70024987,00322,06,1,20260502,185621,000004491001,1,3.39,3.39,0.00,0.21,S,6065972634,,CAD,GC
70024987,00322,06,2,20260502,185621,000000561002,1,10.19,10.19,0.00,0.64,S,6065972634,,CAD,GC
70024987,00322,06,3,20260502,185621,000004491003,1,2.69,2.69,0.00,0.17,S,6065972634,,CAD,GC
70024987,00322,06,4,20260502,185621,000000020103,1,6.79,6.79,0.00,0.00,S,6065972634,,CAD,GC
70024988,01042,04,1,20260503,140039,000004492003,1,2.29,2.29,0.00,0.14,S,6037876553,,USD,CS
70024988,01042,04,2,20260503,140039,000004472003,1,3.29,3.29,0.00,0.21,S,6037876553,,USD,CS
70024988,01042,04,3,20260503,140039,000000093502,1,3.99,3.99,0.00,0.00,S,6037876553,,USD,CS
70024988,01042,04,4,20260503,140039,000000562002,1,8.49,8.49,0.00,0.53,S,6037876553,,USD,CS
70024988,01042,04,5,20260503,140039,000004473002,3,2.79,8.37,2.79,0.35,S,6037876553,MB26W13,USD,CS
70024988,01042,04,6,20260503,140039,000000093325,1.140,3.99,4.55,0.00,0.00,S,6037876553,,USD,CS
70024989,01042,04,1,20260503,112757,000004471040,2,2.49,4.98,0.00,0.31,S,,,USD,DB
70024989,01042,04,2,20260503,112757,000004482003,1,5.49,5.49,0.00,0.34,S,,,USD,DB
70024989,01042,04,3,20260503,112757,000000093325,1.797,3.99,7.17,0.00,0.00,S,,,USD,DB
70024989,01042,04,4,20260503,112757,000000005102,1,5.49,5.49,0.00,0.00,S,,,USD,DB
70024989,01042,04,5,20260503,112757,000000030103,2,8.99,17.98,0.00,0.00,S,,,USD,DB
70024989,01042,04,6,20260503,112757,000000562001,1,10.99,10.99,0.00,0.69,S,,,USD,DB
70024990,01042,03,1,20260503,215440,000004491001,1,2.49,2.49,0.00,0.16,S,,,USD,GC
70024990,01042,03,2,20260503,215440,000000030103,3,8.99,26.97,8.99,0.00,S,,MB26W13,USD,GC
70024990,01042,03,3,20260503,215440,000000030102,1,14.99,14.99,0.00,0.00,S,,,USD,GC
70024990,01042,03,4,20260503,215440,000000093502,2,3.99,7.98,0.00,0.00,S,,,USD,GC
70024990,01042,03,5,20260503,215440,000004481001,3,7.99,23.97,0.00,1.50,S,,,USD,GC
70024991,01042,03,1,20260503,203803,000000093402,1.508,3.29,4.96,0.00,0.00,S,,,USD,CC
70024992,01042,04,1,20260503,75721,000000094103,2,3.79,7.58,2.27,0.00,S,,PC26W14,USD,DB
70024992,01042,04,2,20260503,75721,000000093501,3,4.49,13.47,4.49,0.00,S,,MB26W13,USD,DB
70024992,01042,04,3,20260503,75721,000000005020,1,4.49,4.49,0.00,0.00,S,,,USD,DB
70024993,01042,02,1,20260503,164054,000004471040,1,2.49,2.49,0.00,0.16,S,6045822067,,USD,CS
70024993,01042,02,2,20260503,164054,000000005201,1,3.99,3.99,0.00,0.00,S,6045822067,,USD,CS
70024993,01042,02,3,20260503,164054,000000030101,3,6.99,20.97,0.00,0.00,S,6045822067,,USD,CS
70024994,01042,04,1,20260503,81341,000000005202,1,5.99,5.99,0.00,0.00,S,6038421503,,USD,DB
70024994,01042,04,2,20260503,81341,000000005020,1,4.49,4.49,0.67,0.00,S,6038421503,LY26W14,USD,DB
70024994,01042,04,3,20260503,81341,000000094103,1,3.79,3.79,1.14,0.00,S,6038421503,PC26W14,USD,DB
70024995,01042,05,1,20260503,184759,000004481003,1,4.99,4.99,0.00,0.31,S,,,USD,GC
70024995,01042,05,2,20260503,184759,000004481001,1,7.99,7.99,0.00,0.50,S,,,USD,GC
70024995,01042,05,3,20260503,184759,000004473002,3,2.79,8.37,2.79,0.35,S,,MB26W13,USD,GC
70024995,01042,05,4,20260503,184759,000000031101,1.256,24.99,31.39,9.42,0.00,S,,PC26W14,USD,GC
70024996,01042,05,1,20260503,134210,000000005301,1,5.49,5.49,0.00,0.00,S,,,USD,CS
70024996,01042,05,2,20260503,134210,000000561002,1,7.49,7.49,0.00,0.47,S,,,USD,CS
70024996,01042,05,3,20260503,134210,000000094103,1,3.79,3.79,1.14,0.00,S,,PC26W14,USD,CS
70024996,01042,05,4,20260503,134210,000000005301,1,5.49,5.49,0.00,0.00,V,,,USD,CS
70024997,01042,05,1,20260503,162925,000004492003,3,2.29,6.87,2.29,0.29,S,6034255638,MB26W13,USD,CC
70024997,01042,05,2,20260503,162925,000000005301,1,5.49,5.49,0.00,0.00,S,6034255638,,USD,CC
70024997,01042,05,3,20260503,162925,000004482003,1,5.49,5.49,0.00,0.34,S,6034255638,,USD,CC
70024997,01042,05,4,20260503,162925,000000552001,1,4.49,4.49,0.00,0.28,S,6034255638,,USD,CC
70024998,01107,02,1,20260503,181716,000004472001,1,3.99,3.99,0.00,0.25,S,,,USD,CS
70024998,01107,02,2,20260503,181716,000000005201,1,3.99,3.99,0.00,0.00,S,,,USD,CS
70024998,01107,02,3,20260503,181716,000000005103,1,6.99,6.99,0.00,0.00,S,,,USD,CS
70024999,01107,03,1,20260503,135036,000000005012,1,3.99,3.99,0.00,0.00,S,6015001418,,USD,DB
70025000,02210,01,1,20260503,81852,000004493002,1,3.99,3.99,0.00,0.25,S,6002916815,,USD,CS
70025000,02210,01,2,20260503,81852,000004481001,2,7.99,15.98,0.00,1.00,S,6002916815,,USD,CS
70025000,02210,01,3,20260503,81852,000000093501,3,4.49,13.47,4.49,0.00,S,6002916815,MB26W13,USD,CS
70025001,02210,06,1,20260503,112034,000000094103,2,3.79,7.58,2.27,0.00,S,,PC26W14,USD,GC
70025001,02210,06,2,20260503,112034,000000551021,1,11.99,11.99,3.60,0.52,S,,PC26W14,USD,GC
70025001,02210,06,3,20260503,112034,000000094302,1.769,5.49,9.71,0.00,0.00,S,,,USD,GC
70025001,02210,06,4,20260503,112034,000000005302,2,3.49,6.98,0.00,0.00,S,,,USD,GC
70025001,02210,06,5,20260503,112034,000000094202,0.734,1.99,1.46,0.00,0.00,S,,,USD,GC
70025001,02210,06,6,20260503,112034,000004492001,1,1.79,1.79,0.00,0.11,S,,,USD,GC
70025002,02210,02,1,20260503,134329,000004481003,2,4.99,9.98,0.00,0.62,S,6017990421,,USD,DB
70025002,02210,02,2,20260503,134329,000000040101,2.020,18.99,38.36,0.00,0.00,S,6017990421,,USD,DB
70025002,02210,02,3,20260503,134329,000004492002,1,1.49,1.49,0.00,0.09,S,6017990421,,USD,DB
70025003,02210,02,1,20260503,100422,000000005202,1,5.99,5.99,0.00,0.00,S,,,USD,GC
70025004,02211,04,1,20260503,101448,000000040202,1,14.99,14.99,0.00,0.00,S,6056178688,,USD,GC
70025004,02211,04,2,20260503,101448,000000094103,2,3.79,7.58,2.27,0.00,S,6056178688,PC26W14,USD,GC
70025004,02211,04,3,20260503,101448,000004471030,1,3.99,3.99,0.00,0.25,S,6056178688,,USD,GC
70025005,02211,02,1,20260503,85328,000000020201,1,5.49,5.49,0.00,0.00,S,6031910090,,USD,GC
70025005,02211,02,2,20260503,85328,000000040201,3,8.99,26.97,0.00,0.00,S,6031910090,,USD,GC
70025006,02211,05,1,20260503,81920,000000020103,1,4.99,4.99,0.75,0.00,S,6058476094,LY26W14,USD,GC
70025006,02211,05,2,20260503,81920,000004493001,1,5.49,5.49,0.00,0.34,S,6058476094,,USD,GC
70025006,02211,05,3,20260503,81920,000004472001,2,3.99,7.98,0.00,0.50,S,6058476094,,USD,GC
70025007,02211,03,1,20260503,92421,000004481003,1,4.99,4.99,0.00,0.31,S,,,USD,DB
70025007,02211,03,2,20260503,92421,000000020201,2,5.49,10.98,0.00,0.00,S,,,USD,DB
70025007,02211,03,3,20260503,92421,000004472003,1,3.29,3.29,0.00,0.21,S,,,USD,DB
70025008,02211,04,1,20260503,202327,000000093503,2,4.29,8.58,0.00,0.00,S,6076769915,,USD,DB
70025008,02211,04,2,20260503,202327,000000020103,1,4.99,4.99,0.75,0.00,S,6076769915,LY26W14,USD,DB
70025009,02211,01,1,20260503,213005,000000030201,1,9.99,9.99,0.00,0.00,S,6079956353,,USD,CS
70025009,02211,01,2,20260503,213005,000004472001,1,3.99,3.99,0.00,0.25,S,6079956353,,USD,CS
70025009,02211,01,3,20260503,213005,000004483001,1,4.99,4.99,0.00,0.31,S,6079956353,,USD,CS
70025009,02211,01,4,20260503,213005,000000552001,1,4.49,4.49,0.00,0.28,S,6079956353,,USD,CS
70025010,02211,04,1,20260503,184227,000000561001,1,9.99,9.99,0.00,0.62,S,6082300478,,USD,DB
70025010,02211,04,2,20260503,184227,000004471023,1,3.49,3.49,0.00,0.22,S,6082300478,,USD,DB
70025011,02211,03,1,20260503,192422,000000040101,1.096,18.99,20.81,0.00,0.00,S,,,USD,CC
70025011,02211,03,2,20260503,192422,000000040202,2,14.99,29.98,0.00,0.00,S,,,USD,CC
70025011,02211,03,3,20260503,192422,000004482003,1,5.49,5.49,0.00,0.34,S,,,USD,CC
70025011,02211,03,4,20260503,192422,000004492003,1,2.29,2.29,0.00,0.14,S,,,USD,CC
70025011,02211,03,5,20260503,192422,000004492003,3,2.29,6.87,2.29,0.29,S,,MB26W13,USD,CC
70025012,02211,03,1,20260503,134640,000000020201,1,5.49,5.49,0.00,0.00,S,6030900159,,USD,GC
70025013,02305,04,1,20260503,80119,000000020201,1,5.49,5.49,0.00,0.00,S,6004145456,,USD,GC
70025013,02305,04,2,20260503,80119,000000030203,1,8.49,8.49,0.00,0.00,S,6004145456,,USD,GC
70025014,02305,03,1,20260503,103302,000000093503,1,4.29,4.29,0.00,0.00,S,,,USD,DB
70025014,02305,03,2,20260503,103302,000000030103,3,8.99,26.97,8.99,0.00,S,,MB26W13,USD,DB
70025015,02305,01,1,20260503,133805,000000020101,1,2.49,2.49,0.00,0.00,S,,,USD,CC
70025015,02305,01,2,20260503,133805,000000562001,2,10.99,21.98,0.00,1.37,S,,,USD,CC
70025015,02305,01,3,20260503,133805,000000093325,0.498,3.99,1.99,0.00,0.00,S,,,USD,CC
70025015,02305,01,4,20260503,133805,000004491003,3,1.99,5.97,1.99,0.25,S,,MB26W13,USD,CC
70025015,02305,01,5,20260503,133805,000000005012,1,3.99,3.99,0.00,0.00,S,,,USD,CC
70025015,02305,01,6,20260503,133805,000004481001,1,7.99,7.99,0.00,0.50,S,,,USD,CC
70025016,02305,02,1,20260503,203726,000000093401,0.989,5.49,5.43,0.00,0.00,S,,,USD,CS
70025016,02305,02,2,20260503,203726,000004473002,3,2.79,8.37,2.79,0.35,S,,MB26W13,USD,CS
70025016,02305,02,3,20260503,203726,000000040101,2.011,18.99,38.19,0.00,0.00,S,,,USD,CS
70025016,02305,02,4,20260503,203726,000000093321,1.099,1.49,1.64,0.00,0.00,S,,,USD,CS
70025017,02305,06,1,20260503,194053,000000093503,2,4.29,8.58,0.00,0.00,S,6018972154,,USD,CC
70025017,02305,06,2,20260503,194053,000004473002,2,2.79,5.58,0.00,0.35,S,6018972154,,USD,CC
70025017,02305,06,3,20260503,194053,000004491003,1,1.99,1.99,0.00,0.12,S,6018972154,,USD,CC
70025017,02305,06,4,20260503,194053,000000005102,1,5.49,5.49,0.00,0.00,S,6018972154,,USD,CC
70025018,02305,02,1,20260503,132235,000000093401,0.520,5.49,2.85,0.00,0.00,S,,,USD,CC
70025018,02305,02,2,20260503,132235,000004493001,1,5.49,5.49,0.00,0.34,S,,,USD,CC
70025018,02305,02,3,20260503,132235,000000551021,1,11.99,11.99,3.60,0.52,S,,PC26W14,USD,CC
70025018,02305,02,4,20260503,132235,000000005012,2,3.99,7.98,0.00,0.00,S,,,USD,CC
70025019,02305,03,1,20260503,140406,000000551020,1,13.99,13.99,0.00,0.87,S,,,USD,DB
70025019,02305,03,2,20260503,140406,000004473002,3,2.79,8.37,2.79,0.35,S,,MB26W13,USD,DB
70025019,02305,03,3,20260503,140406,000000093502,1,3.99,3.99,0.00,0.00,S,,,USD,DB
70025019,02305,03,4,20260503,140406,000000030103,3,8.99,26.97,8.99,0.00,S,,MB26W13,USD,DB
70025019,02305,03,5,20260503,140406,000000094202,1.052,1.99,2.09,0.00,0.00,S,,,USD,DB
70025019,02305,03,6,20260503,140406,000004493002,1,3.99,3.99,0.00,0.25,S,,,USD,DB
70025020,02305,01,1,20260503,101952,000004473002,3,2.79,8.37,2.79,0.35,S,6053765769,MB26W13,USD,CS
70025020,02305,01,2,20260503,101952,000004482002,1,17.99,17.99,0.00,1.12,S,6053765769,,USD,CS
70025021,02305,06,1,20260503,153420,000000020103,1,4.99,4.99,0.75,0.00,S,6017320309,LY26W14,USD,CC
70025021,02305,06,2,20260503,153420,000000094202,1.220,1.99,2.43,0.00,0.00,S,6017320309,,USD,CC
70025022,02305,06,1,20260503,115207,000000030102,1,14.99,14.99,0.00,0.00,S,6058298493,,USD,CS
70025022,02305,06,2,20260503,115207,000000040101,2.118,18.99,40.22,0.00,0.00,S,6058298493,,USD,CS
70025023,02305,02,1,20260503,144942,000004481001,1,7.99,7.99,0.00,0.50,S,,,USD,CC
70025023,02305,02,2,20260503,144942,000000093401,1.111,5.49,6.10,0.00,0.00,S,,,USD,CC
70025023,02305,02,3,20260503,144942,000000030101,3,6.99,20.97,0.00,0.00,S,,,USD,CC
70025023,02305,02,4,20260503,144942,000004472002,1,4.49,4.49,0.00,0.28,S,,,USD,CC
70025023,02305,02,5,20260503,144942,000004481003,1,4.99,4.99,0.00,0.31,S,,,USD,CC
70025024,02305,03,1,20260503,133421,000004482001,1,13.99,13.99,0.00,0.87,S,,,USD,DB
70025024,02305,03,2,20260503,133421,000004483001,1,4.99,4.99,0.00,0.31,S,,,USD,DB
70025024,02305,03,3,20260503,133421,000004491001,1,2.49,2.49,0.00,0.16,S,,,USD,DB
70025025,02305,04,1,20260503,100128,000000093401,1.602,5.49,8.79,0.00,0.00,S,,,USD,CC
70025025,02305,04,2,20260503,100128,000000093322,1.057,1.99,2.10,0.63,0.00,S,,PC26W14,USD,CC
70025025,02305,04,3,20260503,100128,000000040102,1.370,16.99,23.28,0.00,0.00,S,,,USD,CC
70025026,02305,04,1,20260503,153139,000000093402,1.985,3.29,6.53,0.00,0.00,S,,,USD,CC
70025026,02305,04,2,20260503,153139,000000551021,1,11.99,11.99,3.60,0.52,S,,PC26W14,USD,CC
70025027,02305,05,1,20260503,164134,000004481003,1,4.99,4.99,0.00,0.31,S,,,USD,DB
70025027,02305,05,2,20260503,164134,000000030201,1,9.99,9.99,0.00,0.00,S,,,USD,DB
70025027,02305,05,3,20260503,164134,000004482003,2,5.49,10.98,0.00,0.69,S,,,USD,DB
70025028,03050,03,1,20260503,160733,000004492001,1,1.79,1.79,0.00,0.11,S,6016580464,,USD,GC
70025028,03050,03,2,20260503,160733,000004481001,2,7.99,15.98,0.00,1.00,S,6016580464,,USD,GC
70025028,03050,03,3,20260503,160733,000000093402,1.682,3.29,5.53,0.00,0.00,S,6016580464,,USD,GC
70025028,03050,03,4,20260503,160733,000000020102,1,3.49,3.49,0.00,0.00,S,6016580464,,USD,GC
70025028,03050,03,5,20260503,160733,000004482003,1,5.49,5.49,0.00,0.34,S,6016580464,,USD,GC
70025029,03050,04,1,20260503,215058,000004491002,2,6.99,13.98,0.00,0.87,S,6069366343,,USD,GC
70025030,03050,02,1,20260503,173454,000000020103,1,4.99,4.99,0.75,0.00,S,6031537795,LY26W14,USD,CC
70025030,03050,02,2,20260503,173454,000004473001,1,2.99,2.99,0.00,0.19,S,6031537795,,USD,CC
70025030,03050,02,3,20260503,173454,000004492002,1,1.49,1.49,0.00,0.09,S,6031537795,,USD,CC
70025030,03050,02,4,20260503,173454,000000005020,1,4.49,4.49,0.67,0.00,S,6031537795,LY26W14,USD,CC
70025030,03050,02,5,20260503,173454,000000094302,1.961,5.49,10.77,0.00,0.00,S,6031537795,,USD,CC
70025031,03050,05,1,20260503,83010,000000005020,3,4.49,13.47,0.00,0.00,S,,,USD,GC
70025031,03050,05,2,20260503,83010,000000040202,1,14.99,14.99,0.00,0.00,S,,,USD,GC
70025031,03050,05,3,20260503,83010,000000005301,1,5.49,5.49,0.00,0.00,S,,,USD,GC
70025031,03050,05,4,20260503,83010,000000020201,1,5.49,5.49,0.00,0.00,S,,,USD,GC
70025031,03050,05,5,20260503,83010,000004491003,3,1.99,5.97,1.99,0.25,S,,MB26W13,USD,GC
70025031,03050,05,6,20260503,83010,000000094103,1,3.79,3.79,1.14,0.00,S,,PC26W14,USD,GC
70025032,03050,03,1,20260503,170901,000000005012,1,3.99,3.99,0.00,0.00,S,,,USD,CC
70025032,03050,03,2,20260503,170901,000004471040,2,2.49,4.98,0.00,0.31,S,,,USD,CC
70025032,03050,03,3,20260503,170901,000000031102,1.818,19.99,36.34,0.00,0.00,S,,,USD,CC
70025032,03050,03,4,20260503,170901,000000040101,0.738,18.99,14.01,0.00,0.00,S,,,USD,CC
70025032,03050,03,5,20260503,170901,000000005020,1,4.49,4.49,0.00,0.00,S,,,USD,CC
70025033,03050,02,1,20260503,130615,000000040101,1.765,18.99,33.52,0.00,0.00,S,6043098591,,USD,CS
70025033,03050,02,2,20260503,130615,000000094103,2,3.79,7.58,2.27,0.00,S,6043098591,PC26W14,USD,CS
70025034,03050,03,1,20260503,131820,000004492003,3,2.29,6.87,2.29,0.29,S,,MB26W13,USD,CC
70025034,03050,03,2,20260503,131820,000000005020,1,4.49,4.49,0.00,0.00,S,,,USD,CC
70025034,03050,03,3,20260503,131820,000000030103,3,8.99,26.97,8.99,0.00,S,,MB26W13,USD,CC
70025034,03050,03,4,20260503,131820,000000005103,1,6.99,6.99,0.00,0.00,S,,,USD,CC
70025034,03050,03,5,20260503,131820,000000030103,3,8.99,26.97,8.99,0.00,S,,MB26W13,USD,CC
70025034,03050,03,6,20260503,131820,000000020102,1,3.49,3.49,0.00,0.00,S,,,USD,CC
70025035,03050,02,1,20260503,193205,000004491002,3,6.99,20.97,0.00,1.31,S,6030451957,,USD,CC
70025035,03050,02,2,20260503,193205,000000031101,0.311,24.99,7.77,2.33,0.00,S,6030451957,PC26W14,USD,CC
70025035,03050,02,3,20260503,193205,000000093322,0.867,1.99,1.73,0.52,0.00,S,6030451957,PC26W14,USD,CC
70025036,03050,03,1,20260503,131904,000004482003,1,5.49,5.49,0.00,0.34,S,,,USD,DB
70025036,03050,03,2,20260503,131904,000000030201,1,9.99,9.99,0.00,0.00,S,,,USD,DB
70025036,03050,03,3,20260503,131904,000000005201,1,3.99,3.99,0.00,0.00,S,,,USD,DB
70025036,03050,03,4,20260503,131904,000000094102,1,3.49,3.49,0.00,0.00,S,,,USD,DB
70025037,00317,03,1,20260503,163304,000004482003,1,7.49,7.49,0.00,0.47,S,6027570596,,CAD,CS
70025037,00317,03,2,20260503,163304,000000093402,1.970,4.49,8.85,0.00,0.00,S,6027570596,,CAD,CS
70025037,00317,03,3,20260503,163304,000000031101,1.983,33.99,67.40,20.22,0.00,S,6027570596,PC26W14,CAD,CS
70025038,00317,01,1,20260503,211726,000000005302,1,4.69,4.69,0.00,0.00,S,,,CAD,DB
70025038,00317,01,2,20260503,211726,000004492001,1,2.39,2.39,0.00,0.15,S,,,CAD,DB
70025039,00317,04,1,20260503,74733,000000094102,2,4.69,9.38,0.00,0.00,S,6062251790,,CAD,GC
70025039,00317,04,2,20260503,74733,000000040201,2,12.19,24.38,0.00,0.00,S,6062251790,,CAD,GC
70025040,00317,01,1,20260503,143033,000000040201,1,12.19,12.19,0.00,0.00,S,6042437540,,CAD,DB
70025041,00317,02,1,20260503,133405,000000020201,1,7.49,7.49,0.00,0.00,S,,,CAD,DB
70025041,00317,02,2,20260503,133405,000000005103,1,9.49,9.49,0.00,0.00,S,,,CAD,DB
70025041,00317,02,3,20260503,133405,000000093501,3,6.09,18.27,6.09,0.00,S,,MB26W13,CAD,DB
70025042,00317,02,1,20260503,145537,000000020202,1,8.09,8.09,0.00,0.00,S,6004899642,,CAD,CS
70025043,00317,02,1,20260503,170702,000004472002,1,6.09,6.09,0.00,0.38,S,6078498436,,CAD,CS
70025043,00317,02,2,20260503,170702,000000093321,1.140,1.99,2.27,0.00,0.00,S,6078498436,,CAD,CS
70025043,00317,02,3,20260503,170702,000000005101,2,10.89,21.78,0.00,0.00,S,6078498436,,CAD,CS
70025044,00317,02,1,20260503,95840,000000093322,0.579,2.69,1.56,0.47,0.00,S,6032145057,PC26W14,CAD,DB
70025044,00317,02,2,20260503,95840,000004491003,3,2.69,8.07,2.69,0.34,S,6032145057,MB26W13,CAD,DB
70025044,00317,02,3,20260503,95840,000004473002,3,3.79,11.37,3.79,0.47,S,6032145057,MB26W13,CAD,DB
70025044,00317,02,4,20260503,95840,000004471030,1,5.39,5.39,0.00,0.34,S,6032145057,,CAD,DB
70025044,00317,02,5,20260503,95840,000004483002,1,4.69,4.69,0.00,0.29,S,6032145057,,CAD,DB
70025044,00317,02,6,20260503,95840,000000093322,1.012,2.69,2.72,0.82,0.00,S,6032145057,PC26W14,CAD,DB
70025045,00317,01,1,20260503,151655,000004493002,1,5.39,5.39,0.00,0.34,S,,,CAD,CC
70025045,00317,01,2,20260503,151655,000000005013,2,5.29,10.58,0.00,0.00,S,,,CAD,CC
70025045,00317,01,3,20260503,151655,000000005101,2,10.89,21.78,0.00,0.00,S,,,CAD,CC
70025046,00317,05,1,20260503,123202,000000094103,1,5.19,5.19,1.56,0.00,S,6062127602,PC26W14,CAD,CS
70025047,00317,05,1,20260503,105953,000004483001,1,6.79,6.79,0.00,0.42,S,6069284511,,CAD,DB
70025047,00317,05,2,20260503,105953,000004473002,2,3.79,7.58,0.00,0.47,S,6069284511,,CAD,DB
70025047,00317,05,3,20260503,105953,000004493002,1,5.39,5.39,0.00,0.34,S,6069284511,,CAD,DB
70025047,00317,05,4,20260503,105953,000000030101,2,9.49,18.98,0.00,0.00,S,6069284511,,CAD,DB
70025047,00317,05,5,20260503,105953,000004491002,1,9.49,9.49,0.00,0.59,S,6069284511,,CAD,DB
70025048,00317,01,1,20260503,143717,000000031102,1.377,27.19,37.44,0.00,0.00,S,,,CAD,DB
70025049,00317,04,1,20260503,171543,000000005302,1,4.69,4.69,0.00,0.00,S,6071639282,,CAD,CC
70025050,00317,06,1,20260503,143456,000000040203,1,16.29,16.29,0.00,0.00,S,,,CAD,CS
70025051,00317,05,1,20260503,92510,000004492002,2,1.99,3.98,0.00,0.25,S,6023850371,,CAD,CS
70025051,00317,05,2,20260503,92510,000000005013,3,5.29,15.87,0.00,0.00,S,6023850371,,CAD,CS
70025051,00317,05,3,20260503,92510,000000020103,1,6.79,6.79,1.02,0.00,S,6023850371,LY26W14,CAD,CS
70025051,00317,05,4,20260503,92510,000000093321,1.974,1.99,3.93,0.00,0.00,S,6023850371,,CAD,CS
70025051,00317,05,5,20260503,92510,000000552001,1,6.09,6.09,0.00,0.38,S,6023850371,,CAD,CS
70025052,00317,03,1,20260503,135234,000000040201,1,12.19,12.19,0.00,0.00,S,,,CAD,GC
70025052,00317,03,2,20260503,135234,000004492003,3,3.09,9.27,3.09,0.39,S,,MB26W13,CAD,GC
70025052,00317,03,3,20260503,135234,000004491001,1,3.39,3.39,0.00,0.21,S,,,CAD,GC
70025053,00322,04,1,20260503,184456,000004491002,3,9.49,28.47,0.00,1.78,S,6038458810,,CAD,CS
70025054,00322,04,1,20260503,214113,000004473002,3,3.79,11.37,3.79,0.47,S,,MB26W13,CAD,DB
70025054,00322,04,2,20260503,214113,000000040101,1.389,25.79,35.82,0.00,0.00,S,,,CAD,DB
70025054,00322,04,3,20260503,214113,000000030202,1,15.59,15.59,0.00,0.00,S,,,CAD,DB
70025055,00322,05,1,20260503,132428,000004491002,2,9.49,18.98,0.00,1.19,S,,,CAD,CC
70025055,00322,05,2,20260503,132428,000000020103,1,6.79,6.79,0.00,0.00,S,,,CAD,CC
70025055,00322,05,3,20260503,132428,000004472002,2,6.09,12.18,0.00,0.76,S,,,CAD,CC
70025056,00322,06,1,20260503,143454,000004491003,3,2.69,8.07,2.69,0.34,S,,MB26W13,CAD,CS
70025056,00322,06,2,20260503,143454,000004471040,2,3.39,6.78,0.00,0.42,S,,,CAD,CS
70025056,00322,06,3,20260503,143454,000000005020,1,6.09,6.09,0.00,0.00,S,,,CAD,CS
70025057,00322,01,1,20260503,103303,000004481003,1,6.79,6.79,0.00,0.42,S,,,CAD,CS
70025057,00322,01,2,20260503,103303,000004473003,1,4.69,4.69,0.00,0.29,S,,,CAD,CS
70025057,00322,01,3,20260503,103303,000004491003,3,2.69,8.07,2.69,0.34,S,,MB26W13,CAD,CS
70025057,00322,01,4,20260503,103303,000000005302,2,4.69,9.38,0.00,0.00,S,,,CAD,CS
70025058,01042,03,1,20260504,212913,000000020201,1,5.49,5.49,0.00,0.00,S,,,USD,CC
70025058,01042,03,2,20260504,212913,000000040202,2,14.99,29.98,0.00,0.00,S,,,USD,CC
70025058,01042,03,3,20260504,212913,000004491003,1,1.99,1.99,0.00,0.12,S,,,USD,CC
70025058,01042,03,4,20260504,212913,000000094301,0.487,4.39,2.14,0.00,0.00,S,,,USD,CC
70025058,01042,03,5,20260504,212913,000000040202,3,14.99,44.97,0.00,0.00,S,,,USD,CC
70025058,01042,03,6,20260504,212913,000004491002,2,6.99,13.98,0.00,0.87,S,,,USD,CC
70025059,01042,01,1,20260504,205158,000000005013,1,3.89,3.89,0.00,0.00,S,6010388629,,USD,GC
70025059,01042,01,2,20260504,205158,000000094301,0.359,4.39,1.58,0.00,0.00,S,6010388629,,USD,GC
70025059,01042,01,3,20260504,205158,000000093501,2,4.49,8.98,0.00,0.00,S,6010388629,,USD,GC
70025060,01042,06,1,20260504,140201,000004473003,1,3.49,3.49,0.00,0.22,S,,,USD,DB
70025060,01042,06,2,20260504,140201,000000040203,1,11.99,11.99,0.00,0.00,S,,,USD,DB
70025060,01042,06,3,20260504,140201,000000094201,1.767,1.69,2.99,0.00,0.00,S,,,USD,DB
70025060,01042,06,4,20260504,140201,000004482003,1,5.49,5.49,0.00,0.34,S,,,USD,DB
70025061,01042,02,1,20260504,184326,000000561001,1,9.99,9.99,0.00,0.62,S,,,USD,CC
70025061,01042,02,2,20260504,184326,000000093322,0.962,1.99,1.91,0.57,0.00,S,,PC26W14,USD,CC
70025061,01042,02,3,20260504,184326,000004493001,1,5.49,5.49,0.00,0.34,S,,,USD,CC
70025061,01042,02,4,20260504,184326,000000551020,1,13.99,13.99,0.00,0.87,S,,,USD,CC
70025061,01042,02,5,20260504,184326,000000093410,0.270,3.99,1.08,0.00,0.00,S,,,USD,CC
70025062,01042,06,1,20260504,211057,000000562001,1,10.99,10.99,0.00,0.69,S,6015632135,,USD,DB
70025062,01042,06,2,20260504,211057,000004493002,2,3.99,7.98,0.00,0.50,S,6015632135,,USD,DB
70025062,01042,06,3,20260504,211057,000000093322,1.264,1.99,2.52,0.76,0.00,S,6015632135,PC26W14,USD,DB
70025062,01042,06,4,20260504,211057,000000030102,1,14.99,14.99,0.00,0.00,S,6015632135,,USD,DB
70025063,01042,06,1,20260504,134604,000004472002,2,4.49,8.98,0.00,0.56,S,,,USD,DB
70025063,01042,06,2,20260504,134604,000000551021,1,11.99,11.99,3.60,0.52,S,,PC26W14,USD,DB
70025064,01042,02,1,20260504,210804,000000040202,1,14.99,14.99,0.00,0.00,S,6010032365,,USD,DB
70025065,01042,06,1,20260504,115417,000004473001,1,2.99,2.99,0.00,0.19,S,,,USD,GC
70025065,01042,06,2,20260504,115417,000000005012,1,3.99,3.99,0.00,0.00,S,,,USD,GC
70025065,01042,06,3,20260504,115417,000000551021,2,11.99,23.98,7.19,1.05,S,,PC26W14,USD,GC
70025065,01042,06,4,20260504,115417,000000094102,1,3.49,3.49,0.00,0.00,S,,,USD,GC
70025066,01107,04,1,20260504,115311,000000005020,1,4.49,4.49,0.00,0.00,S,,,USD,DB
70025066,01107,04,2,20260504,115311,000004471030,3,3.99,11.97,3.99,0.50,S,,MB26W13,USD,DB
70025067,01107,01,1,20260504,190717,000004483001,1,4.99,4.99,0.00,0.31,S,,,USD,DB
70025068,01107,03,1,20260504,122608,000004492003,1,2.29,2.29,0.00,0.14,S,,,USD,DB
70025068,01107,03,2,20260504,122608,000000040101,1.562,18.99,29.66,0.00,0.00,S,,,USD,DB
70025068,01107,03,3,20260504,122608,000004472003,1,3.29,3.29,0.00,0.21,S,,,USD,DB
70025069,01107,06,1,20260504,123532,000004492003,1,2.29,2.29,0.00,0.14,S,,,USD,DB
70025069,01107,06,2,20260504,123532,000000094203,1.779,1.49,2.65,0.00,0.00,S,,,USD,DB
70025070,01107,04,1,20260504,75832,000000005013,1,3.89,3.89,0.00,0.00,S,6095888794,,USD,DB
70025071,02210,01,1,20260504,144229,000000005301,2,5.49,10.98,0.00,0.00,S,,,USD,DB
70025071,02210,01,2,20260504,144229,000004492003,1,2.29,2.29,0.00,0.14,S,,,USD,DB
70025072,02210,05,1,20260504,72647,000000094102,1,3.49,3.49,0.00,0.00,S,,,USD,CS
70025072,02210,05,2,20260504,72647,000000561002,3,7.49,22.47,0.00,1.40,S,,,USD,CS
70025072,02210,05,3,20260504,72647,000000020101,1,2.49,2.49,0.00,0.00,S,,,USD,CS
70025073,02210,04,1,20260504,132055,000000040202,1,14.99,14.99,0.00,0.00,S,,,USD,CS
70025073,02210,04,2,20260504,132055,000000030201,2,9.99,19.98,0.00,0.00,S,,,USD,CS
70025074,02210,04,1,20260504,71645,000004482002,1,17.99,17.99,0.00,1.12,S,6071617688,,USD,CC
70025074,02210,04,2,20260504,71645,000000040201,1,8.99,8.99,0.00,0.00,S,6071617688,,USD,CC
70025074,02210,04,3,20260504,71645,000000561001,1,9.99,9.99,0.00,0.62,S,6071617688,,USD,CC
70025074,02210,04,4,20260504,71645,000004491003,3,1.99,5.97,1.99,0.25,S,6071617688,MB26W13,USD,CC
70025074,02210,04,5,20260504,71645,000004471030,3,3.99,11.97,3.99,0.50,S,6071617688,MB26W13,USD,CC
70025075,02305,02,1,20260504,105805,000000040202,1,14.99,14.99,0.00,0.00,S,,,USD,DB
70025075,02305,02,2,20260504,105805,000004483001,1,4.99,4.99,0.00,0.31,S,,,USD,DB
70025075,02305,02,3,20260504,105805,000000005101,1,7.99,7.99,0.00,0.00,S,,,USD,DB
70025075,02305,02,4,20260504,105805,000000561002,2,7.49,14.98,0.00,0.94,S,,,USD,DB
70025075,02305,02,5,20260504,105805,000004491002,1,6.99,6.99,0.00,0.44,S,,,USD,DB
70025076,02305,03,1,20260504,151243,000004472002,1,4.49,4.49,0.00,0.28,S,6007482073,,USD,CS
70025077,02305,05,1,20260504,123902,000000005101,1,7.99,7.99,0.00,0.00,S,,,USD,CS
70025077,02305,05,2,20260504,123902,000000005020,1,4.49,4.49,0.00,0.00,S,,,USD,CS
70025077,02305,05,3,20260504,123902,000004491002,3,6.99,20.97,0.00,1.31,S,,,USD,CS
70025077,02305,05,4,20260504,123902,000000562002,1,8.49,8.49,0.00,0.53,S,,,USD,CS
70025077,02305,05,5,20260504,123902,000000094302,1.344,5.49,7.38,0.00,0.00,S,,,USD,CS
70025077,02305,05,6,20260504,123902,000004492002,1,1.49,1.49,0.00,0.09,S,,,USD,CS
70025078,02305,03,1,20260504,205100,000004482003,3,5.49,16.47,0.00,1.03,S,,,USD,CC
70025078,02305,03,2,20260504,205100,000000551021,1,11.99,11.99,3.60,0.52,S,,PC26W14,USD,CC
70025079,02305,05,1,20260504,120921,000000040102,1.704,16.99,28.95,0.00,0.00,S,6017537030,,USD,DB
70025079,02305,05,2,20260504,120921,000004491001,1,2.49,2.49,0.00,0.16,S,6017537030,,USD,DB
70025080,02305,03,1,20260504,174824,000000020103,1,4.99,4.99,0.75,0.00,S,6086334141,LY26W14,USD,DB
70025080,02305,03,2,20260504,174824,000000030103,3,8.99,26.97,8.99,0.00,S,6086334141,MB26W13,USD,DB
70025080,02305,03,3,20260504,174824,000000094201,1.844,1.69,3.12,0.00,0.00,S,6086334141,,USD,DB
70025080,02305,03,4,20260504,174824,000000020101,2,2.49,4.98,0.00,0.00,S,6086334141,,USD,DB
70025080,02305,03,5,20260504,174824,000004491003,3,1.99,5.97,1.99,0.25,S,6086334141,MB26W13,USD,DB
70025080,02305,03,6,20260504,174824,000004491002,1,6.99,6.99,0.00,0.44,S,6086334141,,USD,DB
70025081,02305,05,1,20260504,143717,000000094103,1,3.79,3.79,1.14,0.00,S,6051364424,PC26W14,USD,DB
70025082,02305,05,1,20260504,130232,000000020103,1,4.99,4.99,0.75,0.00,S,6062536667,LY26W14,USD,DB
70025082,02305,05,2,20260504,130232,000004471030,1,3.99,3.99,0.00,0.25,S,6062536667,,USD,DB
70025083,02305,01,1,20260504,130050,000004492003,1,2.29,2.29,0.00,0.14,S,6070184094,,USD,DB
70025084,02305,05,1,20260504,160124,000000005301,1,5.49,5.49,0.00,0.00,S,6009166010,,USD,GC
70025084,02305,05,2,20260504,160124,000000094103,1,3.79,3.79,1.14,0.00,S,6009166010,PC26W14,USD,GC
70025084,02305,05,3,20260504,160124,000000040102,0.619,16.99,10.52,0.00,0.00,S,6009166010,,USD,GC
70025085,02305,05,1,20260504,163056,000000005202,1,5.99,5.99,0.00,0.00,S,6020962893,,USD,CC
70025086,02305,02,1,20260504,70155,000004471023,1,3.49,3.49,0.00,0.22,S,,,USD,GC
70025086,02305,02,2,20260504,70155,000000094103,1,3.79,3.79,1.14,0.00,S,,PC26W14,USD,GC
70025086,02305,02,3,20260504,70155,000000005013,1,3.89,3.89,0.00,0.00,S,,,USD,GC
70025087,02305,03,1,20260504,172236,000004491001,1,2.49,2.49,0.00,0.16,S,,,USD,DB
70025088,03050,02,1,20260504,145451,000000093402,0.951,3.29,3.13,0.00,0.00,S,,,USD,DB
70025088,03050,02,2,20260504,145451,000000040203,1,11.99,11.99,0.00,0.00,S,,,USD,DB
70025089,03050,03,1,20260504,181735,000000005201,1,3.99,3.99,0.00,0.00,S,6032484137,,USD,DB
70025089,03050,03,2,20260504,181735,000000093321,1.453,1.49,2.16,0.00,0.00,S,6032484137,,USD,DB
70025089,03050,03,3,20260504,181735,000000040101,0.516,18.99,9.80,0.00,0.00,S,6032484137,,USD,DB
70025090,03050,05,1,20260504,134619,000000030101,2,6.99,13.98,0.00,0.00,S,,,USD,CC
70025090,03050,05,2,20260504,134619,000000005103,1,6.99,6.99,0.00,0.00,S,,,USD,CC
70025091,03050,06,1,20260504,104650,000000093501,3,4.49,13.47,4.49,0.00,S,,MB26W13,USD,DB
70025092,03050,06,1,20260504,211029,000000552001,1,4.49,4.49,0.00,0.28,S,6028973179,,USD,DB
70025092,03050,06,2,20260504,211029,000000020202,1,5.99,5.99,0.00,0.00,S,6028973179,,USD,DB
70025092,03050,06,3,20260504,211029,000004482002,2,17.99,35.98,0.00,2.25,S,6028973179,,USD,DB
70025092,03050,06,4,20260504,211029,000000005202,2,5.99,11.98,0.00,0.00,S,6028973179,,USD,DB
70025092,03050,06,5,20260504,211029,000000093322,1.725,1.99,3.43,1.03,0.00,S,6028973179,PC26W14,USD,DB
70025093,03050,03,1,20260504,134730,000004481003,1,4.99,4.99,0.00,0.31,S,6045644948,,USD,CC
70025093,03050,03,2,20260504,134730,000000005201,2,3.99,7.98,0.00,0.00,S,6045644948,,USD,CC
70025094,03050,04,1,20260504,75930,000004492003,1,2.29,2.29,0.00,0.14,S,,,USD,CS
70025094,03050,04,2,20260504,75930,000000094103,1,3.79,3.79,1.14,0.00,S,,PC26W14,USD,CS
70025094,03050,04,3,20260504,75930,000000005012,1,3.99,3.99,0.00,0.00,S,,,USD,CS
70025094,03050,04,4,20260504,75930,000000093322,2.065,1.99,4.11,1.23,0.00,S,,PC26W14,USD,CS
70025094,03050,04,5,20260504,75930,000004491003,3,1.99,5.97,1.99,0.25,S,,MB26W13,USD,CS
70025094,03050,04,6,20260504,75930,000000030201,1,9.99,9.99,0.00,0.00,S,,,USD,CS
70025095,03050,04,1,20260504,115352,000004482001,1,13.99,13.99,0.00,0.87,S,,,USD,CS
70025095,03050,04,2,20260504,115352,000000093502,2,3.99,7.98,0.00,0.00,S,,,USD,CS
70025095,03050,04,3,20260504,115352,000004481003,1,4.99,4.99,0.00,0.31,S,,,USD,CS
70025095,03050,04,4,20260504,115352,000004491003,3,1.99,5.97,1.99,0.25,S,,MB26W13,USD,CS
70025095,03050,04,5,20260504,115352,000004481003,1,4.99,4.99,0.00,0.31,S,,,USD,CS
70025095,03050,04,6,20260504,115352,000000094103,3,3.79,11.37,3.41,0.00,S,,PC26W14,USD,CS
70025096,00317,03,1,20260504,210124,000000093402,0.663,4.49,2.98,0.00,0.00,S,,,CAD,CC
70025096,00317,03,2,20260504,210124,000000020202,1,8.09,8.09,0.00,0.00,S,,,CAD,CC
70025097,00317,06,1,20260504,180549,000000551021,1,16.29,16.29,4.89,0.71,S,6007482073,PC26W14,CAD,GC
70025097,00317,06,2,20260504,180549,000004481003,2,6.79,13.58,0.00,0.85,S,6007482073,,CAD,GC
70025097,00317,06,3,20260504,180549,000004471030,3,5.39,16.17,5.39,0.67,S,6007482073,MB26W13,CAD,GC
70025097,00317,06,4,20260504,180549,000004483002,2,4.69,9.38,0.00,0.59,S,6007482073,,CAD,GC
70025097,00317,06,5,20260504,180549,000004481003,2,6.79,13.58,0.00,0.85,V,6007482073,,CAD,GC
70025098,00317,01,1,20260504,155255,000000031101,0.884,33.99,30.05,9.02,0.00,S,6027570596,PC26W14,CAD,DB
70025098,00317,01,2,20260504,155255,000000094102,1,4.69,4.69,0.00,0.00,S,6027570596,,CAD,DB
70025098,00317,01,3,20260504,155255,000004482001,1,18.99,18.99,0.00,1.19,S,6027570596,,CAD,DB
70025098,00317,01,4,20260504,155255,000004472050,1,5.39,5.39,0.00,0.34,S,6027570596,,CAD,DB
70025098,00317,01,5,20260504,155255,000000551020,1,18.99,18.99,0.00,1.19,S,6027570596,,CAD,DB
70025098,00317,01,6,20260504,155255,000000005020,1,6.09,6.09,0.91,0.00,S,6027570596,LY26W14,CAD,DB
70025099,00317,06,1,20260504,105239,000004471030,3,5.39,16.17,5.39,0.67,S,6060423597,MB26W13,CAD,DB
70025099,00317,06,2,20260504,105239,000000020102,1,4.69,4.69,0.00,0.00,S,6060423597,,CAD,DB
70025100,00317,03,1,20260504,100348,000000040102,1.288,23.09,29.74,0.00,0.00,S,6077680898,,CAD,CS
70025101,00322,04,1,20260504,214737,000000005202,1,8.09,8.09,0.00,0.00,S,6040394640,,CAD,DB
70025101,00322,04,2,20260504,214737,000000020103,1,6.79,6.79,1.02,0.00,S,6040394640,LY26W14,CAD,DB
70025102,00322,04,1,20260504,190452,000000094202,2.142,2.69,5.76,0.00,0.00,S,,,CAD,CS
70025102,00322,04,2,20260504,190452,000004473002,1,3.79,3.79,0.00,0.24,S,,,CAD,CS
70025102,00322,04,3,20260504,190452,000000040202,1,20.39,20.39,0.00,0.00,S,,,CAD,CS
70025103,00322,04,1,20260504,130953,000004471040,1,3.39,3.39,0.00,0.21,S,,,CAD,GC
70025103,00322,04,2,20260504,130953,000000020202,1,8.09,8.09,0.00,0.00,S,,,CAD,GC
70025103,00322,04,3,20260504,130953,000000040101,1.203,25.79,31.03,0.00,0.00,S,,,CAD,GC
70025103,00322,04,4,20260504,130953,000000020202,2,8.09,16.18,0.00,0.00,S,,,CAD,GC
70025103,00322,04,5,20260504,130953,000004492050,1,2.99,2.99,0.00,0.19,S,,,CAD,GC
70025104,01042,02,1,20260505,195426,000000093501,3,4.49,13.47,4.49,0.00,S,,MB26W13,USD,GC
70025104,01042,02,2,20260505,195426,000000552002,1,3.99,3.99,0.00,0.25,S,,,USD,GC
70025104,01042,02,3,20260505,195426,000000005302,1,3.49,3.49,0.00,0.00,S,,,USD,GC
70025105,01042,03,1,20260505,114759,000004493002,2,3.99,7.98,0.00,0.50,S,6029148652,,USD,CS
70025105,01042,03,2,20260505,114759,000000030202,3,11.49,34.47,0.00,0.00,S,6029148652,,USD,CS
70025105,01042,03,3,20260505,114759,000000030103,1,8.99,8.99,0.00,0.00,S,6029148652,,USD,CS
70025106,01042,01,1,20260505,214844,000000030203,1,8.49,8.49,0.00,0.00,S,,,USD,DB
70025106,01042,01,2,20260505,214844,000000005102,2,5.49,10.98,0.00,0.00,S,,,USD,DB
70025106,01042,01,3,20260505,214844,000000561002,1,7.49,7.49,0.00,0.47,S,,,USD,DB
70025106,01042,01,4,20260505,214844,000004481003,1,4.99,4.99,0.00,0.31,S,,,USD,DB
70025107,01042,02,1,20260505,212741,000004491003,1,1.99,1.99,0.00,0.12,S,,,USD,CC
70025107,01042,02,2,20260505,212741,000000005101,1,7.99,7.99,0.00,0.00,S,,,USD,CC
70025107,01042,02,3,20260505,212741,000000094302,1.226,5.49,6.73,0.00,0.00,S,,,USD,CC
70025107,01042,02,4,20260505,212741,000000005201,1,3.99,3.99,0.00,0.00,S,,,USD,CC
70025108,01042,01,1,20260505,214350,000000093321,2.006,1.49,2.99,0.00,0.00,S,6068293844,,USD,DB
70025108,01042,01,2,20260505,214350,000000562001,1,10.99,10.99,0.00,0.69,S,6068293844,,USD,DB
70025108,01042,01,3,20260505,214350,000000094302,1.457,5.49,8.00,0.00,0.00,S,6068293844,,USD,DB
70025108,01042,01,4,20260505,214350,000000005020,1,4.49,4.49,0.67,0.00,S,6068293844,LY26W14,USD,DB
70025109,01042,05,1,20260505,192235,000000040102,0.518,16.99,8.80,0.00,0.00,S,,,USD,GC
70025109,01042,05,2,20260505,192235,000000020103,1,4.99,4.99,0.00,0.00,S,,,USD,GC
70025110,01042,05,1,20260505,142439,000000561001,1,9.99,9.99,0.00,0.62,S,6078507208,,USD,CS
70025110,01042,05,2,20260505,142439,000000020103,1,4.99,4.99,0.75,0.00,S,6078507208,LY26W14,USD,CS
70025111,01042,04,1,20260505,70911,000000040101,1.380,18.99,26.21,0.00,0.00,S,,,USD,GC
70025111,01042,04,2,20260505,70911,000000040203,1,11.99,11.99,0.00,0.00,S,,,USD,GC
70025112,01042,05,1,20260505,153348,000000552002,2,3.99,7.98,0.00,0.50,S,,,USD,GC
70025112,01042,05,2,20260505,153348,000000020103,2,4.99,9.98,0.00,0.00,S,,,USD,GC
70025113,01107,05,1,20260505,104330,000004491002,1,6.99,6.99,0.00,0.44,S,6060685361,,USD,DB
70025113,01107,05,2,20260505,104330,000000040102,0.742,16.99,12.61,0.00,0.00,S,6060685361,,USD,DB
70025113,01107,05,3,20260505,104330,000004492003,3,2.29,6.87,2.29,0.29,S,6060685361,MB26W13,USD,DB
70025113,01107,05,4,20260505,104330,000000005020,1,4.49,4.49,0.67,0.00,S,6060685361,LY26W14,USD,DB
70025113,01107,05,5,20260505,104330,000000020201,1,5.49,5.49,0.00,0.00,S,6060685361,,USD,DB
70025114,01107,06,1,20260505,132857,000000561002,1,7.49,7.49,0.00,0.47,S,,,USD,GC
70025115,02210,03,1,20260505,214235,000000020103,3,4.99,14.97,0.00,0.00,S,,,USD,DB
70025115,02210,03,2,20260505,214235,000000005301,1,5.49,5.49,0.00,0.00,S,,,USD,DB
70025115,02210,03,3,20260505,214235,000000093321,0.601,1.49,0.90,0.00,0.00,S,,,USD,DB
70025116,02210,01,1,20260505,180447,000000005101,1,7.99,7.99,0.00,0.00,S,,,USD,CC
70025116,02210,01,2,20260505,180447,000000020102,1,3.49,3.49,0.00,0.00,S,,,USD,CC
70025116,02210,01,3,20260505,180447,000000005020,2,4.49,8.98,0.00,0.00,S,,,USD,CC
70025116,02210,01,4,20260505,180447,000000094101,1,3.99,3.99,0.00,0.00,S,,,USD,CC
70025117,02210,06,1,20260505,174644,000004481003,3,4.99,14.97,0.00,0.94,S,6066176620,,USD,GC
70025118,02210,04,1,20260505,100740,000000020102,1,3.49,3.49,0.00,0.00,S,,,USD,DB
70025119,02210,02,1,20260505,144316,000000093401,1.078,5.49,5.92,0.00,0.00,R,,,USD,DB
70025120,02210,03,1,20260505,140038,000000005103,2,6.99,13.98,0.00,0.00,S,,,USD,DB
70025120,02210,03,2,20260505,140038,000004473003,1,3.49,3.49,0.00,0.22,S,,,USD,DB
70025120,02210,03,3,20260505,140038,000000093502,1,3.99,3.99,0.00,0.00,S,,,USD,DB
70025120,02210,03,4,20260505,140038,000000005013,2,3.89,7.78,0.00,0.00,S,,,USD,DB
70025120,02210,03,5,20260505,140038,000000551021,2,11.99,23.98,7.19,1.05,S,,PC26W14,USD,DB
70025121,02210,06,1,20260505,110332,000000551021,1,11.99,11.99,3.60,0.52,S,6088450615,PC26W14,USD,CS
70025122,02211,06,1,20260505,121641,000000094103,1,3.79,3.79,1.14,0.00,S,,PC26W14,USD,CC
70025123,02211,03,1,20260505,133034,000000005302,1,3.49,3.49,0.00,0.00,S,,,USD,DB
70025123,02211,03,2,20260505,133034,000000031101,0.494,24.99,12.35,3.71,0.00,S,,PC26W14,USD,DB
70025123,02211,03,3,20260505,133034,000000005020,1,4.49,4.49,0.00,0.00,S,,,USD,DB
70025123,02211,03,4,20260505,133034,000004481003,1,4.99,4.99,0.00,0.31,S,,,USD,DB
70025123,02211,03,5,20260505,133034,000004493001,1,5.49,5.49,0.00,0.34,S,,,USD,DB
70025123,02211,03,6,20260505,133034,000000020202,1,5.99,5.99,0.00,0.00,S,,,USD,DB
70025124,02211,05,1,20260505,172539,000000551021,1,11.99,11.99,3.60,0.52,S,,PC26W14,USD,CS
70025125,02211,06,1,20260505,84843,000000040202,2,14.99,29.98,0.00,0.00,S,,,USD,DB
70025125,02211,06,2,20260505,84843,000000093322,1.237,1.99,2.46,0.74,0.00,S,,PC26W14,USD,DB
70025125,02211,06,3,20260505,84843,000000093402,1.550,3.29,5.10,0.00,0.00,S,,,USD,DB
70025126,02211,06,1,20260505,134817,000000005301,1,5.49,5.49,0.00,0.00,S,6011223386,,USD,GC
70025126,02211,06,2,20260505,134817,000000020102,1,3.49,3.49,0.00,0.00,S,6011223386,,USD,GC
70025126,02211,06,3,20260505,134817,000004483002,2,3.49,6.98,0.00,0.44,S,6011223386,,USD,GC
70025126,02211,06,4,20260505,134817,000004491001,3,2.49,7.47,0.00,0.47,S,6011223386,,USD,GC
70025126,02211,06,5,20260505,134817,000000020103,1,4.99,4.99,0.75,0.00,S,6011223386,LY26W14,USD,GC
70025127,02211,04,1,20260505,150936,000004471030,1,3.99,3.99,0.00,0.25,S,6007482073,,USD,CC
70025127,02211,04,2,20260505,150936,000000005012,2,3.99,7.98,0.00,0.00,S,6007482073,,USD,CC
70025127,02211,04,3,20260505,150936,000004473002,2,2.79,5.58,0.00,0.35,S,6007482073,,USD,CC
70025128,02305,02,1,20260505,204206,000004482001,1,13.99,13.99,0.00,0.87,S,6065421406,,USD,CC
70025128,02305,02,2,20260505,204206,000000030102,1,14.99,14.99,0.00,0.00,S,6065421406,,USD,CC
70025129,02305,02,1,20260505,103854,000004493002,1,3.99,3.99,0.00,0.25,S,6032781952,,USD,CC
70025129,02305,02,2,20260505,103854,000004473002,1,2.79,2.79,0.00,0.17,S,6032781952,,USD,CC
70025129,02305,02,3,20260505,103854,000000552001,1,4.49,4.49,0.00,0.28,S,6032781952,,USD,CC
70025129,02305,02,4,20260505,103854,000000031101,1.076,24.99,26.89,8.07,0.00,S,6032781952,PC26W14,USD,CC
70025130,02305,02,1,20260505,200214,000000005020,1,4.49,4.49,0.67,0.00,S,6041321147,LY26W14,USD,CS
70025130,02305,02,2,20260505,200214,000004491003,3,1.99,5.97,1.99,0.25,S,6041321147,MB26W13,USD,CS
70025130,02305,02,3,20260505,200214,000004473002,3,2.79,8.37,2.79,0.35,S,6041321147,MB26W13,USD,CS
70025131,02305,03,1,20260505,181045,000004481003,1,4.99,4.99,0.00,0.31,S,,,USD,CS
70025131,02305,03,2,20260505,181045,000000005103,1,6.99,6.99,0.00,0.00,S,,,USD,CS
70025131,02305,03,3,20260505,181045,000000551020,1,13.99,13.99,0.00,0.87,S,,,USD,CS
70025131,02305,03,4,20260505,181045,000000093503,1,4.29,4.29,0.00,0.00,S,,,USD,CS
70025132,02305,01,1,20260505,180903,000004492001,1,1.79,1.79,0.00,0.11,S,,,USD,DB
70025132,02305,01,2,20260505,180903,000000093401,0.306,5.49,1.68,0.00,0.00,S,,,USD,DB
70025132,02305,01,3,20260505,180903,000004471040,3,2.49,7.47,0.00,0.47,S,,,USD,DB
70025133,02305,04,1,20260505,160238,000000020103,1,4.99,4.99,0.75,0.00,S,6037052635,LY26W14,USD,CC
70025133,02305,04,2,20260505,160238,000004482002,1,17.99,17.99,0.00,1.12,S,6037052635,,USD,CC
70025133,02305,04,3,20260505,160238,000000040201,1,8.99,8.99,0.00,0.00,S,6037052635,,USD,CC
70025133,02305,04,4,20260505,160238,000000020103,2,4.99,9.98,1.50,0.00,S,6037052635,LY26W14,USD,CC
70025134,02305,03,1,20260505,112836,000004483002,1,3.49,3.49,0.00,0.22,S,6006229231,,USD,CS
70025134,02305,03,2,20260505,112836,000000031101,1.282,24.99,32.04,9.61,0.00,S,6006229231,PC26W14,USD,CS
70025134,02305,03,3,20260505,112836,000000094203,0.552,1.49,0.82,0.00,0.00,S,6006229231,,USD,CS
70025134,02305,03,4,20260505,112836,000000094103,3,3.79,11.37,3.41,0.00,S,6006229231,PC26W14,USD,CS
70025134,02305,03,5,20260505,112836,000000040203,2,11.99,23.98,0.00,0.00,S,6006229231,,USD,CS
70025135,02305,01,1,20260505,170140,000000094103,1,3.79,3.79,1.14,0.00,S,,PC26W14,USD,DB
70025135,02305,01,2,20260505,170140,000000031102,1.927,19.99,38.52,0.00,0.00,S,,,USD,DB
70025136,02305,03,1,20260505,160953,000000094102,1,3.49,3.49,0.00,0.00,S,6051728975,,USD,DB
70025137,02305,03,1,20260505,104941,000004482002,1,17.99,17.99,0.00,1.12,S,6038282586,,USD,DB
70025137,02305,03,2,20260505,104941,000004473003,2,3.49,6.98,0.00,0.44,S,6038282586,,USD,DB
70025138,02305,04,1,20260505,74429,000000005020,1,4.49,4.49,0.00,0.00,S,,,USD,DB
70025138,02305,04,2,20260505,74429,000000005020,1,4.49,4.49,0.00,0.00,S,,,USD,DB
70025139,03050,05,1,20260505,85145,000000005301,1,5.49,5.49,0.00,0.00,S,6086700900,,USD,CS
70025139,03050,05,2,20260505,85145,000004483002,1,3.49,3.49,0.00,0.22,S,6086700900,,USD,CS
70025139,03050,05,3,20260505,85145,000000005012,1,3.99,3.99,0.00,0.00,S,6086700900,,USD,CS
70025139,03050,05,4,20260505,85145,000004491002,1,6.99,6.99,0.00,0.44,S,6086700900,,USD,CS
70025139,03050,05,5,20260505,85145,000000094202,1.293,1.99,2.57,0.00,0.00,S,6086700900,,USD,CS
70025140,03050,03,1,20260505,74117,000000551020,1,13.99,13.99,0.00,0.87,S,,,USD,GC
70025141,03050,05,1,20260505,143016,000004472002,1,4.49,4.49,0.00,0.28,S,,,USD,CC
70025142,03050,02,1,20260505,142626,000004472003,1,3.29,3.29,0.00,0.21,S,6056366941,,USD,CC
70025142,03050,02,2,20260505,142626,000000005012,1,3.99,3.99,0.00,0.00,S,6056366941,,USD,CC
70025143,03050,04,1,20260505,85032,000000020201,2,5.49,10.98,0.00,0.00,S,6054691373,,USD,CC
70025143,03050,04,2,20260505,85032,000000561002,3,7.49,22.47,0.00,1.40,S,6054691373,,USD,CC
70025144,00317,05,1,20260505,112007,000004482002,1,24.49,24.49,0.00,1.53,S,,,CAD,DB
70025144,00317,05,2,20260505,112007,000000093401,1.517,7.49,11.36,0.00,0.00,S,,,CAD,DB
70025144,00317,05,3,20260505,112007,000000005301,2,7.49,14.98,0.00,0.00,S,,,CAD,DB
70025145,00317,03,1,20260505,193236,000000093502,1,5.39,5.39,0.00,0.00,S,,,CAD,DB
70025145,00317,03,2,20260505,193236,000004492001,1,2.39,2.39,0.00,0.15,S,,,CAD,DB
70025146,00317,03,1,20260505,103536,000000020102,1,4.69,4.69,0.00,0.00,S,,,CAD,CS
70025147,00317,02,1,20260505,95202,000000040101,1.632,25.79,42.09,0.00,0.00,S,,,CAD,DB
70025147,00317,02,2,20260505,95202,000000562002,1,11.49,11.49,0.00,0.72,S,,,CAD,DB
70025147,00317,02,3,20260505,95202,000000005103,1,9.49,9.49,0.00,0.00,S,,,CAD,DB
70025147,00317,02,4,20260505,95202,000004472050,3,5.39,16.17,0.00,1.01,S,,,CAD,DB
70025147,00317,02,5,20260505,95202,000000005201,1,5.39,5.39,0.00,0.00,S,,,CAD,DB
70025148,00317,03,1,20260505,161127,000000030202,1,15.59,15.59,0.00,0.00,S,,,CAD,CC
70025148,00317,03,2,20260505,161127,000004472050,2,5.39,10.78,0.00,0.67,S,,,CAD,CC
70025148,00317,03,3,20260505,161127,000000561001,1,13.59,13.59,0.00,0.85,S,,,CAD,CC
70025148,00317,03,4,20260505,161127,000004473001,1,4.09,4.09,0.00,0.26,S,,,CAD,CC
70025148,00317,03,5,20260505,161127,000000020103,1,6.79,6.79,0.00,0.00,S,,,CAD,CC
70025148,00317,03,6,20260505,161127,000004472050,2,5.39,10.78,0.00,0.67,V,,,CAD,CC
70025149,00317,01,1,20260505,94848,000000005101,1,10.89,10.89,0.00,0.00,S,6043275604,,CAD,CS
70025150,00322,04,1,20260505,124019,000004472003,3,4.49,13.47,0.00,0.84,S,,,CAD,DB
70025151,00322,03,1,20260505,214116,000000030103,1,12.19,12.19,0.00,0.00,S,6006330165,,CAD,CS
70025151,00322,03,2,20260505,214116,000000005302,2,4.69,9.38,0.00,0.00,S,6006330165,,CAD,CS
70025151,00322,03,3,20260505,214116,000000030102,1,20.39,20.39,0.00,0.00,S,6006330165,,CAD,CS
70025152,00322,03,1,20260505,142506,000004493002,1,5.39,5.39,0.00,0.34,S,,,CAD,GC
70025152,00322,03,2,20260505,142506,000000020102,1,4.69,4.69,0.00,0.00,S,,,CAD,GC
70025152,00322,03,3,20260505,142506,000000020201,1,7.49,7.49,0.00,0.00,S,,,CAD,GC
70025153,01042,02,1,20260506,190106,000004482002,1,17.99,17.99,0.00,1.12,S,,,USD,CC
70025153,01042,02,2,20260506,190106,000000094201,1.288,1.69,2.18,0.00,0.00,S,,,USD,CC
70025153,01042,02,3,20260506,190106,000000031101,1.430,24.99,35.74,10.72,0.00,S,,PC26W14,USD,CC
70025154,01042,06,1,20260506,93143,000000030103,1,8.99,8.99,0.00,0.00,S,6012478261,,USD,DB
70025154,01042,06,2,20260506,93143,000000562002,2,8.49,16.98,0.00,1.06,S,6012478261,,USD,DB
70025155,01042,04,1,20260506,152302,000004492003,2,2.29,4.58,0.00,0.29,S,,,USD,DB
70025155,01042,04,2,20260506,152302,000000551020,1,13.99,13.99,0.00,0.87,S,,,USD,DB
70025155,01042,04,3,20260506,152302,000000094202,1.482,1.99,2.95,0.00,0.00,S,,,USD,DB
70025156,01042,06,1,20260506,105204,000004482002,1,17.99,17.99,0.00,1.12,S,,,USD,CS
70025157,01042,06,1,20260506,182606,000000005013,3,3.89,11.67,0.00,0.00,S,6070633699,,USD,CC
70025158,01042,03,1,20260506,151909,000000005020,1,4.49,4.49,0.67,0.00,S,6028403339,LY26W14,USD,GC
70025159,01042,01,1,20260506,95923,000000020102,1,3.49,3.49,0.00,0.00,S,,,USD,CC
70025159,01042,01,2,20260506,95923,000004473002,1,2.79,2.79,0.00,0.17,S,,,USD,CC
70025160,01107,06,1,20260506,112031,000000020202,3,5.99,17.97,0.00,0.00,S,6089030914,,USD,GC
70025161,02210,06,1,20260506,181753,000004483002,2,3.49,6.98,0.00,0.44,S,6078637673,,USD,DB
70025161,02210,06,2,20260506,181753,000004473003,1,3.49,3.49,0.00,0.22,S,6078637673,,USD,DB
70025161,02210,06,3,20260506,181753,000004491001,1,2.49,2.49,0.00,0.16,S,6078637673,,USD,DB
70025162,02210,04,1,20260506,70337,000004473003,1,3.49,3.49,0.00,0.22,S,6098425799,,USD,DB
70025162,02210,04,2,20260506,70337,000000020202,1,5.99,5.99,0.00,0.00,S,6098425799,,USD,DB
70025163,02210,04,1,20260506,180108,000000093502,1,3.99,3.99,0.00,0.00,S,,,USD,CS
70025163,02210,04,2,20260506,180108,000000005020,1,4.49,4.49,0.00,0.00,S,,,USD,CS
70025164,02210,06,1,20260506,215522,000000020103,3,4.99,14.97,0.00,0.00,S,,,USD,CC
70025164,02210,06,2,20260506,215522,000000040203,1,11.99,11.99,0.00,0.00,S,,,USD,CC
70025164,02210,06,3,20260506,215522,000004492001,1,1.79,1.79,0.00,0.11,S,,,USD,CC
70025165,02210,03,1,20260506,134215,000000094202,0.854,1.99,1.70,0.00,0.00,S,6076153966,,USD,CC
70025166,02210,06,1,20260506,183032,000004491001,1,2.49,2.49,0.00,0.16,S,6034843443,,USD,DB
70025166,02210,06,2,20260506,183032,000000005302,2,3.49,6.98,0.00,0.00,S,6034843443,,USD,DB
70025166,02210,06,3,20260506,183032,000004483002,1,3.49,3.49,0.00,0.22,S,6034843443,,USD,DB
70025167,02210,02,1,20260506,84107,000000551021,1,11.99,11.99,3.60,0.52,S,,PC26W14,USD,GC
70025167,02210,02,2,20260506,84107,000000030103,3,8.99,26.97,8.99,0.00,S,,MB26W13,USD,GC
70025167,02210,02,3,20260506,84107,000004483001,1,4.99,4.99,0.00,0.31,S,,,USD,GC
70025168,02211,03,1,20260506,172843,000000005201,1,3.99,3.99,0.00,0.00,S,,,USD,CS
70025168,02211,03,2,20260506,172843,000004492003,3,2.29,6.87,2.29,0.29,S,,MB26W13,USD,CS
70025168,02211,03,3,20260506,172843,000004473002,3,2.79,8.37,2.79,0.35,S,,MB26W13,USD,CS
70025169,02211,04,1,20260506,163616,000000551020,3,13.99,41.97,0.00,2.62,S,,,USD,GC
70025170,02211,06,1,20260506,142438,000004483002,1,3.49,3.49,0.00,0.22,S,,,USD,CC
70025170,02211,06,2,20260506,142438,000004473002,2,2.79,5.58,0.00,0.35,S,,,USD,CC
70025170,02211,06,3,20260506,142438,000000094301,1.689,4.39,7.41,0.00,0.00,S,,,USD,CC
70025170,02211,06,4,20260506,142438,000000040101,0.966,18.99,18.34,0.00,0.00,S,,,USD,CC
70025170,02211,06,5,20260506,142438,000004483001,1,4.99,4.99,0.00,0.31,S,,,USD,CC
70025170,02211,06,6,20260506,142438,000004493001,1,5.49,5.49,0.00,0.34,S,,,USD,CC
70025171,02211,02,1,20260506,123550,000000005302,1,3.49,3.49,0.00,0.00,S,6025257150,,USD,CS
70025171,02211,02,2,20260506,123550,000004491001,1,2.49,2.49,0.00,0.16,S,6025257150,,USD,CS
70025171,02211,02,3,20260506,123550,000000562002,1,8.49,8.49,0.00,0.53,S,6025257150,,USD,CS
70025172,02211,05,1,20260506,132807,000000005012,1,3.99,3.99,0.00,0.00,S,,,USD,CC
70025172,02211,05,2,20260506,132807,000004473003,1,3.49,3.49,0.00,0.22,S,,,USD,CC
70025173,02305,02,1,20260506,151129,000000005101,1,7.99,7.99,0.00,0.00,S,6079420074,,USD,CC
70025173,02305,02,2,20260506,151129,000000040201,1,8.99,8.99,0.00,0.00,S,6079420074,,USD,CC
70025174,02305,04,1,20260506,204025,000004473002,3,2.79,8.37,2.79,0.35,S,,MB26W13,USD,GC
70025175,02305,06,1,20260506,73259,000004471023,1,3.49,3.49,0.00,0.22,S,6003172351,,USD,GC
70025175,02305,06,2,20260506,73259,000000093322,1.194,1.99,2.38,0.71,0.00,S,6003172351,PC26W14,USD,GC
70025175,02305,06,3,20260506,73259,000000093503,3,4.29,12.87,0.00,0.00,S,6003172351,,USD,GC
70025175,02305,06,4,20260506,73259,000004493001,1,5.49,5.49,0.00,0.34,S,6003172351,,USD,GC
70025175,02305,06,5,20260506,73259,000000040201,1,8.99,8.99,0.00,0.00,S,6003172351,,USD,GC
70025176,02305,06,1,20260506,200613,000000005302,2,3.49,6.98,0.00,0.00,S,,,USD,CC
70025176,02305,06,2,20260506,200613,000000552002,1,3.99,3.99,0.00,0.25,S,,,USD,CC
70025176,02305,06,3,20260506,200613,000004491002,1,6.99,6.99,0.00,0.44,S,,,USD,CC
70025176,02305,06,4,20260506,200613,000000094302,0.711,5.49,3.90,0.00,0.00,S,,,USD,CC
70025176,02305,06,5,20260506,200613,000000020102,1,3.49,3.49,0.00,0.00,S,,,USD,CC
70025176,02305,06,6,20260506,200613,000000040102,0.271,16.99,4.60,0.00,0.00,S,,,USD,CC
70025177,02305,03,1,20260506,151558,000004482003,1,5.49,5.49,0.00,0.34,S,,,USD,CC
70025177,02305,03,2,20260506,151558,000000031101,0.548,24.99,13.69,4.11,0.00,S,,PC26W14,USD,CC
70025177,02305,03,3,20260506,151558,000000020201,1,5.49,5.49,0.00,0.00,S,,,USD,CC
70025178,02305,01,1,20260506,165543,000004483001,1,4.99,4.99,0.00,0.31,S,,,USD,DB
70025178,02305,01,2,20260506,165543,000000094202,0.736,1.99,1.46,0.00,0.00,S,,,USD,DB
70025178,02305,01,3,20260506,165543,000000093503,1,4.29,4.29,0.00,0.00,S,,,USD,DB
70025178,02305,01,4,20260506,165543,000004493002,2,3.99,7.98,0.00,0.50,S,,,USD,DB
70025179,02305,01,1,20260506,132104,000004493002,1,3.99,3.99,0.00,0.25,S,,,USD,CC
70025179,02305,01,2,20260506,132104,000004492001,1,1.79,1.79,0.00,0.11,S,,,USD,CC
70025179,02305,01,3,20260506,132104,000000094103,1,3.79,3.79,1.14,0.00,S,,PC26W14,USD,CC
70025180,02305,06,1,20260506,94029,000004492002,1,1.49,1.49,0.00,0.09,S,,,USD,DB
70025180,02305,06,2,20260506,94029,000000005012,1,3.99,3.99,0.00,0.00,S,,,USD,DB
70025181,02305,03,1,20260506,160120,000004473002,3,2.79,8.37,2.79,0.35,S,,MB26W13,USD,DB
70025181,02305,03,2,20260506,160120,000000020102,1,3.49,3.49,0.00,0.00,S,,,USD,DB
70025182,02305,05,1,20260506,105235,000004492003,1,2.29,2.29,0.00,0.14,S,6034843443,,USD,CC
70025182,02305,05,2,20260506,105235,000000005020,1,4.49,4.49,0.67,0.00,S,6034843443,LY26W14,USD,CC
70025182,02305,05,3,20260506,105235,000004493002,1,3.99,3.99,0.00,0.25,S,6034843443,,USD,CC
70025183,02305,05,1,20260506,192051,000000005103,1,6.99,6.99,0.00,0.00,S,6095073214,,USD,GC
70025183,02305,05,2,20260506,192051,000000020102,1,3.49,3.49,0.00,0.00,S,6095073214,,USD,GC
70025183,02305,05,3,20260506,192051,000000094301,0.886,4.39,3.89,0.00,0.00,S,6095073214,,USD,GC
70025183,02305,05,4,20260506,192051,000000020202,2,5.99,11.98,0.00,0.00,S,6095073214,,USD,GC
70025183,02305,05,5,20260506,192051,000004491003,3,1.99,5.97,1.99,0.25,S,6095073214,MB26W13,USD,GC
70025184,02305,03,1,20260506,110949,000004492002,3,1.49,4.47,0.00,0.28,S,6013760375,,USD,CS
70025184,02305,03,2,20260506,110949,000000020201,1,5.49,5.49,0.00,0.00,S,6013760375,,USD,CS
70025185,03050,02,1,20260506,205242,000000093325,1.138,3.99,4.54,0.00,0.00,S,6049187274,,USD,DB
70025186,03050,02,1,20260506,85247,000000020103,2,4.99,9.98,1.50,0.00,S,6087431527,LY26W14,USD,DB
70025186,03050,02,2,20260506,85247,000000020103,1,4.99,4.99,0.75,0.00,S,6087431527,LY26W14,USD,DB
70025187,03050,05,1,20260506,133950,000000005202,3,5.99,17.97,0.00,0.00,S,,,USD,CC
70025187,03050,05,2,20260506,133950,000000040101,2.146,18.99,40.75,0.00,0.00,S,,,USD,CC
70025187,03050,05,3,20260506,133950,000000093322,1.907,1.99,3.79,1.14,0.00,S,,PC26W14,USD,CC
70025187,03050,05,4,20260506,133950,000000562001,1,10.99,10.99,0.00,0.69,S,,,USD,CC
70025188,03050,01,1,20260506,101044,000000562002,1,8.49,8.49,0.00,0.53,S,6086700900,,USD,CC
70025188,03050,01,2,20260506,101044,000004492003,1,2.29,2.29,0.00,0.14,S,6086700900,,USD,CC
70025188,03050,01,3,20260506,101044,000000020102,2,3.49,6.98,0.00,0.00,S,6086700900,,USD,CC
70025188,03050,01,4,20260506,101044,000000040201,1,8.99,8.99,0.00,0.00,S,6086700900,,USD,CC
70025189,03050,05,1,20260506,152113,000004482003,3,5.49,16.47,0.00,1.03,S,6046753612,,USD,DB
70025189,03050,05,2,20260506,152113,000004492003,3,2.29,6.87,2.29,0.29,S,6046753612,MB26W13,USD,DB
70025190,03050,02,1,20260506,205753,000004473001,1,2.99,2.99,0.00,0.19,S,6014939252,,USD,CS
70025190,03050,02,2,20260506,205753,000004491002,2,6.99,13.98,0.00,0.87,S,6014939252,,USD,CS
70025190,03050,02,3,20260506,205753,000000551021,2,11.99,23.98,7.19,1.05,S,6014939252,PC26W14,USD,CS
70025190,03050,02,4,20260506,205753,000004481001,1,7.99,7.99,0.00,0.50,S,6014939252,,USD,CS
70025191,00317,05,1,20260506,75730,000004472050,3,5.39,16.17,0.00,1.01,S,,,CAD,DB
70025191,00317,05,2,20260506,75730,000004492003,3,3.09,9.27,3.09,0.39,S,,MB26W13,CAD,DB
70025192,00317,01,1,20260506,100211,000000005201,3,5.39,16.17,0.00,0.00,S,,,CAD,DB
70025192,00317,01,2,20260506,100211,000000005201,1,5.39,5.39,0.00,0.00,S,,,CAD,DB
70025192,00317,01,3,20260506,100211,000000093501,3,6.09,18.27,6.09,0.00,S,,MB26W13,CAD,DB
70025192,00317,01,4,20260506,100211,000000040102,0.636,23.09,14.69,0.00,0.00,S,,,CAD,DB
70025193,00317,05,1,20260506,211308,000004492001,2,2.39,4.78,0.00,0.30,S,6088269131,,CAD,GC
70025193,00317,05,2,20260506,211308,000000020202,1,8.09,8.09,0.00,0.00,S,6088269131,,CAD,GC
70025193,00317,05,3,20260506,211308,000000551021,1,16.29,16.29,4.89,0.71,S,6088269131,PC26W14,CAD,GC
70025193,00317,05,4,20260506,211308,000000005302,1,4.69,4.69,0.00,0.00,S,6088269131,,CAD,GC
70025193,00317,05,5,20260506,211308,000004492001,1,2.39,2.39,0.00,0.15,S,6088269131,,CAD,GC
70025194,00317,05,1,20260506,121542,000000030102,1,20.39,20.39,0.00,0.00,S,,,CAD,DB
70025194,00317,05,2,20260506,121542,000004472003,1,4.49,4.49,0.00,0.28,S,,,CAD,DB
70025194,00317,05,3,20260506,121542,000004482002,1,24.49,24.49,0.00,1.53,S,,,CAD,DB
70025194,00317,05,4,20260506,121542,000000020102,2,4.69,9.38,0.00,0.00,S,,,CAD,DB
70025194,00317,05,5,20260506,121542,000000093410,0.485,5.39,2.61,0.00,0.00,S,,,CAD,DB
70025194,00317,05,6,20260506,121542,000000030201,1,13.59,13.59,0.00,0.00,S,,,CAD,DB
70025195,00317,05,1,20260506,113439,000000561002,1,10.19,10.19,0.00,0.64,S,6089847139,,CAD,CC
70025195,00317,05,2,20260506,113439,000000552002,1,5.39,5.39,0.00,0.34,S,6089847139,,CAD,CC
70025196,00317,01,1,20260506,173402,000004473003,1,4.69,4.69,0.00,0.29,S,,,CAD,CC
70025196,00317,01,2,20260506,173402,000004493002,1,5.39,5.39,0.00,0.34,S,,,CAD,CC
70025196,00317,01,3,20260506,173402,000000094103,1,5.19,5.19,1.56,0.00,S,,PC26W14,CAD,CC
70025196,00317,01,4,20260506,173402,000000005302,1,4.69,4.69,0.00,0.00,S,,,CAD,CC
70025196,00317,01,5,20260506,173402,000004483001,1,6.79,6.79,0.00,0.42,S,,,CAD,CC
70025197,00317,03,1,20260506,200034,000000005202,1,8.09,8.09,0.00,0.00,S,,,CAD,DB
70025197,00317,03,2,20260506,200034,000000005020,1,6.09,6.09,0.00,0.00,S,,,CAD,DB
70025198,00317,03,1,20260506,120652,000000005201,1,5.39,5.39,0.00,0.00,S,,,CAD,GC
70025198,00317,03,2,20260506,120652,000000040203,1,16.29,16.29,0.00,0.00,S,,,CAD,GC
70025199,00317,03,1,20260506,103528,000000005020,1,6.09,6.09,0.00,0.00,S,,,CAD,GC
70025199,00317,03,2,20260506,103528,000004492050,2,2.99,5.98,0.00,0.37,S,,,CAD,GC
70025200,00317,06,1,20260506,172446,000000094103,1,5.19,5.19,1.56,0.00,S,,PC26W14,CAD,CS
70025200,00317,06,2,20260506,172446,000000094101,1,5.39,5.39,0.00,0.00,S,,,CAD,CS
70025200,00317,06,3,20260506,172446,000000040102,1.285,23.09,29.67,0.00,0.00,S,,,CAD,CS
70025200,00317,06,4,20260506,172446,000004492002,1,1.99,1.99,0.00,0.12,S,,,CAD,CS
70025201,00317,03,1,20260506,185642,000000020103,1,6.79,6.79,0.00,0.00,S,,,CAD,CC
70025201,00317,03,2,20260506,185642,000004482003,1,7.49,7.49,0.00,0.47,S,,,CAD,CC
70025201,00317,03,3,20260506,185642,000004473002,3,3.79,11.37,3.79,0.47,S,,MB26W13,CAD,CC
70025202,00317,03,1,20260506,180631,000000551020,1,18.99,18.99,0.00,1.19,S,,,CAD,CS
70025203,00317,05,1,20260506,144824,000004481003,2,6.79,13.58,0.00,0.85,S,,,CAD,GC
70025203,00317,05,2,20260506,144824,000000005103,1,9.49,9.49,0.00,0.00,S,,,CAD,GC
70025203,00317,05,3,20260506,144824,000004493001,1,7.49,7.49,0.00,0.47,S,,,CAD,GC
70025203,00317,05,4,20260506,144824,000004471040,1,3.39,3.39,0.00,0.21,S,,,CAD,GC
70025203,00317,05,5,20260506,144824,000000005202,1,8.09,8.09,0.00,0.00,S,,,CAD,GC
70025204,00322,05,1,20260506,105156,000004492002,1,1.99,1.99,0.00,0.12,S,,,CAD,GC
70025204,00322,05,2,20260506,105156,000000005013,1,5.29,5.29,0.00,0.00,S,,,CAD,GC
70025204,00322,05,3,20260506,105156,000000561001,2,13.59,27.18,0.00,1.70,S,,,CAD,GC
70025204,00322,05,4,20260506,105156,000004491002,1,9.49,9.49,0.00,0.59,S,,,CAD,GC
70025204,00322,05,5,20260506,105156,000000005020,1,6.09,6.09,0.00,0.00,S,,,CAD,GC
70025204,00322,05,6,20260506,105156,000000005103,2,9.49,18.98,0.00,0.00,S,,,CAD,GC
70025205,01042,05,1,20260507,140229,000000552001,1,4.49,4.49,0.00,0.28,S,,,USD,CC
70025205,01042,05,2,20260507,140229,000000005102,2,5.49,10.98,0.00,0.00,S,,,USD,CC
70025206,01042,03,1,20260507,213628,000004481001,1,7.99,7.99,0.00,0.50,S,,,USD,CS
70025206,01042,03,2,20260507,213628,000000005020,1,4.49,4.49,0.00,0.00,S,,,USD,CS
70025207,01042,01,1,20260507,83736,000000005102,2,5.49,10.98,0.00,0.00,S,,,USD,CS
70025207,01042,01,2,20260507,83736,000000005012,2,3.99,7.98,0.00,0.00,S,,,USD,CS
70025207,01042,01,3,20260507,83736,000004493002,1,3.99,3.99,0.00,0.25,S,,,USD,CS
70025208,01042,04,1,20260507,125223,000000020202,1,5.99,5.99,0.00,0.00,S,6003172351,,USD,DB
70025209,01042,01,1,20260507,92632,000004483002,1,3.49,3.49,0.00,0.22,S,6039890983,,USD,CC
70025209,01042,01,2,20260507,92632,000000020103,1,4.99,4.99,0.75,0.00,S,6039890983,LY26W14,USD,CC
70025209,01042,01,3,20260507,92632,000000094203,0.934,1.49,1.39,0.00,0.00,S,6039890983,,USD,CC
70025209,01042,01,4,20260507,92632,000004473003,1,3.49,3.49,0.00,0.22,S,6039890983,,USD,CC
70025209,01042,01,5,20260507,92632,000004481003,1,4.99,4.99,0.00,0.31,S,6039890983,,USD,CC
70025209,01042,01,6,20260507,92632,000004482001,2,13.99,27.98,0.00,1.75,S,6039890983,,USD,CC
70025210,01042,06,1,20260507,120414,000004491002,1,6.99,6.99,0.00,0.44,S,6040541152,,USD,DB
70025210,01042,06,2,20260507,120414,000004492002,1,1.49,1.49,0.00,0.09,S,6040541152,,USD,DB
70025210,01042,06,3,20260507,120414,000000030102,1,14.99,14.99,0.00,0.00,S,6040541152,,USD,DB
70025211,01042,05,1,20260507,103533,000000005012,1,3.99,3.99,0.00,0.00,S,,,USD,DB
70025211,01042,05,2,20260507,103533,000000040201,1,8.99,8.99,0.00,0.00,S,,,USD,DB
70025211,01042,05,3,20260507,103533,000004492001,3,1.79,5.37,0.00,0.34,S,,,USD,DB
70025211,01042,05,4,20260507,103533,000004472001,1,3.99,3.99,0.00,0.25,S,,,USD,DB
70025212,01042,02,1,20260507,130009,000000030201,1,9.99,9.99,0.00,0.00,S,,,USD,DB
70025212,01042,02,2,20260507,130009,000000020201,2,5.49,10.98,0.00,0.00,S,,,USD,DB
70025212,01042,02,3,20260507,130009,000004471030,1,3.99,3.99,0.00,0.25,S,,,USD,DB
70025213,01042,06,1,20260507,120016,000004483002,1,3.49,3.49,0.00,0.22,S,,,USD,CC
70025213,01042,06,2,20260507,120016,000000020103,2,4.99,9.98,0.00,0.00,S,,,USD,CC
70025213,01042,06,3,20260507,120016,000000551021,1,11.99,11.99,3.60,0.52,S,,PC26W14,USD,CC
70025213,01042,06,4,20260507,120016,000004491001,1,2.49,2.49,0.00,0.16,S,,,USD,CC
70025214,01107,06,1,20260507,172619,000000040202,1,14.99,14.99,0.00,0.00,S,,,USD,CC
70025215,01107,03,1,20260507,181644,000000094103,1,3.79,3.79,1.14,0.00,S,6050074329,PC26W14,USD,CC
70025215,01107,03,2,20260507,181644,000000030102,1,14.99,14.99,0.00,0.00,S,6050074329,,USD,CC
70025215,01107,03,3,20260507,181644,000000562001,1,10.99,10.99,0.00,0.69,S,6050074329,,USD,CC
70025216,01107,03,1,20260507,211216,000000040203,2,11.99,23.98,0.00,0.00,S,6065549471,,USD,CC
70025217,01107,03,1,20260507,93802,000004493001,1,5.49,5.49,0.00,0.34,S,6050074329,,USD,GC
70025217,01107,03,2,20260507,93802,000004483002,1,3.49,3.49,0.00,0.22,S,6050074329,,USD,GC
70025217,01107,03,3,20260507,93802,000000040203,1,11.99,11.99,0.00,0.00,S,6050074329,,USD,GC
70025218,01107,01,1,20260507,112023,000000020102,1,3.49,3.49,0.00,0.00,S,6015152638,,USD,DB
70025219,01107,03,1,20260507,172039,000000020201,1,5.49,5.49,0.00,0.00,S,,,USD,CS
70025219,01107,03,2,20260507,172039,000000005201,1,3.99,3.99,0.00,0.00,S,,,USD,CS
70025220,01107,03,1,20260507,105613,000000020103,1,4.99,4.99,0.75,0.00,S,6039561372,LY26W14,USD,GC
70025221,02210,02,1,20260507,215614,000000094103,1,3.79,3.79,1.14,0.00,S,6029965082,PC26W14,USD,CC
70025221,02210,02,2,20260507,215614,000000093501,1,4.49,4.49,0.00,0.00,S,6029965082,,USD,CC
70025221,02210,02,3,20260507,215614,000004491003,1,1.99,1.99,0.00,0.12,S,6029965082,,USD,CC
70025221,02210,02,4,20260507,215614,000000094103,1,3.79,3.79,1.14,0.00,S,6029965082,PC26W14,USD,CC
70025221,02210,02,5,20260507,215614,000000005302,1,3.49,3.49,0.00,0.00,S,6029965082,,USD,CC
70025222,02210,01,1,20260507,73806,000004472001,1,3.99,3.99,0.00,0.25,S,6052809242,,USD,CC
70025222,02210,01,2,20260507,73806,000000094103,1,3.79,3.79,1.14,0.00,S,6052809242,PC26W14,USD,CC
70025222,02210,01,3,20260507,73806,000004491002,1,6.99,6.99,0.00,0.44,S,6052809242,,USD,CC
70025222,02210,01,4,20260507,73806,000000093401,0.366,5.49,2.01,0.00,0.00,S,6052809242,,USD,CC
70025222,02210,01,5,20260507,73806,000000040202,1,14.99,14.99,0.00,0.00,S,6052809242,,USD,CC
70025222,02210,01,6,20260507,73806,000004482003,1,5.49,5.49,0.00,0.34,S,6052809242,,USD,CC
70025223,02210,06,1,20260507,174207,000000020202,2,5.99,11.98,0.00,0.00,S,6009081441,,USD,CC
70025223,02210,06,2,20260507,174207,000000551020,1,13.99,13.99,0.00,0.87,S,6009081441,,USD,CC
70025224,02210,01,1,20260507,162003,000004492003,1,2.29,2.29,0.00,0.14,S,6057627023,,USD,CC
70025224,02210,01,2,20260507,162003,000004473002,3,2.79,8.37,2.79,0.35,S,6057627023,MB26W13,USD,CC
70025224,02210,01,3,20260507,162003,000000562002,1,8.49,8.49,0.00,0.53,S,6057627023,,USD,CC
70025225,02210,05,1,20260507,201439,000004483001,1,4.99,4.99,0.00,0.31,S,,,USD,DB
70025225,02210,05,2,20260507,201439,000000040102,0.961,16.99,16.33,0.00,0.00,S,,,USD,DB
70025225,02210,05,3,20260507,201439,000000561002,2,7.49,14.98,0.00,0.94,S,,,USD,DB
70025226,02210,05,1,20260507,111652,000004472001,1,3.99,3.99,0.00,0.25,S,,,USD,DB
70025226,02210,05,2,20260507,111652,000000552002,1,3.99,3.99,0.00,0.25,S,,,USD,DB
70025227,02210,03,1,20260507,215214,000004482001,1,13.99,13.99,0.00,0.87,S,6005673030,,USD,CS
70025227,02210,03,2,20260507,215214,000000094103,2,3.79,7.58,2.27,0.00,S,6005673030,PC26W14,USD,CS
70025227,02210,03,3,20260507,215214,000004471030,3,3.99,11.97,3.99,0.50,S,6005673030,MB26W13,USD,CS
70025227,02210,03,4,20260507,215214,000004473001,1,2.99,2.99,0.00,0.19,S,6005673030,,USD,CS
70025227,02210,03,5,20260507,215214,000000551021,1,11.99,11.99,3.60,0.52,S,6005673030,PC26W14,USD,CS
70025227,02210,03,6,20260507,215214,000004472001,1,3.99,3.99,0.00,0.25,S,6005673030,,USD,CS
70025228,02305,04,1,20260507,154736,000004473001,1,2.99,2.99,0.00,0.19,S,,,USD,DB
70025229,02305,03,1,20260507,111837,000000040201,2,8.99,17.98,0.00,0.00,S,,,USD,CS
70025229,02305,03,2,20260507,111837,000004482001,1,13.99,13.99,0.00,0.87,S,,,USD,CS
70025229,02305,03,3,20260507,111837,000004482002,2,17.99,35.98,0.00,2.25,S,,,USD,CS
70025229,02305,03,4,20260507,111837,000000020101,1,2.49,2.49,0.00,0.00,S,,,USD,CS
70025229,02305,03,5,20260507,111837,000000030103,1,8.99,8.99,0.00,0.00,S,,,USD,CS
70025230,02305,01,1,20260507,100140,000000552002,1,3.99,3.99,0.00,0.25,S,,,USD,GC
70025230,02305,01,2,20260507,100140,000000020202,1,5.99,5.99,0.00,0.00,S,,,USD,GC
70025230,02305,01,3,20260507,100140,000000005020,2,4.49,8.98,0.00,0.00,S,,,USD,GC
70025230,02305,01,4,20260507,100140,000000093501,3,4.49,13.47,4.49,0.00,S,,MB26W13,USD,GC
70025230,02305,01,5,20260507,100140,000004473001,1,2.99,2.99,0.00,0.19,S,,,USD,GC
70025230,02305,01,6,20260507,100140,000000005020,1,4.49,4.49,0.00,0.00,S,,,USD,GC
70025231,02305,01,1,20260507,201234,000000020103,1,4.99,4.99,0.75,0.00,S,6010720113,LY26W14,USD,GC
70025231,02305,01,2,20260507,201234,000000020202,1,5.99,5.99,0.00,0.00,S,6010720113,,USD,GC
70025231,02305,01,3,20260507,201234,000000562001,1,10.99,10.99,0.00,0.69,S,6010720113,,USD,GC
70025232,02305,05,1,20260507,83629,000004473001,1,2.99,2.99,0.00,0.19,S,,,USD,GC
70025233,02305,01,1,20260507,164514,000000094201,0.980,1.69,1.66,0.00,0.00,S,6071494981,,USD,CC
70025233,02305,01,2,20260507,164514,000000020202,1,5.99,5.99,0.00,0.00,S,6071494981,,USD,CC
70025233,02305,01,3,20260507,164514,000004482002,1,17.99,17.99,0.00,1.12,S,6071494981,,USD,CC
70025234,02305,05,1,20260507,181110,000000562001,1,10.99,10.99,0.00,0.69,S,,,USD,CC
70025234,02305,05,2,20260507,181110,000000005103,1,6.99,6.99,0.00,0.00,S,,,USD,CC
70025234,02305,05,3,20260507,181110,000004491003,1,1.99,1.99,0.00,0.12,S,,,USD,CC
70025234,02305,05,4,20260507,181110,000000040101,1.020,18.99,19.37,0.00,0.00,S,,,USD,CC
70025234,02305,05,5,20260507,181110,000000093325,1.875,3.99,7.48,0.00,0.00,S,,,USD,CC
70025235,02305,06,1,20260507,103556,000000030101,1,6.99,6.99,0.00,0.00,S,,,USD,CC
70025235,02305,06,2,20260507,103556,000000031101,0.795,24.99,19.87,5.96,0.00,S,,PC26W14,USD,CC
70025236,02305,02,1,20260507,173505,000000020102,1,3.49,3.49,0.00,0.00,S,6097167433,,USD,DB
70025236,02305,02,2,20260507,173505,000000040101,1.045,18.99,19.84,0.00,0.00,S,6097167433,,USD,DB
70025236,02305,02,3,20260507,173505,000000552001,1,4.49,4.49,0.00,0.28,S,6097167433,,USD,DB
70025236,02305,02,4,20260507,173505,000000005020,1,4.49,4.49,0.67,0.00,S,6097167433,LY26W14,USD,DB
70025236,02305,02,5,20260507,173505,000000093502,1,3.99,3.99,0.00,0.00,S,6097167433,,USD,DB
70025236,02305,02,6,20260507,173505,000004492003,1,2.29,2.29,0.00,0.14,S,6097167433,,USD,DB
70025237,02305,01,1,20260507,103316,000000005301,1,5.49,5.49,0.00,0.00,S,,,USD,CC
70025237,02305,01,2,20260507,103316,000004472001,1,3.99,3.99,0.00,0.25,S,,,USD,CC
70025238,02305,03,1,20260507,131538,000000005020,1,4.49,4.49,0.00,0.00,S,,,USD,CC
70025238,02305,03,2,20260507,131538,000000552002,1,3.99,3.99,0.00,0.25,S,,,USD,CC
70025238,02305,03,3,20260507,131538,000000005103,1,6.99,6.99,0.00,0.00,S,,,USD,CC
70025238,02305,03,4,20260507,131538,000004491003,3,1.99,5.97,1.99,0.25,S,,MB26W13,USD,CC
70025239,02305,06,1,20260507,151051,000000040201,1,8.99,8.99,0.00,0.00,S,6031310094,,USD,CC
70025239,02305,06,2,20260507,151051,000004493001,2,5.49,10.98,0.00,0.69,S,6031310094,,USD,CC
70025239,02305,06,3,20260507,151051,000004473002,3,2.79,8.37,2.79,0.35,S,6031310094,MB26W13,USD,CC
70025239,02305,06,4,20260507,151051,000000031101,1.456,24.99,36.39,10.92,0.00,S,6031310094,PC26W14,USD,CC
70025240,02305,04,1,20260507,113043,000000031101,1.112,24.99,27.79,8.34,0.00,S,,PC26W14,USD,GC
70025240,02305,04,2,20260507,113043,000000093503,1,4.29,4.29,0.00,0.00,S,,,USD,GC
70025240,02305,04,3,20260507,113043,000004492003,3,2.29,6.87,2.29,0.29,S,,MB26W13,USD,GC
70025241,02305,06,1,20260507,93957,000004472003,2,3.29,6.58,0.00,0.41,S,,,USD,GC
70025241,02305,06,2,20260507,93957,000004473003,2,3.49,6.98,0.00,0.44,S,,,USD,GC
70025241,02305,06,3,20260507,93957,000004492001,1,1.79,1.79,0.00,0.11,S,,,USD,GC
70025241,02305,06,4,20260507,93957,000000005302,1,3.49,3.49,0.00,0.00,S,,,USD,GC
70025242,03050,05,1,20260507,111055,000000040101,0.798,18.99,15.15,0.00,0.00,S,6033720948,,USD,DB
70025242,03050,05,2,20260507,111055,000004482001,2,13.99,27.98,0.00,1.75,S,6033720948,,USD,DB
70025243,03050,05,1,20260507,114451,000004473002,1,2.79,2.79,0.00,0.17,S,6016420595,,USD,DB
70025243,03050,05,2,20260507,114451,000000005302,1,3.49,3.49,0.00,0.00,S,6016420595,,USD,DB
70025243,03050,05,3,20260507,114451,000000552002,1,3.99,3.99,0.00,0.25,S,6016420595,,USD,DB
70025243,03050,05,4,20260507,114451,000000031101,1.944,24.99,48.58,14.57,0.00,S,6016420595,PC26W14,USD,DB
70025243,03050,05,5,20260507,114451,000004493002,1,3.99,3.99,0.00,0.25,S,6016420595,,USD,DB
70025243,03050,05,6,20260507,114451,000000005202,1,5.99,5.99,0.00,0.00,S,6016420595,,USD,DB
70025244,03050,05,1,20260507,200337,000000093501,3,4.49,13.47,4.49,0.00,S,,MB26W13,USD,CS
70025245,00317,06,1,20260507,164103,000000094201,1.633,2.29,3.74,0.00,0.00,S,,,CAD,GC
70025245,00317,06,2,20260507,164103,000000031101,1.447,33.99,49.18,14.75,0.00,S,,PC26W14,CAD,GC
70025245,00317,06,3,20260507,164103,000000005101,1,10.89,10.89,0.00,0.00,S,,,CAD,GC
70025245,00317,06,4,20260507,164103,000000005101,2,10.89,21.78,0.00,0.00,S,,,CAD,GC
70025245,00317,06,5,20260507,164103,000000020202,1,8.09,8.09,0.00,0.00,S,,,CAD,GC
70025246,00317,01,1,20260507,165901,000000005102,1,7.49,7.49,0.00,0.00,S,6065676618,,CAD,DB
70025247,00317,06,1,20260507,103340,000000020202,2,8.09,16.18,0.00,0.00,S,,,CAD,CS
70025247,00317,06,2,20260507,103340,000000031101,1.547,33.99,52.58,15.77,0.00,S,,PC26W14,CAD,CS
70025247,00317,06,3,20260507,103340,000004473002,2,3.79,7.58,0.00,0.47,S,,,CAD,CS
70025247,00317,06,4,20260507,103340,000004491001,1,3.39,3.39,0.00,0.21,S,,,CAD,CS
70025248,00317,03,1,20260507,72931,000000005020,3,6.09,18.27,0.00,0.00,S,,,CAD,CS
70025249,00317,05,1,20260507,125040,000004492001,1,2.39,2.39,0.00,0.15,S,,,CAD,CC
70025249,00317,05,2,20260507,125040,000000031101,0.463,33.99,15.74,4.72,0.00,S,,PC26W14,CAD,CC
70025249,00317,05,3,20260507,125040,000000020201,2,7.49,14.98,0.00,0.00,S,,,CAD,CC
70025250,00317,02,1,20260507,165509,000000005012,1,5.39,5.39,0.00,0.00,S,,,CAD,CC
70025251,00322,01,1,20260507,73822,000004492003,2,3.09,6.18,0.00,0.39,S,,,CAD,DB
70025252,00322,06,1,20260507,122841,000000020201,1,7.49,7.49,0.00,0.00,S,6007053496,,CAD,DB
70025252,00322,06,2,20260507,122841,000004491002,1,9.49,9.49,0.00,0.59,S,6007053496,,CAD,DB
70025252,00322,06,3,20260507,122841,000000552001,1,6.09,6.09,0.00,0.38,S,6007053496,,CAD,DB
70025252,00322,06,4,20260507,122841,000000031101,0.685,33.99,23.28,6.98,0.00,S,6007053496,PC26W14,CAD,DB
70025252,00322,06,5,20260507,122841,000000020202,1,8.09,8.09,0.00,0.00,S,6007053496,,CAD,DB
70025252,00322,06,6,20260507,122841,000004473002,3,3.79,11.37,3.79,0.47,S,6007053496,MB26W13,CAD,DB
70025253,01042,01,1,20260508,100608,000000005103,1,6.99,6.99,0.00,0.00,S,,,USD,CS
70025254,01042,02,1,20260508,151730,000000040201,2,8.99,17.98,0.00,0.00,S,6035884183,,USD,CS
70025254,01042,02,2,20260508,151730,000000551021,1,11.99,11.99,3.60,0.52,S,6035884183,PC26W14,USD,CS
70025255,01042,05,1,20260508,122824,000000552001,2,4.49,8.98,0.00,0.56,S,,,USD,GC
70025255,01042,05,2,20260508,122824,000000005103,2,6.99,13.98,0.00,0.00,S,,,USD,GC
70025255,01042,05,3,20260508,122824,000000093502,1,3.99,3.99,0.00,0.00,S,,,USD,GC
70025256,01042,01,1,20260508,201530,000004472002,2,4.49,8.98,0.00,0.56,S,,,USD,CS
70025256,01042,01,2,20260508,201530,000000020101,1,2.49,2.49,0.00,0.00,S,,,USD,CS
70025256,01042,01,3,20260508,201530,000000005012,1,3.99,3.99,0.00,0.00,S,,,USD,CS
70025256,01042,01,4,20260508,201530,000000020103,1,4.99,4.99,0.00,0.00,S,,,USD,CS
70025256,01042,01,5,20260508,201530,000004491003,3,1.99,5.97,1.99,0.25,S,,MB26W13,USD,CS
70025257,01042,04,1,20260508,170341,000004481003,2,4.99,9.98,0.00,0.62,S,,,USD,CC
70025257,01042,04,2,20260508,170341,000000030103,1,8.99,8.99,0.00,0.00,S,,,USD,CC
70025257,01042,04,3,20260508,170341,000000093325,1.987,3.99,7.93,0.00,0.00,S,,,USD,CC
70025257,01042,04,4,20260508,170341,000000094202,0.970,1.99,1.93,0.00,0.00,S,,,USD,CC
70025257,01042,04,5,20260508,170341,000000093321,0.884,1.49,1.32,0.00,0.00,S,,,USD,CC
70025257,01042,04,6,20260508,170341,000000005102,1,5.49,5.49,0.00,0.00,S,,,USD,CC
70025258,01042,03,1,20260508,114628,000000094203,1.124,1.49,1.67,0.00,0.00,S,,,USD,DB
70025258,01042,03,2,20260508,114628,000004482001,1,13.99,13.99,0.00,0.87,S,,,USD,DB
70025258,01042,03,3,20260508,114628,000004471040,1,2.49,2.49,0.00,0.16,S,,,USD,DB
70025259,01042,03,1,20260508,95213,000004491003,3,1.99,5.97,1.99,0.25,S,6008424560,MB26W13,USD,CC
70025260,01042,01,1,20260508,75024,000004473002,1,2.79,2.79,0.00,0.17,S,,,USD,CS
70025260,01042,01,2,20260508,75024,000000005101,1,7.99,7.99,0.00,0.00,S,,,USD,CS
70025260,01042,01,3,20260508,75024,000000005102,2,5.49,10.98,0.00,0.00,S,,,USD,CS
70025261,01042,04,1,20260508,122141,000004492003,3,2.29,6.87,2.29,0.29,S,,MB26W13,USD,DB
70025261,01042,04,2,20260508,122141,000004473002,3,2.79,8.37,2.79,0.35,S,,MB26W13,USD,DB
70025261,01042,04,3,20260508,122141,000000040102,0.967,16.99,16.43,0.00,0.00,S,,,USD,DB
70025261,01042,04,4,20260508,122141,000000040102,0.383,16.99,6.51,0.00,0.00,S,,,USD,DB
70025261,01042,04,5,20260508,122141,000000551020,1,13.99,13.99,0.00,0.87,S,,,USD,DB
70025262,01042,05,1,20260508,160627,000000551021,1,11.99,11.99,3.60,0.52,S,6097339776,PC26W14,USD,GC
70025262,01042,05,2,20260508,160627,000004491001,1,2.49,2.49,0.00,0.16,S,6097339776,,USD,GC
70025262,01042,05,3,20260508,160627,000004473002,1,2.79,2.79,0.00,0.17,S,6097339776,,USD,GC
70025262,01042,05,4,20260508,160627,000000030203,1,8.49,8.49,0.00,0.00,S,6097339776,,USD,GC
70025263,01042,06,1,20260508,71031,000004471030,1,3.99,3.99,0.00,0.25,S,,,USD,CC
70025263,01042,06,2,20260508,71031,000004471030,3,3.99,11.97,3.99,0.50,S,,MB26W13,USD,CC
70025264,01107,01,1,20260508,94938,000000005101,2,7.99,15.98,0.00,0.00,S,,,USD,GC
70025265,01107,03,1,20260508,124506,000004472001,1,3.99,3.99,0.00,0.25,S,,,USD,GC
70025265,01107,03,2,20260508,124506,000004471030,3,3.99,11.97,3.99,0.50,S,,MB26W13,USD,GC
70025265,01107,03,3,20260508,124506,000000005202,1,5.99,5.99,0.00,0.00,S,,,USD,GC
70025266,01107,06,1,20260508,162755,000000005101,1,7.99,7.99,0.00,0.00,S,,,USD,CC
70025266,01107,06,2,20260508,162755,000000005101,2,7.99,15.98,0.00,0.00,S,,,USD,CC
70025266,01107,06,3,20260508,162755,000000093325,0.808,3.99,3.22,0.00,0.00,S,,,USD,CC
70025266,01107,06,4,20260508,162755,000004482003,1,5.49,5.49,0.00,0.34,S,,,USD,CC
70025266,01107,06,5,20260508,162755,000000561001,2,9.99,19.98,0.00,1.25,S,,,USD,CC
70025266,01107,06,6,20260508,162755,000000093402,0.267,3.29,0.88,0.00,0.00,S,,,USD,CC
70025267,01107,04,1,20260508,153939,000004491002,1,6.99,6.99,0.00,0.44,S,,,USD,DB
70025268,01107,01,1,20260508,194813,000000093322,1.276,1.99,2.54,0.76,0.00,S,,PC26W14,USD,DB
70025268,01107,01,2,20260508,194813,000004471040,1,2.49,2.49,0.00,0.16,S,,,USD,DB
70025269,01107,02,1,20260508,100320,000000040203,1,11.99,11.99,0.00,0.00,S,,,USD,CS
70025269,01107,02,2,20260508,100320,000000020103,2,4.99,9.98,0.00,0.00,S,,,USD,CS
70025269,01107,02,3,20260508,100320,000000005202,1,5.99,5.99,0.00,0.00,S,,,USD,CS
70025269,01107,02,4,20260508,100320,000004492002,1,1.49,1.49,0.00,0.09,S,,,USD,CS
70025269,01107,02,5,20260508,100320,000004493001,1,5.49,5.49,0.00,0.34,S,,,USD,CS
70025269,01107,02,6,20260508,100320,000004491002,2,6.99,13.98,0.00,0.87,S,,,USD,CS
70025270,01107,05,1,20260508,112443,000000005103,1,6.99,6.99,0.00,0.00,S,,,USD,DB
70025271,01107,06,1,20260508,94316,000000040101,1.878,18.99,35.66,0.00,0.00,S,,,USD,DB
70025271,01107,06,2,20260508,94316,000000005012,1,3.99,3.99,0.00,0.00,S,,,USD,DB
70025272,02210,04,1,20260508,182608,000000040102,1.191,16.99,20.24,0.00,0.00,S,6061844421,,USD,CS
70025272,02210,04,2,20260508,182608,000000031101,0.450,24.99,11.25,3.38,0.00,S,6061844421,PC26W14,USD,CS
70025272,02210,04,3,20260508,182608,000000005301,2,5.49,10.98,0.00,0.00,S,6061844421,,USD,CS
70025272,02210,04,4,20260508,182608,000004493001,1,5.49,5.49,0.00,0.34,S,6061844421,,USD,CS
70025272,02210,04,5,20260508,182608,000004481003,1,4.99,4.99,0.00,0.31,S,6061844421,,USD,CS
70025272,02210,04,6,20260508,182608,000000005301,1,5.49,5.49,0.00,0.00,S,6061844421,,USD,CS
70025273,02210,02,1,20260508,91410,000000020101,2,2.49,4.98,0.00,0.00,S,6056259045,,USD,CS
70025273,02210,02,2,20260508,91410,000000093401,1.600,5.49,8.78,0.00,0.00,S,6056259045,,USD,CS
70025273,02210,02,3,20260508,91410,000000005202,1,5.99,5.99,0.00,0.00,S,6056259045,,USD,CS
70025273,02210,02,4,20260508,91410,000000030203,1,8.49,8.49,0.00,0.00,S,6056259045,,USD,CS
70025274,02210,03,1,20260508,173812,000000030101,1,6.99,6.99,0.00,0.00,S,,,USD,DB
70025274,02210,03,2,20260508,173812,000000030103,3,8.99,26.97,8.99,0.00,S,,MB26W13,USD,DB
70025274,02210,03,3,20260508,173812,000004472002,1,4.49,4.49,0.00,0.28,S,,,USD,DB
70025275,02210,04,1,20260508,105451,000004493001,1,5.49,5.49,0.00,0.34,S,6058870715,,USD,GC
70025275,02210,04,2,20260508,105451,000004493001,1,5.49,5.49,0.00,0.34,V,6058870715,,USD,GC
70025276,02210,04,1,20260508,212334,000004483002,1,3.49,3.49,0.00,0.22,S,6057039438,,USD,CS
70025276,02210,04,2,20260508,212334,000000020103,1,4.99,4.99,0.75,0.00,S,6057039438,LY26W14,USD,CS
70025276,02210,04,3,20260508,212334,000000030202,1,11.49,11.49,0.00,0.00,S,6057039438,,USD,CS
70025276,02210,04,4,20260508,212334,000004491001,1,2.49,2.49,0.00,0.16,S,6057039438,,USD,CS
70025276,02210,04,5,20260508,212334,000004491003,1,1.99,1.99,0.00,0.12,S,6057039438,,USD,CS
70025276,02210,04,6,20260508,212334,000000005020,1,4.49,4.49,0.67,0.00,S,6057039438,LY26W14,USD,CS
70025277,02210,05,1,20260508,140852,000000040203,1,11.99,11.99,0.00,0.00,S,,,USD,GC
70025277,02210,05,2,20260508,140852,000000093322,1.103,1.99,2.19,0.66,0.00,S,,PC26W14,USD,GC
70025277,02210,05,3,20260508,140852,000000040201,1,8.99,8.99,0.00,0.00,S,,,USD,GC
70025277,02210,05,4,20260508,140852,000000093503,1,4.29,4.29,0.00,0.00,S,,,USD,GC
70025277,02210,05,5,20260508,140852,000000551021,1,11.99,11.99,3.60,0.52,S,,PC26W14,USD,GC
70025277,02210,05,6,20260508,140852,000000551021,1,11.99,11.99,3.60,0.52,S,,PC26W14,USD,GC
70025278,02211,02,1,20260508,165309,000004492001,1,1.79,1.79,0.00,0.11,S,,,USD,CC
70025278,02211,02,2,20260508,165309,000000562002,1,8.49,8.49,0.00,0.53,S,,,USD,CC
70025279,02211,01,1,20260508,145058,000000040102,1.728,16.99,29.36,0.00,0.00,S,,,USD,GC
70025279,02211,01,2,20260508,145058,000004471030,1,3.99,3.99,0.00,0.25,S,,,USD,GC
70025280,02211,03,1,20260508,114412,000000040201,1,8.99,8.99,0.00,0.00,S,,,USD,DB
70025281,02211,06,1,20260508,100854,000000005020,1,4.49,4.49,0.67,0.00,S,6087884434,LY26W14,USD,CC
70025281,02211,06,2,20260508,100854,000000552002,1,3.99,3.99,0.00,0.25,S,6087884434,,USD,CC
70025281,02211,06,3,20260508,100854,000004493001,1,5.49,5.49,0.00,0.34,S,6087884434,,USD,CC
70025281,02211,06,4,20260508,100854,000000040202,1,14.99,14.99,0.00,0.00,S,6087884434,,USD,CC
70025282,02211,01,1,20260508,140628,000000562001,2,10.99,21.98,0.00,1.37,S,6015134228,,USD,GC
70025282,02211,01,2,20260508,140628,000000005020,2,4.49,8.98,1.35,0.00,S,6015134228,LY26W14,USD,GC
70025282,02211,01,3,20260508,140628,000000093321,1.542,1.49,2.30,0.00,0.00,S,6015134228,,USD,GC
70025282,02211,01,4,20260508,140628,000004482001,1,13.99,13.99,0.00,0.87,S,6015134228,,USD,GC
70025283,02211,06,1,20260508,184251,000004482003,1,5.49,5.49,0.00,0.34,S,,,USD,DB
70025283,02211,06,2,20260508,184251,000000551020,1,13.99,13.99,0.00,0.87,S,,,USD,DB
70025284,02305,03,1,20260508,214751,000000005013,1,3.89,3.89,0.00,0.00,S,6037052635,,USD,CS
70025284,02305,03,2,20260508,214751,000000005020,1,4.49,4.49,0.67,0.00,S,6037052635,LY26W14,USD,CS
70025284,02305,03,3,20260508,214751,000004491001,1,2.49,2.49,0.00,0.16,S,6037052635,,USD,CS
70025285,02305,04,1,20260508,92625,000004482002,1,17.99,17.99,0.00,1.12,S,6020962893,,USD,CC
70025286,02305,05,1,20260508,94215,000000094102,1,3.49,3.49,0.00,0.00,S,,,USD,CS
70025287,02305,04,1,20260508,190821,000004483001,1,4.99,4.99,0.00,0.31,S,6049409762,,USD,DB
70025287,02305,04,2,20260508,190821,000004472003,1,3.29,3.29,0.00,0.21,S,6049409762,,USD,DB
70025288,02305,04,1,20260508,75508,000004482001,1,13.99,13.99,0.00,0.87,S,,,USD,CC
70025288,02305,04,2,20260508,75508,000004491002,1,6.99,6.99,0.00,0.44,S,,,USD,CC
70025289,02305,04,1,20260508,193728,000000551021,1,11.99,11.99,3.60,0.52,S,,PC26W14,USD,GC
70025290,02305,03,1,20260508,164825,000000005101,3,7.99,23.97,0.00,0.00,S,6055543987,,USD,DB
70025291,02305,06,1,20260508,190940,000000040202,1,14.99,14.99,0.00,0.00,R,,,USD,CC
70025292,02305,05,1,20260508,212951,000000093322,0.653,1.99,1.30,0.39,0.00,S,,PC26W14,USD,DB
70025292,02305,05,2,20260508,212951,000000094301,0.549,4.39,2.41,0.00,0.00,S,,,USD,DB
70025292,02305,05,3,20260508,212951,000000093322,1.427,1.99,2.84,0.85,0.00,S,,PC26W14,USD,DB
70025293,03050,05,1,20260508,173005,000000093322,1.936,1.99,3.85,1.16,0.00,S,,PC26W14,USD,GC
70025293,03050,05,2,20260508,173005,000000093410,1.528,3.99,6.10,0.00,0.00,S,,,USD,GC
70025293,03050,05,3,20260508,173005,000000031102,0.510,19.99,10.19,0.00,0.00,S,,,USD,GC
70025294,03050,03,1,20260508,161842,000004472003,2,3.29,6.58,0.00,0.41,S,6051868926,,USD,CS
70025294,03050,03,2,20260508,161842,000004471030,1,3.99,3.99,0.00,0.25,S,6051868926,,USD,CS
70025294,03050,03,3,20260508,161842,000004492002,2,1.49,2.98,0.00,0.19,S,6051868926,,USD,CS
70025294,03050,03,4,20260508,161842,000000093410,0.828,3.99,3.30,0.00,0.00,S,6051868926,,USD,CS
70025295,03050,06,1,20260508,135920,000000020103,1,4.99,4.99,0.00,0.00,S,,,USD,DB
70025295,03050,06,2,20260508,135920,000000031102,1.215,19.99,24.29,0.00,0.00,S,,,USD,DB
70025295,03050,06,3,20260508,135920,000000005013,1,3.89,3.89,0.00,0.00,S,,,USD,DB
70025295,03050,06,4,20260508,135920,000000030202,1,11.49,11.49,0.00,0.00,S,,,USD,DB
70025296,03050,06,1,20260508,203425,000004472003,1,3.29,3.29,0.00,0.21,S,6004439735,,USD,GC
70025296,03050,06,2,20260508,203425,000000094102,2,3.49,6.98,0.00,0.00,S,6004439735,,USD,GC
70025296,03050,06,3,20260508,203425,000004481003,2,4.99,9.98,0.00,0.62,S,6004439735,,USD,GC
70025296,03050,06,4,20260508,203425,000000552001,1,4.49,4.49,0.00,0.28,S,6004439735,,USD,GC
70025296,03050,06,5,20260508,203425,000004491003,3,1.99,5.97,1.99,0.25,S,6004439735,MB26W13,USD,GC
70025296,03050,06,6,20260508,203425,000000020102,1,3.49,3.49,0.00,0.00,S,6004439735,,USD,GC
70025297,03050,02,1,20260508,91241,000000030203,2,8.49,16.98,0.00,0.00,S,,,USD,CS
70025297,03050,02,2,20260508,91241,000000562001,1,10.99,10.99,0.00,0.69,S,,,USD,CS
70025298,03050,01,1,20260508,215904,000000093325,1.629,3.99,6.50,0.00,0.00,S,6039994853,,USD,CC
70025299,03050,03,1,20260508,102136,000000552002,1,3.99,3.99,0.00,0.25,S,,,USD,DB
70025299,03050,03,2,20260508,102136,000000005103,2,6.99,13.98,0.00,0.00,S,,,USD,DB
70025300,03050,05,1,20260508,90012,000004493001,3,5.49,16.47,0.00,1.03,S,,,USD,CC
70025300,03050,05,2,20260508,90012,000004472002,1,4.49,4.49,0.00,0.28,S,,,USD,CC
70025301,03050,04,1,20260508,203346,000004483001,1,4.99,4.99,0.00,0.31,S,6088117298,,USD,DB
70025302,00317,02,1,20260508,92410,000000030202,1,15.59,15.59,0.00,0.00,S,6088191485,,CAD,CS
70025302,00317,02,2,20260508,92410,000000005102,1,7.49,7.49,0.00,0.00,S,6088191485,,CAD,CS
70025302,00317,02,3,20260508,92410,000004471030,3,5.39,16.17,5.39,0.67,S,6088191485,MB26W13,CAD,CS
70025302,00317,02,4,20260508,92410,000000030201,2,13.59,27.18,0.00,0.00,S,6088191485,,CAD,CS
70025302,00317,02,5,20260508,92410,000000094103,1,5.19,5.19,1.56,0.00,S,6088191485,PC26W14,CAD,CS
70025302,00317,02,6,20260508,92410,000004492003,3,3.09,9.27,3.09,0.39,S,6088191485,MB26W13,CAD,CS
70025303,00317,02,1,20260508,95912,000000005101,1,10.89,10.89,0.00,0.00,S,6004432701,,CAD,DB
70025303,00317,02,2,20260508,95912,000000030202,1,15.59,15.59,0.00,0.00,S,6004432701,,CAD,DB
70025304,00317,02,1,20260508,182133,000000551021,1,16.29,16.29,4.89,0.71,S,6078280647,PC26W14,CAD,CS
70025304,00317,02,2,20260508,182133,000000005202,1,8.09,8.09,0.00,0.00,S,6078280647,,CAD,CS
70025304,00317,02,3,20260508,182133,000000005302,1,4.69,4.69,0.00,0.00,S,6078280647,,CAD,CS
70025304,00317,02,4,20260508,182133,000004492003,3,3.09,9.27,3.09,0.39,S,6078280647,MB26W13,CAD,CS
70025305,00317,01,1,20260508,205501,000000030103,1,12.19,12.19,0.00,0.00,S,,,CAD,CC
70025306,00317,04,1,20260508,163426,000004491002,2,9.49,18.98,0.00,1.19,S,6084245088,,CAD,CC
70025306,00317,04,2,20260508,163426,000004473003,1,4.69,4.69,0.00,0.29,S,6084245088,,CAD,CC
70025306,00317,04,3,20260508,163426,000000020202,1,8.09,8.09,0.00,0.00,S,6084245088,,CAD,CC
70025306,00317,04,4,20260508,163426,000000040201,1,12.19,12.19,0.00,0.00,S,6084245088,,CAD,CC
70025306,00317,04,5,20260508,163426,000004473001,1,4.09,4.09,0.00,0.26,S,6084245088,,CAD,CC
70025307,00317,05,1,20260508,72859,000000093503,1,5.79,5.79,0.00,0.00,S,6085646799,,CAD,CC
70025308,00317,04,1,20260508,160657,000000005202,1,8.09,8.09,0.00,0.00,S,6057383959,,CAD,CC
70025308,00317,04,2,20260508,160657,000000561001,1,13.59,13.59,0.00,0.85,S,6057383959,,CAD,CC
70025308,00317,04,3,20260508,160657,000000020202,2,8.09,16.18,0.00,0.00,S,6057383959,,CAD,CC
70025308,00317,04,4,20260508,160657,000000552002,1,5.39,5.39,0.00,0.34,S,6057383959,,CAD,CC
70025308,00317,04,5,20260508,160657,000004491002,2,9.49,18.98,0.00,1.19,S,6057383959,,CAD,CC
70025308,00317,04,6,20260508,160657,000004471030,3,5.39,16.17,5.39,0.67,S,6057383959,MB26W13,CAD,CC
70025309,00317,03,1,20260508,212537,000000093321,1.033,1.99,2.06,0.00,0.00,S,,,CAD,CC
70025310,00317,04,1,20260508,205056,000004492003,2,3.09,6.18,0.00,0.39,S,6088191485,,CAD,CS
70025310,00317,04,2,20260508,205056,000000093322,0.326,2.69,0.88,0.26,0.00,S,6088191485,PC26W14,CAD,CS
70025310,00317,04,3,20260508,205056,000000093322,0.326,2.69,0.88,0.00,0.00,V,6088191485,,CAD,CS
70025311,00322,03,1,20260508,190258,000000040203,1,16.29,16.29,0.00,0.00,S,,,CAD,GC
70025311,00322,03,2,20260508,190258,000000040102,1.970,23.09,45.49,0.00,0.00,S,,,CAD,GC
70025311,00322,03,3,20260508,190258,000004482002,1,24.49,24.49,0.00,1.53,S,,,CAD,GC
70025311,00322,03,4,20260508,190258,000000020103,1,6.79,6.79,0.00,0.00,S,,,CAD,GC
70025311,00322,03,5,20260508,190258,000004471030,2,5.39,10.78,0.00,0.67,S,,,CAD,GC
70025311,00322,03,6,20260508,190258,000004471023,1,4.69,4.69,0.00,0.29,S,,,CAD,GC
70025312,00322,03,1,20260508,73054,000004492001,1,2.39,2.39,0.00,0.15,S,,,CAD,CC
70025312,00322,03,2,20260508,73054,000000551020,1,18.99,18.99,0.00,1.19,S,,,CAD,CC
70025313,00322,05,1,20260508,115209,000004491003,2,2.69,5.38,0.00,0.34,S,,,CAD,DB
70025313,00322,05,2,20260508,115209,000000094103,1,5.19,5.19,1.56,0.00,S,,PC26W14,CAD,DB
70025313,00322,05,3,20260508,115209,000000005301,2,7.49,14.98,0.00,0.00,S,,,CAD,DB
70025313,00322,05,4,20260508,115209,000004481001,2,10.89,21.78,0.00,1.36,S,,,CAD,DB
70025313,00322,05,5,20260508,115209,000000093503,1,5.79,5.79,0.00,0.00,S,,,CAD,DB
70025314,00322,03,1,20260508,135956,000000005101,1,10.89,10.89,0.00,0.00,S,,,CAD,GC
70025314,00322,03,2,20260508,135956,000000040101,1.091,25.79,28.14,0.00,0.00,S,,,CAD,GC
70025315,01042,03,1,20260509,183834,000000040102,1.242,16.99,21.10,0.00,0.00,S,,,USD,GC
70025315,01042,03,2,20260509,183834,000004492001,1,1.79,1.79,0.00,0.11,S,,,USD,GC
70025315,01042,03,3,20260509,183834,000000030203,2,8.49,16.98,0.00,0.00,S,,,USD,GC
70025315,01042,03,4,20260509,183834,000000030102,1,14.99,14.99,0.00,0.00,S,,,USD,GC
70025316,01042,06,1,20260509,92338,000000552002,1,3.99,3.99,0.00,0.25,S,,,USD,CC
70025317,01042,05,1,20260509,171800,000000020202,1,5.99,5.99,0.00,0.00,S,,,USD,DB
70025317,01042,05,2,20260509,171800,000000093322,0.908,1.99,1.81,0.54,0.00,S,,PC26W14,USD,DB
70025317,01042,05,3,20260509,171800,000000094302,1.166,5.49,6.40,0.00,0.00,S,,,USD,DB
70025317,01042,05,4,20260509,171800,000000020202,2,5.99,11.98,0.00,0.00,S,,,USD,DB
70025318,01042,05,1,20260509,94834,000004471030,1,3.99,3.99,0.00,0.25,S,6071690618,,USD,CS
70025318,01042,05,2,20260509,94834,000004473003,1,3.49,3.49,0.00,0.22,S,6071690618,,USD,CS
70025318,01042,05,3,20260509,94834,000000031102,1.100,19.99,21.99,0.00,0.00,S,6071690618,,USD,CS
70025318,01042,05,4,20260509,94834,000000030101,3,6.99,20.97,0.00,0.00,S,6071690618,,USD,CS
70025319,01042,04,1,20260509,193722,000000005302,1,3.49,3.49,0.00,0.00,S,6061968931,,USD,GC
70025319,01042,04,2,20260509,193722,000000005012,1,3.99,3.99,0.00,0.00,S,6061968931,,USD,GC
70025319,01042,04,3,20260509,193722,000004473003,1,3.49,3.49,0.00,0.22,S,6061968931,,USD,GC
70025320,01042,04,1,20260509,105836,000000040203,1,11.99,11.99,0.00,0.00,S,,,USD,CS
70025320,01042,04,2,20260509,105836,000000031101,1.066,24.99,26.64,7.99,0.00,S,,PC26W14,USD,CS
70025321,01042,04,1,20260509,164029,000000093501,3,4.49,13.47,4.49,0.00,S,,MB26W13,USD,CC
70025322,01042,06,1,20260509,81218,000000031102,2.139,19.99,42.76,0.00,0.00,S,6070633699,,USD,CC
70025322,01042,06,2,20260509,81218,000000093502,1,3.99,3.99,0.00,0.00,S,6070633699,,USD,CC
70025323,01042,04,1,20260509,184054,000000005020,2,4.49,8.98,0.00,0.00,S,,,USD,CC
70025323,01042,04,2,20260509,184054,000000031101,1.013,24.99,25.31,7.59,0.00,S,,PC26W14,USD,CC
70025324,01042,06,1,20260509,152912,000000005101,1,7.99,7.99,0.00,0.00,S,,,USD,GC
70025324,01042,06,2,20260509,152912,000004492003,3,2.29,6.87,2.29,0.29,S,,MB26W13,USD,GC
70025324,01042,06,3,20260509,152912,000000020201,1,5.49,5.49,0.00,0.00,S,,,USD,GC
70025325,01042,01,1,20260509,104413,000004491003,3,1.99,5.97,1.99,0.25,S,6073540331,MB26W13,USD,DB
70025325,01042,01,2,20260509,104413,000000030201,1,9.99,9.99,0.00,0.00,S,6073540331,,USD,DB
70025326,01107,05,1,20260509,125818,000000552002,1,3.99,3.99,0.00,0.25,S,6055129391,,USD,DB
70025326,01107,05,2,20260509,125818,000000040101,1.191,18.99,22.62,0.00,0.00,S,6055129391,,USD,DB
70025327,01107,04,1,20260509,160349,000004471030,3,3.99,11.97,3.99,0.50,S,,MB26W13,USD,CS
70025327,01107,04,2,20260509,160349,000004473002,3,2.79,8.37,2.79,0.35,S,,MB26W13,USD,CS
70025327,01107,04,3,20260509,160349,000000020101,1,2.49,2.49,0.00,0.00,S,,,USD,CS
70025328,01107,06,1,20260509,205525,000000561001,2,9.99,19.98,0.00,1.25,S,,,USD,CS
70025328,01107,06,2,20260509,205525,000000552002,3,3.99,11.97,0.00,0.75,S,,,USD,CS
70025328,01107,06,3,20260509,205525,000004483002,1,3.49,3.49,0.00,0.22,S,,,USD,CS
70025329,01107,06,1,20260509,180127,000000020201,1,5.49,5.49,0.00,0.00,S,,,USD,CC
70025330,01107,06,1,20260509,205707,000004491003,1,1.99,1.99,0.00,0.12,S,6039561372,,USD,CC
70025330,01107,06,2,20260509,205707,000004471030,1,3.99,3.99,0.00,0.25,S,6039561372,,USD,CC
70025330,01107,06,3,20260509,205707,000004473002,3,2.79,8.37,2.79,0.35,S,6039561372,MB26W13,USD,CC
70025331,01107,05,1,20260509,144626,000000020202,1,5.99,5.99,0.00,0.00,S,6091954198,,USD,CC
70025331,01107,05,2,20260509,144626,000004492003,1,2.29,2.29,0.00,0.14,S,6091954198,,USD,CC
70025332,01107,06,1,20260509,153212,000000031101,1.892,24.99,47.28,14.18,0.00,S,6072426423,PC26W14,USD,CS
70025332,01107,06,2,20260509,153212,000000005020,1,4.49,4.49,0.67,0.00,S,6072426423,LY26W14,USD,CS
70025333,01107,04,1,20260509,103546,000004481003,1,4.99,4.99,0.00,0.31,S,6026003083,,USD,DB
70025333,01107,04,2,20260509,103546,000004492003,3,2.29,6.87,2.29,0.29,S,6026003083,MB26W13,USD,DB
70025333,01107,04,3,20260509,103546,000000030202,1,11.49,11.49,0.00,0.00,S,6026003083,,USD,DB
70025333,01107,04,4,20260509,103546,000004473002,1,2.79,2.79,0.00,0.17,S,6026003083,,USD,DB
70025333,01107,04,5,20260509,103546,000004492001,1,1.79,1.79,0.00,0.11,S,6026003083,,USD,DB
70025333,01107,04,6,20260509,103546,000000094103,2,3.79,7.58,2.27,0.00,S,6026003083,PC26W14,USD,DB
70025334,02210,01,1,20260509,123212,000004482002,2,17.99,35.98,0.00,2.25,S,,,USD,GC
70025334,02210,01,2,20260509,123212,000004473002,3,2.79,8.37,2.79,0.35,S,,MB26W13,USD,GC
70025335,02210,01,1,20260509,115632,000000040102,0.291,16.99,4.94,0.00,0.00,S,6062554026,,USD,DB
70025336,02210,05,1,20260509,184909,000004472001,2,3.99,7.98,0.00,0.50,S,,,USD,DB
70025336,02210,05,2,20260509,184909,000000094102,1,3.49,3.49,0.00,0.00,S,,,USD,DB
70025336,02210,05,3,20260509,184909,000000005012,3,3.99,11.97,0.00,0.00,S,,,USD,DB
70025336,02210,05,4,20260509,184909,000000094201,2.158,1.69,3.65,0.00,0.00,S,,,USD,DB
70025337,02210,04,1,20260509,101127,000000552001,1,4.49,4.49,0.00,0.28,S,6092222064,,USD,DB
70025338,02210,05,1,20260509,212118,000000551020,1,13.99,13.99,0.00,0.87,R,6090947985,,USD,DB
70025339,02210,06,1,20260509,135229,000000020103,2,4.99,9.98,0.00,0.00,S,,,USD,DB
70025340,02210,02,1,20260509,124947,000000562001,2,10.99,21.98,0.00,1.37,S,,,USD,CS
70025340,02210,02,2,20260509,124947,000000020201,1,5.49,5.49,0.00,0.00,S,,,USD,CS
70025340,02210,02,3,20260509,124947,000000005101,1,7.99,7.99,0.00,0.00,S,,,USD,CS
70025340,02210,02,4,20260509,124947,000000005102,2,5.49,10.98,0.00,0.00,S,,,USD,CS
70025340,02210,02,5,20260509,124947,000000005020,1,4.49,4.49,0.00,0.00,S,,,USD,CS
70025341,02210,04,1,20260509,93905,000000030101,1,6.99,6.99,0.00,0.00,S,,,USD,CS
70025341,02210,04,2,20260509,93905,000004481001,1,7.99,7.99,0.00,0.50,S,,,USD,CS
70025341,02210,04,3,20260509,93905,000000562001,1,10.99,10.99,0.00,0.69,S,,,USD,CS
70025342,02210,04,1,20260509,175357,000000040203,2,11.99,23.98,0.00,0.00,S,6063370502,,USD,DB
70025342,02210,04,2,20260509,175357,000000551020,2,13.99,27.98,0.00,1.75,S,6063370502,,USD,DB
70025342,02210,04,3,20260509,175357,000000551021,1,11.99,11.99,3.60,0.52,S,6063370502,PC26W14,USD,DB
70025343,02210,03,1,20260509,101857,000000030103,3,8.99,26.97,8.99,0.00,S,,MB26W13,USD,CC
70025343,02210,03,2,20260509,101857,000000005102,2,5.49,10.98,0.00,0.00,S,,,USD,CC
70025343,02210,03,3,20260509,101857,000004483001,3,4.99,14.97,0.00,0.94,S,,,USD,CC
70025343,02210,03,4,20260509,101857,000004493002,1,3.99,3.99,0.00,0.25,S,,,USD,CC
70025343,02210,03,5,20260509,101857,000000005102,1,5.49,5.49,0.00,0.00,S,,,USD,CC
70025344,02210,03,1,20260509,180803,000004491001,1,2.49,2.49,0.00,0.16,S,,,USD,DB
70025345,02210,02,1,20260509,185019,000000094103,2,3.79,7.58,2.27,0.00,S,,PC26W14,USD,DB
70025345,02210,02,2,20260509,185019,000004472003,1,3.29,3.29,0.00,0.21,S,,,USD,DB
70025345,02210,02,3,20260509,185019,000004473002,3,2.79,8.37,2.79,0.35,S,,MB26W13,USD,DB
70025345,02210,02,4,20260509,185019,000000551020,2,13.99,27.98,0.00,1.75,S,,,USD,DB
70025346,02210,02,1,20260509,92402,000004482002,1,17.99,17.99,0.00,1.12,S,6020165423,,USD,DB
70025346,02210,02,2,20260509,92402,000000094203,1.273,1.49,1.90,0.00,0.00,S,6020165423,,USD,DB
70025346,02210,02,3,20260509,92402,000004472002,2,4.49,8.98,0.00,0.56,S,6020165423,,USD,DB
70025346,02210,02,4,20260509,92402,000000020101,1,2.49,2.49,0.00,0.00,S,6020165423,,USD,DB
70025346,02210,02,5,20260509,92402,000000005301,1,5.49,5.49,0.00,0.00,S,6020165423,,USD,DB
70025347,02211,04,1,20260509,170203,000004472003,1,3.29,3.29,0.00,0.21,S,,,USD,CS
70025347,02211,04,2,20260509,170203,000000040202,1,14.99,14.99,0.00,0.00,S,,,USD,CS
70025347,02211,04,3,20260509,170203,000004492001,1,1.79,1.79,0.00,0.11,S,,,USD,CS
70025347,02211,04,4,20260509,170203,000000005202,1,5.99,5.99,0.00,0.00,S,,,USD,CS
70025347,02211,04,5,20260509,170203,000000040203,1,11.99,11.99,0.00,0.00,S,,,USD,CS
70025348,02211,04,1,20260509,133254,000004493002,1,3.99,3.99,0.00,0.25,S,,,USD,CC
70025348,02211,04,2,20260509,133254,000004491003,1,1.99,1.99,0.00,0.12,S,,,USD,CC
70025348,02211,04,3,20260509,133254,000000005020,1,4.49,4.49,0.00,0.00,S,,,USD,CC
70025348,02211,04,4,20260509,133254,000000040101,1.935,18.99,36.75,0.00,0.00,S,,,USD,CC
70025349,02211,02,1,20260509,142525,000004481003,2,4.99,9.98,0.00,0.62,S,,,USD,DB
70025349,02211,02,2,20260509,142525,000004481003,1,4.99,4.99,0.00,0.31,S,,,USD,DB
70025349,02211,02,3,20260509,142525,000004492003,3,2.29,6.87,2.29,0.29,S,,MB26W13,USD,DB
70025349,02211,02,4,20260509,142525,000004491001,1,2.49,2.49,0.00,0.16,S,,,USD,DB
70025350,02211,04,1,20260509,194551,000000040203,1,11.99,11.99,0.00,0.00,S,6098831030,,USD,GC
70025351,02211,03,1,20260509,194213,000000094203,1.267,1.49,1.89,0.00,0.00,S,,,USD,CC
70025352,02305,03,1,20260509,130750,000004473003,2,3.49,6.98,0.00,0.44,S,,,USD,CC
70025352,02305,03,2,20260509,130750,000000562001,1,10.99,10.99,0.00,0.69,S,,,USD,CC
70025352,02305,03,3,20260509,130750,000004472003,2,3.29,6.58,0.00,0.41,S,,,USD,CC
70025352,02305,03,4,20260509,130750,000000005020,2,4.49,8.98,0.00,0.00,S,,,USD,CC
70025352,02305,03,5,20260509,130750,000000093322,2.059,1.99,4.10,1.23,0.00,S,,PC26W14,USD,CC
70025353,02305,02,1,20260509,155600,000000030202,1,11.49,11.49,0.00,0.00,S,,,USD,GC
70025353,02305,02,2,20260509,155600,000004491002,1,6.99,6.99,0.00,0.44,S,,,USD,GC
70025353,02305,02,3,20260509,155600,000000093322,0.961,1.99,1.91,0.57,0.00,S,,PC26W14,USD,GC
70025353,02305,02,4,20260509,155600,000000005201,1,3.99,3.99,0.00,0.00,S,,,USD,GC
70025353,02305,02,5,20260509,155600,000004481003,2,4.99,9.98,0.00,0.62,S,,,USD,GC
70025353,02305,02,6,20260509,155600,000000562002,1,8.49,8.49,0.00,0.53,S,,,USD,GC
70025354,02305,03,1,20260509,113613,000004473002,3,2.79,8.37,2.79,0.35,S,,MB26W13,USD,CC
70025354,02305,03,2,20260509,113613,000004491002,1,6.99,6.99,0.00,0.44,S,,,USD,CC
70025354,02305,03,3,20260509,113613,000000020103,1,4.99,4.99,0.00,0.00,S,,,USD,CC
70025355,02305,05,1,20260509,75131,000000005201,1,3.99,3.99,0.00,0.00,S,6029839542,,USD,CC
70025355,02305,05,2,20260509,75131,000000020103,1,4.99,4.99,0.75,0.00,S,6029839542,LY26W14,USD,CC
70025355,02305,05,3,20260509,75131,000000005012,1,3.99,3.99,0.00,0.00,S,6029839542,,USD,CC
70025355,02305,05,4,20260509,75131,000000031101,1.837,24.99,45.91,13.77,0.00,S,6029839542,PC26W14,USD,CC
70025355,02305,05,5,20260509,75131,000004471030,1,3.99,3.99,0.00,0.25,S,6029839542,,USD,CC
70025356,02305,01,1,20260509,100159,000000040201,1,8.99,8.99,0.00,0.00,S,6007392013,,USD,CC
70025356,02305,01,2,20260509,100159,000004471030,1,3.99,3.99,0.00,0.25,S,6007392013,,USD,CC
70025356,02305,01,3,20260509,100159,000000020101,1,2.49,2.49,0.00,0.00,S,6007392013,,USD,CC
70025356,02305,01,4,20260509,100159,000004492002,1,1.49,1.49,0.00,0.09,S,6007392013,,USD,CC
70025356,02305,01,5,20260509,100159,000004473002,1,2.79,2.79,0.00,0.17,S,6007392013,,USD,CC
70025356,02305,01,6,20260509,100159,000004481003,2,4.99,9.98,0.00,0.62,S,6007392013,,USD,CC
70025357,02305,01,1,20260509,163029,000000094103,1,3.79,3.79,1.14,0.00,S,6086334141,PC26W14,USD,GC
70025357,02305,01,2,20260509,163029,000004481003,1,4.99,4.99,0.00,0.31,S,6086334141,,USD,GC
70025357,02305,01,3,20260509,163029,000000093322,0.724,1.99,1.44,0.43,0.00,S,6086334141,PC26W14,USD,GC
70025358,02305,02,1,20260509,162919,000000005302,2,3.49,6.98,0.00,0.00,S,,,USD,DB
70025358,02305,02,2,20260509,162919,000000094201,1.729,1.69,2.92,0.00,0.00,S,,,USD,DB
70025358,02305,02,3,20260509,162919,000004472003,1,3.29,3.29,0.00,0.21,S,,,USD,DB
70025358,02305,02,4,20260509,162919,000004472002,3,4.49,13.47,0.00,0.84,S,,,USD,DB
70025359,02305,04,1,20260509,172625,000004491002,1,6.99,6.99,0.00,0.44,S,,,USD,DB
70025359,02305,04,2,20260509,172625,000004482001,1,13.99,13.99,0.00,0.87,S,,,USD,DB
70025359,02305,04,3,20260509,172625,000000093410,0.723,3.99,2.88,0.00,0.00,S,,,USD,DB
70025359,02305,04,4,20260509,172625,000000094103,1,3.79,3.79,1.14,0.00,S,,PC26W14,USD,DB
70025359,02305,04,5,20260509,172625,000000552001,1,4.49,4.49,0.00,0.28,S,,,USD,DB
70025360,02305,02,1,20260509,143848,000004481001,1,7.99,7.99,0.00,0.50,S,6020441384,,USD,GC
70025360,02305,02,2,20260509,143848,000000094102,1,3.49,3.49,0.00,0.00,S,6020441384,,USD,GC
70025360,02305,02,3,20260509,143848,000000020202,2,5.99,11.98,0.00,0.00,S,6020441384,,USD,GC
70025360,02305,02,4,20260509,143848,000004492003,1,2.29,2.29,0.00,0.14,S,6020441384,,USD,GC
70025360,02305,02,5,20260509,143848,000000030101,2,6.99,13.98,0.00,0.00,S,6020441384,,USD,GC
70025360,02305,02,6,20260509,143848,000000551021,2,11.99,23.98,7.19,1.05,S,6020441384,PC26W14,USD,GC
70025361,02305,01,1,20260509,132855,000000551020,1,13.99,13.99,0.00,0.87,S,6042429563,,USD,CS
70025362,02305,06,1,20260509,182511,000000093325,0.448,3.99,1.79,0.00,0.00,S,,,USD,CC
70025362,02305,06,2,20260509,182511,000004492001,1,1.79,1.79,0.00,0.11,S,,,USD,CC
70025362,02305,06,3,20260509,182511,000000562002,1,8.49,8.49,0.00,0.53,S,,,USD,CC
70025363,02305,02,1,20260509,165917,000000093322,1.200,1.99,2.39,0.72,0.00,S,6031884852,PC26W14,USD,GC
70025363,02305,02,2,20260509,165917,000000561002,1,7.49,7.49,0.00,0.47,S,6031884852,,USD,GC
70025363,02305,02,3,20260509,165917,000004473003,1,3.49,3.49,0.00,0.22,S,6031884852,,USD,GC
70025363,02305,02,4,20260509,165917,000000005102,1,5.49,5.49,0.00,0.00,S,6031884852,,USD,GC
70025363,02305,02,5,20260509,165917,000000030202,2,11.49,22.98,0.00,0.00,S,6031884852,,USD,GC
70025363,02305,02,6,20260509,165917,000000031101,1.778,24.99,44.43,13.33,0.00,S,6031884852,PC26W14,USD,GC
70025364,02305,06,1,20260509,91315,000000005020,1,4.49,4.49,0.00,0.00,S,,,USD,CS
70025364,02305,06,2,20260509,91315,000000040102,0.773,16.99,13.13,0.00,0.00,S,,,USD,CS
70025365,02305,04,1,20260509,205818,000000020103,1,4.99,4.99,0.00,0.00,S,,,USD,DB
70025365,02305,04,2,20260509,205818,000004482001,1,13.99,13.99,0.00,0.87,S,,,USD,DB
70025366,02305,02,1,20260509,82049,000000094302,1.101,5.49,6.04,0.00,0.00,S,,,USD,CC
70025366,02305,02,2,20260509,82049,000000094102,2,3.49,6.98,0.00,0.00,S,,,USD,CC
70025366,02305,02,3,20260509,82049,000004491003,1,1.99,1.99,0.00,0.12,S,,,USD,CC
70025366,02305,02,4,20260509,82049,000004482003,1,5.49,5.49,0.00,0.34,S,,,USD,CC
70025366,02305,02,5,20260509,82049,000004473002,3,2.79,8.37,2.79,0.35,S,,MB26W13,USD,CC
70025367,02305,06,1,20260509,130403,000000551021,1,11.99,11.99,3.60,0.52,S,,PC26W14,USD,CC
70025367,02305,06,2,20260509,130403,000000093325,1.650,3.99,6.58,0.00,0.00,S,,,USD,CC
70025367,02305,06,3,20260509,130403,000000562001,1,10.99,10.99,0.00,0.69,S,,,USD,CC
70025368,02305,01,1,20260509,131212,000004473001,2,2.99,5.98,0.00,0.37,S,6035134261,,USD,CS
70025368,02305,01,2,20260509,131212,000004471030,3,3.99,11.97,3.99,0.50,S,6035134261,MB26W13,USD,CS
70025369,02305,03,1,20260509,194959,000000005302,1,3.49,3.49,0.00,0.00,S,6065952014,,USD,CC
70025369,02305,03,2,20260509,194959,000004471030,1,3.99,3.99,0.00,0.25,S,6065952014,,USD,CC
70025369,02305,03,3,20260509,194959,000004491003,3,1.99,5.97,1.99,0.25,S,6065952014,MB26W13,USD,CC
70025369,02305,03,4,20260509,194959,000000005101,2,7.99,15.98,0.00,0.00,S,6065952014,,USD,CC
70025370,02305,06,1,20260509,164118,000000030103,1,8.99,8.99,0.00,0.00,S,,,USD,GC
70025371,02305,02,1,20260509,130350,000000020202,1,5.99,5.99,0.00,0.00,S,,,USD,DB
70025371,02305,02,2,20260509,130350,000000020103,2,4.99,9.98,0.00,0.00,S,,,USD,DB
70025371,02305,02,3,20260509,130350,000004471030,1,3.99,3.99,0.00,0.25,S,,,USD,DB
70025371,02305,02,4,20260509,130350,000000005013,1,3.89,3.89,0.00,0.00,S,,,USD,DB
70025371,02305,02,5,20260509,130350,000000551021,1,11.99,11.99,3.60,0.52,S,,PC26W14,USD,DB
70025372,03050,06,1,20260509,72513,000000020103,1,4.99,4.99,0.75,0.00,S,6045644948,LY26W14,USD,CC
70025372,03050,06,2,20260509,72513,000004471030,3,3.99,11.97,3.99,0.50,S,6045644948,MB26W13,USD,CC
70025373,03050,05,1,20260509,102041,000004471030,3,3.99,11.97,3.99,0.50,S,6082683230,MB26W13,USD,GC
70025373,03050,05,2,20260509,102041,000000005101,1,7.99,7.99,0.00,0.00,S,6082683230,,USD,GC
70025374,03050,01,1,20260509,134152,000000030103,3,8.99,26.97,8.99,0.00,S,6057473384,MB26W13,USD,GC
70025375,03050,02,1,20260509,162658,000000040201,1,8.99,8.99,0.00,0.00,S,,,USD,DB
70025375,03050,02,2,20260509,162658,000000005013,1,3.89,3.89,0.00,0.00,S,,,USD,DB
70025375,03050,02,3,20260509,162658,000000094103,2,3.79,7.58,2.27,0.00,S,,PC26W14,USD,DB
70025375,03050,02,4,20260509,162658,000000040203,2,11.99,23.98,0.00,0.00,S,,,USD,DB
70025375,03050,02,5,20260509,162658,000004471040,1,2.49,2.49,0.00,0.16,S,,,USD,DB
70025375,03050,02,6,20260509,162658,000004481001,1,7.99,7.99,0.00,0.50,S,,,USD,DB
70025376,03050,03,1,20260509,171540,000004483002,1,3.49,3.49,0.00,0.22,S,,,USD,GC
70025376,03050,03,2,20260509,171540,000000020201,1,5.49,5.49,0.00,0.00,S,,,USD,GC
70025376,03050,03,3,20260509,171540,000000005301,1,5.49,5.49,0.00,0.00,S,,,USD,GC
70025376,03050,03,4,20260509,171540,000004481003,1,4.99,4.99,0.00,0.31,S,,,USD,GC
70025377,03050,03,1,20260509,193235,000000562001,3,10.99,32.97,0.00,2.06,S,,,USD,DB
70025377,03050,03,2,20260509,193235,000004492001,1,1.79,1.79,0.00,0.11,S,,,USD,DB
70025378,03050,03,1,20260509,211159,000004491002,1,6.99,6.99,0.00,0.44,S,6073830284,,USD,CS
70025378,03050,03,2,20260509,211159,000000093325,1.533,3.99,6.12,0.00,0.00,S,6073830284,,USD,CS
70025378,03050,03,3,20260509,211159,000000561001,1,9.99,9.99,0.00,0.62,S,6073830284,,USD,CS
70025378,03050,03,4,20260509,211159,000000093401,1.274,5.49,6.99,0.00,0.00,S,6073830284,,USD,CS
70025378,03050,03,5,20260509,211159,000000093501,3,4.49,13.47,4.49,0.00,S,6073830284,MB26W13,USD,CS
70025378,03050,03,6,20260509,211159,000000551020,1,13.99,13.99,0.00,0.87,S,6073830284,,USD,CS
70025379,03050,02,1,20260509,143103,000004473001,2,2.99,5.98,0.00,0.37,S,,,USD,CC
70025379,03050,02,2,20260509,143103,000000020103,1,4.99,4.99,0.00,0.00,S,,,USD,CC
70025379,03050,02,3,20260509,143103,000004473003,1,3.49,3.49,0.00,0.22,S,,,USD,CC
70025379,03050,02,4,20260509,143103,000000094301,0.487,4.39,2.14,0.00,0.00,S,,,USD,CC
70025380,03050,03,1,20260509,164439,000000020201,1,5.49,5.49,0.00,0.00,S,,,USD,CC
70025380,03050,03,2,20260509,164439,000000020103,1,4.99,4.99,0.00,0.00,S,,,USD,CC
70025380,03050,03,3,20260509,164439,000000005102,2,5.49,10.98,0.00,0.00,S,,,USD,CC
70025380,03050,03,4,20260509,164439,000000031101,1.730,24.99,43.23,12.97,0.00,S,,PC26W14,USD,CC
70025380,03050,03,5,20260509,164439,000004481001,1,7.99,7.99,0.00,0.50,S,,,USD,CC
70025380,03050,03,6,20260509,164439,000000005012,1,3.99,3.99,0.00,0.00,S,,,USD,CC
70025381,03050,04,1,20260509,183000,000000005102,1,5.49,5.49,0.00,0.00,S,6022753046,,USD,CS
70025381,03050,04,2,20260509,183000,000000093325,1.542,3.99,6.15,0.00,0.00,S,6022753046,,USD,CS
70025382,03050,03,1,20260509,184559,000000030201,1,9.99,9.99,0.00,0.00,S,6073830284,,USD,GC
70025382,03050,03,2,20260509,184559,000000093322,1.752,1.99,3.49,1.05,0.00,S,6073830284,PC26W14,USD,GC
70025382,03050,03,3,20260509,184559,000000005302,1,3.49,3.49,0.00,0.00,S,6073830284,,USD,GC
70025383,03050,05,1,20260509,70943,000000031101,1.980,24.99,49.48,14.84,0.00,S,,PC26W14,USD,DB
70025383,03050,05,2,20260509,70943,000000005103,1,6.99,6.99,0.00,0.00,S,,,USD,DB
70025384,03050,06,1,20260509,160030,000004492001,1,1.79,1.79,0.00,0.11,S,6058631441,,USD,CC
70025384,03050,06,2,20260509,160030,000000551020,1,13.99,13.99,0.00,0.87,S,6058631441,,USD,CC
70025384,03050,06,3,20260509,160030,000000040201,1,8.99,8.99,0.00,0.00,S,6058631441,,USD,CC
70025385,03050,05,1,20260509,123544,000000040101,0.273,18.99,5.18,0.00,0.00,S,6060723111,,USD,CS
70025385,03050,05,2,20260509,123544,000004491002,3,6.99,20.97,0.00,1.31,S,6060723111,,USD,CS
70025385,03050,05,3,20260509,123544,000000005102,1,5.49,5.49,0.00,0.00,S,6060723111,,USD,CS
70025386,00317,03,1,20260509,153635,000000005013,1,5.29,5.29,0.00,0.00,S,,,CAD,DB
70025387,00317,01,1,20260509,194741,000000094201,0.762,2.29,1.74,0.00,0.00,S,,,CAD,DB
70025387,00317,01,2,20260509,194741,000000561002,2,10.19,20.38,0.00,1.27,S,,,CAD,DB
70025387,00317,01,3,20260509,194741,000004472001,1,5.39,5.39,0.00,0.34,S,,,CAD,DB
70025387,00317,01,4,20260509,194741,000004483002,1,4.69,4.69,0.00,0.29,S,,,CAD,DB
70025387,00317,01,5,20260509,194741,000000005201,3,5.39,16.17,0.00,0.00,S,,,CAD,DB
70025388,00317,03,1,20260509,184045,000000020101,2,3.39,6.78,0.00,0.00,S,,,CAD,DB
70025388,00317,03,2,20260509,184045,000004493002,1,5.39,5.39,0.00,0.34,S,,,CAD,DB
70025388,00317,03,3,20260509,184045,000000040102,1.651,23.09,38.12,0.00,0.00,S,,,CAD,DB
70025388,00317,03,4,20260509,184045,000000561002,1,10.19,10.19,0.00,0.64,S,,,CAD,DB
70025389,00317,04,1,20260509,115829,000000093410,1.007,5.39,5.43,0.00,0.00,S,,,CAD,GC
70025390,00317,06,1,20260509,175930,000000040101,0.824,25.79,21.25,0.00,0.00,S,6049603358,,CAD,CS
70025391,00317,06,1,20260509,115810,000000093402,0.502,4.49,2.25,0.00,0.00,S,6096180332,,CAD,CS
70025391,00317,06,2,20260509,115810,000004492001,1,2.39,2.39,0.00,0.15,S,6096180332,,CAD,CS
70025391,00317,06,3,20260509,115810,000000561001,1,13.59,13.59,0.00,0.85,S,6096180332,,CAD,CS
70025391,00317,06,4,20260509,115810,000004493001,2,7.49,14.98,0.00,0.94,S,6096180332,,CAD,CS
70025391,00317,06,5,20260509,115810,000000020103,1,6.79,6.79,1.02,0.00,S,6096180332,LY26W14,CAD,CS
70025392,00317,04,1,20260509,101203,000000040101,1.686,25.79,43.48,0.00,0.00,S,,,CAD,DB
70025392,00317,04,2,20260509,101203,000000020103,1,6.79,6.79,0.00,0.00,S,,,CAD,DB
70025392,00317,04,3,20260509,101203,000000005202,1,8.09,8.09,0.00,0.00,S,,,CAD,DB
70025392,00317,04,4,20260509,101203,000004482002,1,24.49,24.49,0.00,1.53,S,,,CAD,DB
70025392,00317,04,5,20260509,101203,000000551020,1,18.99,18.99,0.00,1.19,S,,,CAD,DB
70025393,00322,02,1,20260509,130230,000000093322,2.105,2.69,5.66,1.70,0.00,S,6052410397,PC26W14,CAD,DB
70025393,00322,02,2,20260509,130230,000000005020,1,6.09,6.09,0.91,0.00,S,6052410397,LY26W14,CAD,DB
70025393,00322,02,3,20260509,130230,000004492002,1,1.99,1.99,0.00,0.12,S,6052410397,,CAD,DB
70025393,00322,02,4,20260509,130230,000004471023,1,4.69,4.69,0.00,0.29,S,6052410397,,CAD,DB
70025393,00322,02,5,20260509,130230,000000005103,1,9.49,9.49,0.00,0.00,S,6052410397,,CAD,DB
70025393,00322,02,6,20260509,130230,000004471023,1,4.69,4.69,0.00,0.29,S,6052410397,,CAD,DB
70025394,00322,05,1,20260509,200403,000000005020,1,6.09,6.09,0.00,0.00,S,,,CAD,CC
70025394,00322,05,2,20260509,200403,000000040202,1,20.39,20.39,0.00,0.00,S,,,CAD,CC
70025394,00322,05,3,20260509,200403,000004472050,1,5.39,5.39,0.00,0.34,S,,,CAD,CC
70025394,00322,05,4,20260509,200403,000004472001,1,5.39,5.39,0.00,0.34,S,,,CAD,CC
70025395,00322,03,1,20260509,140838,000000020102,1,4.69,4.69,0.00,0.00,S,,,CAD,CC
70025395,00322,03,2,20260509,140838,000000093402,1.551,4.49,6.96,0.00,0.00,S,,,CAD,CC
70025395,00322,03,3,20260509,140838,000000031102,1.842,27.19,50.08,0.00,0.00,S,,,CAD,CC
70025395,00322,03,4,20260509,140838,000000020103,3,6.79,20.37,0.00,0.00,S,,,CAD,CC
70025395,00322,03,5,20260509,140838,000000040203,1,16.29,16.29,0.00,0.00,S,,,CAD,CC
70025396,00322,04,1,20260509,144611,000004483002,1,4.69,4.69,0.00,0.29,S,,,CAD,GC
70025396,00322,04,2,20260509,144611,000000093501,3,6.09,18.27,6.09,0.00,S,,MB26W13,CAD,GC
70025396,00322,04,3,20260509,144611,000000094102,1,4.69,4.69,0.00,0.00,S,,,CAD,GC
70025397,00322,05,1,20260509,150646,000004482003,1,7.49,7.49,0.00,0.47,S,6028179340,,CAD,DB
70025397,00322,05,2,20260509,150646,000000005202,1,8.09,8.09,0.00,0.00,S,6028179340,,CAD,DB
70025398,01042,01,1,20260510,211223,000000005202,2,5.99,11.98,0.00,0.00,S,,,USD,CS
70025398,01042,01,2,20260510,211223,000000093402,0.767,3.29,2.52,0.00,0.00,S,,,USD,CS
70025398,01042,01,3,20260510,211223,000000005020,1,4.49,4.49,0.00,0.00,S,,,USD,CS
70025399,01042,05,1,20260510,143333,000000562002,2,8.49,16.98,0.00,1.06,S,6025122572,,USD,DB
70025399,01042,05,2,20260510,143333,000000031101,1.348,24.99,33.69,0.00,0.00,S,6025122572,,USD,DB
70025400,01042,05,1,20260510,210223,000004472003,1,3.29,3.29,0.00,0.21,S,6030982150,,USD,DB
70025400,01042,05,2,20260510,210223,000000094201,0.807,1.69,1.36,0.00,0.00,S,6030982150,,USD,DB
70025400,01042,05,3,20260510,210223,000004471030,1,3.99,3.99,0.00,0.25,S,6030982150,,USD,DB
70025400,01042,05,4,20260510,210223,000000551020,2,13.99,27.98,0.00,1.75,S,6030982150,,USD,DB
70025401,01042,01,1,20260510,173155,000000093402,1.355,3.29,4.46,0.00,0.00,S,,,USD,DB
70025401,01042,01,2,20260510,173155,000000094302,0.765,5.49,4.20,0.00,0.00,S,,,USD,DB
70025401,01042,01,3,20260510,173155,000000040202,1,14.99,14.99,0.00,0.00,S,,,USD,DB
70025401,01042,01,4,20260510,173155,000004472002,1,4.49,4.49,1.12,0.21,S,,PC26W15,USD,DB
70025402,01042,01,1,20260510,140316,000000020102,1,3.49,3.49,0.87,0.00,S,,PC26W15,USD,DB
70025402,01042,01,2,20260510,140316,000004493002,2,3.99,7.98,0.00,0.50,S,,,USD,DB
70025402,01042,01,3,20260510,140316,000000040201,1,8.99,8.99,0.00,0.00,S,,,USD,DB
70025403,01042,06,1,20260510,160121,000000094201,1.792,1.69,3.03,0.00,0.00,S,,,USD,CS
70025403,01042,06,2,20260510,160121,000000561001,2,9.99,19.98,0.00,1.25,S,,,USD,CS
70025403,01042,06,3,20260510,160121,000000561002,1,7.49,7.49,0.00,0.47,S,,,USD,CS
70025403,01042,06,4,20260510,160121,000004492002,1,1.49,1.49,0.37,0.07,S,,PC26W15,USD,CS
70025404,01042,06,1,20260510,214706,000000093503,2,4.29,8.58,0.00,0.00,S,,,USD,CS
70025404,01042,06,2,20260510,214706,000004483002,1,3.49,3.49,0.00,0.22,S,,,USD,CS
70025404,01042,06,3,20260510,214706,000004472001,2,3.99,7.98,0.00,0.50,S,,,USD,CS
70025404,01042,06,4,20260510,214706,000000005103,1,6.99,6.99,0.00,0.00,S,,,USD,CS
70025404,01042,06,5,20260510,214706,000000552002,1,3.99,3.99,0.00,0.25,S,,,USD,CS
70025405,01042,03,1,20260510,111635,000004483002,1,3.49,3.49,0.00,0.22,S,6002730086,,USD,DB
70025405,01042,03,2,20260510,111635,000004471040,1,2.49,2.49,0.00,0.16,S,6002730086,,USD,DB
70025405,01042,03,3,20260510,111635,000004471030,1,3.99,3.99,0.00,0.25,S,6002730086,,USD,DB
70025405,01042,03,4,20260510,111635,000000093322,0.667,1.99,1.33,0.00,0.00,S,6002730086,,USD,DB
70025405,01042,03,5,20260510,111635,000000551020,1,13.99,13.99,0.00,0.87,S,6002730086,,USD,DB
70025406,01042,01,1,20260510,200449,000000040102,1.013,16.99,17.21,0.00,0.00,S,,,USD,GC
70025406,01042,01,2,20260510,200449,000004483002,1,3.49,3.49,0.00,0.22,S,,,USD,GC
70025406,01042,01,3,20260510,200449,000000093322,2.025,1.99,4.03,0.00,0.00,S,,,USD,GC
70025406,01042,01,4,20260510,200449,000004471040,2,2.49,4.98,0.00,0.31,S,,,USD,GC
70025406,01042,01,5,20260510,200449,000004472002,3,4.49,13.47,3.37,0.63,S,,PC26W15,USD,GC
70025407,01042,02,1,20260510,134646,000000030101,1,6.99,6.99,0.00,0.00,S,6099605932,,USD,DB
70025407,01042,02,2,20260510,134646,000004491001,1,2.49,2.49,0.00,0.16,S,6099605932,,USD,DB
70025407,01042,02,3,20260510,134646,000000093503,1,4.29,4.29,0.00,0.00,S,6099605932,,USD,DB
70025407,01042,02,4,20260510,134646,000000030203,1,8.49,8.49,0.00,0.00,S,6099605932,,USD,DB
70025407,01042,02,5,20260510,134646,000004472002,1,4.49,4.49,1.12,0.21,S,6099605932,PC26W15,USD,DB
70025408,01107,03,1,20260510,193709,000000020101,1,2.49,2.49,0.62,0.00,S,,PC26W15,USD,CS
70025408,01107,03,2,20260510,193709,000000020102,2,3.49,6.98,1.75,0.00,S,,PC26W15,USD,CS
70025408,01107,03,3,20260510,193709,000004473002,1,2.79,2.79,0.00,0.17,S,,,USD,CS
70025408,01107,03,4,20260510,193709,000000005201,1,3.99,3.99,0.00,0.00,S,,,USD,CS
70025408,01107,03,5,20260510,193709,000000552002,2,3.99,7.98,0.00,0.50,S,,,USD,CS
70025408,01107,03,6,20260510,193709,000004481003,2,4.99,9.98,0.00,0.62,S,,,USD,CS
70025409,01107,02,1,20260510,95803,000000093503,1,4.29,4.29,0.00,0.00,S,,,USD,DB
70025410,01107,04,1,20260510,174214,000000040101,1.962,18.99,37.26,0.00,0.00,S,,,USD,GC
70025410,01107,04,2,20260510,174214,000004493002,1,3.99,3.99,0.00,0.25,S,,,USD,GC
70025410,01107,04,3,20260510,174214,000000005103,1,6.99,6.99,0.00,0.00,S,,,USD,GC
70025410,01107,04,4,20260510,174214,000000005013,1,3.89,3.89,0.00,0.00,S,,,USD,GC
70025410,01107,04,5,20260510,174214,000000040102,1.910,16.99,32.45,0.00,0.00,S,,,USD,GC
70025411,01107,04,1,20260510,211135,000004483002,1,3.49,3.49,0.00,0.22,S,6014987283,,USD,CC
70025411,01107,04,2,20260510,211135,000000040102,0.410,16.99,6.97,0.00,0.00,S,6014987283,,USD,CC
70025411,01107,04,3,20260510,211135,000004472002,2,4.49,8.98,2.25,0.42,S,6014987283,PC26W15,USD,CC
70025412,01107,05,1,20260510,133751,000000040202,1,14.99,14.99,0.00,0.00,S,6012661094,,USD,CS
70025412,01107,05,2,20260510,133751,000000020103,1,4.99,4.99,0.00,0.00,S,6012661094,,USD,CS
70025412,01107,05,3,20260510,133751,000000005101,1,7.99,7.99,0.00,0.00,S,6012661094,,USD,CS
70025412,01107,05,4,20260510,133751,000004472002,1,4.49,4.49,1.12,0.21,S,6012661094,PC26W15,USD,CS
70025412,01107,05,5,20260510,133751,000004483001,1,4.99,4.99,0.00,0.31,S,6012661094,,USD,CS
70025412,01107,05,6,20260510,133751,000000005201,2,3.99,7.98,0.00,0.00,S,6012661094,,USD,CS
70025413,02210,06,1,20260510,173955,000004473001,2,2.99,5.98,0.00,0.37,S,6051728975,,USD,CC
70025413,02210,06,2,20260510,173955,000004471030,3,3.99,11.97,0.00,0.75,S,6051728975,,USD,CC
70025414,02210,02,1,20260510,94245,000004481003,1,4.99,4.99,0.00,0.31,S,6027881658,,USD,DB
70025414,02210,02,2,20260510,94245,000000005202,2,5.99,11.98,0.00,0.00,S,6027881658,,USD,DB
70025414,02210,02,3,20260510,94245,000000030203,1,8.49,8.49,0.00,0.00,S,6027881658,,USD,DB
70025414,02210,02,4,20260510,94245,000000094203,1.951,1.49,2.91,0.00,0.00,S,6027881658,,USD,DB
70025414,02210,02,5,20260510,94245,000004472001,3,3.99,11.97,0.00,0.75,S,6027881658,,USD,DB
70025415,02210,03,1,20260510,125321,000000561002,1,7.49,7.49,0.00,0.47,S,,,USD,CC
70025415,02210,03,2,20260510,125321,000000093503,1,4.29,4.29,0.00,0.00,S,,,USD,CC
70025416,02210,03,1,20260510,104025,000000094102,1,3.49,3.49,0.00,0.00,S,,,USD,CC
70025416,02210,03,2,20260510,104025,000000040102,1.002,16.99,17.02,0.00,0.00,S,,,USD,CC
70025417,02210,01,1,20260510,194442,000000005012,1,3.99,3.99,0.00,0.00,S,6034283644,,USD,GC
70025417,02210,01,2,20260510,194442,000000094301,1.378,4.39,6.05,0.00,0.00,S,6034283644,,USD,GC
70025417,02210,01,3,20260510,194442,000000562002,1,8.49,8.49,0.00,0.53,S,6034283644,,USD,GC
70025418,02210,01,1,20260510,91603,000004491003,1,1.99,1.99,0.00,0.12,S,,,USD,CC
70025418,02210,01,2,20260510,91603,000004472002,3,4.49,13.47,3.37,0.63,S,,PC26W15,USD,CC
70025418,02210,01,3,20260510,91603,000000005103,1,6.99,6.99,0.00,0.00,S,,,USD,CC
70025418,02210,01,4,20260510,91603,000000094101,1,3.99,3.99,0.00,0.00,S,,,USD,CC
70025419,02210,05,1,20260510,162501,000004483001,1,4.99,4.99,0.00,0.31,S,6032424154,,USD,CS
70025420,02210,05,1,20260510,180726,000004493001,1,5.49,5.49,0.00,0.34,S,,,USD,CS
70025420,02210,05,2,20260510,180726,000000552002,1,3.99,3.99,0.00,0.25,S,,,USD,CS
70025420,02210,05,3,20260510,180726,000000093503,1,4.29,4.29,0.00,0.00,S,,,USD,CS
70025421,02211,01,1,20260510,144458,000000551021,2,11.99,23.98,6.00,1.12,S,,PC26W15,USD,CC
70025422,02211,01,1,20260510,133320,000000020201,1,5.49,5.49,0.00,0.00,S,6069284511,,USD,DB
70025422,02211,01,2,20260510,133320,000004482001,1,13.99,13.99,0.00,0.87,S,6069284511,,USD,DB
70025422,02211,01,3,20260510,133320,000000551021,1,11.99,11.99,3.00,0.56,S,6069284511,PC26W15,USD,DB
70025423,02211,01,1,20260510,184846,000000561001,1,9.99,9.99,0.00,0.62,S,,,USD,CC
70025423,02211,01,2,20260510,184846,000004471040,1,2.49,2.49,0.00,0.16,S,,,USD,CC
70025423,02211,01,3,20260510,184846,000004482001,1,13.99,13.99,0.00,0.87,S,,,USD,CC
70025424,02211,01,1,20260510,124602,000004471023,1,3.49,3.49,0.00,0.22,S,6019181828,,USD,CS
70025424,02211,01,2,20260510,124602,000000040102,1.967,16.99,33.42,0.00,0.00,S,6019181828,,USD,CS
70025424,02211,01,3,20260510,124602,000000094302,1.422,5.49,7.81,0.00,0.00,S,6019181828,,USD,CS
70025424,02211,01,4,20260510,124602,000000040101,0.759,18.99,14.41,0.00,0.00,S,6019181828,,USD,CS
70025424,02211,01,5,20260510,124602,000000551021,3,11.99,35.97,8.99,1.69,S,6019181828,PC26W15,USD,CS
70025425,02211,04,1,20260510,200415,000000020202,1,5.99,5.99,0.00,0.00,S,6098831030,,USD,DB
70025425,02211,04,2,20260510,200415,000004471023,2,3.49,6.98,0.00,0.44,S,6098831030,,USD,DB
70025425,02211,04,3,20260510,200415,000000005013,1,3.89,3.89,0.00,0.00,S,6098831030,,USD,DB
70025426,02305,03,1,20260510,144854,000000005020,2,4.49,8.98,0.00,0.00,S,,,USD,GC
70025426,02305,03,2,20260510,144854,000004492001,1,1.79,1.79,0.00,0.11,S,,,USD,GC
70025426,02305,03,3,20260510,144854,000000020101,1,2.49,2.49,0.62,0.00,S,,PC26W15,USD,GC
70025427,02305,01,1,20260510,82906,000004472001,1,3.99,3.99,0.00,0.25,S,,,USD,CS
70025428,02305,03,1,20260510,101255,000000552001,1,4.49,4.49,0.00,0.28,S,,,USD,GC
70025428,02305,03,2,20260510,101255,000000020102,1,3.49,3.49,0.87,0.00,S,,PC26W15,USD,GC
70025429,02305,05,1,20260510,105720,000000031101,1.750,24.99,43.73,0.00,0.00,S,,,USD,CC
70025429,02305,05,2,20260510,105720,000000094101,1,3.99,3.99,0.00,0.00,S,,,USD,CC
70025430,02305,02,1,20260510,205932,000000005202,1,5.99,5.99,0.00,0.00,S,,,USD,DB
70025430,02305,02,2,20260510,205932,000000030103,2,8.99,17.98,4.50,0.00,S,,PC26W15,USD,DB
70025430,02305,02,3,20260510,205932,000000551020,1,13.99,13.99,0.00,0.87,S,,,USD,DB
70025430,02305,02,4,20260510,205932,000000562002,1,8.49,8.49,0.00,0.53,S,,,USD,DB
70025430,02305,02,5,20260510,205932,000000020102,2,3.49,6.98,1.75,0.00,S,,PC26W15,USD,DB
70025431,02305,02,1,20260510,180313,000000030103,1,8.99,8.99,2.25,0.00,S,6002562588,PC26W15,USD,GC
70025431,02305,02,2,20260510,180313,000000005201,2,3.99,7.98,0.00,0.00,S,6002562588,,USD,GC
70025431,02305,02,3,20260510,180313,000000093402,0.463,3.29,1.52,0.00,0.00,S,6002562588,,USD,GC
70025431,02305,02,4,20260510,180313,000000030103,1,8.99,8.99,2.25,0.00,S,6002562588,PC26W15,USD,GC
70025431,02305,02,5,20260510,180313,000004471040,3,2.49,7.47,0.00,0.47,S,6002562588,,USD,GC
70025432,02305,01,1,20260510,155929,000004481001,1,7.99,7.99,0.00,0.50,S,6081664969,,USD,CC
70025432,02305,01,2,20260510,155929,000004471040,3,2.49,7.47,0.00,0.47,S,6081664969,,USD,CC
70025432,02305,01,3,20260510,155929,000000005101,1,7.99,7.99,0.00,0.00,S,6081664969,,USD,CC
70025432,02305,01,4,20260510,155929,000000005302,1,3.49,3.49,0.00,0.00,S,6081664969,,USD,CC
70025432,02305,01,5,20260510,155929,000000093402,2.009,3.29,6.61,0.00,0.00,S,6081664969,,USD,CC
70025432,02305,01,6,20260510,155929,000000093325,0.791,3.99,3.16,0.00,0.00,S,6081664969,,USD,CC
70025433,02305,01,1,20260510,213436,000000005201,1,3.99,3.99,0.00,0.00,S,6086700900,,USD,DB
70025434,02305,05,1,20260510,191856,000004481003,1,4.99,4.99,0.00,0.31,S,,,USD,GC
70025434,02305,05,2,20260510,191856,000000005201,1,3.99,3.99,0.00,0.00,S,,,USD,GC
70025435,02305,01,1,20260510,161802,000000562001,1,10.99,10.99,0.00,0.69,S,,,USD,CC
70025435,02305,01,2,20260510,161802,000000040203,1,11.99,11.99,0.00,0.00,S,,,USD,CC
70025436,02305,04,1,20260510,150357,000000020103,2,4.99,9.98,0.00,0.00,S,,,USD,DB
70025436,02305,04,2,20260510,150357,000000561001,1,9.99,9.99,0.00,0.62,S,,,USD,DB
70025436,02305,04,3,20260510,150357,000004492002,1,1.49,1.49,0.37,0.07,S,,PC26W15,USD,DB
70025437,02305,05,1,20260510,90501,000000005101,1,7.99,7.99,0.00,0.00,S,,,USD,CC
70025438,02305,05,1,20260510,112642,000000005301,3,5.49,16.47,0.00,0.00,S,6020594389,,USD,GC
70025438,02305,05,2,20260510,112642,000000094102,1,3.49,3.49,0.00,0.00,S,6020594389,,USD,GC
70025439,02305,02,1,20260510,193010,000000020101,2,2.49,4.98,1.25,0.00,S,6085672872,PC26W15,USD,DB
70025439,02305,02,2,20260510,193010,000000551021,1,11.99,11.99,3.00,0.56,S,6085672872,PC26W15,USD,DB
70025439,02305,02,3,20260510,193010,000000005101,1,7.99,7.99,0.00,0.00,S,6085672872,,USD,DB
70025439,02305,02,4,20260510,193010,000004483001,1,4.99,4.99,0.00,0.31,S,6085672872,,USD,DB
70025440,02305,06,1,20260510,153746,000000005103,1,6.99,6.99,0.00,0.00,S,,,USD,CS
70025441,02305,03,1,20260510,73008,000004472003,3,3.29,9.87,0.00,0.62,S,,,USD,DB
70025441,02305,03,2,20260510,73008,000004472003,3,3.29,9.87,0.00,0.62,V,,,USD,DB
70025442,02305,03,1,20260510,110246,000004483001,1,4.99,4.99,0.00,0.31,S,6098221040,,USD,CC
70025442,02305,03,2,20260510,110246,000000005101,1,7.99,7.99,0.00,0.00,S,6098221040,,USD,CC
70025442,02305,03,3,20260510,110246,000000040203,2,11.99,23.98,0.00,0.00,S,6098221040,,USD,CC
70025442,02305,03,4,20260510,110246,000000005020,1,4.49,4.49,0.00,0.00,S,6098221040,,USD,CC
70025443,02305,06,1,20260510,191454,000000552001,1,4.49,4.49,0.00,0.28,S,,,USD,GC
70025443,02305,06,2,20260510,191454,000004493001,1,5.49,5.49,0.00,0.34,S,,,USD,GC
70025443,02305,06,3,20260510,191454,000004492002,1,1.49,1.49,0.37,0.07,S,,PC26W15,USD,GC
70025443,02305,06,4,20260510,191454,000000093325,0.818,3.99,3.26,0.00,0.00,S,,,USD,GC
70025444,03050,01,1,20260510,202144,000000005103,3,6.99,20.97,0.00,0.00,S,6086338392,,USD,CC
70025444,03050,01,2,20260510,202144,000000561002,1,7.49,7.49,0.00,0.47,S,6086338392,,USD,CC
70025444,03050,01,3,20260510,202144,000004482003,1,5.49,5.49,0.00,0.34,S,6086338392,,USD,CC
70025445,03050,01,1,20260510,172943,000004492002,1,1.49,1.49,0.37,0.07,S,,PC26W15,USD,GC
70025445,03050,01,2,20260510,172943,000000093401,1.294,5.49,7.10,0.00,0.00,S,,,USD,GC
70025446,03050,01,1,20260510,202931,000000561001,1,9.99,9.99,0.00,0.62,S,,,USD,CC
70025447,03050,03,1,20260510,142036,000000020201,1,5.49,5.49,0.00,0.00,S,,,USD,DB
70025447,03050,03,2,20260510,142036,000000093501,1,4.49,4.49,0.00,0.00,S,,,USD,DB
70025448,03050,01,1,20260510,172057,000000562001,2,10.99,21.98,0.00,1.37,S,6077251996,,USD,DB
70025448,03050,01,2,20260510,172057,000000040101,0.681,18.99,12.93,0.00,0.00,S,6077251996,,USD,DB
70025448,03050,01,3,20260510,172057,000004471040,1,2.49,2.49,0.00,0.16,S,6077251996,,USD,DB
70025448,03050,01,4,20260510,172057,000000005201,1,3.99,3.99,0.00,0.00,S,6077251996,,USD,DB
70025448,03050,01,5,20260510,172057,000000020101,1,2.49,2.49,0.62,0.00,S,6077251996,PC26W15,USD,DB
70025449,03050,02,1,20260510,101600,000000561002,1,7.49,7.49,0.00,0.47,S,,,USD,CC
70025449,03050,02,2,20260510,101600,000000040203,2,11.99,23.98,0.00,0.00,S,,,USD,CC
70025450,03050,03,1,20260510,175832,000004491002,2,6.99,13.98,0.00,0.87,S,,,USD,DB
70025450,03050,03,2,20260510,175832,000004471030,1,3.99,3.99,0.00,0.25,S,,,USD,DB
70025450,03050,03,3,20260510,175832,000000093503,2,4.29,8.58,0.00,0.00,S,,,USD,DB
70025450,03050,03,4,20260510,175832,000004481003,1,4.99,4.99,0.00,0.31,S,,,USD,DB
70025451,03050,02,1,20260510,144201,000000552002,1,3.99,3.99,0.00,0.25,S,,,USD,DB
70025452,00317,06,1,20260510,130506,000000094103,1,5.19,5.19,0.00,0.00,S,6082082973,,CAD,DB
70025452,00317,06,2,20260510,130506,000004482001,1,18.99,18.99,0.00,1.19,S,6082082973,,CAD,DB
70025452,00317,06,3,20260510,130506,000000562001,1,14.89,14.89,0.00,0.93,S,6082082973,,CAD,DB
70025453,00317,02,1,20260510,81656,000004482001,2,18.99,37.98,0.00,2.37,S,6017899698,,CAD,CS
70025453,00317,02,2,20260510,81656,000000093503,1,5.79,5.79,0.00,0.00,S,6017899698,,CAD,CS
70025453,00317,02,3,20260510,81656,000000030103,1,12.19,12.19,3.05,0.00,S,6017899698,PC26W15,CAD,CS
70025453,00317,02,4,20260510,81656,000004473002,1,3.79,3.79,0.00,0.24,S,6017899698,,CAD,CS
70025453,00317,02,5,20260510,81656,000000040201,2,12.19,24.38,0.00,0.00,S,6017899698,,CAD,CS
70025454,00317,06,1,20260510,83132,000004481003,1,6.79,6.79,0.00,0.42,S,,,CAD,GC
70025454,00317,06,2,20260510,83132,000004493002,1,5.39,5.39,0.00,0.34,S,,,CAD,GC
70025454,00317,06,3,20260510,83132,000000020101,1,3.39,3.39,0.85,0.00,S,,PC26W15,CAD,GC
70025454,00317,06,4,20260510,83132,000004473001,1,4.09,4.09,0.00,0.26,S,,,CAD,GC
70025455,00317,04,1,20260510,182027,000004483001,1,6.79,6.79,0.00,0.42,S,6041132579,,CAD,GC
70025456,00317,05,1,20260510,194952,000000020103,1,6.79,6.79,0.00,0.00,S,6005830033,,CAD,GC
70025456,00317,05,2,20260510,194952,000000020102,1,4.69,4.69,1.17,0.00,S,6005830033,PC26W15,CAD,GC
70025457,00317,04,1,20260510,172437,000000093325,0.316,5.39,1.70,0.00,0.00,S,,,CAD,DB
70025457,00317,04,2,20260510,172437,000004483001,1,6.79,6.79,0.00,0.42,S,,,CAD,DB
70025457,00317,04,3,20260510,172437,000004493002,2,5.39,10.78,0.00,0.67,S,,,CAD,DB
70025457,00317,04,4,20260510,172437,000004492001,1,2.39,2.39,0.00,0.15,S,,,CAD,DB
70025457,00317,04,5,20260510,172437,000000093502,1,5.39,5.39,0.00,0.00,S,,,CAD,DB
70025458,00317,01,1,20260510,202230,000004492050,1,2.99,2.99,0.00,0.19,S,,,CAD,CC
70025458,00317,01,2,20260510,202230,000004471040,1,3.39,3.39,0.00,0.21,S,,,CAD,CC
70025458,00317,01,3,20260510,202230,000004473001,1,4.09,4.09,0.00,0.26,S,,,CAD,CC
70025458,00317,01,4,20260510,202230,000000020103,1,6.79,6.79,0.00,0.00,S,,,CAD,CC
70025459,00317,04,1,20260510,94245,000000005102,2,7.49,14.98,0.00,0.00,S,,,CAD,CC
70025459,00317,04,2,20260510,94245,000000020101,2,3.39,6.78,1.70,0.00,S,,PC26W15,CAD,CC
70025459,00317,04,3,20260510,94245,000000562002,1,11.49,11.49,0.00,0.72,S,,,CAD,CC
70025460,00317,05,1,20260510,114612,000004472002,1,6.09,6.09,1.52,0.29,S,,PC26W15,CAD,CS
70025460,00317,05,2,20260510,114612,000004491002,1,9.49,9.49,0.00,0.59,S,,,CAD,CS
70025461,00322,01,1,20260510,82820,000000005202,1,8.09,8.09,0.00,0.00,S,,,CAD,CC
70025461,00322,01,2,20260510,82820,000004473003,1,4.69,4.69,0.00,0.29,S,,,CAD,CC
70025461,00322,01,3,20260510,82820,000000040203,2,16.29,32.58,0.00,0.00,S,,,CAD,CC
70025461,00322,01,4,20260510,82820,000000005102,1,7.49,7.49,0.00,0.00,S,,,CAD,CC
70025461,00322,01,5,20260510,82820,000004483001,1,6.79,6.79,0.00,0.42,S,,,CAD,CC
70025462,00322,03,1,20260510,211922,000000020103,1,6.79,6.79,0.00,0.00,S,,,CAD,DB
70025462,00322,03,2,20260510,211922,000000005202,1,8.09,8.09,0.00,0.00,S,,,CAD,DB
70025462,00322,03,3,20260510,211922,000004473001,1,4.09,4.09,0.00,0.26,S,,,CAD,DB
70025462,00322,03,4,20260510,211922,000004472002,1,6.09,6.09,1.52,0.29,S,,PC26W15,CAD,DB
70025463,00322,01,1,20260510,81053,000004481003,1,6.79,6.79,0.00,0.42,S,,,CAD,DB
70025463,00322,01,2,20260510,81053,000004482002,2,24.49,48.98,0.00,3.06,S,,,CAD,DB
70025463,00322,01,3,20260510,81053,000004483002,1,4.69,4.69,0.00,0.29,S,,,CAD,DB
70025463,00322,01,4,20260510,81053,000000094301,1.654,5.99,9.91,0.00,0.00,S,,,CAD,DB
70025463,00322,01,5,20260510,81053,000000030202,1,15.59,15.59,0.00,0.00,S,,,CAD,DB
70025464,00322,05,1,20260510,145827,000000005301,2,7.49,14.98,0.00,0.00,S,6024214955,,CAD,DB
70025464,00322,05,2,20260510,145827,000004492001,1,2.39,2.39,0.00,0.15,S,6024214955,,CAD,DB
70025465,00322,01,1,20260510,84918,000004492003,1,3.09,3.09,0.00,0.19,S,,,CAD,CC
70025465,00322,01,2,20260510,84918,000000040102,0.928,23.09,21.43,0.00,0.00,S,,,CAD,CC
70025466,01042,04,1,20260511,120414,000004472002,2,4.49,8.98,2.25,0.42,S,,PC26W15,USD,CC
70025467,01042,02,1,20260511,111431,000004482003,1,5.49,5.49,0.00,0.34,S,,,USD,CC
70025467,01042,02,2,20260511,111431,000000005302,1,3.49,3.49,0.00,0.00,S,,,USD,CC
70025467,01042,02,3,20260511,111431,000004493001,1,5.49,5.49,0.00,0.34,S,,,USD,CC
70025468,01042,04,1,20260511,144051,000000005013,1,3.89,3.89,0.00,0.00,S,6063296762,,USD,CS
70025468,01042,04,2,20260511,144051,000004472002,3,4.49,13.47,3.37,0.63,S,6063296762,PC26W15,USD,CS
70025468,01042,04,3,20260511,144051,000000094103,1,3.79,3.79,0.00,0.00,S,6063296762,,USD,CS
70025468,01042,04,4,20260511,144051,000000094101,2,3.99,7.98,0.00,0.00,S,6063296762,,USD,CS
70025468,01042,04,5,20260511,144051,000000094201,1.122,1.69,1.90,0.00,0.00,S,6063296762,,USD,CS
70025469,01042,06,1,20260511,152919,000000093502,1,3.99,3.99,0.00,0.00,S,,,USD,DB
70025470,01042,05,1,20260511,94350,000004472002,1,4.49,4.49,1.12,0.21,S,,PC26W15,USD,DB
70025471,01042,06,1,20260511,170515,000004492002,1,1.49,1.49,0.37,0.07,S,,PC26W15,USD,DB
70025471,01042,06,2,20260511,170515,000004472002,1,4.49,4.49,1.12,0.21,S,,PC26W15,USD,DB
70025471,01042,06,3,20260511,170515,000004482003,1,5.49,5.49,0.00,0.34,S,,,USD,DB
70025472,01042,02,1,20260511,122136,000000093503,1,4.29,4.29,0.00,0.00,S,6034362948,,USD,CC
70025472,01042,02,2,20260511,122136,000000094101,1,3.99,3.99,0.00,0.00,S,6034362948,,USD,CC
70025473,01042,06,1,20260511,172638,000004471040,1,2.49,2.49,0.00,0.16,S,,,USD,DB
70025473,01042,06,2,20260511,172638,000004481003,3,4.99,14.97,0.00,0.94,S,,,USD,DB
70025473,01042,06,3,20260511,172638,000000561001,1,9.99,9.99,0.00,0.62,S,,,USD,DB
70025473,01042,06,4,20260511,172638,000004472003,1,3.29,3.29,0.00,0.21,S,,,USD,DB
70025473,01042,06,5,20260511,172638,000000020201,2,5.49,10.98,0.00,0.00,S,,,USD,DB
70025473,01042,06,6,20260511,172638,000000551021,2,11.99,23.98,6.00,1.12,S,,PC26W15,USD,DB
70025474,01042,03,1,20260511,92022,000004482002,1,17.99,17.99,0.00,1.12,S,6017993136,,USD,DB
70025474,01042,03,2,20260511,92022,000000005020,1,4.49,4.49,0.00,0.00,S,6017993136,,USD,DB
70025475,02210,03,1,20260511,165013,000000094102,2,3.49,6.98,0.00,0.00,S,,,USD,CC
70025475,02210,03,2,20260511,165013,000000040201,1,8.99,8.99,0.00,0.00,S,,,USD,CC
70025475,02210,03,3,20260511,165013,000000040102,1.849,16.99,31.41,0.00,0.00,S,,,USD,CC
70025475,02210,03,4,20260511,165013,000004473002,1,2.79,2.79,0.00,0.17,S,,,USD,CC
70025475,02210,03,5,20260511,165013,000004491003,1,1.99,1.99,0.00,0.12,S,,,USD,CC
70025475,02210,03,6,20260511,165013,000004471023,2,3.49,6.98,0.00,0.44,S,,,USD,CC
70025476,02210,02,1,20260511,102601,000004472002,1,4.49,4.49,1.12,0.21,S,,PC26W15,USD,CC
70025476,02210,02,2,20260511,102601,000004483002,1,3.49,3.49,0.00,0.22,S,,,USD,CC
70025476,02210,02,3,20260511,102601,000000094203,0.268,1.49,0.40,0.00,0.00,S,,,USD,CC
70025476,02210,02,4,20260511,102601,000004483002,1,3.49,3.49,0.00,0.22,S,,,USD,CC
70025476,02210,02,5,20260511,102601,000004492001,1,1.79,1.79,0.00,0.11,S,,,USD,CC
70025477,02210,06,1,20260511,115413,000004472002,1,4.49,4.49,1.12,0.21,S,,PC26W15,USD,GC
70025477,02210,06,2,20260511,115413,000000093321,0.697,1.49,1.04,0.00,0.00,S,,,USD,GC
70025477,02210,06,3,20260511,115413,000000005301,1,5.49,5.49,0.00,0.00,S,,,USD,GC
70025477,02210,06,4,20260511,115413,000000005302,1,3.49,3.49,0.00,0.00,S,,,USD,GC
70025477,02210,06,5,20260511,115413,000004482002,1,17.99,17.99,0.00,1.12,S,,,USD,GC
70025477,02210,06,6,20260511,115413,000000020101,1,2.49,2.49,0.62,0.00,S,,PC26W15,USD,GC
70025478,02210,05,1,20260511,165437,000004472002,1,4.49,4.49,1.12,0.21,S,6025730662,PC26W15,USD,GC
70025478,02210,05,2,20260511,165437,000000093325,1.349,3.99,5.38,0.00,0.00,S,6025730662,,USD,GC
70025478,02210,05,3,20260511,165437,000000561001,1,9.99,9.99,0.00,0.62,S,6025730662,,USD,GC
70025478,02210,05,4,20260511,165437,000000005020,1,4.49,4.49,0.00,0.00,S,6025730662,,USD,GC
70025479,02210,05,1,20260511,140943,000000093321,2.075,1.49,3.09,0.00,0.00,S,,,USD,CS
70025479,02210,05,2,20260511,140943,000000005302,1,3.49,3.49,0.00,0.00,S,,,USD,CS
70025479,02210,05,3,20260511,140943,000000094102,1,3.49,3.49,0.00,0.00,S,,,USD,CS
70025479,02210,05,4,20260511,140943,000000093502,1,3.99,3.99,0.00,0.00,S,,,USD,CS
70025479,02210,05,5,20260511,140943,000000005201,1,3.99,3.99,0.00,0.00,S,,,USD,CS
70025479,02210,05,6,20260511,140943,000000005012,1,3.99,3.99,0.00,0.00,S,,,USD,CS
70025480,02210,06,1,20260511,110450,000004491003,1,1.99,1.99,0.00,0.12,S,,,USD,GC
70025480,02210,06,2,20260511,110450,000000094102,1,3.49,3.49,0.00,0.00,S,,,USD,GC
70025480,02210,06,3,20260511,110450,000000040202,1,14.99,14.99,0.00,0.00,S,,,USD,GC
70025480,02210,06,4,20260511,110450,000000005020,1,4.49,4.49,0.00,0.00,S,,,USD,GC
70025480,02210,06,5,20260511,110450,000004483002,3,3.49,10.47,0.00,0.65,S,,,USD,GC
70025480,02210,06,6,20260511,110450,000000031102,0.406,19.99,8.12,0.00,0.00,S,,,USD,GC
70025481,02210,03,1,20260511,124915,000000040202,1,14.99,14.99,0.00,0.00,S,,,USD,CC
70025482,02210,02,1,20260511,205815,000000093410,0.267,3.99,1.07,0.00,0.00,S,6096111102,,USD,DB
70025482,02210,02,2,20260511,205815,000000552001,1,4.49,4.49,0.00,0.28,S,6096111102,,USD,DB
70025482,02210,02,3,20260511,205815,000000020102,1,3.49,3.49,0.87,0.00,S,6096111102,PC26W15,USD,DB
70025483,02210,03,1,20260511,215117,000004472003,1,3.29,3.29,0.00,0.21,S,,,USD,DB
70025483,02210,03,2,20260511,215117,000000020101,1,2.49,2.49,0.62,0.00,S,,PC26W15,USD,DB
70025484,02210,05,1,20260511,173038,000000005012,1,3.99,3.99,0.00,0.00,S,,,USD,CC
70025484,02210,05,2,20260511,173038,000000005302,1,3.49,3.49,0.00,0.00,S,,,USD,CC
70025485,02211,04,1,20260511,154031,000004472003,1,3.29,3.29,0.00,0.21,S,6054384046,,USD,DB
70025485,02211,04,2,20260511,154031,000000020202,2,5.99,11.98,0.00,0.00,S,6054384046,,USD,DB
70025486,02211,06,1,20260511,92558,000000093410,0.557,3.99,2.22,0.00,0.00,S,,,USD,DB
70025487,02211,05,1,20260511,81921,000000005013,2,3.89,7.78,0.00,0.00,S,6036279246,,USD,CS
70025487,02211,05,2,20260511,81921,000004472003,1,3.29,3.29,0.00,0.21,S,6036279246,,USD,CS
70025488,02305,06,1,20260511,203411,000000551021,1,11.99,11.99,3.00,0.56,S,,PC26W15,USD,CS
70025488,02305,06,2,20260511,203411,000000094302,1.580,5.49,8.67,0.00,0.00,S,,,USD,CS
70025488,02305,06,3,20260511,203411,000000040102,0.714,16.99,12.13,0.00,0.00,S,,,USD,CS
70025489,02305,02,1,20260511,124933,000000005102,2,5.49,10.98,0.00,0.00,S,,,USD,CS
70025489,02305,02,2,20260511,124933,000000094201,1.468,1.69,2.48,0.00,0.00,S,,,USD,CS
70025490,02305,02,1,20260511,184014,000004493001,1,5.49,5.49,0.00,0.34,S,,,USD,CC
70025490,02305,02,2,20260511,184014,000000005201,1,3.99,3.99,0.00,0.00,S,,,USD,CC
70025490,02305,02,3,20260511,184014,000000094101,1,3.99,3.99,0.00,0.00,S,,,USD,CC
70025490,02305,02,4,20260511,184014,000000031102,1.183,19.99,23.65,0.00,0.00,S,,,USD,CC
70025490,02305,02,5,20260511,184014,000000005103,1,6.99,6.99,0.00,0.00,S,,,USD,CC
70025490,02305,02,6,20260511,184014,000004472003,1,3.29,3.29,0.00,0.21,S,,,USD,CC
70025490,02305,02,7,20260511,184014,000000005201,1,3.99,3.99,0.00,0.00,V,,,USD,CC
70025491,02305,04,1,20260511,120451,000004471040,2,2.49,4.98,0.00,0.31,S,,,USD,CC
70025491,02305,04,2,20260511,120451,000004473001,2,2.99,5.98,0.00,0.37,S,,,USD,CC
70025492,02305,02,1,20260511,173618,000000005201,1,3.99,3.99,0.00,0.00,S,,,USD,DB
70025492,02305,02,2,20260511,173618,000004471040,2,2.49,4.98,0.00,0.31,S,,,USD,DB
70025492,02305,02,3,20260511,173618,000000094302,1.831,5.49,10.05,0.00,0.00,S,,,USD,DB
70025492,02305,02,4,20260511,173618,000000031101,0.668,24.99,16.69,0.00,0.00,S,,,USD,DB
70025492,02305,02,5,20260511,173618,000000093322,0.940,1.99,1.87,0.00,0.00,S,,,USD,DB
70025492,02305,02,6,20260511,173618,000004493001,1,5.49,5.49,0.00,0.34,S,,,USD,DB
70025493,02305,04,1,20260511,94431,000000562001,1,10.99,10.99,0.00,0.69,S,,,USD,DB
70025493,02305,04,2,20260511,94431,000004491002,1,6.99,6.99,0.00,0.44,S,,,USD,DB
70025493,02305,04,3,20260511,94431,000000005302,1,3.49,3.49,0.00,0.00,S,,,USD,DB
70025493,02305,04,4,20260511,94431,000000005201,1,3.99,3.99,0.00,0.00,S,,,USD,DB
70025494,02305,05,1,20260511,154804,000000040203,1,11.99,11.99,0.00,0.00,S,6077687290,,USD,CC
70025494,02305,05,2,20260511,154804,000004472002,1,4.49,4.49,1.12,0.21,S,6077687290,PC26W15,USD,CC
70025494,02305,05,3,20260511,154804,000000551021,1,11.99,11.99,3.00,0.56,S,6077687290,PC26W15,USD,CC
70025495,02305,06,1,20260511,90604,000004491002,1,6.99,6.99,0.00,0.44,S,6023478519,,USD,GC
70025495,02305,06,2,20260511,90604,000004491003,1,1.99,1.99,0.00,0.12,S,6023478519,,USD,GC
70025495,02305,06,3,20260511,90604,000000094101,1,3.99,3.99,0.00,0.00,S,6023478519,,USD,GC
70025495,02305,06,4,20260511,90604,000004471040,1,2.49,2.49,0.00,0.16,S,6023478519,,USD,GC
70025496,03050,02,1,20260511,125749,000004493002,2,3.99,7.98,0.00,0.50,S,6072266025,,USD,CC
70025496,03050,02,2,20260511,125749,000004491003,1,1.99,1.99,0.00,0.12,S,6072266025,,USD,CC
70025497,03050,02,1,20260511,184650,000000093501,1,4.49,4.49,0.00,0.00,S,,,USD,DB
70025497,03050,02,2,20260511,184650,000004493001,1,5.49,5.49,0.00,0.34,S,,,USD,DB
70025497,03050,02,3,20260511,184650,000000094103,1,3.79,3.79,0.00,0.00,S,,,USD,DB
70025497,03050,02,4,20260511,184650,000000005301,1,5.49,5.49,0.00,0.00,S,,,USD,DB
70025497,03050,02,5,20260511,184650,000000030203,1,8.49,8.49,0.00,0.00,S,,,USD,DB
70025498,03050,03,1,20260511,105304,000000030102,1,14.99,14.99,0.00,0.00,S,,,USD,GC
70025498,03050,03,2,20260511,105304,000000094101,1,3.99,3.99,0.00,0.00,S,,,USD,GC
70025498,03050,03,3,20260511,105304,000000020202,1,5.99,5.99,0.00,0.00,S,,,USD,GC
70025498,03050,03,4,20260511,105304,000000040203,1,11.99,11.99,0.00,0.00,S,,,USD,GC
70025498,03050,03,5,20260511,105304,000004483002,1,3.49,3.49,0.00,0.22,S,,,USD,GC
70025499,03050,02,1,20260511,160036,000004482002,1,17.99,17.99,0.00,1.12,S,6050124955,,USD,CC
70025499,03050,02,2,20260511,160036,000000020102,1,3.49,3.49,0.87,0.00,S,6050124955,PC26W15,USD,CC
70025499,03050,02,3,20260511,160036,000000030103,1,8.99,8.99,2.25,0.00,S,6050124955,PC26W15,USD,CC
70025499,03050,02,4,20260511,160036,000000094101,2,3.99,7.98,0.00,0.00,S,6050124955,,USD,CC
70025499,03050,02,5,20260511,160036,000004471040,1,2.49,2.49,0.00,0.16,S,6050124955,,USD,CC
70025500,03050,02,1,20260511,142059,000000094103,2,3.79,7.58,0.00,0.00,S,6032484137,,USD,CC
70025500,03050,02,2,20260511,142059,000004472003,1,3.29,3.29,0.00,0.21,S,6032484137,,USD,CC
70025500,03050,02,3,20260511,142059,000000040101,2.007,18.99,38.11,0.00,0.00,S,6032484137,,USD,CC
70025500,03050,02,4,20260511,142059,000000030201,1,9.99,9.99,0.00,0.00,S,6032484137,,USD,CC
70025500,03050,02,5,20260511,142059,000000093322,1.644,1.99,3.27,0.00,0.00,S,6032484137,,USD,CC
70025501,03050,05,1,20260511,141101,000004481003,2,4.99,9.98,0.00,0.62,S,,,USD,CC
70025501,03050,05,2,20260511,141101,000004473001,1,2.99,2.99,0.00,0.19,S,,,USD,CC
70025501,03050,05,3,20260511,141101,000004492002,1,1.49,1.49,0.37,0.07,S,,PC26W15,USD,CC
70025502,03050,01,1,20260511,190356,000000551021,1,11.99,11.99,3.00,0.56,S,6022753046,PC26W15,USD,CC
70025502,03050,01,2,20260511,190356,000000020202,1,5.99,5.99,0.00,0.00,S,6022753046,,USD,CC
70025502,03050,01,3,20260511,190356,000000562001,1,10.99,10.99,0.00,0.69,S,6022753046,,USD,CC
70025502,03050,01,4,20260511,190356,000000020201,1,5.49,5.49,0.00,0.00,S,6022753046,,USD,CC
70025502,03050,01,5,20260511,190356,000000020201,1,5.49,5.49,0.00,0.00,V,6022753046,,USD,CC
70025503,03050,05,1,20260511,173325,000004481003,3,4.99,14.97,0.00,0.94,S,,,USD,CC
70025504,00317,03,1,20260511,134401,000000020201,1,7.49,7.49,0.00,0.00,S,6038105955,,CAD,CS
70025504,00317,03,2,20260511,134401,000000093322,0.795,2.69,2.14,0.00,0.00,S,6038105955,,CAD,CS
70025504,00317,03,3,20260511,134401,000004472002,1,6.09,6.09,1.52,0.29,S,6038105955,PC26W15,CAD,CS
70025504,00317,03,4,20260511,134401,000004492003,2,3.09,6.18,0.00,0.39,S,6038105955,,CAD,CS
70025504,00317,03,5,20260511,134401,000000093321,2.196,1.99,4.37,0.00,0.00,S,6038105955,,CAD,CS
70025505,00317,01,1,20260511,174413,000000552001,1,6.09,6.09,0.00,0.38,S,6091508632,,CAD,DB
70025505,00317,01,2,20260511,174413,000000040203,2,16.29,32.58,0.00,0.00,S,6091508632,,CAD,DB
70025505,00317,01,3,20260511,174413,000000005302,1,4.69,4.69,0.00,0.00,S,6091508632,,CAD,DB
70025505,00317,01,4,20260511,174413,000000093322,1.745,2.69,4.69,0.00,0.00,S,6091508632,,CAD,DB
70025505,00317,01,5,20260511,174413,000000020101,1,3.39,3.39,0.85,0.00,S,6091508632,PC26W15,CAD,DB
70025506,00317,01,1,20260511,81013,000000020102,1,4.69,4.69,1.17,0.00,S,6018297168,PC26W15,CAD,DB
70025506,00317,01,2,20260511,81013,000000093325,1.242,5.39,6.69,0.00,0.00,S,6018297168,,CAD,DB
70025506,00317,01,3,20260511,81013,000000030103,2,12.19,24.38,6.09,0.00,S,6018297168,PC26W15,CAD,DB
70025506,00317,01,4,20260511,81013,000000020101,1,3.39,3.39,0.85,0.00,S,6018297168,PC26W15,CAD,DB
70025507,00317,02,1,20260511,190257,000004472001,1,5.39,5.39,0.00,0.34,S,,,CAD,CS
70025507,00317,02,2,20260511,190257,000004471023,2,4.69,9.38,0.00,0.59,S,,,CAD,CS
70025508,00317,04,1,20260511,161404,000000094301,0.389,5.99,2.33,0.00,0.00,S,6096180332,,CAD,GC
70025509,00317,06,1,20260511,202740,000000040203,1,16.29,16.29,0.00,0.00,S,,,CAD,CS
70025509,00317,06,2,20260511,202740,000004491003,1,2.69,2.69,0.00,0.17,S,,,CAD,CS
70025510,00317,05,1,20260511,72036,000000005013,1,5.29,5.29,0.00,0.00,S,6000170127,,CAD,GC
70025510,00317,05,2,20260511,72036,000000093502,2,5.39,10.78,0.00,0.00,S,6000170127,,CAD,GC
70025510,00317,05,3,20260511,72036,000004472003,2,4.49,8.98,0.00,0.56,S,6000170127,,CAD,GC
70025510,00317,05,4,20260511,72036,000000020102,1,4.69,4.69,1.17,0.00,S,6000170127,PC26W15,CAD,GC
70025511,00317,01,1,20260511,85924,000000030102,2,20.39,40.78,0.00,0.00,S,,,CAD,CC
70025511,00317,01,2,20260511,85924,000000005012,1,5.39,5.39,0.00,0.00,S,,,CAD,CC
70025512,00317,03,1,20260511,202914,000004491001,1,3.39,3.39,0.00,0.21,S,,,CAD,GC
70025512,00317,03,2,20260511,202914,000004471040,2,3.39,6.78,0.00,0.42,S,,,CAD,GC
70025512,00317,03,3,20260511,202914,000000030202,2,15.59,31.18,0.00,0.00,S,,,CAD,GC
70025512,00317,03,4,20260511,202914,000000031101,0.251,33.99,8.53,0.00,0.00,S,,,CAD,GC
70025513,00317,04,1,20260511,173131,000004471023,1,4.69,4.69,0.00,0.29,S,6000170127,,CAD,CC
70025513,00317,04,2,20260511,173131,000004471023,1,4.69,4.69,0.00,0.29,S,6000170127,,CAD,CC
70025513,00317,04,3,20260511,173131,000000562002,2,11.49,22.98,0.00,1.44,S,6000170127,,CAD,CC
70025513,00317,04,4,20260511,173131,000000551021,2,16.29,32.58,8.14,1.53,S,6000170127,PC26W15,CAD,CC
70025514,00317,02,1,20260511,130846,000000005201,1,5.39,5.39,0.00,0.00,S,6022397240,,CAD,CC
70025514,00317,02,2,20260511,130846,000000031101,1.784,33.99,60.64,0.00,0.00,S,6022397240,,CAD,CC
70025514,00317,02,3,20260511,130846,000000562001,1,14.89,14.89,0.00,0.93,S,6022397240,,CAD,CC
70025515,00317,06,1,20260511,143355,000000094301,2.153,5.99,12.90,0.00,0.00,S,6078291146,,CAD,CC
70025515,00317,06,2,20260511,143355,000004481001,1,10.89,10.89,0.00,0.68,S,6078291146,,CAD,CC
70025515,00317,06,3,20260511,143355,000000093402,1.983,4.49,8.90,0.00,0.00,S,6078291146,,CAD,CC
70025515,00317,06,4,20260511,143355,000000093503,1,5.79,5.79,0.00,0.00,S,6078291146,,CAD,CC
70025515,00317,06,5,20260511,143355,000000093501,3,6.09,18.27,0.00,0.00,S,6078291146,,CAD,CC
70025515,00317,06,6,20260511,143355,000000093322,2.070,2.69,5.57,0.00,0.00,S,6078291146,,CAD,CC
70025516,00317,03,1,20260511,184325,000000005013,3,5.29,15.87,0.00,0.00,S,,,CAD,CS
70025516,00317,03,2,20260511,184325,000000020103,3,6.79,20.37,0.00,0.00,S,,,CAD,CS
70025516,00317,03,3,20260511,184325,000004472050,2,5.39,10.78,0.00,0.67,S,,,CAD,CS
70025516,00317,03,4,20260511,184325,000000094203,1.007,1.99,2.00,0.00,0.00,S,,,CAD,CS
70025516,00317,03,5,20260511,184325,000000551020,1,18.99,18.99,0.00,1.19,S,,,CAD,CS
70025517,00317,06,1,20260511,132435,000000552002,1,5.39,5.39,0.00,0.34,S,6013875927,,CAD,GC
70025517,00317,06,2,20260511,132435,000004473003,3,4.69,14.07,0.00,0.88,S,6013875927,,CAD,GC
70025518,00317,02,1,20260511,162824,000000020102,2,4.69,9.38,2.35,0.00,S,,PC26W15,CAD,CS
70025518,00317,02,2,20260511,162824,000000094103,1,5.19,5.19,0.00,0.00,S,,,CAD,CS
70025519,00317,02,1,20260511,105902,000000005201,1,5.39,5.39,0.00,0.00,S,6003926142,,CAD,CS
70025519,00317,02,2,20260511,105902,000000094301,0.382,5.99,2.29,0.00,0.00,S,6003926142,,CAD,CS
70025519,00317,02,3,20260511,105902,000000005202,2,8.09,16.18,0.00,0.00,S,6003926142,,CAD,CS
70025520,00322,03,1,20260511,205451,000000005013,2,5.29,10.58,0.00,0.00,S,,,CAD,CC
70025521,00322,05,1,20260511,72008,000004472002,1,6.09,6.09,1.52,0.29,S,6024120957,PC26W15,CAD,CS
70025521,00322,05,2,20260511,72008,000004491002,3,9.49,28.47,0.00,1.78,S,6024120957,,CAD,CS
70025521,00322,05,3,20260511,72008,000004473001,1,4.09,4.09,0.00,0.26,S,6024120957,,CAD,CS
70025521,00322,05,4,20260511,72008,000000005102,1,7.49,7.49,0.00,0.00,S,6024120957,,CAD,CS
70025522,00322,03,1,20260511,190201,000000093401,1.269,7.49,9.50,0.00,0.00,S,6091088398,,CAD,DB
70025522,00322,03,2,20260511,190201,000004492003,1,3.09,3.09,0.00,0.19,S,6091088398,,CAD,DB
70025523,00322,04,1,20260511,155058,000000562001,1,14.89,14.89,0.00,0.93,S,,,CAD,GC
70025523,00322,04,2,20260511,155058,000004472002,1,6.09,6.09,1.52,0.29,S,,PC26W15,CAD,GC
70025523,00322,04,3,20260511,155058,000004483002,1,4.69,4.69,0.00,0.29,S,,,CAD,GC
70025523,00322,04,4,20260511,155058,000004491001,1,3.39,3.39,0.00,0.21,S,,,CAD,GC
70025523,00322,04,5,20260511,155058,000000005201,1,5.39,5.39,0.00,0.00,S,,,CAD,GC
70025523,00322,04,6,20260511,155058,000000094203,0.440,1.99,0.88,0.00,0.00,S,,,CAD,GC
70025524,00322,01,1,20260511,122502,000004473003,3,4.69,14.07,0.00,0.88,S,,,CAD,CC
70025525,00322,03,1,20260511,212635,000000093402,1.310,4.49,5.88,0.00,0.00,S,6010414596,,CAD,CC
70025526,01042,06,1,20260512,194325,000000005302,1,3.49,3.49,0.00,0.00,S,,,USD,DB
70025526,01042,06,2,20260512,194325,000004472002,1,4.49,4.49,1.12,0.21,S,,PC26W15,USD,DB
70025526,01042,06,3,20260512,194325,000000094302,0.963,5.49,5.29,0.00,0.00,S,,,USD,DB
70025526,01042,06,4,20260512,194325,000000093401,0.483,5.49,2.65,0.00,0.00,S,,,USD,DB
70025526,01042,06,5,20260512,194325,000000005012,1,3.99,3.99,0.00,0.00,S,,,USD,DB
70025527,01042,01,1,20260512,174736,000000093503,1,4.29,4.29,0.00,0.00,S,6012209949,,USD,CS
70025527,01042,01,2,20260512,174736,000004472002,1,4.49,4.49,1.12,0.21,S,6012209949,PC26W15,USD,CS
70025528,01042,04,1,20260512,154937,000000020103,1,4.99,4.99,0.00,0.00,S,,,USD,CS
70025528,01042,04,2,20260512,154937,000000030203,1,8.49,8.49,0.00,0.00,S,,,USD,CS
70025528,01042,04,3,20260512,154937,000000005101,1,7.99,7.99,0.00,0.00,S,,,USD,CS
70025528,01042,04,4,20260512,154937,000000040203,1,11.99,11.99,0.00,0.00,S,,,USD,CS
70025528,01042,04,5,20260512,154937,000004491001,1,2.49,2.49,0.00,0.16,S,,,USD,CS
70025529,01042,06,1,20260512,164934,000004481001,1,7.99,7.99,0.00,0.50,S,,,USD,CC
70025529,01042,06,2,20260512,164934,000004471030,2,3.99,7.98,0.00,0.50,S,,,USD,CC
70025529,01042,06,3,20260512,164934,000000040101,2.093,18.99,39.75,0.00,0.00,S,,,USD,CC
70025530,01042,03,1,20260512,184158,000004491003,1,1.99,1.99,0.00,0.12,S,6078768868,,USD,CC
70025530,01042,03,2,20260512,184158,000004473002,1,2.79,2.79,0.00,0.17,S,6078768868,,USD,CC
70025530,01042,03,3,20260512,184158,000000005103,1,6.99,6.99,0.00,0.00,S,6078768868,,USD,CC
70025531,01042,01,1,20260512,102053,000004491002,1,6.99,6.99,0.00,0.44,S,6002992959,,USD,GC
70025531,01042,01,2,20260512,102053,000000093410,1.088,3.99,4.34,0.00,0.00,S,6002992959,,USD,GC
70025532,01042,05,1,20260512,201931,000000093322,1.943,1.99,3.87,0.00,0.00,S,,,USD,CC
70025532,01042,05,2,20260512,201931,000004473002,1,2.79,2.79,0.00,0.17,S,,,USD,CC
70025533,01042,05,1,20260512,173238,000000093410,1.909,3.99,7.62,0.00,0.00,S,,,USD,GC
70025533,01042,05,2,20260512,173238,000004481001,2,7.99,15.98,0.00,1.00,S,,,USD,GC
70025534,01042,03,1,20260512,124621,000000093325,1.911,3.99,7.62,0.00,0.00,S,6063351571,,USD,CC
70025535,01042,01,1,20260512,133102,000000040203,1,11.99,11.99,0.00,0.00,S,,,USD,CS
70025535,01042,01,2,20260512,133102,000000551021,1,11.99,11.99,3.00,0.56,S,,PC26W15,USD,CS
70025535,01042,01,3,20260512,133102,000000040201,1,8.99,8.99,0.00,0.00,S,,,USD,CS
70025535,01042,01,4,20260512,133102,000000093410,1.090,3.99,4.35,0.00,0.00,S,,,USD,CS
70025535,01042,01,5,20260512,133102,000000551021,1,11.99,11.99,3.00,0.56,S,,PC26W15,USD,CS
70025536,01042,04,1,20260512,133551,000000562001,1,10.99,10.99,0.00,0.69,S,,,USD,CS
70025536,01042,04,2,20260512,133551,000000040201,1,8.99,8.99,0.00,0.00,S,,,USD,CS
70025536,01042,04,3,20260512,133551,000000094302,0.463,5.49,2.54,0.00,0.00,S,,,USD,CS
70025536,01042,04,4,20260512,133551,000000005013,1,3.89,3.89,0.00,0.00,S,,,USD,CS
70025536,01042,04,5,20260512,133551,000004492002,1,1.49,1.49,0.37,0.07,S,,PC26W15,USD,CS
70025536,01042,04,6,20260512,133551,000004493002,1,3.99,3.99,0.00,0.25,S,,,USD,CS
70025537,01107,02,1,20260512,103326,000000040202,1,14.99,14.99,0.00,0.00,R,6068719120,,USD,CC
70025538,01107,05,1,20260512,124549,000004473002,1,2.79,2.79,0.00,0.17,S,6017310967,,USD,DB
70025538,01107,05,2,20260512,124549,000000020202,2,5.99,11.98,0.00,0.00,S,6017310967,,USD,DB
70025538,01107,05,3,20260512,124549,000000094203,2.113,1.49,3.15,0.00,0.00,S,6017310967,,USD,DB
70025539,01107,03,1,20260512,125128,000000005103,1,6.99,6.99,0.00,0.00,S,6017899698,,USD,GC
70025540,01107,05,1,20260512,163152,000000005301,1,5.49,5.49,0.00,0.00,S,,,USD,DB
70025541,01107,05,1,20260512,72225,000004472002,2,4.49,8.98,2.25,0.42,S,6031498643,PC26W15,USD,CS
70025542,01107,05,1,20260512,71208,000000094301,0.347,4.39,1.52,0.00,0.00,S,,,USD,CC
70025542,01107,05,2,20260512,71208,000004483001,1,4.99,4.99,0.00,0.31,S,,,USD,CC
70025542,01107,05,3,20260512,71208,000000040203,1,11.99,11.99,0.00,0.00,S,,,USD,CC
70025542,01107,05,4,20260512,71208,000000005202,1,5.99,5.99,0.00,0.00,S,,,USD,CC
70025542,01107,05,5,20260512,71208,000000040203,1,11.99,11.99,0.00,0.00,S,,,USD,CC
70025543,01107,05,1,20260512,200358,000004482003,1,5.49,5.49,0.00,0.34,S,6060798487,,USD,DB
70025543,01107,05,2,20260512,200358,000000094102,2,3.49,6.98,0.00,0.00,S,6060798487,,USD,DB
70025543,01107,05,3,20260512,200358,000004472002,1,4.49,4.49,1.12,0.21,S,6060798487,PC26W15,USD,DB
70025544,01107,03,1,20260512,95142,000000094103,1,3.79,3.79,0.00,0.00,S,,,USD,CC
70025544,01107,03,2,20260512,95142,000004481001,2,7.99,15.98,0.00,1.00,S,,,USD,CC
70025545,02210,01,1,20260512,114148,000000040202,1,14.99,14.99,0.00,0.00,S,,,USD,CC
70025545,02210,01,2,20260512,114148,000000005201,1,3.99,3.99,0.00,0.00,S,,,USD,CC
70025545,02210,01,3,20260512,114148,000000561002,1,7.49,7.49,0.00,0.47,S,,,USD,CC
70025545,02210,01,4,20260512,114148,000000031101,2.103,24.99,52.55,0.00,0.00,S,,,USD,CC
70025545,02210,01,5,20260512,114148,000000040101,1.280,18.99,24.31,0.00,0.00,S,,,USD,CC
70025545,02210,01,6,20260512,114148,000004473003,1,3.49,3.49,0.00,0.22,S,,,USD,CC
70025546,02210,02,1,20260512,124005,000000020102,1,3.49,3.49,0.87,0.00,S,,PC26W15,USD,CC
70025546,02210,02,2,20260512,124005,000004473002,1,2.79,2.79,0.00,0.17,S,,,USD,CC
70025546,02210,02,3,20260512,124005,000000005202,1,5.99,5.99,0.00,0.00,S,,,USD,CC
70025547,02210,05,1,20260512,135739,000004471023,1,3.49,3.49,0.00,0.22,S,,,USD,DB
70025547,02210,05,2,20260512,135739,000000005201,1,3.99,3.99,0.00,0.00,S,,,USD,DB
70025547,02210,05,3,20260512,135739,000000093501,1,4.49,4.49,0.00,0.00,S,,,USD,DB
70025548,02210,05,1,20260512,81629,000000561001,1,9.99,9.99,0.00,0.62,S,6006496935,,USD,GC
70025548,02210,05,2,20260512,81629,000004483001,1,4.99,4.99,0.00,0.31,S,6006496935,,USD,GC
70025548,02210,05,3,20260512,81629,000004471030,1,3.99,3.99,0.00,0.25,S,6006496935,,USD,GC
70025548,02210,05,4,20260512,81629,000000030103,2,8.99,17.98,4.50,0.00,S,6006496935,PC26W15,USD,GC
70025548,02210,05,5,20260512,81629,000004473001,1,2.99,2.99,0.00,0.19,S,6006496935,,USD,GC
70025549,02210,05,1,20260512,70741,000000030201,1,9.99,9.99,0.00,0.00,S,6017087601,,USD,CS
70025550,02210,03,1,20260512,214258,000004482001,2,13.99,27.98,0.00,1.75,S,,,USD,CC
70025551,02210,02,1,20260512,190735,000000020103,1,4.99,4.99,0.00,0.00,S,,,USD,DB
70025551,02210,02,2,20260512,190735,000000020201,2,5.49,10.98,0.00,0.00,S,,,USD,DB
70025551,02210,02,3,20260512,190735,000004493002,1,3.99,3.99,0.00,0.25,S,,,USD,DB
70025552,02210,06,1,20260512,200453,000004473001,1,2.99,2.99,0.00,0.19,S,,,USD,CS
70025552,02210,06,2,20260512,200453,000000031102,1.720,19.99,34.38,0.00,0.00,S,,,USD,CS
70025552,02210,06,3,20260512,200453,000000040202,1,14.99,14.99,0.00,0.00,S,,,USD,CS
70025553,02211,01,1,20260512,140648,000000005020,1,4.49,4.49,0.00,0.00,S,6082097023,,USD,GC
70025553,02211,01,2,20260512,140648,000004491002,2,6.99,13.98,0.00,0.87,S,6082097023,,USD,GC
70025553,02211,01,3,20260512,140648,000000093502,1,3.99,3.99,0.00,0.00,S,6082097023,,USD,GC
70025553,02211,01,4,20260512,140648,000000040102,1.316,16.99,22.36,0.00,0.00,S,6082097023,,USD,GC
70025553,02211,01,5,20260512,140648,000004483001,1,4.99,4.99,0.00,0.31,S,6082097023,,USD,GC
70025554,02211,06,1,20260512,110236,000000040102,1.642,16.99,27.90,0.00,0.00,S,6014477324,,USD,DB
70025554,02211,06,2,20260512,110236,000000093502,1,3.99,3.99,0.00,0.00,S,6014477324,,USD,DB
70025555,02211,01,1,20260512,122552,000000020201,1,5.49,5.49,0.00,0.00,S,6038167423,,USD,GC
70025556,02211,04,1,20260512,202158,000000005101,1,7.99,7.99,0.00,0.00,S,,,USD,CS
70025556,02211,04,2,20260512,202158,000000094302,0.968,5.49,5.31,0.00,0.00,S,,,USD,CS
70025556,02211,04,3,20260512,202158,000000561001,1,9.99,9.99,0.00,0.62,S,,,USD,CS
70025557,02211,06,1,20260512,143652,000000094302,2.091,5.49,11.48,0.00,0.00,S,,,USD,DB
70025557,02211,06,2,20260512,143652,000004492001,1,1.79,1.79,0.00,0.11,S,,,USD,DB
70025557,02211,06,3,20260512,143652,000000005020,1,4.49,4.49,0.00,0.00,S,,,USD,DB
70025558,02305,02,1,20260512,113846,000000005103,1,6.99,6.99,0.00,0.00,S,6034191825,,USD,DB
70025559,02305,02,1,20260512,144216,000000561002,1,7.49,7.49,0.00,0.47,S,,,USD,CS
70025560,02305,02,1,20260512,121232,000000093410,0.518,3.99,2.07,0.00,0.00,S,,,USD,CC
70025560,02305,02,2,20260512,121232,000000005102,3,5.49,16.47,0.00,0.00,S,,,USD,CC
70025560,02305,02,3,20260512,121232,000004471030,2,3.99,7.98,0.00,0.50,S,,,USD,CC
70025561,02305,05,1,20260512,144555,000000094201,1.512,1.69,2.56,0.00,0.00,S,6003579727,,USD,DB
70025562,02305,02,1,20260512,73924,000000040202,1,14.99,14.99,0.00,0.00,S,,,USD,CC
70025563,02305,03,1,20260512,105826,000000552001,1,4.49,4.49,0.00,0.28,S,6055416431,,USD,DB
70025564,02305,02,1,20260512,131436,000004471030,2,3.99,7.98,0.00,0.50,S,6050184819,,USD,CC
70025564,02305,02,2,20260512,131436,000000005201,1,3.99,3.99,0.00,0.00,S,6050184819,,USD,CC
70025564,02305,02,3,20260512,131436,000000552001,1,4.49,4.49,0.00,0.28,S,6050184819,,USD,CC
70025565,03050,02,1,20260512,200640,000000005102,2,5.49,10.98,0.00,0.00,S,,,USD,CC
70025565,03050,02,2,20260512,200640,000004481003,1,4.99,4.99,0.00,0.31,S,,,USD,CC
70025565,03050,02,3,20260512,200640,000000093501,1,4.49,4.49,0.00,0.00,S,,,USD,CC
70025566,03050,04,1,20260512,155040,000004472003,1,3.29,3.29,0.00,0.21,S,6068784991,,USD,CC
70025566,03050,04,2,20260512,155040,000000005201,1,3.99,3.99,0.00,0.00,S,6068784991,,USD,CC
70025567,03050,03,1,20260512,155526,000000561001,1,9.99,9.99,0.00,0.62,S,,,USD,DB
70025567,03050,03,2,20260512,155526,000000005020,1,4.49,4.49,0.00,0.00,S,,,USD,DB
70025567,03050,03,3,20260512,155526,000000551021,1,11.99,11.99,3.00,0.56,S,,PC26W15,USD,DB
70025568,03050,06,1,20260512,201357,000000005103,2,6.99,13.98,0.00,0.00,S,,,USD,GC
70025568,03050,06,2,20260512,201357,000000005013,1,3.89,3.89,0.00,0.00,S,,,USD,GC
70025568,03050,06,3,20260512,201357,000000031101,1.537,24.99,38.41,0.00,0.00,S,,,USD,GC
70025569,00317,05,1,20260512,191759,000000020103,1,6.79,6.79,0.00,0.00,S,6012229907,,CAD,DB
70025569,00317,05,2,20260512,191759,000004471040,1,3.39,3.39,0.00,0.21,S,6012229907,,CAD,DB
70025569,00317,05,3,20260512,191759,000000005301,1,7.49,7.49,0.00,0.00,S,6012229907,,CAD,DB
70025569,00317,05,4,20260512,191759,000000005302,1,4.69,4.69,0.00,0.00,S,6012229907,,CAD,DB
70025569,00317,05,5,20260512,191759,000000040102,1.530,23.09,35.33,0.00,0.00,S,6012229907,,CAD,DB
70025570,00317,04,1,20260512,171131,000004472001,1,5.39,5.39,0.00,0.34,S,6064455618,,CAD,CC
70025570,00317,04,2,20260512,171131,000000005201,1,5.39,5.39,0.00,0.00,S,6064455618,,CAD,CC
70025571,00317,05,1,20260512,132128,000000020102,1,4.69,4.69,1.17,0.00,S,,PC26W15,CAD,CC
70025571,00317,05,2,20260512,132128,000000031102,1.784,27.19,48.51,0.00,0.00,S,,,CAD,CC
70025572,00317,01,1,20260512,113729,000000005103,1,9.49,9.49,0.00,0.00,S,,,CAD,CC
70025572,00317,01,2,20260512,113729,000000094201,0.830,2.29,1.90,0.00,0.00,S,,,CAD,CC
70025573,00317,03,1,20260512,94915,000000093325,2.176,5.39,11.73,0.00,0.00,S,6005973642,,CAD,DB
70025574,00317,05,1,20260512,73547,000000561002,1,10.19,10.19,0.00,0.64,R,6013875927,,CAD,DB
70025575,00322,02,1,20260512,80556,000000040201,1,12.19,12.19,0.00,0.00,S,,,CAD,DB
70025575,00322,02,2,20260512,80556,000004481003,1,6.79,6.79,0.00,0.42,S,,,CAD,DB
70025575,00322,02,3,20260512,80556,000000005301,1,7.49,7.49,0.00,0.00,S,,,CAD,DB
70025576,00322,04,1,20260512,202737,000000005202,2,8.09,16.18,0.00,0.00,S,,,CAD,GC
70025576,00322,04,2,20260512,202737,000000093401,0.480,7.49,3.60,0.00,0.00,S,,,CAD,GC
70025577,00322,03,1,20260512,112214,000000040101,1.002,25.79,25.84,0.00,0.00,S,,,CAD,CC
70025577,00322,03,2,20260512,112214,000004473001,1,4.09,4.09,0.00,0.26,S,,,CAD,CC
70025577,00322,03,3,20260512,112214,000000040102,0.904,23.09,20.87,0.00,0.00,S,,,CAD,CC
70025578,00322,02,1,20260512,164729,000000005020,2,6.09,12.18,0.00,0.00,S,,,CAD,CC
70025578,00322,02,2,20260512,164729,000000040202,1,20.39,20.39,0.00,0.00,S,,,CAD,CC
70025578,00322,02,3,20260512,164729,000004472002,1,6.09,6.09,1.52,0.29,S,,PC26W15,CAD,CC
70025579,00322,04,1,20260512,163308,000000005101,1,10.89,10.89,0.00,0.00,S,,,CAD,CC
70025579,00322,04,2,20260512,163308,000004471023,1,4.69,4.69,0.00,0.29,S,,,CAD,CC
70025580,00322,04,1,20260512,162148,000004491003,2,2.69,5.38,0.00,0.34,S,6028463985,,CAD,DB
70025580,00322,04,2,20260512,162148,000000005301,1,7.49,7.49,0.00,0.00,S,6028463985,,CAD,DB
70025580,00322,04,3,20260512,162148,000004483001,1,6.79,6.79,0.00,0.42,S,6028463985,,CAD,DB
70025580,00322,04,4,20260512,162148,000004491001,3,3.39,10.17,0.00,0.64,S,6028463985,,CAD,DB
70025580,00322,04,5,20260512,162148,000000040203,1,16.29,16.29,0.00,0.00,S,6028463985,,CAD,DB
70025580,00322,04,6,20260512,162148,000004493002,1,5.39,5.39,0.00,0.34,S,6028463985,,CAD,DB
70025581,01042,04,1,20260513,113044,000000094203,2.036,1.49,3.03,0.00,0.00,S,6052437729,,USD,CC
70025582,01042,04,1,20260513,130233,000000030201,1,9.99,9.99,0.00,0.00,S,,,USD,CC
70025583,01042,03,1,20260513,153318,000004471030,1,3.99,3.99,0.00,0.25,S,6079417634,,USD,DB
70025583,01042,03,2,20260513,153318,000000040201,2,8.99,17.98,0.00,0.00,S,6079417634,,USD,DB
70025584,01042,04,1,20260513,151815,000000030201,2,9.99,19.98,0.00,0.00,S,,,USD,CS
70025585,01042,05,1,20260513,91532,000004473001,2,2.99,5.98,0.00,0.37,S,,,USD,DB
70025585,01042,05,2,20260513,91532,000004473001,2,2.99,5.98,0.00,0.37,V,,,USD,DB
70025586,01107,03,1,20260513,71937,000000094101,2,3.99,7.98,0.00,0.00,S,,,USD,DB
70025586,01107,03,2,20260513,71937,000000020202,1,5.99,5.99,0.00,0.00,S,,,USD,DB
70025587,01107,05,1,20260513,211600,000000020102,1,3.49,3.49,0.87,0.00,S,6023046184,PC26W15,USD,DB
70025587,01107,05,2,20260513,211600,000000094201,0.563,1.69,0.95,0.00,0.00,S,6023046184,,USD,DB
70025587,01107,05,3,20260513,211600,000004482003,1,5.49,5.49,0.00,0.34,S,6023046184,,USD,DB
70025588,01107,04,1,20260513,165706,000000005101,1,7.99,7.99,0.00,0.00,S,6017392957,,USD,GC
70025589,01107,04,1,20260513,154321,000004471023,1,3.49,3.49,0.00,0.22,S,6064138367,,USD,GC
70025589,01107,04,2,20260513,154321,000000040202,1,14.99,14.99,0.00,0.00,S,6064138367,,USD,GC
70025590,01107,05,1,20260513,75914,000000093322,1.635,1.99,3.25,0.00,0.00,S,6095888794,,USD,CS
70025590,01107,05,2,20260513,75914,000004493002,1,3.99,3.99,0.00,0.25,S,6095888794,,USD,CS
70025591,02210,03,1,20260513,140614,000004471023,1,3.49,3.49,0.00,0.22,S,,,USD,CC
70025591,02210,03,2,20260513,140614,000000005013,3,3.89,11.67,0.00,0.00,S,,,USD,CC
70025591,02210,03,3,20260513,140614,000000005103,3,6.99,20.97,0.00,0.00,S,,,USD,CC
70025591,02210,03,4,20260513,140614,000000005102,1,5.49,5.49,0.00,0.00,S,,,USD,CC
70025592,02210,03,1,20260513,70433,000000005020,1,4.49,4.49,0.00,0.00,S,,,USD,CC
70025592,02210,03,2,20260513,70433,000000020101,1,2.49,2.49,0.62,0.00,S,,PC26W15,USD,CC
70025593,02210,05,1,20260513,83156,000000020102,1,3.49,3.49,0.87,0.00,S,,PC26W15,USD,CS
70025593,02210,05,2,20260513,83156,000000551021,3,11.99,35.97,8.99,1.69,S,,PC26W15,USD,CS
70025594,02210,03,1,20260513,163811,000000094202,0.609,1.99,1.21,0.00,0.00,S,,,USD,DB
70025594,02210,03,2,20260513,163811,000000030103,1,8.99,8.99,2.25,0.00,S,,PC26W15,USD,DB
70025594,02210,03,3,20260513,163811,000004471023,1,3.49,3.49,0.00,0.22,S,,,USD,DB
70025594,02210,03,4,20260513,163811,000004493001,2,5.49,10.98,0.00,0.69,S,,,USD,DB
70025594,02210,03,5,20260513,163811,000000562001,1,10.99,10.99,0.00,0.69,S,,,USD,DB
70025595,02210,01,1,20260513,84624,000000005101,3,7.99,23.97,0.00,0.00,S,,,USD,CS
70025596,02210,02,1,20260513,74228,000000005012,1,3.99,3.99,0.00,0.00,S,6077901475,,USD,CS
70025596,02210,02,2,20260513,74228,000004483002,1,3.49,3.49,0.00,0.22,S,6077901475,,USD,CS
70025597,02210,02,1,20260513,134343,000000093502,1,3.99,3.99,0.00,0.00,S,,,USD,CC
70025597,02210,02,2,20260513,134343,000000551021,1,11.99,11.99,3.00,0.56,S,,PC26W15,USD,CC
70025598,02210,06,1,20260513,164656,000004493001,1,5.49,5.49,0.00,0.34,S,6083046990,,USD,GC
70025598,02210,06,2,20260513,164656,000004483001,1,4.99,4.99,0.00,0.31,S,6083046990,,USD,GC
70025599,02210,03,1,20260513,182324,000000040102,1.075,16.99,18.26,0.00,0.00,S,6017656360,,USD,DB
70025599,02210,03,2,20260513,182324,000000094201,0.335,1.69,0.57,0.00,0.00,S,6017656360,,USD,DB
70025599,02210,03,3,20260513,182324,000004472001,1,3.99,3.99,0.00,0.25,S,6017656360,,USD,DB
70025599,02210,03,4,20260513,182324,000000551020,2,13.99,27.98,0.00,1.75,S,6017656360,,USD,DB
70025599,02210,03,5,20260513,182324,000000005202,1,5.99,5.99,0.00,0.00,S,6017656360,,USD,DB
70025599,02210,03,6,20260513,182324,000000551021,2,11.99,23.98,6.00,1.12,S,6017656360,PC26W15,USD,DB
70025600,02211,02,1,20260513,80136,000004472001,1,3.99,3.99,0.00,0.25,S,,,USD,CC
70025600,02211,02,2,20260513,80136,000000005012,1,3.99,3.99,0.00,0.00,S,,,USD,CC
70025600,02211,02,3,20260513,80136,000004473002,3,2.79,8.37,0.00,0.52,S,,,USD,CC
70025600,02211,02,4,20260513,80136,000000020103,1,4.99,4.99,0.00,0.00,S,,,USD,CC
70025600,02211,02,5,20260513,80136,000000093502,1,3.99,3.99,0.00,0.00,S,,,USD,CC
70025601,02211,06,1,20260513,141349,000000040102,0.919,16.99,15.61,0.00,0.00,S,6004102767,,USD,GC
70025601,02211,06,2,20260513,141349,000004482003,2,5.49,10.98,0.00,0.69,S,6004102767,,USD,GC
70025601,02211,06,3,20260513,141349,000000040201,1,8.99,8.99,0.00,0.00,S,6004102767,,USD,GC
70025601,02211,06,4,20260513,141349,000000005201,1,3.99,3.99,0.00,0.00,S,6004102767,,USD,GC
70025602,02211,02,1,20260513,184602,000000005103,1,6.99,6.99,0.00,0.00,S,,,USD,CC
70025602,02211,02,2,20260513,184602,000004471030,2,3.99,7.98,0.00,0.50,S,,,USD,CC
70025602,02211,02,3,20260513,184602,000000020102,1,3.49,3.49,0.87,0.00,S,,PC26W15,USD,CC
70025602,02211,02,4,20260513,184602,000000030203,1,8.49,8.49,0.00,0.00,S,,,USD,CC
70025603,02305,03,1,20260513,140251,000000551021,1,11.99,11.99,3.00,0.56,S,6004797480,PC26W15,USD,CS
70025603,02305,03,2,20260513,140251,000000040202,1,14.99,14.99,0.00,0.00,S,6004797480,,USD,CS
70025603,02305,03,3,20260513,140251,000000040101,0.453,18.99,8.60,0.00,0.00,S,6004797480,,USD,CS
70025604,02305,02,1,20260513,163004,000004483001,1,4.99,4.99,0.00,0.31,S,,,USD,DB
70025604,02305,02,2,20260513,163004,000000040102,1.720,16.99,29.22,0.00,0.00,S,,,USD,DB
70025605,02305,02,1,20260513,200817,000004471023,2,3.49,6.98,0.00,0.44,S,,,USD,DB
70025605,02305,02,2,20260513,200817,000000094301,0.944,4.39,4.14,0.00,0.00,S,,,USD,DB
70025606,02305,01,1,20260513,125802,000000005201,1,3.99,3.99,0.00,0.00,S,6068887189,,USD,CC
70025606,02305,01,2,20260513,125802,000000020201,1,5.49,5.49,0.00,0.00,S,6068887189,,USD,CC
70025606,02305,01,3,20260513,125802,000000551020,1,13.99,13.99,0.00,0.87,S,6068887189,,USD,CC
70025607,02305,04,1,20260513,120242,000000094201,0.961,1.69,1.62,0.00,0.00,S,6017722560,,USD,DB
70025607,02305,04,2,20260513,120242,000004472002,1,4.49,4.49,1.12,0.21,S,6017722560,PC26W15,USD,DB
70025607,02305,04,3,20260513,120242,000000005020,1,4.49,4.49,0.00,0.00,S,6017722560,,USD,DB
70025607,02305,04,4,20260513,120242,000000040101,1.626,18.99,30.88,0.00,0.00,S,6017722560,,USD,DB
70025607,02305,04,5,20260513,120242,000004473003,1,3.49,3.49,0.00,0.22,S,6017722560,,USD,DB
70025608,02305,04,1,20260513,122955,000004482003,2,5.49,10.98,0.00,0.69,S,6009938425,,USD,CS
70025608,02305,04,2,20260513,122955,000000005301,1,5.49,5.49,0.00,0.00,S,6009938425,,USD,CS
70025608,02305,04,3,20260513,122955,000000020101,1,2.49,2.49,0.62,0.00,S,6009938425,PC26W15,USD,CS
70025609,02305,04,1,20260513,152805,000000551021,1,11.99,11.99,3.00,0.56,S,6004023693,PC26W15,USD,CC
70025609,02305,04,2,20260513,152805,000004493002,1,3.99,3.99,0.00,0.25,S,6004023693,,USD,CC
70025609,02305,04,3,20260513,152805,000004492002,1,1.49,1.49,0.37,0.07,S,6004023693,PC26W15,USD,CC
70025610,02305,01,1,20260513,74422,000004482001,1,13.99,13.99,0.00,0.87,S,6077251996,,USD,GC
70025610,02305,01,2,20260513,74422,000004473002,3,2.79,8.37,0.00,0.52,S,6077251996,,USD,GC
70025611,02305,03,1,20260513,124558,000000551020,1,13.99,13.99,0.00,0.87,S,,,USD,CS
70025611,02305,03,2,20260513,124558,000004483001,1,4.99,4.99,0.00,0.31,S,,,USD,CS
70025611,02305,03,3,20260513,124558,000004473001,3,2.99,8.97,0.00,0.56,S,,,USD,CS
70025612,02305,02,1,20260513,110411,000000093410,1.407,3.99,5.61,0.00,0.00,S,,,USD,GC
70025612,02305,02,2,20260513,110411,000004482002,1,17.99,17.99,0.00,1.12,S,,,USD,GC
70025612,02305,02,3,20260513,110411,000004483002,1,3.49,3.49,0.00,0.22,S,,,USD,GC
70025612,02305,02,4,20260513,110411,000000020202,1,5.99,5.99,0.00,0.00,S,,,USD,GC
70025612,02305,02,5,20260513,110411,000000094102,1,3.49,3.49,0.00,0.00,S,,,USD,GC
70025613,02305,03,1,20260513,135338,000000005301,1,5.49,5.49,0.00,0.00,S,6010720113,,USD,CC
70025613,02305,03,2,20260513,135338,000000552001,2,4.49,8.98,0.00,0.56,S,6010720113,,USD,CC
70025613,02305,03,3,20260513,135338,000004472002,1,4.49,4.49,1.12,0.21,S,6010720113,PC26W15,USD,CC
70025614,03050,03,1,20260513,93456,000004481003,1,4.99,4.99,0.00,0.31,S,,,USD,CC
70025614,03050,03,2,20260513,93456,000000005012,1,3.99,3.99,0.00,0.00,S,,,USD,CC
70025614,03050,03,3,20260513,93456,000000094103,1,3.79,3.79,0.00,0.00,S,,,USD,CC
70025614,03050,03,4,20260513,93456,000004491003,1,1.99,1.99,0.00,0.12,S,,,USD,CC
70025614,03050,03,5,20260513,93456,000004473001,2,2.99,5.98,0.00,0.37,S,,,USD,CC
70025615,03050,01,1,20260513,112103,000004493001,1,5.49,5.49,0.00,0.34,S,,,USD,GC
70025615,03050,01,2,20260513,112103,000000552002,1,3.99,3.99,0.00,0.25,S,,,USD,GC
70025615,03050,01,3,20260513,112103,000004483002,1,3.49,3.49,0.00,0.22,S,,,USD,GC
70025615,03050,01,4,20260513,112103,000000020102,1,3.49,3.49,0.87,0.00,S,,PC26W15,USD,GC
70025615,03050,01,5,20260513,112103,000000551021,1,11.99,11.99,3.00,0.56,S,,PC26W15,USD,GC
70025615,03050,01,6,20260513,112103,000000030201,3,9.99,29.97,0.00,0.00,S,,,USD,GC
70025616,03050,05,1,20260513,160406,000000030202,3,11.49,34.47,0.00,0.00,S,6090463766,,USD,CS
70025616,03050,05,2,20260513,160406,000000005202,2,5.99,11.98,0.00,0.00,S,6090463766,,USD,CS
70025616,03050,05,3,20260513,160406,000000040101,1.377,18.99,26.15,0.00,0.00,S,6090463766,,USD,CS
70025617,03050,01,1,20260513,75838,000000040203,1,11.99,11.99,0.00,0.00,S,6051502675,,USD,CC
70025617,03050,01,2,20260513,75838,000000551020,1,13.99,13.99,0.00,0.87,S,6051502675,,USD,CC
70025618,03050,03,1,20260513,114616,000000040102,1.244,16.99,21.14,0.00,0.00,S,,,USD,CS
70025618,03050,03,2,20260513,114616,000004482001,1,13.99,13.99,0.00,0.87,S,,,USD,CS
70025618,03050,03,3,20260513,114616,000004472002,3,4.49,13.47,3.37,0.63,S,,PC26W15,USD,CS
70025619,03050,03,1,20260513,152821,000000005302,1,3.49,3.49,0.00,0.00,S,6029666676,,USD,GC
70025619,03050,03,2,20260513,152821,000000030203,1,8.49,8.49,0.00,0.00,S,6029666676,,USD,GC
70025619,03050,03,3,20260513,152821,000004472003,1,3.29,3.29,0.00,0.21,S,6029666676,,USD,GC
70025619,03050,03,4,20260513,152821,000000561002,1,7.49,7.49,0.00,0.47,S,6029666676,,USD,GC
70025620,03050,01,1,20260513,110220,000000020102,1,3.49,3.49,0.87,0.00,S,,PC26W15,USD,CS
70025620,03050,01,2,20260513,110220,000004473003,1,3.49,3.49,0.00,0.22,S,,,USD,CS
70025620,03050,01,3,20260513,110220,000000005013,1,3.89,3.89,0.00,0.00,S,,,USD,CS
70025620,03050,01,4,20260513,110220,000000005202,1,5.99,5.99,0.00,0.00,S,,,USD,CS
70025621,00317,05,1,20260513,115204,000000030101,2,9.49,18.98,0.00,0.00,S,,,CAD,GC
70025622,00317,01,1,20260513,81445,000004472050,1,5.39,5.39,0.00,0.34,S,6014708272,,CAD,CC
70025622,00317,01,2,20260513,81445,000004483002,1,4.69,4.69,0.00,0.29,S,6014708272,,CAD,CC
70025622,00317,01,3,20260513,81445,000000040203,1,16.29,16.29,0.00,0.00,S,6014708272,,CAD,CC
70025622,00317,01,4,20260513,81445,000004473001,1,4.09,4.09,0.00,0.26,S,6014708272,,CAD,CC
70025623,00317,05,1,20260513,212251,000004491001,1,3.39,3.39,0.00,0.21,S,6016477251,,CAD,DB
70025623,00317,05,2,20260513,212251,000000030103,1,12.19,12.19,3.05,0.00,S,6016477251,PC26W15,CAD,DB
70025623,00317,05,3,20260513,212251,000004492002,1,1.99,1.99,0.50,0.09,S,6016477251,PC26W15,CAD,DB
70025623,00317,05,4,20260513,212251,000000030202,2,15.59,31.18,0.00,0.00,S,6016477251,,CAD,DB
70025623,00317,05,5,20260513,212251,000000020202,2,8.09,16.18,0.00,0.00,S,6016477251,,CAD,DB
70025624,00317,05,1,20260513,115600,000000005012,1,5.39,5.39,0.00,0.00,S,,,CAD,CC
70025624,00317,05,2,20260513,115600,000000005301,1,7.49,7.49,0.00,0.00,S,,,CAD,CC
70025624,00317,05,3,20260513,115600,000000005102,2,7.49,14.98,0.00,0.00,S,,,CAD,CC
70025624,00317,05,4,20260513,115600,000000551021,2,16.29,32.58,8.14,1.53,S,,PC26W15,CAD,CC
70025625,00317,03,1,20260513,185412,000000005302,1,4.69,4.69,0.00,0.00,S,6011091939,,CAD,CC
70025625,00317,03,2,20260513,185412,000000020201,1,7.49,7.49,0.00,0.00,S,6011091939,,CAD,CC
70025625,00317,03,3,20260513,185412,000000030202,1,15.59,15.59,0.00,0.00,S,6011091939,,CAD,CC
70025626,00317,04,1,20260513,164519,000000093410,1.845,5.39,9.94,0.00,0.00,S,6041520850,,CAD,GC
70025627,00317,01,1,20260513,83114,000000020102,1,4.69,4.69,1.17,0.00,S,6079956353,PC26W15,CAD,DB
70025627,00317,01,2,20260513,83114,000000040201,1,12.19,12.19,0.00,0.00,S,6079956353,,CAD,DB
70025627,00317,01,3,20260513,83114,000000551021,2,16.29,32.58,8.14,1.53,S,6079956353,PC26W15,CAD,DB
70025628,00317,06,1,20260513,122306,000000552002,1,5.39,5.39,0.00,0.34,S,,,CAD,CC
70025628,00317,06,2,20260513,122306,000004472050,1,5.39,5.39,0.00,0.34,S,,,CAD,CC
70025628,00317,06,3,20260513,122306,000004493002,1,5.39,5.39,0.00,0.34,S,,,CAD,CC
70025629,00317,02,1,20260513,131754,000000561001,1,13.59,13.59,0.00,0.85,S,,,CAD,CC
70025630,00317,01,1,20260513,120925,000000005012,1,5.39,5.39,0.00,0.00,S,,,CAD,CC
70025630,00317,01,2,20260513,120925,000004472002,1,6.09,6.09,1.52,0.29,S,,PC26W15,CAD,CC
70025630,00317,01,3,20260513,120925,000000094101,1,5.39,5.39,0.00,0.00,S,,,CAD,CC
70025630,00317,01,4,20260513,120925,000000094202,1.167,2.69,3.14,0.00,0.00,S,,,CAD,CC
70025631,00317,05,1,20260513,133716,000000005020,1,6.09,6.09,0.00,0.00,S,6094398529,,CAD,CS
70025631,00317,05,2,20260513,133716,000000031101,1.903,33.99,64.68,0.00,0.00,S,6094398529,,CAD,CS
70025631,00317,05,3,20260513,133716,000004481001,2,10.89,21.78,0.00,1.36,S,6094398529,,CAD,CS
70025631,00317,05,4,20260513,133716,000000094103,1,5.19,5.19,0.00,0.00,S,6094398529,,CAD,CS
70025632,00322,04,1,20260513,160727,000000093325,1.137,5.39,6.13,0.00,0.00,S,,,CAD,CC
70025633,00322,02,1,20260513,90602,000000093410,2.058,5.39,11.09,0.00,0.00,S,6078700505,,CAD,DB
70025633,00322,02,2,20260513,90602,000004472003,1,4.49,4.49,0.00,0.28,S,6078700505,,CAD,DB
70025634,00322,03,1,20260513,75745,000004483002,1,4.69,4.69,0.00,0.29,S,6044741759,,CAD,CC
70025635,00322,05,1,20260513,203900,000000020101,2,3.39,6.78,1.70,0.00,S,6001284008,PC26W15,CAD,DB
70025636,00322,02,1,20260513,111241,000000030103,1,12.19,12.19,3.05,0.00,S,,PC26W15,CAD,CS
70025636,00322,02,2,20260513,111241,000000005302,1,4.69,4.69,0.00,0.00,S,,,CAD,CS
70025637,01042,04,1,20260514,140239,000000094201,0.772,1.69,1.30,0.00,0.00,R,,,USD,CC
70025638,01042,03,1,20260514,161004,000004493002,2,3.99,7.98,0.00,0.50,S,,,USD,CC
70025638,01042,03,2,20260514,161004,000004473003,1,3.49,3.49,0.00,0.22,S,,,USD,CC
70025638,01042,03,3,20260514,161004,000004473002,1,2.79,2.79,0.00,0.17,S,,,USD,CC
70025638,01042,03,4,20260514,161004,000004482003,2,5.49,10.98,0.00,0.69,S,,,USD,CC
70025638,01042,03,5,20260514,161004,000000005302,1,3.49,3.49,0.00,0.00,S,,,USD,CC
70025638,01042,03,6,20260514,161004,000000005103,1,6.99,6.99,0.00,0.00,S,,,USD,CC
70025639,01042,04,1,20260514,134536,000000020102,1,3.49,3.49,0.87,0.00,S,6034255638,PC26W15,USD,CC
70025639,01042,04,2,20260514,134536,000000040203,1,11.99,11.99,0.00,0.00,S,6034255638,,USD,CC
70025639,01042,04,3,20260514,134536,000000093501,1,4.49,4.49,0.00,0.00,S,6034255638,,USD,CC
70025639,01042,04,4,20260514,134536,000004472003,1,3.29,3.29,0.00,0.21,S,6034255638,,USD,CC
70025640,01042,06,1,20260514,122237,000004473003,1,3.49,3.49,0.00,0.22,S,,,USD,CS
70025640,01042,06,2,20260514,122237,000000020103,1,4.99,4.99,0.00,0.00,S,,,USD,CS
70025641,01042,05,1,20260514,211623,000000005020,1,4.49,4.49,0.00,0.00,S,,,USD,GC
70025641,01042,05,2,20260514,211623,000000094202,1.807,1.99,3.60,0.00,0.00,S,,,USD,GC
70025641,01042,05,3,20260514,211623,000000552001,1,4.49,4.49,0.00,0.28,S,,,USD,GC
70025641,01042,05,4,20260514,211623,000004493001,1,5.49,5.49,0.00,0.34,S,,,USD,GC
70025641,01042,05,5,20260514,211623,000000552002,1,3.99,3.99,0.00,0.25,S,,,USD,GC
70025642,01042,02,1,20260514,184814,000000093503,1,4.29,4.29,0.00,0.00,S,6085283061,,USD,DB
70025643,01042,06,1,20260514,85211,000000020102,1,3.49,3.49,0.87,0.00,S,,PC26W15,USD,DB
70025643,01042,06,2,20260514,85211,000000094301,0.924,4.39,4.06,0.00,0.00,S,,,USD,DB
70025643,01042,06,3,20260514,85211,000000094202,0.902,1.99,1.79,0.00,0.00,S,,,USD,DB
70025643,01042,06,4,20260514,85211,000000552001,2,4.49,8.98,0.00,0.56,S,,,USD,DB
70025643,01042,06,5,20260514,85211,000004482003,3,5.49,16.47,0.00,1.03,S,,,USD,DB
70025644,01042,02,1,20260514,195225,000000561002,1,7.49,7.49,0.00,0.47,S,6041448850,,USD,DB
70025644,01042,02,2,20260514,195225,000000093402,0.751,3.29,2.47,0.00,0.00,S,6041448850,,USD,DB
70025644,01042,02,3,20260514,195225,000004481001,3,7.99,23.97,0.00,1.50,S,6041448850,,USD,DB
70025644,01042,02,4,20260514,195225,000000562002,1,8.49,8.49,0.00,0.53,S,6041448850,,USD,DB
70025644,01042,02,5,20260514,195225,000004472002,1,4.49,4.49,1.12,0.21,S,6041448850,PC26W15,USD,DB
70025645,01042,04,1,20260514,134937,000004471040,1,2.49,2.49,0.00,0.16,S,,,USD,DB
70025645,01042,04,2,20260514,134937,000000551021,2,11.99,23.98,6.00,1.12,S,,PC26W15,USD,DB
70025645,01042,04,3,20260514,134937,000004482003,1,5.49,5.49,0.00,0.34,S,,,USD,DB
70025645,01042,04,4,20260514,134937,000000551021,1,11.99,11.99,3.00,0.56,S,,PC26W15,USD,DB
70025645,01042,04,5,20260514,134937,000000093410,2.034,3.99,8.12,0.00,0.00,S,,,USD,DB
70025645,01042,04,6,20260514,134937,000004482002,2,17.99,35.98,0.00,2.25,S,,,USD,DB
70025646,01042,04,1,20260514,102924,000000005101,1,7.99,7.99,0.00,0.00,S,,,USD,CC
70025646,01042,04,2,20260514,102924,000000551021,1,11.99,11.99,3.00,0.56,S,,PC26W15,USD,CC
70025646,01042,04,3,20260514,102924,000000094101,1,3.99,3.99,0.00,0.00,S,,,USD,CC
70025647,01042,05,1,20260514,185207,000000094302,2.077,5.49,11.40,0.00,0.00,S,,,USD,CS
70025648,01107,02,1,20260514,133822,000004493002,1,3.99,3.99,0.00,0.25,S,,,USD,CS
70025648,01107,02,2,20260514,133822,000004483002,3,3.49,10.47,0.00,0.65,S,,,USD,CS
70025649,02210,05,1,20260514,160114,000000094301,0.984,4.39,4.32,0.00,0.00,S,,,USD,GC
70025649,02210,05,2,20260514,160114,000000094302,1.326,5.49,7.28,0.00,0.00,S,,,USD,GC
70025649,02210,05,3,20260514,160114,000004481003,1,4.99,4.99,0.00,0.31,S,,,USD,GC
70025650,02210,05,1,20260514,165906,000004473002,2,2.79,5.58,0.00,0.35,S,6093121637,,USD,CC
70025650,02210,05,2,20260514,165906,000000020101,1,2.49,2.49,0.62,0.00,S,6093121637,PC26W15,USD,CC
70025650,02210,05,3,20260514,165906,000000005202,1,5.99,5.99,0.00,0.00,S,6093121637,,USD,CC
70025651,02210,01,1,20260514,114348,000000094301,1.100,4.39,4.83,0.00,0.00,S,,,USD,CC
70025652,02210,04,1,20260514,103649,000000094201,1.283,1.69,2.17,0.00,0.00,S,,,USD,CC
70025652,02210,04,2,20260514,103649,000004471023,1,3.49,3.49,0.00,0.22,S,,,USD,CC
70025652,02210,04,3,20260514,103649,000004483002,1,3.49,3.49,0.00,0.22,S,,,USD,CC
70025652,02210,04,4,20260514,103649,000004473001,2,2.99,5.98,0.00,0.37,S,,,USD,CC
70025652,02210,04,5,20260514,103649,000000005101,1,7.99,7.99,0.00,0.00,S,,,USD,CC
70025652,02210,04,6,20260514,103649,000004481001,3,7.99,23.97,0.00,1.50,S,,,USD,CC
70025653,02210,04,1,20260514,190744,000000552001,1,4.49,4.49,0.00,0.28,S,6079356465,,USD,CS
70025653,02210,04,2,20260514,190744,000000005020,3,4.49,13.47,0.00,0.00,S,6079356465,,USD,CS
70025653,02210,04,3,20260514,190744,000000094302,1.923,5.49,10.56,0.00,0.00,S,6079356465,,USD,CS
70025653,02210,04,4,20260514,190744,000000040203,1,11.99,11.99,0.00,0.00,S,6079356465,,USD,CS
70025653,02210,04,5,20260514,190744,000000552002,1,3.99,3.99,0.00,0.25,S,6079356465,,USD,CS
70025654,02210,02,1,20260514,123447,000004471023,1,3.49,3.49,0.00,0.22,S,,,USD,CC
70025655,02210,01,1,20260514,180157,000000040202,2,14.99,29.98,0.00,0.00,S,,,USD,DB
70025655,02210,01,2,20260514,180157,000004483002,2,3.49,6.98,0.00,0.44,S,,,USD,DB
70025655,02210,01,3,20260514,180157,000000040101,0.785,18.99,14.91,0.00,0.00,S,,,USD,DB
70025655,02210,01,4,20260514,180157,000004492002,1,1.49,1.49,0.37,0.07,S,,PC26W15,USD,DB
70025655,02210,01,5,20260514,180157,000004492002,1,1.49,1.49,0.37,0.07,S,,PC26W15,USD,DB
70025656,02210,01,1,20260514,131151,000000040101,0.860,18.99,16.33,0.00,0.00,S,,,USD,GC
70025657,02210,05,1,20260514,170946,000004483001,1,4.99,4.99,0.00,0.31,S,,,USD,DB
70025657,02210,05,2,20260514,170946,000004473001,1,2.99,2.99,0.00,0.19,S,,,USD,DB
70025657,02210,05,3,20260514,170946,000004482002,1,17.99,17.99,0.00,1.12,S,,,USD,DB
70025657,02210,05,4,20260514,170946,000004472001,2,3.99,7.98,0.00,0.50,S,,,USD,DB
70025658,02210,01,1,20260514,142443,000000552001,1,4.49,4.49,0.00,0.28,S,,,USD,CC
70025659,02210,02,1,20260514,190205,000004483001,1,4.99,4.99,0.00,0.31,S,6025859177,,USD,DB
70025660,02211,04,1,20260514,74344,000000040201,1,8.99,8.99,0.00,0.00,S,,,USD,DB
70025660,02211,04,2,20260514,74344,000000020101,2,2.49,4.98,1.25,0.00,S,,PC26W15,USD,DB
70025660,02211,04,3,20260514,74344,000004492002,1,1.49,1.49,0.37,0.07,S,,PC26W15,USD,DB
70025660,02211,04,4,20260514,74344,000004493002,1,3.99,3.99,0.00,0.25,S,,,USD,DB
70025660,02211,04,5,20260514,74344,000000005202,2,5.99,11.98,0.00,0.00,S,,,USD,DB
70025660,02211,04,6,20260514,74344,000000005020,2,4.49,8.98,0.00,0.00,S,,,USD,DB
70025661,02211,01,1,20260514,73729,000004473003,1,3.49,3.49,0.00,0.22,S,,,USD,CC
70025661,02211,01,2,20260514,73729,000004492002,1,1.49,1.49,0.37,0.07,S,,PC26W15,USD,CC
70025662,02211,05,1,20260514,204756,000000040201,1,8.99,8.99,0.00,0.00,S,,,USD,CC
70025663,02211,02,1,20260514,144302,000000005102,1,5.49,5.49,0.00,0.00,S,6099187240,,USD,CC
70025664,02211,01,1,20260514,155913,000000005013,1,3.89,3.89,0.00,0.00,S,6088147435,,USD,CC
70025664,02211,01,2,20260514,155913,000000020101,1,2.49,2.49,0.62,0.00,S,6088147435,PC26W15,USD,CC
70025664,02211,01,3,20260514,155913,000000005302,1,3.49,3.49,0.00,0.00,S,6088147435,,USD,CC
70025664,02211,01,4,20260514,155913,000000005302,1,3.49,3.49,0.00,0.00,S,6088147435,,USD,CC
70025664,02211,01,5,20260514,155913,000000005301,1,5.49,5.49,0.00,0.00,S,6088147435,,USD,CC
70025665,02211,03,1,20260514,112834,000004472003,1,3.29,3.29,0.00,0.21,S,6010023117,,USD,CS
70025665,02211,03,2,20260514,112834,000000020202,2,5.99,11.98,0.00,0.00,S,6010023117,,USD,CS
70025666,02211,02,1,20260514,145215,000000005013,1,3.89,3.89,0.00,0.00,S,6099187240,,USD,CS
70025666,02211,02,2,20260514,145215,000004473002,1,2.79,2.79,0.00,0.17,S,6099187240,,USD,CS
70025666,02211,02,3,20260514,145215,000004481003,1,4.99,4.99,0.00,0.31,S,6099187240,,USD,CS
70025667,02211,02,1,20260514,72846,000000040202,1,14.99,14.99,0.00,0.00,S,,,USD,CC
70025667,02211,02,2,20260514,72846,000004472002,1,4.49,4.49,1.12,0.21,S,,PC26W15,USD,CC
70025667,02211,02,3,20260514,72846,000004482002,1,17.99,17.99,0.00,1.12,S,,,USD,CC
70025668,02305,01,1,20260514,133534,000004473003,1,3.49,3.49,0.00,0.22,S,,,USD,CC
70025669,02305,02,1,20260514,144948,000004482001,1,13.99,13.99,0.00,0.87,S,,,USD,DB
70025669,02305,02,2,20260514,144948,000000093321,1.784,1.49,2.66,0.00,0.00,S,,,USD,DB
70025669,02305,02,3,20260514,144948,000004491002,2,6.99,13.98,0.00,0.87,S,,,USD,DB
70025670,02305,06,1,20260514,170215,000000005103,1,6.99,6.99,0.00,0.00,S,,,USD,DB
70025670,02305,06,2,20260514,170215,000000093401,1.469,5.49,8.06,0.00,0.00,S,,,USD,DB
70025670,02305,06,3,20260514,170215,000000030203,1,8.49,8.49,0.00,0.00,S,,,USD,DB
70025670,02305,06,4,20260514,170215,000000562001,1,10.99,10.99,0.00,0.69,S,,,USD,DB
70025671,02305,06,1,20260514,190859,000004483001,1,4.99,4.99,0.00,0.31,S,,,USD,CS
70025671,02305,06,2,20260514,190859,000000551021,1,11.99,11.99,3.00,0.56,S,,PC26W15,USD,CS
70025671,02305,06,3,20260514,190859,000004471030,1,3.99,3.99,0.00,0.25,S,,,USD,CS
70025671,02305,06,4,20260514,190859,000004471023,2,3.49,6.98,0.00,0.44,S,,,USD,CS
70025671,02305,06,5,20260514,190859,000000005301,1,5.49,5.49,0.00,0.00,S,,,USD,CS
70025671,02305,06,6,20260514,190859,000000094101,2,3.99,7.98,0.00,0.00,S,,,USD,CS
70025672,02305,02,1,20260514,182028,000000093325,1.304,3.99,5.20,0.00,0.00,S,6091073228,,USD,CC
70025672,02305,02,2,20260514,182028,000000040203,2,11.99,23.98,0.00,0.00,S,6091073228,,USD,CC
70025672,02305,02,3,20260514,182028,000004491002,1,6.99,6.99,0.00,0.44,S,6091073228,,USD,CC
70025672,02305,02,4,20260514,182028,000004492002,1,1.49,1.49,0.37,0.07,S,6091073228,PC26W15,USD,CC
70025672,02305,02,5,20260514,182028,000000005302,2,3.49,6.98,0.00,0.00,S,6091073228,,USD,CC
70025672,02305,02,6,20260514,182028,000004483002,1,3.49,3.49,0.00,0.22,S,6091073228,,USD,CC
70025673,02305,02,1,20260514,182244,000000040102,0.373,16.99,6.34,0.00,0.00,S,,,USD,DB
70025673,02305,02,2,20260514,182244,000000020102,1,3.49,3.49,0.87,0.00,S,,PC26W15,USD,DB
70025673,02305,02,3,20260514,182244,000004483001,1,4.99,4.99,0.00,0.31,S,,,USD,DB
70025673,02305,02,4,20260514,182244,000000030203,1,8.49,8.49,0.00,0.00,S,,,USD,DB
70025674,02305,06,1,20260514,124836,000000093321,2.124,1.49,3.16,0.00,0.00,S,,,USD,CC
70025674,02305,06,2,20260514,124836,000000040102,0.324,16.99,5.50,0.00,0.00,S,,,USD,CC
70025674,02305,06,3,20260514,124836,000000562002,1,8.49,8.49,0.00,0.53,S,,,USD,CC
70025675,02305,03,1,20260514,122418,000000093501,1,4.49,4.49,0.00,0.00,S,6052895392,,USD,GC
70025676,02305,03,1,20260514,120345,000000561001,1,9.99,9.99,0.00,0.62,S,,,USD,GC
70025676,02305,03,2,20260514,120345,000000040202,1,14.99,14.99,0.00,0.00,S,,,USD,GC
70025676,02305,03,3,20260514,120345,000004492003,1,2.29,2.29,0.00,0.14,S,,,USD,GC
70025676,02305,03,4,20260514,120345,000000005301,1,5.49,5.49,0.00,0.00,S,,,USD,GC
70025677,02305,02,1,20260514,212351,000000551021,2,11.99,23.98,6.00,1.12,S,,PC26W15,USD,CC
70025678,02305,04,1,20260514,143558,000000020101,2,2.49,4.98,1.25,0.00,S,6009775396,PC26W15,USD,GC
70025678,02305,04,2,20260514,143558,000000040203,2,11.99,23.98,0.00,0.00,S,6009775396,,USD,GC
70025678,02305,04,3,20260514,143558,000000551021,2,11.99,23.98,6.00,1.12,S,6009775396,PC26W15,USD,GC
70025679,03050,04,1,20260514,131822,000000093402,0.485,3.29,1.60,0.00,0.00,S,,,USD,DB
70025679,03050,04,2,20260514,131822,000004471030,3,3.99,11.97,0.00,0.75,S,,,USD,DB
70025679,03050,04,3,20260514,131822,000000005302,2,3.49,6.98,0.00,0.00,S,,,USD,DB
70025679,03050,04,4,20260514,131822,000000005101,2,7.99,15.98,0.00,0.00,S,,,USD,DB
70025679,03050,04,5,20260514,131822,000000094102,1,3.49,3.49,0.00,0.00,S,,,USD,DB
70025680,03050,05,1,20260514,115954,000000005012,1,3.99,3.99,0.00,0.00,S,6090463766,,USD,CC
70025680,03050,05,2,20260514,115954,000004471023,1,3.49,3.49,0.00,0.22,S,6090463766,,USD,CC
70025680,03050,05,3,20260514,115954,000000551020,1,13.99,13.99,0.00,0.87,S,6090463766,,USD,CC
70025681,03050,02,1,20260514,210809,000004471023,1,3.49,3.49,0.00,0.22,S,,,USD,GC
70025681,03050,02,2,20260514,210809,000004482001,1,13.99,13.99,0.00,0.87,S,,,USD,GC
70025681,03050,02,3,20260514,210809,000004472002,1,4.49,4.49,1.12,0.21,S,,PC26W15,USD,GC
70025681,03050,02,4,20260514,210809,000004492001,1,1.79,1.79,0.00,0.11,S,,,USD,GC
70025682,03050,04,1,20260514,194333,000000020101,2,2.49,4.98,1.25,0.00,S,,PC26W15,USD,GC
70025682,03050,04,2,20260514,194333,000004492002,1,1.49,1.49,0.37,0.07,S,,PC26W15,USD,GC
70025683,03050,04,1,20260514,171550,000000093325,0.293,3.99,1.17,0.00,0.00,S,,,USD,CC
70025683,03050,04,2,20260514,171550,000000030103,1,8.99,8.99,2.25,0.00,S,,PC26W15,USD,CC
70025683,03050,04,3,20260514,171550,000000094102,1,3.49,3.49,0.00,0.00,S,,,USD,CC
70025683,03050,04,4,20260514,171550,000000020201,1,5.49,5.49,0.00,0.00,S,,,USD,CC
70025683,03050,04,5,20260514,171550,000004472003,1,3.29,3.29,0.00,0.21,S,,,USD,CC
70025683,03050,04,6,20260514,171550,000004492002,1,1.49,1.49,0.37,0.07,S,,PC26W15,USD,CC
70025684,03050,05,1,20260514,213038,000000020103,3,4.99,14.97,0.00,0.00,S,,,USD,DB
70025684,03050,05,2,20260514,213038,000004471023,1,3.49,3.49,0.00,0.22,S,,,USD,DB
70025685,03050,01,1,20260514,120444,000000030103,1,8.99,8.99,0.00,0.00,R,,,USD,CC
70025686,03050,02,1,20260514,183648,000000093402,1.743,3.29,5.73,0.00,0.00,S,,,USD,CC
70025687,03050,04,1,20260514,115402,000000005012,1,3.99,3.99,0.00,0.00,S,6049187274,,USD,CC
70025687,03050,04,2,20260514,115402,000000005202,1,5.99,5.99,0.00,0.00,S,6049187274,,USD,CC
70025687,03050,04,3,20260514,115402,000004472002,2,4.49,8.98,2.25,0.42,S,6049187274,PC26W15,USD,CC
70025687,03050,04,4,20260514,115402,000004491003,1,1.99,1.99,0.00,0.12,S,6049187274,,USD,CC
70025688,03050,03,1,20260514,195647,000000030103,2,8.99,17.98,4.50,0.00,S,,PC26W15,USD,CS
70025688,03050,03,2,20260514,195647,000000005302,1,3.49,3.49,0.00,0.00,S,,,USD,CS
70025689,00317,03,1,20260514,170134,000004481001,1,10.89,10.89,0.00,0.68,S,,,CAD,GC
70025689,00317,03,2,20260514,170134,000000005202,1,8.09,8.09,0.00,0.00,S,,,CAD,GC
70025689,00317,03,3,20260514,170134,000004493001,2,7.49,14.98,0.00,0.94,S,,,CAD,GC
70025689,00317,03,4,20260514,170134,000000040101,0.392,25.79,10.11,0.00,0.00,S,,,CAD,GC
70025689,00317,03,5,20260514,170134,000000030202,1,15.59,15.59,0.00,0.00,S,,,CAD,GC
70025690,00317,06,1,20260514,85959,000004492002,1,1.99,1.99,0.50,0.09,S,6083626448,PC26W15,CAD,CC
70025690,00317,06,2,20260514,85959,000004473003,1,4.69,4.69,0.00,0.29,S,6083626448,,CAD,CC
70025690,00317,06,3,20260514,85959,000000094201,2.073,2.29,4.75,0.00,0.00,S,6083626448,,CAD,CC
70025690,00317,06,4,20260514,85959,000004481001,1,10.89,10.89,0.00,0.68,S,6083626448,,CAD,CC
70025690,00317,06,5,20260514,85959,000000005102,1,7.49,7.49,0.00,0.00,S,6083626448,,CAD,CC
70025691,00317,03,1,20260514,80634,000000040102,1.006,23.09,23.23,0.00,0.00,S,,,CAD,DB
70025691,00317,03,2,20260514,80634,000000040202,2,20.39,40.78,0.00,0.00,S,,,CAD,DB
70025691,00317,03,3,20260514,80634,000004473002,1,3.79,3.79,0.00,0.24,S,,,CAD,DB
70025691,00317,03,4,20260514,80634,000000005201,1,5.39,5.39,0.00,0.00,S,,,CAD,DB
70025692,00317,06,1,20260514,172853,000000561001,2,13.59,27.18,0.00,1.70,S,,,CAD,DB
70025692,00317,06,2,20260514,172853,000000561002,1,10.19,10.19,0.00,0.64,S,,,CAD,DB
70025692,00317,06,3,20260514,172853,000000030103,2,12.19,24.38,6.09,0.00,S,,PC26W15,CAD,DB
70025692,00317,06,4,20260514,172853,000000040102,0.585,23.09,13.51,0.00,0.00,S,,,CAD,DB
70025692,00317,06,5,20260514,172853,000000552002,1,5.39,5.39,0.00,0.34,S,,,CAD,DB
70025693,00317,02,1,20260514,114717,000000093402,1.544,4.49,6.93,0.00,0.00,S,,,CAD,DB
70025693,00317,02,2,20260514,114717,000004491002,1,9.49,9.49,0.00,0.59,S,,,CAD,DB
70025693,00317,02,3,20260514,114717,000000020101,1,3.39,3.39,0.85,0.00,S,,PC26W15,CAD,DB
70025693,00317,02,4,20260514,114717,000004472002,1,6.09,6.09,1.52,0.29,S,,PC26W15,CAD,DB
70025693,00317,02,5,20260514,114717,000004492003,1,3.09,3.09,0.00,0.19,S,,,CAD,DB
70025693,00317,02,6,20260514,114717,000000020103,1,6.79,6.79,0.00,0.00,S,,,CAD,DB
70025694,00317,01,1,20260514,74533,000000005012,1,5.39,5.39,0.00,0.00,S,6018433687,,CAD,DB
70025694,00317,01,2,20260514,74533,000000562002,1,11.49,11.49,0.00,0.72,S,6018433687,,CAD,DB
70025694,00317,01,3,20260514,74533,000000094102,2,4.69,9.38,0.00,0.00,S,6018433687,,CAD,DB
70025694,00317,01,4,20260514,74533,000000031102,0.983,27.19,26.73,0.00,0.00,S,6018433687,,CAD,DB
70025695,00317,04,1,20260514,75435,000004472001,1,5.39,5.39,0.00,0.34,S,,,CAD,CC
70025695,00317,04,2,20260514,75435,000000005012,2,5.39,10.78,0.00,0.00,S,,,CAD,CC
70025696,00317,02,1,20260514,101441,000004471030,1,5.39,5.39,0.00,0.34,S,6027975736,,CAD,DB
70025696,00317,02,2,20260514,101441,000004492002,2,1.99,3.98,0.99,0.19,S,6027975736,PC26W15,CAD,DB
70025697,00317,01,1,20260514,160312,000000093503,1,5.79,5.79,0.00,0.00,S,,,CAD,CC
70025697,00317,01,2,20260514,160312,000000005302,1,4.69,4.69,0.00,0.00,S,,,CAD,CC
70025698,00317,05,1,20260514,150242,000000005013,1,5.29,5.29,0.00,0.00,S,6090793884,,CAD,CC
70025699,00317,01,1,20260514,90842,000000093502,3,5.39,16.17,0.00,0.00,S,,,CAD,CC
70025699,00317,01,2,20260514,90842,000004472002,1,6.09,6.09,1.52,0.29,S,,PC26W15,CAD,CC
70025699,00317,01,3,20260514,90842,000004493002,1,5.39,5.39,0.00,0.34,S,,,CAD,CC
70025699,00317,01,4,20260514,90842,000000093501,1,6.09,6.09,0.00,0.00,S,,,CAD,CC
70025699,00317,01,5,20260514,90842,000000561001,1,13.59,13.59,0.00,0.85,S,,,CAD,CC
70025699,00317,01,6,20260514,90842,000000030101,2,9.49,18.98,0.00,0.00,S,,,CAD,CC
70025700,00317,05,1,20260514,181943,000000552001,2,6.09,12.18,0.00,0.76,S,,,CAD,CC
70025700,00317,05,2,20260514,181943,000000551020,2,18.99,37.98,0.00,2.37,S,,,CAD,CC
70025700,00317,05,3,20260514,181943,000000005013,2,5.29,10.58,0.00,0.00,S,,,CAD,CC
70025700,00317,05,4,20260514,181943,000000005201,1,5.39,5.39,0.00,0.00,S,,,CAD,CC
70025700,00317,05,5,20260514,181943,000000030203,1,11.49,11.49,0.00,0.00,S,,,CAD,CC
70025701,00317,06,1,20260514,171237,000000094301,0.474,5.99,2.84,0.00,0.00,S,6037312552,,CAD,CC
70025701,00317,06,2,20260514,171237,000000005020,1,6.09,6.09,0.00,0.00,S,6037312552,,CAD,CC
70025701,00317,06,3,20260514,171237,000004481003,1,6.79,6.79,0.00,0.42,S,6037312552,,CAD,CC
70025702,00317,03,1,20260514,142041,000004482002,1,24.49,24.49,0.00,1.53,S,6042717396,,CAD,CC
70025702,00317,03,2,20260514,142041,000000005103,2,9.49,18.98,0.00,0.00,S,6042717396,,CAD,CC
70025702,00317,03,3,20260514,142041,000004472050,1,5.39,5.39,0.00,0.34,S,6042717396,,CAD,CC
70025703,00322,02,1,20260514,112625,000004472001,1,5.39,5.39,0.00,0.34,S,,,CAD,CC
70025703,00322,02,2,20260514,112625,000004473003,1,4.69,4.69,0.00,0.29,S,,,CAD,CC
70025704,00322,04,1,20260514,212903,000000040101,2.100,25.79,54.16,0.00,0.00,S,,,CAD,CC
70025704,00322,04,2,20260514,212903,000004482001,1,18.99,18.99,0.00,1.19,S,,,CAD,CC
70025705,00322,05,1,20260514,84538,000000094201,0.568,2.29,1.30,0.00,0.00,S,,,CAD,CC
70025705,00322,05,2,20260514,84538,000000005101,1,10.89,10.89,0.00,0.00,S,,,CAD,CC
70025705,00322,05,3,20260514,84538,000004472002,1,6.09,6.09,1.52,0.29,S,,PC26W15,CAD,CC
70025706,01042,01,1,20260515,162319,000000005012,1,3.99,3.99,0.00,0.00,S,6080068114,,USD,CS
70025707,01042,03,1,20260515,202444,000000030102,1,14.99,14.99,0.00,0.00,S,,,USD,CC
70025707,01042,03,2,20260515,202444,000000020202,1,5.99,5.99,0.00,0.00,S,,,USD,CC
70025707,01042,03,3,20260515,202444,000004472002,3,4.49,13.47,3.37,0.63,S,,PC26W15,USD,CC
70025707,01042,03,4,20260515,202444,000000005301,2,5.49,10.98,0.00,0.00,S,,,USD,CC
70025707,01042,03,5,20260515,202444,000004471023,1,3.49,3.49,0.00,0.22,S,,,USD,CC
70025708,01042,04,1,20260515,104324,000004482003,1,5.49,5.49,0.00,0.34,S,,,USD,CC
70025708,01042,04,2,20260515,104324,000004482003,1,5.49,5.49,0.00,0.34,S,,,USD,CC
70025708,01042,04,3,20260515,104324,000000094203,1.089,1.49,1.62,0.00,0.00,S,,,USD,CC
70025709,01042,01,1,20260515,144501,000000562001,2,10.99,21.98,0.00,1.37,S,6004102767,,USD,DB
70025709,01042,01,2,20260515,144501,000004493002,1,3.99,3.99,0.00,0.25,S,6004102767,,USD,DB
70025710,01042,04,1,20260515,94235,000004491002,1,6.99,6.99,0.00,0.44,S,6058891637,,USD,GC
70025711,01042,05,1,20260515,105845,000000030103,1,8.99,8.99,2.25,0.00,S,,PC26W15,USD,GC
70025712,01042,03,1,20260515,100715,000000093503,1,4.29,4.29,0.00,0.00,S,6070633699,,USD,DB
70025712,01042,03,2,20260515,100715,000000093410,0.937,3.99,3.74,0.00,0.00,S,6070633699,,USD,DB
70025712,01042,03,3,20260515,100715,000000040201,1,8.99,8.99,0.00,0.00,S,6070633699,,USD,DB
70025712,01042,03,4,20260515,100715,000000005102,1,5.49,5.49,0.00,0.00,S,6070633699,,USD,DB
70025712,01042,03,5,20260515,100715,000000093502,1,3.99,3.99,0.00,0.00,S,6070633699,,USD,DB
70025713,01042,02,1,20260515,125959,000004472002,1,4.49,4.49,1.12,0.21,S,,PC26W15,USD,DB
70025714,01042,06,1,20260515,172450,000000031102,2.145,19.99,42.88,0.00,0.00,S,,,USD,CC
70025714,01042,06,2,20260515,172450,000000551021,3,11.99,35.97,8.99,1.69,S,,PC26W15,USD,CC
70025714,01042,06,3,20260515,172450,000000020101,1,2.49,2.49,0.62,0.00,S,,PC26W15,USD,CC
70025714,01042,06,4,20260515,172450,000000551020,2,13.99,27.98,0.00,1.75,S,,,USD,CC
70025715,01042,03,1,20260515,111157,000000094103,2,3.79,7.58,0.00,0.00,S,6037213865,,USD,DB
70025715,01042,03,2,20260515,111157,000004492003,1,2.29,2.29,0.00,0.14,S,6037213865,,USD,DB
70025716,01042,06,1,20260515,204742,000004492001,1,1.79,1.79,0.00,0.11,S,,,USD,CC
70025716,01042,06,2,20260515,204742,000000030102,1,14.99,14.99,0.00,0.00,S,,,USD,CC
70025716,01042,06,3,20260515,204742,000000005101,1,7.99,7.99,0.00,0.00,S,,,USD,CC
70025717,01107,02,1,20260515,201924,000004472001,1,3.99,3.99,0.00,0.25,S,6014987283,,USD,GC
70025717,01107,02,2,20260515,201924,000004491001,1,2.49,2.49,0.00,0.16,S,6014987283,,USD,GC
70025717,01107,02,3,20260515,201924,000000040202,1,14.99,14.99,0.00,0.00,S,6014987283,,USD,GC
70025718,01107,04,1,20260515,113206,000000040203,1,11.99,11.99,0.00,0.00,S,6047715910,,USD,DB
70025718,01107,04,2,20260515,113206,000004472003,2,3.29,6.58,0.00,0.41,S,6047715910,,USD,DB
70025719,01107,03,1,20260515,94617,000000561002,1,7.49,7.49,0.00,0.47,S,6047226408,,USD,GC
70025719,01107,03,2,20260515,94617,000000020101,1,2.49,2.49,0.62,0.00,S,6047226408,PC26W15,USD,GC
70025719,01107,03,3,20260515,94617,000004483001,2,4.99,9.98,0.00,0.62,S,6047226408,,USD,GC
70025720,01107,04,1,20260515,173916,000000093410,1.628,3.99,6.50,0.00,0.00,S,,,USD,CC
70025720,01107,04,2,20260515,173916,000004491002,1,6.99,6.99,0.00,0.44,S,,,USD,CC
70025720,01107,04,3,20260515,173916,000000005020,1,4.49,4.49,0.00,0.00,S,,,USD,CC
70025720,01107,04,4,20260515,173916,000000040102,1.398,16.99,23.75,0.00,0.00,S,,,USD,CC
70025721,01107,06,1,20260515,200439,000000020201,1,5.49,5.49,0.00,0.00,S,,,USD,DB
70025721,01107,06,2,20260515,200439,000000093410,1.906,3.99,7.60,0.00,0.00,S,,,USD,DB
70025721,01107,06,3,20260515,200439,000004493002,2,3.99,7.98,0.00,0.50,S,,,USD,DB
70025721,01107,06,4,20260515,200439,000000005013,3,3.89,11.67,0.00,0.00,S,,,USD,DB
70025722,01107,01,1,20260515,95654,000000020101,1,2.49,2.49,0.62,0.00,S,,PC26W15,USD,CS
70025722,01107,01,2,20260515,95654,000004483001,1,4.99,4.99,0.00,0.31,S,,,USD,CS
70025722,01107,01,3,20260515,95654,000000030103,1,8.99,8.99,2.25,0.00,S,,PC26W15,USD,CS
70025722,01107,01,4,20260515,95654,000004482001,1,13.99,13.99,0.00,0.87,S,,,USD,CS
70025722,01107,01,5,20260515,95654,000000552002,1,3.99,3.99,0.00,0.25,S,,,USD,CS
70025723,01107,03,1,20260515,152052,000000005301,1,5.49,5.49,0.00,0.00,S,,,USD,CS
70025723,01107,03,2,20260515,152052,000000040102,1.864,16.99,31.67,0.00,0.00,S,,,USD,CS
70025724,02210,03,1,20260515,135958,000000005101,1,7.99,7.99,0.00,0.00,S,,,USD,CS
70025724,02210,03,2,20260515,135958,000004472002,2,4.49,8.98,2.25,0.42,S,,PC26W15,USD,CS
70025724,02210,03,3,20260515,135958,000000552001,1,4.49,4.49,0.00,0.28,S,,,USD,CS
70025725,02210,05,1,20260515,112511,000004492003,1,2.29,2.29,0.00,0.14,S,,,USD,CS
70025725,02210,05,2,20260515,112511,000004473001,1,2.99,2.99,0.00,0.19,S,,,USD,CS
70025725,02210,05,3,20260515,112511,000000030203,1,8.49,8.49,0.00,0.00,S,,,USD,CS
70025726,02210,04,1,20260515,84400,000000093410,1.171,3.99,4.67,0.00,0.00,S,,,USD,CC
70025726,02210,04,2,20260515,84400,000000005301,1,5.49,5.49,0.00,0.00,S,,,USD,CC
70025726,02210,04,3,20260515,84400,000004472001,1,3.99,3.99,0.00,0.25,S,,,USD,CC
70025727,02210,02,1,20260515,150900,000000562001,1,10.99,10.99,0.00,0.69,S,,,USD,DB
70025727,02210,02,2,20260515,150900,000000005302,2,3.49,6.98,0.00,0.00,S,,,USD,DB
70025727,02210,02,3,20260515,150900,000000005102,1,5.49,5.49,0.00,0.00,S,,,USD,DB
70025728,02211,01,1,20260515,170651,000000005102,1,5.49,5.49,0.00,0.00,S,,,USD,GC
70025728,02211,01,2,20260515,170651,000004473002,1,2.79,2.79,0.00,0.17,S,,,USD,GC
70025728,02211,01,3,20260515,170651,000004472002,1,4.49,4.49,1.12,0.21,S,,PC26W15,USD,GC
70025728,02211,01,4,20260515,170651,000004472001,1,3.99,3.99,0.00,0.25,S,,,USD,GC
70025728,02211,01,5,20260515,170651,000000040202,1,14.99,14.99,0.00,0.00,S,,,USD,GC
70025729,02211,04,1,20260515,213810,000004472002,1,4.49,4.49,1.12,0.21,S,6055048926,PC26W15,USD,DB
70025730,02211,06,1,20260515,202205,000000040202,1,14.99,14.99,0.00,0.00,S,,,USD,CC
70025730,02211,06,2,20260515,202205,000000005102,1,5.49,5.49,0.00,0.00,S,,,USD,CC
70025731,02211,04,1,20260515,161239,000004483002,1,3.49,3.49,0.00,0.22,S,6087699842,,USD,GC
70025731,02211,04,2,20260515,161239,000000005302,1,3.49,3.49,0.00,0.00,S,6087699842,,USD,GC
70025732,02305,05,1,20260515,140135,000000094302,1.879,5.49,10.32,0.00,0.00,S,6055616814,,USD,DB
70025732,02305,05,2,20260515,140135,000000005202,1,5.99,5.99,0.00,0.00,S,6055616814,,USD,DB
70025732,02305,05,3,20260515,140135,000000562002,1,8.49,8.49,0.00,0.53,S,6055616814,,USD,DB
70025733,02305,03,1,20260515,125606,000004471023,2,3.49,6.98,0.00,0.44,S,6063266341,,USD,CS
70025733,02305,03,2,20260515,125606,000000030103,1,8.99,8.99,2.25,0.00,S,6063266341,PC26W15,USD,CS
70025733,02305,03,3,20260515,125606,000000005012,1,3.99,3.99,0.00,0.00,S,6063266341,,USD,CS
70025733,02305,03,4,20260515,125606,000000005020,1,4.49,4.49,0.00,0.00,S,6063266341,,USD,CS
70025733,02305,03,5,20260515,125606,000000030103,1,8.99,8.99,2.25,0.00,S,6063266341,PC26W15,USD,CS
70025733,02305,03,6,20260515,125606,000000094102,1,3.49,3.49,0.00,0.00,S,6063266341,,USD,CS
70025734,02305,02,1,20260515,70935,000004483002,1,3.49,3.49,0.00,0.22,S,,,USD,CC
70025735,02305,01,1,20260515,122337,000004472001,1,3.99,3.99,0.00,0.25,S,,,USD,DB
70025735,02305,01,2,20260515,122337,000000093321,1.291,1.49,1.92,0.00,0.00,S,,,USD,DB
70025735,02305,01,3,20260515,122337,000000552002,1,3.99,3.99,0.00,0.25,S,,,USD,DB
70025735,02305,01,4,20260515,122337,000000552001,1,4.49,4.49,0.00,0.28,S,,,USD,DB
70025735,02305,01,5,20260515,122337,000000020202,1,5.99,5.99,0.00,0.00,S,,,USD,DB
70025735,02305,01,6,20260515,122337,000000093503,1,4.29,4.29,0.00,0.00,S,,,USD,DB
70025736,02305,01,1,20260515,131425,000000005020,1,4.49,4.49,0.00,0.00,S,,,USD,CC
70025736,02305,01,2,20260515,131425,000004482001,1,13.99,13.99,0.00,0.87,S,,,USD,CC
70025737,02305,04,1,20260515,105641,000004482002,1,17.99,17.99,0.00,1.12,S,,,USD,DB
70025737,02305,04,2,20260515,105641,000000030202,1,11.49,11.49,0.00,0.00,S,,,USD,DB
70025737,02305,04,3,20260515,105641,000004492002,1,1.49,1.49,0.37,0.07,S,,PC26W15,USD,DB
70025737,02305,04,4,20260515,105641,000000005201,1,3.99,3.99,0.00,0.00,S,,,USD,DB
70025738,02305,06,1,20260515,164305,000000552001,1,4.49,4.49,0.00,0.28,S,,,USD,CS
70025738,02305,06,2,20260515,164305,000000005301,1,5.49,5.49,0.00,0.00,S,,,USD,CS
70025739,02305,05,1,20260515,211700,000004482002,1,17.99,17.99,0.00,1.12,S,,,USD,CC
70025739,02305,05,2,20260515,211700,000000005302,1,3.49,3.49,0.00,0.00,S,,,USD,CC
70025740,02305,06,1,20260515,170103,000004481003,2,4.99,9.98,0.00,0.62,S,,,USD,CC
70025740,02305,06,2,20260515,170103,000000005020,1,4.49,4.49,0.00,0.00,S,,,USD,CC
70025740,02305,06,3,20260515,170103,000000093410,0.389,3.99,1.55,0.00,0.00,S,,,USD,CC
70025740,02305,06,4,20260515,170103,000000030201,1,9.99,9.99,0.00,0.00,S,,,USD,CC
70025741,02305,01,1,20260515,140802,000004492002,1,1.49,1.49,0.37,0.07,S,,PC26W15,USD,DB
70025741,02305,01,2,20260515,140802,000000005102,2,5.49,10.98,0.00,0.00,S,,,USD,DB
70025741,02305,01,3,20260515,140802,000000040101,1.163,18.99,22.09,0.00,0.00,S,,,USD,DB
70025742,02305,03,1,20260515,91325,000000552002,1,3.99,3.99,0.00,0.25,S,,,USD,DB
70025742,02305,03,2,20260515,91325,000004482001,1,13.99,13.99,0.00,0.87,S,,,USD,DB
70025743,02305,01,1,20260515,104616,000004491003,2,1.99,3.98,0.00,0.25,S,,,USD,CC
70025743,02305,01,2,20260515,104616,000000005101,2,7.99,15.98,0.00,0.00,S,,,USD,CC
70025743,02305,01,3,20260515,104616,000000040203,2,11.99,23.98,0.00,0.00,S,,,USD,CC
70025743,02305,01,4,20260515,104616,000000005301,1,5.49,5.49,0.00,0.00,S,,,USD,CC
70025744,02305,04,1,20260515,101549,000000552001,1,4.49,4.49,0.00,0.28,S,6070184094,,USD,CC
70025744,02305,04,2,20260515,101549,000000005302,2,3.49,6.98,0.00,0.00,S,6070184094,,USD,CC
70025744,02305,04,3,20260515,101549,000004473002,1,2.79,2.79,0.00,0.17,S,6070184094,,USD,CC
70025744,02305,04,4,20260515,101549,000004473001,1,2.99,2.99,0.00,0.19,S,6070184094,,USD,CC
70025745,02305,06,1,20260515,125114,000004471030,1,3.99,3.99,0.00,0.25,S,,,USD,CC
70025746,02305,04,1,20260515,105828,000004492001,1,1.79,1.79,0.00,0.11,S,,,USD,CC
70025746,02305,04,2,20260515,105828,000004473001,1,2.99,2.99,0.00,0.19,S,,,USD,CC
70025747,02305,06,1,20260515,123003,000000094302,1.173,5.49,6.44,0.00,0.00,S,6093802620,,USD,DB
70025747,02305,06,2,20260515,123003,000000020202,1,5.99,5.99,0.00,0.00,S,6093802620,,USD,DB
70025748,03050,06,1,20260515,191121,000000005103,2,6.99,13.98,0.00,0.00,S,,,USD,GC
70025748,03050,06,2,20260515,191121,000000005102,1,5.49,5.49,0.00,0.00,S,,,USD,GC
70025748,03050,06,3,20260515,191121,000000040201,1,8.99,8.99,0.00,0.00,S,,,USD,GC
70025748,03050,06,4,20260515,191121,000000030103,1,8.99,8.99,2.25,0.00,S,,PC26W15,USD,GC
70025749,03050,06,1,20260515,132426,000000094301,1.119,4.39,4.91,0.00,0.00,S,6023557702,,USD,GC
70025750,03050,03,1,20260515,182444,000000020202,1,5.99,5.99,0.00,0.00,S,6099648997,,USD,DB
70025750,03050,03,2,20260515,182444,000000093322,0.467,1.99,0.93,0.00,0.00,S,6099648997,,USD,DB
70025750,03050,03,3,20260515,182444,000000094203,0.403,1.49,0.60,0.00,0.00,S,6099648997,,USD,DB
70025750,03050,03,4,20260515,182444,000004482001,1,13.99,13.99,0.00,0.87,S,6099648997,,USD,DB
70025750,03050,03,5,20260515,182444,000000562002,3,8.49,25.47,0.00,1.59,S,6099648997,,USD,DB
70025750,03050,03,6,20260515,182444,000000005302,1,3.49,3.49,0.00,0.00,S,6099648997,,USD,DB
70025751,03050,03,1,20260515,200804,000004471030,1,3.99,3.99,0.00,0.25,S,,,USD,DB
70025751,03050,03,2,20260515,200804,000004481003,1,4.99,4.99,0.00,0.31,S,,,USD,DB
70025751,03050,03,3,20260515,200804,000000093325,1.845,3.99,7.36,0.00,0.00,S,,,USD,DB
70025752,03050,05,1,20260515,91716,000000030103,2,8.99,17.98,4.50,0.00,S,,PC26W15,USD,GC
70025752,03050,05,2,20260515,91716,000000552002,2,3.99,7.98,0.00,0.50,S,,,USD,GC
70025753,03050,03,1,20260515,114247,000000005302,1,3.49,3.49,0.00,0.00,S,,,USD,DB
70025754,03050,02,1,20260515,132034,000004473003,1,3.49,3.49,0.00,0.22,S,6043347228,,USD,CC
70025754,03050,02,2,20260515,132034,000004471030,1,3.99,3.99,0.00,0.25,S,6043347228,,USD,CC
70025754,03050,02,3,20260515,132034,000000005202,1,5.99,5.99,0.00,0.00,S,6043347228,,USD,CC
70025754,03050,02,4,20260515,132034,000000552001,2,4.49,8.98,0.00,0.56,S,6043347228,,USD,CC
70025754,03050,02,5,20260515,132034,000004473003,1,3.49,3.49,0.00,0.22,S,6043347228,,USD,CC
70025755,03050,06,1,20260515,104018,000004483001,1,4.99,4.99,0.00,0.31,S,,,USD,DB
70025756,03050,05,1,20260515,204147,000000020102,1,3.49,3.49,0.87,0.00,S,,PC26W15,USD,CC
70025756,03050,05,2,20260515,204147,000004472002,1,4.49,4.49,1.12,0.21,S,,PC26W15,USD,CC
70025756,03050,05,3,20260515,204147,000004473002,1,2.79,2.79,0.00,0.17,S,,,USD,CC
70025757,00317,05,1,20260515,192841,000000005102,2,7.49,14.98,0.00,0.00,S,6038736704,,CAD,DB
70025757,00317,05,2,20260515,192841,000000040101,2.161,25.79,55.73,0.00,0.00,S,6038736704,,CAD,DB
70025757,00317,05,3,20260515,192841,000004491001,1,3.39,3.39,0.00,0.21,S,6038736704,,CAD,DB
70025758,00317,05,1,20260515,73351,000000020101,1,3.39,3.39,0.85,0.00,S,,PC26W15,CAD,CC
70025758,00317,05,2,20260515,73351,000000005013,1,5.29,5.29,0.00,0.00,S,,,CAD,CC
70025758,00317,05,3,20260515,73351,000004472002,1,6.09,6.09,1.52,0.29,S,,PC26W15,CAD,CC
70025759,00317,03,1,20260515,84844,000004492003,1,3.09,3.09,0.00,0.19,S,,,CAD,CS
70025759,00317,03,2,20260515,84844,000000093402,1.722,4.49,7.73,0.00,0.00,S,,,CAD,CS
70025759,00317,03,3,20260515,84844,000004482002,1,24.49,24.49,0.00,1.53,S,,,CAD,CS
70025759,00317,03,4,20260515,84844,000000094302,0.939,7.49,7.03,0.00,0.00,S,,,CAD,CS
70025759,00317,03,5,20260515,84844,000000040201,2,12.19,24.38,0.00,0.00,S,,,CAD,CS
70025760,00317,01,1,20260515,191131,000004471030,1,5.39,5.39,0.00,0.34,S,,,CAD,CS
70025760,00317,01,2,20260515,191131,000000562001,1,14.89,14.89,0.00,0.93,S,,,CAD,CS
70025760,00317,01,3,20260515,191131,000000030203,2,11.49,22.98,0.00,0.00,S,,,CAD,CS
70025760,00317,01,4,20260515,191131,000004472003,1,4.49,4.49,0.00,0.28,S,,,CAD,CS
70025761,00317,05,1,20260515,70308,000000030202,1,15.59,15.59,0.00,0.00,S,6064709006,,CAD,CC
70025761,00317,05,2,20260515,70308,000000005302,1,4.69,4.69,0.00,0.00,S,6064709006,,CAD,CC
70025761,00317,05,3,20260515,70308,000000561001,1,13.59,13.59,0.00,0.85,S,6064709006,,CAD,CC
70025761,00317,05,4,20260515,70308,000004492003,1,3.09,3.09,0.00,0.19,S,6064709006,,CAD,CC
70025762,00317,03,1,20260515,105311,000004472003,1,4.49,4.49,0.00,0.28,S,,,CAD,CC
70025763,00317,01,1,20260515,162641,000004481001,2,10.89,21.78,0.00,1.36,S,,,CAD,CC
70025764,00317,03,1,20260515,154759,000004482002,1,24.49,24.49,0.00,1.53,S,,,CAD,DB
70025764,00317,03,2,20260515,154759,000004472002,1,6.09,6.09,1.52,0.29,S,,PC26W15,CAD,DB
70025764,00317,03,3,20260515,154759,000004492002,2,1.99,3.98,0.99,0.19,S,,PC26W15,CAD,DB
70025765,00317,04,1,20260515,70638,000000005102,2,7.49,14.98,0.00,0.00,S,6052455574,,CAD,CS
70025765,00317,04,2,20260515,70638,000000094203,0.731,1.99,1.45,0.00,0.00,S,6052455574,,CAD,CS
70025766,00317,01,1,20260515,95703,000004492002,1,1.99,1.99,0.50,0.09,S,6021465669,PC26W15,CAD,GC
70025766,00317,01,2,20260515,95703,000000551021,1,16.29,16.29,4.07,0.76,S,6021465669,PC26W15,CAD,GC
70025766,00317,01,3,20260515,95703,000004471023,1,4.69,4.69,0.00,0.29,S,6021465669,,CAD,GC
70025766,00317,01,4,20260515,95703,000004482001,1,18.99,18.99,0.00,1.19,S,6021465669,,CAD,GC
70025766,00317,01,5,20260515,95703,000004471023,1,4.69,4.69,0.00,0.29,S,6021465669,,CAD,GC
70025767,00317,05,1,20260515,145410,000000093501,2,6.09,12.18,0.00,0.00,S,,,CAD,GC
70025767,00317,05,2,20260515,145410,000004472001,1,5.39,5.39,0.00,0.34,S,,,CAD,GC
70025767,00317,05,3,20260515,145410,000000094103,3,5.19,15.57,0.00,0.00,S,,,CAD,GC
70025767,00317,05,4,20260515,145410,000000005101,1,10.89,10.89,0.00,0.00,S,,,CAD,GC
70025768,00317,05,1,20260515,192723,000000005020,1,6.09,6.09,0.00,0.00,S,6096273652,,CAD,GC
70025769,00322,01,1,20260515,84858,000000030203,1,11.49,11.49,0.00,0.00,S,6077220054,,CAD,GC
70025770,00322,06,1,20260515,151232,000004472002,1,6.09,6.09,1.52,0.29,S,6031453038,PC26W15,CAD,DB
70025770,00322,06,2,20260515,151232,000004472002,1,6.09,6.09,1.52,0.29,S,6031453038,PC26W15,CAD,DB
70025770,00322,06,3,20260515,151232,000004473002,3,3.79,11.37,0.00,0.71,S,6031453038,,CAD,DB
70025770,00322,06,4,20260515,151232,000000551021,1,16.29,16.29,4.07,0.76,S,6031453038,PC26W15,CAD,DB
70025770,00322,06,5,20260515,151232,000000020101,1,3.39,3.39,0.85,0.00,S,6031453038,PC26W15,CAD,DB
70025771,00322,05,1,20260515,144117,000000040202,1,20.39,20.39,0.00,0.00,S,6056915452,,CAD,DB
70025771,00322,05,2,20260515,144117,000000040102,1.422,23.09,32.83,0.00,0.00,S,6056915452,,CAD,DB
70025771,00322,05,3,20260515,144117,000004472002,1,6.09,6.09,1.52,0.29,S,6056915452,PC26W15,CAD,DB
70025771,00322,05,4,20260515,144117,000004491002,2,9.49,18.98,0.00,1.19,S,6056915452,,CAD,DB
70025772,00322,04,1,20260515,81958,000004482002,1,24.49,24.49,0.00,1.53,S,6091088398,,CAD,DB
70025772,00322,04,2,20260515,81958,000000005201,3,5.39,16.17,0.00,0.00,S,6091088398,,CAD,DB
70025773,01042,03,1,20260516,85332,000000094302,0.980,5.49,5.38,0.00,0.00,S,6073476427,,USD,DB
70025773,01042,03,2,20260516,85332,000004491001,1,2.49,2.49,0.00,0.16,S,6073476427,,USD,DB
70025773,01042,03,3,20260516,85332,000000551021,2,11.99,23.98,6.00,1.12,S,6073476427,PC26W15,USD,DB
70025773,01042,03,4,20260516,85332,000000040203,1,11.99,11.99,0.00,0.00,S,6073476427,,USD,DB
70025773,01042,03,5,20260516,85332,000000562001,2,10.99,21.98,0.00,1.37,S,6073476427,,USD,DB
70025773,01042,03,6,20260516,85332,000004492002,2,1.49,2.98,0.74,0.14,S,6073476427,PC26W15,USD,DB
70025773,01042,03,7,20260516,85332,000000040203,1,11.99,11.99,0.00,0.00,V,6073476427,,USD,DB
70025774,01042,03,1,20260516,115726,000000005013,2,3.89,7.78,0.00,0.00,S,,,USD,CC
70025774,01042,03,2,20260516,115726,000000094103,1,3.79,3.79,0.00,0.00,S,,,USD,CC
70025774,01042,03,3,20260516,115726,000000030201,1,9.99,9.99,0.00,0.00,S,,,USD,CC
70025775,01042,04,1,20260516,113824,000004491003,1,1.99,1.99,0.00,0.12,S,,,USD,DB
70025776,01042,04,1,20260516,173506,000004471030,1,3.99,3.99,0.00,0.25,S,6082992299,,USD,DB
70025776,01042,04,2,20260516,173506,000004483001,1,4.99,4.99,0.00,0.31,S,6082992299,,USD,DB
70025776,01042,04,3,20260516,173506,000000093401,0.671,5.49,3.68,0.00,0.00,S,6082992299,,USD,DB
70025776,01042,04,4,20260516,173506,000004472001,1,3.99,3.99,0.00,0.25,S,6082992299,,USD,DB
70025777,01042,06,1,20260516,195125,000000093325,0.438,3.99,1.75,0.00,0.00,S,6049021666,,USD,GC
70025777,01042,06,2,20260516,195125,000004491003,1,1.99,1.99,0.00,0.12,S,6049021666,,USD,GC
70025777,01042,06,3,20260516,195125,000000094201,1.987,1.69,3.36,0.00,0.00,S,6049021666,,USD,GC
70025777,01042,06,4,20260516,195125,000004482002,3,17.99,53.97,0.00,3.37,S,6049021666,,USD,GC
70025777,01042,06,5,20260516,195125,000004482001,2,13.99,27.98,0.00,1.75,S,6049021666,,USD,GC
70025778,01042,06,1,20260516,173936,000000005013,2,3.89,7.78,0.00,0.00,S,6002730086,,USD,CS
70025779,01042,06,1,20260516,113850,000004472002,1,4.49,4.49,1.12,0.21,S,,PC26W15,USD,DB
70025779,01042,06,2,20260516,113850,000000040202,2,14.99,29.98,0.00,0.00,S,,,USD,DB
70025779,01042,06,3,20260516,113850,000000005020,1,4.49,4.49,0.00,0.00,S,,,USD,DB
70025779,01042,06,4,20260516,113850,000000005202,1,5.99,5.99,0.00,0.00,S,,,USD,DB
70025779,01042,06,5,20260516,113850,000000093325,1.720,3.99,6.86,0.00,0.00,S,,,USD,DB
70025780,01042,06,1,20260516,174755,000000030202,1,11.49,11.49,0.00,0.00,S,6045273466,,USD,CC
70025780,01042,06,2,20260516,174755,000004492002,1,1.49,1.49,0.37,0.07,S,6045273466,PC26W15,USD,CC
70025781,01042,03,1,20260516,74018,000004473002,1,2.79,2.79,0.00,0.17,S,,,USD,CC
70025781,01042,03,2,20260516,74018,000004491002,3,6.99,20.97,0.00,1.31,S,,,USD,CC
70025781,01042,03,3,20260516,74018,000004492002,1,1.49,1.49,0.37,0.07,S,,PC26W15,USD,CC
70025782,01042,01,1,20260516,184347,000000005020,1,4.49,4.49,0.00,0.00,S,6041465111,,USD,CC
70025782,01042,01,2,20260516,184347,000004493001,1,5.49,5.49,0.00,0.34,S,6041465111,,USD,CC
70025783,01042,04,1,20260516,201548,000000552001,1,4.49,4.49,0.00,0.28,S,6024406306,,USD,DB
70025784,01042,04,1,20260516,183235,000000005302,1,3.49,3.49,0.00,0.00,S,,,USD,CC
70025784,01042,04,2,20260516,183235,000000562001,2,10.99,21.98,0.00,1.37,S,,,USD,CC
70025785,01107,03,1,20260516,151224,000000020201,1,5.49,5.49,0.00,0.00,S,,,USD,DB
70025786,01107,06,1,20260516,193702,000000005020,1,4.49,4.49,0.00,0.00,S,,,USD,GC
70025786,01107,06,2,20260516,193702,000000020102,1,3.49,3.49,0.87,0.00,S,,PC26W15,USD,GC
70025786,01107,06,3,20260516,193702,000004491001,1,2.49,2.49,0.00,0.16,S,,,USD,GC
70025786,01107,06,4,20260516,193702,000000094301,0.912,4.39,4.00,0.00,0.00,S,,,USD,GC
70025787,01107,01,1,20260516,171905,000000020103,1,4.99,4.99,0.00,0.00,S,6010032365,,USD,CC
70025787,01107,01,2,20260516,171905,000004483001,2,4.99,9.98,0.00,0.62,S,6010032365,,USD,CC
70025788,01107,03,1,20260516,165428,000000040202,2,14.99,29.98,0.00,0.00,S,6076527758,,USD,CC
70025788,01107,03,2,20260516,165428,000000005101,1,7.99,7.99,0.00,0.00,S,6076527758,,USD,CC
70025788,01107,03,3,20260516,165428,000004483001,3,4.99,14.97,0.00,0.94,S,6076527758,,USD,CC
70025788,01107,03,4,20260516,165428,000000020102,1,3.49,3.49,0.87,0.00,S,6076527758,PC26W15,USD,CC
70025789,01107,04,1,20260516,110102,000004493001,1,5.49,5.49,0.00,0.34,S,,,USD,CC
70025789,01107,04,2,20260516,110102,000000020102,1,3.49,3.49,0.87,0.00,S,,PC26W15,USD,CC
70025790,01107,01,1,20260516,214722,000000551021,1,11.99,11.99,3.00,0.56,S,6001168809,PC26W15,USD,CC
70025790,01107,01,2,20260516,214722,000004482002,1,17.99,17.99,0.00,1.12,S,6001168809,,USD,CC
70025790,01107,01,3,20260516,214722,000000094203,1.823,1.49,2.72,0.00,0.00,S,6001168809,,USD,CC
70025790,01107,01,4,20260516,214722,000000093410,0.975,3.99,3.89,0.00,0.00,S,6001168809,,USD,CC
70025791,01107,04,1,20260516,71956,000004472002,1,4.49,4.49,1.12,0.21,S,6050090255,PC26W15,USD,GC
70025791,01107,04,2,20260516,71956,000004492002,1,1.49,1.49,0.37,0.07,S,6050090255,PC26W15,USD,GC
70025791,01107,04,3,20260516,71956,000000005103,1,6.99,6.99,0.00,0.00,S,6050090255,,USD,GC
70025791,01107,04,4,20260516,71956,000004481003,1,4.99,4.99,0.00,0.31,S,6050090255,,USD,GC
70025791,01107,04,5,20260516,71956,000000093402,1.525,3.29,5.02,0.00,0.00,S,6050090255,,USD,GC
70025791,01107,04,6,20260516,71956,000000040202,2,14.99,29.98,0.00,0.00,S,6050090255,,USD,GC
70025792,01107,05,1,20260516,192930,000004491002,1,6.99,6.99,0.00,0.44,S,,,USD,CC
70025793,01107,03,1,20260516,204826,000000020101,1,2.49,2.49,0.62,0.00,S,,PC26W15,USD,CS
70025793,01107,03,2,20260516,204826,000004492002,2,1.49,2.98,0.74,0.14,S,,PC26W15,USD,CS
70025793,01107,03,3,20260516,204826,000000040201,1,8.99,8.99,0.00,0.00,S,,,USD,CS
70025793,01107,03,4,20260516,204826,000004492002,2,1.49,2.98,0.74,0.14,S,,PC26W15,USD,CS
70025793,01107,03,5,20260516,204826,000000094201,1.957,1.69,3.31,0.00,0.00,S,,,USD,CS
70025794,01107,06,1,20260516,211612,000004493001,1,5.49,5.49,0.00,0.34,S,6030985034,,USD,CS
70025794,01107,06,2,20260516,211612,000004472001,1,3.99,3.99,0.00,0.25,S,6030985034,,USD,CS
70025794,01107,06,3,20260516,211612,000000005201,1,3.99,3.99,0.00,0.00,S,6030985034,,USD,CS
70025795,02210,04,1,20260516,112837,000000030103,1,8.99,8.99,2.25,0.00,S,6062639343,PC26W15,USD,CC
70025796,02210,02,1,20260516,165942,000000005020,1,4.49,4.49,0.00,0.00,S,6034283644,,USD,CS
70025796,02210,02,2,20260516,165942,000000020102,1,3.49,3.49,0.87,0.00,S,6034283644,PC26W15,USD,CS
70025796,02210,02,3,20260516,165942,000000561002,2,7.49,14.98,0.00,0.94,S,6034283644,,USD,CS
70025797,02210,05,1,20260516,120412,000000030101,1,6.99,6.99,0.00,0.00,S,6076153966,,USD,GC
70025798,02210,06,1,20260516,185026,000004492001,2,1.79,3.58,0.00,0.22,S,6086693465,,USD,CS
70025798,02210,06,2,20260516,185026,000004482003,1,5.49,5.49,0.00,0.34,S,6086693465,,USD,CS
70025799,02211,06,1,20260516,155930,000004472002,1,4.49,4.49,1.12,0.21,S,6039080882,PC26W15,USD,GC
70025799,02211,06,2,20260516,155930,000000093402,1.592,3.29,5.24,0.00,0.00,S,6039080882,,USD,GC
70025799,02211,06,3,20260516,155930,000000020102,1,3.49,3.49,0.87,0.00,S,6039080882,PC26W15,USD,GC
70025799,02211,06,4,20260516,155930,000004491001,1,2.49,2.49,0.00,0.16,S,6039080882,,USD,GC
70025800,02211,06,1,20260516,111726,000000005202,1,5.99,5.99,0.00,0.00,S,6074573144,,USD,GC
70025800,02211,06,2,20260516,111726,000000005103,1,6.99,6.99,0.00,0.00,S,6074573144,,USD,GC
70025800,02211,06,3,20260516,111726,000000005013,1,3.89,3.89,0.00,0.00,S,6074573144,,USD,GC
70025800,02211,06,4,20260516,111726,000000005301,2,5.49,10.98,0.00,0.00,S,6074573144,,USD,GC
70025800,02211,06,5,20260516,111726,000000040202,2,14.99,29.98,0.00,0.00,S,6074573144,,USD,GC
70025800,02211,06,6,20260516,111726,000004481001,1,7.99,7.99,0.00,0.50,S,6074573144,,USD,GC
70025801,02211,02,1,20260516,144337,000000020201,1,5.49,5.49,0.00,0.00,S,6055107620,,USD,DB
70025801,02211,02,2,20260516,144337,000004481003,2,4.99,9.98,0.00,0.62,S,6055107620,,USD,DB
70025801,02211,02,3,20260516,144337,000000561002,2,7.49,14.98,0.00,0.94,S,6055107620,,USD,DB
70025801,02211,02,4,20260516,144337,000004471030,2,3.99,7.98,0.00,0.50,S,6055107620,,USD,DB
70025801,02211,02,5,20260516,144337,000004472001,1,3.99,3.99,0.00,0.25,S,6055107620,,USD,DB
70025802,02211,04,1,20260516,113430,000000040201,1,8.99,8.99,0.00,0.00,S,,,USD,DB
70025802,02211,04,2,20260516,113430,000004482002,2,17.99,35.98,0.00,2.25,S,,,USD,DB
70025802,02211,04,3,20260516,113430,000000005012,1,3.99,3.99,0.00,0.00,S,,,USD,DB
70025802,02211,04,4,20260516,113430,000000005201,1,3.99,3.99,0.00,0.00,S,,,USD,DB
70025802,02211,04,5,20260516,113430,000000005101,2,7.99,15.98,0.00,0.00,S,,,USD,DB
70025802,02211,04,6,20260516,113430,000000005013,1,3.89,3.89,0.00,0.00,S,,,USD,DB
70025803,02211,05,1,20260516,194903,000000040202,1,14.99,14.99,0.00,0.00,S,,,USD,CC
70025803,02211,05,2,20260516,194903,000004483001,1,4.99,4.99,0.00,0.31,S,,,USD,CC
70025803,02211,05,3,20260516,194903,000004473001,1,2.99,2.99,0.00,0.19,S,,,USD,CC
70025803,02211,05,4,20260516,194903,000000040203,1,11.99,11.99,0.00,0.00,S,,,USD,CC
70025804,02211,02,1,20260516,150451,000004482002,2,17.99,35.98,0.00,2.25,S,6092855445,,USD,CC
70025804,02211,02,2,20260516,150451,000004481003,1,4.99,4.99,0.00,0.31,S,6092855445,,USD,CC
70025804,02211,02,3,20260516,150451,000000005302,2,3.49,6.98,0.00,0.00,S,6092855445,,USD,CC
70025804,02211,02,4,20260516,150451,000004473001,1,2.99,2.99,0.00,0.19,S,6092855445,,USD,CC
70025804,02211,02,5,20260516,150451,000000005020,1,4.49,4.49,0.00,0.00,S,6092855445,,USD,CC
70025804,02211,02,6,20260516,150451,000000040201,1,8.99,8.99,0.00,0.00,S,6092855445,,USD,CC
70025805,02305,06,1,20260516,214108,000000093321,1.862,1.49,2.77,0.00,0.00,S,,,USD,CC
70025805,02305,06,2,20260516,214108,000000005301,2,5.49,10.98,0.00,0.00,S,,,USD,CC
70025806,02305,02,1,20260516,143501,000000031102,1.204,19.99,24.07,0.00,0.00,S,,,USD,CS
70025806,02305,02,2,20260516,143501,000000552002,1,3.99,3.99,0.00,0.25,S,,,USD,CS
70025806,02305,02,3,20260516,143501,000004472002,1,4.49,4.49,1.12,0.21,S,,PC26W15,USD,CS
70025806,02305,02,4,20260516,143501,000004472001,1,3.99,3.99,0.00,0.25,S,,,USD,CS
70025806,02305,02,5,20260516,143501,000004472002,1,4.49,4.49,1.12,0.21,S,,PC26W15,USD,CS
70025806,02305,02,6,20260516,143501,000000093402,1.248,3.29,4.11,0.00,0.00,S,,,USD,CS
70025807,02305,04,1,20260516,140547,000000030101,1,6.99,6.99,0.00,0.00,S,6087920698,,USD,CS
70025807,02305,04,2,20260516,140547,000000020102,1,3.49,3.49,0.87,0.00,S,6087920698,PC26W15,USD,CS
70025807,02305,04,3,20260516,140547,000004473003,2,3.49,6.98,0.00,0.44,S,6087920698,,USD,CS
70025808,02305,01,1,20260516,192638,000000005012,1,3.99,3.99,0.00,0.00,S,,,USD,CS
70025809,02305,03,1,20260516,145154,000004472002,1,4.49,4.49,1.12,0.21,S,6014878245,PC26W15,USD,CC
70025809,02305,03,2,20260516,145154,000004492003,1,2.29,2.29,0.00,0.14,S,6014878245,,USD,CC
70025809,02305,03,3,20260516,145154,000000094202,1.667,1.99,3.32,0.00,0.00,S,6014878245,,USD,CC
70025810,02305,01,1,20260516,142256,000000030203,1,8.49,8.49,0.00,0.00,S,6038480752,,USD,CC
70025810,02305,01,2,20260516,142256,000004482003,1,5.49,5.49,0.00,0.34,S,6038480752,,USD,CC
70025810,02305,01,3,20260516,142256,000000005013,1,3.89,3.89,0.00,0.00,S,6038480752,,USD,CC
70025811,02305,02,1,20260516,121511,000000094203,0.316,1.49,0.47,0.00,0.00,S,6010752245,,USD,DB
70025811,02305,02,2,20260516,121511,000004491003,1,1.99,1.99,0.00,0.12,S,6010752245,,USD,DB
70025811,02305,02,3,20260516,121511,000000094202,0.683,1.99,1.36,0.00,0.00,S,6010752245,,USD,DB
70025811,02305,02,4,20260516,121511,000004492002,1,1.49,1.49,0.37,0.07,S,6010752245,PC26W15,USD,DB
70025811,02305,02,5,20260516,121511,000004472001,1,3.99,3.99,0.00,0.25,S,6010752245,,USD,DB
70025812,02305,06,1,20260516,124605,000000005102,1,5.49,5.49,0.00,0.00,S,,,USD,DB
70025812,02305,06,2,20260516,124605,000000030101,2,6.99,13.98,0.00,0.00,S,,,USD,DB
70025813,02305,04,1,20260516,170006,000004491001,1,2.49,2.49,0.00,0.16,S,,,USD,CC
70025814,02305,02,1,20260516,142239,000000005103,1,6.99,6.99,0.00,0.00,S,6050344694,,USD,CC
70025815,02305,04,1,20260516,152539,000000005012,1,3.99,3.99,0.00,0.00,S,,,USD,CC
70025815,02305,04,2,20260516,152539,000000005012,1,3.99,3.99,0.00,0.00,S,,,USD,CC
70025816,02305,04,1,20260516,84644,000000094301,1.128,4.39,4.95,0.00,0.00,S,,,USD,CC
70025816,02305,04,2,20260516,84644,000000005101,1,7.99,7.99,0.00,0.00,S,,,USD,CC
70025816,02305,04,3,20260516,84644,000000094201,0.678,1.69,1.15,0.00,0.00,S,,,USD,CC
70025816,02305,04,4,20260516,84644,000000094103,3,3.79,11.37,0.00,0.00,S,,,USD,CC
70025817,02305,02,1,20260516,84437,000000093410,1.399,3.99,5.58,0.00,0.00,S,6047705383,,USD,DB
70025818,02305,04,1,20260516,122739,000004492002,1,1.49,1.49,0.37,0.07,S,,PC26W15,USD,CC
70025819,03050,04,1,20260516,131555,000000005101,1,7.99,7.99,0.00,0.00,S,6086700900,,USD,GC
70025819,03050,04,2,20260516,131555,000000040102,1.662,16.99,28.24,0.00,0.00,S,6086700900,,USD,GC
70025820,03050,05,1,20260516,134923,000000562001,1,10.99,10.99,0.00,0.69,S,,,USD,GC
70025821,03050,03,1,20260516,172833,000000093502,1,3.99,3.99,0.00,0.00,S,6000518449,,USD,GC
70025821,03050,03,2,20260516,172833,000000562001,2,10.99,21.98,0.00,1.37,S,6000518449,,USD,GC
70025822,03050,06,1,20260516,101736,000000094202,1.655,1.99,3.29,0.00,0.00,S,,,USD,CC
70025822,03050,06,2,20260516,101736,000000040202,3,14.99,44.97,0.00,0.00,S,,,USD,CC
70025822,03050,06,3,20260516,101736,000000093401,1.350,5.49,7.41,0.00,0.00,S,,,USD,CC
70025822,03050,06,4,20260516,101736,000004482003,1,5.49,5.49,0.00,0.34,S,,,USD,CC
70025823,03050,05,1,20260516,145446,000004492002,1,1.49,1.49,0.37,0.07,S,,PC26W15,USD,DB
70025824,03050,05,1,20260516,140927,000000040202,1,14.99,14.99,0.00,0.00,S,,,USD,CC
70025824,03050,05,2,20260516,140927,000000093401,0.458,5.49,2.51,0.00,0.00,S,,,USD,CC
70025824,03050,05,3,20260516,140927,000000030103,1,8.99,8.99,2.25,0.00,S,,PC26W15,USD,CC
70025824,03050,05,4,20260516,140927,000004492002,1,1.49,1.49,0.37,0.07,S,,PC26W15,USD,CC
70025824,03050,05,5,20260516,140927,000004491001,2,2.49,4.98,0.00,0.31,S,,,USD,CC
70025825,03050,05,1,20260516,201314,000004492002,1,1.49,1.49,0.37,0.07,S,6057784872,PC26W15,USD,DB
70025826,03050,01,1,20260516,174446,000000093401,0.447,5.49,2.45,0.00,0.00,S,,,USD,CC
70025826,03050,01,2,20260516,174446,000004472002,1,4.49,4.49,1.12,0.21,S,,PC26W15,USD,CC
70025826,03050,01,3,20260516,174446,000000040101,0.456,18.99,8.66,0.00,0.00,S,,,USD,CC
70025827,00317,02,1,20260516,151346,000004492050,1,2.99,2.99,0.00,0.19,S,6038860868,,CAD,CC
70025827,00317,02,2,20260516,151346,000000094202,1.028,2.69,2.77,0.00,0.00,S,6038860868,,CAD,CC
70025827,00317,02,3,20260516,151346,000000030101,1,9.49,9.49,0.00,0.00,S,6038860868,,CAD,CC
70025827,00317,02,4,20260516,151346,000004483001,1,6.79,6.79,0.00,0.42,S,6038860868,,CAD,CC
70025827,00317,02,5,20260516,151346,000004492050,1,2.99,2.99,0.00,0.19,V,6038860868,,CAD,CC
70025828,00317,01,1,20260516,122405,000004472002,1,6.09,6.09,1.52,0.29,S,,PC26W15,CAD,CS
70025829,00317,03,1,20260516,135417,000000094103,1,5.19,5.19,0.00,0.00,S,,,CAD,CC
70025829,00317,03,2,20260516,135417,000000031101,2.132,33.99,72.47,0.00,0.00,S,,,CAD,CC
70025829,00317,03,3,20260516,135417,000000030101,1,9.49,9.49,0.00,0.00,S,,,CAD,CC
70025829,00317,03,4,20260516,135417,000004492002,1,1.99,1.99,0.50,0.09,S,,PC26W15,CAD,CC
70025829,00317,03,5,20260516,135417,000000031102,1.741,27.19,47.34,0.00,0.00,S,,,CAD,CC
70025830,00317,01,1,20260516,121205,000000005103,1,9.49,9.49,0.00,0.00,S,,,CAD,CC
70025831,00317,03,1,20260516,73953,000004471030,1,5.39,5.39,0.00,0.34,S,,,CAD,GC
70025831,00317,03,2,20260516,73953,000000094201,1.024,2.29,2.34,0.00,0.00,S,,,CAD,GC
70025832,00317,03,1,20260516,135338,000000005020,1,6.09,6.09,0.00,0.00,S,,,CAD,DB
70025833,00317,03,1,20260516,193054,000000030202,3,15.59,46.77,0.00,0.00,S,,,CAD,DB
70025833,00317,03,2,20260516,193054,000000005020,2,6.09,12.18,0.00,0.00,S,,,CAD,DB
70025833,00317,03,3,20260516,193054,000000020102,1,4.69,4.69,1.17,0.00,S,,PC26W15,CAD,DB
70025833,00317,03,4,20260516,193054,000000031102,1.717,27.19,46.69,0.00,0.00,S,,,CAD,DB
70025834,00317,05,1,20260516,141641,000000030202,1,15.59,15.59,0.00,0.00,S,,,CAD,CC
70025834,00317,05,2,20260516,141641,000000094201,1.272,2.29,2.91,0.00,0.00,S,,,CAD,CC
70025835,00317,01,1,20260516,191531,000000093410,0.998,5.39,5.38,0.00,0.00,S,,,CAD,CC
70025835,00317,01,2,20260516,191531,000000094101,1,5.39,5.39,0.00,0.00,S,,,CAD,CC
70025836,00317,03,1,20260516,120421,000000005012,2,5.39,10.78,0.00,0.00,S,6060847068,,CAD,CS
70025836,00317,03,2,20260516,120421,000000020103,1,6.79,6.79,0.00,0.00,S,6060847068,,CAD,CS
70025836,00317,03,3,20260516,120421,000000005302,2,4.69,9.38,0.00,0.00,S,6060847068,,CAD,CS
70025836,00317,03,4,20260516,120421,000000093325,1.832,5.39,9.87,0.00,0.00,S,6060847068,,CAD,CS
70025837,00317,05,1,20260516,125431,000000561001,1,13.59,13.59,0.00,0.85,S,,,CAD,GC
70025837,00317,05,2,20260516,125431,000004471040,1,3.39,3.39,0.00,0.21,S,,,CAD,GC
70025837,00317,05,3,20260516,125431,000000093402,0.513,4.49,2.30,0.00,0.00,S,,,CAD,GC
70025838,00317,01,1,20260516,173507,000000005101,1,10.89,10.89,0.00,0.00,R,,,CAD,GC
70025839,00317,01,1,20260516,151036,000000005302,1,4.69,4.69,0.00,0.00,S,6048170580,,CAD,DB
70025839,00317,01,2,20260516,151036,000000551021,1,16.29,16.29,4.07,0.76,S,6048170580,PC26W15,CAD,DB
70025840,00317,05,1,20260516,155722,000000093502,3,5.39,16.17,0.00,0.00,S,,,CAD,GC
70025840,00317,05,2,20260516,155722,000000030202,2,15.59,31.18,0.00,0.00,S,,,CAD,GC
70025841,00317,05,1,20260516,185509,000000094203,0.944,1.99,1.88,0.00,0.00,S,,,CAD,CS
70025841,00317,05,2,20260516,185509,000000093501,1,6.09,6.09,0.00,0.00,S,,,CAD,CS
70025842,00317,02,1,20260516,175032,000004492050,1,2.99,2.99,0.00,0.19,S,,,CAD,CC
70025842,00317,02,2,20260516,175032,000000093502,1,5.39,5.39,0.00,0.00,S,,,CAD,CC
70025842,00317,02,3,20260516,175032,000004492050,2,2.99,5.98,0.00,0.37,S,,,CAD,CC
70025842,00317,02,4,20260516,175032,000004471040,1,3.39,3.39,0.00,0.21,S,,,CAD,CC
70025842,00317,02,5,20260516,175032,000000551021,1,16.29,16.29,4.07,0.76,S,,PC26W15,CAD,CC
70025843,00317,01,1,20260516,200936,000000020201,1,7.49,7.49,0.00,0.00,S,6005800851,,CAD,DB
70025843,00317,01,2,20260516,200936,000004481001,1,10.89,10.89,0.00,0.68,S,6005800851,,CAD,DB
70025843,00317,01,3,20260516,200936,000000030202,1,15.59,15.59,0.00,0.00,S,6005800851,,CAD,DB
70025844,00317,04,1,20260516,182314,000000561001,1,13.59,13.59,0.00,0.85,S,6003865719,,CAD,DB
70025845,00322,06,1,20260516,184813,000004471023,1,4.69,4.69,0.00,0.29,S,6079371452,,CAD,DB
70025845,00322,06,2,20260516,184813,000004481001,1,10.89,10.89,0.00,0.68,S,6079371452,,CAD,DB
70025845,00322,06,3,20260516,184813,000000094301,1.166,5.99,6.98,0.00,0.00,S,6079371452,,CAD,DB
70025846,00322,04,1,20260516,145620,000004493001,2,7.49,14.98,0.00,0.94,S,,,CAD,CS
70025846,00322,04,2,20260516,145620,000004471040,1,3.39,3.39,0.00,0.21,S,,,CAD,CS
70025846,00322,04,3,20260516,145620,000000040203,1,16.29,16.29,0.00,0.00,S,,,CAD,CS
70025846,00322,04,4,20260516,145620,000000020102,1,4.69,4.69,1.17,0.00,S,,PC26W15,CAD,CS
70025847,00322,04,1,20260516,214935,000000093401,1.992,7.49,14.92,0.00,0.00,S,6054647548,,CAD,CS
70025847,00322,04,2,20260516,214935,000000020102,1,4.69,4.69,1.17,0.00,S,6054647548,PC26W15,CAD,CS
70025847,00322,04,3,20260516,214935,000000020101,1,3.39,3.39,0.85,0.00,S,6054647548,PC26W15,CAD,CS
70025848,00322,02,1,20260516,175635,000004472002,1,6.09,6.09,1.52,0.29,S,,PC26W15,CAD,DB
70025848,00322,02,2,20260516,175635,000000005013,1,5.29,5.29,0.00,0.00,S,,,CAD,DB
70025849,00322,03,1,20260516,185805,000000020102,1,4.69,4.69,1.17,0.00,S,6095654420,PC26W15,CAD,CS
70025849,00322,03,2,20260516,185805,000004491003,2,2.69,5.38,0.00,0.34,S,6095654420,,CAD,CS
70025849,00322,03,3,20260516,185805,000004492050,1,2.99,2.99,0.00,0.19,S,6095654420,,CAD,CS
70025850,00322,06,1,20260516,151955,000004492002,2,1.99,3.98,0.99,0.19,S,,PC26W15,CAD,GC
70025850,00322,06,2,20260516,151955,000000040101,2.098,25.79,54.11,0.00,0.00,S,,,CAD,GC
70025850,00322,06,3,20260516,151955,000004482001,2,18.99,37.98,0.00,2.37,S,,,CAD,GC
70025851,01042,04,1,20260517,81235,000000005202,1,5.99,5.99,0.00,0.00,S,6091093371,,USD,CC
70025852,01042,02,1,20260517,84358,000004473003,1,3.49,3.49,0.00,0.22,S,,,USD,DB
70025853,01042,02,1,20260517,80150,000004481003,1,4.99,4.99,0.00,0.31,S,,,USD,DB
70025853,01042,02,2,20260517,80150,000000005101,1,7.99,7.99,2.00,0.00,S,,PC26W16,USD,DB
70025853,01042,02,3,20260517,80150,000000561002,2,7.49,14.98,3.75,0.70,S,,PC26W16,USD,DB
70025853,01042,02,4,20260517,80150,000004482001,1,13.99,13.99,0.00,0.87,S,,,USD,DB
70025854,01042,02,1,20260517,113545,000000093322,0.388,1.99,0.77,0.00,0.00,S,6097283215,,USD,CC
70025854,01042,02,2,20260517,113545,000000005103,1,6.99,6.99,0.00,0.00,S,6097283215,,USD,CC
70025854,01042,02,3,20260517,113545,000000005102,1,5.49,5.49,0.00,0.00,S,6097283215,,USD,CC
70025854,01042,02,4,20260517,113545,000004473003,1,3.49,3.49,0.00,0.22,S,6097283215,,USD,CC
70025854,01042,02,5,20260517,113545,000004472002,1,4.49,4.49,0.00,0.28,S,6097283215,,USD,CC
70025855,01042,02,1,20260517,120454,000004493001,1,5.49,5.49,0.00,0.34,S,,,USD,CS
70025855,01042,02,2,20260517,120454,000004491003,1,1.99,1.99,0.00,0.12,S,,,USD,CS
70025855,01042,02,3,20260517,120454,000004471023,1,3.49,3.49,0.00,0.22,S,,,USD,CS
70025856,01042,02,1,20260517,103550,000004473003,1,3.49,3.49,0.00,0.22,S,6035884183,,USD,CS
70025856,01042,02,2,20260517,103550,000000551020,1,13.99,13.99,0.00,0.87,S,6035884183,,USD,CS
70025856,01042,02,3,20260517,103550,000004471030,1,3.99,3.99,0.00,0.25,S,6035884183,,USD,CS
70025857,01042,01,1,20260517,101429,000004491003,2,1.99,3.98,0.00,0.25,S,6082742257,,USD,DB
70025857,01042,01,2,20260517,101429,000004492002,1,1.49,1.49,0.00,0.09,S,6082742257,,USD,DB
70025858,01042,02,1,20260517,100428,000004492003,1,2.29,2.29,0.00,0.14,S,6082082973,,USD,DB
70025858,01042,02,2,20260517,100428,000004482002,1,17.99,17.99,0.00,1.12,S,6082082973,,USD,DB
70025858,01042,02,3,20260517,100428,000000005102,1,5.49,5.49,0.00,0.00,S,6082082973,,USD,DB
70025858,01042,02,4,20260517,100428,000000030201,1,9.99,9.99,0.00,0.00,S,6082082973,,USD,DB
70025859,01042,01,1,20260517,175824,000000030201,1,9.99,9.99,0.00,0.00,S,6038421503,,USD,CC
70025859,01042,01,2,20260517,175824,000000020202,1,5.99,5.99,0.00,0.00,S,6038421503,,USD,CC
70025859,01042,01,3,20260517,175824,000000094101,2,3.99,7.98,0.00,0.00,S,6038421503,,USD,CC
70025859,01042,01,4,20260517,175824,000000005102,1,5.49,5.49,0.00,0.00,S,6038421503,,USD,CC
70025859,01042,01,5,20260517,175824,000000005013,1,3.89,3.89,0.97,0.00,S,6038421503,PC26W16,USD,CC
70025859,01042,01,6,20260517,175824,000004492002,1,1.49,1.49,0.00,0.09,S,6038421503,,USD,CC
70025860,01042,04,1,20260517,114945,000000093501,2,4.49,8.98,0.00,0.00,S,,,USD,GC
70025860,01042,04,2,20260517,114945,000004472003,1,3.29,3.29,0.00,0.21,S,,,USD,GC
70025860,01042,04,3,20260517,114945,000000020102,1,3.49,3.49,0.00,0.00,S,,,USD,GC
70025860,01042,04,4,20260517,114945,000000094102,1,3.49,3.49,0.00,0.00,S,,,USD,GC
70025861,01042,02,1,20260517,94513,000004482003,1,5.49,5.49,0.00,0.34,S,6030806958,,USD,CS
70025862,01107,05,1,20260517,72209,000004492003,1,2.29,2.29,0.00,0.14,S,,,USD,CC
70025863,01107,05,1,20260517,155045,000004492002,1,1.49,1.49,0.00,0.09,S,,,USD,CS
70025864,01107,06,1,20260517,191109,000000005302,1,3.49,3.49,0.00,0.00,S,,,USD,CC
70025864,01107,06,2,20260517,191109,000004492003,1,2.29,2.29,0.00,0.14,S,,,USD,CC
70025864,01107,06,3,20260517,191109,000000093321,0.512,1.49,0.76,0.19,0.00,S,,PC26W16,USD,CC
70025865,01107,02,1,20260517,102659,000004493001,1,5.49,5.49,0.00,0.34,S,,,USD,DB
70025865,01107,02,2,20260517,102659,000000020103,1,4.99,4.99,0.00,0.00,S,,,USD,DB
70025865,01107,02,3,20260517,102659,000000040203,1,11.99,11.99,0.00,0.00,S,,,USD,DB
70025866,02210,03,1,20260517,112542,000000040102,2.064,16.99,35.07,0.00,0.00,S,,,USD,CS
70025866,02210,03,2,20260517,112542,000000094203,0.357,1.49,0.53,0.00,0.00,S,,,USD,CS
70025866,02210,03,3,20260517,112542,000000005013,1,3.89,3.89,0.97,0.00,S,,PC26W16,USD,CS
70025867,02210,05,1,20260517,95732,000004472003,1,3.29,3.29,0.00,0.21,S,,,USD,CC
70025867,02210,05,2,20260517,95732,000000562001,1,10.99,10.99,2.75,0.52,S,,PC26W16,USD,CC
70025868,02210,06,1,20260517,171514,000004483001,1,4.99,4.99,0.00,0.31,S,,,USD,DB
70025869,02210,04,1,20260517,171057,000004481001,1,7.99,7.99,0.00,0.50,S,,,USD,CC
70025869,02210,04,2,20260517,171057,000000005103,1,6.99,6.99,0.00,0.00,S,,,USD,CC
70025869,02210,04,3,20260517,171057,000000005012,2,3.99,7.98,0.00,0.00,S,,,USD,CC
70025869,02210,04,4,20260517,171057,000000005013,1,3.89,3.89,0.97,0.00,S,,PC26W16,USD,CC
70025870,02210,01,1,20260517,74441,000004482003,2,5.49,10.98,0.00,0.69,S,,,USD,CC
70025871,02210,01,1,20260517,73651,000004481001,1,7.99,7.99,0.00,0.50,S,6061213773,,USD,DB
70025871,02210,01,2,20260517,73651,000000005101,2,7.99,15.98,4.00,0.00,S,6061213773,PC26W16,USD,DB
70025871,02210,01,3,20260517,73651,000000093401,0.810,5.49,4.45,0.00,0.00,S,6061213773,,USD,DB
70025871,02210,01,4,20260517,73651,000000093401,0.810,5.49,4.45,0.00,0.00,V,6061213773,,USD,DB
70025872,02211,02,1,20260517,83018,000004491001,1,2.49,2.49,0.00,0.16,S,,,USD,CC
70025872,02211,02,2,20260517,83018,000000005302,2,3.49,6.98,0.00,0.00,S,,,USD,CC
70025872,02211,02,3,20260517,83018,000004493001,1,5.49,5.49,0.00,0.34,S,,,USD,CC
70025872,02211,02,4,20260517,83018,000000005101,1,7.99,7.99,2.00,0.00,S,,PC26W16,USD,CC
70025872,02211,02,5,20260517,83018,000000561001,1,9.99,9.99,0.00,0.62,S,,,USD,CC
70025873,02211,01,1,20260517,70232,000000005202,1,5.99,5.99,0.00,0.00,S,,,USD,GC
70025873,02211,01,2,20260517,70232,000000020202,1,5.99,5.99,0.00,0.00,S,,,USD,GC
70025873,02211,01,3,20260517,70232,000000040202,2,14.99,29.98,0.00,0.00,S,,,USD,GC
70025873,02211,01,4,20260517,70232,000004471023,1,3.49,3.49,0.00,0.22,S,,,USD,GC
70025873,02211,01,5,20260517,70232,000004493002,1,3.99,3.99,0.00,0.25,S,,,USD,GC
70025874,02211,03,1,20260517,180854,000004493002,1,3.99,3.99,0.00,0.25,S,,,USD,CC
70025875,02211,05,1,20260517,153139,000004481001,1,7.99,7.99,0.00,0.50,S,,,USD,CC
70025876,02211,02,1,20260517,165553,000000020103,1,4.99,4.99,0.00,0.00,S,,,USD,DB
70025877,02211,02,1,20260517,170459,000004491002,1,6.99,6.99,0.00,0.44,S,,,USD,GC
70025877,02211,02,2,20260517,170459,000000005101,1,7.99,7.99,2.00,0.00,S,,PC26W16,USD,GC
70025878,02305,04,1,20260517,192849,000000005301,1,5.49,5.49,0.00,0.00,S,6037052635,,USD,CC
70025879,02305,01,1,20260517,125616,000000040102,1.955,16.99,33.22,0.00,0.00,S,6072870320,,USD,CC
70025879,02305,01,2,20260517,125616,000000005302,2,3.49,6.98,0.00,0.00,S,6072870320,,USD,CC
70025879,02305,01,3,20260517,125616,000004482002,1,17.99,17.99,0.00,1.12,S,6072870320,,USD,CC
70025879,02305,01,4,20260517,125616,000000094102,1,3.49,3.49,0.00,0.00,S,6072870320,,USD,CC
70025879,02305,01,5,20260517,125616,000000030201,1,9.99,9.99,0.00,0.00,S,6072870320,,USD,CC
70025880,02305,03,1,20260517,85101,000004471023,1,3.49,3.49,0.00,0.22,S,,,USD,CC
70025880,02305,03,2,20260517,85101,000000030103,1,8.99,8.99,0.00,0.00,S,,,USD,CC
70025880,02305,03,3,20260517,85101,000004482001,2,13.99,27.98,0.00,1.75,S,,,USD,CC
70025881,02305,05,1,20260517,151028,000004473002,2,2.79,5.58,0.00,0.35,S,,,USD,CC
70025881,02305,05,2,20260517,151028,000004493002,1,3.99,3.99,0.00,0.25,S,,,USD,CC
70025881,02305,05,3,20260517,151028,000000005101,1,7.99,7.99,2.00,0.00,S,,PC26W16,USD,CC
70025881,02305,05,4,20260517,151028,000000552001,2,4.49,8.98,0.00,0.56,S,,,USD,CC
70025881,02305,05,5,20260517,151028,000000005202,1,5.99,5.99,0.00,0.00,S,,,USD,CC
70025882,02305,02,1,20260517,115303,000000005202,2,5.99,11.98,0.00,0.00,S,,,USD,CS
70025882,02305,02,2,20260517,115303,000000093321,0.413,1.49,0.62,0.15,0.00,S,,PC26W16,USD,CS
70025882,02305,02,3,20260517,115303,000004472001,1,3.99,3.99,0.00,0.25,S,,,USD,CS
70025883,02305,06,1,20260517,83829,000000005013,1,3.89,3.89,0.97,0.00,S,6091450461,PC26W16,USD,DB
70025883,02305,06,2,20260517,83829,000000031101,0.928,24.99,23.19,0.00,0.00,S,6091450461,,USD,DB
70025884,02305,04,1,20260517,124840,000000005020,2,4.49,8.98,0.00,0.00,S,6001775095,,USD,CC
70025884,02305,04,2,20260517,124840,000000005101,2,7.99,15.98,4.00,0.00,S,6001775095,PC26W16,USD,CC
70025885,02305,04,1,20260517,182620,000000094102,1,3.49,3.49,0.00,0.00,S,,,USD,DB
70025885,02305,04,2,20260517,182620,000004491002,1,6.99,6.99,0.00,0.44,S,,,USD,DB
70025885,02305,04,3,20260517,182620,000004492002,1,1.49,1.49,0.00,0.09,S,,,USD,DB
70025885,02305,04,4,20260517,182620,000000005101,1,7.99,7.99,2.00,0.00,S,,PC26W16,USD,DB
70025885,02305,04,5,20260517,182620,000000562001,2,10.99,21.98,5.50,1.03,S,,PC26W16,USD,DB
70025886,02305,05,1,20260517,132445,000000020202,1,5.99,5.99,0.00,0.00,S,6052895392,,USD,DB
70025887,02305,02,1,20260517,164916,000004472002,1,4.49,4.49,0.00,0.28,S,,,USD,DB
70025887,02305,02,2,20260517,164916,000004481001,1,7.99,7.99,0.00,0.50,S,,,USD,DB
70025887,02305,02,3,20260517,164916,000000094202,1.242,1.99,2.47,0.00,0.00,S,,,USD,DB
70025888,02305,02,1,20260517,100735,000000040203,3,11.99,35.97,0.00,0.00,S,,,USD,GC
70025888,02305,02,2,20260517,100735,000004482002,1,17.99,17.99,0.00,1.12,S,,,USD,GC
70025888,02305,02,3,20260517,100735,000000040202,2,14.99,29.98,0.00,0.00,S,,,USD,GC
70025888,02305,02,4,20260517,100735,000004482003,1,5.49,5.49,0.00,0.34,S,,,USD,GC
70025888,02305,02,5,20260517,100735,000000040102,1.804,16.99,30.65,0.00,0.00,S,,,USD,GC
70025889,02305,05,1,20260517,163825,000004482002,1,17.99,17.99,0.00,1.12,S,,,USD,CC
70025889,02305,05,2,20260517,163825,000000040202,1,14.99,14.99,0.00,0.00,S,,,USD,CC
70025890,02305,06,1,20260517,200834,000004472003,1,3.29,3.29,0.00,0.21,S,6061675677,,USD,CS
70025891,02305,04,1,20260517,182121,000000561002,1,7.49,7.49,1.87,0.35,S,6037213290,PC26W16,USD,CC
70025891,02305,04,2,20260517,182121,000000093501,2,4.49,8.98,0.00,0.00,S,6037213290,,USD,CC
70025892,02305,03,1,20260517,115527,000004471030,1,3.99,3.99,0.00,0.25,S,,,USD,CC
70025893,03050,01,1,20260517,110623,000000093410,2.032,3.99,8.11,0.00,0.00,S,,,USD,CC
70025893,03050,01,2,20260517,110623,000000005020,1,4.49,4.49,0.00,0.00,S,,,USD,CC
70025893,03050,01,3,20260517,110623,000004472003,1,3.29,3.29,0.00,0.21,S,,,USD,CC
70025893,03050,01,4,20260517,110623,000000005301,2,5.49,10.98,0.00,0.00,S,,,USD,CC
70025894,00317,01,1,20260517,122637,000004471030,1,5.39,5.39,0.00,0.34,S,6016800610,,CAD,DB
70025894,00317,01,2,20260517,122637,000000020201,1,7.49,7.49,0.00,0.00,S,6016800610,,CAD,DB
70025895,00317,04,1,20260517,202820,000004473003,1,4.69,4.69,0.00,0.29,S,6072791033,,CAD,CS
70025895,00317,04,2,20260517,202820,000004483001,1,6.79,6.79,0.00,0.42,S,6072791033,,CAD,CS
70025895,00317,04,3,20260517,202820,000000005202,1,8.09,8.09,0.00,0.00,S,6072791033,,CAD,CS
70025895,00317,04,4,20260517,202820,000004481001,1,10.89,10.89,0.00,0.68,S,6072791033,,CAD,CS
70025895,00317,04,5,20260517,202820,000000094102,1,4.69,4.69,0.00,0.00,S,6072791033,,CAD,CS
70025896,00317,01,1,20260517,85952,000000030202,1,15.59,15.59,0.00,0.00,S,6056743000,,CAD,CC
70025896,00317,01,2,20260517,85952,000004493001,1,7.49,7.49,0.00,0.47,S,6056743000,,CAD,CC
70025897,00317,05,1,20260517,191821,000004493002,1,5.39,5.39,0.00,0.34,S,6049603358,,CAD,CC
70025897,00317,05,2,20260517,191821,000000030103,1,12.19,12.19,0.00,0.00,S,6049603358,,CAD,CC
70025898,00317,01,1,20260517,112711,000000093322,0.411,2.69,1.11,0.00,0.00,S,6057383959,,CAD,CC
70025898,00317,01,2,20260517,112711,000000030101,1,9.49,9.49,0.00,0.00,S,6057383959,,CAD,CC
70025899,00317,01,1,20260517,131107,000000551021,2,16.29,32.58,0.00,2.04,S,,,CAD,DB
70025899,00317,01,2,20260517,131107,000000094101,1,5.39,5.39,0.00,0.00,S,,,CAD,DB
70025900,00317,03,1,20260517,162010,000000005013,1,5.29,5.29,1.32,0.00,S,6000170127,PC26W16,CAD,GC
70025900,00317,03,2,20260517,162010,000000030101,1,9.49,9.49,0.00,0.00,S,6000170127,,CAD,GC
70025901,00317,04,1,20260517,123955,000004481003,2,6.79,13.58,0.00,0.85,S,6013875927,,CAD,DB
70025901,00317,04,2,20260517,123955,000000005102,1,7.49,7.49,0.00,0.00,S,6013875927,,CAD,DB
70025902,00317,06,1,20260517,104252,000004492002,1,1.99,1.99,0.00,0.12,S,,,CAD,GC
70025902,00317,06,2,20260517,104252,000000020103,2,6.79,13.58,0.00,0.00,S,,,CAD,GC
70025903,00317,06,1,20260517,133343,000000005013,1,5.29,5.29,1.32,0.00,S,6047472197,PC26W16,CAD,DB
70025903,00317,06,2,20260517,133343,000000093503,2,5.79,11.58,0.00,0.00,S,6047472197,,CAD,DB
70025903,00317,06,3,20260517,133343,000000561002,1,10.19,10.19,2.55,0.48,S,6047472197,PC26W16,CAD,DB
70025903,00317,06,4,20260517,133343,000000093501,1,6.09,6.09,0.00,0.00,S,6047472197,,CAD,DB
70025903,00317,06,5,20260517,133343,000000093322,0.399,2.69,1.07,0.00,0.00,S,6047472197,,CAD,DB
70025904,00317,04,1,20260517,134818,000004481001,1,10.89,10.89,0.00,0.68,S,,,CAD,CS
70025904,00317,04,2,20260517,134818,000004483001,1,6.79,6.79,0.00,0.42,S,,,CAD,CS
70025905,00322,05,1,20260517,154751,000004472002,1,6.09,6.09,0.00,0.38,S,,,CAD,CS
70025905,00322,05,2,20260517,154751,000004472050,2,5.39,10.78,0.00,0.67,S,,,CAD,CS
70025905,00322,05,3,20260517,154751,000000005202,1,8.09,8.09,0.00,0.00,S,,,CAD,CS
70025905,00322,05,4,20260517,154751,000000020202,1,8.09,8.09,0.00,0.00,S,,,CAD,CS
70025906,00322,06,1,20260517,134508,000000020202,2,8.09,16.18,0.00,0.00,S,6062207223,,CAD,CC
70025907,00322,01,1,20260517,195324,000004491002,1,9.49,9.49,0.00,0.59,S,,,CAD,CS
70025907,00322,01,2,20260517,195324,000000020101,1,3.39,3.39,0.00,0.00,S,,,CAD,CS
70025908,01042,03,1,20260518,122551,000000040101,1.083,18.99,20.57,0.00,0.00,S,,,USD,GC
70025909,01042,05,1,20260518,214358,000004482002,2,17.99,35.98,0.00,2.25,S,,,USD,GC
70025909,01042,05,2,20260518,214358,000000005013,1,3.89,3.89,0.97,0.00,S,,PC26W16,USD,GC
70025909,01042,05,3,20260518,214358,000000020102,1,3.49,3.49,0.00,0.00,S,,,USD,GC
70025909,01042,05,4,20260518,214358,000000005101,1,7.99,7.99,2.00,0.00,S,,PC26W16,USD,GC
70025909,01042,05,5,20260518,214358,000004482001,1,13.99,13.99,0.00,0.87,S,,,USD,GC
70025910,01042,06,1,20260518,150920,000000005013,3,3.89,11.67,2.92,0.00,S,,PC26W16,USD,DB
70025910,01042,06,2,20260518,150920,000004492002,1,1.49,1.49,0.00,0.09,S,,,USD,DB
70025910,01042,06,3,20260518,150920,000000020103,1,4.99,4.99,0.00,0.00,S,,,USD,DB
70025911,01042,06,1,20260518,162705,000000552002,1,3.99,3.99,0.00,0.25,S,6028137214,,USD,DB
70025912,01042,04,1,20260518,131320,000000094301,2.181,4.39,9.57,0.00,0.00,S,,,USD,DB
70025912,01042,04,2,20260518,131320,000000551021,1,11.99,11.99,0.00,0.75,S,,,USD,DB
70025912,01042,04,3,20260518,131320,000004471023,1,3.49,3.49,0.00,0.22,S,,,USD,DB
70025913,01042,02,1,20260518,155909,000004483001,3,4.99,14.97,0.00,0.94,S,,,USD,CC
70025913,01042,02,2,20260518,155909,000000005013,1,3.89,3.89,0.97,0.00,S,,PC26W16,USD,CC
70025913,01042,02,3,20260518,155909,000000094201,1.848,1.69,3.12,0.00,0.00,S,,,USD,CC
70025913,01042,02,4,20260518,155909,000000005301,1,5.49,5.49,0.00,0.00,S,,,USD,CC
70025914,01042,03,1,20260518,125901,000000005301,1,5.49,5.49,0.00,0.00,S,6083258238,,USD,CC
70025914,01042,03,2,20260518,125901,000000005103,1,6.99,6.99,0.00,0.00,S,6083258238,,USD,CC
70025915,01042,04,1,20260518,191851,000004473002,2,2.79,5.58,0.00,0.35,S,,,USD,DB
70025915,01042,04,2,20260518,191851,000004481001,1,7.99,7.99,0.00,0.50,S,,,USD,DB
70025915,01042,04,3,20260518,191851,000000093502,1,3.99,3.99,0.00,0.00,S,,,USD,DB
70025915,01042,04,4,20260518,191851,000000093410,1.347,3.99,5.37,0.00,0.00,S,,,USD,DB
70025916,01042,05,1,20260518,142352,000000030202,1,11.49,11.49,0.00,0.00,S,6014488112,,USD,CC
70025916,01042,05,2,20260518,142352,000000562001,1,10.99,10.99,2.75,0.52,S,6014488112,PC26W16,USD,CC
70025916,01042,05,3,20260518,142352,000004471023,1,3.49,3.49,0.00,0.22,S,6014488112,,USD,CC
70025916,01042,05,4,20260518,142352,000000040201,2,8.99,17.98,0.00,0.00,S,6014488112,,USD,CC
70025916,01042,05,5,20260518,142352,000000031101,0.617,24.99,15.42,0.00,0.00,S,6014488112,,USD,CC
70025917,01042,02,1,20260518,70540,000000030102,1,14.99,14.99,0.00,0.00,S,,,USD,DB
70025918,01042,04,1,20260518,173620,000004493002,2,3.99,7.98,0.00,0.50,S,6029148652,,USD,DB
70025918,01042,04,2,20260518,173620,000000020102,2,3.49,6.98,0.00,0.00,S,6029148652,,USD,DB
70025918,01042,04,3,20260518,173620,000000005301,1,5.49,5.49,0.00,0.00,S,6029148652,,USD,DB
70025918,01042,04,4,20260518,173620,000000562001,1,10.99,10.99,2.75,0.52,S,6029148652,PC26W16,USD,DB
70025919,01107,05,1,20260518,215828,000004473002,1,2.79,2.79,0.00,0.17,S,,,USD,DB
70025919,01107,05,2,20260518,215828,000004483002,1,3.49,3.49,0.00,0.22,S,,,USD,DB
70025920,01107,03,1,20260518,195024,000000040202,1,14.99,14.99,0.00,0.00,S,,,USD,CC
70025920,01107,03,2,20260518,195024,000000005012,1,3.99,3.99,0.00,0.00,S,,,USD,CC
70025920,01107,03,3,20260518,195024,000000005020,1,4.49,4.49,0.00,0.00,S,,,USD,CC
70025921,01107,03,1,20260518,144422,000000561002,1,7.49,7.49,1.87,0.35,S,6054235733,PC26W16,USD,CC
70025921,01107,03,2,20260518,144422,000004482001,1,13.99,13.99,0.00,0.87,S,6054235733,,USD,CC
70025922,01107,03,1,20260518,171341,000004481001,2,7.99,15.98,0.00,1.00,S,,,USD,DB
70025922,01107,03,2,20260518,171341,000004472001,1,3.99,3.99,0.00,0.25,S,,,USD,DB
70025922,01107,03,3,20260518,171341,000004493002,2,3.99,7.98,0.00,0.50,S,,,USD,DB
70025922,01107,03,4,20260518,171341,000004493002,2,3.99,7.98,0.00,0.50,V,,,USD,DB
70025923,02210,01,1,20260518,74710,000004472001,1,3.99,3.99,0.00,0.25,S,,,USD,DB
70025924,02210,04,1,20260518,162030,000000020103,1,4.99,4.99,0.00,0.00,S,6041072728,,USD,CS
70025924,02210,04,2,20260518,162030,000000031101,1.014,24.99,25.34,0.00,0.00,S,6041072728,,USD,CS
70025925,02210,06,1,20260518,82653,000004471040,2,2.49,4.98,0.00,0.31,S,6099512397,,USD,DB
70025926,02210,06,1,20260518,162559,000000005202,1,5.99,5.99,0.00,0.00,S,6043861259,,USD,CS
70025926,02210,06,2,20260518,162559,000000020101,1,2.49,2.49,0.00,0.00,S,6043861259,,USD,CS
70025926,02210,06,3,20260518,162559,000004481001,2,7.99,15.98,0.00,1.00,S,6043861259,,USD,CS
70025926,02210,06,4,20260518,162559,000000093321,2.048,1.49,3.05,0.76,0.00,S,6043861259,PC26W16,USD,CS
70025927,02210,04,1,20260518,180351,000004491001,1,2.49,2.49,0.00,0.16,S,6007986617,,USD,DB
70025927,02210,04,2,20260518,180351,000000094202,0.503,1.99,1.00,0.00,0.00,S,6007986617,,USD,DB
70025927,02210,04,3,20260518,180351,000000030102,2,14.99,29.98,0.00,0.00,S,6007986617,,USD,DB
70025927,02210,04,4,20260518,180351,000000005301,1,5.49,5.49,0.00,0.00,S,6007986617,,USD,DB
70025927,02210,04,5,20260518,180351,000000040202,1,14.99,14.99,0.00,0.00,S,6007986617,,USD,DB
70025928,02210,01,1,20260518,142953,000004471030,1,3.99,3.99,0.00,0.25,S,6092222064,,USD,CC
70025929,02210,03,1,20260518,83120,000000094302,1.314,5.49,7.21,0.00,0.00,S,6020165423,,USD,DB
70025929,02210,03,2,20260518,83120,000000030103,2,8.99,17.98,0.00,0.00,S,6020165423,,USD,DB
70025929,02210,03,3,20260518,83120,000004471030,1,3.99,3.99,0.00,0.25,S,6020165423,,USD,DB
70025929,02210,03,4,20260518,83120,000000094203,1.452,1.49,2.16,0.00,0.00,S,6020165423,,USD,DB
70025930,02210,05,1,20260518,184359,000004471040,1,2.49,2.49,0.00,0.16,S,,,USD,GC
70025930,02210,05,2,20260518,184359,000004471023,1,3.49,3.49,0.00,0.22,S,,,USD,GC
70025930,02210,05,3,20260518,184359,000004473002,1,2.79,2.79,0.00,0.17,S,,,USD,GC
70025931,02211,06,1,20260518,204810,000000020201,3,5.49,16.47,0.00,0.00,S,6014973153,,USD,DB
70025931,02211,06,2,20260518,204810,000004482003,1,5.49,5.49,0.00,0.34,S,6014973153,,USD,DB
70025931,02211,06,3,20260518,204810,000004472002,1,4.49,4.49,0.00,0.28,S,6014973153,,USD,DB
70025931,02211,06,4,20260518,204810,000004471023,1,3.49,3.49,0.00,0.22,S,6014973153,,USD,DB
70025932,02211,03,1,20260518,170949,000004471023,1,3.49,3.49,0.00,0.22,S,,,USD,CC
70025932,02211,03,2,20260518,170949,000000020202,2,5.99,11.98,0.00,0.00,S,,,USD,CC
70025932,02211,03,3,20260518,170949,000000020202,1,5.99,5.99,0.00,0.00,S,,,USD,CC
70025932,02211,03,4,20260518,170949,000000030203,2,8.49,16.98,0.00,0.00,S,,,USD,CC
70025932,02211,03,5,20260518,170949,000000551021,1,11.99,11.99,0.00,0.75,S,,,USD,CC
70025932,02211,03,6,20260518,170949,000000040101,0.682,18.99,12.95,0.00,0.00,S,,,USD,CC
70025933,02211,01,1,20260518,70013,000004473002,2,2.79,5.58,0.00,0.35,S,,,USD,CS
70025933,02211,01,2,20260518,70013,000004491001,1,2.49,2.49,0.00,0.16,S,,,USD,CS
70025933,02211,01,3,20260518,70013,000004471023,2,3.49,6.98,0.00,0.44,S,,,USD,CS
70025933,02211,01,4,20260518,70013,000000005020,1,4.49,4.49,0.00,0.00,S,,,USD,CS
70025934,02305,02,1,20260518,183738,000000005013,2,3.89,7.78,1.95,0.00,S,6037583094,PC26W16,USD,GC
70025934,02305,02,2,20260518,183738,000004491002,1,6.99,6.99,0.00,0.44,S,6037583094,,USD,GC
70025934,02305,02,3,20260518,183738,000000093322,0.521,1.99,1.04,0.00,0.00,S,6037583094,,USD,GC
70025935,02305,05,1,20260518,173016,000000551021,1,11.99,11.99,0.00,0.75,S,,,USD,DB
70025936,02305,05,1,20260518,181741,000004481001,1,7.99,7.99,0.00,0.50,S,6090833509,,USD,CC
70025936,02305,05,2,20260518,181741,000000093410,0.794,3.99,3.17,0.00,0.00,S,6090833509,,USD,CC
70025937,02305,03,1,20260518,214214,000004492003,3,2.29,6.87,0.00,0.43,S,,,USD,DB
70025937,02305,03,2,20260518,214214,000000030203,1,8.49,8.49,0.00,0.00,S,,,USD,DB
70025938,02305,03,1,20260518,164421,000000005012,1,3.99,3.99,0.00,0.00,S,6065326909,,USD,CC
70025939,02305,04,1,20260518,134822,000000020103,1,4.99,4.99,0.00,0.00,S,,,USD,DB
70025939,02305,04,2,20260518,134822,000000005201,1,3.99,3.99,0.00,0.00,S,,,USD,DB
70025940,02305,02,1,20260518,185117,000000020103,1,4.99,4.99,0.00,0.00,S,6036060148,,USD,DB
70025940,02305,02,2,20260518,185117,000000551020,1,13.99,13.99,0.00,0.87,S,6036060148,,USD,DB
70025941,02305,05,1,20260518,143655,000000093321,0.305,1.49,0.45,0.11,0.00,S,6014870682,PC26W16,USD,DB
70025941,02305,05,2,20260518,143655,000000551020,2,13.99,27.98,0.00,1.75,S,6014870682,,USD,DB
70025941,02305,05,3,20260518,143655,000000094301,2.048,4.39,8.99,0.00,0.00,S,6014870682,,USD,DB
70025941,02305,05,4,20260518,143655,000000094301,2.048,4.39,8.99,0.00,0.00,V,6014870682,,USD,DB
70025942,02305,04,1,20260518,104620,000000040202,1,14.99,14.99,0.00,0.00,S,6004694725,,USD,CC
70025943,02305,04,1,20260518,103732,000000551021,1,11.99,11.99,0.00,0.75,S,,,USD,CC
70025943,02305,04,2,20260518,103732,000000030201,1,9.99,9.99,0.00,0.00,S,,,USD,CC
70025943,02305,04,3,20260518,103732,000004472002,1,4.49,4.49,0.00,0.28,S,,,USD,CC
70025944,02305,01,1,20260518,154435,000004471023,2,3.49,6.98,0.00,0.44,S,6066984902,,USD,CC
70025944,02305,01,2,20260518,154435,000000005013,1,3.89,3.89,0.97,0.00,S,6066984902,PC26W16,USD,CC
70025944,02305,01,3,20260518,154435,000000552001,1,4.49,4.49,0.00,0.28,S,6066984902,,USD,CC
70025944,02305,01,4,20260518,154435,000004482001,1,13.99,13.99,0.00,0.87,S,6066984902,,USD,CC
70025945,02305,04,1,20260518,103641,000000093401,1.166,5.49,6.40,0.00,0.00,S,,,USD,GC
70025945,02305,04,2,20260518,103641,000000005020,1,4.49,4.49,0.00,0.00,S,,,USD,GC
70025946,03050,06,1,20260518,134626,000000093501,1,4.49,4.49,0.00,0.00,S,,,USD,GC
70025946,03050,06,2,20260518,134626,000004472003,1,3.29,3.29,0.00,0.21,S,,,USD,GC
70025946,03050,06,3,20260518,134626,000000020201,1,5.49,5.49,0.00,0.00,S,,,USD,GC
70025947,03050,05,1,20260518,93025,000000005103,1,6.99,6.99,0.00,0.00,S,,,USD,CS
70025948,03050,02,1,20260518,104849,000000005301,3,5.49,16.47,0.00,0.00,S,6015273230,,USD,DB
70025948,03050,02,2,20260518,104849,000000030201,1,9.99,9.99,0.00,0.00,S,6015273230,,USD,DB
70025949,03050,03,1,20260518,75215,000000094301,0.600,4.39,2.63,0.00,0.00,S,,,USD,CC
70025950,03050,03,1,20260518,180407,000000093321,0.908,1.49,1.35,0.34,0.00,S,,PC26W16,USD,CC
70025950,03050,03,2,20260518,180407,000000040102,0.566,16.99,9.62,0.00,0.00,S,,,USD,CC
70025950,03050,03,3,20260518,180407,000000552001,1,4.49,4.49,0.00,0.28,S,,,USD,CC
70025951,03050,02,1,20260518,81826,000000005301,1,5.49,5.49,0.00,0.00,S,,,USD,CS
70025951,03050,02,2,20260518,81826,000000040101,1.369,18.99,26.00,0.00,0.00,S,,,USD,CS
70025952,00317,05,1,20260518,80022,000004492001,1,2.39,2.39,0.00,0.15,S,6022068155,,CAD,CC
70025952,00317,05,2,20260518,80022,000000552001,1,6.09,6.09,0.00,0.38,S,6022068155,,CAD,CC
70025952,00317,05,3,20260518,80022,000004493002,1,5.39,5.39,0.00,0.34,S,6022068155,,CAD,CC
70025953,00317,06,1,20260518,162335,000000020202,1,8.09,8.09,0.00,0.00,S,6071581021,,CAD,CS
70025953,00317,06,2,20260518,162335,000000020101,1,3.39,3.39,0.00,0.00,S,6071581021,,CAD,CS
70025954,00317,05,1,20260518,150304,000000551021,2,16.29,32.58,0.00,2.04,S,,,CAD,GC
70025954,00317,05,2,20260518,150304,000000005101,1,10.89,10.89,2.72,0.00,S,,PC26W16,CAD,GC
70025954,00317,05,3,20260518,150304,000000005012,1,5.39,5.39,0.00,0.00,S,,,CAD,GC
70025955,00317,05,1,20260518,152307,000000031101,1.032,33.99,35.08,0.00,0.00,S,6040903802,,CAD,CS
70025955,00317,05,2,20260518,152307,000000020202,1,8.09,8.09,0.00,0.00,S,6040903802,,CAD,CS
70025955,00317,05,3,20260518,152307,000000093321,1.085,1.99,2.16,0.54,0.00,S,6040903802,PC26W16,CAD,CS
70025955,00317,05,4,20260518,152307,000000093402,1.541,4.49,6.92,0.00,0.00,S,6040903802,,CAD,CS
70025956,00317,02,1,20260518,134427,000000005013,1,5.29,5.29,1.32,0.00,S,6011091939,PC26W16,CAD,CS
70025956,00317,02,2,20260518,134427,000000031101,1.955,33.99,66.45,0.00,0.00,S,6011091939,,CAD,CS
70025956,00317,02,3,20260518,134427,000000030201,1,13.59,13.59,0.00,0.00,S,6011091939,,CAD,CS
70025956,00317,02,4,20260518,134427,000000005101,1,10.89,10.89,2.72,0.00,S,6011091939,PC26W16,CAD,CS
70025956,00317,02,5,20260518,134427,000000005102,1,7.49,7.49,0.00,0.00,S,6011091939,,CAD,CS
70025957,00317,05,1,20260518,140128,000000562002,1,11.49,11.49,0.00,0.72,S,,,CAD,CC
70025957,00317,05,2,20260518,140128,000004483002,1,4.69,4.69,0.00,0.29,S,,,CAD,CC
70025958,00317,02,1,20260518,213757,000004472050,1,5.39,5.39,0.00,0.34,S,6001322342,,CAD,CS
70025958,00317,02,2,20260518,213757,000000562001,1,14.89,14.89,3.72,0.70,S,6001322342,PC26W16,CAD,CS
70025959,00317,05,1,20260518,111731,000000005202,1,8.09,8.09,0.00,0.00,S,,,CAD,CS
70025959,00317,05,2,20260518,111731,000000005101,1,10.89,10.89,2.72,0.00,S,,PC26W16,CAD,CS
70025960,00317,03,1,20260518,112633,000000094301,1.882,5.99,11.27,0.00,0.00,S,6025703965,,CAD,DB
70025961,00317,04,1,20260518,83534,000000093325,1.025,5.39,5.52,0.00,0.00,S,6068315893,,CAD,CC
70025961,00317,04,2,20260518,83534,000000030101,1,9.49,9.49,0.00,0.00,S,6068315893,,CAD,CC
70025961,00317,04,3,20260518,83534,000004492001,1,2.39,2.39,0.00,0.15,S,6068315893,,CAD,CC
70025962,00317,02,1,20260518,204856,000004472001,1,5.39,5.39,0.00,0.34,S,,,CAD,DB
70025962,00317,02,2,20260518,204856,000004492002,1,1.99,1.99,0.00,0.12,S,,,CAD,DB
70025962,00317,02,3,20260518,204856,000000005103,1,9.49,9.49,0.00,0.00,S,,,CAD,DB
70025962,00317,02,4,20260518,204856,000004473003,1,4.69,4.69,0.00,0.29,S,,,CAD,DB
70025963,00317,04,1,20260518,70004,000000093325,1.294,5.39,6.97,0.00,0.00,S,6046657437,,CAD,DB
70025963,00317,04,2,20260518,70004,000000005202,2,8.09,16.18,0.00,0.00,S,6046657437,,CAD,DB
70025963,00317,04,3,20260518,70004,000004482003,1,7.49,7.49,0.00,0.47,S,6046657437,,CAD,DB
70025963,00317,04,4,20260518,70004,000000005012,1,5.39,5.39,0.00,0.00,S,6046657437,,CAD,DB
70025964,00322,04,1,20260518,123728,000000093321,0.612,1.99,1.22,0.30,0.00,S,6047364710,PC26W16,CAD,CS
70025964,00322,04,2,20260518,123728,000000005201,3,5.39,16.17,0.00,0.00,S,6047364710,,CAD,CS
70025964,00322,04,3,20260518,123728,000000005101,1,10.89,10.89,2.72,0.00,S,6047364710,PC26W16,CAD,CS
70025964,00322,04,4,20260518,123728,000004473002,1,3.79,3.79,0.00,0.24,S,6047364710,,CAD,CS
70025964,00322,04,5,20260518,123728,000000562001,2,14.89,29.78,7.45,1.40,S,6047364710,PC26W16,CAD,CS
70025964,00322,04,6,20260518,123728,000000020101,1,3.39,3.39,0.00,0.00,S,6047364710,,CAD,CS
70025965,01042,03,1,20260519,112325,000000562001,1,10.99,10.99,2.75,0.52,S,,PC26W16,USD,CC
70025965,01042,03,2,20260519,112325,000000094202,1.019,1.99,2.03,0.00,0.00,S,,,USD,CC
70025966,01042,04,1,20260519,124351,000000093410,1.809,3.99,7.22,0.00,0.00,S,6041966645,,USD,DB
70025967,01042,05,1,20260519,142504,000000005302,3,3.49,10.47,0.00,0.00,S,,,USD,CC
70025967,01042,05,2,20260519,142504,000000020201,3,5.49,16.47,0.00,0.00,S,,,USD,CC
70025967,01042,05,3,20260519,142504,000000551021,2,11.99,23.98,0.00,1.50,S,,,USD,CC
70025967,01042,05,4,20260519,142504,000000040202,1,14.99,14.99,0.00,0.00,S,,,USD,CC
70025968,01042,02,1,20260519,114127,000000094102,1,3.49,3.49,0.00,0.00,S,6074701687,,USD,CS
70025968,01042,02,2,20260519,114127,000004483002,1,3.49,3.49,0.00,0.22,S,6074701687,,USD,CS
70025968,01042,02,3,20260519,114127,000000093321,1.895,1.49,2.82,0.70,0.00,S,6074701687,PC26W16,USD,CS
70025969,01042,04,1,20260519,193011,000004482001,1,13.99,13.99,0.00,0.87,S,6038498302,,USD,CC
70025970,01042,03,1,20260519,182446,000004482002,1,17.99,17.99,0.00,1.12,S,,,USD,CS
70025971,01042,03,1,20260519,102804,000004473002,1,2.79,2.79,0.00,0.17,S,,,USD,DB
70025971,01042,03,2,20260519,102804,000004491001,1,2.49,2.49,0.00,0.16,S,,,USD,DB
70025972,01042,06,1,20260519,161724,000004481003,1,4.99,4.99,0.00,0.31,S,,,USD,CS
70025972,01042,06,2,20260519,161724,000000561001,3,9.99,29.97,0.00,1.87,S,,,USD,CS
70025973,01042,05,1,20260519,114844,000000020102,1,3.49,3.49,0.00,0.00,S,6012209949,,USD,GC
70025973,01042,05,2,20260519,114844,000004473001,1,2.99,2.99,0.00,0.19,S,6012209949,,USD,GC
70025973,01042,05,3,20260519,114844,000000020201,1,5.49,5.49,0.00,0.00,S,6012209949,,USD,GC
70025973,01042,05,4,20260519,114844,000004482003,1,5.49,5.49,0.00,0.34,S,6012209949,,USD,GC
70025973,01042,05,5,20260519,114844,000000093402,0.889,3.29,2.92,0.00,0.00,S,6012209949,,USD,GC
70025973,01042,05,6,20260519,114844,000004493001,1,5.49,5.49,0.00,0.34,S,6012209949,,USD,GC
70025974,01042,05,1,20260519,84641,000000005201,1,3.99,3.99,0.00,0.00,S,,,USD,CS
70025974,01042,05,2,20260519,84641,000000020202,1,5.99,5.99,0.00,0.00,S,,,USD,CS
70025974,01042,05,3,20260519,84641,000000005020,1,4.49,4.49,0.00,0.00,S,,,USD,CS
70025974,01042,05,4,20260519,84641,000000093321,2.118,1.49,3.16,0.79,0.00,S,,PC26W16,USD,CS
70025974,01042,05,5,20260519,84641,000004472001,1,3.99,3.99,0.00,0.25,S,,,USD,CS
70025974,01042,05,6,20260519,84641,000000030101,1,6.99,6.99,0.00,0.00,S,,,USD,CS
70025975,01042,04,1,20260519,121427,000000093501,1,4.49,4.49,0.00,0.00,S,6002730086,,USD,DB
70025976,01107,05,1,20260519,104752,000000551021,1,11.99,11.99,0.00,0.75,S,,,USD,CC
70025976,01107,05,2,20260519,104752,000004482003,1,5.49,5.49,0.00,0.34,S,,,USD,CC
70025977,01107,05,1,20260519,122401,000000005101,1,7.99,7.99,2.00,0.00,S,,PC26W16,USD,GC
70025977,01107,05,2,20260519,122401,000004473001,1,2.99,2.99,0.00,0.19,S,,,USD,GC
70025977,01107,05,3,20260519,122401,000004482002,1,17.99,17.99,0.00,1.12,S,,,USD,GC
70025977,01107,05,4,20260519,122401,000000005020,2,4.49,8.98,0.00,0.00,S,,,USD,GC
70025978,01107,06,1,20260519,171130,000000005020,1,4.49,4.49,0.00,0.00,S,,,USD,CC
70025978,01107,06,2,20260519,171130,000000562001,1,10.99,10.99,2.75,0.52,S,,PC26W16,USD,CC
70025978,01107,06,3,20260519,171130,000000040101,0.257,18.99,4.88,0.00,0.00,S,,,USD,CC
70025978,01107,06,4,20260519,171130,000000005013,1,3.89,3.89,0.97,0.00,S,,PC26W16,USD,CC
70025978,01107,06,5,20260519,171130,000004492003,1,2.29,2.29,0.00,0.14,S,,,USD,CC
70025978,01107,06,6,20260519,171130,000004472003,2,3.29,6.58,0.00,0.41,S,,,USD,CC
70025979,01107,04,1,20260519,143244,000000005103,1,6.99,6.99,0.00,0.00,S,6022010912,,USD,GC
70025979,01107,04,2,20260519,143244,000000093503,1,4.29,4.29,0.00,0.00,S,6022010912,,USD,GC
70025979,01107,04,3,20260519,143244,000004481001,2,7.99,15.98,0.00,1.00,S,6022010912,,USD,GC
70025979,01107,04,4,20260519,143244,000004482002,1,17.99,17.99,0.00,1.12,S,6022010912,,USD,GC
70025979,01107,04,5,20260519,143244,000000020201,1,5.49,5.49,0.00,0.00,S,6022010912,,USD,GC
70025979,01107,04,6,20260519,143244,000004482001,1,13.99,13.99,0.00,0.87,S,6022010912,,USD,GC
70025980,02210,01,1,20260519,111706,000000020102,1,3.49,3.49,0.00,0.00,S,6036371892,,USD,DB
70025981,02210,03,1,20260519,211926,000000020102,1,3.49,3.49,0.00,0.00,S,6049851724,,USD,CC
70025981,02210,03,2,20260519,211926,000004492002,1,1.49,1.49,0.00,0.09,S,6049851724,,USD,CC
70025982,02210,01,1,20260519,83640,000004472002,1,4.49,4.49,0.00,0.28,S,,,USD,CS
70025982,02210,01,2,20260519,83640,000000040203,1,11.99,11.99,0.00,0.00,S,,,USD,CS
70025982,02210,01,3,20260519,83640,000004471030,1,3.99,3.99,0.00,0.25,S,,,USD,CS
70025983,02210,05,1,20260519,104447,000000040101,0.331,18.99,6.29,0.00,0.00,S,,,USD,CS
70025983,02210,05,2,20260519,104447,000000093325,0.511,3.99,2.04,0.00,0.00,S,,,USD,CS
70025983,02210,05,3,20260519,104447,000000093322,1.716,1.99,3.41,0.00,0.00,S,,,USD,CS
70025983,02210,05,4,20260519,104447,000004481003,3,4.99,14.97,0.00,0.94,S,,,USD,CS
70025984,02210,03,1,20260519,72158,000000005013,1,3.89,3.89,0.97,0.00,S,6059544294,PC26W16,USD,CC
70025985,02210,02,1,20260519,192558,000000094101,1,3.99,3.99,0.00,0.00,R,6009104300,,USD,CC
70025986,02210,99,1,20260519,152530,000004472001,1,3.99,3.99,0.00,0.25,S,,,USD,CC
70025987,02210,03,1,20260519,130308,000004483001,1,4.99,4.99,0.00,0.31,S,6025913651,,USD,CC
70025988,02210,06,1,20260519,175207,000004472003,1,3.29,3.29,0.00,0.21,R,6036820506,,USD,CS
70025989,02210,06,1,20260519,142604,000004492001,2,1.79,3.58,0.00,0.22,S,,,USD,GC
70025990,02210,04,1,20260519,164757,000000020102,1,3.49,3.49,0.00,0.00,S,,,USD,CS
70025990,02210,04,2,20260519,164757,000004472001,2,3.99,7.98,0.00,0.50,S,,,USD,CS
70025991,02211,02,1,20260519,163113,000004492001,1,1.79,1.79,0.00,0.11,S,,,USD,DB
70025991,02211,02,2,20260519,163113,000000005102,2,5.49,10.98,0.00,0.00,S,,,USD,DB
70025991,02211,02,3,20260519,163113,000000005102,2,5.49,10.98,0.00,0.00,V,,,USD,DB
70025992,02211,02,1,20260519,125949,000000005101,1,7.99,7.99,2.00,0.00,S,6089203880,PC26W16,USD,CC
70025992,02211,02,2,20260519,125949,000000093401,0.465,5.49,2.55,0.00,0.00,S,6089203880,,USD,CC
70025993,02211,03,1,20260519,174946,000000005103,3,6.99,20.97,0.00,0.00,S,,,USD,GC
70025994,02211,06,1,20260519,125546,000000020202,1,5.99,5.99,0.00,0.00,S,6076952366,,USD,DB
70025994,02211,06,2,20260519,125546,000000020202,2,5.99,11.98,0.00,0.00,S,6076952366,,USD,DB
70025995,02211,04,1,20260519,80451,000000093402,1.820,3.29,5.99,0.00,0.00,S,,,USD,DB
70025996,02305,06,1,20260519,100727,000004472002,1,4.49,4.49,0.00,0.28,S,,,USD,DB
70025996,02305,06,2,20260519,100727,000000551021,2,11.99,23.98,0.00,1.50,S,,,USD,DB
70025996,02305,06,3,20260519,100727,000004472003,1,3.29,3.29,0.00,0.21,S,,,USD,DB
70025996,02305,06,4,20260519,100727,000000552002,1,3.99,3.99,0.00,0.25,S,,,USD,DB
70025996,02305,06,5,20260519,100727,000004472003,1,3.29,3.29,0.00,0.21,S,,,USD,DB
70025997,02305,06,1,20260519,210845,000004493002,1,3.99,3.99,0.00,0.25,S,6067625153,,USD,GC
70025997,02305,06,2,20260519,210845,000004493001,1,5.49,5.49,0.00,0.34,S,6067625153,,USD,GC
70025997,02305,06,3,20260519,210845,000000094202,0.709,1.99,1.41,0.00,0.00,S,6067625153,,USD,GC
70025998,02305,04,1,20260519,91437,000000005020,2,4.49,8.98,0.00,0.00,S,6091073228,,USD,CS
70025998,02305,04,2,20260519,91437,000000030203,1,8.49,8.49,0.00,0.00,S,6091073228,,USD,CS
70025998,02305,04,3,20260519,91437,000004492002,1,1.49,1.49,0.00,0.09,S,6091073228,,USD,CS
70025999,03050,05,1,20260519,154551,000000005102,3,5.49,16.47,0.00,0.00,S,,,USD,GC
70025999,03050,05,2,20260519,154551,000004493002,1,3.99,3.99,0.00,0.25,S,,,USD,GC
70025999,03050,05,3,20260519,154551,000000093322,1.633,1.99,3.25,0.00,0.00,S,,,USD,GC
70026000,03050,01,1,20260519,114901,000000561002,3,7.49,22.47,5.62,1.05,S,6042902572,PC26W16,USD,GC
70026000,03050,01,2,20260519,114901,000000094302,1.244,5.49,6.83,0.00,0.00,S,6042902572,,USD,GC
70026000,03050,01,3,20260519,114901,000000005301,2,5.49,10.98,0.00,0.00,S,6042902572,,USD,GC
70026000,03050,01,4,20260519,114901,000004471030,1,3.99,3.99,0.00,0.25,S,6042902572,,USD,GC
70026000,03050,01,5,20260519,114901,000000020101,2,2.49,4.98,0.00,0.00,S,6042902572,,USD,GC
70026000,03050,01,6,20260519,114901,000004472002,2,4.49,8.98,0.00,0.56,S,6042902572,,USD,GC
70026001,03050,05,1,20260519,80828,000000020103,1,4.99,4.99,0.00,0.00,S,6054691373,,USD,DB
70026001,03050,05,2,20260519,80828,000004472003,2,3.29,6.58,0.00,0.41,S,6054691373,,USD,DB
70026002,03050,02,1,20260519,112615,000004493002,1,3.99,3.99,0.00,0.25,S,,,USD,CS
70026003,03050,01,1,20260519,141140,000000005020,1,4.49,4.49,0.00,0.00,S,6055562833,,USD,DB
70026003,03050,01,2,20260519,141140,000000094103,1,3.79,3.79,0.00,0.00,S,6055562833,,USD,DB
70026003,03050,01,3,20260519,141140,000000040203,1,11.99,11.99,0.00,0.00,S,6055562833,,USD,DB
70026003,03050,01,4,20260519,141140,000000030101,1,6.99,6.99,0.00,0.00,S,6055562833,,USD,DB
70026003,03050,01,5,20260519,141140,000000030102,2,14.99,29.98,0.00,0.00,S,6055562833,,USD,DB
70026003,03050,01,6,20260519,141140,000000030101,1,6.99,6.99,0.00,0.00,S,6055562833,,USD,DB
70026004,03050,04,1,20260519,111709,000004472003,1,3.29,3.29,0.00,0.21,S,6029710248,,USD,DB
70026004,03050,04,2,20260519,111709,000004491002,1,6.99,6.99,0.00,0.44,S,6029710248,,USD,DB
70026004,03050,04,3,20260519,111709,000004491002,1,6.99,6.99,0.00,0.44,S,6029710248,,USD,DB
70026004,03050,04,4,20260519,111709,000004472002,1,4.49,4.49,0.00,0.28,S,6029710248,,USD,DB
70026005,03050,06,1,20260519,214901,000000030102,1,14.99,14.99,0.00,0.00,S,,,USD,CC
70026006,03050,06,1,20260519,142538,000000030101,1,6.99,6.99,0.00,0.00,S,,,USD,CS
70026006,03050,06,2,20260519,142538,000000030102,1,14.99,14.99,0.00,0.00,S,,,USD,CS
70026006,03050,06,3,20260519,142538,000004491003,1,1.99,1.99,0.00,0.12,S,,,USD,CS
70026007,00317,05,1,20260519,172824,000000005013,1,5.29,5.29,1.32,0.00,S,,PC26W16,CAD,CC
70026008,00317,04,1,20260519,163911,000004471030,1,5.39,5.39,0.00,0.34,S,,,CAD,CS
70026008,00317,04,2,20260519,163911,000000005202,2,8.09,16.18,0.00,0.00,S,,,CAD,CS
70026008,00317,04,3,20260519,163911,000000093321,0.804,1.99,1.60,0.40,0.00,S,,PC26W16,CAD,CS
70026008,00317,04,4,20260519,163911,000000005102,1,7.49,7.49,0.00,0.00,S,,,CAD,CS
70026009,00317,04,1,20260519,91711,000000551020,1,18.99,18.99,0.00,1.19,S,,,CAD,GC
70026009,00317,04,2,20260519,91711,000000005020,1,6.09,6.09,0.00,0.00,S,,,CAD,GC
70026010,00317,05,1,20260519,173913,000004473001,1,4.09,4.09,0.00,0.26,S,6082043397,,CAD,CS
70026010,00317,05,2,20260519,173913,000004481001,2,10.89,21.78,0.00,1.36,S,6082043397,,CAD,CS
70026010,00317,05,3,20260519,173913,000000562002,2,11.49,22.98,0.00,1.44,S,6082043397,,CAD,CS
70026010,00317,05,4,20260519,173913,000004493002,1,5.39,5.39,0.00,0.34,S,6082043397,,CAD,CS
70026011,00317,03,1,20260519,114355,000000030203,1,11.49,11.49,0.00,0.00,S,6057383959,,CAD,CS
70026011,00317,03,2,20260519,114355,000000020102,1,4.69,4.69,0.00,0.00,S,6057383959,,CAD,CS
70026012,00317,05,1,20260519,84755,000000093401,0.880,7.49,6.59,0.00,0.00,S,6047364710,,CAD,GC
70026012,00317,05,2,20260519,84755,000000093325,1.943,5.39,10.47,0.00,0.00,S,6047364710,,CAD,GC
70026013,00317,04,1,20260519,142927,000004471023,2,4.69,9.38,0.00,0.59,S,,,CAD,GC
70026013,00317,04,2,20260519,142927,000000030103,1,12.19,12.19,0.00,0.00,S,,,CAD,GC
70026013,00317,04,3,20260519,142927,000000093321,1.677,1.99,3.34,0.83,0.00,S,,PC26W16,CAD,GC
70026013,00317,04,4,20260519,142927,000000093321,1.677,1.99,3.34,0.00,0.00,V,,,CAD,GC
70026014,00317,02,1,20260519,210818,000000094102,3,4.69,14.07,0.00,0.00,S,6089847139,,CAD,CS
70026014,00317,02,2,20260519,210818,000000562001,1,14.89,14.89,3.72,0.70,S,6089847139,PC26W16,CAD,CS
70026015,00317,06,1,20260519,152239,000000093502,1,5.39,5.39,0.00,0.00,S,,,CAD,DB
70026015,00317,06,2,20260519,152239,000004473002,1,3.79,3.79,0.00,0.24,S,,,CAD,DB
70026015,00317,06,3,20260519,152239,000000040201,3,12.19,36.57,0.00,0.00,S,,,CAD,DB
70026015,00317,06,4,20260519,152239,000004472050,1,5.39,5.39,0.00,0.34,S,,,CAD,DB
70026015,00317,06,5,20260519,152239,000000030101,1,9.49,9.49,0.00,0.00,S,,,CAD,DB
70026015,00317,06,6,20260519,152239,000004492003,1,3.09,3.09,0.00,0.19,S,,,CAD,DB
70026016,00317,05,1,20260519,83955,000000005302,2,4.69,9.38,0.00,0.00,S,6075679825,,CAD,DB
70026016,00317,05,2,20260519,83955,000000093321,1.280,1.99,2.55,0.64,0.00,S,6075679825,PC26W16,CAD,DB
70026016,00317,05,3,20260519,83955,000004492002,1,1.99,1.99,0.00,0.12,S,6075679825,,CAD,DB
70026016,00317,05,4,20260519,83955,000000094102,1,4.69,4.69,0.00,0.00,S,6075679825,,CAD,DB
70026017,00322,06,1,20260519,151934,000004472003,2,4.49,8.98,0.00,0.56,S,,,CAD,CC
70026018,00322,02,1,20260519,150034,000004473003,2,4.69,9.38,0.00,0.59,S,,,CAD,CC
70026018,00322,02,2,20260519,150034,000000020103,2,6.79,13.58,0.00,0.00,S,,,CAD,CC
70026019,00322,02,1,20260519,164451,000000020101,1,3.39,3.39,0.00,0.00,S,6091452118,,CAD,CS
70026019,00322,02,2,20260519,164451,000000005201,1,5.39,5.39,0.00,0.00,S,6091452118,,CAD,CS
70026019,00322,02,3,20260519,164451,000004491001,3,3.39,10.17,0.00,0.64,S,6091452118,,CAD,CS
70026020,00322,04,1,20260519,163014,000000005101,1,10.89,10.89,2.72,0.00,S,6053076248,PC26W16,CAD,DB
70026020,00322,04,2,20260519,163014,000000005302,1,4.69,4.69,0.00,0.00,S,6053076248,,CAD,DB
70026020,00322,04,3,20260519,163014,000000093502,1,5.39,5.39,0.00,0.00,S,6053076248,,CAD,DB
70026021,01042,06,1,20260520,111937,000000030201,1,9.99,9.99,0.00,0.00,S,,,USD,CS
70026021,01042,06,2,20260520,111937,000000093321,0.835,1.49,1.24,0.31,0.00,S,,PC26W16,USD,CS
70026022,01042,03,1,20260520,213140,000000005012,1,3.99,3.99,0.00,0.00,S,,,USD,GC
70026022,01042,03,2,20260520,213140,000000005102,3,5.49,16.47,0.00,0.00,S,,,USD,GC
70026022,01042,03,3,20260520,213140,000000031102,0.543,19.99,10.85,0.00,0.00,S,,,USD,GC
70026022,01042,03,4,20260520,213140,000004473001,1,2.99,2.99,0.00,0.19,S,,,USD,GC
70026023,01042,03,1,20260520,182833,000000040202,1,14.99,14.99,0.00,0.00,S,,,USD,CC
70026023,01042,03,2,20260520,182833,000004471040,2,2.49,4.98,0.00,0.31,S,,,USD,CC
70026024,01042,04,1,20260520,154028,000000093402,1.272,3.29,4.18,0.00,0.00,S,6086879374,,USD,GC
70026024,01042,04,2,20260520,154028,000000030203,1,8.49,8.49,0.00,0.00,S,6086879374,,USD,GC
70026024,01042,04,3,20260520,154028,000000031101,0.264,24.99,6.60,0.00,0.00,S,6086879374,,USD,GC
70026024,01042,04,4,20260520,154028,000000020201,1,5.49,5.49,0.00,0.00,S,6086879374,,USD,GC
70026025,01042,04,1,20260520,132722,000004492001,1,1.79,1.79,0.00,0.11,S,,,USD,GC
70026025,01042,04,2,20260520,132722,000000562001,2,10.99,21.98,5.50,1.03,S,,PC26W16,USD,GC
70026025,01042,04,3,20260520,132722,000004472001,1,3.99,3.99,0.00,0.25,S,,,USD,GC
70026025,01042,04,4,20260520,132722,000000094201,1.687,1.69,2.85,0.00,0.00,S,,,USD,GC
70026025,01042,04,5,20260520,132722,000000040202,1,14.99,14.99,0.00,0.00,S,,,USD,GC
70026026,01042,05,1,20260520,175214,000004481001,2,7.99,15.98,0.00,1.00,S,6011554262,,USD,DB
70026026,01042,05,2,20260520,175214,000004492002,1,1.49,1.49,0.00,0.09,S,6011554262,,USD,DB
70026026,01042,05,3,20260520,175214,000000094201,1.081,1.69,1.83,0.00,0.00,S,6011554262,,USD,DB
70026026,01042,05,4,20260520,175214,000000093321,1.131,1.49,1.69,0.42,0.00,S,6011554262,PC26W16,USD,DB
70026027,01042,01,1,20260520,101303,000000030203,1,8.49,8.49,0.00,0.00,S,,,USD,CS
70026027,01042,01,2,20260520,101303,000000093502,2,3.99,7.98,0.00,0.00,S,,,USD,CS
70026028,01042,02,1,20260520,105355,000000020103,1,4.99,4.99,0.00,0.00,S,,,USD,DB
70026028,01042,02,2,20260520,105355,000000093502,2,3.99,7.98,0.00,0.00,S,,,USD,DB
70026028,01042,02,3,20260520,105355,000000030102,3,14.99,44.97,0.00,0.00,S,,,USD,DB
70026028,01042,02,4,20260520,105355,000000005301,2,5.49,10.98,0.00,0.00,S,,,USD,DB
70026029,01042,06,1,20260520,172338,000000020102,1,3.49,3.49,0.00,0.00,S,6015632135,,USD,CC
70026029,01042,06,2,20260520,172338,000000030201,1,9.99,9.99,0.00,0.00,S,6015632135,,USD,CC
70026029,01042,06,3,20260520,172338,000000561002,1,7.49,7.49,1.87,0.35,S,6015632135,PC26W16,USD,CC
70026029,01042,06,4,20260520,172338,000004473003,1,3.49,3.49,0.00,0.22,S,6015632135,,USD,CC
70026030,01042,05,1,20260520,184559,000000020102,1,3.49,3.49,0.00,0.00,S,6042583230,,USD,GC
70026030,01042,05,2,20260520,184559,000004473003,1,3.49,3.49,0.00,0.22,S,6042583230,,USD,GC
70026030,01042,05,3,20260520,184559,000000020103,1,4.99,4.99,0.00,0.00,S,6042583230,,USD,GC
70026030,01042,05,4,20260520,184559,000004493002,1,3.99,3.99,0.00,0.25,S,6042583230,,USD,GC
70026030,01042,05,5,20260520,184559,000000020102,1,3.49,3.49,0.00,0.00,S,6042583230,,USD,GC
70026030,01042,05,6,20260520,184559,000000030101,1,6.99,6.99,0.00,0.00,S,6042583230,,USD,GC
70026031,01107,04,1,20260520,73029,000000040101,0.313,18.99,5.94,0.00,0.00,S,6069666309,,USD,CS
70026031,01107,04,2,20260520,73029,000004472002,1,4.49,4.49,0.00,0.28,S,6069666309,,USD,CS
70026031,01107,04,3,20260520,73029,000000094302,0.453,5.49,2.49,0.00,0.00,S,6069666309,,USD,CS
70026032,01107,04,1,20260520,143056,000004491001,1,2.49,2.49,0.00,0.16,S,,,USD,CC
70026032,01107,04,2,20260520,143056,000004472003,1,3.29,3.29,0.00,0.21,S,,,USD,CC
70026033,01107,01,1,20260520,71550,000000040202,1,14.99,14.99,0.00,0.00,S,6062446704,,USD,DB
70026034,01107,01,1,20260520,122042,000000020202,1,5.99,5.99,0.00,0.00,S,,,USD,CC
70026035,01107,05,1,20260520,154347,000004481001,3,7.99,23.97,0.00,1.50,S,,,USD,DB
70026035,01107,05,2,20260520,154347,000004492002,1,1.49,1.49,0.00,0.09,S,,,USD,DB
70026035,01107,05,3,20260520,154347,000000093402,1.271,3.29,4.18,0.00,0.00,S,,,USD,DB
70026035,01107,05,4,20260520,154347,000004482002,1,17.99,17.99,0.00,1.12,S,,,USD,DB
70026036,01107,05,1,20260520,193203,000004482002,1,17.99,17.99,0.00,1.12,S,,,USD,CS
70026036,01107,05,2,20260520,193203,000000040101,0.359,18.99,6.82,0.00,0.00,S,,,USD,CS
70026036,01107,05,3,20260520,193203,000004492001,1,1.79,1.79,0.00,0.11,S,,,USD,CS
70026036,01107,05,4,20260520,193203,000004493001,1,5.49,5.49,0.00,0.34,S,,,USD,CS
70026036,01107,05,5,20260520,193203,000004491003,1,1.99,1.99,0.00,0.12,S,,,USD,CS
70026036,01107,05,6,20260520,193203,000000093501,1,4.49,4.49,0.00,0.00,S,,,USD,CS
70026037,02210,05,1,20260520,165414,000000005020,1,4.49,4.49,0.00,0.00,S,,,USD,DB
70026037,02210,05,2,20260520,165414,000000005202,1,5.99,5.99,0.00,0.00,S,,,USD,DB
70026037,02210,05,3,20260520,165414,000000040203,3,11.99,35.97,0.00,0.00,S,,,USD,DB
70026037,02210,05,4,20260520,165414,000000030202,1,11.49,11.49,0.00,0.00,S,,,USD,DB
70026038,02210,01,1,20260520,123346,000000094102,1,3.49,3.49,0.00,0.00,S,,,USD,CC
70026038,02210,01,2,20260520,123346,000000005020,1,4.49,4.49,0.00,0.00,S,,,USD,CC
70026039,02210,04,1,20260520,84302,000000094203,0.596,1.49,0.89,0.00,0.00,S,6047715910,,USD,CC
70026040,02210,05,1,20260520,111410,000000005202,3,5.99,17.97,0.00,0.00,S,6079772369,,USD,CC
70026040,02210,05,2,20260520,111410,000000005201,1,3.99,3.99,0.00,0.00,S,6079772369,,USD,CC
70026040,02210,05,3,20260520,111410,000000093502,3,3.99,11.97,0.00,0.00,S,6079772369,,USD,CC
70026041,02210,06,1,20260520,113205,000000561002,1,7.49,7.49,1.87,0.35,S,6016580464,PC26W16,USD,DB
70026042,02210,04,1,20260520,170125,000004492002,2,1.49,2.98,0.00,0.19,S,,,USD,DB
70026042,02210,04,2,20260520,170125,000000551020,1,13.99,13.99,0.00,0.87,S,,,USD,DB
70026042,02210,04,3,20260520,170125,000000005102,1,5.49,5.49,0.00,0.00,S,,,USD,DB
70026043,02211,05,1,20260520,104529,000000094203,1.554,1.49,2.32,0.00,0.00,S,,,USD,CC
70026043,02211,05,2,20260520,104529,000000005101,2,7.99,15.98,4.00,0.00,S,,PC26W16,USD,CC
70026043,02211,05,3,20260520,104529,000000040202,2,14.99,29.98,0.00,0.00,S,,,USD,CC
70026043,02211,05,4,20260520,104529,000004471030,1,3.99,3.99,0.00,0.25,S,,,USD,CC
70026043,02211,05,5,20260520,104529,000004482002,1,17.99,17.99,0.00,1.12,S,,,USD,CC
70026043,02211,05,6,20260520,104529,000000020103,1,4.99,4.99,0.00,0.00,S,,,USD,CC
70026044,02211,04,1,20260520,192014,000004472001,2,3.99,7.98,0.00,0.50,S,6081826886,,USD,DB
70026044,02211,04,2,20260520,192014,000000094103,1,3.79,3.79,0.00,0.00,S,6081826886,,USD,DB
70026045,02211,06,1,20260520,151415,000004493001,1,5.49,5.49,0.00,0.34,S,,,USD,GC
70026045,02211,06,2,20260520,151415,000004482003,2,5.49,10.98,0.00,0.69,S,,,USD,GC
70026046,02211,01,1,20260520,163057,000004491002,1,6.99,6.99,0.00,0.44,S,6010303723,,USD,DB
70026047,02211,03,1,20260520,201057,000000005012,2,3.99,7.98,0.00,0.00,S,,,USD,DB
70026047,02211,03,2,20260520,201057,000000094301,0.791,4.39,3.47,0.00,0.00,S,,,USD,DB
70026047,02211,03,3,20260520,201057,000000040102,2.125,16.99,36.10,0.00,0.00,S,,,USD,DB
70026047,02211,03,4,20260520,201057,000000040101,1.207,18.99,22.92,0.00,0.00,S,,,USD,DB
70026048,02211,03,1,20260520,194306,000004471040,1,2.49,2.49,0.00,0.16,S,,,USD,CC
70026048,02211,03,2,20260520,194306,000004471023,1,3.49,3.49,0.00,0.22,S,,,USD,CC
70026048,02211,03,3,20260520,194306,000004493001,2,5.49,10.98,0.00,0.69,S,,,USD,CC
70026049,02305,02,1,20260520,214411,000000093321,1.556,1.49,2.32,0.58,0.00,S,,PC26W16,USD,DB
70026049,02305,02,2,20260520,214411,000000094201,1.823,1.69,3.08,0.00,0.00,S,,,USD,DB
70026050,02305,05,1,20260520,92906,000004491003,1,1.99,1.99,0.00,0.12,S,,,USD,CC
70026050,02305,05,2,20260520,92906,000000005101,1,7.99,7.99,2.00,0.00,S,,PC26W16,USD,CC
70026050,02305,05,3,20260520,92906,000000040102,2.182,16.99,37.07,0.00,0.00,S,,,USD,CC
70026050,02305,05,4,20260520,92906,000000005020,1,4.49,4.49,0.00,0.00,S,,,USD,CC
70026050,02305,05,5,20260520,92906,000000030101,1,6.99,6.99,0.00,0.00,S,,,USD,CC
70026051,02305,04,1,20260520,204924,000000093410,0.807,3.99,3.22,0.00,0.00,S,,,USD,DB
70026051,02305,04,2,20260520,204924,000000562001,1,10.99,10.99,2.75,0.52,S,,PC26W16,USD,DB
70026051,02305,04,3,20260520,204924,000000562001,2,10.99,21.98,5.50,1.03,S,,PC26W16,USD,DB
70026052,02305,04,1,20260520,75354,000000031102,1.483,19.99,29.65,0.00,0.00,S,,,USD,CC
70026052,02305,04,2,20260520,75354,000000005013,2,3.89,7.78,1.95,0.00,S,,PC26W16,USD,CC
70026052,02305,04,3,20260520,75354,000000093503,1,4.29,4.29,0.00,0.00,S,,,USD,CC
70026053,02305,04,1,20260520,81705,000000005201,1,3.99,3.99,0.00,0.00,S,,,USD,CS
70026053,02305,04,2,20260520,81705,000000094102,1,3.49,3.49,0.00,0.00,S,,,USD,CS
70026053,02305,04,3,20260520,81705,000000005103,1,6.99,6.99,0.00,0.00,S,,,USD,CS
70026053,02305,04,4,20260520,81705,000004483002,2,3.49,6.98,0.00,0.44,S,,,USD,CS
70026053,02305,04,5,20260520,81705,000000020103,1,4.99,4.99,0.00,0.00,S,,,USD,CS
70026054,02305,05,1,20260520,130228,000000561002,2,7.49,14.98,3.75,0.70,S,,PC26W16,USD,DB
70026054,02305,05,2,20260520,130228,000000093325,2.142,3.99,8.55,0.00,0.00,S,,,USD,DB
70026055,02305,05,1,20260520,171731,000004492002,1,1.49,1.49,0.00,0.09,S,,,USD,CS
70026055,02305,05,2,20260520,171731,000004492003,1,2.29,2.29,0.00,0.14,S,,,USD,CS
70026055,02305,05,3,20260520,171731,000000005102,1,5.49,5.49,0.00,0.00,S,,,USD,CS
70026056,02305,04,1,20260520,205929,000000005013,1,3.89,3.89,0.97,0.00,S,,PC26W16,USD,GC
70026056,02305,04,2,20260520,205929,000000040101,1.582,18.99,30.04,0.00,0.00,S,,,USD,GC
70026056,02305,04,3,20260520,205929,000000020202,1,5.99,5.99,0.00,0.00,S,,,USD,GC
70026056,02305,04,4,20260520,205929,000004493001,3,5.49,16.47,0.00,1.03,S,,,USD,GC
70026056,02305,04,5,20260520,205929,000004472003,1,3.29,3.29,0.00,0.21,S,,,USD,GC
70026057,02305,02,1,20260520,123332,000000020103,1,4.99,4.99,0.00,0.00,S,,,USD,DB
70026057,02305,02,2,20260520,123332,000000030202,1,11.49,11.49,0.00,0.00,S,,,USD,DB
70026057,02305,02,3,20260520,123332,000000005301,1,5.49,5.49,0.00,0.00,S,,,USD,DB
70026057,02305,02,4,20260520,123332,000000030203,1,8.49,8.49,0.00,0.00,S,,,USD,DB
70026058,03050,05,1,20260520,210341,000000020202,1,5.99,5.99,0.00,0.00,S,,,USD,GC
70026058,03050,05,2,20260520,210341,000000561002,1,7.49,7.49,1.87,0.35,S,,PC26W16,USD,GC
70026058,03050,05,3,20260520,210341,000004473002,1,2.79,2.79,0.00,0.17,S,,,USD,GC
70026058,03050,05,4,20260520,210341,000000030102,1,14.99,14.99,0.00,0.00,S,,,USD,GC
70026059,03050,02,1,20260520,165122,000004472001,1,3.99,3.99,0.00,0.25,S,,,USD,DB
70026060,03050,03,1,20260520,144558,000000005201,2,3.99,7.98,0.00,0.00,S,,,USD,DB
70026060,03050,03,2,20260520,144558,000004482002,1,17.99,17.99,0.00,1.12,S,,,USD,DB
70026060,03050,03,3,20260520,144558,000000005012,2,3.99,7.98,0.00,0.00,S,,,USD,DB
70026060,03050,03,4,20260520,144558,000000562001,2,10.99,21.98,5.50,1.03,S,,PC26W16,USD,DB
70026060,03050,03,5,20260520,144558,000000030201,1,9.99,9.99,0.00,0.00,S,,,USD,DB
70026061,03050,03,1,20260520,174341,000004473002,3,2.79,8.37,0.00,0.52,S,6079806603,,USD,GC
70026061,03050,03,2,20260520,174341,000000030203,1,8.49,8.49,0.00,0.00,S,6079806603,,USD,GC
70026061,03050,03,3,20260520,174341,000000561002,2,7.49,14.98,3.75,0.70,S,6079806603,PC26W16,USD,GC
70026061,03050,03,4,20260520,174341,000000030101,1,6.99,6.99,0.00,0.00,S,6079806603,,USD,GC
70026062,03050,02,1,20260520,173419,000000020102,1,3.49,3.49,0.00,0.00,S,,,USD,CS
70026062,03050,02,2,20260520,173419,000000005012,1,3.99,3.99,0.00,0.00,S,,,USD,CS
70026062,03050,02,3,20260520,173419,000000093410,0.900,3.99,3.59,0.00,0.00,S,,,USD,CS
70026062,03050,02,4,20260520,173419,000004491001,1,2.49,2.49,0.00,0.16,S,,,USD,CS
70026063,03050,01,1,20260520,91520,000000005020,1,4.49,4.49,0.00,0.00,S,6013717850,,USD,CC
70026064,00317,03,1,20260520,100556,000000551021,3,16.29,48.87,0.00,3.05,S,,,CAD,GC
70026064,00317,03,2,20260520,100556,000000030101,2,9.49,18.98,0.00,0.00,S,,,CAD,GC
70026064,00317,03,3,20260520,100556,000000040102,2.175,23.09,50.22,0.00,0.00,S,,,CAD,GC
70026064,00317,03,4,20260520,100556,000000005201,2,5.39,10.78,0.00,0.00,S,,,CAD,GC
70026065,00317,01,1,20260520,85121,000000005302,1,4.69,4.69,0.00,0.00,S,,,CAD,GC
70026065,00317,01,2,20260520,85121,000000030101,1,9.49,9.49,0.00,0.00,S,,,CAD,GC
70026065,00317,01,3,20260520,85121,000000031101,1.839,33.99,62.51,0.00,0.00,S,,,CAD,GC
70026066,00317,05,1,20260520,195733,000000005101,1,10.89,10.89,2.72,0.00,S,6013305319,PC26W16,CAD,DB
70026067,00317,04,1,20260520,190323,000000030101,1,9.49,9.49,0.00,0.00,S,,,CAD,CC
70026067,00317,04,2,20260520,190323,000004492002,1,1.99,1.99,0.00,0.12,S,,,CAD,CC
70026067,00317,04,3,20260520,190323,000004473003,1,4.69,4.69,0.00,0.29,S,,,CAD,CC
70026067,00317,04,4,20260520,190323,000004482003,2,7.49,14.98,0.00,0.94,S,,,CAD,CC
70026067,00317,04,5,20260520,190323,000004472001,2,5.39,10.78,0.00,0.67,S,,,CAD,CC
70026068,00317,01,1,20260520,164738,000000094102,1,4.69,4.69,0.00,0.00,S,,,CAD,DB
70026068,00317,01,2,20260520,164738,000000020102,1,4.69,4.69,0.00,0.00,S,,,CAD,DB
70026068,00317,01,3,20260520,164738,000004483001,1,6.79,6.79,0.00,0.42,S,,,CAD,DB
70026069,00317,05,1,20260520,185724,000004482002,1,24.49,24.49,0.00,1.53,S,,,CAD,CC
70026069,00317,05,2,20260520,185724,000000094301,1.304,5.99,7.81,0.00,0.00,S,,,CAD,CC
70026070,00317,05,1,20260520,134616,000004473002,3,3.79,11.37,0.00,0.71,S,,,CAD,DB
70026071,00317,03,1,20260520,151349,000004483002,1,4.69,4.69,0.00,0.29,R,6009993476,,CAD,CC
70026072,00317,01,1,20260520,200015,000000040201,1,12.19,12.19,0.00,0.00,S,6028569146,,CAD,CS
70026072,00317,01,2,20260520,200015,000000093402,0.352,4.49,1.58,0.00,0.00,S,6028569146,,CAD,CS
70026072,00317,01,3,20260520,200015,000000040201,1,12.19,12.19,0.00,0.00,S,6028569146,,CAD,CS
70026072,00317,01,4,20260520,200015,000004492050,1,2.99,2.99,0.00,0.19,S,6028569146,,CAD,CS
70026072,00317,01,5,20260520,200015,000000031102,0.383,27.19,10.41,0.00,0.00,S,6028569146,,CAD,CS
70026072,00317,01,6,20260520,200015,000000030101,1,9.49,9.49,0.00,0.00,S,6028569146,,CAD,CS
70026073,00317,06,1,20260520,144138,000004472001,1,5.39,5.39,0.00,0.34,S,6027570596,,CAD,CC
70026073,00317,06,2,20260520,144138,000000030103,1,12.19,12.19,0.00,0.00,S,6027570596,,CAD,CC
70026073,00317,06,3,20260520,144138,000000020101,1,3.39,3.39,0.00,0.00,S,6027570596,,CAD,CC
70026074,00317,06,1,20260520,182304,000000005202,1,8.09,8.09,0.00,0.00,S,,,CAD,DB
70026074,00317,06,2,20260520,182304,000000040203,1,16.29,16.29,0.00,0.00,S,,,CAD,DB
70026075,00317,05,1,20260520,210115,000000030201,1,13.59,13.59,0.00,0.00,S,,,CAD,GC
70026075,00317,05,2,20260520,210115,000000094102,2,4.69,9.38,0.00,0.00,S,,,CAD,GC
70026076,00317,05,1,20260520,160513,000000562002,2,11.49,22.98,0.00,1.44,S,,,CAD,CS
70026076,00317,05,2,20260520,160513,000000094302,1.175,7.49,8.80,0.00,0.00,S,,,CAD,CS
70026077,00317,05,1,20260520,191825,000004483001,1,6.79,6.79,0.00,0.42,S,,,CAD,CC
70026077,00317,05,2,20260520,191825,000000030101,1,9.49,9.49,0.00,0.00,S,,,CAD,CC
70026077,00317,05,3,20260520,191825,000000005013,1,5.29,5.29,1.32,0.00,S,,PC26W16,CAD,CC
70026077,00317,05,4,20260520,191825,000000094103,2,5.19,10.38,0.00,0.00,S,,,CAD,CC
70026077,00317,05,5,20260520,191825,000000005301,1,7.49,7.49,0.00,0.00,S,,,CAD,CC
70026077,00317,05,6,20260520,191825,000000093401,2.058,7.49,15.41,0.00,0.00,S,,,CAD,CC
70026078,00322,02,1,20260520,100604,000004492002,1,1.99,1.99,0.00,0.12,S,6023306046,,CAD,DB
70026078,00322,02,2,20260520,100604,000000040202,2,20.39,40.78,0.00,0.00,S,6023306046,,CAD,DB
70026078,00322,02,3,20260520,100604,000000005102,1,7.49,7.49,0.00,0.00,S,6023306046,,CAD,DB
70026079,00322,03,1,20260520,214935,000000005301,1,7.49,7.49,0.00,0.00,S,,,CAD,GC
70026080,00322,03,1,20260520,163701,000004483001,1,6.79,6.79,0.00,0.42,S,6091088398,,CAD,GC
70026080,00322,03,2,20260520,163701,000000005302,1,4.69,4.69,0.00,0.00,S,6091088398,,CAD,GC
70026081,00322,06,1,20260520,80810,000000005201,1,5.39,5.39,0.00,0.00,S,,,CAD,GC
70026081,00322,06,2,20260520,80810,000004481003,1,6.79,6.79,0.00,0.42,S,,,CAD,GC
70026081,00322,06,3,20260520,80810,000000020102,1,4.69,4.69,0.00,0.00,S,,,CAD,GC
70026082,01042,04,1,20260521,144053,000000094101,2,3.99,7.98,0.00,0.00,S,6093289634,,USD,CS
70026082,01042,04,2,20260521,144053,000000561001,2,9.99,19.98,0.00,1.25,S,6093289634,,USD,CS
70026082,01042,04,3,20260521,144053,000004491001,1,2.49,2.49,0.00,0.16,S,6093289634,,USD,CS
70026082,01042,04,4,20260521,144053,000004472001,3,3.99,11.97,0.00,0.75,S,6093289634,,USD,CS
70026083,01042,06,1,20260521,92058,000004472003,1,3.29,3.29,0.00,0.21,S,6071587964,,USD,CS
70026083,01042,06,2,20260521,92058,000004482001,1,13.99,13.99,0.00,0.87,S,6071587964,,USD,CS
70026083,01042,06,3,20260521,92058,000000552002,1,3.99,3.99,0.00,0.25,S,6071587964,,USD,CS
70026083,01042,06,4,20260521,92058,000000031102,1.348,19.99,26.95,0.00,0.00,S,6071587964,,USD,CS
70026084,01042,02,1,20260521,115138,000000005302,1,3.49,3.49,0.00,0.00,S,,,USD,DB
70026084,01042,02,2,20260521,115138,000004473002,1,2.79,2.79,0.00,0.17,S,,,USD,DB
70026084,01042,02,3,20260521,115138,000004481003,1,4.99,4.99,0.00,0.31,S,,,USD,DB
70026085,01042,02,1,20260521,201633,000000093321,1.251,1.49,1.86,0.47,0.00,S,,PC26W16,USD,CC
70026085,01042,02,2,20260521,201633,000004473002,1,2.79,2.79,0.00,0.17,S,,,USD,CC
70026085,01042,02,3,20260521,201633,000004491001,2,2.49,4.98,0.00,0.31,S,,,USD,CC
70026085,01042,02,4,20260521,201633,000004483002,1,3.49,3.49,0.00,0.22,S,,,USD,CC
70026086,01042,06,1,20260521,210601,000000093401,1.847,5.49,10.14,0.00,0.00,S,6024938430,,USD,CS
70026087,01107,02,1,20260521,73601,000004492001,1,1.79,1.79,0.00,0.11,S,6015152638,,USD,CS
70026088,01107,06,1,20260521,215700,000000030103,1,8.99,8.99,0.00,0.00,S,6028478189,,USD,GC
70026088,01107,06,2,20260521,215700,000000562001,2,10.99,21.98,5.50,1.03,S,6028478189,PC26W16,USD,GC
70026088,01107,06,3,20260521,215700,000000093502,1,3.99,3.99,0.00,0.00,S,6028478189,,USD,GC
70026088,01107,06,4,20260521,215700,000004482002,1,17.99,17.99,0.00,1.12,S,6028478189,,USD,GC
70026089,01107,04,1,20260521,85349,000000040201,1,8.99,8.99,0.00,0.00,S,,,USD,CC
70026090,02210,02,1,20260521,134835,000000561001,1,9.99,9.99,0.00,0.62,S,,,USD,CC
70026091,02210,02,1,20260521,124854,000000005101,3,7.99,23.97,5.99,0.00,S,6071617688,PC26W16,USD,DB
70026091,02210,02,2,20260521,124854,000000030202,1,11.49,11.49,0.00,0.00,S,6071617688,,USD,DB
70026091,02210,02,3,20260521,124854,000000094201,0.695,1.69,1.17,0.00,0.00,S,6071617688,,USD,DB
70026092,02210,04,1,20260521,105822,000000020202,1,5.99,5.99,0.00,0.00,S,6066176620,,USD,CS
70026092,02210,04,2,20260521,105822,000004492003,1,2.29,2.29,0.00,0.14,S,6066176620,,USD,CS
70026093,02210,01,1,20260521,205636,000004481001,1,7.99,7.99,0.00,0.50,S,,,USD,CC
70026093,02210,01,2,20260521,205636,000000005202,1,5.99,5.99,0.00,0.00,S,,,USD,CC
70026093,02210,01,3,20260521,205636,000000093321,1.827,1.49,2.72,0.68,0.00,S,,PC26W16,USD,CC
70026093,02210,01,4,20260521,205636,000000093402,0.648,3.29,2.13,0.00,0.00,S,,,USD,CC
70026094,02210,02,1,20260521,154552,000004483002,1,3.49,3.49,0.00,0.22,S,6027155188,,USD,CC
70026094,02210,02,2,20260521,154552,000000030203,2,8.49,16.98,0.00,0.00,S,6027155188,,USD,CC
70026095,02210,02,1,20260521,83934,000000094203,0.913,1.49,1.36,0.00,0.00,S,,,USD,GC
70026095,02210,02,2,20260521,83934,000004492002,2,1.49,2.98,0.00,0.19,S,,,USD,GC
70026095,02210,02,3,20260521,83934,000004491003,1,1.99,1.99,0.00,0.12,S,,,USD,GC
70026095,02210,02,4,20260521,83934,000004491003,1,1.99,1.99,0.00,0.12,S,,,USD,GC
70026096,02210,06,1,20260521,215632,000000030202,1,11.49,11.49,0.00,0.00,S,,,USD,CS
70026097,02210,06,1,20260521,94254,000000005201,1,3.99,3.99,0.00,0.00,S,6005097545,,USD,DB
70026097,02210,06,2,20260521,94254,000004493001,1,5.49,5.49,0.00,0.34,S,6005097545,,USD,DB
70026098,02210,03,1,20260521,84801,000000093402,1.815,3.29,5.97,0.00,0.00,S,6017656360,,USD,DB
70026098,02210,03,2,20260521,84801,000004483002,2,3.49,6.98,0.00,0.44,S,6017656360,,USD,DB
70026098,02210,03,3,20260521,84801,000004491001,1,2.49,2.49,0.00,0.16,S,6017656360,,USD,DB
70026099,02210,02,1,20260521,200314,000004492002,1,1.49,1.49,0.00,0.09,S,,,USD,DB
70026099,02210,02,2,20260521,200314,000004472001,3,3.99,11.97,0.00,0.75,S,,,USD,DB
70026100,02210,04,1,20260521,211742,000004483001,1,4.99,4.99,0.00,0.31,S,6057473384,,USD,CC
70026101,02210,06,1,20260521,100914,000000005202,3,5.99,17.97,0.00,0.00,S,,,USD,CC
70026101,02210,06,2,20260521,100914,000004472003,2,3.29,6.58,0.00,0.41,S,,,USD,CC
70026101,02210,06,3,20260521,100914,000000094201,1.702,1.69,2.88,0.00,0.00,S,,,USD,CC
70026102,02211,05,1,20260521,172216,000004471030,1,3.99,3.99,0.00,0.25,S,,,USD,DB
70026102,02211,05,2,20260521,172216,000004492001,1,1.79,1.79,0.00,0.11,S,,,USD,DB
70026103,02211,03,1,20260521,71922,000004492001,1,1.79,1.79,0.00,0.11,S,6008214862,,USD,DB
70026103,02211,03,2,20260521,71922,000000005102,1,5.49,5.49,0.00,0.00,S,6008214862,,USD,DB
70026103,02211,03,3,20260521,71922,000004493002,1,3.99,3.99,0.00,0.25,S,6008214862,,USD,DB
70026104,02211,05,1,20260521,80154,000000005013,1,3.89,3.89,0.97,0.00,S,6077220054,PC26W16,USD,DB
70026105,02211,02,1,20260521,114830,000004491003,1,1.99,1.99,0.00,0.12,S,6089899217,,USD,CC
70026105,02211,02,2,20260521,114830,000004473001,1,2.99,2.99,0.00,0.19,S,6089899217,,USD,CC
70026105,02211,02,3,20260521,114830,000000005102,3,5.49,16.47,0.00,0.00,S,6089899217,,USD,CC
70026105,02211,02,4,20260521,114830,000000020102,1,3.49,3.49,0.00,0.00,S,6089899217,,USD,CC
70026106,02211,02,1,20260521,94924,000004482002,1,17.99,17.99,0.00,1.12,S,,,USD,CC
70026106,02211,02,2,20260521,94924,000000094101,1,3.99,3.99,0.00,0.00,S,,,USD,CC
70026106,02211,02,3,20260521,94924,000000005013,3,3.89,11.67,2.92,0.00,S,,PC26W16,USD,CC
70026107,02211,05,1,20260521,100719,000004473003,1,3.49,3.49,0.00,0.22,S,,,USD,CC
70026107,02211,05,2,20260521,100719,000004492003,2,2.29,4.58,0.00,0.29,S,,,USD,CC
70026107,02211,05,3,20260521,100719,000004481001,1,7.99,7.99,0.00,0.50,S,,,USD,CC
70026107,02211,05,4,20260521,100719,000004492001,1,1.79,1.79,0.00,0.11,S,,,USD,CC
70026107,02211,05,5,20260521,100719,000000005101,2,7.99,15.98,4.00,0.00,S,,PC26W16,USD,CC
70026108,02211,04,1,20260521,140103,000004491003,2,1.99,3.98,0.00,0.25,S,6059833991,,USD,CC
70026108,02211,04,2,20260521,140103,000000561001,1,9.99,9.99,0.00,0.62,S,6059833991,,USD,CC
70026109,02211,02,1,20260521,104855,000000020201,1,5.49,5.49,0.00,0.00,S,,,USD,CC
70026109,02211,02,2,20260521,104855,000004491002,1,6.99,6.99,0.00,0.44,S,,,USD,CC
70026109,02211,02,3,20260521,104855,000000093410,1.321,3.99,5.27,0.00,0.00,S,,,USD,CC
70026109,02211,02,4,20260521,104855,000004473002,1,2.79,2.79,0.00,0.17,S,,,USD,CC
70026110,02305,05,1,20260521,143239,000000094102,1,3.49,3.49,0.00,0.00,S,,,USD,DB
70026110,02305,05,2,20260521,143239,000004482001,3,13.99,41.97,0.00,2.62,S,,,USD,DB
70026110,02305,05,3,20260521,143239,000000562001,1,10.99,10.99,2.75,0.52,S,,PC26W16,USD,DB
70026111,02305,01,1,20260521,145724,000000562002,2,8.49,16.98,0.00,1.06,S,,,USD,CC
70026112,02305,04,1,20260521,101932,000004492003,2,2.29,4.58,0.00,0.29,S,,,USD,CC
70026112,02305,04,2,20260521,101932,000004491003,1,1.99,1.99,0.00,0.12,S,,,USD,CC
70026112,02305,04,3,20260521,101932,000004492003,1,2.29,2.29,0.00,0.14,S,,,USD,CC
70026113,02305,03,1,20260521,111759,000000093501,1,4.49,4.49,0.00,0.00,S,6076297454,,USD,DB
70026114,02305,05,1,20260521,123618,000004482001,1,13.99,13.99,0.00,0.87,S,6055416431,,USD,CC
70026114,02305,05,2,20260521,123618,000000093321,1.002,1.49,1.49,0.37,0.00,S,6055416431,PC26W16,USD,CC
70026114,02305,05,3,20260521,123618,000000030102,2,14.99,29.98,0.00,0.00,S,6055416431,,USD,CC
70026114,02305,05,4,20260521,123618,000000094203,1.569,1.49,2.34,0.00,0.00,S,6055416431,,USD,CC
70026115,02305,04,1,20260521,134134,000000561001,1,9.99,9.99,0.00,0.62,S,,,USD,CS
70026115,02305,04,2,20260521,134134,000000093321,0.453,1.49,0.67,0.17,0.00,S,,PC26W16,USD,CS
70026115,02305,04,3,20260521,134134,000004471023,1,3.49,3.49,0.00,0.22,S,,,USD,CS
70026115,02305,04,4,20260521,134134,000000093502,1,3.99,3.99,0.00,0.00,S,,,USD,CS
70026115,02305,04,5,20260521,134134,000000005102,1,5.49,5.49,0.00,0.00,S,,,USD,CS
70026115,02305,04,6,20260521,134134,000000040203,1,11.99,11.99,0.00,0.00,S,,,USD,CS
70026116,02305,05,1,20260521,75022,000004471030,2,3.99,7.98,0.00,0.50,S,,,USD,CC
70026116,02305,05,2,20260521,75022,000000005103,2,6.99,13.98,0.00,0.00,S,,,USD,CC
70026117,02305,02,1,20260521,174658,000000020202,1,5.99,5.99,0.00,0.00,S,,,USD,CS
70026117,02305,02,2,20260521,174658,000000094301,1.390,4.39,6.10,0.00,0.00,S,,,USD,CS
70026118,02305,02,1,20260521,182853,000000030101,2,6.99,13.98,0.00,0.00,S,6020594389,,USD,CS
70026119,02305,04,1,20260521,172217,000004471040,3,2.49,7.47,0.00,0.47,S,,,USD,CC
70026119,02305,04,2,20260521,172217,000004471023,1,3.49,3.49,0.00,0.22,S,,,USD,CC
70026120,02305,02,1,20260521,194928,000000562002,1,8.49,8.49,0.00,0.53,S,,,USD,GC
70026120,02305,02,2,20260521,194928,000000031101,0.780,24.99,19.49,0.00,0.00,S,,,USD,GC
70026120,02305,02,3,20260521,194928,000000005013,1,3.89,3.89,0.97,0.00,S,,PC26W16,USD,GC
70026120,02305,02,4,20260521,194928,000004491002,1,6.99,6.99,0.00,0.44,S,,,USD,GC
70026120,02305,02,5,20260521,194928,000000020102,1,3.49,3.49,0.00,0.00,S,,,USD,GC
70026120,02305,02,6,20260521,194928,000004492003,1,2.29,2.29,0.00,0.14,S,,,USD,GC
70026121,02305,06,1,20260521,214144,000004493001,1,5.49,5.49,0.00,0.34,S,,,USD,CC
70026121,02305,06,2,20260521,214144,000000094301,1.959,4.39,8.60,0.00,0.00,S,,,USD,CC
70026121,02305,06,3,20260521,214144,000000020201,1,5.49,5.49,0.00,0.00,S,,,USD,CC
70026121,02305,06,4,20260521,214144,000004472002,1,4.49,4.49,0.00,0.28,S,,,USD,CC
70026121,02305,06,5,20260521,214144,000000005302,1,3.49,3.49,0.00,0.00,S,,,USD,CC
70026122,03050,04,1,20260521,140353,000000030103,1,8.99,8.99,0.00,0.00,S,6065960893,,USD,CC
70026122,03050,04,2,20260521,140353,000004482001,1,13.99,13.99,0.00,0.87,S,6065960893,,USD,CC
70026122,03050,04,3,20260521,140353,000000562001,1,10.99,10.99,2.75,0.52,S,6065960893,PC26W16,USD,CC
70026123,03050,01,1,20260521,211402,000004472003,1,3.29,3.29,0.00,0.21,S,,,USD,DB
70026123,03050,01,2,20260521,211402,000000005013,1,3.89,3.89,0.97,0.00,S,,PC26W16,USD,DB
70026123,03050,01,3,20260521,211402,000004491003,1,1.99,1.99,0.00,0.12,S,,,USD,DB
70026123,03050,01,4,20260521,211402,000004493002,1,3.99,3.99,0.00,0.25,S,,,USD,DB
70026123,03050,01,5,20260521,211402,000000040101,0.717,18.99,13.62,0.00,0.00,S,,,USD,DB
70026124,03050,06,1,20260521,85608,000000031101,1.034,24.99,25.84,0.00,0.00,S,6005233027,,USD,DB
70026125,03050,02,1,20260521,115816,000004491001,1,2.49,2.49,0.00,0.16,S,6026949684,,USD,CC
70026125,03050,02,2,20260521,115816,000004473002,1,2.79,2.79,0.00,0.17,S,6026949684,,USD,CC
70026125,03050,02,3,20260521,115816,000004482003,1,5.49,5.49,0.00,0.34,S,6026949684,,USD,CC
70026125,03050,02,4,20260521,115816,000000020201,1,5.49,5.49,0.00,0.00,S,6026949684,,USD,CC
70026125,03050,02,5,20260521,115816,000000020201,1,5.49,5.49,0.00,0.00,S,6026949684,,USD,CC
70026125,03050,02,6,20260521,115816,000000551020,1,13.99,13.99,0.00,0.87,S,6026949684,,USD,CC
70026126,03050,03,1,20260521,103812,000000020202,1,5.99,5.99,0.00,0.00,S,6043098591,,USD,CC
70026126,03050,03,2,20260521,103812,000000031102,0.440,19.99,8.80,0.00,0.00,S,6043098591,,USD,CC
70026126,03050,03,3,20260521,103812,000000551020,1,13.99,13.99,0.00,0.87,S,6043098591,,USD,CC
70026126,03050,03,4,20260521,103812,000000552001,2,4.49,8.98,0.00,0.56,S,6043098591,,USD,CC
70026126,03050,03,5,20260521,103812,000000030202,1,11.49,11.49,0.00,0.00,S,6043098591,,USD,CC
70026127,03050,04,1,20260521,115548,000000020202,2,5.99,11.98,0.00,0.00,S,,,USD,CS
70026127,03050,04,2,20260521,115548,000004491001,2,2.49,4.98,0.00,0.31,S,,,USD,CS
70026128,03050,01,1,20260521,165140,000000005102,1,5.49,5.49,0.00,0.00,S,6095799270,,USD,DB
70026128,03050,01,2,20260521,165140,000000005102,2,5.49,10.98,0.00,0.00,S,6095799270,,USD,DB
70026128,03050,01,3,20260521,165140,000000561002,1,7.49,7.49,1.87,0.35,S,6095799270,PC26W16,USD,DB
70026128,03050,01,4,20260521,165140,000004471030,1,3.99,3.99,0.00,0.25,S,6095799270,,USD,DB
70026128,03050,01,5,20260521,165140,000004482003,1,5.49,5.49,0.00,0.34,S,6095799270,,USD,DB
70026129,03050,05,1,20260521,73311,000004481003,1,4.99,4.99,0.00,0.31,S,6031537795,,USD,CS
70026129,03050,05,2,20260521,73311,000000094103,1,3.79,3.79,0.00,0.00,S,6031537795,,USD,CS
70026130,03050,03,1,20260521,101205,000000094203,0.630,1.49,0.94,0.00,0.00,S,,,USD,GC
70026131,03050,04,1,20260521,213924,000004472001,1,3.99,3.99,0.00,0.25,S,,,USD,GC
70026131,03050,04,2,20260521,213924,000000020103,1,4.99,4.99,0.00,0.00,S,,,USD,GC
70026131,03050,04,3,20260521,213924,000004473001,1,2.99,2.99,0.00,0.19,S,,,USD,GC
70026131,03050,04,4,20260521,213924,000004483001,1,4.99,4.99,0.00,0.31,S,,,USD,GC
70026131,03050,04,5,20260521,213924,000000030101,1,6.99,6.99,0.00,0.00,S,,,USD,GC
70026132,00317,02,1,20260521,171445,000004471023,1,4.69,4.69,0.00,0.29,S,,,CAD,DB
70026132,00317,02,2,20260521,171445,000004472002,1,6.09,6.09,0.00,0.38,S,,,CAD,DB
70026133,00317,02,1,20260521,115159,000004492001,1,2.39,2.39,0.00,0.15,S,6012424462,,CAD,GC
70026133,00317,02,2,20260521,115159,000000093501,1,6.09,6.09,0.00,0.00,S,6012424462,,CAD,GC
70026133,00317,02,3,20260521,115159,000004472002,1,6.09,6.09,0.00,0.38,S,6012424462,,CAD,GC
70026133,00317,02,4,20260521,115159,000000005301,1,7.49,7.49,0.00,0.00,S,6012424462,,CAD,GC
70026133,00317,02,5,20260521,115159,000000040101,0.868,25.79,22.39,0.00,0.00,S,6012424462,,CAD,GC
70026134,00317,03,1,20260521,203030,000004491001,1,3.39,3.39,0.00,0.21,S,6024739500,,CAD,GC
70026134,00317,03,2,20260521,203030,000000552002,3,5.39,16.17,0.00,1.01,S,6024739500,,CAD,GC
70026134,00317,03,3,20260521,203030,000000094101,1,5.39,5.39,0.00,0.00,S,6024739500,,CAD,GC
70026134,00317,03,4,20260521,203030,000000020202,1,8.09,8.09,0.00,0.00,S,6024739500,,CAD,GC
70026134,00317,03,5,20260521,203030,000000005013,1,5.29,5.29,1.32,0.00,S,6024739500,PC26W16,CAD,GC
70026134,00317,03,6,20260521,203030,000000551020,1,18.99,18.99,0.00,1.19,S,6024739500,,CAD,GC
70026135,00317,05,1,20260521,121946,000004483002,2,4.69,9.38,0.00,0.59,S,6042782079,,CAD,DB
70026135,00317,05,2,20260521,121946,000000094301,1.836,5.99,11.00,0.00,0.00,S,6042782079,,CAD,DB
70026135,00317,05,3,20260521,121946,000000005012,2,5.39,10.78,0.00,0.00,S,6042782079,,CAD,DB
70026135,00317,05,4,20260521,121946,000000093321,0.292,1.99,0.58,0.14,0.00,S,6042782079,PC26W16,CAD,DB
70026135,00317,05,5,20260521,121946,000000030201,1,13.59,13.59,0.00,0.00,S,6042782079,,CAD,DB
70026136,00317,05,1,20260521,140542,000000562001,1,14.89,14.89,3.72,0.70,S,,PC26W16,CAD,DB
70026137,00317,03,1,20260521,141050,000000020103,2,6.79,13.58,0.00,0.00,S,,,CAD,CC
70026137,00317,03,2,20260521,141050,000004471030,1,5.39,5.39,0.00,0.34,S,,,CAD,CC
70026138,00317,04,1,20260521,134428,000004472002,1,6.09,6.09,0.00,0.38,S,6097852491,,CAD,DB
70026138,00317,04,2,20260521,134428,000004472050,2,5.39,10.78,0.00,0.67,S,6097852491,,CAD,DB
70026138,00317,04,3,20260521,134428,000000093501,1,6.09,6.09,0.00,0.00,S,6097852491,,CAD,DB
70026138,00317,04,4,20260521,134428,000000005013,1,5.29,5.29,1.32,0.00,S,6097852491,PC26W16,CAD,DB
70026138,00317,04,5,20260521,134428,000000093503,2,5.79,11.58,0.00,0.00,S,6097852491,,CAD,DB
70026138,00317,04,6,20260521,134428,000004473003,1,4.69,4.69,0.00,0.29,S,6097852491,,CAD,DB
70026139,00317,04,1,20260521,124938,000004492001,2,2.39,4.78,0.00,0.30,S,,,CAD,GC
70026140,00317,05,1,20260521,162842,000000020202,1,8.09,8.09,0.00,0.00,S,6025703965,,CAD,DB
70026140,00317,05,2,20260521,162842,000004482003,1,7.49,7.49,0.00,0.47,S,6025703965,,CAD,DB
70026140,00317,05,3,20260521,162842,000004481003,2,6.79,13.58,0.00,0.85,S,6025703965,,CAD,DB
70026141,00317,01,1,20260521,175431,000000562001,1,14.89,14.89,3.72,0.70,S,,PC26W16,CAD,DB
70026142,00317,04,1,20260521,210504,000004491002,1,9.49,9.49,0.00,0.59,S,,,CAD,DB
70026143,00317,03,1,20260521,191259,000004471023,1,4.69,4.69,0.00,0.29,S,6003697117,,CAD,CS
70026143,00317,03,2,20260521,191259,000000561002,1,10.19,10.19,2.55,0.48,S,6003697117,PC26W16,CAD,CS
70026143,00317,03,3,20260521,191259,000000551020,2,18.99,37.98,0.00,2.37,S,6003697117,,CAD,CS
70026144,00317,04,1,20260521,105545,000000551021,1,16.29,16.29,0.00,1.02,S,6023850371,,CAD,DB
70026144,00317,04,2,20260521,105545,000004472001,1,5.39,5.39,0.00,0.34,S,6023850371,,CAD,DB
70026144,00317,04,3,20260521,105545,000000005102,1,7.49,7.49,0.00,0.00,S,6023850371,,CAD,DB
70026144,00317,04,4,20260521,105545,000000561002,2,10.19,20.38,5.09,0.96,S,6023850371,PC26W16,CAD,DB
70026145,00317,03,1,20260521,183157,000000005201,1,5.39,5.39,0.00,0.00,S,6044920749,,CAD,CC
70026145,00317,03,2,20260521,183157,000004483002,1,4.69,4.69,0.00,0.29,S,6044920749,,CAD,CC
70026146,00322,06,1,20260521,200237,000004491003,2,2.69,5.38,0.00,0.34,S,,,CAD,DB
70026146,00322,06,2,20260521,200237,000000031101,0.807,33.99,27.43,0.00,0.00,S,,,CAD,DB
70026146,00322,06,3,20260521,200237,000000562001,1,14.89,14.89,3.72,0.70,S,,PC26W16,CAD,DB
70026146,00322,06,4,20260521,200237,000000040201,1,12.19,12.19,0.00,0.00,S,,,CAD,DB
70026146,00322,06,5,20260521,200237,000000040202,3,20.39,61.17,0.00,0.00,S,,,CAD,DB
70026146,00322,06,6,20260521,200237,000004492001,1,2.39,2.39,0.00,0.15,S,,,CAD,DB
70026146,00322,06,7,20260521,200237,000000040202,3,20.39,61.17,0.00,0.00,V,,,CAD,DB
70026147,00322,05,1,20260521,122057,000000561001,2,13.59,27.18,0.00,1.70,S,,,CAD,CC
70026147,00322,05,2,20260521,122057,000004483002,1,4.69,4.69,0.00,0.29,S,,,CAD,CC
70026147,00322,05,3,20260521,122057,000004483001,1,6.79,6.79,0.00,0.42,S,,,CAD,CC
70026148,00322,04,1,20260521,112659,000000093321,0.333,1.99,0.66,0.17,0.00,S,,PC26W16,CAD,DB
70026148,00322,04,2,20260521,112659,000000005013,1,5.29,5.29,1.32,0.00,S,,PC26W16,CAD,DB
70026149,00322,06,1,20260521,183059,000000040202,1,20.39,20.39,0.00,0.00,S,,,CAD,CC
70026149,00322,06,2,20260521,183059,000000020103,1,6.79,6.79,0.00,0.00,S,,,CAD,CC
70026149,00322,06,3,20260521,183059,000004482001,1,18.99,18.99,0.00,1.19,S,,,CAD,CC
70026149,00322,06,4,20260521,183059,000000020201,1,7.49,7.49,0.00,0.00,S,,,CAD,CC
70026150,01042,03,1,20260522,162303,000000030201,1,9.99,9.99,0.00,0.00,S,,,USD,GC
70026150,01042,03,2,20260522,162303,000004483001,1,4.99,4.99,0.00,0.31,S,,,USD,GC
70026150,01042,03,3,20260522,162303,000004482001,1,13.99,13.99,0.00,0.87,S,,,USD,GC
70026150,01042,03,4,20260522,162303,000000031102,0.588,19.99,11.75,0.00,0.00,S,,,USD,GC
70026151,01042,05,1,20260522,82454,000000005013,1,3.89,3.89,0.97,0.00,S,,PC26W16,USD,CC
70026151,01042,05,2,20260522,82454,000004491003,1,1.99,1.99,0.00,0.12,S,,,USD,CC
70026151,01042,05,3,20260522,82454,000000561001,1,9.99,9.99,0.00,0.62,S,,,USD,CC
70026152,01042,04,1,20260522,180358,000004472001,1,3.99,3.99,0.00,0.25,S,,,USD,DB
70026152,01042,04,2,20260522,180358,000000005013,1,3.89,3.89,0.97,0.00,S,,PC26W16,USD,DB
70026153,01042,03,1,20260522,203644,000000005201,1,3.99,3.99,0.00,0.00,S,,,USD,CS
70026153,01042,03,2,20260522,203644,000004473002,1,2.79,2.79,0.00,0.17,S,,,USD,CS
70026153,01042,03,3,20260522,203644,000004483002,3,3.49,10.47,0.00,0.65,S,,,USD,CS
70026153,01042,03,4,20260522,203644,000000030201,2,9.99,19.98,0.00,0.00,S,,,USD,CS
70026153,01042,03,5,20260522,203644,000000094201,1.093,1.69,1.85,0.00,0.00,S,,,USD,CS
70026154,01042,05,1,20260522,160129,000000020202,1,5.99,5.99,0.00,0.00,S,6073477848,,USD,GC
70026154,01042,05,2,20260522,160129,000000094202,2.184,1.99,4.35,0.00,0.00,S,6073477848,,USD,GC
70026154,01042,05,3,20260522,160129,000000093321,1.578,1.49,2.35,0.59,0.00,S,6073477848,PC26W16,USD,GC
70026155,01042,04,1,20260522,165245,000000020201,2,5.49,10.98,0.00,0.00,S,,,USD,DB
70026155,01042,04,2,20260522,165245,000004481001,1,7.99,7.99,0.00,0.50,S,,,USD,DB
70026155,01042,04,3,20260522,165245,000000030202,1,11.49,11.49,0.00,0.00,S,,,USD,DB
70026155,01042,04,4,20260522,165245,000004473003,1,3.49,3.49,0.00,0.22,S,,,USD,DB
70026156,01042,02,1,20260522,215449,000000094201,0.947,1.69,1.60,0.00,0.00,S,6043468239,,USD,CS
70026156,01042,02,2,20260522,215449,000000020102,1,3.49,3.49,0.00,0.00,S,6043468239,,USD,CS
70026156,01042,02,3,20260522,215449,000004472003,3,3.29,9.87,0.00,0.62,S,6043468239,,USD,CS
70026157,01042,01,1,20260522,164549,000000094202,1.147,1.99,2.28,0.00,0.00,S,,,USD,CC
70026157,01042,01,2,20260522,164549,000004493001,1,5.49,5.49,0.00,0.34,S,,,USD,CC
70026157,01042,01,3,20260522,164549,000000561002,1,7.49,7.49,1.87,0.35,S,,PC26W16,USD,CC
70026157,01042,01,4,20260522,164549,000000030201,1,9.99,9.99,0.00,0.00,S,,,USD,CC
70026158,01042,05,1,20260522,180817,000004482001,1,13.99,13.99,0.00,0.87,S,,,USD,CC
70026158,01042,05,2,20260522,180817,000000005202,1,5.99,5.99,0.00,0.00,S,,,USD,CC
70026158,01042,05,3,20260522,180817,000000551020,1,13.99,13.99,0.00,0.87,S,,,USD,CC
70026158,01042,05,4,20260522,180817,000000094201,0.573,1.69,0.97,0.00,0.00,S,,,USD,CC
70026158,01042,05,5,20260522,180817,000000552001,2,4.49,8.98,0.00,0.56,S,,,USD,CC
70026159,01107,01,1,20260522,172201,000004493001,1,5.49,5.49,0.00,0.34,S,,,USD,DB
70026159,01107,01,2,20260522,172201,000004482002,1,17.99,17.99,0.00,1.12,S,,,USD,DB
70026159,01107,01,3,20260522,172201,000004483002,1,3.49,3.49,0.00,0.22,S,,,USD,DB
70026159,01107,01,4,20260522,172201,000000040102,1.590,16.99,27.01,0.00,0.00,S,,,USD,DB
70026159,01107,01,5,20260522,172201,000004483001,1,4.99,4.99,0.00,0.31,S,,,USD,DB
70026160,01107,05,1,20260522,121436,000000020103,1,4.99,4.99,0.00,0.00,S,,,USD,DB
70026160,01107,05,2,20260522,121436,000004492003,1,2.29,2.29,0.00,0.14,S,,,USD,DB
70026160,01107,05,3,20260522,121436,000004493002,3,3.99,11.97,0.00,0.75,S,,,USD,DB
70026161,01107,03,1,20260522,75459,000000040203,1,11.99,11.99,0.00,0.00,S,6031498643,,USD,CS
70026162,01107,01,1,20260522,70843,000000005013,1,3.89,3.89,0.97,0.00,S,,PC26W16,USD,GC
70026162,01107,01,2,20260522,70843,000000093321,0.389,1.49,0.58,0.14,0.00,S,,PC26W16,USD,GC
70026163,01107,04,1,20260522,164252,000004473001,3,2.99,8.97,0.00,0.56,S,,,USD,CS
70026163,01107,04,2,20260522,164252,000004491001,1,2.49,2.49,0.00,0.16,S,,,USD,CS
70026163,01107,04,3,20260522,164252,000000005103,2,6.99,13.98,0.00,0.00,S,,,USD,CS
70026163,01107,04,4,20260522,164252,000000005020,1,4.49,4.49,0.00,0.00,S,,,USD,CS
70026163,01107,04,5,20260522,164252,000004471040,1,2.49,2.49,0.00,0.16,S,,,USD,CS
70026163,01107,04,6,20260522,164252,000004492001,1,1.79,1.79,0.00,0.11,S,,,USD,CS
70026164,01107,03,1,20260522,172836,000004472003,1,3.29,3.29,0.00,0.21,S,6027738264,,USD,GC
70026164,01107,03,2,20260522,172836,000000020102,1,3.49,3.49,0.00,0.00,S,6027738264,,USD,GC
70026164,01107,03,3,20260522,172836,000000094301,0.367,4.39,1.61,0.00,0.00,S,6027738264,,USD,GC
70026164,01107,03,4,20260522,172836,000004471023,1,3.49,3.49,0.00,0.22,S,6027738264,,USD,GC
70026164,01107,03,5,20260522,172836,000004481003,3,4.99,14.97,0.00,0.94,S,6027738264,,USD,GC
70026165,01107,01,1,20260522,200948,000000005301,1,5.49,5.49,0.00,0.00,S,6085654310,,USD,CC
70026165,01107,01,2,20260522,200948,000000005013,2,3.89,7.78,1.95,0.00,S,6085654310,PC26W16,USD,CC
70026166,01107,04,1,20260522,193823,000000005020,1,4.49,4.49,0.00,0.00,S,,,USD,CC
70026166,01107,04,2,20260522,193823,000004482001,2,13.99,27.98,0.00,1.75,S,,,USD,CC
70026167,02210,06,1,20260522,101110,000000093503,1,4.29,4.29,0.00,0.00,S,6072084964,,USD,GC
70026167,02210,06,2,20260522,101110,000004492003,2,2.29,4.58,0.00,0.29,S,6072084964,,USD,GC
70026167,02210,06,3,20260522,101110,000000552001,1,4.49,4.49,0.00,0.28,S,6072084964,,USD,GC
70026168,02210,04,1,20260522,162923,000004493001,1,5.49,5.49,0.00,0.34,S,,,USD,GC
70026168,02210,04,2,20260522,162923,000004493001,1,5.49,5.49,0.00,0.34,S,,,USD,GC
70026169,02210,02,1,20260522,181421,000000005013,1,3.89,3.89,0.97,0.00,S,6021697972,PC26W16,USD,DB
70026169,02210,02,2,20260522,181421,000000005013,1,3.89,3.89,0.00,0.00,V,6021697972,,USD,DB
70026170,02210,02,1,20260522,132623,000004481003,1,4.99,4.99,0.00,0.31,S,,,USD,CC
70026171,02210,02,1,20260522,135233,000000020201,1,5.49,5.49,0.00,0.00,S,6020165423,,USD,DB
70026171,02210,02,2,20260522,135233,000000030101,2,6.99,13.98,0.00,0.00,S,6020165423,,USD,DB
70026171,02210,02,3,20260522,135233,000000094101,1,3.99,3.99,0.00,0.00,S,6020165423,,USD,DB
70026171,02210,02,4,20260522,135233,000000020103,1,4.99,4.99,0.00,0.00,S,6020165423,,USD,DB
70026172,02210,02,1,20260522,161839,000004472002,1,4.49,4.49,0.00,0.28,S,6098392250,,USD,CC
70026172,02210,02,2,20260522,161839,000004492002,1,1.49,1.49,0.00,0.09,S,6098392250,,USD,CC
70026172,02210,02,3,20260522,161839,000000030201,1,9.99,9.99,0.00,0.00,S,6098392250,,USD,CC
70026172,02210,02,4,20260522,161839,000000094102,1,3.49,3.49,0.00,0.00,S,6098392250,,USD,CC
70026173,02210,05,1,20260522,121026,000004481001,1,7.99,7.99,0.00,0.50,S,,,USD,DB
70026174,02210,02,1,20260522,123215,000000040102,0.705,16.99,11.98,0.00,0.00,S,6016781126,,USD,CC
70026174,02210,02,2,20260522,123215,000000005013,1,3.89,3.89,0.97,0.00,S,6016781126,PC26W16,USD,CC
70026175,02210,01,1,20260522,183601,000004491001,2,2.49,4.98,0.00,0.31,S,,,USD,CC
70026176,02211,06,1,20260522,111001,000000005012,1,3.99,3.99,0.00,0.00,S,,,USD,CS
70026176,02211,06,2,20260522,111001,000000005102,2,5.49,10.98,0.00,0.00,S,,,USD,CS
70026176,02211,06,3,20260522,111001,000000020103,1,4.99,4.99,0.00,0.00,S,,,USD,CS
70026176,02211,06,4,20260522,111001,000000094201,0.754,1.69,1.27,0.00,0.00,S,,,USD,CS
70026177,02211,06,1,20260522,132456,000000551021,1,11.99,11.99,0.00,0.75,S,,,USD,CC
70026177,02211,06,2,20260522,132456,000004491002,1,6.99,6.99,0.00,0.44,S,,,USD,CC
70026177,02211,06,3,20260522,132456,000004471023,1,3.49,3.49,0.00,0.22,S,,,USD,CC
70026177,02211,06,4,20260522,132456,000004481003,1,4.99,4.99,0.00,0.31,S,,,USD,CC
70026178,02211,05,1,20260522,93924,000000020202,1,5.99,5.99,0.00,0.00,S,,,USD,CC
70026178,02211,05,2,20260522,93924,000004481003,1,4.99,4.99,0.00,0.31,S,,,USD,CC
70026179,02211,03,1,20260522,111419,000000005101,1,7.99,7.99,2.00,0.00,S,,PC26W16,USD,CS
70026179,02211,03,2,20260522,111419,000000040201,1,8.99,8.99,0.00,0.00,S,,,USD,CS
70026179,02211,03,3,20260522,111419,000004493002,1,3.99,3.99,0.00,0.25,S,,,USD,CS
70026179,02211,03,4,20260522,111419,000000020101,1,2.49,2.49,0.00,0.00,S,,,USD,CS
70026180,02305,06,1,20260522,211053,000000031102,1.559,19.99,31.16,0.00,0.00,S,6046245618,,USD,CC
70026180,02305,06,2,20260522,211053,000004473001,1,2.99,2.99,0.00,0.19,S,6046245618,,USD,CC
70026181,02305,03,1,20260522,180750,000000020103,1,4.99,4.99,0.00,0.00,S,6015122946,,USD,CC
70026182,02305,01,1,20260522,101239,000000005013,1,3.89,3.89,0.97,0.00,S,,PC26W16,USD,CC
70026182,02305,01,2,20260522,101239,000000020102,1,3.49,3.49,0.00,0.00,S,,,USD,CC
70026182,02305,01,3,20260522,101239,000004472002,2,4.49,8.98,0.00,0.56,S,,,USD,CC
70026182,02305,01,4,20260522,101239,000000020201,1,5.49,5.49,0.00,0.00,S,,,USD,CC
70026182,02305,01,5,20260522,101239,000000562002,1,8.49,8.49,0.00,0.53,S,,,USD,CC
70026183,02305,06,1,20260522,132749,000000562002,2,8.49,16.98,0.00,1.06,S,,,USD,GC
70026184,02305,04,1,20260522,135149,000004473003,1,3.49,3.49,0.00,0.22,S,6034721228,,USD,DB
70026184,02305,04,2,20260522,135149,000004472001,3,3.99,11.97,0.00,0.75,S,6034721228,,USD,DB
70026184,02305,04,3,20260522,135149,000004472003,1,3.29,3.29,0.00,0.21,S,6034721228,,USD,DB
70026184,02305,04,4,20260522,135149,000000031101,0.566,24.99,14.14,0.00,0.00,S,6034721228,,USD,DB
70026185,02305,03,1,20260522,162739,000000562001,1,10.99,10.99,2.75,0.52,S,,PC26W16,USD,CS
70026185,02305,03,2,20260522,162739,000004472003,1,3.29,3.29,0.00,0.21,S,,,USD,CS
70026186,02305,04,1,20260522,180214,000000005301,1,5.49,5.49,0.00,0.00,S,6093802620,,USD,DB
70026186,02305,04,2,20260522,180214,000000094203,1.461,1.49,2.18,0.00,0.00,S,6093802620,,USD,DB
70026186,02305,04,3,20260522,180214,000004472002,2,4.49,8.98,0.00,0.56,S,6093802620,,USD,DB
70026186,02305,04,4,20260522,180214,000004472001,2,3.99,7.98,0.00,0.50,S,6093802620,,USD,DB
70026187,02305,01,1,20260522,93606,000000040202,2,14.99,29.98,0.00,0.00,S,,,USD,CC
70026187,02305,01,2,20260522,93606,000004473001,2,2.99,5.98,0.00,0.37,S,,,USD,CC
70026187,02305,01,3,20260522,93606,000000005103,1,6.99,6.99,0.00,0.00,S,,,USD,CC
70026187,02305,01,4,20260522,93606,000004482001,1,13.99,13.99,0.00,0.87,S,,,USD,CC
70026187,02305,01,5,20260522,93606,000000005101,2,7.99,15.98,4.00,0.00,S,,PC26W16,USD,CC
70026187,02305,01,6,20260522,93606,000004492002,1,1.49,1.49,0.00,0.09,S,,,USD,CC
70026188,02305,04,1,20260522,182556,000004472003,3,3.29,9.87,0.00,0.62,S,,,USD,CS
70026188,02305,04,2,20260522,182556,000000031102,1.344,19.99,26.87,0.00,0.00,S,,,USD,CS
70026188,02305,04,3,20260522,182556,000000551020,2,13.99,27.98,0.00,1.75,S,,,USD,CS
70026188,02305,04,4,20260522,182556,000000005202,2,5.99,11.98,0.00,0.00,S,,,USD,CS
70026188,02305,04,5,20260522,182556,000004472002,1,4.49,4.49,0.00,0.28,S,,,USD,CS
70026188,02305,04,6,20260522,182556,000000094202,0.497,1.99,0.99,0.00,0.00,S,,,USD,CS
70026189,03050,04,1,20260522,152643,000000040203,1,11.99,11.99,0.00,0.00,S,6022783769,,USD,CC
70026189,03050,04,2,20260522,152643,000000093501,1,4.49,4.49,0.00,0.00,S,6022783769,,USD,CC
70026189,03050,04,3,20260522,152643,000000020202,1,5.99,5.99,0.00,0.00,S,6022783769,,USD,CC
70026190,03050,02,1,20260522,161340,000000005201,1,3.99,3.99,0.00,0.00,S,6042902572,,USD,CC
70026190,03050,02,2,20260522,161340,000000005301,2,5.49,10.98,0.00,0.00,S,6042902572,,USD,CC
70026191,03050,02,1,20260522,100217,000000094203,0.571,1.49,0.85,0.00,0.00,R,,,USD,CC
70026192,03050,06,1,20260522,215521,000000005201,2,3.99,7.98,0.00,0.00,S,,,USD,CC
70026192,03050,06,2,20260522,215521,000000094102,1,3.49,3.49,0.00,0.00,S,,,USD,CC
70026193,03050,06,1,20260522,203033,000000040202,1,14.99,14.99,0.00,0.00,S,,,USD,CC
70026193,03050,06,2,20260522,203033,000004473001,1,2.99,2.99,0.00,0.19,S,,,USD,CC
70026193,03050,06,3,20260522,203033,000000552002,1,3.99,3.99,0.00,0.25,S,,,USD,CC
70026193,03050,06,4,20260522,203033,000000030103,1,8.99,8.99,0.00,0.00,S,,,USD,CC
70026194,03050,05,1,20260522,94100,000000093501,1,4.49,4.49,0.00,0.00,S,,,USD,GC
70026194,03050,05,2,20260522,94100,000000093502,1,3.99,3.99,0.00,0.00,S,,,USD,GC
70026194,03050,05,3,20260522,94100,000004482001,1,13.99,13.99,0.00,0.87,S,,,USD,GC
70026194,03050,05,4,20260522,94100,000000005101,1,7.99,7.99,2.00,0.00,S,,PC26W16,USD,GC
70026195,03050,05,1,20260522,150415,000000562002,3,8.49,25.47,0.00,1.59,S,,,USD,CS
70026196,03050,06,1,20260522,174123,000000040201,1,8.99,8.99,0.00,0.00,S,6029710248,,USD,DB
70026197,03050,01,1,20260522,82550,000004472002,1,4.49,4.49,0.00,0.28,S,6076921053,,USD,CC
70026197,03050,01,2,20260522,82550,000000040203,1,11.99,11.99,0.00,0.00,S,6076921053,,USD,CC
70026197,03050,01,3,20260522,82550,000004473001,1,2.99,2.99,0.00,0.19,S,6076921053,,USD,CC
70026197,03050,01,4,20260522,82550,000000040201,1,8.99,8.99,0.00,0.00,S,6076921053,,USD,CC
70026197,03050,01,5,20260522,82550,000000030202,1,11.49,11.49,0.00,0.00,S,6076921053,,USD,CC
70026198,00317,05,1,20260522,205809,000000020201,1,7.49,7.49,0.00,0.00,S,,,CAD,GC
70026198,00317,05,2,20260522,205809,000000005013,1,5.29,5.29,1.32,0.00,S,,PC26W16,CAD,GC
70026198,00317,05,3,20260522,205809,000000005013,1,5.29,5.29,1.32,0.00,S,,PC26W16,CAD,GC
70026198,00317,05,4,20260522,205809,000000093322,1.674,2.69,4.50,0.00,0.00,S,,,CAD,GC
70026199,00317,04,1,20260522,132652,000000093410,1.164,5.39,6.27,0.00,0.00,S,6072946671,,CAD,DB
70026199,00317,04,2,20260522,132652,000004492003,1,3.09,3.09,0.00,0.19,S,6072946671,,CAD,DB
70026200,00317,04,1,20260522,214353,000004492050,1,2.99,2.99,0.00,0.19,S,,,CAD,GC
70026200,00317,04,2,20260522,214353,000004493002,1,5.39,5.39,0.00,0.34,S,,,CAD,GC
70026200,00317,04,3,20260522,214353,000004492001,1,2.39,2.39,0.00,0.15,S,,,CAD,GC
70026201,00317,02,1,20260522,214504,000000040202,1,20.39,20.39,0.00,0.00,S,,,CAD,CS
70026201,00317,02,2,20260522,214504,000000020102,1,4.69,4.69,0.00,0.00,S,,,CAD,CS
70026201,00317,02,3,20260522,214504,000000093322,0.284,2.69,0.76,0.00,0.00,S,,,CAD,CS
70026202,00317,04,1,20260522,210930,000000005012,2,5.39,10.78,0.00,0.00,S,,,CAD,CC
70026202,00317,04,2,20260522,210930,000000030202,1,15.59,15.59,0.00,0.00,S,,,CAD,CC
70026203,00317,03,1,20260522,71428,000004492002,1,1.99,1.99,0.00,0.12,R,6090793884,,CAD,DB
70026204,00317,05,1,20260522,132947,000000005013,1,5.29,5.29,1.32,0.00,S,,PC26W16,CAD,CC
70026204,00317,05,2,20260522,132947,000004481001,1,10.89,10.89,0.00,0.68,S,,,CAD,CC
70026205,00317,01,1,20260522,114157,000004482002,1,24.49,24.49,0.00,1.53,S,,,CAD,GC
70026205,00317,01,2,20260522,114157,000004482002,1,24.49,24.49,0.00,1.53,V,,,CAD,GC
70026206,00317,05,1,20260522,210208,000000005013,1,5.29,5.29,1.32,0.00,S,,PC26W16,CAD,CC
70026206,00317,05,2,20260522,210208,000000005101,1,10.89,10.89,2.72,0.00,S,,PC26W16,CAD,CC
70026206,00317,05,3,20260522,210208,000004492001,1,2.39,2.39,0.00,0.15,S,,,CAD,CC
70026206,00317,05,4,20260522,210208,000004492001,1,2.39,2.39,0.00,0.15,S,,,CAD,CC
70026206,00317,05,5,20260522,210208,000004472050,3,5.39,16.17,0.00,1.01,S,,,CAD,CC
70026207,00317,05,1,20260522,91218,000000094301,1.691,5.99,10.13,0.00,0.00,S,,,CAD,DB
70026207,00317,05,2,20260522,91218,000000093321,0.276,1.99,0.55,0.14,0.00,S,,PC26W16,CAD,DB
70026207,00317,05,3,20260522,91218,000004491001,1,3.39,3.39,0.00,0.21,S,,,CAD,DB
70026207,00317,05,4,20260522,91218,000000030201,1,13.59,13.59,0.00,0.00,S,,,CAD,DB
70026207,00317,05,5,20260522,91218,000004491002,2,9.49,18.98,0.00,1.19,S,,,CAD,DB
70026208,00317,05,1,20260522,214032,000000005202,2,8.09,16.18,0.00,0.00,S,,,CAD,GC
70026208,00317,05,2,20260522,214032,000000020202,2,8.09,16.18,0.00,0.00,S,,,CAD,GC
70026209,00317,01,1,20260522,90500,000000020101,1,3.39,3.39,0.00,0.00,S,,,CAD,CC
70026209,00317,01,2,20260522,90500,000000094103,1,5.19,5.19,0.00,0.00,S,,,CAD,CC
70026210,00322,06,1,20260522,191511,000000093501,1,6.09,6.09,0.00,0.00,S,,,CAD,DB
70026210,00322,06,2,20260522,191511,000000020102,1,4.69,4.69,0.00,0.00,S,,,CAD,DB
70026210,00322,06,3,20260522,191511,000004481003,1,6.79,6.79,0.00,0.42,S,,,CAD,DB
70026210,00322,06,4,20260522,191511,000004492003,1,3.09,3.09,0.00,0.19,S,,,CAD,DB
70026210,00322,06,5,20260522,191511,000004472002,1,6.09,6.09,0.00,0.38,S,,,CAD,DB
70026211,00322,06,1,20260522,93838,000000020201,1,7.49,7.49,0.00,0.00,S,6048463122,,CAD,CC
70026211,00322,06,2,20260522,93838,000004472003,1,4.49,4.49,0.00,0.28,S,6048463122,,CAD,CC
70026211,00322,06,3,20260522,93838,000004491003,1,2.69,2.69,0.00,0.17,S,6048463122,,CAD,CC
70026211,00322,06,4,20260522,93838,000004473002,1,3.79,3.79,0.00,0.24,S,6048463122,,CAD,CC
70026212,00322,04,1,20260522,190623,000000093401,1.858,7.49,13.92,0.00,0.00,S,6090100167,,CAD,CC
70026212,00322,04,2,20260522,190623,000000040201,1,12.19,12.19,0.00,0.00,S,6090100167,,CAD,CC
70026212,00322,04,3,20260522,190623,000000005302,1,4.69,4.69,0.00,0.00,S,6090100167,,CAD,CC
70026212,00322,04,4,20260522,190623,000000040203,2,16.29,32.58,0.00,0.00,S,6090100167,,CAD,CC
70026212,00322,04,5,20260522,190623,000004481001,1,10.89,10.89,0.00,0.68,S,6090100167,,CAD,CC
70026213,01042,06,1,20260523,134133,000000005202,1,5.99,5.99,0.00,0.00,S,,,USD,GC
70026214,01042,03,1,20260523,141142,000004483001,1,4.99,4.99,0.00,0.31,S,6083258238,,USD,DB
70026214,01042,03,2,20260523,141142,000000005202,1,5.99,5.99,0.00,0.00,S,6083258238,,USD,DB
70026215,01042,02,1,20260523,185142,000000005101,1,7.99,7.99,2.00,0.00,S,,PC26W16,USD,CC
70026216,01042,01,1,20260523,160537,000000005020,1,4.49,4.49,0.00,0.00,S,,,USD,DB
70026216,01042,01,2,20260523,160537,000000005101,1,7.99,7.99,2.00,0.00,S,,PC26W16,USD,DB
70026217,01042,01,1,20260523,103207,000000031102,0.440,19.99,8.80,0.00,0.00,S,6020575639,,USD,DB
70026217,01042,01,2,20260523,103207,000000005101,2,7.99,15.98,4.00,0.00,S,6020575639,PC26W16,USD,DB
70026217,01042,01,3,20260523,103207,000000562002,2,8.49,16.98,0.00,1.06,S,6020575639,,USD,DB
70026218,01042,01,1,20260523,152255,000000031102,1.192,19.99,23.83,0.00,0.00,S,6022068155,,USD,CC
70026218,01042,01,2,20260523,152255,000000005013,1,3.89,3.89,0.97,0.00,S,6022068155,PC26W16,USD,CC
70026219,01042,04,1,20260523,151908,000000561001,2,9.99,19.98,0.00,1.25,S,6002730086,,USD,CC
70026219,01042,04,2,20260523,151908,000004483001,1,4.99,4.99,0.00,0.31,S,6002730086,,USD,CC
70026219,01042,04,3,20260523,151908,000004482002,1,17.99,17.99,0.00,1.12,S,6002730086,,USD,CC
70026219,01042,04,4,20260523,151908,000000094201,0.522,1.69,0.88,0.00,0.00,S,6002730086,,USD,CC
70026219,01042,04,5,20260523,151908,000000020102,1,3.49,3.49,0.00,0.00,S,6002730086,,USD,CC
70026220,01042,03,1,20260523,204529,000004473002,1,2.79,2.79,0.00,0.17,S,6062575326,,USD,CS
70026220,01042,03,2,20260523,204529,000000093325,1.862,3.99,7.43,0.00,0.00,S,6062575326,,USD,CS
70026220,01042,03,3,20260523,204529,000000552002,1,3.99,3.99,0.00,0.25,S,6062575326,,USD,CS
70026221,01042,01,1,20260523,211327,000004493001,1,5.49,5.49,0.00,0.34,S,6011856724,,USD,CC
70026221,01042,01,2,20260523,211327,000000552002,1,3.99,3.99,0.00,0.25,S,6011856724,,USD,CC
70026221,01042,01,3,20260523,211327,000004492003,2,2.29,4.58,0.00,0.29,S,6011856724,,USD,CC
70026222,01042,03,1,20260523,105220,000004492002,2,1.49,2.98,0.00,0.19,S,,,USD,CC
70026223,01042,02,1,20260523,123636,000000030101,1,6.99,6.99,0.00,0.00,S,,,USD,DB
70026224,01042,04,1,20260523,95452,000000094202,0.413,1.99,0.82,0.00,0.00,S,6056420873,,USD,GC
70026225,01042,02,1,20260523,211945,000004492002,1,1.49,1.49,0.00,0.09,S,6040755366,,USD,DB
70026225,01042,02,2,20260523,211945,000000005302,2,3.49,6.98,0.00,0.00,S,6040755366,,USD,DB
70026225,01042,02,3,20260523,211945,000004492003,1,2.29,2.29,0.00,0.14,S,6040755366,,USD,DB
70026225,01042,02,4,20260523,211945,000004483002,1,3.49,3.49,0.00,0.22,S,6040755366,,USD,DB
70026226,01042,02,1,20260523,93230,000000031102,0.764,19.99,15.27,0.00,0.00,S,,,USD,DB
70026226,01042,02,2,20260523,93230,000000040202,1,14.99,14.99,0.00,0.00,S,,,USD,DB
70026227,01107,03,1,20260523,191014,000000005013,1,3.89,3.89,0.97,0.00,S,,PC26W16,USD,DB
70026228,01107,05,1,20260523,113934,000000005102,1,5.49,5.49,0.00,0.00,S,,,USD,GC
70026228,01107,05,2,20260523,113934,000004482001,2,13.99,27.98,0.00,1.75,S,,,USD,GC
70026228,01107,05,3,20260523,113934,000000552001,1,4.49,4.49,0.00,0.28,S,,,USD,GC
70026228,01107,05,4,20260523,113934,000000020101,2,2.49,4.98,0.00,0.00,S,,,USD,GC
70026229,01107,06,1,20260523,94015,000000040101,2.177,18.99,41.34,0.00,0.00,S,,,USD,DB
70026229,01107,06,2,20260523,94015,000000040203,1,11.99,11.99,0.00,0.00,S,,,USD,DB
70026229,01107,06,3,20260523,94015,000004472001,2,3.99,7.98,0.00,0.50,S,,,USD,DB
70026230,01107,06,1,20260523,82134,000004492001,1,1.79,1.79,0.00,0.11,S,,,USD,CC
70026231,01107,03,1,20260523,141211,000000020201,1,5.49,5.49,0.00,0.00,S,,,USD,DB
70026231,01107,03,2,20260523,141211,000004491001,3,2.49,7.47,0.00,0.47,S,,,USD,DB
70026232,02210,01,1,20260523,205520,000000040203,1,11.99,11.99,0.00,0.00,S,,,USD,GC
70026232,02210,01,2,20260523,205520,000000005102,1,5.49,5.49,0.00,0.00,S,,,USD,GC
70026233,02210,03,1,20260523,105557,000004472003,2,3.29,6.58,0.00,0.41,S,6092499125,,USD,CC
70026233,02210,03,2,20260523,105557,000000093325,2.173,3.99,8.67,0.00,0.00,S,6092499125,,USD,CC
70026233,02210,03,3,20260523,105557,000000551020,1,13.99,13.99,0.00,0.87,S,6092499125,,USD,CC
70026233,02210,03,4,20260523,105557,000004492001,1,1.79,1.79,0.00,0.11,S,6092499125,,USD,CC
70026234,02210,01,1,20260523,103807,000000551020,1,13.99,13.99,0.00,0.87,S,,,USD,GC
70026235,02210,03,1,20260523,71330,000004481001,1,7.99,7.99,0.00,0.50,S,,,USD,DB
70026235,02210,03,2,20260523,71330,000000005101,1,7.99,7.99,2.00,0.00,S,,PC26W16,USD,DB
70026236,02210,03,1,20260523,144714,000000551021,1,11.99,11.99,0.00,0.75,S,,,USD,CC
70026236,02210,03,2,20260523,144714,000000005101,2,7.99,15.98,4.00,0.00,S,,PC26W16,USD,CC
70026236,02210,03,3,20260523,144714,000000040101,1.148,18.99,21.80,0.00,0.00,S,,,USD,CC
70026236,02210,03,4,20260523,144714,000000093321,0.944,1.49,1.41,0.35,0.00,S,,PC26W16,USD,CC
70026236,02210,03,5,20260523,144714,000000040101,0.406,18.99,7.71,0.00,0.00,S,,,USD,CC
70026236,02210,03,6,20260523,144714,000000094302,1.678,5.49,9.21,0.00,0.00,S,,,USD,CC
70026237,02210,01,1,20260523,152820,000000020101,1,2.49,2.49,0.00,0.00,S,,,USD,DB
70026237,02210,01,2,20260523,152820,000004472003,1,3.29,3.29,0.00,0.21,S,,,USD,DB
70026238,02210,03,1,20260523,160418,000000093503,1,4.29,4.29,0.00,0.00,S,,,USD,CS
70026238,02210,03,2,20260523,160418,000004492002,1,1.49,1.49,0.00,0.09,S,,,USD,CS
70026239,02210,03,1,20260523,172820,000004472001,1,3.99,3.99,0.00,0.25,S,6067066253,,USD,DB
70026239,02210,03,2,20260523,172820,000000094202,0.925,1.99,1.84,0.00,0.00,S,6067066253,,USD,DB
70026239,02210,03,3,20260523,172820,000000005020,1,4.49,4.49,0.00,0.00,S,6067066253,,USD,DB
70026239,02210,03,4,20260523,172820,000004492001,1,1.79,1.79,0.00,0.11,S,6067066253,,USD,DB
70026239,02210,03,5,20260523,172820,000000094301,0.759,4.39,3.33,0.00,0.00,S,6067066253,,USD,DB
70026240,02210,06,1,20260523,115339,000004491002,1,6.99,6.99,0.00,0.44,S,,,USD,GC
70026240,02210,06,2,20260523,115339,000000020201,1,5.49,5.49,0.00,0.00,S,,,USD,GC
70026241,02210,04,1,20260523,194737,000000005103,1,6.99,6.99,0.00,0.00,S,,,USD,DB
70026241,02210,04,2,20260523,194737,000004482003,1,5.49,5.49,0.00,0.34,S,,,USD,DB
70026241,02210,04,3,20260523,194737,000004491001,3,2.49,7.47,0.00,0.47,S,,,USD,DB
70026241,02210,04,4,20260523,194737,000000093502,1,3.99,3.99,0.00,0.00,S,,,USD,DB
70026242,02210,01,1,20260523,84159,000000094302,0.264,5.49,1.45,0.00,0.00,S,,,USD,GC
70026243,02210,01,1,20260523,160413,000000005102,2,5.49,10.98,0.00,0.00,S,,,USD,DB
70026243,02210,01,2,20260523,160413,000004493001,2,5.49,10.98,0.00,0.69,S,,,USD,DB
70026243,02210,01,3,20260523,160413,000000562001,1,10.99,10.99,2.75,0.52,S,,PC26W16,USD,DB
70026243,02210,01,4,20260523,160413,000000005012,1,3.99,3.99,0.00,0.00,S,,,USD,DB
70026243,02210,01,5,20260523,160413,000004491001,2,2.49,4.98,0.00,0.31,S,,,USD,DB
70026243,02210,01,6,20260523,160413,000004492002,1,1.49,1.49,0.00,0.09,S,,,USD,DB
70026244,02210,01,1,20260523,155512,000004492002,1,1.49,1.49,0.00,0.09,S,,,USD,CC
70026244,02210,01,2,20260523,155512,000000030101,3,6.99,20.97,0.00,0.00,S,,,USD,CC
70026245,02210,06,1,20260523,152858,000004473003,1,3.49,3.49,0.00,0.22,S,,,USD,CC
70026245,02210,06,2,20260523,152858,000000005202,1,5.99,5.99,0.00,0.00,S,,,USD,CC
70026246,02211,03,1,20260523,102046,000000040201,1,8.99,8.99,0.00,0.00,S,6025205664,,USD,DB
70026246,02211,03,2,20260523,102046,000004473001,2,2.99,5.98,0.00,0.37,S,6025205664,,USD,DB
70026246,02211,03,3,20260523,102046,000004482002,3,17.99,53.97,0.00,3.37,S,6025205664,,USD,DB
70026247,02211,02,1,20260523,163504,000000005013,2,3.89,7.78,1.95,0.00,S,,PC26W16,USD,DB
70026247,02211,02,2,20260523,163504,000004473001,3,2.99,8.97,0.00,0.56,S,,,USD,DB
70026247,02211,02,3,20260523,163504,000000005302,1,3.49,3.49,0.00,0.00,S,,,USD,DB
70026247,02211,02,4,20260523,163504,000004492003,1,2.29,2.29,0.00,0.14,S,,,USD,DB
70026247,02211,02,5,20260523,163504,000004493002,1,3.99,3.99,0.00,0.25,S,,,USD,DB
70026248,02211,02,1,20260523,123128,000000040201,3,8.99,26.97,0.00,0.00,S,,,USD,CC
70026248,02211,02,2,20260523,123128,000004472003,1,3.29,3.29,0.00,0.21,S,,,USD,CC
70026248,02211,02,3,20260523,123128,000004492003,1,2.29,2.29,0.00,0.14,S,,,USD,CC
70026248,02211,02,4,20260523,123128,000000005301,1,5.49,5.49,0.00,0.00,S,,,USD,CC
70026249,02211,02,1,20260523,154333,000004493001,2,5.49,10.98,0.00,0.69,S,6055333426,,USD,CS
70026249,02211,02,2,20260523,154333,000004491001,1,2.49,2.49,0.00,0.16,S,6055333426,,USD,CS
70026250,02211,04,1,20260523,203605,000000040102,2.004,16.99,34.05,0.00,0.00,S,,,USD,CC
70026250,02211,04,2,20260523,203605,000004472001,1,3.99,3.99,0.00,0.25,S,,,USD,CC
70026250,02211,04,3,20260523,203605,000004471040,1,2.49,2.49,0.00,0.16,S,,,USD,CC
70026251,02211,05,1,20260523,72453,000004493001,1,5.49,5.49,0.00,0.34,S,6030900159,,USD,CC
70026252,02211,06,1,20260523,165023,000004482001,1,13.99,13.99,0.00,0.87,S,,,USD,DB
70026252,02211,06,2,20260523,165023,000004493001,1,5.49,5.49,0.00,0.34,S,,,USD,DB
70026252,02211,06,3,20260523,165023,000000040102,0.548,16.99,9.31,0.00,0.00,S,,,USD,DB
70026253,02305,03,1,20260523,145634,000004491001,2,2.49,4.98,0.00,0.31,S,,,USD,CC
70026253,02305,03,2,20260523,145634,000000561002,3,7.49,22.47,5.62,1.05,S,,PC26W16,USD,CC
70026253,02305,03,3,20260523,145634,000000005020,2,4.49,8.98,0.00,0.00,S,,,USD,CC
70026254,02305,02,1,20260523,195411,000004473001,1,2.99,2.99,0.00,0.19,S,6059856420,,USD,CC
70026254,02305,02,2,20260523,195411,000004481003,1,4.99,4.99,0.00,0.31,S,6059856420,,USD,CC
70026254,02305,02,3,20260523,195411,000004492001,1,1.79,1.79,0.00,0.11,S,6059856420,,USD,CC
70026255,02305,03,1,20260523,204830,000004471023,2,3.49,6.98,0.00,0.44,S,6049998279,,USD,DB
70026255,02305,03,2,20260523,204830,000004472002,1,4.49,4.49,0.00,0.28,S,6049998279,,USD,DB
70026256,02305,06,1,20260523,152714,000000562001,1,10.99,10.99,2.75,0.52,S,,PC26W16,USD,GC
70026257,02305,03,1,20260523,103557,000000005012,3,3.99,11.97,0.00,0.00,S,,,USD,DB
70026258,02305,01,1,20260523,173127,000004473002,1,2.79,2.79,0.00,0.17,S,6034679121,,USD,CC
70026258,02305,01,2,20260523,173127,000000093503,1,4.29,4.29,0.00,0.00,S,6034679121,,USD,CC
70026258,02305,01,3,20260523,173127,000000020102,3,3.49,10.47,0.00,0.00,S,6034679121,,USD,CC
70026258,02305,01,4,20260523,173127,000000093501,1,4.49,4.49,0.00,0.00,S,6034679121,,USD,CC
70026259,02305,02,1,20260523,203959,000000005101,2,7.99,15.98,4.00,0.00,S,6004797480,PC26W16,USD,CS
70026259,02305,02,2,20260523,203959,000000094103,1,3.79,3.79,0.00,0.00,S,6004797480,,USD,CS
70026259,02305,02,3,20260523,203959,000004473002,1,2.79,2.79,0.00,0.17,S,6004797480,,USD,CS
70026259,02305,02,4,20260523,203959,000000040203,2,11.99,23.98,0.00,0.00,S,6004797480,,USD,CS
70026260,02305,05,1,20260523,122938,000000005012,1,3.99,3.99,0.00,0.00,S,,,USD,GC
70026261,02305,02,1,20260523,123800,000000005101,1,7.99,7.99,2.00,0.00,S,,PC26W16,USD,CS
70026261,02305,02,2,20260523,123800,000004471023,1,3.49,3.49,0.00,0.22,S,,,USD,CS
70026261,02305,02,3,20260523,123800,000000093321,2.016,1.49,3.00,0.75,0.00,S,,PC26W16,USD,CS
70026261,02305,02,4,20260523,123800,000004492002,1,1.49,1.49,0.00,0.09,S,,,USD,CS
70026262,02305,01,1,20260523,213210,000000005202,1,5.99,5.99,0.00,0.00,S,,,USD,CC
70026262,02305,01,2,20260523,213210,000000094301,1.383,4.39,6.07,0.00,0.00,S,,,USD,CC
70026262,02305,01,3,20260523,213210,000000020103,1,4.99,4.99,0.00,0.00,S,,,USD,CC
70026262,02305,01,4,20260523,213210,000000020101,1,2.49,2.49,0.00,0.00,S,,,USD,CC
70026262,02305,01,5,20260523,213210,000000562002,1,8.49,8.49,0.00,0.53,S,,,USD,CC
70026263,02305,06,1,20260523,180126,000000093322,2.122,1.99,4.22,0.00,0.00,S,,,USD,CS
70026263,02305,06,2,20260523,180126,000000020102,1,3.49,3.49,0.00,0.00,S,,,USD,CS
70026264,02305,03,1,20260523,211226,000004482001,1,13.99,13.99,0.00,0.87,S,,,USD,CS
70026264,02305,03,2,20260523,211226,000000005013,1,3.89,3.89,0.97,0.00,S,,PC26W16,USD,CS
70026265,02305,06,1,20260523,191715,000004492002,1,1.49,1.49,0.00,0.09,R,,,USD,DB
70026266,02305,06,1,20260523,113454,000000093321,2.130,1.49,3.17,0.79,0.00,S,,PC26W16,USD,CC
70026266,02305,06,2,20260523,113454,000000031101,0.771,24.99,19.27,0.00,0.00,S,,,USD,CC
70026267,02305,02,1,20260523,90501,000004492002,1,1.49,1.49,0.00,0.09,S,,,USD,CC
70026267,02305,02,2,20260523,90501,000000094302,1.058,5.49,5.81,0.00,0.00,S,,,USD,CC
70026268,03050,02,1,20260523,154354,000004493002,1,3.99,3.99,0.00,0.25,S,,,USD,DB
70026268,03050,02,2,20260523,154354,000004492003,1,2.29,2.29,0.00,0.14,S,,,USD,DB
70026268,03050,02,3,20260523,154354,000000093322,1.372,1.99,2.73,0.00,0.00,S,,,USD,DB
70026268,03050,02,4,20260523,154354,000004481003,1,4.99,4.99,0.00,0.31,S,,,USD,DB
70026268,03050,02,5,20260523,154354,000000030202,1,11.49,11.49,0.00,0.00,S,,,USD,DB
70026269,03050,03,1,20260523,93632,000000093401,1.638,5.49,8.99,0.00,0.00,S,,,USD,CC
70026270,03050,05,1,20260523,81507,000000093321,0.515,1.49,0.77,0.19,0.00,S,,PC26W16,USD,DB
70026270,03050,05,2,20260523,81507,000004482002,2,17.99,35.98,0.00,2.25,S,,,USD,DB
70026270,03050,05,3,20260523,81507,000004481001,1,7.99,7.99,0.00,0.50,S,,,USD,DB
70026271,03050,03,1,20260523,162503,000000020102,1,3.49,3.49,0.00,0.00,S,,,USD,DB
70026271,03050,03,2,20260523,162503,000000020202,1,5.99,5.99,0.00,0.00,S,,,USD,DB
70026271,03050,03,3,20260523,162503,000000030203,1,8.49,8.49,0.00,0.00,S,,,USD,DB
70026272,03050,04,1,20260523,184315,000004492003,1,2.29,2.29,0.00,0.14,S,,,USD,CC
70026272,03050,04,2,20260523,184315,000000005101,1,7.99,7.99,2.00,0.00,S,,PC26W16,USD,CC
70026272,03050,04,3,20260523,184315,000000094302,1.095,5.49,6.01,0.00,0.00,S,,,USD,CC
70026272,03050,04,4,20260523,184315,000000005101,1,7.99,7.99,2.00,0.00,S,,PC26W16,USD,CC
70026273,03050,01,1,20260523,85919,000004492001,1,1.79,1.79,0.00,0.11,S,6092842222,,USD,CS
70026273,03050,01,2,20260523,85919,000000040203,1,11.99,11.99,0.00,0.00,S,6092842222,,USD,CS
70026273,03050,01,3,20260523,85919,000000005101,1,7.99,7.99,2.00,0.00,S,6092842222,PC26W16,USD,CS
70026273,03050,01,4,20260523,85919,000000005202,2,5.99,11.98,0.00,0.00,S,6092842222,,USD,CS
70026274,03050,01,1,20260523,174251,000004492003,1,2.29,2.29,0.00,0.14,S,,,USD,DB
70026274,03050,01,2,20260523,174251,000004471030,1,3.99,3.99,0.00,0.25,S,,,USD,DB
70026274,03050,01,3,20260523,174251,000000005102,1,5.49,5.49,0.00,0.00,S,,,USD,DB
70026274,03050,01,4,20260523,174251,000000040203,2,11.99,23.98,0.00,0.00,S,,,USD,DB
70026274,03050,01,5,20260523,174251,000000093322,0.399,1.99,0.79,0.00,0.00,S,,,USD,DB
70026275,03050,01,1,20260523,102818,000004483002,1,3.49,3.49,0.00,0.22,S,,,USD,CC
70026275,03050,01,2,20260523,102818,000000005103,1,6.99,6.99,0.00,0.00,S,,,USD,CC
70026276,00317,02,1,20260523,103351,000000005013,1,5.29,5.29,1.32,0.00,S,6046657437,PC26W16,CAD,DB
70026276,00317,02,2,20260523,103351,000000005013,2,5.29,10.58,2.65,0.00,S,6046657437,PC26W16,CAD,DB
70026277,00317,01,1,20260523,124752,000004483001,1,6.79,6.79,0.00,0.42,S,6082339845,,CAD,GC
70026277,00317,01,2,20260523,124752,000004472003,1,4.49,4.49,0.00,0.28,S,6082339845,,CAD,GC
70026277,00317,01,3,20260523,124752,000000093503,1,5.79,5.79,0.00,0.00,S,6082339845,,CAD,GC
70026277,00317,01,4,20260523,124752,000000005020,1,6.09,6.09,0.00,0.00,S,6082339845,,CAD,GC
70026278,00317,05,1,20260523,134858,000000040203,1,16.29,16.29,0.00,0.00,S,6027570596,,CAD,CS
70026278,00317,05,2,20260523,134858,000000562002,1,11.49,11.49,0.00,0.72,S,6027570596,,CAD,CS
70026279,00317,01,1,20260523,195532,000000093502,1,5.39,5.39,0.00,0.00,S,6076457938,,CAD,DB
70026279,00317,01,2,20260523,195532,000004471030,1,5.39,5.39,0.00,0.34,S,6076457938,,CAD,DB
70026280,00317,03,1,20260523,100319,000000005102,1,7.49,7.49,0.00,0.00,S,6012382965,,CAD,CS
70026280,00317,03,2,20260523,100319,000000093503,1,5.79,5.79,0.00,0.00,S,6012382965,,CAD,CS
70026281,00317,04,1,20260523,84820,000000031102,1.140,27.19,31.00,0.00,0.00,S,6098316873,,CAD,GC
70026281,00317,04,2,20260523,84820,000004472001,3,5.39,16.17,0.00,1.01,S,6098316873,,CAD,GC
70026281,00317,04,3,20260523,84820,000004492003,1,3.09,3.09,0.00,0.19,S,6098316873,,CAD,GC
70026282,00317,06,1,20260523,74340,000000093503,1,5.79,5.79,0.00,0.00,S,6069284511,,CAD,CS
70026282,00317,06,2,20260523,74340,000000093321,1.273,1.99,2.53,0.63,0.00,S,6069284511,PC26W16,CAD,CS
70026283,00317,05,1,20260523,102240,000000020201,1,7.49,7.49,0.00,0.00,S,6041329715,,CAD,CC
70026283,00317,05,2,20260523,102240,000000562001,1,14.89,14.89,3.72,0.70,S,6041329715,PC26W16,CAD,CC
70026284,00317,01,1,20260523,93504,000000030102,1,20.39,20.39,0.00,0.00,S,,,CAD,CS
70026284,00317,01,2,20260523,93504,000004482001,1,18.99,18.99,0.00,1.19,S,,,CAD,CS
70026284,00317,01,3,20260523,93504,000000005101,1,10.89,10.89,2.72,0.00,S,,PC26W16,CAD,CS
70026284,00317,01,4,20260523,93504,000000020103,1,6.79,6.79,0.00,0.00,S,,,CAD,CS
70026284,00317,01,5,20260523,93504,000000030102,1,20.39,20.39,0.00,0.00,S,,,CAD,CS
70026284,00317,01,6,20260523,93504,000000093322,1.917,2.69,5.16,0.00,0.00,S,,,CAD,CS
70026285,00317,02,1,20260523,104037,000000030103,2,12.19,24.38,0.00,0.00,S,6057383959,,CAD,GC
70026285,00317,02,2,20260523,104037,000000005013,1,5.29,5.29,1.32,0.00,S,6057383959,PC26W16,CAD,GC
70026285,00317,02,3,20260523,104037,000000005103,1,9.49,9.49,0.00,0.00,S,6057383959,,CAD,GC
70026285,00317,02,4,20260523,104037,000000020101,1,3.39,3.39,0.00,0.00,S,6057383959,,CAD,GC
70026285,00317,02,5,20260523,104037,000000005101,1,10.89,10.89,2.72,0.00,S,6057383959,PC26W16,CAD,GC
70026285,00317,02,6,20260523,104037,000000005101,1,10.89,10.89,2.72,0.00,S,6057383959,PC26W16,CAD,GC
70026286,00317,04,1,20260523,201424,000000561001,1,13.59,13.59,0.00,0.85,S,,,CAD,GC
70026287,00317,03,1,20260523,104534,000000094101,1,5.39,5.39,0.00,0.00,S,,,CAD,CC
70026287,00317,03,2,20260523,104534,000000005020,1,6.09,6.09,0.00,0.00,S,,,CAD,CC
70026287,00317,03,3,20260523,104534,000004471040,1,3.39,3.39,0.00,0.21,S,,,CAD,CC
70026287,00317,03,4,20260523,104534,000000093401,2.078,7.49,15.56,0.00,0.00,S,,,CAD,CC
70026287,00317,03,5,20260523,104534,000000040101,2.071,25.79,53.41,0.00,0.00,S,,,CAD,CC
70026287,00317,03,6,20260523,104534,000004472001,1,5.39,5.39,0.00,0.34,S,,,CAD,CC
70026288,00317,04,1,20260523,101247,000000030202,1,15.59,15.59,0.00,0.00,S,,,CAD,DB
70026289,00317,03,1,20260523,103309,000004482001,1,18.99,18.99,0.00,1.19,S,,,CAD,CC
70026289,00317,03,2,20260523,103309,000004482002,1,24.49,24.49,0.00,1.53,S,,,CAD,CC
70026289,00317,03,3,20260523,103309,000000020102,1,4.69,4.69,0.00,0.00,S,,,CAD,CC
70026289,00317,03,4,20260523,103309,000000094201,1.443,2.29,3.30,0.00,0.00,S,,,CAD,CC
70026289,00317,03,5,20260523,103309,000000020102,1,4.69,4.69,0.00,0.00,V,,,CAD,CC
70026290,00322,03,1,20260523,175207,000004472002,3,6.09,18.27,0.00,1.14,S,,,CAD,DB
70026290,00322,03,2,20260523,175207,000000005101,1,10.89,10.89,2.72,0.00,S,,PC26W16,CAD,DB
70026291,00322,01,1,20260523,123637,000000561002,1,10.19,10.19,2.55,0.48,S,,PC26W16,CAD,DB
70026292,00322,06,1,20260523,144116,000000005102,1,7.49,7.49,0.00,0.00,S,,,CAD,DB
70026292,00322,06,2,20260523,144116,000000040203,1,16.29,16.29,0.00,0.00,S,,,CAD,DB
70026292,00322,06,3,20260523,144116,000004493002,1,5.39,5.39,0.00,0.34,S,,,CAD,DB
70026292,00322,06,4,20260523,144116,000000040201,2,12.19,24.38,0.00,0.00,S,,,CAD,DB
70026292,00322,06,5,20260523,144116,000000040202,2,20.39,40.78,0.00,0.00,S,,,CAD,DB
70026292,00322,06,6,20260523,144116,000000040202,1,20.39,20.39,0.00,0.00,S,,,CAD,DB
70026293,01042,05,1,20260524,152733,000000551021,1,11.99,11.99,3.00,0.56,S,6097111212,PC26W17,USD,CC
70026294,01042,06,1,20260524,134829,000000093503,2,4.29,8.58,0.00,0.00,S,6009456534,,USD,CC
70026294,01042,06,2,20260524,134829,000000030201,1,9.99,9.99,0.00,0.00,S,6009456534,,USD,CC
70026294,01042,06,3,20260524,134829,000000005302,1,3.49,3.49,0.87,0.00,S,6009456534,PC26W17,USD,CC
70026294,01042,06,4,20260524,134829,000000030201,1,9.99,9.99,0.00,0.00,S,6009456534,,USD,CC
70026295,01042,06,1,20260524,190419,000004471023,1,3.49,3.49,0.00,0.22,S,6092361618,,USD,CC
70026295,01042,06,2,20260524,190419,000000093325,2.076,3.99,8.28,0.00,0.00,S,6092361618,,USD,CC
70026295,01042,06,3,20260524,190419,000000094203,0.903,1.49,1.35,0.00,0.00,S,6092361618,,USD,CC
70026295,01042,06,4,20260524,190419,000004482003,1,5.49,5.49,1.37,0.26,S,6092361618,PC26W17,USD,CC
70026295,01042,06,5,20260524,190419,000000030103,1,8.99,8.99,0.00,0.00,S,6092361618,,USD,CC
70026296,01042,01,1,20260524,75001,000000040202,2,14.99,29.98,0.00,0.00,S,,,USD,CC
70026296,01042,01,2,20260524,75001,000000020201,1,5.49,5.49,0.00,0.00,S,,,USD,CC
70026297,01042,02,1,20260524,72440,000004473001,1,2.99,2.99,0.00,0.19,S,6039652239,,USD,DB
70026297,01042,02,2,20260524,72440,000000030203,1,8.49,8.49,0.00,0.00,S,6039652239,,USD,DB
70026297,01042,02,3,20260524,72440,000004472003,1,3.29,3.29,0.00,0.21,S,6039652239,,USD,DB
70026298,01042,05,1,20260524,132047,000000094301,0.466,4.39,2.05,0.00,0.00,S,,,USD,CC
70026298,01042,05,2,20260524,132047,000000040102,0.968,16.99,16.45,0.00,0.00,S,,,USD,CC
70026298,01042,05,3,20260524,132047,000004493001,1,5.49,5.49,0.00,0.34,S,,,USD,CC
70026299,01042,06,1,20260524,130516,000000040102,0.736,16.99,12.50,0.00,0.00,S,6027881658,,USD,CS
70026300,01042,05,1,20260524,112943,000004491002,1,6.99,6.99,0.00,0.44,S,6068293844,,USD,GC
70026300,01042,05,2,20260524,112943,000004491001,1,2.49,2.49,0.00,0.16,S,6068293844,,USD,GC
70026300,01042,05,3,20260524,112943,000000093402,0.958,3.29,3.15,0.00,0.00,S,6068293844,,USD,GC
70026301,01042,04,1,20260524,133318,000000030202,1,11.49,11.49,0.00,0.00,S,,,USD,CS
70026301,01042,04,2,20260524,133318,000000005013,1,3.89,3.89,0.00,0.00,S,,,USD,CS
70026302,01042,01,1,20260524,144244,000000093321,0.355,1.49,0.53,0.00,0.00,S,,,USD,DB
70026302,01042,01,2,20260524,144244,000000030102,2,14.99,29.98,0.00,0.00,S,,,USD,DB
70026302,01042,01,3,20260524,144244,000000040201,1,8.99,8.99,0.00,0.00,S,,,USD,DB
70026303,01107,03,1,20260524,74038,000000551020,1,13.99,13.99,3.50,0.66,S,,PC26W17,USD,CS
70026304,01107,05,1,20260524,175534,000000094301,0.293,4.39,1.29,0.00,0.00,S,6031498643,,USD,CS
70026304,01107,05,2,20260524,175534,000004482003,2,5.49,10.98,2.75,0.51,S,6031498643,PC26W17,USD,CS
70026304,01107,05,3,20260524,175534,000000005012,1,3.99,3.99,0.00,0.00,S,6031498643,,USD,CS
70026304,01107,05,4,20260524,175534,000000094301,0.518,4.39,2.27,0.00,0.00,S,6031498643,,USD,CS
70026305,01107,04,1,20260524,93504,000000040201,1,8.99,8.99,0.00,0.00,S,,,USD,DB
70026306,01107,04,1,20260524,151555,000004492003,1,2.29,2.29,0.00,0.14,R,6095888794,,USD,CC
70026307,01107,01,1,20260524,215652,000000094203,0.458,1.49,0.68,0.00,0.00,S,,,USD,DB
70026308,01107,05,1,20260524,161500,000000005012,1,3.99,3.99,0.00,0.00,S,,,USD,DB
70026308,01107,05,2,20260524,161500,000004493002,1,3.99,3.99,0.00,0.25,S,,,USD,DB
70026309,01107,02,1,20260524,90237,000000040203,2,11.99,23.98,0.00,0.00,S,,,USD,DB
70026309,01107,02,2,20260524,90237,000000020101,2,2.49,4.98,0.00,0.00,S,,,USD,DB
70026310,02210,02,1,20260524,82521,000004472001,1,3.99,3.99,1.00,0.19,S,6025913651,PC26W17,USD,CC
70026310,02210,02,2,20260524,82521,000000094301,2.151,4.39,9.44,0.00,0.00,S,6025913651,,USD,CC
70026311,02210,06,1,20260524,71808,000000005103,1,6.99,6.99,0.00,0.00,S,,,USD,DB
70026312,02210,05,1,20260524,195929,000004482003,1,5.49,5.49,1.37,0.26,S,,PC26W17,USD,GC
70026313,02211,03,1,20260524,115637,000004491002,2,6.99,13.98,0.00,0.87,S,6055333426,,USD,CC
70026313,02211,03,2,20260524,115637,000000040101,1.399,18.99,26.57,0.00,0.00,S,6055333426,,USD,CC
70026313,02211,03,3,20260524,115637,000004471023,1,3.49,3.49,0.00,0.22,S,6055333426,,USD,CC
70026314,02211,01,1,20260524,142236,000000020101,1,2.49,2.49,0.00,0.00,S,,,USD,DB
70026314,02211,01,2,20260524,142236,000004473002,1,2.79,2.79,0.00,0.17,S,,,USD,DB
70026314,02211,01,3,20260524,142236,000000093322,0.967,1.99,1.92,0.00,0.00,S,,,USD,DB
70026315,02211,05,1,20260524,170141,000004482003,1,5.49,5.49,1.37,0.26,S,,PC26W17,USD,DB
70026315,02211,05,2,20260524,170141,000000040101,1.256,18.99,23.85,0.00,0.00,S,,,USD,DB
70026315,02211,05,3,20260524,170141,000004472001,1,3.99,3.99,1.00,0.19,S,,PC26W17,USD,DB
70026315,02211,05,4,20260524,170141,000000040202,1,14.99,14.99,0.00,0.00,S,,,USD,DB
70026315,02211,05,5,20260524,170141,000004472002,1,4.49,4.49,0.00,0.28,S,,,USD,DB
70026316,02211,04,1,20260524,202524,000004472002,1,4.49,4.49,0.00,0.28,S,6030900159,,USD,CS
70026316,02211,04,2,20260524,202524,000004483002,1,3.49,3.49,0.00,0.22,S,6030900159,,USD,CS
70026316,02211,04,3,20260524,202524,000004492001,1,1.79,1.79,0.00,0.11,S,6030900159,,USD,CS
70026316,02211,04,4,20260524,202524,000004473002,1,2.79,2.79,0.00,0.17,S,6030900159,,USD,CS
70026317,02211,04,1,20260524,151735,000004491003,1,1.99,1.99,0.00,0.12,S,,,USD,CC
70026317,02211,04,2,20260524,151735,000000020103,1,4.99,4.99,0.00,0.00,S,,,USD,CC
70026318,02211,04,1,20260524,182205,000000020102,1,3.49,3.49,0.00,0.00,S,,,USD,DB
70026318,02211,04,2,20260524,182205,000004482003,1,5.49,5.49,1.37,0.26,S,,PC26W17,USD,DB
70026319,02305,05,1,20260524,163020,000000005202,3,5.99,17.97,4.49,0.00,S,6083206799,PC26W17,USD,DB
70026319,02305,05,2,20260524,163020,000000005202,1,5.99,5.99,1.50,0.00,S,6083206799,PC26W17,USD,DB
70026319,02305,05,3,20260524,163020,000000094302,1.917,5.49,10.52,0.00,0.00,S,6083206799,,USD,DB
70026320,02305,05,1,20260524,91644,000004491002,1,6.99,6.99,0.00,0.44,S,6078291146,,USD,GC
70026320,02305,05,2,20260524,91644,000000094202,1.152,1.99,2.29,0.00,0.00,S,6078291146,,USD,GC
70026320,02305,05,3,20260524,91644,000000005202,2,5.99,11.98,3.00,0.00,S,6078291146,PC26W17,USD,GC
70026320,02305,05,4,20260524,91644,000000005302,1,3.49,3.49,0.87,0.00,S,6078291146,PC26W17,USD,GC
70026320,02305,05,5,20260524,91644,000004481003,1,4.99,4.99,0.00,0.31,S,6078291146,,USD,GC
70026320,02305,05,6,20260524,91644,000004482003,1,5.49,5.49,1.37,0.26,S,6078291146,PC26W17,USD,GC
70026321,02305,06,1,20260524,203656,000000551021,1,11.99,11.99,3.00,0.56,S,,PC26W17,USD,GC
70026321,02305,06,2,20260524,203656,000000094102,3,3.49,10.47,0.00,0.00,S,,,USD,GC
70026322,02305,05,1,20260524,94638,000004492003,2,2.29,4.58,0.00,0.29,S,,,USD,DB
70026322,02305,05,2,20260524,94638,000000030201,1,9.99,9.99,0.00,0.00,S,,,USD,DB
70026322,02305,05,3,20260524,94638,000000020102,1,3.49,3.49,0.00,0.00,S,,,USD,DB
70026322,02305,05,4,20260524,94638,000004491003,1,1.99,1.99,0.00,0.12,S,,,USD,DB
70026323,02305,05,1,20260524,83414,000004471023,2,3.49,6.98,0.00,0.44,S,,,USD,GC
70026323,02305,05,2,20260524,83414,000004482002,1,17.99,17.99,0.00,1.12,S,,,USD,GC
70026323,02305,05,3,20260524,83414,000004481003,1,4.99,4.99,0.00,0.31,S,,,USD,GC
70026323,02305,05,4,20260524,83414,000004472001,1,3.99,3.99,1.00,0.19,S,,PC26W17,USD,GC
70026323,02305,05,5,20260524,83414,000000094301,0.414,4.39,1.82,0.00,0.00,S,,,USD,GC
70026323,02305,05,6,20260524,83414,000004483002,1,3.49,3.49,0.00,0.22,S,,,USD,GC
70026324,02305,01,1,20260524,134206,000000551020,2,13.99,27.98,7.00,1.31,S,6055616814,PC26W17,USD,DB
70026324,02305,01,2,20260524,134206,000000020102,1,3.49,3.49,0.00,0.00,S,6055616814,,USD,DB
70026324,02305,01,3,20260524,134206,000004472001,1,3.99,3.99,1.00,0.19,S,6055616814,PC26W17,USD,DB
70026324,02305,01,4,20260524,134206,000004473003,2,3.49,6.98,0.00,0.44,S,6055616814,,USD,DB
70026324,02305,01,5,20260524,134206,000000005202,1,5.99,5.99,1.50,0.00,S,6055616814,PC26W17,USD,DB
70026325,02305,05,1,20260524,111204,000004481003,1,4.99,4.99,0.00,0.31,S,,,USD,DB
70026326,02305,05,1,20260524,162505,000000094301,2.112,4.39,9.27,0.00,0.00,S,,,USD,CC
70026326,02305,05,2,20260524,162505,000004482001,1,13.99,13.99,0.00,0.87,S,,,USD,CC
70026326,02305,05,3,20260524,162505,000004473003,2,3.49,6.98,0.00,0.44,S,,,USD,CC
70026326,02305,05,4,20260524,162505,000004473003,1,3.49,3.49,0.00,0.22,S,,,USD,CC
70026326,02305,05,5,20260524,162505,000004482003,3,5.49,16.47,4.12,0.77,S,,PC26W17,USD,CC
70026327,02305,05,1,20260524,102218,000000562001,1,10.99,10.99,0.00,0.69,S,,,USD,GC
70026327,02305,05,2,20260524,102218,000000005202,1,5.99,5.99,1.50,0.00,S,,PC26W17,USD,GC
70026327,02305,05,3,20260524,102218,000000020103,2,4.99,9.98,0.00,0.00,S,,,USD,GC
70026328,02305,06,1,20260524,100654,000000020201,3,5.49,16.47,0.00,0.00,S,,,USD,DB
70026328,02305,06,2,20260524,100654,000000020202,1,5.99,5.99,0.00,0.00,S,,,USD,DB
70026328,02305,06,3,20260524,100654,000000094201,0.744,1.69,1.26,0.00,0.00,S,,,USD,DB
70026328,02305,06,4,20260524,100654,000004471040,1,2.49,2.49,0.00,0.16,S,,,USD,DB
70026328,02305,06,5,20260524,100654,000000020101,1,2.49,2.49,0.00,0.00,S,,,USD,DB
70026329,02305,02,1,20260524,93543,000000094103,1,3.79,3.79,0.00,0.00,S,,,USD,GC
70026330,02305,06,1,20260524,215237,000004483001,1,4.99,4.99,0.00,0.31,S,,,USD,CS
70026330,02305,06,2,20260524,215237,000000094302,1.400,5.49,7.69,0.00,0.00,S,,,USD,CS
70026331,02305,02,1,20260524,165229,000000005012,1,3.99,3.99,0.00,0.00,S,6071136337,,USD,DB
70026331,02305,02,2,20260524,165229,000004482001,1,13.99,13.99,0.00,0.87,S,6071136337,,USD,DB
70026331,02305,02,3,20260524,165229,000000030202,1,11.49,11.49,0.00,0.00,S,6071136337,,USD,DB
70026331,02305,02,4,20260524,165229,000000093402,0.731,3.29,2.40,0.00,0.00,S,6071136337,,USD,DB
70026332,02305,04,1,20260524,173630,000004482001,2,13.99,27.98,0.00,1.75,S,,,USD,CS
70026333,02305,02,1,20260524,173429,000000020101,1,2.49,2.49,0.00,0.00,S,,,USD,GC
70026334,02305,01,1,20260524,151634,000000030102,2,14.99,29.98,0.00,0.00,S,6065421406,,USD,DB
70026334,02305,01,2,20260524,151634,000000020103,1,4.99,4.99,0.00,0.00,S,6065421406,,USD,DB
70026334,02305,01,3,20260524,151634,000000094301,0.512,4.39,2.25,0.00,0.00,S,6065421406,,USD,DB
70026334,02305,01,4,20260524,151634,000000094203,1.145,1.49,1.71,0.00,0.00,S,6065421406,,USD,DB
70026334,02305,01,5,20260524,151634,000000005013,1,3.89,3.89,0.00,0.00,S,6065421406,,USD,DB
70026335,02305,02,1,20260524,215444,000000551020,1,13.99,13.99,3.50,0.66,S,,PC26W17,USD,DB
70026335,02305,02,2,20260524,215444,000004481001,1,7.99,7.99,0.00,0.50,S,,,USD,DB
70026335,02305,02,3,20260524,215444,000004482002,1,17.99,17.99,0.00,1.12,S,,,USD,DB
70026336,02305,04,1,20260524,130249,000000552002,1,3.99,3.99,0.00,0.25,S,,,USD,CS
70026336,02305,04,2,20260524,130249,000004483002,1,3.49,3.49,0.00,0.22,S,,,USD,CS
70026336,02305,04,3,20260524,130249,000004491002,1,6.99,6.99,0.00,0.44,S,,,USD,CS
70026337,02305,03,1,20260524,154507,000000552002,1,3.99,3.99,0.00,0.25,S,,,USD,CS
70026338,03050,03,1,20260524,114856,000004492002,1,1.49,1.49,0.00,0.09,S,,,USD,CS
70026339,03050,03,1,20260524,181541,000000093325,0.790,3.99,3.15,0.00,0.00,S,,,USD,GC
70026339,03050,03,2,20260524,181541,000004492001,1,1.79,1.79,0.00,0.11,S,,,USD,GC
70026339,03050,03,3,20260524,181541,000000094301,1.607,4.39,7.05,0.00,0.00,S,,,USD,GC
70026340,03050,02,1,20260524,84549,000000030101,1,6.99,6.99,0.00,0.00,S,6060723111,,USD,CS
70026341,03050,01,1,20260524,72058,000004471030,1,3.99,3.99,0.00,0.25,S,6080442067,,USD,DB
70026342,03050,03,1,20260524,185546,000000005102,1,5.49,5.49,0.00,0.00,S,,,USD,CC
70026342,03050,03,2,20260524,185546,000000020102,1,3.49,3.49,0.00,0.00,S,,,USD,CC
70026343,03050,03,1,20260524,73504,000000040201,1,8.99,8.99,0.00,0.00,S,6058891444,,USD,CS
70026343,03050,03,2,20260524,73504,000000005302,1,3.49,3.49,0.87,0.00,S,6058891444,PC26W17,USD,CS
70026343,03050,03,3,20260524,73504,000000094302,1.000,5.49,5.49,0.00,0.00,S,6058891444,,USD,CS
70026343,03050,03,4,20260524,73504,000000031101,0.295,24.99,7.37,0.00,0.00,S,6058891444,,USD,CS
70026343,03050,03,5,20260524,73504,000004471030,2,3.99,7.98,0.00,0.50,S,6058891444,,USD,CS
70026343,03050,03,6,20260524,73504,000004482003,2,5.49,10.98,2.75,0.51,S,6058891444,PC26W17,USD,CS
70026344,03050,01,1,20260524,195107,000000094102,2,3.49,6.98,0.00,0.00,S,6099648997,,USD,CC
70026344,03050,01,2,20260524,195107,000004492001,2,1.79,3.58,0.00,0.22,S,6099648997,,USD,CC
70026345,00317,04,1,20260524,141252,000004493001,1,7.49,7.49,0.00,0.47,S,,,CAD,GC
70026345,00317,04,2,20260524,141252,000004491001,1,3.39,3.39,0.00,0.21,S,,,CAD,GC
70026345,00317,04,3,20260524,141252,000000031101,1.846,33.99,62.75,0.00,0.00,S,,,CAD,GC
70026346,00317,04,1,20260524,112902,000000093402,2.114,4.49,9.49,0.00,0.00,S,,,CAD,CC
70026347,00317,03,1,20260524,151042,000000005201,1,5.39,5.39,0.00,0.00,S,,,CAD,CC
70026347,00317,03,2,20260524,151042,000000093410,0.527,5.39,2.84,0.00,0.00,S,,,CAD,CC
70026347,00317,03,3,20260524,151042,000004492003,1,3.09,3.09,0.00,0.19,S,,,CAD,CC
70026347,00317,03,4,20260524,151042,000004481003,1,6.79,6.79,0.00,0.42,S,,,CAD,CC
70026348,00317,01,1,20260524,114215,000000005020,1,6.09,6.09,0.00,0.00,S,6054610339,,CAD,DB
70026348,00317,01,2,20260524,114215,000004472001,1,5.39,5.39,1.35,0.25,S,6054610339,PC26W17,CAD,DB
70026349,00317,06,1,20260524,215917,000000040202,2,20.39,40.78,0.00,0.00,S,,,CAD,GC
70026349,00317,06,2,20260524,215917,000000005202,1,8.09,8.09,2.02,0.00,S,,PC26W17,CAD,GC
70026349,00317,06,3,20260524,215917,000004472001,1,5.39,5.39,1.35,0.25,S,,PC26W17,CAD,GC
70026349,00317,06,4,20260524,215917,000000094102,1,4.69,4.69,0.00,0.00,S,,,CAD,GC
70026349,00317,06,5,20260524,215917,000004482003,2,7.49,14.98,3.75,0.70,S,,PC26W17,CAD,GC
70026349,00317,06,6,20260524,215917,000000040101,2.050,25.79,52.87,0.00,0.00,S,,,CAD,GC
70026350,00317,05,1,20260524,94555,000000030102,1,20.39,20.39,0.00,0.00,S,,,CAD,DB
70026350,00317,05,2,20260524,94555,000000020103,1,6.79,6.79,0.00,0.00,S,,,CAD,DB
70026350,00317,05,3,20260524,94555,000000561002,1,10.19,10.19,0.00,0.64,S,,,CAD,DB
70026350,00317,05,4,20260524,94555,000000562002,2,11.49,22.98,0.00,1.44,S,,,CAD,DB
70026350,00317,05,5,20260524,94555,000004481003,1,6.79,6.79,0.00,0.42,S,,,CAD,DB
70026350,00317,05,6,20260524,94555,000000093402,1.143,4.49,5.13,0.00,0.00,S,,,CAD,DB
70026351,00317,05,1,20260524,204722,000004482002,1,24.49,24.49,0.00,1.53,S,,,CAD,CS
70026352,00317,02,1,20260524,121144,000000005202,1,8.09,8.09,2.02,0.00,S,6048463122,PC26W17,CAD,CC
70026352,00317,02,2,20260524,121144,000004491002,1,9.49,9.49,0.00,0.59,S,6048463122,,CAD,CC
70026352,00317,02,3,20260524,121144,000004482003,2,7.49,14.98,3.75,0.70,S,6048463122,PC26W17,CAD,CC
70026352,00317,02,4,20260524,121144,000000552001,1,6.09,6.09,0.00,0.38,S,6048463122,,CAD,CC
70026353,00317,05,1,20260524,141812,000004492002,1,1.99,1.99,0.00,0.12,S,,,CAD,DB
70026353,00317,05,2,20260524,141812,000000005301,2,7.49,14.98,0.00,0.00,S,,,CAD,DB
70026353,00317,05,3,20260524,141812,000004473003,1,4.69,4.69,0.00,0.29,S,,,CAD,DB
70026354,00317,01,1,20260524,165407,000000040201,1,12.19,12.19,0.00,0.00,S,6022068155,,CAD,CS
70026354,00317,01,2,20260524,165407,000000094201,1.102,2.29,2.52,0.00,0.00,S,6022068155,,CAD,CS
70026354,00317,01,3,20260524,165407,000000005013,2,5.29,10.58,0.00,0.00,S,6022068155,,CAD,CS
70026354,00317,01,4,20260524,165407,000000093502,1,5.39,5.39,0.00,0.00,S,6022068155,,CAD,CS
70026354,00317,01,5,20260524,165407,000004472002,1,6.09,6.09,0.00,0.38,S,6022068155,,CAD,CS
70026354,00317,01,6,20260524,165407,000000040202,1,20.39,20.39,0.00,0.00,S,6022068155,,CAD,CS
70026355,00317,01,1,20260524,175323,000000020101,1,3.39,3.39,0.00,0.00,S,,,CAD,DB
70026355,00317,01,2,20260524,175323,000004481001,1,10.89,10.89,0.00,0.68,S,,,CAD,DB
70026356,00322,05,1,20260524,75112,000000093325,0.602,5.39,3.24,0.00,0.00,S,,,CAD,DB
70026356,00322,05,2,20260524,75112,000004492002,1,1.99,1.99,0.00,0.12,S,,,CAD,DB
70026357,00322,01,1,20260524,95500,000004481003,1,6.79,6.79,0.00,0.42,S,,,CAD,DB
70026357,00322,01,2,20260524,95500,000004472001,2,5.39,10.78,2.69,0.51,S,,PC26W17,CAD,DB
70026358,00322,01,1,20260524,123010,000004492003,1,3.09,3.09,0.00,0.19,S,6090874064,,CAD,CC
70026358,00322,01,2,20260524,123010,000000005301,1,7.49,7.49,0.00,0.00,S,6090874064,,CAD,CC
70026359,00322,01,1,20260524,180742,000004483002,1,4.69,4.69,0.00,0.29,S,,,CAD,DB
70026359,00322,01,2,20260524,180742,000004473002,1,3.79,3.79,0.00,0.24,S,,,CAD,DB
70026359,00322,01,3,20260524,180742,000004492050,1,2.99,2.99,0.00,0.19,S,,,CAD,DB
70026359,00322,01,4,20260524,180742,000004493002,1,5.39,5.39,0.00,0.34,S,,,CAD,DB
70026359,00322,01,5,20260524,180742,000000005012,1,5.39,5.39,0.00,0.00,S,,,CAD,DB
70026359,00322,01,6,20260524,180742,000000005202,1,8.09,8.09,2.02,0.00,S,,PC26W17,CAD,DB
70026360,00322,04,1,20260524,173841,000000040203,1,16.29,16.29,0.00,0.00,S,,,CAD,DB
70026360,00322,04,2,20260524,173841,000004493001,3,7.49,22.47,0.00,1.40,S,,,CAD,DB
70026360,00322,04,3,20260524,173841,000004491002,1,9.49,9.49,0.00,0.59,S,,,CAD,DB
70026361,01042,02,1,20260525,201142,000000030201,1,9.99,9.99,0.00,0.00,S,6052280156,,USD,DB
70026361,01042,02,2,20260525,201142,000000093503,1,4.29,4.29,0.00,0.00,S,6052280156,,USD,DB
70026361,01042,02,3,20260525,201142,000000030203,1,8.49,8.49,0.00,0.00,S,6052280156,,USD,DB
70026362,01042,01,1,20260525,152230,000000005302,1,3.49,3.49,0.87,0.00,S,6002730086,PC26W17,USD,CC
70026363,01042,06,1,20260525,190946,000000040202,1,14.99,14.99,0.00,0.00,S,,,USD,CC
70026363,01042,06,2,20260525,190946,000000094102,1,3.49,3.49,0.00,0.00,S,,,USD,CC
70026363,01042,06,3,20260525,190946,000000020201,1,5.49,5.49,0.00,0.00,S,,,USD,CC
70026363,01042,06,4,20260525,190946,000000005202,1,5.99,5.99,1.50,0.00,S,,PC26W17,USD,CC
70026363,01042,06,5,20260525,190946,000004493001,1,5.49,5.49,0.00,0.34,S,,,USD,CC
70026363,01042,06,6,20260525,190946,000004471040,1,2.49,2.49,0.00,0.16,S,,,USD,CC
70026364,01042,04,1,20260525,91216,000000020102,1,3.49,3.49,0.00,0.00,S,6053460605,,USD,CS
70026364,01042,04,2,20260525,91216,000000094201,1.966,1.69,3.32,0.00,0.00,S,6053460605,,USD,CS
70026364,01042,04,3,20260525,91216,000000005013,1,3.89,3.89,0.00,0.00,S,6053460605,,USD,CS
70026364,01042,04,4,20260525,91216,000004482001,1,13.99,13.99,0.00,0.87,S,6053460605,,USD,CS
70026364,01042,04,5,20260525,91216,000000020103,1,4.99,4.99,0.00,0.00,S,6053460605,,USD,CS
70026364,01042,04,6,20260525,91216,000004491001,1,2.49,2.49,0.00,0.16,S,6053460605,,USD,CS
70026365,01042,03,1,20260525,195041,000000040201,2,8.99,17.98,0.00,0.00,S,,,USD,CC
70026365,01042,03,2,20260525,195041,000000005102,2,5.49,10.98,0.00,0.00,S,,,USD,CC
70026365,01042,03,3,20260525,195041,000004483002,2,3.49,6.98,0.00,0.44,S,,,USD,CC
70026365,01042,03,4,20260525,195041,000000093321,1.234,1.49,1.84,0.00,0.00,S,,,USD,CC
70026365,01042,03,5,20260525,195041,000004491001,2,2.49,4.98,0.00,0.31,S,,,USD,CC
70026365,01042,03,6,20260525,195041,000000020201,1,5.49,5.49,0.00,0.00,S,,,USD,CC
70026366,01042,04,1,20260525,95504,000000030103,1,8.99,8.99,0.00,0.00,S,,,USD,GC
70026366,01042,04,2,20260525,95504,000004491001,1,2.49,2.49,0.00,0.16,S,,,USD,GC
70026367,01042,01,1,20260525,104825,000004472001,1,3.99,3.99,1.00,0.19,S,6049822749,PC26W17,USD,CC
70026367,01042,01,2,20260525,104825,000000005013,1,3.89,3.89,0.00,0.00,S,6049822749,,USD,CC
70026368,01042,04,1,20260525,163638,000000093325,0.970,3.99,3.87,0.00,0.00,R,6028137214,,USD,CS
70026369,01042,04,1,20260525,153448,000004491003,1,1.99,1.99,0.00,0.12,S,,,USD,CC
70026369,01042,04,2,20260525,153448,000000030103,1,8.99,8.99,0.00,0.00,S,,,USD,CC
70026369,01042,04,3,20260525,153448,000004473002,1,2.79,2.79,0.00,0.17,S,,,USD,CC
70026370,01042,01,1,20260525,105844,000000094302,1.975,5.49,10.84,0.00,0.00,S,,,USD,CS
70026370,01042,01,2,20260525,105844,000000005013,1,3.89,3.89,0.00,0.00,S,,,USD,CS
70026370,01042,01,3,20260525,105844,000000005201,1,3.99,3.99,0.00,0.00,S,,,USD,CS
70026371,01042,02,1,20260525,145020,000000094302,0.971,5.49,5.33,0.00,0.00,S,,,USD,DB
70026371,01042,02,2,20260525,145020,000004471030,1,3.99,3.99,0.00,0.25,S,,,USD,DB
70026371,01042,02,3,20260525,145020,000000561002,1,7.49,7.49,0.00,0.47,S,,,USD,DB
70026372,01042,04,1,20260525,193544,000004472002,1,4.49,4.49,0.00,0.28,S,,,USD,GC
70026372,01042,04,2,20260525,193544,000000093402,1.199,3.29,3.94,0.00,0.00,S,,,USD,GC
70026373,01042,02,1,20260525,75254,000004482003,1,5.49,5.49,1.37,0.26,S,6014607455,PC26W17,USD,DB
70026373,01042,02,2,20260525,75254,000000552001,1,4.49,4.49,0.00,0.28,S,6014607455,,USD,DB
70026374,01042,06,1,20260525,174609,000000020202,1,5.99,5.99,0.00,0.00,R,6094065578,,USD,CC
70026375,01042,06,1,20260525,172224,000004482003,1,5.49,5.49,1.37,0.26,S,,PC26W17,USD,GC
70026375,01042,06,2,20260525,172224,000004482003,1,5.49,5.49,1.37,0.26,S,,PC26W17,USD,GC
70026376,01107,02,1,20260525,193637,000004473002,1,2.79,2.79,0.00,0.17,S,,,USD,DB
70026376,01107,02,2,20260525,193637,000000005202,1,5.99,5.99,1.50,0.00,S,,PC26W17,USD,DB
70026377,01107,06,1,20260525,204007,000000562002,1,8.49,8.49,0.00,0.53,S,,,USD,CC
70026377,01107,06,2,20260525,204007,000000020102,1,3.49,3.49,0.00,0.00,S,,,USD,CC
70026377,01107,06,3,20260525,204007,000000005202,1,5.99,5.99,1.50,0.00,S,,PC26W17,USD,CC
70026377,01107,06,4,20260525,204007,000000562001,1,10.99,10.99,0.00,0.69,S,,,USD,CC
70026378,01107,05,1,20260525,90317,000004482003,2,5.49,10.98,2.75,0.51,S,6056253135,PC26W17,USD,GC
70026378,01107,05,2,20260525,90317,000004492001,1,1.79,1.79,0.00,0.11,S,6056253135,,USD,GC
70026378,01107,05,3,20260525,90317,000000005301,2,5.49,10.98,0.00,0.00,S,6056253135,,USD,GC
70026378,01107,05,4,20260525,90317,000004492002,2,1.49,2.98,0.00,0.19,S,6056253135,,USD,GC
70026378,01107,05,5,20260525,90317,000000040203,2,11.99,23.98,0.00,0.00,S,6056253135,,USD,GC
70026379,01107,01,1,20260525,104242,000000005012,1,3.99,3.99,0.00,0.00,S,,,USD,DB
70026380,02210,04,1,20260525,145055,000004482002,1,17.99,17.99,0.00,1.12,S,6071753556,,USD,DB
70026380,02210,04,2,20260525,145055,000004491002,2,6.99,13.98,0.00,0.87,S,6071753556,,USD,DB
70026380,02210,04,3,20260525,145055,000000020103,1,4.99,4.99,0.00,0.00,S,6071753556,,USD,DB
70026381,02210,02,1,20260525,82443,000004472003,1,3.29,3.29,0.00,0.21,S,6001168809,,USD,DB
70026381,02210,02,2,20260525,82443,000004482003,3,5.49,16.47,4.12,0.77,S,6001168809,PC26W17,USD,DB
70026381,02210,02,3,20260525,82443,000004472001,1,3.99,3.99,1.00,0.19,S,6001168809,PC26W17,USD,DB
70026381,02210,02,4,20260525,82443,000004473002,2,2.79,5.58,0.00,0.35,S,6001168809,,USD,DB
70026382,02210,01,1,20260525,200947,000000093410,1.279,3.99,5.10,0.00,0.00,S,6067066253,,USD,GC
70026383,02210,01,1,20260525,145401,000000030201,2,9.99,19.98,0.00,0.00,S,,,USD,CS
70026383,02210,01,2,20260525,145401,000000005020,1,4.49,4.49,0.00,0.00,S,,,USD,CS
70026384,02210,03,1,20260525,123648,000000005102,1,5.49,5.49,0.00,0.00,S,6020165423,,USD,DB
70026384,02210,03,2,20260525,123648,000000005202,3,5.99,17.97,4.49,0.00,S,6020165423,PC26W17,USD,DB
70026385,02210,06,1,20260525,121825,000000020202,1,5.99,5.99,0.00,0.00,S,,,USD,CC
70026385,02210,06,2,20260525,121825,000000093402,1.352,3.29,4.45,0.00,0.00,S,,,USD,CC
70026385,02210,06,3,20260525,121825,000000093325,1.979,3.99,7.90,0.00,0.00,S,,,USD,CC
70026385,02210,06,4,20260525,121825,000000030203,1,8.49,8.49,0.00,0.00,S,,,USD,CC
70026386,02210,04,1,20260525,85646,000004472003,1,3.29,3.29,0.00,0.21,S,,,USD,DB
70026386,02210,04,2,20260525,85646,000000093321,0.624,1.49,0.93,0.00,0.00,S,,,USD,DB
70026387,02210,05,1,20260525,174806,000000020103,1,4.99,4.99,0.00,0.00,S,6038282586,,USD,CC
70026387,02210,05,2,20260525,174806,000000020101,1,2.49,2.49,0.00,0.00,S,6038282586,,USD,CC
70026387,02210,05,3,20260525,174806,000004482003,2,5.49,10.98,2.75,0.51,S,6038282586,PC26W17,USD,CC
70026388,02211,06,1,20260525,144816,000004483002,1,3.49,3.49,0.00,0.22,S,,,USD,DB
70026388,02211,06,2,20260525,144816,000004473003,1,3.49,3.49,0.00,0.22,S,,,USD,DB
70026389,02211,05,1,20260525,132245,000004472001,2,3.99,7.98,2.00,0.37,S,6051702814,PC26W17,USD,DB
70026389,02211,05,2,20260525,132245,000000020101,1,2.49,2.49,0.00,0.00,S,6051702814,,USD,DB
70026389,02211,05,3,20260525,132245,000000040201,1,8.99,8.99,0.00,0.00,S,6051702814,,USD,DB
70026389,02211,05,4,20260525,132245,000000040203,1,11.99,11.99,0.00,0.00,S,6051702814,,USD,DB
70026389,02211,05,5,20260525,132245,000000094301,1.461,4.39,6.41,0.00,0.00,S,6051702814,,USD,DB
70026390,02211,01,1,20260525,202401,000004473003,2,3.49,6.98,0.00,0.44,S,6025205664,,USD,DB
70026390,02211,01,2,20260525,202401,000004482001,1,13.99,13.99,0.00,0.87,S,6025205664,,USD,DB
70026391,02211,02,1,20260525,173105,000000005302,1,3.49,3.49,0.87,0.00,S,,PC26W17,USD,DB
70026391,02211,02,2,20260525,173105,000000040101,1.113,18.99,21.14,0.00,0.00,S,,,USD,DB
70026391,02211,02,3,20260525,173105,000004492002,2,1.49,2.98,0.00,0.19,S,,,USD,DB
70026391,02211,02,4,20260525,173105,000000040101,1.065,18.99,20.22,0.00,0.00,S,,,USD,DB
70026391,02211,02,5,20260525,173105,000004491002,2,6.99,13.98,0.00,0.87,S,,,USD,DB
70026392,02305,04,1,20260525,132349,000004472001,3,3.99,11.97,2.99,0.56,S,,PC26W17,USD,CC
70026392,02305,04,2,20260525,132349,000000093410,1.742,3.99,6.95,0.00,0.00,S,,,USD,CC
70026392,02305,04,3,20260525,132349,000004483002,1,3.49,3.49,0.00,0.22,S,,,USD,CC
70026392,02305,04,4,20260525,132349,000000005012,2,3.99,7.98,0.00,0.00,S,,,USD,CC
70026392,02305,04,5,20260525,132349,000000040203,3,11.99,35.97,0.00,0.00,S,,,USD,CC
70026393,02305,06,1,20260525,180834,000000093322,1.239,1.99,2.47,0.00,0.00,S,,,USD,DB
70026393,02305,06,2,20260525,180834,000000005302,1,3.49,3.49,0.87,0.00,S,,PC26W17,USD,DB
70026393,02305,06,3,20260525,180834,000000005013,1,3.89,3.89,0.00,0.00,S,,,USD,DB
70026393,02305,06,4,20260525,180834,000004492001,1,1.79,1.79,0.00,0.11,S,,,USD,DB
70026394,02305,05,1,20260525,100221,000000005302,1,3.49,3.49,0.87,0.00,S,,PC26W17,USD,DB
70026395,02305,01,1,20260525,144525,000000561002,1,7.49,7.49,0.00,0.47,S,,,USD,GC
70026396,02305,02,1,20260525,154043,000004472001,1,3.99,3.99,1.00,0.19,S,6018297168,PC26W17,USD,CC
70026396,02305,02,2,20260525,154043,000004482001,1,13.99,13.99,0.00,0.87,S,6018297168,,USD,CC
70026396,02305,02,3,20260525,154043,000000005102,1,5.49,5.49,0.00,0.00,S,6018297168,,USD,CC
70026396,02305,02,4,20260525,154043,000004491002,1,6.99,6.99,0.00,0.44,S,6018297168,,USD,CC
70026397,02305,03,1,20260525,113931,000000093322,0.261,1.99,0.52,0.00,0.00,S,6041209117,,USD,DB
70026397,02305,03,2,20260525,113931,000004491002,1,6.99,6.99,0.00,0.44,S,6041209117,,USD,DB
70026397,02305,03,3,20260525,113931,000004491001,1,2.49,2.49,0.00,0.16,S,6041209117,,USD,DB
70026398,02305,05,1,20260525,72254,000000005302,1,3.49,3.49,0.87,0.00,S,,PC26W17,USD,CC
70026398,02305,05,2,20260525,72254,000000551020,1,13.99,13.99,3.50,0.66,S,,PC26W17,USD,CC
70026398,02305,05,3,20260525,72254,000000094201,1.007,1.69,1.70,0.00,0.00,S,,,USD,CC
70026399,02305,04,1,20260525,140004,000000020102,1,3.49,3.49,0.00,0.00,S,,,USD,CC
70026399,02305,04,2,20260525,140004,000000005020,1,4.49,4.49,0.00,0.00,S,,,USD,CC
70026399,02305,04,3,20260525,140004,000000030102,1,14.99,14.99,0.00,0.00,S,,,USD,CC
70026399,02305,04,4,20260525,140004,000004472001,1,3.99,3.99,1.00,0.19,S,,PC26W17,USD,CC
70026400,02305,01,1,20260525,122206,000004491001,2,2.49,4.98,0.00,0.31,S,,,USD,CC
70026400,02305,01,2,20260525,122206,000000551020,1,13.99,13.99,3.50,0.66,S,,PC26W17,USD,CC
70026401,03050,02,1,20260525,121131,000000005302,2,3.49,6.98,1.75,0.00,S,6043347228,PC26W17,USD,DB
70026401,03050,02,2,20260525,121131,000000561002,1,7.49,7.49,0.00,0.47,S,6043347228,,USD,DB
70026401,03050,02,3,20260525,121131,000000005202,1,5.99,5.99,1.50,0.00,S,6043347228,PC26W17,USD,DB
70026401,03050,02,4,20260525,121131,000000040201,1,8.99,8.99,0.00,0.00,S,6043347228,,USD,DB
70026402,03050,06,1,20260525,163508,000004492003,1,2.29,2.29,0.00,0.14,R,6062446704,,USD,DB
70026403,00317,05,1,20260525,215210,000004491001,1,3.39,3.39,0.00,0.21,S,,,CAD,CS
70026404,00317,06,1,20260525,191505,000004471030,1,5.39,5.39,0.00,0.34,S,,,CAD,CC
70026404,00317,06,2,20260525,191505,000004482003,1,7.49,7.49,1.87,0.35,S,,PC26W17,CAD,CC
70026404,00317,06,3,20260525,191505,000000551021,1,16.29,16.29,4.07,0.76,S,,PC26W17,CAD,CC
70026404,00317,06,4,20260525,191505,000000005202,1,8.09,8.09,2.02,0.00,S,,PC26W17,CAD,CC
70026404,00317,06,5,20260525,191505,000000093321,0.901,1.99,1.79,0.00,0.00,S,,,CAD,CC
70026405,00317,01,1,20260525,110849,000004471023,1,4.69,4.69,0.00,0.29,S,6006684335,,CAD,CC
70026406,00317,03,1,20260525,103536,000000094102,2,4.69,9.38,0.00,0.00,S,6080068114,,CAD,CS
70026406,00317,03,2,20260525,103536,000004471040,2,3.39,6.78,0.00,0.42,S,6080068114,,CAD,CS
70026407,00317,02,1,20260525,124612,000004472001,1,5.39,5.39,1.35,0.25,S,6059970629,PC26W17,CAD,DB
70026407,00317,02,2,20260525,124612,000000093321,0.370,1.99,0.74,0.00,0.00,S,6059970629,,CAD,DB
70026407,00317,02,3,20260525,124612,000000093503,1,5.79,5.79,0.00,0.00,S,6059970629,,CAD,DB
70026408,00317,06,1,20260525,160924,000000093401,1.578,7.49,11.82,0.00,0.00,S,,,CAD,DB
70026408,00317,06,2,20260525,160924,000000093401,1.578,7.49,11.82,0.00,0.00,V,,,CAD,DB
70026409,00317,05,1,20260525,84656,000000020202,1,8.09,8.09,0.00,0.00,S,,,CAD,CS
70026409,00317,05,2,20260525,84656,000004492001,1,2.39,2.39,0.00,0.15,S,,,CAD,CS
70026409,00317,05,3,20260525,84656,000000005012,1,5.39,5.39,0.00,0.00,S,,,CAD,CS
70026410,00317,03,1,20260525,192306,000004493001,1,7.49,7.49,0.00,0.47,S,6006684335,,CAD,CC
70026410,00317,03,2,20260525,192306,000004482003,2,7.49,14.98,3.75,0.70,S,6006684335,PC26W17,CAD,CC
70026410,00317,03,3,20260525,192306,000004492001,1,2.39,2.39,0.00,0.15,S,6006684335,,CAD,CC
70026410,00317,03,4,20260525,192306,000000094103,2,5.19,10.38,0.00,0.00,S,6006684335,,CAD,CC
70026411,00317,06,1,20260525,72531,000000094202,1.931,2.69,5.19,0.00,0.00,S,6010587525,,CAD,DB
70026411,00317,06,2,20260525,72531,000000030202,1,15.59,15.59,0.00,0.00,S,6010587525,,CAD,DB
70026411,00317,06,3,20260525,72531,000004473002,2,3.79,7.58,0.00,0.47,S,6010587525,,CAD,DB
70026411,00317,06,4,20260525,72531,000000093325,1.606,5.39,8.66,0.00,0.00,S,6010587525,,CAD,DB
70026411,00317,06,5,20260525,72531,000004493002,1,5.39,5.39,0.00,0.34,S,6010587525,,CAD,DB
70026411,00317,06,6,20260525,72531,000000005102,1,7.49,7.49,0.00,0.00,S,6010587525,,CAD,DB
70026412,00317,02,1,20260525,185303,000000005102,2,7.49,14.98,0.00,0.00,S,,,CAD,CC
70026412,00317,02,2,20260525,185303,000000005301,1,7.49,7.49,0.00,0.00,S,,,CAD,CC
70026412,00317,02,3,20260525,185303,000000093401,0.541,7.49,4.05,0.00,0.00,S,,,CAD,CC
70026413,00317,04,1,20260525,203117,000004482003,1,7.49,7.49,1.87,0.35,S,6016800610,PC26W17,CAD,CS
70026413,00317,04,2,20260525,203117,000000005201,1,5.39,5.39,0.00,0.00,S,6016800610,,CAD,CS
70026414,00322,01,1,20260525,112634,000004481003,1,6.79,6.79,0.00,0.42,S,6011972181,,CAD,CS
70026415,00322,01,1,20260525,82800,000004473003,1,4.69,4.69,0.00,0.29,S,6057988942,,CAD,CC
70026415,00322,01,2,20260525,82800,000000040102,0.446,23.09,10.30,0.00,0.00,S,6057988942,,CAD,CC
70026416,01042,02,1,20260526,210011,000000030101,1,6.99,6.99,0.00,0.00,S,,,USD,DB
70026416,01042,02,2,20260526,210011,000000030201,1,9.99,9.99,0.00,0.00,S,,,USD,DB
70026416,01042,02,3,20260526,210011,000000020102,1,3.49,3.49,0.00,0.00,S,,,USD,DB
70026416,01042,02,4,20260526,210011,000000562001,1,10.99,10.99,0.00,0.69,S,,,USD,DB
70026417,01042,05,1,20260526,195733,000004481001,2,7.99,15.98,0.00,1.00,S,6049127113,,USD,CS
70026417,01042,05,2,20260526,195733,000000040101,1.654,18.99,31.41,0.00,0.00,S,6049127113,,USD,CS
70026417,01042,05,3,20260526,195733,000000093503,1,4.29,4.29,0.00,0.00,S,6049127113,,USD,CS
70026418,01042,99,1,20260526,210858,000000093321,1.209,1.49,1.80,0.00,0.00,S,6020594389,,USD,CS
70026418,01042,99,2,20260526,210858,000000551021,1,11.99,11.99,3.00,0.56,S,6020594389,PC26W17,USD,CS
70026418,01042,99,3,20260526,210858,000004483001,2,4.99,9.98,0.00,0.62,S,6020594389,,USD,CS
70026418,01042,99,4,20260526,210858,000000020202,2,5.99,11.98,0.00,0.00,S,6020594389,,USD,CS
70026419,01042,03,1,20260526,190128,000004471030,1,3.99,3.99,0.00,0.25,S,,,USD,CC
70026419,01042,03,2,20260526,190128,000004473003,2,3.49,6.98,0.00,0.44,S,,,USD,CC
70026419,01042,03,3,20260526,190128,000004492002,1,1.49,1.49,0.00,0.09,S,,,USD,CC
70026419,01042,03,4,20260526,190128,000000020101,2,2.49,4.98,0.00,0.00,S,,,USD,CC
70026419,01042,03,5,20260526,190128,000004472001,1,3.99,3.99,1.00,0.19,S,,PC26W17,USD,CC
70026420,01042,05,1,20260526,134543,000000030102,1,14.99,14.99,0.00,0.00,S,,,USD,CC
70026421,01042,05,1,20260526,71658,000000031101,0.276,24.99,6.90,0.00,0.00,S,,,USD,DB
70026421,01042,05,2,20260526,71658,000000094102,1,3.49,3.49,0.00,0.00,S,,,USD,DB
70026421,01042,05,3,20260526,71658,000000030202,1,11.49,11.49,0.00,0.00,S,,,USD,DB
70026421,01042,05,4,20260526,71658,000004471030,1,3.99,3.99,0.00,0.25,S,,,USD,DB
70026421,01042,05,5,20260526,71658,000004471030,1,3.99,3.99,0.00,0.25,V,,,USD,DB
70026422,01107,05,1,20260526,80243,000004491001,1,2.49,2.49,0.00,0.16,S,,,USD,CC
70026422,01107,05,2,20260526,80243,000000020202,1,5.99,5.99,0.00,0.00,S,,,USD,CC
70026422,01107,05,3,20260526,80243,000000020101,2,2.49,4.98,0.00,0.00,S,,,USD,CC
70026423,01107,01,1,20260526,110011,000000562001,3,10.99,32.97,0.00,2.06,S,,,USD,GC
70026424,01107,05,1,20260526,93904,000000040203,1,11.99,11.99,0.00,0.00,S,,,USD,DB
70026424,01107,05,2,20260526,93904,000000005012,2,3.99,7.98,0.00,0.00,S,,,USD,DB
70026424,01107,05,3,20260526,93904,000000093501,1,4.49,4.49,0.00,0.00,S,,,USD,DB
70026424,01107,05,4,20260526,93904,000000020201,1,5.49,5.49,0.00,0.00,S,,,USD,DB
70026424,01107,05,5,20260526,93904,000004472003,1,3.29,3.29,0.00,0.21,S,,,USD,DB
70026425,02210,05,1,20260526,70135,000000093322,0.998,1.99,1.99,0.00,0.00,S,,,USD,DB
70026425,02210,05,2,20260526,70135,000000040202,1,14.99,14.99,0.00,0.00,S,,,USD,DB
70026426,02210,04,1,20260526,112104,000000030203,1,8.49,8.49,0.00,0.00,S,,,USD,CC
70026426,02210,04,2,20260526,112104,000000094101,1,3.99,3.99,0.00,0.00,S,,,USD,CC
70026427,02210,02,1,20260526,92235,000004473002,1,2.79,2.79,0.00,0.17,S,,,USD,CC
70026427,02210,02,2,20260526,92235,000000005202,1,5.99,5.99,1.50,0.00,S,,PC26W17,USD,CC
70026428,02210,06,1,20260526,150210,000000005012,1,3.99,3.99,0.00,0.00,S,,,USD,CC
70026429,02210,05,1,20260526,94826,000004492001,1,1.79,1.79,0.00,0.11,S,,,USD,CC
70026429,02210,05,2,20260526,94826,000000040102,1.826,16.99,31.02,0.00,0.00,S,,,USD,CC
70026430,02210,01,1,20260526,154202,000004473002,1,2.79,2.79,0.00,0.17,S,6038282586,,USD,DB
70026430,02210,01,2,20260526,154202,000000093321,0.658,1.49,0.98,0.00,0.00,S,6038282586,,USD,DB
70026431,02211,01,1,20260526,161307,000004473001,1,2.99,2.99,0.00,0.19,S,,,USD,CS
70026431,02211,01,2,20260526,161307,000004472003,1,3.29,3.29,0.00,0.21,S,,,USD,CS
70026432,02211,05,1,20260526,91238,000004472003,1,3.29,3.29,0.00,0.21,S,6045897148,,USD,CC
70026432,02211,05,2,20260526,91238,000000020201,1,5.49,5.49,0.00,0.00,S,6045897148,,USD,CC
70026432,02211,05,3,20260526,91238,000000020201,1,5.49,5.49,0.00,0.00,S,6045897148,,USD,CC
70026432,02211,05,4,20260526,91238,000004492002,1,1.49,1.49,0.00,0.09,S,6045897148,,USD,CC
70026432,02211,05,5,20260526,91238,000004492001,1,1.79,1.79,0.00,0.11,S,6045897148,,USD,CC
70026433,02211,04,1,20260526,171513,000000005301,1,5.49,5.49,0.00,0.00,S,6064957823,,USD,CS
70026433,02211,04,2,20260526,171513,000004483002,2,3.49,6.98,0.00,0.44,S,6064957823,,USD,CS
70026433,02211,04,3,20260526,171513,000004471040,1,2.49,2.49,0.00,0.16,S,6064957823,,USD,CS
70026433,02211,04,4,20260526,171513,000000005020,2,4.49,8.98,0.00,0.00,S,6064957823,,USD,CS
70026433,02211,04,5,20260526,171513,000000040101,1.858,18.99,35.28,0.00,0.00,S,6064957823,,USD,CS
70026434,02211,06,1,20260526,204152,000004482003,1,5.49,5.49,1.37,0.26,S,,PC26W17,USD,CC
70026434,02211,06,2,20260526,204152,000004472001,2,3.99,7.98,2.00,0.37,S,,PC26W17,USD,CC
70026434,02211,06,3,20260526,204152,000000020201,1,5.49,5.49,0.00,0.00,S,,,USD,CC
70026434,02211,06,4,20260526,204152,000004482003,1,5.49,5.49,1.37,0.26,S,,PC26W17,USD,CC
70026435,02305,06,1,20260526,191135,000000562002,1,8.49,8.49,0.00,0.53,S,6009938425,,USD,DB
70026435,02305,06,2,20260526,191135,000004491002,3,6.99,20.97,0.00,1.31,S,6009938425,,USD,DB
70026435,02305,06,3,20260526,191135,000004491003,1,1.99,1.99,0.00,0.12,S,6009938425,,USD,DB
70026435,02305,06,4,20260526,191135,000000093502,1,3.99,3.99,0.00,0.00,S,6009938425,,USD,DB
70026435,02305,06,5,20260526,191135,000000005102,1,5.49,5.49,0.00,0.00,S,6009938425,,USD,DB
70026436,02305,03,1,20260526,122752,000000551021,2,11.99,23.98,6.00,1.12,S,6071494981,PC26W17,USD,GC
70026437,02305,04,1,20260526,114812,000000094302,1.295,5.49,7.11,0.00,0.00,S,,,USD,CS
70026437,02305,04,2,20260526,114812,000000040203,2,11.99,23.98,0.00,0.00,S,,,USD,CS
70026437,02305,04,3,20260526,114812,000000005302,2,3.49,6.98,1.75,0.00,S,,PC26W17,USD,CS
70026437,02305,04,4,20260526,114812,000000005301,1,5.49,5.49,0.00,0.00,S,,,USD,CS
70026437,02305,04,5,20260526,114812,000004482001,1,13.99,13.99,0.00,0.87,S,,,USD,CS
70026438,02305,02,1,20260526,204754,000004491003,1,1.99,1.99,0.00,0.12,S,6017722560,,USD,GC
70026438,02305,02,2,20260526,204754,000004481001,2,7.99,15.98,0.00,1.00,S,6017722560,,USD,GC
70026438,02305,02,3,20260526,204754,000000561001,1,9.99,9.99,0.00,0.62,S,6017722560,,USD,GC
70026438,02305,02,4,20260526,204754,000000093401,0.947,5.49,5.20,0.00,0.00,S,6017722560,,USD,GC
70026438,02305,02,5,20260526,204754,000000561001,1,9.99,9.99,0.00,0.62,S,6017722560,,USD,GC
70026439,02305,05,1,20260526,194554,000000561001,1,9.99,9.99,0.00,0.62,S,,,USD,CC
70026439,02305,05,2,20260526,194554,000004471023,2,3.49,6.98,0.00,0.44,S,,,USD,CC
70026439,02305,05,3,20260526,194554,000000030203,2,8.49,16.98,0.00,0.00,S,,,USD,CC
70026440,02305,06,1,20260526,123306,000004492001,2,1.79,3.58,0.00,0.22,S,,,USD,DB
70026441,02305,01,1,20260526,92026,000004473003,1,3.49,3.49,0.00,0.22,S,,,USD,CC
70026441,02305,01,2,20260526,92026,000000093410,1.132,3.99,4.52,0.00,0.00,S,,,USD,CC
70026442,02305,03,1,20260526,171202,000004493002,1,3.99,3.99,0.00,0.25,S,,,USD,CC
70026442,02305,03,2,20260526,171202,000000094202,0.395,1.99,0.79,0.00,0.00,S,,,USD,CC
70026442,02305,03,3,20260526,171202,000004483001,1,4.99,4.99,0.00,0.31,S,,,USD,CC
70026443,02305,06,1,20260526,94732,000000020101,1,2.49,2.49,0.00,0.00,S,,,USD,DB
70026444,02305,05,1,20260526,113855,000000005201,1,3.99,3.99,0.00,0.00,S,,,USD,GC
70026444,02305,05,2,20260526,113855,000000031102,0.553,19.99,11.05,0.00,0.00,S,,,USD,GC
70026444,02305,05,3,20260526,113855,000000005301,1,5.49,5.49,0.00,0.00,S,,,USD,GC
70026444,02305,05,4,20260526,113855,000000030201,1,9.99,9.99,0.00,0.00,S,,,USD,GC
70026445,02305,03,1,20260526,102614,000000020101,1,2.49,2.49,0.00,0.00,S,6069848583,,USD,DB
70026445,02305,03,2,20260526,102614,000004471030,1,3.99,3.99,0.00,0.25,S,6069848583,,USD,DB
70026445,02305,03,3,20260526,102614,000000005103,1,6.99,6.99,0.00,0.00,S,6069848583,,USD,DB
70026445,02305,03,4,20260526,102614,000000093401,0.840,5.49,4.61,0.00,0.00,S,6069848583,,USD,DB
70026446,02305,06,1,20260526,182454,000004472001,2,3.99,7.98,2.00,0.37,S,,PC26W17,USD,CC
70026447,03050,03,1,20260526,163834,000000562001,1,10.99,10.99,0.00,0.69,S,6039407016,,USD,CS
70026447,03050,03,2,20260526,163834,000004473001,1,2.99,2.99,0.00,0.19,S,6039407016,,USD,CS
70026447,03050,03,3,20260526,163834,000000005301,1,5.49,5.49,0.00,0.00,S,6039407016,,USD,CS
70026447,03050,03,4,20260526,163834,000004472002,1,4.49,4.49,0.00,0.28,S,6039407016,,USD,CS
70026447,03050,03,5,20260526,163834,000000562002,1,8.49,8.49,0.00,0.53,S,6039407016,,USD,CS
70026448,03050,03,1,20260526,210054,000000005020,1,4.49,4.49,0.00,0.00,S,,,USD,CS
70026448,03050,03,2,20260526,210054,000004482003,1,5.49,5.49,1.37,0.26,S,,PC26W17,USD,CS
70026449,03050,03,1,20260526,154023,000000094103,2,3.79,7.58,0.00,0.00,S,,,USD,CC
70026449,03050,03,2,20260526,154023,000000030102,1,14.99,14.99,0.00,0.00,S,,,USD,CC
70026450,03050,04,1,20260526,83313,000000020103,1,4.99,4.99,0.00,0.00,S,6073830284,,USD,CC
70026450,03050,04,2,20260526,83313,000000094301,1.062,4.39,4.66,0.00,0.00,S,6073830284,,USD,CC
70026450,03050,04,3,20260526,83313,000000551021,1,11.99,11.99,3.00,0.56,S,6073830284,PC26W17,USD,CC
70026450,03050,04,4,20260526,83313,000004481001,1,7.99,7.99,0.00,0.50,S,6073830284,,USD,CC
70026450,03050,04,5,20260526,83313,000000005302,1,3.49,3.49,0.87,0.00,S,6073830284,PC26W17,USD,CC
70026451,03050,01,1,20260526,135021,000000030103,1,8.99,8.99,0.00,0.00,S,6026368970,,USD,DB
70026451,03050,01,2,20260526,135021,000004481003,1,4.99,4.99,0.00,0.31,S,6026368970,,USD,DB
70026451,03050,01,3,20260526,135021,000000551021,1,11.99,11.99,3.00,0.56,S,6026368970,PC26W17,USD,DB
70026452,03050,06,1,20260526,92638,000000551021,1,11.99,11.99,3.00,0.56,S,6051868926,PC26W17,USD,CS
70026452,03050,06,2,20260526,92638,000004491002,1,6.99,6.99,0.00,0.44,S,6051868926,,USD,CS
70026452,03050,06,3,20260526,92638,000004481001,1,7.99,7.99,0.00,0.50,S,6051868926,,USD,CS
70026452,03050,06,4,20260526,92638,000000040201,1,8.99,8.99,0.00,0.00,S,6051868926,,USD,CS
70026453,03050,01,1,20260526,125443,000000030202,1,11.49,11.49,0.00,0.00,S,,,USD,DB
70026453,03050,01,2,20260526,125443,000000030203,2,8.49,16.98,0.00,0.00,S,,,USD,DB
70026453,03050,01,3,20260526,125443,000004473003,2,3.49,6.98,0.00,0.44,S,,,USD,DB
70026453,03050,01,4,20260526,125443,000000005302,1,3.49,3.49,0.87,0.00,S,,PC26W17,USD,DB
70026454,00317,06,1,20260526,120322,000000094102,1,4.69,4.69,0.00,0.00,S,6050124955,,CAD,GC
70026454,00317,06,2,20260526,120322,000000020201,1,7.49,7.49,0.00,0.00,S,6050124955,,CAD,GC
70026454,00317,06,3,20260526,120322,000004473001,1,4.09,4.09,0.00,0.26,S,6050124955,,CAD,GC
70026454,00317,06,4,20260526,120322,000000005202,1,8.09,8.09,2.02,0.00,S,6050124955,PC26W17,CAD,GC
70026455,00317,02,1,20260526,203246,000000020201,1,7.49,7.49,0.00,0.00,S,,,CAD,DB
70026455,00317,02,2,20260526,203246,000000020201,1,7.49,7.49,0.00,0.00,S,,,CAD,DB
70026456,00317,04,1,20260526,111336,000004471023,1,4.69,4.69,0.00,0.29,S,,,CAD,CS
70026456,00317,04,2,20260526,111336,000000561001,1,13.59,13.59,0.00,0.85,S,,,CAD,CS
70026457,00317,01,1,20260526,161802,000004481003,1,6.79,6.79,0.00,0.42,S,,,CAD,GC
70026457,00317,01,2,20260526,161802,000000551021,1,16.29,16.29,4.07,0.76,S,,PC26W17,CAD,GC
70026457,00317,01,3,20260526,161802,000000040101,0.996,25.79,25.69,0.00,0.00,S,,,CAD,GC
70026458,00317,04,1,20260526,72441,000004481001,1,10.89,10.89,0.00,0.68,R,,,CAD,DB
70026459,00317,03,1,20260526,85610,000004472050,1,5.39,5.39,0.00,0.34,S,,,CAD,CC
70026459,00317,03,2,20260526,85610,000000094201,1.429,2.29,3.27,0.00,0.00,S,,,CAD,CC
70026459,00317,03,3,20260526,85610,000004472001,1,5.39,5.39,1.35,0.25,S,,PC26W17,CAD,CC
70026459,00317,03,4,20260526,85610,000004472001,1,5.39,5.39,1.35,0.25,S,,PC26W17,CAD,CC
70026459,00317,03,5,20260526,85610,000004472001,1,5.39,5.39,1.35,0.25,S,,PC26W17,CAD,CC
70026460,00322,04,1,20260526,142624,000000020103,1,6.79,6.79,0.00,0.00,S,,,CAD,GC
70026460,00322,04,2,20260526,142624,000000020102,1,4.69,4.69,0.00,0.00,S,,,CAD,GC
70026460,00322,04,3,20260526,142624,000000005302,1,4.69,4.69,1.17,0.00,S,,PC26W17,CAD,GC
70026461,00322,06,1,20260526,104241,000000020103,1,6.79,6.79,0.00,0.00,S,,,CAD,CC
70026461,00322,06,2,20260526,104241,000000020103,2,6.79,13.58,0.00,0.00,S,,,CAD,CC
70026461,00322,06,3,20260526,104241,000000040203,1,16.29,16.29,0.00,0.00,S,,,CAD,CC
70026461,00322,06,4,20260526,104241,000000093401,1.661,7.49,12.44,0.00,0.00,S,,,CAD,CC
70026462,00322,05,1,20260526,111710,000000040202,1,20.39,20.39,0.00,0.00,S,6023806174,,CAD,DB
70026462,00322,05,2,20260526,111710,000000094101,1,5.39,5.39,0.00,0.00,S,6023806174,,CAD,DB
70026462,00322,05,3,20260526,111710,000004471023,1,4.69,4.69,0.00,0.29,S,6023806174,,CAD,DB
70026463,00322,03,1,20260526,100759,000000005101,1,10.89,10.89,0.00,0.00,S,6043260055,,CAD,DB
70026463,00322,03,2,20260526,100759,000000040101,1.936,25.79,49.93,0.00,0.00,S,6043260055,,CAD,DB
70026464,01042,04,1,20260527,165455,000004481001,1,7.99,7.99,0.00,0.50,S,,,USD,DB
70026464,01042,04,2,20260527,165455,000004491001,1,2.49,2.49,0.00,0.16,S,,,USD,DB
70026465,01042,02,1,20260527,100909,000004482001,1,13.99,13.99,0.00,0.87,S,6097167433,,USD,CC
70026465,01042,02,2,20260527,100909,000000093410,0.434,3.99,1.73,0.00,0.00,S,6097167433,,USD,CC
70026466,01042,06,1,20260527,123904,000004473001,1,2.99,2.99,0.00,0.19,S,,,USD,DB
70026466,01042,06,2,20260527,123904,000004491003,3,1.99,5.97,0.00,0.37,S,,,USD,DB
70026466,01042,06,3,20260527,123904,000000005103,1,6.99,6.99,0.00,0.00,S,,,USD,DB
70026467,01042,03,1,20260527,170519,000004473002,1,2.79,2.79,0.00,0.17,S,6068293844,,USD,DB
70026467,01042,03,2,20260527,170519,000000005202,1,5.99,5.99,1.50,0.00,S,6068293844,PC26W17,USD,DB
70026467,01042,03,3,20260527,170519,000000094201,1.678,1.69,2.84,0.00,0.00,S,6068293844,,USD,DB
70026467,01042,03,4,20260527,170519,000004491001,1,2.49,2.49,0.00,0.16,S,6068293844,,USD,DB
70026467,01042,03,5,20260527,170519,000000551021,2,11.99,23.98,6.00,1.12,S,6068293844,PC26W17,USD,DB
70026468,01042,01,1,20260527,175213,000000040102,1.539,16.99,26.15,0.00,0.00,S,6024189389,,USD,DB
70026468,01042,01,2,20260527,175213,000000005101,1,7.99,7.99,0.00,0.00,S,6024189389,,USD,DB
70026468,01042,01,3,20260527,175213,000004482003,3,5.49,16.47,4.12,0.77,S,6024189389,PC26W17,USD,DB
70026469,01042,03,1,20260527,92725,000004473003,2,3.49,6.98,0.00,0.44,S,,,USD,DB
70026469,01042,03,2,20260527,92725,000004472002,3,4.49,13.47,0.00,0.84,S,,,USD,DB
70026470,01042,04,1,20260527,80232,000000040101,1.533,18.99,29.11,0.00,0.00,S,,,USD,DB
70026470,01042,04,2,20260527,80232,000000093402,0.867,3.29,2.85,0.00,0.00,S,,,USD,DB
70026470,01042,04,3,20260527,80232,000000005013,1,3.89,3.89,0.00,0.00,S,,,USD,DB
70026470,01042,04,4,20260527,80232,000000005302,1,3.49,3.49,0.87,0.00,S,,PC26W17,USD,DB
70026470,01042,04,5,20260527,80232,000000551020,1,13.99,13.99,3.50,0.66,S,,PC26W17,USD,DB
70026471,01042,02,1,20260527,214008,000004471030,1,3.99,3.99,0.00,0.25,S,6043468239,,USD,DB
70026472,01042,01,1,20260527,103336,000000020201,1,5.49,5.49,0.00,0.00,S,,,USD,CC
70026472,01042,01,2,20260527,103336,000000020103,1,4.99,4.99,0.00,0.00,S,,,USD,CC
70026473,01042,05,1,20260527,195840,000000093322,0.285,1.99,0.57,0.00,0.00,S,,,USD,CC
70026474,01042,01,1,20260527,105001,000000093503,1,4.29,4.29,0.00,0.00,S,6024572308,,USD,GC
70026474,01042,01,2,20260527,105001,000004493002,1,3.99,3.99,0.00,0.25,S,6024572308,,USD,GC
70026474,01042,01,3,20260527,105001,000000040102,1.591,16.99,27.03,0.00,0.00,S,6024572308,,USD,GC
70026474,01042,01,4,20260527,105001,000004473001,1,2.99,2.99,0.00,0.19,S,6024572308,,USD,GC
70026474,01042,01,5,20260527,105001,000000005302,1,3.49,3.49,0.87,0.00,S,6024572308,PC26W17,USD,GC
70026474,01042,01,6,20260527,105001,000004481003,1,4.99,4.99,0.00,0.31,S,6024572308,,USD,GC
70026475,01042,05,1,20260527,83831,000004493002,1,3.99,3.99,0.00,0.25,S,,,USD,DB
70026475,01042,05,2,20260527,83831,000000093502,1,3.99,3.99,0.00,0.00,S,,,USD,DB
70026475,01042,05,3,20260527,83831,000004482003,2,5.49,10.98,2.75,0.51,S,,PC26W17,USD,DB
70026475,01042,05,4,20260527,83831,000000020103,1,4.99,4.99,0.00,0.00,S,,,USD,DB
70026475,01042,05,5,20260527,83831,000000093501,1,4.49,4.49,0.00,0.00,S,,,USD,DB
70026475,01042,05,6,20260527,83831,000000551020,1,13.99,13.99,3.50,0.66,S,,PC26W17,USD,DB
70026476,01107,06,1,20260527,172414,000004483001,1,4.99,4.99,0.00,0.31,S,,,USD,DB
70026476,01107,06,2,20260527,172414,000000040202,1,14.99,14.99,0.00,0.00,S,,,USD,DB
70026477,01107,02,1,20260527,174450,000004471030,1,3.99,3.99,0.00,0.25,S,6010346996,,USD,CC
70026477,01107,02,2,20260527,174450,000000005202,2,5.99,11.98,3.00,0.00,S,6010346996,PC26W17,USD,CC
70026477,01107,02,3,20260527,174450,000000005012,2,3.99,7.98,0.00,0.00,S,6010346996,,USD,CC
70026477,01107,02,4,20260527,174450,000000040202,1,14.99,14.99,0.00,0.00,S,6010346996,,USD,CC
70026477,01107,02,5,20260527,174450,000000005201,2,3.99,7.98,0.00,0.00,S,6010346996,,USD,CC
70026478,01107,04,1,20260527,200223,000000552001,2,4.49,8.98,0.00,0.56,S,6041966645,,USD,DB
70026478,01107,04,2,20260527,200223,000000005302,2,3.49,6.98,1.75,0.00,S,6041966645,PC26W17,USD,DB
70026478,01107,04,3,20260527,200223,000004482003,1,5.49,5.49,1.37,0.26,S,6041966645,PC26W17,USD,DB
70026478,01107,04,4,20260527,200223,000000093410,0.465,3.99,1.86,0.00,0.00,S,6041966645,,USD,DB
70026479,02210,06,1,20260527,175513,000000094202,1.397,1.99,2.78,0.00,0.00,S,,,USD,CC
70026479,02210,06,2,20260527,175513,000004482001,2,13.99,27.98,0.00,1.75,S,,,USD,CC
70026479,02210,06,3,20260527,175513,000004492002,3,1.49,4.47,0.00,0.28,S,,,USD,CC
70026480,02210,01,1,20260527,181146,000000093501,1,4.49,4.49,0.00,0.00,S,,,USD,GC
70026480,02210,01,2,20260527,181146,000000093410,2.154,3.99,8.59,0.00,0.00,S,,,USD,GC
70026480,02210,01,3,20260527,181146,000000005101,2,7.99,15.98,0.00,0.00,S,,,USD,GC
70026480,02210,01,4,20260527,181146,000004481003,1,4.99,4.99,0.00,0.31,S,,,USD,GC
70026480,02210,01,5,20260527,181146,000000562001,1,10.99,10.99,0.00,0.69,S,,,USD,GC
70026481,02210,01,1,20260527,123659,000000020201,1,5.49,5.49,0.00,0.00,S,6045587716,,USD,CC
70026481,02210,01,2,20260527,123659,000000005302,1,3.49,3.49,0.87,0.00,S,6045587716,PC26W17,USD,CC
70026481,02210,01,3,20260527,123659,000000031101,2.008,24.99,50.18,0.00,0.00,S,6045587716,,USD,CC
70026481,02210,01,4,20260527,123659,000000094302,1.011,5.49,5.55,0.00,0.00,S,6045587716,,USD,CC
70026482,02210,05,1,20260527,131829,000004471030,2,3.99,7.98,0.00,0.50,S,,,USD,GC
70026482,02210,05,2,20260527,131829,000000040202,2,14.99,29.98,0.00,0.00,S,,,USD,GC
70026482,02210,05,3,20260527,131829,000000040102,0.524,16.99,8.90,0.00,0.00,S,,,USD,GC
70026482,02210,05,4,20260527,131829,000000561002,1,7.49,7.49,0.00,0.47,S,,,USD,GC
70026483,02210,06,1,20260527,213012,000000093501,1,4.49,4.49,0.00,0.00,S,,,USD,DB
70026483,02210,06,2,20260527,213012,000004491003,1,1.99,1.99,0.00,0.12,S,,,USD,DB
70026484,02210,03,1,20260527,172447,000000551021,1,11.99,11.99,3.00,0.56,S,6028137214,PC26W17,USD,GC
70026484,02210,03,2,20260527,172447,000000040102,1.210,16.99,20.56,0.00,0.00,S,6028137214,,USD,GC
70026484,02210,03,3,20260527,172447,000000094301,1.389,4.39,6.10,0.00,0.00,S,6028137214,,USD,GC
70026485,02210,05,1,20260527,183535,000004492003,1,2.29,2.29,0.00,0.14,S,,,USD,DB
70026485,02210,05,2,20260527,183535,000004482003,1,5.49,5.49,1.37,0.26,S,,PC26W17,USD,DB
70026485,02210,05,3,20260527,183535,000000040102,0.787,16.99,13.37,0.00,0.00,S,,,USD,DB
70026486,02210,06,1,20260527,165056,000000031102,0.668,19.99,13.35,0.00,0.00,S,,,USD,CC
70026486,02210,06,2,20260527,165056,000004473001,3,2.99,8.97,0.00,0.56,S,,,USD,CC
70026487,02210,04,1,20260527,112537,000004471030,1,3.99,3.99,0.00,0.25,S,,,USD,CC
70026487,02210,04,2,20260527,112537,000004483002,1,3.49,3.49,0.00,0.22,S,,,USD,CC
70026488,02210,02,1,20260527,121305,000000040102,1.287,16.99,21.87,0.00,0.00,S,,,USD,CC
70026488,02210,02,2,20260527,121305,000000005302,1,3.49,3.49,0.87,0.00,S,,PC26W17,USD,CC
70026489,02210,02,1,20260527,202057,000000005301,1,5.49,5.49,0.00,0.00,S,,,USD,GC
70026489,02210,02,2,20260527,202057,000000005103,1,6.99,6.99,0.00,0.00,S,,,USD,GC
70026490,02210,06,1,20260527,190027,000004483001,1,4.99,4.99,0.00,0.31,S,,,USD,DB
70026490,02210,06,2,20260527,190027,000000040101,1.193,18.99,22.66,0.00,0.00,S,,,USD,DB
70026490,02210,06,3,20260527,190027,000000005202,1,5.99,5.99,1.50,0.00,S,,PC26W17,USD,DB
70026490,02210,06,4,20260527,190027,000000020102,2,3.49,6.98,0.00,0.00,S,,,USD,DB
70026491,02211,04,1,20260527,172032,000004473003,1,3.49,3.49,0.00,0.22,S,6082097023,,USD,DB
70026492,02305,01,1,20260527,153037,000004492002,1,1.49,1.49,0.00,0.09,S,6055616814,,USD,DB
70026492,02305,01,2,20260527,153037,000000094301,2.146,4.39,9.42,0.00,0.00,S,6055616814,,USD,DB
70026492,02305,01,3,20260527,153037,000000005101,1,7.99,7.99,0.00,0.00,S,6055616814,,USD,DB
70026492,02305,01,4,20260527,153037,000004482002,1,17.99,17.99,0.00,1.12,S,6055616814,,USD,DB
70026492,02305,01,5,20260527,153037,000000094302,1.277,5.49,7.01,0.00,0.00,S,6055616814,,USD,DB
70026493,02305,06,1,20260527,182340,000004483002,1,3.49,3.49,0.00,0.22,S,6054601585,,USD,DB
70026494,02305,04,1,20260527,184316,000000005302,2,3.49,6.98,1.75,0.00,S,6038164321,PC26W17,USD,DB
70026494,02305,04,2,20260527,184316,000000020103,1,4.99,4.99,0.00,0.00,S,6038164321,,USD,DB
70026494,02305,04,3,20260527,184316,000000030201,1,9.99,9.99,0.00,0.00,S,6038164321,,USD,DB
70026495,02305,01,1,20260527,73016,000000005102,1,5.49,5.49,0.00,0.00,S,6001061817,,USD,DB
70026495,02305,01,2,20260527,73016,000000562002,1,8.49,8.49,0.00,0.53,S,6001061817,,USD,DB
70026496,02305,04,1,20260527,211344,000004483001,1,4.99,4.99,0.00,0.31,S,,,USD,GC
70026496,02305,04,2,20260527,211344,000000561002,1,7.49,7.49,0.00,0.47,S,,,USD,GC
70026497,02305,06,1,20260527,172252,000000094202,1.921,1.99,3.82,0.00,0.00,S,,,USD,CC
70026498,02305,02,1,20260527,80105,000000094203,1.031,1.49,1.54,0.00,0.00,S,6071136337,,USD,CC
70026498,02305,02,2,20260527,80105,000000552002,1,3.99,3.99,0.00,0.25,S,6071136337,,USD,CC
70026499,02305,03,1,20260527,205731,000000093410,1.859,3.99,7.42,0.00,0.00,S,,,USD,CC
70026500,03050,02,1,20260527,190909,000000040101,1.953,18.99,37.09,0.00,0.00,S,6044857086,,USD,CC
70026500,03050,02,2,20260527,190909,000000020102,1,3.49,3.49,0.00,0.00,S,6044857086,,USD,CC
70026500,03050,02,3,20260527,190909,000000094302,1.316,5.49,7.22,0.00,0.00,S,6044857086,,USD,CC
70026500,03050,02,4,20260527,190909,000004482001,1,13.99,13.99,0.00,0.87,S,6044857086,,USD,CC
70026500,03050,02,5,20260527,190909,000000093401,1.278,5.49,7.02,0.00,0.00,S,6044857086,,USD,CC
70026501,03050,02,1,20260527,121545,000000093502,3,3.99,11.97,0.00,0.00,S,6076072348,,USD,GC
70026502,03050,02,1,20260527,112128,000004491003,2,1.99,3.98,0.00,0.25,S,,,USD,CC
70026502,03050,02,2,20260527,112128,000000005302,2,3.49,6.98,1.75,0.00,S,,PC26W17,USD,CC
70026502,03050,02,3,20260527,112128,000004492001,1,1.79,1.79,0.00,0.11,S,,,USD,CC
70026502,03050,02,4,20260527,112128,000000551020,1,13.99,13.99,3.50,0.66,S,,PC26W17,USD,CC
70026502,03050,02,5,20260527,112128,000000551020,2,13.99,27.98,7.00,1.31,S,,PC26W17,USD,CC
70026503,03050,03,1,20260527,110839,000004472001,1,3.99,3.99,1.00,0.19,S,,PC26W17,USD,CC
70026504,03050,05,1,20260527,81443,000000040101,1.629,18.99,30.93,0.00,0.00,S,,,USD,CS
70026505,03050,02,1,20260527,100958,000000562002,1,8.49,8.49,0.00,0.53,S,6079806603,,USD,CS
70026505,03050,02,2,20260527,100958,000004492002,1,1.49,1.49,0.00,0.09,S,6079806603,,USD,CS
70026505,03050,02,3,20260527,100958,000000005302,2,3.49,6.98,1.75,0.00,S,6079806603,PC26W17,USD,CS
70026505,03050,02,4,20260527,100958,000000562002,2,8.49,16.98,0.00,1.06,S,6079806603,,USD,CS
70026506,00317,01,1,20260527,141602,000000020202,1,8.09,8.09,0.00,0.00,S,6012490352,,CAD,GC
70026506,00317,01,2,20260527,141602,000000552002,1,5.39,5.39,0.00,0.34,S,6012490352,,CAD,GC
70026507,00317,01,1,20260527,170120,000000031101,0.282,33.99,9.59,0.00,0.00,S,,,CAD,CC
70026507,00317,01,2,20260527,170120,000000020202,1,8.09,8.09,0.00,0.00,S,,,CAD,CC
70026508,00317,02,1,20260527,150706,000000093501,2,6.09,12.18,0.00,0.00,S,,,CAD,CC
70026508,00317,02,2,20260527,150706,000004483001,1,6.79,6.79,0.00,0.42,S,,,CAD,CC
70026508,00317,02,3,20260527,150706,000004492001,1,2.39,2.39,0.00,0.15,S,,,CAD,CC
70026508,00317,02,4,20260527,150706,000000040203,1,16.29,16.29,0.00,0.00,S,,,CAD,CC
70026509,00317,02,1,20260527,105853,000000020101,1,3.39,3.39,0.00,0.00,S,,,CAD,DB
70026509,00317,02,2,20260527,105853,000000030203,1,11.49,11.49,0.00,0.00,S,,,CAD,DB
70026509,00317,02,3,20260527,105853,000000094302,2.180,7.49,16.33,0.00,0.00,S,,,CAD,DB
70026510,00317,03,1,20260527,184616,000004482003,1,7.49,7.49,1.87,0.35,S,,PC26W17,CAD,GC
70026510,00317,03,2,20260527,184616,000000040203,1,16.29,16.29,0.00,0.00,S,,,CAD,GC
70026510,00317,03,3,20260527,184616,000000031101,0.608,33.99,20.67,0.00,0.00,S,,,CAD,GC
70026511,00317,01,1,20260527,215915,000000005101,1,10.89,10.89,0.00,0.00,S,,,CAD,DB
70026512,00317,05,1,20260527,185331,000004482002,1,24.49,24.49,0.00,1.53,S,6084245088,,CAD,DB
70026512,00317,05,2,20260527,185331,000004473001,3,4.09,12.27,0.00,0.77,S,6084245088,,CAD,DB
70026513,00317,06,1,20260527,203133,000000005302,2,4.69,9.38,2.35,0.00,S,6046657437,PC26W17,CAD,GC
70026513,00317,06,2,20260527,203133,000000020202,2,8.09,16.18,0.00,0.00,S,6046657437,,CAD,GC
70026513,00317,06,3,20260527,203133,000004493001,1,7.49,7.49,0.00,0.47,S,6046657437,,CAD,GC
70026513,00317,06,4,20260527,203133,000000093325,1.609,5.39,8.67,0.00,0.00,S,6046657437,,CAD,GC
70026513,00317,06,5,20260527,203133,000000094102,2,4.69,9.38,0.00,0.00,S,6046657437,,CAD,GC
70026514,00317,06,1,20260527,173616,000000005302,1,4.69,4.69,1.17,0.00,S,6057784872,PC26W17,CAD,CC
70026515,00317,04,1,20260527,71950,000000093501,2,6.09,12.18,0.00,0.00,S,6019719975,,CAD,CC
70026515,00317,04,2,20260527,71950,000004472050,2,5.39,10.78,0.00,0.67,S,6019719975,,CAD,CC
70026516,00317,05,1,20260527,74235,000004472001,1,5.39,5.39,1.35,0.25,S,,PC26W17,CAD,CC
70026516,00317,05,2,20260527,74235,000000094301,1.943,5.99,11.64,0.00,0.00,S,,,CAD,CC
70026516,00317,05,3,20260527,74235,000000040203,2,16.29,32.58,0.00,0.00,S,,,CAD,CC
70026516,00317,05,4,20260527,74235,000000093502,1,5.39,5.39,0.00,0.00,S,,,CAD,CC
70026516,00317,05,5,20260527,74235,000004492002,1,1.99,1.99,0.00,0.12,S,,,CAD,CC
70026516,00317,05,6,20260527,74235,000000005202,2,8.09,16.18,4.04,0.00,S,,PC26W17,CAD,CC
70026517,00317,01,1,20260527,125155,000000551020,3,18.99,56.97,14.24,2.67,S,,PC26W17,CAD,CC
70026517,00317,01,2,20260527,125155,000004492003,1,3.09,3.09,0.00,0.19,S,,,CAD,CC
70026517,00317,01,3,20260527,125155,000004482002,1,24.49,24.49,0.00,1.53,S,,,CAD,CC
70026517,00317,01,4,20260527,125155,000004483002,1,4.69,4.69,0.00,0.29,S,,,CAD,CC
70026518,00322,03,1,20260527,162734,000000020102,1,4.69,4.69,0.00,0.00,S,,,CAD,DB
70026519,00322,01,1,20260527,150724,000000005302,1,4.69,4.69,1.17,0.00,S,6089490580,PC26W17,CAD,GC
70026520,00322,05,1,20260527,151541,000004472002,1,6.09,6.09,0.00,0.38,S,,,CAD,DB
70026520,00322,05,2,20260527,151541,000004473001,2,4.09,8.18,0.00,0.51,S,,,CAD,DB
70026521,00322,06,1,20260527,161037,000000030103,1,12.19,12.19,0.00,0.00,S,,,CAD,CC
70026521,00322,06,2,20260527,161037,000000561001,1,13.59,13.59,0.00,0.85,S,,,CAD,CC
70026521,00322,06,3,20260527,161037,000004472001,3,5.39,16.17,4.04,0.76,S,,PC26W17,CAD,CC
70026522,01042,04,1,20260528,153128,000000093401,1.386,5.49,7.61,0.00,0.00,S,6090892613,,USD,DB
70026523,01042,05,1,20260528,121922,000004482003,2,5.49,10.98,2.75,0.51,S,6068293844,PC26W17,USD,CC
70026524,01042,05,1,20260528,133948,000004491003,1,1.99,1.99,0.00,0.12,S,,,USD,DB
70026525,01042,04,1,20260528,141054,000004472001,1,3.99,3.99,1.00,0.19,S,6057978630,PC26W17,USD,GC
70026525,01042,04,2,20260528,141054,000000094102,2,3.49,6.98,0.00,0.00,S,6057978630,,USD,GC
70026525,01042,04,3,20260528,141054,000000093321,0.830,1.49,1.24,0.00,0.00,S,6057978630,,USD,GC
70026526,01042,05,1,20260528,93528,000004473001,1,2.99,2.99,0.00,0.19,S,6051371717,,USD,DB
70026526,01042,05,2,20260528,93528,000000093402,0.700,3.29,2.30,0.00,0.00,S,6051371717,,USD,DB
70026526,01042,05,3,20260528,93528,000000094103,1,3.79,3.79,0.00,0.00,S,6051371717,,USD,DB
70026526,01042,05,4,20260528,93528,000000093402,1.580,3.29,5.20,0.00,0.00,S,6051371717,,USD,DB
70026526,01042,05,5,20260528,93528,000004481003,1,4.99,4.99,0.00,0.31,S,6051371717,,USD,DB
70026526,01042,05,6,20260528,93528,000000020103,1,4.99,4.99,0.00,0.00,S,6051371717,,USD,DB
70026527,01042,03,1,20260528,174509,000000094103,1,3.79,3.79,0.00,0.00,S,,,USD,CS
70026527,01042,03,2,20260528,174509,000004492001,1,1.79,1.79,0.00,0.11,S,,,USD,CS
70026527,01042,03,3,20260528,174509,000000005102,1,5.49,5.49,0.00,0.00,S,,,USD,CS
70026528,01042,06,1,20260528,133236,000000551021,3,11.99,35.97,8.99,1.69,S,,PC26W17,USD,CC
70026528,01042,06,2,20260528,133236,000000040202,1,14.99,14.99,0.00,0.00,S,,,USD,CC
70026529,01042,01,1,20260528,183112,000004493002,1,3.99,3.99,0.00,0.25,S,,,USD,DB
70026529,01042,01,2,20260528,183112,000000030201,1,9.99,9.99,0.00,0.00,S,,,USD,DB
70026529,01042,01,3,20260528,183112,000000020103,1,4.99,4.99,0.00,0.00,S,,,USD,DB
70026529,01042,01,4,20260528,183112,000000031101,1.266,24.99,31.64,0.00,0.00,S,,,USD,DB
70026529,01042,01,5,20260528,183112,000004483002,1,3.49,3.49,0.00,0.22,S,,,USD,DB
70026530,01042,04,1,20260528,141553,000000094103,1,3.79,3.79,0.00,0.00,S,6097111212,,USD,DB
70026530,01042,04,2,20260528,141553,000000093503,1,4.29,4.29,0.00,0.00,S,6097111212,,USD,DB
70026530,01042,04,3,20260528,141553,000000040202,1,14.99,14.99,0.00,0.00,S,6097111212,,USD,DB
70026531,01042,03,1,20260528,73839,000000040203,1,11.99,11.99,0.00,0.00,S,,,USD,CS
70026532,01042,01,1,20260528,133315,000000094103,1,3.79,3.79,0.00,0.00,S,6072959639,,USD,DB
70026532,01042,01,2,20260528,133315,000004491003,1,1.99,1.99,0.00,0.12,S,6072959639,,USD,DB
70026532,01042,01,3,20260528,133315,000000020202,1,5.99,5.99,0.00,0.00,S,6072959639,,USD,DB
70026532,01042,01,4,20260528,133315,000000020103,1,4.99,4.99,0.00,0.00,S,6072959639,,USD,DB
70026533,01042,06,1,20260528,113601,000000030201,2,9.99,19.98,0.00,0.00,S,6083550542,,USD,DB
70026533,01042,06,2,20260528,113601,000000020201,2,5.49,10.98,0.00,0.00,S,6083550542,,USD,DB
70026534,01042,05,1,20260528,120455,000004492003,1,2.29,2.29,0.00,0.14,S,,,USD,GC
70026534,01042,05,2,20260528,120455,000000093502,1,3.99,3.99,0.00,0.00,S,,,USD,GC
70026535,01107,02,1,20260528,154342,000004493001,1,5.49,5.49,0.00,0.34,S,,,USD,CC
70026535,01107,02,2,20260528,154342,000000005202,1,5.99,5.99,1.50,0.00,S,,PC26W17,USD,CC
70026535,01107,02,3,20260528,154342,000000040202,1,14.99,14.99,0.00,0.00,S,,,USD,CC
70026535,01107,02,4,20260528,154342,000000040101,2.113,18.99,40.13,0.00,0.00,S,,,USD,CC
70026536,01107,03,1,20260528,144706,000000040203,1,11.99,11.99,0.00,0.00,S,,,USD,GC
70026537,01107,03,1,20260528,83153,000000093321,2.021,1.49,3.01,0.00,0.00,S,6041520850,,USD,GC
70026538,01107,03,1,20260528,110302,000000005201,1,3.99,3.99,0.00,0.00,S,6076665674,,USD,GC
70026539,01107,03,1,20260528,160735,000004472001,1,3.99,3.99,1.00,0.19,S,,PC26W17,USD,DB
70026539,01107,03,2,20260528,160735,000000040201,1,8.99,8.99,0.00,0.00,S,,,USD,DB
70026540,02210,06,1,20260528,121513,000000020103,2,4.99,9.98,0.00,0.00,S,,,USD,DB
70026541,02210,04,1,20260528,164834,000000030101,2,6.99,13.98,0.00,0.00,S,,,USD,GC
70026541,02210,04,2,20260528,164834,000004492003,1,2.29,2.29,0.00,0.14,S,,,USD,GC
70026542,02210,06,1,20260528,121354,000000551021,2,11.99,23.98,6.00,1.12,S,,PC26W17,USD,DB
70026542,02210,06,2,20260528,121354,000000551021,2,11.99,23.98,6.00,1.12,S,,PC26W17,USD,DB
70026542,02210,06,3,20260528,121354,000000030102,1,14.99,14.99,0.00,0.00,S,,,USD,DB
70026542,02210,06,4,20260528,121354,000000094203,1.396,1.49,2.08,0.00,0.00,S,,,USD,DB
70026542,02210,06,5,20260528,121354,000004492002,1,1.49,1.49,0.00,0.09,S,,,USD,DB
70026542,02210,06,6,20260528,121354,000000040203,1,11.99,11.99,0.00,0.00,S,,,USD,DB
70026543,02210,06,1,20260528,133842,000000093401,1.479,5.49,8.12,0.00,0.00,S,,,USD,DB
70026543,02210,06,2,20260528,133842,000004471023,2,3.49,6.98,0.00,0.44,S,,,USD,DB
70026543,02210,06,3,20260528,133842,000000562002,1,8.49,8.49,0.00,0.53,S,,,USD,DB
70026544,02211,03,1,20260528,195513,000000094201,0.909,1.69,1.54,0.00,0.00,S,6090947985,,USD,CC
70026545,02211,06,1,20260528,193749,000000551020,2,13.99,27.98,7.00,1.31,S,,PC26W17,USD,CS
70026546,02211,06,1,20260528,174904,000000005101,3,7.99,23.97,0.00,0.00,S,6089203880,,USD,CS
70026546,02211,06,2,20260528,174904,000004481001,1,7.99,7.99,0.00,0.50,S,6089203880,,USD,CS
70026546,02211,06,3,20260528,174904,000004482003,1,5.49,5.49,1.37,0.26,S,6089203880,PC26W17,USD,CS
70026546,02211,06,4,20260528,174904,000000040101,0.301,18.99,5.72,0.00,0.00,S,6089203880,,USD,CS
70026547,02211,04,1,20260528,92121,000004491002,3,6.99,20.97,0.00,1.31,S,,,USD,CC
70026547,02211,04,2,20260528,92121,000004472002,1,4.49,4.49,0.00,0.28,S,,,USD,CC
70026547,02211,04,3,20260528,92121,000000005202,2,5.99,11.98,3.00,0.00,S,,PC26W17,USD,CC
70026547,02211,04,4,20260528,92121,000004482003,1,5.49,5.49,1.37,0.26,S,,PC26W17,USD,CC
70026547,02211,04,5,20260528,92121,000004473001,1,2.99,2.99,0.00,0.19,S,,,USD,CC
70026547,02211,04,6,20260528,92121,000000040102,0.712,16.99,12.10,0.00,0.00,S,,,USD,CC
70026548,02211,03,1,20260528,150457,000004472001,1,3.99,3.99,1.00,0.19,S,6014057861,PC26W17,USD,GC
70026548,02211,03,2,20260528,150457,000000094301,0.464,4.39,2.04,0.00,0.00,S,6014057861,,USD,GC
70026548,02211,03,3,20260528,150457,000000020201,1,5.49,5.49,0.00,0.00,S,6014057861,,USD,GC
70026548,02211,03,4,20260528,150457,000004482003,1,5.49,5.49,1.37,0.26,S,6014057861,PC26W17,USD,GC
70026548,02211,03,5,20260528,150457,000000005302,2,3.49,6.98,1.75,0.00,S,6014057861,PC26W17,USD,GC
70026549,02305,01,1,20260528,152159,000000093503,3,4.29,12.87,0.00,0.00,S,6065952014,,USD,CC
70026549,02305,01,2,20260528,152159,000000030102,1,14.99,14.99,0.00,0.00,S,6065952014,,USD,CC
70026550,02305,03,1,20260528,122201,000000040201,1,8.99,8.99,0.00,0.00,S,6052895392,,USD,CC
70026551,02305,03,1,20260528,184904,000000005202,2,5.99,11.98,3.00,0.00,S,,PC26W17,USD,DB
70026552,02305,06,1,20260528,211606,000000552002,1,3.99,3.99,0.00,0.25,S,,,USD,DB
70026553,02305,02,1,20260528,101447,000004481001,1,7.99,7.99,0.00,0.50,S,6037052635,,USD,CC
70026553,02305,02,2,20260528,101447,000004483001,2,4.99,9.98,0.00,0.62,S,6037052635,,USD,CC
70026553,02305,02,3,20260528,101447,000004482001,1,13.99,13.99,0.00,0.87,S,6037052635,,USD,CC
70026553,02305,02,4,20260528,101447,000004492001,1,1.79,1.79,0.00,0.11,S,6037052635,,USD,CC
70026554,02305,01,1,20260528,91053,000000094103,1,3.79,3.79,0.00,0.00,S,,,USD,GC
70026554,02305,01,2,20260528,91053,000000562002,2,8.49,16.98,0.00,1.06,S,,,USD,GC
70026554,02305,01,3,20260528,91053,000004471030,2,3.99,7.98,0.00,0.50,S,,,USD,GC
70026554,02305,01,4,20260528,91053,000000094102,2,3.49,6.98,0.00,0.00,S,,,USD,GC
70026555,02305,06,1,20260528,82618,000004483002,1,3.49,3.49,0.00,0.22,S,6001061817,,USD,CC
70026556,02305,01,1,20260528,92706,000000562002,2,8.49,16.98,0.00,1.06,S,,,USD,GC
70026556,02305,01,2,20260528,92706,000004472002,1,4.49,4.49,0.00,0.28,S,,,USD,GC
70026557,02305,06,1,20260528,204929,000004471030,2,3.99,7.98,0.00,0.50,S,,,USD,DB
70026557,02305,06,2,20260528,204929,000000030202,2,11.49,22.98,0.00,0.00,S,,,USD,DB
70026558,02305,03,1,20260528,141449,000000093402,0.558,3.29,1.84,0.00,0.00,S,,,USD,CS
70026559,03050,05,1,20260528,90352,000000005301,1,5.49,5.49,0.00,0.00,S,,,USD,CC
70026559,03050,05,2,20260528,90352,000000005202,1,5.99,5.99,1.50,0.00,S,,PC26W17,USD,CC
70026560,03050,03,1,20260528,210413,000000561002,2,7.49,14.98,0.00,0.94,S,,,USD,DB
70026560,03050,03,2,20260528,210413,000000005020,1,4.49,4.49,0.00,0.00,S,,,USD,DB
70026561,03050,05,1,20260528,184724,000000005012,1,3.99,3.99,0.00,0.00,S,6021267888,,USD,CC
70026561,03050,05,2,20260528,184724,000000005020,1,4.49,4.49,0.00,0.00,S,6021267888,,USD,CC
70026562,00317,03,1,20260528,71814,000000040101,0.929,25.79,23.96,0.00,0.00,S,,,CAD,DB
70026562,00317,03,2,20260528,71814,000000005302,1,4.69,4.69,1.17,0.00,S,,PC26W17,CAD,DB
70026562,00317,03,3,20260528,71814,000004482003,1,7.49,7.49,1.87,0.35,S,,PC26W17,CAD,DB
70026563,00317,01,1,20260528,114123,000004491001,1,3.39,3.39,0.00,0.21,S,6038860868,,CAD,DB
70026563,00317,01,2,20260528,114123,000004472050,1,5.39,5.39,0.00,0.34,S,6038860868,,CAD,DB
70026564,00317,04,1,20260528,91834,000000020201,1,7.49,7.49,0.00,0.00,S,6041321147,,CAD,CC
70026564,00317,04,2,20260528,91834,000000094102,2,4.69,9.38,0.00,0.00,S,6041321147,,CAD,CC
70026564,00317,04,3,20260528,91834,000000020102,2,4.69,9.38,0.00,0.00,S,6041321147,,CAD,CC
70026564,00317,04,4,20260528,91834,000004473003,1,4.69,4.69,0.00,0.29,S,6041321147,,CAD,CC
70026564,00317,04,5,20260528,91834,000000020103,1,6.79,6.79,0.00,0.00,S,6041321147,,CAD,CC
70026565,00317,06,1,20260528,74408,000004482002,1,24.49,24.49,0.00,1.53,S,,,CAD,DB
70026566,00317,03,1,20260528,182458,000004483001,1,6.79,6.79,0.00,0.42,S,6078847951,,CAD,DB
70026566,00317,03,2,20260528,182458,000004482001,1,18.99,18.99,0.00,1.19,S,6078847951,,CAD,DB
70026567,00317,03,1,20260528,165924,000000551020,1,18.99,18.99,4.75,0.89,S,6066742860,PC26W17,CAD,DB
70026567,00317,03,2,20260528,165924,000000031101,0.787,33.99,26.75,0.00,0.00,S,6066742860,,CAD,DB
70026567,00317,03,3,20260528,165924,000000020101,2,3.39,6.78,0.00,0.00,S,6066742860,,CAD,DB
70026567,00317,03,4,20260528,165924,000004482003,1,7.49,7.49,1.87,0.35,S,6066742860,PC26W17,CAD,DB
70026568,00317,05,1,20260528,140711,000000551021,1,16.29,16.29,4.07,0.76,S,6024648449,PC26W17,CAD,DB
70026569,00317,03,1,20260528,102646,000000005102,1,7.49,7.49,0.00,0.00,S,6044925192,,CAD,DB
70026570,00317,04,1,20260528,121028,000000094302,0.343,7.49,2.57,0.00,0.00,S,,,CAD,DB
70026570,00317,04,2,20260528,121028,000000005301,2,7.49,14.98,0.00,0.00,S,,,CAD,DB
70026571,00317,02,1,20260528,201530,000000005302,1,4.69,4.69,1.17,0.00,S,,PC26W17,CAD,CC
70026571,00317,02,2,20260528,201530,000004492002,1,1.99,1.99,0.00,0.12,S,,,CAD,CC
70026571,00317,02,3,20260528,201530,000000561002,1,10.19,10.19,0.00,0.64,S,,,CAD,CC
70026572,00317,01,1,20260528,114111,000000005202,2,8.09,16.18,4.04,0.00,S,6083626448,PC26W17,CAD,CS
70026573,00317,04,1,20260528,92909,000000040102,0.956,23.09,22.07,0.00,0.00,S,6088044287,,CAD,GC
70026574,00322,05,1,20260528,215701,000004471023,2,4.69,9.38,0.00,0.59,S,6039205677,,CAD,CC
70026574,00322,05,2,20260528,215701,000000031101,0.985,33.99,33.48,0.00,0.00,S,6039205677,,CAD,CC
70026574,00322,05,3,20260528,215701,000000020103,2,6.79,13.58,0.00,0.00,S,6039205677,,CAD,CC
70026574,00322,05,4,20260528,215701,000000005101,1,10.89,10.89,0.00,0.00,S,6039205677,,CAD,CC
70026574,00322,05,5,20260528,215701,000000040202,3,20.39,61.17,0.00,0.00,S,6039205677,,CAD,CC
70026575,00322,01,1,20260528,161934,000000551021,1,16.29,16.29,4.07,0.76,S,,PC26W17,CAD,DB
70026575,00322,01,2,20260528,161934,000004471040,1,3.39,3.39,0.00,0.21,S,,,CAD,DB
70026575,00322,01,3,20260528,161934,000004492003,1,3.09,3.09,0.00,0.19,S,,,CAD,DB
70026575,00322,01,4,20260528,161934,000004482003,1,7.49,7.49,1.87,0.35,S,,PC26W17,CAD,DB
70026576,00322,06,1,20260528,173203,000000551020,1,18.99,18.99,4.75,0.89,S,6096263013,PC26W17,CAD,DB
70026576,00322,06,2,20260528,173203,000000005301,1,7.49,7.49,0.00,0.00,S,6096263013,,CAD,DB
70026576,00322,06,3,20260528,173203,000000005102,1,7.49,7.49,0.00,0.00,S,6096263013,,CAD,DB
70026577,00322,03,1,20260528,170641,000004493002,2,5.39,10.78,0.00,0.67,S,,,CAD,CC
70026578,00322,05,1,20260528,210522,000000040202,2,20.39,40.78,0.00,0.00,S,,,CAD,DB
70026578,00322,05,2,20260528,210522,000004492001,1,2.39,2.39,0.00,0.15,S,,,CAD,DB
70026578,00322,05,3,20260528,210522,000004481001,1,10.89,10.89,0.00,0.68,S,,,CAD,DB
70026579,00322,05,1,20260528,191315,000004473003,1,4.69,4.69,0.00,0.29,S,,,CAD,GC
70026580,00322,05,1,20260528,162253,000000030103,1,12.19,12.19,0.00,0.00,S,6095894773,,CAD,DB
70026580,00322,05,2,20260528,162253,000004472050,1,5.39,5.39,0.00,0.34,S,6095894773,,CAD,DB
70026580,00322,05,3,20260528,162253,000004472050,2,5.39,10.78,0.00,0.67,S,6095894773,,CAD,DB
70026580,00322,05,4,20260528,162253,000000040202,1,20.39,20.39,0.00,0.00,S,6095894773,,CAD,DB
70026580,00322,05,5,20260528,162253,000004473002,1,3.79,3.79,0.00,0.24,S,6095894773,,CAD,DB
70026581,01042,02,1,20260529,135809,000000005103,1,6.99,6.99,0.00,0.00,S,,,USD,CC
70026581,01042,02,2,20260529,135809,000000020103,2,4.99,9.98,0.00,0.00,S,,,USD,CC
70026581,01042,02,3,20260529,135809,000000020103,1,4.99,4.99,0.00,0.00,S,,,USD,CC
70026582,01042,02,1,20260529,181820,000000093501,1,4.49,4.49,0.00,0.00,S,,,USD,GC
70026583,01042,01,1,20260529,155815,000000552001,2,4.49,8.98,0.00,0.56,S,6040376137,,USD,CC
70026583,01042,01,2,20260529,155815,000000551020,1,13.99,13.99,3.50,0.66,S,6040376137,PC26W17,USD,CC
70026583,01042,01,3,20260529,155815,000004473002,1,2.79,2.79,0.00,0.17,S,6040376137,,USD,CC
70026584,01042,04,1,20260529,100257,000004491001,1,2.49,2.49,0.00,0.16,S,6026801824,,USD,DB
70026584,01042,04,2,20260529,100257,000000093401,2.117,5.49,11.62,0.00,0.00,S,6026801824,,USD,DB
70026585,01042,06,1,20260529,153857,000000093325,0.593,3.99,2.37,0.00,0.00,S,,,USD,CS
70026585,01042,06,2,20260529,153857,000000005013,1,3.89,3.89,0.00,0.00,S,,,USD,CS
70026585,01042,06,3,20260529,153857,000004493001,2,5.49,10.98,0.00,0.69,S,,,USD,CS
70026585,01042,06,4,20260529,153857,000000005012,1,3.99,3.99,0.00,0.00,S,,,USD,CS
70026586,01042,03,1,20260529,192746,000000094302,1.331,5.49,7.31,0.00,0.00,S,,,USD,CC
70026587,01042,02,1,20260529,170839,000000551020,1,13.99,13.99,3.50,0.66,S,6081974005,PC26W17,USD,CS
70026587,01042,02,2,20260529,170839,000000093325,1.913,3.99,7.63,0.00,0.00,S,6081974005,,USD,CS
70026587,01042,02,3,20260529,170839,000000093325,0.464,3.99,1.85,0.00,0.00,S,6081974005,,USD,CS
70026587,01042,02,4,20260529,170839,000004472001,1,3.99,3.99,1.00,0.19,S,6081974005,PC26W17,USD,CS
70026588,01042,01,1,20260529,104922,000000005013,1,3.89,3.89,0.00,0.00,S,,,USD,CS
70026588,01042,01,2,20260529,104922,000004481003,1,4.99,4.99,0.00,0.31,S,,,USD,CS
70026588,01042,01,3,20260529,104922,000000094201,1.035,1.69,1.75,0.00,0.00,S,,,USD,CS
70026589,01042,03,1,20260529,192124,000000005201,1,3.99,3.99,0.00,0.00,S,,,USD,CC
70026589,01042,03,2,20260529,192124,000004471023,1,3.49,3.49,0.00,0.22,S,,,USD,CC
70026589,01042,03,3,20260529,192124,000004491002,1,6.99,6.99,0.00,0.44,S,,,USD,CC
70026589,01042,03,4,20260529,192124,000004481001,1,7.99,7.99,0.00,0.50,S,,,USD,CC
70026589,01042,03,5,20260529,192124,000004482003,1,5.49,5.49,1.37,0.26,S,,PC26W17,USD,CC
70026590,01042,03,1,20260529,145455,000000552002,1,3.99,3.99,0.00,0.25,S,,,USD,CC
70026590,01042,03,2,20260529,145455,000000020102,2,3.49,6.98,0.00,0.00,S,,,USD,CC
70026590,01042,03,3,20260529,145455,000004481003,1,4.99,4.99,0.00,0.31,S,,,USD,CC
70026590,01042,03,4,20260529,145455,000000020201,1,5.49,5.49,0.00,0.00,S,,,USD,CC
70026590,01042,03,5,20260529,145455,000000005101,1,7.99,7.99,0.00,0.00,S,,,USD,CC
70026591,01042,06,1,20260529,181426,000000094101,1,3.99,3.99,0.00,0.00,S,6040755366,,USD,DB
70026591,01042,06,2,20260529,181426,000004482003,2,5.49,10.98,2.75,0.51,S,6040755366,PC26W17,USD,DB
70026591,01042,06,3,20260529,181426,000004472003,3,3.29,9.87,0.00,0.62,S,6040755366,,USD,DB
70026591,01042,06,4,20260529,181426,000000005201,1,3.99,3.99,0.00,0.00,S,6040755366,,USD,DB
70026591,01042,06,5,20260529,181426,000000561002,1,7.49,7.49,0.00,0.47,S,6040755366,,USD,DB
70026591,01042,06,6,20260529,181426,000000093501,1,4.49,4.49,0.00,0.00,S,6040755366,,USD,DB
70026592,01042,05,1,20260529,73123,000004471023,1,3.49,3.49,0.00,0.22,R,,,USD,CS
70026593,01042,03,1,20260529,151427,000004472001,1,3.99,3.99,1.00,0.19,S,,PC26W17,USD,CS
70026594,01042,04,1,20260529,93714,000000005102,1,5.49,5.49,0.00,0.00,S,6060566418,,USD,CC
70026594,01042,04,2,20260529,93714,000004492002,1,1.49,1.49,0.00,0.09,S,6060566418,,USD,CC
70026594,01042,04,3,20260529,93714,000000562002,2,8.49,16.98,0.00,1.06,S,6060566418,,USD,CC
70026595,01042,04,1,20260529,100556,000000040203,3,11.99,35.97,0.00,0.00,S,,,USD,CS
70026595,01042,04,2,20260529,100556,000000005302,1,3.49,3.49,0.87,0.00,S,,PC26W17,USD,CS
70026595,01042,04,3,20260529,100556,000004482002,1,17.99,17.99,0.00,1.12,S,,,USD,CS
70026595,01042,04,4,20260529,100556,000004472001,2,3.99,7.98,2.00,0.37,S,,PC26W17,USD,CS
70026595,01042,04,5,20260529,100556,000000093322,2.193,1.99,4.36,0.00,0.00,S,,,USD,CS
70026595,01042,04,6,20260529,100556,000000005302,1,3.49,3.49,0.00,0.00,V,,,USD,CS
70026596,01042,06,1,20260529,212015,000000005302,1,3.49,3.49,0.87,0.00,S,6041448850,PC26W17,USD,CC
70026597,01107,06,1,20260529,213703,000000040102,1.169,16.99,19.86,0.00,0.00,S,6025887449,,USD,CS
70026598,01107,05,1,20260529,104421,000000005102,3,5.49,16.47,0.00,0.00,S,6040559342,,USD,CC
70026598,01107,05,2,20260529,104421,000000551020,1,13.99,13.99,3.50,0.66,S,6040559342,PC26W17,USD,CC
70026598,01107,05,3,20260529,104421,000004482003,1,5.49,5.49,1.37,0.26,S,6040559342,PC26W17,USD,CC
70026599,01107,02,1,20260529,194600,000000040101,0.512,18.99,9.72,0.00,0.00,S,6008501657,,USD,CC
70026600,01107,01,1,20260529,184200,000000005101,1,7.99,7.99,0.00,0.00,S,,,USD,DB
70026600,01107,01,2,20260529,184200,000000005013,1,3.89,3.89,0.00,0.00,S,,,USD,DB
70026600,01107,01,3,20260529,184200,000000040101,1.463,18.99,27.78,0.00,0.00,S,,,USD,DB
70026601,02210,02,1,20260529,154152,000000005202,1,5.99,5.99,1.50,0.00,S,,PC26W17,USD,CC
70026601,02210,02,2,20260529,154152,000004493002,1,3.99,3.99,0.00,0.25,S,,,USD,CC
70026602,02210,01,1,20260529,165329,000000030203,1,8.49,8.49,0.00,0.00,S,6036820506,,USD,CC
70026602,02210,01,2,20260529,165329,000000561001,1,9.99,9.99,0.00,0.62,S,6036820506,,USD,CC
70026603,02210,05,1,20260529,184906,000004473001,3,2.99,8.97,0.00,0.56,S,6040679176,,USD,CC
70026603,02210,05,2,20260529,184906,000000093322,0.473,1.99,0.94,0.00,0.00,S,6040679176,,USD,CC
70026603,02210,05,3,20260529,184906,000004492003,1,2.29,2.29,0.00,0.14,S,6040679176,,USD,CC
70026603,02210,05,4,20260529,184906,000004483001,1,4.99,4.99,0.00,0.31,S,6040679176,,USD,CC
70026604,02210,05,1,20260529,201614,000004492003,1,2.29,2.29,0.00,0.14,S,,,USD,DB
70026604,02210,05,2,20260529,201614,000000094101,1,3.99,3.99,0.00,0.00,S,,,USD,DB
70026604,02210,05,3,20260529,201614,000000020102,1,3.49,3.49,0.00,0.00,S,,,USD,DB
70026604,02210,05,4,20260529,201614,000000093325,1.356,3.99,5.41,0.00,0.00,S,,,USD,DB
70026604,02210,05,5,20260529,201614,000000040201,1,8.99,8.99,0.00,0.00,S,,,USD,DB
70026604,02210,05,6,20260529,201614,000000561001,1,9.99,9.99,0.00,0.62,S,,,USD,DB
70026605,02210,04,1,20260529,103033,000004482003,1,5.49,5.49,1.37,0.26,S,6040258835,PC26W17,USD,GC
70026606,02210,05,1,20260529,80010,000004492002,1,1.49,1.49,0.00,0.09,S,,,USD,DB
70026607,02210,01,1,20260529,170613,000004482001,2,13.99,27.98,0.00,1.75,S,,,USD,DB
70026607,02210,01,2,20260529,170613,000004481001,2,7.99,15.98,0.00,1.00,S,,,USD,DB
70026608,02210,06,1,20260529,125657,000000005202,2,5.99,11.98,3.00,0.00,S,6016781126,PC26W17,USD,CC
70026608,02210,06,2,20260529,125657,000000094103,1,3.79,3.79,0.00,0.00,S,6016781126,,USD,CC
70026608,02210,06,3,20260529,125657,000000094203,0.590,1.49,0.88,0.00,0.00,S,6016781126,,USD,CC
70026608,02210,06,4,20260529,125657,000004482003,2,5.49,10.98,2.75,0.51,S,6016781126,PC26W17,USD,CC
70026609,02211,02,1,20260529,202139,000000020202,1,5.99,5.99,0.00,0.00,S,6011249125,,USD,DB
70026609,02211,02,2,20260529,202139,000004483001,1,4.99,4.99,0.00,0.31,S,6011249125,,USD,DB
70026609,02211,02,3,20260529,202139,000000040202,1,14.99,14.99,0.00,0.00,S,6011249125,,USD,DB
70026609,02211,02,4,20260529,202139,000004473002,2,2.79,5.58,0.00,0.35,S,6011249125,,USD,DB
70026610,02211,04,1,20260529,192827,000004482003,1,5.49,5.49,1.37,0.26,S,,PC26W17,USD,DB
70026611,02211,05,1,20260529,141557,000000005302,1,3.49,3.49,0.87,0.00,S,,PC26W17,USD,GC
70026611,02211,05,2,20260529,141557,000000005202,1,5.99,5.99,1.50,0.00,S,,PC26W17,USD,GC
70026611,02211,05,3,20260529,141557,000000040102,0.925,16.99,15.72,0.00,0.00,S,,,USD,GC
70026612,02211,01,1,20260529,173312,000000020102,1,3.49,3.49,0.00,0.00,S,6031465911,,USD,GC
70026613,02211,06,1,20260529,185512,000000031102,1.912,19.99,38.22,0.00,0.00,S,,,USD,DB
70026613,02211,06,2,20260529,185512,000004481001,1,7.99,7.99,0.00,0.50,S,,,USD,DB
70026613,02211,06,3,20260529,185512,000000020102,1,3.49,3.49,0.00,0.00,S,,,USD,DB
70026613,02211,06,4,20260529,185512,000004481001,1,7.99,7.99,0.00,0.50,S,,,USD,DB
70026613,02211,06,5,20260529,185512,000000094202,1.749,1.99,3.48,0.00,0.00,S,,,USD,DB
70026614,02211,05,1,20260529,71822,000004472002,1,4.49,4.49,0.00,0.28,S,6028341108,,USD,CC
70026615,02211,03,1,20260529,150830,000000005020,1,4.49,4.49,0.00,0.00,S,,,USD,CC
70026615,02211,03,2,20260529,150830,000004482003,1,5.49,5.49,1.37,0.26,S,,PC26W17,USD,CC
70026615,02211,03,3,20260529,150830,000004471040,1,2.49,2.49,0.00,0.16,S,,,USD,CC
70026615,02211,03,4,20260529,150830,000000020102,1,3.49,3.49,0.00,0.00,S,,,USD,CC
70026616,02211,01,1,20260529,142354,000000094202,1.493,1.99,2.97,0.00,0.00,R,,,USD,GC
70026617,02305,05,1,20260529,212127,000000031102,1.128,19.99,22.55,0.00,0.00,S,,,USD,CC
70026617,02305,05,2,20260529,212127,000000031102,1.128,19.99,22.55,0.00,0.00,V,,,USD,CC
70026618,02305,06,1,20260529,133828,000004471040,1,2.49,2.49,0.00,0.16,S,,,USD,CC
70026619,02305,05,1,20260529,202003,000000005012,1,3.99,3.99,0.00,0.00,S,6077687290,,USD,CC
70026619,02305,05,2,20260529,202003,000004491002,1,6.99,6.99,0.00,0.44,S,6077687290,,USD,CC
70026619,02305,05,3,20260529,202003,000000094301,0.589,4.39,2.59,0.00,0.00,S,6077687290,,USD,CC
70026619,02305,05,4,20260529,202003,000000093502,2,3.99,7.98,0.00,0.00,S,6077687290,,USD,CC
70026620,02305,04,1,20260529,70705,000004471030,1,3.99,3.99,0.00,0.25,S,,,USD,DB
70026620,02305,04,2,20260529,70705,000000561002,1,7.49,7.49,0.00,0.47,S,,,USD,DB
70026621,02305,06,1,20260529,210723,000000040203,1,11.99,11.99,0.00,0.00,S,6058414384,,USD,CC
70026621,02305,06,2,20260529,210723,000004473003,1,3.49,3.49,0.00,0.22,S,6058414384,,USD,CC
70026621,02305,06,3,20260529,210723,000004473003,1,3.49,3.49,0.00,0.22,V,6058414384,,USD,CC
70026622,02305,01,1,20260529,212037,000000030101,2,6.99,13.98,0.00,0.00,S,6081664969,,USD,CS
70026622,02305,01,2,20260529,212037,000000031101,1.694,24.99,42.33,0.00,0.00,S,6081664969,,USD,CS
70026622,02305,01,3,20260529,212037,000000030201,1,9.99,9.99,0.00,0.00,S,6081664969,,USD,CS
70026623,02305,06,1,20260529,101055,000000093325,0.732,3.99,2.92,0.00,0.00,S,6096932591,,USD,CC
70026624,02305,06,1,20260529,215222,000000551021,1,11.99,11.99,3.00,0.56,S,,PC26W17,USD,DB
70026624,02305,06,2,20260529,215222,000000040202,1,14.99,14.99,0.00,0.00,S,,,USD,DB
70026625,02305,04,1,20260529,84224,000000030102,1,14.99,14.99,0.00,0.00,S,,,USD,GC
70026625,02305,04,2,20260529,84224,000000005102,2,5.49,10.98,0.00,0.00,S,,,USD,GC
70026625,02305,04,3,20260529,84224,000000094302,2.088,5.49,11.46,0.00,0.00,S,,,USD,GC
70026626,02305,04,1,20260529,92832,000004472001,1,3.99,3.99,1.00,0.19,S,6006065274,PC26W17,USD,CC
70026627,02305,01,1,20260529,134518,000004482003,1,5.49,5.49,1.37,0.26,S,6039660558,PC26W17,USD,CS
70026627,02305,01,2,20260529,134518,000000040201,1,8.99,8.99,0.00,0.00,S,6039660558,,USD,CS
70026627,02305,01,3,20260529,134518,000004472001,1,3.99,3.99,1.00,0.19,S,6039660558,PC26W17,USD,CS
70026627,02305,01,4,20260529,134518,000004472001,1,3.99,3.99,1.00,0.19,S,6039660558,PC26W17,USD,CS
70026628,02305,05,1,20260529,91454,000000093321,1.618,1.49,2.41,0.00,0.00,S,,,USD,DB
70026628,02305,05,2,20260529,91454,000004471030,1,3.99,3.99,0.00,0.25,S,,,USD,DB
70026628,02305,05,3,20260529,91454,000000093502,1,3.99,3.99,0.00,0.00,S,,,USD,DB
70026628,02305,05,4,20260529,91454,000000005012,1,3.99,3.99,0.00,0.00,S,,,USD,DB
70026628,02305,05,5,20260529,91454,000004492003,1,2.29,2.29,0.00,0.14,S,,,USD,DB
70026629,02305,02,1,20260529,121308,000004481001,1,7.99,7.99,0.00,0.50,S,,,USD,CC
70026629,02305,02,2,20260529,121308,000004481001,3,7.99,23.97,0.00,1.50,S,,,USD,CC
70026630,03050,06,1,20260529,102204,000000562002,2,8.49,16.98,0.00,1.06,S,6052450864,,USD,CC
70026630,03050,06,2,20260529,102204,000000005302,1,3.49,3.49,0.87,0.00,S,6052450864,PC26W17,USD,CC
70026630,03050,06,3,20260529,102204,000000020102,1,3.49,3.49,0.00,0.00,S,6052450864,,USD,CC
70026631,03050,02,1,20260529,92933,000004492001,1,1.79,1.79,0.00,0.11,S,,,USD,GC
70026631,03050,02,2,20260529,92933,000000551021,1,11.99,11.99,3.00,0.56,S,,PC26W17,USD,GC
70026632,03050,01,1,20260529,183925,000000030202,1,11.49,11.49,0.00,0.00,S,6029960653,,USD,GC
70026632,03050,01,2,20260529,183925,000000093401,1.931,5.49,10.60,0.00,0.00,S,6029960653,,USD,GC
70026632,03050,01,3,20260529,183925,000000551020,2,13.99,27.98,7.00,1.31,S,6029960653,PC26W17,USD,GC
70026633,03050,04,1,20260529,173302,000000005103,2,6.99,13.98,0.00,0.00,S,,,USD,GC
70026633,03050,04,2,20260529,173302,000000030201,1,9.99,9.99,0.00,0.00,S,,,USD,GC
70026633,03050,04,3,20260529,173302,000000005201,1,3.99,3.99,0.00,0.00,S,,,USD,GC
70026634,03050,02,1,20260529,173019,000004482002,2,17.99,35.98,0.00,2.25,S,,,USD,GC
70026634,03050,02,2,20260529,173019,000000094302,1.956,5.49,10.74,0.00,0.00,S,,,USD,GC
70026634,03050,02,3,20260529,173019,000000031102,0.898,19.99,17.95,0.00,0.00,S,,,USD,GC
70026634,03050,02,4,20260529,173019,000000005202,1,5.99,5.99,1.50,0.00,S,,PC26W17,USD,GC
70026634,03050,02,5,20260529,173019,000004491003,1,1.99,1.99,0.00,0.12,S,,,USD,GC
70026634,03050,02,6,20260529,173019,000004472001,1,3.99,3.99,1.00,0.19,S,,PC26W17,USD,GC
70026635,03050,01,1,20260529,162849,000000005302,1,3.49,3.49,0.87,0.00,S,6089421044,PC26W17,USD,CS
70026635,03050,01,2,20260529,162849,000004491002,3,6.99,20.97,0.00,1.31,S,6089421044,,USD,CS
70026635,03050,01,3,20260529,162849,000000094203,0.972,1.49,1.45,0.00,0.00,S,6089421044,,USD,CS
70026635,03050,01,4,20260529,162849,000004482003,1,5.49,5.49,1.37,0.26,S,6089421044,PC26W17,USD,CS
70026635,03050,01,5,20260529,162849,000000020101,1,2.49,2.49,0.00,0.00,S,6089421044,,USD,CS
70026635,03050,01,6,20260529,162849,000000552001,1,4.49,4.49,0.00,0.28,S,6089421044,,USD,CS
70026636,03050,01,1,20260529,82451,000004472002,1,4.49,4.49,0.00,0.28,S,6006271531,,USD,DB
70026636,03050,01,2,20260529,82451,000000040202,1,14.99,14.99,0.00,0.00,S,6006271531,,USD,DB
70026637,03050,01,1,20260529,210926,000000005012,1,3.99,3.99,0.00,0.00,S,6051502675,,USD,CC
70026637,03050,01,2,20260529,210926,000000093401,1.129,5.49,6.20,0.00,0.00,S,6051502675,,USD,CC
70026637,03050,01,3,20260529,210926,000000005020,1,4.49,4.49,0.00,0.00,S,6051502675,,USD,CC
70026637,03050,01,4,20260529,210926,000000005103,1,6.99,6.99,0.00,0.00,S,6051502675,,USD,CC
70026637,03050,01,5,20260529,210926,000004481003,1,4.99,4.99,0.00,0.31,S,6051502675,,USD,CC
70026638,03050,03,1,20260529,181519,000000030201,1,9.99,9.99,0.00,0.00,S,6049187274,,USD,DB
70026638,03050,03,2,20260529,181519,000004483002,1,3.49,3.49,0.00,0.22,S,6049187274,,USD,DB
70026638,03050,03,3,20260529,181519,000004473001,2,2.99,5.98,0.00,0.37,S,6049187274,,USD,DB
70026639,03050,06,1,20260529,195230,000000094301,1.704,4.39,7.48,0.00,0.00,S,6024268774,,USD,DB
70026640,03050,06,1,20260529,191001,000000005202,1,5.99,5.99,1.50,0.00,S,6026620157,PC26W17,USD,GC
70026640,03050,06,2,20260529,191001,000000030202,1,11.49,11.49,0.00,0.00,S,6026620157,,USD,GC
70026640,03050,06,3,20260529,191001,000000093503,1,4.29,4.29,0.00,0.00,S,6026620157,,USD,GC
70026641,03050,02,1,20260529,195917,000000020102,1,3.49,3.49,0.00,0.00,S,6026368970,,USD,GC
70026641,03050,02,2,20260529,195917,000000093321,1.485,1.49,2.21,0.00,0.00,S,6026368970,,USD,GC
70026642,03050,04,1,20260529,75047,000000551021,1,11.99,11.99,3.00,0.56,S,,PC26W17,USD,DB
70026642,03050,04,2,20260529,75047,000004472002,1,4.49,4.49,0.00,0.28,S,,,USD,DB
70026643,03050,05,1,20260529,202046,000000093402,1.493,3.29,4.91,0.00,0.00,S,6049187274,,USD,GC
70026643,03050,05,2,20260529,202046,000000093502,1,3.99,3.99,0.00,0.00,S,6049187274,,USD,GC
70026644,03050,02,1,20260529,71908,000004482002,1,17.99,17.99,0.00,1.12,S,,,USD,DB
70026644,03050,02,2,20260529,71908,000000005201,1,3.99,3.99,0.00,0.00,S,,,USD,DB
70026644,03050,02,3,20260529,71908,000000093503,1,4.29,4.29,0.00,0.00,S,,,USD,DB
70026644,03050,02,4,20260529,71908,000004472003,1,3.29,3.29,0.00,0.21,S,,,USD,DB
70026644,03050,02,5,20260529,71908,000000094102,3,3.49,10.47,0.00,0.00,S,,,USD,DB
70026645,03050,01,1,20260529,134453,000004473002,1,2.79,2.79,0.00,0.17,S,,,USD,CS
70026645,03050,01,2,20260529,134453,000000020101,1,2.49,2.49,0.00,0.00,S,,,USD,CS
70026646,03050,01,1,20260529,73717,000000005020,1,4.49,4.49,0.00,0.00,S,,,USD,CS
70026646,03050,01,2,20260529,73717,000004472002,2,4.49,8.98,0.00,0.56,S,,,USD,CS
70026646,03050,01,3,20260529,73717,000000005013,1,3.89,3.89,0.00,0.00,S,,,USD,CS
70026646,03050,01,4,20260529,73717,000004491002,1,6.99,6.99,0.00,0.44,S,,,USD,CS
70026647,03050,05,1,20260529,163131,000000040203,1,11.99,11.99,0.00,0.00,S,,,USD,DB
70026647,03050,05,2,20260529,163131,000000005103,1,6.99,6.99,0.00,0.00,S,,,USD,DB
70026647,03050,05,3,20260529,163131,000004491001,1,2.49,2.49,0.00,0.16,S,,,USD,DB
70026647,03050,05,4,20260529,163131,000004492003,3,2.29,6.87,0.00,0.43,S,,,USD,DB
70026647,03050,05,5,20260529,163131,000000562001,1,10.99,10.99,0.00,0.69,S,,,USD,DB
70026648,03050,01,1,20260529,122837,000000040202,1,14.99,14.99,0.00,0.00,S,,,USD,CS
70026648,03050,01,2,20260529,122837,000000093410,0.903,3.99,3.60,0.00,0.00,S,,,USD,CS
70026648,03050,01,3,20260529,122837,000004492001,1,1.79,1.79,0.00,0.11,S,,,USD,CS
70026649,00317,03,1,20260529,200342,000000093501,1,6.09,6.09,0.00,0.00,S,,,CAD,CC
70026650,00317,05,1,20260529,92830,000000093503,2,5.79,11.58,0.00,0.00,S,,,CAD,CS
70026650,00317,05,2,20260529,92830,000000005201,1,5.39,5.39,0.00,0.00,S,,,CAD,CS
70026651,00317,03,1,20260529,145848,000004492001,2,2.39,4.78,0.00,0.30,S,,,CAD,GC
70026651,00317,03,2,20260529,145848,000000093325,0.345,5.39,1.86,0.00,0.00,S,,,CAD,GC
70026652,00317,06,1,20260529,124715,000004481001,1,10.89,10.89,0.00,0.68,S,,,CAD,DB
70026653,00317,03,1,20260529,141823,000000094302,0.729,7.49,5.46,0.00,0.00,S,6087020701,,CAD,DB
70026653,00317,03,2,20260529,141823,000004482003,1,7.49,7.49,1.87,0.35,S,6087020701,PC26W17,CAD,DB
70026654,00317,03,1,20260529,101313,000000020102,1,4.69,4.69,0.00,0.00,S,,,CAD,CC
70026655,00317,01,1,20260529,125440,000000005202,2,8.09,16.18,4.04,0.00,S,,PC26W17,CAD,DB
70026655,00317,01,2,20260529,125440,000004482002,1,24.49,24.49,0.00,1.53,S,,,CAD,DB
70026656,00317,04,1,20260529,210458,000004472002,2,6.09,12.18,0.00,0.76,S,6090789567,,CAD,CC
70026656,00317,04,2,20260529,210458,000004473002,1,3.79,3.79,0.00,0.24,S,6090789567,,CAD,CC
70026656,00317,04,3,20260529,210458,000000551020,2,18.99,37.98,9.49,1.78,S,6090789567,PC26W17,CAD,CC
70026656,00317,04,4,20260529,210458,000000093501,3,6.09,18.27,0.00,0.00,S,6090789567,,CAD,CC
70026657,00317,02,1,20260529,123250,000000040101,1.003,25.79,25.87,0.00,0.00,S,,,CAD,GC
70026657,00317,02,2,20260529,123250,000004473003,1,4.69,4.69,0.00,0.29,S,,,CAD,GC
70026657,00317,02,3,20260529,123250,000004493002,1,5.39,5.39,0.00,0.34,S,,,CAD,GC
70026658,00317,06,1,20260529,94812,000004472001,1,5.39,5.39,1.35,0.25,S,,PC26W17,CAD,DB
70026658,00317,06,2,20260529,94812,000004482003,1,7.49,7.49,1.87,0.35,S,,PC26W17,CAD,DB
70026658,00317,06,3,20260529,94812,000000093321,1.269,1.99,2.53,0.00,0.00,S,,,CAD,DB
70026658,00317,06,4,20260529,94812,000004483002,1,4.69,4.69,0.00,0.29,S,,,CAD,DB
70026659,00322,06,1,20260529,112509,000000005202,1,8.09,8.09,2.02,0.00,S,,PC26W17,CAD,DB
70026659,00322,06,2,20260529,112509,000000005013,2,5.29,10.58,0.00,0.00,S,,,CAD,DB
70026660,00322,06,1,20260529,115842,000000040202,1,20.39,20.39,0.00,0.00,S,,,CAD,DB
70026660,00322,06,2,20260529,115842,000000040203,1,16.29,16.29,0.00,0.00,S,,,CAD,DB
70026660,00322,06,3,20260529,115842,000000552002,1,5.39,5.39,0.00,0.34,S,,,CAD,DB
70026661,00322,03,1,20260529,134614,000000040202,1,20.39,20.39,0.00,0.00,S,6078654362,,CAD,CS
70026661,00322,03,2,20260529,134614,000004482002,1,24.49,24.49,0.00,1.53,S,6078654362,,CAD,CS
70026661,00322,03,3,20260529,134614,000004482002,1,24.49,24.49,0.00,1.53,S,6078654362,,CAD,CS
70026661,00322,03,4,20260529,134614,000004492002,1,1.99,1.99,0.00,0.12,S,6078654362,,CAD,CS
70026661,00322,03,5,20260529,134614,000000551020,2,18.99,37.98,9.49,1.78,S,6078654362,PC26W17,CAD,CS
70026661,00322,03,6,20260529,134614,000000020103,1,6.79,6.79,0.00,0.00,S,6078654362,,CAD,CS
70026662,00322,03,1,20260529,110004,000000093322,0.489,2.69,1.32,0.00,0.00,S,6079371452,,CAD,CS
70026663,00322,03,1,20260529,205649,000000005302,1,4.69,4.69,1.17,0.00,S,6059572446,PC26W17,CAD,CS
70026663,00322,03,2,20260529,205649,000004481001,1,10.89,10.89,0.00,0.68,S,6059572446,,CAD,CS
70026663,00322,03,3,20260529,205649,000004481003,1,6.79,6.79,0.00,0.42,S,6059572446,,CAD,CS
70026663,00322,03,4,20260529,205649,000004482002,1,24.49,24.49,0.00,1.53,S,6059572446,,CAD,CS
70026663,00322,03,5,20260529,205649,000000094201,2.035,2.29,4.66,0.00,0.00,S,6059572446,,CAD,CS
70026664,00322,05,1,20260529,190410,000000005020,1,6.09,6.09,0.00,0.00,S,6002574326,,CAD,CS
70026664,00322,05,2,20260529,190410,000004483001,1,6.79,6.79,0.00,0.42,S,6002574326,,CAD,CS
70026665,01042,01,1,20260530,185813,000004492003,2,2.29,4.58,0.00,0.29,S,,,USD,CC
70026666,01042,01,1,20260530,71342,000004472001,1,3.99,3.99,1.00,0.19,S,,PC26W17,USD,CC
70026666,01042,01,2,20260530,71342,000000552002,1,3.99,3.99,0.00,0.25,S,,,USD,CC
70026667,01042,02,1,20260530,180514,000000005301,1,5.49,5.49,0.00,0.00,S,,,USD,CS
70026667,01042,02,2,20260530,180514,000000040203,2,11.99,23.98,0.00,0.00,S,,,USD,CS
70026667,01042,02,3,20260530,180514,000000093503,1,4.29,4.29,0.00,0.00,S,,,USD,CS
70026667,01042,02,4,20260530,180514,000000005302,1,3.49,3.49,0.87,0.00,S,,PC26W17,USD,CS
70026667,01042,02,5,20260530,180514,000000020202,1,5.99,5.99,0.00,0.00,S,,,USD,CS
70026668,01042,04,1,20260530,142645,000004471023,1,3.49,3.49,0.00,0.22,S,,,USD,DB
70026669,01042,02,1,20260530,72156,000000562001,1,10.99,10.99,0.00,0.69,S,,,USD,CC
70026669,01042,02,2,20260530,72156,000000551021,1,11.99,11.99,3.00,0.56,S,,PC26W17,USD,CC
70026669,01042,02,3,20260530,72156,000000005012,1,3.99,3.99,0.00,0.00,S,,,USD,CC
70026670,01042,01,1,20260530,154753,000000020201,1,5.49,5.49,0.00,0.00,S,,,USD,CC
70026670,01042,01,2,20260530,154753,000000020201,1,5.49,5.49,0.00,0.00,S,,,USD,CC
70026670,01042,01,3,20260530,154753,000004482003,2,5.49,10.98,2.75,0.51,S,,PC26W17,USD,CC
70026671,01042,02,1,20260530,213347,000000093402,1.824,3.29,6.00,0.00,0.00,S,,,USD,CS
70026671,01042,02,2,20260530,213347,000000551020,1,13.99,13.99,3.50,0.66,S,,PC26W17,USD,CS
70026671,01042,02,3,20260530,213347,000004491002,1,6.99,6.99,0.00,0.44,S,,,USD,CS
70026671,01042,02,4,20260530,213347,000000094203,2.096,1.49,3.12,0.00,0.00,S,,,USD,CS
70026671,01042,02,5,20260530,213347,000000005301,2,5.49,10.98,0.00,0.00,S,,,USD,CS
70026672,01042,05,1,20260530,161246,000000093502,1,3.99,3.99,0.00,0.00,S,,,USD,CC
70026673,01042,05,1,20260530,71608,000004482003,1,5.49,5.49,1.37,0.26,S,6022823052,PC26W17,USD,CC
70026673,01042,05,2,20260530,71608,000004472003,1,3.29,3.29,0.00,0.21,S,6022823052,,USD,CC
70026673,01042,05,3,20260530,71608,000000551021,1,11.99,11.99,3.00,0.56,S,6022823052,PC26W17,USD,CC
70026673,01042,05,4,20260530,71608,000000005101,1,7.99,7.99,0.00,0.00,S,6022823052,,USD,CC
70026673,01042,05,5,20260530,71608,000000005201,1,3.99,3.99,0.00,0.00,S,6022823052,,USD,CC
70026674,01042,02,1,20260530,163930,000000030203,2,8.49,16.98,0.00,0.00,S,6024572308,,USD,GC
70026674,01042,02,2,20260530,163930,000000562002,1,8.49,8.49,0.00,0.53,S,6024572308,,USD,GC
70026674,01042,02,3,20260530,163930,000004473002,1,2.79,2.79,0.00,0.17,S,6024572308,,USD,GC
70026674,01042,02,4,20260530,163930,000000551021,1,11.99,11.99,3.00,0.56,S,6024572308,PC26W17,USD,GC
70026674,01042,02,5,20260530,163930,000004471030,1,3.99,3.99,0.00,0.25,S,6024572308,,USD,GC
70026674,01042,02,6,20260530,163930,000004481003,1,4.99,4.99,0.00,0.31,S,6024572308,,USD,GC
70026675,01042,02,1,20260530,124522,000000020102,1,3.49,3.49,0.00,0.00,S,6022091241,,USD,CC
70026676,01042,01,1,20260530,74452,000000093501,1,4.49,4.49,0.00,0.00,S,,,USD,CC
70026677,01107,06,1,20260530,111358,000004491002,1,6.99,6.99,0.00,0.44,S,6064455618,,USD,DB
70026677,01107,06,2,20260530,111358,000000020101,3,2.49,7.47,0.00,0.00,S,6064455618,,USD,DB
70026677,01107,06,3,20260530,111358,000004482003,1,5.49,5.49,1.37,0.26,S,6064455618,PC26W17,USD,DB
70026677,01107,06,4,20260530,111358,000004481001,1,7.99,7.99,0.00,0.50,S,6064455618,,USD,DB
70026677,01107,06,5,20260530,111358,000004483001,2,4.99,9.98,0.00,0.62,S,6064455618,,USD,DB
70026678,01107,01,1,20260530,70707,000000005202,2,5.99,11.98,3.00,0.00,S,,PC26W17,USD,GC
70026678,01107,01,2,20260530,70707,000004481001,1,7.99,7.99,0.00,0.50,S,,,USD,GC
70026678,01107,01,3,20260530,70707,000000005103,1,6.99,6.99,0.00,0.00,S,,,USD,GC
70026679,01107,06,1,20260530,201725,000004482002,1,17.99,17.99,0.00,1.12,S,,,USD,DB
70026679,01107,06,2,20260530,201725,000004483001,2,4.99,9.98,0.00,0.62,S,,,USD,DB
70026679,01107,06,3,20260530,201725,000000005201,1,3.99,3.99,0.00,0.00,S,,,USD,DB
70026679,01107,06,4,20260530,201725,000000005202,1,5.99,5.99,1.50,0.00,S,,PC26W17,USD,DB
70026679,01107,06,5,20260530,201725,000000561002,1,7.49,7.49,0.00,0.47,S,,,USD,DB
70026679,01107,06,6,20260530,201725,000000561002,1,7.49,7.49,0.00,0.47,S,,,USD,DB
70026680,01107,06,1,20260530,200949,000004481001,1,7.99,7.99,0.00,0.50,S,,,USD,CS
70026680,01107,06,2,20260530,200949,000000020101,1,2.49,2.49,0.00,0.00,S,,,USD,CS
70026680,01107,06,3,20260530,200949,000000020103,1,4.99,4.99,0.00,0.00,S,,,USD,CS
70026680,01107,06,4,20260530,200949,000004471030,3,3.99,11.97,0.00,0.75,S,,,USD,CS
70026681,01107,04,1,20260530,73107,000004473002,1,2.79,2.79,0.00,0.17,S,6071559835,,USD,GC
70026681,01107,04,2,20260530,73107,000000005013,1,3.89,3.89,0.00,0.00,S,6071559835,,USD,GC
70026681,01107,04,3,20260530,73107,000004473003,3,3.49,10.47,0.00,0.65,S,6071559835,,USD,GC
70026681,01107,04,4,20260530,73107,000000020103,1,4.99,4.99,0.00,0.00,S,6071559835,,USD,GC
70026682,01107,06,1,20260530,194013,000000040102,1.338,16.99,22.73,0.00,0.00,S,,,USD,CC
70026682,01107,06,2,20260530,194013,000000020202,1,5.99,5.99,0.00,0.00,S,,,USD,CC
70026682,01107,06,3,20260530,194013,000000040102,0.528,16.99,8.97,0.00,0.00,S,,,USD,CC
70026682,01107,06,4,20260530,194013,000004492002,1,1.49,1.49,0.00,0.09,S,,,USD,CC
70026682,01107,06,5,20260530,194013,000004491002,2,6.99,13.98,0.00,0.87,S,,,USD,CC
70026682,01107,06,6,20260530,194013,000000020103,1,4.99,4.99,0.00,0.00,S,,,USD,CC
70026683,01107,05,1,20260530,90122,000004482003,1,5.49,5.49,1.37,0.26,S,6075636205,PC26W17,USD,GC
70026684,01107,04,1,20260530,204431,000000040101,1.296,18.99,24.61,0.00,0.00,S,,,USD,DB
70026685,01107,03,1,20260530,165840,000000093402,0.270,3.29,0.89,0.00,0.00,S,,,USD,GC
70026685,01107,03,2,20260530,165840,000004483001,3,4.99,14.97,0.00,0.94,S,,,USD,GC
70026686,01107,06,1,20260530,170823,000004492001,2,1.79,3.58,0.00,0.22,S,6050000001,,USD,GC
70026686,01107,06,2,20260530,170823,000000020202,1,5.99,5.99,0.00,0.00,S,6050000001,,USD,GC
70026686,01107,06,3,20260530,170823,000000040102,2.085,16.99,35.42,0.00,0.00,S,6050000001,,USD,GC
70026686,01107,06,4,20260530,170823,000000005302,1,3.49,3.49,0.87,0.00,S,6050000001,PC26W17,USD,GC
70026687,01107,02,1,20260530,173914,000000040102,1.772,16.99,30.11,0.00,0.00,S,6039561372,,USD,CC
70026688,02210,06,1,20260530,191001,000004473001,2,2.99,5.98,0.00,0.37,S,6042177625,,USD,GC
70026688,02210,06,2,20260530,191001,000004473001,1,2.99,2.99,0.00,0.19,S,6042177625,,USD,GC
70026688,02210,06,3,20260530,191001,000000094201,0.421,1.69,0.71,0.00,0.00,S,6042177625,,USD,GC
70026689,02210,05,1,20260530,141150,000004481001,2,7.99,15.98,0.00,1.00,S,6004145456,,USD,DB
70026689,02210,05,2,20260530,141150,000004491003,1,1.99,1.99,0.00,0.12,S,6004145456,,USD,DB
70026689,02210,05,3,20260530,141150,000004483001,1,4.99,4.99,0.00,0.31,S,6004145456,,USD,DB
70026690,02210,04,1,20260530,114259,000000040101,2.100,18.99,39.88,0.00,0.00,S,6053092511,,USD,CS
70026690,02210,04,2,20260530,114259,000000020202,1,5.99,5.99,0.00,0.00,S,6053092511,,USD,CS
70026690,02210,04,3,20260530,114259,000000020202,1,5.99,5.99,0.00,0.00,S,6053092511,,USD,CS
70026690,02210,04,4,20260530,114259,000004491002,1,6.99,6.99,0.00,0.44,S,6053092511,,USD,CS
70026690,02210,04,5,20260530,114259,000000005301,1,5.49,5.49,0.00,0.00,S,6053092511,,USD,CS
70026691,02210,06,1,20260530,183459,000000551020,1,13.99,13.99,3.50,0.66,S,,PC26W17,USD,DB
70026691,02210,06,2,20260530,183459,000000094202,0.365,1.99,0.73,0.00,0.00,S,,,USD,DB
70026691,02210,06,3,20260530,183459,000004491002,1,6.99,6.99,0.00,0.44,S,,,USD,DB
70026691,02210,06,4,20260530,183459,000004481003,1,4.99,4.99,0.00,0.31,S,,,USD,DB
70026692,02210,05,1,20260530,74555,000004473002,1,2.79,2.79,0.00,0.17,S,6093008931,,USD,DB
70026693,02210,03,1,20260530,154337,000000040201,1,8.99,8.99,0.00,0.00,S,6072084964,,USD,CC
70026693,02210,03,2,20260530,154337,000000005302,1,3.49,3.49,0.87,0.00,S,6072084964,PC26W17,USD,CC
70026693,02210,03,3,20260530,154337,000004492003,3,2.29,6.87,0.00,0.43,S,6072084964,,USD,CC
70026693,02210,03,4,20260530,154337,000000561001,1,9.99,9.99,0.00,0.62,S,6072084964,,USD,CC
70026694,02210,05,1,20260530,162829,000004491001,1,2.49,2.49,0.00,0.16,R,6005080184,,USD,DB
70026695,02210,03,1,20260530,74300,000000093322,1.890,1.99,3.76,0.00,0.00,S,6092745238,,USD,CC
70026695,02210,03,2,20260530,74300,000000562002,2,8.49,16.98,0.00,1.06,S,6092745238,,USD,CC
70026695,02210,03,3,20260530,74300,000000020101,1,2.49,2.49,0.00,0.00,S,6092745238,,USD,CC
70026695,02210,03,4,20260530,74300,000004481001,3,7.99,23.97,0.00,1.50,S,6092745238,,USD,CC
70026696,02210,02,1,20260530,183723,000000005020,1,4.49,4.49,0.00,0.00,S,,,USD,CC
70026696,02210,02,2,20260530,183723,000004482003,1,5.49,5.49,1.37,0.26,S,,PC26W17,USD,CC
70026696,02210,02,3,20260530,183723,000004472001,1,3.99,3.99,1.00,0.19,S,,PC26W17,USD,CC
70026697,02210,03,1,20260530,192347,000004493001,1,5.49,5.49,0.00,0.34,S,6071753556,,USD,DB
70026697,02210,03,2,20260530,192347,000000094201,0.377,1.69,0.64,0.00,0.00,S,6071753556,,USD,DB
70026698,02210,06,1,20260530,120602,000000020202,1,5.99,5.99,0.00,0.00,S,6098953439,,USD,CS
70026698,02210,06,2,20260530,120602,000000020102,1,3.49,3.49,0.00,0.00,S,6098953439,,USD,CS
70026698,02210,06,3,20260530,120602,000000551021,1,11.99,11.99,3.00,0.56,S,6098953439,PC26W17,USD,CS
70026698,02210,06,4,20260530,120602,000000005301,1,5.49,5.49,0.00,0.00,S,6098953439,,USD,CS
70026699,02210,06,1,20260530,141712,000000031102,1.108,19.99,22.15,0.00,0.00,S,,,USD,CS
70026699,02210,06,2,20260530,141712,000000005201,2,3.99,7.98,0.00,0.00,S,,,USD,CS
70026699,02210,06,3,20260530,141712,000000005202,1,5.99,5.99,1.50,0.00,S,,PC26W17,USD,CS
70026699,02210,06,4,20260530,141712,000000094201,0.378,1.69,0.64,0.00,0.00,S,,,USD,CS
70026700,02210,06,1,20260530,131207,000000093501,1,4.49,4.49,0.00,0.00,S,6092745238,,USD,GC
70026701,02211,02,1,20260530,92407,000004492001,1,1.79,1.79,0.00,0.11,S,,,USD,GC
70026702,02211,01,1,20260530,152315,000004482001,2,13.99,27.98,0.00,1.75,S,6079311029,,USD,GC
70026702,02211,01,2,20260530,152315,000004491002,1,6.99,6.99,0.00,0.44,S,6079311029,,USD,GC
70026702,02211,01,3,20260530,152315,000000040202,1,14.99,14.99,0.00,0.00,S,6079311029,,USD,GC
70026703,02211,06,1,20260530,93615,000004491002,1,6.99,6.99,0.00,0.44,S,,,USD,DB
70026703,02211,06,2,20260530,93615,000004472003,1,3.29,3.29,0.00,0.21,S,,,USD,DB
70026703,02211,06,3,20260530,93615,000000005012,3,3.99,11.97,0.00,0.00,S,,,USD,DB
70026704,02211,01,1,20260530,153349,000000093402,0.625,3.29,2.06,0.00,0.00,S,,,USD,CC
70026704,02211,01,2,20260530,153349,000004493002,1,3.99,3.99,0.00,0.25,S,,,USD,CC
70026704,02211,01,3,20260530,153349,000004483002,1,3.49,3.49,0.00,0.22,S,,,USD,CC
70026705,02211,05,1,20260530,95846,000000020202,1,5.99,5.99,0.00,0.00,S,6026801824,,USD,CS
70026705,02211,05,2,20260530,95846,000000094202,0.683,1.99,1.36,0.00,0.00,S,6026801824,,USD,CS
70026705,02211,05,3,20260530,95846,000000040201,1,8.99,8.99,0.00,0.00,S,6026801824,,USD,CS
70026705,02211,05,4,20260530,95846,000004483001,1,4.99,4.99,0.00,0.31,S,6026801824,,USD,CS
70026706,02211,04,1,20260530,81013,000004483002,2,3.49,6.98,0.00,0.44,S,,,USD,CC
70026706,02211,04,2,20260530,81013,000004481001,2,7.99,15.98,0.00,1.00,S,,,USD,CC
70026707,02305,05,1,20260530,140321,000000093501,1,4.49,4.49,0.00,0.00,S,6058631441,,USD,GC
70026708,02305,06,1,20260530,163846,000004482003,1,5.49,5.49,1.37,0.26,S,,PC26W17,USD,DB
70026708,02305,06,2,20260530,163846,000000020101,2,2.49,4.98,0.00,0.00,S,,,USD,DB
70026708,02305,06,3,20260530,163846,000000093321,2.112,1.49,3.15,0.00,0.00,S,,,USD,DB
70026708,02305,06,4,20260530,163846,000000093325,1.211,3.99,4.83,0.00,0.00,S,,,USD,DB
70026708,02305,06,5,20260530,163846,000000552002,1,3.99,3.99,0.00,0.25,S,,,USD,DB
70026708,02305,06,6,20260530,163846,000004491001,1,2.49,2.49,0.00,0.16,S,,,USD,DB
70026709,02305,05,1,20260530,84509,000000030103,1,8.99,8.99,0.00,0.00,S,6099465796,,USD,CC
70026709,02305,05,2,20260530,84509,000000093502,2,3.99,7.98,0.00,0.00,S,6099465796,,USD,CC
70026709,02305,05,3,20260530,84509,000000005020,2,4.49,8.98,0.00,0.00,S,6099465796,,USD,CC
70026709,02305,05,4,20260530,84509,000004481001,2,7.99,15.98,0.00,1.00,S,6099465796,,USD,CC
70026709,02305,05,5,20260530,84509,000000005302,1,3.49,3.49,0.87,0.00,S,6099465796,PC26W17,USD,CC
70026710,02305,05,1,20260530,212308,000000093321,1.327,1.49,1.98,0.00,0.00,S,6014837537,,USD,CS
70026710,02305,05,2,20260530,212308,000000093503,1,4.29,4.29,0.00,0.00,S,6014837537,,USD,CS
70026710,02305,05,3,20260530,212308,000000093325,1.693,3.99,6.76,0.00,0.00,S,6014837537,,USD,CS
70026710,02305,05,4,20260530,212308,000000093321,1.366,1.49,2.04,0.00,0.00,S,6014837537,,USD,CS
70026710,02305,05,5,20260530,212308,000000020102,1,3.49,3.49,0.00,0.00,S,6014837537,,USD,CS
70026710,02305,05,6,20260530,212308,000000551021,1,11.99,11.99,3.00,0.56,S,6014837537,PC26W17,USD,CS
70026711,02305,02,1,20260530,85722,000000093401,1.692,5.49,9.29,0.00,0.00,S,,,USD,GC
70026711,02305,02,2,20260530,85722,000000005101,1,7.99,7.99,0.00,0.00,S,,,USD,GC
70026712,02305,04,1,20260530,125734,000004492003,1,2.29,2.29,0.00,0.14,S,,,USD,DB
70026712,02305,04,2,20260530,125734,000000030203,1,8.49,8.49,0.00,0.00,S,,,USD,DB
70026712,02305,04,3,20260530,125734,000000020201,3,5.49,16.47,0.00,0.00,S,,,USD,DB
70026713,02305,03,1,20260530,195615,000000040203,1,11.99,11.99,0.00,0.00,S,,,USD,DB
70026713,02305,03,2,20260530,195615,000000551021,2,11.99,23.98,6.00,1.12,S,,PC26W17,USD,DB
70026714,02305,04,1,20260530,201510,000000005013,1,3.89,3.89,0.00,0.00,S,,,USD,CC
70026714,02305,04,2,20260530,201510,000000094202,1.844,1.99,3.67,0.00,0.00,S,,,USD,CC
70026714,02305,04,3,20260530,201510,000000005302,1,3.49,3.49,0.87,0.00,S,,PC26W17,USD,CC
70026714,02305,04,4,20260530,201510,000004472002,1,4.49,4.49,0.00,0.28,S,,,USD,CC
70026715,02305,06,1,20260530,142623,000000040101,1.781,18.99,33.82,0.00,0.00,S,6034191825,,USD,GC
70026715,02305,06,2,20260530,142623,000000093402,1.694,3.29,5.57,0.00,0.00,S,6034191825,,USD,GC
70026715,02305,06,3,20260530,142623,000000030201,1,9.99,9.99,0.00,0.00,S,6034191825,,USD,GC
70026715,02305,06,4,20260530,142623,000004491002,1,6.99,6.99,0.00,0.44,S,6034191825,,USD,GC
70026716,02305,04,1,20260530,192145,000000020103,1,4.99,4.99,0.00,0.00,S,,,USD,DB
70026717,02305,06,1,20260530,93310,000000094102,2,3.49,6.98,0.00,0.00,S,,,USD,CS
70026717,02305,06,2,20260530,93310,000000561001,1,9.99,9.99,0.00,0.62,S,,,USD,CS
70026717,02305,06,3,20260530,93310,000000093501,1,4.49,4.49,0.00,0.00,S,,,USD,CS
70026718,02305,05,1,20260530,115050,000000005012,1,3.99,3.99,0.00,0.00,S,6049305966,,USD,CS
70026718,02305,05,2,20260530,115050,000000093322,1.344,1.99,2.67,0.00,0.00,S,6049305966,,USD,CS
70026719,02305,03,1,20260530,74639,000000005103,1,6.99,6.99,0.00,0.00,S,,,USD,CC
70026719,02305,03,2,20260530,74639,000000093502,1,3.99,3.99,0.00,0.00,S,,,USD,CC
70026719,02305,03,3,20260530,74639,000000040101,0.590,18.99,11.20,0.00,0.00,S,,,USD,CC
70026719,02305,03,4,20260530,74639,000000031101,1.081,24.99,27.01,0.00,0.00,S,,,USD,CC
70026719,02305,03,5,20260530,74639,000000005202,1,5.99,5.99,1.50,0.00,S,,PC26W17,USD,CC
70026720,02305,06,1,20260530,112048,000004492001,1,1.79,1.79,0.00,0.11,S,6025652704,,USD,DB
70026721,02305,06,1,20260530,133119,000000093502,1,3.99,3.99,0.00,0.00,S,,,USD,DB
70026721,02305,06,2,20260530,133119,000000040203,1,11.99,11.99,0.00,0.00,S,,,USD,DB
70026721,02305,06,3,20260530,133119,000000040202,1,14.99,14.99,0.00,0.00,S,,,USD,DB
70026721,02305,06,4,20260530,133119,000004482003,1,5.49,5.49,1.37,0.26,S,,PC26W17,USD,DB
70026721,02305,06,5,20260530,133119,000000093402,1.065,3.29,3.50,0.00,0.00,S,,,USD,DB
70026721,02305,06,6,20260530,133119,000000005101,1,7.99,7.99,0.00,0.00,S,,,USD,DB
70026722,02305,02,1,20260530,163019,000004491001,2,2.49,4.98,0.00,0.31,S,6066984902,,USD,CC
70026722,02305,02,2,20260530,163019,000000020102,1,3.49,3.49,0.00,0.00,S,6066984902,,USD,CC
70026722,02305,02,3,20260530,163019,000000005103,1,6.99,6.99,0.00,0.00,S,6066984902,,USD,CC
70026723,02305,05,1,20260530,162331,000000005103,1,6.99,6.99,0.00,0.00,S,6014708272,,USD,DB
70026723,02305,05,2,20260530,162331,000000020102,1,3.49,3.49,0.00,0.00,S,6014708272,,USD,DB
70026723,02305,05,3,20260530,162331,000004493001,1,5.49,5.49,0.00,0.34,S,6014708272,,USD,DB
70026723,02305,05,4,20260530,162331,000000030203,1,8.49,8.49,0.00,0.00,S,6014708272,,USD,DB
70026724,02305,05,1,20260530,215203,000004472001,1,3.99,3.99,1.00,0.19,S,,PC26W17,USD,CC
70026724,02305,05,2,20260530,215203,000000040202,3,14.99,44.97,0.00,0.00,S,,,USD,CC
70026724,02305,05,3,20260530,215203,000004492001,3,1.79,5.37,0.00,0.34,S,,,USD,CC
70026724,02305,05,4,20260530,215203,000000551021,3,11.99,35.97,8.99,1.69,S,,PC26W17,USD,CC
70026725,02305,01,1,20260530,81225,000000005020,1,4.49,4.49,0.00,0.00,S,6056972521,,USD,DB
70026725,02305,01,2,20260530,81225,000004481001,2,7.99,15.98,0.00,1.00,S,6056972521,,USD,DB
70026726,02305,06,1,20260530,161023,000004492003,1,2.29,2.29,0.00,0.14,S,,,USD,DB
70026726,02305,06,2,20260530,161023,000000005202,1,5.99,5.99,1.50,0.00,S,,PC26W17,USD,DB
70026727,02305,03,1,20260530,120606,000000093321,1.756,1.49,2.62,0.00,0.00,S,,,USD,CC
70026728,02305,03,1,20260530,114709,000000093401,1.749,5.49,9.60,0.00,0.00,S,6060229394,,USD,CS
70026728,02305,03,2,20260530,114709,000004491003,1,1.99,1.99,0.00,0.12,S,6060229394,,USD,CS
70026729,02305,03,1,20260530,213738,000000020202,1,5.99,5.99,0.00,0.00,R,,,USD,DB
70026730,03050,02,1,20260530,210903,000004473003,1,3.49,3.49,0.00,0.22,S,,,USD,CC
70026730,03050,02,2,20260530,210903,000000020201,1,5.49,5.49,0.00,0.00,S,,,USD,CC
70026730,03050,02,3,20260530,210903,000000005012,2,3.99,7.98,0.00,0.00,S,,,USD,CC
70026730,03050,02,4,20260530,210903,000004493001,2,5.49,10.98,0.00,0.69,S,,,USD,CC
70026730,03050,02,5,20260530,210903,000004483001,3,4.99,14.97,0.00,0.94,S,,,USD,CC
70026731,03050,01,1,20260530,185336,000000040202,1,14.99,14.99,0.00,0.00,S,6086338392,,USD,CS
70026731,03050,01,2,20260530,185336,000004473003,1,3.49,3.49,0.00,0.22,S,6086338392,,USD,CS
70026731,03050,01,3,20260530,185336,000000093410,1.810,3.99,7.22,0.00,0.00,S,6086338392,,USD,CS
70026731,03050,01,4,20260530,185336,000000094101,1,3.99,3.99,0.00,0.00,S,6086338392,,USD,CS
70026731,03050,01,5,20260530,185336,000000005103,1,6.99,6.99,0.00,0.00,S,6086338392,,USD,CS
70026732,03050,03,1,20260530,124101,000004492003,1,2.29,2.29,0.00,0.14,S,6086978292,,USD,CC
70026732,03050,03,2,20260530,124101,000004492002,1,1.49,1.49,0.00,0.09,S,6086978292,,USD,CC
70026733,03050,03,1,20260530,130815,000000020102,1,3.49,3.49,0.00,0.00,S,,,USD,CS
70026733,03050,03,2,20260530,130815,000000040102,0.683,16.99,11.60,0.00,0.00,S,,,USD,CS
70026733,03050,03,3,20260530,130815,000004473002,1,2.79,2.79,0.00,0.17,S,,,USD,CS
70026734,03050,05,1,20260530,211838,000000093410,2.035,3.99,8.12,0.00,0.00,S,,,USD,CC
70026734,03050,05,2,20260530,211838,000004471030,3,3.99,11.97,0.00,0.75,S,,,USD,CC
70026735,03050,03,1,20260530,150037,000004472001,2,3.99,7.98,2.00,0.37,S,,PC26W17,USD,CS
70026735,03050,03,2,20260530,150037,000000005301,1,5.49,5.49,0.00,0.00,S,,,USD,CS
70026735,03050,03,3,20260530,150037,000000093410,1.781,3.99,7.11,0.00,0.00,S,,,USD,CS
70026735,03050,03,4,20260530,150037,000000551020,1,13.99,13.99,3.50,0.66,S,,PC26W17,USD,CS
70026736,03050,01,1,20260530,80946,000000040101,0.860,18.99,16.33,0.00,0.00,S,6039060480,,USD,CC
70026736,03050,01,2,20260530,80946,000004493001,2,5.49,10.98,0.00,0.69,S,6039060480,,USD,CC
70026736,03050,01,3,20260530,80946,000000005102,1,5.49,5.49,0.00,0.00,S,6039060480,,USD,CC
70026736,03050,01,4,20260530,80946,000004472001,1,3.99,3.99,1.00,0.19,S,6039060480,PC26W17,USD,CC
70026736,03050,01,5,20260530,80946,000004472001,1,3.99,3.99,1.00,0.19,S,6039060480,PC26W17,USD,CC
70026736,03050,01,6,20260530,80946,000000094201,1.450,1.69,2.45,0.00,0.00,S,6039060480,,USD,CC
70026737,03050,06,1,20260530,213706,000004471030,1,3.99,3.99,0.00,0.25,S,6061203471,,USD,CC
70026737,03050,06,2,20260530,213706,000000020201,1,5.49,5.49,0.00,0.00,S,6061203471,,USD,CC
70026737,03050,06,3,20260530,213706,000000040102,1.046,16.99,17.77,0.00,0.00,S,6061203471,,USD,CC
70026738,03050,05,1,20260530,200949,000000561001,2,9.99,19.98,0.00,1.25,S,6013717850,,USD,DB
70026738,03050,05,2,20260530,200949,000000562001,1,10.99,10.99,0.00,0.69,S,6013717850,,USD,DB
70026738,03050,05,3,20260530,200949,000000561002,1,7.49,7.49,0.00,0.47,S,6013717850,,USD,DB
70026738,03050,05,4,20260530,200949,000000094102,2,3.49,6.98,0.00,0.00,S,6013717850,,USD,DB
70026738,03050,05,5,20260530,200949,000004482001,2,13.99,27.98,0.00,1.75,S,6013717850,,USD,DB
70026738,03050,05,6,20260530,200949,000000094201,2.029,1.69,3.43,0.00,0.00,S,6013717850,,USD,DB
70026739,03050,02,1,20260530,204902,000004473001,1,2.99,2.99,0.00,0.19,S,,,USD,CC
70026740,00317,04,1,20260530,100532,000000551020,1,18.99,18.99,4.75,0.89,S,6091792025,PC26W17,CAD,DB
70026740,00317,04,2,20260530,100532,000000020102,2,4.69,9.38,0.00,0.00,S,6091792025,,CAD,DB
70026741,00317,04,1,20260530,165935,000000005013,1,5.29,5.29,0.00,0.00,S,6093289634,,CAD,DB
70026741,00317,04,2,20260530,165935,000000551021,1,16.29,16.29,4.07,0.76,S,6093289634,PC26W17,CAD,DB
70026741,00317,04,3,20260530,165935,000000020101,1,3.39,3.39,0.00,0.00,S,6093289634,,CAD,DB
70026741,00317,04,4,20260530,165935,000000093501,1,6.09,6.09,0.00,0.00,S,6093289634,,CAD,DB
70026741,00317,04,5,20260530,165935,000000040201,1,12.19,12.19,0.00,0.00,S,6093289634,,CAD,DB
70026741,00317,04,6,20260530,165935,000000030201,1,13.59,13.59,0.00,0.00,S,6093289634,,CAD,DB
70026742,00317,03,1,20260530,192010,000004471023,1,4.69,4.69,0.00,0.29,S,6079071416,,CAD,CS
70026742,00317,03,2,20260530,192010,000000094203,1.303,1.99,2.59,0.00,0.00,S,6079071416,,CAD,CS
70026742,00317,03,3,20260530,192010,000000094201,0.560,2.29,1.28,0.00,0.00,S,6079071416,,CAD,CS
70026742,00317,03,4,20260530,192010,000000005020,1,6.09,6.09,0.00,0.00,S,6079071416,,CAD,CS
70026743,00317,03,1,20260530,140538,000000561001,1,13.59,13.59,0.00,0.85,S,,,CAD,GC
70026743,00317,03,2,20260530,140538,000000030203,1,11.49,11.49,0.00,0.00,S,,,CAD,GC
70026743,00317,03,3,20260530,140538,000000094101,2,5.39,10.78,0.00,0.00,S,,,CAD,GC
70026743,00317,03,4,20260530,140538,000000005201,1,5.39,5.39,0.00,0.00,S,,,CAD,GC
70026744,00317,03,1,20260530,181808,000004473001,1,4.09,4.09,0.00,0.26,S,,,CAD,DB
70026744,00317,03,2,20260530,181808,000000005020,1,6.09,6.09,0.00,0.00,S,,,CAD,DB
70026745,00317,02,1,20260530,143040,000004492003,1,3.09,3.09,0.00,0.19,S,6094562557,,CAD,CC
70026745,00317,02,2,20260530,143040,000000005302,3,4.69,14.07,3.52,0.00,S,6094562557,PC26W17,CAD,CC
70026746,00317,03,1,20260530,175928,000000005302,1,4.69,4.69,1.17,0.00,S,,PC26W17,CAD,CC
70026746,00317,03,2,20260530,175928,000000031102,0.420,27.19,11.42,0.00,0.00,S,,,CAD,CC
70026746,00317,03,3,20260530,175928,000000561001,1,13.59,13.59,0.00,0.85,S,,,CAD,CC
70026746,00317,03,4,20260530,175928,000000020103,1,6.79,6.79,0.00,0.00,S,,,CAD,CC
70026746,00317,03,5,20260530,175928,000004481001,2,10.89,21.78,0.00,1.36,S,,,CAD,CC
70026747,00317,03,1,20260530,84424,000000005302,1,4.69,4.69,1.17,0.00,S,,PC26W17,CAD,CC
70026747,00317,03,2,20260530,84424,000000005202,1,8.09,8.09,2.02,0.00,S,,PC26W17,CAD,CC
70026748,00317,06,1,20260530,90200,000004471030,1,5.39,5.39,0.00,0.34,S,6083626448,,CAD,CC
70026749,00317,03,1,20260530,154627,000000040202,1,20.39,20.39,0.00,0.00,S,,,CAD,CC
70026749,00317,03,2,20260530,154627,000000030202,1,15.59,15.59,0.00,0.00,S,,,CAD,CC
70026749,00317,03,3,20260530,154627,000000005012,1,5.39,5.39,0.00,0.00,S,,,CAD,CC
70026750,00317,02,1,20260530,152958,000000005301,1,7.49,7.49,0.00,0.00,S,,,CAD,GC
70026750,00317,02,2,20260530,152958,000000030102,2,20.39,40.78,0.00,0.00,S,,,CAD,GC
70026750,00317,02,3,20260530,152958,000000551021,1,16.29,16.29,4.07,0.76,S,,PC26W17,CAD,GC
70026751,00317,03,1,20260530,73753,000000020101,1,3.39,3.39,0.00,0.00,S,,,CAD,DB
70026752,00317,01,1,20260530,214731,000000094202,1.579,2.69,4.25,0.00,0.00,S,,,CAD,DB
70026752,00317,01,2,20260530,214731,000000040102,0.530,23.09,12.24,0.00,0.00,S,,,CAD,DB
70026752,00317,01,3,20260530,214731,000000020201,1,7.49,7.49,0.00,0.00,S,,,CAD,DB
70026753,00317,02,1,20260530,91119,000004491001,1,3.39,3.39,0.00,0.21,S,,,CAD,CC
70026754,00317,03,1,20260530,75832,000000005201,3,5.39,16.17,0.00,0.00,S,,,CAD,GC
70026754,00317,03,2,20260530,75832,000000040202,1,20.39,20.39,0.00,0.00,S,,,CAD,GC
70026754,00317,03,3,20260530,75832,000004471040,3,3.39,10.17,0.00,0.64,S,,,CAD,GC
70026755,00317,03,1,20260530,100603,000000561002,2,10.19,20.38,0.00,1.27,S,,,CAD,DB
70026755,00317,03,2,20260530,100603,000004472001,1,5.39,5.39,1.35,0.25,S,,PC26W17,CAD,DB
70026755,00317,03,3,20260530,100603,000000020101,1,3.39,3.39,0.00,0.00,S,,,CAD,DB
70026755,00317,03,4,20260530,100603,000000005202,1,8.09,8.09,2.02,0.00,S,,PC26W17,CAD,DB
70026756,00322,01,1,20260530,204811,000004482003,2,7.49,14.98,3.75,0.70,S,,PC26W17,CAD,DB
70026756,00322,01,2,20260530,204811,000004472050,2,5.39,10.78,0.00,0.67,S,,,CAD,DB
70026756,00322,01,3,20260530,204811,000004473003,1,4.69,4.69,0.00,0.29,S,,,CAD,DB
70026756,00322,01,4,20260530,204811,000000093321,0.479,1.99,0.95,0.00,0.00,S,,,CAD,DB
70026756,00322,01,5,20260530,204811,000000005102,1,7.49,7.49,0.00,0.00,S,,,CAD,DB
70026757,00322,03,1,20260530,133922,000004491003,3,2.69,8.07,0.00,0.50,S,,,CAD,DB
70026758,00322,05,1,20260530,130201,000000020202,1,8.09,8.09,0.00,0.00,S,,,CAD,CS
70026759,00322,01,1,20260530,191724,000004472050,1,5.39,5.39,0.00,0.34,S,,,CAD,GC
70026759,00322,01,2,20260530,191724,000000551021,2,16.29,32.58,8.14,1.53,S,,PC26W17,CAD,GC
70026759,00322,01,3,20260530,191724,000000040201,1,12.19,12.19,0.00,0.00,S,,,CAD,GC
70026760,00322,06,1,20260530,204530,000000030101,1,9.49,9.49,0.00,0.00,S,6079497567,,CAD,DB
70026760,00322,06,2,20260530,204530,000004481001,1,10.89,10.89,0.00,0.68,S,6079497567,,CAD,DB
70026760,00322,06,3,20260530,204530,000004471040,1,3.39,3.39,0.00,0.21,S,6079497567,,CAD,DB
70026761,01042,06,1,20260531,155309,000000093503,1,4.29,4.29,0.00,0.00,S,,,USD,DB
70026761,01042,06,2,20260531,155309,000000020103,2,4.99,9.98,0.00,0.00,S,,,USD,DB
70026762,01042,06,1,20260531,125433,000000562002,1,8.49,8.49,0.00,0.53,S,6063296762,,USD,GC
70026762,01042,06,2,20260531,125433,000000030101,1,6.99,6.99,0.00,0.00,S,6063296762,,USD,GC
70026763,01042,02,1,20260531,73104,000000030103,1,8.99,8.99,0.00,0.00,S,,,USD,DB
70026763,01042,02,2,20260531,73104,000000030103,1,8.99,8.99,0.00,0.00,V,,,USD,DB
70026764,01042,01,1,20260531,134710,000000005101,2,7.99,15.98,0.00,0.00,S,,,USD,CS
70026765,01042,01,1,20260531,101223,000004472002,1,4.49,4.49,0.00,0.28,S,,,USD,CC
70026765,01042,01,2,20260531,101223,000000040203,2,11.99,23.98,0.00,0.00,S,,,USD,CC
70026765,01042,01,3,20260531,101223,000000005020,1,4.49,4.49,0.00,0.00,S,,,USD,CC
70026766,01042,01,1,20260531,144737,000000005101,3,7.99,23.97,0.00,0.00,S,6056481491,,USD,CS
70026766,01042,01,2,20260531,144737,000000562001,1,10.99,10.99,0.00,0.69,S,6056481491,,USD,CS
70026767,01042,02,1,20260531,153330,000004472003,1,3.29,3.29,0.00,0.21,S,,,USD,DB
70026767,01042,02,2,20260531,153330,000004473001,1,2.99,2.99,0.00,0.19,S,,,USD,DB
70026767,01042,02,3,20260531,153330,000000020102,1,3.49,3.49,0.00,0.00,S,,,USD,DB
70026767,01042,02,4,20260531,153330,000004472002,1,4.49,4.49,0.00,0.28,S,,,USD,DB
70026768,01042,03,1,20260531,84338,000000094302,1.122,5.49,6.16,0.00,0.00,S,,,USD,DB
70026768,01042,03,2,20260531,84338,000000562002,1,8.49,8.49,0.00,0.53,S,,,USD,DB
70026768,01042,03,3,20260531,84338,000000030103,1,8.99,8.99,0.00,0.00,S,,,USD,DB
70026768,01042,03,4,20260531,84338,000000093501,1,4.49,4.49,0.00,0.00,S,,,USD,DB
70026769,01042,03,1,20260531,133407,000004482002,1,17.99,17.99,0.00,1.12,S,6090874064,,USD,CC
70026770,01107,04,1,20260531,155420,000000094201,1.792,1.69,3.03,0.00,0.00,S,,,USD,DB
70026770,01107,04,2,20260531,155420,000000040203,1,11.99,11.99,0.00,0.00,S,,,USD,DB
70026770,01107,04,3,20260531,155420,000004491002,1,6.99,6.99,0.00,0.44,S,,,USD,DB
70026770,01107,04,4,20260531,155420,000000005101,3,7.99,23.97,0.00,0.00,S,,,USD,DB
70026770,01107,04,5,20260531,155420,000004491002,1,6.99,6.99,0.00,0.44,V,,,USD,DB
70026771,01107,01,1,20260531,81903,000004471023,1,3.49,3.49,0.00,0.22,S,,,USD,DB
70026771,01107,01,2,20260531,81903,000000030202,3,11.49,34.47,0.00,0.00,S,,,USD,DB
70026771,01107,01,3,20260531,81903,000000040202,2,14.99,29.98,0.00,0.00,S,,,USD,DB
70026772,01107,04,1,20260531,114732,000004483002,1,3.49,3.49,0.52,0.19,S,6092774233,LY26W18,USD,CS
70026772,01107,04,2,20260531,114732,000000005012,1,3.99,3.99,0.00,0.00,S,6092774233,,USD,CS
70026772,01107,04,3,20260531,114732,000004483001,2,4.99,9.98,0.00,0.62,S,6092774233,,USD,CS
70026772,01107,04,4,20260531,114732,000000093410,0.686,3.99,2.74,0.41,0.00,S,6092774233,LY26W18,USD,CS
70026773,01107,06,1,20260531,110739,000000030201,1,9.99,9.99,0.00,0.00,S,,,USD,GC
70026774,01107,02,1,20260531,185140,000000020101,1,2.49,2.49,0.00,0.00,S,,,USD,CS
70026774,01107,02,2,20260531,185140,000004482003,1,5.49,5.49,0.00,0.34,S,,,USD,CS
70026774,01107,02,3,20260531,185140,000000040202,1,14.99,14.99,0.00,0.00,S,,,USD,CS
70026774,01107,02,4,20260531,185140,000004492003,1,2.29,2.29,0.00,0.14,S,,,USD,CS
70026775,01107,06,1,20260531,215400,000004472002,1,4.49,4.49,0.00,0.28,S,,,USD,CS
70026775,01107,06,2,20260531,215400,000000562001,2,10.99,21.98,0.00,1.37,S,,,USD,CS
70026776,02210,03,1,20260531,114207,000000094201,2.198,1.69,3.71,0.00,0.00,S,6002916815,,USD,DB
70026776,02210,03,2,20260531,114207,000000094201,0.517,1.69,0.87,0.00,0.00,S,6002916815,,USD,DB
70026776,02210,03,3,20260531,114207,000000551020,1,13.99,13.99,0.00,0.87,S,6002916815,,USD,DB
70026776,02210,03,4,20260531,114207,000000094302,1.205,5.49,6.62,0.00,0.00,S,6002916815,,USD,DB
70026777,02210,06,1,20260531,135514,000000551021,1,11.99,11.99,0.00,0.75,S,6029208751,,USD,GC
70026778,02210,05,1,20260531,143102,000000030102,2,14.99,29.98,0.00,0.00,S,6051728975,,USD,CC
70026778,02210,05,2,20260531,143102,000000093401,1.008,5.49,5.53,0.00,0.00,S,6051728975,,USD,CC
70026778,02210,05,3,20260531,143102,000000094102,1,3.49,3.49,0.00,0.00,S,6051728975,,USD,CC
70026778,02210,05,4,20260531,143102,000000005012,1,3.99,3.99,0.00,0.00,S,6051728975,,USD,CC
70026779,02210,03,1,20260531,192737,000000005302,2,3.49,6.98,0.00,0.00,S,,,USD,DB
70026779,02210,03,2,20260531,192737,000000040201,1,8.99,8.99,0.00,0.00,S,,,USD,DB
70026780,02210,01,1,20260531,95744,000000093502,1,3.99,3.99,0.00,0.00,S,6057423885,,USD,CC
70026780,02210,01,2,20260531,95744,000000093401,1.010,5.49,5.54,0.00,0.00,S,6057423885,,USD,CC
70026781,02210,06,1,20260531,110201,000004482001,1,13.99,13.99,0.00,0.87,S,,,USD,DB
70026782,02210,06,1,20260531,111755,000004471030,1,3.99,3.99,0.00,0.25,S,,,USD,DB
70026783,02210,02,1,20260531,213929,000004491001,1,2.49,2.49,0.00,0.16,S,6092855445,,USD,CC
70026783,02210,02,2,20260531,213929,000000552001,1,4.49,4.49,0.00,0.28,S,6092855445,,USD,CC
70026783,02210,02,3,20260531,213929,000004483002,1,3.49,3.49,0.52,0.19,S,6092855445,LY26W18,USD,CC
70026784,02210,02,1,20260531,111303,000004472001,1,3.99,3.99,0.00,0.25,S,,,USD,CC
70026784,02210,02,2,20260531,111303,000000094103,1,3.79,3.79,0.00,0.00,S,,,USD,CC
70026784,02210,02,3,20260531,111303,000004473003,1,3.49,3.49,0.00,0.22,S,,,USD,CC
70026785,02210,03,1,20260531,130858,000000020102,1,3.49,3.49,0.00,0.00,R,,,USD,CS
70026786,02305,04,1,20260531,84605,000000020102,1,3.49,3.49,0.00,0.00,S,,,USD,DB
70026786,02305,04,2,20260531,84605,000000005013,1,3.89,3.89,0.00,0.00,S,,,USD,DB
70026786,02305,04,3,20260531,84605,000000094101,1,3.99,3.99,0.00,0.00,S,,,USD,DB
70026786,02305,04,4,20260531,84605,000000094203,1.258,1.49,1.87,0.00,0.00,S,,,USD,DB
70026786,02305,04,5,20260531,84605,000000094203,1.112,1.49,1.66,0.00,0.00,S,,,USD,DB
70026787,02305,06,1,20260531,124558,000004493002,2,3.99,7.98,0.00,0.50,S,,,USD,GC
70026787,02305,06,2,20260531,124558,000004471030,1,3.99,3.99,0.00,0.25,S,,,USD,GC
70026788,02305,02,1,20260531,124705,000000005101,1,7.99,7.99,0.00,0.00,S,,,USD,DB
70026789,02305,05,1,20260531,131625,000000094203,1.044,1.49,1.56,0.00,0.00,S,6037052635,,USD,CC
70026789,02305,05,2,20260531,131625,000000551021,1,11.99,11.99,0.00,0.75,S,6037052635,,USD,CC
70026789,02305,05,3,20260531,131625,000000040101,0.951,18.99,18.06,0.00,0.00,S,6037052635,,USD,CC
70026789,02305,05,4,20260531,131625,000000094203,1.044,1.49,1.56,0.00,0.00,V,6037052635,,USD,CC
70026790,02305,04,1,20260531,73025,000000005101,3,7.99,23.97,0.00,0.00,S,6042175188,,USD,GC
70026790,02305,04,2,20260531,73025,000004493002,2,3.99,7.98,0.00,0.50,S,6042175188,,USD,GC
70026790,02305,04,3,20260531,73025,000000020202,1,5.99,5.99,0.00,0.00,S,6042175188,,USD,GC
70026791,02305,05,1,20260531,111702,000000005201,3,3.99,11.97,0.00,0.00,S,6009938425,,USD,CC
70026791,02305,05,2,20260531,111702,000000094301,1.276,4.39,5.60,0.00,0.00,S,6009938425,,USD,CC
70026791,02305,05,3,20260531,111702,000004472001,2,3.99,7.98,1.20,0.42,S,6009938425,LY26W18,USD,CC
70026791,02305,05,4,20260531,111702,000000561002,3,7.49,22.47,0.00,1.40,S,6009938425,,USD,CC
70026792,02305,06,1,20260531,142702,000004471030,1,3.99,3.99,0.00,0.25,S,,,USD,GC
70026792,02305,06,2,20260531,142702,000004493002,1,3.99,3.99,0.00,0.25,S,,,USD,GC
70026793,02305,02,1,20260531,190056,000000005202,1,5.99,5.99,0.00,0.00,S,,,USD,GC
70026793,02305,02,2,20260531,190056,000000040201,1,8.99,8.99,0.00,0.00,S,,,USD,GC
70026793,02305,02,3,20260531,190056,000004472001,1,3.99,3.99,0.00,0.25,S,,,USD,GC
70026794,02305,03,1,20260531,185645,000004492002,1,1.49,1.49,0.00,0.09,S,6069409749,,USD,DB
70026794,02305,03,2,20260531,185645,000000005103,1,6.99,6.99,1.05,0.00,S,6069409749,LY26W18,USD,DB
70026794,02305,03,3,20260531,185645,000000562001,1,10.99,10.99,0.00,0.69,S,6069409749,,USD,DB
70026795,02305,01,1,20260531,173229,000004482003,1,5.49,5.49,0.00,0.34,S,6003579727,,USD,GC
70026795,02305,01,2,20260531,173229,000004483001,1,4.99,4.99,0.00,0.31,S,6003579727,,USD,GC
70026796,02305,05,1,20260531,200924,000000552002,1,3.99,3.99,0.00,0.25,S,,,USD,CC
70026797,02305,03,1,20260531,103221,000004493001,1,5.49,5.49,0.00,0.34,S,,,USD,CC
70026797,02305,03,2,20260531,103221,000000093410,0.679,3.99,2.71,0.00,0.00,S,,,USD,CC
70026798,02305,01,1,20260531,172250,000000094302,0.868,5.49,4.77,0.00,0.00,S,,,USD,GC
70026798,02305,01,2,20260531,172250,000000561001,1,9.99,9.99,0.00,0.62,S,,,USD,GC
70026798,02305,01,3,20260531,172250,000000094302,2.190,5.49,12.02,0.00,0.00,S,,,USD,GC
70026798,02305,01,4,20260531,172250,000000031102,0.709,19.99,14.17,0.00,0.00,S,,,USD,GC
70026799,02305,03,1,20260531,175312,000000020202,1,5.99,5.99,0.00,0.00,S,,,USD,DB
70026799,02305,03,2,20260531,175312,000000561002,1,7.49,7.49,0.00,0.47,S,,,USD,DB
70026800,03050,01,1,20260531,75648,000004482002,1,17.99,17.99,0.00,1.12,S,,,USD,CC
70026800,03050,01,2,20260531,75648,000000005020,1,4.49,4.49,0.00,0.00,S,,,USD,CC
70026800,03050,01,3,20260531,75648,000000093322,1.323,1.99,2.63,0.00,0.00,S,,,USD,CC
70026800,03050,01,4,20260531,75648,000000094102,1,3.49,3.49,0.00,0.00,S,,,USD,CC
70026801,03050,02,1,20260531,95031,000004492002,1,1.49,1.49,0.00,0.09,S,6012038750,,USD,DB
70026801,03050,02,2,20260531,95031,000000094203,2.076,1.49,3.09,0.00,0.00,S,6012038750,,USD,DB
70026802,03050,02,1,20260531,160336,000000020103,1,4.99,4.99,0.00,0.00,S,,,USD,DB
70026803,03050,03,1,20260531,113043,000000005020,1,4.49,4.49,0.00,0.00,S,6013717850,,USD,DB
70026803,03050,03,2,20260531,113043,000000561001,1,9.99,9.99,0.00,0.62,S,6013717850,,USD,DB
70026804,03050,03,1,20260531,114502,000004482002,3,17.99,53.97,0.00,3.37,S,,,USD,CC
70026805,03050,02,1,20260531,165319,000000040201,2,8.99,17.98,0.00,0.00,S,6044857086,,USD,DB
70026805,03050,02,2,20260531,165319,000000040202,1,14.99,14.99,0.00,0.00,S,6044857086,,USD,DB
70026806,03050,05,1,20260531,94129,000000551020,1,13.99,13.99,0.00,0.87,S,,,USD,GC
70026806,03050,05,2,20260531,94129,000004492001,1,1.79,1.79,0.00,0.11,S,,,USD,GC
70026806,03050,05,3,20260531,94129,000000561001,1,9.99,9.99,0.00,0.62,S,,,USD,GC
70026806,03050,05,4,20260531,94129,000004473002,1,2.79,2.79,0.00,0.17,S,,,USD,GC
70026806,03050,05,5,20260531,94129,000004472003,1,3.29,3.29,0.00,0.21,S,,,USD,GC
70026807,03050,04,1,20260531,214847,000004482001,1,13.99,13.99,0.00,0.87,S,,,USD,DB
70026807,03050,04,2,20260531,214847,000000094101,1,3.99,3.99,0.00,0.00,S,,,USD,DB
70026808,03050,01,1,20260531,90635,000000562002,1,8.49,8.49,0.00,0.53,S,,,USD,DB
70026808,03050,01,2,20260531,90635,000000561001,1,9.99,9.99,0.00,0.62,S,,,USD,DB
70026809,00317,02,1,20260531,75540,000000005013,1,5.29,5.29,0.00,0.00,S,,,CAD,CS
70026809,00317,02,2,20260531,75540,000000005013,2,5.29,10.58,0.00,0.00,S,,,CAD,CS
70026809,00317,02,3,20260531,75540,000004481003,1,6.79,6.79,0.00,0.42,S,,,CAD,CS
70026809,00317,02,4,20260531,75540,000000094202,0.848,2.69,2.28,0.00,0.00,S,,,CAD,CS
70026810,00317,05,1,20260531,103215,000000094102,1,4.69,4.69,0.00,0.00,S,,,CAD,CC
70026810,00317,05,2,20260531,103215,000000094301,1.278,5.99,7.66,0.00,0.00,S,,,CAD,CC
70026810,00317,05,3,20260531,103215,000000030103,1,12.19,12.19,0.00,0.00,S,,,CAD,CC
70026810,00317,05,4,20260531,103215,000000040203,1,16.29,16.29,0.00,0.00,S,,,CAD,CC
70026810,00317,05,5,20260531,103215,000000030101,2,9.49,18.98,0.00,0.00,S,,,CAD,CC
70026811,00317,02,1,20260531,144917,000004471030,1,5.39,5.39,0.00,0.34,S,6086334141,,CAD,GC
70026811,00317,02,2,20260531,144917,000004472050,1,5.39,5.39,0.00,0.34,S,6086334141,,CAD,GC
70026812,00317,04,1,20260531,112113,000004492002,1,1.99,1.99,0.00,0.12,S,6090211586,,CAD,CS
70026813,00317,04,1,20260531,103956,000000040102,1.430,23.09,33.02,0.00,0.00,S,,,CAD,CC
70026814,00317,01,1,20260531,172052,000000005302,1,4.69,4.69,0.00,0.00,S,6055333426,,CAD,CC
70026814,00317,01,2,20260531,172052,000000005102,1,7.49,7.49,0.00,0.00,S,6055333426,,CAD,CC
70026815,00317,04,1,20260531,135338,000004491003,1,2.69,2.69,0.00,0.17,S,,,CAD,DB
70026815,00317,04,2,20260531,135338,000000094201,1.349,2.29,3.09,0.00,0.00,S,,,CAD,DB
70026815,00317,04,3,20260531,135338,000004492003,1,3.09,3.09,0.00,0.19,S,,,CAD,DB
70026815,00317,04,4,20260531,135338,000000040202,1,20.39,20.39,0.00,0.00,S,,,CAD,DB
70026816,00317,03,1,20260531,191352,000000093401,0.456,7.49,3.42,0.00,0.00,S,6013305319,,CAD,CC
70026817,00317,06,1,20260531,131720,000004493001,1,7.49,7.49,0.00,0.47,S,,,CAD,CC
70026817,00317,06,2,20260531,131720,000000020102,1,4.69,4.69,0.00,0.00,S,,,CAD,CC
70026818,00317,02,1,20260531,171858,000004483002,1,4.69,4.69,0.70,0.25,S,6027975736,LY26W18,CAD,CC
70026818,00317,02,2,20260531,171858,000000094302,1.535,7.49,11.50,0.00,0.00,S,6027975736,,CAD,CC
70026818,00317,02,3,20260531,171858,000000093410,1.091,5.39,5.88,0.88,0.00,S,6027975736,LY26W18,CAD,CC
70026818,00317,02,4,20260531,171858,000000040102,0.761,23.09,17.57,0.00,0.00,S,6027975736,,CAD,CC
70026818,00317,02,5,20260531,171858,000000094302,1.206,7.49,9.03,0.00,0.00,S,6027975736,,CAD,CC
70026818,00317,02,6,20260531,171858,000000030101,1,9.49,9.49,0.00,0.00,S,6027975736,,CAD,CC
70026819,00317,05,1,20260531,120057,000000005102,1,7.49,7.49,0.00,0.00,S,6012490352,,CAD,DB
70026819,00317,05,2,20260531,120057,000000005012,1,5.39,5.39,0.00,0.00,S,6012490352,,CAD,DB
70026819,00317,05,3,20260531,120057,000004472050,1,5.39,5.39,0.00,0.34,S,6012490352,,CAD,DB
70026820,00317,02,1,20260531,81736,000004482001,2,18.99,37.98,0.00,2.37,S,6006684335,,CAD,CS
70026820,00317,02,2,20260531,81736,000000093322,1.734,2.69,4.66,0.00,0.00,S,6006684335,,CAD,CS
70026821,00317,05,1,20260531,162035,000004483002,2,4.69,9.38,0.00,0.59,S,,,CAD,GC
70026822,00317,01,1,20260531,83326,000000094202,1.215,2.69,3.27,0.00,0.00,S,,,CAD,DB
70026822,00317,01,2,20260531,83326,000004483002,1,4.69,4.69,0.00,0.29,S,,,CAD,DB
70026823,00317,01,1,20260531,101707,000004472003,1,4.49,4.49,0.00,0.28,S,6097852491,,CAD,DB
70026823,00317,01,2,20260531,101707,000004473002,1,3.79,3.79,0.57,0.20,S,6097852491,LY26W18,CAD,DB
70026824,00317,06,1,20260531,92253,000000005103,1,9.49,9.49,0.00,0.00,S,,,CAD,GC
70026824,00317,06,2,20260531,92253,000004471030,1,5.39,5.39,0.00,0.34,S,,,CAD,GC
70026825,00322,02,1,20260531,194710,000004472001,1,5.39,5.39,0.00,0.34,S,,,CAD,DB
70026825,00322,02,2,20260531,194710,000004491002,1,9.49,9.49,0.00,0.59,S,,,CAD,DB
70026825,00322,02,3,20260531,194710,000004472001,1,5.39,5.39,0.00,0.34,S,,,CAD,DB
70026826,00322,06,1,20260531,170447,000000005301,1,7.49,7.49,0.00,0.00,S,,,CAD,DB
70026826,00322,06,2,20260531,170447,000004472001,1,5.39,5.39,0.00,0.34,S,,,CAD,DB
70026826,00322,06,3,20260531,170447,000000005103,1,9.49,9.49,0.00,0.00,S,,,CAD,DB
70026826,00322,06,4,20260531,170447,000000020202,3,8.09,24.27,0.00,0.00,S,,,CAD,DB
70026827,00322,06,1,20260531,85341,000000040102,2.026,23.09,46.78,0.00,0.00,S,,,CAD,CC
70026828,00322,01,1,20260531,74644,000000094103,1,5.19,5.19,0.00,0.00,S,,,CAD,GC
70026828,00322,01,2,20260531,74644,000000005101,1,10.89,10.89,0.00,0.00,S,,,CAD,GC
70026828,00322,01,3,20260531,74644,000004491001,1,3.39,3.39,0.00,0.21,S,,,CAD,GC
70026829,00322,01,1,20260531,91045,000000020202,1,8.09,8.09,0.00,0.00,S,,,CAD,DB
70026830,00322,02,1,20260531,190030,000004492001,1,2.39,2.39,0.00,0.15,S,,,CAD,CS
70026830,00322,02,2,20260531,190030,000000040101,1.365,25.79,35.20,0.00,0.00,S,,,CAD,CS
70026831,00322,05,1,20260531,154713,000000005302,1,4.69,4.69,0.00,0.00,S,,,CAD,CC
70026831,00322,05,2,20260531,154713,000004492001,1,2.39,2.39,0.00,0.15,S,,,CAD,CC
70026832,00322,02,1,20260531,163403,000000094102,1,4.69,4.69,0.00,0.00,S,6034283644,,CAD,CC
70026832,00322,02,2,20260531,163403,000000005012,1,5.39,5.39,0.00,0.00,S,6034283644,,CAD,CC
70026832,00322,02,3,20260531,163403,000004473001,1,4.09,4.09,0.00,0.26,S,6034283644,,CAD,CC
70026832,00322,02,4,20260531,163403,000000005101,1,10.89,10.89,0.00,0.00,S,6034283644,,CAD,CC
